step,loss,rolling_std
1,0.002658333396539092,
2,0.0026792248245328665,1.4772470403068359e-05
3,0.0029063208494335413,0.00013754201363121965
4,0.0023252652026712894,0.00023933141829400383
5,0.0024674858432263136,0.00022151900499442736
6,0.00245612277649343,0.00020752575574807153
7,0.002334759570658207,0.000211259389223046
8,0.0024609453976154327,0.00019792889583719183
9,0.0020461292006075382,0.0002468781251414168
10,0.002242140006273985,0.0002447689178419538
11,0.0024479562416672707,0.00023222666411696588
12,0.0022103884257376194,0.00023256401236799586
13,0.002676991978660226,0.0002324582496673616
14,0.0021299084182828665,0.00023962171734400638
15,0.0021369843743741512,0.00024311025995135698
16,0.0028184792026877403,0.000255915111129127
17,0.002536764368414879,0.00024895932576119844
18,0.0025131034199148417,0.00024208755144811088
19,0.0021014015655964613,0.00024827269740334824
20,0.002306452253833413,0.0002431965767030633
21,0.002814436098560691,0.0002519775223938382
22,0.0027384976856410503,0.0002539312907479377
23,0.0022853370755910873,0.0002506000904726537
24,0.002494538901373744,0.0002452794098776771
25,0.002694483380764723,0.00024506313580442625
26,0.0023152248468250036,0.0002417685920298235
27,0.0022834744304418564,0.00023932786007028093
28,0.002820266643539071,0.00024519468361346543
29,0.002092324895784259,0.00025030829110168174
30,0.0024453657679259777,0.0002459552632290152
31,0.0019930037669837475,0.00025525431756767366
32,0.002443294506520033,0.0002511097874478792
33,0.0024884489830583334,0.0002473393702498394
34,0.0020014969632029533,0.0002546703149233386
35,0.0023581883870065212,0.0002511326747188936
36,0.0021403960417956114,0.0002518884070794608
37,0.00219601858407259,0.00025091127012615347
38,0.002226077951490879,0.0002492319685313227
39,0.002297303406521678,0.00024650437651484007
40,0.002295508747920394,0.00024387922954661472
41,0.0024486668407917023,0.0002409467437277324
42,0.0024544133339077234,0.00023814806451242173
43,0.002417315263301134,0.00023531145064839063
44,0.0022099297493696213,0.0002343174740309625
45,0.0029439860954880714,0.0002456382301049768
46,0.002157616661861539,0.0002456796752767743
47,0.0024040164425969124,0.0002429946841309577
48,0.0021768128499388695,0.00024259164611357826
49,0.0026091216132044792,0.00024194321039772287
50,0.0026696189306676388,0.00024243287160321977
51,0.0027682259678840637,0.0002452569612225318
52,0.002207139739766717,0.0002445368895256791
53,0.002404953818768263,0.00024217535469482924
54,0.002082658000290394,0.00024399049033296482
55,0.002539402339607477,0.00024240604603394732
56,0.0026288072112947702,0.00024201782537304186
57,0.0017122433055192232,0.0002570726252548442
58,0.0022441125474870205,0.0002556126248482206
59,0.002792367711663246,0.0002586048729734905
60,0.0027347137220203876,0.0002599651835070086
61,0.0023980303667485714,0.0002577929174053785
62,0.0023733379784971476,0.0002557088439643404
63,0.002841510344296694,0.00025946913088494635
64,0.0026877541095018387,0.00025966208555499947
65,0.002402655780315399,0.00025763300794124885
66,0.002600576262921095,0.0002566264325668571
67,0.002562771551311016,0.00025526279944701046
68,0.0028506878297775984,0.00025860111516321416
69,0.002311268588528037,0.00025708654218665984
70,0.002028994495049119,0.00025962844705792006
71,0.0020273998379707336,0.000261987534975136
72,0.0026155610103160143,0.00026119191258652276
73,0.002126903971657157,0.0002616188338066951
74,0.0019051560666412115,0.00026650107359548413
75,0.0023209890350699425,0.00026488639696204796
76,0.0026170052587985992,0.0002642131067445755
77,0.002402422484010458,0.00026247050554793826
78,0.0019881983753293753,0.00026509503350657097
79,0.0022046994417905807,0.000264347154933435
80,0.0020702537149190903,0.00026527309945327944
81,0.002284107031300664,0.00026391225002427655
82,0.002191900974139571,0.000263248185969449
83,0.002385880332440138,0.00026163955913208366
84,0.002225257223471999,0.00026070779975042837
85,0.0019707977771759033,0.00026314306811513167
86,0.0020356341265141964,0.00026431735514751515
87,0.0029089380986988544,0.0002687638464134184
88,0.00274073239415884,0.0002698358147362792
89,0.002512275241315365,0.00026859711853388836
90,0.0023700029123574495,0.0002670959813047042
91,0.0020910652820020914,0.0002674977815368864
92,0.00230038957670331,0.00026618987868562877
93,0.0024252855218946934,0.0002647651820525915
94,0.0021738845389336348,0.0002642789759224665
95,0.0026964028365910053,0.00026477149258578923
96,0.002335092518478632,0.00026343581272365206
97,0.002714603440836072,0.00026412077301886865
98,0.002547966316342354,0.00026321783035384764
99,0.002307295799255371,0.00026202048455146364
100,0.002380684018135071,0.0002606973614106516
101,0.0023737181909382343,0.0002593345708259866
102,0.0026544579304754734,0.00025906855573700453
103,0.0023304689675569534,0.00025384800567685405
104,0.0029055518098175526,0.0002590402837171708
105,0.0021431301720440388,0.0002601032361414936
106,0.002197687281295657,0.0002607017429617297
107,0.0023317376617342234,0.00026070783744532825
108,0.0021964849438518286,0.00026127332067544666
109,0.002216462744399905,0.0002596072380413426
110,0.0024926001206040382,0.00025942955558503326
111,0.002601892687380314,0.0002602512078749001
112,0.0019550190772861242,0.00026325106721638224
113,0.0016411609249189496,0.00027191517744068006
114,0.0026312305126339197,0.00027196333911605437
115,0.0025779602583497763,0.0002715499266931061
116,0.002385400701314211,0.0002679953676687711
117,0.002776019973680377,0.00027046055736176274
118,0.0027945004403591156,0.0002732774903360011
119,0.002279712352901697,0.00027198189746494597
120,0.0023474753834307194,0.0002718892511139839
121,0.0022783135063946247,0.0002686616304094398
122,0.0024353868793696165,0.0002663053813403093
123,0.002164985053241253,0.0002670066120988244
124,0.002448253333568573,0.00026684327203343946
125,0.0021860874257981777,0.0002655910163105388
126,0.002853970043361187,0.00026984094794888874
127,0.002097032032907009,0.0002711430989996733
128,0.0022404128685593605,0.0002677325811724807
129,0.00242681079544127,0.00026630713997432626
130,0.0025510541163384914,0.0002668029069177201
131,0.0025114668533205986,0.00026433180538485476
132,0.0024597058072686195,0.0002643765043733873
133,0.0022378629073500633,0.00026452861224698085
134,0.0023469426669180393,0.00026180649844862895
135,0.0020498791709542274,0.0002638878993444734
136,0.0026423102244734764,0.0002640929513389442
137,0.0021263512317091227,0.0002646829141274523
138,0.0027515003457665443,0.00026675362067064454
139,0.0024741534143686295,0.00026673420708351697
140,0.0023738532327115536,0.00026657032093694953
141,0.0023980773985385895,0.00026650642086926203
142,0.0022287857718765736,0.0002669085694970635
143,0.0026929292362183332,0.0002686366366224014
144,0.0024972017854452133,0.0002682241311458923
145,0.0024165906943380833,0.00026240600409828223
146,0.0023751668632030487,0.00026137743068067534
147,0.002976707648485899,0.0002678793487139319
148,0.002917975652962923,0.0002719812946556787
149,0.002180790761485696,0.00027207837619981943
150,0.0021070134826004505,0.00027224102056504576
151,0.0023125179577618837,0.00026970381787716556
152,0.002262079855427146,0.0002693859320073475
153,0.0026201396249234676,0.00027037001716434593
154,0.0026297341100871563,0.00026959272031702893
155,0.0023453664034605026,0.00026925483394109085
156,0.002254967112094164,0.0002685697159722723
157,0.00231538200750947,0.0002597966080174321
158,0.0020793387666344643,0.00026129594913235364
159,0.0025501721538603306,0.00025869074008532186
160,0.0018869157647714019,0.00026126454341553196
161,0.0024728416465222836,0.00026141013186574505
162,0.0023727556690573692,0.0002614104111145501
163,0.002156302332878113,0.0002582973327832153
164,0.0023679742589592934,0.0002564038275178469
165,0.0025750845670700073,0.0002571675840549407
166,0.002154457615688443,0.0002571216963239785
167,0.0019262745045125484,0.00026022758820647894
168,0.0023347418755292892,0.00025560043470927496
169,0.001989874290302396,0.00025824088156210665
170,0.0024531702511012554,0.00025625942319445425
171,0.002076664473861456,0.0002556559845687378
172,0.00263419933617115,0.0002558489401068733
173,0.002271784469485283,0.0002549078219173965
174,0.002450860571116209,0.0002507871341393127
175,0.0026576693635433912,0.0002523807205264951
176,0.002108244691044092,0.00025254263054263766
177,0.0023265432100743055,0.00025255226037417634
178,0.0022020526230335236,0.00025020442462482203
179,0.0029015596956014633,0.0002552244753414408
180,0.0023877224884927273,0.000253345672228771
181,0.0025929510593414307,0.00025405182416214574
182,0.002180958865210414,0.0002541371510178666
183,0.002507811412215233,0.0002544456682209916
184,0.0022611464373767376,0.0002542450803227569
185,0.0023537278175354004,0.0002508176732957638
186,0.002712997840717435,0.00025035307244079304
187,0.0022481284104287624,0.000245313436924017
188,0.002263683592900634,0.00024301460090691882
189,0.002650871640071273,0.0002441499446848618
190,0.0024105296470224857,0.0002441588942907178
191,0.0023109030444175005,0.00024246825900616105
192,0.0030855992808938026,0.000252145368720385
193,0.0026699178852140903,0.0002536227761310406
194,0.0019563825335353613,0.0002564774993868625
195,0.002573310164734721,0.0002553112753407849
196,0.002368033630773425,0.0002552554586989276
197,0.0026611611247062683,0.00025463379217725027
198,0.0023351579438894987,0.00025422310942595737
199,0.0024341102689504623,0.00025411314163907496
200,0.002666663145646453,0.0002555763455685076
201,0.0026603839360177517,0.00025692781973251044
202,0.0027606342919170856,0.0002582108442712419
203,0.0021362612023949623,0.00025946596900662316
204,0.00279425666667521,0.0002574981349299823
205,0.002449169522151351,0.00025626741940901307
206,0.002074903342872858,0.0002575372983375064
207,0.0019423463381826878,0.00026147400198428365
208,0.0022645690478384495,0.00026104060745740895
209,0.0023849732242524624,0.000260416273770455
210,0.0025200494565069675,0.00026053229285315726
211,0.002374486066401005,0.00025972115286178744
212,0.002613671123981476,0.00025678059483261076
213,0.0021103275939822197,0.0002468363757141684
214,0.002558353589847684,0.00024627303077938206
215,0.0024011097848415375,0.00024565806617123884
216,0.002442179713398218,0.0002456803148023823
217,0.0020830603316426277,0.00024486809880181225
218,0.00219425349496305,0.00024238529026089547
219,0.0026789591647684574,0.00024380745146085472
220,0.0021910686045885086,0.00024461966146347016
221,0.002629623282700777,0.00024546207915950426
222,0.0022706487216055393,0.00024575822931033434
223,0.002383439801633358,0.00024465327624057724
224,0.002648230642080307,0.00024588165827023263
225,0.002262354362756014,0.0002453288247093266
226,0.002103692851960659,0.00024279094526760006
227,0.0024990346282720566,0.00024115767842008214
228,0.002614682074636221,0.00024160100725947775
229,0.0021907843183726072,0.00024249865710998172
230,0.0025397748686373234,0.00024242971549093894
231,0.0027141356840729713,0.0002442229787564269
232,0.002109447494149208,0.0002458737780167304
233,0.0025057904422283173,0.00024557996901722085
234,0.0021768836304545403,0.0002465369419058457
235,0.00282359030097723,0.00024763523788757895
236,0.0024528200738132,0.00024653032374513683
237,0.0023940550163388252,0.0002449333938829664
238,0.002291149226948619,0.0002427026853536906
239,0.002806715201586485,0.00024595717445326156
240,0.002229229547083378,0.0002465688846746861
241,0.002033173106610775,0.0002493410670214991
242,0.002346701454371214,0.00024880005150957376
243,0.0023794311564415693,0.0002470594369751934
244,0.002255814615637064,0.00024726283189083773
245,0.0020295651629567146,0.00024995033516180047
246,0.0021838126704096794,0.00025081187245415285
247,0.002152901142835617,0.0002448082977053795
248,0.0030459603294730186,0.0002479535453261375
249,0.002400860656052828,0.0002471143218436845
250,0.0023472984321415424,0.00024554349823618075
251,0.0023562556598335505,0.0002454470169384011
252,0.0026987921446561813,0.00024705984084894586
253,0.0022864912170916796,0.00024620717920454635
254,0.0025921117048710585,0.0002458644928521324
255,0.002301919274032116,0.000245980510198263
256,0.002437587594613433,0.00024565728115351484
257,0.0023631402291357517,0.0002455566352255749
258,0.0023121472913771868,0.00024367081963581598
259,0.002103751990944147,0.00024485002725196866
260,0.0022308137267827988,0.00024010151507786255
261,0.0022437546867877245,0.00024041550536834874
262,0.0022051571868360043,0.00024111835262106854
263,0.0024521658197045326,0.00024005849607556767
264,0.002806572476401925,0.00024361326457236806
265,0.0021960781887173653,0.00024373810081616132
266,0.0025740410201251507,0.00024322493629651707
267,0.0022424906492233276,0.00023907884022870022
268,0.0023984790313988924,0.00023899077115020005
269,0.0025365143083035946,0.00023575355948659885
270,0.0024280454963445663,0.0002357151909289939
271,0.002032708842307329,0.00023637341657977524
272,0.0020198430866003036,0.0002383163306522264
273,0.002156658563762903,0.00023920987865893805
274,0.0025115676689893007,0.00023942460525362352
275,0.0025648120790719986,0.0002385848225258482
276,0.0019373770337551832,0.00024126890742510272
277,0.0022163428366184235,0.0002418361103625241
278,0.0023583301808685064,0.00024108713129650691
279,0.002262307796627283,0.00023595463958341823
280,0.002363353269174695,0.00023596870883341764
281,0.002224885392934084,0.0002356241051726453
282,0.0022092359140515327,0.0002353933490383549
283,0.0026015429757535458,0.00023607092257067237
284,0.002777994144707918,0.0002389404468966641
285,0.002843705005943775,0.00024314261105742085
286,0.002385214436799288,0.00024103320309179022
287,0.0021033671218901873,0.0002423446227535789
288,0.002312755910679698,0.00024213220050714053
289,0.002673521637916565,0.00024238700454011155
290,0.0020393950399011374,0.00024493612449538743
291,0.002204390475526452,0.00024550916668861694
292,0.002303332556039095,0.00023529855602540925
293,0.002625605557113886,0.0002347880436466537
294,0.0027165033388882875,0.0002332519999295079
295,0.0023774674627929926,0.00023249335492522973
296,0.0025316355749964714,0.0002329472068708269
297,0.002454229164868593,0.0002313987947596578
298,0.002401492325589061,0.0002313505024068958
299,0.00293725379742682,0.00023780325656593384
300,0.002285812981426716,0.00023637899442680965
301,0.0021535519044846296,0.00023588149616273382
302,0.0019594314508140087,0.00023647938593603101
303,0.0024233320727944374,0.00023531020885879196
304,0.002520493231713772,0.00023196782711096077
305,0.002504028845578432,0.0002322130709270739
306,0.0027160607278347015,0.00023271786112452817
307,0.003051899839192629,0.00023800387295231065
308,0.0024852813221514225,0.0002378366809646866
309,0.001796200405806303,0.00024523184485002083
310,0.0022454510908573866,0.00024527550272550525
311,0.0024035763926804066,0.00024527987331024323
312,0.002701106248423457,0.0002462552512841903
313,0.0021365396678447723,0.0002459722088508367
314,0.00268604326993227,0.0002472008503124058
315,0.0018807940650731325,0.00025234327924254183
316,0.002472992753610015,0.00025243539019994095
317,0.002311045303940773,0.00025072242226831096
318,0.0023310561664402485,0.0002500416280772599
319,0.0022257808595895767,0.00024879470583807266
320,0.0028639754746109247,0.00025264420006671656
321,0.0026773340068757534,0.000253147950003243
322,0.002318986225873232,0.00025296505199015086
323,0.0020261630415916443,0.00025556617303957804
324,0.0025005447678267956,0.0002544614613535739
325,0.002369230380281806,0.000254166245462376
326,0.0019495314918458462,0.00025635316796496514
327,0.0023105554282665253,0.0002561941339988542
328,0.0022058377508074045,0.0002557123668610848
329,0.0023451480083167553,0.00025503364360261494
330,0.0022840884048491716,0.0002546960970879203
331,0.0019718362018465996,0.0002555966906975225
332,0.001962814014405012,0.0002575194735488221
333,0.001981169916689396,0.0002600250026465771
334,0.0020731864497065544,0.00026098057871671703
335,0.0026226751506328583,0.0002581504992297376
336,0.0021177406888455153,0.0002591085341772675
337,0.0020943586714565754,0.00026040337707724354
338,0.0032065915875136852,0.0002739185206329994
339,0.0021883065346628428,0.00027076165663782566
340,0.0022236790973693132,0.0002707886362898355
341,0.0030240833293646574,0.00027689068387383805
342,0.0019860328175127506,0.0002794897704945393
343,0.002849635435268283,0.0002836921497566441
344,0.0020678783766925335,0.00028506026919974573
345,0.0024482603184878826,0.0002831393974573135
346,0.0023788250982761383,0.00028251467851901467
347,0.002612554468214512,0.0002826533258260448
348,0.00236708065494895,0.00027444745431790663
349,0.0019259010441601276,0.0002779914181674798
350,0.0025397560093551874,0.00027853296426909367
351,0.0026243766769766808,0.00027971672338788925
352,0.002532091224566102,0.00027822815036460986
353,0.0017106215236708522,0.0002857888629309683
354,0.002301939995959401,0.0002849029432459595
355,0.0021283612586557865,0.00028578347954208243
356,0.0026764480862766504,0.00028745218119141197
357,0.0018530904781073332,0.00029188646247421245
358,0.002538601402193308,0.0002924295235997758
359,0.00216495618224144,0.0002919574950096692
360,0.0021902990993112326,0.00029216346994732873
361,0.002636582823470235,0.0002932595043734508
362,0.0026467344723641872,0.00029420793743345296
363,0.0021713697351515293,0.00029471386065290517
364,0.002292180899530649,0.0002913616052419534
365,0.0023797869216650724,0.0002909107883077433
366,0.002515483647584915,0.0002905334315635038
367,0.002550687175244093,0.0002909194835859035
368,0.002381733385846019,0.00029090313766613724
369,0.0024684290401637554,0.000290569836598033
370,0.0022370691876858473,0.00029075378549550044
371,0.0025007943622767925,0.0002892063075739723
372,0.002372359624132514,0.0002871098017425208
373,0.0022166112903505564,0.00028672737414384543
374,0.002863484201952815,0.00029063867051849307
375,0.0024255309253931046,0.0002900367217773686
376,0.0027056201361119747,0.0002886261305275196
377,0.0020075803622603416,0.00029055525640039366
378,0.00228207278996706,0.00029070172463385166
379,0.0024473362136632204,0.00029056548158150775
380,0.002436824142932892,0.00029062367785618573
381,0.0023617292754352093,0.00029021890517526685
382,0.002613060176372528,0.0002906415445099589
383,0.00264359381981194,0.0002909910331253538
384,0.002345699816942215,0.0002882695295986137
385,0.0020891898311674595,0.0002858522505180991
386,0.0023938037920743227,0.0002858576648633442
387,0.002131870249286294,0.0002856014873611533
388,0.0021846089512109756,0.00028615693989383976
389,0.0026444841641932726,0.00028586114801526903
390,0.0022488192189484835,0.00028417363716754386
391,0.0023036617785692215,0.0002837534530244807
392,0.0031737093813717365,0.00029471607514937266
393,0.002009335905313492,0.0002960156893493022
394,0.002450712490826845,0.00029411509932981197
395,0.0022113772574812174,0.0002945605061969729
396,0.002130987821146846,0.00029508789349090906
397,0.002076911274343729,0.0002963801600345928
398,0.0021127890795469284,0.00029741514478128444
399,0.002265124348923564,0.0002918042077695198
400,0.002794464584439993,0.0002950130714218517
401,0.0022750496864318848,0.00029440616716980934
402,0.0022972896695137024,0.00029168132321934833
403,0.001856377231888473,0.00029599513853926373
404,0.002842515939846635,0.0002995077283758983
405,0.0022778999991714954,0.0002992749093080353
406,0.00229796115309,0.0002971537054727219
407,0.002324044704437256,0.00028870874865528006
408,0.0020370855927467346,0.0002900297190600274
409,0.0017773444997146726,0.00029039495074395
410,0.002302513225004077,0.0002902569915824354
411,0.0025769395288079977,0.0002911342837168785
412,0.0022402573376893997,0.00028908854207464576
413,0.0022567608393728733,0.00028847950723314
414,0.0018855214584618807,0.0002899417715503037
415,0.0022643781267106533,0.00028640008475494413
416,0.0023987535387277603,0.00028614251159052816
417,0.0025371781084686518,0.00028682666544464867
418,0.002154144924134016,0.00028742382656067746
419,0.0019340456929057837,0.00029003957967696487
420,0.0026649273931980133,0.00028703840204611974
421,0.002281299326568842,0.0002849607457532497
422,0.002595831174403429,0.0002862065447236295
423,0.00265013100579381,0.0002862827607037318
424,0.002228399273008108,0.0002860135101442716
425,0.0021790864411741495,0.00028641597170514743
426,0.0021492033265531063,0.0002844032972739201
427,0.002397303469479084,0.00028445972444159876
428,0.00222250958904624,0.0002843875161110483
429,0.002425430342555046,0.0002845262773486349
430,0.00220918795093894,0.0002847655010400709
431,0.0024206466041505337,0.000282491498565458
432,0.002419802825897932,0.0002800011484634217
433,0.0021433793008327484,0.0002783351226235008
434,0.002231819089502096,0.0002772088781285418
435,0.0023855401668697596,0.00027585102578075397
436,0.002014400437474251,0.00027690693782650975
437,0.0021791066974401474,0.00027626062951261637
438,0.0019699782133102417,0.00026478689045678826
439,0.002556096762418747,0.0002653020386913218
440,0.002232172293588519,0.00026526665840847656
441,0.0024399645626544952,0.000256271158070613
442,0.002491573104634881,0.0002543659889763528
443,0.0021981021855026484,0.00024938750005253313
444,0.0020630976650863886,0.00024943872274048887
445,0.0024207320529967546,0.00024932208125352356
446,0.002204819116741419,0.00024958318217207023
447,0.002418044488877058,0.00024809672642924554
448,0.002552565885707736,0.00024909783414643605
449,0.002392314374446869,0.00024583965903672626
450,0.0024226256646215916,0.0002451205933777981
451,0.001929246005602181,0.00024658071278910534
452,0.0023662871681153774,0.000245726436133558
453,0.0019856123253703117,0.0002402848133020442
454,0.0023366473615169525,0.0002402754289536767
455,0.0018516761483624578,0.00024413517812046213
456,0.0023968403693288565,0.00024163616344906826
457,0.0023092187475413084,0.00023698740704924338
458,0.0024542678147554398,0.00023636849042657008
459,0.002677908865734935,0.0002384378056466209
460,0.0025259850081056356,0.0002388254331629911
461,0.0023410003632307053,0.0002368453718973525
462,0.002433568239212036,0.00023491351219209964
463,0.0023686198983341455,0.00023441729009204408
464,0.0024436218664050102,0.00023466329706822944
465,0.002852420322597027,0.00024034784185378386
466,0.0025248429737985134,0.00024042038275981538
467,0.002818121574819088,0.0002442915539408828
468,0.0022015671711415052,0.00024463312296483673
469,0.002649458358064294,0.00024628252427374845
470,0.0022233310155570507,0.00024634346804344406
471,0.0021103625185787678,0.0002468356557024986
472,0.002073485404253006,0.00024817717560875267
473,0.0019676643423736095,0.00025057736807938764
474,0.0023031546734273434,0.0002446989744693043
475,0.002335578901693225,0.00024448468670646095
476,0.0020512810442596674,0.0002428761981863849
477,0.0021668262779712677,0.00024135165947251636
478,0.002234723884612322,0.00024146821915233997
479,0.002522773575037718,0.00024199678957416223
480,0.0021153681445866823,0.00024253352585048476
481,0.0022226283326745033,0.0002426589820847746
482,0.0026595620438456535,0.0002432832837593195
483,0.002022187691181898,0.00024270496659530821
484,0.0020620650611817837,0.0002439071615611065
485,0.0020210836082696915,0.0002446086894520992
486,0.0025541381910443306,0.00024572700073904023
487,0.0023583213333040476,0.0002451536847229014
488,0.0023756572045385838,0.0002449287021872221
489,0.002350571332499385,0.0002426228181903533
490,0.002259262837469578,0.00024259989108530496
491,0.0021369364112615585,0.00024319400413194128
492,0.002384200692176819,0.00022698765907186685
493,0.0021981270983815193,0.00022534792921867754
494,0.002420925535261631,0.00022516517584003095
495,0.002210517879575491,0.0002251685644446838
496,0.002068192232400179,0.0002257282727508546
497,0.0023960801772773266,0.0002248221976355802
498,0.0026529128663241863,0.00022672508322219145
499,0.0024877663236111403,0.0002274037876763984
500,0.002530803671106696,0.00022320843555539743
501,0.002206739503890276,0.00022340977125505083
502,0.0023330748081207275,0.0002234248029464066
503,0.002370579168200493,0.0002188408198443432
504,0.002541234716773033,0.00021346014668998975
505,0.0022569196298718452,0.0002135005346490985
506,0.002118417527526617,0.00021433901266294976
507,0.0020990108605474234,0.0002153287347439674
508,0.0024526023771613836,0.00021413295631439702
509,0.0023213746026158333,0.00020731461250957843
510,0.002160761971026659,0.0002078746206435184
511,0.002101967576891184,0.00020718786619758247
512,0.0024145967327058315,0.00020735085064004964
513,0.0023217375855892897,0.0002072869292474534
514,0.0023060976527631283,0.00020281057985819677
515,0.0023325420916080475,0.00020275675725890636
516,0.002270735101774335,0.0002026244941633286
517,0.00218682992272079,0.000201742623536465
518,0.0023606906179338694,0.0002011887587923284
519,0.0024383177515119314,0.0001979144959829233
520,0.0027142991311848164,0.00019885062732627123
521,0.002301401225849986,0.0001988238506769962
522,0.0024634585715830326,0.0001973886950752234
523,0.0026270069647580385,0.0001970068951830155
524,0.002152094617486,0.00019749723626290685
525,0.0024574454873800278,0.00019751887808154296
526,0.0020560026168823242,0.00019854129909017336
527,0.002535473322495818,0.00019958240085815989
528,0.0023864870890975,0.00019945863427847974
529,0.0020333677530288696,0.0002012153548772171
530,0.002845190465450287,0.00020774093519910992
531,0.0021288192365318537,0.00020839934199898502
532,0.002403462305665016,0.00020832649054333363
533,0.002186466008424759,0.0002080026810381335
534,0.0025320076383650303,0.00020888127440577044
535,0.002508933190256357,0.00020961751125610643
536,0.002283673034980893,0.00020731385730747342
537,0.0025683222338557243,0.00020816216251526724
538,0.002455607056617737,0.00020530361723334733
539,0.002300731372088194,0.0002041191995074878
540,0.0026457966305315495,0.00020623243355024742
541,0.0025134587194770575,0.00020673242764238106
542,0.002454674569889903,0.00020648835794206645
543,0.002605301095172763,0.00020772017392955562
544,0.0024697824846953154,0.00020618567367626246
545,0.002346181310713291,0.00020604666130485578
546,0.002125930041074753,0.00020673878516663243
547,0.002345698419958353,0.00020660446504840174
548,0.0021503190509974957,0.000206409056900398
549,0.0025317403487861156,0.000207238648350051
550,0.0022739171981811523,0.00020717977678723516
551,0.0024228831753134727,0.0002031499963261275
552,0.0025984253734350204,0.0002047235022068481
553,0.001981097739189863,0.00020480440789250767
554,0.00209960644133389,0.000206287378859777
555,0.002048848895356059,0.000202438124258044
556,0.0020305272191762924,0.00020481320417980423
557,0.0025906567461788654,0.00020627886506933944
558,0.002505491953343153,0.0002066153384801507
559,0.0020843783859163523,0.00020550312887098872
560,0.002512503182515502,0.00020538423688390095
561,0.0019793512765318155,0.00020852318446474893
562,0.0020404807291924953,0.00021036601531885287
563,0.0028057240415364504,0.0002156049008216808
564,0.0023511149920523167,0.0002153395315426857
565,0.002656423021107912,0.00021144582764985066
566,0.0019372982205823064,0.00021422713031142516
567,0.0022327089682221413,0.00020862037280092128
568,0.002571708057075739,0.00020974217934141082
569,0.002390061505138874,0.00020728765947697372
570,0.002356570214033127,0.00020706779078988959
571,0.002698678057640791,0.00020926921146062382
572,0.002450778614729643,0.00020798867788505523
573,0.0028897111769765615,0.0002119786898600609
574,0.0024543358013033867,0.0002122281581127086
575,0.001756409415975213,0.00022023545442345204
576,0.0020095440559089184,0.0002208250933868668
577,0.002441577147692442,0.0002203745303091552
578,0.0026122466661036015,0.00022175810412472074
579,0.0022840341553092003,0.00022111086025667037
580,0.0019073376897722483,0.00022422867435294123
581,0.002824194496497512,0.00022904681157126592
582,0.0022770436480641365,0.00022695386953204875
583,0.002004778478294611,0.00022720889142003556
584,0.0026375213637948036,0.00022731637140840357
585,0.002526574768126011,0.00022557640032889456
586,0.002480574883520603,0.00022503486070027772
587,0.0020512561313807964,0.0002270446013922925
588,0.0024097615387290716,0.00022710956460270595
589,0.0026546912267804146,0.0002291436178316484
590,0.00232113478705287,0.00022897115401677092
591,0.002737424336373806,0.00023109274336553974
592,0.002255440689623356,0.0002313135860324043
593,0.0023738837335258722,0.0002307502611392704
594,0.002419430296868086,0.00023074633437334714
595,0.002271281788125634,0.00023042803174392294
596,0.0026826385874301195,0.0002307391280461132
597,0.002197392750531435,0.00023134023873842073
598,0.002204958815127611,0.0002300411459727285
599,0.002521953545510769,0.00023025754787787237
600,0.002372768009081483,0.00022962044242745208
601,0.0026825950480997562,0.0002313526588576824
602,0.0026432438753545284,0.00023300735181705368
603,0.002142796292901039,0.00023408374210246485
604,0.002111326903104782,0.00023475760489156
605,0.0029097620863467455,0.00024084634540727517
606,0.0024232002906501293,0.0002395935776477103
607,0.002304048975929618,0.0002381231857346715
608,0.0023906193673610687,0.00023799224910650034
609,0.0022630381863564253,0.0002381878109087921
610,0.002191317267715931,0.0002379349411095453
611,0.0021923519670963287,0.00023707183990436505
612,0.002097825985401869,0.00023861014986048003
613,0.0018886607140302658,0.00024335904974101313
614,0.0023144276347011328,0.00024334023275788681
615,0.002461251337081194,0.00024350861485097062
616,0.002159934490919113,0.00024419763115659246
617,0.002611948875710368,0.0002447659873001682
618,0.002181469928473234,0.0002454836855724505
619,0.0022019576281309128,0.000245931088612591
620,0.002909464295953512,0.00024947982973792576
621,0.0018684815149754286,0.00025433772493440996
622,0.0024295011535286903,0.0002542243797380538
623,0.0024165245704352856,0.00025287825877018687
624,0.0024272978771477938,0.00025208710036252077
625,0.002503080992028117,0.00025230114603453236
626,0.0022509335540235043,0.00025064989564085405
627,0.002141919219866395,0.00025104088950682655
628,0.00216976017691195,0.0002517566229797162
629,0.0024275234900414944,0.0002496801969792723
630,0.002340177306905389,0.0002448936979442463
631,0.002194087952375412,0.00024436278404109835
632,0.0023902100510895252,0.0002443418984192245
633,0.0019520327914506197,0.00024711939707942415
634,0.0020424399990588427,0.00024844913758931736
635,0.0021622818894684315,0.0002486472723702412
636,0.0025890658143907785,0.00024972309635076345
637,0.00222976366057992,0.00024904096393984875
638,0.0021021245047450066,0.0002499993284975793
639,0.0022553401067852974,0.0002501199932628643
640,0.002686569467186928,0.0002506502301224846
641,0.0024614911526441574,0.0002503490862562265
642,0.0024755089543759823,0.0002504511851510795
643,0.0025352458469569683,0.0002498092493021721
644,0.0026338982861489058,0.0002511857849698245
645,0.0024651149287819862,0.000251474487334368
646,0.0021539016161113977,0.00025124285494909014
647,0.0018872824730351567,0.0002553984458535896
648,0.0016995654441416264,0.0002626812464062077
649,0.002138458425179124,0.00026268074139020823
650,0.002197574358433485,0.0002629652638169771
651,0.0024296739138662815,0.00026298975827367805
652,0.0018837624229490757,0.00026538712402894945
653,0.0027790844906121492,0.00026692690917023694
654,0.00225565442815423,0.00026600181747354375
655,0.0021047424525022507,0.0002654530560402927
656,0.002070719376206398,0.0002650169218254716
657,0.002171030268073082,0.00026426120462509205
658,0.0024571034591645002,0.000263983663667341
659,0.0024102258030325174,0.00026291665702179925
660,0.00206825602799654,0.00026362802826596093
661,0.0021676309406757355,0.0002617649576801636
662,0.002474382286891341,0.00026048067861979724
663,0.0021973242983222008,0.00025647569635364455
664,0.0025865109637379646,0.00025774823690419334
665,0.0026059583760797977,0.0002571561177935604
666,0.0019728587940335274,0.00025662900762632684
667,0.002229571808129549,0.00025664148879802175
668,0.0025965129025280476,0.0002568871796022747
669,0.0022215461358428,0.0002570581273619178
670,0.0018524166662245989,0.00026145325196635184
671,0.002465121680870652,0.00025912080354781336
672,0.0023073535412549973,0.00025880532768982333
673,0.002272129524499178,0.000252409879072288
674,0.0024553867988288403,0.0002524157283536619
675,0.0022010370157659054,0.0002463047940431898
676,0.002134603215381503,0.00024502550190810525
677,0.002647306304425001,0.00024690047655097044
678,0.002139449119567871,0.000245840819297935
679,0.002113533904775977,0.0002466743276672263
680,0.0023414758034050465,0.00024318523752126555
681,0.0024480875581502914,0.00023818846823108196
682,0.0023726613726466894,0.0002382155569653806
683,0.002856710460036993,0.00024207968382852955
684,0.0019740720745176077,0.00024257898986018947
685,0.0026061218231916428,0.00024339053502767067
686,0.0024373778142035007,0.00024314325928453175
687,0.0020085840951651335,0.00024365816519872975
688,0.002498398069292307,0.00024414698870976406
689,0.0024151925463229418,0.00024200942496428984
690,0.0022502862848341465,0.0002421066873697416
691,0.002460454124957323,0.0002388249704199121
692,0.0024899188429117203,0.00023937991308889048
693,0.0020885083358734846,0.00024040376753889822
694,0.0024842224083840847,0.00024077515588109694
695,0.002023995853960514,0.0002424988574422134
696,0.002162388525903225,0.00024006028639493444
697,0.0022686319425702095,0.00023983449022029114
698,0.0020118914544582367,0.00024144938569485705
699,0.0019353281240910292,0.00024328682633945447
700,0.0020474358461797237,0.00024448784826555913
701,0.0023036194033920765,0.00024137742580574727
702,0.0021815926302224398,0.00023903024446325025
703,0.0023092806804925203,0.00023857957184074828
704,0.002201217459514737,0.00023806505886862328
705,0.002299151849001646,0.00022973923194838237
706,0.002339806640520692,0.00022938601877410409
707,0.0021577393636107445,0.0002297285298959169
708,0.00225023552775383,0.00022949530554516878
709,0.0026525245048105717,0.00023245687840984237
710,0.0023896158672869205,0.00023248806380052122
711,0.002180092968046665,0.00023254214788190998
712,0.0024986308999359608,0.00023269023041947384
713,0.0025750407949090004,0.0002307963084320284
714,0.002195356646552682,0.0002310208062608495
715,0.0022449898533523083,0.0002304830531153457
716,0.002466044155880809,0.00023070060409757301
717,0.0019465943332761526,0.00023115744438995467
718,0.002343732863664627,0.00023094568171964333
719,0.002541652414947748,0.00023208454551381985
720,0.0023511662147939205,0.00022376004361490573
721,0.0022593578323721886,0.00021968014216979895
722,0.002218466717749834,0.0002193883432476776
723,0.0023124730214476585,0.00021904245970261806
724,0.0021183043718338013,0.0002192915416347878
725,0.0018836386734619737,0.00022190919693184204
726,0.0025160470977425575,0.00022310804362176318
727,0.00216667796485126,0.00022296112144222852
728,0.002499266527593136,0.00022366780644893352
729,0.002457758877426386,0.0002238776382077033
730,0.00239108270034194,0.0002240528754849928
731,0.002306838519871235,0.00022385119718407908
732,0.0025916032027453184,0.00022565432213862794
733,0.0021286325063556433,0.00022364338370102295
734,0.002123071113601327,0.00022286958204137243
735,0.0020359959453344345,0.0002239857551490736
736,0.0029269324149936438,0.00023092227595455692
737,0.0022056042216718197,0.0002310063618488172
738,0.0018626577220857143,0.0002342665956111495
739,0.0018073476385325193,0.00023925820913955816
740,0.0023183373268693686,0.00023590752651373608
741,0.002470549661666155,0.00023597709390264158
742,0.0021692560985684395,0.00023548847220301284
743,0.002191431587561965,0.00023428433748450778
744,0.0023848856799304485,0.00023179692708492282
745,0.0021508075296878815,0.00023136035608983425
746,0.0025848327204585075,0.0002330972887202147
747,0.0022332090884447098,0.00022977060207309187
748,0.0022130124270915985,0.0002222299559896752
749,0.0024057873524725437,0.00022202740516657184
750,0.0024721012450754642,0.00022256808436481743
751,0.00280703604221344,0.00022804280218857262
752,0.001886845682747662,0.0002279866165294041
753,0.0022661471739411354,0.00022273302422897305
754,0.00203105085529387,0.00022422601376558227
755,0.0019261827692389488,0.0002264108526681407
756,0.002112541813403368,0.0002260446841406155
757,0.002200593939051032,0.00022590954460821643
758,0.0025332942605018616,0.00022661225285381406
759,0.0024425790179520845,0.00022681010292453178
760,0.002726820996031165,0.0002298671980048324
761,0.001965066883713007,0.0002318925057517538
762,0.0024360856041312218,0.00023162284701622223
763,0.0021195632871240377,0.00023207902801231236
764,0.00242490042001009,0.0002305702340731963
765,0.002418097108602524,0.00022873692569510689
766,0.0022421497851610184,0.00022654958262245293
767,0.0025540459901094437,0.00022796696622746782
768,0.0022688410244882107,0.00022593744065029303
769,0.002102149650454521,0.00022662727019469417
770,0.0023923355620354414,0.00022247402880126588
771,0.001986944116652012,0.0002239380879105955
772,0.0023179580457508564,0.00022394827805698826
773,0.0026009734719991684,0.0002260667235906503
774,0.0020234654657542706,0.0002270893261898179
775,0.0030212225392460823,0.00023836179483943145
776,0.0020531504414975643,0.00023906591018097505
777,0.002250045072287321,0.00023648553408187978
778,0.002290824893862009,0.0002359715425037137
779,0.002311471151188016,0.0002352605295862476
780,0.0023524989373981953,0.00023528402712782423
781,0.0022637387737631798,0.0002348131068841458
782,0.0020115317311137915,0.00023638688821865552
783,0.0024766786955296993,0.00023018906820741956
784,0.0023348156828433275,0.00022803407781103459
785,0.002809420693665743,0.0002317412528090907
786,0.0025561104994267225,0.00023278622940060647
787,0.001925222110003233,0.0002339683926407816
788,0.0025156699120998383,0.00023412702965904414
789,0.002244706265628338,0.0002338584199380018
790,0.0025389865040779114,0.00023510945886838865
791,0.0018506315536797047,0.00023866910783206432
792,0.0018903501331806183,0.0002410992242572307
793,0.0024129748344421387,0.00024063287855142753
794,0.0018288814462721348,0.00024409633462272817
795,0.002234108280390501,0.00024277042624968036
796,0.002766026882454753,0.00024722539578347734
797,0.002500626491382718,0.0002481265865614064
798,0.0021385313011705875,0.00024701070540167645
799,0.0024188803508877754,0.0002446838134310424
800,0.002917997073382139,0.00025112967482675665
801,0.0019413267727941275,0.00025375446107533484
802,0.0028792056255042553,0.0002599325152114582
803,0.002228601835668087,0.00026005587695993444
804,0.002062470419332385,0.0002609991946129527
805,0.0025448400992900133,0.0002620833823075873
806,0.0022652489133179188,0.00026210080547491813
807,0.0024706656113266945,0.00026215409651641407
808,0.0019840949680656195,0.0002641243133060056
809,0.002578446641564369,0.00026325266692398913
810,0.0028211644385010004,0.00026809759880985816
811,0.0020591611973941326,0.000268971118873059
812,0.0028765061870217323,0.0002742358660264334
813,0.002115963026881218,0.0002736778511052969
814,0.002312411554157734,0.0002734317382355491
815,0.002226390643045306,0.00027348369547854475
816,0.002464889781549573,0.0002734771188075309
817,0.0024910802021622658,0.000271557884992254
818,0.002118108794093132,0.000272267031250952
819,0.0024453438818454742,0.00027162463775738877
820,0.0022573661990463734,0.00027165499384689044
821,0.002278343541547656,0.0002716241106623849
822,0.002420771401375532,0.0002716686249384248
823,0.0020683063194155693,0.00027278391707067636
824,0.002580980071797967,0.00027338388006904664
825,0.0021263672970235348,0.00027056123586445975
826,0.0024244897067546844,0.0002700432280337817
827,0.0023452837485820055,0.0002696198550237741
828,0.002191013190895319,0.00026931382154032695
829,0.0017375171883031726,0.0002750835828520965
830,0.002313853707164526,0.00027496177596310524
831,0.0025508811231702566,0.000276022110560225
832,0.0020795385353267193,0.00027552410443023873
833,0.0023218984715640545,0.00027494136101714186
834,0.002151119988411665,0.0002747646426977448
835,0.00221983902156353,0.00027353404438046943
836,0.002204126212745905,0.00026654131715714307
837,0.0022019667085260153,0.0002665550298443509
838,0.002283013891428709,0.00026282519776788074
839,0.0019947749096900225,0.0002598745559749605
840,0.00225752592086792,0.0002599243958435687
841,0.002216510009020567,0.0002595679125301407
842,0.0024618280585855246,0.0002596578889488957
843,0.002020596992224455,0.00026099839874835565
844,0.0021250753197818995,0.00026151183502974963
845,0.002784042153507471,0.0002653835088210378
846,0.0025369615759700537,0.0002649275821069181
847,0.0023419593926519156,0.0002648296788114255
848,0.0023766891099512577,0.00026471913773086107
849,0.002543317386880517,0.0002655600342861024
850,0.0022668628953397274,0.00026512437631120403
851,0.0021915114484727383,0.0002606388108888913
852,0.0021360088139772415,0.00025776120792304896
853,0.0022722273133695126,0.0002577517070001517
854,0.001932809827849269,0.000259006322718762
855,0.002386725042015314,0.00025622619161401656
856,0.002399056451395154,0.000255566289780233
857,0.002354624681174755,0.0002553303270245755
858,0.002296733669936657,0.00025440143775084243
859,0.002205684781074524,0.0002543020808522152
860,0.002402260899543762,0.00025100913839658164
861,0.0021785751450806856,0.00024895251092205004
862,0.002048592083156109,0.0002500036682300229
863,0.0022315061651170254,0.00024940400347049196
864,0.0018783231498673558,0.00025279390366738297
865,0.002027264330536127,0.00025401560579264615
866,0.0021611195988953114,0.00025432830819363506
867,0.002506616758182645,0.00025389047004230434
868,0.0027343048714101315,0.0002575927952036017
869,0.0024302599485963583,0.00025710403410999144
870,0.002463193144649267,0.00025744236056075685
871,0.002408930566161871,0.00025560328225091754
872,0.0021148696541786194,0.00025635095854880047
873,0.0019417987205088139,0.0002572328737173814
874,0.0027480479329824448,0.00025949998759083567
875,0.0022846448700875044,0.0002493446931774253
876,0.0026340140029788017,0.000250253560844081
877,0.0025517516769468784,0.0002513665505851168
878,0.0025842753238976,0.00025283948239484
879,0.0024088178761303425,0.0002530179821300501
880,0.002358444035053253,0.00025302764764621445
881,0.0022303347941488028,0.0002531177398512995
882,0.0024532293900847435,0.0002516279642745401
883,0.002175773261114955,0.0002515207832824711
884,0.0020126220770180225,0.000253332480002209
885,0.002318632323294878,0.0002483151652043645
886,0.002472341526299715,0.00024760905134561025
887,0.002153397537767887,0.00024509503997166706
888,0.0021566858049482107,0.00024466845737726374
889,0.0020608913619071245,0.00024581815096513056
890,0.002698012161999941,0.0002478613097061949
891,0.0022411623504012823,0.00024366585754356682
892,0.0022987276315689087,0.00023996869794700254
893,0.001930600730702281,0.0002427769601022111
894,0.0020183122251182795,0.00023971666305295754
895,0.0019057741155847907,0.00024299807553014973
896,0.002290555275976658,0.00023853848561682092
897,0.0022028200328350067,0.00023789618732609366
898,0.002129251603037119,0.00023796136096754066
899,0.0016701716231182218,0.00024580929647315743
900,0.0026729810051620007,0.00024067182687665753
901,0.0026084515266120434,0.00024017329950740108
902,0.0019596496131271124,0.0002351703871556623
903,0.002152660395950079,0.00023548267908486575
904,0.002268171636387706,0.00023440582905714054
905,0.002279121894389391,0.0002329678817287365
906,0.0023197876289486885,0.0002329839359147853
907,0.0023424748796969652,0.00023230931202320972
908,0.0023422720842063427,0.00023038062879281634
909,0.002265648916363716,0.00022851737027673974
910,0.0020260345190763474,0.00022345638943698174
911,0.00233859708532691,0.00022244687216361984
912,0.0025825018528848886,0.00021634268463064415
913,0.0025561098009347916,0.00021750598054697844
914,0.002467554062604904,0.00021828077186954105
915,0.002116096206009388,0.00021884776621055744
916,0.002015269361436367,0.00021966799936532248
917,0.0023953726049512625,0.00021893501319485045
918,0.002265133196488023,0.00021835367982205012
919,0.0025530392304062843,0.00021945049439766904
920,0.002515695057809353,0.00022070987631334042
921,0.0027247488033026457,0.0002251138056193999
922,0.002421936485916376,0.00022512087771661037
923,0.002310458803549409,0.00022405456662410436
924,0.0019577201455831528,0.00022450465606923425
925,0.002080558566376567,0.00022487240886684968
926,0.0020228642970323563,0.0002258826666348555
927,0.0021569207310676575,0.00022609945922707166
928,0.002271038480103016,0.00022593750263540834
929,0.0022420049645006657,0.0002193115412674884
930,0.0021386772859841585,0.00021975173899180247
931,0.002528928220272064,0.00021948921121583314
932,0.002232735510915518,0.0002186103134794054
933,0.0021515577100217342,0.00021895427784749552
934,0.0019708415493369102,0.00022075766797433416
935,0.0023366441018879414,0.00022075685353636337
936,0.0021464789751917124,0.00022102939190224113
937,0.0023390590213239193,0.0002209756678082045
938,0.0022219796665012836,0.0002210509008193691
939,0.0029182694852352142,0.00022822415795407597
940,0.002277336549013853,0.00022820568751146924
941,0.0025544720701873302,0.00022962547112048104
942,0.0024344339035451412,0.00022943705374744387
943,0.0025558597408235073,0.00022929211215098723
944,0.0023917430080473423,0.0002288219924863755
945,0.0023103111889213324,0.0002235365661983272
946,0.002343915868550539,0.00022225563360255864
947,0.0028101587668061256,0.00022814965273499586
948,0.0022611827589571476,0.00022803824963891177
949,0.002562455367296934,0.0002282553422274961
950,0.0020367607939988375,0.0002297150367096455
951,0.0018938404973596334,0.00023296828699244555
952,0.0021144181955605745,0.0002331237920895956
953,0.002413026988506317,0.00023343256457553324
954,0.002871919423341751,0.00023766049395299518
955,0.0021668151021003723,0.00023788663427703894
956,0.001625437056645751,0.0002470321382807764
957,0.0025778452400118113,0.00024860595903603
958,0.00197711493819952,0.0002506217103114162
959,0.0021401257254183292,0.00025093315729716705
960,0.0023635842371731997,0.00025078895682661555
961,0.001996088307350874,0.00025226848851427704
962,0.002335567492991686,0.0002511437453457399
963,0.002511790720745921,0.00025203350314350156
964,0.002377751749008894,0.0002486390912119825
965,0.0027877676766365767,0.0002518542151904065
966,0.0021857579704374075,0.0002517224925759162
967,0.0022774492390453815,0.00025092715878735644
968,0.0020511706825345755,0.0002483949643674445
969,0.001960032619535923,0.0002503037824335748
970,0.0019997917115688324,0.000251408291769968
971,0.002085786545649171,0.000251919236650837
972,0.002206077566370368,0.0002514612463277424
973,0.0022064787335693836,0.00024918383066962487
974,0.002905239351093769,0.00025258341881317106
975,0.002002939349040389,0.000254212439957754
976,0.0021356907673180103,0.0002522267378972494
977,0.0022803102619946003,0.00025075579457477666
978,0.002126773353666067,0.000249313086035471
979,0.0022097371984273195,0.00024902985746242556
980,0.0022858711890876293,0.00024888459544424756
981,0.0021814987994730473,0.0002490159697872215
982,0.0020481639076024294,0.00024933208763482594
983,0.00209445646032691,0.0002497678800161608
984,0.0026728566735982895,0.0002516917142035757
985,0.0025327480398118496,0.0002529851397768563
986,0.002303474582731724,0.00025222277860826713
987,0.002556014806032181,0.00025348581366586745
988,0.0023183701559901237,0.0002532184807356449
989,0.002103803213685751,0.0002528798798387398
990,0.0022243517450988293,0.00024938749585985145
991,0.0023014743346720934,0.0002493765441315667
992,0.0020447010174393654,0.00025043532059076403
993,0.002607265952974558,0.00025021653770067494
994,0.002195062581449747,0.00024896813885374433
995,0.002347915433347225,0.00024612731025311737
996,0.002480078022927046,0.0002468872172708184
997,0.0021666623651981354,0.0002470402685375925
998,0.0027731475420296192,0.000251215523321117
999,0.002240345813333988,0.00024324657632789634
1000,0.0023829739075154066,0.00024047010650800785
1001,0.001935399603098631,0.00024109133207629008
1002,0.002140386961400509,0.00023925601976853135
1003,0.002486215205863118,0.0002396134476552812
1004,0.0020775075536221266,0.00024059132406754983
1005,0.002754450775682926,0.00024495433943904987
1006,0.0023353397846221924,0.0002449728946880365
1007,0.0023206938058137894,0.00024494326800505783
1008,0.0020145343150943518,0.00024653892408794617
1009,0.0021780652459710836,0.00024680044164175543
1010,0.0024547227658331394,0.0002458141638701668
1011,0.00218420522287488,0.0002460453036292056
1012,0.0026068608276546,0.0002463426104243503
1013,0.0021805325523018837,0.00024521773625134607
1014,0.0021520068403333426,0.00024498637586275595
1015,0.0024352623149752617,0.00024477141282410126
1016,0.0023345218505710363,0.00024318129026192168
1017,0.002633027033880353,0.0002453063677206881
1018,0.002728064777329564,0.00024899785686477097
1019,0.0025636889040470123,0.0002491077861313482
1020,0.0022913902066648006,0.00024818968858038597
1021,0.00251499330624938,0.0002454491470628284
1022,0.0022816057316958904,0.00024514342522653196
1023,0.002086174674332142,0.0002460541106222142
1024,0.002192586660385132,0.00024390481545562658
1025,0.001995515776798129,0.00024481813192243055
1026,0.0019813452381640673,0.0002453231427721625
1027,0.0027726050466299057,0.0002494629180208446
1028,0.0018372195772826672,0.0002537622103078592
1029,0.0023864461109042168,0.0002538466009195546
1030,0.0022273361682891846,0.0002534310135990966
1031,0.0024598499294370413,0.0002528974752023951
1032,0.00217647897079587,0.0002531121354921477
1033,0.0021188342943787575,0.0002533269186925172
1034,0.00233750743791461,0.0002511651273240352
1035,0.0027752993628382683,0.00025554671445155607
1036,0.0022178594954311848,0.0002551914874546227
1037,0.002354987431317568,0.00025521582482888167
1038,0.0023414199240505695,0.0002550862793511648
1039,0.002278020139783621,0.0002475816768344746
1040,0.00287645380012691,0.0002541101297637242
1041,0.0025497106835246086,0.0002540641652930423
1042,0.002231451217085123,0.00025386457442835543
1043,0.0017908503068611026,0.00025779202428121204
1044,0.0019122390076518059,0.00026050518245522493
1045,0.0023253667168319225,0.0002605186109484121
1046,0.0024992937687784433,0.00026127608797127703
1047,0.002192557556554675,0.0002562620731660849
1048,0.001911924104206264,0.0002590278525896924
1049,0.002068419475108385,0.00025842777987297776
1050,0.0021079247817397118,0.00025784336044252446
1051,0.0021611591801047325,0.00025514411707171865
1052,0.0026159731205552816,0.0002566773293538702
1053,0.0020600908901542425,0.0002573976104467207
1054,0.0024793718475848436,0.00025130407433615896
1055,0.0023312908597290516,0.0002510754248530631
1056,0.00261810258962214,0.0002442888757232163
1057,0.002781375078484416,0.00024750122741758836
1058,0.0023998613469302654,0.0002455954722515985
1059,0.002316015772521496,0.00024506359388192997
1060,0.002194882370531559,0.0002452187293204081
1061,0.0024103065952658653,0.00024351371342690823
1062,0.002433151938021183,0.00024383337292887967
1063,0.0023479885421693325,0.00024298447993709754
1064,0.002532932674512267,0.0002439526416627282
1065,0.002606383292004466,0.00024098875811879962
1066,0.0026021720841526985,0.0002425191099008005
1067,0.001986354123800993,0.000244628427107746
1068,0.0021495060063898563,0.00024379327560973142
1069,0.0020997102838009596,0.00024218497653022812
1070,0.0021383583080023527,0.0002407987349272911
1071,0.002507665893062949,0.0002405450519591954
1072,0.002079722471535206,0.00024144342430639242
1073,0.0019129335414618254,0.00024450313054329154
1074,0.0024905086029320955,0.00023770982956381538
1075,0.002663141116499901,0.0002384079834241119
1076,0.00207658507861197,0.0002389207608409
1077,0.0023110024631023407,0.00023890087484606102
1078,0.0021040223073214293,0.0002390889784616859
1079,0.002732047811150551,0.00024253681676768792
1080,0.00253086443990469,0.00024346367781528792
1081,0.002261761110275984,0.00024313928316258669
1082,0.002512515289708972,0.00024233999847118125
1083,0.002160872332751751,0.00024179487986134257
1084,0.0024513069074600935,0.00023957733662130647
1085,0.0023940932005643845,0.00023874788755973692
1086,0.0022180937230587006,0.0002389640850115624
1087,0.002184671349823475,0.00023814700418048633
1088,0.0021644923835992813,0.0002386315798899905
1089,0.002127431333065033,0.00023843198298939772
1090,0.0031580072827637196,0.00025269157699224596
1091,0.0024355549830943346,0.0002529234875061482
1092,0.0023666268680244684,0.00025135211876355903
1093,0.002333670388907194,0.0002497779861418896
1094,0.0025519889313727617,0.00025043188855577726
1095,0.0019968696869909763,0.0002526282703439797
1096,0.0025016970466822386,0.00025277028855554066
1097,0.002552113961428404,0.0002532443638575506
1098,0.002002295572310686,0.0002513597491888498
1099,0.002516052220016718,0.000251957550681697
1100,0.002560943830758333,0.00025299362337826754
1101,0.0024001537822186947,0.00024997169620688835
1102,0.002181864343583584,0.0002496848171847231
1103,0.0022667506709694862,0.0002492833571095301
1104,0.002353938762098551,0.0002479821677358148
1105,0.0021603149361908436,0.0002448799509587758
1106,0.0022331862710416317,0.0002450579314335747
1107,0.002144401427358389,0.0002457297275574836
1108,0.0022007720544934273,0.00024405880912347258
1109,0.002165950369089842,0.00024413603198787792
1110,0.0021799812093377113,0.00024421852896413837
1111,0.002124388702213764,0.00024463539800005554
1112,0.0025331578217446804,0.00024388031267643517
1113,0.0022491118870675564,0.00024357499774524724
1114,0.0023406394757330418,0.00024297028673143491
1115,0.0023090627510100603,0.00024271664511274445
1116,0.0019828134682029486,0.0002450877342747209
1117,0.0022029168903827667,0.00024330098890729934
1118,0.002261679619550705,0.00023975480594645777
1119,0.0026317723095417023,0.00024057565563966222
1120,0.0024091098457574844,0.00024076464268533835
1121,0.0024391976185142994,0.00024023974377500245
1122,0.002562721725553274,0.00024152380895839108
1123,0.002156284637749195,0.0002409550022291309
1124,0.0020726821385324,0.00024186863433114933
1125,0.002557753585278988,0.00024092005456840697
1126,0.0021983629558235407,0.00023880900089039592
1127,0.002913467586040497,0.00024188971648992762
1128,0.0020560207776725292,0.00023841265381075526
1129,0.0023238041903823614,0.0002383332699042011
1130,0.0027993032708764076,0.0002427896293625374
1131,0.0022583170793950558,0.00024254244694143896
1132,0.002019431907683611,0.00024404126337987378
1133,0.002334306016564369,0.00024313393036814576
1134,0.002121542114764452,0.00024401690359954952
1135,0.002245670882984996,0.00023990222271503853
1136,0.0024992749094963074,0.00024032156382070247
1137,0.0026749465614557266,0.0002428475188237251
1138,0.0022312160581350327,0.00024303484816316003
1139,0.0023033053148537874,0.0002429968930183975
1140,0.002408026484772563,0.00023673030019010592
1141,0.002128006424754858,0.00023639270965673
1142,0.0018846510211005807,0.00024018866656525198
1143,0.0021830713376402855,0.00023469018059762978
1144,0.002254364313557744,0.00023117603677675838
1145,0.0022031497210264206,0.0002314802674556128
1146,0.002287479816004634,0.0002307972229991028
1147,0.002487724181264639,0.0002310570956610917
1148,0.0022114552557468414,0.00022760984374146988
1149,0.0021032949443906546,0.0002272399448007275
1150,0.00207250053063035,0.00022760880812169466
1151,0.002166390186175704,0.00022757149228890575
1152,0.002383022103458643,0.00022574298257867147
1153,0.002174382098019123,0.00022468940569389328
1154,0.0023929807357490063,0.00022424908461653656
1155,0.0021213677246123552,0.00022514653953328425
1156,0.0023856114130467176,0.0002232333965375403
1157,0.002518831752240658,0.00021923740309997023
1158,0.0021110177040100098,0.00022001516558658448
1159,0.002463351935148239,0.0002205313847261508
1160,0.0023410185240209103,0.00022021793532214074
1161,0.002569829113781452,0.0002214859337843568
1162,0.0018421746790409088,0.0002261917124897379
1163,0.0020884901750832796,0.00022725102317926077
1164,0.002057371661067009,0.00022748421274251264
1165,0.0026150457561016083,0.00022760221270580718
1166,0.002338035497814417,0.00022562985727501698
1167,0.0023683386389166117,0.00022346787909555227
1168,0.002323694061487913,0.00022292120044850266
1169,0.002637258730828762,0.00022435315294006122
1170,0.002318665385246277,0.00022366545247017486
1171,0.002611543983221054,0.00022481228592759214
1172,0.002565923146903515,0.00022492925354674766
1173,0.002850892022252083,0.00022733103387447166
1174,0.0021682633087038994,0.00022730641201014506
1175,0.0026359697803854942,0.00022691530568396236
1176,0.002831717487424612,0.00023106543145002897
1177,0.0020538028329610825,0.0002327418914103938
1178,0.002364445710554719,0.0002316335289177513
1179,0.002885207301005721,0.0002347812609707251
1180,0.002246528398245573,0.00023410478655382493
1181,0.0020865544211119413,0.0002352888294467041
1182,0.002661784179508686,0.00023692427432313166
1183,0.002200028859078884,0.00023667115696976394
1184,0.0028897318989038467,0.00024287949761274223
1185,0.0019303110893815756,0.00024617565061035493
1186,0.002234518062323332,0.00024610440023622716
1187,0.002561788074672222,0.00024671111038732384
1188,0.0029863091185688972,0.0002545092100523782
1189,0.0024990346282720566,0.00025402629890087635
1190,0.002421760465949774,0.0002406226268176788
1191,0.0024592652916908264,0.00024072895447972898
1192,0.002269443590193987,0.0002408192898567221
1193,0.0018976791761815548,0.00024484276125569953
1194,0.002764924429357052,0.0002476556682106277
1195,0.0021087508648633957,0.0002463506795310549
1196,0.001781163620762527,0.000252004334122252
1197,0.002692056354135275,0.00025362578374416885
1198,0.0023363647051155567,0.00025141918103508814
1199,0.0023716152645647526,0.0002507892038128133
1200,0.0024787280708551407,0.000250173979930091
1201,0.002108622109517455,0.00025109063101770807
1202,0.00235125795006752,0.00025064570694576714
1203,0.00238037365488708,0.00025060152754861507
1204,0.0024040471762418747,0.0002506923274020295
1205,0.002341614104807377,0.0002500763389604421
1206,0.0028136717155575752,0.0002543639878019027
1207,0.0024771662428975105,0.0002539304960747519
1208,0.002450165804475546,0.00025372205620802213
1209,0.0019839347805827856,0.0002556844811410747
1210,0.0024917747359722853,0.0002555418148363848
1211,0.0024442989379167557,0.0002547024069342703
1212,0.002142762765288353,0.0002548928119381118
1213,0.00238837581127882,0.00025472573793331544
1214,0.0020169527269899845,0.00025688948066747446
1215,0.0022130063734948635,0.0002572101427825453
1216,0.0024044481106102467,0.00025464768589943695
1217,0.0020800032652914524,0.00025565808324324414
1218,0.002690340857952833,0.0002577727037395218
1219,0.0024902543518692255,0.00025661141032479504
1220,0.001779009122401476,0.0002628395576356883
1221,0.0020121042616665363,0.00026475747654589716
1222,0.002213102299720049,0.0002641048511534232
1223,0.002197578549385071,0.00026385113262166913
1224,0.0025802983436733484,0.0002635836440864443
1225,0.002501159906387329,0.0002631778713201303
1226,0.00229453481733799,0.00026282234921400706
1227,0.002461348893120885,0.00025673113219433784
1228,0.0024539504665881395,0.0002553864094440663
1229,0.002977551892399788,0.0002631488471597894
1230,0.0023906200658529997,0.0002592319302381054
1231,0.0021762452088296413,0.00025963902521570847
1232,0.002563467249274254,0.00025846083013024565
1233,0.002089467365294695,0.000259764610189781
1234,0.0025817081332206726,0.0002598015142575531
1235,0.002251989673823118,0.0002597761928249332
1236,0.002301170025020838,0.0002593962611613715
1237,0.0026144501753151417,0.0002587002487151907
1238,0.002364702057093382,0.0002584288276832335
1239,0.0025476000737398863,0.00025913022788444286
1240,0.002621594350785017,0.00026046398691527395
1241,0.002511804224923253,0.00025990870228185544
1242,0.002101412508636713,0.00025679720066603534
1243,0.0025138352066278458,0.00025660899787976885
1244,0.0023872447200119495,0.00025637651050943973
1245,0.0024374304339289665,0.00025594436942317784
1246,0.0023141964338719845,0.000255873152054632
1247,0.0020504663698375225,0.00025754592160804967
1248,0.0021250108256936073,0.0002582077808492018
1249,0.0023907674476504326,0.0002568810158694074
1250,0.00241787638515234,0.000255209457269333
1251,0.0020874475594609976,0.00025596535242889914
1252,0.0019292053766548634,0.0002597064567909835
1253,0.0019405931234359741,0.000262470681459271
1254,0.0028172247111797333,0.0002663771641383026
1255,0.0020611712243407965,0.00026700325286304553
1256,0.0018054256215691566,0.0002728039923023438
1257,0.002001697663217783,0.00027465352590885035
1258,0.002075325231999159,0.00027499624686787186
1259,0.003020097967237234,0.0002827539482567548
1260,0.0023293255362659693,0.00028276421527562265
1261,0.002213042229413986,0.00028233658516108387
1262,0.0024546077474951744,0.00027767948765533226
1263,0.002391721121966839,0.00027631209250083053
1264,0.002226201118901372,0.00027492402359183054
1265,0.0023778658360242844,0.00027378294965297705
1266,0.0022384277544915676,0.0002740616209310125
1267,0.0021825027652084827,0.0002746585874377282
1268,0.00226131035014987,0.0002748166845112875
1269,0.002121120458468795,0.00027442464903170723
1270,0.0022218977101147175,0.0002747279241465833
1271,0.002472607884556055,0.00027376700677574594
1272,0.0022063879296183586,0.0002733109326466929
1273,0.002236348809674382,0.00026880661111197327
1274,0.0020017148926854134,0.000270416707149464
1275,0.002753831911832094,0.0002719625031898057
1276,0.002797716064378619,0.0002713663982876077
1277,0.0020367635879665613,0.00027155512635500804
1278,0.002398377750068903,0.0002716035622602398
1279,0.0021927314810454845,0.0002664233449467663
1280,0.0019718341063708067,0.00026876387952463806
1281,0.00261481199413538,0.00026905181820347716
1282,0.0028158756904304028,0.0002713516484570154
1283,0.00234413449652493,0.0002709812941641684
1284,0.0020843707025051117,0.00026646209317245545
1285,0.0023959551472216845,0.00026339179238296385
1286,0.0023435913026332855,0.00026318302683708215
1287,0.0016877786256372929,0.0002701465402872452
1288,0.0020467936992645264,0.0002633694062762773
1289,0.002527505625039339,0.00026357873025315644
1290,0.001829494722187519,0.00026792457896175485
1291,0.001981607172638178,0.0002695921936595864
1292,0.0025432370603084564,0.0002705550936417558
1293,0.002764234784990549,0.00027097363130122124
1294,0.0023613469675183296,0.0002672958170449969
1295,0.002462666016072035,0.00026683576909456813
1296,0.0020497492514550686,0.00026265753559906213
1297,0.0020363968797028065,0.0002615717465767225
1298,0.002778097055852413,0.00026558455571395226
1299,0.0026186152826994658,0.00026719068325299075
1300,0.0024150065146386623,0.0002668958490593808
1301,0.0027062054723501205,0.0002687035595334805
1302,0.0024383305571973324,0.00026891347780024763
1303,0.0021736365742981434,0.00026932499488344265
1304,0.0026137344539165497,0.0002707277743777498
1305,0.0025966016110032797,0.0002720254882913962
1306,0.0019446911755949259,0.00027041136528193596
1307,0.0024372260086238384,0.00027021370977454946
1308,0.0022329548373818398,0.0002700668333782315
1309,0.002413297537714243,0.0002680370443543162
1310,0.002145694801583886,0.0002681181369579708
1311,0.0023078022059053183,0.00026784282908749583
1312,0.002118123462423682,0.0002680205201266448
1313,0.002258769702166319,0.0002680077757821742
1314,0.00213059363886714,0.0002669472927489681
1315,0.002016572980210185,0.00026847172759047056
1316,0.0022076936438679695,0.0002685637503770666
1317,0.0025727679021656513,0.00026868236752763995
1318,0.0021705999970436096,0.00026651212253289046
1319,0.0023200639989227057,0.00026593897579021503
1320,0.0021591130644083023,0.0002608607174668204
1321,0.0023845904506742954,0.0002590825365717431
1322,0.0021109911613166332,0.0002597207803504805
1323,0.0027329258155077696,0.0002626302421995315
1324,0.0021403294522315264,0.00026203550211021515
1325,0.002017710357904434,0.00026317272193031544
1326,0.0021762559190392494,0.00026354556037129403
1327,0.0023092853371053934,0.0002631425960358808
1328,0.0021932674571871758,0.00026304808479749747
1329,0.002341951010748744,0.00025436054251456845
1330,0.0022477535530924797,0.00025428453672330677
1331,0.0025946330279111862,0.00025558204419568625
1332,0.0024021207354962826,0.0002544679121907403
1333,0.0024578114971518517,0.00025394319261741986
1334,0.002276098122820258,0.00025249124943335654
1335,0.00221668416634202,0.00025259541014507994
1336,0.0019439116585999727,0.0002552048405434092
1337,0.0026183368172496557,0.0002552528357618942
1338,0.0020998199470341206,0.00025599392416915525
1339,0.002288487274199724,0.000254788742188674
1340,0.0019157563801854849,0.0002555415999994042
1341,0.0025530813727527857,0.0002559331216811435
1342,0.0018979336600750685,0.00025826597180261335
1343,0.002051818883046508,0.0002583622876415783
1344,0.0019170846790075302,0.0002607652069541602
1345,0.00239966856315732,0.00026056386754819117
1346,0.0025001615285873413,0.0002614669043039788
1347,0.0021135732531547546,0.00026097660117074426
1348,0.0021481309086084366,0.00026084519946930994
1349,0.0022220355458557606,0.00026068994261487774
1350,0.0025067063979804516,0.00026130890312071837
1351,0.001990879885852337,0.00026221458894158764
1352,0.00255396356806159,0.00026117124800884055
1353,0.0024758935905992985,0.00025945955434569513
1354,0.002111923648044467,0.00025461538188052674
1355,0.0022422114852815866,0.0002536404212107715
1356,0.0023667404893785715,0.00024902009379619355
1357,0.0027987428475171328,0.00025231342023603596
1358,0.0022687402088195086,0.00025130012122014247
1359,0.002303989138454199,0.00024065417440360934
1360,0.0024399140384048223,0.00024106056914000392
1361,0.0027241138741374016,0.0002446418992601945
1362,0.0025223628617823124,0.00024516026305010364
1363,0.002091225702315569,0.0002459064276379036
1364,0.002481742762029171,0.0002464554712517254
1365,0.0023846267722547054,0.0002464771745656042
1366,0.002569691278040409,0.0002478236012147587
1367,0.0026340188924223185,0.0002496523534164496
1368,0.0024226787500083447,0.00024985080158736883
1369,0.002242955844849348,0.00024920488531761316
1370,0.002038935199379921,0.00025055304091725454
1371,0.00237320177257061,0.00025010532441351735
1372,0.0022750888019800186,0.0002499099303669044
1373,0.0023080678656697273,0.0002497950354847176
1374,0.002093728631734848,0.00024880733099907497
1375,0.002017336431890726,0.0002465198337102209
1376,0.0025004169438034296,0.00024228313624601136
1377,0.002382277976721525,0.00024091104770085044
1378,0.0026213896926492453,0.00024279749897622725
1379,0.0021433793008327484,0.0002430850995602362
1380,0.0022980915382504463,0.00024070590139040974
1381,0.002330449875444174,0.0002387550296002745
1382,0.001785069121979177,0.00023887535566707545
1383,0.0017556993989273906,0.000244900992691929
1384,0.0021202187053859234,0.00024461978879409944
1385,0.0026354542933404446,0.00024680506535541423
1386,0.00278891297057271,0.00025166142905930504
1387,0.0023054988123476505,0.0002439604636228738
1388,0.002404808532446623,0.00024274836095325967
1389,0.00230969674885273,0.0002417445026320175
1390,0.002737094182521105,0.00024067180999062777
1391,0.0020581381395459175,0.0002397173453546343
1392,0.0020760532934218645,0.00023981260558134326
1393,0.0021880900021642447,0.00023572772415899454
1394,0.002828146331012249,0.00024138114519259586
1395,0.0021702805534005165,0.00024129695830529515
1396,0.0024251772556453943,0.000240154128007746
1397,0.0026293708942830563,0.00024060345999274183
1398,0.0019833100959658623,0.00023836206859827758
1399,0.0021684414241462946,0.00023671747661809198
1400,0.0026084184646606445,0.00023840646779260834
1401,0.002284569898620248,0.0002349842131135033
1402,0.002424818929284811,0.0002349095334182504
1403,0.0019471589475870132,0.0002372489281752654
1404,0.001991672208532691,0.0002371130384169168
1405,0.0019126548431813717,0.0002381716855539378
1406,0.0018476283876225352,0.0002397757466523416
1407,0.0020897758658975363,0.00024008899805511016
1408,0.0019015413708984852,0.00024305830120726038
1409,0.0023835792671889067,0.00024291163144696335
1410,0.0021558518055826426,0.0002428572063866622
1411,0.002029984723776579,0.00024411790754931738
1412,0.0020633020903915167,0.00024453924459596344
1413,0.0021496820263564587,0.000244861534252245
1414,0.0024713906459510326,0.00024519921460940884
1415,0.002248127246275544,0.00024378847669508262
1416,0.0026533871423453093,0.0002464942698824777
1417,0.002115733688697219,0.0002453472138850917
1418,0.002404139842838049,0.0002453985532302116
1419,0.0016982402885332704,0.0002522379366887655
1420,0.0020886012353003025,0.00025266894168028394
1421,0.002031886950135231,0.0002536016620145666
1422,0.0020313214045017958,0.0002542392972423147
1423,0.0023332834243774414,0.0002500260729817434
1424,0.0020068357698619366,0.00025106856835414
1425,0.002344330307096243,0.0002499196612819217
1426,0.0025784140452742577,0.0002516276334886007
1427,0.002189693506807089,0.0002517419584465383
1428,0.0024987971410155296,0.00025262056002148367
1429,0.0023996885865926743,0.0002528392426277949
1430,0.0023722071200609207,0.00025300333609194243
1431,0.0025912849232554436,0.00025296117436618296
1432,0.0026675015687942505,0.00025565886052735903
1433,0.0021472640801221132,0.0002553656678677239
1434,0.0018010198837146163,0.00025976578248726413
1435,0.0021789215970784426,0.0002598749505062065
1436,0.002196118701249361,0.0002578750922605551
1437,0.0024052977096289396,0.00025587808317516957
1438,0.0020471783354878426,0.00025629046435285917
1439,0.0018730147276073694,0.00025936701422937206
1440,0.0021717511117458344,0.00025711192647174635
1441,0.0023072315379977226,0.0002555507999516073
1442,0.0022687818855047226,0.0002528054601847061
1443,0.0024513076059520245,0.0002524551866700093
1444,0.0019332091324031353,0.0002522290070379306
1445,0.002251753583550453,0.00025192791414009494
1446,0.0024010108318179846,0.0002512236364419358
1447,0.0025002695620059967,0.0002517176921292852
1448,0.0024424304720014334,0.0002519155660702337
1449,0.002125461120158434,0.0002523247680895972
1450,0.002461330033838749,0.00025195171017421445
1451,0.0025014535058289766,0.0002512351384125536
1452,0.001980489818379283,0.0002515481147814405
1453,0.002215870190411806,0.000250824114099052
1454,0.002226281212642789,0.00025033173091270787
1455,0.0023287422955036163,0.00025036161317885854
1456,0.0020943586714565754,0.0002508604662193341
1457,0.0022907573729753494,0.00024521992684203343
1458,0.0024924580939114094,0.00024623091478737704
1459,0.0024400618858635426,0.0002467860432502703
1460,0.0019061974016949534,0.0002489051112787625
1461,0.002143911551684141,0.0002448910341667372
1462,0.0022046444937586784,0.00024353634576766264
1463,0.0023042820394039154,0.0002429866070440012
1464,0.001883297460153699,0.00024485633942435733
1465,0.002581239677965641,0.00024669043140894376
1466,0.0026022656820714474,0.00024712869369845257
1467,0.0027429843321442604,0.0002490395136532291
1468,0.0023902440443634987,0.00024884438432875916
1469,0.0022001792676746845,0.00024890732044274307
1470,0.002305308822542429,0.00024796710279681715
1471,0.002987516112625599,0.00025819190682044264
1472,0.002389846835285425,0.00025848573120104955
1473,0.0018642814829945564,0.0002615743764912849
1474,0.0022450967226177454,0.00026102162127620177
1475,0.00238502724096179,0.00026009094507906127
1476,0.0019350885413587093,0.00026113681056557264
1477,0.0021515300031751394,0.00026108860966158655
1478,0.0022541782818734646,0.0002585292363835217
1479,0.0025917119346559048,0.00026042506224055847
1480,0.0023388639092445374,0.00026051536517424854
1481,0.0023987828753888607,0.0002607873398182757
1482,0.0021886916365474463,0.00025641411406520883
1483,0.0025528152473270893,0.000252744797904532
1484,0.002597303129732609,0.0002543056567813241
1485,0.002214165171608329,0.0002518188468172784
1486,0.0026589545886963606,0.00024946323836785774
1487,0.002050327602773905,0.0002504359653508123
1488,0.00240818178281188,0.0002504544017911953
1489,0.0022506644017994404,0.00025043184185168755
1490,0.0024647351820021868,0.0002467592181204617
1491,0.0021524690091609955,0.00024612956727945094
1492,0.002626668894663453,0.0002479302418513055
1493,0.0021327692084014416,0.0002481857631568831
1494,0.0023110280744731426,0.00024181987731696606
1495,0.002504238858819008,0.0002427551860636314
1496,0.0021960935555398464,0.00024237331765489972
1497,0.002287269104272127,0.00023964091211148265
1498,0.002088179811835289,0.0002386184376128599
1499,0.002272858750075102,0.00023841077857125715
1500,0.0026408801786601543,0.00023890038517690023
1501,0.0022362563759088516,0.0002389163224905861
1502,0.0024417589884251356,0.00023903463121550722
1503,0.002196038141846657,0.00023694535084581143
1504,0.0021030581556260586,0.00023588015306077073
1505,0.0022783572785556316,0.00023307486260624888
1506,0.00257278373464942,0.0002309018611087201
1507,0.0024074469693005085,0.00023040616818681086
1508,0.0026095849461853504,0.0002293543423633318
1509,0.002264660783112049,0.00022918771931988472
1510,0.002984336344525218,0.00023899122244880092
1511,0.0020924704149365425,0.00023835895135994415
1512,0.00228151585906744,0.00023716012901389255
1513,0.0023787524551153183,0.00023677206806429585
1514,0.00255905045196414,0.00023755490110760518
1515,0.0022248164750635624,0.00023762367290108025
1516,0.0022756396792829037,0.00023502982470818108
1517,0.002511011902242899,0.00023518989247185755
1518,0.0022972803562879562,0.00023498180369361903
1519,0.00204952759668231,0.0002283539026662012
1520,0.0025168093852698803,0.0002282060432331199
1521,0.0023745750077068806,0.0002265140816975424
1522,0.0026772923301905394,0.00022752006108031362
1523,0.0021707601845264435,0.00022802243559561858
1524,0.0025830883532762527,0.0002272852861124629
1525,0.0029770750552415848,0.00023640634032743638
1526,0.0019728238694369793,0.00023780861527176992
1527,0.0020973437931388617,0.00023852523205943385
1528,0.002399380784481764,0.00023800445112190697
1529,0.002136355033144355,0.00023862602219619877
1530,0.0019685220904648304,0.00024117578513862547
1531,0.002174436580389738,0.00024001044719091033
1532,0.0021211227867752314,0.0002380975958803818
1533,0.0019445607904344797,0.00024033838160551803
1534,0.0022585485130548477,0.00023490822786396918
1535,0.002583268564194441,0.00023608410924071726
1536,0.0025910320691764355,0.0002373695481778515
1537,0.0026431484147906303,0.00023942309655219994
1538,0.0025758096016943455,0.00023913759272055075
1539,0.0020569467451423407,0.00023630158036020823
1540,0.002210133709013462,0.00023607502091357353
1541,0.0022246534936130047,0.0002362968028544844
1542,0.002170911757275462,0.00023674817503827186
1543,0.002343269996345043,0.00023642307778934306
1544,0.0020987619645893574,0.00023421220900638495
1545,0.0020758588798344135,0.00023544727064158776
1546,0.002618354745209217,0.0002371422133312215
1547,0.002290203934535384,0.00023653345620093844
1548,0.0024662017822265625,0.0002366633163112104
1549,0.0018458857666701078,0.00024067920645394836
1550,0.0018855646485462785,0.0002442139464213205
1551,0.002216251567006111,0.00024371379360539722
1552,0.0026853829622268677,0.00024413240868607845
1553,0.0024364134296774864,0.0002441590453760304
1554,0.0020814642775803804,0.0002451738079047034
1555,0.002162340097129345,0.00024569773347714855
1556,0.0024570347741246223,0.00024499102255059454
1557,0.0020215832628309727,0.0002468410093703198
1558,0.0022065078373998404,0.00024650419325907653
1559,0.002165110781788826,0.0002466768230308123
1560,0.001961046364158392,0.0002458146780685733
1561,0.0019478935282677412,0.00024798156540688774
1562,0.00227871211245656,0.00024775875284068595
1563,0.002239553490653634,0.0002478738548449664
1564,0.0023915341589599848,0.00024411013951461743
1565,0.002482934622094035,0.0002432451220074162
1566,0.002462855540215969,0.00024200343557101303
1567,0.002327911090105772,0.00023816857806439697
1568,0.002408943371847272,0.0002382365534249226
1569,0.0021447890903800726,0.00023856793276405588
1570,0.0021589689422398806,0.00023906642870244005
1571,0.0021009568590670824,0.00023002816508467102
1572,0.0021762680262327194,0.00023020586053734273
1573,0.0022757675033062696,0.00022596026103895462
1574,0.0025358526036143303,0.00022704894369572767
1575,0.0017110866028815508,0.00023461457090917458
1576,0.002341151237487793,0.00023170958223788424
1577,0.0019058797042816877,0.00023463974890888703
1578,0.002635074546560645,0.00023692247041183186
1579,0.0024726444389671087,0.00023577174080672154
1580,0.001976993400603533,0.00023802003341069698
1581,0.002573036588728428,0.0002393710086176819
1582,0.0020300112664699554,0.00024066272026527515
1583,0.0021461814176291227,0.00023981563262336642
1584,0.0019559168722480536,0.00024030418359480073
1585,0.002545346971601248,0.000241506653219222
1586,0.002377940807491541,0.0002388470826059912
1587,0.002070596907287836,0.0002386484318117041
1588,0.0020694632548838854,0.00023938840058801883
1589,0.0022150033619254827,0.00023947236555481923
1590,0.0023147587198764086,0.0002388260440275545
1591,0.0026059532538056374,0.00024054560050421848
1592,0.0024767741560935974,0.00023889730889356918
1593,0.00233418308198452,0.000238406842152835
1594,0.00219933083280921,0.0002385784687264567
1595,0.0024002487771213055,0.0002378647518269641
1596,0.0020125925075262785,0.00023929890648400216
1597,0.0024405443109571934,0.0002397844021909709
1598,0.0020353805739432573,0.00024028990190162424
1599,0.0024532461538910866,0.00024084373272746236
1600,0.0024109361693263054,0.00023855473629300262
1601,0.0021175583824515343,0.00023911213458465672
1602,0.0019453060813248158,0.00024101994904811793
1603,0.002832549624145031,0.00024704614606704486
1604,0.0024252540897578,0.00024670072201511353
1605,0.002155664609745145,0.00024707391829438823
1606,0.0020487308502197266,0.0002465884969886103
1607,0.002113808412104845,0.00024686987406433327
1608,0.001958125038072467,0.0002467486538810817
1609,0.002693482208997011,0.00025025007724683104
1610,0.0023215257097035646,0.00023998266700853878
1611,0.001996744889765978,0.00024090206847328607
1612,0.0024409699253737926,0.0002414876543301206
1613,0.0020892401225864887,0.00024195832333693664
1614,0.0023196465335786343,0.00024026241043264911
1615,0.00217622984200716,0.0002404018697742474
1616,0.0022232357878237963,0.00024044342357935347
1617,0.002540630754083395,0.00024076376778242695
1618,0.0025985194370150566,0.00024300355541466857
1619,0.0022249144967645407,0.00024201725296180447
1620,0.0021039925049990416,0.0002413382606028635
1621,0.0023028599098324776,0.00024112778149328656
1622,0.002188665559515357,0.00023768166443744403
1623,0.002410318236798048,0.00023794582130962937
1624,0.001825018785893917,0.0002398028673523215
1625,0.0022310465574264526,0.00022855318572502696
1626,0.0026968824677169323,0.00023111477322495155
1627,0.002561920555308461,0.00023251830692564503
1628,0.0022269394248723984,0.00023213293406981183
1629,0.002701629651710391,0.00023592122454169296
1630,0.002333323936909437,0.0002340795688379993
1631,0.002324888948351145,0.00023394132515077996
1632,0.0023388315457850695,0.00023353852586930482
1633,0.0023686315398663282,0.00023133807246827494
1634,0.0020410448778420687,0.0002325432844727013
1635,0.001960134133696556,0.00023257381083866517
1636,0.0025305075105279684,0.00023180666008586377
1637,0.002191239967942238,0.0002288269095950332
1638,0.0022309357300400734,0.0002266777794392047
1639,0.0022195845376700163,0.0002257795934503209
1640,0.0023861366789788008,0.00022605099429170606
1641,0.0019655870273709297,0.00022798879446108428
1642,0.002303122542798519,0.0002278389075492271
1643,0.0021991233807057142,0.00022778356409376617
1644,0.0020862387027591467,0.0002278775383797113
1645,0.0023623481392860413,0.00022731783105934197
1646,0.0029322970658540726,0.00023431363091051282
1647,0.0027359442319720984,0.00023894016589629403
1648,0.002347871195524931,0.00023826151201417157
1649,0.002320419065654278,0.00023440410163601532
1650,0.0024072928354144096,0.00023141977324266916
1651,0.0029420903883874416,0.00024057241308253393
1652,0.0031135831959545612,0.0002512857991404201
1653,0.002129009924829006,0.00025138740526894785
1654,0.002059001475572586,0.0002515850409623778
1655,0.002129716333001852,0.0002517722544257436
1656,0.0022947685793042183,0.0002511995976945033
1657,0.002479271963238716,0.00025047921374817277
1658,0.0027425484731793404,0.00025434144123265024
1659,0.0022996137849986553,0.0002539914631050756
1660,0.002420235425233841,0.00025197168962992595
1661,0.002278813859447837,0.00024941966576051753
1662,0.002225965727120638,0.0002495345762193803
1663,0.002576627768576145,0.00025090243088196797
1664,0.0023698839358985424,0.0002508400462437068
1665,0.00195098458789289,0.00025274817167050855
1666,0.0020329190883785486,0.00025366882627322267
1667,0.0022110342979431152,0.0002538054296068721
1668,0.002418323652818799,0.00025384848399601496
1669,0.001970017096027732,0.0002555125463528645
1670,0.001988309435546398,0.00025700660268277575
1671,0.00238249939866364,0.0002564020882588872
1672,0.0026222001761198044,0.0002581406807834783
1673,0.0027022422291338444,0.00026120491908334476
1674,0.0021954893600195646,0.0002604015075725531
1675,0.00224374420940876,0.00025352809852835284
1676,0.0021606064401566982,0.0002539346818789841
1677,0.0022804709151387215,0.0002507069557614958
1678,0.002279912121593952,0.00024856599865215394
1679,0.00217270664870739,0.00024835338200430757
1680,0.0017664816696196795,0.00025201612539205344
1681,0.00248884130269289,0.00025123969385494333
1682,0.0022442834451794624,0.0002498166746089901
1683,0.002324898261576891,0.0002493227187429189
1684,0.002238587476313114,0.0002469189859133331
1685,0.002289162017405033,0.0002457530881995292
1686,0.0018572007538750768,0.0002496774108289374
1687,0.0026697125285863876,0.0002513052445920491
1688,0.0019983849488198757,0.0002520796844617924
1689,0.0020093026105314493,0.0002536563273538683
1690,0.00210168631747365,0.0002544502482369253
1691,0.0025743995793163776,0.0002540874101038614
1692,0.0022602668032050133,0.0002534924294484848
1693,0.0024732365272939205,0.0002540714741962514
1694,0.002278386615216732,0.00025387867676187996
1695,0.002465102355927229,0.00025421847913767735
1696,0.0020226160995662212,0.0002541054769864299
1697,0.0022250579204410315,0.0002538264458426488
1698,0.0028369768988341093,0.0002580343263608558
1699,0.002197426278144121,0.0002578396485295904
1700,0.0027167871594429016,0.00026090920249531227
1701,0.0025845151394605637,0.00026164969526447823
1702,0.002721614670008421,0.0002621654482362656
1703,0.0020655975677073,0.0002582116088988204
1704,0.0018394554499536753,0.00026224002493802046
1705,0.0023929947055876255,0.0002619341067389022
1706,0.00205497769638896,0.0002618721552264511
1707,0.002507154829800129,0.00026186443169500537
1708,0.00233466736972332,0.00025940632597594427
1709,0.0025376221165060997,0.000257581574670944
1710,0.002794957719743252,0.0002620123839542191
1711,0.002141491509974003,0.00026060515656112877
1712,0.0021602187771350145,0.00026081561285304047
1713,0.00219942769035697,0.000260068791080851
1714,0.0024674800224602222,0.0002604886598189469
1715,0.002717497292906046,0.00026305841693035373
1716,0.0023461722303181887,0.0002628579904303574
1717,0.0019716238602995872,0.0002643578104923586
1718,0.001928300829604268,0.0002657704446070369
1719,0.0015445356257259846,0.0002765978596985363
1720,0.0018385087605565786,0.0002798363376712537
1721,0.002330776071175933,0.0002798471885503186
1722,0.0022633979097008705,0.00027962987640202174
1723,0.0022197735961526632,0.0002795674936869827
1724,0.002153630368411541,0.00027577386067844495
1725,0.002312377095222473,0.0002756635816429172
1726,0.002110161120072007,0.0002735631926515594
1727,0.0018461198778823018,0.0002760800238264614
1728,0.0026283382903784513,0.00027797575583950846
1729,0.0019958061166107655,0.0002766355469114052
1730,0.0021480461582541466,0.0002769833934665043
1731,0.002604477806016803,0.00027873237672003084
1732,0.001997734420001507,0.0002802611463987198
1733,0.0027525434270501137,0.0002839462000628664
1734,0.002245243638753891,0.00028283764929711334
1735,0.0020118439570069313,0.0002822632100648185
1736,0.002261009067296982,0.00028129602672442784
1737,0.0025877703446894884,0.0002826203528066369
1738,0.0025754370726644993,0.0002838882058605887
1739,0.0022397395223379135,0.0002838364633568042
1740,0.0018580673495307565,0.0002871465719945717
1741,0.0019003544002771378,0.00028797909988652483
1742,0.002180609153583646,0.00028820889498020505
1743,0.0022160818334668875,0.0002881570437412598
1744,0.0023153615184128284,0.0002873908914470327
1745,0.0025597568601369858,0.0002885186268219497
1746,0.002865132177248597,0.00028710461596166475
1747,0.00207034545019269,0.0002845652605889602
1748,0.002299632877111435,0.0002845102293454306
1749,0.002022473607212305,0.00028576032841972455
1750,0.00241101928986609,0.0002857762323779045
1751,0.0024397731758654118,0.0002784925095036834
1752,0.0025554390158504248,0.0002670441664202491
1753,0.002347128465771675,0.00026670693008912536
1754,0.002519540721550584,0.00026682828522555415
1755,0.0028188033029437065,0.00027164206530204724
1756,0.00286752637475729,0.0002776827033038222
1757,0.00226577534340322,0.0002770890586227654
1758,0.0022872379049658775,0.00027337828778062
1759,0.002331262920051813,0.0002734072114975783
1760,0.0023614726960659027,0.00027318940443926546
1761,0.0025480114854872227,0.00027439898171256245
1762,0.00240376777946949,0.000274536473399292
1763,0.0021086435299366713,0.00027367018998585555
1764,0.0024089249782264233,0.0002738130193173145
1765,0.0021729604341089725,0.00027192645572259695
1766,0.002048173453658819,0.0002717835091060466
1767,0.002132503315806389,0.0002721354613803262
1768,0.0024641251657158136,0.00027238857166620215
1769,0.0023606845643371344,0.00027051178644123654
1770,0.001874306588433683,0.0002720591235559817
1771,0.0021377746015787125,0.000272367018778626
1772,0.0022623520344495773,0.0002703409131505145
1773,0.0023454860784113407,0.0002671707869144796
1774,0.0022502336651086807,0.0002670402272401843
1775,0.0020187790505588055,0.000268345911226482
1776,0.002043477725237608,0.0002691441635551568
1777,0.0019935695454478264,0.00027069370858011843
1778,0.002510197926312685,0.00027167150773290175
1779,0.002393461298197508,0.0002716695960896463
1780,0.002516241744160652,0.0002675457367835936
1781,0.00272098695859313,0.00027026499823207863
1782,0.002051608171314001,0.00027130952456789706
1783,0.002083215629681945,0.0002720916500723074
1784,0.0022609613370150328,0.00027205823010787296
1785,0.00236373208463192,0.0002721577567363825
1786,0.002080292208120227,0.0002694681046316356
1787,0.002604289446026087,0.00026862259008370997
1788,0.0025025801733136177,0.0002677779423752133
1789,0.002810000441968441,0.0002710251900519947
1790,0.0021190159022808075,0.0002708990701508211
1791,0.0020649167709052563,0.00027058465488149087
1792,0.0026168078184127808,0.00027239121701664535
1793,0.0021737867500633,0.00027215932665025156
1794,0.00195022311527282,0.00027440564988764215
1795,0.002502244897186756,0.0002746593311939953
1796,0.002355540171265602,0.0002732991458280823
1797,0.002366890199482441,0.00027326614670056894
1798,0.0020717105362564325,0.00026884033913350666
1799,0.0020145822782069445,0.00027013157578697697
1800,0.0025137620978057384,0.00026766981094643907
1801,0.0022067269310355186,0.0002661537062151319
1802,0.002304772147908807,0.0002625285793057948
1803,0.002272208221256733,0.0002616075985368106
1804,0.0032237202394753695,0.00027408830548962624
1805,0.0024945337790995836,0.00027462598535636364
1806,0.0022888355888426304,0.00027350803210009146
1807,0.0029128578025847673,0.0002795131988990948
1808,0.0020683016628026962,0.0002805127318544246
1809,0.0023186379112303257,0.00027952493159256754
1810,0.002914968179538846,0.0002819102665385279
1811,0.0020192479714751244,0.0002828818658136849
1812,0.0022359974682331085,0.00028259967893148506
1813,0.0021640181075781584,0.00028275255608282615
1814,0.002411835826933384,0.000282478962065956
1815,0.0022163698449730873,0.00027945900612780835
1816,0.0024794277269393206,0.000280013959484617
1817,0.0022440552711486816,0.00027812409275809215
1818,0.001963632646948099,0.00027766809933748514
1819,0.002193329157307744,0.0002671913429676538
1820,0.002553196856752038,0.00026405450012160527
1821,0.00199550436809659,0.00026597170423614373
1822,0.0025963513180613518,0.00026744350324852496
1823,0.002484248485416174,0.00026780153202736527
1824,0.002440524287521839,0.0002675652686843282
1825,0.0023531424812972546,0.0002675840745461708
1826,0.0024644704535603523,0.0002671128792654385
1827,0.0023013227619230747,0.0002627244925254741
1828,0.0023890091106295586,0.0002610534080109505
1829,0.0019799049478024244,0.0002612615995065707
1830,0.0018437874969094992,0.00026510174198167907
1831,0.0024468274787068367,0.00026387834222496435
1832,0.002286591101437807,0.0002618699223173495
1833,0.002350372262299061,0.0002582944306427243
1834,0.0016493977745994925,0.00026678198317864067
1835,0.002017573220655322,0.0002667169207870252
1836,0.002287509385496378,0.00026667626542138954
1837,0.0021794033236801624,0.0002655799535756929
1838,0.0024555129930377007,0.00026464206985033953
1839,0.0018429694464430213,0.00026864433651951994
1840,0.0025795185938477516,0.0002661791221715701
1841,0.002310346346348524,0.0002628984586311028
1842,0.001777852769009769,0.00026804319972927374
1843,0.0021779227536171675,0.0002682095831327596
1844,0.0020980224944651127,0.00026906580801679467
1845,0.0023836391046643257,0.00026799125665085105
1846,0.0020467278081923723,0.000263279479809243
1847,0.0021393890492618084,0.00026276000992151544
1848,0.0020291157998144627,0.00026416428205638633
1849,0.002000695327296853,0.0002644029448727923
1850,0.0026401118375360966,0.0002663754641833645
1851,0.0020817224867641926,0.0002668902830743642
1852,0.002325143199414015,0.00026562756214868513
1853,0.0022717444226145744,0.0002655839725741677
1854,0.0023796935565769672,0.00026475047167299744
1855,0.0019264998845756054,0.0002618525590434164
1856,0.0023367153480648994,0.00025519001461745755
1857,0.002410674002021551,0.00025552975513871214
1858,0.002279139356687665,0.00025552861710783986
1859,0.002260575769469142,0.0002554820061042017
1860,0.0020941942930221558,0.0002560068416204858
1861,0.0023810407146811485,0.0002547576911946166
1862,0.0022169589065015316,0.00025448531721812936
1863,0.0019250513287261128,0.0002563361513635821
1864,0.002163429744541645,0.0002561758550506625
1865,0.0021492571104317904,0.00025627598735710014
1866,0.0022758999839425087,0.0002553115253714054
1867,0.002048566471785307,0.00025590682324502773
1868,0.002548632211983204,0.00025669405273950923
1869,0.0018163112690672278,0.0002605047026630057
1870,0.002841077744960785,0.000263778103756534
1871,0.0021203639917075634,0.0002638750919278303
1872,0.0022571408189833164,0.0002638780259592754
1873,0.0024832587223500013,0.0002646114108225347
1874,0.00251968065276742,0.00026571792136412703
1875,0.0020715282298624516,0.00026524906892794333
1876,0.0029356786981225014,0.00027216110748454084
1877,0.0017459276132285595,0.0002759668127989293
1878,0.0024352469481527805,0.000275451610811204
1879,0.0020439610816538334,0.0002762740399229182
1880,0.002314377808943391,0.000275275210277531
1881,0.002435175236314535,0.0002721075531954936
1882,0.002259078435599804,0.00027116597113856157
1883,0.0024032206274569035,0.0002707268390259733
1884,0.002323468215763569,0.00027075080068541185
1885,0.002298629842698574,0.0002706311463433007
1886,0.002542676404118538,0.0002711065474106129
1887,0.002115510869771242,0.00026971677648466463
1888,0.0022183265537023544,0.0002688580579286434
1889,0.002319193445146084,0.0002634834682216014
1890,0.0018723681569099426,0.0002660866078006372
1891,0.0022593906614929438,0.00026527374161089943
1892,0.0026426250115036964,0.0002656239926921551
1893,0.0020223583560436964,0.0002666269104479625
1894,0.002234997693449259,0.00026467108657405523
1895,0.0023506530560553074,0.0002637870450944623
1896,0.0024950047954916954,0.0002645945318152508
1897,0.0026669783983379602,0.00026734001828789157
1898,0.0020268363878130913,0.0002677263778512908
1899,0.002087925560772419,0.0002670997119656541
1900,0.0026378436014056206,0.00026849143548041116
1901,0.0024464584421366453,0.00026890898119603094
1902,0.0021442612633109093,0.00026924725089759753
1903,0.0018278639763593674,0.00027301489846561904
1904,0.0024887293111532927,0.0002566290418034323
1905,0.00242426386103034,0.0002560983090881451
1906,0.0025911780539900064,0.0002581310456394276
1907,0.002035406418144703,0.00025088269038272735
1908,0.002025439403951168,0.00025125262179266416
1909,0.0024878019466996193,0.0002522110428067059
1910,0.0018280716612935066,0.0002471950671349807
1911,0.0021682519000023603,0.0002462250885262795
1912,0.002359772101044655,0.000246447262303817
1913,0.0018389206379652023,0.0002497776826474488
1914,0.0023021320812404156,0.00024930673582900333
1915,0.0024204361252486706,0.00024986009497819303
1916,0.002323333639651537,0.00024891338968722814
1917,0.0022005694918334484,0.000248963379073521
1918,0.0024476060643792152,0.000248034316880853
1919,0.002187383361160755,0.0002480500261595153
1920,0.0024300306104123592,0.0002468583635558775
1921,0.002106317086145282,0.0002459333750150494
1922,0.0019946626853197813,0.0002448576776263684
1923,0.002315447200089693,0.00024379954323373396
1924,0.00269228033721447,0.00024709182331252017
1925,0.0020907551515847445,0.0002473773456442617
1926,0.002375985262915492,0.0002467500485780694
1927,0.0024230885319411755,0.0002473236632045903
1928,0.0017320583574473858,0.0002522065554464915
1929,0.0021417024545371532,0.00025103066218667096
1930,0.0023805759847164154,0.0002481379371156186
1931,0.0020638862624764442,0.00024799368277813916
1932,0.002514735795557499,0.0002494329335355481
1933,0.0019606854766607285,0.0002508334081690837
1934,0.0023715076968073845,0.0002438821477796086
1935,0.002499333815649152,0.00024400678631830903
1936,0.0023197531700134277,0.00024407198927047283
1937,0.0023117316886782646,0.00024401704979784458
1938,0.0020683063194155693,0.000243895433030309
1939,0.002050331560894847,0.00024124648010799795
1940,0.00215527368709445,0.00023919399229911808
1941,0.0026550660841166973,0.00024253002179450492
1942,0.0022134119644761086,0.00023776282961007777
1943,0.002051154151558876,0.00023853091677198128
1944,0.0022506634704768658,0.0002379926827876419
1945,0.0027971058152616024,0.00024371533989708303
1946,0.002114945789799094,0.00024320044434788615
1947,0.002723226323723793,0.0002471760781259486
1948,0.0022749709896743298,0.00024598644320399717
1949,0.002288494724780321,0.00024446622692796686
1950,0.0023010324221104383,0.0002416763360300775
1951,0.002038433915004134,0.00024205704521096933
1952,0.0022575403563678265,0.00024199714353292126
1953,0.001916762674227357,0.0002445579634245564
1954,0.0020415682811290026,0.00024530957375970607
1955,0.0022713150829076767,0.00024294612227655242
1956,0.0026262528263032436,0.00024550575235237406
1957,0.0022895783185958862,0.0002450991244155961
1958,0.0025030893739312887,0.0002462227266004185
1959,0.0021137811709195375,0.0002467178533565445
1960,0.002005326561629772,0.000247511711554062
1961,0.0018622461939230561,0.00025053399110156534
1962,0.0020860768854618073,0.0002511163935130668
1963,0.0023189871571958065,0.0002488671340268297
1964,0.002166592050343752,0.0002488542594540021
1965,0.002314225537702441,0.00024862370884818426
1966,0.0019839478190988302,0.0002502269056931327
1967,0.0018972569378092885,0.0002519943767954866
1968,0.0021030986681580544,0.00025082108792296885
1969,0.002336721634492278,0.0002469309341999166
1970,0.002070174552500248,0.00024066483254823516
1971,0.0026502141263335943,0.00024347387825992195
1972,0.0024987030774354935,0.000244631914148362
1973,0.0020079230889678,0.00024493269945284916
1974,0.002205291297286749,0.00024356088995632864
1975,0.002658866113051772,0.00024614993928800765
1976,0.002346907975152135,0.00023671658621947307
1977,0.0018833181820809841,0.00023411419281915255
1978,0.0025050484109669924,0.00023475489624277408
1979,0.0020452195312827826,0.00023474336892143356
1980,0.0025615766644477844,0.00023664253523333626
1981,0.002121737226843834,0.0002363737810294414
1982,0.002256966196000576,0.00023637367089138857
1983,0.0026178339030593634,0.00023867962190355724
1984,0.0020156633108854294,0.00023982104077028163
1985,0.0027186251245439053,0.00024421504157934234
1986,0.0021496289409697056,0.0002427792669699878
1987,0.0019148190040141344,0.0002447747223740861
1988,0.002116832649335265,0.00024513479882404043
1989,0.0020522752311080694,0.0002458600562663234
1990,0.0021984586492180824,0.00024294013897952675
1991,0.0021253805607557297,0.00024327780267697577
1992,0.002791167236864567,0.0002461216538353376
1993,0.002433718414977193,0.00024565081064511325
1994,0.0022243550047278404,0.0002456631636468302
1995,0.002340874169021845,0.0002456277935918708
1996,0.0020857262425124645,0.000245043771711707
1997,0.00230947183445096,0.00024153557485888296
1998,0.002246915129944682,0.00024048119575904503
1999,0.001977174077183008,0.0002414986676822148
2000,0.002221608767285943,0.00023833325936609056
2001,0.002423718571662903,0.00023815182502438472
2002,0.002275255275890231,0.00023794234904889747
2003,0.0021068104542791843,0.00023457733923025074
2004,0.0019661979749798775,0.00023504516264088524
2005,0.002325519686564803,0.0002344940400963069
2006,0.0023387623950839043,0.0002320725565375531
2007,0.0022258367389440536,0.0002311383630812559
2008,0.0024906788021326065,0.00023137564685186447
2009,0.002103089354932308,0.00023055693599004709
2010,0.0022244430147111416,0.00022669397491164632
2011,0.00233216374181211,0.0002266980876229358
2012,0.0022582421079277992,0.00022643079257370853
2013,0.0025601410306990147,0.00022470213599461449
2014,0.0022096922621130943,0.0002247033277643507
2015,0.0018375588115304708,0.00022792468262991685
2016,0.0026469160802662373,0.0002312503010291249
2017,0.001984108705073595,0.00023275557805028558
2018,0.0024073533713817596,0.00023244669875153307
2019,0.0024041845463216305,0.00023286201876488252
2020,0.0020344764925539494,0.0002331794588686121
2021,0.00224991119466722,0.00023273494957821896
2022,0.002131368964910507,0.000231617454244174
2023,0.002127122599631548,0.000231858508109305
2024,0.0022559058852493763,0.0002275105308577491
2025,0.002544068731367588,0.00022891103389338193
2026,0.0021648984402418137,0.00022870957543070198
2027,0.0023647728376090527,0.0002283320656890292
2028,0.0022689925972372293,0.0002223305299552398
2029,0.0022857009898871183,0.00022207149182408643
2030,0.002163244877010584,0.00022188355548856384
2031,0.002323379274457693,0.00022117973463166627
2032,0.0023962953127920628,0.0002200860691481962
2033,0.0020173178054392338,0.00021939747623687735
2034,0.0022717821411788464,0.0002190834498087817
2035,0.0024087042547762394,0.00021823912604744267
2036,0.0022713046055287123,0.00021814071287051153
2037,0.0021822114940732718,0.00021816344147571206
2038,0.0019200511742383242,0.00021990817747976143
2039,0.0022809631191194057,0.00021901505114496506
2040,0.0022233063355088234,0.00021882046693931365
2041,0.002090650610625744,0.00021556390163656185
2042,0.0019380782032385468,0.00021773148917112917
2043,0.0019976783078163862,0.00021827297399100497
2044,0.002429033163934946,0.00021906619045001353
2045,0.002261254470795393,0.0002118464518555261
2046,0.0023594058584421873,0.00021180964573848846
2047,0.002172890119254589,0.00020624465136444907
2048,0.0023047341965138912,0.0002063228433507836
2049,0.0022775428369641304,0.00020629778973442118
2050,0.002072296105325222,0.00020683950486074693
2051,0.0020868307910859585,0.00020643362504065918
2052,0.002501124981790781,0.0002081390547941401
2053,0.0022714161314070225,0.000205635986880645
2054,0.0022082412615418434,0.00020468121704490482
2055,0.0018158243037760258,0.00020904582737645195
2056,0.0019843876361846924,0.00020683211241815858
2057,0.0024305982515215874,0.00020771362895552438
2058,0.0021780896931886673,0.00020597269981375505
2059,0.0024352106265723705,0.00020665907996523792
2060,0.002162998542189598,0.00020550670942084297
2061,0.0022416103165596724,0.0002020460320775571
2062,0.0021439972333610058,0.00020168923437798334
2063,0.002489528153091669,0.00020309334933924045
2064,0.0023494164925068617,0.00020324739987660328
2065,0.0018941175658255816,0.00020606110517669673
2066,0.0025582509115338326,0.0002069168051950386
2067,0.002117522992193699,0.0002043500983339397
2068,0.002165277488529682,0.0002040060765620252
2069,0.001991920405998826,0.00020537225832428552
2070,0.002436242764815688,0.000205525057012234
2071,0.002167606959119439,0.0002015789137901214
2072,0.002640885068103671,0.00020389790437165903
2073,0.0023338361643254757,0.00020270131652960869
2074,0.0019550402648746967,0.00020474845165834802
2075,0.0027866472955793142,0.00020774121871094744
2076,0.0020615977700799704,0.000208288467354991
2077,0.0021106817293912172,0.00020555298655828143
2078,0.0023550058249384165,0.00020417565035647296
2079,0.002287043258547783,0.00020323822170814897
2080,0.0028538284823298454,0.00020982355018767291
2081,0.002773106098175049,0.00021587370175122817
2082,0.0018402701243758202,0.00021982009017819252
2083,0.003036590525880456,0.00023060693997500916
2084,0.0021773558109998703,0.00022947612419664962
2085,0.0024737741332501173,0.0002257728268823689
2086,0.001896898727864027,0.00022835434788650577
2087,0.0026828350964933634,0.0002298230503690485
2088,0.002047052141278982,0.000230365273123249
2089,0.001881701871752739,0.0002325297507196435
2090,0.002405692357569933,0.00023292683031740598
2091,0.0028171853628009558,0.0002391106344571465
2092,0.002955477451905608,0.0002432848179004962
2093,0.002117401920258999,0.0002431584964159594
2094,0.0025827959179878235,0.00024519614370065965
2095,0.002138453535735607,0.00024542344763388735
2096,0.002151166321709752,0.0002450250372484159
2097,0.002469215542078018,0.0002458269239740652
2098,0.002131434390321374,0.00024619876495544154
2099,0.002237558364868164,0.0002444732279572835
2100,0.002679174765944481,0.0002478245089685438
2101,0.002553840633481741,0.00024895652266619656
2102,0.002371907699853182,0.000249143107706872
2103,0.002505764365196228,0.00024959277415143255
2104,0.001973468344658613,0.00024950135147271975
2105,0.002422897843644023,0.0002498684774798583
2106,0.00316779688000679,0.00026507777321282895
2107,0.002063198946416378,0.00026597156497144316
2108,0.002368626184761524,0.00026531209312003737
2109,0.0019032054115086794,0.00026745554587834735
2110,0.002014363184571266,0.00026875749033613747
2111,0.002047122921794653,0.00026973892072141176
2112,0.0019033185672014952,0.0002723504643812085
2113,0.0026807342655956745,0.00027388199116179095
2114,0.0024098483845591545,0.00027411159359918365
2115,0.0023454248439520597,0.0002705190854935362
2116,0.0023313784040510654,0.00026808111303679486
2117,0.002210677834227681,0.00026649438224884015
2118,0.0024745564442127943,0.00026689342372743664
2119,0.0019589411094784737,0.0002685854020876783
2120,0.0027600338216871023,0.0002716665387000316
2121,0.0024320934899151325,0.000272023776245349
2122,0.0021769418381154537,0.0002717948654661767
2123,0.0020309998653829098,0.00027254421365311234
2124,0.0023269695229828358,0.0002725506587357443
2125,0.002053632168099284,0.00027233324512681737
2126,0.002174034249037504,0.0002722942671930753
2127,0.002306021749973297,0.00027218274888372895
2128,0.002456908579915762,0.0002727266177317136
2129,0.0026303506456315517,0.00027489412822789843
2130,0.0022260770201683044,0.0002746748822954126
2131,0.00219075009226799,0.0002748317496122385
2132,0.002816626336425543,0.00027966765941428564
2133,0.0024703587405383587,0.0002788285667822751
2134,0.002879658481106162,0.00028482811519765886
2135,0.0024463883601129055,0.0002849937450987953
2136,0.0026562269777059555,0.0002871422794415728
2137,0.002206450793892145,0.0002870455674649101
2138,0.0020835911855101585,0.00028527420708322635
2139,0.002144971862435341,0.000285735331426464
2140,0.0026401174254715443,0.00028751999486888207
2141,0.002471707295626402,0.0002870775600862152
2142,0.002591706346720457,0.0002858217718609246
2143,0.001996545819565654,0.0002858347999266132
2144,0.0026014400646090508,0.0002870006309669084
2145,0.0020767133682966232,0.00028800203086168293
2146,0.002102023921906948,0.0002888179160171793
2147,0.0018651101272553205,0.0002920229179036005
2148,0.002064758911728859,0.00029310757823664967
2149,0.0024775920901447535,0.00029353543371887834
2150,0.0023915190249681473,0.0002925875554117753
2151,0.0020195012912154198,0.0002932055477831338
2152,0.002327392343431711,0.0002926295260963031
2153,0.0026066205464303493,0.0002940158707256277
2154,0.0022516176104545593,0.0002938804064065117
2155,0.002286481438204646,0.00028944305369253735
2156,0.0019937781617045403,0.00028933269256826375
2157,0.003040275303646922,0.0002978605092999574
2158,0.002101663965731859,0.00029835684578752866
2159,0.0020479708909988403,0.00029950354433281977
2160,0.0022113050799816847,0.0002992747550701304
2161,0.0024411017075181007,0.00029935949057626995
2162,0.0024650460109114647,0.0002990684816211623
2163,0.002099188044667244,0.00029955150581548586
2164,0.0022418866865336895,0.0002996707205716321
2165,0.0022916311863809824,0.0002964766355462738
2166,0.002054455690085888,0.00029687289438332516
2167,0.0021582876797765493,0.00029661030906583265
2168,0.002278279047459364,0.00029620161206200975
2169,0.0023258118890225887,0.0002942449394900595
2170,0.0022370570804923773,0.00029420504925063105
2171,0.0022630104795098305,0.000293828160511493
2172,0.0021020618733018637,0.00029302327823755247
2173,0.002267860807478428,0.00029307832893241283
2174,0.0020568494219332933,0.0002919558276125534
2175,0.002384715946391225,0.00028829020962701027
2176,0.002726311329752207,0.0002898905784368225
2177,0.0024242743384093046,0.00028920725265137783
2178,0.002425416372716427,0.0002893507126576147
2179,0.0022425230126827955,0.00028945514448108214
2180,0.0023615402169525623,0.00028463265218614634
2181,0.002655297750607133,0.0002830060900629959
2182,0.002556189429014921,0.00027963826149806834
2183,0.002140666591003537,0.0002710840820906231
2184,0.0018641995266079903,0.00027457991718178034
2185,0.002016377868130803,0.00027581173025019565
2186,0.0023099416866898537,0.0002725430346481192
2187,0.002858563093468547,0.00027545518982498415
2188,0.0022995283361524343,0.0002740627241041124
2189,0.0027338280342519283,0.0002734002217387845
2190,0.002651998307555914,0.0002751646511038393
2191,0.002563473768532276,0.00027182844651947016
2192,0.0018824420403689146,0.0002681631114806534
2193,0.0022005101200193167,0.00026765000704173414
2194,0.002470138017088175,0.00026678164520117857
2195,0.002754571847617626,0.0002695996254105633
2196,0.0022908153478056192,0.0002690346725660549
2197,0.0027409156318753958,0.0002718169614868086
2198,0.0026578386314213276,0.0002729829846204639
2199,0.002446154598146677,0.0002730083012901148
2200,0.002019645879045129,0.00027268872734950245
2201,0.002502397634088993,0.00027231621628152544
2202,0.0025080975610762835,0.00027285526345155567
2203,0.0019364272011443973,0.0002751624472353043
2204,0.0027642068453133106,0.00027622586611580864
2205,0.0023922640830278397,0.0002761455927208532
2206,0.002560861175879836,0.0002640803979589309
2207,0.002171881031244993,0.0002631946501409373
2208,0.0019728485494852066,0.00026558493350894026
2209,0.002802066970616579,0.00026631221220610685
2210,0.002330703428015113,0.0002643265406012353
2211,0.002174754161387682,0.00026320878106196155
2212,0.002312724944204092,0.00025950157562730996
2213,0.0018721281085163355,0.00026150467163000126
2214,0.0023716436699032784,0.0002614239939173121
2215,0.0025287987664341927,0.0002621336966016973
2216,0.002240215428173542,0.00026231445566583827
2217,0.0021691443398594856,0.00026254896858007095
2218,0.0023285262286663055,0.0002621786278181614
2219,0.0022013308480381966,0.00025977679901027437
2220,0.0021522766910493374,0.0002568816066098759
2221,0.0020534705836325884,0.0002581678549906004
2222,0.0022751335054636,0.00025777587203576404
2223,0.0027231909334659576,0.0002589976862202587
2224,0.0022502094507217407,0.000259136645970008
2225,0.00233642035163939,0.000257577460940695
2226,0.0023668373469263315,0.00025706286877432284
2227,0.0021690574940294027,0.00025760676269534163
2228,0.0025999543722718954,0.00025866856132351006
2229,0.0019156347261741757,0.0002604177857074173
2230,0.0023501324467360973,0.00026020202512888716
2231,0.0021643436048179865,0.0002603617550298257
2232,0.002070985035970807,0.00025703543497654303
2233,0.0022823549807071686,0.0002566548734293451
2234,0.0022673902567476034,0.0002504931220574283
2235,0.002253713086247444,0.0002502351088839104
2236,0.0026288009248673916,0.000249873102439923
2237,0.002391606569290161,0.00024974194133998436
2238,0.0021233782172203064,0.000249397028540274
2239,0.0020791292190551758,0.00024994442047824396
2240,0.002448911778628826,0.0002481743598249147
2241,0.002347667934373021,0.0002476942470089452
2242,0.0027418616227805614,0.00024984020554114707
2243,0.0023402483202517033,0.0002477627061439472
2244,0.0026942971162497997,0.00024900283950303584
2245,0.002303582616150379,0.0002477950910411138
2246,0.002607222180813551,0.0002484100953061675
2247,0.0019919108599424362,0.00024634230736418394
2248,0.0018416008679196239,0.0002497430875653146
2249,0.0022544232197105885,0.00024937419570198274
2250,0.002195726614445448,0.00024960765378507745
2251,0.002210841979831457,0.00024799279577462804
2252,0.0023453948087990284,0.0002480018111089243
2253,0.002038554986938834,0.00024797312863499975
2254,0.002260230015963316,0.0002479511568125201
2255,0.0018741781823337078,0.00025188726171478977
2256,0.0020939456298947334,0.00025079589050497076
2257,0.002680949866771698,0.00024275154228471595
2258,0.002310480223968625,0.0002418213345365058
2259,0.0020003218669444323,0.00024239701363210496
2260,0.002096735406666994,0.00024315445223937365
2261,0.002470098901540041,0.0002433267797667338
2262,0.0021550690289586782,0.00024334000607964524
2263,0.002347541507333517,0.00024243718535732733
2264,0.0017662637401372194,0.0002484186601798802
2265,0.002404335653409362,0.0002486026199872655
2266,0.0018736649071797729,0.000251112662906207
2267,0.002421196550130844,0.00025092059741455946
2268,0.0023918296210467815,0.0002510361070162225
2269,0.0024856822565197945,0.0002516439166942233
2270,0.002234868472442031,0.00025165059077654955
2271,0.001975991763174534,0.0002538413515681828
2272,0.002121537923812866,0.00025368835811949723
2273,0.0020293602719902992,0.000255198000251078
2274,0.00242914748378098,0.0002542276201383249
2275,0.0018670841818675399,0.0002579455684642941
2276,0.002117290860041976,0.000255081232035324
2277,0.002421159762889147,0.0002550660104528889
2278,0.0019834921695291996,0.0002566819003327314
2279,0.002284795744344592,0.0002566296253226525
2280,0.0022146450355648994,0.000256667000082099
2281,0.002180269919335842,0.0002542942409904161
2282,0.0024767585564404726,0.00025357448750568497
2283,0.002494196407496929,0.00025395985793557187
2284,0.0024638918694108725,0.00025082140365955015
2285,0.0027294154278934,0.000252866808141053
2286,0.0025399448350071907,0.0002539564409352356
2287,0.00232709595002234,0.0002477883369660559
2288,0.0023286601062864065,0.0002478026137202657
2289,0.0020852014422416687,0.00024486253671725635
2290,0.0025166855193674564,0.00024324240714022522
2291,0.001904859789647162,0.0002447941680807395
2292,0.0023045132402330637,0.000241348984555411
2293,0.002801590133458376,0.00024647755688875244
2294,0.0023914058692753315,0.00024604759096194024
2295,0.0020193452946841717,0.0002432121755684724
2296,0.002516787499189377,0.00024426839491292437
2297,0.0020899116061627865,0.00024083820793827099
2298,0.0025621443055570126,0.00023953092206048177
2299,0.0021128675434738398,0.0002395800958722007
2300,0.0023410306312143803,0.00023818563944774654
2301,0.002342727966606617,0.00023724389802472256
2302,0.002092086710035801,0.00023690337776739986
2303,0.0023310482501983643,0.0002344163330145955
2304,0.002550874836742878,0.00023093539580366088
2305,0.0021854883525520563,0.00023085130105004737
2306,0.002173684537410736,0.00022931022920349512
2307,0.002089095301926136,0.0002298339209129022
2308,0.0017855132464319468,0.00023305303653098363
2309,0.0020312194246798754,0.0002280368253259053
2310,0.002091856673359871,0.00022858410048719993
2311,0.0021477052941918373,0.0002287042072542415
2312,0.0018913146341219544,0.00023161667421259504
2313,0.0022895028814673424,0.00022834148221578031
2314,0.002140639815479517,0.0002283850957927669
2315,0.0020837977062910795,0.00022741335804507467
2316,0.0022945567034184933,0.0002274430666435188
2317,0.0025714165531098843,0.00022945156668547224
2318,0.0022324640303850174,0.0002293601867055388
2319,0.0024419475812464952,0.0002300165163950918
2320,0.002497284207493067,0.00023095755379629369
2321,0.0021313976030796766,0.00023036984356249394
2322,0.0024068006314337254,0.00023080394057354016
2323,0.002678876044228673,0.00022995895624881412
2324,0.0020478442311286926,0.00023098671952903436
2325,0.0025417108554393053,0.00023254480325991166
2326,0.002259092638269067,0.00023232213589123704
2327,0.002263294765725732,0.0002321205989194646
2328,0.0027962669264525175,0.0002357764407654074
2329,0.002442258410155773,0.000233703792005181
2330,0.0021678900811821222,0.00023380711806841514
2331,0.0023005090188235044,0.0002335747828955443
2332,0.0022456557489931583,0.00023270346116011645
2333,0.0023576836101710796,0.00023285158046803164
2334,0.002368109067901969,0.00023303572666505485
2335,0.0024167278315871954,0.00023344741811207273
2336,0.0020766453817486763,0.00023158208959502685
2337,0.0022944011725485325,0.0002312796261394438
2338,0.0019342545419931412,0.00023326556274185469
2339,0.0024992618709802628,0.0002335884438026835
2340,0.0016910582780838013,0.00024004572605598355
2341,0.0018145705107599497,0.0002440981134011938
2342,0.0021366854198276997,0.00023950532017181573
2343,0.0020342357456684113,0.0002403530662216869
2344,0.002702960977330804,0.00024051579187569345
2345,0.002569465432316065,0.0002425571949488931
2346,0.0022198697552084923,0.00023994244870874625
2347,0.002290230244398117,0.0002385468052025058
2348,0.0022569485008716583,0.00023489277857470425
2349,0.0021862348075956106,0.00023500081854958206
2350,0.0021500305738300085,0.0002351652278858582
2351,0.002444479614496231,0.00023586774016933122
2352,0.002339752856642008,0.0002358474722926703
2353,0.0024477909319102764,0.00023553988724386662
2354,0.002228840021416545,0.00023556420401483975
2355,0.002153625711798668,0.00023254997598163397
2356,0.0022723788861185312,0.0002319060536546595
2357,0.002267386531457305,0.00022810627325240595
2358,0.0024293672759085894,0.00022866596289048088
2359,0.0022624735720455647,0.000227109053972072
2360,0.002391509711742401,0.00022679355440983803
2361,0.001972197089344263,0.00022781150440249787
2362,0.0024987796787172556,0.00022873227477043087
2363,0.002394626848399639,0.00022894581846716683
2364,0.0022498194593936205,0.0002232655070475384
2365,0.0018193251453340054,0.00022742584437138055
2366,0.002120319986715913,0.00022442851052386915
2367,0.0024092290550470352,0.00022435026238131777
2368,0.0022108901757746935,0.00022408649445439165
2369,0.002582200802862644,0.00022523805127124807
2370,0.002365848980844021,0.0002254179713553988
2371,0.002161417156457901,0.0002237282990642047
2372,0.0021828801836818457,0.0002233948139406359
2373,0.0022682982962578535,0.00022203801031169654
2374,0.0029045837000012398,0.00023030335034020293
2375,0.0016511130379512906,0.00023517560760687316
2376,0.0026122191920876503,0.00023696417242949502
2377,0.0024471315555274487,0.0002371315540441961
2378,0.00232527544721961,0.00023522605352132903
2379,0.001872347784228623,0.00023884348626152934
2380,0.002402998972684145,0.00023904696393481752
2381,0.002057604258880019,0.00023989891603809908
2382,0.0026697746943682432,0.000242238803048522
2383,0.0021051825024187565,0.00024196739434579552
2384,0.0021153176203370094,0.00024181709828906072
2385,0.0023400140926241875,0.00023756483168184032
2386,0.002154299523681402,0.00023632511393114676
2387,0.002487641293555498,0.00023726184562569856
2388,0.002662557177245617,0.0002404045673341992
2389,0.002664721105247736,0.00024276301723699217
2390,0.002258638385683298,0.00024159604012659092
2391,0.002462953794747591,0.00023932600852587255
2392,0.0021291235461831093,0.00023981282575102854
2393,0.0018810018664225936,0.0002373132478941033
2394,0.0023438637144863605,0.0002371203090700086
2395,0.0018828249303624034,0.00023897591516034515
2396,0.0020374804735183716,0.0002387974676125979
2397,0.002258281223475933,0.00023813650500068882
2398,0.002311272080987692,0.0002363168605060403
2399,0.0024898257106542587,0.00023686974782836278
2400,0.0024395985528826714,0.00023737757054844298
2401,0.002217555418610573,0.00023731948027133702
2402,0.0021353652700781822,0.00023703360157034507
2403,0.0022996028419584036,0.00023697136420058743
2404,0.0022976438049227,0.00023527280650183018
2405,0.0021356018260121346,0.00023549844818447207
2406,0.002564377849921584,0.00023719124484608884
2407,0.0024290636647492647,0.0002370141793024659
2408,0.002277746330946684,0.00023184259482160281
2409,0.002297090133652091,0.000230505450793301
2410,0.002021470805630088,0.00023119399979267124
2411,0.0022331159561872482,0.00023085828693759808
2412,0.0019344178726896644,0.00023016305092753218
2413,0.0021007561590522528,0.000230866841753633
2414,0.002304408233612776,0.00023045393479273555
2415,0.002402245532721281,0.0002299021059964087
2416,0.0025249486789107323,0.00023115891466694564
2417,0.0021015796810388565,0.00023007974056850507
2418,0.001984125468879938,0.0002319492585286096
2419,0.0024864505976438522,0.00023230703921455224
2420,0.0019961886573582888,0.00023296905108020826
2421,0.002093364717438817,0.0002332361822141499
2422,0.0023445270489901304,0.00023296174795097138
2423,0.002197639085352421,0.00022945048298702805
2424,0.0022519242484122515,0.0002283700330981301
2425,0.0021549263037741184,0.00022700814057406788
2426,0.002121745375916362,0.00022747158595963368
2427,0.0020005148835480213,0.00022901160795245557
2428,0.0022812718525528908,0.0002225996125559843
2429,0.002220842055976391,0.00022184687166315457
2430,0.0019455383298918605,0.000223840684612145
2431,0.002686623949557543,0.00022795340678550708
2432,0.0024529423099011183,0.00022878750429664073
2433,0.0022165197879076004,0.00022861014353694787
2434,0.0019909758120775223,0.0002298817085126698
2435,0.002356895711272955,0.00022953195775904747
2436,0.002063111402094364,0.0002296413018574381
2437,0.0022580320946872234,0.00022960457807323235
2438,0.00198283139616251,0.00022897375270989923
2439,0.0023262840695679188,0.0002277490038666839
2440,0.0026845941320061684,0.00022468894978910654
2441,0.002319655381143093,0.00022016609307251144
2442,0.00202876515686512,0.00022107307030382384
2443,0.002375527983531356,0.00022009522720629164
2444,0.0026017818599939346,0.00021830614895800143
2445,0.0022166860289871693,0.00021622820559314866
2446,0.00212041474878788,0.0002166643836909393
2447,0.0025600064545869827,0.0002186692976878898
2448,0.0019125216640532017,0.00022151245532161604
2449,0.0022612055763602257,0.00022137727242367553
2450,0.002552483230829239,0.00022294396556604102
2451,0.0023513613268733025,0.0002223917127121426
2452,0.002270258730277419,0.00022226973258986796
2453,0.0022341827861964703,0.0002215304398166687
2454,0.00235504237934947,0.00022168818313138993
2455,0.0023679728619754314,0.0002216352209271684
2456,0.0020175850950181484,0.00022303630229838662
2457,0.0023068462032824755,0.00022307592501864947
2458,0.002181944204494357,0.00022260765543390682
2459,0.0027254445012658834,0.00022736708804248717
2460,0.002369945403188467,0.00022725828884533715
2461,0.002356150420382619,0.00022546227018472678
2462,0.0021346358116716146,0.00022468422450643862
2463,0.0017598762642592192,0.00022995446458072192
2464,0.0025172533933073282,0.00023137466656396712
2465,0.0019550526048988104,0.00022912934173472172
2466,0.0019805957563221455,0.00023044254442782796
2467,0.0024068993516266346,0.0002304277867451386
2468,0.0020179999992251396,0.00023167693182788574
2469,0.0024620606563985348,0.00023030511450920874
2470,0.002309332136064768,0.00023011302243190282
2471,0.0018778858939185739,0.0002330658560104153
2472,0.002071338938549161,0.00023369028667826543
2473,0.002402068115770817,0.00023414442595576473
2474,0.002094421535730362,0.00022537103877168845
2475,0.002625536173582077,0.00022026105492720045
2476,0.002675676019862294,0.00022137789218261216
2477,0.002550729550421238,0.0002225043090639951
2478,0.0025805849581956863,0.00022470838071195367
2479,0.0018736436031758785,0.0002246856559785278
2480,0.0024989040102809668,0.00022549201582386938
2481,0.0020874072797596455,0.00022523592425529725
2482,0.002369761234149337,0.00022175253965085092
2483,0.0024722591042518616,0.0002221787805165366
2484,0.0020145950838923454,0.00022309082294097872
2485,0.0026814774610102177,0.0002268471449606974
2486,0.00196602800861001,0.0002285704312003023
2487,0.002355419099330902,0.0002276533931685688
2488,0.0020161722786724567,0.00022539497278865195
2489,0.002092880429700017,0.00022219759728853887
2490,0.0023800507187843323,0.0002225653096818519
2491,0.0021240354981273413,0.00022191965045181654
2492,0.002367914654314518,0.00022189182640036767
2493,0.0022340554278343916,0.00021871076650291404
2494,0.002591656055301428,0.0002211090941533154
2495,0.0022666531149297953,0.00021783283532162854
2496,0.002011755481362343,0.00021811580899185444
2497,0.0021745404228568077,0.00021829037920574758
2498,0.0026064314879477024,0.00022095586638767149
2499,0.0023659183643758297,0.0002200220087630472
2500,0.0022547037806361914,0.0002192964319674297
2501,0.0019456639420241117,0.00022151341488836946
2502,0.002266734605655074,0.00022116703734512705
2503,0.002234441228210926,0.0002211436310170604
2504,0.002382615813985467,0.00022145729409916312
2505,0.002403904451057315,0.00022156410628224965
2506,0.0019599911756813526,0.0002214857840349724
2507,0.0023359707556664944,0.00022094737729189766
2508,0.002191790845245123,0.00022102670684076182
2509,0.0024307346902787685,0.00022168969598491264
2510,0.0019755575340241194,0.00022222694072508996
2511,0.0026185428723692894,0.0002251594596073243
2512,0.00261491141282022,0.00022552551426223002
2513,0.0022278076503425837,0.00022494194062752773
2514,0.002792392624542117,0.00023096671093484936
2515,0.002723726676777005,0.00023499702635514317
2516,0.002054300159215927,0.00023466206146431875
2517,0.001985267736017704,0.00023579443442171952
2518,0.002190572675317526,0.00023416823676597798
2519,0.0026152003556489944,0.00023571017454998534
2520,0.0024430674966424704,0.0002346445309276049
2521,0.001985513139516115,0.0002357441791366363
2522,0.002275306498631835,0.00023564343960041188
2523,0.0021636057645082474,0.0002357817275930203
2524,0.002132689580321312,0.0002362020986454703
2525,0.0019782320596277714,0.0002377582110978666
2526,0.0025421991012990475,0.00023878412922953828
2527,0.002226639073342085,0.0002372095235373254
2528,0.002282157074660063,0.00023720963404772076
2529,0.002162819728255272,0.0002374236674073679
2530,0.0020220098085701466,0.00023646256390000243
2531,0.0023625276517122984,0.00023301473309495004
2532,0.0026795403100550175,0.00023584011631781743
2533,0.0022355925757437944,0.00023579760511217146
2534,0.0018572387052699924,0.0002378136739345469
2535,0.002426040591672063,0.0002381490430818373
2536,0.0026770252734422684,0.00024046713390526298
2537,0.0018748017027974129,0.00024390914223226644
2538,0.0023581800051033497,0.00024217414242383705
2539,0.0020266433712095022,0.00024349084239981466
2540,0.002618126105517149,0.00024246545932219606
2541,0.002443291014060378,0.00024298467336735796
2542,0.002213067142292857,0.00024174661377620273
2543,0.0022420226596295834,0.0002415991745401183
2544,0.0025110726710408926,0.00024055324254634394
2545,0.0019615408964455128,0.00024258444188025787
2546,0.0023697824217379093,0.00024222724983469874
2547,0.001987021416425705,0.0002423309587478786
2548,0.002039344282820821,0.00024074148387222676
2549,0.0021070537623018026,0.00024133165478740852
2550,0.0020065836142748594,0.0002411591793291545
2551,0.0022354107350111008,0.0002410391534930227
2552,0.002451761858537793,0.00024173793277251058
2553,0.0023064559791237116,0.0002417380669407661
2554,0.0026234807446599007,0.0002441630979334865
2555,0.0024881395511329174,0.0002449281470894333
2556,0.0020675482228398323,0.00024444921592455644
2557,0.002279419917613268,0.0002444285344597827
2558,0.0025672432966530323,0.00024598271553599596
2559,0.002550122095271945,0.00024337669299553063
2560,0.0026483568362891674,0.0002460304261576164
2561,0.00212654797360301,0.00024638022665630677
2562,0.0023214397951960564,0.00024599522429082993
2563,0.002222397830337286,0.00024041710608675138
2564,0.002061016857624054,0.00024027162145982099
2565,0.0016903819050639868,0.00024528451135282355
2566,0.002404552884399891,0.00024377552018066894
2567,0.0022900330368429422,0.00024344508469870184
2568,0.0018413483630865812,0.00024599078853471243
2569,0.0025906413793563843,0.0002472955907923065
2570,0.0023115351796150208,0.00024729839945691765
2571,0.002009361982345581,0.00024548594574999176
2572,0.0022069578990340233,0.00024469183023573986
2573,0.0023777654860168695,0.0002445833220210148
2574,0.002220899797976017,0.00024393145147047217
2575,0.002314898883923888,0.0002414900614890982
2576,0.002558746375143528,0.0002398313454425896
2577,0.0021424409933388233,0.0002386249792043861
2578,0.002431872533634305,0.0002371574685959836
2579,0.0023087223526090384,0.0002337215746487729
2580,0.0023473447654396296,0.0002327603191978345
2581,0.0023878533393144608,0.00023224099437722342
2582,0.0024141741450875998,0.00023245883772627266
2583,0.0021044735331088305,0.0002322854965243286
2584,0.002042385283857584,0.00023198640960403314
2585,0.0023462222889065742,0.00022846262808321702
2586,0.0022886176593601704,0.00022635774299272022
2587,0.002153304172679782,0.0002265422366589176
2588,0.0021696272306144238,0.0002252956963764405
2589,0.00230498518794775,0.00022455770916758464
2590,0.001990250078961253,0.0002261367213762888
2591,0.0021235698368400335,0.00022613983652581169
2592,0.002381404861807823,0.0002262007023924218
2593,0.001764108194038272,0.00023184406455132686
2594,0.002299810526892543,0.0002295671811936087
2595,0.0020568163599818945,0.00023051897294816624
2596,0.002273803111165762,0.00022910783987063375
2597,0.0023242582101374865,0.00022898928244016422
2598,0.002452095737680793,0.0002271990719415748
2599,0.00222119502723217,0.0002270206487161364
2600,0.002133703790605068,0.00022739883752597026
2601,0.001991105964407325,0.00022680108121608748
2602,0.0018950140802189708,0.00022978826223198998
2603,0.001900125527754426,0.0002325881852963538
2604,0.0025124591775238514,0.00023365482787225005
2605,0.0023578903637826443,0.00023341095995882768
2606,0.0022174648474901915,0.00023150120135215856
2607,0.0023124937433749437,0.00023143600278276811
2608,0.0020272829569876194,0.00023251133189586571
2609,0.0027447156608104706,0.00023693407150436016
2610,0.0021836268715560436,0.00023530143977284064
2611,0.0016899524489417672,0.00023945672107994183
2612,0.0023616754915565252,0.00023693531470020304
2613,0.002207063604146242,0.00023696599447840108
2614,0.0024334441404789686,0.00023135008175788766
2615,0.002374522853642702,0.00022669207880875655
2616,0.001739452127367258,0.00023150204183925962
2617,0.00220304261893034,0.00023008446598468904
2618,0.002176280366256833,0.00023012240825737347
2619,0.0023184313904494047,0.00022717956625296177
2620,0.0021727022249251604,0.00022635614087083774
2621,0.0024215499870479107,0.0002256388020192992
2622,0.0021995380520820618,0.0002256548057821446
2623,0.002433069283142686,0.0002263199908988219
2624,0.0021001077257096767,0.00022650589660758419
2625,0.002098042517900467,0.00022539938350720867
2626,0.001957912463694811,0.00022519902715828258
2627,0.001987944357097149,0.00022659722528718733
2628,0.002957187592983246,0.0002377339287858833
2629,0.002442784607410431,0.0002384175596090942
2630,0.0022773672826588154,0.00023735238150454286
2631,0.0020648357458412647,0.00023778314236332903
2632,0.0020051919855177402,0.000234915190960041
2633,0.002562359906733036,0.00023712283663798647
2634,0.0023087775334715843,0.00023398607251573196
2635,0.001660512643866241,0.0002405099017009569
2636,0.0025116573087871075,0.0002380276781747871
2637,0.002104994375258684,0.00023558069561903402
2638,0.002493116073310375,0.00023664698260803777
2639,0.0023370757699012756,0.00023583332966193622
2640,0.0018833804642781615,0.00023552739408923257
2641,0.00242613279260695,0.0002353820658094396
2642,0.001675089355558157,0.00024199405169899948
2643,0.002247164724394679,0.00024199678933060619
2644,0.001910221530124545,0.00024245313700609316
2645,0.002275695325806737,0.00024102482062450612
2646,0.002200242131948471,0.0002406204621564729
2647,0.0023849704302847385,0.00023989609227599863
2648,0.002622427884489298,0.0002422582948104815
2649,0.002240209374576807,0.00024190189393833892
2650,0.002137362025678158,0.0002409875183747708
2651,0.0019826628267765045,0.00024235503750165055
2652,0.0021734745241701603,0.00024146279077460792
2653,0.0022204616107046604,0.00024135683445354684
2654,0.002568415831774473,0.00024051966699457496
2655,0.001837990595959127,0.00024233440929197388
2656,0.0021058665588498116,0.00024211067799053212
2657,0.0027180195320397615,0.0002469949878938257
2658,0.0020624496974051,0.0002452116935095163
2659,0.001939613837748766,0.00024466611518350135
2660,0.002362167462706566,0.00024125671598550387
2661,0.0020934296771883965,0.00024140521628688566
2662,0.0023342338390648365,0.0002414645351284026
2663,0.0021256771869957447,0.00024163667016321015
2664,0.0020959009416401386,0.00024143559916584164
2665,0.0022428797092288733,0.00023552453518012014
2666,0.0022267475724220276,0.00023480241093256577
2667,0.002137129195034504,0.0002348409749324123
2668,0.002422625431790948,0.00023259002842316114
2669,0.0025357785634696484,0.0002317809383302996
2670,0.002300004009157419,0.00023173978601620266
2671,0.0026589129120111465,0.000234751377202931
2672,0.002362453145906329,0.00023510975294467569
2673,0.0020348289981484413,0.0002354611392668628
2674,0.002001621760427952,0.00023655067519821334
2675,0.002253676997497678,0.00023639811823709405
2676,0.002429437590762973,0.00023490661337737906
2677,0.002479265443980694,0.0002361318701580128
2678,0.002705938182771206,0.000240082709886242
2679,0.0021269917488098145,0.00024017211171710424
2680,0.0023654839023947716,0.00024026949736405398
2681,0.002039683051407337,0.00024046432154771572
2682,0.002492251805961132,0.00024120924440997594
2683,0.002662230981513858,0.000244789909728264
2684,0.0025010602548718452,0.0002455029418705014
2685,0.0025247903540730476,0.00024695574641307624
2686,0.002430729568004608,0.0002476574400153778
2687,0.00210381718352437,0.0002478807480258366
2688,0.002577010076493025,0.0002500670676747777
2689,0.0021827304735779762,0.0002500601772639789
2690,0.0018737295176833868,0.0002515116686382576
2691,0.0021798182278871536,0.00025130991915672276
2692,0.0026392866857349873,0.0002540706258713521
2693,0.0021739862859249115,0.00024951880368685145
2694,0.0026330521795898676,0.00025242707280053193
2695,0.002109732013195753,0.0002520705624101859
2696,0.0024056420661509037,0.0002525312250609892
2697,0.0018141765613108873,0.00025620431857377137
2698,0.0026553720235824585,0.00025863484195200756
2699,0.0024234021548181772,0.0002591969042249045
2700,0.0021703746169805527,0.0002590536650036574
2701,0.002107018604874611,0.0002581302610123259
2702,0.002369418740272522,0.0002558227917720464
2703,0.0019981502555310726,0.000254621361678677
2704,0.0022789526265114546,0.0002533438581417531
2705,0.002129911445081234,0.0002534523148114751
2706,0.002218976616859436,0.00025345011676301636
2707,0.0022205740679055452,0.0002534051156303833
2708,0.0018453318625688553,0.0002556908474403824
2709,0.002272999146953225,0.0002508132955916694
2710,0.0020006210543215275,0.000251947331700465
2711,0.002141406759619713,0.00024586480318319263
2712,0.0023753170389682055,0.00024593120060633543
2713,0.0024059894494712353,0.0002463838836206787
2714,0.0024422206915915012,0.00024645070030427995
2715,0.0020016583148390055,0.00024739939130555353
2716,0.0022554059978574514,0.0002419987019439784
2717,0.002644183347001672,0.00024506939126841084
2718,0.0023035865742713213,0.000244971260379088
2719,0.00187430321238935,0.00024789631959544375
2720,0.0023547671735286713,0.00024795564432041886
2721,0.0022459663450717926,0.0002473971787753782
2722,0.0025726985186338425,0.00024936031052905615
2723,0.002357130404561758,0.0002489389691934382
2724,0.00200974615290761,0.0002496802832615386
2725,0.002654268406331539,0.0002522863013267103
2726,0.0027562351897358894,0.00025516446369002664
2727,0.0020919821690768003,0.00025421105884527697
2728,0.0018238837365061045,0.0002485342108245832
2729,0.001939260633662343,0.0002498949009672739
2730,0.002491641789674759,0.0002510032891885555
2731,0.0018423134461045265,0.0002536988537501008
2732,0.002263415139168501,0.0002524405832775128
2733,0.0027649952098727226,0.0002557031873166031
2734,0.002167613012716174,0.0002558191650305765
2735,0.0018215917516499758,0.0002525027957336852
2736,0.0021134945563971996,0.00025163060763189654
2737,0.0024466500617563725,0.0002518799931688011
2738,0.0023966720327734947,0.0002511594319627123
2739,0.0021895458921790123,0.00025112575775283817
2740,0.001977160107344389,0.00024988887329749603
2741,0.002164857927709818,0.0002494770056118057
2742,0.002118145115673542,0.00024291809844812263
2743,0.002150524640455842,0.00024316039590795502
2744,0.0023176688700914383,0.00024066324896688515
2745,0.0023427261039614677,0.00024079294991204522
2746,0.0023535662330687046,0.00024087465500658348
2747,0.002604046603664756,0.0002429643173682773
2748,0.0018852445064112544,0.00024325939700541054
2749,0.0023186453618109226,0.00024332208821451596
2750,0.002401140285655856,0.00024340270846433845
2751,0.002220958238467574,0.00024178952657184842
2752,0.0026890351437032223,0.0002452769723433555
2753,0.002476150169968605,0.0002460788994138588
2754,0.0022229317110031843,0.00024431266050052786
2755,0.002609934890642762,0.0002427198532037063
2756,0.0022200224921107292,0.00024217198849853526
2757,0.001994640566408634,0.00023970829983272458
2758,0.0027877124957740307,0.0002442489519384703
2759,0.002472255378961563,0.00024258115602357136
2760,0.0021380605176091194,0.0002428872190227095
2761,0.002211428014561534,0.00024224857096554934
2762,0.0020356392487883568,0.00024344785203066557
2763,0.00220287824049592,0.00024307563117886575
2764,0.0019611897878348827,0.00024447978522731245
2765,0.002308893483132124,0.00024446921726882005
2766,0.002121530706062913,0.0002449271137407217
2767,0.0024131489917635918,0.0002448670015403688
2768,0.0021242082584649324,0.00024495180711393957
2769,0.0019575776532292366,0.00024564813292368535
2770,0.0024565341882407665,0.0002463195288360984
2771,0.00226847012527287,0.00024324143501740103
2772,0.0021888255141675472,0.0002431995150629382
2773,0.0019260526169091463,0.0002444970870474086
2774,0.0023209010250866413,0.00024306561749797985
2775,0.0024865788873285055,0.00024401132334069805
2776,0.001808544504456222,0.000247869480042582
2777,0.002459400799125433,0.0002477057027098835
2778,0.0024580354802310467,0.0002444878964475067
2779,0.0020641146693378687,0.0002449255853220282
2780,0.00232805241830647,0.000244797301338983
2781,0.0019752925727516413,0.0002454757173588976
2782,0.0022537242621183395,0.0002443806328627987
2783,0.002116879913955927,0.00024139122782374574
2784,0.0022890553809702396,0.00024013623305034856
2785,0.001970153534784913,0.00024019814739646255
2786,0.002264503389596939,0.00023949042477617913
2787,0.0018928456120193005,0.000241672145341274
2788,0.0023682964965701103,0.00023965633090361368
2789,0.00215413817204535,0.00023974418692377064
2790,0.0018921985756605864,0.00023946518645269856
2791,0.002395744202658534,0.0002398775097748538
2792,0.0020795378368347883,0.0002370641585320781
2793,0.0021918860729783773,0.00023702212484392183
2794,0.0021903994493186474,0.00023368215324702323
2795,0.002630703616887331,0.0002366784054214529
2796,0.002536632353439927,0.00023796943625634288
2797,0.0022947420366108418,0.0002340996033558312
2798,0.0019388250075280666,0.00023237268401181743
2799,0.002422019839286804,0.00023236157642494285
2800,0.00247016130015254,0.00023341369865178426
2801,0.0023227266501635313,0.0002331609940008789
2802,0.0019270018674433231,0.00023492882081343726
2803,0.0019951588474214077,0.00023495993343359162
2804,0.0024354076012969017,0.00023575122714572129
2805,0.002230048179626465,0.00023549091351037803
2806,0.0021961035672575235,0.00023552374398770493
2807,0.00202583777718246,0.0002364964775194936
2808,0.002158514689654112,0.00023328323345987265
2809,0.002282037166878581,0.0002332970855665501
2810,0.0022722994908690453,0.00023203429758023906
2811,0.0023495773784816265,0.00023203038913897187
2812,0.002131679328158498,0.00023194815271329852
2813,0.0021724600810557604,0.0002314812459849596
2814,0.0022574185859411955,0.00023060421754579426
2815,0.002403475344181061,0.00022990288250050202
2816,0.002655419986695051,0.0002335480448950532
2817,0.002243110677227378,0.00023010031514384725
2818,0.002077794633805752,0.0002306204235379386
2819,0.0023548705503344536,0.00022786960334988525
2820,0.0022305413149297237,0.00022761408461620148
2821,0.0023265054915100336,0.00022775763303409442
2822,0.0017536364030092955,0.00023061665679880933
2823,0.002044085878878832,0.00023111109287744214
2824,0.0022624563425779343,0.00023000056187750644
2825,0.002605210989713669,0.000229153769838618
2826,0.002493321429938078,0.00022460136771995922
2827,0.0022848728112876415,0.0002241925277365595
2828,0.0024230629205703735,0.000221038781422887
2829,0.0023750634863972664,0.00021928953252080632
2830,0.002549415919929743,0.00022001593796347441
2831,0.0021542825270444155,0.00021639594220398552
2832,0.0025146359112113714,0.00021799940316788327
2833,0.0024408125318586826,0.00021265417880460863
2834,0.002146096434444189,0.00021274903641535007
2835,0.0022915827576071024,0.00020834445611155484
2836,0.0026787470560520887,0.00021211988673812472
2837,0.0027142525650560856,0.00021614895299951504
2838,0.00280627328902483,0.00022250267796562195
2839,0.002145305974408984,0.00022270153434121232
2840,0.0019973358139395714,0.0002224459678879942
2841,0.002565997187048197,0.0002242051155120576
2842,0.0022107339464128017,0.000223760427277933
2843,0.0020046671852469444,0.00022502811216746653
2844,0.0025327270850539207,0.0002265115912337851
2845,0.0027076667174696922,0.000230564647665889
2846,0.0018601641058921814,0.0002341341395050325
2847,0.0022251978516578674,0.00023174042187743452
2848,0.0018685550894588232,0.00023202398181513352
2849,0.0019149581203237176,0.0002346111388886989
2850,0.002420340431854129,0.00023473330834855038
2851,0.002308397786691785,0.00023473794346801853
2852,0.002478482434526086,0.0002318120036008171
2853,0.0021169790998101234,0.00023123875485706627
2854,0.0021961871534585953,0.0002312954002942501
2855,0.00211646081879735,0.0002289616079931839
2856,0.002437589457258582,0.0002296778106744055
2857,0.001844471087679267,0.00023187873762352818
2858,0.0021236492320895195,0.00022586053775158806
2859,0.002921591280028224,0.0002346840589919587
2860,0.002386493142694235,0.00023478587535869026
2861,0.0020940389949828386,0.00023529376605781064
2862,0.0020053647458553314,0.00023559531302164773
2863,0.002427581464871764,0.00023618790799096427
2864,0.002061552833765745,0.00023513872547858557
2865,0.002221182454377413,0.0002351021459008727
2866,0.0027508039493113756,0.00023986975935298956
2867,0.0019931590650230646,0.00024085691356122175
2868,0.002778998576104641,0.0002460552340989026
2869,0.002945681568235159,0.0002533757929941108
2870,0.0020619004499167204,0.000253568018955817
2871,0.002363975392654538,0.0002537440223229814
2872,0.0021452875807881355,0.0002539227308004442
2873,0.0020247234497219324,0.00025276180676914113
2874,0.00192390161100775,0.0002550768305003325
2875,0.0019504298688843846,0.00025604777617505324
2876,0.002734738402068615,0.00025624384825660305
2877,0.0020350159611552954,0.0002566045039847715
2878,0.0023593646474182606,0.00025605029391263735
2879,0.002076156437397003,0.0002559573601501216
2880,0.0025865058414638042,0.0002578899391257292
2881,0.002333642216399312,0.00025626081016209905
2882,0.0023191161453723907,0.0002562972314564279
2883,0.0017614293610677123,0.0002609023458218792
2884,0.0020893842447549105,0.0002615111257482356
2885,0.002460179850459099,0.0002604804178784841
2886,0.0021511800587177277,0.0002607595677094121
2887,0.0020630534272640944,0.0002588156448954436
2888,0.0020171361975371838,0.00025988327980705435
2889,0.0022247890010476112,0.0002596637474057984
2890,0.0022176383063197136,0.0002569090982376414
2891,0.001598590868525207,0.00026529203086730744
2892,0.0024265823885798454,0.00026511111652774243
2893,0.0021799583919346333,0.0002651486066660779
2894,0.002320978557690978,0.00026508230494783996
2895,0.0024317188654094934,0.00026308412163988113
2896,0.002401298377662897,0.0002620325997866989
2897,0.0023457235656678677,0.0002621380202983871
2898,0.0023131943307816982,0.0002600713731705069
2899,0.0023442949168384075,0.0002597301255465368
2900,0.002338055521249771,0.0002590357830037013
2901,0.0022604307159781456,0.00025897890999314045
2902,0.0024454037193208933,0.0002572698555881842
2903,0.0018298327922821045,0.00025959432196549336
2904,0.00245113018900156,0.0002596994052741014
2905,0.002311874646693468,0.0002596962438827472
2906,0.002241316484287381,0.00025960147457516994
2907,0.002031775191426277,0.00025954508981339004
2908,0.0026888512074947357,0.00026258517962158667
2909,0.002458001486957073,0.0002632001654207136
2910,0.002213422441855073,0.00026328326590289346
2911,0.002376517979428172,0.0002633696221114935
2912,0.0024351601023226976,0.0002633961970120299
2913,0.0021981755271553993,0.00026330006334857454
2914,0.0024094656109809875,0.00026359021694530993
2915,0.0020656175911426544,0.00026421347003004517
2916,0.0021376293152570724,0.0002618659831051836
2917,0.0022467332892119884,0.00026186165530113107
2918,0.002525052987039089,0.00026226292218926487
2919,0.002013410674408078,0.0002635032554668164
2920,0.0020976229570806026,0.00026407443555252546
2921,0.0025567663833498955,0.0002655223552921661
2922,0.0027731014415621758,0.0002647583652845752
2923,0.0029517835937440395,0.00027177360718635334
2924,0.002722807228565216,0.0002750579467048452
2925,0.0022738752886652946,0.0002733567249327865
2926,0.002366050612181425,0.00027273609618141774
2927,0.0022730259224772453,0.00027274409160613755
2928,0.002947078086435795,0.00028012244287302997
2929,0.001962707145139575,0.0002820695902166342
2930,0.0025405180640518665,0.0002819909458901564
2931,0.0022926372475922108,0.0002816171576925778
2932,0.002417735755443573,0.0002810356241856556
2933,0.0025908122770488262,0.0002822004658533116
2934,0.001887551974505186,0.0002847976496668951
2935,0.002135860500857234,0.00028525552732498006
2936,0.0022753181401640177,0.0002826272002826812
2937,0.002640672028064728,0.00028161041606749205
2938,0.002138640498742461,0.00027715324371560134
2939,0.002198985079303384,0.00027693289057651333
2940,0.0020401510410010815,0.0002765164341749694
2941,0.0023877951316535473,0.0002752614192045039
2942,0.0019973162561655045,0.00027665627003744164
2943,0.0023605632595717907,0.00027534492186916695
2944,0.00220067473128438,0.00027432849787749656
2945,0.0019321844447404146,0.00027312517923284865
2946,0.0024188829120248556,0.0002702738935378842
2947,0.0026715160347521305,0.00027303770096493595
2948,0.0019254140788689256,0.0002722216958473172
2949,0.002178786089643836,0.00026987121233658384
2950,0.0023028599098324776,0.0002695415228194411
2951,0.0022867766674607992,0.0002695321122239665
2952,0.002178541151806712,0.00026903541847559764
2953,0.002752736210823059,0.00027256440231526984
2954,0.0022850120440125465,0.0002724028350921196
2955,0.002410938497632742,0.00027209818363586327
2956,0.0018964533228427172,0.00027456448970823494
2957,0.001917051151394844,0.00027347491336512805
2958,0.002012006938457489,0.00027438053959486376
2959,0.0021055876277387142,0.0002673692205167043
2960,0.0026360107585787773,0.0002695371286926732
2961,0.0022750229109078646,0.00026887187819783494
2962,0.002134022768586874,0.0002678338335888389
2963,0.0023893790785223246,0.0002676551411024933
2964,0.0025434675626456738,0.00026794228685398253
2965,0.0023177394177764654,0.0002678689495925245
2966,0.002015140373259783,0.00026517669121919955
2967,0.002572889905422926,0.0002651191407469222
2968,0.002001147484406829,0.00026197588134452423
2969,0.0018847195897251368,0.0002561950712959702
2970,0.001922780298627913,0.0002577105353282568
2971,0.0024642199277877808,0.00025827902620660344
2972,0.0017361317295581102,0.0002634595528996576
2973,0.0023661695886403322,0.0002625163431132254
2974,0.0019296669634059072,0.00026244039293177464
2975,0.0026285257190465927,0.00026288252198924294
2976,0.002497853711247444,0.0002597549522200784
2977,0.002608989831060171,0.0002607704948016074
2978,0.0024959344882518053,0.00026155057688005207
2979,0.0023368028923869133,0.0002607897444366367
2980,0.002779118251055479,0.00026374661564139293
2981,0.0026044007390737534,0.0002656321626616856
2982,0.0019138152711093426,0.00026823023754540647
2983,0.0023306286893785,0.00026302125763587433
2984,0.002021699445322156,0.00026362789425983686
2985,0.0022818706929683685,0.00026305978769947705
2986,0.0021469981875270605,0.00026308193974922654
2987,0.0020282468758523464,0.0002634040854789295
2988,0.0018987262155860662,0.0002648899803486207
2989,0.0021732051391154528,0.000265059564418712
2990,0.0020641209557652473,0.00026589678080362516
2991,0.0020502875559031963,0.00025786039119093316
2992,0.0019757067784667015,0.00025934962194079447
2993,0.002699121367186308,0.0002624348801159499
2994,0.002302922075614333,0.0002624186194644853
2995,0.0023917490616440773,0.0002622285898239032
2996,0.0021162815392017365,0.0002625341600649609
2997,0.0022596593480557203,0.00026247485431978983
2998,0.0017740795155987144,0.0002673675035728909
2999,0.0025306963361799717,0.0002684750639304486
3000,0.002039324725046754,0.0002694918976583257
3001,0.002264764392748475,0.0002694894184489876
3002,0.00243150582537055,0.0002694057235202874
3003,0.002162452321499586,0.0002658496368166565
3004,0.0029083900153636932,0.00027264967402781774
3005,0.0021499297581613064,0.00027297304400133467
3006,0.002191726351156831,0.00027309642670509944
3007,0.0022609299048781395,0.00027192153724265954
3008,0.0021289573051035404,0.00026929060775955134
3009,0.0020199986174702644,0.00026993106877110735
3010,0.002131975255906582,0.00027024399822961245
3011,0.0021308576688170433,0.00027042857434938925
3012,0.002245617564767599,0.0002699412703487566
3013,0.0022371916566044092,0.000269863612739162
3014,0.001988745294511318,0.000270961407262519
3015,0.0026569156907498837,0.00027296986503030164
3016,0.0021352090407162905,0.0002729820751417347
3017,0.002115800976753235,0.00027342173988288275
3018,0.0019494449952617288,0.00027408668544316186
3019,0.002334771677851677,0.0002729807296466072
3020,0.002634793519973755,0.00027485522566858897
3021,0.002401595236733556,0.00027367973358409574
3022,0.0024732949677854776,0.0002697568019294303
3023,0.0020368366967886686,0.0002617876965411919
3024,0.0021695175673812628,0.00025773503524903214
3025,0.0015894898679107428,0.00026617786800134293
3026,0.0024681049399077892,0.00026682916911503876
3027,0.0024637840688228607,0.0002676816695170653
3028,0.002205392811447382,0.00025831468435561124
3029,0.0026338929310441017,0.0002596561516619853
3030,0.0021192305721342564,0.00025831587608640195
3031,0.0022083984222263098,0.0002583002602994757
3032,0.0021267798729240894,0.0002579774178780832
3033,0.0024749611038714647,0.0002566539271597363
3034,0.0022888665553182364,0.0002541926524693489
3035,0.0025390186347067356,0.00025563238766336256
3036,0.002306777983903885,0.00025568404309063165
3037,0.002129595261067152,0.00025288155310305695
3038,0.002115583512932062,0.00025298956957859014
3039,0.002675785915926099,0.00025659416530903004
3040,0.0021121425088495016,0.00025610259930047385
3041,0.0026242935564368963,0.0002584708704789184
3042,0.0019932975992560387,0.00025851120243418075
3043,0.0022193556651473045,0.00025829843273962984
3044,0.002329494571313262,0.00025836760948254794
3045,0.002277682302519679,0.00025634997724308914
3046,0.002211507875472307,0.00025585282759653675
3047,0.002746866550296545,0.00025720410690982764
3048,0.0025393953546881676,0.00025660554566457155
3049,0.002327486639842391,0.0002565594364200015
3050,0.0018780323443934321,0.0002593737914336916
3051,0.002134895883500576,0.0002596452135501103
3052,0.0021628288086503744,0.0002596973033960526
3053,0.002124568447470665,0.00025511330279504214
3054,0.0024765769485384226,0.0002560995983128156
3055,0.002595998579636216,0.0002579257212739966
3056,0.002364929299801588,0.00025562269370021646
3057,0.0022216085344552994,0.0002533234229310706
3058,0.0024029433261603117,0.00025245637872329017
3059,0.0021777465008199215,0.00025209913010891885
3060,0.002362250816076994,0.00024951010048572547
3061,0.0024980634916573763,0.00025061365292665757
3062,0.0021415066439658403,0.00025057520808920765
3063,0.0024002038408070803,0.0002506317066892756
3064,0.0026071006432175636,0.0002514244692752759
3065,0.0023378010373562574,0.0002514741767680423
3066,0.002354683820158243,0.0002503399426795682
3067,0.0021695131435990334,0.00024864751516665413
3068,0.001865122001618147,0.0002504739479993638
3069,0.0020436225458979607,0.0002485387928832054
3070,0.0022450131364166737,0.0002461239907534459
3071,0.0021050472278147936,0.00024586699139278814
3072,0.0024563814513385296,0.00024070081445260534
3073,0.0025576422922313213,0.00024220938024278475
3074,0.0025379734579473734,0.00024109693646475312
3075,0.0020266114734113216,0.0002398335949560306
3076,0.002258916851133108,0.00023877474958532342
3077,0.0025463206693530083,0.00023796274793113018
3078,0.0021523365285247564,0.00023716980511049714
3079,0.001901548821479082,0.00023987545409921696
3080,0.0022386950440704823,0.0002341679342611436
3081,0.002124880440533161,0.00023190959671581465
3082,0.0021030018106102943,0.00022987252507671702
3083,0.0022971793077886105,0.00022978639145877045
3084,0.0023227501660585403,0.00022866638411208213
3085,0.0025719141121953726,0.00023079973274178151
3086,0.0021464850287884474,0.00023080230003452772
3087,0.002261362038552761,0.00022960129639016964
3088,0.0021349615417420864,0.00022701216970079542
3089,0.002210235921666026,0.0002268898601231312
3090,0.001961340429261327,0.00022804399690967502
3091,0.0018950015073642135,0.0002300414131636615
3092,0.0024893097579479218,0.00022928252055243756
3093,0.0017978353425860405,0.0002299045328698903
3094,0.002155512338504195,0.00023009683405731055
3095,0.0020084157586097717,0.00023104038408599232
3096,0.002528535667806864,0.0002322268270747042
3097,0.0022453567944467068,0.00023223049383725775
3098,0.002351825125515461,0.00022719353490648861
3099,0.0024722623638808727,0.0002265752511436251
3100,0.0022374147083610296,0.0002254585038092829
3101,0.002221114933490753,0.00022550220067959228
3102,0.002133504021912813,0.00022524941547008033
3103,0.0019807748030871153,0.00022678856947457195
3104,0.002329351380467415,0.0002172656973994746
3105,0.002216033171862364,0.00021704483349976362
3106,0.002232103608548641,0.00021696321033162422
3107,0.001828018925152719,0.00022113359434499573
3108,0.001939133508130908,0.00022300053969072562
3109,0.0027810190804302692,0.00022802448061875772
3110,0.0021866480819880962,0.0002277872772313317
3111,0.0020130497869104147,0.00022875133986636806
3112,0.0021898923441767693,0.0002288454749168723
3113,0.0021089683286845684,0.00022930920378307415
3114,0.002454048488289118,0.0002285827339395884
3115,0.0022611140739172697,0.00022502402405396853
3116,0.002305588684976101,0.00022475154142954508
3117,0.0024861320853233337,0.00022545378108215994
3118,0.0023646887857466936,0.00022348112085778738
3119,0.002339298138394952,0.00022349591213669277
3120,0.0029864953830838203,0.00023198383980382469
3121,0.002085579326376319,0.00023230157755379705
3122,0.0021301908418536186,0.0002317288206767472
3123,0.0020954173523932695,0.00023122817485502915
3124,0.002261135959997773,0.0002310383866448299
3125,0.0025762857403606176,0.00022290377436903888
3126,0.00234524579718709,0.00022215516644333807
3127,0.0024458682164549828,0.0002220059700332097
3128,0.0022620796225965023,0.00022190744162083037
3129,0.0027801981195807457,0.00022477982342998325
3130,0.0022226443979889154,0.00022429946837938125
3131,0.0022130953148007393,0.00022428593370383868
3132,0.0022817773278802633,0.00022378799763032606
3133,0.0023045409470796585,0.00022290707612531948
3134,0.0024311707820743322,0.00022345262644932418
3135,0.0027547143399715424,0.00022702931993313655
3136,0.0025983804371207952,0.00022926204828600002
3137,0.002179177012294531,0.00022898453397543036
3138,0.0023340797051787376,0.0002284262246774545
3139,0.0025212434120476246,0.0002262598099722393
3140,0.002059587510302663,0.0002267194539932087
3141,0.0018226562533527613,0.00022864792152635792
3142,0.0026548532769083977,0.00023001962406017271
3143,0.002848799340426922,0.0002368458464948316
3144,0.0022310977801680565,0.00023687024243167372
3145,0.002034973818808794,0.0002381921411443159
3146,0.001984333386644721,0.0002399594955508221
3147,0.002219687681645155,0.00023536643552755015
3148,0.0020961640402674675,0.0002345213320898151
3149,0.0023311988916248083,0.000234530622946773
3150,0.00274387514218688,0.00023584600531908012
3151,0.002039907034486532,0.0002366259610848168
3152,0.0021744216792285442,0.0002365713240890647
3153,0.00220296997576952,0.00023618369670234428
3154,0.002312147058546543,0.00023537131341931625
3155,0.002438900526612997,0.0002337475312611882
3156,0.0022956945467740297,0.00023358587664511516
3157,0.0022498308680951595,0.00023353659745649198
3158,0.002098735887557268,0.00023385052128835433
3159,0.002035928424447775,0.00023486303633862357
3160,0.002069565001875162,0.0002355468664050341
3161,0.0026830583810806274,0.00023807813236291077
3162,0.002324533648788929,0.00023777825508578305
3163,0.0023549580946564674,0.000237575815056382
3164,0.0024353975895792246,0.0002357434425802567
3165,0.00196127500385046,0.0002376545489471455
3166,0.0019526961259543896,0.00023954174662274439
3167,0.002274332568049431,0.00023935968271759903
3168,0.0025963035877794027,0.00023822876141742428
3169,0.0018695592880249023,0.0002405311762718126
3170,0.0022818977013230324,0.0002405220030114271
3171,0.001796029624529183,0.00024460740382113716
3172,0.0017624821048229933,0.00024896899274150594
3173,0.001827332191169262,0.0002508403036426084
3174,0.002127512590959668,0.00024947186660304857
3175,0.002221373375505209,0.0002484833401420787
3176,0.002406436949968338,0.0002489737927738118
3177,0.0019465601071715355,0.0002490250980327735
3178,0.0018544327467679977,0.0002519165548771875
3179,0.002234566956758499,0.00024955297134762944
3180,0.0023176970425993204,0.0002496549563991896
3181,0.002428668551146984,0.0002500057977481721
3182,0.002230304293334484,0.0002495748566136396
3183,0.002570142736658454,0.0002515697479638139
3184,0.0026809056289494038,0.00025508718093366424
3185,0.0024692886509001255,0.00025401288699283104
3186,0.001782466541044414,0.000258176523458167
3187,0.0021147197112441063,0.0002585427223574783
3188,0.002551306737586856,0.00026000048380333716
3189,0.0022608754225075245,0.00025996105197217576
3190,0.002430025953799486,0.00025882015347473763
3191,0.0021854080259799957,0.0002562941785350434
3192,0.002320539206266403,0.00025534572957059526
3193,0.0028418665751814842,0.0002575202903694268
3194,0.0020056096836924553,0.0002586402125518243
3195,0.0024532724637538195,0.00025790818021592584
3196,0.0025777965784072876,0.0002584435411224566
3197,0.0020787965040653944,0.00025917633592244986
3198,0.00257418816909194,0.0002607998524102958
3199,0.0020104460418224335,0.00026138107163951315
3200,0.002004026435315609,0.000262727679230051
3201,0.0026486660353839397,0.00026540184366953675
3202,0.0023514223285019398,0.00026513511204308233
3203,0.0023004033137112856,0.00026346517374440135
3204,0.0023773156572133303,0.00026360158619565866
3205,0.0027171517722308636,0.00026712500625897376
3206,0.002362586557865143,0.0002671857309708326
3207,0.0021930725779384375,0.0002633355705684132
3208,0.0021141059696674347,0.000261560451206079
3209,0.002276746788993478,0.0002568378906055601
3210,0.0024505560286343098,0.00025716188813463495
3211,0.0020970371551811695,0.0002563885731689665
3212,0.0020334511063992977,0.00025747761463576604
3213,0.0023103763815015554,0.00025685030692223674
3214,0.0029265801422297955,0.0002641423911101659
3215,0.002130078850314021,0.00026463524665943126
3216,0.002284699585288763,0.00026463376472650436
3217,0.002450447529554367,0.00026439490331544663
3218,0.0021580224856734276,0.00026463509675616546
3219,0.002615810139104724,0.00026658483802806425
3220,0.0018590977415442467,0.00026075809680412205
3221,0.002114102942869067,0.00026055631502614076
3222,0.0021620283368974924,0.0002603876826281459
3223,0.002404036931693554,0.00025997230167268816
3224,0.0024510035291314125,0.0002604821667909223
3225,0.0022035737056285143,0.00025897532324056907
3226,0.0020031635649502277,0.00026041491260427626
3227,0.002590973861515522,0.00026174547429523045
3228,0.0027225001249462366,0.00026541283092095143
3229,0.00260777585208416,0.000262721200175691
3230,0.002096000127494335,0.0002633294582342986
3231,0.0021888469345867634,0.00026340633371645935
3232,0.001907974248751998,0.00026607006355380196
3233,0.002536789746955037,0.0002672992346479517
3234,0.0022339210845530033,0.0002669155578600499
3235,0.0023765640798956156,0.00026277043392718244
3236,0.0020622776355594397,0.000261600017189088
3237,0.0021628341637551785,0.0002616630460765114
3238,0.0022039213217794895,0.0002616689048678445
3239,0.0023062757682055235,0.00026046022485710235
3240,0.002173047047108412,0.00025979223936249137
3241,0.0021911514922976494,0.000255989987617697
3242,0.002426787279546261,0.00025355061476748183
3243,0.001983087044209242,0.00024831054992164757
3244,0.002141442382708192,0.0002485822168680018
3245,0.0022937506437301636,0.000247557147442508
3246,0.0022522290237247944,0.0002459560911247699
3247,0.0020584259182214737,0.00024678752975247815
3248,0.0024867989122867584,0.00024719527016866676
3249,0.0021292278543114662,0.00024749787676646624
3250,0.0021750140003859997,0.00024289540626156868
3251,0.0020053095649927855,0.00024323676106710306
3252,0.002819736022502184,0.00024942860938680593
3253,0.0020306436344981194,0.000250463780143252
3254,0.001946534845046699,0.0002524233488436169
3255,0.002215835265815258,0.00025181964344687545
3256,0.0024590112734586,0.00025259040283129547
3257,0.002066635526716709,0.00025333058872390363
3258,0.0024844794534146786,0.00025380966209901897
3259,0.002504003932699561,0.00025390775039184994
3260,0.0026694464031606913,0.00025627048157302116
3261,0.002018790226429701,0.00025413539620746246
3262,0.0026444783434271812,0.0002568739367010852
3263,0.002615669509395957,0.00025906277132633706
3264,0.0024418423417955637,0.0002591045779732059
3265,0.0024901360739022493,0.0002580880926964207
3266,0.002123115351423621,0.000256478965933379
3267,0.002351333387196064,0.0002565795907180859
3268,0.0025801737792789936,0.0002563837530287529
3269,0.0021847267635166645,0.00025320641088274077
3270,0.002459514420479536,0.0002538206755739458
3271,0.0022048759274184704,0.0002491174585430389
3272,0.0022052526473999023,0.00024353925009373945
3273,0.0021151218097656965,0.00023964644054999117
3274,0.0021969275549054146,0.00023925312946364096
3275,0.002382400445640087,0.00023928166119409187
3276,0.0025515849702060223,0.00024038075911261774
3277,0.002336209872737527,0.00023773813990018666
3278,0.0024333568289875984,0.00023369832257009082
3279,0.002452956512570381,0.00023400996760098756
3280,0.00238481885753572,0.00023412324294940526
3281,0.0021853744983673096,0.00023416784218870665
3282,0.0023981088306754827,0.00023419182306898303
3283,0.002177847782149911,0.00023310260068093956
3284,0.002405689097940922,0.00023026045081267745
3285,0.0018865203019231558,0.00023341497958732414
3286,0.001979699358344078,0.00022980974181782153
3287,0.002316578757017851,0.00022904043544127016
3288,0.002164422767236829,0.0002280730397782643
3289,0.002138180658221245,0.00022861150874188335
3290,0.0020786235108971596,0.00022926335670789576
3291,0.0020114267244935036,0.0002307557244645715
3292,0.002473310800269246,0.00023144543319712562
3293,0.0027060573920607567,0.0002285812457349642
3294,0.0016350274672731757,0.00023616636366783294
3295,0.0021189157851040363,0.00023618879731431315
3296,0.002419303636997938,0.00023473820047519646
3297,0.002063724212348461,0.00023487635204558931
3298,0.002248540287837386,0.0002330664559541696
3299,0.0021685108076781034,0.00023174529215164017
3300,0.0019747891929000616,0.0002321184103636839
3301,0.0020506158471107483,0.0002302804240463424
3302,0.0019913208670914173,0.00023190376319090128
3303,0.0019948668777942657,0.00023354211318488366
3304,0.0022186930291354656,0.00023334205992456159
3305,0.002053363248705864,0.00022985313333079852
3306,0.002548093441873789,0.00023142104615098553
3307,0.00236010504886508,0.00023151195878211192
3308,0.0022733150981366634,0.00023101101823920676
3309,0.0018544772174209356,0.00023465329217141266
3310,0.002098657889291644,0.0002344404362723676
3311,0.0023652464151382446,0.00023410505795342813
3312,0.002160073257982731,0.00023319990554648235
3313,0.0020978907123208046,0.00023372902336493101
3314,0.002582829212769866,0.00022624368756644106
3315,0.0022063241340219975,0.00022593926663179136
3316,0.0017892420291900635,0.00023072840282639432
3317,0.002284181769937277,0.00022988870747522945
3318,0.0022909524850547314,0.00022972796922700702
3319,0.0022922789212316275,0.00022682181874488842
3320,0.002316784579306841,0.0002234588233548064
3321,0.0024275893811136484,0.0002236751680569393
3322,0.0020505371503531933,0.00022443062587732663
3323,0.002504406962543726,0.00022532192438781925
3324,0.0020927279256284237,0.00022505467834604443
3325,0.002053986769169569,0.0002258851029968206
3326,0.002984088147059083,0.0002360426051400143
3327,0.0024964874610304832,0.00023489779993087005
3328,0.0021427590399980545,0.00023050103543723695
3329,0.0025088186375796795,0.00022917992508844157
3330,0.0021057932171970606,0.00022911379952723172
3331,0.002517519984394312,0.00023052106024382205
3332,0.0026383453514426947,0.00023090787419876031
3333,0.0025264050345867872,0.00023078658024060458
3334,0.0020691114477813244,0.00023159501221532418
3335,0.0022597615607082844,0.00023131065573491792
3336,0.0020058334339410067,0.00023187062320393698
3337,0.0020740851759910583,0.0002324202344722186
3338,0.002505803480744362,0.0002336373232350945
3339,0.0023587378673255444,0.00023379350600789684
3340,0.0024804999120533466,0.00023460702718182706
3341,0.0024048094637691975,0.00023488238819019473
3342,0.0020286166109144688,0.00023555615539316035
3343,0.0021279461216181517,0.00023424602832316927
3344,0.002118703443557024,0.0002343797133151601
3345,0.002546541392803192,0.0002360357592783005
3346,0.0019726683385670185,0.0002378831142730055
3347,0.0023584463633596897,0.00023712858936979494
3348,0.002280691871419549,0.00023611055079900391
3349,0.0021783425472676754,0.00023587201312653294
3350,0.0023066657595336437,0.00023571794739441856
3351,0.0020386038813740015,0.0002353652438789672
3352,0.0022899978794157505,0.00022871546189446007
3353,0.0020441170781850815,0.00022858062200606342
3354,0.0022765391040593386,0.00022632224265779045
3355,0.002866510534659028,0.00023404960269939187
3356,0.002219435293227434,0.0002333596854856602
3357,0.0020915716886520386,0.00023315190300323332
3358,0.002349863527342677,0.00023229770375306753
3359,0.001985188340768218,0.00023281848483071416
3360,0.002065905835479498,0.00023003721826521948
3361,0.001847939915023744,0.00023246155695567027
3362,0.0022297175601124763,0.00022916161539698497
3363,0.0020487033762037754,0.00022710816180461412
3364,0.0019660345278680325,0.00022797909710652273
3365,0.0024415273219347,0.00022749770864018864
3366,0.0015412215143442154,0.00023778638150568856
3367,0.0019067389657720923,0.0002397655104957141
3368,0.002022719942033291,0.00023806406240783963
3369,0.002254483290016651,0.00023804271710753836
3370,0.0022120685316622257,0.00023688634067748056
3371,0.002360676880925894,0.00023726674934952
3372,0.0022133956663310528,0.00023726086790628277
3373,0.002410316374152899,0.00023769922777598272
3374,0.0017836503684520721,0.00024182438615380996
3375,0.0021732912864536047,0.00024135452114126346
3376,0.0019940175116062164,0.0002401255918013162
3377,0.0021786768920719624,0.00023985541253414958
3378,0.001898894552141428,0.00024091340612575202
3379,0.0020798705518245697,0.00024000886878815367
3380,0.0020576249808073044,0.0002397880850518128
3381,0.0026117409579455853,0.00024322740267302504
3382,0.0025727287866175175,0.0002452259268471328
3383,0.00273196492344141,0.0002507012316495251
3384,0.002189743099734187,0.000249972055852953
3385,0.0023951365146785975,0.0002484327428413513
3386,0.002465097699314356,0.00024847090554303984
3387,0.0022480227053165436,0.00024830432210940954
3388,0.0023674950934946537,0.0002486571243495413
3389,0.0020899255760014057,0.0002488725435118399
3390,0.002114308997988701,0.0002486878563954123
3391,0.0019093550508841872,0.00024977670622564703
3392,0.00200128136202693,0.00024946028237350155
3393,0.002157114911824465,0.0002446129243185429
3394,0.002153017558157444,0.00023763776161713922
3395,0.0022681907285004854,0.00023747747086117312
3396,0.002655892400071025,0.00024064499197410806
3397,0.002272007055580616,0.000240162834089213
3398,0.0022935224696993828,0.00024025136725107734
3399,0.002421529497951269,0.00024098747214388425
3400,0.002053949050605297,0.00024027967128289224
3401,0.0021547870710492134,0.00023972904213000683
3402,0.0024080926086753607,0.000239180651507939
3403,0.0024817446246743202,0.00023924003116172524
3404,0.0022512865252792835,0.0002392358681810478
3405,0.0024552159011363983,0.0002394750254802041
3406,0.002359541831538081,0.0002377784792549759
3407,0.0026525084394961596,0.0002410419956061668
3408,0.001986096613109112,0.00024238739854192176
3409,0.0021789763122797012,0.0002393218772990944
3410,0.002340080216526985,0.00023906245309833206
3411,0.0021286169067025185,0.000239041526952904
3412,0.0022104925010353327,0.00023891659230516912
3413,0.0023765605874359608,0.0002388184598236461
3414,0.002086556749418378,0.0002369169874988597
3415,0.0021019300911575556,0.0002373053840029886
3416,0.002225724281743169,0.0002328862841624191
3417,0.0027346122078597546,0.0002379467659741338
3418,0.0020908238366246223,0.0002384383250210355
3419,0.002211678773164749,0.0002384227061134972
3420,0.0021746077109128237,0.00023842628794875037
3421,0.0022881650365889072,0.00023775792031085946
3422,0.001850857981480658,0.00024022637139232915
3423,0.002067338675260544,0.00023938191082678676
3424,0.002419741591438651,0.0002396133624016002
3425,0.0027007777243852615,0.00024321428675680014
3426,0.002537479856982827,0.00023345770718972243
3427,0.0023532004561275244,0.00023232371130145878
3428,0.0026429607532918453,0.00023553545202495508
3429,0.0026414780877530575,0.0002373931729374208
3430,0.0022214853670448065,0.0002369747463374633
3431,0.002061957260593772,0.00023614074659325247
3432,0.0020691133104264736,0.00023339800215808854
3433,0.0020971628837287426,0.00023199990180923892
3434,0.0023453026078641415,0.00023165360604317933
3435,0.002558743581175804,0.00023386443864861493
3436,0.0021789618767797947,0.00023274892809741678
3437,0.0021185462828725576,0.00023246705759375727
3438,0.0020141019485890865,0.00023204190618965331
3439,0.0026548397727310658,0.00023546711198510874
3440,0.0024797432124614716,0.0002354593358520376
3441,0.002350863069295883,0.00023514081890405836
3442,0.0022553186863660812,0.00023417283585092577
3443,0.0020136854145675898,0.00023501366170361612
3444,0.002525832038372755,0.0002363934118417714
3445,0.0020923505071550608,0.00023490416651061546
3446,0.0025535225868225098,0.0002353909731738933
3447,0.002375179436057806,0.00023547729477711604
3448,0.001829652115702629,0.00023911043379332432
3449,0.002252825303003192,0.000239025669515369
3450,0.0021828669123351574,0.0002390126205145419
3451,0.0024205215740948915,0.00023878654798826788
3452,0.0021898990962654352,0.00023880781752668863
3453,0.002448657527565956,0.000238805990979314
3454,0.0024991477839648724,0.00024010386951832228
3455,0.002239497844129801,0.0002319082475271331
3456,0.002321685664355755,0.00023202212774039847
3457,0.0022893743589520454,0.00023153929737942743
3458,0.002438655123114586,0.00023210547233830047
3459,0.002235653344541788,0.00023058328122865646
3460,0.002482366282492876,0.0002309695024347799
3461,0.0026187358889728785,0.00023010673701890334
3462,0.00221061147749424,0.0002301423608696131
3463,0.002429510001093149,0.00022971836721207413
3464,0.0021818913519382477,0.00022787463132785784
3465,0.002249371260404587,0.00022721016584785435
3466,0.00222882442176342,0.00021511934740306516
3467,0.0025289496406912804,0.0002133964333127177
3468,0.0021803309209644794,0.00021205716250896837
3469,0.0023164888843894005,0.00021206870884650115
3470,0.002771299332380295,0.00021751264592680174
3471,0.0021948199719190598,0.00021758119444156
3472,0.0028366507031023502,0.00022430814443790686
3473,0.0022844867780804634,0.00022399073094636577
3474,0.0023221680894494057,0.00021807008957552303
3475,0.0020367829129099846,0.00021927107574442345
3476,0.002248097211122513,0.000217212799685895
3477,0.002507639117538929,0.00021788726152543908
3478,0.0022527938708662987,0.00021413779995745205
3479,0.0018694997997954488,0.0002173726514447007
3480,0.002263018861413002,0.0002160055541609199
3481,0.0022314670495688915,0.00021387228849746912
3482,0.0021507320925593376,0.00021260275618063118
3483,0.0023344862274825573,0.00020803840818878894
3484,0.002398816403001547,0.00020804954850234698
3485,0.0022061686031520367,0.00020798192324176755
3486,0.0022340090945363045,0.00020732577879739724
3487,0.001990832155570388,0.00020943660954338201
3488,0.0017631090013310313,0.0002157295668989149
3489,0.0023438099306076765,0.0002149457901734275
3490,0.002208190504461527,0.00021440170079743985
3491,0.002167558064684272,0.00021136676351290532
3492,0.002410218585282564,0.00020972336555800987
3493,0.002017023740336299,0.00021109391956802335
3494,0.0018454063683748245,0.00021531172653215208
3495,0.002106360625475645,0.00021606201655694613
3496,0.002369545865803957,0.00021297863339369592
3497,0.0018817015225067735,0.0002167182961926674
3498,0.002292859833687544,0.00021671784848903533
3499,0.0021709739230573177,0.00021649804088366567
3500,0.002103636274114251,0.00021603937611829616
3501,0.002176771406084299,0.00021592523624660656
3502,0.0018892596708610654,0.00021895324659433767
3503,0.0024563497863709927,0.00021872179170242856
3504,0.0027539869770407677,0.00022396744962495328
3505,0.002022836357355118,0.0002246547571485385
3506,0.002375156618654728,0.00022472151984585518
3507,0.0022497607860714197,0.00022142377036464853
3508,0.002074617426842451,0.00022045905382412988
3509,0.0018692113226279616,0.0002238888304294014
3510,0.0019382524769753218,0.00022614188397663288
3511,0.0021651876159012318,0.0002259533942168744
3512,0.0018732261378318071,0.00022922975508099297
3513,0.002074116375297308,0.00022965854734233052
3514,0.0028102383948862553,0.00023558973049268563
3515,0.0025307885371148586,0.00023652467458677018
3516,0.0021854983642697334,0.00023663071911406093
3517,0.0026571929920464754,0.00023520824388513067
3518,0.002403882797807455,0.00023493124252188497
3519,0.0019563878886401653,0.00023694446999406927
3520,0.002600782783702016,0.00023908961072074213
3521,0.0028787951450794935,0.0002466870095801984
3522,0.0019646433647722006,0.0002449573301146161
3523,0.002187719102948904,0.000244204944838529
3524,0.0021634341683238745,0.00024406281530715875
3525,0.001889269333332777,0.00024331683384901933
3526,0.002211635932326317,0.0002418596902502755
3527,0.0022982440423220396,0.00024172086743982132
3528,0.002479792106896639,0.00023968577051071936
3529,0.002178715541958809,0.00023676091509943338
3530,0.0024495588149875402,0.00023749597702011369
3531,0.0026170630007982254,0.0002392772914275582
3532,0.002898050006479025,0.0002466143047159392
3533,0.002016243990510702,0.000247334897321588
3534,0.0020883874967694283,0.0002479207603405082
3535,0.0021730917505919933,0.00024640170237623816
3536,0.0021614087745547295,0.0002464717318202473
3537,0.0025560068897902966,0.0002476817313734047
3538,0.002121027559041977,0.00024678715369073906
3539,0.002376105170696974,0.00024398768522798937
3540,0.002179576549679041,0.00024322757156082755
3541,0.0023948638699948788,0.000243420379599542
3542,0.0025730631314218044,0.0002453257631196919
3543,0.00258295563980937,0.0002459056556407505
3544,0.0024292529560625553,0.00024510445978480935
3545,0.002596220001578331,0.0002464780459109069
3546,0.00218453211709857,0.0002451071953407657
3547,0.001999024534597993,0.0002464644350713475
3548,0.0021835402585566044,0.0002425434916401834
3549,0.0016214462229982018,0.00025122987181488087
3550,0.0024684311356395483,0.000251848849668904
3551,0.002477873582392931,0.0002522529342847467
3552,0.002483764663338661,0.0002529778141358237
3553,0.0021158254239708185,0.00025288086114932744
3554,0.0024501453153789043,0.000252485936251172
3555,0.0022253869101405144,0.00025250867446313495
3556,0.0023939884267747402,0.00025275389022943925
3557,0.0023747168015688658,0.00025295245888471536
3558,0.002166077960282564,0.0002526311474834401
3559,0.0021238578483462334,0.0002530384255082046
3560,0.0024045328609645367,0.0002524989251107712
3561,0.002003440633416176,0.0002513997593358015
3562,0.0026238912250846624,0.0002539067891150684
3563,0.002329741371795535,0.00025345972796724414
3564,0.0020222950261086226,0.00025449876604693544
3565,0.0020481033716350794,0.00025541774911672983
3566,0.0019360274309292436,0.00025748312712304405
3567,0.002497528912499547,0.000257170658020698
3568,0.0019114697352051735,0.00025940491990879483
3569,0.0026008188724517822,0.00026161187224710405
3570,0.0017848468851298094,0.00026073007338772036
3571,0.0021559810265898705,0.0002608420468625249
3572,0.002106066094711423,0.0002543860217331126
3573,0.002667260356247425,0.00025788246353308574
3574,0.0024948623031377792,0.0002589725228286861
3575,0.002537391148507595,0.0002596880447694444
3576,0.002333033364266157,0.00025981106688861757
3577,0.002020167885348201,0.00025957221864887127
3578,0.0021499672438949347,0.0002597601144261609
3579,0.002285087015479803,0.0002569552596529655
3580,0.0018287692219018936,0.0002604132087692163
3581,0.00215010903775692,0.00026059131956864717
3582,0.0024001849815249443,0.0002608558385865995
3583,0.0023749414831399918,0.00026102054867321016
3584,0.0022470131516456604,0.00026058586110114235
3585,0.002323493827134371,0.00026065872025307705
3586,0.0024803716223686934,0.0002616741053553523
3587,0.0020295027643442154,0.0002613127844544933
3588,0.0028595002368092537,0.0002635736569148035
3589,0.002262369729578495,0.0002634478864508806
3590,0.0024615339934825897,0.0002641385953910161
3591,0.0024035819806158543,0.0002643141950637113
3592,0.0023305127397179604,0.0002639988166745514
3593,0.0020120088011026382,0.0002640471563021579
3594,0.0026631599757820368,0.0002635384173088317
3595,0.0025549985002726316,0.0002644622217121128
3596,0.0015852260403335094,0.00027323767065638195
3597,0.002385728992521763,0.0002706152456177458
3598,0.0021903151646256447,0.0002707461255703236
3599,0.002019141800701618,0.0002717607853510356
3600,0.002430313266813755,0.00027165856362471546
3601,0.0023692892864346504,0.00027162307349056414
3602,0.002699126023799181,0.00027195996499612636
3603,0.0025969441048800945,0.0002732045991132522
3604,0.0018400934059172869,0.0002727597601676272
3605,0.002422148594632745,0.00027188855983541844
3606,0.002288626506924629,0.0002717309455814904
3607,0.0019569615833461285,0.0002736573514494435
3608,0.0023575718514621258,0.00027297935177042075
3609,0.0023762937635183334,0.00026992011533339295
3610,0.0023154367227107286,0.0002676171894388397
3611,0.002029126975685358,0.0002686083074366895
3612,0.0024861900601536036,0.0002659865582004318
3613,0.002238313667476177,0.00026510862790501917
3614,0.0023632743395864964,0.0002600989008642279
3615,0.002894345438107848,0.0002659298417444712
3616,0.0020434122998267412,0.0002669081268662821
3617,0.002245732583105564,0.0002644336179756328
3618,0.0021806671284139156,0.00026441518825384464
3619,0.002175631932914257,0.00026253168547836194
3620,0.0022861124016344547,0.00026066258976076707
3621,0.002716491464525461,0.00025743235314653316
3622,0.0019688680768013,0.0002573793542797201
3623,0.0024087768979370594,0.00025747199470388746
3624,0.0022523291409015656,0.0002571885300720013
3625,0.0027149859815835953,0.0002574619979203073
3626,0.0021112081594765186,0.00025799687990061236
3627,0.0022494476288557053,0.00025804029158156365
3628,0.0022823987528681755,0.00025737680759744294
3629,0.0027235038578510284,0.00026064934090255787
3630,0.002429782412946224,0.0002605420468625777
3631,0.002113655675202608,0.0002592061524630794
3632,0.002537832362577319,0.00025316751554358373
3633,0.0026463023386895657,0.00025409984193258987
3634,0.0021390942856669426,0.00025372912549186496
3635,0.002639009151607752,0.0002556866958911918
3636,0.002213545609265566,0.00025544927431714895
3637,0.0024621656630188227,0.00025468149180020346
3638,0.0022567897103726864,0.00025406806697665657
3639,0.0021800422109663486,0.00025425757001421706
3640,0.0025342553853988647,0.00025501351376351606
3641,0.001991275232285261,0.00025676393755340044
3642,0.0023352366406470537,0.00025531514542820994
3643,0.0019110748544335365,0.0002565924267083595
3644,0.0022864926140755415,0.0002562169723451328
3645,0.0023993877694010735,0.00025459477652856483
3646,0.0021393541246652603,0.0002548209927553886
3647,0.002337201265618205,0.00025318624339319115
3648,0.002379347337409854,0.00025310110551470417
3649,0.0018333473708480597,0.0002482599728445254
3650,0.002026664325967431,0.00024907972032662444
3651,0.0020549974869936705,0.00024946477863410584
3652,0.0021861365530639887,0.00024886575953546753
3653,0.0021116649731993675,0.0002488944733779469
3654,0.0022183365654200315,0.00024840832396115747
3655,0.002082655904814601,0.0002491427101594955
3656,0.002478513168171048,0.0002496760467408214
3657,0.0022531794384121895,0.0002495103798826099
3658,0.0024630590341985226,0.00024991191637007575
3659,0.002411223016679287,0.0002497199084777642
3660,0.0024686306715011597,0.00025011047838363013
3661,0.00221069622784853,0.0002485983302014993
3662,0.002289178315550089,0.00024627557899331673
3663,0.002282155677676201,0.00024623396880514846
3664,0.001873578643426299,0.00024827358285803465
3665,0.0023441347293555737,0.00024720820977598
3666,0.002344287931919098,0.0002447310914314006
3667,0.0021845977753400803,0.0002440497403753628
3668,0.0023187347687780857,0.00024110310535987206
3669,0.002429551910609007,0.0002394821552299703
3670,0.002485172124579549,0.00023477855836521986
3671,0.00219680811278522,0.0002345676945152181
3672,0.002096670214086771,0.00023464665075808078
3673,0.0022376365959644318,0.0002317042506993709
3674,0.0023030382581055164,0.00023080178232019085
3675,0.00234803045168519,0.0002295271883625625
3676,0.0020859120413661003,0.00023037043584117427
3677,0.0024629090912640095,0.00022946415941796177
3678,0.002398496260866523,0.00022927420458318689
3679,0.002359754405915737,0.00022937029686213655
3680,0.0024149229284375906,0.00022481654880072204
3681,0.002201681025326252,0.00022452950209524226
3682,0.0016803769394755363,0.00023267406000656925
3683,0.0021338905207812786,0.00023306233904773628
3684,0.0026569776237010956,0.00023588107029298843
3685,0.0026740902103483677,0.00023890333257738588
3686,0.001781962811946869,0.00024367751394844498
3687,0.002045638393610716,0.00024350791421324863
3688,0.0025028842501342297,0.00023764068769402627
3689,0.0020700700115412474,0.00023862262484851103
3690,0.002510619815438986,0.00023903822768893366
3691,0.002115368377417326,0.00023934511006666817
3692,0.002217615954577923,0.00023938617269007357
3693,0.0021741813980042934,0.0002380835997246225
3694,0.002583580557256937,0.00023693279677502018
3695,0.0022383718751370907,0.00023537095022779255
3696,0.002024473389610648,0.0002261982016839658
3697,0.0022665641736239195,0.00022597155035341044
3698,0.00231784675270319,0.0002258031105624988
3699,0.002208089455962181,0.00022434813954768303
3700,0.002287850948050618,0.0002238752343861075
3701,0.0019317303085699677,0.0002264666405722618
3702,0.002544474322348833,0.00022409355175269821
3703,0.002154871355742216,0.0002221056313402283
3704,0.0021227351389825344,0.0002182889037199427
3705,0.001848194980993867,0.0002219541123795251
3706,0.0019448111997917295,0.0002243357053054233
3707,0.0025239530950784683,0.00022355817977575418
3708,0.0021100854501128197,0.00022398972275518457
3709,0.002450182568281889,0.00022446120942313358
3710,0.0026514981873333454,0.00022761234586214554
3711,0.0023686159402132034,0.000226431945484473
3712,0.0022676708176732063,0.00022546180932574527
3713,0.00198706635273993,0.00022728452038365215
3714,0.003003953956067562,0.00023857538180733438
3715,0.0022002458572387695,0.0002304938584594357
3716,0.002753867767751217,0.00023424936740842165
3717,0.0022987863048911095,0.00023422970713901572
3718,0.0022053737193346024,0.00023413569232818513
3719,0.002373339608311653,0.00023406857283080342
3720,0.002189891878515482,0.00023425476747470432
3721,0.0020317300222814083,0.00023142811249544882
3722,0.002280352171510458,0.00022934575553279667
3723,0.0021354497876018286,0.0002294079523365301
3724,0.002251958940178156,0.00022940833976309123
3725,0.0021888408809900284,0.00022523199887236243
3726,0.001899398397654295,0.00022772863621509334
3727,0.002133878879249096,0.00022811937027163374
3728,0.0022508041001856327,0.00022812023169605834
3729,0.0025526967365294695,0.00022528994777992617
3730,0.002214152831584215,0.00022473147059154456
3731,0.0020184244494885206,0.00022557175490581512
3732,0.0026252553798258305,0.00022681659906890916
3733,0.002490169368684292,0.00022467954987473202
3734,0.001979879103600979,0.00022611565013448483
3735,0.002068003173917532,0.00022364322360361112
3736,0.0020171620417386293,0.00022486319753182353
3737,0.0023928158916532993,0.00022431565634131213
3738,0.0025546178221702576,0.00022635321826732286
3739,0.002547722775489092,0.0002281097417593952
3740,0.0025280979461967945,0.00022803530535348208
3741,0.002097485587000847,0.0002270246657493101
3742,0.002055170014500618,0.00022780398317494434
3743,0.0021188887767493725,0.0002255582907469444
3744,0.001799141289666295,0.00023016589684537078
3745,0.002337827580049634,0.0002298542974847569
3746,0.0022974659223109484,0.00022960805531903124
3747,0.002625879365950823,0.00023245388355579575
3748,0.0021460545249283314,0.00023238940391755365
3749,0.0030640186741948128,0.00024220416995755382
3750,0.0026959958486258984,0.00024471741441126695
3751,0.0026208385825157166,0.00024613599644492443
3752,0.0024669892154634,0.0002466578508397701
3753,0.002421310171484947,0.0002464332739352997
3754,0.001957125961780548,0.00024853037179263857
3755,0.00238507310859859,0.0002479055199831806
3756,0.001867594663053751,0.0002506297255983464
3757,0.0019322088919579983,0.0002530210627919135
3758,0.0020134192891418934,0.00025367261222416
3759,0.002353274030610919,0.00025341819335471206
3760,0.0018739658407866955,0.00025571839467413283
3761,0.0026691369712352753,0.0002588110403779506
3762,0.002033607102930546,0.00025988330636807466
3763,0.0018132086843252182,0.0002638234270563355
3764,0.002241430338472128,0.00026088488529577914
3765,0.002213047118857503,0.0002608218414671163
3766,0.002725087571889162,0.00026473402679215517
3767,0.0022018069867044687,0.00026468398253626403
3768,0.002564571797847748,0.00026628276237809155
3769,0.0020762390922755003,0.00026651441699390726
3770,0.0021905191242694855,0.0002657214879091555
3771,0.002017633058130741,0.0002667911128403608
3772,0.002082569757476449,0.00026688398404622497
3773,0.0021145157516002655,0.0002672883874907003
3774,0.002702373545616865,0.0002708622056191072
3775,0.0020939474925398827,0.0002712792189103844
3776,0.002465439261868596,0.00027142070868646837
3777,0.002191523788496852,0.0002708037749169516
3778,0.0020880564115941525,0.00027103544975151417
3779,0.0024537057615816593,0.0002715410013299519
3780,0.0021388493478298187,0.000271380882968411
3781,0.002362392842769623,0.00027150835237415346
3782,0.0019496532622724771,0.0002669840350216728
3783,0.0021431338973343372,0.0002669400541767853
3784,0.002346740337088704,0.00026411826708401184
3785,0.0023021199740469456,0.0002608437459829763
3786,0.002540897112339735,0.0002578924193322276
3787,0.002498716115951538,0.0002579781779347334
3788,0.002161659300327301,0.0002571167427145653
3789,0.002623281441628933,0.00025880018379099496
3790,0.0022944794036448,0.0002576850639400821
3791,0.002112654270604253,0.00025770161167458353
3792,0.002289512660354376,0.00025765557173206786
3793,0.002099104691296816,0.0002580474386744383
3794,0.0023478874936699867,0.00025621972520109
3795,0.0025596199557185173,0.0002578638649504833
3796,0.0020477266516536474,0.00025765028537538907
3797,0.0024253751616925,0.00025811420099740957
3798,0.0023549282923340797,0.000258207082406409
3799,0.0023173438385128975,0.00025816269122197954
3800,0.002137962728738785,0.00025851428156248215
3801,0.002060654340311885,0.00025711712769929803
3802,0.003007753985002637,0.00026606798086478294
3803,0.002139722229912877,0.00026614313805443105
3804,0.002413812093436718,0.000266020464894376
3805,0.0025780322030186653,0.00026403531735038244
3806,0.002324458211660385,0.000261768683200029
3807,0.0022869338281452656,0.0002607175004620193
3808,0.0025420302990823984,0.00026129159033672436
3809,0.0021663522347807884,0.0002611180419221698
3810,0.0018585545476526022,0.0002620991612792729
3811,0.0020568924956023693,0.00026292432084535635
3812,0.0025315943639725447,0.00026412132093771735
3813,0.002688933163881302,0.0002655097363897557
3814,0.0022668708115816116,0.00025552281867813955
3815,0.0022804019972682,0.0002553885797230456
3816,0.0023114557843655348,0.0002509439716323161
3817,0.0024269279092550278,0.0002513746117703523
3818,0.0024420632980763912,0.00025177944374330495
3819,0.002397105097770691,0.00025187743860880397
3820,0.0021127660293132067,0.0002522817541469993
3821,0.0023114157374948263,0.00025102898134815875
3822,0.002222587587311864,0.0002511052255314819
3823,0.001739267841912806,0.00025653906117279905
3824,0.002080988371744752,0.00025729660559729015
3825,0.0019680210389196873,0.00025901411152767686
3826,0.002622350351884961,0.0002584821441192732
3827,0.002166105667129159,0.0002583139555130013
3828,0.0023561781272292137,0.0002583934849128907
3829,0.0019983712118119,0.00025853231695242737
3830,0.002216171007603407,0.00025852726891646244
3831,0.0023320564068853855,0.0002572309892464854
3832,0.0019042480271309614,0.0002576262319211141
3833,0.0023770336993038654,0.00025691974586628246
3834,0.0021291023585945368,0.00025562436079712127
3835,0.002234820742160082,0.0002547997121606236
3836,0.002267249394208193,0.00025344589024990996
3837,0.0023699006997048855,0.0002533528780493558
3838,0.0018756466452032328,0.0002549958773390579
3839,0.0025418568402528763,0.0002549326221466236
3840,0.002384795807301998,0.0002538823437471625
3841,0.002703146543353796,0.0002569042145020106
3842,0.002010250696912408,0.000257335248919571
3843,0.0027261259965598583,0.0002607150234235696
3844,0.0021583670750260353,0.00025642285862325254
3845,0.0020740553736686707,0.0002572439366499087
3846,0.0023475405760109425,0.00025731959030514276
3847,0.0023851548321545124,0.0002552088852397255
3848,0.0025217195507138968,0.00025595337295260874
3849,0.00231823418289423,0.0002436112931874009
3850,0.002174160210415721,0.0002401348368711939
3851,0.0026948065496981144,0.00024132822203246584
3852,0.0023464146070182323,0.00024065292855476953
3853,0.0022052146960049868,0.00024027291131439033
3854,0.002285774564370513,0.00023818432966915198
3855,0.0020041828975081444,0.00023942603149234773
3856,0.0024857555981725454,0.00023690362930601968
3857,0.002180273411795497,0.0002345547440772105
3858,0.002209450351074338,0.0002331321473159353
3859,0.0023316028527915478,0.00023307380389902928
3860,0.0021622644271701574,0.00022975760312512623
3861,0.0024409887846559286,0.0002270016182776615
3862,0.00208689970895648,0.0002264773724335562
3863,0.00214161304756999,0.00022195661094590635
3864,0.002216234803199768,0.00022202042424738532
3865,0.0026584691368043423,0.0002250228920142612
3866,0.002279119100421667,0.00022066640595020138
3867,0.0025769369676709175,0.0002224303283288745
3868,0.0023841250222176313,0.00022089152094250988
3869,0.0023985118605196476,0.00022014537643983778
3870,0.0021803551353514194,0.0002201938928613036
3871,0.002132526831701398,0.00021905819152325825
3872,0.002323022810742259,0.00021806933098519996
3873,0.002423657104372978,0.00021770469419912504
3874,0.002369645517319441,0.00021394243630516304
3875,0.002159819006919861,0.0002134249408161856
3876,0.0019288365729153156,0.0002157885946887378
3877,0.0020347631070762873,0.00021706246617502267
3878,0.0022674966603517532,0.00021614539317912053
3879,0.0020363316871225834,0.0002169467661685057
3880,0.002545506227761507,0.00021800544272004504
3881,0.0021778170485049486,0.00021815191163072962
3882,0.002332322997972369,0.0002155272376859826
3883,0.0019349680515006185,0.00021795306964590642
3884,0.00227074371650815,0.00021787887384961757
3885,0.0019339141435921192,0.0002207186386376045
3886,0.0021009338088333607,0.00021992193050760512
3887,0.0023293301928788424,0.00021886402655545007
3888,0.0018258190248161554,0.00022319375184138725
3889,0.0017052812036126852,0.0002275262226181679
3890,0.002229443984106183,0.00022753401442566695
3891,0.0021207332611083984,0.00022748104157006938
3892,0.0021721189841628075,0.00022765306539072552
3893,0.0023483955301344395,0.0002272020070666769
3894,0.0020773448050022125,0.0002278237925270593
3895,0.0024608131498098373,0.0002267361575571557
3896,0.001968975644558668,0.00022762307046068445
3897,0.0024982430040836334,0.00022826948654761103
3898,0.001992447767406702,0.00022965246395197783
3899,0.0019034292781725526,0.00023229350326546945
3900,0.002164106350392103,0.00023217602259904474
3901,0.001827417640015483,0.0002352933867568612
3902,0.0027733168099075556,0.0002287661599529996
3903,0.002012000186368823,0.00022974142305124458
3904,0.002276468090713024,0.0002291531119116912
3905,0.002389038447290659,0.00022716738115585906
3906,0.0026814707089215517,0.000231194257814947
3907,0.00213523767888546,0.00023143927794961396
3908,0.0020723622292280197,0.00023016016014488507
3909,0.0020961351692676544,0.00023050204030332968
3910,0.0024195187725126743,0.00022788922744980115
3911,0.002078035846352577,0.00022772031786315845
3912,0.0022472143173217773,0.0002259081566035829
3913,0.0024915311951190233,0.00022283038461470026
3914,0.0023055849596858025,0.00022290603370090614
3915,0.0025059974286705256,0.0002244216793049583
3916,0.0019010950345546007,0.00022694227239509023
3917,0.00254777236841619,0.00022825777595086055
3918,0.002208949765190482,0.00022738955125412036
3919,0.001819054246880114,0.00023068752171376362
3920,0.002697112038731575,0.00023493318199007467
3921,0.0023089430760592222,0.00023492576213978472
3922,0.002380159217864275,0.00023533333477230236
3923,0.001991439377889037,0.00023120732310376915
3924,0.002258372027426958,0.00023062009415739137
3925,0.0024035361129790545,0.000229421997840243
3926,0.0021941266022622585,0.0002263895278106552
3927,0.0030337944626808167,0.00023953075175918778
3928,0.002022039145231247,0.00024043391009186387
3929,0.002105305902659893,0.00023953214188138694
3930,0.002147697377949953,0.0002397354750100412
3931,0.0019406223436817527,0.0002416041217427949
3932,0.0019032182171940804,0.00024161894866864134
3933,0.002290099859237671,0.00024130660862719044
3934,0.0024851467460393906,0.00024217095562327235
3935,0.002349602058529854,0.00024236635895363544
3936,0.0021873516961932182,0.00024244710798489505
3937,0.0020575905218720436,0.00024291310177263558
3938,0.002292403019964695,0.00024001750484867047
3939,0.0022741740103811026,0.0002382405375780591
3940,0.002350856317207217,0.0002380699962427078
3941,0.002576868049800396,0.00023596332078695438
3942,0.002278455998748541,0.00023475575820759397
3943,0.002027734648436308,0.00023082168481562522
3944,0.0022203540429472923,0.00023067361519722664
3945,0.0024469131603837013,0.0002309083042908444
3946,0.002078188583254814,0.00023130569658614988
3947,0.002743844874203205,0.00023622558570384494
3948,0.002016830025240779,0.00023572983819440479
3949,0.001990606775507331,0.00023695858314540819
3950,0.0021420326083898544,0.00023707123865145704
3951,0.0021795593202114105,0.0002326493060812772
3952,0.0020990073680877686,0.00023276865414641304
3953,0.002288698684424162,0.00023281919316635232
3954,0.002407629508525133,0.0002334140942236539
3955,0.0020270224194973707,0.00023319738739085698
3956,0.002620372921228409,0.0002350415615579786
3957,0.0024967663921415806,0.00023640755453766573
3958,0.0021076668053865433,0.00023675657077409001
3959,0.002261234913021326,0.00023658115348499604
3960,0.0019428303930908442,0.00023829892858548697
3961,0.002610172610729933,0.00024036443844468547
3962,0.0022253356873989105,0.00023988849035691168
3963,0.002693243557587266,0.00024394524672280437
3964,0.002186278346925974,0.000243998144980014
3965,0.002426844323053956,0.00024110379366529535
3966,0.002213054336607456,0.00024109002122556656
3967,0.002181260148063302,0.00023875289126390643
3968,0.0018692435696721077,0.00024108462577016114
3969,0.00278146518394351,0.00024673680598377
3970,0.0020842263475060463,0.00024714076692013777
3971,0.0021384479478001595,0.0002471167866095643
3972,0.0023854360915720463,0.0002474209922660272
3973,0.0021693361923098564,0.0002467707860841489
3974,0.002900528023019433,0.0002553097898439063
3975,0.0021011722274124622,0.000255558411121092
3976,0.002190482337027788,0.0002536999413190392
3977,0.002113048452883959,0.00025318041878745235
3978,0.002118332777172327,0.0002534608256652346
3979,0.0023747135419398546,0.000252981878374833
3980,0.0020265309140086174,0.00025202862658729416
3981,0.003131273901090026,0.0002673190730579829
3982,0.0030475067906081676,0.00027893819868658325
3983,0.0025493367575109005,0.00027860175954872677
3984,0.002361543942242861,0.0002787839231578832
3985,0.0024218258913606405,0.0002772627158385265
3986,0.0017198645509779453,0.0002821319750872731
3987,0.0028362064622342587,0.0002878435827873944
3988,0.002259337343275547,0.0002843696865091173
3989,0.0021950264926999807,0.0002786761322327547
3990,0.0024533236864954233,0.000279192156376557
3991,0.0024638953618705273,0.00027933792923470036
3992,0.001944605610333383,0.00028116481628266313
3993,0.002328493632376194,0.00028112296249025766
3994,0.001998770982027054,0.0002818035560090975
3995,0.0025081178173422813,0.0002821512829575088
3996,0.002115856623277068,0.0002808979766669599
3997,0.0022333632223308086,0.00028007610238740035
3998,0.002014057245105505,0.0002798615627515686
3999,0.0023281052708625793,0.00027732263095503365
4000,0.0019321287982165813,0.0002792886318377199
