query_index,query_id,timepoint,recall,ndcg,density_log_distortion,zero_recall,seconds
128,56edbc2e62a5c79a3a7bbadfae942f25ed241788bbeda0808fb8fdfc14d1f8c3:128,0-1,0.0,0.0,0.19421911,True,0.06991193536669016
2377,56edbc2e62a5c79a3a7bbadfae942f25ed241788bbeda0808fb8fdfc14d1f8c3:2377,2-3,0.26666666666666666,0.285773809053072,0.10741977,False,0.06928530521690845
2823,56edbc2e62a5c79a3a7bbadfae942f25ed241788bbeda0808fb8fdfc14d1f8c3:2823,4-5,0.0,0.0,0.53147554,True,0.06924080476164818
3752,56edbc2e62a5c79a3a7bbadfae942f25ed241788bbeda0808fb8fdfc14d1f8c3:3752,6-7,0.2,0.14664365822703782,0.466668,False,0.06930844765156507
5190,56edbc2e62a5c79a3a7bbadfae942f25ed241788bbeda0808fb8fdfc14d1f8c3:5190,8-9,0.13333333333333333,0.10836246763959095,0.06501338,False,0.06868058070540428
625,56edbc2e62a5c79a3a7bbadfae942f25ed241788bbeda0808fb8fdfc14d1f8c3:625,0-1,0.0,0.0,0.29934844,True,0.06909481808543205
1667,56edbc2e62a5c79a3a7bbadfae942f25ed241788bbeda0808fb8fdfc14d1f8c3:1667,2-3,0.13333333333333333,0.24408660918242647,0.1384776,False,0.06850374676287174
2761,56edbc2e62a5c79a3a7bbadfae942f25ed241788bbeda0808fb8fdfc14d1f8c3:2761,4-5,0.06666666666666667,0.17060921827860476,0.29600373,False,0.0691282618790865
4312,56edbc2e62a5c79a3a7bbadfae942f25ed241788bbeda0808fb8fdfc14d1f8c3:4312,6-7,0.2,0.32435677060004175,0.16003911,False,0.0691685788333416
5056,56edbc2e62a5c79a3a7bbadfae942f25ed241788bbeda0808fb8fdfc14d1f8c3:5056,8-9,0.13333333333333333,0.1513052641704713,0.27237368,False,0.0691706296056509
874,56edbc2e62a5c79a3a7bbadfae942f25ed241788bbeda0808fb8fdfc14d1f8c3:874,0-1,0.13333333333333333,0.1587820000431241,0.36373144,False,0.06880047637969255
1724,56edbc2e62a5c79a3a7bbadfae942f25ed241788bbeda0808fb8fdfc14d1f8c3:1724,2-3,0.0,0.0,0.027205624,True,0.06865363474935293
3342,56edbc2e62a5c79a3a7bbadfae942f25ed241788bbeda0808fb8fdfc14d1f8c3:3342,4-5,0.13333333333333333,0.1569595560954746,0.07939829,False,0.06888990662992
3753,56edbc2e62a5c79a3a7bbadfae942f25ed241788bbeda0808fb8fdfc14d1f8c3:3753,6-7,0.06666666666666667,0.06077222973772036,0.2719221,False,0.06906956061720848
6158,56edbc2e62a5c79a3a7bbadfae942f25ed241788bbeda0808fb8fdfc14d1f8c3:6158,8-9,0.3333333333333333,0.3137576651883278,0.9898021,False,0.06882474478334188
360,56edbc2e62a5c79a3a7bbadfae942f25ed241788bbeda0808fb8fdfc14d1f8c3:360,0-1,0.0,0.0,0.08692101,True,0.06848114170134068
1622,56edbc2e62a5c79a3a7bbadfae942f25ed241788bbeda0808fb8fdfc14d1f8c3:1622,2-3,0.06666666666666667,0.08530460913930238,0.26418978,False,0.0688575953245163
2919,56edbc2e62a5c79a3a7bbadfae942f25ed241788bbeda0808fb8fdfc14d1f8c3:2919,4-5,0.0,0.0,0.14861673,True,0.06887169554829597
4897,56edbc2e62a5c79a3a7bbadfae942f25ed241788bbeda0808fb8fdfc14d1f8c3:4897,6-7,0.26666666666666666,0.1877325570192297,0.14274804,False,0.06891270726919174
5570,56edbc2e62a5c79a3a7bbadfae942f25ed241788bbeda0808fb8fdfc14d1f8c3:5570,8-9,0.0,0.0,0.2507596,True,0.06901971995830536
346,56edbc2e62a5c79a3a7bbadfae942f25ed241788bbeda0808fb8fdfc14d1f8c3:346,0-1,0.0,0.0,0.015513755,True,0.06923097372055054
1359,56edbc2e62a5c79a3a7bbadfae942f25ed241788bbeda0808fb8fdfc14d1f8c3:1359,2-3,0.06666666666666667,0.05686973942620158,0.038181633,False,0.06866971123963594
2754,56edbc2e62a5c79a3a7bbadfae942f25ed241788bbeda0808fb8fdfc14d1f8c3:2754,4-5,0.0,0.0,0.07622275,True,0.06922935135662556
4891,56edbc2e62a5c79a3a7bbadfae942f25ed241788bbeda0808fb8fdfc14d1f8c3:4891,6-7,0.13333333333333333,0.14217434856550396,0.047538616,False,0.06865282636135817
5985,56edbc2e62a5c79a3a7bbadfae942f25ed241788bbeda0808fb8fdfc14d1f8c3:5985,8-9,0.0,0.0,0.053634696,True,0.0687600988894701
336,56edbc2e62a5c79a3a7bbadfae942f25ed241788bbeda0808fb8fdfc14d1f8c3:336,0-1,0.06666666666666667,0.10764243204553911,0.22995685,False,0.06846232991665602
1959,56edbc2e62a5c79a3a7bbadfae942f25ed241788bbeda0808fb8fdfc14d1f8c3:1959,2-3,0.13333333333333333,0.25591382741790714,0.3819729,False,0.06944153737276793
2770,56edbc2e62a5c79a3a7bbadfae942f25ed241788bbeda0808fb8fdfc14d1f8c3:2770,4-5,0.0,0.0,0.27584717,True,0.06914593745023012
4905,56edbc2e62a5c79a3a7bbadfae942f25ed241788bbeda0808fb8fdfc14d1f8c3:4905,6-7,0.13333333333333333,0.11008935378765586,0.14292374,False,0.06924085319042206
5615,56edbc2e62a5c79a3a7bbadfae942f25ed241788bbeda0808fb8fdfc14d1f8c3:5615,8-9,0.06666666666666667,0.05686973942620158,0.21409336,False,0.06891189608722925
715,56edbc2e62a5c79a3a7bbadfae942f25ed241788bbeda0808fb8fdfc14d1f8c3:715,0-1,0.06666666666666667,0.06077222973772036,0.23374411,False,0.06885574012994766
2197,56edbc2e62a5c79a3a7bbadfae942f25ed241788bbeda0808fb8fdfc14d1f8c3:2197,2-3,0.2,0.20659116218605333,0.27296552,False,0.06873630732297897
2782,56edbc2e62a5c79a3a7bbadfae942f25ed241788bbeda0808fb8fdfc14d1f8c3:2782,4-5,0.13333333333333333,0.1228703944573705,0.5163741,False,0.06905656401067972
4086,56edbc2e62a5c79a3a7bbadfae942f25ed241788bbeda0808fb8fdfc14d1f8c3:4086,6-7,0.5333333333333333,0.572146155354091,0.43080813,False,0.06891876365989447
6148,56edbc2e62a5c79a3a7bbadfae942f25ed241788bbeda0808fb8fdfc14d1f8c3:6148,8-9,0.0,0.0,0.0062432215,True,0.06888433638960123
209,56edbc2e62a5c79a3a7bbadfae942f25ed241788bbeda0808fb8fdfc14d1f8c3:209,0-1,0.2,0.1481287758530105,0.11088289,False,0.0684712678194046
1416,56edbc2e62a5c79a3a7bbadfae942f25ed241788bbeda0808fb8fdfc14d1f8c3:1416,2-3,0.0,0.0,0.6857573,True,0.06846996583044529
2865,56edbc2e62a5c79a3a7bbadfae942f25ed241788bbeda0808fb8fdfc14d1f8c3:2865,4-5,0.3333333333333333,0.41620810115148027,0.0046990663,False,0.06892722006887197
4554,56edbc2e62a5c79a3a7bbadfae942f25ed241788bbeda0808fb8fdfc14d1f8c3:4554,6-7,0.06666666666666667,0.08530460913930238,0.2938036,False,0.06854688748717308
5789,56edbc2e62a5c79a3a7bbadfae942f25ed241788bbeda0808fb8fdfc14d1f8c3:5789,8-9,0.0,0.0,0.0017576516,True,0.06865556631237268
86,56edbc2e62a5c79a3a7bbadfae942f25ed241788bbeda0808fb8fdfc14d1f8c3:86,0-1,0.0,0.0,0.10419268,True,0.06887297797948122
1674,56edbc2e62a5c79a3a7bbadfae942f25ed241788bbeda0808fb8fdfc14d1f8c3:1674,2-3,0.13333333333333333,0.0924006697558052,0.17337282,False,0.06893424037843943
3313,56edbc2e62a5c79a3a7bbadfae942f25ed241788bbeda0808fb8fdfc14d1f8c3:3313,4-5,0.0,0.0,0.07742496,True,0.06847293302416801
4018,56edbc2e62a5c79a3a7bbadfae942f25ed241788bbeda0808fb8fdfc14d1f8c3:4018,6-7,0.26666666666666666,0.2514015940399879,0.52908754,False,0.06851709354668856
5882,56edbc2e62a5c79a3a7bbadfae942f25ed241788bbeda0808fb8fdfc14d1f8c3:5882,8-9,0.0,0.0,0.5799749,True,0.06798803247511387
83,56edbc2e62a5c79a3a7bbadfae942f25ed241788bbeda0808fb8fdfc14d1f8c3:83,0-1,0.06666666666666667,0.07347739090382172,0.3146708,False,0.06855124887079
1321,56edbc2e62a5c79a3a7bbadfae942f25ed241788bbeda0808fb8fdfc14d1f8c3:1321,2-3,0.26666666666666666,0.2290637711337512,0.6480848,False,0.06880571693181992
2760,56edbc2e62a5c79a3a7bbadfae942f25ed241788bbeda0808fb8fdfc14d1f8c3:2760,4-5,0.0,0.0,0.08023126,True,0.06848206743597984
4111,56edbc2e62a5c79a3a7bbadfae942f25ed241788bbeda0808fb8fdfc14d1f8c3:4111,6-7,0.6,0.5836468519469679,0.37252986,False,0.06852576415985823
5374,56edbc2e62a5c79a3a7bbadfae942f25ed241788bbeda0808fb8fdfc14d1f8c3:5374,8-9,0.0,0.0,0.08021134,True,0.0681731728836894
837,56edbc2e62a5c79a3a7bbadfae942f25ed241788bbeda0808fb8fdfc14d1f8c3:837,0-1,0.2,0.19855798417537163,0.03491074,False,0.06968171894550323
2001,56edbc2e62a5c79a3a7bbadfae942f25ed241788bbeda0808fb8fdfc14d1f8c3:2001,2-3,0.2,0.18428847778892526,0.282013,False,0.06881324201822281
2815,56edbc2e62a5c79a3a7bbadfae942f25ed241788bbeda0808fb8fdfc14d1f8c3:2815,4-5,0.06666666666666667,0.17060921827860476,0.15605924,False,0.06933167856186628
4163,56edbc2e62a5c79a3a7bbadfae942f25ed241788bbeda0808fb8fdfc14d1f8c3:4163,6-7,0.0,0.0,0.25230598,True,0.06900563463568687
5193,56edbc2e62a5c79a3a7bbadfae942f25ed241788bbeda0808fb8fdfc14d1f8c3:5193,8-9,0.06666666666666667,0.046105120275897894,0.46629104,False,0.06873863376677036
756,56edbc2e62a5c79a3a7bbadfae942f25ed241788bbeda0808fb8fdfc14d1f8c3:756,0-1,0.3333333333333333,0.4389502163605317,0.07998524,False,0.06970937736332417
2184,56edbc2e62a5c79a3a7bbadfae942f25ed241788bbeda0808fb8fdfc14d1f8c3:2184,2-3,0.06666666666666667,0.04481043185393461,0.30937034,False,0.06910661235451698
2997,56edbc2e62a5c79a3a7bbadfae942f25ed241788bbeda0808fb8fdfc14d1f8c3:2997,4-5,0.06666666666666667,0.053821216022769555,0.16769764,False,0.06842466443777084
4860,56edbc2e62a5c79a3a7bbadfae942f25ed241788bbeda0808fb8fdfc14d1f8c3:4860,6-7,0.3333333333333333,0.2923498567426078,0.3000861,False,0.06887231580913067
5111,56edbc2e62a5c79a3a7bbadfae942f25ed241788bbeda0808fb8fdfc14d1f8c3:5111,8-9,0.13333333333333333,0.23660987330977368,0.21579318,False,0.06904072407633066
449,56edbc2e62a5c79a3a7bbadfae942f25ed241788bbeda0808fb8fdfc14d1f8c3:449,0-1,0.4,0.47752967009356734,0.29331574,False,0.06862322706729174
2172,56edbc2e62a5c79a3a7bbadfae942f25ed241788bbeda0808fb8fdfc14d1f8c3:2172,2-3,0.2,0.3517290412279656,1.0668089,False,0.0689087500795722
3171,56edbc2e62a5c79a3a7bbadfae942f25ed241788bbeda0808fb8fdfc14d1f8c3:3171,4-5,0.0,0.0,0.0013087802,True,0.06835788581520319
4083,56edbc2e62a5c79a3a7bbadfae942f25ed241788bbeda0808fb8fdfc14d1f8c3:4083,6-7,0.0,0.0,0.093000025,True,0.06851003505289555
5860,56edbc2e62a5c79a3a7bbadfae942f25ed241788bbeda0808fb8fdfc14d1f8c3:5860,8-9,0.0,0.0,0.1570593,True,0.06854959577322006
401,56edbc2e62a5c79a3a7bbadfae942f25ed241788bbeda0808fb8fdfc14d1f8c3:401,0-1,0.06666666666666667,0.08530460913930238,0.021110315,False,0.0687254536896944
1675,56edbc2e62a5c79a3a7bbadfae942f25ed241788bbeda0808fb8fdfc14d1f8c3:1675,2-3,0.06666666666666667,0.0475902379018706,0.03783419,False,0.06869128812104464
2721,56edbc2e62a5c79a3a7bbadfae942f25ed241788bbeda0808fb8fdfc14d1f8c3:2721,4-5,0.2,0.14711228189772335,0.046452224,False,0.06896612700074911
3851,56edbc2e62a5c79a3a7bbadfae942f25ed241788bbeda0808fb8fdfc14d1f8c3:3851,6-7,0.26666666666666666,0.35096395919604473,0.1258599,False,0.06877670809626579
5917,56edbc2e62a5c79a3a7bbadfae942f25ed241788bbeda0808fb8fdfc14d1f8c3:5917,8-9,0.06666666666666667,0.046105120275897894,0.3495587,False,0.06827119179069996
400,56edbc2e62a5c79a3a7bbadfae942f25ed241788bbeda0808fb8fdfc14d1f8c3:400,0-1,0.06666666666666667,0.17060921827860476,0.23141833,False,0.06845095567405224
2174,56edbc2e62a5c79a3a7bbadfae942f25ed241788bbeda0808fb8fdfc14d1f8c3:2174,2-3,0.13333333333333333,0.10517970826141315,0.3144797,False,0.06909597385674715
2490,56edbc2e62a5c79a3a7bbadfae942f25ed241788bbeda0808fb8fdfc14d1f8c3:2490,4-5,0.13333333333333333,0.1552326699474097,0.35943884,False,0.06844388879835606
3998,56edbc2e62a5c79a3a7bbadfae942f25ed241788bbeda0808fb8fdfc14d1f8c3:3998,6-7,0.2,0.2789716859181957,0.6809729,False,0.06890924740582705
5844,56edbc2e62a5c79a3a7bbadfae942f25ed241788bbeda0808fb8fdfc14d1f8c3:5844,8-9,0.0,0.0,0.37317145,True,0.06870773620903492
280,56edbc2e62a5c79a3a7bbadfae942f25ed241788bbeda0808fb8fdfc14d1f8c3:280,0-1,0.0,0.0,0.23841509,True,0.06876447517424822
2085,56edbc2e62a5c79a3a7bbadfae942f25ed241788bbeda0808fb8fdfc14d1f8c3:2085,2-3,0.26666666666666666,0.21934391504979125,0.60068226,False,0.06894622836261988
3401,56edbc2e62a5c79a3a7bbadfae942f25ed241788bbeda0808fb8fdfc14d1f8c3:3401,4-5,0.0,0.0,0.08701326,True,0.06923182029277086
3794,56edbc2e62a5c79a3a7bbadfae942f25ed241788bbeda0808fb8fdfc14d1f8c3:3794,6-7,0.0,0.0,0.24193084,True,0.06865244265645742
5590,56edbc2e62a5c79a3a7bbadfae942f25ed241788bbeda0808fb8fdfc14d1f8c3:5590,8-9,0.06666666666666667,0.06600065503116892,0.19869016,False,0.06934718322008848
786,56edbc2e62a5c79a3a7bbadfae942f25ed241788bbeda0808fb8fdfc14d1f8c3:786,0-1,0.06666666666666667,0.06077222973772036,0.35274667,False,0.06914667133241892
2309,56edbc2e62a5c79a3a7bbadfae942f25ed241788bbeda0808fb8fdfc14d1f8c3:2309,2-3,0.06666666666666667,0.06600065503116892,0.45030287,False,0.06853328552097082
3078,56edbc2e62a5c79a3a7bbadfae942f25ed241788bbeda0808fb8fdfc14d1f8c3:3078,4-5,0.06666666666666667,0.07347739090382172,0.21440059,False,0.06868086475878954
4466,56edbc2e62a5c79a3a7bbadfae942f25ed241788bbeda0808fb8fdfc14d1f8c3:4466,6-7,0.06666666666666667,0.04481043185393461,0.04549273,False,0.06889264937490225
5106,56edbc2e62a5c79a3a7bbadfae942f25ed241788bbeda0808fb8fdfc14d1f8c3:5106,8-9,0.2,0.1796642543799588,0.22934058,False,0.06861923541873693
574,56edbc2e62a5c79a3a7bbadfae942f25ed241788bbeda0808fb8fdfc14d1f8c3:574,0-1,0.0,0.0,0.6263123,True,0.06876411754637957
1583,56edbc2e62a5c79a3a7bbadfae942f25ed241788bbeda0808fb8fdfc14d1f8c3:1583,2-3,0.2,0.24053727908671207,0.30460304,False,0.06888263113796711
3172,56edbc2e62a5c79a3a7bbadfae942f25ed241788bbeda0808fb8fdfc14d1f8c3:3172,4-5,0.06666666666666667,0.08530460913930238,0.03388925,False,0.0690776240080595
4244,56edbc2e62a5c79a3a7bbadfae942f25ed241788bbeda0808fb8fdfc14d1f8c3:4244,6-7,0.2,0.21731188560164635,0.024580218,False,0.06874890346080065
5230,56edbc2e62a5c79a3a7bbadfae942f25ed241788bbeda0808fb8fdfc14d1f8c3:5230,8-9,0.0,0.0,0.47197056,True,0.06865977589040995
879,56edbc2e62a5c79a3a7bbadfae942f25ed241788bbeda0808fb8fdfc14d1f8c3:879,0-1,0.0,0.0,0.12492685,True,0.06882611848413944
1611,56edbc2e62a5c79a3a7bbadfae942f25ed241788bbeda0808fb8fdfc14d1f8c3:1611,2-3,0.2,0.18033189990288434,0.17355986,False,0.06834993604570627
2772,56edbc2e62a5c79a3a7bbadfae942f25ed241788bbeda0808fb8fdfc14d1f8c3:2772,4-5,0.0,0.0,0.116522536,True,0.06856053601950407
4587,56edbc2e62a5c79a3a7bbadfae942f25ed241788bbeda0808fb8fdfc14d1f8c3:4587,6-7,0.5333333333333333,0.5336364158192315,0.313192,False,0.06833665259182453
6169,56edbc2e62a5c79a3a7bbadfae942f25ed241788bbeda0808fb8fdfc14d1f8c3:6169,8-9,0.0,0.0,0.9643809,True,0.0682849595323205
788,56edbc2e62a5c79a3a7bbadfae942f25ed241788bbeda0808fb8fdfc14d1f8c3:788,0-1,0.06666666666666667,0.10764243204553911,0.037738875,False,0.0685205738991499
1152,56edbc2e62a5c79a3a7bbadfae942f25ed241788bbeda0808fb8fdfc14d1f8c3:1152,2-3,0.06666666666666667,0.06077222973772036,0.20841283,False,0.06824123673141003
2421,56edbc2e62a5c79a3a7bbadfae942f25ed241788bbeda0808fb8fdfc14d1f8c3:2421,4-5,0.0,0.0,0.057318993,True,0.06849951855838299
4484,56edbc2e62a5c79a3a7bbadfae942f25ed241788bbeda0808fb8fdfc14d1f8c3:4484,6-7,0.0,0.0,0.08271296,True,0.06818873062729836
5776,56edbc2e62a5c79a3a7bbadfae942f25ed241788bbeda0808fb8fdfc14d1f8c3:5776,8-9,0.3333333333333333,0.2806104569744705,0.15369587,False,0.06849720887839794
885,56edbc2e62a5c79a3a7bbadfae942f25ed241788bbeda0808fb8fdfc14d1f8c3:885,0-1,0.0,0.0,0.336201,True,0.06876322533935308
1181,56edbc2e62a5c79a3a7bbadfae942f25ed241788bbeda0808fb8fdfc14d1f8c3:1181,2-3,0.2,0.1363476627474197,0.0040296707,False,0.06822032108902931
2683,56edbc2e62a5c79a3a7bbadfae942f25ed241788bbeda0808fb8fdfc14d1f8c3:2683,4-5,0.0,0.0,0.48008338,True,0.06878803111612797
4689,56edbc2e62a5c79a3a7bbadfae942f25ed241788bbeda0808fb8fdfc14d1f8c3:4689,6-7,0.06666666666666667,0.06077222973772036,0.06675558,False,0.06871341355144978
4983,56edbc2e62a5c79a3a7bbadfae942f25ed241788bbeda0808fb8fdfc14d1f8c3:4983,8-9,0.0,0.0,0.1271644,True,0.06846332177519798
36,56edbc2e62a5c79a3a7bbadfae942f25ed241788bbeda0808fb8fdfc14d1f8c3:36,0-1,0.0,0.0,0.08349801,True,0.06774641200900078
1311,56edbc2e62a5c79a3a7bbadfae942f25ed241788bbeda0808fb8fdfc14d1f8c3:1311,2-3,0.06666666666666667,0.17060921827860476,0.4831695,False,0.0682853739708662
2423,56edbc2e62a5c79a3a7bbadfae942f25ed241788bbeda0808fb8fdfc14d1f8c3:2423,4-5,0.06666666666666667,0.046105120275897894,0.23075515,False,0.06837700959295034
4791,56edbc2e62a5c79a3a7bbadfae942f25ed241788bbeda0808fb8fdfc14d1f8c3:4791,6-7,0.0,0.0,0.6037795,True,0.06802268698811531
5810,56edbc2e62a5c79a3a7bbadfae942f25ed241788bbeda0808fb8fdfc14d1f8c3:5810,8-9,0.0,0.0,0.48764345,True,0.06913875974714756
653,56edbc2e62a5c79a3a7bbadfae942f25ed241788bbeda0808fb8fdfc14d1f8c3:653,0-1,0.0,0.0,0.099115714,True,0.0685482257977128
1628,56edbc2e62a5c79a3a7bbadfae942f25ed241788bbeda0808fb8fdfc14d1f8c3:1628,2-3,0.26666666666666666,0.24566490941112773,0.19430628,False,0.06873543001711369
2418,56edbc2e62a5c79a3a7bbadfae942f25ed241788bbeda0808fb8fdfc14d1f8c3:2418,4-5,0.0,0.0,0.63690275,True,0.06839759647846222
3975,56edbc2e62a5c79a3a7bbadfae942f25ed241788bbeda0808fb8fdfc14d1f8c3:3975,6-7,0.5333333333333333,0.45186050188978916,0.4293617,False,0.06843300070613623
5442,56edbc2e62a5c79a3a7bbadfae942f25ed241788bbeda0808fb8fdfc14d1f8c3:5442,8-9,0.06666666666666667,0.10764243204553911,0.2798136,False,0.0682626711204648
325,56edbc2e62a5c79a3a7bbadfae942f25ed241788bbeda0808fb8fdfc14d1f8c3:325,0-1,0.06666666666666667,0.046105120275897894,0.7645284,False,0.06879416853189468
1094,56edbc2e62a5c79a3a7bbadfae942f25ed241788bbeda0808fb8fdfc14d1f8c3:1094,2-3,0.13333333333333333,0.12483588314246533,0.028366663,False,0.06908537726849318
2486,56edbc2e62a5c79a3a7bbadfae942f25ed241788bbeda0808fb8fdfc14d1f8c3:2486,4-5,0.06666666666666667,0.053821216022769555,0.057928815,False,0.06870593130588531
4613,56edbc2e62a5c79a3a7bbadfae942f25ed241788bbeda0808fb8fdfc14d1f8c3:4613,6-7,0.0,0.0,0.54228747,True,0.06827382650226355
5992,56edbc2e62a5c79a3a7bbadfae942f25ed241788bbeda0808fb8fdfc14d1f8c3:5992,8-9,0.0,0.0,0.22736934,True,0.06856035254895687
199,56edbc2e62a5c79a3a7bbadfae942f25ed241788bbeda0808fb8fdfc14d1f8c3:199,0-1,0.0,0.0,0.49141267,True,0.06852396856993437
1532,56edbc2e62a5c79a3a7bbadfae942f25ed241788bbeda0808fb8fdfc14d1f8c3:1532,2-3,0.06666666666666667,0.05686973942620158,0.22395779,False,0.06853520963340998
3443,56edbc2e62a5c79a3a7bbadfae942f25ed241788bbeda0808fb8fdfc14d1f8c3:3443,4-5,0.06666666666666667,0.043668798524938345,0.1501101,False,0.0680682323873043
3723,56edbc2e62a5c79a3a7bbadfae942f25ed241788bbeda0808fb8fdfc14d1f8c3:3723,6-7,0.0,0.0,0.18728402,True,0.06890515889972448
6015,56edbc2e62a5c79a3a7bbadfae942f25ed241788bbeda0808fb8fdfc14d1f8c3:6015,8-9,0.13333333333333333,0.10297485970209948,0.16639358,False,0.06870499346405268
94,56edbc2e62a5c79a3a7bbadfae942f25ed241788bbeda0808fb8fdfc14d1f8c3:94,0-1,0.0,0.0,0.41876897,True,0.06908231973648071
1375,56edbc2e62a5c79a3a7bbadfae942f25ed241788bbeda0808fb8fdfc14d1f8c3:1375,2-3,0.0,0.0,0.19499478,True,0.0686792703345418
2982,56edbc2e62a5c79a3a7bbadfae942f25ed241788bbeda0808fb8fdfc14d1f8c3:2982,4-5,0.06666666666666667,0.17060921827860476,0.25330052,False,0.06880498304963112
4416,56edbc2e62a5c79a3a7bbadfae942f25ed241788bbeda0808fb8fdfc14d1f8c3:4416,6-7,0.26666666666666666,0.348899749992781,0.26492992,False,0.06872328836470842
5099,56edbc2e62a5c79a3a7bbadfae942f25ed241788bbeda0808fb8fdfc14d1f8c3:5099,8-9,0.06666666666666667,0.17060921827860476,0.34905827,False,0.06904109660536051
575,56edbc2e62a5c79a3a7bbadfae942f25ed241788bbeda0808fb8fdfc14d1f8c3:575,0-1,0.0,0.0,0.18244915,True,0.0684952400624752
1219,56edbc2e62a5c79a3a7bbadfae942f25ed241788bbeda0808fb8fdfc14d1f8c3:1219,2-3,0.0,0.0,0.07419811,True,0.06958549376577139
2680,56edbc2e62a5c79a3a7bbadfae942f25ed241788bbeda0808fb8fdfc14d1f8c3:2680,4-5,0.06666666666666667,0.06600065503116892,0.2948609,False,0.06852225307375193
3808,56edbc2e62a5c79a3a7bbadfae942f25ed241788bbeda0808fb8fdfc14d1f8c3:3808,6-7,0.3333333333333333,0.2676071626099726,0.5124469,False,0.06866924464702606
5979,56edbc2e62a5c79a3a7bbadfae942f25ed241788bbeda0808fb8fdfc14d1f8c3:5979,8-9,0.06666666666666667,0.10764243204553911,0.12176955,False,0.06895276624709368
164,56edbc2e62a5c79a3a7bbadfae942f25ed241788bbeda0808fb8fdfc14d1f8c3:164,0-1,0.26666666666666666,0.3523873480103279,0.22036436,False,0.06847759243100882
1051,56edbc2e62a5c79a3a7bbadfae942f25ed241788bbeda0808fb8fdfc14d1f8c3:1051,2-3,0.0,0.0,0.06548787,True,0.06892853230237961
3636,56edbc2e62a5c79a3a7bbadfae942f25ed241788bbeda0808fb8fdfc14d1f8c3:3636,4-5,0.0,0.0,0.015842259,True,0.0686795599758625
4746,56edbc2e62a5c79a3a7bbadfae942f25ed241788bbeda0808fb8fdfc14d1f8c3:4746,6-7,0.13333333333333333,0.22747895770480633,0.028918266,False,0.0689697815105319
5972,56edbc2e62a5c79a3a7bbadfae942f25ed241788bbeda0808fb8fdfc14d1f8c3:5972,8-9,0.13333333333333333,0.18111982294936083,0.04274741,False,0.0689204940572381
105,56edbc2e62a5c79a3a7bbadfae942f25ed241788bbeda0808fb8fdfc14d1f8c3:105,0-1,0.0,0.0,0.037587516,True,0.0689613651484251
1505,56edbc2e62a5c79a3a7bbadfae942f25ed241788bbeda0808fb8fdfc14d1f8c3:1505,2-3,0.0,0.0,0.22931495,True,0.06850925087928772
3368,56edbc2e62a5c79a3a7bbadfae942f25ed241788bbeda0808fb8fdfc14d1f8c3:3368,4-5,0.0,0.0,0.4940737,True,0.06893995404243469
4265,56edbc2e62a5c79a3a7bbadfae942f25ed241788bbeda0808fb8fdfc14d1f8c3:4265,6-7,0.06666666666666667,0.043668798524938345,0.18869369,False,0.06817769724875689
6007,56edbc2e62a5c79a3a7bbadfae942f25ed241788bbeda0808fb8fdfc14d1f8c3:6007,8-9,0.06666666666666667,0.049317124049935504,0.2355573,False,0.0685502802953124
694,56edbc2e62a5c79a3a7bbadfae942f25ed241788bbeda0808fb8fdfc14d1f8c3:694,0-1,0.13333333333333333,0.11359089293303952,0.26336753,False,0.06880049221217632
1963,56edbc2e62a5c79a3a7bbadfae942f25ed241788bbeda0808fb8fdfc14d1f8c3:1963,2-3,0.06666666666666667,0.0475902379018706,0.19530015,False,0.0689498158171773
2870,56edbc2e62a5c79a3a7bbadfae942f25ed241788bbeda0808fb8fdfc14d1f8c3:2870,4-5,0.3333333333333333,0.38709909141013044,0.2929325,False,0.06856976915150881
4299,56edbc2e62a5c79a3a7bbadfae942f25ed241788bbeda0808fb8fdfc14d1f8c3:4299,6-7,0.06666666666666667,0.05135849223864361,0.04029683,False,0.06910402700304985
5319,56edbc2e62a5c79a3a7bbadfae942f25ed241788bbeda0808fb8fdfc14d1f8c3:5319,8-9,0.0,0.0,0.907081,True,0.06925566587597132
608,56edbc2e62a5c79a3a7bbadfae942f25ed241788bbeda0808fb8fdfc14d1f8c3:608,0-1,0.4666666666666667,0.5475542452911425,0.1370247,False,0.06864491105079651
2240,56edbc2e62a5c79a3a7bbadfae942f25ed241788bbeda0808fb8fdfc14d1f8c3:2240,2-3,0.0,0.0,0.1555402,True,0.06930688302963972
2588,56edbc2e62a5c79a3a7bbadfae942f25ed241788bbeda0808fb8fdfc14d1f8c3:2588,4-5,0.06666666666666667,0.07347739090382172,0.021770738,False,0.06933016795665026
3931,56edbc2e62a5c79a3a7bbadfae942f25ed241788bbeda0808fb8fdfc14d1f8c3:3931,6-7,0.13333333333333333,0.11612969547347292,0.08489031,False,0.06933816336095333
5116,56edbc2e62a5c79a3a7bbadfae942f25ed241788bbeda0808fb8fdfc14d1f8c3:5116,8-9,0.06666666666666667,0.053821216022769555,0.18083142,False,0.06945857033133507
234,56edbc2e62a5c79a3a7bbadfae942f25ed241788bbeda0808fb8fdfc14d1f8c3:234,0-1,0.0,0.0,0.43011716,True,0.0693501066416502
2012,56edbc2e62a5c79a3a7bbadfae942f25ed241788bbeda0808fb8fdfc14d1f8c3:2012,2-3,0.0,0.0,0.5313867,True,0.06923896819353104
3370,56edbc2e62a5c79a3a7bbadfae942f25ed241788bbeda0808fb8fdfc14d1f8c3:3370,4-5,0.0,0.0,0.91373765,True,0.0690105827525258
3649,56edbc2e62a5c79a3a7bbadfae942f25ed241788bbeda0808fb8fdfc14d1f8c3:3649,6-7,0.0,0.0,0.20219119,True,0.06896037701517344
5002,56edbc2e62a5c79a3a7bbadfae942f25ed241788bbeda0808fb8fdfc14d1f8c3:5002,8-9,0.0,0.0,0.17281795,True,0.06892799027264118
893,56edbc2e62a5c79a3a7bbadfae942f25ed241788bbeda0808fb8fdfc14d1f8c3:893,0-1,0.0,0.0,0.09958859,True,0.0689353784546256
916,56edbc2e62a5c79a3a7bbadfae942f25ed241788bbeda0808fb8fdfc14d1f8c3:916,2-3,0.0,0.0,0.22906485,True,0.06872387789189816
3622,56edbc2e62a5c79a3a7bbadfae942f25ed241788bbeda0808fb8fdfc14d1f8c3:3622,4-5,0.06666666666666667,0.04265230456965119,0.21249397,False,0.06860499735921621
4882,56edbc2e62a5c79a3a7bbadfae942f25ed241788bbeda0808fb8fdfc14d1f8c3:4882,6-7,0.0,0.0,0.0062189978,True,0.06903491914272308
5071,56edbc2e62a5c79a3a7bbadfae942f25ed241788bbeda0808fb8fdfc14d1f8c3:5071,8-9,0.2,0.3219204488490822,0.32719383,False,0.06913190055638552
570,56edbc2e62a5c79a3a7bbadfae942f25ed241788bbeda0808fb8fdfc14d1f8c3:570,0-1,0.06666666666666667,0.05686973942620158,0.24858157,False,0.06871187314391136
1733,56edbc2e62a5c79a3a7bbadfae942f25ed241788bbeda0808fb8fdfc14d1f8c3:1733,2-3,0.0,0.0,0.18223114,True,0.0682191550731659
2443,56edbc2e62a5c79a3a7bbadfae942f25ed241788bbeda0808fb8fdfc14d1f8c3:2443,4-5,0.0,0.0,0.3459519,True,0.06872017029672861
4562,56edbc2e62a5c79a3a7bbadfae942f25ed241788bbeda0808fb8fdfc14d1f8c3:4562,6-7,0.06666666666666667,0.05686973942620158,0.17210227,False,0.0684656286612153
4992,56edbc2e62a5c79a3a7bbadfae942f25ed241788bbeda0808fb8fdfc14d1f8c3:4992,8-9,0.13333333333333333,0.24408660918242647,0.4909524,False,0.06869311165064573
642,56edbc2e62a5c79a3a7bbadfae942f25ed241788bbeda0808fb8fdfc14d1f8c3:642,0-1,0.0,0.0,0.4155784,True,0.06858084257692099
1408,56edbc2e62a5c79a3a7bbadfae942f25ed241788bbeda0808fb8fdfc14d1f8c3:1408,2-3,0.2,0.1974103844463692,0.17258777,False,0.06863084249198437
3417,56edbc2e62a5c79a3a7bbadfae942f25ed241788bbeda0808fb8fdfc14d1f8c3:3417,4-5,0.13333333333333333,0.21992634232854028,0.5323607,False,0.06885654851794243
3997,56edbc2e62a5c79a3a7bbadfae942f25ed241788bbeda0808fb8fdfc14d1f8c3:3997,6-7,0.0,0.0,0.42080894,True,0.0684754429385066
6019,56edbc2e62a5c79a3a7bbadfae942f25ed241788bbeda0808fb8fdfc14d1f8c3:6019,8-9,0.2,0.15679607572486906,0.22807655,False,0.06792196352034807
414,56edbc2e62a5c79a3a7bbadfae942f25ed241788bbeda0808fb8fdfc14d1f8c3:414,0-1,0.06666666666666667,0.043668798524938345,0.61793566,False,0.0691756121814251
2292,56edbc2e62a5c79a3a7bbadfae942f25ed241788bbeda0808fb8fdfc14d1f8c3:2292,2-3,0.13333333333333333,0.15374755232143703,0.15960506,False,0.06875778269022703
3504,56edbc2e62a5c79a3a7bbadfae942f25ed241788bbeda0808fb8fdfc14d1f8c3:3504,4-5,0.13333333333333333,0.11081108688510354,0.7867596,False,0.06860984675586224
3867,56edbc2e62a5c79a3a7bbadfae942f25ed241788bbeda0808fb8fdfc14d1f8c3:3867,6-7,0.13333333333333333,0.18111982294936083,0.054911822,False,0.06830632127821445
5160,56edbc2e62a5c79a3a7bbadfae942f25ed241788bbeda0808fb8fdfc14d1f8c3:5160,8-9,0.13333333333333333,0.1289734076642407,0.032712378,False,0.06802242062985897
415,56edbc2e62a5c79a3a7bbadfae942f25ed241788bbeda0808fb8fdfc14d1f8c3:415,0-1,0.06666666666666667,0.053821216022769555,0.7090644,False,0.06860633939504623
1592,56edbc2e62a5c79a3a7bbadfae942f25ed241788bbeda0808fb8fdfc14d1f8c3:1592,2-3,0.13333333333333333,0.1552326699474097,0.33399084,False,0.06847848370671272
2434,56edbc2e62a5c79a3a7bbadfae942f25ed241788bbeda0808fb8fdfc14d1f8c3:2434,4-5,0.0,0.0,0.25018466,True,0.0681837722659111
3713,56edbc2e62a5c79a3a7bbadfae942f25ed241788bbeda0808fb8fdfc14d1f8c3:3713,6-7,0.0,0.0,0.039923284,True,0.06837729644030333
5400,56edbc2e62a5c79a3a7bbadfae942f25ed241788bbeda0808fb8fdfc14d1f8c3:5400,8-9,0.0,0.0,0.20530836,True,0.06848979461938143
365,56edbc2e62a5c79a3a7bbadfae942f25ed241788bbeda0808fb8fdfc14d1f8c3:365,0-1,0.0,0.0,0.37851086,True,0.06779269874095917
1753,56edbc2e62a5c79a3a7bbadfae942f25ed241788bbeda0808fb8fdfc14d1f8c3:1753,2-3,0.0,0.0,0.053835243,True,0.06817067321389914
2849,56edbc2e62a5c79a3a7bbadfae942f25ed241788bbeda0808fb8fdfc14d1f8c3:2849,4-5,0.13333333333333333,0.15374755232143703,0.13549381,False,0.06856284197419882
3762,56edbc2e62a5c79a3a7bbadfae942f25ed241788bbeda0808fb8fdfc14d1f8c3:3762,6-7,0.2,0.18706828383686125,0.13172336,False,0.06831152364611626
5198,56edbc2e62a5c79a3a7bbadfae942f25ed241788bbeda0808fb8fdfc14d1f8c3:5198,8-9,0.13333333333333333,0.09894873014051422,0.65852565,False,0.06824320461601019
82,56edbc2e62a5c79a3a7bbadfae942f25ed241788bbeda0808fb8fdfc14d1f8c3:82,0-1,0.06666666666666667,0.07347739090382172,0.13019039,False,0.0683766258880496
1754,56edbc2e62a5c79a3a7bbadfae942f25ed241788bbeda0808fb8fdfc14d1f8c3:1754,2-3,0.2,0.1827946236870103,0.14259985,False,0.0681939972564578
2737,56edbc2e62a5c79a3a7bbadfae942f25ed241788bbeda0808fb8fdfc14d1f8c3:2737,4-5,0.0,0.0,0.20271808,True,0.06875235866755247
4496,56edbc2e62a5c79a3a7bbadfae942f25ed241788bbeda0808fb8fdfc14d1f8c3:4496,6-7,0.06666666666666667,0.06600065503116892,0.2605589,False,0.06838486436754465
5378,56edbc2e62a5c79a3a7bbadfae942f25ed241788bbeda0808fb8fdfc14d1f8c3:5378,8-9,0.06666666666666667,0.06600065503116892,0.04051005,False,0.06864293850958347
639,56edbc2e62a5c79a3a7bbadfae942f25ed241788bbeda0808fb8fdfc14d1f8c3:639,0-1,0.13333333333333333,0.08847923037887294,0.49090794,False,0.06836170144379139
2115,56edbc2e62a5c79a3a7bbadfae942f25ed241788bbeda0808fb8fdfc14d1f8c3:2115,2-3,0.06666666666666667,0.043668798524938345,0.15494289,False,0.06816655211150646
2590,56edbc2e62a5c79a3a7bbadfae942f25ed241788bbeda0808fb8fdfc14d1f8c3:2590,4-5,0.0,0.0,0.48779643,True,0.06815902702510357
4711,56edbc2e62a5c79a3a7bbadfae942f25ed241788bbeda0808fb8fdfc14d1f8c3:4711,6-7,0.0,0.0,0.041920915,True,0.06887195445597172
5573,56edbc2e62a5c79a3a7bbadfae942f25ed241788bbeda0808fb8fdfc14d1f8c3:5573,8-9,0.0,0.0,0.111418664,True,0.06842158827930689
669,56edbc2e62a5c79a3a7bbadfae942f25ed241788bbeda0808fb8fdfc14d1f8c3:669,0-1,0.13333333333333333,0.09091555212983252,0.12776907,False,0.06930096354335546
940,56edbc2e62a5c79a3a7bbadfae942f25ed241788bbeda0808fb8fdfc14d1f8c3:940,2-3,0.3333333333333333,0.28665299935376715,0.37367943,False,0.0683029368519783
2476,56edbc2e62a5c79a3a7bbadfae942f25ed241788bbeda0808fb8fdfc14d1f8c3:2476,4-5,0.06666666666666667,0.04265230456965119,0.45250863,False,0.06773788016289473
4426,56edbc2e62a5c79a3a7bbadfae942f25ed241788bbeda0808fb8fdfc14d1f8c3:4426,6-7,0.06666666666666667,0.17060921827860476,0.13479033,False,0.06830192543566227
5704,56edbc2e62a5c79a3a7bbadfae942f25ed241788bbeda0808fb8fdfc14d1f8c3:5704,8-9,0.0,0.0,0.28315434,True,0.06812778115272522
467,56edbc2e62a5c79a3a7bbadfae942f25ed241788bbeda0808fb8fdfc14d1f8c3:467,0-1,0.06666666666666667,0.053821216022769555,0.056469757,False,0.06851597502827644
2216,56edbc2e62a5c79a3a7bbadfae942f25ed241788bbeda0808fb8fdfc14d1f8c3:2216,2-3,0.26666666666666666,0.31985267862720773,0.056408383,False,0.06873919442296028
3616,56edbc2e62a5c79a3a7bbadfae942f25ed241788bbeda0808fb8fdfc14d1f8c3:3616,4-5,0.13333333333333333,0.21819945618047537,0.101146996,False,0.06861306261271238
4935,56edbc2e62a5c79a3a7bbadfae942f25ed241788bbeda0808fb8fdfc14d1f8c3:4935,6-7,0.0,0.0,0.3654651,True,0.06787103600800037
5962,56edbc2e62a5c79a3a7bbadfae942f25ed241788bbeda0808fb8fdfc14d1f8c3:5962,8-9,0.2,0.22296021112664355,0.3312535,False,0.06850418169051409
719,56edbc2e62a5c79a3a7bbadfae942f25ed241788bbeda0808fb8fdfc14d1f8c3:719,0-1,0.06666666666666667,0.17060921827860476,0.021763891,False,0.06828276254236698
1804,56edbc2e62a5c79a3a7bbadfae942f25ed241788bbeda0808fb8fdfc14d1f8c3:1804,2-3,0.13333333333333333,0.09125903642680894,0.32904246,False,0.06847011297941208
3357,56edbc2e62a5c79a3a7bbadfae942f25ed241788bbeda0808fb8fdfc14d1f8c3:3357,4-5,0.0,0.0,0.2903494,True,0.06844748090952635
4767,56edbc2e62a5c79a3a7bbadfae942f25ed241788bbeda0808fb8fdfc14d1f8c3:4767,6-7,0.0,0.0,0.117654406,True,0.06836051493883133
6186,56edbc2e62a5c79a3a7bbadfae942f25ed241788bbeda0808fb8fdfc14d1f8c3:6186,8-9,0.06666666666666667,0.10764243204553911,0.24024716,False,0.06808186694979668
843,56edbc2e62a5c79a3a7bbadfae942f25ed241788bbeda0808fb8fdfc14d1f8c3:843,0-1,0.06666666666666667,0.10764243204553911,0.032746643,False,0.06775540672242641
2156,56edbc2e62a5c79a3a7bbadfae942f25ed241788bbeda0808fb8fdfc14d1f8c3:2156,2-3,0.3333333333333333,0.25370343767667514,0.7733761,False,0.06807616911828518
3341,56edbc2e62a5c79a3a7bbadfae942f25ed241788bbeda0808fb8fdfc14d1f8c3:3341,4-5,0.06666666666666667,0.08530460913930238,0.012570277,False,0.06819908879697323
4239,56edbc2e62a5c79a3a7bbadfae942f25ed241788bbeda0808fb8fdfc14d1f8c3:4239,6-7,0.0,0.0,0.2342765,True,0.06837966199964285
5293,56edbc2e62a5c79a3a7bbadfae942f25ed241788bbeda0808fb8fdfc14d1f8c3:5293,8-9,0.06666666666666667,0.06077222973772036,0.07916994,False,0.06793190911412239
438,56edbc2e62a5c79a3a7bbadfae942f25ed241788bbeda0808fb8fdfc14d1f8c3:438,0-1,0.06666666666666667,0.08530460913930238,0.4011002,False,0.06831967923790216
987,56edbc2e62a5c79a3a7bbadfae942f25ed241788bbeda0808fb8fdfc14d1f8c3:987,2-3,0.26666666666666666,0.20759831740077725,0.09928419,False,0.06852888502180576
3274,56edbc2e62a5c79a3a7bbadfae942f25ed241788bbeda0808fb8fdfc14d1f8c3:3274,4-5,0.06666666666666667,0.08530460913930238,0.29305464,False,0.06861570291221142
4290,56edbc2e62a5c79a3a7bbadfae942f25ed241788bbeda0808fb8fdfc14d1f8c3:4290,6-7,0.13333333333333333,0.10865295960082011,0.2565005,False,0.06865669507533312
5108,56edbc2e62a5c79a3a7bbadfae942f25ed241788bbeda0808fb8fdfc14d1f8c3:5108,8-9,0.06666666666666667,0.07347739090382172,0.066663265,False,0.0685595590621233
620,56edbc2e62a5c79a3a7bbadfae942f25ed241788bbeda0808fb8fdfc14d1f8c3:620,0-1,0.06666666666666667,0.04481043185393461,0.18761,False,0.06877041142433882
1885,56edbc2e62a5c79a3a7bbadfae942f25ed241788bbeda0808fb8fdfc14d1f8c3:1885,2-3,0.3333333333333333,0.27025736011059603,0.29299283,False,0.06831971183419228
2949,56edbc2e62a5c79a3a7bbadfae942f25ed241788bbeda0808fb8fdfc14d1f8c3:2949,4-5,0.2,0.2618682547054137,0.1017594,False,0.06823352258652449
3912,56edbc2e62a5c79a3a7bbadfae942f25ed241788bbeda0808fb8fdfc14d1f8c3:3912,6-7,0.2,0.26955794841911895,0.20664144,False,0.06857899762690067
4973,56edbc2e62a5c79a3a7bbadfae942f25ed241788bbeda0808fb8fdfc14d1f8c3:4973,8-9,0.0,0.0,0.1071111,True,0.06835262756794691
764,56edbc2e62a5c79a3a7bbadfae942f25ed241788bbeda0808fb8fdfc14d1f8c3:764,0-1,0.06666666666666667,0.10764243204553911,0.03908111,False,0.06870791502296925
2112,56edbc2e62a5c79a3a7bbadfae942f25ed241788bbeda0808fb8fdfc14d1f8c3:2112,2-3,0.13333333333333333,0.0969073619518061,0.8677702,False,0.0681872284039855
3590,56edbc2e62a5c79a3a7bbadfae942f25ed241788bbeda0808fb8fdfc14d1f8c3:3590,4-5,0.2,0.15168778186755286,0.021126013,False,0.06844769790768623
3823,56edbc2e62a5c79a3a7bbadfae942f25ed241788bbeda0808fb8fdfc14d1f8c3:3823,6-7,0.3333333333333333,0.41003854718156,0.38209116,False,0.06845355033874512
5179,56edbc2e62a5c79a3a7bbadfae942f25ed241788bbeda0808fb8fdfc14d1f8c3:5179,8-9,0.0,0.0,0.031103238,True,0.06863351911306381
198,56edbc2e62a5c79a3a7bbadfae942f25ed241788bbeda0808fb8fdfc14d1f8c3:198,0-1,0.06666666666666667,0.17060921827860476,0.19398716,False,0.0688304603099823
1096,56edbc2e62a5c79a3a7bbadfae942f25ed241788bbeda0808fb8fdfc14d1f8c3:1096,2-3,0.06666666666666667,0.08530460913930238,0.0974552,False,0.06856186781078577
3531,56edbc2e62a5c79a3a7bbadfae942f25ed241788bbeda0808fb8fdfc14d1f8c3:3531,4-5,0.0,0.0,0.7068249,True,0.06855412852019072
4618,56edbc2e62a5c79a3a7bbadfae942f25ed241788bbeda0808fb8fdfc14d1f8c3:4618,6-7,0.13333333333333333,0.1552326699474097,0.087059975,False,0.06843136716634035
5066,56edbc2e62a5c79a3a7bbadfae942f25ed241788bbeda0808fb8fdfc14d1f8c3:5066,8-9,0.0,0.0,0.5390851,True,0.06853092648088932
569,56edbc2e62a5c79a3a7bbadfae942f25ed241788bbeda0808fb8fdfc14d1f8c3:569,0-1,0.06666666666666667,0.06600065503116892,0.40303576,False,0.06855680514127016
1711,56edbc2e62a5c79a3a7bbadfae942f25ed241788bbeda0808fb8fdfc14d1f8c3:1711,2-3,0.0,0.0,0.29215044,True,0.06849494576454163
2776,56edbc2e62a5c79a3a7bbadfae942f25ed241788bbeda0808fb8fdfc14d1f8c3:2776,4-5,0.13333333333333333,0.09412755590387012,0.04135273,False,0.06888626329600811
4751,56edbc2e62a5c79a3a7bbadfae942f25ed241788bbeda0808fb8fdfc14d1f8c3:4751,6-7,0.0,0.0,0.0725591,True,0.06883776467293501
6091,56edbc2e62a5c79a3a7bbadfae942f25ed241788bbeda0808fb8fdfc14d1f8c3:6091,8-9,0.13333333333333333,0.27825165032414384,0.13729545,False,0.06855298578739166
814,56edbc2e62a5c79a3a7bbadfae942f25ed241788bbeda0808fb8fdfc14d1f8c3:814,0-1,0.0,0.0,0.37087348,True,0.06838354095816612
1218,56edbc2e62a5c79a3a7bbadfae942f25ed241788bbeda0808fb8fdfc14d1f8c3:1218,2-3,0.26666666666666666,0.20963968558948537,0.45174426,False,0.06809345167130232
3132,56edbc2e62a5c79a3a7bbadfae942f25ed241788bbeda0808fb8fdfc14d1f8c3:3132,4-5,0.06666666666666667,0.08530460913930238,0.7764219,False,0.06847608834505081
4057,56edbc2e62a5c79a3a7bbadfae942f25ed241788bbeda0808fb8fdfc14d1f8c3:4057,6-7,0.2,0.17931540594759718,0.25659627,False,0.06857944279909134
6087,56edbc2e62a5c79a3a7bbadfae942f25ed241788bbeda0808fb8fdfc14d1f8c3:6087,8-9,0.0,0.0,0.37841305,True,0.06866544112563133
476,56edbc2e62a5c79a3a7bbadfae942f25ed241788bbeda0808fb8fdfc14d1f8c3:476,0-1,0.06666666666666667,0.06077222973772036,0.072667494,False,0.06905813980847597
1231,56edbc2e62a5c79a3a7bbadfae942f25ed241788bbeda0808fb8fdfc14d1f8c3:1231,2-3,0.06666666666666667,0.05135849223864361,0.40088996,False,0.06904377322643995
2884,56edbc2e62a5c79a3a7bbadfae942f25ed241788bbeda0808fb8fdfc14d1f8c3:2884,4-5,0.13333333333333333,0.21992634232854028,0.067568585,False,0.06862044148147106
4291,56edbc2e62a5c79a3a7bbadfae942f25ed241788bbeda0808fb8fdfc14d1f8c3:4291,6-7,0.06666666666666667,0.043668798524938345,0.3136383,False,0.06861202698200941
6088,56edbc2e62a5c79a3a7bbadfae942f25ed241788bbeda0808fb8fdfc14d1f8c3:6088,8-9,0.06666666666666667,0.05686973942620158,0.05052586,False,0.06848993245512247
80,56edbc2e62a5c79a3a7bbadfae942f25ed241788bbeda0808fb8fdfc14d1f8c3:80,0-1,0.0,0.0,0.19094609,True,0.06868667341768742
1623,56edbc2e62a5c79a3a7bbadfae942f25ed241788bbeda0808fb8fdfc14d1f8c3:1623,2-3,0.06666666666666667,0.0475902379018706,0.1651836,False,0.06841904018074274
3194,56edbc2e62a5c79a3a7bbadfae942f25ed241788bbeda0808fb8fdfc14d1f8c3:3194,4-5,0.3333333333333333,0.2730708493037715,0.38656992,False,0.06870469730347395
4489,56edbc2e62a5c79a3a7bbadfae942f25ed241788bbeda0808fb8fdfc14d1f8c3:4489,6-7,0.06666666666666667,0.08530460913930238,0.2883562,False,0.06832832098007202
5711,56edbc2e62a5c79a3a7bbadfae942f25ed241788bbeda0808fb8fdfc14d1f8c3:5711,8-9,0.13333333333333333,0.0919694286195867,0.27833274,False,0.06874832976609468
345,56edbc2e62a5c79a3a7bbadfae942f25ed241788bbeda0808fb8fdfc14d1f8c3:345,0-1,0.06666666666666667,0.06077222973772036,0.1349163,False,0.06851908657699823
1925,56edbc2e62a5c79a3a7bbadfae942f25ed241788bbeda0808fb8fdfc14d1f8c3:1925,2-3,0.3333333333333333,0.4117322969846229,0.6366177,False,0.06856444757431746
2483,56edbc2e62a5c79a3a7bbadfae942f25ed241788bbeda0808fb8fdfc14d1f8c3:2483,4-5,0.06666666666666667,0.0475902379018706,0.25363892,False,0.06812703143805265
4314,56edbc2e62a5c79a3a7bbadfae942f25ed241788bbeda0808fb8fdfc14d1f8c3:4314,6-7,0.06666666666666667,0.10764243204553911,0.1546502,False,0.06798747181892395
5445,56edbc2e62a5c79a3a7bbadfae942f25ed241788bbeda0808fb8fdfc14d1f8c3:5445,8-9,0.2,0.32191448244907606,0.08417852,False,0.06825438048690557
175,56edbc2e62a5c79a3a7bbadfae942f25ed241788bbeda0808fb8fdfc14d1f8c3:175,0-1,0.26666666666666666,0.2638369061090929,0.0121320635,False,0.06844200007617474
1646,56edbc2e62a5c79a3a7bbadfae942f25ed241788bbeda0808fb8fdfc14d1f8c3:1646,2-3,0.0,0.0,0.025327656,True,0.06827010493725538
2550,56edbc2e62a5c79a3a7bbadfae942f25ed241788bbeda0808fb8fdfc14d1f8c3:2550,4-5,0.0,0.0,0.42364398,True,0.06824278738349676
4511,56edbc2e62a5c79a3a7bbadfae942f25ed241788bbeda0808fb8fdfc14d1f8c3:4511,6-7,0.06666666666666667,0.046105120275897894,0.05542516,False,0.06848902720957994
5697,56edbc2e62a5c79a3a7bbadfae942f25ed241788bbeda0808fb8fdfc14d1f8c3:5697,8-9,0.06666666666666667,0.10764243204553911,0.37154335,False,0.06822528503835201
369,56edbc2e62a5c79a3a7bbadfae942f25ed241788bbeda0808fb8fdfc14d1f8c3:369,0-1,0.0,0.0,0.4697708,True,0.06882204953581095
1188,56edbc2e62a5c79a3a7bbadfae942f25ed241788bbeda0808fb8fdfc14d1f8c3:1188,2-3,0.0,0.0,0.20302662,True,0.06881727557629347
2631,56edbc2e62a5c79a3a7bbadfae942f25ed241788bbeda0808fb8fdfc14d1f8c3:2631,4-5,0.13333333333333333,0.12106762880569233,0.19977851,False,0.06861613690853119
3877,56edbc2e62a5c79a3a7bbadfae942f25ed241788bbeda0808fb8fdfc14d1f8c3:3877,6-7,0.06666666666666667,0.05686973942620158,0.3788188,False,0.06838489696383476
5461,56edbc2e62a5c79a3a7bbadfae942f25ed241788bbeda0808fb8fdfc14d1f8c3:5461,8-9,0.2,0.19639985689108821,0.5644592,False,0.0685237655416131
556,56edbc2e62a5c79a3a7bbadfae942f25ed241788bbeda0808fb8fdfc14d1f8c3:556,0-1,0.06666666666666667,0.04265230456965119,0.24730125,False,0.06855878233909607
2281,56edbc2e62a5c79a3a7bbadfae942f25ed241788bbeda0808fb8fdfc14d1f8c3:2281,2-3,0.13333333333333333,0.14607683887702272,0.037557658,False,0.06838041078299284
2692,56edbc2e62a5c79a3a7bbadfae942f25ed241788bbeda0808fb8fdfc14d1f8c3:2692,4-5,0.3333333333333333,0.41627412768973254,0.72791827,False,0.06873566284775734
4240,56edbc2e62a5c79a3a7bbadfae942f25ed241788bbeda0808fb8fdfc14d1f8c3:4240,6-7,0.06666666666666667,0.10764243204553911,0.48244324,False,0.06884217448532581
5100,56edbc2e62a5c79a3a7bbadfae942f25ed241788bbeda0808fb8fdfc14d1f8c3:5100,8-9,0.0,0.0,0.3140223,True,0.06891308072954416
95,56edbc2e62a5c79a3a7bbadfae942f25ed241788bbeda0808fb8fdfc14d1f8c3:95,0-1,0.06666666666666667,0.04481043185393461,0.041364986,False,0.06838912516832352
1349,56edbc2e62a5c79a3a7bbadfae942f25ed241788bbeda0808fb8fdfc14d1f8c3:1349,2-3,0.13333333333333333,0.12483588314246533,0.03657355,False,0.0680938046425581
2975,56edbc2e62a5c79a3a7bbadfae942f25ed241788bbeda0808fb8fdfc14d1f8c3:2975,4-5,0.0,0.0,0.059944488,True,0.06858567707240582
4223,56edbc2e62a5c79a3a7bbadfae942f25ed241788bbeda0808fb8fdfc14d1f8c3:4223,6-7,0.2,0.15826224428542826,0.4550624,False,0.06824221648275852
5808,56edbc2e62a5c79a3a7bbadfae942f25ed241788bbeda0808fb8fdfc14d1f8c3:5808,8-9,0.06666666666666667,0.17060921827860476,0.07249878,False,0.06833853293210268
731,56edbc2e62a5c79a3a7bbadfae942f25ed241788bbeda0808fb8fdfc14d1f8c3:731,0-1,0.2,0.2737475583513098,0.60198504,False,0.06832485366612673
2343,56edbc2e62a5c79a3a7bbadfae942f25ed241788bbeda0808fb8fdfc14d1f8c3:2343,2-3,0.06666666666666667,0.06600065503116892,0.33432898,False,0.06838737893849611
3241,56edbc2e62a5c79a3a7bbadfae942f25ed241788bbeda0808fb8fdfc14d1f8c3:3241,4-5,0.2,0.2740337525859763,0.2547926,False,0.06861105095595121
4436,56edbc2e62a5c79a3a7bbadfae942f25ed241788bbeda0808fb8fdfc14d1f8c3:4436,6-7,0.0,0.0,0.07289085,True,0.06884155422449112
5973,56edbc2e62a5c79a3a7bbadfae942f25ed241788bbeda0808fb8fdfc14d1f8c3:5973,8-9,0.13333333333333333,0.22196771051724837,0.34548196,False,0.06832096818834543
587,56edbc2e62a5c79a3a7bbadfae942f25ed241788bbeda0808fb8fdfc14d1f8c3:587,0-1,0.4,0.4239177023930285,0.10086104,False,0.06840800400823355
1941,56edbc2e62a5c79a3a7bbadfae942f25ed241788bbeda0808fb8fdfc14d1f8c3:1941,2-3,0.06666666666666667,0.06600065503116892,0.40297773,False,0.06886013317853212
3526,56edbc2e62a5c79a3a7bbadfae942f25ed241788bbeda0808fb8fdfc14d1f8c3:3526,4-5,0.06666666666666667,0.046105120275897894,0.10125694,False,0.06802454497665167
4275,56edbc2e62a5c79a3a7bbadfae942f25ed241788bbeda0808fb8fdfc14d1f8c3:4275,6-7,0.06666666666666667,0.05135849223864361,0.17516172,False,0.06886636838316917
5340,56edbc2e62a5c79a3a7bbadfae942f25ed241788bbeda0808fb8fdfc14d1f8c3:5340,8-9,0.2,0.1643929430336542,0.19658498,False,0.06891032122075558
451,56edbc2e62a5c79a3a7bbadfae942f25ed241788bbeda0808fb8fdfc14d1f8c3:451,0-1,0.0,0.0,0.42175186,True,0.0683358209207654
1263,56edbc2e62a5c79a3a7bbadfae942f25ed241788bbeda0808fb8fdfc14d1f8c3:1263,2-3,0.26666666666666666,0.22889974396290816,0.4252022,False,0.06833898741751909
2961,56edbc2e62a5c79a3a7bbadfae942f25ed241788bbeda0808fb8fdfc14d1f8c3:2961,4-5,0.06666666666666667,0.06077222973772036,0.3602481,False,0.06848129816353321
3916,56edbc2e62a5c79a3a7bbadfae942f25ed241788bbeda0808fb8fdfc14d1f8c3:3916,6-7,0.2,0.14128395244635536,0.028532661,False,0.06857182923704386
5255,56edbc2e62a5c79a3a7bbadfae942f25ed241788bbeda0808fb8fdfc14d1f8c3:5255,8-9,0.0,0.0,0.03451489,True,0.06808109395205975
166,56edbc2e62a5c79a3a7bbadfae942f25ed241788bbeda0808fb8fdfc14d1f8c3:166,0-1,0.06666666666666667,0.08530460913930238,0.37910312,False,0.06818150077015162
2149,56edbc2e62a5c79a3a7bbadfae942f25ed241788bbeda0808fb8fdfc14d1f8c3:2149,2-3,0.13333333333333333,0.1303471303300233,0.4319418,False,0.06884351465851068
2518,56edbc2e62a5c79a3a7bbadfae942f25ed241788bbeda0808fb8fdfc14d1f8c3:2518,4-5,0.06666666666666667,0.043668798524938345,0.26651564,False,0.06844035163521767
4309,56edbc2e62a5c79a3a7bbadfae942f25ed241788bbeda0808fb8fdfc14d1f8c3:4309,6-7,0.26666666666666666,0.25820752964950916,0.29738924,False,0.06879616435617208
5486,56edbc2e62a5c79a3a7bbadfae942f25ed241788bbeda0808fb8fdfc14d1f8c3:5486,8-9,0.26666666666666666,0.22694078235857645,0.3134519,False,0.06880699098110199
844,56edbc2e62a5c79a3a7bbadfae942f25ed241788bbeda0808fb8fdfc14d1f8c3:844,0-1,0.06666666666666667,0.05686973942620158,0.44677237,False,0.0686426954343915
946,56edbc2e62a5c79a3a7bbadfae942f25ed241788bbeda0808fb8fdfc14d1f8c3:946,2-3,0.0,0.0,0.34321555,True,0.06876834109425545
3098,56edbc2e62a5c79a3a7bbadfae942f25ed241788bbeda0808fb8fdfc14d1f8c3:3098,4-5,0.06666666666666667,0.043668798524938345,0.3037437,False,0.06826614681631327
4584,56edbc2e62a5c79a3a7bbadfae942f25ed241788bbeda0808fb8fdfc14d1f8c3:4584,6-7,0.4,0.5344972628818095,0.02545714,False,0.06865006871521473
5423,56edbc2e62a5c79a3a7bbadfae942f25ed241788bbeda0808fb8fdfc14d1f8c3:5423,8-9,0.0,0.0,0.12416209,True,0.06883407942950726
206,56edbc2e62a5c79a3a7bbadfae942f25ed241788bbeda0808fb8fdfc14d1f8c3:206,0-1,0.06666666666666667,0.06077222973772036,0.09239057,False,0.06883331295102835
2320,56edbc2e62a5c79a3a7bbadfae942f25ed241788bbeda0808fb8fdfc14d1f8c3:2320,2-3,0.2,0.27926217787942487,0.4175459,False,0.06866273749619722
3493,56edbc2e62a5c79a3a7bbadfae942f25ed241788bbeda0808fb8fdfc14d1f8c3:3493,4-5,0.0,0.0,0.11338166,True,0.06851073913276196
4673,56edbc2e62a5c79a3a7bbadfae942f25ed241788bbeda0808fb8fdfc14d1f8c3:4673,6-7,0.06666666666666667,0.046105120275897894,0.5980337,False,0.06879136431962252
6166,56edbc2e62a5c79a3a7bbadfae942f25ed241788bbeda0808fb8fdfc14d1f8c3:6166,8-9,0.06666666666666667,0.05686973942620158,0.2146884,False,0.06852048169821501
598,56edbc2e62a5c79a3a7bbadfae942f25ed241788bbeda0808fb8fdfc14d1f8c3:598,0-1,0.0,0.0,0.21919905,True,0.06857332959771156
1428,56edbc2e62a5c79a3a7bbadfae942f25ed241788bbeda0808fb8fdfc14d1f8c3:1428,2-3,0.13333333333333333,0.10342453430737154,0.012932019,False,0.06797519885003567
3404,56edbc2e62a5c79a3a7bbadfae942f25ed241788bbeda0808fb8fdfc14d1f8c3:3404,4-5,0.0,0.0,0.16905431,True,0.06804779917001724
4271,56edbc2e62a5c79a3a7bbadfae942f25ed241788bbeda0808fb8fdfc14d1f8c3:4271,6-7,0.0,0.0,0.017393269,True,0.06868346873670816
5233,56edbc2e62a5c79a3a7bbadfae942f25ed241788bbeda0808fb8fdfc14d1f8c3:5233,8-9,0.13333333333333333,0.22747895770480633,0.24576509,False,0.0678863963112235
118,56edbc2e62a5c79a3a7bbadfae942f25ed241788bbeda0808fb8fdfc14d1f8c3:118,0-1,0.13333333333333333,0.11735914726981254,0.07837911,False,0.06799801532179117
1196,56edbc2e62a5c79a3a7bbadfae942f25ed241788bbeda0808fb8fdfc14d1f8c3:1196,2-3,0.0,0.0,0.049903322,True,0.068532626144588
3389,56edbc2e62a5c79a3a7bbadfae942f25ed241788bbeda0808fb8fdfc14d1f8c3:3389,4-5,0.06666666666666667,0.10764243204553911,0.1819217,False,0.06834487058222294
4432,56edbc2e62a5c79a3a7bbadfae942f25ed241788bbeda0808fb8fdfc14d1f8c3:4432,6-7,0.2,0.2934796127359752,0.5872018,False,0.0685023795813322
5891,56edbc2e62a5c79a3a7bbadfae942f25ed241788bbeda0808fb8fdfc14d1f8c3:5891,8-9,0.0,0.0,0.95374095,True,0.06856179609894753
11,56edbc2e62a5c79a3a7bbadfae942f25ed241788bbeda0808fb8fdfc14d1f8c3:11,0-1,0.3333333333333333,0.3214533253020393,0.16089651,False,0.06910573784261942
2102,56edbc2e62a5c79a3a7bbadfae942f25ed241788bbeda0808fb8fdfc14d1f8c3:2102,2-3,0.2,0.15168778186755286,0.13861324,False,0.06831425987184048
2716,56edbc2e62a5c79a3a7bbadfae942f25ed241788bbeda0808fb8fdfc14d1f8c3:2716,4-5,0.06666666666666667,0.04265230456965119,0.26619634,False,0.06866491679102182
4843,56edbc2e62a5c79a3a7bbadfae942f25ed241788bbeda0808fb8fdfc14d1f8c3:4843,6-7,0.13333333333333333,0.1082282316648452,0.22775158,False,0.06864989176392555
5978,56edbc2e62a5c79a3a7bbadfae942f25ed241788bbeda0808fb8fdfc14d1f8c3:5978,8-9,0.06666666666666667,0.10764243204553911,0.123641506,False,0.06846869178116322
503,56edbc2e62a5c79a3a7bbadfae942f25ed241788bbeda0808fb8fdfc14d1f8c3:503,0-1,0.0,0.0,0.23204939,True,0.0687634963542223
924,56edbc2e62a5c79a3a7bbadfae942f25ed241788bbeda0808fb8fdfc14d1f8c3:924,2-3,0.06666666666666667,0.05135849223864361,0.3749972,False,0.06826779898256063
3354,56edbc2e62a5c79a3a7bbadfae942f25ed241788bbeda0808fb8fdfc14d1f8c3:3354,4-5,0.06666666666666667,0.06600065503116892,0.10390049,False,0.06900241132825613
4403,56edbc2e62a5c79a3a7bbadfae942f25ed241788bbeda0808fb8fdfc14d1f8c3:4403,6-7,0.06666666666666667,0.053821216022769555,0.012054056,False,0.06845437176525593
5806,56edbc2e62a5c79a3a7bbadfae942f25ed241788bbeda0808fb8fdfc14d1f8c3:5806,8-9,0.13333333333333333,0.11982187105393848,0.07582097,False,0.06832070928066969
211,56edbc2e62a5c79a3a7bbadfae942f25ed241788bbeda0808fb8fdfc14d1f8c3:211,0-1,0.13333333333333333,0.15900092428418272,0.46307027,False,0.0688430042937398
943,56edbc2e62a5c79a3a7bbadfae942f25ed241788bbeda0808fb8fdfc14d1f8c3:943,2-3,0.0,0.0,0.10180674,True,0.06854566466063261
2525,56edbc2e62a5c79a3a7bbadfae942f25ed241788bbeda0808fb8fdfc14d1f8c3:2525,4-5,0.2,0.3442523053553128,0.1925571,False,0.06841559242457151
3681,56edbc2e62a5c79a3a7bbadfae942f25ed241788bbeda0808fb8fdfc14d1f8c3:3681,6-7,0.13333333333333333,0.10966945355610726,0.32889655,False,0.06876135244965553
5820,56edbc2e62a5c79a3a7bbadfae942f25ed241788bbeda0808fb8fdfc14d1f8c3:5820,8-9,0.0,0.0,0.3711856,True,0.068725211545825
908,56edbc2e62a5c79a3a7bbadfae942f25ed241788bbeda0808fb8fdfc14d1f8c3:908,0-1,0.0,0.0,0.1212223,True,0.06836387049406767
1048,56edbc2e62a5c79a3a7bbadfae942f25ed241788bbeda0808fb8fdfc14d1f8c3:1048,2-3,0.13333333333333333,0.1502947366151903,0.039477356,False,0.06851938925683498
2644,56edbc2e62a5c79a3a7bbadfae942f25ed241788bbeda0808fb8fdfc14d1f8c3:2644,4-5,0.0,0.0,0.280349,True,0.06826074235141277
4078,56edbc2e62a5c79a3a7bbadfae942f25ed241788bbeda0808fb8fdfc14d1f8c3:4078,6-7,0.13333333333333333,0.1502947366151903,0.19698559,False,0.06889491528272629
5420,56edbc2e62a5c79a3a7bbadfae942f25ed241788bbeda0808fb8fdfc14d1f8c3:5420,8-9,0.0,0.0,0.27754265,True,0.06866233423352242
606,56edbc2e62a5c79a3a7bbadfae942f25ed241788bbeda0808fb8fdfc14d1f8c3:606,0-1,0.13333333333333333,0.1502947366151903,0.040027667,False,0.06861840933561325
1017,56edbc2e62a5c79a3a7bbadfae942f25ed241788bbeda0808fb8fdfc14d1f8c3:1017,2-3,0.13333333333333333,0.21819945618047537,0.14011833,False,0.06837034691125154
2918,56edbc2e62a5c79a3a7bbadfae942f25ed241788bbeda0808fb8fdfc14d1f8c3:2918,4-5,0.06666666666666667,0.08530460913930238,0.003366053,False,0.06837418675422668
3986,56edbc2e62a5c79a3a7bbadfae942f25ed241788bbeda0808fb8fdfc14d1f8c3:3986,6-7,0.2,0.20266972280912107,0.11098093,False,0.06847555842250586
5436,56edbc2e62a5c79a3a7bbadfae942f25ed241788bbeda0808fb8fdfc14d1f8c3:5436,8-9,0.0,0.0,0.3206603,True,0.06816792208701372
133,56edbc2e62a5c79a3a7bbadfae942f25ed241788bbeda0808fb8fdfc14d1f8c3:133,0-1,0.06666666666666667,0.049317124049935504,0.29727522,False,0.06879479810595512
2120,56edbc2e62a5c79a3a7bbadfae942f25ed241788bbeda0808fb8fdfc14d1f8c3:2120,2-3,0.4,0.4699673787984734,0.09526951,False,0.0690308753401041
2733,56edbc2e62a5c79a3a7bbadfae942f25ed241788bbeda0808fb8fdfc14d1f8c3:2733,4-5,0.06666666666666667,0.04265230456965119,0.16019732,False,0.06837978027760983
3795,56edbc2e62a5c79a3a7bbadfae942f25ed241788bbeda0808fb8fdfc14d1f8c3:3795,6-7,0.06666666666666667,0.046105120275897894,0.2403385,False,0.06925931572914124
6109,56edbc2e62a5c79a3a7bbadfae942f25ed241788bbeda0808fb8fdfc14d1f8c3:6109,8-9,0.26666666666666666,0.23360560183886075,0.38320628,False,0.06854619365185499
248,56edbc2e62a5c79a3a7bbadfae942f25ed241788bbeda0808fb8fdfc14d1f8c3:248,0-1,0.06666666666666667,0.046105120275897894,0.4504866,False,0.06905582174658775
1254,56edbc2e62a5c79a3a7bbadfae942f25ed241788bbeda0808fb8fdfc14d1f8c3:1254,2-3,0.06666666666666667,0.053821216022769555,0.12556227,False,0.06895566917955875
3376,56edbc2e62a5c79a3a7bbadfae942f25ed241788bbeda0808fb8fdfc14d1f8c3:3376,4-5,0.13333333333333333,0.25591382741790714,0.011675365,False,0.06874725315719843
4088,56edbc2e62a5c79a3a7bbadfae942f25ed241788bbeda0808fb8fdfc14d1f8c3:4088,6-7,0.2,0.15972095987823456,0.25416416,False,0.0685410900041461
5960,56edbc2e62a5c79a3a7bbadfae942f25ed241788bbeda0808fb8fdfc14d1f8c3:5960,8-9,0.13333333333333333,0.16146364806830865,0.07177876,False,0.06885667610913515
588,56edbc2e62a5c79a3a7bbadfae942f25ed241788bbeda0808fb8fdfc14d1f8c3:588,0-1,0.13333333333333333,0.1513052641704713,0.054465152,False,0.0682034669443965
1932,56edbc2e62a5c79a3a7bbadfae942f25ed241788bbeda0808fb8fdfc14d1f8c3:1932,2-3,0.06666666666666667,0.053821216022769555,0.89151084,False,0.06849077250808477
2488,56edbc2e62a5c79a3a7bbadfae942f25ed241788bbeda0808fb8fdfc14d1f8c3:2488,4-5,0.0,0.0,0.25690532,True,0.06866322457790375
3840,56edbc2e62a5c79a3a7bbadfae942f25ed241788bbeda0808fb8fdfc14d1f8c3:3840,6-7,0.26666666666666666,0.3472249492551315,0.45871627,False,0.0681693209335208
5556,56edbc2e62a5c79a3a7bbadfae942f25ed241788bbeda0808fb8fdfc14d1f8c3:5556,8-9,0.2,0.14113241103947985,0.12428038,False,0.06889797560870647
23,56edbc2e62a5c79a3a7bbadfae942f25ed241788bbeda0808fb8fdfc14d1f8c3:23,0-1,0.13333333333333333,0.1569595560954746,0.13073851,False,0.06873255223035812
2134,56edbc2e62a5c79a3a7bbadfae942f25ed241788bbeda0808fb8fdfc14d1f8c3:2134,2-3,0.0,0.0,1.1364018,True,0.06875163968652487
3275,56edbc2e62a5c79a3a7bbadfae942f25ed241788bbeda0808fb8fdfc14d1f8c3:3275,4-5,0.0,0.0,0.03190206,True,0.06880654580891132
4405,56edbc2e62a5c79a3a7bbadfae942f25ed241788bbeda0808fb8fdfc14d1f8c3:4405,6-7,0.13333333333333333,0.11213072197636398,0.32431427,False,0.06817174144089222
5913,56edbc2e62a5c79a3a7bbadfae942f25ed241788bbeda0808fb8fdfc14d1f8c3:5913,8-9,0.0,0.0,0.40965232,True,0.0688588721677661
785,56edbc2e62a5c79a3a7bbadfae942f25ed241788bbeda0808fb8fdfc14d1f8c3:785,0-1,0.0,0.0,0.52288765,True,0.06805118545889854
1573,56edbc2e62a5c79a3a7bbadfae942f25ed241788bbeda0808fb8fdfc14d1f8c3:1573,2-3,0.06666666666666667,0.06077222973772036,0.15939862,False,0.06814093235880136
3256,56edbc2e62a5c79a3a7bbadfae942f25ed241788bbeda0808fb8fdfc14d1f8c3:3256,4-5,0.26666666666666666,0.26894723333439324,0.03704685,False,0.06837540585547686
4765,56edbc2e62a5c79a3a7bbadfae942f25ed241788bbeda0808fb8fdfc14d1f8c3:4765,6-7,0.06666666666666667,0.046105120275897894,0.09324804,False,0.06871259585022926
4986,56edbc2e62a5c79a3a7bbadfae942f25ed241788bbeda0808fb8fdfc14d1f8c3:4986,8-9,0.06666666666666667,0.043668798524938345,0.02004131,False,0.06833526212722063
249,56edbc2e62a5c79a3a7bbadfae942f25ed241788bbeda0808fb8fdfc14d1f8c3:249,0-1,0.06666666666666667,0.05686973942620158,0.032804422,False,0.06893012579530478
2160,56edbc2e62a5c79a3a7bbadfae942f25ed241788bbeda0808fb8fdfc14d1f8c3:2160,2-3,0.13333333333333333,0.11764196916392194,0.282918,False,0.06868788879364729
3385,56edbc2e62a5c79a3a7bbadfae942f25ed241788bbeda0808fb8fdfc14d1f8c3:3385,4-5,0.06666666666666667,0.10764243204553911,0.25882936,False,0.06922385282814503
4289,56edbc2e62a5c79a3a7bbadfae942f25ed241788bbeda0808fb8fdfc14d1f8c3:4289,6-7,0.13333333333333333,0.0954222443258334,0.061981976,False,0.06835475564002991
5219,56edbc2e62a5c79a3a7bbadfae942f25ed241788bbeda0808fb8fdfc14d1f8c3:5219,8-9,0.13333333333333333,0.1314097294152003,0.24459457,False,0.0681442515924573
203,56edbc2e62a5c79a3a7bbadfae942f25ed241788bbeda0808fb8fdfc14d1f8c3:203,0-1,0.06666666666666667,0.04481043185393461,0.25392947,False,0.06859075650572777
1700,56edbc2e62a5c79a3a7bbadfae942f25ed241788bbeda0808fb8fdfc14d1f8c3:1700,2-3,0.13333333333333333,0.1044410282626587,0.1486406,False,0.06887559313327074
3111,56edbc2e62a5c79a3a7bbadfae942f25ed241788bbeda0808fb8fdfc14d1f8c3:3111,4-5,0.13333333333333333,0.11008935378765586,0.4968754,False,0.06850262638181448
4261,56edbc2e62a5c79a3a7bbadfae942f25ed241788bbeda0808fb8fdfc14d1f8c3:4261,6-7,0.0,0.0,0.36430907,True,0.06846489012241364
5677,56edbc2e62a5c79a3a7bbadfae942f25ed241788bbeda0808fb8fdfc14d1f8c3:5677,8-9,0.0,0.0,0.1619384,True,0.06845025811344385
322,56edbc2e62a5c79a3a7bbadfae942f25ed241788bbeda0808fb8fdfc14d1f8c3:322,0-1,0.2,0.20627407992224328,0.47709578,False,0.06869563460350037
1064,56edbc2e62a5c79a3a7bbadfae942f25ed241788bbeda0808fb8fdfc14d1f8c3:1064,2-3,0.06666666666666667,0.043668798524938345,0.024556912,False,0.06812050472944975
3017,56edbc2e62a5c79a3a7bbadfae942f25ed241788bbeda0808fb8fdfc14d1f8c3:3017,4-5,0.0,0.0,0.10231178,True,0.06832421291619539
3894,56edbc2e62a5c79a3a7bbadfae942f25ed241788bbeda0808fb8fdfc14d1f8c3:3894,6-7,0.2,0.20627407992224328,0.5028722,False,0.06792407855391502
6147,56edbc2e62a5c79a3a7bbadfae942f25ed241788bbeda0808fb8fdfc14d1f8c3:6147,8-9,0.06666666666666667,0.0475902379018706,0.49764058,False,0.06830290704965591
658,56edbc2e62a5c79a3a7bbadfae942f25ed241788bbeda0808fb8fdfc14d1f8c3:658,0-1,0.13333333333333333,0.2313814480163251,0.05850383,False,0.06809924356639385
1430,56edbc2e62a5c79a3a7bbadfae942f25ed241788bbeda0808fb8fdfc14d1f8c3:1430,2-3,0.0,0.0,0.16768652,True,0.06852409057319164
2571,56edbc2e62a5c79a3a7bbadfae942f25ed241788bbeda0808fb8fdfc14d1f8c3:2571,4-5,0.06666666666666667,0.10764243204553911,0.017264832,False,0.0686333579942584
4508,56edbc2e62a5c79a3a7bbadfae942f25ed241788bbeda0808fb8fdfc14d1f8c3:4508,6-7,0.0,0.0,0.55325705,True,0.06862942595034838
6110,56edbc2e62a5c79a3a7bbadfae942f25ed241788bbeda0808fb8fdfc14d1f8c3:6110,8-9,0.13333333333333333,0.11982187105393848,0.012576692,False,0.06824923772364855
379,56edbc2e62a5c79a3a7bbadfae942f25ed241788bbeda0808fb8fdfc14d1f8c3:379,0-1,0.0,0.0,0.085705325,True,0.06861952692270279
1653,56edbc2e62a5c79a3a7bbadfae942f25ed241788bbeda0808fb8fdfc14d1f8c3:1653,2-3,0.13333333333333333,0.1587820000431241,0.7470223,False,0.0685714390128851
2425,56edbc2e62a5c79a3a7bbadfae942f25ed241788bbeda0808fb8fdfc14d1f8c3:2425,4-5,0.0,0.0,0.46935108,True,0.06831270549446344
4945,56edbc2e62a5c79a3a7bbadfae942f25ed241788bbeda0808fb8fdfc14d1f8c3:4945,6-7,0.0,0.0,0.31951663,True,0.06869354750961065
6043,56edbc2e62a5c79a3a7bbadfae942f25ed241788bbeda0808fb8fdfc14d1f8c3:6043,8-9,0.26666666666666666,0.27926814427943103,0.45106018,False,0.06850019004195929
863,56edbc2e62a5c79a3a7bbadfae942f25ed241788bbeda0808fb8fdfc14d1f8c3:863,0-1,0.13333333333333333,0.11210577530706682,0.19346659,False,0.06899251323193312
1366,56edbc2e62a5c79a3a7bbadfae942f25ed241788bbeda0808fb8fdfc14d1f8c3:1366,2-3,0.0,0.0,0.6135752,True,0.06874871347099543
2818,56edbc2e62a5c79a3a7bbadfae942f25ed241788bbeda0808fb8fdfc14d1f8c3:2818,4-5,0.13333333333333333,0.21671433855450267,0.33283433,False,0.06881938222795725
4902,56edbc2e62a5c79a3a7bbadfae942f25ed241788bbeda0808fb8fdfc14d1f8c3:4902,6-7,0.2,0.3442523053553128,0.041256085,False,0.06865706760436296
4953,56edbc2e62a5c79a3a7bbadfae942f25ed241788bbeda0808fb8fdfc14d1f8c3:4953,8-9,0.13333333333333333,0.1195825111797196,0.17702271,False,0.0689279967918992
640,56edbc2e62a5c79a3a7bbadfae942f25ed241788bbeda0808fb8fdfc14d1f8c3:640,0-1,0.06666666666666667,0.06077222973772036,0.04296729,False,0.06884319335222244
1111,56edbc2e62a5c79a3a7bbadfae942f25ed241788bbeda0808fb8fdfc14d1f8c3:1111,2-3,0.0,0.0,0.26717237,True,0.06838397588580847
3014,56edbc2e62a5c79a3a7bbadfae942f25ed241788bbeda0808fb8fdfc14d1f8c3:3014,4-5,0.0,0.0,0.13136326,True,0.06869556941092014
4370,56edbc2e62a5c79a3a7bbadfae942f25ed241788bbeda0808fb8fdfc14d1f8c3:4370,6-7,0.13333333333333333,0.23660987330977368,0.14132787,False,0.06849254295229912
4968,56edbc2e62a5c79a3a7bbadfae942f25ed241788bbeda0808fb8fdfc14d1f8c3:4968,8-9,0.06666666666666667,0.043668798524938345,0.732099,False,0.06878058332949877
517,56edbc2e62a5c79a3a7bbadfae942f25ed241788bbeda0808fb8fdfc14d1f8c3:517,0-1,0.0,0.0,0.38721856,True,0.06833596527576447
2069,56edbc2e62a5c79a3a7bbadfae942f25ed241788bbeda0808fb8fdfc14d1f8c3:2069,2-3,0.06666666666666667,0.04265230456965119,0.4397215,False,0.06853696797043085
2852,56edbc2e62a5c79a3a7bbadfae942f25ed241788bbeda0808fb8fdfc14d1f8c3:2852,4-5,0.13333333333333333,0.0969073619518061,0.06926063,False,0.06852749641984701
3950,56edbc2e62a5c79a3a7bbadfae942f25ed241788bbeda0808fb8fdfc14d1f8c3:3950,6-7,0.06666666666666667,0.10764243204553911,0.23732054,False,0.06819379702210426
4984,56edbc2e62a5c79a3a7bbadfae942f25ed241788bbeda0808fb8fdfc14d1f8c3:4984,8-9,0.0,0.0,0.847231,True,0.06795850396156311
579,56edbc2e62a5c79a3a7bbadfae942f25ed241788bbeda0808fb8fdfc14d1f8c3:579,0-1,0.0,0.0,0.17304847,True,0.06889185402542353
928,56edbc2e62a5c79a3a7bbadfae942f25ed241788bbeda0808fb8fdfc14d1f8c3:928,2-3,0.13333333333333333,0.21819945618047537,0.36152896,False,0.0682570319622755
3262,56edbc2e62a5c79a3a7bbadfae942f25ed241788bbeda0808fb8fdfc14d1f8c3:3262,4-5,0.2,0.15203126616452928,0.3282911,False,0.06840915326029062
4423,56edbc2e62a5c79a3a7bbadfae942f25ed241788bbeda0808fb8fdfc14d1f8c3:4423,6-7,0.06666666666666667,0.10764243204553911,0.20344487,False,0.06877648178488016
4950,56edbc2e62a5c79a3a7bbadfae942f25ed241788bbeda0808fb8fdfc14d1f8c3:4950,8-9,0.2,0.16290801698297502,0.18697293,False,0.06887202989310026
254,56edbc2e62a5c79a3a7bbadfae942f25ed241788bbeda0808fb8fdfc14d1f8c3:254,0-1,0.13333333333333333,0.21992634232854028,0.052249994,False,0.06879266258329153
1717,56edbc2e62a5c79a3a7bbadfae942f25ed241788bbeda0808fb8fdfc14d1f8c3:1717,2-3,0.13333333333333333,0.11982187105393848,0.17325974,False,0.0687563307583332
3634,56edbc2e62a5c79a3a7bbadfae942f25ed241788bbeda0808fb8fdfc14d1f8c3:3634,4-5,0.0,0.0,0.5125432,True,0.06868402939289808
4486,56edbc2e62a5c79a3a7bbadfae942f25ed241788bbeda0808fb8fdfc14d1f8c3:4486,6-7,0.0,0.0,0.35147297,True,0.06833411287516356
5791,56edbc2e62a5c79a3a7bbadfae942f25ed241788bbeda0808fb8fdfc14d1f8c3:5791,8-9,0.06666666666666667,0.04481043185393461,0.22122408,False,0.06891599111258984
618,56edbc2e62a5c79a3a7bbadfae942f25ed241788bbeda0808fb8fdfc14d1f8c3:618,0-1,0.06666666666666667,0.05135849223864361,0.54365134,False,0.06885423883795738
1079,56edbc2e62a5c79a3a7bbadfae942f25ed241788bbeda0808fb8fdfc14d1f8c3:1079,2-3,0.2,0.1805941007916588,0.92934525,False,0.06836783234030008
2875,56edbc2e62a5c79a3a7bbadfae942f25ed241788bbeda0808fb8fdfc14d1f8c3:2875,4-5,0.13333333333333333,0.27825165032414384,0.30118883,False,0.06880384497344494
4488,56edbc2e62a5c79a3a7bbadfae942f25ed241788bbeda0808fb8fdfc14d1f8c3:4488,6-7,0.26666666666666666,0.32642768784532056,0.05632129,False,0.06858799885958433
5839,56edbc2e62a5c79a3a7bbadfae942f25ed241788bbeda0808fb8fdfc14d1f8c3:5839,8-9,0.06666666666666667,0.17060921827860476,0.46523166,False,0.06854797899723053
255,56edbc2e62a5c79a3a7bbadfae942f25ed241788bbeda0808fb8fdfc14d1f8c3:255,0-1,0.13333333333333333,0.09412755590387012,0.18186164,False,0.06887345481663942
2071,56edbc2e62a5c79a3a7bbadfae942f25ed241788bbeda0808fb8fdfc14d1f8c3:2071,2-3,0.13333333333333333,0.23660987330977368,0.12280267,False,0.06844220496714115
3333,56edbc2e62a5c79a3a7bbadfae942f25ed241788bbeda0808fb8fdfc14d1f8c3:3333,4-5,0.0,0.0,0.15679541,True,0.06866450607776642
4248,56edbc2e62a5c79a3a7bbadfae942f25ed241788bbeda0808fb8fdfc14d1f8c3:4248,6-7,0.0,0.0,0.0533913,True,0.06869520619511604
5176,56edbc2e62a5c79a3a7bbadfae942f25ed241788bbeda0808fb8fdfc14d1f8c3:5176,8-9,0.13333333333333333,0.1267728847688893,0.29614216,False,0.06819791626185179
816,56edbc2e62a5c79a3a7bbadfae942f25ed241788bbeda0808fb8fdfc14d1f8c3:816,0-1,0.0,0.0,0.41613764,True,0.06892726942896843
1222,56edbc2e62a5c79a3a7bbadfae942f25ed241788bbeda0808fb8fdfc14d1f8c3:1222,2-3,0.06666666666666667,0.07347739090382172,0.44133866,False,0.06885201763361692
3246,56edbc2e62a5c79a3a7bbadfae942f25ed241788bbeda0808fb8fdfc14d1f8c3:3246,4-5,0.0,0.0,0.25052872,True,0.06906103156507015
4818,56edbc2e62a5c79a3a7bbadfae942f25ed241788bbeda0808fb8fdfc14d1f8c3:4818,6-7,0.26666666666666666,0.3575939986980433,0.14205581,False,0.06935794465243816
5428,56edbc2e62a5c79a3a7bbadfae942f25ed241788bbeda0808fb8fdfc14d1f8c3:5428,8-9,0.06666666666666667,0.046105120275897894,0.2646446,False,0.06826476939022541
107,56edbc2e62a5c79a3a7bbadfae942f25ed241788bbeda0808fb8fdfc14d1f8c3:107,0-1,0.0,0.0,0.044880632,True,0.06842063460499048
1016,56edbc2e62a5c79a3a7bbadfae942f25ed241788bbeda0808fb8fdfc14d1f8c3:1016,2-3,0.0,0.0,0.31861258,True,0.06815352570265532
3391,56edbc2e62a5c79a3a7bbadfae942f25ed241788bbeda0808fb8fdfc14d1f8c3:3391,4-5,0.0,0.0,0.24023582,True,0.068841896019876
4055,56edbc2e62a5c79a3a7bbadfae942f25ed241788bbeda0808fb8fdfc14d1f8c3:4055,6-7,0.26666666666666666,0.25299140185061364,0.5859716,False,0.06841896194964647
5770,56edbc2e62a5c79a3a7bbadfae942f25ed241788bbeda0808fb8fdfc14d1f8c3:5770,8-9,0.13333333333333333,0.10445997732807218,0.051337764,False,0.06828059162944555
907,56edbc2e62a5c79a3a7bbadfae942f25ed241788bbeda0808fb8fdfc14d1f8c3:907,0-1,0.06666666666666667,0.04265230456965119,0.20805782,False,0.06805608607828617
1624,56edbc2e62a5c79a3a7bbadfae942f25ed241788bbeda0808fb8fdfc14d1f8c3:1624,2-3,0.0,0.0,0.20390561,True,0.06883461773395538
2817,56edbc2e62a5c79a3a7bbadfae942f25ed241788bbeda0808fb8fdfc14d1f8c3:2817,4-5,0.0,0.0,0.20300068,True,0.0685247927904129
3944,56edbc2e62a5c79a3a7bbadfae942f25ed241788bbeda0808fb8fdfc14d1f8c3:3944,6-7,0.0,0.0,0.1832057,True,0.06838924903422594
6056,56edbc2e62a5c79a3a7bbadfae942f25ed241788bbeda0808fb8fdfc14d1f8c3:6056,8-9,0.06666666666666667,0.05135849223864361,0.2635454,False,0.06902395933866501
742,56edbc2e62a5c79a3a7bbadfae942f25ed241788bbeda0808fb8fdfc14d1f8c3:742,0-1,0.0,0.0,0.26511627,True,0.06886469665914774
1032,56edbc2e62a5c79a3a7bbadfae942f25ed241788bbeda0808fb8fdfc14d1f8c3:1032,2-3,0.06666666666666667,0.10764243204553911,0.41576993,False,0.06831794418394566
3325,56edbc2e62a5c79a3a7bbadfae942f25ed241788bbeda0808fb8fdfc14d1f8c3:3325,4-5,0.0,0.0,0.5704697,True,0.06884958501905203
4157,56edbc2e62a5c79a3a7bbadfae942f25ed241788bbeda0808fb8fdfc14d1f8c3:4157,6-7,0.2,0.17507852794013862,0.635831,False,0.06845545582473278
5624,56edbc2e62a5c79a3a7bbadfae942f25ed241788bbeda0808fb8fdfc14d1f8c3:5624,8-9,0.06666666666666667,0.04265230456965119,0.19545273,False,0.06798229459673166
748,56edbc2e62a5c79a3a7bbadfae942f25ed241788bbeda0808fb8fdfc14d1f8c3:748,0-1,0.0,0.0,0.4007156,True,0.06871634256094694
1682,56edbc2e62a5c79a3a7bbadfae942f25ed241788bbeda0808fb8fdfc14d1f8c3:1682,2-3,0.2,0.19612166242441204,0.1797595,False,0.06794972997158766
2463,56edbc2e62a5c79a3a7bbadfae942f25ed241788bbeda0808fb8fdfc14d1f8c3:2463,4-5,0.06666666666666667,0.049317124049935504,0.17288992,False,0.06799306813627481
4153,56edbc2e62a5c79a3a7bbadfae942f25ed241788bbeda0808fb8fdfc14d1f8c3:4153,6-7,0.06666666666666667,0.08530460913930238,0.6290245,False,0.06831424869596958
5484,56edbc2e62a5c79a3a7bbadfae942f25ed241788bbeda0808fb8fdfc14d1f8c3:5484,8-9,0.13333333333333333,0.11210577530706682,0.21911752,False,0.06819003261625767
421,56edbc2e62a5c79a3a7bbadfae942f25ed241788bbeda0808fb8fdfc14d1f8c3:421,0-1,0.06666666666666667,0.06600065503116892,0.3878109,False,0.06829068623483181
2070,56edbc2e62a5c79a3a7bbadfae942f25ed241788bbeda0808fb8fdfc14d1f8c3:2070,2-3,0.13333333333333333,0.11210577530706682,0.5065619,False,0.06870205607265234
2413,56edbc2e62a5c79a3a7bbadfae942f25ed241788bbeda0808fb8fdfc14d1f8c3:2413,4-5,0.3333333333333333,0.265170840859013,0.5085704,False,0.06829404644668102
4548,56edbc2e62a5c79a3a7bbadfae942f25ed241788bbeda0808fb8fdfc14d1f8c3:4548,6-7,0.13333333333333333,0.09863164787670416,0.15700282,False,0.06852831412106752
5521,56edbc2e62a5c79a3a7bbadfae942f25ed241788bbeda0808fb8fdfc14d1f8c3:5521,8-9,0.0,0.0,0.32150334,True,0.0683800894767046
339,56edbc2e62a5c79a3a7bbadfae942f25ed241788bbeda0808fb8fdfc14d1f8c3:339,0-1,0.0,0.0,0.11098903,True,0.06918544229120016
2224,56edbc2e62a5c79a3a7bbadfae942f25ed241788bbeda0808fb8fdfc14d1f8c3:2224,2-3,0.0,0.0,0.18884498,True,0.06810751836746931
3577,56edbc2e62a5c79a3a7bbadfae942f25ed241788bbeda0808fb8fdfc14d1f8c3:3577,4-5,0.13333333333333333,0.132894847041173,0.05501203,False,0.0687033124268055
4093,56edbc2e62a5c79a3a7bbadfae942f25ed241788bbeda0808fb8fdfc14d1f8c3:4093,6-7,0.2,0.1646323029078731,0.41896036,False,0.06795873586088419
5149,56edbc2e62a5c79a3a7bbadfae942f25ed241788bbeda0808fb8fdfc14d1f8c3:5149,8-9,0.06666666666666667,0.06077222973772036,0.36530474,False,0.06856452021747828
439,56edbc2e62a5c79a3a7bbadfae942f25ed241788bbeda0808fb8fdfc14d1f8c3:439,0-1,0.13333333333333333,0.10141145392464015,0.3940062,False,0.06794919818639755
1585,56edbc2e62a5c79a3a7bbadfae942f25ed241788bbeda0808fb8fdfc14d1f8c3:1585,2-3,0.13333333333333333,0.08977391880083624,0.16616298,False,0.0689990408718586
3422,56edbc2e62a5c79a3a7bbadfae942f25ed241788bbeda0808fb8fdfc14d1f8c3:3422,4-5,0.13333333333333333,0.1195825111797196,0.30564207,False,0.0686422074213624
4234,56edbc2e62a5c79a3a7bbadfae942f25ed241788bbeda0808fb8fdfc14d1f8c3:4234,6-7,0.0,0.0,0.70628685,True,0.06896706949919462
5327,56edbc2e62a5c79a3a7bbadfae942f25ed241788bbeda0808fb8fdfc14d1f8c3:5327,8-9,0.2,0.2080991240930596,0.027066331,False,0.06860416289418936
318,56edbc2e62a5c79a3a7bbadfae942f25ed241788bbeda0808fb8fdfc14d1f8c3:318,0-1,0.13333333333333333,0.08632110309458953,0.11513592,False,0.06894180830568075
915,56edbc2e62a5c79a3a7bbadfae942f25ed241788bbeda0808fb8fdfc14d1f8c3:915,2-3,0.3333333333333333,0.28461187330458565,0.39290607,False,0.06892144773155451
2794,56edbc2e62a5c79a3a7bbadfae942f25ed241788bbeda0808fb8fdfc14d1f8c3:2794,4-5,0.0,0.0,0.045003198,True,0.06865726225078106
4921,56edbc2e62a5c79a3a7bbadfae942f25ed241788bbeda0808fb8fdfc14d1f8c3:4921,6-7,0.06666666666666667,0.10764243204553911,0.0075992644,False,0.0692766522988677
5128,56edbc2e62a5c79a3a7bbadfae942f25ed241788bbeda0808fb8fdfc14d1f8c3:5128,8-9,0.13333333333333333,0.1513052641704713,0.53307974,False,0.06845532171428204
897,56edbc2e62a5c79a3a7bbadfae942f25ed241788bbeda0808fb8fdfc14d1f8c3:897,0-1,0.0,0.0,0.476071,True,0.06881831958889961
2294,56edbc2e62a5c79a3a7bbadfae942f25ed241788bbeda0808fb8fdfc14d1f8c3:2294,2-3,0.0,0.0,0.1077585,True,0.06896071322262287
3050,56edbc2e62a5c79a3a7bbadfae942f25ed241788bbeda0808fb8fdfc14d1f8c3:3050,4-5,0.0,0.0,0.43202594,True,0.06839411053806543
3766,56edbc2e62a5c79a3a7bbadfae942f25ed241788bbeda0808fb8fdfc14d1f8c3:3766,6-7,0.06666666666666667,0.0475902379018706,0.28594428,False,0.06866387370973825
5989,56edbc2e62a5c79a3a7bbadfae942f25ed241788bbeda0808fb8fdfc14d1f8c3:5989,8-9,0.06666666666666667,0.046105120275897894,0.503946,False,0.06929255928844213
602,56edbc2e62a5c79a3a7bbadfae942f25ed241788bbeda0808fb8fdfc14d1f8c3:602,0-1,0.0,0.0,0.08455413,True,0.06870300136506557
1696,56edbc2e62a5c79a3a7bbadfae942f25ed241788bbeda0808fb8fdfc14d1f8c3:1696,2-3,0.06666666666666667,0.053821216022769555,0.5062732,False,0.06860339920967817
2452,56edbc2e62a5c79a3a7bbadfae942f25ed241788bbeda0808fb8fdfc14d1f8c3:2452,4-5,0.0,0.0,0.10373389,True,0.0686608636751771
4101,56edbc2e62a5c79a3a7bbadfae942f25ed241788bbeda0808fb8fdfc14d1f8c3:4101,6-7,0.26666666666666666,0.2596736982100684,0.40564415,False,0.06911576818674803
5313,56edbc2e62a5c79a3a7bbadfae942f25ed241788bbeda0808fb8fdfc14d1f8c3:5313,8-9,0.06666666666666667,0.046105120275897894,0.3808407,False,0.06912046950310469
836,56edbc2e62a5c79a3a7bbadfae942f25ed241788bbeda0808fb8fdfc14d1f8c3:836,0-1,0.06666666666666667,0.05686973942620158,0.054737747,False,0.06907795276492834
2248,56edbc2e62a5c79a3a7bbadfae942f25ed241788bbeda0808fb8fdfc14d1f8c3:2248,2-3,0.0,0.0,0.34433997,True,0.06866444274783134
2705,56edbc2e62a5c79a3a7bbadfae942f25ed241788bbeda0808fb8fdfc14d1f8c3:2705,4-5,0.06666666666666667,0.046105120275897894,0.046241146,False,0.06869501806795597
3700,56edbc2e62a5c79a3a7bbadfae942f25ed241788bbeda0808fb8fdfc14d1f8c3:3700,6-7,0.0,0.0,0.16402899,True,0.06825124844908714
5635,56edbc2e62a5c79a3a7bbadfae942f25ed241788bbeda0808fb8fdfc14d1f8c3:5635,8-9,0.0,0.0,0.13938761,True,0.06875496823340654
64,56edbc2e62a5c79a3a7bbadfae942f25ed241788bbeda0808fb8fdfc14d1f8c3:64,0-1,0.06666666666666667,0.053821216022769555,0.33185482,False,0.06869696546345949
1063,56edbc2e62a5c79a3a7bbadfae942f25ed241788bbeda0808fb8fdfc14d1f8c3:1063,2-3,0.2,0.22296021112664355,0.11754398,False,0.06858509965240955
2539,56edbc2e62a5c79a3a7bbadfae942f25ed241788bbeda0808fb8fdfc14d1f8c3:2539,4-5,0.0,0.0,0.59221023,True,0.0688628414645791
3774,56edbc2e62a5c79a3a7bbadfae942f25ed241788bbeda0808fb8fdfc14d1f8c3:3774,6-7,0.3333333333333333,0.44149699362879563,0.49883434,False,0.06874480750411749
5813,56edbc2e62a5c79a3a7bbadfae942f25ed241788bbeda0808fb8fdfc14d1f8c3:5813,8-9,0.0,0.0,0.28242955,True,0.06917660962790251
659,56edbc2e62a5c79a3a7bbadfae942f25ed241788bbeda0808fb8fdfc14d1f8c3:659,0-1,0.0,0.0,0.1705692,True,0.06934792548418045
1610,56edbc2e62a5c79a3a7bbadfae942f25ed241788bbeda0808fb8fdfc14d1f8c3:1610,2-3,0.26666666666666666,0.21789768522095246,0.4642778,False,0.06850763782858849
2984,56edbc2e62a5c79a3a7bbadfae942f25ed241788bbeda0808fb8fdfc14d1f8c3:2984,4-5,0.0,0.0,0.20621596,True,0.06867612339556217
3864,56edbc2e62a5c79a3a7bbadfae942f25ed241788bbeda0808fb8fdfc14d1f8c3:3864,6-7,0.0,0.0,0.5689388,True,0.0689471373334527
5270,56edbc2e62a5c79a3a7bbadfae942f25ed241788bbeda0808fb8fdfc14d1f8c3:5270,8-9,0.13333333333333333,0.21992634232854028,0.3901688,False,0.06866906117647886
245,56edbc2e62a5c79a3a7bbadfae942f25ed241788bbeda0808fb8fdfc14d1f8c3:245,0-1,0.13333333333333333,0.1524528638994737,0.33358648,False,0.06872656475752592
1459,56edbc2e62a5c79a3a7bbadfae942f25ed241788bbeda0808fb8fdfc14d1f8c3:1459,2-3,0.06666666666666667,0.10764243204553911,0.3624864,False,0.06897103972733021
2605,56edbc2e62a5c79a3a7bbadfae942f25ed241788bbeda0808fb8fdfc14d1f8c3:2605,4-5,0.2,0.15550138730290575,0.23486273,False,0.068393899127841
4020,56edbc2e62a5c79a3a7bbadfae942f25ed241788bbeda0808fb8fdfc14d1f8c3:4020,6-7,0.13333333333333333,0.22196771051724837,0.115453206,False,0.06813369411975145
5237,56edbc2e62a5c79a3a7bbadfae942f25ed241788bbeda0808fb8fdfc14d1f8c3:5237,8-9,0.0,0.0,0.037314642,True,0.06942083779722452
129,56edbc2e62a5c79a3a7bbadfae942f25ed241788bbeda0808fb8fdfc14d1f8c3:129,0-1,0.06666666666666667,0.053821216022769555,0.22699754,False,0.0685634994879365
1068,56edbc2e62a5c79a3a7bbadfae942f25ed241788bbeda0808fb8fdfc14d1f8c3:1068,2-3,0.06666666666666667,0.05686973942620158,0.20211351,False,0.06906062923371792
2981,56edbc2e62a5c79a3a7bbadfae942f25ed241788bbeda0808fb8fdfc14d1f8c3:2981,4-5,0.06666666666666667,0.04265230456965119,0.0568544,False,0.06918743345886469
4340,56edbc2e62a5c79a3a7bbadfae942f25ed241788bbeda0808fb8fdfc14d1f8c3:4340,6-7,0.0,0.0,0.0640611,True,0.06863521039485931
5512,56edbc2e62a5c79a3a7bbadfae942f25ed241788bbeda0808fb8fdfc14d1f8c3:5512,8-9,0.06666666666666667,0.046105120275897894,0.3815112,False,0.06893033254891634
532,56edbc2e62a5c79a3a7bbadfae942f25ed241788bbeda0808fb8fdfc14d1f8c3:532,0-1,0.0,0.0,0.07483326,True,0.06850331276655197
1209,56edbc2e62a5c79a3a7bbadfae942f25ed241788bbeda0808fb8fdfc14d1f8c3:1209,2-3,0.13333333333333333,0.09616892409257823,0.3951679,False,0.06925806030631065
3567,56edbc2e62a5c79a3a7bbadfae942f25ed241788bbeda0808fb8fdfc14d1f8c3:3567,4-5,0.06666666666666667,0.053821216022769555,0.44377297,False,0.06884257216006517
4735,56edbc2e62a5c79a3a7bbadfae942f25ed241788bbeda0808fb8fdfc14d1f8c3:4735,6-7,0.26666666666666666,0.3502734726585636,0.14677748,False,0.06921201664954424
5013,56edbc2e62a5c79a3a7bbadfae942f25ed241788bbeda0808fb8fdfc14d1f8c3:5013,8-9,0.0,0.0,0.12386516,True,0.06863117683678865
132,56edbc2e62a5c79a3a7bbadfae942f25ed241788bbeda0808fb8fdfc14d1f8c3:132,0-1,0.26666666666666666,0.3315493456060123,0.44851097,False,0.06830066535621881
1204,56edbc2e62a5c79a3a7bbadfae942f25ed241788bbeda0808fb8fdfc14d1f8c3:1204,2-3,0.06666666666666667,0.04481043185393461,0.39417723,False,0.06925485283136368
3633,56edbc2e62a5c79a3a7bbadfae942f25ed241788bbeda0808fb8fdfc14d1f8c3:3633,4-5,0.0,0.0,0.1811917,True,0.06945857033133507
3756,56edbc2e62a5c79a3a7bbadfae942f25ed241788bbeda0808fb8fdfc14d1f8c3:3756,6-7,0.0,0.0,0.25001925,True,0.06904925685375929
5034,56edbc2e62a5c79a3a7bbadfae942f25ed241788bbeda0808fb8fdfc14d1f8c3:5034,8-9,0.0,0.0,0.39620396,True,0.06902114767581224
838,56edbc2e62a5c79a3a7bbadfae942f25ed241788bbeda0808fb8fdfc14d1f8c3:838,0-1,0.06666666666666667,0.05686973942620158,0.23998773,False,0.06908383313566446
2388,56edbc2e62a5c79a3a7bbadfae942f25ed241788bbeda0808fb8fdfc14d1f8c3:2388,2-3,0.0,0.0,0.07519867,True,0.0683528333902359
2890,56edbc2e62a5c79a3a7bbadfae942f25ed241788bbeda0808fb8fdfc14d1f8c3:2890,4-5,0.0,0.0,0.07138422,True,0.06928769592195749
4925,56edbc2e62a5c79a3a7bbadfae942f25ed241788bbeda0808fb8fdfc14d1f8c3:4925,6-7,0.0,0.0,0.34824908,True,0.06937633082270622
5260,56edbc2e62a5c79a3a7bbadfae942f25ed241788bbeda0808fb8fdfc14d1f8c3:5260,8-9,0.06666666666666667,0.07347739090382172,0.026938945,False,0.06906945817172527
359,56edbc2e62a5c79a3a7bbadfae942f25ed241788bbeda0808fb8fdfc14d1f8c3:359,0-1,0.06666666666666667,0.17060921827860476,0.82259464,False,0.06895960122346878
1933,56edbc2e62a5c79a3a7bbadfae942f25ed241788bbeda0808fb8fdfc14d1f8c3:1933,2-3,0.0,0.0,0.30148304,True,0.06895430944859982
2528,56edbc2e62a5c79a3a7bbadfae942f25ed241788bbeda0808fb8fdfc14d1f8c3:2528,4-5,0.2,0.22478265507429301,1.3437927,False,0.0688553350046277
4225,56edbc2e62a5c79a3a7bbadfae942f25ed241788bbeda0808fb8fdfc14d1f8c3:4225,6-7,0.13333333333333333,0.13424962064154208,0.111848585,False,0.06897138990461826
6070,56edbc2e62a5c79a3a7bbadfae942f25ed241788bbeda0808fb8fdfc14d1f8c3:6070,8-9,0.13333333333333333,0.14217434856550396,0.34828407,False,0.06926196999847889
892,56edbc2e62a5c79a3a7bbadfae942f25ed241788bbeda0808fb8fdfc14d1f8c3:892,0-1,0.06666666666666667,0.06077222973772036,0.058850892,False,0.06877079978585243
2097,56edbc2e62a5c79a3a7bbadfae942f25ed241788bbeda0808fb8fdfc14d1f8c3:2097,2-3,0.13333333333333333,0.08632110309458953,0.1682954,False,0.06852929294109344
2743,56edbc2e62a5c79a3a7bbadfae942f25ed241788bbeda0808fb8fdfc14d1f8c3:2743,4-5,0.06666666666666667,0.053821216022769555,0.11261909,False,0.0693019237369299
4449,56edbc2e62a5c79a3a7bbadfae942f25ed241788bbeda0808fb8fdfc14d1f8c3:4449,6-7,0.06666666666666667,0.06600065503116892,0.04426074,False,0.06901481002569199
5911,56edbc2e62a5c79a3a7bbadfae942f25ed241788bbeda0808fb8fdfc14d1f8c3:5911,8-9,0.0,0.0,0.13209452,True,0.06869427673518658
592,56edbc2e62a5c79a3a7bbadfae942f25ed241788bbeda0808fb8fdfc14d1f8c3:592,0-1,0.13333333333333333,0.09502729076358196,0.19337659,False,0.06898829992860556
1000,56edbc2e62a5c79a3a7bbadfae942f25ed241788bbeda0808fb8fdfc14d1f8c3:1000,2-3,0.06666666666666667,0.07347739090382172,0.21269979,False,0.06913302466273308
3482,56edbc2e62a5c79a3a7bbadfae942f25ed241788bbeda0808fb8fdfc14d1f8c3:3482,4-5,0.06666666666666667,0.08530460913930238,0.044168707,False,0.06863157078623772
3660,56edbc2e62a5c79a3a7bbadfae942f25ed241788bbeda0808fb8fdfc14d1f8c3:3660,6-7,0.0,0.0,0.17269477,True,0.06877728085964918
5655,56edbc2e62a5c79a3a7bbadfae942f25ed241788bbeda0808fb8fdfc14d1f8c3:5655,8-9,0.3333333333333333,0.29672379626513173,0.070765324,False,0.06891002133488655
876,56edbc2e62a5c79a3a7bbadfae942f25ed241788bbeda0808fb8fdfc14d1f8c3:876,0-1,0.13333333333333333,0.21427801680354308,0.80395424,False,0.06853823736310005
2258,56edbc2e62a5c79a3a7bbadfae942f25ed241788bbeda0808fb8fdfc14d1f8c3:2258,2-3,0.0,0.0,0.9645091,True,0.06839543767273426
2755,56edbc2e62a5c79a3a7bbadfae942f25ed241788bbeda0808fb8fdfc14d1f8c3:2755,4-5,0.0,0.0,0.51421374,True,0.06906783673912287
4582,56edbc2e62a5c79a3a7bbadfae942f25ed241788bbeda0808fb8fdfc14d1f8c3:4582,6-7,0.2,0.2761918798702597,0.45195574,False,0.06903513334691525
5292,56edbc2e62a5c79a3a7bbadfae942f25ed241788bbeda0808fb8fdfc14d1f8c3:5292,8-9,0.06666666666666667,0.049317124049935504,0.11910845,False,0.06833390891551971
905,56edbc2e62a5c79a3a7bbadfae942f25ed241788bbeda0808fb8fdfc14d1f8c3:905,0-1,0.3333333333333333,0.41561580702685075,0.26923138,False,0.07006247993558645
1709,56edbc2e62a5c79a3a7bbadfae942f25ed241788bbeda0808fb8fdfc14d1f8c3:1709,2-3,0.06666666666666667,0.049317124049935504,0.40354228,False,0.06865805760025978
2977,56edbc2e62a5c79a3a7bbadfae942f25ed241788bbeda0808fb8fdfc14d1f8c3:2977,4-5,0.06666666666666667,0.053821216022769555,0.022183299,False,0.06914710160344839
3798,56edbc2e62a5c79a3a7bbadfae942f25ed241788bbeda0808fb8fdfc14d1f8c3:3798,6-7,0.0,0.0,0.34706292,True,0.0689592994749546
5253,56edbc2e62a5c79a3a7bbadfae942f25ed241788bbeda0808fb8fdfc14d1f8c3:5253,8-9,0.06666666666666667,0.05686973942620158,0.5568458,False,0.06905915401875973
416,56edbc2e62a5c79a3a7bbadfae942f25ed241788bbeda0808fb8fdfc14d1f8c3:416,0-1,0.0,0.0,0.30373788,True,0.06890390068292618
2067,56edbc2e62a5c79a3a7bbadfae942f25ed241788bbeda0808fb8fdfc14d1f8c3:2067,2-3,0.2,0.19396353514012862,0.5976739,False,0.0693083330988884
2915,56edbc2e62a5c79a3a7bbadfae942f25ed241788bbeda0808fb8fdfc14d1f8c3:2915,4-5,0.06666666666666667,0.05135849223864361,0.24051625,False,0.06866293493658304
4235,56edbc2e62a5c79a3a7bbadfae942f25ed241788bbeda0808fb8fdfc14d1f8c3:4235,6-7,0.0,0.0,0.077192426,True,0.06931446865200996
5656,56edbc2e62a5c79a3a7bbadfae942f25ed241788bbeda0808fb8fdfc14d1f8c3:5656,8-9,0.0,0.0,0.5003961,True,0.0692701805382967
388,56edbc2e62a5c79a3a7bbadfae942f25ed241788bbeda0808fb8fdfc14d1f8c3:388,0-1,0.06666666666666667,0.04481043185393461,0.07579839,False,0.06938952021300793
1777,56edbc2e62a5c79a3a7bbadfae942f25ed241788bbeda0808fb8fdfc14d1f8c3:1777,2-3,0.13333333333333333,0.09647352059242074,0.7114176,False,0.06900285743176937
3428,56edbc2e62a5c79a3a7bbadfae942f25ed241788bbeda0808fb8fdfc14d1f8c3:3428,4-5,0.3333333333333333,0.2949794332378964,0.19700132,False,0.06885334197431803
4193,56edbc2e62a5c79a3a7bbadfae942f25ed241788bbeda0808fb8fdfc14d1f8c3:4193,6-7,0.0,0.0,0.069566384,True,0.0687285540625453
5305,56edbc2e62a5c79a3a7bbadfae942f25ed241788bbeda0808fb8fdfc14d1f8c3:5305,8-9,0.06666666666666667,0.053821216022769555,0.13150555,False,0.06924356613308191
403,56edbc2e62a5c79a3a7bbadfae942f25ed241788bbeda0808fb8fdfc14d1f8c3:403,0-1,0.0,0.0,0.28954172,True,0.06893236562609673
1137,56edbc2e62a5c79a3a7bbadfae942f25ed241788bbeda0808fb8fdfc14d1f8c3:1137,2-3,0.06666666666666667,0.0475902379018706,0.0055217,False,0.06911595351994038
2601,56edbc2e62a5c79a3a7bbadfae942f25ed241788bbeda0808fb8fdfc14d1f8c3:2601,4-5,0.0,0.0,0.045110866,True,0.06908170785754919
4011,56edbc2e62a5c79a3a7bbadfae942f25ed241788bbeda0808fb8fdfc14d1f8c3:4011,6-7,0.13333333333333333,0.08875742484554909,0.7251556,False,0.06823532842099667
5037,56edbc2e62a5c79a3a7bbadfae942f25ed241788bbeda0808fb8fdfc14d1f8c3:5037,8-9,0.0,0.0,0.31385392,True,0.0690618259832263
187,56edbc2e62a5c79a3a7bbadfae942f25ed241788bbeda0808fb8fdfc14d1f8c3:187,0-1,0.2,0.18558316621088855,0.57278216,False,0.06911123543977737
2040,56edbc2e62a5c79a3a7bbadfae942f25ed241788bbeda0808fb8fdfc14d1f8c3:2040,2-3,0.0,0.0,0.11850163,True,0.06828666292130947
2617,56edbc2e62a5c79a3a7bbadfae942f25ed241788bbeda0808fb8fdfc14d1f8c3:2617,4-5,0.06666666666666667,0.05686973942620158,0.27816847,False,0.0688809510320425
3801,56edbc2e62a5c79a3a7bbadfae942f25ed241788bbeda0808fb8fdfc14d1f8c3:3801,6-7,0.0,0.0,0.73392594,True,0.06879578717052937
6006,56edbc2e62a5c79a3a7bbadfae942f25ed241788bbeda0808fb8fdfc14d1f8c3:6006,8-9,0.13333333333333333,0.22196771051724837,0.07471724,False,0.06878243386745453
780,56edbc2e62a5c79a3a7bbadfae942f25ed241788bbeda0808fb8fdfc14d1f8c3:780,0-1,0.0,0.0,0.5300796,True,0.06924605648964643
1255,56edbc2e62a5c79a3a7bbadfae942f25ed241788bbeda0808fb8fdfc14d1f8c3:1255,2-3,0.06666666666666667,0.053821216022769555,0.3503946,False,0.06881245505064726
2848,56edbc2e62a5c79a3a7bbadfae942f25ed241788bbeda0808fb8fdfc14d1f8c3:2848,4-5,0.06666666666666667,0.04265230456965119,0.18655293,False,0.06915354542434216
4850,56edbc2e62a5c79a3a7bbadfae942f25ed241788bbeda0808fb8fdfc14d1f8c3:4850,6-7,0.0,0.0,0.3210866,True,0.06871426664292812
5406,56edbc2e62a5c79a3a7bbadfae942f25ed241788bbeda0808fb8fdfc14d1f8c3:5406,8-9,0.0,0.0,0.51321375,True,0.06885612290352583
92,56edbc2e62a5c79a3a7bbadfae942f25ed241788bbeda0808fb8fdfc14d1f8c3:92,0-1,0.13333333333333333,0.1044410282626587,0.092536926,False,0.0686903540045023
1998,56edbc2e62a5c79a3a7bbadfae942f25ed241788bbeda0808fb8fdfc14d1f8c3:1998,2-3,0.2,0.17406203398485148,0.08879219,False,0.06894654035568237
2740,56edbc2e62a5c79a3a7bbadfae942f25ed241788bbeda0808fb8fdfc14d1f8c3:2740,4-5,0.2,0.20510604456008064,0.16674381,False,0.06854665651917458
4766,56edbc2e62a5c79a3a7bbadfae942f25ed241788bbeda0808fb8fdfc14d1f8c3:4766,6-7,0.13333333333333333,0.21541965013253936,0.031213552,False,0.0688401022925973
5543,56edbc2e62a5c79a3a7bbadfae942f25ed241788bbeda0808fb8fdfc14d1f8c3:5543,8-9,0.06666666666666667,0.05135849223864361,0.32762295,False,0.06851323321461678
498,56edbc2e62a5c79a3a7bbadfae942f25ed241788bbeda0808fb8fdfc14d1f8c3:498,0-1,0.0,0.0,0.41467613,True,0.06914959941059351
1177,56edbc2e62a5c79a3a7bbadfae942f25ed241788bbeda0808fb8fdfc14d1f8c3:1177,2-3,0.13333333333333333,0.21671433855450267,0.32564944,False,0.06929879728704691
2893,56edbc2e62a5c79a3a7bbadfae942f25ed241788bbeda0808fb8fdfc14d1f8c3:2893,4-5,0.13333333333333333,0.1929470411848415,0.4389887,False,0.06898797675967216
4804,56edbc2e62a5c79a3a7bbadfae942f25ed241788bbeda0808fb8fdfc14d1f8c3:4804,6-7,0.0,0.0,0.08511916,True,0.06835773028433323
4980,56edbc2e62a5c79a3a7bbadfae942f25ed241788bbeda0808fb8fdfc14d1f8c3:4980,8-9,0.26666666666666666,0.3345197880890302,0.08492656,False,0.06876055710017681
194,56edbc2e62a5c79a3a7bbadfae942f25ed241788bbeda0808fb8fdfc14d1f8c3:194,0-1,0.13333333333333333,0.17364308707670803,1.4428079,False,0.06894189212471247
1215,56edbc2e62a5c79a3a7bbadfae942f25ed241788bbeda0808fb8fdfc14d1f8c3:1215,2-3,0.06666666666666667,0.04265230456965119,0.033083778,False,0.06877026800066233
3603,56edbc2e62a5c79a3a7bbadfae942f25ed241788bbeda0808fb8fdfc14d1f8c3:3603,4-5,0.0,0.0,0.75327116,True,0.06829431373625994
4796,56edbc2e62a5c79a3a7bbadfae942f25ed241788bbeda0808fb8fdfc14d1f8c3:4796,6-7,0.13333333333333333,0.11764196916392194,0.0820117,False,0.0689045013859868
5717,56edbc2e62a5c79a3a7bbadfae942f25ed241788bbeda0808fb8fdfc14d1f8c3:5717,8-9,0.0,0.0,0.058059637,True,0.06833321042358875
638,56edbc2e62a5c79a3a7bbadfae942f25ed241788bbeda0808fb8fdfc14d1f8c3:638,0-1,0.06666666666666667,0.17060921827860476,0.39009094,False,0.06892997771501541
1903,56edbc2e62a5c79a3a7bbadfae942f25ed241788bbeda0808fb8fdfc14d1f8c3:1903,2-3,0.3333333333333333,0.4327192382396327,0.54624885,False,0.06926076672971249
3467,56edbc2e62a5c79a3a7bbadfae942f25ed241788bbeda0808fb8fdfc14d1f8c3:3467,4-5,0.0,0.0,0.56316906,True,0.06872347835451365
3722,56edbc2e62a5c79a3a7bbadfae942f25ed241788bbeda0808fb8fdfc14d1f8c3:3722,6-7,0.0,0.0,0.42878625,True,0.06924537010490894
6133,56edbc2e62a5c79a3a7bbadfae942f25ed241788bbeda0808fb8fdfc14d1f8c3:6133,8-9,0.0,0.0,0.27465525,True,0.0690811239182949
677,56edbc2e62a5c79a3a7bbadfae942f25ed241788bbeda0808fb8fdfc14d1f8c3:677,0-1,0.0,0.0,0.26049668,True,0.06902655400335789
2054,56edbc2e62a5c79a3a7bbadfae942f25ed241788bbeda0808fb8fdfc14d1f8c3:2054,2-3,0.0,0.0,0.07613865,True,0.06893524061888456
3568,56edbc2e62a5c79a3a7bbadfae942f25ed241788bbeda0808fb8fdfc14d1f8c3:3568,4-5,0.2,0.25693032137319427,0.063742444,False,0.06872994918376207
4125,56edbc2e62a5c79a3a7bbadfae942f25ed241788bbeda0808fb8fdfc14d1f8c3:4125,6-7,0.06666666666666667,0.049317124049935504,0.23560774,False,0.06870508473366499
4993,56edbc2e62a5c79a3a7bbadfae942f25ed241788bbeda0808fb8fdfc14d1f8c3:4993,8-9,0.0,0.0,0.047521785,True,0.0688611501827836
216,56edbc2e62a5c79a3a7bbadfae942f25ed241788bbeda0808fb8fdfc14d1f8c3:216,0-1,0.0,0.0,0.276975,True,0.06862165313214064
2129,56edbc2e62a5c79a3a7bbadfae942f25ed241788bbeda0808fb8fdfc14d1f8c3:2129,2-3,0.2,0.13882122866222943,0.80850077,False,0.06938339117914438
2581,56edbc2e62a5c79a3a7bbadfae942f25ed241788bbeda0808fb8fdfc14d1f8c3:2581,4-5,0.06666666666666667,0.043668798524938345,0.021519229,False,0.06864229775965214
3648,56edbc2e62a5c79a3a7bbadfae942f25ed241788bbeda0808fb8fdfc14d1f8c3:3648,6-7,0.0,0.0,0.42787772,True,0.06890613213181496
6112,56edbc2e62a5c79a3a7bbadfae942f25ed241788bbeda0808fb8fdfc14d1f8c3:6112,8-9,0.0,0.0,0.20749429,True,0.06900254357606173
335,56edbc2e62a5c79a3a7bbadfae942f25ed241788bbeda0808fb8fdfc14d1f8c3:335,0-1,0.0,0.0,0.014294952,True,0.06896827090531588
2123,56edbc2e62a5c79a3a7bbadfae942f25ed241788bbeda0808fb8fdfc14d1f8c3:2123,2-3,0.06666666666666667,0.06077222973772036,0.14256223,False,0.0691258804872632
3519,56edbc2e62a5c79a3a7bbadfae942f25ed241788bbeda0808fb8fdfc14d1f8c3:3519,4-5,0.13333333333333333,0.1587820000431241,0.38582715,False,0.06874440051615238
4638,56edbc2e62a5c79a3a7bbadfae942f25ed241788bbeda0808fb8fdfc14d1f8c3:4638,6-7,0.06666666666666667,0.046105120275897894,0.103671655,False,0.06904138624668121
5349,56edbc2e62a5c79a3a7bbadfae942f25ed241788bbeda0808fb8fdfc14d1f8c3:5349,8-9,0.0,0.0,0.40319514,True,0.06881023291498423
623,56edbc2e62a5c79a3a7bbadfae942f25ed241788bbeda0808fb8fdfc14d1f8c3:623,0-1,0.06666666666666667,0.17060921827860476,0.0062186792,False,0.06864030100405216
1577,56edbc2e62a5c79a3a7bbadfae942f25ed241788bbeda0808fb8fdfc14d1f8c3:1577,2-3,0.06666666666666667,0.04265230456965119,0.6506938,False,0.06888825632631779
2615,56edbc2e62a5c79a3a7bbadfae942f25ed241788bbeda0808fb8fdfc14d1f8c3:2615,4-5,0.06666666666666667,0.10764243204553911,0.016212828,False,0.06898944918066263
4669,56edbc2e62a5c79a3a7bbadfae942f25ed241788bbeda0808fb8fdfc14d1f8c3:4669,6-7,0.06666666666666667,0.0475902379018706,0.073573306,False,0.06836468912661076
5758,56edbc2e62a5c79a3a7bbadfae942f25ed241788bbeda0808fb8fdfc14d1f8c3:5758,8-9,0.06666666666666667,0.046105120275897894,0.317144,False,0.06865993700921535
802,56edbc2e62a5c79a3a7bbadfae942f25ed241788bbeda0808fb8fdfc14d1f8c3:802,0-1,0.0,0.0,0.47341117,True,0.06883201468735933
1445,56edbc2e62a5c79a3a7bbadfae942f25ed241788bbeda0808fb8fdfc14d1f8c3:1445,2-3,0.06666666666666667,0.049317124049935504,0.6095698,False,0.06881962157785892
3108,56edbc2e62a5c79a3a7bbadfae942f25ed241788bbeda0808fb8fdfc14d1f8c3:3108,4-5,0.26666666666666666,0.18782291408163862,0.31377837,False,0.06909728143364191
4539,56edbc2e62a5c79a3a7bbadfae942f25ed241788bbeda0808fb8fdfc14d1f8c3:4539,6-7,0.26666666666666666,0.31839450983463885,0.09892874,False,0.06897181924432516
5384,56edbc2e62a5c79a3a7bbadfae942f25ed241788bbeda0808fb8fdfc14d1f8c3:5384,8-9,0.0,0.0,0.10260722,True,0.06884364131838083
891,56edbc2e62a5c79a3a7bbadfae942f25ed241788bbeda0808fb8fdfc14d1f8c3:891,0-1,0.0,0.0,0.6236089,True,0.06881623435765505
1594,56edbc2e62a5c79a3a7bbadfae942f25ed241788bbeda0808fb8fdfc14d1f8c3:1594,2-3,0.06666666666666667,0.046105120275897894,0.5120002,False,0.06834571063518524
3591,56edbc2e62a5c79a3a7bbadfae942f25ed241788bbeda0808fb8fdfc14d1f8c3:3591,4-5,0.06666666666666667,0.17060921827860476,0.022989437,False,0.06862245593219995
4693,56edbc2e62a5c79a3a7bbadfae942f25ed241788bbeda0808fb8fdfc14d1f8c3:4693,6-7,0.6,0.500847909003097,0.3892019,False,0.06888765655457973
5706,56edbc2e62a5c79a3a7bbadfae942f25ed241788bbeda0808fb8fdfc14d1f8c3:5706,8-9,0.0,0.0,0.5647479,True,0.06899479497224092
310,56edbc2e62a5c79a3a7bbadfae942f25ed241788bbeda0808fb8fdfc14d1f8c3:310,0-1,0.06666666666666667,0.05135849223864361,0.10737017,False,0.06886832509189844
1087,56edbc2e62a5c79a3a7bbadfae942f25ed241788bbeda0808fb8fdfc14d1f8c3:1087,2-3,0.2,0.21731188560164635,0.14297487,False,0.06881905626505613
2753,56edbc2e62a5c79a3a7bbadfae942f25ed241788bbeda0808fb8fdfc14d1f8c3:2753,4-5,0.2,0.32939121832172885,0.8804359,False,0.06915657874196768
3978,56edbc2e62a5c79a3a7bbadfae942f25ed241788bbeda0808fb8fdfc14d1f8c3:3978,6-7,0.06666666666666667,0.04481043185393461,0.042134803,False,0.06878273747861385
5101,56edbc2e62a5c79a3a7bbadfae942f25ed241788bbeda0808fb8fdfc14d1f8c3:5101,8-9,0.0,0.0,0.3609202,True,0.06887439358979464
603,56edbc2e62a5c79a3a7bbadfae942f25ed241788bbeda0808fb8fdfc14d1f8c3:603,0-1,0.0,0.0,0.6570437,True,0.06880728900432587
986,56edbc2e62a5c79a3a7bbadfae942f25ed241788bbeda0808fb8fdfc14d1f8c3:986,2-3,0.0,0.0,0.088694066,True,0.06883058603852987
3102,56edbc2e62a5c79a3a7bbadfae942f25ed241788bbeda0808fb8fdfc14d1f8c3:3102,4-5,0.06666666666666667,0.10764243204553911,0.2461461,False,0.06862449459731579
4792,56edbc2e62a5c79a3a7bbadfae942f25ed241788bbeda0808fb8fdfc14d1f8c3:4792,6-7,0.26666666666666666,0.40620856403309746,0.17378919,False,0.06906459387391806
5551,56edbc2e62a5c79a3a7bbadfae942f25ed241788bbeda0808fb8fdfc14d1f8c3:5551,8-9,0.13333333333333333,0.1513052641704713,0.06837571,False,0.06863425578922033
613,56edbc2e62a5c79a3a7bbadfae942f25ed241788bbeda0808fb8fdfc14d1f8c3:613,0-1,0.13333333333333333,0.21326152284825595,0.8262582,False,0.068858721293509
1035,56edbc2e62a5c79a3a7bbadfae942f25ed241788bbeda0808fb8fdfc14d1f8c3:1035,2-3,0.2,0.2712848345671839,0.21023725,False,0.06897329166531563
2922,56edbc2e62a5c79a3a7bbadfae942f25ed241788bbeda0808fb8fdfc14d1f8c3:2922,4-5,0.26666666666666666,0.3250768061940936,0.0028696116,False,0.06898101326078176
3999,56edbc2e62a5c79a3a7bbadfae942f25ed241788bbeda0808fb8fdfc14d1f8c3:3999,6-7,0.2,0.18976458646737454,0.023572166,False,0.0682004876434803
5234,56edbc2e62a5c79a3a7bbadfae942f25ed241788bbeda0808fb8fdfc14d1f8c3:5234,8-9,0.2,0.17488884482846187,0.1942721,False,0.06790488585829735
238,56edbc2e62a5c79a3a7bbadfae942f25ed241788bbeda0808fb8fdfc14d1f8c3:238,0-1,0.13333333333333333,0.21541965013253936,0.3903573,False,0.06823139172047377
925,56edbc2e62a5c79a3a7bbadfae942f25ed241788bbeda0808fb8fdfc14d1f8c3:925,2-3,0.0,0.0,0.5184624,True,0.06855067517608404
3119,56edbc2e62a5c79a3a7bbadfae942f25ed241788bbeda0808fb8fdfc14d1f8c3:3119,4-5,0.06666666666666667,0.17060921827860476,0.21182802,False,0.06922484934329987
3982,56edbc2e62a5c79a3a7bbadfae942f25ed241788bbeda0808fb8fdfc14d1f8c3:3982,6-7,0.13333333333333333,0.11714618942876005,0.4176986,False,0.0689183035865426
6131,56edbc2e62a5c79a3a7bbadfae942f25ed241788bbeda0808fb8fdfc14d1f8c3:6131,8-9,0.26666666666666666,0.32887146256403305,0.048384473,False,0.06912736594676971
300,56edbc2e62a5c79a3a7bbadfae942f25ed241788bbeda0808fb8fdfc14d1f8c3:300,0-1,0.13333333333333333,0.13912582516207192,0.07376757,False,0.06892903055995703
1077,56edbc2e62a5c79a3a7bbadfae942f25ed241788bbeda0808fb8fdfc14d1f8c3:1077,2-3,0.0,0.0,0.23558398,True,0.06881225574761629
3025,56edbc2e62a5c79a3a7bbadfae942f25ed241788bbeda0808fb8fdfc14d1f8c3:3025,4-5,0.13333333333333333,0.1314097294152003,0.45393488,False,0.06924995593726635
3809,56edbc2e62a5c79a3a7bbadfae942f25ed241788bbeda0808fb8fdfc14d1f8c3:3809,6-7,0.26666666666666666,0.40502453509303316,0.9226829,False,0.06912565976381302
5055,56edbc2e62a5c79a3a7bbadfae942f25ed241788bbeda0808fb8fdfc14d1f8c3:5055,8-9,0.06666666666666667,0.0475902379018706,0.15662904,False,0.06796804536134005
138,56edbc2e62a5c79a3a7bbadfae942f25ed241788bbeda0808fb8fdfc14d1f8c3:138,0-1,0.0,0.0,0.62898564,True,0.06870119273662567
1755,56edbc2e62a5c79a3a7bbadfae942f25ed241788bbeda0808fb8fdfc14d1f8c3:1755,2-3,0.26666666666666666,0.34056012977484723,0.2319543,False,0.0688523119315505
2405,56edbc2e62a5c79a3a7bbadfae942f25ed241788bbeda0808fb8fdfc14d1f8c3:2405,4-5,0.06666666666666667,0.049317124049935504,0.49052328,False,0.06899733282625675
4051,56edbc2e62a5c79a3a7bbadfae942f25ed241788bbeda0808fb8fdfc14d1f8c3:4051,6-7,0.0,0.0,0.15345569,True,0.06918811239302158
5642,56edbc2e62a5c79a3a7bbadfae942f25ed241788bbeda0808fb8fdfc14d1f8c3:5642,8-9,0.0,0.0,0.41815445,True,0.06901354901492596
243,56edbc2e62a5c79a3a7bbadfae942f25ed241788bbeda0808fb8fdfc14d1f8c3:243,0-1,0.0,0.0,0.029817892,True,0.06855174899101257
1369,56edbc2e62a5c79a3a7bbadfae942f25ed241788bbeda0808fb8fdfc14d1f8c3:1369,2-3,0.06666666666666667,0.043668798524938345,0.054544672,False,0.0681604202836752
3409,56edbc2e62a5c79a3a7bbadfae942f25ed241788bbeda0808fb8fdfc14d1f8c3:3409,4-5,0.3333333333333333,0.3150583200102973,0.21760833,False,0.06963060330599546
4414,56edbc2e62a5c79a3a7bbadfae942f25ed241788bbeda0808fb8fdfc14d1f8c3:4414,6-7,0.0,0.0,0.36624888,True,0.0693471385166049
6111,56edbc2e62a5c79a3a7bbadfae942f25ed241788bbeda0808fb8fdfc14d1f8c3:6111,8-9,0.0,0.0,0.26114303,True,0.06920425221323967
687,56edbc2e62a5c79a3a7bbadfae942f25ed241788bbeda0808fb8fdfc14d1f8c3:687,0-1,0.0,0.0,0.053452037,True,0.06929303798824549
2368,56edbc2e62a5c79a3a7bbadfae942f25ed241788bbeda0808fb8fdfc14d1f8c3:2368,2-3,0.0,0.0,0.009594128,True,0.06921006087213755
2773,56edbc2e62a5c79a3a7bbadfae942f25ed241788bbeda0808fb8fdfc14d1f8c3:2773,4-5,0.2,0.1676808263113051,0.4349419,False,0.0688310544937849
3957,56edbc2e62a5c79a3a7bbadfae942f25ed241788bbeda0808fb8fdfc14d1f8c3:3957,6-7,0.2,0.16653919298230882,0.47531503,False,0.06914349552243948
5554,56edbc2e62a5c79a3a7bbadfae942f25ed241788bbeda0808fb8fdfc14d1f8c3:5554,8-9,0.13333333333333333,0.1228703944573705,0.36108252,False,0.06839935667812824
161,56edbc2e62a5c79a3a7bbadfae942f25ed241788bbeda0808fb8fdfc14d1f8c3:161,0-1,0.06666666666666667,0.0475902379018706,0.18177785,False,0.06893547717481852
1715,56edbc2e62a5c79a3a7bbadfae942f25ed241788bbeda0808fb8fdfc14d1f8c3:1715,2-3,0.13333333333333333,0.1314097294152003,0.50097215,False,0.06870718486607075
2920,56edbc2e62a5c79a3a7bbadfae942f25ed241788bbeda0808fb8fdfc14d1f8c3:2920,4-5,0.13333333333333333,0.12106762880569233,0.5022049,False,0.06937951222062111
3902,56edbc2e62a5c79a3a7bbadfae942f25ed241788bbeda0808fb8fdfc14d1f8c3:3902,6-7,0.06666666666666667,0.10764243204553911,0.04086312,False,0.06923920102417469
5092,56edbc2e62a5c79a3a7bbadfae942f25ed241788bbeda0808fb8fdfc14d1f8c3:5092,8-9,0.06666666666666667,0.049317124049935504,0.10530986,False,0.06919203884899616
904,56edbc2e62a5c79a3a7bbadfae942f25ed241788bbeda0808fb8fdfc14d1f8c3:904,0-1,0.0,0.0,0.12219931,True,0.06914750393480062
1800,56edbc2e62a5c79a3a7bbadfae942f25ed241788bbeda0808fb8fdfc14d1f8c3:1800,2-3,0.13333333333333333,0.24408660918242647,0.29817855,False,0.06860766559839249
3070,56edbc2e62a5c79a3a7bbadfae942f25ed241788bbeda0808fb8fdfc14d1f8c3:3070,4-5,0.06666666666666667,0.04265230456965119,0.26800472,False,0.06918458640575409
4615,56edbc2e62a5c79a3a7bbadfae942f25ed241788bbeda0808fb8fdfc14d1f8c3:4615,6-7,0.3333333333333333,0.41315957774804823,0.5437678,False,0.06911942642182112
5756,56edbc2e62a5c79a3a7bbadfae942f25ed241788bbeda0808fb8fdfc14d1f8c3:5756,8-9,0.26666666666666666,0.3128832626470809,0.9702369,False,0.06923511624336243
776,56edbc2e62a5c79a3a7bbadfae942f25ed241788bbeda0808fb8fdfc14d1f8c3:776,0-1,0.0,0.0,0.36139694,True,0.06925363931804895
2330,56edbc2e62a5c79a3a7bbadfae942f25ed241788bbeda0808fb8fdfc14d1f8c3:2330,2-3,0.06666666666666667,0.10764243204553911,0.40809634,False,0.06887671165168285
2780,56edbc2e62a5c79a3a7bbadfae942f25ed241788bbeda0808fb8fdfc14d1f8c3:2780,4-5,0.0,0.0,0.35066628,True,0.0689137065783143
3873,56edbc2e62a5c79a3a7bbadfae942f25ed241788bbeda0808fb8fdfc14d1f8c3:3873,6-7,0.4,0.35153510421002204,0.06794884,False,0.06857935898005962
5746,56edbc2e62a5c79a3a7bbadfae942f25ed241788bbeda0808fb8fdfc14d1f8c3:5746,8-9,0.06666666666666667,0.0475902379018706,0.76967525,False,0.06885119434446096
431,56edbc2e62a5c79a3a7bbadfae942f25ed241788bbeda0808fb8fdfc14d1f8c3:431,0-1,0.0,0.0,0.25442916,True,0.06857786420732737
1406,56edbc2e62a5c79a3a7bbadfae942f25ed241788bbeda0808fb8fdfc14d1f8c3:1406,2-3,0.0,0.0,0.09957638,True,0.0687926048412919
2658,56edbc2e62a5c79a3a7bbadfae942f25ed241788bbeda0808fb8fdfc14d1f8c3:2658,4-5,0.06666666666666667,0.06600065503116892,0.38138804,False,0.06892090756446123
4394,56edbc2e62a5c79a3a7bbadfae942f25ed241788bbeda0808fb8fdfc14d1f8c3:4394,6-7,0.2,0.1974103844463692,0.4683891,False,0.0690534645691514
5745,56edbc2e62a5c79a3a7bbadfae942f25ed241788bbeda0808fb8fdfc14d1f8c3:5745,8-9,0.06666666666666667,0.06077222973772036,0.7696551,False,0.06901861261576414
15,56edbc2e62a5c79a3a7bbadfae942f25ed241788bbeda0808fb8fdfc14d1f8c3:15,0-1,0.2,0.17340372720248917,0.49335206,False,0.06862518656998873
1010,56edbc2e62a5c79a3a7bbadfae942f25ed241788bbeda0808fb8fdfc14d1f8c3:1010,2-3,0.06666666666666667,0.07347739090382172,0.057036996,False,0.06912772543728352
3481,56edbc2e62a5c79a3a7bbadfae942f25ed241788bbeda0808fb8fdfc14d1f8c3:3481,4-5,0.06666666666666667,0.049317124049935504,0.37969756,False,0.06854091584682465
4332,56edbc2e62a5c79a3a7bbadfae942f25ed241788bbeda0808fb8fdfc14d1f8c3:4332,6-7,0.06666666666666667,0.06077222973772036,0.5081604,False,0.06937323696911335
6121,56edbc2e62a5c79a3a7bbadfae942f25ed241788bbeda0808fb8fdfc14d1f8c3:6121,8-9,0.2,0.1777052788951076,0.039603468,False,0.068474474363029
468,56edbc2e62a5c79a3a7bbadfae942f25ed241788bbeda0808fb8fdfc14d1f8c3:468,0-1,0.0,0.0,0.15984136,True,0.06900101713836193
1413,56edbc2e62a5c79a3a7bbadfae942f25ed241788bbeda0808fb8fdfc14d1f8c3:1413,2-3,0.2,0.24053727908671207,0.307312,False,0.06891648471355438
2517,56edbc2e62a5c79a3a7bbadfae942f25ed241788bbeda0808fb8fdfc14d1f8c3:2517,4-5,0.0,0.0,0.15347423,True,0.06942987628281116
4356,56edbc2e62a5c79a3a7bbadfae942f25ed241788bbeda0808fb8fdfc14d1f8c3:4356,6-7,0.06666666666666667,0.053821216022769555,0.15055114,False,0.06860458198934793
6024,56edbc2e62a5c79a3a7bbadfae942f25ed241788bbeda0808fb8fdfc14d1f8c3:6024,8-9,0.0,0.0,0.079478204,True,0.06877017393708229
729,56edbc2e62a5c79a3a7bbadfae942f25ed241788bbeda0808fb8fdfc14d1f8c3:729,0-1,0.06666666666666667,0.05135849223864361,0.6110631,False,0.06877871323376894
1632,56edbc2e62a5c79a3a7bbadfae942f25ed241788bbeda0808fb8fdfc14d1f8c3:1632,2-3,0.0,0.0,0.1960833,True,0.06887855660170317
3360,56edbc2e62a5c79a3a7bbadfae942f25ed241788bbeda0808fb8fdfc14d1f8c3:3360,4-5,0.0,0.0,0.022613734,True,0.0686674052849412
4443,56edbc2e62a5c79a3a7bbadfae942f25ed241788bbeda0808fb8fdfc14d1f8c3:4443,6-7,0.26666666666666666,0.23980144145065105,0.68531036,False,0.06894750986248255
5713,56edbc2e62a5c79a3a7bbadfae942f25ed241788bbeda0808fb8fdfc14d1f8c3:5713,8-9,0.0,0.0,0.8077708,True,0.06834307126700878
562,56edbc2e62a5c79a3a7bbadfae942f25ed241788bbeda0808fb8fdfc14d1f8c3:562,0-1,0.06666666666666667,0.053821216022769555,0.118557096,False,0.06846481095999479
1440,56edbc2e62a5c79a3a7bbadfae942f25ed241788bbeda0808fb8fdfc14d1f8c3:1440,2-3,0.0,0.0,0.34867966,True,0.06870847940444946
3539,56edbc2e62a5c79a3a7bbadfae942f25ed241788bbeda0808fb8fdfc14d1f8c3:3539,4-5,0.2,0.14794877192663966,0.215553,False,0.06880838144570589
4918,56edbc2e62a5c79a3a7bbadfae942f25ed241788bbeda0808fb8fdfc14d1f8c3:4918,6-7,0.0,0.0,0.07435053,True,0.06914615537971258
6008,56edbc2e62a5c79a3a7bbadfae942f25ed241788bbeda0808fb8fdfc14d1f8c3:6008,8-9,0.13333333333333333,0.0969073619518061,0.33861423,False,0.06904407031834126
605,56edbc2e62a5c79a3a7bbadfae942f25ed241788bbeda0808fb8fdfc14d1f8c3:605,0-1,0.3333333333333333,0.2842148140875927,0.016222183,False,0.06920763570815325
1561,56edbc2e62a5c79a3a7bbadfae942f25ed241788bbeda0808fb8fdfc14d1f8c3:1561,2-3,0.0,0.0,0.6393255,True,0.06854603718966246
3295,56edbc2e62a5c79a3a7bbadfae942f25ed241788bbeda0808fb8fdfc14d1f8c3:3295,4-5,0.06666666666666667,0.17060921827860476,0.040389996,False,0.06919175572693348
3895,56edbc2e62a5c79a3a7bbadfae942f25ed241788bbeda0808fb8fdfc14d1f8c3:3895,6-7,0.26666666666666666,0.22025812746829876,0.08688867,False,0.0683511309325695
5643,56edbc2e62a5c79a3a7bbadfae942f25ed241788bbeda0808fb8fdfc14d1f8c3:5643,8-9,0.0,0.0,0.018957764,True,0.06879837904125452
229,56edbc2e62a5c79a3a7bbadfae942f25ed241788bbeda0808fb8fdfc14d1f8c3:229,0-1,0.0,0.0,0.23946083,True,0.06913853157311678
1193,56edbc2e62a5c79a3a7bbadfae942f25ed241788bbeda0808fb8fdfc14d1f8c3:1193,2-3,0.0,0.0,0.24235722,True,0.06917652953416109
2855,56edbc2e62a5c79a3a7bbadfae942f25ed241788bbeda0808fb8fdfc14d1f8c3:2855,4-5,0.0,0.0,0.40477887,True,0.0690093245357275
4626,56edbc2e62a5c79a3a7bbadfae942f25ed241788bbeda0808fb8fdfc14d1f8c3:4626,6-7,0.06666666666666667,0.10764243204553911,0.45578182,False,0.06838652584701777
6050,56edbc2e62a5c79a3a7bbadfae942f25ed241788bbeda0808fb8fdfc14d1f8c3:6050,8-9,0.13333333333333333,0.09091555212983252,0.38168752,False,0.06867370009422302
520,56edbc2e62a5c79a3a7bbadfae942f25ed241788bbeda0808fb8fdfc14d1f8c3:520,0-1,0.3333333333333333,0.27932987309112056,0.43532783,False,0.06913832947611809
2042,56edbc2e62a5c79a3a7bbadfae942f25ed241788bbeda0808fb8fdfc14d1f8c3:2042,2-3,0.06666666666666667,0.10764243204553911,0.8844352,False,0.06912462413311005
3176,56edbc2e62a5c79a3a7bbadfae942f25ed241788bbeda0808fb8fdfc14d1f8c3:3176,4-5,0.0,0.0,0.4283365,True,0.06862820498645306
3806,56edbc2e62a5c79a3a7bbadfae942f25ed241788bbeda0808fb8fdfc14d1f8c3:3806,6-7,0.0,0.0,0.02333945,True,0.06903276033699512
5895,56edbc2e62a5c79a3a7bbadfae942f25ed241788bbeda0808fb8fdfc14d1f8c3:5895,8-9,0.13333333333333333,0.08977391880083624,0.023187723,False,0.06893821060657501
371,56edbc2e62a5c79a3a7bbadfae942f25ed241788bbeda0808fb8fdfc14d1f8c3:371,0-1,0.0,0.0,0.5318535,True,0.06918256543576717
1131,56edbc2e62a5c79a3a7bbadfae942f25ed241788bbeda0808fb8fdfc14d1f8c3:1131,2-3,0.06666666666666667,0.0475902379018706,0.6387859,False,0.0686696944758296
3399,56edbc2e62a5c79a3a7bbadfae942f25ed241788bbeda0808fb8fdfc14d1f8c3:3399,4-5,0.06666666666666667,0.04481043185393461,0.44472626,False,0.06836896110326052
3915,56edbc2e62a5c79a3a7bbadfae942f25ed241788bbeda0808fb8fdfc14d1f8c3:3915,6-7,0.2,0.17669161048014007,0.07869316,False,0.06876679882407188
6028,56edbc2e62a5c79a3a7bbadfae942f25ed241788bbeda0808fb8fdfc14d1f8c3:6028,8-9,0.13333333333333333,0.13912582516207192,0.6742148,False,0.06916191149502993
247,56edbc2e62a5c79a3a7bbadfae942f25ed241788bbeda0808fb8fdfc14d1f8c3:247,0-1,0.06666666666666667,0.046105120275897894,0.34598473,False,0.06909709144383669
2036,56edbc2e62a5c79a3a7bbadfae942f25ed241788bbeda0808fb8fdfc14d1f8c3:2036,2-3,0.06666666666666667,0.05686973942620158,0.27631864,False,0.06865380983799696
3080,56edbc2e62a5c79a3a7bbadfae942f25ed241788bbeda0808fb8fdfc14d1f8c3:3080,4-5,0.06666666666666667,0.07347739090382172,0.14009829,False,0.06866089347749949
4212,56edbc2e62a5c79a3a7bbadfae942f25ed241788bbeda0808fb8fdfc14d1f8c3:4212,6-7,0.0,0.0,0.4726221,True,0.0691083325073123
4990,56edbc2e62a5c79a3a7bbadfae942f25ed241788bbeda0808fb8fdfc14d1f8c3:4990,8-9,0.06666666666666667,0.0475902379018706,0.060370546,False,0.06864013336598873
225,56edbc2e62a5c79a3a7bbadfae942f25ed241788bbeda0808fb8fdfc14d1f8c3:225,0-1,0.13333333333333333,0.12795691370895357,0.21377462,False,0.06907799001783133
2231,56edbc2e62a5c79a3a7bbadfae942f25ed241788bbeda0808fb8fdfc14d1f8c3:2231,2-3,0.06666666666666667,0.06077222973772036,0.1924034,False,0.06855023093521595
2492,56edbc2e62a5c79a3a7bbadfae942f25ed241788bbeda0808fb8fdfc14d1f8c3:2492,4-5,0.26666666666666666,0.3680255691249801,0.6451915,False,0.06873180437833071
4380,56edbc2e62a5c79a3a7bbadfae942f25ed241788bbeda0808fb8fdfc14d1f8c3:4380,6-7,0.0,0.0,0.29544452,True,0.0681725312024355
5281,56edbc2e62a5c79a3a7bbadfae942f25ed241788bbeda0808fb8fdfc14d1f8c3:5281,8-9,0.0,0.0,0.03128472,True,0.06908891256898642
370,56edbc2e62a5c79a3a7bbadfae942f25ed241788bbeda0808fb8fdfc14d1f8c3:370,0-1,0.0,0.0,0.36875835,True,0.06868983618915081
2373,56edbc2e62a5c79a3a7bbadfae942f25ed241788bbeda0808fb8fdfc14d1f8c3:2373,2-3,0.2,0.14375916199444883,0.016126994,False,0.06880012527108192
3253,56edbc2e62a5c79a3a7bbadfae942f25ed241788bbeda0808fb8fdfc14d1f8c3:3253,4-5,0.0,0.0,0.1020456,True,0.06858147867023945
4049,56edbc2e62a5c79a3a7bbadfae942f25ed241788bbeda0808fb8fdfc14d1f8c3:4049,6-7,0.13333333333333333,0.11764196916392194,0.18453932,False,0.06849690526723862
5366,56edbc2e62a5c79a3a7bbadfae942f25ed241788bbeda0808fb8fdfc14d1f8c3:5366,8-9,0.06666666666666667,0.053821216022769555,0.3589462,False,0.06884513609111309
241,56edbc2e62a5c79a3a7bbadfae942f25ed241788bbeda0808fb8fdfc14d1f8c3:241,0-1,0.0,0.0,0.27319112,True,0.06872224994003773
1527,56edbc2e62a5c79a3a7bbadfae942f25ed241788bbeda0808fb8fdfc14d1f8c3:1527,2-3,0.0,0.0,0.22796626,True,0.0685312133282423
3123,56edbc2e62a5c79a3a7bbadfae942f25ed241788bbeda0808fb8fdfc14d1f8c3:3123,4-5,0.4,0.42153622224790105,0.1940998,False,0.06842117663472891
4873,56edbc2e62a5c79a3a7bbadfae942f25ed241788bbeda0808fb8fdfc14d1f8c3:4873,6-7,0.13333333333333333,0.11459344576048992,0.10797821,False,0.06853775400668383
4982,56edbc2e62a5c79a3a7bbadfae942f25ed241788bbeda0808fb8fdfc14d1f8c3:4982,8-9,0.2,0.1643929430336542,0.5003458,False,0.06857796385884285
144,56edbc2e62a5c79a3a7bbadfae942f25ed241788bbeda0808fb8fdfc14d1f8c3:144,0-1,0.13333333333333333,0.0924006697558052,0.36246157,False,0.06901159975677729
1802,56edbc2e62a5c79a3a7bbadfae942f25ed241788bbeda0808fb8fdfc14d1f8c3:1802,2-3,0.13333333333333333,0.1502947366151903,0.023074359,False,0.06840648967772722
3240,56edbc2e62a5c79a3a7bbadfae942f25ed241788bbeda0808fb8fdfc14d1f8c3:3240,4-5,0.5333333333333333,0.4339537169930929,0.29368266,False,0.0685761533677578
4880,56edbc2e62a5c79a3a7bbadfae942f25ed241788bbeda0808fb8fdfc14d1f8c3:4880,6-7,0.0,0.0,0.07653132,True,0.06833459250628948
5265,56edbc2e62a5c79a3a7bbadfae942f25ed241788bbeda0808fb8fdfc14d1f8c3:5265,8-9,0.06666666666666667,0.06600065503116892,0.18778837,False,0.06858072709292173
257,56edbc2e62a5c79a3a7bbadfae942f25ed241788bbeda0808fb8fdfc14d1f8c3:257,0-1,0.06666666666666667,0.17060921827860476,0.046554178,False,0.06828481238335371
1931,56edbc2e62a5c79a3a7bbadfae942f25ed241788bbeda0808fb8fdfc14d1f8c3:1931,2-3,0.06666666666666667,0.07347739090382172,0.11205569,False,0.06874830089509487
2729,56edbc2e62a5c79a3a7bbadfae942f25ed241788bbeda0808fb8fdfc14d1f8c3:2729,4-5,0.06666666666666667,0.05686973942620158,0.47785786,False,0.0685519203543663
4330,56edbc2e62a5c79a3a7bbadfae942f25ed241788bbeda0808fb8fdfc14d1f8c3:4330,6-7,0.0,0.0,0.018883377,True,0.0689321793615818
5905,56edbc2e62a5c79a3a7bbadfae942f25ed241788bbeda0808fb8fdfc14d1f8c3:5905,8-9,0.2,0.16942518933854048,0.31410846,False,0.06849393248558044
803,56edbc2e62a5c79a3a7bbadfae942f25ed241788bbeda0808fb8fdfc14d1f8c3:803,0-1,0.06666666666666667,0.053821216022769555,0.22345003,False,0.06823139358311892
1192,56edbc2e62a5c79a3a7bbadfae942f25ed241788bbeda0808fb8fdfc14d1f8c3:1192,2-3,0.26666666666666666,0.2723728929761636,0.559651,False,0.06882683839648962
2917,56edbc2e62a5c79a3a7bbadfae942f25ed241788bbeda0808fb8fdfc14d1f8c3:2917,4-5,0.06666666666666667,0.04481043185393461,0.17814738,False,0.06906558014452457
3804,56edbc2e62a5c79a3a7bbadfae942f25ed241788bbeda0808fb8fdfc14d1f8c3:3804,6-7,0.0,0.0,0.124634266,True,0.06866211537271738
5733,56edbc2e62a5c79a3a7bbadfae942f25ed241788bbeda0808fb8fdfc14d1f8c3:5733,8-9,0.06666666666666667,0.0475902379018706,0.14839947,False,0.06864875089377165
362,56edbc2e62a5c79a3a7bbadfae942f25ed241788bbeda0808fb8fdfc14d1f8c3:362,0-1,0.0,0.0,0.33200103,True,0.06879443302750587
2041,56edbc2e62a5c79a3a7bbadfae942f25ed241788bbeda0808fb8fdfc14d1f8c3:2041,2-3,0.0,0.0,0.55922985,True,0.06842078268527985
3338,56edbc2e62a5c79a3a7bbadfae942f25ed241788bbeda0808fb8fdfc14d1f8c3:3338,4-5,0.0,0.0,0.6205298,True,0.06885386817157269
4119,56edbc2e62a5c79a3a7bbadfae942f25ed241788bbeda0808fb8fdfc14d1f8c3:4119,6-7,0.13333333333333333,0.2313814480163251,0.25218365,False,0.06889132875949144
5824,56edbc2e62a5c79a3a7bbadfae942f25ed241788bbeda0808fb8fdfc14d1f8c3:5824,8-9,0.13333333333333333,0.13011504099323698,0.017246023,False,0.06868676375597715
672,56edbc2e62a5c79a3a7bbadfae942f25ed241788bbeda0808fb8fdfc14d1f8c3:672,0-1,0.0,0.0,0.025618799,True,0.0682814521715045
2091,56edbc2e62a5c79a3a7bbadfae942f25ed241788bbeda0808fb8fdfc14d1f8c3:2091,2-3,0.0,0.0,0.1392682,True,0.06869476940482855
3212,56edbc2e62a5c79a3a7bbadfae942f25ed241788bbeda0808fb8fdfc14d1f8c3:3212,4-5,0.06666666666666667,0.05135849223864361,1.1237853,False,0.06872906349599361
3761,56edbc2e62a5c79a3a7bbadfae942f25ed241788bbeda0808fb8fdfc14d1f8c3:3761,6-7,0.2,0.22871006085123144,0.20703554,False,0.06903229001909494
5637,56edbc2e62a5c79a3a7bbadfae942f25ed241788bbeda0808fb8fdfc14d1f8c3:5637,8-9,0.06666666666666667,0.049317124049935504,0.3355299,False,0.06883611809462309
826,56edbc2e62a5c79a3a7bbadfae942f25ed241788bbeda0808fb8fdfc14d1f8c3:826,0-1,0.0,0.0,0.114288285,True,0.06873036455363035
1811,56edbc2e62a5c79a3a7bbadfae942f25ed241788bbeda0808fb8fdfc14d1f8c3:1811,2-3,0.0,0.0,0.0090152025,True,0.06902910955250263
2477,56edbc2e62a5c79a3a7bbadfae942f25ed241788bbeda0808fb8fdfc14d1f8c3:2477,4-5,0.13333333333333333,0.1929470411848415,0.10489716,False,0.06864412873983383
4263,56edbc2e62a5c79a3a7bbadfae942f25ed241788bbeda0808fb8fdfc14d1f8c3:4263,6-7,0.26666666666666666,0.2542860902725769,0.7938524,False,0.06842873524874449
5070,56edbc2e62a5c79a3a7bbadfae942f25ed241788bbeda0808fb8fdfc14d1f8c3:5070,8-9,0.06666666666666667,0.06077222973772036,0.057645995,False,0.06903491541743279
37,56edbc2e62a5c79a3a7bbadfae942f25ed241788bbeda0808fb8fdfc14d1f8c3:37,0-1,0.0,0.0,0.46142825,True,0.06915426068007946
1487,56edbc2e62a5c79a3a7bbadfae942f25ed241788bbeda0808fb8fdfc14d1f8c3:1487,2-3,0.13333333333333333,0.15900092428418272,0.061562248,False,0.06869251932948828
2775,56edbc2e62a5c79a3a7bbadfae942f25ed241788bbeda0808fb8fdfc14d1f8c3:2775,4-5,0.06666666666666667,0.05135849223864361,0.17439042,False,0.06881349254399538
3746,56edbc2e62a5c79a3a7bbadfae942f25ed241788bbeda0808fb8fdfc14d1f8c3:3746,6-7,0.0,0.0,0.16679233,True,0.06878584437072277
5222,56edbc2e62a5c79a3a7bbadfae942f25ed241788bbeda0808fb8fdfc14d1f8c3:5222,8-9,0.13333333333333333,0.1346217331892379,0.08886929,False,0.06889958120882511
97,56edbc2e62a5c79a3a7bbadfae942f25ed241788bbeda0808fb8fdfc14d1f8c3:97,0-1,0.06666666666666667,0.04481043185393461,0.6082994,False,0.06898194178938866
1119,56edbc2e62a5c79a3a7bbadfae942f25ed241788bbeda0808fb8fdfc14d1f8c3:1119,2-3,0.06666666666666667,0.043668798524938345,0.5089029,False,0.06849234830588102
2976,56edbc2e62a5c79a3a7bbadfae942f25ed241788bbeda0808fb8fdfc14d1f8c3:2976,4-5,0.3333333333333333,0.283810521784778,0.22838978,False,0.06898490432649851
4815,56edbc2e62a5c79a3a7bbadfae942f25ed241788bbeda0808fb8fdfc14d1f8c3:4815,6-7,0.0,0.0,0.23492888,True,0.06898108869791031
5534,56edbc2e62a5c79a3a7bbadfae942f25ed241788bbeda0808fb8fdfc14d1f8c3:5534,8-9,0.0,0.0,0.23175277,True,0.06880111433565617
789,56edbc2e62a5c79a3a7bbadfae942f25ed241788bbeda0808fb8fdfc14d1f8c3:789,0-1,0.0,0.0,0.44767934,True,0.06864291988313198
1868,56edbc2e62a5c79a3a7bbadfae942f25ed241788bbeda0808fb8fdfc14d1f8c3:1868,2-3,0.13333333333333333,0.21427801680354308,0.5016297,False,0.06889645289629698
3239,56edbc2e62a5c79a3a7bbadfae942f25ed241788bbeda0808fb8fdfc14d1f8c3:3239,4-5,0.06666666666666667,0.046105120275897894,0.17597675,False,0.06862808670848608
4390,56edbc2e62a5c79a3a7bbadfae942f25ed241788bbeda0808fb8fdfc14d1f8c3:4390,6-7,0.06666666666666667,0.17060921827860476,0.035832915,False,0.06876629311591387
5274,56edbc2e62a5c79a3a7bbadfae942f25ed241788bbeda0808fb8fdfc14d1f8c3:5274,8-9,0.06666666666666667,0.10764243204553911,0.22516882,False,0.0683977697044611
54,56edbc2e62a5c79a3a7bbadfae942f25ed241788bbeda0808fb8fdfc14d1f8c3:54,0-1,0.13333333333333333,0.18111982294936083,0.17829126,False,0.06873999908566475
2230,56edbc2e62a5c79a3a7bbadfae942f25ed241788bbeda0808fb8fdfc14d1f8c3:2230,2-3,0.06666666666666667,0.0475902379018706,0.29025462,False,0.06817566230893135
3100,56edbc2e62a5c79a3a7bbadfae942f25ed241788bbeda0808fb8fdfc14d1f8c3:3100,4-5,0.0,0.0,0.44134137,True,0.06850272044539452
4646,56edbc2e62a5c79a3a7bbadfae942f25ed241788bbeda0808fb8fdfc14d1f8c3:4646,6-7,0.0,0.0,1.0584168,True,0.0685277534648776
4946,56edbc2e62a5c79a3a7bbadfae942f25ed241788bbeda0808fb8fdfc14d1f8c3:4946,8-9,0.13333333333333333,0.1314097294152003,0.083582304,False,0.06868909578770399
331,56edbc2e62a5c79a3a7bbadfae942f25ed241788bbeda0808fb8fdfc14d1f8c3:331,0-1,0.0,0.0,0.79420686,True,0.06901015713810921
1999,56edbc2e62a5c79a3a7bbadfae942f25ed241788bbeda0808fb8fdfc14d1f8c3:1999,2-3,0.13333333333333333,0.0954222443258334,0.096254095,False,0.06871373951435089
2651,56edbc2e62a5c79a3a7bbadfae942f25ed241788bbeda0808fb8fdfc14d1f8c3:2651,4-5,0.06666666666666667,0.04481043185393461,0.33362365,False,0.0683738337829709
4909,56edbc2e62a5c79a3a7bbadfae942f25ed241788bbeda0808fb8fdfc14d1f8c3:4909,6-7,0.2,0.1961156960244059,0.093115,False,0.06878096051514149
4957,56edbc2e62a5c79a3a7bbadfae942f25ed241788bbeda0808fb8fdfc14d1f8c3:4957,8-9,0.0,0.0,0.13449134,True,0.06891815457493067
176,56edbc2e62a5c79a3a7bbadfae942f25ed241788bbeda0808fb8fdfc14d1f8c3:176,0-1,0.0,0.0,0.047032416,True,0.06848246417939663
929,56edbc2e62a5c79a3a7bbadfae942f25ed241788bbeda0808fb8fdfc14d1f8c3:929,2-3,0.3333333333333333,0.24601711630352696,0.195379,False,0.0686227111145854
2521,56edbc2e62a5c79a3a7bbadfae942f25ed241788bbeda0808fb8fdfc14d1f8c3:2521,4-5,0.0,0.0,0.18245222,True,0.06850688811391592
4177,56edbc2e62a5c79a3a7bbadfae942f25ed241788bbeda0808fb8fdfc14d1f8c3:4177,6-7,0.0,0.0,0.13282946,True,0.06852564122527838
5412,56edbc2e62a5c79a3a7bbadfae942f25ed241788bbeda0808fb8fdfc14d1f8c3:5412,8-9,0.0,0.0,0.27511856,True,0.06889313831925392
724,56edbc2e62a5c79a3a7bbadfae942f25ed241788bbeda0808fb8fdfc14d1f8c3:724,0-1,0.0,0.0,0.35216445,True,0.06863255333155394
1274,56edbc2e62a5c79a3a7bbadfae942f25ed241788bbeda0808fb8fdfc14d1f8c3:1274,2-3,0.06666666666666667,0.0475902379018706,0.22635782,False,0.06873559765517712
2901,56edbc2e62a5c79a3a7bbadfae942f25ed241788bbeda0808fb8fdfc14d1f8c3:2901,4-5,0.13333333333333333,0.22196771051724837,0.01743082,False,0.06904969830065966
4373,56edbc2e62a5c79a3a7bbadfae942f25ed241788bbeda0808fb8fdfc14d1f8c3:4373,6-7,0.0,0.0,0.41226333,True,0.06902358494699001
5856,56edbc2e62a5c79a3a7bbadfae942f25ed241788bbeda0808fb8fdfc14d1f8c3:5856,8-9,0.06666666666666667,0.08530460913930238,0.36378983,False,0.06860640924423933
16,56edbc2e62a5c79a3a7bbadfae942f25ed241788bbeda0808fb8fdfc14d1f8c3:16,0-1,0.0,0.0,0.0048793666,True,0.06836930755525827
1438,56edbc2e62a5c79a3a7bbadfae942f25ed241788bbeda0808fb8fdfc14d1f8c3:1438,2-3,0.0,0.0,0.31778836,True,0.06895261816680431
3154,56edbc2e62a5c79a3a7bbadfae942f25ed241788bbeda0808fb8fdfc14d1f8c3:3154,4-5,0.0,0.0,0.44985822,True,0.06892381608486176
4752,56edbc2e62a5c79a3a7bbadfae942f25ed241788bbeda0808fb8fdfc14d1f8c3:4752,6-7,0.2,0.17210903878052586,0.6022432,False,0.0689069451764226
5491,56edbc2e62a5c79a3a7bbadfae942f25ed241788bbeda0808fb8fdfc14d1f8c3:5491,8-9,0.13333333333333333,0.11714618942876005,0.15667947,False,0.06842616945505142
518,56edbc2e62a5c79a3a7bbadfae942f25ed241788bbeda0808fb8fdfc14d1f8c3:518,0-1,0.13333333333333333,0.1267728847688893,0.100469775,False,0.06862066593021154
2029,56edbc2e62a5c79a3a7bbadfae942f25ed241788bbeda0808fb8fdfc14d1f8c3:2029,2-3,0.0,0.0,0.31452155,True,0.06919250451028347
2661,56edbc2e62a5c79a3a7bbadfae942f25ed241788bbeda0808fb8fdfc14d1f8c3:2661,4-5,0.2,0.28520266403909467,0.19372255,False,0.0693614799529314
4716,56edbc2e62a5c79a3a7bbadfae942f25ed241788bbeda0808fb8fdfc14d1f8c3:4716,6-7,0.2,0.14751657420053804,0.05659184,False,0.06909435894340277
5140,56edbc2e62a5c79a3a7bbadfae942f25ed241788bbeda0808fb8fdfc14d1f8c3:5140,8-9,0.0,0.0,0.78275925,True,0.06869376823306084
435,56edbc2e62a5c79a3a7bbadfae942f25ed241788bbeda0808fb8fdfc14d1f8c3:435,0-1,0.06666666666666667,0.08530460913930238,0.3816246,False,0.06887808814644814
1810,56edbc2e62a5c79a3a7bbadfae942f25ed241788bbeda0808fb8fdfc14d1f8c3:1810,2-3,0.06666666666666667,0.07347739090382172,0.7569585,False,0.06852969527244568
2836,56edbc2e62a5c79a3a7bbadfae942f25ed241788bbeda0808fb8fdfc14d1f8c3:2836,4-5,0.06666666666666667,0.049317124049935504,0.14582197,False,0.06889438442885876
3676,56edbc2e62a5c79a3a7bbadfae942f25ed241788bbeda0808fb8fdfc14d1f8c3:3676,6-7,0.0,0.0,0.33603188,True,0.06925685051828623
5199,56edbc2e62a5c79a3a7bbadfae942f25ed241788bbeda0808fb8fdfc14d1f8c3:5199,8-9,0.13333333333333333,0.1929470411848415,0.17907903,False,0.06936696451157331
543,56edbc2e62a5c79a3a7bbadfae942f25ed241788bbeda0808fb8fdfc14d1f8c3:543,0-1,0.0,0.0,0.15156096,True,0.06934928148984909
1845,56edbc2e62a5c79a3a7bbadfae942f25ed241788bbeda0808fb8fdfc14d1f8c3:1845,2-3,0.0,0.0,0.7802417,True,0.06790220085531473
2996,56edbc2e62a5c79a3a7bbadfae942f25ed241788bbeda0808fb8fdfc14d1f8c3:2996,4-5,0.06666666666666667,0.04265230456965119,0.50665176,False,0.06878463737666607
3735,56edbc2e62a5c79a3a7bbadfae942f25ed241788bbeda0808fb8fdfc14d1f8c3:3735,6-7,0.06666666666666667,0.04481043185393461,0.053076103,False,0.06935370061546564
5646,56edbc2e62a5c79a3a7bbadfae942f25ed241788bbeda0808fb8fdfc14d1f8c3:5646,8-9,0.0,0.0,0.23620684,True,0.06805414520204067
472,56edbc2e62a5c79a3a7bbadfae942f25ed241788bbeda0808fb8fdfc14d1f8c3:472,0-1,0.06666666666666667,0.05686973942620158,0.07897095,False,0.06866358499974012
1615,56edbc2e62a5c79a3a7bbadfae942f25ed241788bbeda0808fb8fdfc14d1f8c3:1615,2-3,0.06666666666666667,0.043668798524938345,0.12785926,False,0.0685267848894
2714,56edbc2e62a5c79a3a7bbadfae942f25ed241788bbeda0808fb8fdfc14d1f8c3:2714,4-5,0.06666666666666667,0.053821216022769555,0.48048568,False,0.06846761610358953
4303,56edbc2e62a5c79a3a7bbadfae942f25ed241788bbeda0808fb8fdfc14d1f8c3:4303,6-7,0.2,0.23441531681442837,0.14022826,False,0.06874325312674046
5563,56edbc2e62a5c79a3a7bbadfae942f25ed241788bbeda0808fb8fdfc14d1f8c3:5563,8-9,0.06666666666666667,0.06600065503116892,0.2454949,False,0.06884441431611776
205,56edbc2e62a5c79a3a7bbadfae942f25ed241788bbeda0808fb8fdfc14d1f8c3:205,0-1,0.0,0.0,0.3821926,True,0.06854841858148575
2171,56edbc2e62a5c79a3a7bbadfae942f25ed241788bbeda0808fb8fdfc14d1f8c3:2171,2-3,0.4,0.44489867724803206,0.18169373,False,0.06869386974722147
3039,56edbc2e62a5c79a3a7bbadfae942f25ed241788bbeda0808fb8fdfc14d1f8c3:3039,4-5,0.0,0.0,0.20023933,True,0.06907558161765337
3940,56edbc2e62a5c79a3a7bbadfae942f25ed241788bbeda0808fb8fdfc14d1f8c3:3940,6-7,0.13333333333333333,0.21326152284825595,0.3300439,False,0.06885028723627329
6135,56edbc2e62a5c79a3a7bbadfae942f25ed241788bbeda0808fb8fdfc14d1f8c3:6135,8-9,0.2,0.1350529743254564,0.4397797,False,0.06833603885024786
899,56edbc2e62a5c79a3a7bbadfae942f25ed241788bbeda0808fb8fdfc14d1f8c3:899,0-1,0.2,0.2107807721182442,0.30427524,False,0.06813555397093296
1452,56edbc2e62a5c79a3a7bbadfae942f25ed241788bbeda0808fb8fdfc14d1f8c3:1452,2-3,0.0,0.0,0.7530418,True,0.06838398054242134
3057,56edbc2e62a5c79a3a7bbadfae942f25ed241788bbeda0808fb8fdfc14d1f8c3:3057,4-5,0.0,0.0,0.03955465,True,0.06872312538325787
3689,56edbc2e62a5c79a3a7bbadfae942f25ed241788bbeda0808fb8fdfc14d1f8c3:3689,6-7,0.0,0.0,0.20072135,True,0.0685245431959629
6127,56edbc2e62a5c79a3a7bbadfae942f25ed241788bbeda0808fb8fdfc14d1f8c3:6127,8-9,0.06666666666666667,0.17060921827860476,0.06313707,False,0.06893405504524708
544,56edbc2e62a5c79a3a7bbadfae942f25ed241788bbeda0808fb8fdfc14d1f8c3:544,0-1,0.13333333333333333,0.25591382741790714,0.20475826,False,0.06885486375540495
2376,56edbc2e62a5c79a3a7bbadfae942f25ed241788bbeda0808fb8fdfc14d1f8c3:2376,2-3,0.4,0.3765692297467721,0.10260241,False,0.06882983352988958
3623,56edbc2e62a5c79a3a7bbadfae942f25ed241788bbeda0808fb8fdfc14d1f8c3:3623,4-5,0.06666666666666667,0.049317124049935504,0.023664001,False,0.06868650484830141
4383,56edbc2e62a5c79a3a7bbadfae942f25ed241788bbeda0808fb8fdfc14d1f8c3:4383,6-7,0.06666666666666667,0.043668798524938345,0.21151777,False,0.06862432043999434
6073,56edbc2e62a5c79a3a7bbadfae942f25ed241788bbeda0808fb8fdfc14d1f8c3:6073,8-9,0.13333333333333333,0.12106762880569233,0.032789063,False,0.0685783913359046
240,56edbc2e62a5c79a3a7bbadfae942f25ed241788bbeda0808fb8fdfc14d1f8c3:240,0-1,0.2,0.17406203398485148,0.1569696,False,0.06885264907032251
979,56edbc2e62a5c79a3a7bbadfae942f25ed241788bbeda0808fb8fdfc14d1f8c3:979,2-3,0.3333333333333333,0.27453102026044707,0.12487121,False,0.06881363224238157
3381,56edbc2e62a5c79a3a7bbadfae942f25ed241788bbeda0808fb8fdfc14d1f8c3:3381,4-5,0.0,0.0,0.79881656,True,0.06892504543066025
4656,56edbc2e62a5c79a3a7bbadfae942f25ed241788bbeda0808fb8fdfc14d1f8c3:4656,6-7,0.06666666666666667,0.05686973942620158,0.3073457,False,0.06857270188629627
5267,56edbc2e62a5c79a3a7bbadfae942f25ed241788bbeda0808fb8fdfc14d1f8c3:5267,8-9,0.0,0.0,0.450888,True,0.0687651103362441
582,56edbc2e62a5c79a3a7bbadfae942f25ed241788bbeda0808fb8fdfc14d1f8c3:582,0-1,0.0,0.0,0.32388034,True,0.06846959795802832
992,56edbc2e62a5c79a3a7bbadfae942f25ed241788bbeda0808fb8fdfc14d1f8c3:992,2-3,0.13333333333333333,0.18111982294936083,0.27346292,False,0.06940381322056055
2553,56edbc2e62a5c79a3a7bbadfae942f25ed241788bbeda0808fb8fdfc14d1f8c3:2553,4-5,0.0,0.0,0.012633566,True,0.06896342057734728
4599,56edbc2e62a5c79a3a7bbadfae942f25ed241788bbeda0808fb8fdfc14d1f8c3:4599,6-7,0.26666666666666666,0.3617285783463485,0.5192555,False,0.06888262741267681
5894,56edbc2e62a5c79a3a7bbadfae942f25ed241788bbeda0808fb8fdfc14d1f8c3:5894,8-9,0.0,0.0,0.39820373,True,0.0684117991477251
275,56edbc2e62a5c79a3a7bbadfae942f25ed241788bbeda0808fb8fdfc14d1f8c3:275,0-1,0.06666666666666667,0.0475902379018706,0.057010178,False,0.06925205513834953
1258,56edbc2e62a5c79a3a7bbadfae942f25ed241788bbeda0808fb8fdfc14d1f8c3:1258,2-3,0.06666666666666667,0.05135849223864361,0.22795127,False,0.06912063807249069
2956,56edbc2e62a5c79a3a7bbadfae942f25ed241788bbeda0808fb8fdfc14d1f8c3:2956,4-5,0.0,0.0,0.24540734,True,0.06892169173806906
4440,56edbc2e62a5c79a3a7bbadfae942f25ed241788bbeda0808fb8fdfc14d1f8c3:4440,6-7,0.06666666666666667,0.053821216022769555,0.1042967,False,0.06871416419744492
5173,56edbc2e62a5c79a3a7bbadfae942f25ed241788bbeda0808fb8fdfc14d1f8c3:5173,8-9,0.0,0.0,0.05812347,True,0.06855433899909258
512,56edbc2e62a5c79a3a7bbadfae942f25ed241788bbeda0808fb8fdfc14d1f8c3:512,0-1,0.13333333333333333,0.22196771051724837,0.115582585,False,0.06909487396478653
1393,56edbc2e62a5c79a3a7bbadfae942f25ed241788bbeda0808fb8fdfc14d1f8c3:1393,2-3,0.0,0.0,0.15531266,True,0.06900437828153372
2774,56edbc2e62a5c79a3a7bbadfae942f25ed241788bbeda0808fb8fdfc14d1f8c3:2774,4-5,0.06666666666666667,0.0475902379018706,0.46899822,False,0.06875248160213232
4888,56edbc2e62a5c79a3a7bbadfae942f25ed241788bbeda0808fb8fdfc14d1f8c3:4888,6-7,0.06666666666666667,0.08530460913930238,0.36181948,False,0.0689746756106615
6044,56edbc2e62a5c79a3a7bbadfae942f25ed241788bbeda0808fb8fdfc14d1f8c3:6044,8-9,0.13333333333333333,0.1195825111797196,0.12037563,False,0.06873214244842529
488,56edbc2e62a5c79a3a7bbadfae942f25ed241788bbeda0808fb8fdfc14d1f8c3:488,0-1,0.26666666666666666,0.2775933435417816,0.09567243,False,0.06920585129410028
1846,56edbc2e62a5c79a3a7bbadfae942f25ed241788bbeda0808fb8fdfc14d1f8c3:1846,2-3,0.06666666666666667,0.046105120275897894,0.101128176,False,0.06927754264324903
3425,56edbc2e62a5c79a3a7bbadfae942f25ed241788bbeda0808fb8fdfc14d1f8c3:3425,4-5,0.06666666666666667,0.05135849223864361,0.24092409,False,0.06899175141006708
4643,56edbc2e62a5c79a3a7bbadfae942f25ed241788bbeda0808fb8fdfc14d1f8c3:4643,6-7,0.06666666666666667,0.06600065503116892,0.18387413,False,0.0690867705270648
6095,56edbc2e62a5c79a3a7bbadfae942f25ed241788bbeda0808fb8fdfc14d1f8c3:6095,8-9,0.2,0.19149147261543945,0.39485767,False,0.06858565751463175
185,56edbc2e62a5c79a3a7bbadfae942f25ed241788bbeda0808fb8fdfc14d1f8c3:185,0-1,0.06666666666666667,0.17060921827860476,0.4027632,False,0.06839594338089228
1381,56edbc2e62a5c79a3a7bbadfae942f25ed241788bbeda0808fb8fdfc14d1f8c3:1381,2-3,0.06666666666666667,0.06600065503116892,0.37211373,False,0.06863819342106581
3206,56edbc2e62a5c79a3a7bbadfae942f25ed241788bbeda0808fb8fdfc14d1f8c3:3206,4-5,0.0,0.0,0.037513092,True,0.06856147665530443
4533,56edbc2e62a5c79a3a7bbadfae942f25ed241788bbeda0808fb8fdfc14d1f8c3:4533,6-7,0.13333333333333333,0.1513052641704713,0.1592666,False,0.06921124178916216
5990,56edbc2e62a5c79a3a7bbadfae942f25ed241788bbeda0808fb8fdfc14d1f8c3:5990,8-9,0.0,0.0,0.5585598,True,0.0684802420437336
63,56edbc2e62a5c79a3a7bbadfae942f25ed241788bbeda0808fb8fdfc14d1f8c3:63,0-1,0.26666666666666666,0.3271966618263836,0.09995554,False,0.06859534326940775
1128,56edbc2e62a5c79a3a7bbadfae942f25ed241788bbeda0808fb8fdfc14d1f8c3:1128,2-3,0.0,0.0,0.15163836,True,0.06861541140824556
3420,56edbc2e62a5c79a3a7bbadfae942f25ed241788bbeda0808fb8fdfc14d1f8c3:3420,4-5,0.06666666666666667,0.08530460913930238,0.083442256,False,0.06914354674518108
3638,56edbc2e62a5c79a3a7bbadfae942f25ed241788bbeda0808fb8fdfc14d1f8c3:3638,6-7,0.13333333333333333,0.21819945618047537,0.48508966,False,0.06910739932209253
5242,56edbc2e62a5c79a3a7bbadfae942f25ed241788bbeda0808fb8fdfc14d1f8c3:5242,8-9,0.0,0.0,0.40128642,True,0.0690207863226533
28,56edbc2e62a5c79a3a7bbadfae942f25ed241788bbeda0808fb8fdfc14d1f8c3:28,0-1,0.0,0.0,0.09120034,True,0.06844016816467047
1332,56edbc2e62a5c79a3a7bbadfae942f25ed241788bbeda0808fb8fdfc14d1f8c3:1332,2-3,0.0,0.0,0.43422082,True,0.0687407311052084
2853,56edbc2e62a5c79a3a7bbadfae942f25ed241788bbeda0808fb8fdfc14d1f8c3:2853,4-5,0.13333333333333333,0.21541965013253936,0.029173434,False,0.06886735744774342
4124,56edbc2e62a5c79a3a7bbadfae942f25ed241788bbeda0808fb8fdfc14d1f8c3:4124,6-7,0.2,0.16900046140256555,0.012398422,False,0.068413813598454
5970,56edbc2e62a5c79a3a7bbadfae942f25ed241788bbeda0808fb8fdfc14d1f8c3:5970,8-9,0.0,0.0,0.5891879,True,0.06887979991734028
506,56edbc2e62a5c79a3a7bbadfae942f25ed241788bbeda0808fb8fdfc14d1f8c3:506,0-1,0.13333333333333333,0.12483588314246533,0.33755744,False,0.06899741757661104
1511,56edbc2e62a5c79a3a7bbadfae942f25ed241788bbeda0808fb8fdfc14d1f8c3:1511,2-3,0.2,0.21322509363719408,0.19946821,False,0.06861529592424631
2458,56edbc2e62a5c79a3a7bbadfae942f25ed241788bbeda0808fb8fdfc14d1f8c3:2458,4-5,0.06666666666666667,0.06077222973772036,0.22257385,False,0.0688290586695075
4344,56edbc2e62a5c79a3a7bbadfae942f25ed241788bbeda0808fb8fdfc14d1f8c3:4344,6-7,0.0,0.0,0.09555662,True,0.06877356115728617
6074,56edbc2e62a5c79a3a7bbadfae942f25ed241788bbeda0808fb8fdfc14d1f8c3:6074,8-9,0.0,0.0,0.32444724,True,0.06887318566441536
485,56edbc2e62a5c79a3a7bbadfae942f25ed241788bbeda0808fb8fdfc14d1f8c3:485,0-1,0.0,0.0,0.37946326,True,0.06878270581364632
957,56edbc2e62a5c79a3a7bbadfae942f25ed241788bbeda0808fb8fdfc14d1f8c3:957,2-3,0.2,0.15840132478697413,0.06206985,False,0.06882500927895308
2577,56edbc2e62a5c79a3a7bbadfae942f25ed241788bbeda0808fb8fdfc14d1f8c3:2577,4-5,0.0,0.0,0.37132037,True,0.06885244324803352
3818,56edbc2e62a5c79a3a7bbadfae942f25ed241788bbeda0808fb8fdfc14d1f8c3:3818,6-7,0.13333333333333333,0.21819945618047537,0.22986922,False,0.06867289636284113
5517,56edbc2e62a5c79a3a7bbadfae942f25ed241788bbeda0808fb8fdfc14d1f8c3:5517,8-9,0.06666666666666667,0.17060921827860476,0.028135233,False,0.06829213816672564
743,56edbc2e62a5c79a3a7bbadfae942f25ed241788bbeda0808fb8fdfc14d1f8c3:743,0-1,0.0,0.0,0.42944312,True,0.06882880255579948
2076,56edbc2e62a5c79a3a7bbadfae942f25ed241788bbeda0808fb8fdfc14d1f8c3:2076,2-3,0.0,0.0,0.23361415,True,0.06931741256266832
3550,56edbc2e62a5c79a3a7bbadfae942f25ed241788bbeda0808fb8fdfc14d1f8c3:3550,4-5,0.06666666666666667,0.07347739090382172,0.12569243,False,0.06856284197419882
3764,56edbc2e62a5c79a3a7bbadfae942f25ed241788bbeda0808fb8fdfc14d1f8c3:3764,6-7,0.4,0.48939929782063557,0.48074466,False,0.0686803413555026
5211,56edbc2e62a5c79a3a7bbadfae942f25ed241788bbeda0808fb8fdfc14d1f8c3:5211,8-9,0.0,0.0,0.15468746,True,0.06881217937916517
727,56edbc2e62a5c79a3a7bbadfae942f25ed241788bbeda0808fb8fdfc14d1f8c3:727,0-1,0.0,0.0,0.031207029,True,0.06873439345508814
1127,56edbc2e62a5c79a3a7bbadfae942f25ed241788bbeda0808fb8fdfc14d1f8c3:1127,2-3,0.0,0.0,0.29623854,True,0.0688430592417717
3226,56edbc2e62a5c79a3a7bbadfae942f25ed241788bbeda0808fb8fdfc14d1f8c3:3226,4-5,0.06666666666666667,0.04481043185393461,0.4728868,False,0.06904228311032057
3782,56edbc2e62a5c79a3a7bbadfae942f25ed241788bbeda0808fb8fdfc14d1f8c3:3782,6-7,0.0,0.0,0.31264967,True,0.06908570695668459
5122,56edbc2e62a5c79a3a7bbadfae942f25ed241788bbeda0808fb8fdfc14d1f8c3:5122,8-9,0.2,0.29043108933254325,0.6064061,False,0.0687677338719368
869,56edbc2e62a5c79a3a7bbadfae942f25ed241788bbeda0808fb8fdfc14d1f8c3:869,0-1,0.0,0.0,0.055644125,True,0.0688197948038578
2118,56edbc2e62a5c79a3a7bbadfae942f25ed241788bbeda0808fb8fdfc14d1f8c3:2118,2-3,0.26666666666666666,0.2735694233753755,0.0994836,False,0.06829313933849335
2734,56edbc2e62a5c79a3a7bbadfae942f25ed241788bbeda0808fb8fdfc14d1f8c3:2734,4-5,0.0,0.0,0.07099942,True,0.06882172636687756
4606,56edbc2e62a5c79a3a7bbadfae942f25ed241788bbeda0808fb8fdfc14d1f8c3:4606,6-7,0.06666666666666667,0.07347739090382172,0.05841428,False,0.06907853484153748
5124,56edbc2e62a5c79a3a7bbadfae942f25ed241788bbeda0808fb8fdfc14d1f8c3:5124,8-9,0.2,0.27053555457727224,0.27298576,False,0.06832786183804274
397,56edbc2e62a5c79a3a7bbadfae942f25ed241788bbeda0808fb8fdfc14d1f8c3:397,0-1,0.06666666666666667,0.17060921827860476,0.1953837,False,0.06899376586079597
2195,56edbc2e62a5c79a3a7bbadfae942f25ed241788bbeda0808fb8fdfc14d1f8c3:2195,2-3,0.06666666666666667,0.17060921827860476,0.27788723,False,0.06855450849980116
3236,56edbc2e62a5c79a3a7bbadfae942f25ed241788bbeda0808fb8fdfc14d1f8c3:3236,4-5,0.0,0.0,0.3051118,True,0.06825587432831526
4077,56edbc2e62a5c79a3a7bbadfae942f25ed241788bbeda0808fb8fdfc14d1f8c3:4077,6-7,0.0,0.0,0.20169683,True,0.06896568834781647
6058,56edbc2e62a5c79a3a7bbadfae942f25ed241788bbeda0808fb8fdfc14d1f8c3:6058,8-9,0.0,0.0,0.081337854,True,0.06897709518671036
851,56edbc2e62a5c79a3a7bbadfae942f25ed241788bbeda0808fb8fdfc14d1f8c3:851,0-1,0.2,0.21773178583319497,0.083644055,False,0.06912560760974884
1961,56edbc2e62a5c79a3a7bbadfae942f25ed241788bbeda0808fb8fdfc14d1f8c3:1961,2-3,0.13333333333333333,0.13912582516207192,0.1756284,False,0.06918974220752716
2624,56edbc2e62a5c79a3a7bbadfae942f25ed241788bbeda0808fb8fdfc14d1f8c3:2624,4-5,0.0,0.0,0.13194361,True,0.06952067464590073
4210,56edbc2e62a5c79a3a7bbadfae942f25ed241788bbeda0808fb8fdfc14d1f8c3:4210,6-7,0.26666666666666666,0.31009323061360156,0.14151911,False,0.06914290878921747
5983,56edbc2e62a5c79a3a7bbadfae942f25ed241788bbeda0808fb8fdfc14d1f8c3:5983,8-9,0.06666666666666667,0.10764243204553911,0.15600811,False,0.06869783625006676
473,56edbc2e62a5c79a3a7bbadfae942f25ed241788bbeda0808fb8fdfc14d1f8c3:473,0-1,0.0,0.0,0.54366076,True,0.06875379476696253
1419,56edbc2e62a5c79a3a7bbadfae942f25ed241788bbeda0808fb8fdfc14d1f8c3:1419,2-3,0.0,0.0,0.100296006,True,0.0687333419919014
3583,56edbc2e62a5c79a3a7bbadfae942f25ed241788bbeda0808fb8fdfc14d1f8c3:3583,4-5,0.13333333333333333,0.11359089293303952,0.5329822,False,0.06902532558888197
4415,56edbc2e62a5c79a3a7bbadfae942f25ed241788bbeda0808fb8fdfc14d1f8c3:4415,6-7,0.06666666666666667,0.07347739090382172,0.05763051,False,0.0683666467666626
5295,56edbc2e62a5c79a3a7bbadfae942f25ed241788bbeda0808fb8fdfc14d1f8c3:5295,8-9,0.26666666666666666,0.34497234094936463,0.6285799,False,0.06885452196002007
565,56edbc2e62a5c79a3a7bbadfae942f25ed241788bbeda0808fb8fdfc14d1f8c3:565,0-1,0.0,0.0,0.2296727,True,0.0686164889484644
1358,56edbc2e62a5c79a3a7bbadfae942f25ed241788bbeda0808fb8fdfc14d1f8c3:1358,2-3,0.2,0.2377574730387761,0.17967588,False,0.06876432709395885
3052,56edbc2e62a5c79a3a7bbadfae942f25ed241788bbeda0808fb8fdfc14d1f8c3:3052,4-5,0.06666666666666667,0.10764243204553911,0.42612788,False,0.06889306847006083
4185,56edbc2e62a5c79a3a7bbadfae942f25ed241788bbeda0808fb8fdfc14d1f8c3:4185,6-7,0.0,0.0,0.28676215,True,0.06891150213778019
6027,56edbc2e62a5c79a3a7bbadfae942f25ed241788bbeda0808fb8fdfc14d1f8c3:6027,8-9,0.06666666666666667,0.05135849223864361,0.7154657,False,0.0687681594863534
440,56edbc2e62a5c79a3a7bbadfae942f25ed241788bbeda0808fb8fdfc14d1f8c3:440,0-1,0.0,0.0,0.3790877,True,0.06847283523529768
1281,56edbc2e62a5c79a3a7bbadfae942f25ed241788bbeda0808fb8fdfc14d1f8c3:1281,2-3,0.0,0.0,0.27807057,True,0.06858371291309595
2945,56edbc2e62a5c79a3a7bbadfae942f25ed241788bbeda0808fb8fdfc14d1f8c3:2945,4-5,0.13333333333333333,0.21427801680354308,0.12501697,False,0.06883015483617783
4287,56edbc2e62a5c79a3a7bbadfae942f25ed241788bbeda0808fb8fdfc14d1f8c3:4287,6-7,0.13333333333333333,0.11828782275775633,0.660533,False,0.06884474866092205
6100,56edbc2e62a5c79a3a7bbadfae942f25ed241788bbeda0808fb8fdfc14d1f8c3:6100,8-9,0.0,0.0,0.88270265,True,0.06863554567098618
178,56edbc2e62a5c79a3a7bbadfae942f25ed241788bbeda0808fb8fdfc14d1f8c3:178,0-1,0.06666666666666667,0.08530460913930238,0.099875614,False,0.06839354708790779
1318,56edbc2e62a5c79a3a7bbadfae942f25ed241788bbeda0808fb8fdfc14d1f8c3:1318,2-3,0.06666666666666667,0.17060921827860476,0.57001495,False,0.06887918431311846
2433,56edbc2e62a5c79a3a7bbadfae942f25ed241788bbeda0808fb8fdfc14d1f8c3:2433,4-5,0.06666666666666667,0.05686973942620158,0.059591208,False,0.0684508616104722
3684,56edbc2e62a5c79a3a7bbadfae942f25ed241788bbeda0808fb8fdfc14d1f8c3:3684,6-7,0.26666666666666666,0.1998822216539056,0.26954785,False,0.06883939262479544
5483,56edbc2e62a5c79a3a7bbadfae942f25ed241788bbeda0808fb8fdfc14d1f8c3:5483,8-9,0.06666666666666667,0.04481043185393461,0.3622284,False,0.06900638900697231
516,56edbc2e62a5c79a3a7bbadfae942f25ed241788bbeda0808fb8fdfc14d1f8c3:516,0-1,0.13333333333333333,0.136663101377946,0.23077714,False,0.06891149003058672
1298,56edbc2e62a5c79a3a7bbadfae942f25ed241788bbeda0808fb8fdfc14d1f8c3:1298,2-3,0.26666666666666666,0.21025725137734302,0.2556296,False,0.06886075157672167
3059,56edbc2e62a5c79a3a7bbadfae942f25ed241788bbeda0808fb8fdfc14d1f8c3:3059,4-5,0.13333333333333333,0.21541965013253936,0.02975285,False,0.06839728821069002
4028,56edbc2e62a5c79a3a7bbadfae942f25ed241788bbeda0808fb8fdfc14d1f8c3:4028,6-7,0.13333333333333333,0.09412755590387012,0.028135937,False,0.06829976662993431
5765,56edbc2e62a5c79a3a7bbadfae942f25ed241788bbeda0808fb8fdfc14d1f8c3:5765,8-9,0.0,0.0,0.10370123,True,0.06893864180892706
317,56edbc2e62a5c79a3a7bbadfae942f25ed241788bbeda0808fb8fdfc14d1f8c3:317,0-1,0.0,0.0,0.7041426,True,0.06860842183232307
1699,56edbc2e62a5c79a3a7bbadfae942f25ed241788bbeda0808fb8fdfc14d1f8c3:1699,2-3,0.2,0.1622348157493708,0.32797185,False,0.06870946008712053
2750,56edbc2e62a5c79a3a7bbadfae942f25ed241788bbeda0808fb8fdfc14d1f8c3:2750,4-5,0.06666666666666667,0.046105120275897894,0.1794752,False,0.06875476147979498
4736,56edbc2e62a5c79a3a7bbadfae942f25ed241788bbeda0808fb8fdfc14d1f8c3:4736,6-7,0.06666666666666667,0.043668798524938345,0.01698294,False,0.0691183265298605
5523,56edbc2e62a5c79a3a7bbadfae942f25ed241788bbeda0808fb8fdfc14d1f8c3:5523,8-9,0.06666666666666667,0.06077222973772036,0.35175595,False,0.06932125985622406
576,56edbc2e62a5c79a3a7bbadfae942f25ed241788bbeda0808fb8fdfc14d1f8c3:576,0-1,0.06666666666666667,0.04265230456965119,0.025259182,False,0.06871999800205231
1964,56edbc2e62a5c79a3a7bbadfae942f25ed241788bbeda0808fb8fdfc14d1f8c3:1964,2-3,0.13333333333333333,0.16146364806830865,0.16146456,False,0.06858092173933983
2813,56edbc2e62a5c79a3a7bbadfae942f25ed241788bbeda0808fb8fdfc14d1f8c3:2813,4-5,0.06666666666666667,0.046105120275897894,0.30291662,False,0.06942289881408215
4940,56edbc2e62a5c79a3a7bbadfae942f25ed241788bbeda0808fb8fdfc14d1f8c3:4940,6-7,0.0,0.0,0.03769259,True,0.06838178634643555
5996,56edbc2e62a5c79a3a7bbadfae942f25ed241788bbeda0808fb8fdfc14d1f8c3:5996,8-9,0.06666666666666667,0.08530460913930238,0.2995391,False,0.06850689183920622
626,56edbc2e62a5c79a3a7bbadfae942f25ed241788bbeda0808fb8fdfc14d1f8c3:626,0-1,0.0,0.0,0.22069934,True,0.06880446523427963
1299,56edbc2e62a5c79a3a7bbadfae942f25ed241788bbeda0808fb8fdfc14d1f8c3:1299,2-3,0.13333333333333333,0.11982187105393848,0.08012941,False,0.06880275625735521
3449,56edbc2e62a5c79a3a7bbadfae942f25ed241788bbeda0808fb8fdfc14d1f8c3:3449,4-5,0.06666666666666667,0.053821216022769555,0.15748891,False,0.0690988264977932
4594,56edbc2e62a5c79a3a7bbadfae942f25ed241788bbeda0808fb8fdfc14d1f8c3:4594,6-7,0.06666666666666667,0.17060921827860476,0.0007535443,False,0.06833352893590927
5619,56edbc2e62a5c79a3a7bbadfae942f25ed241788bbeda0808fb8fdfc14d1f8c3:5619,8-9,0.13333333333333333,0.1044410282626587,0.7676122,False,0.0690392879769206
338,56edbc2e62a5c79a3a7bbadfae942f25ed241788bbeda0808fb8fdfc14d1f8c3:338,0-1,0.06666666666666667,0.053821216022769555,0.087881505,False,0.06887074653059244
1574,56edbc2e62a5c79a3a7bbadfae942f25ed241788bbeda0808fb8fdfc14d1f8c3:1574,2-3,0.13333333333333333,0.09894873014051422,0.2126738,False,0.06833834759891033
3252,56edbc2e62a5c79a3a7bbadfae942f25ed241788bbeda0808fb8fdfc14d1f8c3:3252,4-5,0.06666666666666667,0.05686973942620158,0.43487683,False,0.06838368531316519
4417,56edbc2e62a5c79a3a7bbadfae942f25ed241788bbeda0808fb8fdfc14d1f8c3:4417,6-7,0.13333333333333333,0.08746273642358579,1.1310422,False,0.06920452415943146
5634,56edbc2e62a5c79a3a7bbadfae942f25ed241788bbeda0808fb8fdfc14d1f8c3:5634,8-9,0.0,0.0,0.40664446,True,0.06908309459686279
886,56edbc2e62a5c79a3a7bbadfae942f25ed241788bbeda0808fb8fdfc14d1f8c3:886,0-1,0.0,0.0,0.29505157,True,0.06879784911870956
1342,56edbc2e62a5c79a3a7bbadfae942f25ed241788bbeda0808fb8fdfc14d1f8c3:1342,2-3,0.26666666666666666,0.2780841153393667,0.1990197,False,0.06907759234309196
3185,56edbc2e62a5c79a3a7bbadfae942f25ed241788bbeda0808fb8fdfc14d1f8c3:3185,4-5,0.06666666666666667,0.06077222973772036,0.051385216,False,0.06857332959771156
4942,56edbc2e62a5c79a3a7bbadfae942f25ed241788bbeda0808fb8fdfc14d1f8c3:4942,6-7,0.13333333333333333,0.0919694286195867,0.05474245,False,0.06832932494580746
5562,56edbc2e62a5c79a3a7bbadfae942f25ed241788bbeda0808fb8fdfc14d1f8c3:5562,8-9,0.0,0.0,0.32982597,True,0.06879796367138624
455,56edbc2e62a5c79a3a7bbadfae942f25ed241788bbeda0808fb8fdfc14d1f8c3:455,0-1,0.0,0.0,0.17543685,True,0.06839853059500456
1256,56edbc2e62a5c79a3a7bbadfae942f25ed241788bbeda0808fb8fdfc14d1f8c3:1256,2-3,0.2,0.3320728663469134,0.474046,False,0.06875583343207836
3033,56edbc2e62a5c79a3a7bbadfae942f25ed241788bbeda0808fb8fdfc14d1f8c3:3033,4-5,0.2,0.28673891375207766,0.027414871,False,0.06841001007705927
3868,56edbc2e62a5c79a3a7bbadfae942f25ed241788bbeda0808fb8fdfc14d1f8c3:3868,6-7,0.2,0.1543333519407431,0.19934791,False,0.06868042424321175
5165,56edbc2e62a5c79a3a7bbadfae942f25ed241788bbeda0808fb8fdfc14d1f8c3:5165,8-9,0.2,0.2735840779807042,0.2276415,False,0.06872143130749464
772,56edbc2e62a5c79a3a7bbadfae942f25ed241788bbeda0808fb8fdfc14d1f8c3:772,0-1,0.0,0.0,0.7970205,True,0.0686546666547656
1618,56edbc2e62a5c79a3a7bbadfae942f25ed241788bbeda0808fb8fdfc14d1f8c3:1618,2-3,0.06666666666666667,0.05135849223864361,0.39044344,False,0.06896588671952486
2779,56edbc2e62a5c79a3a7bbadfae942f25ed241788bbeda0808fb8fdfc14d1f8c3:2779,4-5,0.06666666666666667,0.06077222973772036,0.6141326,False,0.06879619602113962
4608,56edbc2e62a5c79a3a7bbadfae942f25ed241788bbeda0808fb8fdfc14d1f8c3:4608,6-7,0.0,0.0,0.1651388,True,0.06891977228224277
5889,56edbc2e62a5c79a3a7bbadfae942f25ed241788bbeda0808fb8fdfc14d1f8c3:5889,8-9,0.0,0.0,0.64781046,True,0.06830842606723309
169,56edbc2e62a5c79a3a7bbadfae942f25ed241788bbeda0808fb8fdfc14d1f8c3:169,0-1,0.06666666666666667,0.06600065503116892,0.251114,False,0.06890206784009933
1319,56edbc2e62a5c79a3a7bbadfae942f25ed241788bbeda0808fb8fdfc14d1f8c3:1319,2-3,0.2,0.21974820735260595,0.014808595,False,0.06851880252361298
3321,56edbc2e62a5c79a3a7bbadfae942f25ed241788bbeda0808fb8fdfc14d1f8c3:3321,4-5,0.0,0.0,0.382584,True,0.06865727063268423
4376,56edbc2e62a5c79a3a7bbadfae942f25ed241788bbeda0808fb8fdfc14d1f8c3:4376,6-7,0.06666666666666667,0.10764243204553911,0.10065345,False,0.0688802832737565
5401,56edbc2e62a5c79a3a7bbadfae942f25ed241788bbeda0808fb8fdfc14d1f8c3:5401,8-9,0.0,0.0,0.05357647,True,0.06889467407017946
5,56edbc2e62a5c79a3a7bbadfae942f25ed241788bbeda0808fb8fdfc14d1f8c3:5,0-1,0.0,0.0,0.09919963,True,0.06846712063997984
2078,56edbc2e62a5c79a3a7bbadfae942f25ed241788bbeda0808fb8fdfc14d1f8c3:2078,2-3,0.06666666666666667,0.05686973942620158,0.21840924,False,0.06799640972167253
3293,56edbc2e62a5c79a3a7bbadfae942f25ed241788bbeda0808fb8fdfc14d1f8c3:3293,4-5,0.0,0.0,0.040381953,True,0.0688654650002718
3814,56edbc2e62a5c79a3a7bbadfae942f25ed241788bbeda0808fb8fdfc14d1f8c3:3814,6-7,0.06666666666666667,0.17060921827860476,0.12895074,False,0.06908043939620256
5617,56edbc2e62a5c79a3a7bbadfae942f25ed241788bbeda0808fb8fdfc14d1f8c3:5617,8-9,0.2,0.18698478041943856,0.061307378,False,0.0689238728955388
824,56edbc2e62a5c79a3a7bbadfae942f25ed241788bbeda0808fb8fdfc14d1f8c3:824,0-1,0.0,0.0,0.18741238,True,0.06888678390532732
2113,56edbc2e62a5c79a3a7bbadfae942f25ed241788bbeda0808fb8fdfc14d1f8c3:2113,2-3,0.06666666666666667,0.05135849223864361,0.015271973,False,0.06893331278115511
2484,56edbc2e62a5c79a3a7bbadfae942f25ed241788bbeda0808fb8fdfc14d1f8c3:2484,4-5,0.0,0.0,0.049625188,True,0.06887308694422245
4296,56edbc2e62a5c79a3a7bbadfae942f25ed241788bbeda0808fb8fdfc14d1f8c3:4296,6-7,0.0,0.0,0.02232775,True,0.06878262385725975
5950,56edbc2e62a5c79a3a7bbadfae942f25ed241788bbeda0808fb8fdfc14d1f8c3:5950,8-9,0.0,0.0,0.77350324,True,0.06907265912741423
287,56edbc2e62a5c79a3a7bbadfae942f25ed241788bbeda0808fb8fdfc14d1f8c3:287,0-1,0.2,0.15232175812575843,0.58274853,False,0.06859528739005327
1458,56edbc2e62a5c79a3a7bbadfae942f25ed241788bbeda0808fb8fdfc14d1f8c3:1458,2-3,0.06666666666666667,0.17060921827860476,1.446762,False,0.06861252710223198
3353,56edbc2e62a5c79a3a7bbadfae942f25ed241788bbeda0808fb8fdfc14d1f8c3:3353,4-5,0.0,0.0,0.61966765,True,0.06900373008102179
3780,56edbc2e62a5c79a3a7bbadfae942f25ed241788bbeda0808fb8fdfc14d1f8c3:3780,6-7,0.0,0.0,0.39877337,True,0.06890172511339188
5965,56edbc2e62a5c79a3a7bbadfae942f25ed241788bbeda0808fb8fdfc14d1f8c3:5965,8-9,0.06666666666666667,0.0475902379018706,0.19789882,False,0.06855748314410448
258,56edbc2e62a5c79a3a7bbadfae942f25ed241788bbeda0808fb8fdfc14d1f8c3:258,0-1,0.06666666666666667,0.06600065503116892,0.23192899,False,0.0685407817363739
1154,56edbc2e62a5c79a3a7bbadfae942f25ed241788bbeda0808fb8fdfc14d1f8c3:1154,2-3,0.0,0.0,0.17733334,True,0.06863147299736738
2634,56edbc2e62a5c79a3a7bbadfae942f25ed241788bbeda0808fb8fdfc14d1f8c3:2634,4-5,0.3333333333333333,0.35789642635652463,0.37637663,False,0.0682763159275055
4614,56edbc2e62a5c79a3a7bbadfae942f25ed241788bbeda0808fb8fdfc14d1f8c3:4614,6-7,0.06666666666666667,0.053821216022769555,0.020571224,False,0.0678789708763361
6120,56edbc2e62a5c79a3a7bbadfae942f25ed241788bbeda0808fb8fdfc14d1f8c3:6120,8-9,0.06666666666666667,0.17060921827860476,0.3197599,False,0.06836431100964546
700,56edbc2e62a5c79a3a7bbadfae942f25ed241788bbeda0808fb8fdfc14d1f8c3:700,0-1,0.13333333333333333,0.10865295960082011,0.2880685,False,0.06834943406283855
1264,56edbc2e62a5c79a3a7bbadfae942f25ed241788bbeda0808fb8fdfc14d1f8c3:1264,2-3,0.3333333333333333,0.3817422111697676,0.41827646,False,0.06868514325469732
3507,56edbc2e62a5c79a3a7bbadfae942f25ed241788bbeda0808fb8fdfc14d1f8c3:3507,4-5,0.0,0.0,0.3495858,True,0.06879379134625196
4368,56edbc2e62a5c79a3a7bbadfae942f25ed241788bbeda0808fb8fdfc14d1f8c3:4368,6-7,0.2,0.2934796127359752,0.60011363,False,0.06871550995856524
5531,56edbc2e62a5c79a3a7bbadfae942f25ed241788bbeda0808fb8fdfc14d1f8c3:5531,8-9,0.13333333333333333,0.10517970826141315,0.092746854,False,0.06857639085501432
22,56edbc2e62a5c79a3a7bbadfae942f25ed241788bbeda0808fb8fdfc14d1f8c3:22,0-1,0.13333333333333333,0.14217434856550396,0.046554264,False,0.06857132166624069
1599,56edbc2e62a5c79a3a7bbadfae942f25ed241788bbeda0808fb8fdfc14d1f8c3:1599,2-3,0.13333333333333333,0.10445997732807218,0.45626214,False,0.06848755292594433
3124,56edbc2e62a5c79a3a7bbadfae942f25ed241788bbeda0808fb8fdfc14d1f8c3:3124,4-5,0.13333333333333333,0.15131123057047743,0.12151974,False,0.06852458976209164
3698,56edbc2e62a5c79a3a7bbadfae942f25ed241788bbeda0808fb8fdfc14d1f8c3:3698,6-7,0.06666666666666667,0.053821216022769555,0.25759393,False,0.06870042718946934
5112,56edbc2e62a5c79a3a7bbadfae942f25ed241788bbeda0808fb8fdfc14d1f8c3:5112,8-9,0.13333333333333333,0.1346217331892379,0.18144985,False,0.06841199286282063
41,56edbc2e62a5c79a3a7bbadfae942f25ed241788bbeda0808fb8fdfc14d1f8c3:41,0-1,0.0,0.0,0.083638825,True,0.06881957314908504
1687,56edbc2e62a5c79a3a7bbadfae942f25ed241788bbeda0808fb8fdfc14d1f8c3:1687,2-3,0.06666666666666667,0.046105120275897894,0.5638976,False,0.06867555528879166
3415,56edbc2e62a5c79a3a7bbadfae942f25ed241788bbeda0808fb8fdfc14d1f8c3:3415,4-5,0.13333333333333333,0.16841466178325945,0.046656772,False,0.06800929270684719
4715,56edbc2e62a5c79a3a7bbadfae942f25ed241788bbeda0808fb8fdfc14d1f8c3:4715,6-7,0.2,0.1796642543799588,0.18218781,False,0.0683941189199686
6003,56edbc2e62a5c79a3a7bbadfae942f25ed241788bbeda0808fb8fdfc14d1f8c3:6003,8-9,0.06666666666666667,0.10764243204553911,0.70263803,False,0.06836856156587601
713,56edbc2e62a5c79a3a7bbadfae942f25ed241788bbeda0808fb8fdfc14d1f8c3:713,0-1,0.0,0.0,0.21255878,True,0.06871317513287067
1793,56edbc2e62a5c79a3a7bbadfae942f25ed241788bbeda0808fb8fdfc14d1f8c3:1793,2-3,0.26666666666666666,0.3402555332750047,0.20318027,False,0.06912919785827398
2748,56edbc2e62a5c79a3a7bbadfae942f25ed241788bbeda0808fb8fdfc14d1f8c3:2748,4-5,0.06666666666666667,0.08530460913930238,0.07761991,False,0.06816188618540764
3923,56edbc2e62a5c79a3a7bbadfae942f25ed241788bbeda0808fb8fdfc14d1f8c3:3923,6-7,0.13333333333333333,0.15900092428418272,0.008338213,False,0.0688173957169056
5098,56edbc2e62a5c79a3a7bbadfae942f25ed241788bbeda0808fb8fdfc14d1f8c3:5098,8-9,0.06666666666666667,0.06600065503116892,0.45336604,False,0.06828353181481361
60,56edbc2e62a5c79a3a7bbadfae942f25ed241788bbeda0808fb8fdfc14d1f8c3:60,0-1,0.0,0.0,0.3653612,True,0.06868015695363283
2314,56edbc2e62a5c79a3a7bbadfae942f25ed241788bbeda0808fb8fdfc14d1f8c3:2314,2-3,0.06666666666666667,0.10764243204553911,0.49166143,False,0.06851631868630648
2766,56edbc2e62a5c79a3a7bbadfae942f25ed241788bbeda0808fb8fdfc14d1f8c3:2766,4-5,0.0,0.0,0.43156374,True,0.0689956359565258
4634,56edbc2e62a5c79a3a7bbadfae942f25ed241788bbeda0808fb8fdfc14d1f8c3:4634,6-7,0.0,0.0,0.264138,True,0.06876531336456537
5578,56edbc2e62a5c79a3a7bbadfae942f25ed241788bbeda0808fb8fdfc14d1f8c3:5578,8-9,0.26666666666666666,0.25176792261799796,0.7383914,False,0.06899715587496758
334,56edbc2e62a5c79a3a7bbadfae942f25ed241788bbeda0808fb8fdfc14d1f8c3:334,0-1,0.06666666666666667,0.04481043185393461,0.5767461,False,0.06886101607233286
1490,56edbc2e62a5c79a3a7bbadfae942f25ed241788bbeda0808fb8fdfc14d1f8c3:1490,2-3,0.13333333333333333,0.13424962064154208,0.24652307,False,0.06876539159566164
3390,56edbc2e62a5c79a3a7bbadfae942f25ed241788bbeda0808fb8fdfc14d1f8c3:3390,4-5,0.3333333333333333,0.2355915122765963,0.6737495,False,0.06844852771610022
3987,56edbc2e62a5c79a3a7bbadfae942f25ed241788bbeda0808fb8fdfc14d1f8c3:3987,6-7,0.26666666666666666,0.26324197737119626,0.6701553,False,0.06867600791156292
5354,56edbc2e62a5c79a3a7bbadfae942f25ed241788bbeda0808fb8fdfc14d1f8c3:5354,8-9,0.0,0.0,0.130949,True,0.06834146194159985
135,56edbc2e62a5c79a3a7bbadfae942f25ed241788bbeda0808fb8fdfc14d1f8c3:135,0-1,0.13333333333333333,0.22196771051724837,0.10230694,False,0.06864074897021055
2342,56edbc2e62a5c79a3a7bbadfae942f25ed241788bbeda0808fb8fdfc14d1f8c3:2342,2-3,0.06666666666666667,0.046105120275897894,0.24610084,False,0.06931389030069113
3544,56edbc2e62a5c79a3a7bbadfae942f25ed241788bbeda0808fb8fdfc14d1f8c3:3544,4-5,0.0,0.0,0.67296135,True,0.06847755145281553
4388,56edbc2e62a5c79a3a7bbadfae942f25ed241788bbeda0808fb8fdfc14d1f8c3:4388,6-7,0.0,0.0,0.42504567,True,0.06838937662541866
6168,56edbc2e62a5c79a3a7bbadfae942f25ed241788bbeda0808fb8fdfc14d1f8c3:6168,8-9,0.06666666666666667,0.0475902379018706,0.1158821,False,0.06835829932242632
434,56edbc2e62a5c79a3a7bbadfae942f25ed241788bbeda0808fb8fdfc14d1f8c3:434,0-1,0.13333333333333333,0.21541965013253936,0.7262647,False,0.06912870146334171
2199,56edbc2e62a5c79a3a7bbadfae942f25ed241788bbeda0808fb8fdfc14d1f8c3:2199,2-3,0.06666666666666667,0.046105120275897894,0.113226175,False,0.06863842252641916
2587,56edbc2e62a5c79a3a7bbadfae942f25ed241788bbeda0808fb8fdfc14d1f8c3:2587,4-5,0.0,0.0,0.28238365,True,0.06878229416906834
3651,56edbc2e62a5c79a3a7bbadfae942f25ed241788bbeda0808fb8fdfc14d1f8c3:3651,6-7,0.06666666666666667,0.04481043185393461,0.032376707,False,0.06894957274198532
5392,56edbc2e62a5c79a3a7bbadfae942f25ed241788bbeda0808fb8fdfc14d1f8c3:5392,8-9,0.0,0.0,0.4239905,True,0.0685814181342721
744,56edbc2e62a5c79a3a7bbadfae942f25ed241788bbeda0808fb8fdfc14d1f8c3:744,0-1,0.06666666666666667,0.08530460913930238,0.1182781,False,0.06821009237319231
1262,56edbc2e62a5c79a3a7bbadfae942f25ed241788bbeda0808fb8fdfc14d1f8c3:1262,2-3,0.06666666666666667,0.08530460913930238,0.38219774,False,0.06887670140713453
2745,56edbc2e62a5c79a3a7bbadfae942f25ed241788bbeda0808fb8fdfc14d1f8c3:2745,4-5,0.0,0.0,0.11502514,True,0.06847424246370792
4773,56edbc2e62a5c79a3a7bbadfae942f25ed241788bbeda0808fb8fdfc14d1f8c3:4773,6-7,0.06666666666666667,0.08530460913930238,0.2922398,False,0.06836401578038931
4977,56edbc2e62a5c79a3a7bbadfae942f25ed241788bbeda0808fb8fdfc14d1f8c3:4977,8-9,0.0,0.0,0.6247685,True,0.06808605324476957
256,56edbc2e62a5c79a3a7bbadfae942f25ed241788bbeda0808fb8fdfc14d1f8c3:256,0-1,0.2,0.16247417562358968,0.07561005,False,0.06834437232464552
1543,56edbc2e62a5c79a3a7bbadfae942f25ed241788bbeda0808fb8fdfc14d1f8c3:1543,2-3,0.06666666666666667,0.0475902379018706,0.037182614,False,0.0689859539270401
3477,56edbc2e62a5c79a3a7bbadfae942f25ed241788bbeda0808fb8fdfc14d1f8c3:3477,4-5,0.0,0.0,0.36718303,True,0.06860255356878042
4857,56edbc2e62a5c79a3a7bbadfae942f25ed241788bbeda0808fb8fdfc14d1f8c3:4857,6-7,0.13333333333333333,0.1289734076642407,0.09138708,False,0.06910286378115416
5511,56edbc2e62a5c79a3a7bbadfae942f25ed241788bbeda0808fb8fdfc14d1f8c3:5511,8-9,0.0,0.0,0.046543166,True,0.0691447900608182
302,56edbc2e62a5c79a3a7bbadfae942f25ed241788bbeda0808fb8fdfc14d1f8c3:302,0-1,0.0,0.0,0.07313024,True,0.06867495737969875
1768,56edbc2e62a5c79a3a7bbadfae942f25ed241788bbeda0808fb8fdfc14d1f8c3:1768,2-3,0.06666666666666667,0.04481043185393461,0.37071013,False,0.06884352955967188
2429,56edbc2e62a5c79a3a7bbadfae942f25ed241788bbeda0808fb8fdfc14d1f8c3:2429,4-5,0.06666666666666667,0.043668798524938345,0.30422586,False,0.06865380518138409
3865,56edbc2e62a5c79a3a7bbadfae942f25ed241788bbeda0808fb8fdfc14d1f8c3:3865,6-7,0.0,0.0,0.009030126,True,0.06894042249768972
5574,56edbc2e62a5c79a3a7bbadfae942f25ed241788bbeda0808fb8fdfc14d1f8c3:5574,8-9,0.0,0.0,0.47895107,True,0.06855068076401949
186,56edbc2e62a5c79a3a7bbadfae942f25ed241788bbeda0808fb8fdfc14d1f8c3:186,0-1,0.06666666666666667,0.10764243204553911,0.25333798,False,0.06884619686752558
1852,56edbc2e62a5c79a3a7bbadfae942f25ed241788bbeda0808fb8fdfc14d1f8c3:1852,2-3,0.13333333333333333,0.1289734076642407,0.27119997,False,0.06837659981101751
3335,56edbc2e62a5c79a3a7bbadfae942f25ed241788bbeda0808fb8fdfc14d1f8c3:3335,4-5,0.13333333333333333,0.09502729076358196,0.47290006,False,0.06866854801774025
3686,56edbc2e62a5c79a3a7bbadfae942f25ed241788bbeda0808fb8fdfc14d1f8c3:3686,6-7,0.06666666666666667,0.04481043185393461,0.06528184,False,0.06850794050842524
5888,56edbc2e62a5c79a3a7bbadfae942f25ed241788bbeda0808fb8fdfc14d1f8c3:5888,8-9,0.06666666666666667,0.046105120275897894,0.12506866,False,0.068037542514503
160,56edbc2e62a5c79a3a7bbadfae942f25ed241788bbeda0808fb8fdfc14d1f8c3:160,0-1,0.06666666666666667,0.049317124049935504,0.36065757,False,0.06937954388558865
1352,56edbc2e62a5c79a3a7bbadfae942f25ed241788bbeda0808fb8fdfc14d1f8c3:1352,2-3,0.06666666666666667,0.049317124049935504,0.5936701,False,0.06855034828186035
3630,56edbc2e62a5c79a3a7bbadfae942f25ed241788bbeda0808fb8fdfc14d1f8c3:3630,4-5,0.0,0.0,0.3861327,True,0.0685286009684205
4402,56edbc2e62a5c79a3a7bbadfae942f25ed241788bbeda0808fb8fdfc14d1f8c3:4402,6-7,0.0,0.0,0.06631172,True,0.06910888571292162
5120,56edbc2e62a5c79a3a7bbadfae942f25ed241788bbeda0808fb8fdfc14d1f8c3:5120,8-9,0.2,0.2013377902233076,0.633903,False,0.06903444975614548
596,56edbc2e62a5c79a3a7bbadfae942f25ed241788bbeda0808fb8fdfc14d1f8c3:596,0-1,0.06666666666666667,0.043668798524938345,0.037003584,False,0.06879328843206167
1276,56edbc2e62a5c79a3a7bbadfae942f25ed241788bbeda0808fb8fdfc14d1f8c3:1276,2-3,0.26666666666666666,0.2571200150989126,0.24198571,False,0.06824761535972357
3019,56edbc2e62a5c79a3a7bbadfae942f25ed241788bbeda0808fb8fdfc14d1f8c3:3019,4-5,0.06666666666666667,0.10764243204553911,0.14974573,False,0.06850401498377323
4819,56edbc2e62a5c79a3a7bbadfae942f25ed241788bbeda0808fb8fdfc14d1f8c3:4819,6-7,0.2,0.3097350434406767,0.14494431,False,0.06923554465174675
5793,56edbc2e62a5c79a3a7bbadfae942f25ed241788bbeda0808fb8fdfc14d1f8c3:5793,8-9,0.0,0.0,0.23235947,True,0.0689484179019928
475,56edbc2e62a5c79a3a7bbadfae942f25ed241788bbeda0808fb8fdfc14d1f8c3:475,0-1,0.0,0.0,0.44401205,True,0.06894997972995043
2034,56edbc2e62a5c79a3a7bbadfae942f25ed241788bbeda0808fb8fdfc14d1f8c3:2034,2-3,0.06666666666666667,0.05686973942620158,0.34964433,False,0.06856539379805326
2958,56edbc2e62a5c79a3a7bbadfae942f25ed241788bbeda0808fb8fdfc14d1f8c3:2958,4-5,0.0,0.0,0.017747983,True,0.068898506462574
4852,56edbc2e62a5c79a3a7bbadfae942f25ed241788bbeda0808fb8fdfc14d1f8c3:4852,6-7,0.0,0.0,0.2296782,True,0.06899212766438723
6190,56edbc2e62a5c79a3a7bbadfae942f25ed241788bbeda0808fb8fdfc14d1f8c3:6190,8-9,0.0,0.0,0.5814677,True,0.06873587425798178
779,56edbc2e62a5c79a3a7bbadfae942f25ed241788bbeda0808fb8fdfc14d1f8c3:779,0-1,0.0,0.0,0.2503032,True,0.06900922954082489
1897,56edbc2e62a5c79a3a7bbadfae942f25ed241788bbeda0808fb8fdfc14d1f8c3:1897,2-3,0.0,0.0,0.2729094,True,0.06899625435471535
3374,56edbc2e62a5c79a3a7bbadfae942f25ed241788bbeda0808fb8fdfc14d1f8c3:3374,4-5,0.0,0.0,0.2810283,True,0.06844623666256666
3972,56edbc2e62a5c79a3a7bbadfae942f25ed241788bbeda0808fb8fdfc14d1f8c3:3972,6-7,0.0,0.0,0.4281755,True,0.06857553124427795
5657,56edbc2e62a5c79a3a7bbadfae942f25ed241788bbeda0808fb8fdfc14d1f8c3:5657,8-9,0.0,0.0,0.31180134,True,0.06885432172566652
424,56edbc2e62a5c79a3a7bbadfae942f25ed241788bbeda0808fb8fdfc14d1f8c3:424,0-1,0.06666666666666667,0.04481043185393461,0.5278915,False,0.06913349684327841
1969,56edbc2e62a5c79a3a7bbadfae942f25ed241788bbeda0808fb8fdfc14d1f8c3:1969,2-3,0.13333333333333333,0.15374755232143703,0.06281279,False,0.06887738220393658
2568,56edbc2e62a5c79a3a7bbadfae942f25ed241788bbeda0808fb8fdfc14d1f8c3:2568,4-5,0.06666666666666667,0.05686973942620158,0.41435638,False,0.06853126734495163
4890,56edbc2e62a5c79a3a7bbadfae942f25ed241788bbeda0808fb8fdfc14d1f8c3:4890,6-7,0.2,0.2080991240930596,0.25619566,False,0.06888737715780735
4949,56edbc2e62a5c79a3a7bbadfae942f25ed241788bbeda0808fb8fdfc14d1f8c3:4949,8-9,0.06666666666666667,0.06077222973772036,0.5308195,False,0.06912047136574984
304,56edbc2e62a5c79a3a7bbadfae942f25ed241788bbeda0808fb8fdfc14d1f8c3:304,0-1,0.0,0.0,0.054540366,True,0.06873317901045084
1514,56edbc2e62a5c79a3a7bbadfae942f25ed241788bbeda0808fb8fdfc14d1f8c3:1514,2-3,0.26666666666666666,0.18699671938316864,0.07512659,False,0.06899060774594545
3042,56edbc2e62a5c79a3a7bbadfae942f25ed241788bbeda0808fb8fdfc14d1f8c3:3042,4-5,0.06666666666666667,0.05135849223864361,0.045185804,False,0.06911843828856945
3790,56edbc2e62a5c79a3a7bbadfae942f25ed241788bbeda0808fb8fdfc14d1f8c3:3790,6-7,0.5333333333333333,0.6535804539369935,0.15728757,False,0.06892102677375078
5803,56edbc2e62a5c79a3a7bbadfae942f25ed241788bbeda0808fb8fdfc14d1f8c3:5803,8-9,0.0,0.0,0.163454,True,0.06878138985484838
747,56edbc2e62a5c79a3a7bbadfae942f25ed241788bbeda0808fb8fdfc14d1f8c3:747,0-1,0.06666666666666667,0.06077222973772036,0.13148053,False,0.06890797894448042
1985,56edbc2e62a5c79a3a7bbadfae942f25ed241788bbeda0808fb8fdfc14d1f8c3:1985,2-3,0.06666666666666667,0.06600065503116892,1.1536113,False,0.0684128301218152
2652,56edbc2e62a5c79a3a7bbadfae942f25ed241788bbeda0808fb8fdfc14d1f8c3:2652,4-5,0.2,0.19088727073095735,0.40010148,False,0.06844525132328272
4350,56edbc2e62a5c79a3a7bbadfae942f25ed241788bbeda0808fb8fdfc14d1f8c3:4350,6-7,0.13333333333333333,0.11081108688510354,0.103102125,False,0.06887213326990604
5738,56edbc2e62a5c79a3a7bbadfae942f25ed241788bbeda0808fb8fdfc14d1f8c3:5738,8-9,0.13333333333333333,0.15374755232143703,0.18281987,False,0.06897120922803879
387,56edbc2e62a5c79a3a7bbadfae942f25ed241788bbeda0808fb8fdfc14d1f8c3:387,0-1,0.06666666666666667,0.046105120275897894,0.43652365,False,0.06846514996141195
1213,56edbc2e62a5c79a3a7bbadfae942f25ed241788bbeda0808fb8fdfc14d1f8c3:1213,2-3,0.13333333333333333,0.0919694286195867,0.43664718,False,0.06866174750030041
2567,56edbc2e62a5c79a3a7bbadfae942f25ed241788bbeda0808fb8fdfc14d1f8c3:2567,4-5,0.0,0.0,0.29561922,True,0.06836137175559998
3872,56edbc2e62a5c79a3a7bbadfae942f25ed241788bbeda0808fb8fdfc14d1f8c3:3872,6-7,0.3333333333333333,0.3137854061940671,0.23252065,False,0.06840486451983452
5364,56edbc2e62a5c79a3a7bbadfae942f25ed241788bbeda0808fb8fdfc14d1f8c3:5364,8-9,0.06666666666666667,0.053821216022769555,0.1514057,False,0.06845058593899012
120,56edbc2e62a5c79a3a7bbadfae942f25ed241788bbeda0808fb8fdfc14d1f8c3:120,0-1,0.0,0.0,1.2106661,True,0.06853204127401114
999,56edbc2e62a5c79a3a7bbadfae942f25ed241788bbeda0808fb8fdfc14d1f8c3:999,2-3,0.06666666666666667,0.08530460913930238,0.3765766,False,0.06854350585490465
3180,56edbc2e62a5c79a3a7bbadfae942f25ed241788bbeda0808fb8fdfc14d1f8c3:3180,4-5,0.0,0.0,0.015345477,True,0.06865906156599522
4500,56edbc2e62a5c79a3a7bbadfae942f25ed241788bbeda0808fb8fdfc14d1f8c3:4500,6-7,0.06666666666666667,0.06600065503116892,0.5700315,False,0.06893718894571066
4970,56edbc2e62a5c79a3a7bbadfae942f25ed241788bbeda0808fb8fdfc14d1f8c3:4970,8-9,0.0,0.0,0.37236774,True,0.06855851970613003
278,56edbc2e62a5c79a3a7bbadfae942f25ed241788bbeda0808fb8fdfc14d1f8c3:278,0-1,0.06666666666666667,0.06077222973772036,0.16671322,False,0.0683357436209917
964,56edbc2e62a5c79a3a7bbadfae942f25ed241788bbeda0808fb8fdfc14d1f8c3:964,2-3,0.0,0.0,0.16193722,True,0.06862716283649206
2801,56edbc2e62a5c79a3a7bbadfae942f25ed241788bbeda0808fb8fdfc14d1f8c3:2801,4-5,0.2,0.16717274908159022,0.19964094,False,0.06884092278778553
4916,56edbc2e62a5c79a3a7bbadfae942f25ed241788bbeda0808fb8fdfc14d1f8c3:4916,6-7,0.2,0.23043694699929634,0.23617959,False,0.06852049566805363
5456,56edbc2e62a5c79a3a7bbadfae942f25ed241788bbeda0808fb8fdfc14d1f8c3:5456,8-9,0.06666666666666667,0.049317124049935504,0.0017181113,False,0.06858706567436457
875,56edbc2e62a5c79a3a7bbadfae942f25ed241788bbeda0808fb8fdfc14d1f8c3:875,0-1,0.0,0.0,0.1177184,True,0.0691481176763773
1757,56edbc2e62a5c79a3a7bbadfae942f25ed241788bbeda0808fb8fdfc14d1f8c3:1757,2-3,0.13333333333333333,0.1587820000431241,0.17477214,False,0.06872215494513512
2620,56edbc2e62a5c79a3a7bbadfae942f25ed241788bbeda0808fb8fdfc14d1f8c3:2620,4-5,0.26666666666666666,0.1880012743747257,0.17605174,False,0.06862788088619709
4167,56edbc2e62a5c79a3a7bbadfae942f25ed241788bbeda0808fb8fdfc14d1f8c3:4167,6-7,0.06666666666666667,0.043668798524938345,0.28728196,False,0.06857519876211882
5010,56edbc2e62a5c79a3a7bbadfae942f25ed241788bbeda0808fb8fdfc14d1f8c3:5010,8-9,0.2,0.19612166242441204,0.20784087,False,0.06871347967535257
763,56edbc2e62a5c79a3a7bbadfae942f25ed241788bbeda0808fb8fdfc14d1f8c3:763,0-1,0.0,0.0,0.20023274,True,0.06857630331069231
934,56edbc2e62a5c79a3a7bbadfae942f25ed241788bbeda0808fb8fdfc14d1f8c3:934,2-3,0.2,0.14794877192663966,0.2437091,False,0.06873829662799835
2878,56edbc2e62a5c79a3a7bbadfae942f25ed241788bbeda0808fb8fdfc14d1f8c3:2878,4-5,0.0,0.0,0.36148325,True,0.06880543008446693
4246,56edbc2e62a5c79a3a7bbadfae942f25ed241788bbeda0808fb8fdfc14d1f8c3:4246,6-7,0.0,0.0,0.85011554,True,0.06876976415514946
5011,56edbc2e62a5c79a3a7bbadfae942f25ed241788bbeda0808fb8fdfc14d1f8c3:5011,8-9,0.06666666666666667,0.07347739090382172,0.3628397,False,0.06846173945814371
58,56edbc2e62a5c79a3a7bbadfae942f25ed241788bbeda0808fb8fdfc14d1f8c3:58,0-1,0.0,0.0,0.06627858,True,0.06890685949474573
963,56edbc2e62a5c79a3a7bbadfae942f25ed241788bbeda0808fb8fdfc14d1f8c3:963,2-3,0.2,0.19329926195776018,0.08545101,False,0.06905254442244768
2594,56edbc2e62a5c79a3a7bbadfae942f25ed241788bbeda0808fb8fdfc14d1f8c3:2594,4-5,0.0,0.0,0.07308403,True,0.06943381484597921
4802,56edbc2e62a5c79a3a7bbadfae942f25ed241788bbeda0808fb8fdfc14d1f8c3:4802,6-7,0.06666666666666667,0.07347739090382172,0.2671402,False,0.06914347130805254
5022,56edbc2e62a5c79a3a7bbadfae942f25ed241788bbeda0808fb8fdfc14d1f8c3:5022,8-9,0.0,0.0,0.042026076,True,0.0687002781778574
654,56edbc2e62a5c79a3a7bbadfae942f25ed241788bbeda0808fb8fdfc14d1f8c3:654,0-1,0.13333333333333333,0.11081108688510354,0.20933229,False,0.0691494457423687
1991,56edbc2e62a5c79a3a7bbadfae942f25ed241788bbeda0808fb8fdfc14d1f8c3:1991,2-3,0.13333333333333333,0.11735914726981254,0.17714271,False,0.06913688592612743
3594,56edbc2e62a5c79a3a7bbadfae942f25ed241788bbeda0808fb8fdfc14d1f8c3:3594,4-5,0.0,0.0,0.45375514,True,0.06917542777955532
3965,56edbc2e62a5c79a3a7bbadfae942f25ed241788bbeda0808fb8fdfc14d1f8c3:3965,6-7,0.06666666666666667,0.053821216022769555,0.26020092,False,0.06922673434019089
5148,56edbc2e62a5c79a3a7bbadfae942f25ed241788bbeda0808fb8fdfc14d1f8c3:5148,8-9,0.0,0.0,0.42371792,True,0.06895521283149719
299,56edbc2e62a5c79a3a7bbadfae942f25ed241788bbeda0808fb8fdfc14d1f8c3:299,0-1,0.0,0.0,0.27000135,True,0.06917732860893011
1158,56edbc2e62a5c79a3a7bbadfae942f25ed241788bbeda0808fb8fdfc14d1f8c3:1158,2-3,0.3333333333333333,0.2716137773442489,0.76872176,False,0.06895127147436142
3350,56edbc2e62a5c79a3a7bbadfae942f25ed241788bbeda0808fb8fdfc14d1f8c3:3350,4-5,0.13333333333333333,0.23660987330977368,0.03485442,False,0.06853059586137533
4267,56edbc2e62a5c79a3a7bbadfae942f25ed241788bbeda0808fb8fdfc14d1f8c3:4267,6-7,0.26666666666666666,0.32264048444313403,0.5170716,False,0.06913990061730146
5912,56edbc2e62a5c79a3a7bbadfae942f25ed241788bbeda0808fb8fdfc14d1f8c3:5912,8-9,0.13333333333333333,0.21326152284825595,0.15794113,False,0.06854533217847347
210,56edbc2e62a5c79a3a7bbadfae942f25ed241788bbeda0808fb8fdfc14d1f8c3:210,0-1,0.0,0.0,0.28719443,True,0.0686038350686431
1536,56edbc2e62a5c79a3a7bbadfae942f25ed241788bbeda0808fb8fdfc14d1f8c3:1536,2-3,0.0,0.0,0.096589,True,0.0687175877392292
3281,56edbc2e62a5c79a3a7bbadfae942f25ed241788bbeda0808fb8fdfc14d1f8c3:3281,4-5,0.13333333333333333,0.1502947366151903,0.40783614,False,0.06892524659633636
4224,56edbc2e62a5c79a3a7bbadfae942f25ed241788bbeda0808fb8fdfc14d1f8c3:4224,6-7,0.06666666666666667,0.053821216022769555,0.002160117,False,0.06933440826833248
5477,56edbc2e62a5c79a3a7bbadfae942f25ed241788bbeda0808fb8fdfc14d1f8c3:5477,8-9,0.0,0.0,0.16307287,True,0.06885291170328856
130,56edbc2e62a5c79a3a7bbadfae942f25ed241788bbeda0808fb8fdfc14d1f8c3:130,0-1,0.13333333333333333,0.13912582516207192,0.5040185,False,0.06861337646842003
1027,56edbc2e62a5c79a3a7bbadfae942f25ed241788bbeda0808fb8fdfc14d1f8c3:1027,2-3,0.06666666666666667,0.043668798524938345,0.35523844,False,0.06870269402861595
3018,56edbc2e62a5c79a3a7bbadfae942f25ed241788bbeda0808fb8fdfc14d1f8c3:3018,4-5,0.2,0.21260321606589364,0.511649,False,0.06893668603152037
4757,56edbc2e62a5c79a3a7bbadfae942f25ed241788bbeda0808fb8fdfc14d1f8c3:4757,6-7,0.0,0.0,0.39758846,True,0.06856123451143503
5130,56edbc2e62a5c79a3a7bbadfae942f25ed241788bbeda0808fb8fdfc14d1f8c3:5130,8-9,0.0,0.0,0.45995706,True,0.06847589276731014
376,56edbc2e62a5c79a3a7bbadfae942f25ed241788bbeda0808fb8fdfc14d1f8c3:376,0-1,0.2,0.2418920526870812,0.39415833,False,0.06862225104123354
1669,56edbc2e62a5c79a3a7bbadfae942f25ed241788bbeda0808fb8fdfc14d1f8c3:1669,2-3,0.0,0.0,0.34113345,True,0.06892506033182144
2562,56edbc2e62a5c79a3a7bbadfae942f25ed241788bbeda0808fb8fdfc14d1f8c3:2562,4-5,0.06666666666666667,0.17060921827860476,0.06331402,False,0.0688742371276021
4155,56edbc2e62a5c79a3a7bbadfae942f25ed241788bbeda0808fb8fdfc14d1f8c3:4155,6-7,0.0,0.0,0.005945042,True,0.0682253297418356
5897,56edbc2e62a5c79a3a7bbadfae942f25ed241788bbeda0808fb8fdfc14d1f8c3:5897,8-9,0.26666666666666666,0.20975981702561775,0.2220495,False,0.06893608253449202
652,56edbc2e62a5c79a3a7bbadfae942f25ed241788bbeda0808fb8fdfc14d1f8c3:652,0-1,0.06666666666666667,0.06600065503116892,0.0031554922,False,0.06871065311133862
2011,56edbc2e62a5c79a3a7bbadfae942f25ed241788bbeda0808fb8fdfc14d1f8c3:2011,2-3,0.06666666666666667,0.07347739090382172,0.1125251,False,0.06869939155876637
2537,56edbc2e62a5c79a3a7bbadfae942f25ed241788bbeda0808fb8fdfc14d1f8c3:2537,4-5,0.0,0.0,0.24291068,True,0.06891539506614208
4686,56edbc2e62a5c79a3a7bbadfae942f25ed241788bbeda0808fb8fdfc14d1f8c3:4686,6-7,0.0,0.0,0.06819852,True,0.06887586321681738
6075,56edbc2e62a5c79a3a7bbadfae942f25ed241788bbeda0808fb8fdfc14d1f8c3:6075,8-9,0.0,0.0,0.52690244,True,0.06854846607893705
149,56edbc2e62a5c79a3a7bbadfae942f25ed241788bbeda0808fb8fdfc14d1f8c3:149,0-1,0.06666666666666667,0.06077222973772036,0.021300457,False,0.06870249472558498
2296,56edbc2e62a5c79a3a7bbadfae942f25ed241788bbeda0808fb8fdfc14d1f8c3:2296,2-3,0.06666666666666667,0.0475902379018706,0.10646184,False,0.0688410084694624
2838,56edbc2e62a5c79a3a7bbadfae942f25ed241788bbeda0808fb8fdfc14d1f8c3:2838,4-5,0.13333333333333333,0.10297485970209948,0.12518416,False,0.06902879476547241
4270,56edbc2e62a5c79a3a7bbadfae942f25ed241788bbeda0808fb8fdfc14d1f8c3:4270,6-7,0.0,0.0,0.57698244,True,0.06875155214220285
5838,56edbc2e62a5c79a3a7bbadfae942f25ed241788bbeda0808fb8fdfc14d1f8c3:5838,8-9,0.06666666666666667,0.06600065503116892,1.2300267,False,0.06896793656051159
76,56edbc2e62a5c79a3a7bbadfae942f25ed241788bbeda0808fb8fdfc14d1f8c3:76,0-1,0.06666666666666667,0.049317124049935504,0.26610136,False,0.0692801158875227
1734,56edbc2e62a5c79a3a7bbadfae942f25ed241788bbeda0808fb8fdfc14d1f8c3:1734,2-3,0.2,0.183146844459929,0.09439322,False,0.06913091987371445
3270,56edbc2e62a5c79a3a7bbadfae942f25ed241788bbeda0808fb8fdfc14d1f8c3:3270,4-5,0.0,0.0,0.20507371,True,0.06865881476551294
3817,56edbc2e62a5c79a3a7bbadfae942f25ed241788bbeda0808fb8fdfc14d1f8c3:3817,6-7,0.2,0.26642443208866323,0.32533568,False,0.06915938388556242
5488,56edbc2e62a5c79a3a7bbadfae942f25ed241788bbeda0808fb8fdfc14d1f8c3:5488,8-9,0.2,0.15972095987823456,0.32354677,False,0.0688970498740673
889,56edbc2e62a5c79a3a7bbadfae942f25ed241788bbeda0808fb8fdfc14d1f8c3:889,0-1,0.0,0.0,0.26534784,True,0.06843988317996264
2080,56edbc2e62a5c79a3a7bbadfae942f25ed241788bbeda0808fb8fdfc14d1f8c3:2080,2-3,0.26666666666666666,0.29193090983446435,0.069103405,False,0.06821572035551071
2904,56edbc2e62a5c79a3a7bbadfae942f25ed241788bbeda0808fb8fdfc14d1f8c3:2904,4-5,0.0,0.0,0.4051535,True,0.06820637919008732
4578,56edbc2e62a5c79a3a7bbadfae942f25ed241788bbeda0808fb8fdfc14d1f8c3:4578,6-7,0.06666666666666667,0.0475902379018706,0.24178934,False,0.06873191520571709
5831,56edbc2e62a5c79a3a7bbadfae942f25ed241788bbeda0808fb8fdfc14d1f8c3:5831,8-9,0.26666666666666666,0.22550865706835102,0.2999112,False,0.06840741820633411
701,56edbc2e62a5c79a3a7bbadfae942f25ed241788bbeda0808fb8fdfc14d1f8c3:701,0-1,0.4,0.49335723200260734,0.7147691,False,0.0686207739636302
1133,56edbc2e62a5c79a3a7bbadfae942f25ed241788bbeda0808fb8fdfc14d1f8c3:1133,2-3,0.06666666666666667,0.0475902379018706,0.25317794,False,0.06890742480754852
3446,56edbc2e62a5c79a3a7bbadfae942f25ed241788bbeda0808fb8fdfc14d1f8c3:3446,4-5,0.0,0.0,0.22629383,True,0.06830247398465872
4679,56edbc2e62a5c79a3a7bbadfae942f25ed241788bbeda0808fb8fdfc14d1f8c3:4679,6-7,0.13333333333333333,0.0974900145477079,0.10250572,False,0.06843888573348522
6014,56edbc2e62a5c79a3a7bbadfae942f25ed241788bbeda0808fb8fdfc14d1f8c3:6014,8-9,0.13333333333333333,0.1524528638994737,0.21310315,False,0.06878404133021832
295,56edbc2e62a5c79a3a7bbadfae942f25ed241788bbeda0808fb8fdfc14d1f8c3:295,0-1,0.0,0.0,0.28363973,True,0.06890052184462547
2173,56edbc2e62a5c79a3a7bbadfae942f25ed241788bbeda0808fb8fdfc14d1f8c3:2173,2-3,0.2,0.3166860571556275,0.20226932,False,0.06888435687869787
2947,56edbc2e62a5c79a3a7bbadfae942f25ed241788bbeda0808fb8fdfc14d1f8c3:2947,4-5,0.2,0.19088727073095735,0.22393948,False,0.0687194224447012
4128,56edbc2e62a5c79a3a7bbadfae942f25ed241788bbeda0808fb8fdfc14d1f8c3:4128,6-7,0.0,0.0,0.15848082,True,0.06858707964420319
5096,56edbc2e62a5c79a3a7bbadfae942f25ed241788bbeda0808fb8fdfc14d1f8c3:5096,8-9,0.06666666666666667,0.05135849223864361,0.5663286,False,0.06871374323964119
577,56edbc2e62a5c79a3a7bbadfae942f25ed241788bbeda0808fb8fdfc14d1f8c3:577,0-1,0.0,0.0,0.23829266,True,0.06876168958842754
1468,56edbc2e62a5c79a3a7bbadfae942f25ed241788bbeda0808fb8fdfc14d1f8c3:1468,2-3,0.13333333333333333,0.22196771051724837,0.043133616,False,0.06884891260415316
2809,56edbc2e62a5c79a3a7bbadfae942f25ed241788bbeda0808fb8fdfc14d1f8c3:2809,4-5,0.0,0.0,0.15242153,True,0.06856503803282976
4495,56edbc2e62a5c79a3a7bbadfae942f25ed241788bbeda0808fb8fdfc14d1f8c3:4495,6-7,0.13333333333333333,0.09091555212983252,0.30875984,False,0.06820289045572281
5974,56edbc2e62a5c79a3a7bbadfae942f25ed241788bbeda0808fb8fdfc14d1f8c3:5974,8-9,0.0,0.0,0.4658619,True,0.06890075840055943
425,56edbc2e62a5c79a3a7bbadfae942f25ed241788bbeda0808fb8fdfc14d1f8c3:425,0-1,0.0,0.0,0.045405623,True,0.06914978101849556
1086,56edbc2e62a5c79a3a7bbadfae942f25ed241788bbeda0808fb8fdfc14d1f8c3:1086,2-3,0.26666666666666666,0.2501690013839618,0.16603157,False,0.06893312372267246
2522,56edbc2e62a5c79a3a7bbadfae942f25ed241788bbeda0808fb8fdfc14d1f8c3:2522,4-5,0.0,0.0,0.5395009,True,0.06851677503436804
4014,56edbc2e62a5c79a3a7bbadfae942f25ed241788bbeda0808fb8fdfc14d1f8c3:4014,6-7,0.0,0.0,0.34413388,True,0.06886315438896418
5510,56edbc2e62a5c79a3a7bbadfae942f25ed241788bbeda0808fb8fdfc14d1f8c3:5510,8-9,0.06666666666666667,0.043668798524938345,0.041613832,False,0.06908397376537323
870,56edbc2e62a5c79a3a7bbadfae942f25ed241788bbeda0808fb8fdfc14d1f8c3:870,0-1,0.0,0.0,0.23312113,True,0.06894173100590706
1347,56edbc2e62a5c79a3a7bbadfae942f25ed241788bbeda0808fb8fdfc14d1f8c3:1347,2-3,0.2,0.2443055334234851,0.11450649,False,0.06857308372855186
2839,56edbc2e62a5c79a3a7bbadfae942f25ed241788bbeda0808fb8fdfc14d1f8c3:2839,4-5,0.0,0.0,0.0031773504,True,0.0690688444301486
4881,56edbc2e62a5c79a3a7bbadfae942f25ed241788bbeda0808fb8fdfc14d1f8c3:4881,6-7,0.13333333333333333,0.15374755232143703,0.0740583,False,0.06831493135541677
5018,56edbc2e62a5c79a3a7bbadfae942f25ed241788bbeda0808fb8fdfc14d1f8c3:5018,8-9,0.13333333333333333,0.22747895770480633,0.8723517,False,0.06851843930780888
732,56edbc2e62a5c79a3a7bbadfae942f25ed241788bbeda0808fb8fdfc14d1f8c3:732,0-1,0.13333333333333333,0.10313834007270506,0.43014926,False,0.06817555520683527
1949,56edbc2e62a5c79a3a7bbadfae942f25ed241788bbeda0808fb8fdfc14d1f8c3:1949,2-3,0.13333333333333333,0.1303471303300233,0.23573077,False,0.06880196742713451
2438,56edbc2e62a5c79a3a7bbadfae942f25ed241788bbeda0808fb8fdfc14d1f8c3:2438,4-5,0.2,0.16889963522965512,0.028550897,False,0.06858395412564278
4204,56edbc2e62a5c79a3a7bbadfae942f25ed241788bbeda0808fb8fdfc14d1f8c3:4204,6-7,0.26666666666666666,0.20656287438007662,0.06377772,False,0.06840780191123486
5119,56edbc2e62a5c79a3a7bbadfae942f25ed241788bbeda0808fb8fdfc14d1f8c3:5119,8-9,0.13333333333333333,0.11982187105393848,0.1254626,False,0.06886922754347324
103,56edbc2e62a5c79a3a7bbadfae942f25ed241788bbeda0808fb8fdfc14d1f8c3:103,0-1,0.13333333333333333,0.12795691370895357,0.014540043,False,0.06893392093479633
1942,56edbc2e62a5c79a3a7bbadfae942f25ed241788bbeda0808fb8fdfc14d1f8c3:1942,2-3,0.0,0.0,0.38227737,True,0.06857862137258053
3395,56edbc2e62a5c79a3a7bbadfae942f25ed241788bbeda0808fb8fdfc14d1f8c3:3395,4-5,0.06666666666666667,0.0475902379018706,0.038043976,False,0.06852464936673641
4612,56edbc2e62a5c79a3a7bbadfae942f25ed241788bbeda0808fb8fdfc14d1f8c3:4612,6-7,0.06666666666666667,0.06077222973772036,0.589447,False,0.06919397693127394
4961,56edbc2e62a5c79a3a7bbadfae942f25ed241788bbeda0808fb8fdfc14d1f8c3:4961,8-9,0.06666666666666667,0.07347739090382172,0.092997,False,0.06880643591284752
507,56edbc2e62a5c79a3a7bbadfae942f25ed241788bbeda0808fb8fdfc14d1f8c3:507,0-1,0.06666666666666667,0.043668798524938345,0.18541434,False,0.06869413703680038
1787,56edbc2e62a5c79a3a7bbadfae942f25ed241788bbeda0808fb8fdfc14d1f8c3:1787,2-3,0.06666666666666667,0.04265230456965119,0.005476825,False,0.06839500367641449
2659,56edbc2e62a5c79a3a7bbadfae942f25ed241788bbeda0808fb8fdfc14d1f8c3:2659,4-5,0.13333333333333333,0.1289734076642407,0.2212652,False,0.06895730271935463
4621,56edbc2e62a5c79a3a7bbadfae942f25ed241788bbeda0808fb8fdfc14d1f8c3:4621,6-7,0.2,0.21731188560164635,0.03293035,False,0.06896307040005922
5225,56edbc2e62a5c79a3a7bbadfae942f25ed241788bbeda0808fb8fdfc14d1f8c3:5225,8-9,0.13333333333333333,0.16841466178325945,0.5472437,False,0.06833584420382977
775,56edbc2e62a5c79a3a7bbadfae942f25ed241788bbeda0808fb8fdfc14d1f8c3:775,0-1,0.06666666666666667,0.04481043185393461,0.17194346,False,0.06896085105836391
1801,56edbc2e62a5c79a3a7bbadfae942f25ed241788bbeda0808fb8fdfc14d1f8c3:1801,2-3,0.0,0.0,0.05446318,True,0.06889097858220339
3479,56edbc2e62a5c79a3a7bbadfae942f25ed241788bbeda0808fb8fdfc14d1f8c3:3479,4-5,0.13333333333333333,0.11081108688510354,0.4227425,False,0.0689022894948721
4385,56edbc2e62a5c79a3a7bbadfae942f25ed241788bbeda0808fb8fdfc14d1f8c3:4385,6-7,0.06666666666666667,0.05686973942620158,0.17071392,False,0.06916526332497597
6132,56edbc2e62a5c79a3a7bbadfae942f25ed241788bbeda0808fb8fdfc14d1f8c3:6132,8-9,0.13333333333333333,0.136663101377946,0.41305342,False,0.06875250115990639
179,56edbc2e62a5c79a3a7bbadfae942f25ed241788bbeda0808fb8fdfc14d1f8c3:179,0-1,0.06666666666666667,0.05135849223864361,0.21412888,False,0.0683788126334548
1326,56edbc2e62a5c79a3a7bbadfae942f25ed241788bbeda0808fb8fdfc14d1f8c3:1326,2-3,0.13333333333333333,0.1303471303300233,0.18862864,False,0.0682409992441535
3150,56edbc2e62a5c79a3a7bbadfae942f25ed241788bbeda0808fb8fdfc14d1f8c3:3150,4-5,0.0,0.0,0.66571397,True,0.06836168188601732
4172,56edbc2e62a5c79a3a7bbadfae942f25ed241788bbeda0808fb8fdfc14d1f8c3:4172,6-7,0.06666666666666667,0.046105120275897894,0.014557399,False,0.06860877573490143
5723,56edbc2e62a5c79a3a7bbadfae942f25ed241788bbeda0808fb8fdfc14d1f8c3:5723,8-9,0.06666666666666667,0.04481043185393461,0.058407966,False,0.06842608842998743
27,56edbc2e62a5c79a3a7bbadfae942f25ed241788bbeda0808fb8fdfc14d1f8c3:27,0-1,0.13333333333333333,0.17364308707670803,0.04367232,False,0.06849443912506104
1425,56edbc2e62a5c79a3a7bbadfae942f25ed241788bbeda0808fb8fdfc14d1f8c3:1425,2-3,0.0,0.0,0.30961257,True,0.06817009299993515
3034,56edbc2e62a5c79a3a7bbadfae942f25ed241788bbeda0808fb8fdfc14d1f8c3:3034,4-5,0.13333333333333333,0.11069095544897115,0.35398555,False,0.06818717811256647
3886,56edbc2e62a5c79a3a7bbadfae942f25ed241788bbeda0808fb8fdfc14d1f8c3:3886,6-7,0.06666666666666667,0.04481043185393461,0.12275993,False,0.06888871546834707
6064,56edbc2e62a5c79a3a7bbadfae942f25ed241788bbeda0808fb8fdfc14d1f8c3:6064,8-9,0.06666666666666667,0.053821216022769555,0.62930375,False,0.06853176094591618
202,56edbc2e62a5c79a3a7bbadfae942f25ed241788bbeda0808fb8fdfc14d1f8c3:202,0-1,0.06666666666666667,0.06600065503116892,0.4158595,False,0.06898782681673765
1201,56edbc2e62a5c79a3a7bbadfae942f25ed241788bbeda0808fb8fdfc14d1f8c3:1201,2-3,0.06666666666666667,0.043668798524938345,0.12236616,False,0.0687839463353157
3257,56edbc2e62a5c79a3a7bbadfae942f25ed241788bbeda0808fb8fdfc14d1f8c3:3257,4-5,0.06666666666666667,0.04481043185393461,0.25897792,False,0.06883224938064814
3641,56edbc2e62a5c79a3a7bbadfae942f25ed241788bbeda0808fb8fdfc14d1f8c3:3641,6-7,0.13333333333333333,0.08977391880083624,0.44433406,False,0.0681742150336504
5798,56edbc2e62a5c79a3a7bbadfae942f25ed241788bbeda0808fb8fdfc14d1f8c3:5798,8-9,0.0,0.0,0.34203392,True,0.06842873059213161
150,56edbc2e62a5c79a3a7bbadfae942f25ed241788bbeda0808fb8fdfc14d1f8c3:150,0-1,0.0,0.0,0.19458562,True,0.06766177527606487
1678,56edbc2e62a5c79a3a7bbadfae942f25ed241788bbeda0808fb8fdfc14d1f8c3:1678,2-3,0.06666666666666667,0.08530460913930238,0.17858419,False,0.06832796987146139
3508,56edbc2e62a5c79a3a7bbadfae942f25ed241788bbeda0808fb8fdfc14d1f8c3:3508,4-5,0.0,0.0,0.16781452,True,0.06845997925847769
4630,56edbc2e62a5c79a3a7bbadfae942f25ed241788bbeda0808fb8fdfc14d1f8c3:4630,6-7,0.2,0.2029465783032243,0.3669877,False,0.06878923159092665
5500,56edbc2e62a5c79a3a7bbadfae942f25ed241788bbeda0808fb8fdfc14d1f8c3:5500,8-9,0.06666666666666667,0.043668798524938345,0.14586823,False,0.06862139608711004
829,56edbc2e62a5c79a3a7bbadfae942f25ed241788bbeda0808fb8fdfc14d1f8c3:829,0-1,0.0,0.0,0.50410587,True,0.06905144732445478
1910,56edbc2e62a5c79a3a7bbadfae942f25ed241788bbeda0808fb8fdfc14d1f8c3:1910,2-3,0.13333333333333333,0.1587820000431241,0.0036159568,False,0.06909909658133984
2963,56edbc2e62a5c79a3a7bbadfae942f25ed241788bbeda0808fb8fdfc14d1f8c3:2963,4-5,0.13333333333333333,0.10618686347613708,0.83546627,False,0.06883480865508318
4081,56edbc2e62a5c79a3a7bbadfae942f25ed241788bbeda0808fb8fdfc14d1f8c3:4081,6-7,0.0,0.0,0.076413885,True,0.06877879332751036
5647,56edbc2e62a5c79a3a7bbadfae942f25ed241788bbeda0808fb8fdfc14d1f8c3:5647,8-9,0.06666666666666667,0.06600065503116892,0.37302262,False,0.06908766459673643
902,56edbc2e62a5c79a3a7bbadfae942f25ed241788bbeda0808fb8fdfc14d1f8c3:902,0-1,0.13333333333333333,0.2313814480163251,0.09929617,False,0.06960740685462952
1401,56edbc2e62a5c79a3a7bbadfae942f25ed241788bbeda0808fb8fdfc14d1f8c3:1401,2-3,0.0,0.0,0.018649958,True,0.06876194197684526
3407,56edbc2e62a5c79a3a7bbadfae942f25ed241788bbeda0808fb8fdfc14d1f8c3:3407,4-5,0.06666666666666667,0.053821216022769555,0.4325665,False,0.06901177391409874
4889,56edbc2e62a5c79a3a7bbadfae942f25ed241788bbeda0808fb8fdfc14d1f8c3:4889,6-7,0.06666666666666667,0.04481043185393461,0.28701597,False,0.06879500206559896
5180,56edbc2e62a5c79a3a7bbadfae942f25ed241788bbeda0808fb8fdfc14d1f8c3:5180,8-9,0.26666666666666666,0.33033017815683935,0.19436446,False,0.06860437244176865
382,56edbc2e62a5c79a3a7bbadfae942f25ed241788bbeda0808fb8fdfc14d1f8c3:382,0-1,0.06666666666666667,0.04481043185393461,0.411031,False,0.06868825480341911
1148,56edbc2e62a5c79a3a7bbadfae942f25ed241788bbeda0808fb8fdfc14d1f8c3:1148,2-3,0.06666666666666667,0.04265230456965119,0.19329396,False,0.06877581775188446
3280,56edbc2e62a5c79a3a7bbadfae942f25ed241788bbeda0808fb8fdfc14d1f8c3:3280,4-5,0.0,0.0,0.004321266,True,0.06879721209406853
4497,56edbc2e62a5c79a3a7bbadfae942f25ed241788bbeda0808fb8fdfc14d1f8c3:4497,6-7,0.06666666666666667,0.06077222973772036,0.037153665,False,0.06886247545480728
5515,56edbc2e62a5c79a3a7bbadfae942f25ed241788bbeda0808fb8fdfc14d1f8c3:5515,8-9,0.4666666666666667,0.37655488306863216,0.083611675,False,0.06849078368395567
446,56edbc2e62a5c79a3a7bbadfae942f25ed241788bbeda0808fb8fdfc14d1f8c3:446,0-1,0.2,0.2877554077073648,0.32088128,False,0.06851517409086227
2278,56edbc2e62a5c79a3a7bbadfae942f25ed241788bbeda0808fb8fdfc14d1f8c3:2278,2-3,0.26666666666666666,0.2207836815771841,0.21396601,False,0.06872167252004147
3266,56edbc2e62a5c79a3a7bbadfae942f25ed241788bbeda0808fb8fdfc14d1f8c3:3266,4-5,0.06666666666666667,0.05686973942620158,0.3053038,False,0.06860544253140688
4855,56edbc2e62a5c79a3a7bbadfae942f25ed241788bbeda0808fb8fdfc14d1f8c3:4855,6-7,0.4,0.48436822243950556,0.20613407,False,0.06904123164713383
5441,56edbc2e62a5c79a3a7bbadfae942f25ed241788bbeda0808fb8fdfc14d1f8c3:5441,8-9,0.0,0.0,0.35183775,True,0.06883795745670795
31,56edbc2e62a5c79a3a7bbadfae942f25ed241788bbeda0808fb8fdfc14d1f8c3:31,0-1,0.06666666666666667,0.043668798524938345,0.30497098,False,0.06826378870755434
1666,56edbc2e62a5c79a3a7bbadfae942f25ed241788bbeda0808fb8fdfc14d1f8c3:1666,2-3,0.0,0.0,0.09288879,True,0.06823553144931793
3476,56edbc2e62a5c79a3a7bbadfae942f25ed241788bbeda0808fb8fdfc14d1f8c3:3476,4-5,0.0,0.0,0.3241876,True,0.06918543670326471
4085,56edbc2e62a5c79a3a7bbadfae942f25ed241788bbeda0808fb8fdfc14d1f8c3:4085,6-7,0.2,0.22296021112664355,0.1631233,False,0.06884327717125416
5616,56edbc2e62a5c79a3a7bbadfae942f25ed241788bbeda0808fb8fdfc14d1f8c3:5616,8-9,0.3333333333333333,0.38378357935847573,0.024875186,False,0.06884826067835093
530,56edbc2e62a5c79a3a7bbadfae942f25ed241788bbeda0808fb8fdfc14d1f8c3:530,0-1,0.06666666666666667,0.049317124049935504,0.3580904,False,0.06885501835495234
2189,56edbc2e62a5c79a3a7bbadfae942f25ed241788bbeda0808fb8fdfc14d1f8c3:2189,2-3,0.0,0.0,0.21613571,True,0.0689738355576992
3537,56edbc2e62a5c79a3a7bbadfae942f25ed241788bbeda0808fb8fdfc14d1f8c3:3537,4-5,0.0,0.0,0.03783387,True,0.0688211964443326
4884,56edbc2e62a5c79a3a7bbadfae942f25ed241788bbeda0808fb8fdfc14d1f8c3:4884,6-7,0.06666666666666667,0.0475902379018706,0.4784564,False,0.06870761048048735
5432,56edbc2e62a5c79a3a7bbadfae942f25ed241788bbeda0808fb8fdfc14d1f8c3:5432,8-9,0.06666666666666667,0.06077222973772036,0.09742306,False,0.06836464907974005
420,56edbc2e62a5c79a3a7bbadfae942f25ed241788bbeda0808fb8fdfc14d1f8c3:420,0-1,0.06666666666666667,0.04265230456965119,0.2902224,False,0.06886036973446608
1216,56edbc2e62a5c79a3a7bbadfae942f25ed241788bbeda0808fb8fdfc14d1f8c3:1216,2-3,0.06666666666666667,0.06077222973772036,0.005702786,False,0.06857248954474926
3487,56edbc2e62a5c79a3a7bbadfae942f25ed241788bbeda0808fb8fdfc14d1f8c3:3487,4-5,0.0,0.0,0.34364837,True,0.0685872733592987
4825,56edbc2e62a5c79a3a7bbadfae942f25ed241788bbeda0808fb8fdfc14d1f8c3:4825,6-7,0.06666666666666667,0.07347739090382172,0.12327831,False,0.06856669206172228
5053,56edbc2e62a5c79a3a7bbadfae942f25ed241788bbeda0808fb8fdfc14d1f8c3:5053,8-9,0.26666666666666666,0.3382141650862966,0.50922537,False,0.06850257329642773
32,56edbc2e62a5c79a3a7bbadfae942f25ed241788bbeda0808fb8fdfc14d1f8c3:32,0-1,0.06666666666666667,0.08530460913930238,0.48566756,False,0.06852015014737844
1593,56edbc2e62a5c79a3a7bbadfae942f25ed241788bbeda0808fb8fdfc14d1f8c3:1593,2-3,0.06666666666666667,0.06077222973772036,0.27327576,False,0.06828532554209232
3048,56edbc2e62a5c79a3a7bbadfae942f25ed241788bbeda0808fb8fdfc14d1f8c3:3048,4-5,0.06666666666666667,0.049317124049935504,0.513797,False,0.06858819723129272
4778,56edbc2e62a5c79a3a7bbadfae942f25ed241788bbeda0808fb8fdfc14d1f8c3:4778,6-7,0.2,0.17436312267075987,0.012704715,False,0.06883962079882622
5288,56edbc2e62a5c79a3a7bbadfae942f25ed241788bbeda0808fb8fdfc14d1f8c3:5288,8-9,0.0,0.0,0.12913907,True,0.06860699597746134
201,56edbc2e62a5c79a3a7bbadfae942f25ed241788bbeda0808fb8fdfc14d1f8c3:201,0-1,0.0,0.0,0.44389406,True,0.0685933455824852
2291,56edbc2e62a5c79a3a7bbadfae942f25ed241788bbeda0808fb8fdfc14d1f8c3:2291,2-3,0.0,0.0,0.14975622,True,0.06839259713888168
2614,56edbc2e62a5c79a3a7bbadfae942f25ed241788bbeda0808fb8fdfc14d1f8c3:2614,4-5,0.0,0.0,0.07033044,True,0.06819232273846865
4616,56edbc2e62a5c79a3a7bbadfae942f25ed241788bbeda0808fb8fdfc14d1f8c3:4616,6-7,0.13333333333333333,0.10053853795113993,0.60845786,False,0.0683731734752655
5648,56edbc2e62a5c79a3a7bbadfae942f25ed241788bbeda0808fb8fdfc14d1f8c3:5648,8-9,0.06666666666666667,0.05686973942620158,0.092485264,False,0.06830011866986752
705,56edbc2e62a5c79a3a7bbadfae942f25ed241788bbeda0808fb8fdfc14d1f8c3:705,0-1,0.13333333333333333,0.132894847041173,0.4567166,False,0.0682003004476428
1364,56edbc2e62a5c79a3a7bbadfae942f25ed241788bbeda0808fb8fdfc14d1f8c3:1364,2-3,0.06666666666666667,0.05686973942620158,0.18076265,False,0.06845792662352324
2876,56edbc2e62a5c79a3a7bbadfae942f25ed241788bbeda0808fb8fdfc14d1f8c3:2876,4-5,0.13333333333333333,0.1082282316648452,0.47605404,False,0.06895881239324808
3663,56edbc2e62a5c79a3a7bbadfae942f25ed241788bbeda0808fb8fdfc14d1f8c3:3663,6-7,0.0,0.0,0.03919486,True,0.06899921782314777
5963,56edbc2e62a5c79a3a7bbadfae942f25ed241788bbeda0808fb8fdfc14d1f8c3:5963,8-9,0.13333333333333333,0.14607683887702272,0.6332735,False,0.06844226829707623
6,56edbc2e62a5c79a3a7bbadfae942f25ed241788bbeda0808fb8fdfc14d1f8c3:6,0-1,0.06666666666666667,0.05686973942620158,0.28409177,False,0.06875832658261061
2167,56edbc2e62a5c79a3a7bbadfae942f25ed241788bbeda0808fb8fdfc14d1f8c3:2167,2-3,0.0,0.0,0.2416952,True,0.0687782671302557
2767,56edbc2e62a5c79a3a7bbadfae942f25ed241788bbeda0808fb8fdfc14d1f8c3:2767,4-5,0.0,0.0,0.18417597,True,0.06860792730003595
3968,56edbc2e62a5c79a3a7bbadfae942f25ed241788bbeda0808fb8fdfc14d1f8c3:3968,6-7,0.0,0.0,0.17425644,True,0.06820143479853868
5945,56edbc2e62a5c79a3a7bbadfae942f25ed241788bbeda0808fb8fdfc14d1f8c3:5945,8-9,0.0,0.0,0.35985133,True,0.06879361998289824
307,56edbc2e62a5c79a3a7bbadfae942f25ed241788bbeda0808fb8fdfc14d1f8c3:307,0-1,0.13333333333333333,0.17364308707670803,0.14637935,False,0.06899327132850885
1920,56edbc2e62a5c79a3a7bbadfae942f25ed241788bbeda0808fb8fdfc14d1f8c3:1920,2-3,0.2,0.19149147261543945,0.5150355,False,0.06855749990791082
3620,56edbc2e62a5c79a3a7bbadfae942f25ed241788bbeda0808fb8fdfc14d1f8c3:3620,4-5,0.06666666666666667,0.08530460913930238,0.27909455,False,0.06871440168470144
4032,56edbc2e62a5c79a3a7bbadfae942f25ed241788bbeda0808fb8fdfc14d1f8c3:4032,6-7,0.06666666666666667,0.053821216022769555,0.076391175,False,0.06877271179109812
5482,56edbc2e62a5c79a3a7bbadfae942f25ed241788bbeda0808fb8fdfc14d1f8c3:5482,8-9,0.13333333333333333,0.22443043430137433,0.7446576,False,0.06854491215199232
492,56edbc2e62a5c79a3a7bbadfae942f25ed241788bbeda0808fb8fdfc14d1f8c3:492,0-1,0.0,0.0,0.7179531,True,0.06871469039469957
2037,56edbc2e62a5c79a3a7bbadfae942f25ed241788bbeda0808fb8fdfc14d1f8c3:2037,2-3,0.0,0.0,0.21525848,True,0.06890924274921417
2840,56edbc2e62a5c79a3a7bbadfae942f25ed241788bbeda0808fb8fdfc14d1f8c3:2840,4-5,0.06666666666666667,0.07347739090382172,0.31609726,False,0.06873912271112204
4520,56edbc2e62a5c79a3a7bbadfae942f25ed241788bbeda0808fb8fdfc14d1f8c3:4520,6-7,0.2,0.18428847778892526,0.27682555,False,0.0687829740345478
5082,56edbc2e62a5c79a3a7bbadfae942f25ed241788bbeda0808fb8fdfc14d1f8c3:5082,8-9,0.2,0.3072723196565508,0.06789148,False,0.0688360994681716
411,56edbc2e62a5c79a3a7bbadfae942f25ed241788bbeda0808fb8fdfc14d1f8c3:411,0-1,0.2,0.23559934575449268,0.20752926,False,0.06909209862351418
1909,56edbc2e62a5c79a3a7bbadfae942f25ed241788bbeda0808fb8fdfc14d1f8c3:1909,2-3,0.0,0.0,0.16817936,True,0.0680850800126791
3377,56edbc2e62a5c79a3a7bbadfae942f25ed241788bbeda0808fb8fdfc14d1f8c3:3377,4-5,0.06666666666666667,0.05135849223864361,0.3658798,False,0.06879204418510199
4907,56edbc2e62a5c79a3a7bbadfae942f25ed241788bbeda0808fb8fdfc14d1f8c3:4907,6-7,0.06666666666666667,0.0475902379018706,0.21997884,False,0.06912421435117722
5244,56edbc2e62a5c79a3a7bbadfae942f25ed241788bbeda0808fb8fdfc14d1f8c3:5244,8-9,0.06666666666666667,0.0475902379018706,0.02975744,False,0.06863238289952278
237,56edbc2e62a5c79a3a7bbadfae942f25ed241788bbeda0808fb8fdfc14d1f8c3:237,0-1,0.2,0.32090395489379503,0.5021729,False,0.06863837968558073
945,56edbc2e62a5c79a3a7bbadfae942f25ed241788bbeda0808fb8fdfc14d1f8c3:945,2-3,0.13333333333333333,0.11213072197636398,0.043860883,False,0.06902447156608105
2494,56edbc2e62a5c79a3a7bbadfae942f25ed241788bbeda0808fb8fdfc14d1f8c3:2494,4-5,0.13333333333333333,0.09746361251454151,0.2099573,False,0.06901279091835022
4659,56edbc2e62a5c79a3a7bbadfae942f25ed241788bbeda0808fb8fdfc14d1f8c3:4659,6-7,0.06666666666666667,0.046105120275897894,0.5228836,False,0.06825299002230167
5269,56edbc2e62a5c79a3a7bbadfae942f25ed241788bbeda0808fb8fdfc14d1f8c3:5269,8-9,0.06666666666666667,0.046105120275897894,0.21885379,False,0.06875952612608671
111,56edbc2e62a5c79a3a7bbadfae942f25ed241788bbeda0808fb8fdfc14d1f8c3:111,0-1,0.0,0.0,0.1367647,True,0.06910398695617914
2305,56edbc2e62a5c79a3a7bbadfae942f25ed241788bbeda0808fb8fdfc14d1f8c3:2305,2-3,0.13333333333333333,0.09616892409257823,0.36967012,False,0.06871731206774712
2442,56edbc2e62a5c79a3a7bbadfae942f25ed241788bbeda0808fb8fdfc14d1f8c3:2442,4-5,0.0,0.0,0.2742288,True,0.06846030242741108
4324,56edbc2e62a5c79a3a7bbadfae942f25ed241788bbeda0808fb8fdfc14d1f8c3:4324,6-7,0.0,0.0,0.17395264,True,0.06799627281725407
5772,56edbc2e62a5c79a3a7bbadfae942f25ed241788bbeda0808fb8fdfc14d1f8c3:5772,8-9,0.0,0.0,0.7706245,True,0.06842210236936808
545,56edbc2e62a5c79a3a7bbadfae942f25ed241788bbeda0808fb8fdfc14d1f8c3:545,0-1,0.06666666666666667,0.05135849223864361,0.35818574,False,0.06837328057736158
1356,56edbc2e62a5c79a3a7bbadfae942f25ed241788bbeda0808fb8fdfc14d1f8c3:1356,2-3,0.13333333333333333,0.12795691370895357,0.38377908,False,0.0683235926553607
3529,56edbc2e62a5c79a3a7bbadfae942f25ed241788bbeda0808fb8fdfc14d1f8c3:3529,4-5,0.0,0.0,0.34477448,True,0.06838487554341555
4166,56edbc2e62a5c79a3a7bbadfae942f25ed241788bbeda0808fb8fdfc14d1f8c3:4166,6-7,0.06666666666666667,0.04481043185393461,0.3416619,False,0.06828708108514547
5487,56edbc2e62a5c79a3a7bbadfae942f25ed241788bbeda0808fb8fdfc14d1f8c3:5487,8-9,0.13333333333333333,0.10558266159165496,0.6594245,False,0.06815695855766535
674,56edbc2e62a5c79a3a7bbadfae942f25ed241788bbeda0808fb8fdfc14d1f8c3:674,0-1,0.0,0.0,0.057029665,True,0.06854258198291063
2150,56edbc2e62a5c79a3a7bbadfae942f25ed241788bbeda0808fb8fdfc14d1f8c3:2150,2-3,0.0,0.0,0.06138656,True,0.06851798947900534
2501,56edbc2e62a5c79a3a7bbadfae942f25ed241788bbeda0808fb8fdfc14d1f8c3:2501,4-5,0.13333333333333333,0.15131123057047743,0.6105199,False,0.06841984111815691
3654,56edbc2e62a5c79a3a7bbadfae942f25ed241788bbeda0808fb8fdfc14d1f8c3:3654,6-7,0.2,0.16587806065962693,0.33144248,False,0.0682694697752595
5620,56edbc2e62a5c79a3a7bbadfae942f25ed241788bbeda0808fb8fdfc14d1f8c3:5620,8-9,0.0,0.0,0.23722614,True,0.0690087154507637
704,56edbc2e62a5c79a3a7bbadfae942f25ed241788bbeda0808fb8fdfc14d1f8c3:704,0-1,0.0,0.0,0.41989106,True,0.06842157989740372
1240,56edbc2e62a5c79a3a7bbadfae942f25ed241788bbeda0808fb8fdfc14d1f8c3:1240,2-3,0.26666666666666666,0.20961139778350865,0.40265548,False,0.06871900614351034
2796,56edbc2e62a5c79a3a7bbadfae942f25ed241788bbeda0808fb8fdfc14d1f8c3:2796,4-5,0.0,0.0,0.35081837,True,0.06884737126529217
4521,56edbc2e62a5c79a3a7bbadfae942f25ed241788bbeda0808fb8fdfc14d1f8c3:4521,6-7,0.2,0.19539396292695824,0.51908875,False,0.0689264265820384
5020,56edbc2e62a5c79a3a7bbadfae942f25ed241788bbeda0808fb8fdfc14d1f8c3:5020,8-9,0.0,0.0,0.14054446,True,0.06846579816192389
165,56edbc2e62a5c79a3a7bbadfae942f25ed241788bbeda0808fb8fdfc14d1f8c3:165,0-1,0.13333333333333333,0.11069095544897115,0.36503816,False,0.06836190540343523
2196,56edbc2e62a5c79a3a7bbadfae942f25ed241788bbeda0808fb8fdfc14d1f8c3:2196,2-3,0.0,0.0,0.08821236,True,0.06882058177143335
3589,56edbc2e62a5c79a3a7bbadfae942f25ed241788bbeda0808fb8fdfc14d1f8c3:3589,4-5,0.0,0.0,0.2317877,True,0.06911508738994598
4610,56edbc2e62a5c79a3a7bbadfae942f25ed241788bbeda0808fb8fdfc14d1f8c3:4610,6-7,0.26666666666666666,0.23638540788679674,0.009583637,False,0.06919968221336603
5715,56edbc2e62a5c79a3a7bbadfae942f25ed241788bbeda0808fb8fdfc14d1f8c3:5715,8-9,0.06666666666666667,0.08530460913930238,0.008681618,False,0.06807991303503513
683,56edbc2e62a5c79a3a7bbadfae942f25ed241788bbeda0808fb8fdfc14d1f8c3:683,0-1,0.13333333333333333,0.21992634232854028,0.019895164,False,0.06943065859377384
2326,56edbc2e62a5c79a3a7bbadfae942f25ed241788bbeda0808fb8fdfc14d1f8c3:2326,2-3,0.06666666666666667,0.04481043185393461,0.025624305,False,0.06889783404767513
3340,56edbc2e62a5c79a3a7bbadfae942f25ed241788bbeda0808fb8fdfc14d1f8c3:3340,4-5,0.06666666666666667,0.043668798524938345,0.33828166,False,0.06839891523122787
4758,56edbc2e62a5c79a3a7bbadfae942f25ed241788bbeda0808fb8fdfc14d1f8c3:4758,6-7,0.13333333333333333,0.24408660918242647,0.10932198,False,0.06895938329398632
5084,56edbc2e62a5c79a3a7bbadfae942f25ed241788bbeda0808fb8fdfc14d1f8c3:5084,8-9,0.0,0.0,0.13481626,True,0.06887907069176435
770,56edbc2e62a5c79a3a7bbadfae942f25ed241788bbeda0808fb8fdfc14d1f8c3:770,0-1,0.0,0.0,0.031473942,True,0.06790016870945692
1080,56edbc2e62a5c79a3a7bbadfae942f25ed241788bbeda0808fb8fdfc14d1f8c3:1080,2-3,0.06666666666666667,0.053821216022769555,0.060411476,False,0.06860275752842426
3565,56edbc2e62a5c79a3a7bbadfae942f25ed241788bbeda0808fb8fdfc14d1f8c3:3565,4-5,0.13333333333333333,0.23660987330977368,0.15333468,False,0.0689834263175726
4038,56edbc2e62a5c79a3a7bbadfae942f25ed241788bbeda0808fb8fdfc14d1f8c3:4038,6-7,0.26666666666666666,0.26733844525447653,0.64564353,False,0.06854987982660532
5495,56edbc2e62a5c79a3a7bbadfae942f25ed241788bbeda0808fb8fdfc14d1f8c3:5495,8-9,0.4,0.49795092700654037,0.2594998,False,0.06838537659496069
406,56edbc2e62a5c79a3a7bbadfae942f25ed241788bbeda0808fb8fdfc14d1f8c3:406,0-1,0.13333333333333333,0.1569595560954746,0.5144384,False,0.06827511638402939
1503,56edbc2e62a5c79a3a7bbadfae942f25ed241788bbeda0808fb8fdfc14d1f8c3:1503,2-3,0.06666666666666667,0.043668798524938345,0.15006864,False,0.06847806088626385
2967,56edbc2e62a5c79a3a7bbadfae942f25ed241788bbeda0808fb8fdfc14d1f8c3:2967,4-5,0.13333333333333333,0.09992633629866744,0.096414626,False,0.06886061187833548
4438,56edbc2e62a5c79a3a7bbadfae942f25ed241788bbeda0808fb8fdfc14d1f8c3:4438,6-7,0.2,0.16349066957887684,0.038814425,False,0.06848726514726877
5115,56edbc2e62a5c79a3a7bbadfae942f25ed241788bbeda0808fb8fdfc14d1f8c3:5115,8-9,0.0,0.0,0.35035443,True,0.06861753109842539
112,56edbc2e62a5c79a3a7bbadfae942f25ed241788bbeda0808fb8fdfc14d1f8c3:112,0-1,0.0,0.0,0.30126265,True,0.06842061877250671
1554,56edbc2e62a5c79a3a7bbadfae942f25ed241788bbeda0808fb8fdfc14d1f8c3:1554,2-3,0.06666666666666667,0.05135849223864361,0.444536,False,0.0686320485547185
2933,56edbc2e62a5c79a3a7bbadfae942f25ed241788bbeda0808fb8fdfc14d1f8c3:2933,4-5,0.2,0.2377574730387761,0.34619546,False,0.06904310081154108
4640,56edbc2e62a5c79a3a7bbadfae942f25ed241788bbeda0808fb8fdfc14d1f8c3:4640,6-7,0.06666666666666667,0.06077222973772036,0.15677457,False,0.06866394635289907
5589,56edbc2e62a5c79a3a7bbadfae942f25ed241788bbeda0808fb8fdfc14d1f8c3:5589,8-9,0.13333333333333333,0.0919694286195867,0.26665643,False,0.06787280179560184
355,56edbc2e62a5c79a3a7bbadfae942f25ed241788bbeda0808fb8fdfc14d1f8c3:355,0-1,0.06666666666666667,0.07347739090382172,0.09136148,False,0.06885019782930613
2234,56edbc2e62a5c79a3a7bbadfae942f25ed241788bbeda0808fb8fdfc14d1f8c3:2234,2-3,0.0,0.0,0.26000023,True,0.06857182737439871
3289,56edbc2e62a5c79a3a7bbadfae942f25ed241788bbeda0808fb8fdfc14d1f8c3:3289,4-5,0.06666666666666667,0.17060921827860476,0.008191562,False,0.06836293451488018
3720,56edbc2e62a5c79a3a7bbadfae942f25ed241788bbeda0808fb8fdfc14d1f8c3:3720,6-7,0.0,0.0,0.23759815,True,0.06839297711849213
5192,56edbc2e62a5c79a3a7bbadfae942f25ed241788bbeda0808fb8fdfc14d1f8c3:5192,8-9,0.13333333333333333,0.10865295960082011,0.46427846,False,0.06860682368278503
126,56edbc2e62a5c79a3a7bbadfae942f25ed241788bbeda0808fb8fdfc14d1f8c3:126,0-1,0.06666666666666667,0.08530460913930238,0.6919096,False,0.06879768054932356
2119,56edbc2e62a5c79a3a7bbadfae942f25ed241788bbeda0808fb8fdfc14d1f8c3:2119,2-3,0.0,0.0,0.4583694,True,0.0685184421017766
2675,56edbc2e62a5c79a3a7bbadfae942f25ed241788bbeda0808fb8fdfc14d1f8c3:2675,4-5,0.13333333333333333,0.1552326699474097,0.052854974,False,0.06860717106610537
3743,56edbc2e62a5c79a3a7bbadfae942f25ed241788bbeda0808fb8fdfc14d1f8c3:3743,6-7,0.13333333333333333,0.11531777908110442,0.22944261,False,0.06909932848066092
5103,56edbc2e62a5c79a3a7bbadfae942f25ed241788bbeda0808fb8fdfc14d1f8c3:5103,8-9,0.13333333333333333,0.1524528638994737,0.28733808,False,0.0685714203864336
534,56edbc2e62a5c79a3a7bbadfae942f25ed241788bbeda0808fb8fdfc14d1f8c3:534,0-1,0.0,0.0,0.30243602,True,0.06843236647546291
1074,56edbc2e62a5c79a3a7bbadfae942f25ed241788bbeda0808fb8fdfc14d1f8c3:1074,2-3,0.2,0.28130017372757593,0.19209261,False,0.06867604982107878
3362,56edbc2e62a5c79a3a7bbadfae942f25ed241788bbeda0808fb8fdfc14d1f8c3:3362,4-5,0.13333333333333333,0.10618686347613708,0.015441336,False,0.06860995292663574
3760,56edbc2e62a5c79a3a7bbadfae942f25ed241788bbeda0808fb8fdfc14d1f8c3:3760,6-7,0.06666666666666667,0.07347739090382172,0.081040934,False,0.06869638245552778
5263,56edbc2e62a5c79a3a7bbadfae942f25ed241788bbeda0808fb8fdfc14d1f8c3:5263,8-9,0.06666666666666667,0.05686973942620158,0.5272209,False,0.06868467573076487
218,56edbc2e62a5c79a3a7bbadfae942f25ed241788bbeda0808fb8fdfc14d1f8c3:218,0-1,0.0,0.0,0.06321686,True,0.06859366595745087
2295,56edbc2e62a5c79a3a7bbadfae942f25ed241788bbeda0808fb8fdfc14d1f8c3:2295,2-3,0.06666666666666667,0.06600065503116892,0.40606216,False,0.06882219202816486
2669,56edbc2e62a5c79a3a7bbadfae942f25ed241788bbeda0808fb8fdfc14d1f8c3:2669,4-5,0.0,0.0,0.036283717,True,0.0691088130697608
3861,56edbc2e62a5c79a3a7bbadfae942f25ed241788bbeda0808fb8fdfc14d1f8c3:3861,6-7,0.06666666666666667,0.043668798524938345,0.06589542,False,0.06895133759826422
6119,56edbc2e62a5c79a3a7bbadfae942f25ed241788bbeda0808fb8fdfc14d1f8c3:6119,8-9,0.26666666666666666,0.2583710100201148,0.327143,False,0.06870823819190264
70,56edbc2e62a5c79a3a7bbadfae942f25ed241788bbeda0808fb8fdfc14d1f8c3:70,0-1,0.0,0.0,0.032030314,True,0.06866137962788343
1482,56edbc2e62a5c79a3a7bbadfae942f25ed241788bbeda0808fb8fdfc14d1f8c3:1482,2-3,0.13333333333333333,0.136663101377946,0.55630696,False,0.0690060080960393
3184,56edbc2e62a5c79a3a7bbadfae942f25ed241788bbeda0808fb8fdfc14d1f8c3:3184,4-5,0.0,0.0,0.1708731,True,0.06922420673072338
4151,56edbc2e62a5c79a3a7bbadfae942f25ed241788bbeda0808fb8fdfc14d1f8c3:4151,6-7,0.06666666666666667,0.0475902379018706,0.4858116,False,0.0683389799669385
5424,56edbc2e62a5c79a3a7bbadfae942f25ed241788bbeda0808fb8fdfc14d1f8c3:5424,8-9,0.06666666666666667,0.08530460913930238,0.108077094,False,0.06825034692883492
56,56edbc2e62a5c79a3a7bbadfae942f25ed241788bbeda0808fb8fdfc14d1f8c3:56,0-1,0.0,0.0,0.49642843,True,0.06813674326986074
1397,56edbc2e62a5c79a3a7bbadfae942f25ed241788bbeda0808fb8fdfc14d1f8c3:1397,2-3,0.06666666666666667,0.05135849223864361,0.14920153,False,0.06802031770348549
2540,56edbc2e62a5c79a3a7bbadfae942f25ed241788bbeda0808fb8fdfc14d1f8c3:2540,4-5,0.26666666666666666,0.21412943088417943,0.111452505,False,0.06912406347692013
3905,56edbc2e62a5c79a3a7bbadfae942f25ed241788bbeda0808fb8fdfc14d1f8c3:3905,6-7,0.2,0.14664365822703782,0.59379256,False,0.06819625850766897
5121,56edbc2e62a5c79a3a7bbadfae942f25ed241788bbeda0808fb8fdfc14d1f8c3:5121,8-9,0.06666666666666667,0.08530460913930238,0.16753913,False,0.06850224267691374
437,56edbc2e62a5c79a3a7bbadfae942f25ed241788bbeda0808fb8fdfc14d1f8c3:437,0-1,0.0,0.0,0.11949667,True,0.0690827863290906
2192,56edbc2e62a5c79a3a7bbadfae942f25ed241788bbeda0808fb8fdfc14d1f8c3:2192,2-3,0.13333333333333333,0.10168017128013618,0.16728838,False,0.06824854947626591
2885,56edbc2e62a5c79a3a7bbadfae942f25ed241788bbeda0808fb8fdfc14d1f8c3:2885,4-5,0.0,0.0,0.08606322,True,0.06851357966661453
4540,56edbc2e62a5c79a3a7bbadfae942f25ed241788bbeda0808fb8fdfc14d1f8c3:4540,6-7,0.2,0.19149147261543945,0.114077844,False,0.06865623500198126
5597,56edbc2e62a5c79a3a7bbadfae942f25ed241788bbeda0808fb8fdfc14d1f8c3:5597,8-9,0.13333333333333333,0.21541965013253936,0.1872537,False,0.0686465036123991
156,56edbc2e62a5c79a3a7bbadfae942f25ed241788bbeda0808fb8fdfc14d1f8c3:156,0-1,0.26666666666666666,0.3188441844399109,0.5565675,False,0.06898912414908409
1433,56edbc2e62a5c79a3a7bbadfae942f25ed241788bbeda0808fb8fdfc14d1f8c3:1433,2-3,0.13333333333333333,0.1929470411848415,0.12641926,False,0.06838709861040115
2867,56edbc2e62a5c79a3a7bbadfae942f25ed241788bbeda0808fb8fdfc14d1f8c3:2867,4-5,0.06666666666666667,0.05686973942620158,0.20114477,False,0.06816785875707865
4551,56edbc2e62a5c79a3a7bbadfae942f25ed241788bbeda0808fb8fdfc14d1f8c3:4551,6-7,0.06666666666666667,0.049317124049935504,0.05231578,False,0.06851524487137794
6180,56edbc2e62a5c79a3a7bbadfae942f25ed241788bbeda0808fb8fdfc14d1f8c3:6180,8-9,0.3333333333333333,0.40232245143468837,0.15675133,False,0.06771123223006725
527,56edbc2e62a5c79a3a7bbadfae942f25ed241788bbeda0808fb8fdfc14d1f8c3:527,0-1,0.0,0.0,0.24195087,True,0.06798619776964188
2084,56edbc2e62a5c79a3a7bbadfae942f25ed241788bbeda0808fb8fdfc14d1f8c3:2084,2-3,0.06666666666666667,0.043668798524938345,0.055034272,False,0.06807128246873617
3186,56edbc2e62a5c79a3a7bbadfae942f25ed241788bbeda0808fb8fdfc14d1f8c3:3186,4-5,0.0,0.0,0.34103855,True,0.06824828870594501
4808,56edbc2e62a5c79a3a7bbadfae942f25ed241788bbeda0808fb8fdfc14d1f8c3:4808,6-7,0.0,0.0,0.65588695,True,0.06866960786283016
5083,56edbc2e62a5c79a3a7bbadfae942f25ed241788bbeda0808fb8fdfc14d1f8c3:5083,8-9,0.0,0.0,0.15683421,True,0.06844927277415991
841,56edbc2e62a5c79a3a7bbadfae942f25ed241788bbeda0808fb8fdfc14d1f8c3:841,0-1,0.06666666666666667,0.053821216022769555,0.4915092,False,0.06845196429640055
1143,56edbc2e62a5c79a3a7bbadfae942f25ed241788bbeda0808fb8fdfc14d1f8c3:1143,2-3,0.06666666666666667,0.07347739090382172,0.15595199,False,0.06853985972702503
3015,56edbc2e62a5c79a3a7bbadfae942f25ed241788bbeda0808fb8fdfc14d1f8c3:3015,4-5,0.13333333333333333,0.11828782275775633,0.13394666,False,0.06884197425097227
4090,56edbc2e62a5c79a3a7bbadfae942f25ed241788bbeda0808fb8fdfc14d1f8c3:4090,6-7,0.0,0.0,0.15710783,True,0.06860972102731466
5561,56edbc2e62a5c79a3a7bbadfae942f25ed241788bbeda0808fb8fdfc14d1f8c3:5561,8-9,0.06666666666666667,0.07347739090382172,0.23721772,False,0.0688034687191248
66,56edbc2e62a5c79a3a7bbadfae942f25ed241788bbeda0808fb8fdfc14d1f8c3:66,0-1,0.13333333333333333,0.12279451495375723,0.15779406,False,0.06856686063110828
981,56edbc2e62a5c79a3a7bbadfae942f25ed241788bbeda0808fb8fdfc14d1f8c3:981,2-3,0.3333333333333333,0.35542121680843114,0.17376712,False,0.06884751562029123
2951,56edbc2e62a5c79a3a7bbadfae942f25ed241788bbeda0808fb8fdfc14d1f8c3:2951,4-5,0.06666666666666667,0.046105120275897894,0.04665304,False,0.06888766773045063
4557,56edbc2e62a5c79a3a7bbadfae942f25ed241788bbeda0808fb8fdfc14d1f8c3:4557,6-7,0.0,0.0,0.1919229,True,0.06861683167517185
4994,56edbc2e62a5c79a3a7bbadfae942f25ed241788bbeda0808fb8fdfc14d1f8c3:4994,8-9,0.26666666666666666,0.2116278193029196,0.4353195,False,0.06883091945201159
458,56edbc2e62a5c79a3a7bbadfae942f25ed241788bbeda0808fb8fdfc14d1f8c3:458,0-1,0.13333333333333333,0.10558266159165496,0.3247353,False,0.0688617518171668
1250,56edbc2e62a5c79a3a7bbadfae942f25ed241788bbeda0808fb8fdfc14d1f8c3:1250,2-3,0.0,0.0,0.27361733,True,0.06861377600580454
3489,56edbc2e62a5c79a3a7bbadfae942f25ed241788bbeda0808fb8fdfc14d1f8c3:3489,4-5,0.06666666666666667,0.05686973942620158,0.018279342,False,0.06862419843673706
4900,56edbc2e62a5c79a3a7bbadfae942f25ed241788bbeda0808fb8fdfc14d1f8c3:4900,6-7,0.06666666666666667,0.0475902379018706,0.15803905,False,0.06851593963801861
5396,56edbc2e62a5c79a3a7bbadfae942f25ed241788bbeda0808fb8fdfc14d1f8c3:5396,8-9,0.0,0.0,0.121021815,True,0.06871902849525213
353,56edbc2e62a5c79a3a7bbadfae942f25ed241788bbeda0808fb8fdfc14d1f8c3:353,0-1,0.0,0.0,0.34425128,True,0.06899267714470625
2131,56edbc2e62a5c79a3a7bbadfae942f25ed241788bbeda0808fb8fdfc14d1f8c3:2131,2-3,0.06666666666666667,0.046105120275897894,0.2710448,False,0.06868529599159956
2516,56edbc2e62a5c79a3a7bbadfae942f25ed241788bbeda0808fb8fdfc14d1f8c3:2516,4-5,0.4666666666666667,0.493598793293627,0.26161394,False,0.06848372332751751
4188,56edbc2e62a5c79a3a7bbadfae942f25ed241788bbeda0808fb8fdfc14d1f8c3:4188,6-7,0.06666666666666667,0.04265230456965119,0.009381749,False,0.06830983329564333
6197,56edbc2e62a5c79a3a7bbadfae942f25ed241788bbeda0808fb8fdfc14d1f8c3:6197,8-9,0.2,0.22528440120946108,0.4266272,False,0.06816423125565052
818,56edbc2e62a5c79a3a7bbadfae942f25ed241788bbeda0808fb8fdfc14d1f8c3:818,0-1,0.2,0.32435677060004175,0.14975195,False,0.06835125107318163
1489,56edbc2e62a5c79a3a7bbadfae942f25ed241788bbeda0808fb8fdfc14d1f8c3:1489,2-3,0.13333333333333333,0.11008935378765586,0.17409556,False,0.06841855030506849
2630,56edbc2e62a5c79a3a7bbadfae942f25ed241788bbeda0808fb8fdfc14d1f8c3:2630,4-5,0.13333333333333333,0.08977391880083624,0.36038312,False,0.06863063108175993
4755,56edbc2e62a5c79a3a7bbadfae942f25ed241788bbeda0808fb8fdfc14d1f8c3:4755,6-7,0.0,0.0,0.18861762,True,0.06865201331675053
5076,56edbc2e62a5c79a3a7bbadfae942f25ed241788bbeda0808fb8fdfc14d1f8c3:5076,8-9,0.0,0.0,0.074833475,True,0.06850978452712297
740,56edbc2e62a5c79a3a7bbadfae942f25ed241788bbeda0808fb8fdfc14d1f8c3:740,0-1,0.06666666666666667,0.17060921827860476,0.0014202595,False,0.06846093572676182
2132,56edbc2e62a5c79a3a7bbadfae942f25ed241788bbeda0808fb8fdfc14d1f8c3:2132,2-3,0.13333333333333333,0.10445997732807218,0.46323448,False,0.06877805665135384
3230,56edbc2e62a5c79a3a7bbadfae942f25ed241788bbeda0808fb8fdfc14d1f8c3:3230,4-5,0.2,0.14319084252079112,0.05080594,False,0.06856048107147217
3947,56edbc2e62a5c79a3a7bbadfae942f25ed241788bbeda0808fb8fdfc14d1f8c3:3947,6-7,0.06666666666666667,0.04265230456965119,0.019408343,False,0.06869783066213131
5323,56edbc2e62a5c79a3a7bbadfae942f25ed241788bbeda0808fb8fdfc14d1f8c3:5323,8-9,0.13333333333333333,0.09401079680829481,0.09186,False,0.06875145435333252
486,56edbc2e62a5c79a3a7bbadfae942f25ed241788bbeda0808fb8fdfc14d1f8c3:486,0-1,0.0,0.0,0.24424662,True,0.06869152188301086
1891,56edbc2e62a5c79a3a7bbadfae942f25ed241788bbeda0808fb8fdfc14d1f8c3:1891,2-3,0.13333333333333333,0.22747895770480633,0.14972022,False,0.06816261727362871
3043,56edbc2e62a5c79a3a7bbadfae942f25ed241788bbeda0808fb8fdfc14d1f8c3:3043,4-5,0.13333333333333333,0.13424962064154208,0.43986052,False,0.0686439024284482
4835,56edbc2e62a5c79a3a7bbadfae942f25ed241788bbeda0808fb8fdfc14d1f8c3:4835,6-7,0.26666666666666666,0.23585075767785899,0.55884606,False,0.06864161510020494
6152,56edbc2e62a5c79a3a7bbadfae942f25ed241788bbeda0808fb8fdfc14d1f8c3:6152,8-9,0.06666666666666667,0.05135849223864361,0.146905,False,0.06875325553119183
42,56edbc2e62a5c79a3a7bbadfae942f25ed241788bbeda0808fb8fdfc14d1f8c3:42,0-1,0.06666666666666667,0.046105120275897894,0.017693475,False,0.06875591818243265
1310,56edbc2e62a5c79a3a7bbadfae942f25ed241788bbeda0808fb8fdfc14d1f8c3:1310,2-3,0.0,0.0,0.08326728,True,0.0685145640745759
3127,56edbc2e62a5c79a3a7bbadfae942f25ed241788bbeda0808fb8fdfc14d1f8c3:3127,4-5,0.0,0.0,0.07647902,True,0.06845805048942566
3988,56edbc2e62a5c79a3a7bbadfae942f25ed241788bbeda0808fb8fdfc14d1f8c3:3988,6-7,0.5333333333333333,0.6613154987492785,0.023548327,False,0.06852760538458824
5496,56edbc2e62a5c79a3a7bbadfae942f25ed241788bbeda0808fb8fdfc14d1f8c3:5496,8-9,0.0,0.0,0.25865227,True,0.06836316920816898
689,56edbc2e62a5c79a3a7bbadfae942f25ed241788bbeda0808fb8fdfc14d1f8c3:689,0-1,0.06666666666666667,0.17060921827860476,0.1427446,False,0.0691495593637228
2187,56edbc2e62a5c79a3a7bbadfae942f25ed241788bbeda0808fb8fdfc14d1f8c3:2187,2-3,0.2,0.30350406531977775,0.03394354,False,0.06893488951027393
3258,56edbc2e62a5c79a3a7bbadfae942f25ed241788bbeda0808fb8fdfc14d1f8c3:3258,4-5,0.0,0.0,0.16247621,True,0.069172746501863
4523,56edbc2e62a5c79a3a7bbadfae942f25ed241788bbeda0808fb8fdfc14d1f8c3:4523,6-7,0.06666666666666667,0.06077222973772036,0.17264932,False,0.06856316141784191
5046,56edbc2e62a5c79a3a7bbadfae942f25ed241788bbeda0808fb8fdfc14d1f8c3:5046,8-9,0.06666666666666667,0.04481043185393461,0.0385647,False,0.06856246199458838
793,56edbc2e62a5c79a3a7bbadfae942f25ed241788bbeda0808fb8fdfc14d1f8c3:793,0-1,0.0,0.0,0.004119182,True,0.06888069119304419
2061,56edbc2e62a5c79a3a7bbadfae942f25ed241788bbeda0808fb8fdfc14d1f8c3:2061,2-3,0.06666666666666667,0.10764243204553911,0.034849316,False,0.06857725512236357
3614,56edbc2e62a5c79a3a7bbadfae942f25ed241788bbeda0808fb8fdfc14d1f8c3:3614,4-5,0.06666666666666667,0.08530460913930238,0.044314627,False,0.06867434456944466
3928,56edbc2e62a5c79a3a7bbadfae942f25ed241788bbeda0808fb8fdfc14d1f8c3:3928,6-7,0.2,0.20817500359667288,0.34019217,False,0.06909087672829628
5451,56edbc2e62a5c79a3a7bbadfae942f25ed241788bbeda0808fb8fdfc14d1f8c3:5451,8-9,0.0,0.0,0.0677599,True,0.06852991972118616
737,56edbc2e62a5c79a3a7bbadfae942f25ed241788bbeda0808fb8fdfc14d1f8c3:737,0-1,0.06666666666666667,0.10764243204553911,0.07711817,False,0.06881821062415838
1918,56edbc2e62a5c79a3a7bbadfae942f25ed241788bbeda0808fb8fdfc14d1f8c3:1918,2-3,0.0,0.0,0.26147243,True,0.06855498533695936
3604,56edbc2e62a5c79a3a7bbadfae942f25ed241788bbeda0808fb8fdfc14d1f8c3:3604,4-5,0.26666666666666666,0.2677706429805781,0.07022012,False,0.06851583160459995
4738,56edbc2e62a5c79a3a7bbadfae942f25ed241788bbeda0808fb8fdfc14d1f8c3:4738,6-7,0.13333333333333333,0.10168017128013618,0.29228517,False,0.06841858476400375
6067,56edbc2e62a5c79a3a7bbadfae942f25ed241788bbeda0808fb8fdfc14d1f8c3:6067,8-9,0.06666666666666667,0.043668798524938345,0.60328513,False,0.06892065610736609
26,56edbc2e62a5c79a3a7bbadfae942f25ed241788bbeda0808fb8fdfc14d1f8c3:26,0-1,0.06666666666666667,0.07347739090382172,0.58914626,False,0.06858174223452806
1866,56edbc2e62a5c79a3a7bbadfae942f25ed241788bbeda0808fb8fdfc14d1f8c3:1866,2-3,0.2,0.24712047798052975,0.68042254,False,0.06814701855182648
3530,56edbc2e62a5c79a3a7bbadfae942f25ed241788bbeda0808fb8fdfc14d1f8c3:3530,4-5,0.0,0.0,0.0671384,True,0.06851780414581299
3889,56edbc2e62a5c79a3a7bbadfae942f25ed241788bbeda0808fb8fdfc14d1f8c3:3889,6-7,0.13333333333333333,0.10687735001361826,0.37818217,False,0.06876695528626442
6005,56edbc2e62a5c79a3a7bbadfae942f25ed241788bbeda0808fb8fdfc14d1f8c3:6005,8-9,0.0,0.0,0.52710634,True,0.06892879027873278
265,56edbc2e62a5c79a3a7bbadfae942f25ed241788bbeda0808fb8fdfc14d1f8c3:265,0-1,0.0,0.0,0.09919975,True,0.06902242545038462
1923,56edbc2e62a5c79a3a7bbadfae942f25ed241788bbeda0808fb8fdfc14d1f8c3:1923,2-3,0.06666666666666667,0.05686973942620158,0.18873595,False,0.06924324668943882
3161,56edbc2e62a5c79a3a7bbadfae942f25ed241788bbeda0808fb8fdfc14d1f8c3:3161,4-5,0.0,0.0,0.06491306,True,0.06891190353780985
4664,56edbc2e62a5c79a3a7bbadfae942f25ed241788bbeda0808fb8fdfc14d1f8c3:4664,6-7,0.06666666666666667,0.04481043185393461,0.12272249,False,0.06917019188404083
5440,56edbc2e62a5c79a3a7bbadfae942f25ed241788bbeda0808fb8fdfc14d1f8c3:5440,8-9,0.06666666666666667,0.08530460913930238,0.09949577,False,0.06837140396237373
581,56edbc2e62a5c79a3a7bbadfae942f25ed241788bbeda0808fb8fdfc14d1f8c3:581,0-1,0.06666666666666667,0.04265230456965119,0.0345044,False,0.06872834172099829
2103,56edbc2e62a5c79a3a7bbadfae942f25ed241788bbeda0808fb8fdfc14d1f8c3:2103,2-3,0.0,0.0,0.24891384,True,0.06880247592926025
3563,56edbc2e62a5c79a3a7bbadfae942f25ed241788bbeda0808fb8fdfc14d1f8c3:3563,4-5,0.0,0.0,0.19384333,True,0.06889927014708519
4473,56edbc2e62a5c79a3a7bbadfae942f25ed241788bbeda0808fb8fdfc14d1f8c3:4473,6-7,0.13333333333333333,0.09091555212983252,0.2886503,False,0.06844048202037811
5408,56edbc2e62a5c79a3a7bbadfae942f25ed241788bbeda0808fb8fdfc14d1f8c3:5408,8-9,0.0,0.0,0.23072264,True,0.06881172209978104
262,56edbc2e62a5c79a3a7bbadfae942f25ed241788bbeda0808fb8fdfc14d1f8c3:262,0-1,0.06666666666666667,0.05686973942620158,0.7256869,False,0.06843948643654585
1269,56edbc2e62a5c79a3a7bbadfae942f25ed241788bbeda0808fb8fdfc14d1f8c3:1269,2-3,0.06666666666666667,0.05135849223864361,0.1502935,False,0.0688978498801589
3193,56edbc2e62a5c79a3a7bbadfae942f25ed241788bbeda0808fb8fdfc14d1f8c3:3193,4-5,0.06666666666666667,0.04265230456965119,0.021017475,False,0.06862393207848072
3979,56edbc2e62a5c79a3a7bbadfae942f25ed241788bbeda0808fb8fdfc14d1f8c3:3979,6-7,0.13333333333333333,0.10053853795113993,0.46924612,False,0.06872986629605293
5185,56edbc2e62a5c79a3a7bbadfae942f25ed241788bbeda0808fb8fdfc14d1f8c3:5185,8-9,0.06666666666666667,0.06077222973772036,0.39227927,False,0.06810778938233852
93,56edbc2e62a5c79a3a7bbadfae942f25ed241788bbeda0808fb8fdfc14d1f8c3:93,0-1,0.0,0.0,0.20200746,True,0.06875055283308029
953,56edbc2e62a5c79a3a7bbadfae942f25ed241788bbeda0808fb8fdfc14d1f8c3:953,2-3,0.26666666666666666,0.23377166463739485,0.062371917,False,0.06821062508970499
2907,56edbc2e62a5c79a3a7bbadfae942f25ed241788bbeda0808fb8fdfc14d1f8c3:2907,4-5,0.13333333333333333,0.12279451495375723,0.06928131,False,0.06857243832200766
4458,56edbc2e62a5c79a3a7bbadfae942f25ed241788bbeda0808fb8fdfc14d1f8c3:4458,6-7,0.0,0.0,0.070789635,True,0.06882805842906237
6081,56edbc2e62a5c79a3a7bbadfae942f25ed241788bbeda0808fb8fdfc14d1f8c3:6081,8-9,0.06666666666666667,0.043668798524938345,0.120161004,False,0.06840921565890312
733,56edbc2e62a5c79a3a7bbadfae942f25ed241788bbeda0808fb8fdfc14d1f8c3:733,0-1,0.0,0.0,0.36309674,True,0.0681616310030222
995,56edbc2e62a5c79a3a7bbadfae942f25ed241788bbeda0808fb8fdfc14d1f8c3:995,2-3,0.2,0.1385057900317031,0.054671027,False,0.0680041154846549
2749,56edbc2e62a5c79a3a7bbadfae942f25ed241788bbeda0808fb8fdfc14d1f8c3:2749,4-5,0.13333333333333333,0.1303471303300233,0.33187157,False,0.06809905730187893
3870,56edbc2e62a5c79a3a7bbadfae942f25ed241788bbeda0808fb8fdfc14d1f8c3:3870,6-7,0.0,0.0,0.13133614,True,0.06847298610955477
4971,56edbc2e62a5c79a3a7bbadfae942f25ed241788bbeda0808fb8fdfc14d1f8c3:4971,8-9,0.13333333333333333,0.21819945618047537,0.10794918,False,0.06831997819244862
881,56edbc2e62a5c79a3a7bbadfae942f25ed241788bbeda0808fb8fdfc14d1f8c3:881,0-1,0.06666666666666667,0.049317124049935504,0.24179901,False,0.06900553405284882
1334,56edbc2e62a5c79a3a7bbadfae942f25ed241788bbeda0808fb8fdfc14d1f8c3:1334,2-3,0.2,0.16144784602629947,0.062332794,False,0.06861155480146408
3546,56edbc2e62a5c79a3a7bbadfae942f25ed241788bbeda0808fb8fdfc14d1f8c3:3546,4-5,0.0,0.0,0.21832444,True,0.06880055740475655
4186,56edbc2e62a5c79a3a7bbadfae942f25ed241788bbeda0808fb8fdfc14d1f8c3:4186,6-7,0.13333333333333333,0.14607683887702272,0.06617482,False,0.06881026923656464
5433,56edbc2e62a5c79a3a7bbadfae942f25ed241788bbeda0808fb8fdfc14d1f8c3:5433,8-9,0.0,0.0,0.5932796,True,0.06797014083713293
553,56edbc2e62a5c79a3a7bbadfae942f25ed241788bbeda0808fb8fdfc14d1f8c3:553,0-1,0.06666666666666667,0.049317124049935504,0.07079998,False,0.06850191485136747
1785,56edbc2e62a5c79a3a7bbadfae942f25ed241788bbeda0808fb8fdfc14d1f8c3:1785,2-3,0.0,0.0,0.36181414,True,0.0687386654317379
2835,56edbc2e62a5c79a3a7bbadfae942f25ed241788bbeda0808fb8fdfc14d1f8c3:2835,4-5,0.3333333333333333,0.26086646362607496,0.08799033,False,0.06857732217758894
4932,56edbc2e62a5c79a3a7bbadfae942f25ed241788bbeda0808fb8fdfc14d1f8c3:4932,6-7,0.3333333333333333,0.4396745496811462,0.03830053,False,0.06873732712119818
6157,56edbc2e62a5c79a3a7bbadfae942f25ed241788bbeda0808fb8fdfc14d1f8c3:6157,8-9,0.0,0.0,0.21929133,True,0.0688852621242404
717,56edbc2e62a5c79a3a7bbadfae942f25ed241788bbeda0808fb8fdfc14d1f8c3:717,0-1,0.3333333333333333,0.30071871808992345,0.0053368676,False,0.06867349613457918
1803,56edbc2e62a5c79a3a7bbadfae942f25ed241788bbeda0808fb8fdfc14d1f8c3:1803,2-3,0.2,0.21600489968513006,0.0011156499,False,0.06881827395409346
2482,56edbc2e62a5c79a3a7bbadfae942f25ed241788bbeda0808fb8fdfc14d1f8c3:2482,4-5,0.26666666666666666,0.20919149755196,0.23362751,False,0.06851138360798359
4226,56edbc2e62a5c79a3a7bbadfae942f25ed241788bbeda0808fb8fdfc14d1f8c3:4226,6-7,0.0,0.0,0.89363045,True,0.06866339966654778
5672,56edbc2e62a5c79a3a7bbadfae942f25ed241788bbeda0808fb8fdfc14d1f8c3:5672,8-9,0.06666666666666667,0.07347739090382172,0.04478602,False,0.06909891404211521
584,56edbc2e62a5c79a3a7bbadfae942f25ed241788bbeda0808fb8fdfc14d1f8c3:584,0-1,0.13333333333333333,0.1314097294152003,0.35491395,False,0.06833440251648426
2321,56edbc2e62a5c79a3a7bbadfae942f25ed241788bbeda0808fb8fdfc14d1f8c3:2321,2-3,0.06666666666666667,0.17060921827860476,0.29513618,False,0.0686367591843009
3349,56edbc2e62a5c79a3a7bbadfae942f25ed241788bbeda0808fb8fdfc14d1f8c3:3349,4-5,0.06666666666666667,0.049317124049935504,0.17242417,False,0.06853579264134169
3910,56edbc2e62a5c79a3a7bbadfae942f25ed241788bbeda0808fb8fdfc14d1f8c3:3910,6-7,0.06666666666666667,0.07347739090382172,0.03777982,False,0.06890393421053886
5246,56edbc2e62a5c79a3a7bbadfae942f25ed241788bbeda0808fb8fdfc14d1f8c3:5246,8-9,0.13333333333333333,0.1346217331892379,0.23465052,False,0.06857517175376415
519,56edbc2e62a5c79a3a7bbadfae942f25ed241788bbeda0808fb8fdfc14d1f8c3:519,0-1,0.06666666666666667,0.053821216022769555,0.2632062,False,0.06871259771287441
1904,56edbc2e62a5c79a3a7bbadfae942f25ed241788bbeda0808fb8fdfc14d1f8c3:1904,2-3,0.0,0.0,0.24769285,True,0.068524906411767
3259,56edbc2e62a5c79a3a7bbadfae942f25ed241788bbeda0808fb8fdfc14d1f8c3:3259,4-5,0.0,0.0,0.35659173,True,0.06868955306708813
4805,56edbc2e62a5c79a3a7bbadfae942f25ed241788bbeda0808fb8fdfc14d1f8c3:4805,6-7,0.06666666666666667,0.04265230456965119,0.27409384,False,0.06867981050163507
5317,56edbc2e62a5c79a3a7bbadfae942f25ed241788bbeda0808fb8fdfc14d1f8c3:5317,8-9,0.2,0.14257864086831862,0.23764297,False,0.06884432677179575
0,56edbc2e62a5c79a3a7bbadfae942f25ed241788bbeda0808fb8fdfc14d1f8c3:0,0-1,0.0,0.0,0.73651826,True,0.0689969900995493
1036,56edbc2e62a5c79a3a7bbadfae942f25ed241788bbeda0808fb8fdfc14d1f8c3:1036,2-3,0.5333333333333333,0.4821247352739507,0.15658069,False,0.06876468099653721
2688,56edbc2e62a5c79a3a7bbadfae942f25ed241788bbeda0808fb8fdfc14d1f8c3:2688,4-5,0.06666666666666667,0.046105120275897894,0.3660336,False,0.068694026209414
4641,56edbc2e62a5c79a3a7bbadfae942f25ed241788bbeda0808fb8fdfc14d1f8c3:4641,6-7,0.3333333333333333,0.3084785073375562,0.22120911,False,0.06880321260541677
4969,56edbc2e62a5c79a3a7bbadfae942f25ed241788bbeda0808fb8fdfc14d1f8c3:4969,8-9,0.06666666666666667,0.10764243204553911,0.4128728,False,0.06887483410537243
12,56edbc2e62a5c79a3a7bbadfae942f25ed241788bbeda0808fb8fdfc14d1f8c3:12,0-1,0.0,0.0,0.05963365,True,0.06871544662863016
1589,56edbc2e62a5c79a3a7bbadfae942f25ed241788bbeda0808fb8fdfc14d1f8c3:1589,2-3,0.3333333333333333,0.4244735361027187,0.074457504,False,0.06856265384703875
2822,56edbc2e62a5c79a3a7bbadfae942f25ed241788bbeda0808fb8fdfc14d1f8c3:2822,4-5,0.06666666666666667,0.043668798524938345,0.6537411,False,0.06817669421434402
4607,56edbc2e62a5c79a3a7bbadfae942f25ed241788bbeda0808fb8fdfc14d1f8c3:4607,6-7,0.06666666666666667,0.10764243204553911,0.4237169,False,0.06825914140790701
5480,56edbc2e62a5c79a3a7bbadfae942f25ed241788bbeda0808fb8fdfc14d1f8c3:5480,8-9,0.0,0.0,0.15049824,True,0.06856168992817402
832,56edbc2e62a5c79a3a7bbadfae942f25ed241788bbeda0808fb8fdfc14d1f8c3:832,0-1,0.0,0.0,0.46254796,True,0.06862819474190474
1706,56edbc2e62a5c79a3a7bbadfae942f25ed241788bbeda0808fb8fdfc14d1f8c3:1706,2-3,0.06666666666666667,0.06077222973772036,0.30124897,False,0.06843621470034122
2628,56edbc2e62a5c79a3a7bbadfae942f25ed241788bbeda0808fb8fdfc14d1f8c3:2628,4-5,0.0,0.0,0.04946631,True,0.06845149956643581
4503,56edbc2e62a5c79a3a7bbadfae942f25ed241788bbeda0808fb8fdfc14d1f8c3:4503,6-7,0.0,0.0,0.26618025,True,0.0686288895085454
5236,56edbc2e62a5c79a3a7bbadfae942f25ed241788bbeda0808fb8fdfc14d1f8c3:5236,8-9,0.0,0.0,0.17962947,True,0.0685071712359786
119,56edbc2e62a5c79a3a7bbadfae942f25ed241788bbeda0808fb8fdfc14d1f8c3:119,0-1,0.06666666666666667,0.10764243204553911,0.015092291,False,0.06864508613944054
1540,56edbc2e62a5c79a3a7bbadfae942f25ed241788bbeda0808fb8fdfc14d1f8c3:1540,2-3,0.0,0.0,0.583917,True,0.06846007239073515
3223,56edbc2e62a5c79a3a7bbadfae942f25ed241788bbeda0808fb8fdfc14d1f8c3:3223,4-5,0.2,0.1884429492120074,0.3053702,False,0.06874241027981043
3859,56edbc2e62a5c79a3a7bbadfae942f25ed241788bbeda0808fb8fdfc14d1f8c3:3859,6-7,0.2,0.19539396292695824,0.21011752,False,0.06846330314874649
5879,56edbc2e62a5c79a3a7bbadfae942f25ed241788bbeda0808fb8fdfc14d1f8c3:5879,8-9,0.13333333333333333,0.21326152284825595,0.6367221,False,0.06892608664929867
91,56edbc2e62a5c79a3a7bbadfae942f25ed241788bbeda0808fb8fdfc14d1f8c3:91,0-1,0.0,0.0,0.21612826,True,0.06878062896430492
1973,56edbc2e62a5c79a3a7bbadfae942f25ed241788bbeda0808fb8fdfc14d1f8c3:1973,2-3,0.06666666666666667,0.0475902379018706,0.22364646,False,0.06865909975022078
3345,56edbc2e62a5c79a3a7bbadfae942f25ed241788bbeda0808fb8fdfc14d1f8c3:3345,4-5,0.13333333333333333,0.17364308707670803,0.014263995,False,0.06889439839869738
3819,56edbc2e62a5c79a3a7bbadfae942f25ed241788bbeda0808fb8fdfc14d1f8c3:3819,6-7,0.13333333333333333,0.22747895770480633,0.2607741,False,0.06875196564942598
5595,56edbc2e62a5c79a3a7bbadfae942f25ed241788bbeda0808fb8fdfc14d1f8c3:5595,8-9,0.06666666666666667,0.04265230456965119,0.027528059,False,0.06846404541283846
405,56edbc2e62a5c79a3a7bbadfae942f25ed241788bbeda0808fb8fdfc14d1f8c3:405,0-1,0.0,0.0,0.13271533,True,0.06936939340084791
1362,56edbc2e62a5c79a3a7bbadfae942f25ed241788bbeda0808fb8fdfc14d1f8c3:1362,2-3,0.26666666666666666,0.3799318216042801,0.02742963,False,0.06884550396353006
3285,56edbc2e62a5c79a3a7bbadfae942f25ed241788bbeda0808fb8fdfc14d1f8c3:3285,4-5,0.06666666666666667,0.17060921827860476,0.7130769,False,0.06854800879955292
4567,56edbc2e62a5c79a3a7bbadfae942f25ed241788bbeda0808fb8fdfc14d1f8c3:4567,6-7,0.2,0.30072425927184177,0.29329553,False,0.06843870785087347
5435,56edbc2e62a5c79a3a7bbadfae942f25ed241788bbeda0808fb8fdfc14d1f8c3:5435,8-9,0.0,0.0,0.09535413,True,0.06850471999496222
819,56edbc2e62a5c79a3a7bbadfae942f25ed241788bbeda0808fb8fdfc14d1f8c3:819,0-1,0.0,0.0,0.3369631,True,0.06867073476314545
2094,56edbc2e62a5c79a3a7bbadfae942f25ed241788bbeda0808fb8fdfc14d1f8c3:2094,2-3,0.0,0.0,0.24429606,True,0.06864117365330458
2450,56edbc2e62a5c79a3a7bbadfae942f25ed241788bbeda0808fb8fdfc14d1f8c3:2450,4-5,0.06666666666666667,0.06077222973772036,0.21441248,False,0.0685718497261405
4247,56edbc2e62a5c79a3a7bbadfae942f25ed241788bbeda0808fb8fdfc14d1f8c3:4247,6-7,0.13333333333333333,0.132894847041173,0.18878043,False,0.06901872903108597
6175,56edbc2e62a5c79a3a7bbadfae942f25ed241788bbeda0808fb8fdfc14d1f8c3:6175,8-9,0.06666666666666667,0.053821216022769555,0.010204179,False,0.06848171073943377
648,56edbc2e62a5c79a3a7bbadfae942f25ed241788bbeda0808fb8fdfc14d1f8c3:648,0-1,0.0,0.0,0.68944377,True,0.06868292205035686
1761,56edbc2e62a5c79a3a7bbadfae942f25ed241788bbeda0808fb8fdfc14d1f8c3:1761,2-3,0.06666666666666667,0.049317124049935504,0.5355911,False,0.06856378633528948
2667,56edbc2e62a5c79a3a7bbadfae942f25ed241788bbeda0808fb8fdfc14d1f8c3:2667,4-5,0.06666666666666667,0.04265230456965119,0.18563023,False,0.06872796732932329
4447,56edbc2e62a5c79a3a7bbadfae942f25ed241788bbeda0808fb8fdfc14d1f8c3:4447,6-7,0.0,0.0,0.67645377,True,0.06876261159777641
5817,56edbc2e62a5c79a3a7bbadfae942f25ed241788bbeda0808fb8fdfc14d1f8c3:5817,8-9,0.26666666666666666,0.21256843375459347,0.19665913,False,0.0683998866006732
69,56edbc2e62a5c79a3a7bbadfae942f25ed241788bbeda0808fb8fdfc14d1f8c3:69,0-1,0.06666666666666667,0.053821216022769555,0.5429903,False,0.06847000308334827
1023,56edbc2e62a5c79a3a7bbadfae942f25ed241788bbeda0808fb8fdfc14d1f8c3:1023,2-3,0.13333333333333333,0.09746361251454151,0.5192718,False,0.06864566262811422
3416,56edbc2e62a5c79a3a7bbadfae942f25ed241788bbeda0808fb8fdfc14d1f8c3:3416,4-5,0.0,0.0,0.36038348,True,0.06853821314871311
4238,56edbc2e62a5c79a3a7bbadfae942f25ed241788bbeda0808fb8fdfc14d1f8c3:4238,6-7,0.13333333333333333,0.09502729076358196,0.22878256,False,0.06879143416881561
5431,56edbc2e62a5c79a3a7bbadfae942f25ed241788bbeda0808fb8fdfc14d1f8c3:5431,8-9,0.06666666666666667,0.06077222973772036,0.20771411,False,0.06898612529039383
501,56edbc2e62a5c79a3a7bbadfae942f25ed241788bbeda0808fb8fdfc14d1f8c3:501,0-1,0.0,0.0,0.112500064,True,0.06869423482567072
1565,56edbc2e62a5c79a3a7bbadfae942f25ed241788bbeda0808fb8fdfc14d1f8c3:1565,2-3,0.0,0.0,0.064402014,True,0.06862945575267076
3076,56edbc2e62a5c79a3a7bbadfae942f25ed241788bbeda0808fb8fdfc14d1f8c3:3076,4-5,0.0,0.0,0.165045,True,0.06858321279287338
4102,56edbc2e62a5c79a3a7bbadfae942f25ed241788bbeda0808fb8fdfc14d1f8c3:4102,6-7,0.4,0.41358528096882646,0.35312247,False,0.06846951227635145
5581,56edbc2e62a5c79a3a7bbadfae942f25ed241788bbeda0808fb8fdfc14d1f8c3:5581,8-9,0.06666666666666667,0.10764243204553911,0.53005284,False,0.06846554670482874
328,56edbc2e62a5c79a3a7bbadfae942f25ed241788bbeda0808fb8fdfc14d1f8c3:328,0-1,0.13333333333333333,0.132894847041173,0.10282774,False,0.06921353843063116
1629,56edbc2e62a5c79a3a7bbadfae942f25ed241788bbeda0808fb8fdfc14d1f8c3:1629,2-3,0.13333333333333333,0.16146364806830865,0.22223583,False,0.06894616596400738
3492,56edbc2e62a5c79a3a7bbadfae942f25ed241788bbeda0808fb8fdfc14d1f8c3:3492,4-5,0.2,0.19989805489979232,0.047894716,False,0.06852374784648418
4561,56edbc2e62a5c79a3a7bbadfae942f25ed241788bbeda0808fb8fdfc14d1f8c3:4561,6-7,0.26666666666666666,0.357677502115466,0.09059574,False,0.06860887166112661
5035,56edbc2e62a5c79a3a7bbadfae942f25ed241788bbeda0808fb8fdfc14d1f8c3:5035,8-9,0.0,0.0,0.42952558,True,0.0685194730758667
39,56edbc2e62a5c79a3a7bbadfae942f25ed241788bbeda0808fb8fdfc14d1f8c3:39,0-1,0.2,0.1643929430336542,0.2053512,False,0.06900941766798496
1992,56edbc2e62a5c79a3a7bbadfae942f25ed241788bbeda0808fb8fdfc14d1f8c3:1992,2-3,0.3333333333333333,0.2744822968213101,0.40517315,False,0.06800329592078924
2640,56edbc2e62a5c79a3a7bbadfae942f25ed241788bbeda0808fb8fdfc14d1f8c3:2640,4-5,0.06666666666666667,0.049317124049935504,1.0565445,False,0.06852708663791418
3984,56edbc2e62a5c79a3a7bbadfae942f25ed241788bbeda0808fb8fdfc14d1f8c3:3984,6-7,0.0,0.0,0.0659637,True,0.06910471804440022
6052,56edbc2e62a5c79a3a7bbadfae942f25ed241788bbeda0808fb8fdfc14d1f8c3:6052,8-9,0.0,0.0,0.15084048,True,0.06907979864627123
460,56edbc2e62a5c79a3a7bbadfae942f25ed241788bbeda0808fb8fdfc14d1f8c3:460,0-1,0.13333333333333333,0.16146364806830865,0.2305868,False,0.06878776475787163
1252,56edbc2e62a5c79a3a7bbadfae942f25ed241788bbeda0808fb8fdfc14d1f8c3:1252,2-3,0.06666666666666667,0.08530460913930238,0.8763636,False,0.06846520956605673
3503,56edbc2e62a5c79a3a7bbadfae942f25ed241788bbeda0808fb8fdfc14d1f8c3:3503,4-5,0.06666666666666667,0.043668798524938345,0.3495096,False,0.06866856291890144
4862,56edbc2e62a5c79a3a7bbadfae942f25ed241788bbeda0808fb8fdfc14d1f8c3:4862,6-7,0.0,0.0,0.0457975,True,0.06857156846672297
5591,56edbc2e62a5c79a3a7bbadfae942f25ed241788bbeda0808fb8fdfc14d1f8c3:5591,8-9,0.06666666666666667,0.06600065503116892,0.22969024,False,0.0682255681604147
682,56edbc2e62a5c79a3a7bbadfae942f25ed241788bbeda0808fb8fdfc14d1f8c3:682,0-1,0.06666666666666667,0.043668798524938345,0.23936044,False,0.06868568062782288
1105,56edbc2e62a5c79a3a7bbadfae942f25ed241788bbeda0808fb8fdfc14d1f8c3:1105,2-3,0.06666666666666667,0.10764243204553911,0.90991145,False,0.06840640679001808
2435,56edbc2e62a5c79a3a7bbadfae942f25ed241788bbeda0808fb8fdfc14d1f8c3:2435,4-5,0.13333333333333333,0.24408660918242647,0.23828454,False,0.06835286691784859
3926,56edbc2e62a5c79a3a7bbadfae942f25ed241788bbeda0808fb8fdfc14d1f8c3:3926,6-7,0.0,0.0,0.19916323,True,0.06866270583122969
6063,56edbc2e62a5c79a3a7bbadfae942f25ed241788bbeda0808fb8fdfc14d1f8c3:6063,8-9,0.0,0.0,0.12814282,True,0.0687314635142684
561,56edbc2e62a5c79a3a7bbadfae942f25ed241788bbeda0808fb8fdfc14d1f8c3:561,0-1,0.0,0.0,0.06817512,True,0.06885518413037062
1001,56edbc2e62a5c79a3a7bbadfae942f25ed241788bbeda0808fb8fdfc14d1f8c3:1001,2-3,0.06666666666666667,0.17060921827860476,0.93424314,False,0.06887959875166416
2616,56edbc2e62a5c79a3a7bbadfae942f25ed241788bbeda0808fb8fdfc14d1f8c3:2616,4-5,0.0,0.0,0.66398436,True,0.06843501329421997
3791,56edbc2e62a5c79a3a7bbadfae942f25ed241788bbeda0808fb8fdfc14d1f8c3:3791,6-7,0.06666666666666667,0.06077222973772036,0.29340807,False,0.06892579887062311
6124,56edbc2e62a5c79a3a7bbadfae942f25ed241788bbeda0808fb8fdfc14d1f8c3:6124,8-9,0.06666666666666667,0.04265230456965119,0.6084942,False,0.0689710732549429
720,56edbc2e62a5c79a3a7bbadfae942f25ed241788bbeda0808fb8fdfc14d1f8c3:720,0-1,0.13333333333333333,0.11982187105393848,0.010781854,False,0.06933626998215914
1545,56edbc2e62a5c79a3a7bbadfae942f25ed241788bbeda0808fb8fdfc14d1f8c3:1545,2-3,0.13333333333333333,0.1346217331892379,0.2958665,False,0.06970134563744068
2691,56edbc2e62a5c79a3a7bbadfae942f25ed241788bbeda0808fb8fdfc14d1f8c3:2691,4-5,0.0,0.0,0.38177052,True,0.06985067669302225
4493,56edbc2e62a5c79a3a7bbadfae942f25ed241788bbeda0808fb8fdfc14d1f8c3:4493,6-7,0.13333333333333333,0.11081108688510354,0.06949939,False,0.06926840636879206
5792,56edbc2e62a5c79a3a7bbadfae942f25ed241788bbeda0808fb8fdfc14d1f8c3:5792,8-9,0.0,0.0,0.09732972,True,0.06971640978008509
778,56edbc2e62a5c79a3a7bbadfae942f25ed241788bbeda0808fb8fdfc14d1f8c3:778,0-1,0.2,0.2888970410363611,0.04790441,False,0.06967666652053595
1118,56edbc2e62a5c79a3a7bbadfae942f25ed241788bbeda0808fb8fdfc14d1f8c3:1118,2-3,0.0,0.0,0.41493624,True,0.06884403992444277
3095,56edbc2e62a5c79a3a7bbadfae942f25ed241788bbeda0808fb8fdfc14d1f8c3:3095,4-5,0.26666666666666666,0.33911389994600843,0.13722977,False,0.0690916022285819
3738,56edbc2e62a5c79a3a7bbadfae942f25ed241788bbeda0808fb8fdfc14d1f8c3:3738,6-7,0.13333333333333333,0.11828782275775633,0.2806936,False,0.06896628811955452
5942,56edbc2e62a5c79a3a7bbadfae942f25ed241788bbeda0808fb8fdfc14d1f8c3:5942,8-9,0.0,0.0,0.286718,True,0.06922559347003698
324,56edbc2e62a5c79a3a7bbadfae942f25ed241788bbeda0808fb8fdfc14d1f8c3:324,0-1,0.13333333333333333,0.1346217331892379,0.28997058,False,0.06910424400120974
2307,56edbc2e62a5c79a3a7bbadfae942f25ed241788bbeda0808fb8fdfc14d1f8c3:2307,2-3,0.0,0.0,0.104267634,True,0.0697092916816473
2570,56edbc2e62a5c79a3a7bbadfae942f25ed241788bbeda0808fb8fdfc14d1f8c3:2570,4-5,0.06666666666666667,0.05135849223864361,0.078172036,False,0.0685024717822671
3691,56edbc2e62a5c79a3a7bbadfae942f25ed241788bbeda0808fb8fdfc14d1f8c3:3691,6-7,0.2,0.2916768470842971,0.40570527,False,0.06850352603942156
5797,56edbc2e62a5c79a3a7bbadfae942f25ed241788bbeda0808fb8fdfc14d1f8c3:5797,8-9,0.26666666666666666,0.3461563698894289,0.51801103,False,0.06873689498752356
319,56edbc2e62a5c79a3a7bbadfae942f25ed241788bbeda0808fb8fdfc14d1f8c3:319,0-1,0.0,0.0,0.21483424,True,0.0686158537864685
1763,56edbc2e62a5c79a3a7bbadfae942f25ed241788bbeda0808fb8fdfc14d1f8c3:1763,2-3,0.2,0.14261752866545255,0.36905017,False,0.06828369945287704
3319,56edbc2e62a5c79a3a7bbadfae942f25ed241788bbeda0808fb8fdfc14d1f8c3:3319,4-5,0.06666666666666667,0.08530460913930238,0.34407586,False,0.06852944195270538
4823,56edbc2e62a5c79a3a7bbadfae942f25ed241788bbeda0808fb8fdfc14d1f8c3:4823,6-7,0.0,0.0,0.08864843,True,0.06841042265295982
5282,56edbc2e62a5c79a3a7bbadfae942f25ed241788bbeda0808fb8fdfc14d1f8c3:5282,8-9,0.0,0.0,0.10497833,True,0.06836685538291931
444,56edbc2e62a5c79a3a7bbadfae942f25ed241788bbeda0808fb8fdfc14d1f8c3:444,0-1,0.2,0.16667627131974805,0.007322356,False,0.06839991733431816
1770,56edbc2e62a5c79a3a7bbadfae942f25ed241788bbeda0808fb8fdfc14d1f8c3:1770,2-3,0.13333333333333333,0.12279451495375723,0.12766044,False,0.06885010469704866
3382,56edbc2e62a5c79a3a7bbadfae942f25ed241788bbeda0808fb8fdfc14d1f8c3:3382,4-5,0.0,0.0,0.07304351,True,0.06866113562136889
3694,56edbc2e62a5c79a3a7bbadfae942f25ed241788bbeda0808fb8fdfc14d1f8c3:3694,6-7,0.2,0.18827946884140184,0.50335956,False,0.06885951943695545
5975,56edbc2e62a5c79a3a7bbadfae942f25ed241788bbeda0808fb8fdfc14d1f8c3:5975,8-9,0.0,0.0,0.10325296,True,0.06850369554013014
497,56edbc2e62a5c79a3a7bbadfae942f25ed241788bbeda0808fb8fdfc14d1f8c3:497,0-1,0.06666666666666667,0.17060921827860476,0.13067734,False,0.06878827977925539
1665,56edbc2e62a5c79a3a7bbadfae942f25ed241788bbeda0808fb8fdfc14d1f8c3:1665,2-3,0.06666666666666667,0.10764243204553911,0.35608804,False,0.06846770457923412
3158,56edbc2e62a5c79a3a7bbadfae942f25ed241788bbeda0808fb8fdfc14d1f8c3:3158,4-5,0.0,0.0,0.14397514,True,0.06875099521130323
4928,56edbc2e62a5c79a3a7bbadfae942f25ed241788bbeda0808fb8fdfc14d1f8c3:4928,6-7,0.13333333333333333,0.2313814480163251,0.5936933,False,0.06845039315521717
5737,56edbc2e62a5c79a3a7bbadfae942f25ed241788bbeda0808fb8fdfc14d1f8c3:5737,8-9,0.26666666666666666,0.23175858425466347,0.3861712,False,0.06818596459925175
226,56edbc2e62a5c79a3a7bbadfae942f25ed241788bbeda0808fb8fdfc14d1f8c3:226,0-1,0.2,0.14113241103947985,0.12642874,False,0.06881261523813009
1379,56edbc2e62a5c79a3a7bbadfae942f25ed241788bbeda0808fb8fdfc14d1f8c3:1379,2-3,0.0,0.0,0.053120874,True,0.06859606876969337
3237,56edbc2e62a5c79a3a7bbadfae942f25ed241788bbeda0808fb8fdfc14d1f8c3:3237,4-5,0.0,0.0,0.6921784,True,0.06883068382740021
4596,56edbc2e62a5c79a3a7bbadfae942f25ed241788bbeda0808fb8fdfc14d1f8c3:4596,6-7,0.0,0.0,0.24291223,True,0.0690233251079917
5724,56edbc2e62a5c79a3a7bbadfae942f25ed241788bbeda0808fb8fdfc14d1f8c3:5724,8-9,0.06666666666666667,0.06600065503116892,0.121769525,False,0.06886383891105652
771,56edbc2e62a5c79a3a7bbadfae942f25ed241788bbeda0808fb8fdfc14d1f8c3:771,0-1,0.2,0.14473676815260206,0.20761421,False,0.06880242936313152
1012,56edbc2e62a5c79a3a7bbadfae942f25ed241788bbeda0808fb8fdfc14d1f8c3:1012,2-3,0.06666666666666667,0.05135849223864361,0.8529972,False,0.06871035229414701
2496,56edbc2e62a5c79a3a7bbadfae942f25ed241788bbeda0808fb8fdfc14d1f8c3:2496,4-5,0.0,0.0,0.29128847,True,0.0690951393917203
4005,56edbc2e62a5c79a3a7bbadfae942f25ed241788bbeda0808fb8fdfc14d1f8c3:4005,6-7,0.0,0.0,0.039675876,True,0.06907699443399906
5593,56edbc2e62a5c79a3a7bbadfae942f25ed241788bbeda0808fb8fdfc14d1f8c3:5593,8-9,0.06666666666666667,0.06600065503116892,0.22944172,False,0.06894691102206707
8,56edbc2e62a5c79a3a7bbadfae942f25ed241788bbeda0808fb8fdfc14d1f8c3:8,0-1,0.0,0.0,0.16396016,True,0.06874283775687218
930,56edbc2e62a5c79a3a7bbadfae942f25ed241788bbeda0808fb8fdfc14d1f8c3:930,2-3,0.0,0.0,0.0525084,True,0.06844228506088257
3073,56edbc2e62a5c79a3a7bbadfae942f25ed241788bbeda0808fb8fdfc14d1f8c3:3073,4-5,0.0,0.0,0.12957877,True,0.06848665326833725
4336,56edbc2e62a5c79a3a7bbadfae942f25ed241788bbeda0808fb8fdfc14d1f8c3:4336,6-7,0.26666666666666666,0.25022107291385776,0.5583184,False,0.06874442100524902
6123,56edbc2e62a5c79a3a7bbadfae942f25ed241788bbeda0808fb8fdfc14d1f8c3:6123,8-9,0.2,0.15619447406355377,0.14215374,False,0.06895674671977758
664,56edbc2e62a5c79a3a7bbadfae942f25ed241788bbeda0808fb8fdfc14d1f8c3:664,0-1,0.0,0.0,0.028115124,True,0.06845358852297068
2182,56edbc2e62a5c79a3a7bbadfae942f25ed241788bbeda0808fb8fdfc14d1f8c3:2182,2-3,0.0,0.0,0.38681912,True,0.06850667856633663
2802,56edbc2e62a5c79a3a7bbadfae942f25ed241788bbeda0808fb8fdfc14d1f8c3:2802,4-5,0.0,0.0,0.08054639,True,0.06867666076868773
4444,56edbc2e62a5c79a3a7bbadfae942f25ed241788bbeda0808fb8fdfc14d1f8c3:4444,6-7,0.0,0.0,0.34167567,True,0.06907669268548489
5460,56edbc2e62a5c79a3a7bbadfae942f25ed241788bbeda0808fb8fdfc14d1f8c3:5460,8-9,0.06666666666666667,0.08530460913930238,0.035683937,False,0.06863496359437704
586,56edbc2e62a5c79a3a7bbadfae942f25ed241788bbeda0808fb8fdfc14d1f8c3:586,0-1,0.0,0.0,0.63908166,True,0.06880691833794117
2077,56edbc2e62a5c79a3a7bbadfae942f25ed241788bbeda0808fb8fdfc14d1f8c3:2077,2-3,0.0,0.0,0.004840087,True,0.06843394413590431
2957,56edbc2e62a5c79a3a7bbadfae942f25ed241788bbeda0808fb8fdfc14d1f8c3:2957,4-5,0.0,0.0,0.3937677,True,0.0684775123372674
4485,56edbc2e62a5c79a3a7bbadfae942f25ed241788bbeda0808fb8fdfc14d1f8c3:4485,6-7,0.06666666666666667,0.05135849223864361,0.18462124,False,0.06844856683164835
6066,56edbc2e62a5c79a3a7bbadfae942f25ed241788bbeda0808fb8fdfc14d1f8c3:6066,8-9,0.0,0.0,0.3368433,True,0.06877337489277124
533,56edbc2e62a5c79a3a7bbadfae942f25ed241788bbeda0808fb8fdfc14d1f8c3:533,0-1,0.06666666666666667,0.17060921827860476,0.07459659,False,0.06902465969324112
2043,56edbc2e62a5c79a3a7bbadfae942f25ed241788bbeda0808fb8fdfc14d1f8c3:2043,2-3,0.06666666666666667,0.06600065503116892,0.2435106,False,0.06809334829449654
2404,56edbc2e62a5c79a3a7bbadfae942f25ed241788bbeda0808fb8fdfc14d1f8c3:2404,4-5,0.13333333333333333,0.136663101377946,0.30095226,False,0.06847698334604502
3852,56edbc2e62a5c79a3a7bbadfae942f25ed241788bbeda0808fb8fdfc14d1f8c3:3852,6-7,0.06666666666666667,0.10764243204553911,0.3916195,False,0.06840566638857126
5969,56edbc2e62a5c79a3a7bbadfae942f25ed241788bbeda0808fb8fdfc14d1f8c3:5969,8-9,0.06666666666666667,0.05686973942620158,0.1417518,False,0.06822695210576057
283,56edbc2e62a5c79a3a7bbadfae942f25ed241788bbeda0808fb8fdfc14d1f8c3:283,0-1,0.06666666666666667,0.04481043185393461,0.19498134,False,0.06825774349272251
2285,56edbc2e62a5c79a3a7bbadfae942f25ed241788bbeda0808fb8fdfc14d1f8c3:2285,2-3,0.0,0.0,0.45269227,True,0.06854407023638487
3142,56edbc2e62a5c79a3a7bbadfae942f25ed241788bbeda0808fb8fdfc14d1f8c3:3142,4-5,0.13333333333333333,0.11764196916392194,0.41896394,False,0.0686127794906497
4025,56edbc2e62a5c79a3a7bbadfae942f25ed241788bbeda0808fb8fdfc14d1f8c3:4025,6-7,0.0,0.0,0.50625426,True,0.06859160866588354
5659,56edbc2e62a5c79a3a7bbadfae942f25ed241788bbeda0808fb8fdfc14d1f8c3:5659,8-9,0.06666666666666667,0.049317124049935504,0.49448013,False,0.06859332975000143
854,56edbc2e62a5c79a3a7bbadfae942f25ed241788bbeda0808fb8fdfc14d1f8c3:854,0-1,0.06666666666666667,0.043668798524938345,0.32200983,False,0.0686912527307868
1612,56edbc2e62a5c79a3a7bbadfae942f25ed241788bbeda0808fb8fdfc14d1f8c3:1612,2-3,0.13333333333333333,0.10053853795113993,0.3164114,False,0.06852312944829464
3222,56edbc2e62a5c79a3a7bbadfae942f25ed241788bbeda0808fb8fdfc14d1f8c3:3222,4-5,0.13333333333333333,0.1289734076642407,0.2588214,False,0.06866440735757351
3650,56edbc2e62a5c79a3a7bbadfae942f25ed241788bbeda0808fb8fdfc14d1f8c3:3650,6-7,0.13333333333333333,0.13947804593499064,0.08881488,False,0.06833678856492043
6023,56edbc2e62a5c79a3a7bbadfae942f25ed241788bbeda0808fb8fdfc14d1f8c3:6023,8-9,0.06666666666666667,0.05686973942620158,0.73764765,False,0.06851184275001287
79,56edbc2e62a5c79a3a7bbadfae942f25ed241788bbeda0808fb8fdfc14d1f8c3:79,0-1,0.06666666666666667,0.08530460913930238,0.062768936,False,0.06871137861162424
1373,56edbc2e62a5c79a3a7bbadfae942f25ed241788bbeda0808fb8fdfc14d1f8c3:1373,2-3,0.13333333333333333,0.09502729076358196,0.35851222,False,0.06879229377955198
3334,56edbc2e62a5c79a3a7bbadfae942f25ed241788bbeda0808fb8fdfc14d1f8c3:3334,4-5,0.0,0.0,0.6708821,True,0.06823292374610901
3935,56edbc2e62a5c79a3a7bbadfae942f25ed241788bbeda0808fb8fdfc14d1f8c3:3935,6-7,0.13333333333333333,0.09992633629866744,0.23410133,False,0.06900970824062824
5788,56edbc2e62a5c79a3a7bbadfae942f25ed241788bbeda0808fb8fdfc14d1f8c3:5788,8-9,0.0,0.0,0.2226224,True,0.06896426621824503
29,56edbc2e62a5c79a3a7bbadfae942f25ed241788bbeda0808fb8fdfc14d1f8c3:29,0-1,0.0,0.0,0.26841503,True,0.06920329760760069
2283,56edbc2e62a5c79a3a7bbadfae942f25ed241788bbeda0808fb8fdfc14d1f8c3:2283,2-3,0.06666666666666667,0.06077222973772036,0.54096895,False,0.06889598537236452
3580,56edbc2e62a5c79a3a7bbadfae942f25ed241788bbeda0808fb8fdfc14d1f8c3:3580,4-5,0.0,0.0,0.06690922,True,0.06870164349675179
3985,56edbc2e62a5c79a3a7bbadfae942f25ed241788bbeda0808fb8fdfc14d1f8c3:3985,6-7,0.0,0.0,0.27160078,True,0.06892323307693005
5952,56edbc2e62a5c79a3a7bbadfae942f25ed241788bbeda0808fb8fdfc14d1f8c3:5952,8-9,0.13333333333333333,0.1569595560954746,0.095668964,False,0.06856509856879711
755,56edbc2e62a5c79a3a7bbadfae942f25ed241788bbeda0808fb8fdfc14d1f8c3:755,0-1,0.06666666666666667,0.049317124049935504,0.22136821,False,0.06885214522480965
1457,56edbc2e62a5c79a3a7bbadfae942f25ed241788bbeda0808fb8fdfc14d1f8c3:1457,2-3,0.26666666666666666,0.3108418944583728,0.43124506,False,0.06892848201096058
2618,56edbc2e62a5c79a3a7bbadfae942f25ed241788bbeda0808fb8fdfc14d1f8c3:2618,4-5,0.0,0.0,0.17902163,True,0.0691786278039217
4700,56edbc2e62a5c79a3a7bbadfae942f25ed241788bbeda0808fb8fdfc14d1f8c3:4700,6-7,0.0,0.0,0.5356338,True,0.06831380445510149
5540,56edbc2e62a5c79a3a7bbadfae942f25ed241788bbeda0808fb8fdfc14d1f8c3:5540,8-9,0.06666666666666667,0.05686973942620158,0.14553775,False,0.06890466343611479
849,56edbc2e62a5c79a3a7bbadfae942f25ed241788bbeda0808fb8fdfc14d1f8c3:849,0-1,0.0,0.0,0.5291466,True,0.0686368951573968
1976,56edbc2e62a5c79a3a7bbadfae942f25ed241788bbeda0808fb8fdfc14d1f8c3:1976,2-3,0.0,0.0,0.14979383,True,0.06907136365771294
2472,56edbc2e62a5c79a3a7bbadfae942f25ed241788bbeda0808fb8fdfc14d1f8c3:2472,4-5,0.0,0.0,0.2721149,True,0.06783496588468552
3925,56edbc2e62a5c79a3a7bbadfae942f25ed241788bbeda0808fb8fdfc14d1f8c3:3925,6-7,0.0,0.0,0.20065895,True,0.06774899363517761
5654,56edbc2e62a5c79a3a7bbadfae942f25ed241788bbeda0808fb8fdfc14d1f8c3:5654,8-9,0.0,0.0,0.09370562,True,0.06786732096225023
340,56edbc2e62a5c79a3a7bbadfae942f25ed241788bbeda0808fb8fdfc14d1f8c3:340,0-1,0.06666666666666667,0.046105120275897894,0.42135134,False,0.06780455447733402
1917,56edbc2e62a5c79a3a7bbadfae942f25ed241788bbeda0808fb8fdfc14d1f8c3:1917,2-3,0.06666666666666667,0.0475902379018706,0.34186825,False,0.06812252197414637
2778,56edbc2e62a5c79a3a7bbadfae942f25ed241788bbeda0808fb8fdfc14d1f8c3:2778,4-5,0.0,0.0,0.22130844,True,0.06793765258044004
4306,56edbc2e62a5c79a3a7bbadfae942f25ed241788bbeda0808fb8fdfc14d1f8c3:4306,6-7,0.0,0.0,0.29958865,True,0.06766862981021404
5865,56edbc2e62a5c79a3a7bbadfae942f25ed241788bbeda0808fb8fdfc14d1f8c3:5865,8-9,0.06666666666666667,0.10764243204553911,0.35248244,False,0.06765370164066553
433,56edbc2e62a5c79a3a7bbadfae942f25ed241788bbeda0808fb8fdfc14d1f8c3:433,0-1,0.0,0.0,0.6150818,True,0.06802268140017986
1843,56edbc2e62a5c79a3a7bbadfae942f25ed241788bbeda0808fb8fdfc14d1f8c3:1843,2-3,0.06666666666666667,0.049317124049935504,0.3733227,False,0.06801013834774494
2960,56edbc2e62a5c79a3a7bbadfae942f25ed241788bbeda0808fb8fdfc14d1f8c3:2960,4-5,0.06666666666666667,0.07347739090382172,0.46875963,False,0.06753848027437925
3974,56edbc2e62a5c79a3a7bbadfae942f25ed241788bbeda0808fb8fdfc14d1f8c3:3974,6-7,0.06666666666666667,0.04265230456965119,0.038317036,False,0.06814033444970846
5971,56edbc2e62a5c79a3a7bbadfae942f25ed241788bbeda0808fb8fdfc14d1f8c3:5971,8-9,0.0,0.0,0.29327637,True,0.06775157991796732
333,56edbc2e62a5c79a3a7bbadfae942f25ed241788bbeda0808fb8fdfc14d1f8c3:333,0-1,0.0,0.0,0.33553985,True,0.06871194019913673
1291,56edbc2e62a5c79a3a7bbadfae942f25ed241788bbeda0808fb8fdfc14d1f8c3:1291,2-3,0.0,0.0,0.21026433,True,0.06803949922323227
3064,56edbc2e62a5c79a3a7bbadfae942f25ed241788bbeda0808fb8fdfc14d1f8c3:3064,4-5,0.06666666666666667,0.07347739090382172,0.1307745,False,0.0681726299226284
4132,56edbc2e62a5c79a3a7bbadfae942f25ed241788bbeda0808fb8fdfc14d1f8c3:4132,6-7,0.26666666666666666,0.295921900886941,0.03729121,False,0.0682757468894124
5771,56edbc2e62a5c79a3a7bbadfae942f25ed241788bbeda0808fb8fdfc14d1f8c3:5771,8-9,0.06666666666666667,0.10764243204553911,0.20619917,False,0.06772731058299541
469,56edbc2e62a5c79a3a7bbadfae942f25ed241788bbeda0808fb8fdfc14d1f8c3:469,0-1,0.0,0.0,0.27514535,True,0.06809546612203121
1208,56edbc2e62a5c79a3a7bbadfae942f25ed241788bbeda0808fb8fdfc14d1f8c3:1208,2-3,0.06666666666666667,0.08530460913930238,0.68907577,False,0.0677329320460558
3610,56edbc2e62a5c79a3a7bbadfae942f25ed241788bbeda0808fb8fdfc14d1f8c3:3610,4-5,0.13333333333333333,0.27825165032414384,0.14521322,False,0.06822639983147383
4799,56edbc2e62a5c79a3a7bbadfae942f25ed241788bbeda0808fb8fdfc14d1f8c3:4799,6-7,0.0,0.0,0.34275725,True,0.0676311794668436
5415,56edbc2e62a5c79a3a7bbadfae942f25ed241788bbeda0808fb8fdfc14d1f8c3:5415,8-9,0.06666666666666667,0.05686973942620158,0.16103639,False,0.06765108648687601
223,56edbc2e62a5c79a3a7bbadfae942f25ed241788bbeda0808fb8fdfc14d1f8c3:223,0-1,0.13333333333333333,0.11213072197636398,0.3110257,False,0.06764080468565226
1431,56edbc2e62a5c79a3a7bbadfae942f25ed241788bbeda0808fb8fdfc14d1f8c3:1431,2-3,0.2,0.17287800504478718,0.100890175,False,0.06770089734345675
2519,56edbc2e62a5c79a3a7bbadfae942f25ed241788bbeda0808fb8fdfc14d1f8c3:2519,4-5,0.26666666666666666,0.27418162502784793,0.091260165,False,0.06777525413781404
4041,56edbc2e62a5c79a3a7bbadfae942f25ed241788bbeda0808fb8fdfc14d1f8c3:4041,6-7,0.2,0.17829053171417622,0.13149199,False,0.06820912566035986
5682,56edbc2e62a5c79a3a7bbadfae942f25ed241788bbeda0808fb8fdfc14d1f8c3:5682,8-9,0.0,0.0,0.3546446,True,0.06788472086191177
276,56edbc2e62a5c79a3a7bbadfae942f25ed241788bbeda0808fb8fdfc14d1f8c3:276,0-1,0.2,0.14883916804578826,0.14332582,False,0.06772549264132977
1191,56edbc2e62a5c79a3a7bbadfae942f25ed241788bbeda0808fb8fdfc14d1f8c3:1191,2-3,0.4666666666666667,0.5215045685084688,0.22758481,False,0.06765332724899054
2879,56edbc2e62a5c79a3a7bbadfae942f25ed241788bbeda0808fb8fdfc14d1f8c3:2879,4-5,0.13333333333333333,0.1044410282626587,0.042688377,False,0.0675931666046381
4572,56edbc2e62a5c79a3a7bbadfae942f25ed241788bbeda0808fb8fdfc14d1f8c3:4572,6-7,0.0,0.0,0.20016254,True,0.06799518037587404
5582,56edbc2e62a5c79a3a7bbadfae942f25ed241788bbeda0808fb8fdfc14d1f8c3:5582,8-9,0.06666666666666667,0.053821216022769555,0.17929365,False,0.06792889535427094
796,56edbc2e62a5c79a3a7bbadfae942f25ed241788bbeda0808fb8fdfc14d1f8c3:796,0-1,0.13333333333333333,0.13424962064154208,0.11255618,False,0.06806694157421589
1495,56edbc2e62a5c79a3a7bbadfae942f25ed241788bbeda0808fb8fdfc14d1f8c3:1495,2-3,0.0,0.0,0.1240809,True,0.06799360178411007
3397,56edbc2e62a5c79a3a7bbadfae942f25ed241788bbeda0808fb8fdfc14d1f8c3:3397,4-5,0.13333333333333333,0.10313834007270506,0.25870252,False,0.06798340380191803
4429,56edbc2e62a5c79a3a7bbadfae942f25ed241788bbeda0808fb8fdfc14d1f8c3:4429,6-7,0.0,0.0,0.13222706,True,0.06814252398908138
5458,56edbc2e62a5c79a3a7bbadfae942f25ed241788bbeda0808fb8fdfc14d1f8c3:5458,8-9,0.06666666666666667,0.07347739090382172,0.93084586,False,0.06781296711415052
139,56edbc2e62a5c79a3a7bbadfae942f25ed241788bbeda0808fb8fdfc14d1f8c3:139,0-1,0.0,0.0,0.39471212,True,0.06838291045278311
2138,56edbc2e62a5c79a3a7bbadfae942f25ed241788bbeda0808fb8fdfc14d1f8c3:2138,2-3,0.06666666666666667,0.046105120275897894,0.20842399,False,0.06761434022337198
3485,56edbc2e62a5c79a3a7bbadfae942f25ed241788bbeda0808fb8fdfc14d1f8c3:3485,4-5,0.06666666666666667,0.10764243204553911,0.10978976,False,0.0681848730891943
4647,56edbc2e62a5c79a3a7bbadfae942f25ed241788bbeda0808fb8fdfc14d1f8c3:4647,6-7,0.13333333333333333,0.11735914726981254,0.09846085,False,0.06871797051280737
5506,56edbc2e62a5c79a3a7bbadfae942f25ed241788bbeda0808fb8fdfc14d1f8c3:5506,8-9,0.0,0.0,0.21175386,True,0.0676216809079051
883,56edbc2e62a5c79a3a7bbadfae942f25ed241788bbeda0808fb8fdfc14d1f8c3:883,0-1,0.0,0.0,0.010332875,True,0.06818228121846914
2386,56edbc2e62a5c79a3a7bbadfae942f25ed241788bbeda0808fb8fdfc14d1f8c3:2386,2-3,0.2,0.24053727908671207,0.047032647,False,0.06756869424134493
2626,56edbc2e62a5c79a3a7bbadfae942f25ed241788bbeda0808fb8fdfc14d1f8c3:2626,4-5,0.0,0.0,0.25586897,True,0.06821821164339781
4174,56edbc2e62a5c79a3a7bbadfae942f25ed241788bbeda0808fb8fdfc14d1f8c3:4174,6-7,0.2,0.2305128265029096,1.1705261,False,0.06820150278508663
5743,56edbc2e62a5c79a3a7bbadfae942f25ed241788bbeda0808fb8fdfc14d1f8c3:5743,8-9,0.0,0.0,0.064420536,True,0.06859031785279512
777,56edbc2e62a5c79a3a7bbadfae942f25ed241788bbeda0808fb8fdfc14d1f8c3:777,0-1,0.0,0.0,0.6199715,True,0.06804753933101892
1558,56edbc2e62a5c79a3a7bbadfae942f25ed241788bbeda0808fb8fdfc14d1f8c3:1558,2-3,0.26666666666666666,0.2770676213840796,0.15090287,False,0.06819925550371408
2851,56edbc2e62a5c79a3a7bbadfae942f25ed241788bbeda0808fb8fdfc14d1f8c3:2851,4-5,0.13333333333333333,0.11982187105393848,0.14103538,False,0.06762865092605352
4845,56edbc2e62a5c79a3a7bbadfae942f25ed241788bbeda0808fb8fdfc14d1f8c3:4845,6-7,0.0,0.0,0.08678837,True,0.0675126826390624
5062,56edbc2e62a5c79a3a7bbadfae942f25ed241788bbeda0808fb8fdfc14d1f8c3:5062,8-9,0.0,0.0,0.032438517,True,0.06820923648774624
167,56edbc2e62a5c79a3a7bbadfae942f25ed241788bbeda0808fb8fdfc14d1f8c3:167,0-1,0.06666666666666667,0.04265230456965119,0.33367372,False,0.06810901593416929
2089,56edbc2e62a5c79a3a7bbadfae942f25ed241788bbeda0808fb8fdfc14d1f8c3:2089,2-3,0.13333333333333333,0.11764196916392194,0.03637028,False,0.06788573320955038
3511,56edbc2e62a5c79a3a7bbadfae942f25ed241788bbeda0808fb8fdfc14d1f8c3:3511,4-5,0.06666666666666667,0.04265230456965119,0.08527759,False,0.06755330227315426
4931,56edbc2e62a5c79a3a7bbadfae942f25ed241788bbeda0808fb8fdfc14d1f8c3:4931,6-7,0.06666666666666667,0.049317124049935504,0.2028313,False,0.06779302377253771
5093,56edbc2e62a5c79a3a7bbadfae942f25ed241788bbeda0808fb8fdfc14d1f8c3:5093,8-9,0.13333333333333333,0.10168017128013618,0.055787146,False,0.06787443906068802
806,56edbc2e62a5c79a3a7bbadfae942f25ed241788bbeda0808fb8fdfc14d1f8c3:806,0-1,0.13333333333333333,0.17364308707670803,0.0069844276,False,0.06836102530360222
1525,56edbc2e62a5c79a3a7bbadfae942f25ed241788bbeda0808fb8fdfc14d1f8c3:1525,2-3,0.13333333333333333,0.11764196916392194,0.37611312,False,0.06851442344486713
3619,56edbc2e62a5c79a3a7bbadfae942f25ed241788bbeda0808fb8fdfc14d1f8c3:3619,4-5,0.0,0.0,0.21261123,True,0.06825171876698732
4514,56edbc2e62a5c79a3a7bbadfae942f25ed241788bbeda0808fb8fdfc14d1f8c3:4514,6-7,0.0,0.0,0.13452154,True,0.06783873774111271
5887,56edbc2e62a5c79a3a7bbadfae942f25ed241788bbeda0808fb8fdfc14d1f8c3:5887,8-9,0.0,0.0,0.056514584,True,0.06797873973846436
753,56edbc2e62a5c79a3a7bbadfae942f25ed241788bbeda0808fb8fdfc14d1f8c3:753,0-1,0.06666666666666667,0.06077222973772036,0.27956578,False,0.06823884602636099
1280,56edbc2e62a5c79a3a7bbadfae942f25ed241788bbeda0808fb8fdfc14d1f8c3:1280,2-3,0.2,0.2901917294583244,0.121627286,False,0.06813852675259113
3130,56edbc2e62a5c79a3a7bbadfae942f25ed241788bbeda0808fb8fdfc14d1f8c3:3130,4-5,0.3333333333333333,0.3202048994001264,0.10075237,False,0.06836811732500792
4196,56edbc2e62a5c79a3a7bbadfae942f25ed241788bbeda0808fb8fdfc14d1f8c3:4196,6-7,0.2,0.19083653817363427,0.0047985706,False,0.06761038023978472
6171,56edbc2e62a5c79a3a7bbadfae942f25ed241788bbeda0808fb8fdfc14d1f8c3:6171,8-9,0.06666666666666667,0.06600065503116892,0.25711903,False,0.06802657339721918
465,56edbc2e62a5c79a3a7bbadfae942f25ed241788bbeda0808fb8fdfc14d1f8c3:465,0-1,0.06666666666666667,0.04265230456965119,0.36826867,False,0.06767234019935131
1833,56edbc2e62a5c79a3a7bbadfae942f25ed241788bbeda0808fb8fdfc14d1f8c3:1833,2-3,0.06666666666666667,0.05135849223864361,0.2757554,False,0.06763559859246016
3405,56edbc2e62a5c79a3a7bbadfae942f25ed241788bbeda0808fb8fdfc14d1f8c3:3405,4-5,0.13333333333333333,0.11210577530706682,0.14839575,False,0.06794602703303099
4934,56edbc2e62a5c79a3a7bbadfae942f25ed241788bbeda0808fb8fdfc14d1f8c3:4934,6-7,0.2,0.32435677060004175,0.09598639,False,0.06807146407663822
5783,56edbc2e62a5c79a3a7bbadfae942f25ed241788bbeda0808fb8fdfc14d1f8c3:5783,8-9,0.06666666666666667,0.07347739090382172,0.12056914,False,0.06811794079840183
702,56edbc2e62a5c79a3a7bbadfae942f25ed241788bbeda0808fb8fdfc14d1f8c3:702,0-1,0.0,0.0,0.00891991,True,0.06806313991546631
958,56edbc2e62a5c79a3a7bbadfae942f25ed241788bbeda0808fb8fdfc14d1f8c3:958,2-3,0.06666666666666667,0.06077222973772036,0.12637702,False,0.06824533455073833
3454,56edbc2e62a5c79a3a7bbadfae942f25ed241788bbeda0808fb8fdfc14d1f8c3:3454,4-5,0.0,0.0,0.07348314,True,0.06790972128510475
4117,56edbc2e62a5c79a3a7bbadfae942f25ed241788bbeda0808fb8fdfc14d1f8c3:4117,6-7,0.0,0.0,0.29610708,True,0.06788866501301527
4997,56edbc2e62a5c79a3a7bbadfae942f25ed241788bbeda0808fb8fdfc14d1f8c3:4997,8-9,0.0,0.0,0.10871174,True,0.06820607744157314
745,56edbc2e62a5c79a3a7bbadfae942f25ed241788bbeda0808fb8fdfc14d1f8c3:745,0-1,0.06666666666666667,0.053821216022769555,0.73046273,False,0.06770429667085409
2165,56edbc2e62a5c79a3a7bbadfae942f25ed241788bbeda0808fb8fdfc14d1f8c3:2165,2-3,0.06666666666666667,0.06600065503116892,0.18378729,False,0.06815792713314295
3361,56edbc2e62a5c79a3a7bbadfae942f25ed241788bbeda0808fb8fdfc14d1f8c3:3361,4-5,0.06666666666666667,0.07347739090382172,0.011181302,False,0.06822455488145351
4789,56edbc2e62a5c79a3a7bbadfae942f25ed241788bbeda0808fb8fdfc14d1f8c3:4789,6-7,0.06666666666666667,0.08530460913930238,0.37281814,False,0.06817145366221666
5118,56edbc2e62a5c79a3a7bbadfae942f25ed241788bbeda0808fb8fdfc14d1f8c3:5118,8-9,0.06666666666666667,0.053821216022769555,0.07571295,False,0.06793969124555588
765,56edbc2e62a5c79a3a7bbadfae942f25ed241788bbeda0808fb8fdfc14d1f8c3:765,0-1,0.13333333333333333,0.16146364806830865,0.6426254,False,0.06820222735404968
2093,56edbc2e62a5c79a3a7bbadfae942f25ed241788bbeda0808fb8fdfc14d1f8c3:2093,2-3,0.06666666666666667,0.06077222973772036,0.427038,False,0.06763433013111353
2763,56edbc2e62a5c79a3a7bbadfae942f25ed241788bbeda0808fb8fdfc14d1f8c3:2763,4-5,0.13333333333333333,0.17364308707670803,0.21080106,False,0.06774070393294096
4160,56edbc2e62a5c79a3a7bbadfae942f25ed241788bbeda0808fb8fdfc14d1f8c3:4160,6-7,0.0,0.0,0.043540403,True,0.06769756507128477
5163,56edbc2e62a5c79a3a7bbadfae942f25ed241788bbeda0808fb8fdfc14d1f8c3:5163,8-9,0.0,0.0,0.16309074,True,0.06753104645758867
251,56edbc2e62a5c79a3a7bbadfae942f25ed241788bbeda0808fb8fdfc14d1f8c3:251,0-1,0.0,0.0,0.19232143,True,0.06792190298438072
1742,56edbc2e62a5c79a3a7bbadfae942f25ed241788bbeda0808fb8fdfc14d1f8c3:1742,2-3,0.26666666666666666,0.23490029026082407,0.31998652,False,0.06759081408381462
2407,56edbc2e62a5c79a3a7bbadfae942f25ed241788bbeda0808fb8fdfc14d1f8c3:2407,4-5,0.4,0.3235455834382311,0.2852868,False,0.06774410046637058
4192,56edbc2e62a5c79a3a7bbadfae942f25ed241788bbeda0808fb8fdfc14d1f8c3:4192,6-7,0.06666666666666667,0.17060921827860476,0.14222819,False,0.06801560986787081
5828,56edbc2e62a5c79a3a7bbadfae942f25ed241788bbeda0808fb8fdfc14d1f8c3:5828,8-9,0.0,0.0,0.510011,True,0.06798499915748835
583,56edbc2e62a5c79a3a7bbadfae942f25ed241788bbeda0808fb8fdfc14d1f8c3:583,0-1,0.0,0.0,0.28921282,True,0.06722629815340042
2277,56edbc2e62a5c79a3a7bbadfae942f25ed241788bbeda0808fb8fdfc14d1f8c3:2277,2-3,0.0,0.0,0.014410555,True,0.06845201551914215
3149,56edbc2e62a5c79a3a7bbadfae942f25ed241788bbeda0808fb8fdfc14d1f8c3:3149,4-5,0.0,0.0,0.24615695,True,0.06843198277056217
4760,56edbc2e62a5c79a3a7bbadfae942f25ed241788bbeda0808fb8fdfc14d1f8c3:4760,6-7,0.0,0.0,0.2995131,True,0.06837752182036638
4956,56edbc2e62a5c79a3a7bbadfae942f25ed241788bbeda0808fb8fdfc14d1f8c3:4956,8-9,0.0,0.0,0.25188825,True,0.06825604103505611
792,56edbc2e62a5c79a3a7bbadfae942f25ed241788bbeda0808fb8fdfc14d1f8c3:792,0-1,0.13333333333333333,0.1524528638994737,0.06234166,False,0.06815689615905285
1839,56edbc2e62a5c79a3a7bbadfae942f25ed241788bbeda0808fb8fdfc14d1f8c3:1839,2-3,0.06666666666666667,0.10764243204553911,0.4564792,False,0.06833267118781805
3082,56edbc2e62a5c79a3a7bbadfae942f25ed241788bbeda0808fb8fdfc14d1f8c3:3082,4-5,0.06666666666666667,0.06600065503116892,0.08954099,False,0.06865386757999659
4107,56edbc2e62a5c79a3a7bbadfae942f25ed241788bbeda0808fb8fdfc14d1f8c3:4107,6-7,0.13333333333333333,0.0974900145477079,0.023061208,False,0.06806550826877356
5650,56edbc2e62a5c79a3a7bbadfae942f25ed241788bbeda0808fb8fdfc14d1f8c3:5650,8-9,0.06666666666666667,0.06077222973772036,0.14504923,False,0.06755099445581436
585,56edbc2e62a5c79a3a7bbadfae942f25ed241788bbeda0808fb8fdfc14d1f8c3:585,0-1,0.26666666666666666,0.26793670577911227,0.34579742,False,0.06799285486340523
955,56edbc2e62a5c79a3a7bbadfae942f25ed241788bbeda0808fb8fdfc14d1f8c3:955,2-3,0.13333333333333333,0.10836246763959095,0.27463543,False,0.06797666847705841
2681,56edbc2e62a5c79a3a7bbadfae942f25ed241788bbeda0808fb8fdfc14d1f8c3:2681,4-5,0.06666666666666667,0.046105120275897894,0.4310187,False,0.06801420263946056
3644,56edbc2e62a5c79a3a7bbadfae942f25ed241788bbeda0808fb8fdfc14d1f8c3:3644,6-7,0.06666666666666667,0.05135849223864361,0.32091913,False,0.06760617159307003
5777,56edbc2e62a5c79a3a7bbadfae942f25ed241788bbeda0808fb8fdfc14d1f8c3:5777,8-9,0.0,0.0,0.14728361,True,0.06816031970083714
294,56edbc2e62a5c79a3a7bbadfae942f25ed241788bbeda0808fb8fdfc14d1f8c3:294,0-1,0.0,0.0,0.39024124,True,0.06796816270798445
1402,56edbc2e62a5c79a3a7bbadfae942f25ed241788bbeda0808fb8fdfc14d1f8c3:1402,2-3,0.0,0.0,0.46570033,True,0.06845436803996563
2495,56edbc2e62a5c79a3a7bbadfae942f25ed241788bbeda0808fb8fdfc14d1f8c3:2495,4-5,0.2,0.19612166242441204,0.16974504,False,0.06768905464559793
3783,56edbc2e62a5c79a3a7bbadfae942f25ed241788bbeda0808fb8fdfc14d1f8c3:3783,6-7,0.0,0.0,0.22119407,True,0.0679250592365861
6126,56edbc2e62a5c79a3a7bbadfae942f25ed241788bbeda0808fb8fdfc14d1f8c3:6126,8-9,0.06666666666666667,0.07347739090382172,0.29161277,False,0.06853109039366245
557,56edbc2e62a5c79a3a7bbadfae942f25ed241788bbeda0808fb8fdfc14d1f8c3:557,0-1,0.2,0.2735840779807042,0.2344437,False,0.06840424425899982
2312,56edbc2e62a5c79a3a7bbadfae942f25ed241788bbeda0808fb8fdfc14d1f8c3:2312,2-3,0.13333333333333333,0.1303471303300233,0.06465188,False,0.06808602809906006
3163,56edbc2e62a5c79a3a7bbadfae942f25ed241788bbeda0808fb8fdfc14d1f8c3:3163,4-5,0.2,0.2366158397097798,0.015174239,False,0.06808686070144176
4437,56edbc2e62a5c79a3a7bbadfae942f25ed241788bbeda0808fb8fdfc14d1f8c3:4437,6-7,0.2,0.14057616047674443,0.3082081,False,0.06822863407433033
6053,56edbc2e62a5c79a3a7bbadfae942f25ed241788bbeda0808fb8fdfc14d1f8c3:6053,8-9,0.0,0.0,0.37968114,True,0.06829966977238655
805,56edbc2e62a5c79a3a7bbadfae942f25ed241788bbeda0808fb8fdfc14d1f8c3:805,0-1,0.0,0.0,0.08095518,True,0.06830474641174078
2318,56edbc2e62a5c79a3a7bbadfae942f25ed241788bbeda0808fb8fdfc14d1f8c3:2318,2-3,0.2,0.18974563740196107,0.39341113,False,0.06819034274667501
3135,56edbc2e62a5c79a3a7bbadfae942f25ed241788bbeda0808fb8fdfc14d1f8c3:3135,4-5,0.2,0.29958262594284546,0.37135684,False,0.06787408422678709
4795,56edbc2e62a5c79a3a7bbadfae942f25ed241788bbeda0808fb8fdfc14d1f8c3:4795,6-7,0.0,0.0,0.09451554,True,0.06773735396564007
5328,56edbc2e62a5c79a3a7bbadfae942f25ed241788bbeda0808fb8fdfc14d1f8c3:5328,8-9,0.06666666666666667,0.08530460913930238,0.026819259,False,0.06784487329423428
751,56edbc2e62a5c79a3a7bbadfae942f25ed241788bbeda0808fb8fdfc14d1f8c3:751,0-1,0.13333333333333333,0.08746273642358579,0.27094996,False,0.06761134695261717
1106,56edbc2e62a5c79a3a7bbadfae942f25ed241788bbeda0808fb8fdfc14d1f8c3:1106,2-3,0.06666666666666667,0.05135849223864361,0.22955061,False,0.06822219211608171
3054,56edbc2e62a5c79a3a7bbadfae942f25ed241788bbeda0808fb8fdfc14d1f8c3:3054,4-5,0.26666666666666666,0.30160000078566157,0.47323874,False,0.06800736859440804
4555,56edbc2e62a5c79a3a7bbadfae942f25ed241788bbeda0808fb8fdfc14d1f8c3:4555,6-7,0.06666666666666667,0.053821216022769555,0.22774173,False,0.06819206289947033
5884,56edbc2e62a5c79a3a7bbadfae942f25ed241788bbeda0808fb8fdfc14d1f8c3:5884,8-9,0.0,0.0,0.10468876,True,0.06793269794434309
696,56edbc2e62a5c79a3a7bbadfae942f25ed241788bbeda0808fb8fdfc14d1f8c3:696,0-1,0.0,0.0,0.37653607,True,0.06823846511542797
1871,56edbc2e62a5c79a3a7bbadfae942f25ed241788bbeda0808fb8fdfc14d1f8c3:1871,2-3,0.06666666666666667,0.06600065503116892,0.045315545,False,0.06800758000463247
3173,56edbc2e62a5c79a3a7bbadfae942f25ed241788bbeda0808fb8fdfc14d1f8c3:3173,4-5,0.0,0.0,0.66145885,True,0.06776621285825968
4786,56edbc2e62a5c79a3a7bbadfae942f25ed241788bbeda0808fb8fdfc14d1f8c3:4786,6-7,0.06666666666666667,0.07347739090382172,0.9187911,False,0.06815097201615572
5588,56edbc2e62a5c79a3a7bbadfae942f25ed241788bbeda0808fb8fdfc14d1f8c3:5588,8-9,0.0,0.0,0.06459483,True,0.0685531310737133
47,56edbc2e62a5c79a3a7bbadfae942f25ed241788bbeda0808fb8fdfc14d1f8c3:47,0-1,0.0,0.0,0.18904777,True,0.06801887229084969
1062,56edbc2e62a5c79a3a7bbadfae942f25ed241788bbeda0808fb8fdfc14d1f8c3:1062,2-3,0.06666666666666667,0.049317124049935504,0.09052711,False,0.06791742146015167
2862,56edbc2e62a5c79a3a7bbadfae942f25ed241788bbeda0808fb8fdfc14d1f8c3:2862,4-5,0.26666666666666666,0.27802718490116696,0.23470172,False,0.06827941443771124
3822,56edbc2e62a5c79a3a7bbadfae942f25ed241788bbeda0808fb8fdfc14d1f8c3:3822,6-7,0.0,0.0,0.07678012,True,0.06778630521148443
5157,56edbc2e62a5c79a3a7bbadfae942f25ed241788bbeda0808fb8fdfc14d1f8c3:5157,8-9,0.06666666666666667,0.04481043185393461,0.41908866,False,0.06862188968807459
811,56edbc2e62a5c79a3a7bbadfae942f25ed241788bbeda0808fb8fdfc14d1f8c3:811,0-1,0.3333333333333333,0.3512092854702698,0.35369816,False,0.06857999972999096
1144,56edbc2e62a5c79a3a7bbadfae942f25ed241788bbeda0808fb8fdfc14d1f8c3:1144,2-3,0.06666666666666667,0.06077222973772036,0.38161975,False,0.06803145166486502
2633,56edbc2e62a5c79a3a7bbadfae942f25ed241788bbeda0808fb8fdfc14d1f8c3:2633,4-5,0.06666666666666667,0.0475902379018706,0.47030145,False,0.06797378789633512
4205,56edbc2e62a5c79a3a7bbadfae942f25ed241788bbeda0808fb8fdfc14d1f8c3:4205,6-7,0.0,0.0,0.34158072,True,0.06803698558360338
5857,56edbc2e62a5c79a3a7bbadfae942f25ed241788bbeda0808fb8fdfc14d1f8c3:5857,8-9,0.0,0.0,0.21531652,True,0.06808503065258265
853,56edbc2e62a5c79a3a7bbadfae942f25ed241788bbeda0808fb8fdfc14d1f8c3:853,0-1,0.0,0.0,0.14652336,True,0.06802062131464481
2116,56edbc2e62a5c79a3a7bbadfae942f25ed241788bbeda0808fb8fdfc14d1f8c3:2116,2-3,0.06666666666666667,0.10764243204553911,0.5244956,False,0.06798617914319038
2788,56edbc2e62a5c79a3a7bbadfae942f25ed241788bbeda0808fb8fdfc14d1f8c3:2788,4-5,0.06666666666666667,0.0475902379018706,0.20606416,False,0.06806449685245752
4035,56edbc2e62a5c79a3a7bbadfae942f25ed241788bbeda0808fb8fdfc14d1f8c3:4035,6-7,0.0,0.0,0.5210372,True,0.06768978014588356
5167,56edbc2e62a5c79a3a7bbadfae942f25ed241788bbeda0808fb8fdfc14d1f8c3:5167,8-9,0.0,0.0,0.4540426,True,0.06784401275217533
301,56edbc2e62a5c79a3a7bbadfae942f25ed241788bbeda0808fb8fdfc14d1f8c3:301,0-1,0.3333333333333333,0.4100136005122628,0.64600664,False,0.06761684641242027
1633,56edbc2e62a5c79a3a7bbadfae942f25ed241788bbeda0808fb8fdfc14d1f8c3:1633,2-3,0.13333333333333333,0.21541965013253936,0.3400534,False,0.0685646291822195
2436,56edbc2e62a5c79a3a7bbadfae942f25ed241788bbeda0808fb8fdfc14d1f8c3:2436,4-5,0.13333333333333333,0.0936953581777685,0.053043388,False,0.0680865254253149
3888,56edbc2e62a5c79a3a7bbadfae942f25ed241788bbeda0808fb8fdfc14d1f8c3:3888,6-7,0.2,0.17829053171417622,0.14807409,False,0.06802835315465927
4960,56edbc2e62a5c79a3a7bbadfae942f25ed241788bbeda0808fb8fdfc14d1f8c3:4960,8-9,0.06666666666666667,0.07347739090382172,0.23686787,False,0.0677331555634737
100,56edbc2e62a5c79a3a7bbadfae942f25ed241788bbeda0808fb8fdfc14d1f8c3:100,0-1,0.0,0.0,0.6532063,True,0.06799914967268705
1841,56edbc2e62a5c79a3a7bbadfae942f25ed241788bbeda0808fb8fdfc14d1f8c3:1841,2-3,0.0,0.0,0.24831697,True,0.06848444323986769
3199,56edbc2e62a5c79a3a7bbadfae942f25ed241788bbeda0808fb8fdfc14d1f8c3:3199,4-5,0.2,0.1477852915560341,1.074541,False,0.06817633379250765
4851,56edbc2e62a5c79a3a7bbadfae942f25ed241788bbeda0808fb8fdfc14d1f8c3:4851,6-7,0.0,0.0,0.3095187,True,0.06881925370544195
5447,56edbc2e62a5c79a3a7bbadfae942f25ed241788bbeda0808fb8fdfc14d1f8c3:5447,8-9,0.0,0.0,0.3802455,True,0.06802143156528473
282,56edbc2e62a5c79a3a7bbadfae942f25ed241788bbeda0808fb8fdfc14d1f8c3:282,0-1,0.06666666666666667,0.0475902379018706,0.061002925,False,0.0677833491936326
2385,56edbc2e62a5c79a3a7bbadfae942f25ed241788bbeda0808fb8fdfc14d1f8c3:2385,2-3,0.13333333333333333,0.10618686347613708,0.05145105,False,0.06850436329841614
3037,56edbc2e62a5c79a3a7bbadfae942f25ed241788bbeda0808fb8fdfc14d1f8c3:3037,4-5,0.13333333333333333,0.08977391880083624,0.09362207,False,0.0682509122416377
3800,56edbc2e62a5c79a3a7bbadfae942f25ed241788bbeda0808fb8fdfc14d1f8c3:3800,6-7,0.0,0.0,0.5478202,True,0.06788054667413235
5410,56edbc2e62a5c79a3a7bbadfae942f25ed241788bbeda0808fb8fdfc14d1f8c3:5410,8-9,0.06666666666666667,0.053821216022769555,0.124884546,False,0.06800254434347153
858,56edbc2e62a5c79a3a7bbadfae942f25ed241788bbeda0808fb8fdfc14d1f8c3:858,0-1,0.06666666666666667,0.049317124049935504,0.123629004,False,0.06850921176373959
1884,56edbc2e62a5c79a3a7bbadfae942f25ed241788bbeda0808fb8fdfc14d1f8c3:1884,2-3,0.06666666666666667,0.06077222973772036,0.48206234,False,0.0677694333717227
2886,56edbc2e62a5c79a3a7bbadfae942f25ed241788bbeda0808fb8fdfc14d1f8c3:2886,4-5,0.06666666666666667,0.05135849223864361,0.9001259,False,0.06805800925940275
4560,56edbc2e62a5c79a3a7bbadfae942f25ed241788bbeda0808fb8fdfc14d1f8c3:4560,6-7,0.2,0.19639985689108821,0.6119963,False,0.06802943721413612
5716,56edbc2e62a5c79a3a7bbadfae942f25ed241788bbeda0808fb8fdfc14d1f8c3:5716,8-9,0.06666666666666667,0.05135849223864361,0.0064664483,False,0.06848745793104172
651,56edbc2e62a5c79a3a7bbadfae942f25ed241788bbeda0808fb8fdfc14d1f8c3:651,0-1,0.0,0.0,0.19909063,True,0.06828212924301624
1004,56edbc2e62a5c79a3a7bbadfae942f25ed241788bbeda0808fb8fdfc14d1f8c3:1004,2-3,0.06666666666666667,0.053821216022769555,0.016193457,False,0.06870967894792557
2944,56edbc2e62a5c79a3a7bbadfae942f25ed241788bbeda0808fb8fdfc14d1f8c3:2944,4-5,0.0,0.0,0.11624011,True,0.06817184668034315
4869,56edbc2e62a5c79a3a7bbadfae942f25ed241788bbeda0808fb8fdfc14d1f8c3:4869,6-7,0.2,0.26300988803440994,0.34610462,False,0.06836629472672939
5208,56edbc2e62a5c79a3a7bbadfae942f25ed241788bbeda0808fb8fdfc14d1f8c3:5208,8-9,0.06666666666666667,0.10764243204553911,0.30772442,False,0.06865311227738857
389,56edbc2e62a5c79a3a7bbadfae942f25ed241788bbeda0808fb8fdfc14d1f8c3:389,0-1,0.13333333333333333,0.21671433855450267,0.46426582,False,0.06758123263716698
2339,56edbc2e62a5c79a3a7bbadfae942f25ed241788bbeda0808fb8fdfc14d1f8c3:2339,2-3,0.06666666666666667,0.04265230456965119,0.6164731,False,0.06753860041499138
2889,56edbc2e62a5c79a3a7bbadfae942f25ed241788bbeda0808fb8fdfc14d1f8c3:2889,4-5,0.06666666666666667,0.053821216022769555,0.3909294,False,0.06804035883396864
4109,56edbc2e62a5c79a3a7bbadfae942f25ed241788bbeda0808fb8fdfc14d1f8c3:4109,6-7,0.13333333333333333,0.11982187105393848,0.11424838,False,0.06792108342051506
5287,56edbc2e62a5c79a3a7bbadfae942f25ed241788bbeda0808fb8fdfc14d1f8c3:5287,8-9,0.2,0.21061729174763857,0.08620025,False,0.06820946745574474
235,56edbc2e62a5c79a3a7bbadfae942f25ed241788bbeda0808fb8fdfc14d1f8c3:235,0-1,0.06666666666666667,0.17060921827860476,0.12627314,False,0.06801560707390308
1601,56edbc2e62a5c79a3a7bbadfae942f25ed241788bbeda0808fb8fdfc14d1f8c3:1601,2-3,0.13333333333333333,0.11359089293303952,0.08128189,False,0.06836615595966578
3086,56edbc2e62a5c79a3a7bbadfae942f25ed241788bbeda0808fb8fdfc14d1f8c3:3086,4-5,0.0,0.0,0.44009048,True,0.0681622764095664
4915,56edbc2e62a5c79a3a7bbadfae942f25ed241788bbeda0808fb8fdfc14d1f8c3:4915,6-7,0.26666666666666666,0.2564849724318845,0.35327685,False,0.06811222620308399
5064,56edbc2e62a5c79a3a7bbadfae942f25ed241788bbeda0808fb8fdfc14d1f8c3:5064,8-9,0.13333333333333333,0.11612969547347292,0.11590831,False,0.06802913825958967
738,56edbc2e62a5c79a3a7bbadfae942f25ed241788bbeda0808fb8fdfc14d1f8c3:738,0-1,0.06666666666666667,0.06077222973772036,0.13582212,False,0.06804017908871174
1108,56edbc2e62a5c79a3a7bbadfae942f25ed241788bbeda0808fb8fdfc14d1f8c3:1108,2-3,0.06666666666666667,0.04265230456965119,0.08629814,False,0.06789222545921803
3322,56edbc2e62a5c79a3a7bbadfae942f25ed241788bbeda0808fb8fdfc14d1f8c3:3322,4-5,0.13333333333333333,0.18111982294936083,0.35190016,False,0.06790485419332981
4506,56edbc2e62a5c79a3a7bbadfae942f25ed241788bbeda0808fb8fdfc14d1f8c3:4506,6-7,0.26666666666666666,0.2587083363417915,0.31367996,False,0.06822755374014378
5653,56edbc2e62a5c79a3a7bbadfae942f25ed241788bbeda0808fb8fdfc14d1f8c3:5653,8-9,0.0,0.0,0.036401838,True,0.06828881800174713
347,56edbc2e62a5c79a3a7bbadfae942f25ed241788bbeda0808fb8fdfc14d1f8c3:347,0-1,0.0,0.0,0.13126668,True,0.0680494187399745
2369,56edbc2e62a5c79a3a7bbadfae942f25ed241788bbeda0808fb8fdfc14d1f8c3:2369,2-3,0.06666666666666667,0.08530460913930238,0.35936564,False,0.06794667057693005
2861,56edbc2e62a5c79a3a7bbadfae942f25ed241788bbeda0808fb8fdfc14d1f8c3:2861,4-5,0.26666666666666666,0.20060195258724656,0.18001546,False,0.06773455813527107
4597,56edbc2e62a5c79a3a7bbadfae942f25ed241788bbeda0808fb8fdfc14d1f8c3:4597,6-7,0.13333333333333333,0.21541965013253936,0.12238318,False,0.06822341773658991
5890,56edbc2e62a5c79a3a7bbadfae942f25ed241788bbeda0808fb8fdfc14d1f8c3:5890,8-9,0.26666666666666666,0.197445899902946,0.20024896,False,0.06840512901544571
691,56edbc2e62a5c79a3a7bbadfae942f25ed241788bbeda0808fb8fdfc14d1f8c3:691,0-1,0.06666666666666667,0.0475902379018706,0.31696546,False,0.06790250819176435
965,56edbc2e62a5c79a3a7bbadfae942f25ed241788bbeda0808fb8fdfc14d1f8c3:965,2-3,0.06666666666666667,0.10764243204553911,0.26479682,False,0.06790862511843443
3607,56edbc2e62a5c79a3a7bbadfae942f25ed241788bbeda0808fb8fdfc14d1f8c3:3607,4-5,0.0,0.0,0.08689706,True,0.06795463431626558
4201,56edbc2e62a5c79a3a7bbadfae942f25ed241788bbeda0808fb8fdfc14d1f8c3:4201,6-7,0.0,0.0,0.35307682,True,0.0679995846003294
5223,56edbc2e62a5c79a3a7bbadfae942f25ed241788bbeda0808fb8fdfc14d1f8c3:5223,8-9,0.06666666666666667,0.06077222973772036,0.13470331,False,0.06793011538684368
812,56edbc2e62a5c79a3a7bbadfae942f25ed241788bbeda0808fb8fdfc14d1f8c3:812,0-1,0.0,0.0,0.098784044,True,0.0682348795235157
1814,56edbc2e62a5c79a3a7bbadfae942f25ed241788bbeda0808fb8fdfc14d1f8c3:1814,2-3,0.06666666666666667,0.04265230456965119,0.094178595,False,0.06810434069484472
2841,56edbc2e62a5c79a3a7bbadfae942f25ed241788bbeda0808fb8fdfc14d1f8c3:2841,4-5,0.06666666666666667,0.17060921827860476,0.13984303,False,0.06818671151995659
4797,56edbc2e62a5c79a3a7bbadfae942f25ed241788bbeda0808fb8fdfc14d1f8c3:4797,6-7,0.0,0.0,0.32873663,True,0.06754834111779928
5660,56edbc2e62a5c79a3a7bbadfae942f25ed241788bbeda0808fb8fdfc14d1f8c3:5660,8-9,0.06666666666666667,0.04481043185393461,0.08473646,False,0.06807121448218822
721,56edbc2e62a5c79a3a7bbadfae942f25ed241788bbeda0808fb8fdfc14d1f8c3:721,0-1,0.13333333333333333,0.11735914726981254,0.28725526,False,0.06779891066253185
1037,56edbc2e62a5c79a3a7bbadfae942f25ed241788bbeda0808fb8fdfc14d1f8c3:1037,2-3,0.06666666666666667,0.17060921827860476,0.5403367,False,0.06773748993873596
2978,56edbc2e62a5c79a3a7bbadfae942f25ed241788bbeda0808fb8fdfc14d1f8c3:2978,4-5,0.0,0.0,0.56066394,True,0.06839430518448353
4491,56edbc2e62a5c79a3a7bbadfae942f25ed241788bbeda0808fb8fdfc14d1f8c3:4491,6-7,0.13333333333333333,0.10836246763959095,0.5939456,False,0.06819412298500538
5187,56edbc2e62a5c79a3a7bbadfae942f25ed241788bbeda0808fb8fdfc14d1f8c3:5187,8-9,0.0,0.0,0.10515393,True,0.06820745579898357
252,56edbc2e62a5c79a3a7bbadfae942f25ed241788bbeda0808fb8fdfc14d1f8c3:252,0-1,0.3333333333333333,0.31969949032057055,0.3089184,False,0.06826526299118996
2255,56edbc2e62a5c79a3a7bbadfae942f25ed241788bbeda0808fb8fdfc14d1f8c3:2255,2-3,0.0,0.0,0.84436905,True,0.06834963615983725
3373,56edbc2e62a5c79a3a7bbadfae942f25ed241788bbeda0808fb8fdfc14d1f8c3:3373,4-5,0.0,0.0,0.14675209,True,0.0683330437168479
4708,56edbc2e62a5c79a3a7bbadfae942f25ed241788bbeda0808fb8fdfc14d1f8c3:4708,6-7,0.06666666666666667,0.043668798524938345,0.47680554,False,0.06800769548863173
5232,56edbc2e62a5c79a3a7bbadfae942f25ed241788bbeda0808fb8fdfc14d1f8c3:5232,8-9,0.0,0.0,0.14138581,True,0.06797696463763714
559,56edbc2e62a5c79a3a7bbadfae942f25ed241788bbeda0808fb8fdfc14d1f8c3:559,0-1,0.0,0.0,0.46490014,True,0.06813273020088673
1924,56edbc2e62a5c79a3a7bbadfae942f25ed241788bbeda0808fb8fdfc14d1f8c3:1924,2-3,0.0,0.0,0.054648608,True,0.06777768023312092
2392,56edbc2e62a5c79a3a7bbadfae942f25ed241788bbeda0808fb8fdfc14d1f8c3:2392,4-5,0.13333333333333333,0.0919694286195867,0.029909052,False,0.0682856123894453
4323,56edbc2e62a5c79a3a7bbadfae942f25ed241788bbeda0808fb8fdfc14d1f8c3:4323,6-7,0.26666666666666666,0.2220844696128237,0.041225277,False,0.06817079987376928
6183,56edbc2e62a5c79a3a7bbadfae942f25ed241788bbeda0808fb8fdfc14d1f8c3:6183,8-9,0.3333333333333333,0.27213880147527064,0.5574174,False,0.0680331764742732
560,56edbc2e62a5c79a3a7bbadfae942f25ed241788bbeda0808fb8fdfc14d1f8c3:560,0-1,0.13333333333333333,0.2313814480163251,0.3752294,False,0.06793000921607018
1293,56edbc2e62a5c79a3a7bbadfae942f25ed241788bbeda0808fb8fdfc14d1f8c3:1293,2-3,0.06666666666666667,0.08530460913930238,0.10567321,False,0.06810241099447012
2742,56edbc2e62a5c79a3a7bbadfae942f25ed241788bbeda0808fb8fdfc14d1f8c3:2742,4-5,0.06666666666666667,0.046105120275897894,0.15506563,False,0.06799787282943726
4218,56edbc2e62a5c79a3a7bbadfae942f25ed241788bbeda0808fb8fdfc14d1f8c3:4218,6-7,0.06666666666666667,0.04265230456965119,0.043688737,False,0.0681019639596343
5142,56edbc2e62a5c79a3a7bbadfae942f25ed241788bbeda0808fb8fdfc14d1f8c3:5142,8-9,0.26666666666666666,0.22099396510435976,0.2566356,False,0.06790693011134863
454,56edbc2e62a5c79a3a7bbadfae942f25ed241788bbeda0808fb8fdfc14d1f8c3:454,0-1,0.0,0.0,0.36444822,True,0.06792314443737268
1097,56edbc2e62a5c79a3a7bbadfae942f25ed241788bbeda0808fb8fdfc14d1f8c3:1097,2-3,0.06666666666666667,0.10764243204553911,0.18397148,False,0.06749703362584114
2746,56edbc2e62a5c79a3a7bbadfae942f25ed241788bbeda0808fb8fdfc14d1f8c3:2746,4-5,0.0,0.0,0.21204075,True,0.06812635157257318
4365,56edbc2e62a5c79a3a7bbadfae942f25ed241788bbeda0808fb8fdfc14d1f8c3:4365,6-7,0.06666666666666667,0.0475902379018706,0.10083197,False,0.06747200805693865
5061,56edbc2e62a5c79a3a7bbadfae942f25ed241788bbeda0808fb8fdfc14d1f8c3:5061,8-9,0.06666666666666667,0.043668798524938345,0.017795015,False,0.0681481696665287
108,56edbc2e62a5c79a3a7bbadfae942f25ed241788bbeda0808fb8fdfc14d1f8c3:108,0-1,0.0,0.0,0.37557113,True,0.06811376474797726
1421,56edbc2e62a5c79a3a7bbadfae942f25ed241788bbeda0808fb8fdfc14d1f8c3:1421,2-3,0.06666666666666667,0.07347739090382172,0.22518863,False,0.0680596325546503
3502,56edbc2e62a5c79a3a7bbadfae942f25ed241788bbeda0808fb8fdfc14d1f8c3:3502,4-5,0.0,0.0,0.084363595,True,0.06807605922222137
4836,56edbc2e62a5c79a3a7bbadfae942f25ed241788bbeda0808fb8fdfc14d1f8c3:4836,6-7,0.06666666666666667,0.04481043185393461,0.61025643,False,0.06789499055594206
5775,56edbc2e62a5c79a3a7bbadfae942f25ed241788bbeda0808fb8fdfc14d1f8c3:5775,8-9,0.06666666666666667,0.10764243204553911,0.60732514,False,0.06793193984776735
903,56edbc2e62a5c79a3a7bbadfae942f25ed241788bbeda0808fb8fdfc14d1f8c3:903,0-1,0.06666666666666667,0.04265230456965119,0.60296273,False,0.06816445104777813
1386,56edbc2e62a5c79a3a7bbadfae942f25ed241788bbeda0808fb8fdfc14d1f8c3:1386,2-3,0.06666666666666667,0.07347739090382172,0.19249107,False,0.06787883304059505
3473,56edbc2e62a5c79a3a7bbadfae942f25ed241788bbeda0808fb8fdfc14d1f8c3:3473,4-5,0.0,0.0,0.3056041,True,0.06784014403820038
3904,56edbc2e62a5c79a3a7bbadfae942f25ed241788bbeda0808fb8fdfc14d1f8c3:3904,6-7,0.4,0.46776685590312184,0.0034354322,False,0.06824248284101486
5136,56edbc2e62a5c79a3a7bbadfae942f25ed241788bbeda0808fb8fdfc14d1f8c3:5136,8-9,0.13333333333333333,0.13947804593499064,0.4947202,False,0.06836456432938576
679,56edbc2e62a5c79a3a7bbadfae942f25ed241788bbeda0808fb8fdfc14d1f8c3:679,0-1,0.06666666666666667,0.053821216022769555,0.330111,False,0.06846914626657963
1308,56edbc2e62a5c79a3a7bbadfae942f25ed241788bbeda0808fb8fdfc14d1f8c3:1308,2-3,0.0,0.0,0.9259673,True,0.06786353792995214
3611,56edbc2e62a5c79a3a7bbadfae942f25ed241788bbeda0808fb8fdfc14d1f8c3:3611,4-5,0.0,0.0,0.097713634,True,0.06756505090743303
3736,56edbc2e62a5c79a3a7bbadfae942f25ed241788bbeda0808fb8fdfc14d1f8c3:3736,6-7,0.0,0.0,0.23523761,True,0.06829057540744543
6084,56edbc2e62a5c79a3a7bbadfae942f25ed241788bbeda0808fb8fdfc14d1f8c3:6084,8-9,0.0,0.0,0.4487396,True,0.06862630136311054
220,56edbc2e62a5c79a3a7bbadfae942f25ed241788bbeda0808fb8fdfc14d1f8c3:220,0-1,0.06666666666666667,0.043668798524938345,0.24754998,False,0.06828972045332193
1822,56edbc2e62a5c79a3a7bbadfae942f25ed241788bbeda0808fb8fdfc14d1f8c3:1822,2-3,0.06666666666666667,0.05135849223864361,0.15502757,False,0.06786543689668179
2850,56edbc2e62a5c79a3a7bbadfae942f25ed241788bbeda0808fb8fdfc14d1f8c3:2850,4-5,0.06666666666666667,0.046105120275897894,0.061566714,False,0.06798942293971777
4788,56edbc2e62a5c79a3a7bbadfae942f25ed241788bbeda0808fb8fdfc14d1f8c3:4788,6-7,0.13333333333333333,0.15900092428418272,0.6434003,False,0.06866657175123692
5081,56edbc2e62a5c79a3a7bbadfae942f25ed241788bbeda0808fb8fdfc14d1f8c3:5081,8-9,0.0,0.0,0.16553733,True,0.06772570498287678
726,56edbc2e62a5c79a3a7bbadfae942f25ed241788bbeda0808fb8fdfc14d1f8c3:726,0-1,0.13333333333333333,0.1552326699474097,0.30808043,False,0.068261350505054
1636,56edbc2e62a5c79a3a7bbadfae942f25ed241788bbeda0808fb8fdfc14d1f8c3:1636,2-3,0.06666666666666667,0.17060921827860476,0.26048177,False,0.06830536480993032
3587,56edbc2e62a5c79a3a7bbadfae942f25ed241788bbeda0808fb8fdfc14d1f8c3:3587,4-5,0.06666666666666667,0.05135849223864361,0.121264726,False,0.06788371130824089
4354,56edbc2e62a5c79a3a7bbadfae942f25ed241788bbeda0808fb8fdfc14d1f8c3:4354,6-7,0.0,0.0,0.19301902,True,0.06782355811446905
5869,56edbc2e62a5c79a3a7bbadfae942f25ed241788bbeda0808fb8fdfc14d1f8c3:5869,8-9,0.4,0.35447296813155504,0.061642446,False,0.06818113848567009
894,56edbc2e62a5c79a3a7bbadfae942f25ed241788bbeda0808fb8fdfc14d1f8c3:894,0-1,0.06666666666666667,0.046105120275897894,0.13312817,False,0.06807494070380926
2099,56edbc2e62a5c79a3a7bbadfae942f25ed241788bbeda0808fb8fdfc14d1f8c3:2099,2-3,0.13333333333333333,0.12483588314246533,0.24827603,False,0.06774651911109686
3307,56edbc2e62a5c79a3a7bbadfae942f25ed241788bbeda0808fb8fdfc14d1f8c3:3307,4-5,0.0,0.0,0.077908404,True,0.06786555238068104
4249,56edbc2e62a5c79a3a7bbadfae942f25ed241788bbeda0808fb8fdfc14d1f8c3:4249,6-7,0.0,0.0,0.30353996,True,0.06826099194586277
5964,56edbc2e62a5c79a3a7bbadfae942f25ed241788bbeda0808fb8fdfc14d1f8c3:5964,8-9,0.0,0.0,0.58937484,True,0.0681832218542695
666,56edbc2e62a5c79a3a7bbadfae942f25ed241788bbeda0808fb8fdfc14d1f8c3:666,0-1,0.06666666666666667,0.04481043185393461,0.054595195,False,0.06789162941277027
1765,56edbc2e62a5c79a3a7bbadfae942f25ed241788bbeda0808fb8fdfc14d1f8c3:1765,2-3,0.0,0.0,0.4476355,True,0.0680714650079608
2599,56edbc2e62a5c79a3a7bbadfae942f25ed241788bbeda0808fb8fdfc14d1f8c3:2599,4-5,0.2,0.15624319750269072,0.16008414,False,0.06811497546732426
4198,56edbc2e62a5c79a3a7bbadfae942f25ed241788bbeda0808fb8fdfc14d1f8c3:4198,6-7,0.13333333333333333,0.21541965013253936,0.15284756,False,0.06786694284528494
6061,56edbc2e62a5c79a3a7bbadfae942f25ed241788bbeda0808fb8fdfc14d1f8c3:6061,8-9,0.13333333333333333,0.09863164787670416,0.28625584,False,0.06770399026572704
493,56edbc2e62a5c79a3a7bbadfae942f25ed241788bbeda0808fb8fdfc14d1f8c3:493,0-1,0.13333333333333333,0.0954222443258334,0.2536454,False,0.0677336947992444
1786,56edbc2e62a5c79a3a7bbadfae942f25ed241788bbeda0808fb8fdfc14d1f8c3:1786,2-3,0.06666666666666667,0.0475902379018706,0.17186138,False,0.06813614442944527
2579,56edbc2e62a5c79a3a7bbadfae942f25ed241788bbeda0808fb8fdfc14d1f8c3:2579,4-5,0.06666666666666667,0.0475902379018706,0.0365137,False,0.06770116928964853
4518,56edbc2e62a5c79a3a7bbadfae942f25ed241788bbeda0808fb8fdfc14d1f8c3:4518,6-7,0.26666666666666666,0.29246908518069425,0.014344158,False,0.06801694259047508
6136,56edbc2e62a5c79a3a7bbadfae942f25ed241788bbeda0808fb8fdfc14d1f8c3:6136,8-9,0.2,0.3127835668441087,0.22425734,False,0.06825359538197517
75,56edbc2e62a5c79a3a7bbadfae942f25ed241788bbeda0808fb8fdfc14d1f8c3:75,0-1,0.06666666666666667,0.05686973942620158,0.491447,False,0.06844598241150379
1083,56edbc2e62a5c79a3a7bbadfae942f25ed241788bbeda0808fb8fdfc14d1f8c3:1083,2-3,0.0,0.0,0.056620702,True,0.06771286763250828
3202,56edbc2e62a5c79a3a7bbadfae942f25ed241788bbeda0808fb8fdfc14d1f8c3:3202,4-5,0.0,0.0,0.17199083,True,0.06761827133595943
4930,56edbc2e62a5c79a3a7bbadfae942f25ed241788bbeda0808fb8fdfc14d1f8c3:4930,6-7,0.06666666666666667,0.04481043185393461,0.17870836,False,0.06779427174478769
5039,56edbc2e62a5c79a3a7bbadfae942f25ed241788bbeda0808fb8fdfc14d1f8c3:5039,8-9,0.06666666666666667,0.049317124049935504,0.4862901,False,0.06799040362238884
529,56edbc2e62a5c79a3a7bbadfae942f25ed241788bbeda0808fb8fdfc14d1f8c3:529,0-1,0.0,0.0,0.060460106,True,0.06814518850296736
2370,56edbc2e62a5c79a3a7bbadfae942f25ed241788bbeda0808fb8fdfc14d1f8c3:2370,2-3,0.06666666666666667,0.07347739090382172,0.123755276,False,0.06814447324723005
2563,56edbc2e62a5c79a3a7bbadfae942f25ed241788bbeda0808fb8fdfc14d1f8c3:2563,4-5,0.06666666666666667,0.07347739090382172,0.12782073,False,0.06733307708054781
4398,56edbc2e62a5c79a3a7bbadfae942f25ed241788bbeda0808fb8fdfc14d1f8c3:4398,6-7,0.13333333333333333,0.132894847041173,0.31827644,False,0.06812438927590847
5524,56edbc2e62a5c79a3a7bbadfae942f25ed241788bbeda0808fb8fdfc14d1f8c3:5524,8-9,0.0,0.0,0.55141497,True,0.067918935790658
157,56edbc2e62a5c79a3a7bbadfae942f25ed241788bbeda0808fb8fdfc14d1f8c3:157,0-1,0.0,0.0,0.11525014,True,0.06819969043135643
1435,56edbc2e62a5c79a3a7bbadfae942f25ed241788bbeda0808fb8fdfc14d1f8c3:1435,2-3,0.2,0.30072425927184177,0.36229107,False,0.06875533331185579
2649,56edbc2e62a5c79a3a7bbadfae942f25ed241788bbeda0808fb8fdfc14d1f8c3:2649,4-5,0.06666666666666667,0.046105120275897894,0.14794157,False,0.06808521784842014
4667,56edbc2e62a5c79a3a7bbadfae942f25ed241788bbeda0808fb8fdfc14d1f8c3:4667,6-7,0.2,0.27578892654001796,0.043810442,False,0.067771733738482
5306,56edbc2e62a5c79a3a7bbadfae942f25ed241788bbeda0808fb8fdfc14d1f8c3:5306,8-9,0.06666666666666667,0.046105120275897894,0.09202409,False,0.06831929460167885
98,56edbc2e62a5c79a3a7bbadfae942f25ed241788bbeda0808fb8fdfc14d1f8c3:98,0-1,0.0,0.0,0.046161383,True,0.06751877628266811
1066,56edbc2e62a5c79a3a7bbadfae942f25ed241788bbeda0808fb8fdfc14d1f8c3:1066,2-3,0.13333333333333333,0.11210577530706682,0.1379485,False,0.06810098979622126
2897,56edbc2e62a5c79a3a7bbadfae942f25ed241788bbeda0808fb8fdfc14d1f8c3:2897,4-5,0.06666666666666667,0.05135849223864361,0.027407061,False,0.0672795008867979
3964,56edbc2e62a5c79a3a7bbadfae942f25ed241788bbeda0808fb8fdfc14d1f8c3:3964,6-7,0.0,0.0,0.3444447,True,0.06720934808254242
5599,56edbc2e62a5c79a3a7bbadfae942f25ed241788bbeda0808fb8fdfc14d1f8c3:5599,8-9,0.06666666666666667,0.0475902379018706,0.16292907,False,0.06742770597338676
675,56edbc2e62a5c79a3a7bbadfae942f25ed241788bbeda0808fb8fdfc14d1f8c3:675,0-1,0.13333333333333333,0.10618686347613708,0.062340554,False,0.06847126130014658
1392,56edbc2e62a5c79a3a7bbadfae942f25ed241788bbeda0808fb8fdfc14d1f8c3:1392,2-3,0.0,0.0,0.4142097,True,0.06795809231698513
2812,56edbc2e62a5c79a3a7bbadfae942f25ed241788bbeda0808fb8fdfc14d1f8c3:2812,4-5,0.06666666666666667,0.05135849223864361,0.045901373,False,0.06761048547923565
4563,56edbc2e62a5c79a3a7bbadfae942f25ed241788bbeda0808fb8fdfc14d1f8c3:4563,6-7,0.0,0.0,0.18976927,True,0.06829347833991051
5368,56edbc2e62a5c79a3a7bbadfae942f25ed241788bbeda0808fb8fdfc14d1f8c3:5368,8-9,0.0,0.0,0.04595591,True,0.06777433026582003
822,56edbc2e62a5c79a3a7bbadfae942f25ed241788bbeda0808fb8fdfc14d1f8c3:822,0-1,0.13333333333333333,0.15374755232143703,0.19313893,False,0.06792491860687733
1714,56edbc2e62a5c79a3a7bbadfae942f25ed241788bbeda0808fb8fdfc14d1f8c3:1714,2-3,0.3333333333333333,0.3704914399325103,0.21338128,False,0.06820174213498831
2713,56edbc2e62a5c79a3a7bbadfae942f25ed241788bbeda0808fb8fdfc14d1f8c3:2713,4-5,0.06666666666666667,0.07347739090382172,0.63442975,False,0.06815932970494032
4045,56edbc2e62a5c79a3a7bbadfae942f25ed241788bbeda0808fb8fdfc14d1f8c3:4045,6-7,0.0,0.0,0.41907284,True,0.06824600603431463
6048,56edbc2e62a5c79a3a7bbadfae942f25ed241788bbeda0808fb8fdfc14d1f8c3:6048,8-9,0.0,0.0,0.32982758,True,0.06804086361080408
568,56edbc2e62a5c79a3a7bbadfae942f25ed241788bbeda0808fb8fdfc14d1f8c3:568,0-1,0.0,0.0,0.39692715,True,0.06751423701643944
1936,56edbc2e62a5c79a3a7bbadfae942f25ed241788bbeda0808fb8fdfc14d1f8c3:1936,2-3,0.2,0.30350406531977775,0.05464559,False,0.06775017641484737
3597,56edbc2e62a5c79a3a7bbadfae942f25ed241788bbeda0808fb8fdfc14d1f8c3:3597,4-5,0.13333333333333333,0.13912582516207192,0.29313886,False,0.06772729940712452
4363,56edbc2e62a5c79a3a7bbadfae942f25ed241788bbeda0808fb8fdfc14d1f8c3:4363,6-7,0.13333333333333333,0.24408660918242647,0.22163424,False,0.06772677041590214
5703,56edbc2e62a5c79a3a7bbadfae942f25ed241788bbeda0808fb8fdfc14d1f8c3:5703,8-9,0.0,0.0,0.24835896,True,0.06802035868167877
117,56edbc2e62a5c79a3a7bbadfae942f25ed241788bbeda0808fb8fdfc14d1f8c3:117,0-1,0.0,0.0,0.037320666,True,0.06801852211356163
1472,56edbc2e62a5c79a3a7bbadfae942f25ed241788bbeda0808fb8fdfc14d1f8c3:1472,2-3,0.2,0.21731188560164635,0.50993645,False,0.06810698099434376
2732,56edbc2e62a5c79a3a7bbadfae942f25ed241788bbeda0808fb8fdfc14d1f8c3:2732,4-5,0.0,0.0,0.4648251,True,0.06816078163683414
4896,56edbc2e62a5c79a3a7bbadfae942f25ed241788bbeda0808fb8fdfc14d1f8c3:4896,6-7,0.06666666666666667,0.046105120275897894,0.16451989,False,0.0681862086057663
6035,56edbc2e62a5c79a3a7bbadfae942f25ed241788bbeda0808fb8fdfc14d1f8c3:6035,8-9,0.3333333333333333,0.37922740197522625,0.29344958,False,0.06754731945693493
909,56edbc2e62a5c79a3a7bbadfae942f25ed241788bbeda0808fb8fdfc14d1f8c3:909,0-1,0.06666666666666667,0.05686973942620158,0.21244855,False,0.06772094964981079
2104,56edbc2e62a5c79a3a7bbadfae942f25ed241788bbeda0808fb8fdfc14d1f8c3:2104,2-3,0.0,0.0,0.21667232,True,0.06802057661116123
3562,56edbc2e62a5c79a3a7bbadfae942f25ed241788bbeda0808fb8fdfc14d1f8c3:3562,4-5,0.0,0.0,0.026397318,True,0.0680822217836976
4451,56edbc2e62a5c79a3a7bbadfae942f25ed241788bbeda0808fb8fdfc14d1f8c3:4451,6-7,0.0,0.0,0.3954585,True,0.06811726931482553
6083,56edbc2e62a5c79a3a7bbadfae942f25ed241788bbeda0808fb8fdfc14d1f8c3:6083,8-9,0.06666666666666667,0.04481043185393461,0.28765523,False,0.0681022210046649
