step,loss
1,1.6369383956771344e-05
2,0.002226583193987608
3,9.45941501413472e-05
4,0.00022253900533542037
5,0.00041363341733813286
6,0.00039102259324863553
7,0.00019043596694245934
8,4.380123573355377e-05
9,6.488383223768324e-05
10,0.00012391657219268382
11,8.720337791601196e-05
12,7.176479266490787e-05
13,2.92710119538242e-05
14,2.4932227461249568e-05
15,2.4124881747411564e-05
16,2.7907326511922292e-05
17,3.33748830598779e-05
18,0.0002964759187307209
19,0.0005532263894565403
20,2.4409320758422837e-05
21,0.0001152876575361006
22,2.3017788407742046e-05
23,2.2114860257715918e-05
24,7.523573003709316e-05
25,0.00018020048446487635
26,1.6863614291651174e-05
27,3.457819912000559e-05
28,1.7975560695049353e-05
29,5.190615775063634e-05
30,1.4519080650643446e-05
31,1.3036589734838344e-05
32,1.6534926544409245e-05
33,2.6512501790421084e-05
34,1.3281788596941624e-05
35,1.6975140169961378e-05
36,1.4253062545321882e-05
37,1.3301030776347034e-05
38,1.3627799489768222e-05
39,1.4191591617418453e-05
40,1.685092138359323e-05
41,1.434289151802659e-05
42,2.5771416403586045e-05
43,1.5274719771696255e-05
44,4.7505454858765006e-05
45,0.00022869733220431954
46,1.2952699762536213e-05
47,1.5503337635891512e-05
48,1.657258690102026e-05
49,2.7278478228254244e-05
50,8.140470163198188e-05
51,1.3913229850004427e-05
52,1.2545900972327217e-05
53,1.5436804460478015e-05
54,1.4610993275709916e-05
55,1.3517161278286949e-05
56,1.399422762915492e-05
57,8.27337134978734e-05
58,1.4821399417996872e-05
59,1.5178728062892333e-05
60,0.00046696653589606285
61,1.452117612643633e-05
62,1.415884617017582e-05
63,1.8136526705347933e-05
64,1.4156766155792866e-05
65,4.215911030769348e-05
66,1.8586646547191776e-05
67,1.599587449163664e-05
68,0.00041159027023240924
69,5.8807458117371425e-05
70,5.957258690614253e-05
71,0.00039709164411760867
72,1.4717121302965097e-05
73,0.0005211489042267203
74,1.2812301974918228e-05
75,1.5854902812861837e-05
76,5.744303052779287e-05
77,4.0178441850002855e-05
78,1.4204098988557234e-05
79,1.414805774402339e-05
80,8.566254109609872e-05
81,1.4305780496215448e-05
82,2.2653632186120376e-05
83,1.5417890608659945e-05
84,3.4544522350188345e-05
85,1.2609010809683241e-05
86,0.0003238073841203004
87,1.4183077837515157e-05
88,1.4600605936720967e-05
89,1.4366763934958726e-05
90,2.076836972264573e-05
91,0.00026813684962689877
92,5.2158582548145205e-05
93,1.343631993222516e-05
94,0.0005640065064653754
95,1.5184714357019402e-05
96,1.5112445908016525e-05
97,6.459554424509406e-05
98,1.2172158676548861e-05
99,4.3026266212109476e-05
100,1.1912798981938977e-05
101,1.1724889191100374e-05
102,3.77070318791084e-05
103,0.00012315147614572197
104,0.00033768091816455126
105,1.3920911442255601e-05
106,1.3501994544640183e-05
107,1.518069620942697e-05
108,1.4812665540375747e-05
109,1.5930547306197695e-05
110,1.3961796867079102e-05
111,1.4089808246353641e-05
112,2.2942356736166403e-05
113,1.3517957995645702e-05
114,2.3040653104544617e-05
115,8.944288128986955e-05
116,1.2902803064207546e-05
117,1.4151327377476264e-05
118,0.00021362709230743349
119,1.445582074666163e-05
120,1.640126356505789e-05
121,1.4100227417657152e-05
122,1.4243262739910278e-05
123,1.3426262739812955e-05
124,7.654016371816397e-05
125,0.00027331282035447657
126,4.409711982589215e-05
127,1.3326790394785348e-05
128,1.5168279787758365e-05
129,1.1782446563302074e-05
130,1.1797513252531644e-05
131,1.2335005521890707e-05
132,0.00011696604633470997
133,1.3398519513430074e-05
134,1.759054975991603e-05
135,1.2899259672849439e-05
136,9.37154982239008e-05
137,7.046469545457512e-05
138,1.4333530089061242e-05
139,1.6003052223823033e-05
140,1.4041450413060375e-05
141,1.3698182556254324e-05
142,9.719494846649468e-05
143,7.11105894879438e-05
144,1.588985469425097e-05
145,5.536762546398677e-05
146,1.3467979442793876e-05
147,1.8685803297557868e-05
148,0.000305030815070495
149,7.562748942291364e-05
150,9.887798660201952e-05
151,1.3656524970429018e-05
152,1.3556353223975748e-05
153,5.1276634621899575e-05
154,1.4194851246429607e-05
155,1.44466230267426e-05
156,1.3526718248613179e-05
157,1.8123913832823746e-05
158,1.4233898582460824e-05
159,3.357277819304727e-05
160,1.595205503690522e-05
161,1.8404174625175074e-05
162,1.6876199879334308e-05
163,1.7924488929565996e-05
164,1.5645846360712312e-05
165,3.7821508158231154e-05
166,1.2867682926298585e-05
167,1.474174132454209e-05
168,1.4180270227370784e-05
169,1.597684240550734e-05
170,1.1529108633112628e-05
171,0.00022856993018649518
172,6.910971569595858e-05
173,0.00027825983124785125
174,3.8057412893977016e-05
175,1.258189877262339e-05
176,1.3452940038405359e-05
177,1.6602580217295326e-05
178,1.2302090908633545e-05
179,1.3550112271332182e-05
180,1.2816328307962976e-05
181,0.00012984331988263875
182,1.4561346688424237e-05
183,1.3797067367704585e-05
184,4.3077467125840485e-05
185,1.2668215276789851e-05
186,1.662607792241033e-05
187,1.6440464605693705e-05
188,1.2658261766773649e-05
189,2.0113309801672585e-05
190,2.0285940991016105e-05
191,1.3913011571276002e-05
192,1.3556315934692975e-05
193,2.4241920982603915e-05
194,1.6425326975877397e-05
195,1.7437239876016974e-05
196,6.424602906918153e-05
197,1.6772850358393043e-05
198,0.00025807510246522725
199,1.2192720532766543e-05
200,1.3220960681792349e-05
201,1.2965734640602022e-05
202,1.449911724193953e-05
203,9.245012188330293e-05
204,1.3191604921303224e-05
205,1.1912009540537838e-05
206,1.8988310330314562e-05
207,1.2221423276059795e-05
208,1.3837131518812384e-05
209,1.7542090063216165e-05
210,1.5208263903332409e-05
211,0.0001349224039586261
212,9.45263309404254e-05
213,1.382167283736635e-05
214,0.00010206320439465344
215,0.0001928666897583753
216,1.4732650015503168e-05
217,1.3197273801779374e-05
218,1.2469272405724041e-05
219,1.3411027794063557e-05
220,2.2215923308976926e-05
221,0.00011391410953365266
222,2.7005500669474714e-05
223,1.5008139598648995e-05
224,1.6338872228516266e-05
225,2.573894198576454e-05
226,1.4046487194718793e-05
227,1.3647793821291998e-05
228,1.4153616575640626e-05
229,3.9805097912903875e-05
230,1.7769594705896452e-05
231,3.3938296837732196e-05
232,1.4947195268177893e-05
233,1.40254069265211e-05
234,8.219605660997331e-05
235,0.00037066926597617567
236,0.0001906318502733484
237,1.5436142348335125e-05
238,1.800485551939346e-05
239,1.6556632544961758e-05
240,1.3904777915740851e-05
241,5.1268092647660524e-05
242,1.125440849136794e-05
243,1.3519594176614191e-05
244,1.142691144195851e-05
245,1.3892222341382876e-05
246,4.322250606492162e-05
247,1.5620187696185894e-05
248,1.4250324966269545e-05
249,1.2022347618767526e-05
250,1.7147918697446585e-05
251,1.3794297956337687e-05
252,1.5604351574438624e-05
253,1.1480740795377642e-05
254,1.7980188204091974e-05
255,2.838489308487624e-05
256,2.529162884457037e-05
257,1.2251459338585846e-05
258,0.0003720918612089008
259,1.5321849787142128e-05
260,6.87959254719317e-05
261,1.157319638878107e-05
262,1.407698800903745e-05
263,1.872657594503835e-05
264,0.00013543087698053569
265,2.3831484213587828e-05
266,5.058227907284163e-05
267,1.2805214282707311e-05
268,1.7544820366310887e-05
269,1.6342866729246452e-05
270,0.00039689807454124093
271,1.3549992218031548e-05
272,1.551244713482447e-05
273,1.3552251402870752e-05
274,5.606189006357454e-05
275,1.3578722246165853e-05
276,9.69416942098178e-05
277,2.626821878948249e-05
278,1.2626966054085642e-05
279,1.589476414665114e-05
280,0.0005611079395748675
281,1.455319670640165e-05
282,5.909812534810044e-05
283,0.0004176899092271924
284,1.4008957805344835e-05
285,1.6733760276110843e-05
286,1.2522249562607612e-05
287,2.2585645638173446e-05
288,1.4549486877513118e-05
289,1.351557693851646e-05
290,1.5090866327227559e-05
291,1.3865308574168012e-05
292,3.132658821414225e-05
293,2.286281596752815e-05
294,0.0004307029885239899
295,1.4876820387144107e-05
296,1.4690620446344838e-05
297,2.7749876608140767e-05
298,1.5412058928632177e-05
299,1.5436911780852824e-05
300,1.3136828783899546e-05
301,1.950318801391404e-05
302,1.3155456144886557e-05
303,1.4324597032100428e-05
304,0.00025094248121604323
305,7.418213499477133e-05
306,2.2959649868425913e-05
307,1.333904674538644e-05
308,1.2855873137596063e-05
309,1.3951181244920008e-05
310,0.00027780357049778104
311,1.79876915353816e-05
312,2.812890670611523e-05
313,1.3782113455818035e-05
314,1.4172952433000319e-05
315,2.634672273416072e-05
316,1.544980113976635e-05
317,2.447611404932104e-05
318,3.7064310163259506e-05
319,3.6076398828299716e-05
320,0.0003844228049274534
321,1.407440777256852e-05
322,1.5056402844493277e-05
323,1.6582707758061588e-05
324,1.5418088878504932e-05
325,1.3827712791680824e-05
326,0.00041133747436106205
327,1.2252860869921278e-05
328,1.3904295883548912e-05
329,1.3666536688106135e-05
330,1.7035647033480927e-05
331,1.241324844158953e-05
332,1.3444032447296195e-05
333,0.00028815914993174374
334,0.00030205806251615286
335,1.1248658665863331e-05
336,1.324977074546041e-05
337,1.636136948945932e-05
338,4.539907968137413e-05
339,1.4809134881943464e-05
340,1.6224563296418637e-05
341,0.00017495556676294655
342,1.56525602506008e-05
343,1.2286245691939257e-05
344,9.677748312242329e-05
345,1.623301432118751e-05
346,0.0003650393628049642
347,2.3248981960932724e-05
348,1.2133728887420148e-05
349,1.2393606994010042e-05
350,1.3978036804473959e-05
351,0.00031688835588283837
352,1.6773326933616772e-05
353,1.3096434486215003e-05
354,1.1722740055120084e-05
355,1.9551240256987512e-05
356,1.656586755416356e-05
357,1.308563423663145e-05
358,3.6704928788822144e-05
359,1.456328209314961e-05
360,1.4467995242739562e-05
361,1.2930109733133577e-05
362,1.3088215382595081e-05
363,1.4196717529557645e-05
364,1.2911846170027275e-05
365,0.00036341018858365715
366,4.8283654905389994e-05
367,0.0003227537963539362
368,1.2479305951274e-05
369,1.5723433534731157e-05
370,1.1508711395435967e-05
371,2.015512109210249e-05
372,1.3406430298346095e-05
373,1.1141491995658726e-05
374,0.00029056231142021716
375,0.00026236166013404727
376,1.2219499694765545e-05
377,1.1923008059966378e-05
378,1.4070823453948833e-05
379,1.5106594219105318e-05
380,1.4027702491148375e-05
381,5.7359102356713265e-05
382,7.81562048359774e-05
383,1.372414317302173e-05
384,3.5319630114827305e-05
385,2.213918196503073e-05
386,1.3759387002210133e-05
387,2.2626474674325436e-05
388,1.2955800229974557e-05
389,2.253669299534522e-05
390,1.3719005437451415e-05
391,1.2991925359528977e-05
392,4.36831105616875e-05
393,1.3862489140592515e-05
394,0.00010355961421737447
395,1.682405491010286e-05
396,1.2388356481096707e-05
397,0.000409943051636219
398,2.5967035981011577e-05
399,1.2405625966493972e-05
400,1.6441819752799347e-05
401,4.1302613681182265e-05
402,1.3104074241709895e-05
403,1.1794298188760877e-05
404,1.37538809212856e-05
405,5.0137303333031014e-05
406,1.4604904208681546e-05
407,1.597032678546384e-05
408,1.2884486750408541e-05
409,4.293258098186925e-05
410,3.4233748010592535e-05
411,3.487215508357622e-05
412,1.3927096006227657e-05
413,1.5888046618783846e-05
414,1.1548178918019403e-05
415,1.1821636690001469e-05
416,1.208684807352256e-05
417,1.3285688510222826e-05
418,1.3098368981445674e-05
419,1.3746741387876682e-05
420,1.2689660252362955e-05
421,1.3725449207413476e-05
422,1.1775307029893156e-05
423,6.84470433043316e-05
424,1.1914447895833291e-05
425,1.61795542226173e-05
426,1.9096660253126174e-05
427,1.3009010217501782e-05
428,9.192866127705202e-05
429,3.60312478733249e-05
430,1.2082510693289805e-05
431,1.26685481518507e-05
432,2.4205466615967453e-05
433,1.6403482732130215e-05
434,1.2484329090511892e-05
435,1.3976725313114002e-05
436,1.538368087494746e-05
437,1.482501465943642e-05
438,1.3728397789236624e-05
439,2.19314060814213e-05
440,1.507292745372979e-05
441,1.2484315448091365e-05
442,3.159081097692251e-05
443,1.662321483308915e-05
444,1.277264891541563e-05
445,5.560165300266817e-05
446,1.5775091014802456e-05
447,7.557630306109786e-05
448,2.4192018827307038e-05
449,1.2272171261429321e-05
450,0.00039325564284808934
451,1.7760245100362226e-05
452,1.892462205432821e-05
453,1.330666691501392e-05
454,1.917795088957064e-05
455,1.6369360309909098e-05
456,1.8801132682710886e-05
457,1.394617538608145e-05
458,1.906876241264399e-05
459,1.4052542610443197e-05
460,1.1289802387182135e-05
461,1.5952118701534346e-05
462,1.3960909200250171e-05
463,1.3201772162574343e-05
464,0.0002803894749376923
465,3.5546094295568764e-05
466,1.3375184607866686e-05
467,8.958810212789103e-05
468,1.5050506590341683e-05
469,1.5203301700239535e-05
470,2.535715975682251e-05
471,1.4507989362755325e-05
472,1.4316738088382408e-05
473,1.4808309060754254e-05
474,0.00015383880236186087
475,0.00031840422889217734
476,1.3537410268327221e-05
477,1.2012369552394375e-05
478,1.4047745935386047e-05
479,1.3425441466097254e-05
480,5.7622655731393024e-05
481,1.140988570114132e-05
482,1.3391992979450151e-05
483,1.216800774272997e-05
484,2.6299037926946767e-05
485,0.00040768308099359274
486,1.3610149835585617e-05
487,1.5403196812258102e-05
488,1.2109959243389312e-05
489,2.199811933678575e-05
490,1.3182147995394189e-05
491,1.2405266716086771e-05
492,1.2784927093889564e-05
493,1.810818321246188e-05
494,1.7631256923777983e-05
495,1.4668474250356667e-05
496,1.2672111552092247e-05
497,1.4694707715534605e-05
498,1.4686249414808117e-05
499,1.148300725617446e-05
500,1.2596963642863557e-05
501,2.553352533141151e-05
502,1.3083133126201574e-05
503,1.4013956388225779e-05
504,1.349889953417005e-05
505,0.00028531628777273
506,0.00012173088180134073
507,1.312014319410082e-05
508,1.8503797036828473e-05
509,1.3613977898785379e-05
510,3.0883398721925914e-05
511,4.37960188719444e-05
512,1.1584710591705516e-05
513,1.2442254046618473e-05
514,1.4093160643824376e-05
515,7.62274139560759e-05
516,1.2418966434779577e-05
517,1.1680257557600271e-05
518,1.4842271411907859e-05
519,8.220023300964385e-05
520,0.00010927600669674575
521,6.798550020903349e-05
522,1.4820450815022923e-05
523,1.3251228665467352e-05
524,1.1456811989773996e-05
525,1.5785664800205268e-05
526,4.0570110286353156e-05
527,3.73987240891438e-05
528,1.597859045432415e-05
529,1.1815289326477796e-05
530,2.6547579182079062e-05
531,2.4306635168613866e-05
532,0.00042326346738263965
533,1.5232540135912132e-05
534,0.0003153089201077819
535,1.6339427020284347e-05
536,1.2012329534627497e-05
537,1.753852302499581e-05
538,1.0244886652799323e-05
539,0.00011025460116798058
540,1.3511978977476247e-05
541,0.00030016203527338803
542,2.2140031433082186e-05
543,1.8831624402082525e-05
544,0.00039766577538102865
545,1.2756757314491551e-05
546,1.3427792509901337e-05
547,1.9736809917958453e-05
548,0.0002254894352518022
549,2.485451113898307e-05
550,1.4940942492103204e-05
551,1.5375066141132265e-05
552,1.7962131096282974e-05
553,0.0005455624195747077
554,1.3347085769055411e-05
555,2.1659026970155537e-05
556,1.6235284419963136e-05
557,5.6121549278032035e-05
558,1.3822287655784748e-05
559,0.00017288436356466264
560,3.555271905497648e-05
561,2.860215499822516e-05
562,1.2875741958850995e-05
563,1.5739426089567132e-05
564,1.5415345842484385e-05
565,1.3342342754185665e-05
566,1.6806819985504262e-05
567,1.3464389667205978e-05
568,1.3882321582059376e-05
569,1.3991577361593954e-05
570,1.777974648575764e-05
571,1.602076918061357e-05
572,4.575039929477498e-05
573,1.4211246707418468e-05
574,1.2624936971405987e-05
575,3.438959174673073e-05
576,1.5830604752409272e-05
577,1.4526205632137135e-05
578,1.7155471141450107e-05
579,1.2362294000922702e-05
580,1.824401260819286e-05
581,1.9886680092895404e-05
582,2.310859053977765e-05
583,1.2287615390960127e-05
584,3.1497002055402845e-05
585,3.4453158150427043e-05
586,1.3794304322800599e-05
587,0.0001251963258255273
588,1.2232067092554644e-05
589,1.8937955246656202e-05
590,1.7609749193070456e-05
591,1.9262688510934822e-05
592,1.3297249097377062e-05
593,1.1181980880792253e-05
594,1.275968043046305e-05
595,2.540426248742733e-05
596,1.3590019079856575e-05
597,1.6679503460181877e-05
598,1.4102720342634711e-05
599,1.2335425708442926e-05
600,1.480369974160567e-05
601,3.611087959143333e-05
602,1.5281362720998004e-05
603,1.471367522754008e-05
604,1.3949786080047488e-05
605,2.702624988160096e-05
606,2.60473825619556e-05
607,1.4242556062527001e-05
608,2.924316686403472e-05
609,0.0003363454598002136
610,1.1863831787195522e-05
611,1.4413593817153014e-05
612,1.9750983483390883e-05
613,8.997379336506128e-05
614,8.886490104487166e-05
615,1.1539484148670454e-05
616,1.1115529559901915e-05
617,0.0003846119507215917
618,1.665373201831244e-05
619,3.129346077912487e-05
620,3.451375596341677e-05
621,1.688838347035926e-05
622,1.265054743271321e-05
623,1.2995557881367858e-05
624,1.5191916645562742e-05
625,0.000261308450717479
626,1.5564512068522163e-05
627,2.3300881366594695e-05
628,1.351266291749198e-05
629,1.6470468835905194e-05
630,1.7900925740832463e-05
631,2.1557634681812488e-05
632,1.1794304555223789e-05
633,1.3641747500514612e-05
634,0.00013717779074795544
635,1.76691755768843e-05
636,1.3292114999785554e-05
637,1.2012594197585713e-05
638,1.3787757779937238e-05
639,1.3591226888820529e-05
640,3.0748502467758954e-05
641,2.6140452973777428e-05
642,1.5361240002675913e-05
643,2.5537878173054196e-05
644,0.00028730634949170053
645,1.866973252617754e-05
646,8.46732800710015e-05
647,1.2647516996366903e-05
648,1.6090552890091203e-05
649,1.7849155483418144e-05
650,9.495335689280182e-05
651,1.2464299288694747e-05
652,1.395447088725632e-05
653,1.3823311746818945e-05
654,1.2165953194198664e-05
655,1.4767269931326155e-05
656,7.965468103066087e-05
657,2.3773231077939272e-05
658,1.6967504052445292e-05
659,1.3738410416408442e-05
660,1.3677667084266432e-05
661,1.3243783541838638e-05
662,1.5239103959174827e-05
663,1.7495971405878663e-05
664,1.2167886779934634e-05
665,1.3198970009398181e-05
666,1.5037492630654015e-05
667,2.6873960450757295e-05
668,1.3863551430404186e-05
669,1.5591744158882648e-05
670,2.0567689716699533e-05
671,2.1821921109221876e-05
672,1.2547719961730763e-05
673,1.3782183486910071e-05
674,1.3790056073048618e-05
675,1.4105396985542029e-05
676,3.302686309325509e-05
677,3.7061960028950125e-05
678,1.2939144653500989e-05
679,1.5378353054984473e-05
680,3.5876404581358656e-05
681,1.461006650060881e-05
682,1.3249316907604225e-05
683,1.395262370351702e-05
684,1.7246380593860522e-05
685,1.28967776618083e-05
686,4.714541864814237e-05
687,1.7630483853281476e-05
688,1.2958078514202498e-05
689,0.00038351115654222667
690,1.398582935507875e-05
691,0.00012579592294059694
692,3.938447480322793e-05
693,1.218944089487195e-05
694,1.6040146874729544e-05
695,1.599284769326914e-05
696,1.3853134078090079e-05
697,1.1711714250850491e-05
698,1.3310014765011147e-05
699,7.885736704338342e-05
700,1.1803176676039584e-05
701,1.3270766430650838e-05
702,1.663094008108601e-05
703,1.5862564396229573e-05
704,2.4905846657929942e-05
705,4.7392750275321305e-05
706,3.959629248129204e-05
707,1.235587569681229e-05
708,1.1688980521284975e-05
709,1.2778091331711039e-05
710,1.440680443920428e-05
711,1.3302771549206227e-05
712,3.371030470589176e-05
713,1.4609038771595806e-05
714,0.00012432063522282988
715,1.046309535013279e-05
716,1.5853207514737733e-05
717,1.4428408576350193e-05
718,1.6196763681364246e-05
719,1.4041757822269574e-05
720,1.1945172445848584e-05
721,4.1864743252517655e-05
722,1.6818821677588858e-05
723,7.479890336981043e-05
724,1.2334678103798069e-05
725,2.094574119837489e-05
726,3.998749889433384e-05
727,0.00013970192230772227
728,3.1687577575212345e-05
729,1.9854382117046043e-05
730,2.887794289563317e-05
731,1.3454247891786508e-05
732,1.3031858543399721e-05
733,1.4182870472723152e-05
734,0.0004087910638190806
735,1.2260260518814903e-05
736,1.34261827042792e-05
737,1.9807492208201438e-05
738,1.3739547284785658e-05
739,1.6356641935999505e-05
740,1.8585215002531186e-05
741,3.774272045120597e-05
742,1.4986248970672023e-05
743,1.3004522770643234e-05
744,4.054657620145008e-05
745,1.5967867511790246e-05
746,1.4856118468742352e-05
747,3.798270699917339e-05
748,1.3468210454448126e-05
749,2.763306474662386e-05
750,4.0455590351484716e-05
751,1.4404296962311491e-05
752,1.4357487998495344e-05
753,1.5710715160821564e-05
754,5.020252865506336e-05
755,1.360293936158996e-05
756,1.4730918337590992e-05
757,1.4125433153822087e-05
758,2.7616986699285917e-05
759,1.518954559287522e-05
760,1.6682466593920253e-05
761,2.435106216580607e-05
762,1.21660232252907e-05
763,1.3499731721822172e-05
764,1.176977912109578e-05
765,1.74891683855094e-05
766,1.9148486899212003e-05
767,0.0002125587488990277
768,3.0295013857539743e-05
769,0.00017279648454859853
770,3.3965130569413304e-05
771,1.4002182069816627e-05
772,1.7221460439031944e-05
773,8.184395119315013e-05
774,1.676107603998389e-05
775,1.127840096160071e-05
776,1.4867116988170892e-05
777,3.734360871021636e-05
778,1.430046177119948e-05
779,1.704872011032421e-05
780,1.4701427062391303e-05
781,1.2850204257119913e-05
782,1.5680609067203477e-05
783,3.174793891957961e-05
784,3.526839645928703e-05
785,1.7131991626229137e-05
786,1.3016385310038459e-05
787,1.5023118976387195e-05
788,1.2309330486459658e-05
789,1.2485321349231526e-05
790,2.856730679923203e-05
791,1.3787402167508844e-05
792,1.7561556887812912e-05
793,0.00022179842926561832
794,1.2435235476004891e-05
795,1.287863778998144e-05
796,2.463350392645225e-05
797,0.00026621788856573403
798,1.5399118638015352e-05
799,3.1610070436727256e-05
800,0.00034333247458562255
801,5.137181869940832e-05
802,1.458470978832338e-05
803,2.064048567262944e-05
804,2.0240351659595035e-05
805,1.5794967112015e-05
806,1.3643319107359275e-05
807,1.3631031833938323e-05
808,1.408191747032106e-05
809,4.222394636599347e-05
810,1.2400465493556112e-05
811,1.7206573829753324e-05
812,0.00017245685739908367
813,3.478022335912101e-05
814,3.0747589335078374e-05
815,3.334413486300036e-05
816,1.1465180250525009e-05
817,1.3819864761899225e-05
818,1.3453512110572774e-05
819,1.3013268471695483e-05
820,1.2814844922104385e-05
821,1.3481419955496676e-05
822,1.588730992807541e-05
823,0.0001372515398543328
824,1.3512430086848326e-05
825,1.593156048329547e-05
826,1.5602978237438947e-05
827,1.2777678421116434e-05
828,3.6993660614825785e-05
829,1.3179451343603432e-05
830,1.4496697076538112e-05
831,1.5062997590575833e-05
832,0.0004474982270039618
833,1.1959653420490213e-05
834,1.2873366358689964e-05
835,1.647187309572473e-05
836,1.3225245311332401e-05
837,1.346830504189711e-05
838,1.2759248420479707e-05
839,3.309349995106459e-05
840,1.368630000797566e-05
841,0.00010483054211363196
842,1.2131502444390208e-05
843,1.424355104973074e-05
844,1.1786440154537559e-05
845,1.3061995559837669e-05
846,1.46184238474234e-05
847,0.0002164772158721462
848,1.357825385639444e-05
849,1.3157157809473574e-05
850,1.2655642422032543e-05
851,1.7595159079064615e-05
852,1.4259203453548253e-05
853,0.00010102413943968713
854,2.7085035981144756e-05
855,1.1964095392613672e-05
856,1.4540532902174164e-05
857,1.4015163287695032e-05
858,1.3075250535621308e-05
859,1.4785214261792134e-05
860,0.0003701126843225211
861,6.347290764097124e-05
862,1.8130222088075243e-05
863,8.578643610235304e-05
864,1.449241244699806e-05
865,1.6332422092091292e-05
866,1.3768929420621134e-05
867,1.680936293269042e-05
868,5.611085725831799e-05
869,1.93463965842966e-05
870,4.252287180861458e-05
871,2.0306481019360945e-05
872,1.0508407285669819e-05
873,0.00036796581116504967
874,1.2760031495417934e-05
875,1.4917828593752347e-05
876,2.7599417080637068e-05
877,1.3770864825346507e-05
878,1.2961721040483098e-05
879,1.3266437235870399e-05
880,1.4167266272124834e-05
881,1.7864062101580203e-05
882,0.0002737048489507288
883,1.4424447726923972e-05
884,1.359897851216374e-05
885,7.221580744953826e-05
886,1.4048354387341533e-05
887,1.5181067283265293e-05
888,1.0436744560138322e-05
889,0.00012346824223641306
890,1.528041138953995e-05
891,0.0004946674453094602
892,1.5124309356906451e-05
893,1.6169360605999827e-05
894,1.351326318399515e-05
895,1.67428697750438e-05
896,1.1217353858228307e-05
897,1.2831329513574019e-05
898,1.394350329064764e-05
899,1.4222108802641742e-05
900,1.1655193702608813e-05
901,3.4834069083444774e-05
902,1.2050006262143143e-05
903,1.5086160601640586e-05
904,1.9939867343055084e-05
905,1.1335537237755489e-05
906,1.991282988456078e-05
907,1.4386989278136753e-05
908,1.5046678527141921e-05
909,1.3675595255335793e-05
910,1.8757564248517156e-05
911,1.2873909327026922e-05
912,1.2215707101859152e-05
913,2.2425443603424355e-05
914,2.9252931199152954e-05
915,1.4745828593731858e-05
916,1.202333442051895e-05
917,1.3472040336637292e-05
918,1.3346920241019689e-05
919,5.749663614551537e-05
920,1.5016174074844457e-05
921,4.597798761096783e-05
922,5.168444477021694e-05
923,2.5305769668193534e-05
924,4.0592527511762455e-05
925,1.3957485862192698e-05
926,1.1291886039543897e-05
927,3.202538573532365e-05
928,1.3739940186496824e-05
929,1.8373026250628754e-05
930,1.6653724742354825e-05
931,1.1853075193357654e-05
932,1.2839485862059519e-05
933,1.9425442587817088e-05
934,1.1408052159822546e-05
935,1.2199989214423113e-05
936,1.7996933820541017e-05
937,1.355747281195363e-05
938,1.485295251768548e-05
939,1.1884939340234268e-05
940,2.0986473828088492e-05
941,1.2512334251368884e-05
942,1.2100691492378246e-05
943,2.6869907742366195e-05
944,1.4058451597520616e-05
945,1.819573481043335e-05
946,1.4863962860545143e-05
947,2.6118745154235512e-05
948,1.4608292985940352e-05
949,1.2799508112948388e-05
950,0.0003484083281364292
951,1.2674895515374374e-05
952,1.0581310561974533e-05
953,1.5017379155324306e-05
954,7.214905053842813e-05
955,3.090222890023142e-05
956,1.923786840052344e-05
957,1.2735545169562101e-05
958,1.3952033441455569e-05
959,0.00028686196310445666
960,1.5802834241185337e-05
961,1.493626223236788e-05
962,1.4121739695838187e-05
963,1.529871951788664e-05
964,1.7013629985740408e-05
965,4.4709631765726954e-05
966,1.3321679034561384e-05
967,0.00010676975944079459
968,1.4968638424761593e-05
969,1.3001246770727448e-05
970,3.821203063125722e-05
971,2.5306082534370944e-05
972,7.027026731520891e-05
973,1.5493180399062112e-05
974,1.4518368516291957e-05
975,1.5044838619360235e-05
976,0.0005120038404129446
977,1.383514882036252e-05
978,2.0114650396863e-05
979,3.465071495156735e-05
980,1.4584076780010946e-05
981,0.00041677989065647125
982,1.5244376299961004e-05
983,1.4670857126475312e-05
984,1.3612920156447217e-05
985,1.822589911171235e-05
986,1.2185965715616476e-05
987,1.3584885891759768e-05
988,1.2761596735799685e-05
989,2.3473077817470767e-05
990,1.404860449838452e-05
991,1.3000632861803751e-05
992,3.2042033126344904e-05
993,1.2712292118521873e-05
994,3.208546695532277e-05
995,5.1029845053562894e-05
996,1.2347809388302267e-05
997,0.0002954988449346274
998,1.6440868421341293e-05
999,3.390682104509324e-05
1000,4.138082658755593e-05
1001,1.4585993994842283e-05
1002,4.443701618583873e-05
1003,1.548447471577674e-05
1004,1.110738594434224e-05
1005,1.445227644580882e-05
1006,2.2147705749375746e-05
1007,1.2461616279324517e-05
1008,1.3928090083936695e-05
1009,2.441833566990681e-05
1010,2.1572901459876448e-05
1011,1.375489682686748e-05
1012,1.3717631190957036e-05
1013,1.3663162462762557e-05
1014,0.00012755712668877095
1015,5.0075417675543576e-05
1016,1.2832235370296985e-05
1017,2.1867976101930253e-05
1018,1.4916873624315485e-05
1019,3.4581375075504184e-05
1020,1.2889537174487486e-05
1021,1.6430247342213988e-05
1022,1.4751969501958229e-05
1023,2.016976759477984e-05
1024,1.3926070096204057e-05
1025,1.82029416464502e-05
1026,1.628416430321522e-05
1027,3.383857983862981e-05
1028,1.401728150085546e-05
1029,6.1639970226679e-05
1030,1.5040894140838645e-05
1031,1.3181392205297016e-05
1032,0.0002141034638043493
1033,1.484512449678732e-05
1034,8.320061897393316e-05
1035,0.0006538903689943254
1036,1.2989891729375813e-05
1037,1.387316660839133e-05
1038,3.414784441702068e-05
1039,1.3267049325804692e-05
1040,0.00029015791369602084
1041,1.5185618394752964e-05
1042,0.0006420147838070989
1043,1.4953078789403662e-05
1044,1.7278398445341736e-05
1045,1.3656994269695133e-05
1046,6.957558798603714e-05
1047,1.5515332052018493e-05
1048,1.3774872059002519e-05
1049,1.1193684258614667e-05
1050,1.325440280197654e-05
1051,0.0003792468924075365
1052,6.20592400082387e-05
1053,8.79327199072577e-05
1054,3.3982243621721864e-05
1055,1.1155041647725739e-05
1056,1.4125227608019486e-05
1057,1.3490156561601907e-05
1058,1.2167811291874386e-05
1059,1.3751158803643193e-05
1060,1.1220219676033594e-05
1061,1.2637555300898384e-05
1062,1.546536441310309e-05
1063,1.2307091310503893e-05
1064,0.00045841012615710497
1065,1.2995323231734801e-05
1066,1.4919593013473786e-05
1067,2.1148842279217206e-05
1068,1.7791717255022377e-05
1069,1.3246497474028729e-05
1070,1.2107710062991828e-05
1071,2.6376856112619862e-05
1072,1.2049769793520682e-05
1073,1.4188382010615896e-05
1074,0.00023864714603405446
1075,0.00044931378215551376
1076,3.673455285024829e-05
1077,1.5541809261776507e-05
1078,5.332444197847508e-05
1079,1.334665921604028e-05
1080,1.401238205289701e-05
1081,1.2644723028643057e-05
1082,1.5928218999761157e-05
1083,5.2460072765825316e-05
1084,1.4299178474175278e-05
1085,1.4557594113284722e-05
1086,1.3375098205870017e-05
1087,1.4883205039950553e-05
1088,9.481897723162547e-05
1089,1.57189406309044e-05
1090,1.4188530258252285e-05
1091,1.3632219634018838e-05
1092,2.1159870811970904e-05
1093,0.000342969608027488
1094,2.0444225810933858e-05
1095,1.195384538732469e-05
1096,1.3143681826477405e-05
1097,1.1368480954843108e-05
1098,1.2265454643056728e-05
1099,0.00031768810003995895
1100,1.4050242498342413e-05
1101,1.3149197911843657e-05
1102,1.5726351193734445e-05
1103,0.00012977035657968372
1104,1.3361855963012204e-05
1105,2.3161777789937332e-05
1106,1.1528173672559205e-05
1107,1.5615036318195052e-05
1108,1.4243931218516082e-05
1109,1.2645132301258855e-05
1110,0.0003789397014770657
1111,1.2608477845788002e-05
1112,1.3380230484472122e-05
1113,2.198748552473262e-05
1114,1.277861520065926e-05
1115,1.29160653159488e-05
1116,1.334880380454706e-05
1117,1.517284272267716e-05
1118,1.4009568076289725e-05
1119,1.2735757081827614e-05
1120,4.910380084766075e-05
1121,1.1601468941080384e-05
1122,1.0680665582185611e-05
1123,1.2533761946542654e-05
1124,4.06802209909074e-05
1125,2.1504738469957374e-05
1126,2.6727337171905674e-05
1127,1.383592916681664e-05
1128,1.7255893908441067e-05
1129,1.3348232641874347e-05
1130,1.3684972145711072e-05
1131,2.0602732547558844e-05
1132,1.5353522030636668e-05
1133,1.2215104106871877e-05
1134,1.4551100321114063e-05
1135,1.1910285138583276e-05
1136,1.4994266166468151e-05
1137,1.2111069736420177e-05
1138,8.910444739740342e-05
1139,1.4436529454542324e-05
1140,1.2460806829039939e-05
1141,1.370610152662266e-05
1142,1.3458464309223928e-05
1143,2.1613732315017842e-05
1144,1.4621178706875071e-05
1145,1.303992212342564e-05
1146,2.5176424969686195e-05
1147,4.923871165374294e-05
1148,3.356586239533499e-05
1149,1.3633216440211982e-05
1150,3.0780149245401844e-05
1151,1.599216921022162e-05
1152,1.2687479284068104e-05
1153,1.1972970241913572e-05
1154,1.2335485735093243e-05
1155,1.7417496565030888e-05
1156,1.3334905816009268e-05
1157,1.3445377589960117e-05
1158,3.672583989100531e-05
1159,1.4069953977013938e-05
1160,1.4772221220482606e-05
1161,1.785382119123824e-05
1162,3.872227534884587e-05
1163,7.581803947687149e-05
1164,1.2801203411072493e-05
1165,1.839490869315341e-05
1166,2.7345746275386773e-05
1167,0.00023341248743236065
1168,0.00020986763411201537
1169,1.2806349332095124e-05
1170,1.4825690413999837e-05
1171,4.2242816562065855e-05
1172,1.4562860087607987e-05
1173,4.364101914688945e-05
1174,1.4770794223295525e-05
1175,2.663871055119671e-05
1176,1.1773741789511405e-05
1177,0.00010014011058956385
1178,1.4511333574773744e-05
1179,1.1331017049087677e-05
1180,1.560518649057485e-05
1181,1.6950272765825503e-05
1182,1.664841329329647e-05
1183,1.2670232536038384e-05
1184,1.2814533874916378e-05
1185,1.9937342585762963e-05
1186,1.2938746294821613e-05
1187,4.090751463081688e-05
1188,3.099690002272837e-05
1189,5.402694660006091e-05
1190,1.3042899809079245e-05
1191,1.658012843108736e-05
1192,2.7977417630609125e-05
1193,1.3367472092795651e-05
1194,1.570644963067025e-05
1195,1.5414272638736293e-05
1196,1.837547642935533e-05
1197,6.157541793072596e-05
1198,6.854610546724871e-05
1199,1.427381175744813e-05
1200,1.3673909052158706e-05
1201,0.00010339685104554519
1202,1.5056683878356125e-05
1203,1.1772414836741518e-05
1204,1.2795810107490979e-05
1205,1.4089311662246473e-05
1206,3.241060767322779e-05
1207,1.3865417713532224e-05
1208,3.528146771714091e-05
1209,0.0003435889957472682
1210,1.3796125131193548e-05
1211,0.0002466000441927463
1212,1.575275746290572e-05
1213,2.1174157154746354e-05
1214,0.00014488090528175235
1215,1.3463892173604108e-05
1216,0.00011580065620364621
1217,1.32486884467653e-05
1218,1.4591295439458918e-05
1219,1.4501565601676702e-05
1220,0.00031849375227466226
1221,3.778504105866887e-05
1222,2.6798443286679685e-05
1223,1.2573592357512098e-05
1224,1.9926335880882107e-05
1225,1.6049796613515355e-05
1226,2.0837604097323492e-05
1227,9.308291191700846e-05
1228,1.7823105736169964e-05
1229,0.0003170002019032836
1230,1.3809243682771921e-05
1231,1.2560619325086009e-05
1232,1.4326798009278718e-05
1233,1.4505948456644546e-05
1234,1.2708134818240069e-05
1235,9.581972699379548e-05
1236,1.705059730738867e-05
1237,1.2752889233524911e-05
1238,2.0047893485752866e-05
1239,1.236088246514555e-05
1240,1.4478380762739107e-05
1241,0.00017740011389832944
1242,1.4257208022172563e-05
1243,1.4096654922468588e-05
1244,0.00037546991370618343
1245,1.9619725208031014e-05
1246,0.00022724528389517218
1247,0.0005233935662545264
1248,1.2852779036620632e-05
1249,1.2786389561370015e-05
1250,1.4690074749523774e-05
1251,0.00033302517840638757
1252,4.3845106119988486e-05
1253,3.3976863051066175e-05
1254,0.0004223717260174453
1255,1.373966097162338e-05
1256,1.5558347513433546e-05
1257,1.2229486856085714e-05
1258,1.5578076272504404e-05
1259,1.4455701602855697e-05
1260,1.4215685951057822e-05
1261,1.6047491953941062e-05
1262,1.5928946595522575e-05
1263,0.00023686229542363435
1264,1.4850401385047007e-05
1265,1.3846000001649372e-05
1266,2.6593848815537058e-05
1267,0.0001074901592801325
1268,0.0004942339728586376
1269,1.5525003618677147e-05
1270,1.6595648048678413e-05
1271,1.8674376406124793e-05
1272,2.0547138774418272e-05
1273,1.387892280035885e-05
1274,1.3911686437495518e-05
1275,1.2891701771877706e-05
1276,3.2117422961164266e-05
1277,6.0202499298611656e-05
1278,2.302615212101955e-05
1279,1.8238493794342503e-05
1280,1.497732682764763e-05
1281,1.5223282389342785e-05
1282,3.782232306548394e-05
1283,2.766788202279713e-05
1284,1.3960887372377329e-05
1285,0.0002178789727622643
1286,1.6164840417332016e-05
1287,1.2295222404645756e-05
1288,1.3632468835567124e-05
1289,1.3536182450479828e-05
1290,1.0980375918734353e-05
1291,3.625817407737486e-05
1292,1.2057232197548728e-05
1293,3.439846113906242e-05
1294,1.7611257135285996e-05
1295,1.4766026652068831e-05
1296,1.4125237612461206e-05
1297,1.3989651961310301e-05
1298,1.8696984625421464e-05
1299,1.4845173609501217e-05
1300,1.34321853693109e-05
1301,1.7248696167371236e-05
1302,1.0475229828443844e-05
1303,1.2815462469006889e-05
1304,1.2772001355187967e-05
1305,1.4236073184292763e-05
1306,1.5072868336574174e-05
1307,1.2964284906047396e-05
1308,1.4812953850196209e-05
1309,1.4076589650358073e-05
1310,1.6728841728763655e-05
1311,1.3471379133989103e-05
1312,2.712207060540095e-05
1313,1.4736508092028089e-05
1314,1.3024574400333222e-05
1315,1.2742710168822668e-05
1316,1.1965241355937906e-05
1317,1.2308417353779078e-05
1318,2.1724630641983822e-05
1319,1.342251562164165e-05
1320,5.30795514350757e-05
1321,1.4660709894087631e-05
1322,2.96423659165157e-05
1323,1.286852693738183e-05
1324,1.0782074241433293e-05
1325,0.0009210063144564629
1326,1.2733192306768615e-05
1327,1.5264115063473582e-05
1328,1.4165358152240515e-05
1329,1.2370615877443925e-05
1330,1.3881481208954938e-05
1331,1.3872844647266902e-05
1332,1.3185397619963624e-05
1333,1.2285735465411562e-05
1334,1.4476592696155421e-05
1335,0.00011149494093842804
1336,0.0004092867602594197
1337,2.0794164811377414e-05
1338,2.6280535166733898e-05
1339,1.622937634238042e-05
1340,1.3643928468809463e-05
1341,1.4575022760254797e-05
1342,8.318197069456801e-05
1343,1.20575768960407e-05
1344,1.718613930279389e-05
1345,1.372801125398837e-05
1346,1.6027537640184164e-05
1347,1.6654916180414148e-05
1348,5.252332994132303e-05
1349,1.37144324980909e-05
1350,1.4242417819332331e-05
1351,1.1180869478266686e-05
1352,3.4199161746073514e-05
1353,4.260954665369354e-05
1354,1.369862184219528e-05
1355,1.2883822819276247e-05
1356,1.2558553862618282e-05
1357,0.000370638445019722
1358,1.3871322153136134e-05
1359,2.2427942894864827e-05
1360,1.2165552107035182e-05
1361,1.742128370096907e-05
1362,1.4814633686910383e-05
1363,1.5397910829051398e-05
1364,2.8363781893858686e-05
1365,1.2202799553051591e-05
1366,2.9589531550300308e-05
1367,1.1516082849993836e-05
1368,1.2288533071114216e-05
1369,1.3390498679655138e-05
1370,4.119014192838222e-05
1371,1.772535324562341e-05
1372,1.583880111866165e-05
1373,1.209327092510648e-05
1374,1.1567961337277666e-05
1375,1.328107828157954e-05
1376,2.99699604511261e-05
1377,1.0962074156850576e-05
1378,1.6256946764769964e-05
1379,1.4804665624978952e-05
1380,1.5786996300448664e-05
1381,1.3142409443389624e-05
1382,2.4097842469927855e-05
1383,1.4360267414303962e-05
1384,1.3535934158426244e-05
1385,0.000102426485682372
1386,1.5090000488271471e-05
1387,9.352608321933076e-05
1388,4.1410818084841594e-05
1389,4.3930129322689027e-05
1390,6.768818275304511e-05
1391,1.5191035345196724e-05
1392,0.0004221375857014209
1393,1.3525013855542056e-05
1394,1.8537559299147688e-05
1395,1.8920716684078798e-05
1396,1.2938096915604547e-05
1397,1.6836820577736944e-05
1398,2.4421422494924627e-05
1399,1.659864210523665e-05
1400,1.3830356692778878e-05
1401,1.3459133697324432e-05
1402,1.3068637599644717e-05
1403,1.705223257886246e-05
1404,1.3458181456371676e-05
1405,1.6658617823850363e-05
1406,1.3546197806135751e-05
1407,1.2885881915281061e-05
1408,2.0389765268191695e-05
1409,1.872653047030326e-05
1410,2.9487404390238225e-05
1411,1.394247647112934e-05
1412,0.0002272637066198513
1413,1.313337816100102e-05
1414,4.4987093133386225e-05
1415,1.3412625776254572e-05
1416,1.6822525140014477e-05
1417,1.588095437909942e-05
1418,1.239927405549679e-05
1419,0.0004016354214400053
1420,1.2272166713955812e-05
1421,3.724492125911638e-05
1422,6.3098399550654e-05
1423,1.3891889466322027e-05
1424,1.5808149328222498e-05
1425,1.3989906619826797e-05
1426,1.4767297216167208e-05
1427,1.273950510949362e-05
1428,2.813193350448273e-05
1429,5.299504118738696e-05
1430,1.3269989722175524e-05
1431,1.288560451939702e-05
1432,3.390256824786775e-05
1433,1.2729792615573388e-05
1434,2.0650049918913282e-05
1435,2.0360135749797337e-05
1436,1.2077024621248711e-05
1437,0.00018239540804643184
1438,1.1979591363342479e-05
1439,1.891633110062685e-05
1440,1.677016553003341e-05
1441,1.4502686099149287e-05
1442,4.9432092055212706e-05
1443,1.5979097952367738e-05
1444,4.126273779547773e-05
1445,1.2665301255765371e-05
1446,1.1332574104017112e-05
1447,1.2640758541238029e-05
1448,1.2090753443771973e-05
1449,1.251502544619143e-05
1450,0.00012183195940451697
1451,1.3862636478734203e-05
1452,0.0001887104008346796
1453,1.0860014299396425e-05
1454,1.2675492143898737e-05
1455,5.190054071135819e-05
1456,3.275583003414795e-05
1457,1.2811407941626385e-05
1458,1.6366708223358728e-05
1459,1.3668974133906886e-05
1460,1.3923073311161716e-05
1461,1.4120819287199993e-05
1462,7.669776096008718e-05
1463,1.1329693734296598e-05
1464,1.2930502634844743e-05
1465,1.3457763998303562e-05
1466,0.0003084921045228839
1467,3.65284358849749e-05
1468,2.1580850443569943e-05
1469,2.0593195586116053e-05
1470,1.2835113921028096e-05
1471,4.475218884181231e-05
1472,2.649947055033408e-05
1473,1.1353551599313505e-05
1474,1.2786826118826866e-05
1475,8.611374505562708e-05
1476,1.2913453247165307e-05
1477,1.4350762285175733e-05
1478,1.4352356629387941e-05
1479,1.8180266124545597e-05
1480,1.3796682651445735e-05
1481,9.259383659809828e-05
1482,1.527176209492609e-05
1483,1.740818697726354e-05
1484,1.4256845133786555e-05
1485,1.3823525478073861e-05
1486,2.8663222110481e-05
1487,1.0737341654021293e-05
1488,1.4080878827371635e-05
1489,4.418351818458177e-05
1490,1.549709850223735e-05
1491,1.196408447867725e-05
1492,1.9977331248810515e-05
1493,0.0001556001661811024
1494,1.3851290532329585e-05
1495,1.5742331015644595e-05
1496,1.2481495105021168e-05
1497,1.56201913341647e-05
1498,1.3556191333918832e-05
1499,1.4916667169018183e-05
1500,1.2544180208351463e-05
1501,1.9507668184814975e-05
1502,1.2649478776438627e-05
1503,2.6111549232155085e-05
1504,0.00021839953842572868
1505,2.682955346244853e-05
1506,1.277510637009982e-05
1507,1.3483768270816654e-05
1508,5.742458233726211e-05
1509,1.3845273315382656e-05
1510,1.2206008250359446e-05
1511,1.151684955402743e-05
1512,2.095955642289482e-05
1513,1.8588476450531743e-05
1514,1.2899412467959337e-05
1515,4.471622742130421e-05
1516,1.129640713770641e-05
1517,1.1900551726284903e-05
1518,5.06774231325835e-05
1519,1.3267536814964842e-05
1520,1.987958421523217e-05
1521,0.0001821238111006096
1522,1.305249043070944e-05
1523,1.3475627383741084e-05
1524,1.4976686543377582e-05
1525,0.00038150098407641053
1526,2.3247888748301193e-05
1527,1.981969762709923e-05
1528,4.2529060010565445e-05
1529,2.5929432013072073e-05
1530,1.6452933778055012e-05
1531,1.5112492292246316e-05
1532,8.520686242263764e-05
1533,1.3335603398445528e-05
1534,1.4883411495247856e-05
1535,1.2684791727224365e-05
1536,2.5018071028171107e-05
1537,1.9075772797805257e-05
1538,1.3070177374174818e-05
1539,1.3755073268839624e-05
1540,1.419980799255427e-05
1541,5.1195838750572875e-05
1542,1.2932643585372716e-05
1543,1.8205239030066878e-05
1544,9.083861368708313e-05
1545,1.319657894782722e-05
1546,0.000329786678776145
1547,0.00021052148076705635
1548,1.4613659004680812e-05
1549,7.306956831598654e-05
1550,1.4250425920181442e-05
1551,8.324385999003425e-05
1552,0.0003483492764644325
1553,4.227057797834277e-05
1554,0.000281582964817062
1555,1.3320544894668274e-05
1556,1.851567139965482e-05
1557,1.4760220437892713e-05
1558,1.3790728189633228e-05
1559,0.00017812135047279298
1560,0.000415370479458943
1561,1.2422202416928485e-05
1562,1.4543838915415108e-05
1563,1.905758836073801e-05
1564,2.4738794309087098e-05
1565,1.4914040548319463e-05
1566,2.6155965315410867e-05
1567,2.369325011386536e-05
1568,2.2357267880579457e-05
1569,1.3779051187157165e-05
1570,1.9814728148048744e-05
1571,3.968541932408698e-05
1572,1.2791379958798643e-05
1573,1.175582019641297e-05
1574,1.4312465282273479e-05
1575,6.228571874089539e-05
1576,0.0003991264384239912
1577,2.982316982524935e-05
1578,1.3366335224418435e-05
1579,4.163266930845566e-05
1580,6.185156235005707e-05
1581,9.142080671153963e-05
1582,1.9687839085236192e-05
1583,4.2392337491037324e-05
1584,1.1825045476143714e-05
1585,1.2859284652222414e-05
1586,1.4227840438252315e-05
1587,0.0005103327566757798
1588,7.430141704389825e-05
1589,1.4662799003417604e-05
1590,2.703427708183881e-05
1591,1.7724669305607677e-05
1592,7.792292308295146e-05
1593,1.7992684661294334e-05
1594,1.5576804798911326e-05
1595,0.0003588770632632077
1596,8.186061313608661e-05
1597,4.756753332912922e-05
1598,3.799756814260036e-05
1599,1.5913352399365976e-05
1600,1.2949754818691872e-05
1601,1.4535153241013177e-05
1602,1.4955172446207143e-05
1603,1.5039176105346996e-05
1604,1.643579889787361e-05
1605,1.1367024853825569e-05
1606,1.23228437587386e-05
1607,0.0001501016377005726
1608,2.0588673578458838e-05
1609,1.8979964806931093e-05
1610,1.2922871064802166e-05
1611,2.1738802388426848e-05
1612,2.2043577700969763e-05
1613,1.3195476640248671e-05
1614,1.2120461178710684e-05
1615,3.9870108594186604e-05
1616,5.9983769460814074e-05
1617,1.2973504453839269e-05
1618,0.00038955884519964457
1619,3.8736718124710023e-05
1620,2.5270652258768678e-05
1621,1.577668808749877e-05
1622,2.1806863514939323e-05
1623,1.1939211617573164e-05
1624,1.197543133457657e-05
1625,1.2980965948372614e-05
1626,1.2423330190358683e-05
1627,1.4732214367541019e-05
1628,1.776754652382806e-05
1629,4.119545337744057e-05
1630,1.1751595593523234e-05
1631,4.0706097934162244e-05
1632,0.00019326963229104877
1633,2.6388108381070197e-05
1634,3.649225982371718e-05
1635,1.677140244282782e-05
1636,1.6587306163273752e-05
1637,1.5204260307655204e-05
1638,1.2028673154418357e-05
1639,1.3574992408393882e-05
1640,3.95458955608774e-05
1641,8.463294943794608e-05
1642,1.6737219993956387e-05
1643,8.468650048598647e-05
1644,1.6341202353942208e-05
1645,1.3722376024816185e-05
1646,0.00018250607536174357
1647,0.00042986212065443397
1648,1.6071708159870468e-05
1649,5.8238674682797864e-05
1650,1.5493244063691236e-05
1651,4.8090616473928094e-05
1652,2.1952793758828193e-05
1653,1.4154032214719336e-05
1654,0.0003148703835904598
1655,6.442070298362523e-05
1656,1.3207321899244562e-05
1657,1.9957602489739656e-05
1658,6.299042433965951e-05
1659,0.00028327322797849774
1660,3.515240678098053e-05
1661,1.3150072845746763e-05
1662,1.212096685776487e-05
1663,2.883125671360176e-05
1664,0.0003197547630406916
1665,1.2596945452969521e-05
1666,1.4909674064256251e-05
1667,1.3498423868441023e-05
1668,6.118208693806082e-05
1669,1.2965880159754306e-05
1670,4.640270344680175e-05
1671,2.0675281120929867e-05
1672,1.2840137060265988e-05
1673,1.2822163625969552e-05
1674,2.6033640097011812e-05
1675,0.00012619428161997348
1676,1.3135346307535656e-05
1677,1.2130301911383867e-05
1678,1.4834809917374514e-05
1679,9.162812784779817e-05
1680,1.3476920685207006e-05
1681,2.3048844013828784e-05
1682,1.4917028238414787e-05
1683,1.3996287634654436e-05
1684,1.5240928405546583e-05
1685,1.2524056728580035e-05
1686,7.061875658109784e-05
1687,1.9306444301037118e-05
1688,1.3822234905092046e-05
1689,1.2565688848553691e-05
1690,1.1922468729608227e-05
1691,2.7875927116838284e-05
1692,1.071965198207181e-05
1693,5.7103345170617104e-05
1694,0.000309007300529629
1695,1.3454600775730796e-05
1696,3.7111269193701446e-05
1697,1.1453026672825217e-05
1698,0.00019232997146900743
1699,1.5041960068629123e-05
1700,8.548184996470809e-05
1701,4.5416290959110484e-05
1702,2.273457357659936e-05
1703,0.00014085839211475104
1704,2.7458327167551033e-05
1705,3.34939977619797e-05
1706,1.1241240827075671e-05
1707,1.521502599644009e-05
1708,1.2572753803397063e-05
1709,1.2847245670855045e-05
1710,1.2469941793824546e-05
1711,1.3693979781237431e-05
1712,1.1023263141396455e-05
1713,1.3451895938487723e-05
1714,1.4424414075620007e-05
1715,3.32297058776021e-05
1716,1.270642678719014e-05
1717,0.00039811566239222884
1718,1.3472477803588845e-05
1719,1.4841580195934512e-05
1720,4.7490746510447934e-05
1721,1.2921566849399824e-05
1722,1.5130037354538217e-05
1723,1.9894421711796895e-05
1724,1.1951424312428571e-05
1725,1.1504876965773292e-05
1726,1.2856674402428325e-05
1727,8.576839172746986e-05
1728,1.3960599972051568e-05
1729,1.311866071773693e-05
1730,1.1537644240888767e-05
1731,0.0004690880887210369
1732,1.1773079677368514e-05
1733,2.1234844098216854e-05
1734,3.2102248951559886e-05
1735,1.3183827832108364e-05
1736,1.6409421732532792e-05
1737,2.9656572223757394e-05
1738,0.0006045426125638187
1739,1.3810316886520013e-05
1740,1.2567180419864599e-05
1741,5.609838626696728e-05
1742,1.3483659131452441e-05
1743,1.2607782991835847e-05
1744,1.798970697564073e-05
1745,1.1675062523863744e-05
1746,2.998965464939829e-05
1747,1.5045332474983297e-05
1748,0.00037098542088642716
1749,1.2760540812450927e-05
1750,3.004347854584921e-05
1751,1.0452540664118715e-05
1752,0.0001522222300991416
1753,1.581382821314037e-05
1754,1.3965850484964903e-05
1755,1.5814790458534844e-05
1756,7.179514796007425e-05
1757,1.2263548342161812e-05
1758,1.2424604392435867e-05
1759,4.4919332140125334e-05
1760,1.1438448382250499e-05
1761,1.2007350960629992e-05
1762,1.3145609045750462e-05
1763,1.1249756425968371e-05
1764,1.1033681403205264e-05
1765,1.4000366718391888e-05
1766,1.5876232282607816e-05
1767,1.745888584991917e-05
1768,1.2339539352979045e-05
1769,1.2462171071092598e-05
1770,4.3186708353459835e-05
1771,1.593795241205953e-05
1772,1.2416253412084188e-05
1773,1.0575960914138705e-05
1774,1.3471374586515594e-05
1775,2.103523729601875e-05
1776,1.366714968753513e-05
1777,1.562336547067389e-05
1778,0.00019659969257190824
1779,1.242022972292034e-05
1780,1.9669620087370276e-05
1781,1.2847307516494766e-05
1782,1.61214848048985e-05
1783,0.0002188899670727551
1784,0.00011548879410838708
1785,3.132794518023729e-05
1786,1.2461962796805892e-05
1787,1.438065737602301e-05
1788,1.0965452929667663e-05
1789,1.30448261188576e-05
1790,2.5607911084080115e-05
1791,1.2768630767823197e-05
1792,1.3017048331676051e-05
1793,2.9489568987628445e-05
1794,3.191016003256664e-05
1795,3.4519107430242e-05
1796,0.00016191881150007248
1797,1.2815196896553971e-05
1798,1.422382592863869e-05
1799,1.817933480197098e-05
1800,1.9078735931543633e-05
1801,1.8600736439111643e-05
1802,1.296052141697146e-05
1803,2.1934285541647114e-05
1804,1.5393728972412646e-05
1805,2.173417669837363e-05
1806,9.19116719160229e-05
1807,0.0003891450760420412
1808,1.1600783182075247e-05
1809,1.3244380170363002e-05
1810,1.8320215531275608e-05
1811,1.2923926988150924e-05
1812,3.10844334308058e-05
1813,1.2193799193482846e-05
1814,4.8362435336457565e-05
1815,1.1774527592933737e-05
1816,1.1880206329806242e-05
1817,1.3366710845730267e-05
1818,1.1634487236733548e-05
1819,2.4992292310344055e-05
1820,1.721189073577989e-05
1821,1.2847322068409994e-05
1822,1.3488257536664605e-05
1823,2.2212701878743246e-05
1824,1.1713758794940077e-05
1825,8.884866838343441e-05
1826,1.3542316082748584e-05
1827,2.9327462470973842e-05
1828,1.2428886293491814e-05
1829,1.2157534911239054e-05
1830,1.0884040420933161e-05
1831,6.40230646240525e-05
1832,1.559872725920286e-05
1833,0.0003957317676395178
1834,2.5249149985029362e-05
1835,0.00018662092043086886
1836,1.788951522030402e-05
1837,1.5715964764240198e-05
1838,1.2434666132321581e-05
1839,1.2478866665333044e-05
1840,1.169918141386006e-05
1841,3.255283081671223e-05
1842,1.275535123568261e-05
1843,1.2780665201717056e-05
1844,1.6728412447264418e-05
1845,1.9152877939632162e-05
1846,1.2954466001247056e-05
1847,1.8123704649042338e-05
1848,2.0555979062919505e-05
1849,1.7231724996236153e-05
1850,7.796354475431144e-05
1851,1.2351293662504759e-05
1852,1.7301219486398622e-05
1853,1.688698830548674e-05
1854,1.20242320917896e-05
1855,1.4238746189221274e-05
1856,2.2921747586224228e-05
1857,1.3118304195813835e-05
1858,1.7375135939801112e-05
1859,1.2312440958339721e-05
1860,2.0024654077133164e-05
1861,1.3882815437682439e-05
1862,1.4515246220980771e-05
1863,1.526314008515328e-05
1864,1.2220744793012273e-05
1865,1.049700404109899e-05
1866,1.3769375073025003e-05
1867,1.75949971890077e-05
1868,1.6769299691077322e-05
1869,1.297417202295037e-05
1870,3.642543379100971e-05
1871,1.5855934179853648e-05
1872,1.271418386750156e-05
1873,1.5758696463308297e-05
1874,0.0003223708481527865
1875,9.095817222259939e-05
1876,1.4301322153187357e-05
1877,1.2477803466026671e-05
1878,1.2375075129966717e-05
1879,1.4900019777996931e-05
1880,1.0526314326853026e-05
1881,1.4174357602314558e-05
1882,2.2765565518056974e-05
1883,0.00029638901469297707
1884,1.1981312127318233e-05
1885,2.772657899186015e-05
1886,2.7243739168625325e-05
1887,1.0969526556436904e-05
1888,2.313591176061891e-05
1889,1.1400705261621624e-05
1890,2.982968908327166e-05
1891,1.2874254935013596e-05
1892,0.0004616204823832959
1893,1.5690340660512447e-05
1894,1.3586960449174512e-05
1895,6.019025022396818e-05
1896,1.9539380446076393e-05
1897,5.627439168165438e-05
1898,1.248763692274224e-05
1899,1.3700085219170433e-05
1900,6.568068056367338e-05
1901,1.946985321410466e-05
1902,1.419530417479109e-05
1903,2.7613896236289293e-05
1904,1.262021396541968e-05
1905,1.233594048244413e-05
1906,1.263900958292652e-05
1907,1.4546463717124425e-05
1908,1.2890833204437513e-05
1909,0.0005811986629851162
1910,1.1241771971981507e-05
1911,1.3888236935599707e-05
1912,3.480750456219539e-05
1913,3.47278437402565e-05
1914,1.1824354260170367e-05
1915,0.00045325985411182046
1916,2.8350877983029932e-05
1917,4.664598236558959e-05
1918,1.083285860659089e-05
1919,1.463551143388031e-05
1920,3.213895979570225e-05
1921,6.0543796280398965e-05
1922,1.3019954167248216e-05
1923,1.4238326912163757e-05
1924,1.3232561286713462e-05
1925,1.5509274817304686e-05
1926,4.374993295641616e-05
1927,7.709088094998151e-05
1928,5.185048939893022e-05
1929,0.0004792358377017081
1930,1.4418837054108735e-05
1931,1.5913290553726256e-05
1932,1.1097976312157698e-05
1933,1.4667784853372723e-05
1934,1.4291821571532637e-05
1935,1.2165613952674903e-05
1936,1.3162754839868285e-05
1937,1.3465480151353404e-05
1938,1.4173709132592194e-05
1939,7.532465679105371e-05
1940,1.6222686099354178e-05
1941,1.162738863058621e-05
1942,1.3798854524793569e-05
1943,1.2662088920478709e-05
1944,1.2512566172517836e-05
1945,1.882614742498845e-05
1946,0.0001392226986354217
1947,1.6310636056005023e-05
1948,1.8188118701800704e-05
1949,1.3489030607161112e-05
1950,0.00011119710688944906
1951,3.3893691579578444e-05
1952,1.3472045793605503e-05
1953,1.2812758541258518e-05
1954,1.358804183837492e-05
1955,1.1875929885718506e-05
1956,1.3306434993864968e-05
1957,1.1873651601490565e-05
1958,1.4380198990693316e-05
1959,1.5547457223874517e-05
1960,2.0836825569858775e-05
1961,1.2437797522579785e-05
1962,1.240364508703351e-05
1963,0.00013565139670390636
1964,1.3209512871981133e-05
1965,1.2840170711569954e-05
1966,0.0003853161178994924
1967,2.0737479644594714e-05
1968,1.8896655092248693e-05
1969,2.8864880732726306e-05
1970,1.1970576451858506e-05
1971,2.0197287085466087e-05
1972,1.1206239832972642e-05
1973,2.7736910851672292e-05
1974,1.3889196452510078e-05
1975,1.1620520126598421e-05
1976,1.201006398332538e-05
1977,1.1750722478609532e-05
1978,1.187025281979004e-05
1979,0.00041417035390622914
1980,0.0002731394488364458
1981,1.2551285180961713e-05
1982,1.3041992133366875e-05
1983,1.3709130143979564e-05
1984,1.2266094017832074e-05
1985,1.5737063222331926e-05
1986,2.8716287488350645e-05
1987,2.25686926569324e-05
1988,3.8020687497919425e-05
1989,6.197384209372103e-05
1990,1.5400140910060145e-05
1991,2.5039902538992465e-05
1992,1.2063411304552574e-05
1993,2.7247651814832352e-05
1994,2.320307794434484e-05
1995,1.980291744985152e-05
1996,1.318208705924917e-05
1997,1.638447974983137e-05
1998,1.3049100743955933e-05
1999,2.1304114852682687e-05
2000,1.38384730234975e-05
2001,2.0310098989284597e-05
2002,1.4733509487996344e-05
2003,1.1832632480945904e-05
2004,1.7205846233991906e-05
2005,9.940744348568842e-06
2006,2.3674154363106936e-05
2007,1.7541458873893134e-05
2008,3.056284913327545e-05
2009,0.00010330127406632528
2010,1.2433333722583484e-05
2011,1.2455973774194717e-05
2012,1.2487115782278124e-05
2013,1.5055469702929258e-05
2014,2.0225699699949473e-05
2015,6.663386011496186e-05
2016,1.4687050679640379e-05
2017,2.9101189284119755e-05
2018,2.594195757410489e-05
2019,2.104491795762442e-05
2020,1.856864764704369e-05
2021,1.1553354852367193e-05
2022,1.7294038116233423e-05
2023,0.00011552508658496663
2024,1.2200193850731011e-05
2025,1.1779011401813477e-05
2026,2.465509169269353e-05
2027,1.3021286576986313e-05
2028,1.6358042557840236e-05
2029,2.110643617925234e-05
2030,1.0832266525540035e-05
2031,1.2799060641555116e-05
2032,1.2862295989179984e-05
2033,0.00041098977089859545
2034,0.0002623678301461041
2035,1.2215032256790437e-05
2036,1.4286237274063751e-05
2037,1.714744394121226e-05
2038,1.1503496352816e-05
2039,1.4433061551244464e-05
2040,1.2758000593748875e-05
2041,1.0330876648367848e-05
2042,1.1149192687298637e-05
2043,1.4548873878084123e-05
2044,1.5563031411147676e-05
2045,1.1648190593405161e-05
2046,5.867737127118744e-05
2047,1.5834544683457352e-05
2048,1.3022297025599983e-05
2049,1.2813728062610608e-05
2050,2.859690175682772e-05
2051,2.3939010134199634e-05
2052,1.3990961633680854e-05
2053,1.367160803056322e-05
2054,1.5455036191269755e-05
2055,4.7420056944247335e-05
2056,1.2239399438840337e-05
2057,1.2766106920025777e-05
2058,5.102154682390392e-05
2059,1.4810783795837779e-05
2060,1.308411628997419e-05
2061,1.3902419595979154e-05
2062,1.2520990821940359e-05
2063,1.1662309589155484e-05
2064,1.636642628000118e-05
2065,1.314961991738528e-05
2066,2.5224158889614046e-05
2067,5.099504051031545e-05
2068,1.4098175597609952e-05
2069,1.2323924238444306e-05
2070,1.4940376786398701e-05
2071,1.0992026545864064e-05
2072,1.4909059245837852e-05
2073,1.2557915397337638e-05
2074,2.3667465939070098e-05
2075,1.4007346180733293e-05
2076,1.080511628970271e-05
2077,1.1115632332803216e-05
2078,1.2289865480852313e-05
2079,1.2194804185128305e-05
2080,1.2555410648928955e-05
2081,5.92612886975985e-05
2082,1.2305051313887816e-05
2083,6.725050479872152e-05
2084,1.2666014299611561e-05
2085,1.3466522432281636e-05
2086,0.0003455762634985149
2087,1.377639637212269e-05
2088,3.835320603684522e-05
2089,1.3358687283471227e-05
2090,1.1197071216884069e-05
2091,3.151029159198515e-05
2092,2.316147947567515e-05
2093,1.3232864148449153e-05
2094,1.3737386325374246e-05
2095,1.2861377399531193e-05
2096,1.3713108273805119e-05
2097,1.4171113434713334e-05
2098,1.140771564678289e-05
2099,2.112128640874289e-05
2100,0.00028019369347020984
2101,0.00015842544962652028
2102,1.8967977666761726e-05
2103,2.217999099229928e-05
2104,1.3356063391256612e-05
2105,1.9563780369935557e-05
2106,1.5663237718399614e-05
2107,0.0002801692462526262
2108,3.198183549102396e-05
2109,1.1388166967662983e-05
2110,1.5151997104112525e-05
2111,1.3229396245151293e-05
2112,1.349854574073106e-05
2113,1.2762642654706724e-05
2114,1.136290120484773e-05
2115,1.4017310604685917e-05
2116,1.437222454114817e-05
2117,0.00017731808475218713
2118,1.686289942881558e-05
2119,3.30255352309905e-05
2120,0.0002587985363788903
2121,1.2147936104156543e-05
2122,1.730225994833745e-05
2123,1.4493010894511826e-05
2124,1.5126635844353586e-05
2125,1.1741953130695038e-05
2126,1.1594333955144975e-05
2127,1.0155442396353465e-05
2128,3.916912464774214e-05
2129,9.855582902673632e-05
2130,1.7286985894315876e-05
2131,1.4939998436602764e-05
2132,0.0005909507162868977
2133,0.0004063548694830388
2134,1.447024624212645e-05
2135,1.4241230928746518e-05
2136,1.4388209820026532e-05
2137,1.3323321581992786e-05
2138,1.5290970623027533e-05
2139,1.4180865946400445e-05
2140,3.7271034670993686e-05
2141,1.782133949745912e-05
2142,1.2513967703853268e-05
2143,5.968102777842432e-05
2144,1.2824191799154505e-05
2145,2.0095754734938964e-05
2146,0.00016969603893812746
2147,2.4551178285037167e-05
2148,1.9571714801713824e-05
2149,1.3381079952523578e-05
2150,1.4197425116435625e-05
2151,0.00011421462113503367
2152,1.3811470125801861e-05
2153,0.0001070756625267677
2154,4.308210191084072e-05
2155,1.3556867997976951e-05
2156,4.0481347241438925e-05
2157,2.26430765906116e-05
2158,1.4455301425186917e-05
2159,1.344153133686632e-05
2160,1.5631392670911737e-05
2161,2.051061346719507e-05
2162,1.8835826267604716e-05
2163,1.3842673070030287e-05
2164,1.754707955115009e-05
2165,1.2641796274692751e-05
2166,1.1396705303923227e-05
2167,1.1800891115854029e-05
2168,1.3431463230517693e-05
2169,1.1719448593794368e-05
2170,1.460247949580662e-05
2171,1.2755844181810971e-05
2172,1.3039921213930938e-05
2173,0.00023819226771593094
2174,1.2585584045154974e-05
2175,1.3262493666843511e-05
2176,1.1648442523437552e-05
2177,0.0004427944077178836
2178,1.154893652710598e-05
2179,1.4281871699495241e-05
2180,1.40401298267534e-05
2181,1.2998443708056584e-05
2182,5.901317490497604e-05
2183,4.411552436067723e-05
2184,2.5120163627434522e-05
2185,3.575180744519457e-05
2186,1.1996136890957132e-05
2187,6.266176205826923e-05
2188,1.096584128390532e-05
2189,0.0004129221779294312
2190,2.6597746909828857e-05
2191,1.2771078218065668e-05
2192,3.2356332667404786e-05
2193,2.6324594728066586e-05
2194,1.1210559023311362e-05
2195,1.7138419934781268e-05
2196,1.5170602637226693e-05
2197,2.1443185687530786e-05
2198,2.1013049263274297e-05
2199,1.3234932339400984e-05
2200,1.625128061277792e-05
2201,1.1229203664697707e-05
2202,0.00024501740699633956
2203,6.346676673274487e-05
2204,1.2716047422145493e-05
2205,0.0005689545068889856
2206,1.4374501006386708e-05
2207,0.0005830259178765118
2208,1.1935684597119689e-05
2209,4.140418241149746e-05
2210,1.3809587471769191e-05
2211,1.2669441275647841e-05
2212,4.586866270983592e-05
2213,4.5502289140131325e-05
2214,4.6168257540557534e-05
2215,2.3026288545224816e-05
2216,1.887104008346796e-05
2217,1.3385350939643104e-05
2218,3.314751302241348e-05
2219,4.7204877773765475e-05
2220,3.4067714295815676e-05
2221,3.309963722131215e-05
2222,1.2619996596185956e-05
2223,1.2105485438951291e-05
2224,1.2942386092618108e-05
2225,1.377586795570096e-05
2226,1.3470211342792027e-05
2227,1.5457666449947283e-05
2228,1.247475029231282e-05
2229,1.2258574315637816e-05
2230,1.2976153811905533e-05
2231,1.5633850125595927e-05
2232,1.489606438553892e-05
2233,4.5332879381021485e-05
2234,1.3087863408145495e-05
2235,1.4493657545244787e-05
2236,0.00019424942729528993
2237,1.4209053915692493e-05
2238,2.555466016929131e-05
2239,1.5699199138907716e-05
2240,3.0374783818842843e-05
2241,1.2850137864006683e-05
2242,7.807110523572192e-05
2243,3.058010042877868e-05
2244,1.9783348761848174e-05
2245,1.3368381587497424e-05
2246,1.2253325621713884e-05
2247,1.202759267471265e-05
2248,1.1600326615734957e-05
2249,1.2291066013858654e-05
2250,1.3654589565703645e-05
2251,1.1941370757995173e-05
2252,4.114977491553873e-05
2253,1.1891997019120026e-05
2254,1.305172554566525e-05
2255,1.4257231669034809e-05
2256,1.1630088920355774e-05
2257,1.363325645797886e-05
2258,1.2035576219204813e-05
2259,1.2081288332410622e-05
2260,2.165222031180747e-05
2261,1.2698741556960158e-05
2262,2.431864049867727e-05
2263,1.1396570698707364e-05
2264,1.3108629900671076e-05
2265,1.1055513823521324e-05
2266,1.3114863577357028e-05
2267,0.00019355265249032527
2268,1.3185985153540969e-05
2269,1.4563162039848976e-05
2270,1.4213657777872868e-05
2271,1.9758064809138887e-05
2272,1.1100804840680212e-05
2273,3.409744022064842e-05
2274,4.9356800445821136e-05
2275,1.2410871931933798e-05
2276,1.1650963642750867e-05
2277,0.00015849767078179866
2278,1.3558766113419551e-05
2279,7.810360693838447e-05
2280,2.0125329683651216e-05
2281,1.735017212922685e-05
2282,1.3100303476676345e-05
2283,2.5539826310705394e-05
2284,1.212171628139913e-05
2285,0.000442906137323007
2286,0.0002905822766479105
2287,1.1956637536059134e-05
2288,1.2523528312158305e-05
2289,1.082958624465391e-05
2290,0.0002736500173341483
2291,1.3087674233247526e-05
2292,1.3525273971026763e-05
2293,0.00014096572704147547
2294,1.8026270481641404e-05
2295,1.1937818271690048e-05
2296,0.0003854905371554196
2297,2.6674868422560394e-05
2298,2.376864904363174e-05
2299,1.0860929251066409e-05
2300,1.4547910723194946e-05
2301,0.00016962550580501556
2302,1.50809864862822e-05
2303,1.2667067494476214e-05
2304,1.3273069271235727e-05
2305,2.50856792263221e-05
2306,1.3098366252961569e-05
2307,1.3094957466819324e-05
2308,2.2114027160569094e-05
2309,8.765108941588551e-05
2310,1.2510588931036182e-05
2311,1.5652971342206e-05
2312,1.2742873877868988e-05
2313,4.645072840503417e-05
2314,2.2789143258705735e-05
2315,2.9624350645462982e-05
2316,7.503492815885693e-05
2317,1.4420187653740868e-05
2318,4.2814277549041435e-05
2319,1.2292293831706047e-05
2320,2.126047183992341e-05
2321,0.00012873401283286512
2322,1.1437676221248694e-05
2323,1.108230571844615e-05
2324,8.517566311638802e-05
2325,4.9904872867045924e-05
2326,4.9055608542403206e-05
2327,1.2633041478693485e-05
2328,5.576205876423046e-05
2329,6.468231731560081e-05
2330,1.197441088152118e-05
2331,8.245707431342453e-05
2332,6.233488966245204e-05
2333,1.2822089047404006e-05
2334,1.6341138689313084e-05
2335,1.1743565664801281e-05
2336,1.303249882766977e-05
2337,1.9135113689117134e-05
2338,2.418073381704744e-05
2339,1.6414354831795208e-05
2340,1.8597331290948205e-05
2341,5.067956954007968e-05
2342,1.1803455890913028e-05
2343,1.4813715097261593e-05
2344,5.667218647431582e-05
2345,3.5478406061884016e-05
2346,8.330835407832637e-05
2347,1.881466232589446e-05
2348,1.387054544466082e-05
2349,1.5186444215942174e-05
2350,0.0005546308821067214
2351,1.3521037544705905e-05
2352,4.017378523712978e-05
2353,0.00012409157352522016
2354,1.706926923361607e-05
2355,3.9671991544310004e-05
2356,1.2791171684511937e-05
2357,2.094814772135578e-05
2358,1.1808042472694069e-05
2359,0.00010287859186064452
2360,1.3629350178234745e-05
2361,1.2711559975286946e-05
2362,1.1564679880393669e-05
2363,1.0320302862965036e-05
2364,1.562504803587217e-05
2365,4.218262984068133e-05
2366,2.4479773856000975e-05
2367,1.2027963748550974e-05
2368,1.427545339538483e-05
2369,1.125926701206481e-05
2370,3.971619298681617e-05
2371,1.3398237570072524e-05
2372,1.2429806702130008e-05
2373,1.2514455193013418e-05
2374,1.3224688700574916e-05
2375,1.2078843610652257e-05
2376,1.3154923180991318e-05
2377,0.0003791028284467757
2378,1.0661610758688767e-05
2379,1.2588826393766794e-05
2380,1.4398749044630677e-05
2381,4.104472100152634e-05
2382,0.00025662811822257936
2383,1.2964330380782485e-05
2384,2.870017669920344e-05
2385,0.0003309538878966123
2386,1.1433488907641731e-05
2387,1.1789941709139384e-05
2388,1.4770881534786895e-05
2389,2.818606299115345e-05
2390,3.921874304069206e-05
2391,2.1905270841671154e-05
2392,1.253985919902334e-05
2393,1.391089244862087e-05
2394,3.5326971556060016e-05
2395,1.5413002984132618e-05
2396,1.1361580618540756e-05
2397,2.0449226212804206e-05
2398,0.0003527795197442174
2399,1.4338571418193169e-05
2400,1.6866981241037138e-05
2401,1.4798934898863081e-05
2402,1.2517988579929806e-05
2403,2.7644344299915247e-05
2404,1.8772021576296538e-05
2405,1.4765717423870228e-05
2406,8.718791650608182e-05
2407,1.0403757187305018e-05
2408,1.9427094230195507e-05
2409,1.3025069165450986e-05
2410,1.2691101801465265e-05
2411,1.5406307284138165e-05
2412,0.0005991964135318995
2413,0.00012377335224300623
2414,1.2978439372091088e-05
2415,1.2588743629748933e-05
2416,1.5691859516664408e-05
2417,0.00014879701484460384
2418,1.2509392036008649e-05
2419,1.2661428627325222e-05
2420,1.2954715202795342e-05
2421,2.0317289454396814e-05
2422,1.1932444976991974e-05
2423,1.592864100530278e-05
2424,1.1076486771344207e-05
2425,0.00023760843032505363
2426,1.385231371386908e-05
2427,1.405465263815131e-05
2428,3.8238969864323735e-05
2429,1.2416327081155032e-05
2430,0.00040217797504737973
2431,1.2552782209240831e-05
2432,1.89670408872189e-05
2433,1.317918304266641e-05
2434,1.7435879271943122e-05
2435,4.990860179532319e-05
2436,3.468657814664766e-05
2437,7.798415754223242e-05
2438,1.180947947432287e-05
2439,1.1981726856902242e-05
2440,1.88240192073863e-05
2441,8.423514373134822e-05
2442,1.2515201888163574e-05
2443,6.537647277582437e-05
2444,3.0438477551797405e-05
2445,1.625761615287047e-05
2446,1.1896243449882604e-05
2447,1.615956352907233e-05
2448,1.2374157449812628e-05
2449,1.2360770597297233e-05
2450,1.5402392818941735e-05
2451,1.4067238225834444e-05
2452,1.6012963897082955e-05
2453,1.1413751053623855e-05
2454,1.3034234143560752e-05
2455,1.1262890438956674e-05
2456,1.2108966984669678e-05
2457,1.667512333369814e-05
2458,1.1788902156695258e-05
2459,3.981283225584775e-05
2460,1.304517536482308e-05
2461,1.2307577890169341e-05
2462,2.676676376722753e-05
2463,1.1773947335314006e-05
2464,0.0002975387906190008
2465,2.094682349707e-05
2466,6.849802593933418e-05
2467,2.4824425054248422e-05
2468,1.1145491953357123e-05
2469,1.7859121726360172e-05
2470,1.2189162589493208e-05
2471,1.3670940461452119e-05
2472,0.00018860070849768817
2473,1.2747154869430233e-05
2474,1.3996477719047107e-05
2475,3.6875200748909265e-05
2476,4.185457146377303e-05
2477,1.3591731658380013e-05
2478,1.1584038475120906e-05
2479,1.137030358222546e-05
2480,1.2866026736446656e-05
2481,1.3967918675916735e-05
2482,1.1395071851438843e-05
2483,4.587602961692028e-05
2484,1.3342946658667643e-05
2485,8.249198435805738e-05
2486,1.3277342986839358e-05
2487,1.190399780170992e-05
2488,1.2331109246588312e-05
2489,1.1882728358614258e-05
2490,1.3661745470017195e-05
2491,2.1721312805311754e-05
2492,1.7835403923527338e-05
2493,2.3936794605106115e-05
2494,1.2936632629134692e-05
2495,0.00043819434358738363
2496,1.4186402040650137e-05
2497,1.1361615179339424e-05
2498,1.2217256880830973e-05
2499,1.1969548722845502e-05
2500,0.0001690208591753617
2501,5.5281969252973795e-05
2502,0.0002391991001786664
2503,2.0846906409133226e-05
2504,1.4304127944342326e-05
2505,2.7279575078864582e-05
2506,8.590957440901548e-05
2507,1.1133967745990958e-05
2508,1.3120044968673028e-05
2509,1.1536539204826113e-05
2510,1.662680006120354e-05
2511,2.217162909801118e-05
2512,0.0001509301655460149
2513,1.7124910300481133e-05
2514,5.734751539421268e-05
2515,1.318811428063782e-05
2516,1.5039746358525008e-05
2517,3.2158179237740114e-05
2518,1.3532722732634284e-05
2519,1.3166523785912432e-05
2520,1.1747015378205106e-05
2521,1.2865452845289838e-05
2522,1.2252101441845298e-05
2523,0.000517161563038826
2524,1.170692212326685e-05
2525,1.165484900411684e-05
2526,1.3760135516349692e-05
2527,1.4301401279226411e-05
2528,1.2415483070071787e-05
2529,1.1755486411857419e-05
2530,1.1110965715488419e-05
2531,1.3170787497074343e-05
2532,1.3124681572662666e-05
2533,0.00027874772786162794
2534,0.000480913877254352
2535,1.1511247976159211e-05
2536,5.245158536126837e-05
2537,1.1128972801088821e-05
2538,2.021221735049039e-05
2539,1.2750582754961215e-05
2540,1.1900772733497433e-05
2541,0.00040320437983609736
2542,1.3533004675991833e-05
2543,1.4266670405049808e-05
2544,0.0003846916079055518
2545,1.2161350241512991e-05
2546,1.700838765827939e-05
2547,1.3298293197294697e-05
2548,1.3083008525427431e-05
2549,1.4242763427319005e-05
2550,1.4279729839472566e-05
2551,1.0035683772002812e-05
2552,2.5570298021193594e-05
2553,6.190835847519338e-05
2554,1.1561074643395841e-05
2555,3.74144219676964e-05
2556,1.458188853575848e-05
2557,1.8937827917397954e-05
2558,0.00016556955233681947
2559,1.9888353563146666e-05
2560,1.935489672177937e-05
2561,1.259177406609524e-05
2562,2.1449670384754427e-05
2563,3.7025820347480476e-05
2564,1.3816457794746384e-05
2565,4.152129258727655e-05
2566,1.2113623597542755e-05
2567,1.5916208212729543e-05
2568,1.1564286978682503e-05
2569,2.818804932758212e-05
2570,1.2325617717579007e-05
2571,1.966948912013322e-05
2572,3.263956750743091e-05
2573,4.020584674435668e-05
2574,1.315572990279179e-05
2575,1.1623752470768522e-05
2576,1.336059176537674e-05
2577,0.00038070426671765745
2578,1.1693713531713001e-05
2579,5.9289519413141534e-05
2580,3.0079056159593165e-05
2581,1.383930975862313e-05
2582,1.1491212717373855e-05
2583,1.94385302165756e-05
2584,1.291020726057468e-05
2585,1.0287616532878019e-05
2586,2.7747326384996995e-05
2587,1.2123566193622537e-05
2588,1.2326785508776084e-05
2589,3.580617340048775e-05
2590,1.2684382454608567e-05
2591,3.442846718826331e-05
2592,1.5778805391164497e-05
2593,2.3634649551240727e-05
2594,1.162125317932805e-05
2595,1.3003098501940258e-05
2596,1.2193864677101374e-05
2597,1.4930323231965303e-05
2598,3.7117599276825786e-05
2599,1.2355719263723586e-05
2600,1.069246900442522e-05
2601,1.1641426681308076e-05
2602,1.1540622836037073e-05
2603,1.2681026419159025e-05
2604,1.4320887203211896e-05
2605,1.1532075404829811e-05
2606,1.2544549463200383e-05
2607,1.3417874470178504e-05
2608,1.2741931641357951e-05
2609,1.8218581317341886e-05
2610,1.8664683011593297e-05
2611,6.102176121203229e-05
2612,9.179198241326958e-05
2613,9.420823334949091e-05
2614,1.2749540474032983e-05
2615,1.1898722732439637e-05
2616,1.4023865333001595e-05
2617,1.1790481948992237e-05
2618,1.399969551130198e-05
2619,2.2967662516748533e-05
2620,1.4729028407600708e-05
2621,4.150809400016442e-05
2622,1.173322834802093e-05
2623,2.3783570213709027e-05
2624,1.2210239219712093e-05
2625,7.044460653560236e-05
2626,1.4763390026928391e-05
2627,1.189971408166457e-05
2628,2.4445314920740202e-05
2629,1.2392591088428162e-05
2630,0.00010684800508897752
2631,0.00032637236290611327
2632,2.7784815756604075e-05
2633,1.2129556125728413e-05
2634,1.3293634765432216e-05
2635,1.5167890524026006e-05
2636,1.354126743535744e-05
2637,1.836312367231585e-05
2638,0.00011582191655179486
2639,1.6334131942130625e-05
2640,5.4667725635226816e-05
2641,1.2961980246473104e-05
2642,1.5863659427850507e-05
2643,1.407203217240749e-05
2644,1.6928819604800083e-05
2645,1.9823110051220283e-05
2646,0.0003794919466599822
2647,1.582590994075872e-05
2648,1.2091461030649953e-05
2649,1.9141485608997755e-05
2650,2.8622205718420446e-05
2651,0.00029047176940366626
2652,2.082708670059219e-05
2653,1.4969577023293823e-05
2654,1.261459692614153e-05
2655,7.743905734969303e-05
2656,1.2672830052906647e-05
2657,1.2760382560372818e-05
2658,8.721620542928576e-05
2659,1.4436917808779981e-05
2660,2.0074803614988923e-05
2661,1.3651556400873233e-05
2662,1.3805359230900649e-05
2663,1.5606859960826114e-05
2664,0.0003445348411332816
2665,1.4359222404891625e-05
2666,1.2289057849557139e-05
2667,1.1946957783948164e-05
2668,3.332603591843508e-05
2669,1.575645546836313e-05
2670,1.755186531227082e-05
2671,1.5249583157128654e-05
2672,1.415773749613436e-05
2673,1.261632041860139e-05
2674,1.2128884918638505e-05
2675,1.9019234969164245e-05
2676,0.0003639399947132915
2677,2.8850901799160056e-05
2678,5.385312033467926e-05
2679,0.00022586244449485093
2680,2.4543343897676095e-05
2681,1.536429590487387e-05
2682,1.3043095350440126e-05
2683,1.3938599295215681e-05
2684,1.3949272215540987e-05
2685,1.664804403844755e-05
2686,1.8270187865709886e-05
2687,2.172583481296897e-05
2688,2.8797016057069413e-05
2689,1.2170093214081135e-05
2690,1.2366876944724936e-05
2691,0.00018160309991799295
2692,1.8517632270231843e-05
2693,1.2818301911465824e-05
2694,1.14657395897666e-05
2695,1.5940329831209965e-05
2696,5.0493395974626765e-05
2697,3.2125193683896214e-05
2698,3.115791332675144e-05
2699,1.2483120372053236e-05
2700,1.455133497074712e-05
2701,1.2219410564284772e-05
2702,1.3132348612998612e-05
2703,1.3533867786463816e-05
2704,1.6764484826126136e-05
2705,0.0003915376146323979
2706,1.3710669009014964e-05
2707,1.396815241605509e-05
2708,2.1230520360404626e-05
2709,1.4089895557845011e-05
2710,1.0684397238946985e-05
2711,1.5943829566822387e-05
2712,1.4991722309787292e-05
2713,3.462913809926249e-05
2714,3.900553201674484e-05
2715,6.98822332196869e-05
2716,1.3572332136391196e-05
2717,1.2455320756998844e-05
2718,3.951903636334464e-05
2719,1.4617051419918425e-05
2720,1.4676335922558792e-05
2721,1.228499058925081e-05
2722,0.0005981799331493676
2723,3.096738873864524e-05
2724,3.029740764759481e-05
2725,0.0004024887166451663
2726,0.00019458294264040887
2727,1.3876786397304386e-05
2728,1.5604571672156453e-05
2729,1.4060051398701034e-05
2730,1.9037282982026227e-05
2731,1.2512577086454257e-05
2732,0.00012196518218843266
2733,1.4907379409123678e-05
2734,2.417095674900338e-05
2735,1.1713145795511082e-05
2736,1.1972608263022266e-05
2737,1.4217956959328149e-05
2738,1.3506638424587436e-05
2739,1.5145360521273687e-05
2740,0.00026353547582402825
2741,1.2685638466791715e-05
2742,1.6880487237358466e-05
2743,1.311301275563892e-05
2744,1.3153388863429427e-05
2745,1.2344251445028931e-05
2746,0.0004259620909579098
2747,2.13257189898286e-05
2748,1.214511848957045e-05
2749,9.935445268638432e-05
2750,1.62066407938255e-05
2751,1.2529299056041054e-05
2752,1.3595070413430221e-05
2753,1.2948335097462405e-05
2754,1.3165323252906092e-05
2755,1.3983824828756042e-05
2756,1.4105367881711572e-05
2757,1.368210359942168e-05
2758,3.6828805605182424e-05
2759,1.3152726751286536e-05
2760,7.003171049291268e-05
2761,1.311228970735101e-05
2762,0.00013245534501038492
2763,1.1176975021953695e-05
2764,3.961330003221519e-05
2765,1.3895345546188764e-05
2766,1.0419011232443154e-05
2767,1.8732200260274112e-05
2768,6.585842493223026e-05
2769,1.0947313057840802e-05
2770,4.32363485742826e-05
2771,1.2603024515556172e-05
2772,7.538076170021668e-05
2773,0.0002011528267757967
2774,1.4468727385974489e-05
2775,2.036286605289206e-05
2776,1.1063595593441278e-05
2777,1.1752828868338838e-05
2778,9.522142499918118e-05
2779,3.467834540060721e-05
2780,0.00038584391586482525
2781,1.675807470746804e-05
2782,1.1869300578837283e-05
2783,1.3706963727599941e-05
2784,1.262190653505968e-05
2785,1.1101298696303274e-05
2786,1.8701672161114402e-05
2787,1.364745094178943e-05
2788,8.719989273231477e-05
2789,0.00013333509559743106
2790,1.1361642464180477e-05
2791,1.825941217248328e-05
2792,1.197398978547426e-05
2793,1.625186632736586e-05
2794,1.1645544873317704e-05
2795,1.3509885320672765e-05
2796,1.798066841729451e-05
2797,1.3173495972296223e-05
2798,1.2922691894345917e-05
2799,1.231363057740964e-05
2800,1.017267095448915e-05
2801,1.0232704880763777e-05
2802,0.00030758100911043584
2803,8.424014959018677e-05
2804,0.0003575547016225755
2805,2.330958523089066e-05
2806,1.3461006346915383e-05
2807,2.076042801490985e-05
2808,7.615469803567976e-05
2809,1.4660530723631382e-05
2810,1.2734003576042596e-05
2811,1.4638900211139116e-05
2812,1.2698426871793345e-05
2813,1.9661107216961682e-05
2814,1.9584582332754508e-05
2815,1.062878618540708e-05
2816,1.1861448911076877e-05
2817,0.00032176036620512605
2818,1.3895047231926583e-05
2819,1.602629345143214e-05
2820,0.00017680587188806385
2821,1.4088322132010944e-05
2822,1.8204098523710854e-05
2823,1.540311313874554e-05
2824,0.00033321554656140506
2825,1.6822274119476788e-05
2826,3.6997513234382495e-05
2827,1.531256566522643e-05
2828,1.4059080058359541e-05
2829,2.519323788874317e-05
2830,1.4365681636263616e-05
2831,1.583235280122608e-05
2832,1.3535307516576722e-05
2833,1.2660520951612853e-05
2834,5.360024806577712e-05
2835,2.186221900046803e-05
2836,8.989444904727861e-05
2837,9.493451216258109e-05
2838,1.2839478586101905e-05
2839,1.7745756849762984e-05
2840,6.6421038354747e-05
2841,1.4321078197099268e-05
2842,1.1732538951036986e-05
2843,1.1888159860973246e-05
2844,1.1036645446438342e-05
2845,0.0004055626050103456
2846,1.066709683072986e-05
2847,1.01741843536729e-05
2848,8.70584262884222e-05
2849,2.0982721252948977e-05
2850,1.2861694813182112e-05
2851,1.4274158274929505e-05
2852,9.735191997606307e-05
2853,1.3831915566697717e-05
2854,1.569440973980818e-05
2855,2.3300515749724582e-05
2856,1.0872843631659634e-05
2857,2.086526365019381e-05
2858,0.0003148815012536943
2859,3.5451175790512934e-05
2860,3.553880742401816e-05
2861,1.6581618183408864e-05
2862,3.152482895529829e-05
2863,0.0002860998210962862
2864,1.2119031453039497e-05
2865,1.7894088159664534e-05
2866,1.1734817235264927e-05
2867,1.4780342098674737e-05
2868,1.4335882951854728e-05
2869,2.364083229622338e-05
2870,1.5405568774440326e-05
2871,3.4880387829616666e-05
2872,4.023028304800391e-05
2873,1.2507953215390444e-05
2874,1.2286707715247758e-05
2875,1.090561636374332e-05
2876,1.3044927982264198e-05
2877,1.178670754597988e-05
2878,0.0005435505299828947
2879,1.1220263331779279e-05
2880,0.00023901351960375905
2881,2.4447390387649648e-05
2882,1.3289995877130423e-05
2883,1.2447118933778256e-05
2884,1.0349646800023038e-05
2885,1.2692245945800096e-05
2886,1.724251160339918e-05
2887,1.5067111235111952e-05
2888,4.466314931050874e-05
2889,1.3157919056538958e-05
2890,3.359719994477928e-05
2891,1.1494506907183677e-05
2892,1.1043048289138824e-05
2893,2.9408751288428903e-05
2894,1.918364068842493e-05
2895,2.0407340343808755e-05
2896,1.2950094969710335e-05
2897,1.2252287888259161e-05
2898,1.3173448678571731e-05
2899,5.41739645996131e-05
2900,1.1663894838420674e-05
2901,4.415297007653862e-05
2902,1.6800542653072625e-05
2903,1.346023054793477e-05
2904,1.2780844372173306e-05
2905,1.6984162357402965e-05
2906,1.1076060218329076e-05
2907,9.776480510481633e-06
2908,3.051017483812757e-05
2909,3.017281778738834e-05
2910,1.6828898878884502e-05
2911,1.2672184311668389e-05
2912,1.4504412320093252e-05
2913,1.5993937267921865e-05
2914,1.3631250112666748e-05
2915,0.0004095227923244238
2916,0.000317130092298612
2917,1.3125863915774971e-05
2918,2.153979403374251e-05
2919,2.9739401725237258e-05
2920,1.8994822312379256e-05
2921,1.0190181455982383e-05
2922,1.1258495760557707e-05
2923,1.7684607882983983e-05
2924,1.1460840141808148e-05
2925,1.821137993829325e-05
2926,1.2068622709193733e-05
2927,1.11333738459507e-05
2928,0.00038466794649139047
2929,1.3249456969788298e-05
2930,1.421866545570083e-05
2931,1.164809236797737e-05
2932,9.299384146288503e-06
2933,3.352950079715811e-05
2934,1.2857111869379878e-05
2935,1.1565309250727296e-05
2936,1.1352462024660781e-05
2937,1.1206404451513663e-05
2938,0.00010553807078395039
2939,2.3893662728369236e-05
2940,1.2764312486979179e-05
2941,1.755988887452986e-05
2942,1.4237477444112301e-05
2943,3.480846862657927e-05
2944,1.3739634596277028e-05
2945,1.6981828593998216e-05
2946,1.2822237295040395e-05
2947,0.0005390826845541596
2948,1.3032923561695497e-05
2949,1.0617036423354875e-05
2950,1.404515205649659e-05
2951,1.5304525732062757e-05
2952,5.00958994962275e-05
2953,1.0435833246447146e-05
2954,3.756557998713106e-05
2955,1.643985706323292e-05
2956,1.0990664122800808e-05
2957,2.222115836048033e-05
2958,1.3729497368331067e-05
2959,1.1705125871230848e-05
2960,9.198780753649771e-05
2961,1.2130730283388402e-05
2962,1.3778918400930706e-05
2963,3.0367398721864447e-05
2964,1.3383585610426962e-05
2965,1.6409956515417434e-05
2966,1.617119778529741e-05
2967,0.0002509863115847111
2968,1.3659094292961527e-05
2969,1.4105251466389745e-05
2970,1.9815384803223424e-05
2971,1.2636620340344962e-05
2972,1.3503043192031328e-05
2973,0.0003068737860303372
2974,1.1873452422150876e-05
2975,1.989896009035874e-05
2976,1.542081190564204e-05
2977,1.261944998987019e-05
2978,1.2255984984221868e-05
2979,1.4550947526004165e-05
2980,3.371846833033487e-05
2981,1.1967748832830694e-05
2982,1.5465393516933545e-05
2983,1.3388933439273387e-05
2984,0.0001024947123369202
2985,1.2865580174548086e-05
2986,1.327674362983089e-05
2987,1.380145113216713e-05
2988,0.00024861059500835836
2989,2.8631515306187794e-05
2990,1.3643132660945412e-05
2991,2.9391834686975926e-05
2992,1.2474362847569864e-05
2993,1.8795955838868394e-05
2994,6.327675509965047e-05
2995,0.00010959154315060005
2996,1.5569154129480012e-05
2997,2.4024182494031265e-05
2998,5.9494101151358336e-05
2999,1.3114704415784217e-05
3000,2.5943643777281977e-05
3001,1.7662567188381217e-05
3002,1.2908747521578334e-05
3003,1.2069869626429863e-05
3004,3.574745642254129e-05
3005,1.0529577593842987e-05
3006,8.820371294859797e-05
3007,1.2868344128946774e-05
3008,1.134897320298478e-05
3009,1.2111884643672965e-05
3010,1.0678693797672167e-05
3011,1.2595203770615626e-05
3012,1.3958490853838157e-05
3013,1.149352829088457e-05
3014,1.2299594345677178e-05
3015,3.604707308113575e-05
3016,0.0003634536697063595
3017,3.0876279197400436e-05
3018,1.1847092537209392e-05
3019,7.370276580331847e-05
3020,1.363263618259225e-05
3021,1.5346231521107256e-05
3022,1.2646435607166495e-05
3023,1.3600430975202471e-05
3024,1.867173341452144e-05
3025,2.0584428057190962e-05
3026,1.1123126569145825e-05
3027,1.2238098861416802e-05
3028,1.772701034497004e-05
3029,2.570580181782134e-05
3030,1.2756343494402245e-05
3031,0.0003513780829962343
3032,1.134853755502263e-05
3033,1.2094538760720752e-05
3034,1.2473233255150262e-05
3035,2.496370507287793e-05
3036,1.365515618090285e-05
3037,0.0005039169918745756
3038,1.3397590919339564e-05
3039,3.063980329898186e-05
3040,1.2901618902105838e-05
3041,9.60555553319864e-05
3042,0.0002586734190117568
3043,2.261564259242732e-05
3044,1.3160107300791424e-05
3045,2.317531470907852e-05
3046,1.8203900253865868e-05
3047,0.0003067129582632333
3048,1.3799920452584047e-05
3049,2.716032940952573e-05
3050,1.8661054127733223e-05
3051,1.550806700834073e-05
3052,6.137035961728543e-05
3053,1.41444716064143e-05
3054,1.592484477441758e-05
3055,1.7260115782846697e-05
3056,3.043184187845327e-05
3057,1.278209856536705e-05
3058,3.394336818018928e-05
3059,1.129562224377878e-05
3060,3.6452984204515815e-05
3061,2.9589575206045993e-05
3062,7.140446541598067e-05
3063,0.0004024113295599818
3064,2.9861728762625717e-05
3065,1.9364448235137388e-05
3066,1.259453892998863e-05
3067,1.2195403542136773e-05
3068,1.117987085308414e-05
3069,1.1362171790096909e-05
3070,1.817850352381356e-05
3071,2.3194001187221147e-05
3072,1.1521371561684646e-05
3073,1.9923965737689286e-05
3074,1.6021785995690152e-05
3075,1.3364770893531386e-05
3076,1.2177337339380756e-05
3077,1.356829125143122e-05
3078,1.1661024473141879e-05
3079,0.0005140250432305038
3080,1.2214835805934854e-05
3081,1.9312605218146928e-05
3082,1.3819320884067565e-05
3083,1.5425513993250206e-05
3084,0.00036275028833188117
3085,1.3857137673767284e-05
3086,1.118562704505166e-05
3087,3.4193308238172904e-05
3088,1.2726817658403888e-05
3089,2.2409238226828165e-05
3090,1.2437121768016368e-05
3091,1.6545027392567135e-05
3092,2.1551220925175585e-05
3093,1.3818742445437238e-05
3094,1.2835630514018703e-05
3095,1.2714579497696832e-05
3096,1.4128614566288888e-05
3097,0.0011891319882124662
3098,0.00015410550986416638
3099,2.4958777430583723e-05
3100,1.586010148457717e-05
3101,1.1783506124629639e-05
3102,1.6688705727574416e-05
3103,9.553468407830223e-05
3104,1.0725266292865854e-05
3105,1.239207722392166e-05
3106,1.6087644326034933e-05
3107,8.09873454272747e-05
3108,2.6748037271318026e-05
3109,2.0871479136985727e-05
3110,5.235302523942664e-05
3111,1.9690924091264606e-05
3112,1.3883920473745093e-05
3113,1.2533137123682536e-05
3114,1.706284638203215e-05
3115,1.2800503100152127e-05
3116,1.4765520063519944e-05
3117,0.0004384346539154649
3118,1.3188177945266943e-05
3119,1.1827529306174256e-05
3120,1.226840049639577e-05
3121,1.1984974662482273e-05
3122,0.00010875171574298292
3123,1.2004479685856495e-05
3124,1.5067025742609985e-05
3125,1.1434213774919044e-05
3126,1.3174609193811193e-05
3127,2.2316222384688444e-05
3128,1.1788912161136977e-05
3129,0.00011989318591076881
3130,1.7930648027686402e-05
3131,1.443187466065865e-05
3132,1.4196614756656345e-05
3133,1.299744144489523e-05
3134,1.0765978004201315e-05
3135,1.2201785466459114e-05
3136,1.651616366871167e-05
3137,1.1445096788520459e-05
3138,1.4427152564167045e-05
3139,0.00043334212386980653
3140,1.306240665144287e-05
3141,1.321644231211394e-05
3142,0.00040133370202966034
3143,1.5986246580723673e-05
3144,3.09476163238287e-05
3145,1.2943827641720418e-05
3146,5.166458140593022e-05
3147,1.1787387848016806e-05
3148,4.9164049414684996e-05
3149,5.9156984207220376e-05
3150,1.1323566468490753e-05
3151,1.635113403608557e-05
3152,1.425587288395036e-05
3153,1.1143045412609354e-05
3154,0.00010770151857286692
3155,1.3160547496227082e-05
3156,1.25409669635701e-05
3157,1.6839487216202542e-05
3158,1.2593030078278389e-05
3159,1.3701318493986037e-05
3160,1.327923746430315e-05
3161,1.1784872185671702e-05
3162,1.249588058271911e-05
3163,0.0003023380122613162
3164,4.704259481513873e-05
3165,1.4675420061394107e-05
3166,1.2755011994158849e-05
3167,1.1996724424534477e-05
3168,9.629744454286993e-05
3169,1.2220870303281117e-05
3170,1.2063907888659742e-05
3171,1.4358633052324876e-05
3172,1.1722984709194861e-05
3173,1.0352871868235525e-05
3174,1.2015618267469108e-05
3175,1.2863172742072493e-05
3176,1.4242633369576652e-05
3177,2.158931238227524e-05
3178,1.21966995720868e-05
3179,3.9129736251197755e-05
3180,2.9685006666113622e-05
3181,9.497517748968676e-05
3182,1.3851880794391036e-05
3183,1.3071462490188424e-05
3184,5.5633696320001036e-05
3185,5.254192365100607e-05
3186,1.771723873389419e-05
3187,1.3710455277760047e-05
3188,0.00013820501044392586
3189,1.1478239684947766e-05
3190,3.062428368139081e-05
3191,1.880316631286405e-05
3192,2.312873039045371e-05
3193,1.145618261944037e-05
3194,1.2640429304155987e-05
3195,4.298910062061623e-05
3196,1.4568009646609426e-05
3197,1.3495697203325108e-05
3198,1.348648038401734e-05
3199,1.2365748261800036e-05
3200,6.258584471652284e-05
3201,3.4017040889011696e-05
3202,1.1476907275209669e-05
3203,1.1945980077143759e-05
3204,1.2463378880056553e-05
3205,2.278116880916059e-05
3206,1.8342625480727293e-05
3207,9.255776967620477e-05
3208,1.4158233170746826e-05
3209,1.1329301742080133e-05
3210,0.0004933885065838695
3211,1.733887620503083e-05
3212,1.1953945431741886e-05
3213,1.5074192560859956e-05
3214,2.579168722149916e-05
3215,0.00042030360782518983
3216,1.2864147720392793e-05
3217,1.3824061170453206e-05
3218,1.3624671737488825e-05
3219,1.2426800822140649e-05
3220,1.1703867130563594e-05
3221,3.0221297492971644e-05
3222,1.2415906894602813e-05
3223,1.57413069246104e-05
3224,1.2774044989782851e-05
3225,1.1161329894093797e-05
3226,1.2940585293108597e-05
3227,1.53521013999125e-05
3228,1.1073682799178641e-05
3229,1.3174205378163606e-05
3230,1.2229840649524704e-05
3231,2.1424686565296724e-05
3232,1.5120212992769666e-05
3233,1.2632689504243899e-05
3234,1.2644184607779607e-05
3235,1.3300812497618608e-05
3236,1.2439360943972133e-05
3237,1.1750860721804202e-05
3238,1.1454441846581176e-05
3239,4.719778735307045e-05
3240,1.6535475879209116e-05
3241,2.0566239982144907e-05
3242,1.546681596664712e-05
3243,1.2208409316372126e-05
3244,1.3503810805559624e-05
3245,0.0006295171333476901
3246,1.6089410564745776e-05
3247,1.4499062672257423e-05
3248,0.0005203909240663052
3249,3.2606450986349955e-05
3250,1.2759170203935355e-05
3251,8.116366370813921e-05
3252,2.4784530978649855e-05
3253,3.549922985257581e-05
3254,2.8927366656716913e-05
3255,2.0328936443547718e-05
3256,2.9059652661089785e-05
3257,1.3763145034317859e-05
3258,1.2228553714521695e-05
3259,0.00043613032903522253
3260,1.0855424079636578e-05
3261,1.3030079571763054e-05
3262,1.0464400475029834e-05
3263,1.4224778169591445e-05
3264,1.4186156477080658e-05
3265,1.4456131793849636e-05
3266,1.2920019798912108e-05
3267,9.107684309128672e-05
3268,1.1660340533126146e-05
3269,3.6252578865969554e-05
3270,0.00020714291895274073
3271,1.4615214240620844e-05
3272,0.0005414037732407451
3273,1.369782694382593e-05
3274,0.00016798413707874715
3275,1.3293876691022888e-05
3276,2.3811029677744955e-05
3277,6.968718662392348e-05
3278,0.00024481251602992415
3279,1.3542064152716193e-05
3280,5.7639390433905646e-05
3281,1.2323094779276289e-05
3282,1.2201226127217524e-05
3283,1.2549598977784626e-05
3284,6.727944128215313e-05
3285,1.8232127331430092e-05
3286,1.451708249078365e-05
3287,1.3175057574699167e-05
3288,0.00022998878557700664
3289,0.00018696498591452837
3290,1.2845117453252897e-05
3291,4.618539969669655e-05
3292,0.00020036767818965018
3293,0.00041698006680235267
3294,1.5217659893096425e-05
3295,1.5811019693501294e-05
3296,1.2937001883983612e-05
3297,5.2814742957707494e-05
3298,1.5485502444789745e-05
3299,1.77474576048553e-05
3300,0.0002591228985693306
3301,1.6181917089852504e-05
3302,2.5220204406650737e-05
3303,1.2077871360816061e-05
3304,1.710219294182025e-05
3305,1.2429577509465162e-05
3306,0.0001807922963052988
3307,1.2040307410643436e-05
3308,8.391279698116705e-05
3309,4.0263865230372176e-05
3310,2.6381469069747254e-05
3311,1.4085143448028248e-05
3312,1.2550424798973836e-05
3313,4.367865767562762e-05
3314,7.49800237827003e-05
3315,1.1848176654893905e-05
3316,1.475732096878346e-05
3317,1.0361514796386473e-05
3318,1.3125067198416218e-05
3319,1.5033378076623194e-05
3320,1.5556586731690913e-05
3321,7.146582356654108e-05
3322,2.1006444512750022e-05
3323,2.4794784621917643e-05
3324,1.1157023436680902e-05
3325,2.3941895051393658e-05
3326,1.2611186321009882e-05
3327,1.1576188626349904e-05
3328,3.2727450161473826e-05
3329,1.2845459423260763e-05
3330,1.1760476809286047e-05
3331,3.3416858059354126e-05
3332,1.1336663192196283e-05
3333,1.3662951459991746e-05
3334,0.00024177446903195232
3335,1.261301167687634e-05
3336,3.1582574592903256e-05
3337,1.2590568985615391e-05
3338,3.20721446769312e-05
3339,1.3754729479842354e-05
3340,1.2061882443958893e-05
3341,1.3426166333374567e-05
3342,9.156676969723776e-05
3343,0.00021913638920523226
3344,1.4447950889007188e-05
3345,1.665441413933877e-05
3346,1.3293350093590561e-05
3347,1.11089038909995e-05
3348,1.1850980627059471e-05
3349,4.544611874734983e-05
3350,2.6325928047299385e-05
3351,1.4160222235659603e-05
3352,1.2721344319288619e-05
3353,0.00020583468722179532
3354,1.2148766472819261e-05
3355,1.2431773939169943e-05
3356,0.00013052306894678622
3357,1.3222856978245545e-05
3358,0.00030283795786090195
3359,1.3869484973838553e-05
3360,1.1901384823431727e-05
3361,1.3932692127127666e-05
3362,1.2974353012396023e-05
3363,1.3819040759699419e-05
3364,5.25459399796091e-05
3365,1.2156933735241182e-05
3366,1.995589627767913e-05
3367,1.1360234566382132e-05
3368,1.36892958835233e-05
3369,1.1691203326336108e-05
3370,3.092211773036979e-05
3371,0.0003931404498871416
3372,1.2008891644654796e-05
3373,4.320170410210267e-05
3374,1.3946119906904642e-05
3375,1.3103061974106822e-05
3376,2.7591797334025614e-05
3377,1.3889913134335075e-05
3378,1.366073774988763e-05
3379,1.2542803233372979e-05
3380,1.2649992640945129e-05
3381,1.4116291822574567e-05
3382,1.2377310667943675e-05
3383,2.1520369045902044e-05
3384,1.1364005331415683e-05
3385,9.754330676514655e-05
3386,5.330576095730066e-05
3387,1.2224071724631358e-05
3388,6.618133193114772e-05
3389,1.2614020306500606e-05
3390,4.461619391804561e-05
3391,1.211522612720728e-05
3392,9.001180296763778e-05
3393,0.00017897486395668238
3394,1.534802322566975e-05
3395,0.00010789894440677017
3396,1.3130072147760075e-05
3397,1.3910473171563353e-05
3398,2.1073426978546195e-05
3399,0.00011881470709340647
3400,1.3751292499364354e-05
3401,0.00011511301272548735
3402,1.4315362022898626e-05
3403,7.335012196563184e-05
3404,1.2753865121339913e-05
3405,2.5110912247328088e-05
3406,1.2627358046302106e-05
3407,1.2103018889320083e-05
3408,1.243965652975021e-05
3409,1.1082491255365312e-05
3410,1.2757470358337741e-05
3411,1.295513538934756e-05
3412,2.3196953407023102e-05
3413,1.4115037629380822e-05
3414,1.2632324796868488e-05
3415,0.000193191779544577
3416,3.0857929232297465e-05
3417,0.00010340294102206826
3418,1.685529059614055e-05
3419,1.4230836313799955e-05
3420,3.611535794334486e-05
3421,1.2716418495983817e-05
3422,1.4364256458065938e-05
3423,1.2349302778602578e-05
3424,1.2428978152456693e-05
3425,1.6836149370647036e-05
3426,2.7359208615962416e-05
3427,1.248800617759116e-05
3428,0.00029384944355115294
3429,1.5087754945852794e-05
3430,0.0004718486743513495
3431,1.2562673873617314e-05
3432,2.9103712222422473e-05
3433,1.0820641364261974e-05
3434,1.2380589396343566e-05
3435,2.4666822355357e-05
3436,1.1509320756886154e-05
3437,1.0778435353131499e-05
3438,1.075744967238279e-05
3439,1.4188422937877476e-05
3440,1.274569694942329e-05
3441,1.6027855963329785e-05
3442,0.0006174386944621801
3443,7.787252252455801e-05
3444,1.500434063927969e-05
3445,1.1453163097030483e-05
3446,1.3276868230605032e-05
3447,3.8614489312749356e-05
3448,1.0690541785152163e-05
3449,1.2653299563680775e-05
3450,3.390454367036e-05
3451,0.00036481316783465445
3452,1.5203282600850798e-05
3453,2.072159622912295e-05
3454,1.2283101568755228e-05
3455,0.00016669518663547933
3456,0.00020863472309429199
3457,1.5156742847466376e-05
3458,1.1596785043366253e-05
3459,0.00013585289707407355
3460,2.7887437681783922e-05
3461,1.1969869774475228e-05
3462,1.6270480045932345e-05
3463,1.233856164617464e-05
3464,1.7787213437259197e-05
3465,1.9438512026681565e-05
3466,1.9088052795268595e-05
3467,4.444689693627879e-05
3468,3.501734317978844e-05
3469,9.347735613118857e-05
3470,1.1842302228615154e-05
3471,1.6544436221010983e-05
3472,1.2295180567889474e-05
3473,1.0814520464919042e-05
3474,1.391734076605644e-05
3475,1.1316924428683706e-05
3476,1.7841895896708593e-05
3477,1.0297755579813384e-05
3478,2.5871999241644517e-05
3479,0.0002901140251196921
3480,1.1810347132268362e-05
3481,1.229246481670998e-05
3482,0.00037718680687248707
3483,4.7863490181043744e-05
3484,3.0154593332554214e-05
3485,0.0002473920176271349
3486,1.274209535040427e-05
3487,3.715428101713769e-05
3488,1.736954254738521e-05
3489,1.1807690498244483e-05
3490,0.00014921811816748232
3491,1.1027190339518711e-05
3492,1.2735471500491258e-05
3493,3.84548184229061e-05
3494,1.240505571331596e-05
3495,1.2844358934671618e-05
3496,0.0005274799186736345
3497,1.1997207366221119e-05
3498,2.617179779917933e-05
3499,1.3042106729699299e-05
3500,1.3639512872032356e-05
3501,1.275181693927152e-05
3502,1.6819078155094758e-05
3503,1.2684622561209835e-05
3504,1.2688663446169812e-05
3505,2.0439207219169475e-05
3506,0.0001349099911749363
3507,0.00014927895972505212
3508,2.4878137992345728e-05
3509,1.3533663150155917e-05
3510,1.4040106179891154e-05
3511,1.1639337571978103e-05
3512,1.2149032045272179e-05
3513,1.3068856787867844e-05
3514,1.4907165677868761e-05
3515,1.5631956557626836e-05
3516,9.684916221885942e-06
3517,1.070320104190614e-05
3518,1.690007047727704e-05
3519,1.3239178770163562e-05
3520,3.9030779589666054e-05
3521,1.0474936971149873e-05
3522,1.5601293853251263e-05
3523,1.529225664853584e-05
3524,4.0556878957431763e-05
3525,1.3483342627296224e-05
3526,2.566529656178318e-05
3527,2.3193726519821212e-05
3528,1.625485674594529e-05
3529,0.0003380694251973182
3530,4.191632615402341e-05
3531,1.723805326037109e-05
3532,1.2879336281912401e-05
3533,1.337213416263694e-05
3534,1.2825991689169314e-05
3535,2.416344068478793e-05
3536,2.4041761207627133e-05
3537,1.2053665159328375e-05
3538,6.592859426746145e-05
3539,1.4025072232470848e-05
3540,1.2223295925650746e-05
3541,1.4603636373067275e-05
3542,9.298443183070049e-05
3543,1.1557767720660195e-05
3544,1.3130473234923556e-05
3545,1.3029653928242624e-05
3546,1.2506091479735915e-05
3547,4.338841972639784e-05
3548,1.0760524673969485e-05
3549,2.2036398149793968e-05
3550,1.3754683095612563e-05
3551,0.000247770338319242
3552,1.556913775857538e-05
3553,1.0939493222394958e-05
3554,1.089215038518887e-05
3555,1.056446217262419e-05
3556,3.39740035997238e-05
3557,1.156577854999341e-05
3558,0.000442021555500105
3559,0.00011556324898265302
3560,2.671282709343359e-05
3561,9.710545782581903e-06
3562,1.1978661859757267e-05
3563,1.3135653716744855e-05
3564,1.1946776794502512e-05
3565,1.1487058145576157e-05
3566,1.3365251106733922e-05
3567,1.0838490197784267e-05
3568,3.6573146644514054e-05
3569,5.749376578023657e-05
3570,1.0206351362285204e-05
3571,1.2521803910203744e-05
3572,1.2114445780753158e-05
3573,1.0307881893822923e-05
3574,0.00014152377843856812
3575,1.4562567230314016e-05
3576,1.1357302355463617e-05
3577,1.0483779988135211e-05
3578,1.5537985746050254e-05
3579,1.0720050340751186e-05
3580,1.325974335486535e-05
3581,0.0001473066513426602
3582,1.2964663255843334e-05
3583,1.306923422816908e-05
3584,1.139909272751538e-05
3585,1.2423468433553353e-05
3586,1.0319695320504252e-05
3587,1.148982482845895e-05
3588,2.8902401027153246e-05
3589,1.1693267879309133e-05
3590,1.3128170394338667e-05
3591,1.2912882993987296e-05
3592,0.0003417672123759985
3593,1.2685115507338196e-05
3594,1.2016305845463648e-05
3595,1.3125892110110726e-05
3596,1.1167338016093709e-05
3597,0.00013135197514202446
3598,1.247040017915424e-05
3599,2.823030445142649e-05
3600,1.1341926438035443e-05
3601,1.2715515367744956e-05
3602,1.0816378562594764e-05
3603,0.00019335406250320375
3604,1.3652034795086365e-05
3605,1.2434984455467202e-05
3606,1.4614880456065293e-05
3607,1.7287966329604387e-05
3608,1.7124861187767237e-05
3609,1.5855239325901493e-05
3610,5.3254923841450363e-05
3611,1.1224847185076214e-05
3612,1.2043653441651259e-05
3613,1.2786341358150821e-05
3614,4.1897805203916505e-05
3615,1.0499248674022965e-05
3616,0.00031388361821882427
3617,1.1554569937288761e-05
3618,1.2183681974420324e-05
3619,0.00019904824148397893
3620,1.3641272744280286e-05
3621,0.000663497019559145
3622,1.186485133075621e-05
3623,2.9824412195011973e-05
3624,1.3240961379779037e-05
3625,1.2244744539202657e-05
3626,1.2654200872930232e-05
3627,1.2617430002137553e-05
3628,1.175933448394062e-05
3629,1.5195611922536045e-05
3630,1.3639071767101996e-05
3631,1.127983705373481e-05
3632,2.0455283447518013e-05
3633,1.0599547749734484e-05
3634,0.00010030681733042002
3635,1.328153484791983e-05
3636,1.2639954547921661e-05
3637,1.117288411478512e-05
3638,1.199983489641454e-05
3639,2.1917012418271042e-05
3640,3.4802484151441604e-05
3641,1.3769576980848797e-05
3642,2.7663523724186234e-05
3643,7.145413110265508e-05
3644,2.5220671886927448e-05
3645,9.328989108325914e-05
3646,1.3101370313961525e-05
3647,1.1688631275319494e-05
3648,0.00015095552953425795
3649,1.3974799003335647e-05
3650,1.6459989637951367e-05
3651,1.777414945536293e-05
3652,0.00010397777077741921
3653,1.1927142622880638e-05
3654,0.00022236138465814292
3655,1.3717100955545902e-05
3656,3.0810580938123167e-05
3657,1.2847936886828393e-05
3658,1.2173296454420779e-05
3659,2.627434514579363e-05
3660,1.5905596228549257e-05
3661,0.0004889278206974268
3662,1.2718368452624418e-05
3663,2.292633507749997e-05
3664,1.6297206457238644e-05
3665,0.00040573181468062103
3666,2.885517278627958e-05
3667,2.22039579966804e-05
3668,1.4473025657935068e-05
3669,2.7437999960966408e-05
3670,1.0165636922465637e-05
3671,1.4993031982157845e-05
3672,2.8117714464315213e-05
3673,1.1940069271076936e-05
3674,0.00012093290570192039
3675,1.5104915291885845e-05
3676,1.5779198292875662e-05
3677,1.1754964361898601e-05
3678,1.3855025827069767e-05
3679,3.9059548726072535e-05
3680,1.3946789295005146e-05
3681,1.2034763130941428e-05
3682,3.92230722354725e-05
3683,1.1928148524020799e-05
3684,2.6750771212391555e-05
3685,1.3416971341939643e-05
3686,1.5485420590266585e-05
3687,1.5532425095443614e-05
3688,1.1683707271004096e-05
3689,1.275266276934417e-05
3690,0.0003767773159779608
3691,1.431737018720014e-05
3692,1.2011864782834891e-05
3693,4.232639912515879e-05
3694,1.0967080925183836e-05
3695,6.0499314713524655e-05
3696,1.8527871361584403e-05
3697,1.266338222194463e-05
3698,4.9928039516089484e-05
3699,0.00026336972950957716
3700,4.5970649807713926e-05
3701,2.6668247301131487e-05
3702,0.0005355051252990961
3703,4.685694148065522e-05
3704,2.0044897610205226e-05
3705,1.3280357961775735e-05
3706,1.439876632503001e-05
3707,1.2777438314515166e-05
3708,0.00025553334853611887
3709,1.5853142031119205e-05
3710,1.5937863281578757e-05
3711,1.451848766009789e-05
3712,1.9276247257948853e-05
3713,1.7421036318410188e-05
3714,1.2121379768359475e-05
3715,1.7254758859053254e-05
3716,1.3236793165560812e-05
3717,0.0002935405354946852
3718,1.4546655620506499e-05
3719,2.562920781201683e-05
3720,1.2539253475551959e-05
3721,4.695555253420025e-05
3722,0.00012164499639766291
3723,1.151490505435504e-05
3724,1.428132236469537e-05
3725,1.1749882105505094e-05
3726,1.653587241889909e-05
3727,4.67347854282707e-05
3728,2.859033520508092e-05
3729,1.3286838111525867e-05
3730,2.2155298211146146e-05
3731,1.4789564374950714e-05
3732,1.5178744433796965e-05
3733,1.4982136235630605e-05
3734,4.999885641154833e-05
3735,1.2166496162535623e-05
3736,1.4790628483751789e-05
3737,1.5328902009059675e-05
3738,1.6692809367668815e-05
3739,3.1980838684830815e-05
3740,1.109017466660589e-05
3741,1.3559698345488869e-05
3742,3.715760612976737e-05
3743,3.838904376607388e-05
3744,1.6043210052885115e-05
3745,6.952466355869547e-05
3746,1.1761418136302382e-05
3747,1.7135946109192446e-05
3748,1.2862059520557523e-05
3749,0.00015793487546034157
3750,1.9586463167797774e-05
3751,1.9538292690413073e-05
3752,5.876608338439837e-05
3753,1.8418537365505472e-05
3754,1.80287825060077e-05
3755,1.281084587390069e-05
3756,1.052639890986029e-05
3757,1.6495425370521843e-05
3758,0.00012117502774344757
3759,2.1991309040458873e-05
3760,3.9451129850931466e-05
3761,1.1805559552158229e-05
3762,1.5463876479770988e-05
3763,1.1960075426031835e-05
3764,1.5475823602173477e-05
3765,1.2969980161869898e-05
3766,0.0001555382477818057
3767,1.7008938812068664e-05
3768,1.581259311933536e-05
3769,1.1243007975281216e-05
3770,1.4409017239813693e-05
3771,1.184838947665412e-05
3772,2.5468172680120915e-05
3773,1.3242381101008505e-05
3774,1.3932240108260885e-05
3775,1.3415644389169756e-05
3776,1.14032063720515e-05
3777,1.2074508049408905e-05
3778,2.26193769776728e-05
3779,1.3775383195024915e-05
3780,1.654953302931972e-05
3781,1.751386298565194e-05
3782,1.3966047845315188e-05
3783,1.5719384464318864e-05
3784,1.3427083104033954e-05
3785,1.2714508557110094e-05
3786,1.7359014236717485e-05
3787,1.5341251128120348e-05
3788,1.7958678654395044e-05
3789,1.2800979675375856e-05
3790,1.7887143258121796e-05
3791,1.2053622413077392e-05
3792,1.3799399312119931e-05
3793,1.184191023639869e-05
3794,1.4248832485463936e-05
3795,1.3278162441565655e-05
3796,1.3377870345721021e-05
3797,1.3488652257365175e-05
3798,1.2178430552012287e-05
3799,1.3741460861638188e-05
3800,1.642930874368176e-05
3801,1.187201269203797e-05
3802,0.00018814957002177835
3803,1.9691298803081736e-05
3804,1.3928865882917307e-05
3805,0.0001659099943935871
3806,1.6785923435236327e-05
3807,1.2694015822489746e-05
3808,1.684101516730152e-05
3809,1.4136932804831304e-05
3810,1.7653328541200608e-05
3811,1.0703830412239768e-05
3812,2.2407446522265673e-05
3813,3.64399456884712e-05
3814,1.1678647751978133e-05
3815,0.00040826655458658934
3816,1.2833059372496791e-05
3817,2.7533153115655296e-05
3818,1.4055105566512793e-05
3819,1.2256870832061395e-05
3820,1.3257449609227479e-05
3821,4.144568447372876e-05
3822,1.2061678717145696e-05
3823,1.4394065146916546e-05
3824,7.479716441594064e-05
3825,1.1537775208125822e-05
3826,1.144549696618924e-05
3827,1.3134165783412755e-05
3828,2.368518107687123e-05
3829,3.392051439732313e-05
3830,1.2790407708962448e-05
3831,1.31441411213018e-05
3832,1.3049113476881757e-05
3833,1.1157670996908564e-05
3834,1.3899536497774534e-05
3835,1.5291680028894916e-05
3836,1.2302302820899058e-05
3837,0.0003408206393942237
3838,1.3314596799318679e-05
3839,1.3259000297694001e-05
3840,2.672041955520399e-05
3841,1.6587962818448432e-05
3842,5.528271140065044e-05
3843,1.4868117432342842e-05
3844,1.5270226867869496e-05
3845,3.541673140716739e-05
3846,1.2291004168218933e-05
3847,1.4520727745548356e-05
3848,0.0002264265640405938
3849,1.6964519090834074e-05
3850,1.2831174899474718e-05
3851,1.3345332263270393e-05
3852,1.1447116776253097e-05
3853,0.00032012720475904644
3854,1.3963071069156285e-05
3855,1.3087708794046193e-05
3856,1.2471817171899602e-05
3857,1.3634035894938279e-05
3858,1.3977494745631702e-05
3859,0.00011114648077636957
3860,1.2846741810790263e-05
3861,1.5010838978923857e-05
3862,1.3277307516545989e-05
3863,1.5430978237418458e-05
3864,1.4639153960160911e-05
3865,1.1136973625980318e-05
3866,1.0553614629316144e-05
3867,0.0004623984859790653
3868,3.2916112104430795e-05
3869,1.4374712918652222e-05
3870,1.887924736365676e-05
3871,1.2396352758514695e-05
3872,1.055198663379997e-05
3873,1.546983912703581e-05
3874,0.00010422730701975524
3875,1.1792706573032774e-05
3876,1.0636376828188077e-05
3877,0.0005827472195960581
3878,3.394156010472216e-05
3879,1.5452676962013356e-05
3880,6.927904905751348e-05
3881,1.3816546925227158e-05
3882,1.345123746432364e-05
3883,0.0004436511662788689
3884,1.0974528777296655e-05
3885,1.7494547137175687e-05
3886,0.00010139225196326151
3887,0.00021604582434520125
3888,1.4127429494692478e-05
3889,1.16482615339919e-05
3890,5.8510217058938e-05
3891,3.556344745447859e-05
3892,0.00015051549416966736
3893,7.194146019173786e-05
3894,1.0235482477582991e-05
3895,1.9510520360199735e-05
3896,2.5468254534644075e-05
3897,9.612407666281797e-06
3898,1.1926319530175533e-05
3899,1.4463801562669687e-05
3900,1.2650391909119207e-05
3901,1.287561099161394e-05
3902,0.00039023609133437276
3903,3.092005135840736e-05
3904,1.2128966773161665e-05
3905,1.2856852663389873e-05
3906,1.2469834473449737e-05
3907,3.312131593702361e-05
3908,1.411644188920036e-05
3909,1.104898183257319e-05
3910,3.8655169191770256e-05
3911,2.696424417081289e-05
3912,5.7274304708698764e-05
3913,0.00013183006376493722
3914,0.0002601014857646078
3915,2.1073308744234964e-05
3916,1.2727271496260073e-05
3917,1.1303109204163775e-05
3918,1.1600016478041653e-05
3919,1.1458423614385538e-05
3920,1.0801001735671889e-05
3921,0.0002323682128917426
3922,1.1245120731473435e-05
3923,1.2838199836551212e-05
3924,3.932495746994391e-05
3925,1.9971448637079448e-05
3926,1.1819527571788058e-05
3927,6.542570190504193e-05
3928,1.8991908291354775e-05
3929,0.0002504622098058462
3930,1.3977505659568124e-05
3931,1.1880638339789584e-05
3932,1.6669382603140548e-05
3933,1.0642552297213115e-05
3934,1.2177930329926312e-05
3935,5.313290603226051e-05
3936,1.3595617929240689e-05
3937,1.2079417501809075e-05
3938,1.4818249837844633e-05
3939,1.1975967936450616e-05
3940,1.2439100828487426e-05
3941,3.7029298255220056e-05
3942,2.4722852685954422e-05
3943,1.3951937035017181e-05
3944,1.2654175407078583e-05
3945,5.238792800810188e-05
3946,1.278977288166061e-05
3947,0.000360778794856742
3948,4.003546928288415e-05
3949,2.1238414774416015e-05
3950,3.09238166664727e-05
3951,1.0858846508199349e-05
3952,3.26801891787909e-05
3953,4.173126581008546e-05
3954,0.00024618994211778045
3955,1.1151920261909254e-05
3956,1.420216267433716e-05
3957,1.1781677130784374e-05
3958,2.0733690689667128e-05
3959,1.27832008729456e-05
3960,1.322812750004232e-05
3961,1.619500653760042e-05
3962,6.888198549859226e-05
3963,2.2899886971572414e-05
3964,1.2273100765014533e-05
3965,0.00012562907068058848
3966,1.4506415936921258e-05
3967,1.2169612091383897e-05
3968,0.00037627009442076087
3969,6.422198202926666e-05
3970,1.8012869986705482e-05
3971,1.733835415507201e-05
3972,1.3910293091612402e-05
3973,3.244218532927334e-05
3974,1.570652239024639e-05
3975,1.2987734407943208e-05
3976,1.725625406834297e-05
3977,1.3539898645831272e-05
3978,1.3831434444000479e-05
3979,6.986554944887757e-05
3980,6.472449604189023e-05
3981,8.757269097259268e-05
3982,1.731897282297723e-05
3983,1.1324826118652709e-05
3984,1.4684715097246226e-05
3985,3.8924827094888315e-05
3986,1.2760282515955623e-05
3987,1.2632930520339869e-05
3988,1.2330081517575309e-05
3989,1.475269345974084e-05
3990,0.00016425902140326798
3991,7.359652954619378e-05
3992,1.3996575944474898e-05
3993,4.14570422435645e-05
3994,1.3524801943276543e-05
3995,1.1827134585473686e-05
3996,1.529537075839471e-05
3997,1.3258957551443018e-05
3998,1.0759235919977073e-05
3999,1.6580963347223587e-05
4000,2.1452815417433158e-05
