query_index,query_id,timepoint
5840,TGGATTCTCAAGCT-1,4-5
8491,CATCAGGATTGAGC-1,8-9
1598,ATGCCAGATGTAGC-1,4-5
7613,AGTTGTCTCCTAAG-1,8-9
5145,TATAAGACACACGT-1,4-5
9164,CGGTCACTGAGGAC-1,8-9
3960,GCCTCAACACTGTG-1,4-5
11760,TCGAGAACGTCTGA-1,8-9
3645,GATAGAGATGCCAA-1,4-5
10374,GCGTATGATGCAGT-1,8-9
1822,CAAATATGAAGCCT-1,4-5
11111,TAAATCGACCCACT-1,8-9
2335,CCACCATGCTGCAA-1,4-5
8976,CGAGGCTGAAGCCT-1,8-9
3049,CTCATTGACAGAAA-1,4-5
6765,ACAGTGTGAACGAA-1,8-9
896,AGACACACTATCTC-1,4-5
8468,CATACTACTTGGTG-1,8-9
3515,GAGAGGTGCCACAA-1,4-5
9920,GAGGTACTGCGGAA-1,8-9
2471,CCCTGAACTATCTC-1,4-5
9053,CGCCTAACCAACCA-1,8-9
4132,GGAATGCTCTTCTA-1,4-5
11442,TAGTGGTGGTGTAC-1,8-9
2438,CCCATCGACCTATT-1,4-5
12270,TTAGGTCTGCCTTC-1,8-9
1147,AGGCCTCTCGGTAT-1,4-5
10898,GTCCACACCGTGTA-1,8-9
1885,CAAGCCCTGTATCG-1,4-5
10224,GCCACTACAAAGCA-1,8-9
1414,ATAGCTCTTAGCCA-1,4-5
11072,GTTCATACATGCTG-1,8-9
5943,TGTTACACCCTAAG-1,4-5
6576,AAGTCCGACCAACA-1,8-9
4158,GGACGCACATCTCT-1,4-5
6404,AACCTTACTTCTGT-1,8-9
1317,AGTTGTCTGCGGAA-1,4-5
10503,GGACTATGCGAGAG-1,8-9
3690,GATCGTGAGTGAGG-1,4-5
11971,TGATTAGAGTCACA-1,8-9
377,AATGATACATCGAC-1,4-5
10549,GGATTGTGCCTTTA-1,8-9
2228,CATCCCGAGCATAC-1,4-5
6429,AACGGTTGGTCAAC-1,8-9
2415,CCCAACACCTCCCA-1,4-5
6546,AAGGTCACTTGACG-1,8-9
5435,TCCGAGCTCCCTTG-1,4-5
11903,TGACGATGTCCTTA-1,8-9
776,ACTAGGTGACACCA-1,4-5
11517,TATCTGACGTAAGA-1,8-9
5685,TGATCACTTGAAGA-1,4-5
10198,GCATGTGAAGACTC-1-1,8-9
2299,CATTTCGATCAAGC-1,4-5
7885,ATGATATGGACAAA-1,8-9
4814,TAAGAGGATATCGG-1,4-5
11354,TAGCCCACGGGATG-1,8-9
5940,TGTTAAGATGTTTC-1,4-5
7257,AGATCGTGAAAGCA-1,8-9
2281,CATTGACTCGAGAG-1,4-5
7228,AGAGCTACGGATTC-1,8-9
1856,CAACGTGACTTGGA-1,4-5
9063,CGCGAGACTCGCCT-1,8-9
5087,TAGGTGTGCGACTA-1,4-5
11980,TGATTCTGTCCTGC-1,8-9
248,AAGCCTGAGGTCTA-1,4-5
12503,TTTAGGCTGTAAGA-1,8-9
1608,ATGCGCCTGAGGGT-1,4-5
12303,TTCAACACCTCAAG-1,8-9
402,AATGTCCTTTTGGG-1,4-5
10619,GGCGGACTCGTTGA-1,8-9
538,ACCACGCTTCATTC-1,4-5
11585,TCACAACTTAACGC-1,8-9
6212,TTTATCCTCCCGTT-1,4-5
6871,ACCTCCGAAAGAAC-1,8-9
3733,GATTCTACGAGCTT-1,4-5
6457,AACTCGGAAGAGAT-1,8-9
1837,CAACCAGACATGAC-1,4-5
6403,AACCTTACGTTCTT-1,8-9
2220,CATCAACTGTTACG-1,4-5
10942,GTCTGAGACTCATT-1,8-9
613,ACGAACACACCTTT-1,4-5
9956,GAGTGGGACTAAGC-1,8-9
3404,GACAGTACGTTGTG-1,4-5
7543,AGTCACGACTTATC-1,8-9
3598,GAGGTTACGCCAAT-1,4-5
9903,GAGGATCTGCAGAG-1,8-9
2198,CATACTACACGGGA-1,4-5
7073,ACTCGCACTCGCCT-1,8-9
4052,GCTACCTGTCTTAC-1,4-5
7622,AGTTTAGAGTCAAC-1,8-9
3586,GAGGTACTCGTTGA-1,4-5
9563,CTTAGGGAATTCGG-1,8-9
2708,CGCACGGATAGAAG-1,4-5
10113,GCACAAACGGTCAT-1,8-9
1665,ATGTTGCTTTCCGC-1,4-5
10287,GCCTGACTCTTGCC-1,8-9
661,ACGCACCTCAACCA-1,4-5
9910,GAGGGAACTGGATC-1,8-9
5363,TCATCATGCCGTAA-1,4-5
10544,GGATGTTGCAGCTA-1,8-9
771,ACTACGGATGGTCA-1,4-5
10841,GTAGTGTGTCTTTG-1,8-9
5680,TGAGTGACTCTCAT-1,4-5
9084,CGCTACACGAAAGT-1,8-9
4630,GTGATTCTTGAAGA-1,4-5
9824,GACGTATGTACGAC-1,8-9
3943,GCCGACGAGGTCTA-1,4-5
9859,GAGATCACGTTTCT-1,8-9
2184,CATAAAACGGCAAG-1,4-5
10528,GGAGTTACGAAAGT-1,8-9
779,ACTATCACAAGGGC-1,4-5
7501,AGGTGTTGTGCCTC-1,8-9
81,AAATGTTGCTCGAA-1,4-5
10399,GCTCAAGAGCTAAC-1,8-9
5779,TGCTAGGATAACCG-1,4-5
11195,TAATGATGTCGACA-1,8-9
63,AAATCATGATGTGC-1,4-5
10344,GCGGACTGGTCCTC-1,8-9
409,AATTACGAGATGAA-1,4-5
8614,CCACCATGGGAAGC-1,8-9
2267,CATGTTTGGTCGAT-1,4-5
6525,AAGCGTACACTTTC-1,8-9
4847,TAATCGCTTCCCAC-1,4-5
8088,CAAAGCACTAAGGA-1,8-9
3783,GCAATTCTTGTAGC-1,4-5
8337,CACTTATGCCGTTC-1,8-9
1583,ATGATAACGTACGT-1,4-5
11926,TGAGACACAGGAGC-1,8-9
2754,CGCGGATGTACTCT-1,4-5
12410,TTGAACCTGTTTGG-1,8-9
675,ACGCCTTGACCACA-1,4-5
12523,TTTCGAACAAGTAG-1,8-9
2568,CCTGAGCTCTTGGA-1,4-5
7239,AGAGTCACCGTTGA-1,8-9
5294,TCACCCGAGGTCAT-1,4-5
6550,AAGGTGCTAAGCAA-1,8-9
5179,TATCACTGAGAACA-1,4-5
7737,ATAGTTGAGAAGGC-1,8-9
4524,GTATTCACGACACT-1,4-5
9278,CTACGCACCCTGTC-1,8-9
3855,GCAGGGCTCGTTAG-1,4-5
7489,AGGTCTGAGCATCA-1,8-9
4884,TACATAGAGATACC-1,4-5
7327,AGCCTCACGTTCAG-1,8-9
5968,TTACCATGACCTTT-1,4-5
9000,CGCAAATGGAGGAC-1,8-9
2523,CCTAAGGACCTCGT-1,4-5
10015,GATCATCTTGTGGT-1,8-9
3010,CTATCCCTTCGTTT-1,4-5
9762,GACATTCTGGGTGA-1,8-9
5422,TCCCGATGCTGGAT-1,4-5
11192,TAATGATGAGCCTA-1,8-9
782,ACTCAGGAACCCAA-1,4-5
8934,CGACCGGATAGACC-1,8-9
5263,TCAACACTGCTAAC-1,4-5
10304,GCGAGCACCTGTGA-1,8-9
3270,GAAACAGAGTATCG-1,4-5
10388,GCTAGAACCCCTAC-1,8-9
3222,CTTATCGACACTAG-1,4-5
11779,TCGGACCTTAGAGA-1,8-9
552,ACCAGTGATTTCGT-1,4-5
10407,GCTCCATGAAACAG-1,8-9
283,AAGGTGCTGTTGGT-1,4-5
7674,ATACCGGAGTTTCT-1,8-9
157,AACGCAACTAACCG-1,4-5
7349,AGCGGCACAAGATG-1,8-9
5441,TCCGGACTGAAACA-1,4-5
6417,AACGCAACTTTCGT-1-1,8-9
2926,CTAATAGAGAATGA-1,4-5
8301,CACTAGGATTGAGC-1,8-9
5105,TAGTAATGTGAGCT-1,4-5
9653,GAACGGGACAGATC-1,8-9
755,ACGTTGGAGGACGA-1,4-5
9181,CGTACCTGCCCAAA-1,8-9
1198,AGGTGGGATATTCC-1,4-5
7620,AGTTTAGAGCTGTA-1,8-9
5603,TGAAGCACGGGACA-1,4-5
6442,AACGTTCTCCGAAT-1,8-9
2139,CAGGAACTTTGACG-1,4-5
11990,TGCAAGTGTGAAGA-1,8-9
5495,TCGCAAGAGGCATT-1,4-5
11730,TCCTAATGACACAC-1,8-9
3919,GCCCAACTTCAGAC-1,4-5
10911,GTCCAGCTTTATCC-1,8-9
3683,GATCGATGTCCCGT-1,4-5
10189,GCATCAGAGTCTGA-1,8-9
226,AAGACAGACCGTTC-1,4-5
9290,CTACTATGTGCCAA-1,8-9
3014,CTATGACTTCTATC-1,4-5
10466,GGACAACTGCAGAG-1,8-9
3344,GAAGGTCTAGATCC-1,4-5
6327,AAATGGGATTTGTC-1,8-9
92,AAATTGACTGACCA-1,4-5
6696,AATTGTGAGGAGCA-1,8-9
1128,AGGATAGACTTCTA-1,4-5
7392,AGCTTTACATCGGT-1,8-9
6044,TTCAAGCTCAGATC-1,4-5
9979,GATACTCTAATCGC-1,8-9
5713,TGCAAGTGGACGTT-1,4-5
8979,CGAGGGCTGTCTAG-1,8-9
1418,ATAGGAGAGCCCTT-1,4-5
9687,GAAGGGTGTTCTTG-1,8-9
2621,CGACCACTTGCAAC-1,4-5
7216,AGAGATGAGGGATG-1,8-9
1244,AGTAGGCTGTAGGG-1,4-5
8794,CCGAAAACCGATAC-1,8-9
4388,GGTCAAACCTGTAG-1,4-5
8499,CATCCCGACCAATG-1,8-9
5320,TCAGACGACTTGCC-1,4-5
8863,CCTATTGACCAACA-1,8-9
5187,TATCCAACCTTATC-1,4-5
6845,ACCCGTTGTGTTCT-1,8-9
2422,CCCAACTGCTATTC-1,4-5
10174,GCAGTCCTACCAAC-1,8-9
1536,ATCTACTGACCTCC-1,4-5
7913,ATGCGCCTTGGTGT-1,8-9
1792,ATTTCGTGCACTCC-1,4-5
8535,CATGGATGGACGTT-1,8-9
4752,GTTGATCTCCTTCG-1,4-5
11049,GTTATCTGCAAAGA-1,8-9
3957,GCCTAGCTATCTCT-1,4-5
6246,AAACATACTGTCAG-1,8-9
3108,CTGAATCTGTGAGG-1,4-5
7623,AGTTTCACAAGAGT-1,8-9
11,AAACGCACGCTTAG-1,4-5
12129,TGTAAAACAAACAG-1,8-9
1987,CACATGGATCTCCG-1,4-5
10467,GGACAACTTCTACT-1,8-9
1164,AGGGCCTGACGGGA-1,4-5
6925,ACGATTCTCAGGAG-1,8-9
3963,GCCTCAACCTCGCT-1,4-5
8537,CATGGATGGTGTTG-1,8-9
5237,TATGGTCTTTTACC-1,4-5
8000,ATTCCATGCTAAGC-1,8-9
2614,CGACAAACGGCAAG-1,4-5
7272,AGCAACACGACGAG-1,8-9
1888,CAAGCTGAAAGAAC-1,4-5
7735,ATAGTCCTTAAGGA-1,8-9
299,AAGTGCACCGAACT-1,4-5
10378,GCTACCTGCGCATA-1,8-9
1249,AGTATAACGACAAA-1,4-5
9821,GACGTATGGGAGTG-1,8-9
1146,AGGCCTCTACTCAG-1,4-5
10663,GGGATTACGAATCC-1,8-9
5265,TCAACACTTTGTCT-1,4-5
12343,TTCATGTGCCTATT-1,8-9
5175,TATAGCCTGAAAGT-1,4-5
7724,ATAGGAGACTGCAA-1,8-9
5806,TGGACCCTCCGTAA-1,4-5
6248,AAACATTGGTCTAG-1,8-9
1403,ATAGATTGGTACGT-1,4-5
11277,TACGTACTCATGCA-1,8-9
2669,CGAGCGTGTCGCCT-1,4-5
11040,GTTAGGTGTTCATC-1,8-9
3607,GAGTAAGAGTAGCT-1,4-5
10144,GCACTAGAGCAGAG-1,8-9
3036,CTCAGAGATCTCCG-1-1,4-5
6930,ACGCAATGTTTGTC-1,8-9
3666,GATATTGAATTCGG-1,4-5
7917,ATGGACACCTCCCA-1,8-9
1482,ATCCGCACAGCATC-1,4-5
9157,CGGTACCTGTCTGA-1,8-9
2392,CCATATACAACCGT-1,4-5
8723,CCCACATGAGTGTC-1,8-9
2939,CTACAACTGTGAGG-1,4-5
8866,CCTCATCTCAGAAA-1,8-9
2479,CCGAAAACCAGTTG-1,4-5
10200,GCATGTGACTATGG-1,8-9
818,ACTGTGGAAACCTG-1,4-5
9638,GAACACACCTTCCG-1,8-9
2645,CGACTCTGGACACT-1,4-5
7796,ATCGACGACCAAGT-1,8-9
4144,GGACCCGAGCTCCT-1,4-5
11640,TCAGTTACGTCCTC-1,8-9
4287,GGGAAGACACCAAC-1,4-5
7210,AGAGAATGACGTAC-1,8-9
572,ACCCAGCTCGAGTT-1,4-5
7452,AGGGCCACAGGTCT-1,8-9
4418,GTAAGCTGTTCAGG-1,4-5
7355,AGCGGCACTCAGGT-1,8-9
2402,CCATGCTGAAGGGC-1,4-5
11669,TCCACGTGGGAGCA-1,8-9
313,AAGTTCCTTCCGAA-1,4-5
12408,TTGAACCTACCTTT-1,8-9
1310,AGTTCTTGAAGCAA-1,4-5
9519,CTGGCACTGATACC-1,8-9
4338,GGGTAACTGAGGAC-1,4-5
6332,AAATTCGACACTAG-1,8-9
4285,GGGAACGAGGCGAA-1,4-5
11446,TAGTTAGACTGAGT-1,8-9
1048,AGCGATACGCCCTT-1,4-5
7209,AGAGAAACGTCACA-1,8-9
4379,GGTATCGAACTCAG-1,4-5
8932,CGACCGGAATGCCA-1,8-9
147,AACCTTTGCCGATA-1,4-5
12249,TTAGACCTAACTGC-1-1,8-9
2166,CAGTGATGCCGATA-1,4-5
10629,GGCTAATGGGTCTA-1,8-9
2499,CCGCGAGAGTCAAC-1,4-5
9024,CGCAGGACGCGTTA-1,8-9
3840,GCAGCGTGTGATGC-1,4-5
9987,GATAGCACAGTGCT-1,8-9
3658,GATATATGGTGTAC-1,4-5
8559,CATTGACTACGCAT-1,8-9
400,AATGTCCTCTGCAA-1,4-5
6649,AATCTCTGAGCAAA-1,8-9
6136,TTCTTACTAGACTC-1,4-5
9813,GACGGCACTTACTC-1-1,8-9
5994,TTAGACCTTAGAAG-1,4-5
7048,ACTATCACAGTGCT-1,8-9
5661,TGAGCAACGGTTAC-1,4-5
7401,AGGAACCTTCTTTG-1,8-9
2033,CACGATGAGTTCAG-1,4-5
12127,TGGTTACTCTAGAC-1,8-9
807,ACTGCCACGTACGT-1,4-5
10712,GGTACAACAAAACG-1-1,8-9
3366,GAATGCTGACGGTT-1,4-5
7286,AGCATCGACATACG-1,8-9
5535,TCGTTATGGGGCAA-1,4-5
7169,AGACACACAAGATG-1,8-9
5025,TAGAGCACTGGTGT-1,4-5
11982,TGATTCTGTGTGCA-1,8-9
2721,CGCAGGACTACTGG-1,4-5
6333,AAATTCGAGTATCG-1,8-9
389,AATGGAGATCAGGT-1,4-5
9959,GAGTGTTGAAAAGC-1,8-9
560,ACCATTTGGACAAA-1,4-5
12291,TTATGGCTCTAGTG-1,8-9
2675,CGAGGCTGACCGAT-1,4-5
9928,GAGGTTACTTCTAC-1,8-9
2150,CAGGGCACCTAGCA-1,4-5
8684,CCAGTGCTTTTGGG-1,8-9
1448,ATCAAATGACGGTT-1,4-5
8445,CAGTGTGATTCATC-1,8-9
3995,GCGCACGACTTGAG-1,4-5
12211,TGTTACTGTGAAGA-1,8-9
2179,CAGTTTACGGGAGT-1,4-5
9186,CGTCAAGAAGTGTC-1,8-9
49,AAAGTTTGCTGCTC-1,4-5
7760,ATCACGGATGGTGT-1,8-9
1481,ATCCCGTGGCTTCC-1,4-5
12263,TTAGGGACCACAAC-1,8-9
2116,CAGCCTTGTGTCCC-1,4-5
12318,TTCACCCTTGCAAC-1,8-9
3188,CTGTGAGAGGTGAG-1,4-5
11432,TAGTCTTGCGAACT-1,8-9
5989,TTAGAATGGTGCTA-1,4-5
11817,TCTAGACTGGACTT-1,8-9
5568,TCTCAAACTCTCAT-1,4-5
10050,GATGCATGAACCAC-1,8-9
6192,TTGTAGCTCGCCTT-1,4-5
7707,ATAGATTGGTAAAG-1,8-9
4091,GCTGATGACGTAGT-1,4-5
9132,CGGCATCTTGTTTC-1,8-9
3472,GACGTAACTGGTGT-1,4-5
10099,GCAACTGATGAGCT-1,8-9
3869,GCATCAGATCTCGC-1,4-5
10330,GCGCGAACTCGCAA-1,8-9
6197,TTTAGAGAAGTTCG-1,4-5
11150,TAAGAGGAGTCAAC-1,8-9
1752,ATTGCTACGACACT-1,4-5
11064,GTTCAACTGTGCTA-1,8-9
4639,GTGCCACTTCTACT-1,4-5
12126,TGGTTACTCACTAG-1,8-9
3362,GAAGTGCTGTGTAC-1,4-5
7547,AGTCAGACCCAATG-1,8-9
5613,TGACACGACTACGA-1,4-5
11097,TAAACAACCAGTCA-1,8-9
3980,GCGACTCTACCCTC-1,4-5
8544,CATGTTTGGGTGGA-1,8-9
5317,TCAGACGAAGCTAC-1,4-5
12008,TGCATGGATTCTCA-1,8-9
2633,CGACCTACTCACCC-1,4-5
8913,CGAAGGGAGGATCT-1,8-9
3961,GCCTCAACAGTGTC-1,4-5
6951,ACGCGGTGGCGAGA-1,8-9
3057,CTCCATCTGGACTT-1,4-5
10530,GGAGTTTGGGTAGG-1,8-9
5129,TAGTCTTGGTCACA-1,4-5
8906,CGAACATGCTAAGC-1,8-9
1082,AGCTCGCTGGAGGT-1,4-5
7797,ATCGACGAGACACT-1,8-9
1040,AGCCTCTGCCTTAT-1,4-5
9281,CTACGCACTCGTTT-1,8-9
5631,TGACGATGCTGACA-1,4-5
6363,AACACTCTAGCGTT-1,8-9
3220,CTTAGGGACGTAAC-1,4-5
11528,TATGAATGACACTG-1,8-9
1800,ATTTCTCTGCCAAT-1,4-5
8280,CACGATGAGTGAGG-1,8-9
4878,TACACACTCTGGAT-1,4-5
9272,CTAATGCTGTGTTG-1,8-9
4853,TAATGAACTCGTAG-1,4-5
10599,GGCCGAACTCAGTG-1,8-9
5656,TGAGACACAAAAGC-1,4-5
8631,CCACTGACTGCTGA-1,8-9
1001,AGCAAGCTTGTGAC-1,4-5
7125,ACTTCTGACCGTAA-1,8-9
4345,GGGTTAACCAGGAG-1,4-5
10820,GTAGCTGAGAAAGT-1,8-9
903,AGACGTACAAGGTA-1,4-5
10408,GCTCCATGCATTCT-1,8-9
1971,CACAGCCTCCCACT-1,4-5
9957,GAGTGGGACTCCAC-1,8-9
1724,ATTCTTCTTTTCTG-1,4-5
7725,ATAGGAGAGAGGTG-1,8-9
5267,TCAAGGACGTAAAG-1,4-5
8019,ATTGAAACGTGCTA-1,8-9
5487,TCGATACTGGGCAA-1,4-5
8926,CGACAAACATCGGT-1,8-9
5000,TACTTTCTTGCAAC-1,4-5
9504,CTGGAAACCGAGAG-1,8-9
5300,TCACCGTGCGAATC-1,4-5
8254,CACCGTACAAGCCT-1,8-9
2567,CCTGAGCTACCCAA-1,4-5
10758,GGTTTACTGGCAAG-1,8-9
5478,TCGAGAACGAAACA-1,4-5
12361,TTCCATGATTGCAG-1,8-9
3320,GAAGAATGCCTATT-1,4-5
10206,GCCAAAACTGCTCC-1,8-9
2035,CACGCTACATTTCC-1,4-5
12051,TGGAAAGACCCAAA-1,8-9
5463,TCGACCTGAGAATG-1,4-5
6773,ACAGTTCTCCCTAC-1,8-9
430,ACAAGAGAGACAAA-1,4-5
6744,ACACGAACCTCTAT-1,8-9
4291,GGGAAGACGTTAGC-1,4-5
11775,TCGCCATGGACAGG-1,8-9
2360,CCAGAAACGTTGAC-1,4-5
8734,CCCAGACTTTCATC-1,8-9
4419,GTAATAACAGTTCG-1,4-5
8277,CACGACCTCTGCAA-1,8-9
2524,CCTAAGGAGACGTT-1,4-5
9082,CGCTACACAAAACG-1,8-9
1577,ATGAGAGACTTGTT-1,4-5
6579,AAGTCCGAGGTTCA-1,8-9
83,AAATGTTGTCTCCG-1,4-5
6481,AAGAGATGAGAGAT-1,8-9
718,ACGGTATGTGGTGT-1,4-5
10675,GGGCAGCTAAGATG-1,8-9
3589,GAGGTACTTATGCG-1,4-5
11462,TATAAGTGCTGTGA-1,8-9
4159,GGACGCACTCTTTG-1,4-5
7502,AGGTTCGACCCTCA-1,8-9
3279,GAAAGATGTATGCG-1,4-5
7104,ACTGTGGACCAACA-1,8-9
2495,CCGCGAGAAGCACT-1,4-5
10359,GCGTAAACTGGCAT-1,8-9
4381,GGTATCGACTTCTA-1,4-5
8191,CAATCTACCCACCT-1,8-9
1777,ATTGTCTGCTGAAC-1,4-5
7681,ATACCTACGTTGCA-1,8-9
4514,GTATCTACGGAGTG-1,4-5
7015,ACGTGCCTGGTAAA-1,8-9
5016,TAGAGAGAAGGTCT-1,4-5
6451,AACTCACTAGTACC-1,8-9
3888,GCCAAATGCTTGTT-1,4-5
12310,TTCAAGCTCCTCGT-1,8-9
5767,TGCGCACTCAGCTA-1,4-5
8529,CATGCCACCTTGCC-1,8-9
4817,TAAGATACGTGTTG-1,4-5
11677,TCCACTCTCTTGTT-1,8-9
3237,CTTGAGGAACGTAC-1,4-5
11709,TCCCGATGTGTGCA-1,8-9
239,AAGCAAGAGCTTAG-1,4-5
11563,TCAAGGTGAGCAAA-1,8-9
6232,TTTCTACTTACTCT-1,4-5
9792,GACGAGGACACTCC-1,8-9
4278,GGCTCACTCACACA-1,4-5
11470,TATACAGAGGACAG-1,8-9
5640,TGACGCCTTTCATC-1,4-5
8302,CACTATACAAAGCA-1,8-9
4098,GCTTGAGAACGCAT-1,4-5
11013,GTGTATCTTGTTCT-1,8-9
2449,CCCGATTGAATGCC-1,4-5
10317,GCGCACGACTCCAC-1,8-9
3856,GCAGGGCTCTGGTA-1-1,4-5
11888,TGACCGCTACGGTT-1,8-9
4464,GTAGCATGAAGTAG-1,4-5
8664,CCAGCTACTGTTCT-1,8-9
1060,AGCGCCGATGACTG-1,4-5
10749,GGTTGAACTAAAGG-1,8-9
1452,ATCAACCTGGCGAA-1,4-5
10672,GGGCACACCGCTAA-1,8-9
6214,TTTATCCTCGTGTA-1,4-5
8458,CATAAAACGAATGA-1-1,8-9
3625,GAGTGGGACCGCTT-1,4-5
7118,ACTTCAACTACTCT-1,8-9
2667,CGAGCGTGGCCAAT-1,4-5
9790,GACGAACTTTGGTG-1,8-9
1136,AGGCAACTGTTTCT-1,4-5
12160,TGTATCTGCGTTAG-1,8-9
1117,AGGAATGATAAGGA-1,4-5
10964,GTGATCGATGCACA-1,8-9
4108,GGAACACTTATCTC-1-1,4-5
6756,ACAGACACGTTGGT-1,8-9
2900,CTAAACCTCTGTCC-1,4-5
12512,TTTCACGACCTGAA-1,8-9
5836,TGGATGTGGACGTT-1,4-5
6421,AACGCCCTTCGCAA-1,8-9
2763,CGCTCATGGAATCC-1,4-5
6307,AAAGTTTGTTCAGG-1,8-9
2756,CGCTAAGACGACAT-1,4-5
7762,ATCACTACCGCCTT-1,8-9
5019,TAGAGAGAGGGAGT-1,4-5
10071,GATTCTTGTCTACT-1,8-9
1714,ATTCGGGACGCTAA-1,4-5
9098,CGGAATTGACCTCC-1,8-9
2305,CATTTGTGAGAGGC-1,4-5
10655,GGGACCACCTTCCG-1,8-9
3571,GAGGGAACAGCGGA-1,4-5
7346,AGCGCTCTGTTCGA-1,8-9
732,ACGTCAGACTTTAC-1,4-5
12540,TTTGCATGTGTCGA-1,8-9
5378,TCATTCGACTAGTG-1,4-5
9347,CTATCAACGTAAGA-1,8-9
4356,GGTACAACCAGCTA-1,4-5
10509,GGAGAGACAGTCAC-1,8-9
4534,GTCACAGATCCTTA-1,4-5
6254,AAACCGTGTGCTTT-1,8-9
6211,TTTATCCTCACTGA-1,4-5
10760,GTAACGTGAGCAAA-1,8-9
3675,GATCCCTGCATTTC-1,4-5
6483,AAGAGATGGGTAGG-1,8-9
1087,AGCTGCCTATTTCC-1,4-5
6720,ACAATAACGCATAC-1,8-9
3972,GCCTCATGGAACCT-1,4-5
11652,TCATCCCTTGTGAC-1,8-9
4636,GTGCCACTGATGAA-1,4-5
8617,CCACCTGAAATGCC-1,8-9
4250,GGCGACTGAGCGGA-1,4-5
6528,AAGCGTACCGTCTC-1,8-9
3277,GAAAGATGCTCTAT-1,4-5
6693,AATTGTGACTTACT-1,8-9
442,ACAATTGACACTGA-1,4-5
10857,GTATGGTGCTCTTA-1,8-9
5618,TGACCAGAAGTGTC-1,4-5
8646,CCAGACCTTTCTGT-1,8-9
5411,TCCCATCTAGAGGC-1,4-5
12048,TGCTTAACGTTCAG-1,8-9
4420,GTAATAACGTCGAT-1,4-5
10266,GCCGGAACGGTATC-1,8-9
5711,TGCAAGTGAGTGCT-1,4-5
6821,ACCAGTGAATTTCC-1,8-9
2101,CAGATCGACCTTGC-1,4-5
10603,GGCCGATGAGAACA-1,8-9
1514,ATCGCCACTTGGTG-1,4-5
8543,CATGTTTGGACAAA-1,8-9
2767,CGGACCGAAAGCCT-1,4-5
9974,GATAATACAGTTCG-1,8-9
856,AGAAAGTGCACAAC-1,4-5
10726,GGTATCGAACGTAC-1,8-9
4047,GCTACAGATATGCG-1,4-5
8609,CCAATTTGCCGAAT-1,8-9
1509,ATCGCCACCAGATC-1,4-5
8754,CCCGAACTTACTTC-1,8-9
906,AGACGTACGTAAAG-1,4-5
9025,CGCAGGACTCGCCT-1,8-9
1894,CAAGGACTAAAACG-1,4-5
11263,TACGCCACCGTGAT-1,8-9
53,AAAGTTTGTCGATG-1,4-5
6513,AAGCCTGACACTAG-1,8-9
2548,CCTCATCTTTTGCT-1,4-5
12312,TTCAAGCTGTCTGA-1,8-9
1831,CAAATTGAGCTGAT-1,4-5
11398,TAGGTTCTACGACT-1,8-9
5426,TCCCTACTGCTACA-1,4-5
8652,CCAGCGGAACCCAA-1,8-9
6011,TTAGGTCTCAAGCT-1,4-5
7262,AGATCGTGTGCCCT-1,8-9
566,ACCCAAGAGGCATT-1,4-5
7219,AGAGCGGAAAACGA-1,8-9
1406,ATAGCCGACTTCGC-1,4-5
7256,AGATATTGTGATGC-1,8-9
3146,CTGCAGCTGGTCTA-1,4-5
11707,TCCCGATGATCTCT-1,8-9
426,ACAACCGAAAGGGC-1,4-5
7854,ATGAAACTATCACG-1,8-9
5135,TAGTTAGAGAGGGT-1,4-5
12366,TTCCTAGACCCGTT-1,8-9
4065,GCTCAAGACCTACC-1,4-5
8149,CAAGGACTGTATGC-1,8-9
1096,AGCTTACTGGGATG-1,4-5
6493,AAGATTACAGAGAT-1,8-9
4213,GGATTGTGATTCCT-1,4-5
6616,AATATCGAGCTCCT-1,8-9
47,AAAGTTTGCATGAC-1,4-5
7661,ATAATGACAGGTTC-1,8-9
3513,GAGAGGTGACCTAG-1,4-5
9039,CGCCATACAGACTC-1,8-9
5227,TATGGGTGAGTCTG-1,4-5
10847,GTATCACTGCTTCC-1,8-9
1859,CAACGTGAGTTGTG-1,4-5
10515,GGAGCCACAAAGTG-1,8-9
1974,CACAGCCTGTAGGG-1,4-5
6923,ACGATGACCAGTTG-1,8-9
3077,CTCGAGCTCGGGAA-1,4-5
12459,TTGGAGTGCCTTAT-1,8-9
2149,CAGGGCACCCCTTG-1,4-5
6971,ACGGATTGAATCGC-1,8-9
2345,CCACTGACTGTCGA-1,4-5
7553,AGTCCAGAGGACTT-1,8-9
3434,GACCTCACCGTGTA-1,4-5
12265,TTAGGGACGCGAAG-1,8-9
5776,TGCTAGGACCAATG-1,4-5
9242,CGTTTAACCAGCTA-1,8-9
5041,TAGCCCACACCAAC-1,4-5
11708,TCCCGATGTCACGA-1,8-9
2123,CAGCGTCTTTGCGA-1,4-5
8147,CAAGGACTCGGAGA-1,8-9
4229,GGCATATGATACCG-1,4-5
10567,GGCAATACCATGAC-1,8-9
1233,AGTAGAGAAAACGA-1,4-5
7758,ATCACGGACTCATT-1,8-9
3878,GCATGTGATCGCTC-1,4-5
9615,CTTTGATGTTTCGT-1,8-9
1676,ATTACCACGTCTTT-1,4-5
7307,AGCCGGACACCTAG-1,8-9
3775,GCAACTGAGATAGA-1,4-5
10746,GGTTGAACACTGTG-1,8-9
3621,GAGTCTGACCTAAG-1,4-5
10953,GTGACCCTACCAGT-1,8-9
3468,GACGGCACTTACTC-1,4-5
7411,AGGACACTTTGCGA-1,8-9
199,AACTTGCTCTACCC-1,4-5
11006,GTGTACGATCTATC-1-1,8-9
5827,TGGATCGATAAGGA-1,4-5
9095,CGCTCATGGCAGTT-1,8-9
3956,GCCTAGCTAGCGGA-1,4-5
10054,GATGCCCTACCTAG-1,8-9
3505,GACTGTGATTGACG-1,4-5
7967,ATTAAGACGAACTC-1,8-9
2966,CTAGAGACGGGACA-1,4-5
9003,CGCAAATGTGTGGT-1,8-9
2842,CGTAGCCTGAAGGC-1,4-5
9067,CGCGATCTCTCGAA-1,8-9
3172,CTGGCACTAGAGTA-1,4-5
8405,CAGCTCTGACGGTT-1,8-9
5159,TATACCACGTACAC-1,4-5
12347,TTCATTCTACGGGA-1,8-9
3265,CTTTGATGGCAGTT-1,4-5
8433,CAGGTTGATCTATC-1,8-9
178,AACTACCTAAGTAG-1,4-5
12299,TTCAAAGATTTGTC-1,8-9
5934,TGTGGATGCGGTAT-1-1,4-5
10498,GGACGCTGGCTAAC-1,8-9
748,ACGTTACTCCCAAA-1,4-5
11030,GTTAACCTGATAGA-1,8-9
4813,TAAGAGGAGCTCCT-1,4-5
9420,CTCCGAACGTAAAG-1,8-9
5595,TGAAATTGGGTTTG-1,4-5
12138,TGTAATGAACCATG-1,8-9
4532,GTCACAGAATCTTC-1,4-5
11618,TCAGCAGATCGCAA-1,8-9
6215,TTTATCCTCTCTTA-1,4-5
11829,TCTCAAACTCTCGC-1,8-9
2827,CGGTCACTTGGTGT-1,4-5
8917,CGAAGTACCATCAG-1,8-9
4233,GGCCACGATGCACA-1,4-5
7670,ATACCGGACCCAAA-1,8-9
5054,TAGGACTGATTGGC-1,4-5
8580,CATTTGTGGTCTTT-1,8-9
4837,TAAGGGCTACGTGT-1,4-5
7635,ATAAACACAAGATG-1,8-9
1735,ATTGATGATGGTGT-1,4-5
7743,ATATGAACAATCGC-1,8-9
3298,GAACCAACTGTGCA-1,4-5
11820,TCTAGTTGCCCTTG-1,8-9
3201,CTTAAGCTGTCTTT-1,4-5
11333,TAGACGTGAGTCAC-1,8-9
1911,CAAGTTCTCCCACT-1,4-5
11267,TACGCGCTGAATCC-1,8-9
1541,ATCTGACTATTGGC-1,4-5
10047,GATGCAACGCTTCC-1,8-9
3941,GCCGACGACGACAT-1,4-5
6981,ACGGGAGATCCGAA-1,8-9
699,ACGGAGGATCAGGT-1,4-5
9914,GAGGGCCTGAAAGT-1,8-9
6069,TTCAGTTGCTACCC-1,4-5
7805,ATCGCCTGGACACT-1,8-9
3524,GAGATGCTCTACCC-1,4-5
10510,GGAGAGACTGAACC-1,8-9
5442,TCCGGACTGAGATA-1-1,4-5
9344,CTATCAACGCAAGG-1,8-9
772,ACTACTACACCATG-1,4-5
12081,TGGATCGAGGGACA-1,8-9
3726,GATTCGGAATTCTC-1,4-5
11807,TCTAAGCTCTCATT-1,8-9
482,ACAGCAACAGCTCA-1,4-5
12455,TTGGAGACCTTTAC-1,8-9
5045,TAGCCCTGAGTCTG-1,4-5
8874,CCTCTACTGAAACA-1,8-9
1134,AGGCAACTCCCTCA-1,4-5
12272,TTAGGTCTTGTAGC-1,8-9
1965,CACAGAACGAGATA-1,4-5
10333,GCGCGATGAGAGAT-1,8-9
144,AACCTTACTGCCCT-1,4-5
12367,TTCCTAGACGTAGT-1,8-9
5330,TCAGCGCTCTACGA-1,4-5
7215,AGAGATGAGCTCCT-1,8-9
6061,TTCACCCTTTAGGC-1,4-5
9940,GAGTACTGCGGGAA-1,8-9
3365,GAATGCACTTTCGT-1,4-5
9857,GAGATCACCCTCAC-1,8-9
549,ACCAGTGATGGTGT-1,4-5
9670,GAAGATGAAGAACA-1,8-9
4834,TAAGGCTGAGTCGT-1,4-5
10742,GGTCTAGATGAGCT-1,8-9
4772,TAAAGACTGTTCAG-1,4-5
7350,AGCGGCACACACTG-1,8-9
6122,TTCTACGACCACAA-1,4-5
7268,AGATTCCTTCAGAC-1,8-9
948,AGAGGTCTACTTTC-1,4-5
10127,GCACCTACATTTCC-1,8-9
2140,CAGGCCGAAACCGT-1,4-5
10456,GGAATCTGTGCACA-1,8-9
3217,CTTAGACTTCAGGT-1,4-5
12473,TTGTACACCTCCCA-1,8-9
2057,CACTATACTGCAGT-1,4-5
6521,AAGCGACTACTCAG-1,8-9
5021,TAGAGCACCCGATA-1,4-5
12495,TTTAGAGAGTTGAC-1,8-9
2906,CTAACACTAGAAGT-1,4-5
8283,CACGGGACAGCACT-1,8-9
1159,AGGGACGATCCTTA-1,4-5
11218,TACACACTTCATTC-1,8-9
2671,CGAGGAGAGTTCTT-1,4-5
6280,AAAGACGAGCTATG-1,8-9
5232,TATGGGTGTCCAGA-1,4-5
8344,CACTTTGATCCGTC-1-1,8-9
4960,TACTAAGAAGGGTG-1,4-5
9228,CGTTAACTTAAGCC-1,8-9
5892,TGTAACCTGAGGGT-1,4-5
8235,CACAGTGAGGAACG-1,8-9
1199,AGGTGTTGACGGTT-1,4-5
8772,CCCTAGTGCAATCG-1,8-9
1086,AGCTGAACTTCCCG-1,4-5
7145,AGAAACGACTGTGA-1,8-9
1366,ATACCACTAGAGAT-1,4-5
8394,CAGCGGACGGAAGC-1,8-9
5338,TCAGGATGGCCTTC-1,4-5
11919,TGACTTACGCATCA-1,8-9
1609,ATGCGCCTGGGACA-1,4-5
10718,GGTACTGAACGGTT-1,8-9
4934,TACGGCCTAGAAGT-1,4-5
9178,CGTACCTGAACCGT-1,8-9
1661,ATGTTGCTGGCATT-1,4-5
8407,CAGCTCTGGGTTAC-1,8-9
844,ACTTGTACGTACGT-1,4-5
11027,GTTAAATGACGCAT-1,8-9
724,ACGTAGACCCACAA-1-1,4-5
9030,CGCAGGTGTTTGTC-1,8-9
971,AGATATACGACTAC-1,4-5
8621,CCACCTGACTGGAT-1,8-9
4455,GTACTACTTCGCTC-1,4-5
8291,CACTAACTACTAGC-1,8-9
3644,GATAGAGATCCAGA-1,4-5
10356,GCGTAAACGCGAGA-1,8-9
4191,GGAGTTACCGATAC-1,4-5
8877,CCTCTACTTGCATG-1,8-9
6048,TTCAAGCTGTTTCT-1,4-5
8860,CCTATAACCTCTTA-1,8-9
3421,GACCATGAATTGGC-1,4-5
11711,TCCCTACTCGAACT-1,8-9
2213,CATATAGACGCCTT-1,4-5
7537,AGTATAACTTGGTG-1,8-9
3383,GACAACACTCCAAG-1,4-5
6864,ACCTATTGAAGATG-1,8-9
716,ACGGTATGGAGCTT-1,4-5
9166,CGTAACGAATCGTG-1,8-9
4306,GGGACCACTCGTTT-1,4-5
8316,CACTCCGAGTCGAT-1,8-9
4219,GGCAAGGACACCAA-1,4-5
7445,AGGGACGAACTGTG-1,8-9
6051,TTCACAACCCCACT-1,4-5
6900,ACGAAGCTTTATCC-1,8-9
2885,CGTTAACTTGCTAG-1,4-5
12012,TGCCACTGACTGTG-1-1,8-9
666,ACGCCACTCGACTA-1,4-5
11993,TGCAATCTTCTACT-1,8-9
4891,TACCGAGATAACGC-1,4-5
10226,GCCACTACGCGAGA-1,8-9
584,ACCGAAACAAGCCT-1,4-5
6803,ACCACAGAGTACGT-1,8-9
4908,TACGAGTGAAGCCT-1,4-5
12180,TGTGAGACGCGTAT-1,8-9
5787,TGCTTAACCACTAG-1,4-5
8376,CAGATGACGGAGTG-1,8-9
5067,TAGGCATGTTCGCC-1,4-5
11434,TAGTCTTGGAGGCA-1,8-9
2342,CCACGGGATAAAGG-1,4-5
9456,CTGAAGTGGAACCT-1,8-9
4375,GGTAGTACGTGTCA-1-1,4-5
8788,CCCTGATGAAGTGA-1,8-9
5219,TATGAATGTGCTTT-1,4-5
10559,GGATTTCTGGTCTA-1,8-9
2665,CGAGCGTGCCACAA-1,4-5
9647,GAACCAACACCACA-1,8-9
4549,GTCCAAGAGTGTCA-1,4-5
6673,AATGTAACTGGTGT-1-1,8-9
4453,GTACTACTGCCAAT-1-1,4-5
11818,TCTAGACTTTCGGA-1,8-9
2981,CTAGGTGAGAGGAC-1,4-5
6993,ACGTAGACCACTTT-1-1,8-9
5721,TGCAATCTGGTCTA-1,4-5
8556,CATTAGCTTTTCGT-1,8-9
2538,CCTATAACGCTCCT-1,4-5
11366,TAGCTACTTATCTC-1,8-9
2716,CGCACTTGCTCAGA-1,4-5
8508,CATCGGCTGGTAGG-1,8-9
1582,ATGATAACCGACTA-1,4-5
10065,GATTCGGATTCTGT-1,8-9
847,ACTTGTACTTCTAC-1,4-5
8145,CAAGGACTAGAGGC-1,8-9
1017,AGCATGACCTAGTG-1,4-5
10265,GCCGGAACCACCAA-1,8-9
1809,ATTTGCACTGTTTC-1,4-5
11113,TAAATCGATGACAC-1,8-9
1895,CAAGGACTCAGAGG-1,4-5
8183,CAATATGAACTGGT-1,8-9
6162,TTGATCTGCATGAC-1,4-5
8281,CACGCTACGCGAAG-1,8-9
5465,TCGACCTGCGTGTA-1,4-5
11211,TACACACTACACTG-1,8-9
3741,GATTCTTGAGAGTA-1,4-5
7850,ATCTTTCTCGTCTC-1,8-9
2655,CGAGATTGAACGAA-1,4-5
11109,TAAAGTTGCTTACT-1,8-9
3025,CTATTGACTTCGTT-1,4-5
10329,GCGCGAACCTGGAT-1,8-9
2349,CCACTTCTACTCAG-1,4-5
7851,ATCTTTCTGTGTCA-1,8-9
1570,ATGAAGGAGAGATA-1-1,4-5
8735,CCCAGTTGAACGAA-1,8-9
5284,TCAATCACGGCATT-1,4-5
10180,GCAGTTGACAGCTA-1,8-9
3422,GACCATGACATGCA-1,4-5
9955,GAGTGACTTTGCGA-1,8-9
4426,GTAATATGGTAAAG-1,4-5
9099,CGGAATTGACGCTA-1,8-9
855,AGAAACGAAGTGTC-1,4-5
6395,AACCGATGGAGAGC-1,8-9
4367,GGTACATGTGTCTT-1,4-5
6391,AACCCAGATGCTAG-1,8-9
1527,ATCGGAACTGCCTC-1,4-5
10689,GGGCCATGTAAAGG-1,8-9
2935,CTACAACTCTGGAT-1,4-5
8391,CAGCGGACCAAGCT-1,8-9
4160,GGACGCACTGCTAG-1,4-5
11046,GTTATAGAGCCATA-1,8-9
4769,TAAACAACGGAGTG-1,4-5
6585,AAGTGCACTTTCAC-1,8-9
2138,CAGGAACTTGAGAA-1,4-5
6924,ACGATTCTCAATCG-1,8-9
2656,CGAGATTGTCCTCG-1,4-5
6575,AAGTCCGAAGCGGA-1,8-9
56,AAATACTGGTGAGG-1,4-5
11178,TAATCCACCCTTAT-1,8-9
5854,TGGCACCTCATTGG-1,4-5
7734,ATAGTCCTAGACTC-1,8-9
4220,GGCAAGGACCTTCG-1,4-5
10584,GGCATATGCTTTAC-1,8-9
3800,GCACCACTTTGTCT-1,4-5
7493,AGGTGGGAGCTCCT-1,8-9
29,AAAGAGACGTGAGG-1,4-5
9188,CGTCAAGAGCATCA-1,8-9
347,AATCCGGAGTTGTG-1,4-5
6354,AACAATACTTACCT-1,8-9
1076,AGCGTAACGATACC-1,4-5
8423,CAGGTAACGTGTTG-1,8-9
2412,CCCAAAGATCTTCA-1,4-5
7900,ATGCCAGAGGAACG-1,8-9
4754,GTTGATCTTGTAGC-1,4-5
11611,TCAGACGATGCAGT-1,8-9
1355,ATAATCGACTCTAT-1,4-5
12269,TTAGGTCTCTGTAG-1,8-9
962,AGAGTGCTCTGTAG-1,4-5
12007,TGCATGGATGGCAT-1,8-9
3278,GAAAGATGCTTTAC-1,4-5
9593,CTTTACGACACAAC-1,8-9
3290,GAACACACGCATAC-1,4-5
6973,ACGGCGTGGGACGA-1,8-9
5403,TCCATCCTTCCTTA-1,4-5
7231,AGAGCTACTGGATC-1,8-9
879,AGAATGGAAGGCGA-1,4-5
8448,CAGTTACTCTACGA-1,8-9
2965,CTAGAGACCTGTAG-1,4-5
9560,CTTAGACTTCTATC-1,8-9
1986,CACATGGAGTCCTC-1,4-5
8008,ATTCGGGAAGGTTC-1,8-9
1423,ATAGGCTGCTAGAC-1,4-5
7484,AGGTCATGAGCGGA-1,8-9
3218,CTTAGGGACCTCGT-1,4-5
7777,ATCATGCTTCTCAT-1,8-9
249,AAGCGACTAACAGA-1,4-5
9259,CTAACTACAAGTAG-1,8-9
4751,GTTGATCTACTGTG-1,4-5
8465,CATACTACACGTAC-1,8-9
82,AAATGTTGTAACCG-1,4-5
12130,TGTAAAACACTTTC-1,8-9
5288,TCACAACTTCAAGC-1,4-5
10450,GGAAGGTGCTGACA-1,8-9
2451,CCCGATTGGCTGTA-1,4-5
10842,GTAGTGTGTTGCGA-1,8-9
1293,AGTGTGACCGAACT-1,4-5
9172,CGTACAGAGATAGA-1,8-9
4284,GGGAACGACTGAGT-1,4-5
8911,CGAAGACTTGTGAC-1,8-9
2764,CGGAATTGACGTGT-1,4-5
9654,GAACGGGACGTAGT-1,8-9
3335,GAAGCTTGACCATG-1,4-5
11588,TCACATACTAGAAG-1,8-9
4314,GGGATGGACTCTTA-1,4-5
10955,GTGAGGGAAACGTC-1,8-9
6127,TTCTCAGAAACCGT-1,4-5
6529,AAGCGTACTCACCC-1,8-9
3289,GAAATACTTAAGGA-1,4-5
10295,GCGACTCTTATCGG-1,8-9
3450,GACGATTGGAATCC-1,4-5
11279,TACGTACTGGAGGT-1,8-9
2742,CGCCTAACTCCAGA-1,4-5
10195,GCATGATGTCCGAA-1,8-9
5737,TGCACGCTTTCTTG-1,4-5
8864,CCTATTGAGTATGC-1,8-9
729,ACGTCAGACAGAAA-1,4-5
11992,TGCAATCTGTGTAC-1,8-9
6056,TTCACAACTTGTCT-1,4-5
7194,AGACTGACCTAGAC-1,8-9
5542,TCTAACTGCAACTG-1,4-5
10566,GGCAAGGATAGCGT-1,8-9
125,AACCAGTGAGAGGC-1,4-5
6815,ACCAGCCTAGGAGC-1,8-9
1819,CAAAGCTGATGCCA-1,4-5
8139,CAAGCCCTCTGAGT-1,8-9
2494,CCGATAGAGGTGTT-1,4-5
12456,TTGGAGACGTACCA-1,8-9
6196,TTGTCATGTTTCAC-1,4-5
6492,AAGATGGATTCTAC-1,8-9
5598,TGAACCGAAAAAGC-1,4-5
9705,GAAGTGCTGTGTAC-1-1,8-9
1651,ATGTTAGACGACTA-1,4-5
6839,ACCCACTGTATGGC-1,8-9
5206,TATCTCGACTACTT-1,4-5
6774,ACAGTTCTGTATGC-1,8-9
5069,TAGGCTGAAAACGA-1,4-5
7749,ATCAAATGACCCTC-1,8-9
1023,AGCCACCTAGTACC-1,4-5
9117,CGGAGGCTAAACGA-1,8-9
3112,CTGACAGATACGAC-1,4-5
7296,AGCATTCTCCCGTT-1,8-9
1688,ATTAGTGAATCGAC-1,4-5
9260,CTAACTACACACGT-1,8-9
3565,GAGGCCACCCAACA-1,4-5
6832,ACCATTTGTGATGC-1,8-9
2376,CCAGGTCTAAGATG-1,4-5
10973,GTGCAAACACGGTT-1,8-9
1979,CACAGTGAGTCTTT-1,4-5
9282,CTACGCACTGAGAA-1,8-9
709,ACGGGAGAAGTACC-1,4-5
7093,ACTGCCACGCTGAT-1,8-9
310,AAGTTATGGTGTTG-1,4-5
10715,GGTACATGAGCAAA-1,8-9
4823,TAAGCGTGATACCG-1,4-5
12192,TGTGATCTCGTGTA-1,8-9
3428,GACCCTACTTGCGA-1,4-5
10108,GCAATCGAATGGTC-1,8-9
140,AACCTTACCCCGTT-1,4-5
11698,TCCCATCTGTCGTA-1,8-9
1305,AGTTCTACAAACAG-1,4-5
7116,ACTTCAACCTTGGA-1,8-9
5322,TCAGACGAGACACT-1,4-5
7175,AGACCTGAAGGCGA-1,8-9
341,AATCAAACGTGTTG-1,4-5
9433,CTCGACACTGTGAC-1,8-9
4989,TACTTGACAACCAC-1,4-5
7927,ATGGTGACGCTATG-1,8-9
1260,AGTCACGATCCTAT-1,4-5
7611,AGTTCTTGTGTTCT-1,8-9
766,ACTAAAACTTGCGA-1,4-5
6373,AACATATGTGAGCT-1,8-9
3608,GAGTACACACCAAC-1,4-5
11459,TATAAGTGAGTTCG-1,8-9
3679,GATCGAACTCATTC-1,4-5
6380,AACCACGAGAAACA-1,8-9
3906,GCCATCACCTTATC-1,4-5
11576,TCAATAGATATGCG-1,8-9
5596,TGAAATTGTAAGGA-1,4-5
11295,TACTACTGCAACTG-1,8-9
1193,AGGTCTGACAGTCA-1,4-5
7892,ATGCACGAGTTCTT-1,8-9
2989,CTATAAGACTACTT-1,4-5
7042,ACTAGGTGACCCTC-1,8-9
2314,CCAACCTGTTTCGT-1,4-5
6325,AAATGGGAGTCTTT-1,8-9
3978,GCGAAGGAGCATCA-1,4-5
11679,TCCAGAGAAAAAGC-1,8-9
1329,AGTTTGCTTCTGGA-1,4-5
8385,CAGCATGAGAATGA-1-1,8-9
5694,TGATTCACGAAAGT-1,4-5
8397,CAGCGTCTCCCGTT-1,8-9
5900,TGTAGGTGCTTGTT-1,4-5
8488,CATCAGGACGACTA-1,8-9
3016,CTATGTACGGGCAA-1,4-5
11520,TATCTGACTCCTGC-1,8-9
5421,TCCCGATGCCACCT-1,4-5
11713,TCCCTACTTCGCAA-1,8-9
4596,GTCTGAGAGGGAGT-1,4-5
9223,CGTGTAGACAGAGG-1,8-9
1400,ATAGATACTATGGC-1,4-5
9198,CGTCGACTATTGGC-1,8-9
5523,TCGGTAGAACGCTA-1,4-5
7691,ATACGTCTCATGAC-1,8-9
1807,ATTTGCACGATAAG-1,4-5
8196,CAATGGACATACCG-1,8-9
3507,GACTTTACTCGTTT-1,4-5
8097,CAACAGACAAGGCG-1,8-9
3071,CTCGACACGTTAGC-1,4-5
8379,CAGCAATGTAGAGA-1,8-9
2644,CGACTCTGCCTGAA-1,4-5
10075,GATTGGTGCCCTAC-1,8-9
5446,TCCTAAACACGTTG-1,4-5
9699,GAAGTCTGCTCAAG-1,8-9
3737,GATTCTACTCGCAA-1,4-5
10865,GTATTCACAAGTAG-1,8-9
561,ACCATTTGGAGAGC-1,4-5
6969,ACGGAGGAGAGCAG-1,8-9
3189,CTGTGAGATCAGAC-1,4-5
8516,CATCTCCTTCTTCA-1,8-9
1292,AGTGTGACAGATGA-1,4-5
9338,CTATAGCTCTGATG-1,8-9
352,AATCCTTGGTCTAG-1,4-5
7310,AGCCGGACGCTGAT-1,8-9
3504,GACTGTGAGTATGC-1,4-5
9578,CTTGAACTTGGTCA-1,8-9
3133,CTGATACTGCATAC-1,4-5
9509,CTGGAAACGTGCAT-1,8-9
3258,CTTTAGTGCGTTGA-1,4-5
9693,GAAGTCACACACGT-1,8-9
599,ACCTCCGAACCCTC-1,4-5
7544,AGTCACGAGTATGC-1,8-9
4803,TAACTAGAATCTTC-1,4-5
10845,GTATCACTGATAAG-1,8-9
4386,GGTATGACTTGGCA-1,4-5
7251,AGATATTGCGAATC-1,8-9
568,ACCCACTGCACTTT-1,4-5
8840,CCGTACACTCACCC-1,8-9
913,AGACTGACCATTCT-1,4-5
8824,CCGGTACTCAGTTG-1,8-9
57,AAATACTGTACTGG-1,4-5
6991,ACGGTCCTCATGCA-1,8-9
2564,CCTGACTGCTCCAC-1,4-5
9926,GAGGTTACGGAACG-1,8-9
1152,AGGCTAACTCCGAA-1,4-5
6834,ACCATTTGTTTGCT-1,8-9
2907,CTAACACTGACAGG-1,4-5
7461,AGGGCGCTCTGGTA-1,8-9
841,ACTTGGGATCTCTA-1,4-5
8328,CACTGCACTCTTCA-1,8-9
773,ACTACTACCGAATC-1,4-5
10362,GCGTAATGAGCCAT-1,8-9
1012,AGCACTGAGGTTTG-1,4-5
11824,TCTATGTGATGCTG-1,8-9
2223,CATCAGGACTTCCG-1,4-5
9309,CTAGGATGTATTCC-1,8-9
3984,GCGAGAGACTCAAG-1,4-5
12213,TTAACCACCGCTAA-1,8-9
846,ACTTGTACTCTATC-1,4-5
10382,GCTACGCTACGTAC-1,8-9
2632,CGACCTACGGTCTA-1,4-5
12084,TGGATGACGGCAAG-1,8-9
2470,CCCTGAACGACAGG-1,4-5
10138,GCACGGTGGGACGA-1,8-9
2483,CCGAAAACGTCGAT-1,4-5
11756,TCGAGAACAAAGCA-1,8-9
2779,CGGACTCTTTTGCT-1,4-5
7647,ATAACATGTTTGTC-1,8-9
4874,TACAAATGTACGAC-1,4-5
11688,TCCATCCTCCAATG-1,8-9
5481,TCGAGAACGTTGGT-1,4-5
11242,TACGAGACTGTCCC-1,8-9
1594,ATGCCAGAGAGGTG-1,4-5
8353,CAGACATGGCCATA-1,8-9
3568,GAGGCCACGTCTAG-1,4-5
9428,CTCGAAGATATGGC-1,8-9
5869,TGGTACGATCTGGA-1,4-5
7100,ACTGGCCTTCAAGC-1,8-9
5693,TGATTCACCTGACA-1,4-5
11170,TAAGTAACACCCTC-1,8-9
3947,GCCGGAACATGACC-1,4-5
7683,ATACCTACTTCGCC-1,8-9
5256,TATTTCCTGAATGA-1,4-5
7414,AGGACTTGCTGAGT-1,8-9
5588,TCTTGATGGTCAAC-1,4-5
11172,TAAGTAACCCTCAC-1,8-9
826,ACTTCAACGTCAAC-1,4-5
8576,CATTTGTGACGGAG-1,8-9
4398,GGTTGAACAAGCAA-1,4-5
6870,ACCTATTGGGACGA-1,8-9
2807,CGGCGATGTTCAGG-1,4-5
9710,GAATGCACCTACTT-1,8-9
2398,CCATCCGAGTACAC-1,4-5
11179,TAATCCACCGACAT-1,8-9
520,ACATTCTGAGAACA-1,4-5
9371,CTATTGACTCTCTA-1,8-9
3561,GAGGCAGAACCCAA-1,4-5
11905,TGACGCCTAAGTAG-1,8-9
1812,CAAACTCTACTCTT-1,4-5
7951,ATGTTAGACTGTAG-1,8-9
1591,ATGCAGTGTAGAAG-1,4-5
11278,TACGTACTCTCGAA-1,8-9
2653,CGAGAACTCGTAAC-1,4-5
11571,TCAAGTCTTGCCTC-1,8-9
3950,GCCGTACTGTACAC-1,4-5
8126,CAAGAAGAGTCTGA-1,8-9
4688,GTTAAATGCCAATG-1,4-5
11970,TGATTAGAGGCGAA-1,8-9
3545,GAGCGCACCGTAAC-1,4-5
9365,CTATGTTGGGCAAG-1,8-9
5788,TGCTTAACCAGATC-1,4-5
8630,CCACTGACAGATCC-1,8-9
1417,ATAGGAGACTGGAT-1-1,4-5
9469,CTGACAGATGTGGT-1,8-9
4843,TAAGTCCTCCAACA-1,4-5
10705,GGGTTATGCACACA-1,8-9
4043,GCGTATGATCCAAG-1,4-5
9397,CTCAGGCTCTTCCG-1,8-9
535,ACCACCTGGGATTC-1,4-5
8743,CCCATCGAGACAGG-1,8-9
2927,CTAATAGATACTGG-1,4-5
7807,ATCGGAACAGCTAC-1,8-9
4320,GGGCACACGAGCTT-1,4-5
6872,ACCTCCGAACGTGT-1,8-9
4133,GGAATGCTGTCACA-1,4-5
7638,ATAAACACCGTAAC-1,8-9
2870,CGTGAATGCCCAAA-1,4-5
8720,CCCAACTGGAGAGC-1,8-9
5811,TGGACTGACCCTTG-1,4-5
7659,ATAATCGATAGACC-1,8-9
1306,AGTTCTACACCTGA-1,4-5
11834,TCTCTAGACGTAAC-1,8-9
2734,CGCCATTGGGCGAA-1,4-5
11816,TCTAGACTCAGAAA-1,8-9
3264,CTTTGATGCTCTCG-1,4-5
12466,TTGGGAACGTAAAG-1,8-9
4588,GTCTAACTTCTCGC-1,4-5
8424,CAGGTATGACGGAG-1,8-9
3304,GAACGGGACTCCAC-1,4-5
10807,GTAGCAACCCTACC-1,8-9
1549,ATCTGTTGGATGAA-1,4-5
9908,GAGGGAACTAGAAG-1,8-9
1769,ATTGTAGAGTCGAT-1,4-5
11539,TATGGTCTCAACCA-1,8-9
2768,CGGACCGAAAGGCG-1,4-5
9385,CTCAGCACGTCAAC-1,8-9
4469,GTAGCCCTGTTACG-1,4-5
11853,TCTTGATGCAGTCA-1,8-9
2544,CCTCATCTAGCTCA-1,4-5
10690,GGGCCATGTTGCGA-1,8-9
4286,GGGAACGAGTAAAG-1,4-5
10613,GGCGACTGCCGTAA-1,8-9
1706,ATTCCATGTAAGCC-1,4-5
11381,TAGGCATGTCGTGA-1,8-9
2044,CACTAACTGTATGC-1,4-5
11189,TAATGAACCTTACT-1,8-9
143,AACCTTACTGCATG-1,4-5
12534,TTTCTACTCTGATG-1,8-9
3448,GACGATTGACTCAG-1,4-5
7002,ACGTCAGAGTGTCA-1,8-9
4988,TACTGTTGTTAGGC-1,4-5
8894,CCTTCACTACGGGA-1,8-9
594,ACCGTGCTTTCTCA-1,4-5
11376,TAGGCAACCGATAC-1,8-9
161,AACGCATGTGAGCT-1,4-5
10525,GGAGGTGAGCTATG-1,8-9
5431,TCCGAAGAATTCGG-1,4-5
6667,AATGGCTGTGTAGC-1,8-9
1463,ATCACTTGACCAGT-1,4-5
7431,AGGCAACTGCTGAT-1,8-9
6037,TTATGGCTTGGCAT-1,4-5
9022,CGCAGGACCTGTTT-1,8-9
2008,CACCGTTGCTTGTT-1,4-5
9517,CTGGATGATTCCGC-1,8-9
1721,ATTCTTCTTCTAGG-1,4-5
8413,CAGGCCGACAGATC-1,8-9
4716,GTTATAGACATGCA-1,4-5
12092,TGGATTCTCGTTAG-1,8-9
17,AAACGGCTCTACCC-1,4-5
6467,AACTGTCTGGTTTG-1,8-9
822,ACTTAAGAGGTCTA-1,4-5
11351,TAGCATCTGTGTAC-1,8-9
5318,TCAGACGAAGTGTC-1,4-5
9263,CTAAGGACAAGCCT-1,8-9
2745,CGCGATCTCGTACA-1,4-5
9919,GAGGTACTACGTGT-1,8-9
3323,GAAGATGAAGAATG-1,4-5
12064,TGGAAGCTTCTTAC-1,8-9
610,ACCTTTGACTCATT-1,4-5
10217,GCCAACCTACCTTT-1,8-9
1942,CAATTCACCAACCA-1,4-5
8208,CACAACGAGGGCAA-1,8-9
3048,CTCATTGAAGAACA-1,4-5
7518,AGTAATACTGCAGT-1,8-9
4319,GGGCAAGACCGAAT-1,4-5
8771,CCCTAGTGAGCCTA-1,8-9
4568,GTCCAGCTCGAGAG-1,4-5
10097,GCAACTGACTCAGA-1,8-9
162,AACGCCCTCAAAGA-1,4-5
7664,ATAATGACTTCTAC-1,8-9
5992,TTAGACCTACTACG-1,4-5
10016,GATCATCTTTCCGC-1,8-9
2576,CCTGGACTAGAGTA-1,4-5
9424,CTCCTACTGGTAAA-1,8-9
1312,AGTTCTTGGAGGGT-1,4-5
8223,CACAGATGATACCG-1,8-9
4155,GGACGAGACCCAAA-1,4-5
9257,CTAACGGATGACAC-1,8-9
4679,GTGTCAGATGGTGT-1,4-5
8647,CCAGACCTTTTCTG-1,8-9
2687,CGATACGAGACAGG-1,4-5
10115,GCACAATGGGTAGG-1,8-9
5578,TCTGATACTTCTGT-1,4-5
7786,ATCCGCACAGCTAC-1,8-9
2624,CGACCGGAGTCTAG-1,4-5
6751,ACACGTGATACAGC-1,8-9
1588,ATGCACGAGCTAAC-1,4-5
8166,CAAGTCGAGTCAAC-1,8-9
439,ACAATCCTTAAGCC-1,4-5
11142,TAACTAGATTCACT-1,8-9
5984,TTACTCGATGGAGG-1,4-5
8998,CGATCCACTGTGCA-1,8-9
474,ACACGTGACAAGCT-1,4-5
9005,CGCAACCTTGTGGT-1,8-9
311,AAGTTATGTTATCC-1,4-5
8288,CACGGGTGGAATCC-1,8-9
5556,TCTAGTTGAAACAG-1,4-5
6893,ACGAACTGACAGCT-1,8-9
3203,CTTACAACAAACGA-1,4-5
8128,CAAGACACGATAAG-1,8-9
5937,TGTGGATGGGATTC-1,4-5
9694,GAAGTCACACAGCT-1,8-9
2898,CTAAACCTCCCTAC-1,4-5
7884,ATGATATGCTCCAC-1,8-9
3647,GATAGCACGCGGAA-1,4-5
10373,GCGTATGATATCGG-1,8-9
5938,TGTGGATGTCTTAC-1,4-5
6724,ACAATCCTATTCGG-1,8-9
6146,TTGAATGACCTTAT-1,4-5
10589,GGCCAGACACTCTT-1,8-9
14,AAACGCTGGATACC-1,4-5
9220,CGTGCACTTTGCTT-1,8-9
5160,TATACCACGTGCTA-1,4-5
9580,CTTGAGGACGGGAA-1,8-9
3839,GCAGCGTGCTCTAT-1,4-5
8364,CAGACCCTTTACTC-1,8-9
6207,TTTAGCTGGTGTCA-1,4-5
9019,CGCACTTGGTAAGA-1,8-9
2506,CCGGAGACACCCAA-1,4-5
9543,CTTAAGCTCCTAAG-1,8-9
3209,CTTACATGGTGAGG-1,4-5
7755,ATCACACTACGTAC-1,8-9
1170,AGGGCGCTTAGAAG-1,4-5
11647,TCATCATGCTACGA-1,8-9
280,AAGGTCTGTATCTC-1,4-5
12514,TTTCACGAGGTGTT-1,8-9
5409,TCCCAGACTCGTAG-1,4-5
10299,GCGAGAGACCTCGT-1,8-9
5805,TGGAAGCTCGAATC-1,4-5
10486,GGACCTCTAACGGG-1,8-9
5165,TATACGCTTGTCAG-1,4-5
6505,AAGCACTGTTGTCT-1,8-9
3377,GAATTAACAGAGGC-1,4-5
12259,TTAGCTACTTTCAC-1,8-9
4670,GTGTATCTAAGTGA-1,4-5
8295,CACTAACTTCCTCG-1,8-9
490,ACAGGTACGTAGCT-1,4-5
6780,ACATACCTGGTGTT-1,8-9
3651,GATATAACCAGGAG-1,4-5
11114,TAAATGTGAACAGA-1,8-9
4390,GGTCTAGAAGCAAA-1,4-5
10935,GTCTAGGAATACCG-1,8-9
326,AATACCCTTGTTCT-1,4-5
10500,GGACGCTGTCTTAC-1,8-9
1229,AGTACGTGGTGTAC-1,4-5
8110,CAACGATGTTCTTG-1,8-9
600,ACCTCCGAAGAATG-1,4-5
9122,CGGATAACATCGAC-1,8-9
2025,CACGACCTACTTTC-1,4-5
11689,TCCATCCTCGCTAA-1,8-9
1216,AGTAAGGACATTCT-1,4-5
11672,TCCACTCTACACTG-1,8-9
3385,GACAACTGAAGTGA-1,4-5
12405,TTCTTACTTGGTGT-1,8-9
3599,GAGGTTACGGTATC-1,4-5
7408,AGGACACTCGGAGA-1,8-9
4525,GTATTCACTCAGGT-1,4-5
8116,CAACGTGATGAAGA-1,8-9
2377,CCAGGTCTAGCGTT-1,4-5
10709,GGGTTATGTCAGGT-1,8-9
3566,GAGGCCACGACGAG-1,4-5
10800,GTAGACTGACGGTT-1,8-9
1723,ATTCTTCTTTGTGG-1-1,4-5
10116,GCACAATGTCTCCG-1,8-9
4479,GTAGGTACCCAATG-1,4-5
11201,TAATGTGAGATACC-1,8-9
1374,ATACCTACCATACG-1,4-5
7233,AGAGGTCTACCCAA-1,8-9
5078,TAGGGACTTCAGTG-1,4-5
7335,AGCGATACCACTCC-1,8-9
1586,ATGCACGAAGGTTC-1,4-5
8165,CAAGTCGAGGTATC-1,8-9
2874,CGTGATGACGTACA-1,4-5
6436,AACGTGTGCGTTAG-1,8-9
5772,TGCGCACTGAGAGC-1,4-5
8523,CATGAGACGTCTAG-1,8-9
303,AAGTGGCTATGGTC-1,4-5
10252,GCCCATACTAGCGT-1,8-9
2375,CCAGGTCTAAACAG-1,4-5
8188,CAATATGATAAGGA-1,8-9
4037,GCGTACCTTGATGC-1,4-5
10986,GTGCCACTTCAGTG-1,8-9
5538,TCTAACACCAAAGA-1,4-5
8247,CACCACTGCCTCGT-1,8-9
1696,ATTCAGCTACGGTT-1,4-5
8431,CAGGTTGACTTCCG-1,8-9
2020,CACGAAACCACTAG-1,4-5
9343,CTATCAACCGACAT-1,8-9
6001,TTAGGGACCTGACA-1,4-5
9266,CTAAGGACTGTCAG-1,8-9
4272,GGCTAATGTCTCGC-1,4-5
6728,ACAATTGATTTCTG-1,8-9
5047,TAGCCGCTGAAAGT-1,4-5
10003,GATATATGTCAGGT-1,8-9
5454,TCCTACCTAAGTAG-1,4-5
12202,TGTTAAGACTGCAA-1,8-9
4601,GTGAACACCACTAG-1,4-5
12218,TTACACACGTTTGG-1,8-9
5199,TATCGTACCGGAGA-1,4-5
10985,GTGCCACTGGAAGC-1,8-9
391,AATGGCTGACTCAG-1,4-5
12250,TTAGACCTAAGTGA-1,8-9
2802,CGGCGATGACAGTC-1,4-5
10473,GGACAGGAGAATGA-1,8-9
2453,CCCGATTGGTTCAG-1,4-5
8428,CAGGTTGAAAGAAC-1,8-9
88,AAATTGACCCCTTG-1,4-5
6921,ACGATCGATGTCAG-1,8-9
5682,TGATACCTAGGCGA-1,4-5
7027,ACGTTGGAGTTCTT-1,8-9
3407,GACAGTTGAGTGCT-1,4-5
8085,CAAACTCTTGTCAG-1,8-9
2799,CGGCGAACGAGGGT-1,4-5
8740,CCCAGTTGTCCCAC-1,8-9
5622,TGACCGCTACTAGC-1,4-5
7425,AGGATGCTCGTGAT-1,8-9
3477,GACGTATGGGGAGT-1,4-5
10950,GTGACAACCTGCAA-1,8-9
5688,TGATCACTTTCTAC-1,4-5
7585,AGTGACTGTTGTCT-1,8-9
4930,TACGGAACCAGTTG-1,4-5
10184,GCATCAGACAGCTA-1,8-9
211,AAGAACGATGGAGG-1,4-5
11107,TAAAGACTTAGCGT-1,8-9
222,AAGAATCTCAGATC-1,4-5
12279,TTAGTCTGGTACAC-1,8-9
965,AGAGTGCTGTACAC-1,4-5
7855,ATGAAACTCACTTT-1,8-9
5567,TCTCAAACGTGTTG-1,4-5
12049,TGCTTAACGTTCTT-1,8-9
4268,GGCTAAACTGAGAA-1,4-5
8261,CACCGTACTTCGGA-1,8-9
1465,ATCACTTGGAGAGC-1,4-5
10799,GTACTTTGGGCAAG-1,8-9
4904,TACGACGATATCTC-1,4-5
7632,AGTTTGCTGAAAGT-1,8-9
2368,CCAGCACTCTAAGC-1,4-5
7677,ATACCTACATTTCC-1-1,8-9
4183,GGAGGATGCTTACT-1,4-5
6624,AATCCGGAAGAGTA-1,8-9
1746,ATTGCGGATTCGGA-1,4-5
8144,CAAGGACTAACGAA-1,8-9
4949,TACGTTACAAGGTA-1,4-5
12334,TTCATGACATGACC-1,8-9
4399,GGTTGAACTCTCGC-1,4-5
7990,ATTCAAGAAGGCGA-1,8-9
224,AAGAATCTTGGAGG-1,4-5
8313,CACTCCGAGAATGA-1,8-9
2857,CGTCCATGAGGAGC-1,4-5
12399,TTCTGATGGTTACG-1,8-9
5546,TCTAAGCTCCTCAC-1,4-5
7436,AGGCAGGATCTAGG-1,8-9
3761,GATTTGCTCATGCA-1,4-5
11676,TCCACTCTCCTGTC-1,8-9
4368,GGTACTGACACTCC-1,4-5
9942,GAGTACTGTAAGCC-1,8-9
2587,CCTTCACTGTTACG-1,4-5
9044,CGCCATTGCAAGCT-1,8-9
275,AAGGTCACTCTAGG-1-1,4-5
7922,ATGGGTACTCTCGC-1,8-9
5865,TGGTACGACCTGTC-1,4-5
10680,GGGCCAACCTTAGG-1,8-9
3356,GAAGTCTGCACACA-1,4-5
7757,ATCACACTTTGACG-1,8-9
3871,GCATGATGCACTCC-1,4-5
6748,ACACGATGCATGCA-1,8-9
5819,TGGAGACTGACACT-1,4-5
6999,ACGTCAGACCGATA-1,8-9
3686,GATCGATGTTCTCA-1,4-5
11702,TCCCGAACACGGTT-1,8-9
5202,TATCGTACTGGTAC-1,4-5
9308,CTAGGATGGTCATG-1,8-9
3884,GCATTGGATTGCAG-1,4-5
8889,CCTTAATGAAACAG-1,8-9
959,AGAGTCTGGTCTGA-1,4-5
7525,AGTAGAGAGGGTGA-1,8-9
4968,TACTACACCTCAAG-1,4-5
10958,GTGATCGACCTACC-1,8-9
4333,GGGCCATGGAATGA-1,4-5
11360,TAGCCGCTCTAGTG-1,8-9
3994,GCGCACGAAACCGT-1-1,4-5
7608,AGTTCTTGATTCTC-1,8-9
3591,GAGGTACTTGCACA-1,4-5
9141,CGGCGATGCCTTGC-1,8-9
4872,TACAAATGATCAGC-1,4-5
11958,TGATATGACCAGTA-1,8-9
3273,GAAAGATGACCAAC-1,4-5
7463,AGGGCGCTGCGTAT-1,8-9
6158,TTGAGGTGTGTTCT-1,4-5
7781,ATCCAGGATGTTCT-1,8-9
1370,ATACCGGAACGTAC-1,4-5
10668,GGGCAAGACAAGCT-1,8-9
1008,AGCACAACTGACAC-1,4-5
7279,AGCACAACCCGCTT-1,8-9
4404,GGTTTACTGTTCGA-1,4-5
7920,ATGGGTACCCCGTT-1,8-9
1090,AGCTGTGAACCTGA-1,4-5
12301,TTCAACACAGTAGA-1,8-9
5082,TAGGTCGAGATACC-1,4-5
7426,AGGATGCTGTGAGG-1,8-9
5778,TGCTAGGAGGAGCA-1,4-5
11717,TCCGAAGAAGCAAA-1,8-9
1047,AGCGATACCGCCTT-1,4-5
8908,CGAACATGTGTCCC-1,8-9
1039,AGCCTCTGCAGAGG-1,4-5
11782,TCGGTAGACAGATC-1,8-9
6112,TTCGATTGATTTCC-1,4-5
10658,GGGATGGAGGACGA-1,8-9
4871,TACAAATGAAGGCG-1,4-5
9717,GAATGCTGCCTTAT-1,8-9
3925,GCCCAGGACATGAC-1,4-5
9126,CGGATATGATTCGG-1,8-9
2086,CAGAAGCTCGGTAT-1,4-5
11682,TCCAGAGAGACAAA-1,8-9
446,ACAATTGATTACTC-1,4-5
8945,CGACTCACGTTGAC-1,8-9
4293,GGGAAGACTGGCAT-1,4-5
7275,AGCAAGCTACTGGT-1,8-9
2348,CCACTTCTAACCGT-1,4-5
12056,TGGAACTGCCTCGT-1,8-9
3451,GACGATTGTAACCG-1,4-5
11977,TGATTCTGCGTGTA-1,8-9
4114,GGAACTTGTCGTGA-1,4-5
9948,GAGTCTGAAACGTC-1,8-9
5074,TAGGGACTACCGAT-1,4-5
10421,GCTCGACTTTTCTG-1,8-9
2758,CGCTACACTCCGTC-1,4-5
11758,TCGAGAACCACCAA-1,8-9
3384,GACAACACTCTTTG-1,4-5
10948,GTGACAACAGTGTC-1,8-9
2588,CCTTTAGACTGCAA-1,4-5
11322,TAGAAACTTACGCA-1,8-9
4516,GTATCTACTAGTCG-1,4-5
10141,GCACGTCTTCACGA-1,8-9
1684,ATTAGATGCGCATA-1,4-5
11501,TATCCTGAAAGAAC-1,8-9
5970,TTACCATGATTCTC-1,4-5
11749,TCGACCTGTGCCTC-1,8-9
5291,TCACATACTGTAGC-1,4-5
10673,GGGCACACGGAAAT-1,8-9
1206,AGGTGTTGCTACTT-1,4-5
6966,ACGGAGGACAAGCT-1,8-9
4360,GGTACAACGCTACA-1,4-5
7826,ATCTACTGACTTTC-1,8-9
5020,TAGAGCACAGCACT-1,4-5
8528,CATGCCACCCTACC-1,8-9
5952,TTAACCACGTCGAT-1,4-5
7236,AGAGGTCTGGAAAT-1,8-9
4901,TACGACGAAGCAAA-1,4-5
10250,GCCCATACGTACAC-1,8-9
2894,CGTTTAACGGTACT-1,4-5
10181,GCAGTTGACCATAG-1,8-9
4182,GGAGCGCTTTTGTC-1,4-5
9864,GAGATGCTGGTAAA-1,8-9
405,AATTACGAAGAGTA-1,4-5
6516,AAGCCTGACTCTTA-1,8-9
2189,CATAACCTACCATG-1,4-5
10257,GCCGACGATCAGAC-1,8-9
1783,ATTTAGGACTTGGA-1,4-5
11367,TAGGACTGACACTG-1,8-9
2358,CCAGAAACGAATAG-1,4-5
8566,CATTGTTGACCTCC-1,8-9
922,AGAGAAACGGGATG-1,4-5
10264,GCCGAGTGTTACTC-1,8-9
5185,TATCAGCTTTCTCA-1,4-5
10537,GGATAGCTCACTGA-1,8-9
5127,TAGTCTTGGCTCCT-1-1,4-5
10802,GTAGACTGATGTCG-1,8-9
3097,CTGAACGATGTTCT-1,4-5
11790,TCGTGAGAAGTACC-1,8-9
5364,TCATCATGGAGATA-1,4-5
12470,TTGGTACTTACTTC-1,8-9
3935,GCCCATACGAGGCA-1,4-5
10014,GATCATCTGGCAAG-1,8-9
1435,ATATACGAGTGCAT-1,4-5
9720,GAATGGCTACTAGC-1,8-9
1404,ATAGATTGTCTGGA-1,4-5
10056,GATGCCCTTCAGGT-1,8-9
5077,TAGGGACTCGGTAT-1,4-5
6580,AAGTCCGATCACCC-1,8-9
3710,GATGCAACGGTGAG-1,4-5
12215,TTACACACAGTGCT-1,8-9
6040,TTCAACACCTACTT-1,4-5
11500,TATCCAACTCATTC-1,8-9
4522,GTATTCACCAGAGG-1,4-5
10080,GATTTGCTATTTCC-1,8-9
3470,GACGTAACGTCATG-1,4-5
7007,ACGTCGCTATTGGC-1,8-9
1099,AGCTTTACCCGATA-1,4-5
8392,CAGCGGACGCCAAT-1,8-9
4339,GGGTAACTGTAGGG-1,4-5
8440,CAGTGTGACGTAGT-1,8-9
4205,GGATAGCTGGTATC-1,4-5
8203,CAATTCTGCACACA-1,8-9
2112,CAGCCTACAGTGCT-1,4-5
11337,TAGACGTGTCCAGA-1,8-9
1657,ATGTTCACGTCGAT-1,4-5
10684,GGGCCATGCCTTAT-1,8-9
6191,TTGGTACTGAGCAG-1,4-5
6324,AAATGGGACCTTGC-1,8-9
176,AACGTTCTTGGAAA-1,4-5
11673,TCCACTCTAGCCAT-1,8-9
6036,TTATGGCTGTTTGG-1,4-5
10805,GTAGACTGTGACAC-1,8-9
2330,CCAATGGACCTATT-1,4-5
7261,AGATCGTGTGAGGG-1,8-9
3842,GCAGCTCTACACAC-1,4-5
7273,AGCAACACTCCTCG-1,8-9
1693,ATTATGGAGGAAAT-1,4-5
7138,ACTTTGTGTGATGC-1,8-9
2088,CAGACAACGTTCAG-1,4-5
11995,TGCACAGATGAGAA-1,8-9
4765,GTTTAAGAGACTAC-1,4-5
6915,ACGAGTACCTGTGA-1,8-9
2835,CGTACCACGCAGTT-1,4-5
10686,GGGCCATGGATAGA-1,8-9
4402,GGTTTACTCCTAAG-1,4-5
8704,CCATTAACACACTG-1,8-9
4352,GGTAAAGACGAGAG-1,4-5
12518,TTTCAGTGTGCTTT-1,8-9
5899,TGTAGGTGCCCACT-1,4-5
6605,AATACCCTTGGATC-1,8-9
2010,CACCGTTGTGGTGT-1,4-5
11797,TCGTTATGGAGCAG-1,8-9
5605,TGAAGCTGGACTAC-1,4-5
10309,GCGAGCACTCGTGA-1,8-9
2676,CGAGGCTGCTCGAA-1,4-5
12201,TGTTAAGACTCAAG-1,8-9
5416,TCCCATCTTGTCAG-1,4-5
8198,CAATGGACTGTTCT-1,8-9
3351,GAAGTCACCGTAAC-1,4-5
11332,TAGACGTGACGACT-1,8-9
3241,CTTGAGGATGTAGC-1,4-5
8239,CACATACTGTCCTC-1,8-9
1255,AGTCACGACAGAGG-1,4-5
7584,AGTGACTGGGAGCA-1,8-9
3502,GACTGATGTGGTGT-1,4-5
6759,ACAGGTACAGCACT-1,8-9
4830,TAAGCTCTCAAAGA-1,4-5
12073,TGGAGACTCACTGA-1,8-9
6100,TTCCATGATGTGAC-1,4-5
6636,AATCCTTGCCTGAA-1,8-9
3129,CTGAGCCTGTGCAT-1,4-5
9136,CGGCGAACACTGGT-1,8-9
2218,CATCAACTGCTTCC-1,4-5
11256,TACGCAGAGACGAG-1,8-9
4965,TACTACACCCCAAA-1,4-5
7102,ACTGTGGAAAGAAC-1,8-9
4875,TACAATGAAAGAAC-1,4-5
7908,ATGCGATGTTTACC-1,8-9
5323,TCAGACGATCTCCG-1,4-5
9927,GAGGTTACTGGTAC-1,8-9
4978,TACTCTGAAGAAGT-1,4-5
11474,TATACGCTCTATGG-1,8-9
2098,CAGACTGATTTGCT-1,4-5
6858,ACCGCGGAGCGAGA-1,8-9
3003,CTATCATGTTCAGG-1,4-5
11781,TCGGCACTCTAGCA-1,8-9
4560,GTCCACTGGACAGG-1,4-5
8536,CATGGATGGGACGA-1,8-9
3142,CTGATTTGCCATAG-1,4-5
10377,GCTACAGAGGTCTA-1,8-9
2027,CACGACCTTCATTC-1,4-5
8219,CACAGAACCAAAGA-1,8-9
4567,GTCCAGCTAGTCAC-1,4-5
6757,ACAGCAACAGTGCT-1,8-9
2381,CCAGGTCTTGAGAA-1,4-5
6949,ACGCGGTGAACCAC-1,8-9
4643,GTGCTAGAACGGAG-1,4-5
11621,TCAGCGCTCGAGTT-1,8-9
5139,TAGTTGCTATGTGC-1,4-5
7211,AGAGAATGCAAAGA-1,8-9
1775,ATTGTCTGCACACA-1,4-5
9037,CGCATAGAGTGCTA-1,8-9
4809,TAAGAACTTTTCAC-1,4-5
6837,ACCCACTGACGCAT-1,8-9
6114,TTCGGAGAGAGGTG-1,4-5
7813,ATCGGTGACCTAAG-1,8-9
1516,ATCGCCTGCAAAGA-1,4-5
8447,CAGTTACTCCTTAT-1,8-9
5582,TCTTACGATTCAGG-1,4-5
8718,CCCAACACGTTGAC-1,8-9
550,ACCAGTGATGTGCA-1,4-5
11292,TACTACTGAACGAA-1,8-9
4634,GTGCCACTAGTGCT-1,4-5
6656,AATGCGTGAACGAA-1,8-9
1379,ATACCTTGCAGCTA-1,4-5
9862,GAGATGCTCTCATT-1,8-9
2964,CTAGAGACCTCAGA-1,4-5
11467,TATACAGAAGGTCT-1,8-9
3409,GACAGTTGGACTAC-1,4-5
7586,AGTGCAACTGCTCC-1,8-9
1349,ATAAGTACTGCCAA-1,4-5
10632,GGCTACCTAGAGGC-1,8-9
2306,CATTTGTGGAATAG-1,4-5
10644,GGGAACGATTCCCG-1,8-9
1816,CAAAGCACCCAACA-1,4-5
8368,CAGAGGGAACGGAG-1-1,8-9
5775,TGCTAGGAAAGCAA-1,4-5
11932,TGAGCAACTTACTC-1,8-9
2294,CATTGTTGGGTCTA-1,4-5
7018,ACGTGCCTGTTCAG-1,8-9
1709,ATTCGACTCGGAGA-1,4-5
7388,AGCTTACTAGTCAC-1,8-9
4438,GTACCCTGCAATCG-1,4-5
10640,GGCTCACTTGTGCA-1,8-9
3200,CTTAAGCTGAAGGC-1,4-5
9553,CTTACATGTTCTTG-1,8-9
5387,TCCACTCTAGGTCT-1,4-5
8130,CAAGACTGAGCACT-1,8-9
4171,GGAGAGACTCGCCT-1-1,4-5
11493,TATCAGCTCTTGCC-1,8-9
5174,TATAGCCTCCGATA-1,4-5
10249,GCCCATACCGAACT-1,8-9
596,ACCTATTGCCTTGC-1,4-5
10386,GCTAGAACACTCAG-1,8-9
854,AGAAACGAACCTAG-1,4-5
8054,ATTGTAGAAGGCGA-1,8-9
915,AGACTGACGTCCTC-1,4-5
6630,AATCCTACCCAACA-1,8-9
1302,AGTTAAACCTAGAC-1,4-5
10148,GCACTGCTGTCAAC-1,8-9
3046,CTCAGGCTTCAAGC-1,4-5
7363,AGCGTAACATCTTC-1-1,8-9
2295,CATTGTTGTGTCAG-1,4-5
7695,ATACTCTGGAGCTT-1,8-9
2356,CCAGAAACCAAAGA-1,4-5
9945,GAGTCAACTCACCC-1,8-9
2838,CGTACCTGATCGGT-1,4-5
7129,ACTTGACTCTCCAC-1,8-9
5808,TGGACCCTGATACC-1,4-5
7076,ACTCTATGGGTTCA-1,8-9
4028,GCGTAAACTCAGAC-1,4-5
10002,GATATATGTAGTCG-1,8-9
1754,ATTGCTACTCCAGA-1,4-5
10121,GCACCACTGGGAGT-1,8-9
3371,GAATGCTGTACGCA-1,4-5
7103,ACTGTGGACAGTCA-1,8-9
2379,CCAGGTCTAGTGTC-1,4-5
8161,CAAGTCGAGAATCC-1,8-9
3601,GAGGTTTGATAAGG-1,4-5
9765,GACATTCTTGTCAG-1,8-9
466,ACACGAACGGTCAT-1,4-5
7712,ATAGCCGACGAGTT-1,8-9
31,AAAGAGACTGGTCA-1,4-5
9404,CTCATTGAGAATAG-1,8-9
1083,AGCTCGCTGGCATT-1,4-5
6943,ACGCCGGAGGCGAA-1,8-9
5166,TATAGATGCGACAT-1,4-5
12186,TGTGAGTGGGTACT-1,8-9
747,ACGTTACTCCAGTA-1,4-5
11694,TCCCAGACCGTGTA-1,8-9
3495,GACTGAACGTACCA-1,4-5
12185,TGTGAGTGGCTTAG-1,8-9
4008,GCGCGATGGCAGTT-1,4-5
9447,CTCTAATGCTAGTG-1,8-9
5828,TGGATCGATCACCC-1,4-5
11898,TGACGATGGATAGA-1,8-9
1265,AGTCCAGACGATAC-1,4-5
11309,TACTGGGAAGTCAC-1,8-9
2245,CATGCCACGAACCT-1,4-5
10280,GCCTCATGCACTAG-1,8-9
279,AAGGTCTGGTCTTT-1,4-5
11274,TACGGCCTGGCAAG-1,8-9
884,AGAATGGAGTTGTG-1,4-5
8503,CATCCCGAGTAGCT-1-1,8-9
616,ACGAACACCTGATG-1,4-5
12413,TTGAATGACTTATC-1,8-9
4175,GGAGCAGAGAGACG-1,4-5
9756,GACAGTTGGAGAGC-1,8-9
295,AAGTCTCTAGATGA-1,4-5
9315,CTAGGCCTTACTCT-1,8-9
5115,TAGTCACTCGTAAC-1,4-5
8747,CCCATGTGTCAGGT-1,8-9
2990,CTATAAGACTCAGA-1,4-5
6950,ACGCGGTGGAACCT-1,8-9
3646,GATAGCACCCTTAT-1,4-5
12017,TGCCAGCTTGGAGG-1,8-9
3463,GACGCTCTTGGAAA-1,4-5
12233,TTACGACTCCAATG-1,8-9
286,AAGTAACTGGAGGT-1,4-5
10034,GATCGTGATGCTGA-1,8-9
1381,ATACGGACAAAGCA-1,4-5
12153,TGTAGTCTCACACA-1,8-9
2513,CCGTAAGATCCAGA-1,4-5
9368,CTATTGACACACGT-1,8-9
3084,CTCTAAACCGGTAT-1,4-5
7456,AGGGCCTGACACGT-1,8-9
5520,TCGGCACTCGGGAA-1,4-5
8924,CGAATCGATCGTTT-1,8-9
2462,CCCTAGTGCCATGA-1,4-5
10854,GTATCTACTCGTTT-1,8-9
2879,CGTGTAGACTTCGC-1,4-5
9963,GAGTGTTGCTACCC-1,8-9
6088,TTCATGTGTTGACG-1,4-5
10934,GTCTAACTTTGAGC-1,8-9
1796,ATTTCGTGGGTGTT-1,4-5
7419,AGGATAGAATCACG-1,8-9
1337,ATAACAACGAGATA-1,4-5
10320,GCGCACGAGTACAC-1,8-9
315,AATAACACAGCCAT-1,4-5
7092,ACTGCCACGAGGGT-1,8-9
1297,AGTGTTCTACAGTC-1,4-5
7998,ATTCCATGACACGT-1,8-9
5923,TGTCAGGATGGGAG-1,4-5
11695,TCCCAGACTCCCGT-1,8-9
357,AATCTAGAAACCGT-1,4-5
11067,GTTCAGGACTCCAC-1,8-9
3841,GCAGCGTGTGTTTC-1,4-5
10729,GGTATGACAGTGCT-1,8-9
1375,ATACCTACCATTCT-1,4-5
10307,GCGAGCACGTCGTA-1,8-9
3433,GACCTAGATAAAGG-1,4-5
11429,TAGTCGGAGTATCG-1,8-9
3167,CTGGAAACTGTCCC-1,4-5
11418,TAGTATGACCATGA-1,8-9
4900,TACGACGAACGACT-1,4-5
11595,TCACCTCTAACGTC-1,8-9
4936,TACGGCCTGCCAAT-1,4-5
8138,CAAGCCCTCATTGG-1,8-9
3900,GCCACGGAATTCCT-1,4-5
8959,CGAGATTGGAAACA-1,8-9
5027,TAGATCCTCCCTAC-1,4-5
12445,TTGCTAACGCGGAA-1,8-9
6227,TTTCAGTGTCTATC-1,4-5
7704,ATAGATTGAGAGTA-1,8-9
2530,CCTAGAGACGGTAT-1,4-5
8620,CCACCTGACCCTTG-1,8-9
2825,CGGTCACTCTAAGC-1,4-5
11506,TATCGACTAGAAGT-1,8-9
5541,TCTAACTGAAAACG-1,4-5
11648,TCATCATGTGACCA-1,8-9
4915,TACGAGTGTGGTAC-1,4-5
6507,AAGCCAACCAGATC-1,8-9
2498,CCGCGAGACTTGAG-1,4-5
11233,TACCGCTGCTACGA-1,8-9
4241,GGCCCAGATAGAAG-1,4-5
12326,TTCAGTACTGGGAG-1,8-9
5777,TGCTAGGACCGATA-1,4-5
6471,AAGAACGAATTCTC-1,8-9
6029,TTATGGCTAGGGTG-1,4-5
9600,CTTTAGACCGAGAG-1,8-9
2662,CGAGCCGAGGAGTG-1,4-5
9767,GACCAAACAAGTAG-1,8-9
41,AAAGCCTGGAGACG-1,4-5
6440,AACGTTCTCACTTT-1,8-9
2201,CATACTTGAGCATC-1,4-5
7660,ATAATGACAGCGTT-1,8-9
4948,TACGTACTTTTCGT-1,4-5
10392,GCTAGATGCCGCTT-1,8-9
1559,ATGAAACTAGCTCA-1,4-5
8048,ATTGGGTGTCCCAC-1,8-9
5714,TGCAAGTGTCCCGT-1,4-5
10426,GCTGATGATTCTTG-1,8-9
5122,TAGTCGGATGGAAA-1,4-5
7082,ACTCTCCTCAGCTA-1,8-9
5678,TGAGTGACCGAATC-1,4-5
11237,TACGACGAGGATTC-1,8-9
4517,GTATCTACTTCGTT-1,4-5
12146,TGTAATGATCCAAG-1-1,8-9
796,ACTCGCACTCCTAT-1,4-5
12480,TTGTAGCTGCATCA-1,8-9
5104,TAGTAATGGTACCA-1,4-5
9573,CTTCTAGACAGTTG-1,8-9
289,AAGTAGGATGCCCT-1,4-5
8885,CCTGGACTACGCAT-1,8-9
5277,TCAATAGAGACGGA-1,4-5
8354,CAGACATGGTGCTA-1,8-9
1360,ATACAATGGCATAC-1,4-5
8654,CCAGCGGAATCGGT-1,8-9
4757,GTTGGATGCCCAAA-1-1,4-5
9531,CTGTGAGATCCAGA-1,8-9
2081,CACTTATGTTCCAT-1,4-5
12453,TTGCTATGTGCCCT-1,8-9
4105,GGAACACTATACCG-1,4-5
9446,CTCTAAACGGTCAT-1,8-9
3423,GACCATGATAGAAG-1,4-5
10367,GCGTACCTATTCCT-1,8-9
35,AAAGCAGACGTTGA-1,4-5
11604,TCACGAGATCGCAA-1,8-9
6032,TTATGGCTGAAACA-1,4-5
10300,GCGAGAGACTGAGT-1,8-9
4007,GCGCGATGCTTTAC-1,4-5
8270,CACGAAACAACCTG-1,8-9
4861,TAATGCCTATCTCT-1,4-5
6454,AACTCACTGACGGA-1,8-9
2829,CGTAACGAGCTGAT-1,4-5
8694,CCATGCTGACGACT-1,8-9
1427,ATAGTCCTGAGGCA-1,4-5
12025,TGCGAAACGAGACG-1,8-9
2613,CGACAAACCTCTTA-1,4-5
11624,TCAGCGCTGGTAGG-1,8-9
3939,GCCGACGAAGAGGC-1,4-5
10327,GCGCGAACCTATTC-1,8-9
2590,CGAACATGATCTCT-1,4-5
10526,GGAGGTGATCTCGC-1,8-9
393,AATGTAACAATGCC-1,4-5
8267,CACCGTTGTGTGCA-1,8-9
4377,GGTAGTACTTACCT-1,4-5
11860,TGAAATTGGCATAC-1,8-9
3727,GATTCGGACGGTAT-1,4-5
10177,GCAGTCCTGTACCA-1,8-9
1236,AGTAGAGAGACACT-1,4-5
9473,CTGAGAACCGCATA-1,8-9
2628,CGACCTACCCTAAG-1,4-5
12520,TTTCCAGAGGTGGA-1,8-9
2528,CCTACCGAGGAAGC-1,4-5
9991,GATAGCACGGTGGA-1,8-9
5312,TCACTATGAAAACG-1,4-5
8733,CCCAGACTTCCAGA-1-1,8-9
4362,GGTACAACTAGACC-1,4-5
11032,GTTACGGATCAGAC-1,8-9
2117,CAGCCTTGTTCCCG-1,4-5
7454,AGGGCCACTATGCG-1,8-9
5617,TGACCAGAACGCTA-1,4-5
8597,CCAAGATGATACCG-1,8-9
4200,GGATACTGACGTAC-1,4-5
8831,CCGTAAGAGGTAGG-1,8-9
5402,TCCATCCTGTACAC-1,4-5
6917,ACGATCGAATGCTG-1,8-9
2615,CGACAAACGTACGT-1,4-5
9510,CTGGAAACGTTACG-1,8-9
2849,CGTCAAGAGTAAGA-1,4-5
8226,CACAGATGTGCACA-1,8-9
3724,GATTCGGAACCAAC-1,4-5
9788,GACGAACTGCTCCT-1,8-9
2272,CATTACACGCCAAT-1,4-5
11619,TCAGCGCTACGTGT-1,8-9
3,AAACATTGAAGGCG-1,4-5
6557,AAGTAGGAACTTTC-1,8-9
5058,TAGGCAACAAAAGC-1,4-5
10853,GTATCTACGTCATG-1,8-9
6235,TTTGACTGTGTTTC-1,4-5
11481,TATAGATGTATCTC-1,8-9
975,AGATATTGACACAC-1,4-5
9384,CTCAGCACATGTGC-1,8-9
900,AGACACTGCTGTAG-1,4-5
9087,CGCTACTGATCGTG-1,8-9
3627,GAGTGGGAGTCTAG-1,4-5
11093,GTTTAAGACCAATG-1,8-9
2945,CTACCTCTCTAAGC-1,4-5
10770,GTAATAACCTCAAG-1,8-9
3530,GAGCAGGAGGTGTT-1,4-5
6438,AACGTTCTAGCGTT-1,8-9
2850,CGTCCAACCCGTAA-1,4-5
7764,ATCACTACGGGACA-1,8-9
4335,GGGCCATGTTCATC-1,4-5
7534,AGTAGGCTTGAGAA-1,8-9
4632,GTGCAAACCTTCCG-1-1,4-5
9189,CGTCCAACACACTG-1,8-9
5837,TGGATGTGGGTCTA-1,4-5
9135,CGGCCAGAGGTATC-1,8-9
694,ACGCTGCTTGTAGC-1,4-5
12243,TTACGTACTGCCCT-1,8-9
3606,GAGTAAGAGAGGCA-1,4-5
6455,AACTCACTGATAAG-1,8-9
3141,CTGATTTGACCTGA-1,4-5
9212,CGTGAATGCGTAAC-1,8-9
3887,GCCAAATGCATTCT-1,4-5
10825,GTAGGTACAAGTGA-1,8-9
2766,CGGAATTGCTCGAA-1,4-5
9718,GAATGCTGCTGCTC-1,8-9
578,ACCCGTACATCAGC-1,4-5
10158,GCAGCCGACTGTAG-1,8-9
4463,GTAGCATGAACCTG-1,4-5
11346,TAGATTGATTGCGA-1,8-9
3620,GAGTCAACTGGAGG-1,4-5
12342,TTCATGTGAGGGTG-1,8-9
4869,TAATGTGAGTACCA-1,4-5
9462,CTGAATCTCTGGTA-1,8-9
1704,ATTCCATGCAACTG-1,4-5
10980,GTGCCACTCAACCA-1,8-9
3774,GCAACTGACGTGTA-1,4-5
7140,ACTTTGTGTGGATC-1,8-9
1555,ATCTTGACCTTGCC-1,4-5
12128,TGGTTACTTGTGCA-1,8-9
1460,ATCACTACCCAATG-1,4-5
6538,AAGGCTTGAAAAGC-1,8-9
1447,ATATGCCTTCTTCA-1,4-5
10730,GGTATGACCAGTTG-1,8-9
1611,ATGCGCCTTTGGTG-1,4-5
8742,CCCAGTTGTGGGAG-1,8-9
1590,ATGCAGACTTGCAG-1,4-5
8029,ATTGATGAGAGGGT-1,8-9
5518,TCGGCACTACTACG-1,4-5
10642,GGGAACGAATGTGC-1,8-9
317,AATAACACGGTGAG-1,4-5
12363,TTCCCACTATTGGC-1,8-9
665,ACGCCACTATCGGT-1,4-5
9038,CGCATAGATCCAGA-1,8-9
5602,TGAAGCACACAGCT-1,4-5
7505,AGGTTGTGAAACGA-1,8-9
75,AAATCTGATCGACA-1,4-5
10837,GTAGTGTGCCGTAA-1,8-9
3280,GAAAGCCTCTTCGC-1,4-5
8492,CATCATACCTGAAC-1,8-9
6182,TTGGAGTGAAGGGC-1,4-5
10578,GGCACTCTTGCTTT-1,8-9
4441,GTACCCTGGTGAGG-1,4-5
6277,AAACTTGATGCTTT-1,8-9
5953,TTAACCACTCACGA-1,4-5
7094,ACTGCCACGTTGAC-1,8-9
206,AAGAACGAAGTTCG-1,4-5
8688,CCATATACTTTACC-1,8-9
4099,GCTTGAGACAACCA-1,4-5
6526,AAGCGTACCATACG-1,8-9
2096,CAGACTGAGATAGA-1,4-5
10912,GTCCCATGACGTAC-1,8-9
2598,CGAAGGGAACAGCT-1,4-5
6873,ACCTCCGACATTTC-1,8-9
1111,AGGAACCTGATAAG-1-1,4-5
11364,TAGCTACTGTCACA-1,8-9
216,AAGAAGACCAGAAA-1,4-5
7494,AGGTGGGAGGTACT-1,8-9
1182,AGGTACACTGTCGA-1,4-5
10886,GTCATACTGACAAA-1,8-9
5369,TCATCCCTTCCAAG-1,4-5
9865,GAGCAACTGCTACA-1,8-9
534,ACCACCTGGCTGTA-1,4-5
10851,GTATCACTTTAGGC-1-1,8-9
4649,GTGGAGGACCGTAA-1,4-5
6944,ACGCCGGATGTCGA-1,8-9
3068,CTCGAAGATCAGGT-1,4-5
8972,CGAGGAGATGCCTC-1,8-9
3903,GCCACTACAGCTCA-1,4-5
7746,ATATGCCTCTTATC-1,8-9
816,ACTGGCCTTGCCAA-1,4-5
10023,GATCCGCTCGACAT-1,8-9
1284,AGTGCAACAGTCAC-1,4-5
8880,CCTGAGCTAACGAA-1,8-9
76,AAATGGGAAATGCC-1,4-5
9440,CTCGACTGTGACTG-1,8-9
5474,TCGACGCTTTTGTC-1,4-5
6618,AATCAAACACGGTT-1,8-9
1268,AGTCGAACTCTATC-1,4-5
12066,TGGACCCTCCGCTT-1,8-9
3577,GAGGGCCTAGCATC-1,4-5
12276,TTAGTCTGCTGCAA-1,8-9
551,ACCAGTGATTCTCA-1,4-5
10064,GATTCGGATTATCC-1,8-9
3541,GAGCGAGATTTGGG-1,4-5
8285,CACGGGACTCAAGC-1,8-9
987,AGATTAACACAGTC-1,4-5
7166,AGAATTTGCCTCAC-1,8-9
4493,GTAGTGACTCAAGC-1,4-5
8816,CCGCTATGGCGAGA-1,8-9
3442,GACGAGGAAGCTAC-1,4-5
9357,CTATGACTGTCATG-1,8-9
1471,ATCATGCTATGGTC-1,4-5
7382,AGCTGCCTGCTCCT-1,8-9
3977,GCGAAGGACGAGAG-1,4-5
11858,TGAAATTGACCCTC-1,8-9
2858,CGTCCATGGGTGGA-1,4-5
8658,CCAGCTACACAGCT-1,8-9
2102,CAGATGACACCATG-1,4-5
8083,CAAACTCTAGGTTC-1,8-9
4459,GTAGACTGGGATTC-1,4-5
11353,TAGCCCACGCCTTC-1,8-9
1718,ATTCGGGAGATGAA-1,4-5
10666,GGGATTACTTCAGG-1,8-9
1283,AGTGACTGGTGTTG-1-1,4-5
12212,TGTTACTGTTGCTT-1,8-9
5080,TAGGTCGACCTTAT-1,4-5
7893,ATGCAGACAGAGTA-1,8-9
829,ACTTCCCTACGGGA-1,4-5
9574,CTTCTAGACCGCTT-1,8-9
3996,GCGCACGAGTATGC-1,4-5
6766,ACAGTGTGACCACA-1,8-9
4215,GGATTGTGTGAAGA-1,4-5
8095,CAAATTGAACCCAA-1,8-9
3161,CTGGAAACCCAGTA-1,4-5
12394,TTCTCAGATCCCAC-1,8-9
4263,GGCGGACTCAAGCT-1,4-5
10447,GGAAGGTGACGGAG-1,8-9
4425,GTAATATGGCGAGA-1,4-5
12121,TGGTCAGAGAGCTT-1,8-9
5240,TATGTCACGCCCTT-1,4-5
10011,GATATTGAGGTGAG-1,8-9
6144,TTGAATGAAGCCTA-1,4-5
9873,GAGCATACTATCGG-1,8-9
2153,CAGGTAACGCTACA-1,4-5
6459,AACTCGGACTCCCA-1,8-9
5570,TCTCCACTGTTGTG-1,4-5
6274,AAACTTGATATCGG-1-1,8-9
4614,GTGACCCTTTCCGC-1,4-5
8545,CATGTTTGGTTAGC-1,8-9
4053,GCTACGCTAAGCAA-1,4-5
11088,GTTGTACTGGGTGA-1,8-9
6205,TTTAGCTGGCAGAG-1,4-5
11700,TCCCATCTTGCAAC-1,8-9
1223,AGTAATTGAAGTAG-1,4-5
6357,AACACGTGAGAAGT-1,8-9
3498,GACTGATGACGTGT-1,4-5
6496,AAGCAAGAAGGGTG-1,8-9
3976,GCCTGACTTCTCGC-1,4-5
8002,ATTCCATGTCATTC-1,8-9
6095,TTCCAAACGAGACG-1,4-5
9020,CGCAGGACACCGAT-1,8-9
5376,TCATTCGAAGCCTA-1,4-5
7508,AGGTTGTGACGGAG-1,8-9
2073,CACTTAACTGGGAG-1,4-5
8330,CACTGCTGCAGAAA-1,8-9
3008,CTATCCCTGTTCTT-1,4-5
10700,GGGTTAACATTTCC-1,8-9
3778,GCAATCGACCCTTG-1,4-5
11542,TATGGTCTTGCAAC-1,8-9
1680,ATTACCTGAGGAGC-1,4-5
9154,CGGTACCTAGCTCA-1,8-9
672,ACGCCGGAGCGTTA-1,4-5
12010,TGCCAAGACTTCGC-1,8-9
64,AAATCATGCATTCT-1,4-5
10581,GGCATATGAAGGGC-1,8-9
4796,TAACATGACGTACA-1-1,4-5
7962,ATGTTGCTTGAGGG-1,8-9
3339,GAAGCTTGTCTGGA-1,4-5
12230,TTACCATGGACGAG-1,8-9
4330,GGGCCATGAAGGGC-1,4-5
9951,GAGTCTGATGTGAC-1,8-9
1659,ATGTTCACTATTCC-1,4-5
6840,ACCCACTGTTGCAG-1,8-9
5689,TGATTAGACTCTTA-1,4-5
6867,ACCTATTGATTCTC-1,8-9
3288,GAAATACTGTGTAC-1,4-5
9660,GAACTGTGAGGCGA-1,8-9
4895,TACCGCTGGTCTAG-1,4-5
6896,ACGAAGCTCCTTAT-1,8-9
5345,TCAGTGGAAGCATC-1,4-5
6658,AATGCGTGCTTGGA-1,8-9
2723,CGCATAGAACAGTC-1,4-5
9713,GAATGCTGACGCTA-1,8-9
1388,ATACGTCTCGTACA-1,4-5
7342,AGCGATTGGTCTAG-1,8-9
2460,CCCTACGACCACCT-1,4-5
7472,AGGGTTTGCTGACA-1,8-9
2469,CCCTGAACACCTCC-1,4-5
8093,CAAATATGTCAAGC-1,8-9
2887,CGTTAGGACCTTGC-1,4-5
7779,ATCCAGGACAGATC-1,8-9
3672,GATCCCTGACCATG-1,4-5
9964,GAGTTGTGAGATCC-1,8-9
2773,CGGACCGATTACTC-1,4-5
8714,CCCAAAGAGTTCTT-1,8-9
827,ACTTCAACTCAGAC-1,4-5
7692,ATACGTCTCCTTAT-1,8-9
1000,AGCAAGCTATACCG-1,4-5
12482,TTGTAGCTGGTGGA-1,8-9
1909,CAAGTCGAGCAGTT-1,4-5
10485,GGACCGTGCTAGCA-1,8-9
5492,TCGATTTGTGTCCC-1,4-5
12467,TTGGGAACTTGAGC-1,8-9
5483,TCGAGCCTGATAGA-1,4-5
9690,GAAGTAGAACCTGA-1-1,8-9
4791,TAACACCTTGCTTT-1,4-5
8374,CAGATCGATCGTTT-1,8-9
601,ACCTCCGACCGTAA-1,4-5
9639,GAACACACTAGACC-1-1,8-9
2603,CGAAGTACGCAAGG-1,4-5
8075,ATTTCGTGATTGGC-1-1,8-9
4947,TACGTACTTGCCAA-1,4-5
12221,TTACAGCTAGAACA-1,8-9
708,ACGGGAGAACGTTG-1,4-5
11491,TATCACTGTTCCAT-1,8-9
4578,GTCGAATGCAGGAG-1,4-5
6510,AAGCCATGTTCATC-1,8-9
3876,GCATGTGAACTGTG-1,4-5
11754,TCGACGCTCGTGTA-1,8-9
2450,CCCGATTGCCTTAT-1,4-5
11350,TAGCATCTGCCAAT-1,8-9
1250,AGTATAACGTATCG-1,4-5
6564,AAGTAGGAGTTACG-1,8-9
605,ACCTGAGAGCAGAG-1,4-5
10806,GTAGCAACAAGATG-1,8-9
3803,GCACCTACAGTGTC-1,4-5
8965,CGAGCCGAGCAGTT-1,8-9
5986,TTAGAATGCGGTAT-1,4-5
10301,GCGAGAGAGTTGCA-1,8-9
4734,GTTCAACTTAGTCG-1,4-5
11182,TAATCCACGTTTGG-1,8-9
5406,TCCCAGACACGCTA-1,4-5
9680,GAAGCTTGACGTTG-1,8-9
3674,GATCCCTGCAGGAG-1,4-5
10032,GATCGTGACTTCCG-1,8-9
4014,GCGGACTGGGTAGG-1,4-5
6960,ACGCTGCTCAGCTA-1,8-9
4358,GGTACAACGATACC-1,4-5
9869,GAGCATACACTTTC-1-1,8-9
5664,TGAGGACTACCAGT-1,4-5
11704,TCCCGAACTAAGGA-1-1,8-9
5162,TATACCACTCATTC-1,4-5
8153,CAAGGACTTTACCT-1,8-9
146,AACCTTTGATGACC-1,4-5
9355,CTATCCCTTCTAGG-1,8-9
4528,GTCAACGATCCCGT-1,4-5
12275,TTAGTCTGAAGATG-1,8-9
285,AAGGTGCTTGTTTC-1,4-5
6589,AAGTTATGGCGAAG-1,8-9
6213,TTTATCCTCCTTGC-1,4-5
7999,ATTCCATGCGCAAT-1,8-9
5213,TATGAATGAACTGC-1,4-5
11272,TACGGAACCTGGAT-1,8-9
4631,GTGCAAACACGTGT-1,4-5
7054,ACTCAGGAATGTGC-1,8-9
741,ACGTCGCTTATTCC-1,4-5
9931,GAGTAAGAACCAAC-1,8-9
1019,AGCATTCTGCGAGA-1,4-5
6913,ACGAGTACAAAGTG-1,8-9
4785,TAACAATGTACTTC-1,4-5
8939,CGACCTTGTGACAC-1,8-9
2126,CAGCTCACACACAC-1,4-5
11324,TAGAATACAATCGC-1,8-9
5424,TCCCTACTACAGCT-1,4-5
11938,TGAGGACTCTGTTT-1,8-9
441,ACAATTGAAGTCAC-1,4-5
8552,CATTAGCTAGTCTG-1,8-9
4203,GGATACTGTGTTCT-1,4-5
11127,TAACATGAGGTTCA-1,8-9
5796,TGGAACACGCTGAT-1,4-5
6877,ACCTCCGATCCAGA-1,8-9
6220,TTTATCCTTCAGTG-1,4-5
6968,ACGGAGGACATTTC-1,8-9
364,AATCTCACTGAGCT-1,4-5
9294,CTACTCCTGATAAG-1,8-9
5905,TGTAGTCTGGTACT-1,4-5
9633,GAAAGCCTTAGAGA-1,8-9
5223,TATGGGACCAATCG-1,4-5
7217,AGAGATGAGTTGAC-1,8-9
632,ACGACCCTTCATTC-1,4-5
8875,CCTCTACTGCAAGG-1,8-9
4776,TAAATCGACTGATG-1,4-5
11296,TACTACTGCACCAA-1,8-9
5071,TAGGCTGAGAATAG-1,4-5
10988,GTGCTAGAAGAGTA-1,8-9
1080,AGCTCGCTAGTCTG-1,4-5
8496,CATCATACGTTTCT-1,8-9
6229,TTTCCAGAGAGAGC-1,4-5
9905,GAGGATCTTTTGTC-1,8-9
2892,CGTTATACTCCTGC-1,4-5
11731,TCCTAATGATCGGT-1,8-9
6118,TTCGTATGAGCATC-1,4-5
10521,GGAGCGCTTTCCGC-1,8-9
3731,GATTCTACATCTCT-1,4-5
7205,AGACTTCTTCTCTA-1,8-9
620,ACGAACACTTCCGC-1,4-5
11828,TCTCAAACGTCGTA-1,8-9
4694,GTTACTACAAGGGC-1,4-5
10514,GGAGCAGAGAGATA-1-1,8-9
1408,ATAGCGTGGACAAA-1,4-5
12490,TTGTCATGGGTGGA-1,8-9
3736,GATTCTACGTTACG-1,4-5
9982,GATACTCTGTGTCA-1,8-9
3709,GATGCAACGCTACA-1,4-5
9373,CTATTGTGCATTCT-1,8-9
3802,GCACCTACACTTTC-1,4-5
10971,GTGATTCTTGCCAA-1,8-9
4326,GGGCCAACATTCTC-1,4-5
12206,TGTTACACAACGTC-1,8-9
4500,GTAGTGTGCTAGTG-1,4-5
8024,ATTGAATGCGTTGA-1,8-9
3216,CTTAGACTTCACCC-1,4-5
9311,CTAGGCCTCGGAGA-1,8-9
1421,ATAGGCTGATTGGC-1,4-5
10989,GTGCTAGAAGCTCA-1,8-9
270,AAGGCTTGGATACC-1,4-5
9547,CTTACAACGATAGA-1,8-9
4651,GTGGAGGATTTACC-1,4-5
8711,CCCAAAGACAGAAA-1,8-9
1254,AGTATCCTTAGAGA-1,4-5
9125,CGGATAACTTCACT-1,8-9
4842,TAAGGGCTTTCGTT-1,4-5
9264,CTAAGGACACGCAT-1,8-9
6206,TTTAGCTGGCCTTC-1,4-5
12488,TTGTCATGCTTACT-1,8-9
3640,GATACTCTGGAAGC-1,4-5
9378,CTCAATTGTGCTCC-1,8-9
1187,AGGTCATGCACTTT-1,4-5
10972,GTGCAAACACCAGT-1,8-9
4044,GCGTATGATCGCCT-1,4-5
10979,GTGCCACTATTTCC-1,8-9
2585,CCTTCACTATGCCA-1,4-5
8317,CACTCCGATACAGC-1,8-9
2387,CCATAGGACCGATA-1,4-5
7968,ATTAAGACGACACT-1,8-9
1450,ATCAACCTGAAGGC-1,4-5
7524,AGTACTCTTTTGGG-1,8-9
407,AATTACGACAGAAA-1,4-5
10256,GCCGACGACCAACA-1,8-9
5641,TGACTGGACACTTT-1,4-5
8504,CATCCCGATGAACC-1,8-9
821,ACTGTTACTCGCCT-1,4-5
10490,GGACCTCTTGTGCA-1,8-9
1242,AGTAGGCTGGACGA-1,4-5
8455,CAGTTTACGCTACA-1,8-9
2706,CGCACGGACAAGCT-1,4-5
11587,TCACATACGCGATT-1,8-9
2036,CACGCTACTTGCAG-1,4-5
6633,AATCCTACGTGCAT-1,8-9
4705,GTTAGTCTACCGAT-1,4-5
7740,ATATACGATGTAGC-1,8-9
5193,TATCCTGATCGTTT-1,4-5
8388,CAGCCTTGTACTTC-1,8-9
4940,TACGGCCTTCTCTA-1,4-5
6998,ACGTCAGACCCTCA-1,8-9
6099,TTCCAAACTTCTGT-1,4-5
6903,ACGACCCTACTCTT-1,8-9
355,AATCGGTGGTATGC-1,4-5
12119,TGGTCAGAATGACC-1,8-9
1051,AGCGATACTCGACA-1,4-5
7825,ATCTACACTCGCCT-1,8-9
4508,GTATCACTAGAAGT-1,4-5
10674,GGGCACACGTGTTG-1,8-9
5700,TGATTCTGCACTGA-1,4-5
11678,TCCACTCTTTAGGC-1,8-9
5543,TCTAACTGCTATGG-1,4-5
6577,AAGTCCGACGACTA-1,8-9
5647,TGACTTACTGCCTC-1,4-5
6712,ACAAGCACAGAATG-1,8-9
4033,GCGTACCTGCATCA-1,4-5
7331,AGCGAACTACCTCC-1,8-9
5902,TGTAGTCTAGCTAC-1,4-5
10814,GTAGCCCTAGAACA-1,8-9
1854,CAACGTGACTCAGA-1,4-5
10601,GGCCGAACTCTTTG-1,8-9
673,ACGCCGGAGTTGAC-1,4-5
10932,GTCTAACTCCAGTA-1,8-9
3512,GAGAGGTGAACGTC-1,4-5
9721,GAATGGCTAGAGAT-1,8-9
66,AAATCATGGAGGCA-1,4-5
10895,GTCCAAGACGAGTT-1,8-9
2625,CGACCTACAAGTAG-1,4-5
9529,CTGTGAGAATCTCT-1,8-9
3318,GAAGAATGAACTGC-1,4-5
9356,CTATGACTAGATCC-1,8-9
5967,TTACAGCTTGTGGT-1,4-5
6782,ACATCACTAAGTGA-1,8-9
2489,CCGACTACTGAACC-1,4-5
10488,GGACCTCTTGCCTC-1,8-9
6090,TTCATTCTGCTACA-1,4-5
12137,TGTAATGAAAAAGC-1,8-9
4040,GCGTATGAATCACG-1,4-5
8978,CGAGGGCTGCGTTA-1,8-9
293,AAGTCCGAGTATGC-1,4-5
11532,TATGCGGAGGAGGT-1,8-9
4102,GCTTGAGATTTACC-1,4-5
7135,ACTTTGTGCGTCTC-1,8-9
2917,CTAACTACCTGAGT-1,4-5
7747,ATATGCCTGTATCG-1-1,8-9
871,AGAACGCTTGTTTC-1,4-5
12338,TTCATGACCTTGTT-1,8-9
1144,AGGCAGGAGGGTGA-1,4-5
6371,AACATATGTACTTC-1,8-9
5066,TAGGCATGTTACCT-1,4-5
10094,GCAACCCTGCGGAA-1,8-9
4748,GTTGAGTGTGTTCT-1,4-5
11449,TAGTTAGATTTCAC-1,8-9
2111,CAGCATGAGATACC-1,4-5
12152,TGTAGGTGTACTTC-1,8-9
3528,GAGCAGGAACGGGA-1,4-5
11680,TCCAGAGACAAGCT-1,8-9
635,ACGAGGGAAGAACA-1,4-5
9606,CTTTCAGACGATAC-1,8-9
240,AAGCAAGAGTTCTT-1,4-5
9276,CTACCTCTTACAGC-1,8-9
1177,AGGGTTTGGGACTT-1,4-5
9676,GAAGCGGACTAAGC-1,8-9
5507,TCGCACTGTTCATC-1,4-5
12353,TTCCAAACACGGAG-1,8-9
2045,CACTAACTTCACGA-1,4-5
7994,ATTCAGCTTACTGG-1,8-9
5457,TCCTATGATCGTAG-1,4-5
11916,TGACTTACCGCCTT-1,8-9
1649,ATGTCGGAGGGATG-1-1,4-5
10833,GTAGTCGATCTCCG-1,8-9
4351,GGGTTATGGTCCTC-1,4-5
11244,TACGAGTGGCGTAT-1,8-9
4680,GTGTGATGCTTGTT-1,4-5
11761,TCGAGAACTCGCAA-1,8-9
1734,ATTGATGATGACCA-1,4-5
8784,CCCTCAGATCCGAA-1,8-9
5350,TCAGTTACGAAACA-1,4-5
10724,GGTAGTACTTCCGC-1,8-9
5097,TAGGTTCTTAGCGT-1,4-5
10335,GCGCGATGGAAGGC-1,8-9
396,AATGTAACCAAAGA-1,4-5
8811,CCGCTATGACACGT-1,8-9
529,ACCACAGATAACGC-1,4-5
8200,CAATTCACACTCTT-1,8-9
1949,CACAACGAAACGGG-1,4-5
12214,TTAACCACTCTGGA-1,8-9
3389,GACACTGACTTATC-1,4-5
8547,CATGTTTGTGGCAT-1,8-9
3349,GAAGTAGAACGTAC-1,4-5
11580,TCAATCACAGATCC-1,8-9
3547,GAGCGCACTAAGGA-1,4-5
6466,AACTGTCTGCGAGA-1,8-9
2784,CGGATATGCGGAGA-1,4-5
10870,GTCAACGAAGCCTA-1,8-9
464,ACACGAACCAGTTG-1,4-5
6397,AACCGCCTTGGTCA-1,8-9
1046,AGCGATACCCGTTC-1,4-5
8072,ATTTCCGATCAAGC-1,8-9
2535,CCTATAACCTGCTC-1,4-5
7648,ATAACCCTACACCA-1,8-9
640,ACGAGTACACTACG-1,4-5
11690,TCCATCCTTGTGAC-1,8-9
5453,TCCTAATGTTGAGC-1,4-5
8293,CACTAACTGATGAA-1,8-9
5407,TCCCAGACGCGTAT-1,4-5
6655,AATGATACTGACCA-1,8-9
3554,GAGCTCCTAGTACC-1,4-5
10082,GATTTGCTGGTACT-1,8-9
1066,AGCGGCACTGGTGT-1-1,4-5
12060,TGGAACTGGGACGA-1,8-9
4665,GTGTAGTGAGAATG-1,4-5
12000,TGCACGCTTAGTCG-1,8-9
2212,CATATAGAAAGAAC-1,4-5
9943,GAGTCAACACCATG-1,8-9
5536,TCGTTATGGTTGCA-1-1,4-5
10152,GCAGATACGCTGTA-1,8-9
3610,GAGTACACATCGTG-1,4-5
8043,ATTGCTTGTTCACT-1,8-9
3397,GACAGGGATATCGG-1,4-5
6439,AACGTTCTAGCTCA-1,8-9
1059,AGCGCCGATCTCTA-1,4-5
10628,GGCTAATGCTAGCA-1,8-9
2298,CATTTCGAGTTCAG-1,4-5
11766,TCGATTTGAGATCC-1,8-9
4495,GTAGTGTGAACGGG-1,4-5
9354,CTATCCCTCTGATG-1,8-9
4857,TAATGATGCTTGCC-1,4-5
10891,GTCATACTTTGCAG-1,8-9
1626,ATGGGTACCCGCTT-1,4-5
6772,ACAGTTCTAGTGTC-1,8-9
4715,GTTATAGAATTTCC-1,4-5
7357,AGCGGCTGCGCAAT-1,8-9
4236,GGCCAGACAGACTC-1,4-5
11870,TGAAGCACCTAAGC-1,8-9
2164,CAGTCAGAAGTGTC-1,4-5
10037,GATCTACTCTGAAC-1,8-9
2224,CATCAGGACTTGTT-1,4-5
12277,TTAGTCTGGCTTCC-1,8-9
4942,TACGTACTCGGAGA-1,4-5
8227,CACAGATGTGCTTT-1,8-9
4925,TACGCGCTGCCAAT-1,4-5
6767,ACAGTGTGAGGGTG-1,8-9
6169,TTGCTAACCTTGGA-1,4-5
12414,TTGAATGAGCTTAG-1,8-9
5295,TCACCCGATCGTGA-1,4-5
7394,AGCTTTACGCTGTA-1,8-9
4261,GGCGCATGTATCTC-1,4-5
7705,ATAGATTGCCTACC-1,8-9
266,AAGGCTACGTTAGC-1,4-5
7153,AGAACAGAATCTTC-1,8-9
256,AAGCGACTTGGTAC-1,4-5
8071,ATTTCCGATACTGG-1,8-9
4410,GTAACGTGCTGACA-1,4-5
9395,CTCAGGCTCACAAC-1,8-9
5168,TATAGATGGATAAG-1,4-5
9247,CTAAACCTAGGTTC-1,8-9
4819,TAAGATTGATGGTC-1,4-5
11868,TGAAGCACCGCTAA-1,8-9
995,AGCAACACCTCGAA-1,4-5
11318,TACTTGACGTTGGT-1-1,8-9
503,ACAGTGTGGCTCCT-1,4-5
9508,CTGGAAACGGTTTG-1,8-9
2500,CCGCGAGATAAGGA-1,4-5
9507,CTGGAAACGAATCC-1,8-9
3309,GAACGGGATTTGTC-1,4-5
10769,GTAATAACACGTAC-1,8-9
2661,CGAGCCGACTGTGA-1,4-5
11681,TCCAGAGACCACAA-1,8-9
141,AACCTTACGCGTAT-1,4-5
12397,TTCTGATGCAGATC-1,8-9
174,AACGTTCTGCGGAA-1,4-5
7309,AGCCGGACGAGAGC-1,8-9
2924,CTAAGGTGCTTGTT-1,4-5
12491,TTGTCATGGTACGT-1,8-9
5898,TGTACTTGTTCATC-1,4-5
11921,TGACTTACTCTGGA-1,8-9
1756,ATTGCTACTTTACC-1,4-5
8851,CCTACCGACTCGAA-1,8-9
2248,CATGCCACTAACCG-1,4-5
9523,CTGTAACTTCATTC-1,8-9
4523,GTATTCACGAACCT-1,4-5
6524,AAGCGACTTGTGGT-1,8-9
4150,GGACCGTGGTGAGG-1,4-5
9576,CTTCTAGATCGCCT-1,8-9
1498,ATCGACGATGTAGC-1,4-5
10008,GATATTGAAGTCGT-1,8-9
1365,ATACCACTACCTAG-1,4-5
7612,AGTTCTTGTTTGTC-1,8-9
1522,ATCGGAACCAGATC-1,4-5
12371,TTCGAGGACATTCT-1,8-9
4615,GTGAGGGAACCTGA-1,4-5
11751,TCGACCTGTTATCC-1,8-9
5920,TGTATGCTGTTACG-1,4-5
11151,TAAGAGGATAAGCC-1,8-9
4206,GGATAGCTTAGAGA-1,4-5
7688,ATACGGACTAGAGA-1,8-9
4041,GCGTATGAGTTGGT-1,4-5
12258,TTAGCTACTATGCG-1,8-9
4166,GGAGACGATAAGCC-1,4-5
7402,AGGAACCTTTGGCA-1,8-9
935,AGAGCGGACTGTCC-1,4-5
6805,ACCACCTGTGGTTG-1,8-9
1984,CACATGGAACCAGT-1,4-5
10931,GTCTAACTATTTCC-1,8-9
3416,GACCAAACGATGAA-1,4-5
11489,TATCACTGGCATAC-1,8-9
2163,CAGTCAGAACGGGA-1,4-5
10506,GGAGACGAAAACAG-1,8-9
1801,ATTTCTCTGGAGCA-1,4-5
10524,GGAGGCCTGAGCTT-1,8-9
5979,TTACGTACTTGTCT-1,4-5
8708,CCATTAACGAAGGC-1,8-9
4243,GGCCGAACATTCTC-1,4-5
7405,AGGACACTACAGCT-1,8-9
2283,CATTGGGAAGTGTC-1,4-5
10193,GCATGATGGTCCTC-1,8-9
231,AAGATTACTAGTCG-1,4-5
7064,ACTCCTCTCCTCCA-1,8-9
1458,ATCACTACACCGAT-1,4-5
9570,CTTCATGACTTTAC-1,8-9
5173,TATAGCCTACTACG-1,4-5
9068,CGCGATCTCTCGCT-1,8-9
1815,CAAACTCTTGCCAA-1,4-5
11558,TATTTCCTCGACTA-1,8-9
5156,TATACAGACATGAC-1,4-5
9917,GAGGGTGACTAGCA-1,8-9
664,ACGCACCTTCTCCG-1,4-5
10981,GTGCCACTCCCTCA-1,8-9
4952,TACGTTACGCAGAG-1,4-5
11096,TAAACAACCAATCG-1,8-9
3106,CTGAATCTAGCGTT-1,4-5
7328,AGCCTCTGACAGTC-1,8-9
2823,CGGTACCTGTCGAT-1,4-5
11310,TACTGGGATAGTCG-1,8-9
5614,TGACACGAGTGCAT-1,4-5
6539,AAGGCTTGACGACT-1,8-9
4389,GGTCAAACTTCCCG-1,4-5
9474,CTGAGAACCTTGTT-1,8-9
690,ACGCTCACTTTGGG-1,4-5
8648,CCAGATGACGTAAC-1,8-9
3934,GCCCATACCTAGTG-1,4-5
11825,TCTATGTGCCACAA-1,8-9
4064,GCTATACTGCATCA-1,4-5
12024,TGCGAAACCTCTTA-1,8-9
3880,GCATTGGACGCCTT-1,4-5
9155,CGGTACCTATCGAC-1,8-9
911,AGACTGACAAGGGC-1,4-5
7513,AGTAAGGACTTAGG-1,8-9
330,AATAGGGACATTCT-1,4-5
11305,TACTCTGACACACA-1,8-9
4559,GTCCACTGCCATAG-1,4-5
6413,AACCTTTGTGTAGC-1,8-9
3398,GACAGGGATCACGA-1,4-5
12378,TTCGGAGATCTTAC-1,8-9
2584,CCTTCACTAGCACT-1,4-5
10383,GCTACGCTATCTCT-1,8-9
4148,GGACCGTGCTCATT-1,4-5
10962,GTGATCGAGGTACT-1,8-9
736,ACGTCCTGAACGGG-1,4-5
12147,TGTAATGATGCTAG-1,8-9
320,AATAAGCTGGTAGG-1,4-5
8061,ATTGTCTGTGCATG-1-1,8-9
1419,ATAGGAGATGAAGA-1,4-5
9419,CTCCGAACCTGTCC-1,8-9
5691,TGATTAGAGTTGTG-1,4-5
11826,TCTCAAACAAGGCG-1,8-9
4676,GTGTCAGAGCTAAC-1,4-5
9806,GACGCCGATTGCGA-1,8-9
4821,TAAGATTGTCGTTT-1,4-5
9753,GACAGTTGCATGCA-1,8-9
4839,TAAGGGCTGGCGAA-1,4-5
11534,TATGCGGATAGAGA-1,8-9
1429,ATAGTTGAAAGTGA-1,4-5
8189,CAATCGGACTTACT-1,8-9
4896,TACCGGCTCCTACC-1,4-5
12262,TTAGGGACATTTCC-1,8-9
2845,CGTCAAGAAGCCTA-1,4-5
11022,GTTAAAACAGAGGC-1,8-9
642,ACGAGTACCCTCGT-1,4-5
9341,CTATCAACAACCTG-1,8-9
1272,AGTCTTACCCTCAC-1,4-5
10432,GCTTGAGAAAGTGA-1,8-9
3805,GCACCTACTTCCGC-1,4-5
10536,GGATACTGTGTGAC-1,8-9
2694,CGATCAGAAAACGA-1,4-5
9798,GACGATTGAACTGC-1,8-9
2852,CGTCCAACGAGGAC-1,4-5
10463,GGACAACTACGGAG-1,8-9
5608,TGAATAACGTCTGA-1,4-5
11073,GTTCATACCCATAG-1,8-9
2364,CCAGACCTACACCA-1,4-5
6387,AACCAGTGCGTAGT-1,8-9
158,AACGCATGAGAACA-1,4-5
7663,ATAATGACGGGATG-1,8-9
941,AGAGCGGATGGATC-1,4-5
10575,GGCACTCTAGGTTC-1,8-9
2337,CCACCTGACCGTAA-1,4-5
6965,ACGGAGGAAGAGGC-1,8-9
5112,TAGTATGACGCCTT-1,4-5
8918,CGAAGTACTGCTAG-1,8-9
2170,CAGTGTGATTTCGT-1,4-5
7804,ATCGCAGAGTTGGT-1,8-9
2176,CAGTTTACAAGAGT-1,4-5
11947,TGAGTCGACGTGAT-1,8-9
713,ACGGGAGATCAGTG-1,4-5
10780,GTACCCTGAACGAA-1,8-9
4795,TAACATGACCAACA-1,4-5
7783,ATCCATACGTCGTA-1,8-9
778,ACTAGGTGGCTCCT-1,4-5
12102,TGGGTATGGGATCT-1,8-9
577,ACCCGTACACGGAG-1,4-5
10554,GGATTGTGTGGTGT-1,8-9
4253,GGCGACTGGGTACT-1,4-5
7522,AGTAATTGGTTCGA-1,8-9
2131,CAGCTCTGAGCATC-1,4-5
11526,TATCTTCTGGAAGC-1,8-9
4021,GCGGCAACTCTCAT-1,4-5
8127,CAAGACACACCAGT-1,8-9
1325,AGTTTGCTCCACAA-1,4-5
12290,TTATGGCTACGTGT-1-1,8-9
5269,TCAAGGTGAGCGTT-1,4-5
8005,ATTCGACTCTCGCT-1,8-9
1501,ATCGAGTGTCGTAG-1,4-5
7415,AGGACTTGGGACTT-1,8-9
1903,CAAGGTTGTGCCTC-1,4-5
10179,GCAGTCCTTTGTCT-1,8-9
1743,ATTGCACTTGGCAT-1,4-5
12370,TTCCTAGAGTGCTA-1,8-9
5210,TATCTGACGCGATT-1-1,4-5
9426,CTCCTACTTCTTTG-1,8-9
4972,TACTACTGGGTGAG-1,4-5
8703,CCATTAACAAACAG-1,8-9
1625,ATGGGTACCCCTAC-1,4-5
12380,TTCGTATGCTCTAT-1,8-9
2502,CCGCTATGAGTCTG-1,4-5
6675,AATGTCCTGTTAGC-1,8-9
5534,TCGTTATGGCTACA-1-1,4-5
8895,CCTTCACTAGCCTA-1,8-9
5251,TATTGCTGCAGATC-1-1,4-5
9312,CTAGGCCTCTAGAC-1,8-9
940,AGAGCGGATCCAAG-1,4-5
11840,TCTGATACTGTTCT-1,8-9
3770,GCAACCCTCAGGAG-1,4-5
11663,TCATTCGATCCCAC-1-1,8-9
4912,TACGAGTGGATACC-1,4-5
6810,ACCACGCTGTGAGG-1-1,8-9
348,AATCCGGATAGACC-1,4-5
11198,TAATGTGAAATGCC-1,8-9
2009,CACCGTTGTCCGTC-1,4-5
10707,GGGTTATGGATAAG-1,8-9
589,ACCGAAACCTGTAG-1,4-5
9360,CTATGTACGACGGA-1,8-9
1975,CACAGTGAAAAGTG-1,4-5
12189,TGTGATCTCAATCG-1,8-9
559,ACCATTTGCTCCCA-1,4-5
11112,TAAATCGAGGTAGG-1,8-9
2155,CAGGTATGGACAGG-1,4-5
10118,GCACACCTGTCTTT-1,8-9
1749,ATTGCTACAGCAAA-1,4-5
9503,CTGCGACTTGCCTC-1-1,8-9
1604,ATGCGATGGCTAAC-1,4-5
9124,CGGATAACTGTCCC-1,8-9
4659,GTGTACGACAGCTA-1,4-5
6657,AATGCGTGCATGAC-1,8-9
4394,GGTGATACGAGAGC-1,4-5
11882,TGACACGAGTCTGA-1,8-9
2690,CGATAGACCGTTGA-1,4-5
12163,TGTATCTGTGCCAA-1,8-9
2743,CGCGAGACCGACTA-1,4-5
9624,GAAACCTGGCGAAG-1,8-9
754,ACGTTGGACATCAG-1,4-5
6502,AAGCACTGTGTAGC-1,8-9
2361,CCAGAAACTCGATG-1,4-5
10691,GGGTAACTACCAGT-1,8-9
2119,CAGCGGACTCTCTA-1,4-5
6418,AACGCATGGTGTAC-1,8-9
604,ACCTCGTGAAAAGC-1,4-5
10131,GCACCTTGCCTACC-1,8-9
1006,AGCACAACCCTTCG-1,4-5
12522,TTTCCAGATGAAGA-1,8-9
3079,CTCGCATGAAGGGC-1,4-5
8818,CCGCTATGTGGTCA-1,8-9
6210,TTTATCCTAGGCGA-1,4-5
10693,GGGTAACTAGAGAT-1,8-9
5068,TAGGCATGTTGTGG-1,4-5
8177,CAATAATGATGTCG-1,8-9
1934,CAATGGACAGAGTA-1,4-5
9318,CTAGTTACCTTGCC-1,8-9
1863,CAACTTTGTCGACA-1,4-5
8049,ATTGGGTGTCCTCG-1,8-9
2146,CAGGGCACCACTCC-1,4-5
11879,TGACACGAGGCGAA-1,8-9
4494,GTAGTGACTCTCTA-1,4-5
9326,CTATAAGACGGAGA-1,8-9
3716,GATGCCCTGACGGA-1,4-5
7845,ATCTTGACCGGGAA-1,8-9
4583,GTCGACCTTGCAAC-1,4-5
8653,CCAGCGGAACGACT-1,8-9
1425,ATAGTCCTACCTAG-1,4-5
8371,CAGATCGACATACG-1,8-9
5200,TATCGTACGCGGAA-1,4-5
8023,ATTGAATGCCTGTC-1,8-9
3039,CTCAGCACGGCGAA-1,4-5
9012,CGCACTACTATCTC-1,8-9
10,AAACCGTGGTTGGT-1,4-5
11230,TACCGCTGATGCTG-1,8-9
2527,CCTACCGACATGGT-1,4-5
9436,CTCGACTGCCGTAA-1,8-9
4297,GGGAAGTGGGGCAA-1,4-5
8567,CATTGTTGCGAACT-1,8-9
2943,CTACCTCTCACCAA-1,4-5
7443,AGGCTAACTGGTGT-1,8-9
3527,GAGATGCTTCTCCG-1,4-5
11168,TAAGGGCTCATCAG-1,8-9
891,AGAATTTGTGCCTC-1,4-5
9043,CGCCATACGTGCTA-1,8-9
3661,GATATCCTCCCTAC-1,4-5
10235,GCCATCACTAACGC-1,8-9
448,ACACAGACCACTCC-1,4-5
10454,GGAATCTGCTCAGA-1,8-9
1715,ATTCGGGACTACCC-1,4-5
7025,ACGTTGGAATCTTC-1,8-9
5164,TATACCACTTCATC-1,4-5
11045,GTTATAGAAGGGTG-1,8-9
3066,CTCCTACTTTCCGC-1,4-5
10363,GCGTAATGCTTACT-1,8-9
2239,CATCTCCTGGTAAA-1,4-5
9221,CGTGTAGAAACCAC-1,8-9
4587,GTCTAACTAGCCAT-1,4-5
12199,TGTGGATGTTTGTC-1,8-9
3228,CTTCACCTTCTGGA-1,4-5
11643,TCATCAACTCTCTA-1,8-9
4958,TACTAAGAAAACGA-1,4-5
11282,TACTAAGAACGCAT-1-1,8-9
2831,CGTAACGATCGATG-1,4-5
10699,GGGTTAACACGCTA-1,8-9
1285,AGTGCAACCATTTC-1,4-5
9028,CGCAGGTGATGCTG-1,8-9
3123,CTGAGAACTTGCAG-1,4-5
7329,AGCCTCTGAGAGAT-1,8-9
634,ACGAGGGAAAAAGC-1,4-5
11014,GTGTCAGAAACAGA-1,8-9
5703,TGATTCTGTGCAAC-1,4-5
8715,CCCAACACACCAGT-1,8-9
1855,CAACGTGACTCCAC-1,4-5
12216,TTACACACCAGAGG-1,8-9
2251,CATGGATGAAGATG-1,4-5
10593,GGCCCAGAATGTGC-1,8-9
5093,TAGGTTCTGCCCTT-1,4-5
10789,GTACGAACGAAGGC-1,8-9
1868,CAAGACACTGTGAC-1,4-5
6501,AAGCACTGTAGAAG-1,8-9
469,ACACGATGGAGGGT-1,4-5
10875,GTCAATCTGTGTCA-1,8-9
3330,GAAGCTACCAGAGG-1,4-5
12513,TTTCACGAGCGGAA-1,8-9
4808,TAAGAACTAGATGA-1,4-5
7386,AGCTGTGATTGTGG-1,8-9
4172,GGAGCAGAACCACA-1,4-5
10035,GATCTACTAGTCAC-1,8-9
1387,ATACGTCTACGGAG-1,4-5
7916,ATGGACACACTGTG-1,8-9
6166,TTGCATTGTTAGGC-1,4-5
11962,TGATCACTAGCCTA-1,8-9
5860,TGGGTATGCTGAGT-1,4-5
9625,GAAAGATGCGTTAG-1,8-9
130,AACCCAGAGCTCCT-1,4-5
11239,TACGACGATGACCA-1,8-9
3458,GACGCTCTACCTGA-1,4-5
10245,GCCCAGGAGCTAAC-1,8-9
67,AAATCATGGCCTTC-1,4-5
9389,CTCAGCTGGTTTGG-1,8-9
3041,CTCAGCTGCTGTTT-1,4-5
8472,CATACTTGGATAAG-1,8-9
972,AGATATACGTCACA-1,4-5
8444,CAGTGTGAGCTTAG-1,8-9
3596,GAGGTTACCGAGTT-1,4-5
12027,TGCGATGAAGCGGA-1,8-9
74,AAATCTGAGACGAG-1,4-5
7940,ATGTACCTCAGCTA-1,8-9
2336,CCACCTGAACTGGT-1,4-5
11180,TAATCCACCTTCTA-1,8-9
1007,AGCACAACTCCTTA-1,4-5
11092,GTTGTACTTTTCGT-1,8-9
4709,GTTAGTCTCCTTGC-1,4-5
11414,TAGTATGAAAGTGA-1,8-9
5651,TGACTTTGCCTATT-1,4-5
10540,GGATAGCTGTTGGT-1,8-9
1214,AGGTTGTGGTCGTA-1,4-5
9057,CGCCTAACGAGCAG-1,8-9
5432,TCCGAAGAGTTCGA-1,4-5
10740,GGTCTAGAAAGGGC-1,8-9
4089,GCTCGACTTGGTAC-1,4-5
11039,GTTAGGTGGTCAAC-1,8-9
513,ACATACCTTTCGGA-1,4-5
7404,AGGAATGACTGGTA-1,8-9
2293,CATTGTTGGAAAGT-1,4-5
7599,AGTTAAACAGGCGA-1,8-9
2620,CGACCACTATGTCG-1,4-5
7115,ACTTCAACATCACG-1,8-9
3497,GACTGAACTGCTTT-1,4-5
11303,TACTCCCTACCCTC-1,8-9
5581,TCTTACGATAAGGA-1,4-5
11584,TCACAACTGGACGA-1,8-9
4013,GCGGACTGGCAGTT-1,4-5
8583,CCAAAGTGCAACTG-1-1,8-9
3459,GACGCTCTCCACCT-1,4-5
12136,TGTAACCTGTATGC-1,8-9
1510,ATCGCCACCATTTC-1,4-5
9234,CGTTATACAACTGC-1,8-9
4240,GGCCCAGATAACCG-1,4-5
9097,CGCTCATGTCAGGT-1,8-9
3202,CTTAAGCTTCAGTG-1,4-5
10819,GTAGCTGAAGGTCT-1,8-9
839,ACTTGGGAGACTAC-1,4-5
8991,CGATAGACGGTCTA-1,8-9
3091,CTCTAATGTTGTGG-1,4-5
10542,GGATGTACGCCATA-1,8-9
2182,CATAAAACGACACT-1,4-5
10059,GATTACCTCCTCCA-1,8-9
6068,TTCAGTACGGACTT-1,4-5
6980,ACGGGAGAGTCACA-1,8-9
4577,GTCGAATGAGAGAT-1,4-5
7372,AGCTGAACACCATG-1,8-9
5586,TCTTGATGAACCTG-1,4-5
7373,AGCTGAACATAAGG-1,8-9
185,AACTCGGACATGAC-1,4-5
10627,GGCTAATGATCACG-1,8-9
3745,GATTGGACACTAGC-1,4-5
8249,CACCACTGGCAGAG-1,8-9
4218,GGCAAGGAAGCATC-1,4-5
6855,ACCGAAACTTTCAC-1,8-9
3454,GACGCCGAGTCACA-1,4-5
7697,ATAGAACTGGTCAT-1,8-9
115,AACAGCACAGGCGA-1,4-5
10615,GGCGCATGGGCGAA-1,8-9
3532,GAGCATACAAGTGA-1,4-5
10290,GCGAAGGAACTCTT-1,8-9
4704,GTTAGTCTACCCAA-1,4-5
9799,GACGATTGAGCGTT-1,8-9
5704,TGCAACGAAAGCCT-1,4-5
7631,AGTTTGCTCTCCAC-1,8-9
1926,CAATATGATCCCGT-1,4-5
10283,GCCTGACTACTCAG-1,8-9
5009,TAGAATTGAGCCAT-1,4-5
12195,TGTGGATGCTCTTA-1,8-9
5882,TGGTATCTCCGTAA-1,4-5
6692,AATTGTGACTCAAG-1,8-9
2736,CGCCATTGTTCCCG-1,4-5
8974,CGAGGCACGGAAAT-1,8-9
5357,TCATCAACCACTTT-1,4-5
6988,ACGGTATGGAGGGT-1,8-9
4610,GTGACCCTCTCCAC-1,4-5
10587,GGCCACGACTTCGC-1,8-9
1978,CACAGTGACTGATG-1,4-5
12531,TTTCGAACTTCTCA-1,8-9
2287,CATTGTACAATGCC-1,4-5
10803,GTAGACTGCAAGCT-1,8-9
4689,GTTAAATGCCGAAT-1,4-5
8515,CATCTCCTTCTAGG-1,8-9
1472,ATCATGCTCGTAAC-1,4-5
12428,TTGAGGTGGTGTAC-1,8-9
630,ACGACCCTCCCACT-1,4-5
9785,GACGAACTCCAATG-1,8-9
2550,CCTCGAACCATGAC-1,4-5
9989,GATAGCACCTGACA-1,8-9
382,AATGCGTGCCACAA-1,4-5
11601,TCACGAGACTCCAC-1-1,8-9
3286,GAAAGTGATTCCCG-1,4-5
10728,GGTATCGAGTTGAC-1,8-9
6004,TTAGGGTGATCGAC-1,4-5
9595,CTTTACGATCGTAG-1,8-9
3005,CTATCCCTCTACGA-1,4-5
10711,GGTAAAGAGAGGAC-1,8-9
1826,CAAATATGCTCTAT-1,4-5
10205,GCCAAAACTACAGC-1,8-9
6042,TTCAACACTGACAC-1,4-5
8278,CACGATGAGCATAC-1-1,8-9
3388,GACACTGACTTAGG-1,4-5
7079,ACTCTCCTAACAGA-1,8-9
5502,TCGCACACCGCTAA-1,4-5
8099,CAACAGACACGTTG-1,8-9
953,AGAGTCACGAAGGC-1,4-5
7412,AGGACTTGAGCGTT-1,8-9
5023,TAGAGCACCTCGCT-1,4-5
7846,ATCTTGACCTCCAC-1,8-9
122,AACCACGAGCAAGG-1,4-5
9193,CGTCCATGATGACC-1,8-9
84,AAATTCGACTTGCC-1,4-5
11477,TATACGCTTAACGC-1,8-9
4833,TAAGCTCTTGCATG-1,4-5
12002,TGCAGATGTCGTAG-1,8-9
6009,TTAGGGTGTCCCAC-1,4-5
11202,TAATGTGAGTCTGA-1,8-9
60,AAATCAACGGGACA-1,4-5
12039,TGCTAGGAGCTTAG-1,8-9
2063,CACTGAGAGTTGCA-1,4-5
11705,TCCCGATGACTCTT-1,8-9
2232,CATCGCTGACCCAA-1,4-5
12005,TGCATGGAGCAGTT-1,8-9
2952,CTACGGCTGGTGGA-1,4-5
7847,ATCTTGACGGAAGC-1,8-9
1036,AGCCGTCTGGACTT-1,4-5
6804,ACCACCTGTCCTCG-1,8-9
5648,TGACTTACTTCCAT-1,4-5
7398,AGGAAATGTGTCTT-1,8-9
4546,GTCCAAGAAGCTCA-1,4-5
10761,GTAACGTGCTTGCC-1,8-9
4031,GCGTACCTAACAGA-1,4-5
6433,AACGTCGATGGAGG-1,8-9
1307,AGTTCTACGAGACG-1,4-5
10492,GGACGAGAGAAGGC-1,8-9
4845,TAATCGCTATAAGG-1,4-5
7132,ACTTGTACACACGT-1,8-9
881,AGAATGGAATCTCT-1,4-5
9072,CGCGATCTTCAGAC-1,8-9
5063,TAGGCAACCCTCCA-1,4-5
9777,GACCCTACGTAGGG-1,8-9
1759,ATTGGGTGGATAAG-1,4-5
9210,CGTGAATGAGATCC-1,8-9
4305,GGGACCACGCTGAT-1,4-5
6674,AATGTAACTGTCTT-1,8-9
3806,GCACCTTGAACGAA-1,4-5
11273,TACGGCCTGAACCT-1,8-9
3633,GAGTTGTGGTAAAG-1,4-5
7600,AGTTAAACCCAAGT-1,8-9
5982,TTACTCGATAAAGG-1,4-5
8185,CAATATGACTTCCG-1,8-9
4123,GGAAGGTGGTTGCA-1,4-5
6911,ACGAGGGATCAGAC-1,8-9
5178,TATCAAGAGCGTTA-1,4-5
8411,CAGGAACTTTCGTT-1,8-9
650,ACGATTCTCTCAAG-1,4-5
8525,CATGAGACTCTTTG-1,8-9
5137,TAGTTCACGCAGTT-1,4-5
7422,AGGATAGATACTCT-1,8-9
4056,GCTACGCTTTTACC-1,4-5
10930,GTCTAACTATAAGG-1,8-9
494,ACAGTCGAGTGCTA-1,4-5
11341,TAGAGAGAGCAGTT-1,8-9
1757,ATTGCTTGGCTATG-1,4-5
10219,GCCAACCTCGAATC-1,8-9
768,ACTACGGAATGTCG-1,4-5
11080,GTTGATCTGGATCT-1,8-9
4581,GTCGACCTAACCTG-1,4-5
10786,GTACCCTGTTACCT-1,8-9
2738,CGCCGAGACTCCAC-1,4-5
6567,AAGTATACACCTGA-1,8-9
6231,TTTCTACTGAAAGT-1,4-5
9143,CGGCGATGGCTACA-1,8-9
2385,CCAGTGCTTAAAGG-1,4-5
10110,GCACAAACAACGTC-1,8-9
229,AAGAGATGATCACG-1,4-5
8045,ATTGGGTGAAGATG-1,8-9
4178,GGAGCCACGGTACT-1,4-5
12094,TGGATTCTGGTTAC-1,8-9
5396,TCCATAACCCTTCG-1,4-5
6730,ACACAGACCCCTCA-1,8-9
2333,CCAATTTGAAAAGC-1,4-5
12281,TTAGTCTGTCACGA-1,8-9
2925,CTAATAGACTACTT-1,4-5
12194,TGTGGATGCAACTG-1,8-9
6135,TTCTGATGTTGAGC-1,4-5
10244,GCCCAGGAGCGGAA-1,8-9
3130,CTGAGCCTTGATGC-1,4-5
11568,TCAAGTCTGCAAGG-1,8-9
5667,TGAGGACTGGACGA-1,4-5
9627,GAAAGATGGTACAC-1,8-9
5061,TAGGCAACACTTTC-1,4-5
11289,TACTACACGTTTGG-1,8-9
1197,AGGTGGGAGGAACG-1,4-5
12357,TTCCATGAAGAGAT-1,8-9
4017,GCGGAGCTGTGTTG-1,4-5
9701,GAAGTCTGGGGATG-1,8-9
5907,TGTAGTCTTTGCGA-1,4-5
7817,ATCGTTTGGACGTT-1,8-9
3790,GCACAATGTCTTCA-1,4-5
8948,CGACTCTGCACTGA-1,8-9
3386,GACAACTGGTACCA-1,4-5
11954,TGATACCTAGGTTC-1,8-9
4728,GTTATGCTTGCCAA-1,4-5
10493,GGACGAGATGTCTT-1,8-9
3866,GCAGTTGATGTGCA-1,4-5
9288,CTACTATGTAGACC-1,8-9
3260,CTTTAGTGTGTCCC-1,4-5
8919,CGAATCGAACCCTC-1,8-9
2104,CAGATGACTTGCTT-1,4-5
6937,ACGCCACTCACAAC-1-1,8-9
851,ACTTTGTGGTATCG-1,4-5
6868,ACCTATTGCCCTCA-1,8-9
4251,GGCGACTGGCTTAG-1,4-5
11103,TAAACAACTTTGGG-1,8-9
2597,CGAAGACTTTCTTG-1,4-5
10269,GCCGGAACTGCCAA-1,8-9
3042,CTCAGCTGGAAGGC-1,4-5
9597,CTTTAGACAGAGAT-1,8-9
3182,CTGTAACTTCAAGC-1,4-5
9546,CTTAAGCTGTATCG-1,8-9
2497,CCGCGAGAATGACC-1,4-5
11243,TACGAGTGCCTATT-1,8-9
450,ACACAGACGAGGCA-1,4-5
9131,CGGCATCTTGAAGA-1,8-9
1150,AGGCTAACAACGAA-1,4-5
6882,ACCTGGCTCCAAGT-1,8-9
1424,ATAGGCTGTCCAAG-1,4-5
7789,ATCCTAACAGTCTG-1,8-9
85,AAATTCGATTTCAC-1,4-5
11653,TCATCCCTTTGGTG-1,8-9
700,ACGGATTGCTAGTG-1,4-5
7727,ATAGGAGATGGATC-1,8-9
4885,TACATAGAGTCAAC-1,4-5
6565,AAGTAGGATCTACT-1,8-9
2078,CACTTATGCGTACA-1,4-5
10135,GCACGGACCTACTT-1,8-9
3886,GCCAAATGAGCACT-1,4-5
10430,GCTTAACTTGTGGT-1,8-9
4373,GGTAGTACGAGATA-1,4-5
9435,CTCGACTGCATCAG-1,8-9
5073,TAGGCTGATGTGGT-1,4-5
9581,CTTGAGGAGATAGA-1,8-9
4696,GTTACTACATGTCG-1,4-5
7155,AGAACAGACACTTT-1,8-9
1750,ATTGCTACAGGAGC-1,4-5
9594,CTTTACGAGTAGGG-1,8-9
4927,TACGCGCTGTTACG-1,4-5
9477,CTGAGAACTTTCAC-1,8-9
4693,GTTACGGATCTCAT-1,4-5
7267,AGATTCCTGAACTC-1,8-9
5681,TGATAAACAGGTCT-1,4-5
7318,AGCCGGTGCTAAGC-1,8-9
5246,TATGTCTGTCCCGT-1,4-5
7050,ACTATCACCCAATG-1,8-9
1492,ATCCTAACTTGACG-1,4-5
10571,GGCACGTGAGATCC-1,8-9
5491,TCGATTTGGGTAAA-1,4-5
9807,GACGCTCTACCTCC-1-1,8-9
2158,CAGGTTGAATTCGG-1,4-5
12151,TGTAGGTGGCTGTA-1,8-9
3013,CTATGACTTATGCG-1,4-5
12393,TTCTCAGAGACGGA-1,8-9
2310,CCAAAGTGTCCCGT-1,4-5
9758,GACAGTTGTGGTTG-1,8-9
780,ACTATCACCCTCCA-1,4-5
9091,CGCTACTGTGTTTC-1,8-9
3786,GCACAAACTGGAAA-1,4-5
11453,TAGTTCACTGGTGT-1,8-9
6183,TTGGAGTGACGGGA-1,4-5
11549,TATGTCTGGAAGGC-1,8-9
2503,CCGCTATGGATAAG-1,4-5
8514,CATCTCCTTCCGTC-1,8-9
1788,ATTTCCGACCTGAA-1,4-5
8586,CCAACCTGCACTTT-1,8-9
3749,GATTGGTGAAGAAC-1,4-5
11141,TAACTAGATTACCT-1-1,8-9
895,AGACACACTAACCG-1,4-5
11646,TCATCATGATCACG-1,8-9
1362,ATACAATGTTTCAC-1,4-5
11372,TAGGACTGGTAGCT-1,8-9
5843,TGGATTCTCGGAGA-1,4-5
11639,TCAGTTACCTATGG-1,8-9
5863,TGGGTATGTTCGTT-1,4-5
6825,ACCAGTGATCTCTA-1,8-9
3317,GAAGAATGAAACGA-1,4-5
12240,TTACGTACCAGAAA-1,8-9
26,AAAGACGAGAGCTT-1,4-5
11909,TGACGCCTGATACC-1,8-9
3603,GAGGTTTGGACGTT-1,4-5
11234,TACCGCTGGCTTAG-1,8-9
1139,AGGCAGGAAGTCAC-1,4-5
8039,ATTGCTTGAGAGGC-1,8-9
761,ACGTTTACGGTGTT-1,4-5
9934,GAGTACACCTCGAA-1,8-9
5003,TAGAAACTCTTCGC-1,4-5
7636,ATAAACACCCACAA-1,8-9
3099,CTGAAGACATGCCA-1,4-5
8345,CAGAAGCTAAGATG-1,8-9
2911,CTAACGGACAGTCA-1,4-5
10171,GCAGGCACTCGCAA-1,8-9
5464,TCGACCTGCCCACT-1,4-5
9465,CTGACAGACAGGAG-1,8-9
5683,TGATACCTCTCATT-1,4-5
7200,AGACTGACTGAACC-1,8-9
2637,CGACGTCTGTTCTT-1,4-5
8521,CATGAGACCGCAAT-1,8-9
1401,ATAGATTGCCATGA-1,4-5
10810,GTAGCATGAAACAG-1,8-9
4894,TACCGCTGGTATCG-1,4-5
8329,CACTGCTGACTGTG-1,8-9
281,AAGGTCTGTCTTCA-1,4-5
8519,CATCTTGATCACGA-1,8-9
3056,CTCCATCTGCTTCC-1,4-5
11132,TAACGTCTGTACCA-1,8-9
982,AGATCTCTTCGCTC-1,4-5
8326,CACTGAGATTTCAC-1,8-9
2427,CCCACATGTCACCC-1,4-5
12464,TTGGGAACCTTCGC-1,8-9
4882,TACATAGAACGGGA-1,4-5
7722,ATAGGAGAAAGAGT-1,8-9
2780,CGGAGGCTACCAGT-1,4-5
10381,GCTACCTGTTGACG-1,8-9
4198,GGAGTTTGTTACCT-1,4-5
11939,TGAGGACTGTTGCA-1-1,8-9
1875,CAAGCATGACCAAC-1,4-5
12099,TGGCACCTGCTCCT-1,8-9
302,AAGTGCACTGAAGA-1,4-5
6298,AAAGCCTGGCAAGG-1,8-9
1371,ATACCGGAATTCCT-1,4-5
7117,ACTTCAACGTTGCA-1,8-9
2185,CATAAAACTGAGAA-1,4-5
12144,TGTAATGACTCGCT-1,8-9
93,AACAAACTCCAAGT-1,4-5
8558,CATTCCCTTGGATC-1,8-9
517,ACATCACTAGGCGA-1,4-5
11551,TATGTGCTCAGTCA-1,8-9
5743,TGCATGGACGTGTA-1,4-5
11602,TCACGAGAGGTGAG-1,8-9
1502,ATCGAGTGTCTTTG-1,4-5
10546,GGATGTTGTGAGAA-1,8-9
3843,GCAGCTCTACCTGA-1,4-5
6824,ACCAGTGATCTAGG-1,8-9
2322,CCAAGATGGCTTCC-1,4-5
12329,TTCAGTTGTGAGCT-1,8-9
518,ACATCACTTGGTGT-1,4-5
10355,GCGTAAACCTTCCG-1,8-9
2810,CGGGACTGTGTCAG-1,4-5
6362,AACACTCTAGATGA-1,8-9
2270,CATTACACAGATCC-1,4-5
6978,ACGGCTCTTATGGC-1,8-9
5955,TTACACACAGTGTC-1,4-5
8996,CGATCCACGGTTTG-1,8-9
3487,GACTCCTGCTTCGC-1,4-5
12161,TGTATCTGCTCAAG-1,8-9
1453,ATCAACCTTCTAGG-1,4-5
8796,CCGAAAACGTACAC-1,8-9
2003,CACCGTACCTCGCT-1,4-5
7031,ACGTTTACTGTCCC-1,8-9
3597,GAGGTTACCTCTAT-1,4-5
11974,TGATTCACTACGAC-1,8-9
5126,TAGTCTTGGATGAA-1,4-5
6659,AATGCGTGGTCTGA-1,8-9
1580,ATGAGCACTTCGGA-1,4-5
10809,GTAGCAACGTAAGA-1,8-9
6053,TTCACAACTAACCG-1,4-5
8873,CCTCTACTCCCGTT-1,8-9
3256,CTTTAGTGCCGAAT-1,4-5
10843,GTATCACTAACGGG-1,8-9
3012,CTATGACTGTTGCA-1,4-5
6415,AACGCAACATGTCG-1,8-9
4799,TAACATGAGTTTGG-1,4-5
9049,CGCCGAGACAAGCT-1,8-9
1650,ATGTCGGATAACGC-1,4-5
7269,AGCAAAGAGAATGA-1,8-9
3238,CTTGAGGACCTCCA-1,4-5
10763,GTAAGCACTAGAAG-1,8-9
5296,TCACCCGATGACAC-1,4-5
12069,TGGACCCTGTACCA-1,8-9
3965,GCCTCAACGTGTAC-1,4-5
9292,CTACTCCTCAAGCT-1,8-9
2120,CAGCGTCTGACGTT-1,4-5
9054,CGCCTAACCCCTTG-1,8-9
4490,GTAGTGACCGTGTA-1,4-5
11983,TGCAACGACGGGAA-1,8-9
5303,TCACCTCTCTTGAG-1,4-5
11986,TGCAAGACAACCTG-1,8-9
4095,GCTTAACTTCCTGC-1,4-5
10856,GTATGGTGCACTGA-1,8-9
4735,GTTCAACTTCAGAC-1,4-5
6690,AATTGATGTTGCAG-1,8-9
4983,TACTGGGACCACCT-1,4-5
6952,ACGCGGTGGTTACG-1,8-9
2354,CCACTTCTTAACCG-1,4-5
9836,GACTGAACAAAACG-1,8-9
3619,GAGTCAACGAGCTT-1,4-5
6643,AATCTAGAGGAACG-1,8-9
5324,TCAGACGATGCCTC-1,4-5
7936,ATGTAAACTTCGCC-1,8-9
3613,GAGTACTGCTCATT-1,4-5
8581,CATTTGTGTCAAGC-1,8-9
574,ACCCAGCTGTTGTG-1,4-5
11075,GTTGACGAAGCGGA-1,8-9
1449,ATCAAATGTCAGTG-1,4-5
9490,CTGATTTGTGCAAC-1,8-9
5418,TCCCGAACGGACAG-1,4-5
8673,CCAGTCACTCAGGT-1,8-9
154,AACGCAACAACAGA-1,4-5
12298,TTCAAAGACAACCA-1,8-9
6203,TTTAGAGATTCAGG-1,4-5
6295,AAAGCAGAGTGTCA-1,8-9
2307,CCAAAGTGCAACTG-1,4-5
11757,TCGAGAACAGCTAC-1,8-9
6083,TTCATGACGGAAAT-1,4-5
7491,AGGTGGGACAACTG-1,8-9
3431,GACCTAGACGAACT-1,4-5
7958,ATGTTGCTCCTGTC-1,8-9
1415,ATAGGAGAAACAGA-1,4-5
7424,AGGATAGATGCTAG-1,8-9
1716,ATTCGGGACTGACA-1,4-5
8160,CAAGTCGACTTTAC-1,8-9
3326,GAAGATGAGGTGAG-1,4-5
12383,TTCTACGACGAGAG-1,8-9
1645,ATGTCACTGTAAAG-1,4-5
10104,GCAAGACTTCGATG-1,8-9
5092,TAGGTTCTGAACTC-1,4-5
10941,GTCTGAGACCATGA-1,8-9
745,ACGTGCCTGAAGGC-1,4-5
10608,GGCCGATGTTTGTC-1,8-9
590,ACCGAAACGGTTCA-1,4-5
6831,ACCATTTGGGTGTT-1,8-9
4678,GTGTCAGATGGAAA-1,4-5
10570,GGCACGTGACTGGT-1,8-9
3622,GAGTCTGACTCTTA-1,4-5
12006,TGCATGGAGGTGAG-1,8-9
1667,ATTAACGACCTTCG-1,4-5
7311,AGCCGGACGGATCT-1,8-9
3975,GCCTGACTTCACCC-1,4-5
12159,TGTATCTGCGTGTA-1,8-9
5696,TGATTCACGAGAGC-1,4-5
10292,GCGAAGGAGAGGGT-1,8-9
5359,TCATCAACCTTGGA-1,4-5
11320,TAGAAACTGGGAGT-1,8-9
3275,GAAAGATGATGCTG-1,4-5
7651,ATAACCCTCGTTAG-1,8-9
3462,GACGCTCTGCGAAG-1,4-5
8848,CCTAAGGATCTGGA-1,8-9
3567,GAGGCCACGCTACA-1,4-5
11842,TCTTACGAACAGCT-1,8-9
4572,GTCCAGCTGTCGAT-1,4-5
10403,GCTCACTGTGCCAA-1,8-9
1956,CACAATCTGCAAGG-1,4-5
11106,TAAAGACTCCAGTA-1,8-9
3316,GAACTGTGTGCCCT-1,4-5
12171,TGTCTAACGTGTTG-1,8-9
5001,TAGAAACTCATCAG-1,4-5
10196,GCATGTGAACCAGT-1,8-9
2308,CCAAAGTGCAGAAA-1,4-5
10648,GGGAAGACCACTCC-1,8-9
6052,TTCACAACGAGATA-1,4-5
9387,CTCAGCTGCTGTCC-1,8-9
5012,TAGACGTGCCGTAA-1,4-5
9992,GATATAACAATCGC-1,8-9
626,ACGAACTGGTTGCA-1,4-5
6859,ACCGCGGATAGTCG-1,8-9
6005,TTAGGGTGCACACA-1-1,4-5
11894,TGACGAACGAAGGC-1,8-9
2912,CTAACGGACGAACT-1,4-5
11479,TATAGATGCTCGAA-1,8-9
1245,AGTAGGCTGTCGTA-1,4-5
7678,ATACCTACCTCCCA-1,8-9
6202,TTTAGAGATGGCAT-1,4-5
10723,GGTAGTACGGCATT-1,8-9
3914,GCCATGCTTGGTCA-1,4-5
6860,ACCGCGGATTGTGG-1,8-9
166,AACGGTACTCCTGC-1,4-5
8014,ATTCTTCTCCTATT-1,8-9
2573,CCTGCAACAGCGGA-1,4-5
8672,CCAGTCACGTCTGA-1,8-9
1767,ATTGTAGACGAGAG-1,4-5
6320,AAATCTGAAAGCCT-1,8-9
2629,CGACCTACCGTCTC-1,4-5
11603,TCACGAGATAGAGA-1,8-9
3562,GAGGCAGAAGTGCT-1,4-5
8971,CGAGCGTGTAAGCC-1,8-9
4267,GGCTAAACCTTTAC-1,4-5
11460,TATAAGTGCGGAGA-1,8-9
835,ACTTGACTCCACCT-1,4-5
11866,TGAAGCACACCAGT-1,8-9
834,ACTTCTGATTTGGG-1,4-5
11220,TACATAGATGCCTC-1,8-9
3695,GATCTACTGGAACG-1,4-5
12093,TGGATTCTGACACT-1,8-9
5017,TAGAGAGAATAAGG-1,4-5
7244,AGAGTCTGTCGCCT-1,8-9
4585,GTCGCACTCGTAAC-1,4-5
11850,TCTTCAGATGGAGG-1,8-9
1770,ATTGTAGATAAGGA-1,4-5
9417,CTCCATCTTTACTC-1,8-9
3378,GAATTAACGGTGGA-1,4-5
8266,CACCGTTGTATGGC-1,8-9
2018,CACCTGACTGTCTT-1,4-5
8901,CCTTTAGACAGAGG-1,8-9
5781,TGCTATACAGCGTT-1,4-5
9253,CTAACACTTAGAGA-1,8-9
4786,TAACAATGTGCTAG-1-1,4-5
11101,TAAACAACTCGATG-1,8-9
3486,GACTACGAGTTCGA-1,4-5
10859,GTATTAGACACTGA-1,8-9
3453,GACGCCGAAGTCGT-1,4-5
9849,GAGAAATGAGCGTT-1,8-9
2547,CCTCATCTGTAGGG-1,4-5
6573,AAGTATACTAAGGA-1,8-9
5030,TAGATCCTTAACGC-1,4-5
6650,AATCTCTGGGTGAG-1,8-9
5861,TGGGTATGCTTGAG-1,4-5
7819,ATCGTTTGGGCGAA-1,8-9
4967,TACTACACCCTGAA-1,4-5
6437,AACGTGTGTCTAGG-1,8-9
5141,TAGTTGCTGATACC-1,4-5
11973,TGATTCACGCTATG-1,8-9
1612,ATGCGCCTTTTCAC-1,4-5
8384,CAGCATGAGAACCT-1,8-9
2660,CGAGCCGACTCAGA-1,4-5
8151,CAAGGACTTCACCC-1,8-9
2343,CCACTGACCTACCC-1,4-5
10692,GGGTAACTACCGAT-1,8-9
3187,CTGTGAGACTCTTA-1,4-5
7247,AGAGTGCTCATGCA-1,8-9
487,ACAGGTACATGTGC-1,4-5
11739,TCCTACCTGACGGA-1,8-9
5985,TTACTCGATGTGAC-1,4-5
9811,GACGGCACCGTTAG-1,8-9
6108,TTCGAGGACGCCTT-1,4-5
6852,ACCGAAACACGTTG-1,8-9
2861,CGTCGACTTCACCC-1,4-5
8676,CCAGTCTGAACCTG-1,8-9
1694,ATTATGGATACTCT-1,4-5
8793,CCCTTACTTGGTAC-1,8-9
2215,CATCAACTACTACG-1,4-5
9745,GACAGTACATGTGC-1,8-9
1122,AGGACTTGAACGGG-1,4-5
9839,GACTGAACTTCTGT-1,8-9
4627,GTGATTCTCTCAGA-1,4-5
11720,TCCGGACTCGCATA-1,8-9
4446,GTACGTGAAGTGCT-1,4-5
6670,AATGTAACCTCGCT-1,8-9
6172,TTGCTATGACAGCT-1,4-5
12042,TGCTATACGCTGTA-1,8-9
3233,CTTGAACTTAGTCG-1,4-5
10371,GCGTATGAGACAAA-1-1,8-9
5964,TTACAGCTCTAGAC-1,4-5
8055,ATTGTAGAGCCATA-1,8-9
2904,CTAAACCTTAAGGA-1,4-5
7570,AGTCTTACTCAGAC-1,8-9
1550,ATCTGTTGTCACGA-1,4-5
7869,ATGAGAGACCGAAT-1,8-9
3834,GCAGCCGACTCAGA-1,4-5
8359,CAGACCCTCTCGAA-1,8-9
5155,TATACAGAACCACA-1,4-5
11125,TAACATGAACCTAG-1,8-9
5499,TCGCAAGATTTACC-1,4-5
7351,AGCGGCACACTTTC-1,8-9
4737,GTTCAACTTGATGC-1,4-5
11666,TCCACGTGAAAAGC-1,8-9
19,AAACGGCTTTCGTT-1,4-5
7029,ACGTTTACCGACAT-1,8-9
5873,TGGTAGTGAAAAGC-1,4-5
7709,ATAGCCGAACACTG-1,8-9
1021,AGCCAATGCAAAGA-1,4-5
10455,GGAATCTGTCCCAC-1,8-9
3594,GAGGTGGACATTTC-1,4-5
10366,GCGTAATGTTTACC-1,8-9
3478,GACGTATGGGTAGG-1,4-5
9147,CGGGCATGCACTTT-1,8-9
3437,GACGAACTACAGCT-1-1,4-5
9226,CGTTAACTATCACG-1,8-9
457,ACACCAGAGTAAGA-1,4-5
7468,AGGGTGGAGAGGTG-1,8-9
5362,TCATCATGATGGTC-1,4-5
6261,AAACGCACGCTTAG-1-1,8-9
2712,CGCACTACTCCTAT-1,4-5
7896,ATGCAGTGCAGCTA-1,8-9
106,AACACGTGTTCTTG-1,4-5
12196,TGTGGATGGGTAGG-1,8-9
3822,GCACTAGACTAGTG-1,4-5
7587,AGTGTGACGACTAC-1-1,8-9
3552,GAGCGGCTTCGCAA-1,4-5
11469,TATACAGACCTTGC-1-1,8-9
1160,AGGGAGTGACGTAC-1,4-5
10787,GTACGAACCACTTT-1,8-9
3353,GAAGTCACTCGCTC-1,4-5
8162,CAAGTCGAGCCTTC-1,8-9
2864,CGTGAAACGAGGTG-1,4-5
6796,ACCAACGAGACGAG-1-1,8-9
706,ACGGCTCTGGTTTG-1,4-5
11060,GTTCAACTATGCCA-1,8-9
5358,TCATCAACCCACCT-1,4-5
9696,GAAGTCACTCCCAC-1,8-9
5771,TGCGCACTGACTAC-1,4-5
10721,GGTAGTACGAGATA-1-1,8-9
5374,TCATGTACTTCACT-1,4-5
8400,CAGCTAGAGTGTAC-1,8-9
2284,CATTGGGACTTCCG-1,4-5
8389,CAGCGGACACACGT-1,8-9
4122,GGAAGGTGGTAGCT-1,4-5
6734,ACACATCTATGACC-1,8-9
2806,CGGCGATGTGCAGT-1,4-5
11918,TGACTTACGAACCT-1,8-9
2178,CAGTTTACCTCAGA-1,4-5
8881,CCTGAGCTTGCTTT-1,8-9
3901,GCCACGGACAGGAG-1,4-5
6329,AAATGTTGTCACCC-1,8-9
3926,GCCCAGGACGGTAT-1,4-5
9121,CGGAGGCTTCACCC-1,8-9
5883,TGGTATCTTGCTGA-1,4-5
9649,GAACCTGACCTTCG-1,8-9
6093,TTCCAAACAAGTGA-1,4-5
9915,GAGGGTGAACCTGA-1,8-9
416,AATTGTGAAACGGG-1,4-5
8396,CAGCGGACTGGCAT-1,8-9
385,AATGCGTGTATCTC-1,4-5
7899,ATGCCAGACTGAAC-1,8-9
2235,CATCGGCTGCTGTA-1,4-5
11791,TCGTGAGAGAGGAC-1,8-9
1993,CACCACTGCTTATC-1,4-5
7326,AGCCTCACCCAGTA-1,8-9
5820,TGGAGACTGGTGGA-1,4-5
7772,ATCAGGTGGGTCAT-1,8-9
3460,GACGCTCTCCTAAG-1,4-5
10228,GCCACTACTACGCA-1,8-9
522,ACATTCTGTTTGCT-1,4-5
10840,GTAGTGTGGCGGAA-1,8-9
2097,CAGACTGATAGTCG-1,4-5
12401,TTCTTACTGCGAGA-1,8-9
4235,GGCCACGATGTGGT-1,4-5
6488,AAGAGATGTTCATC-1,8-9
5380,TCATTGACAGTTCG-1,4-5
11166,TAAGGCTGCGTTGA-1,8-9
5346,TCAGTGGAAGTACC-1,4-5
8229,CACAGCCTGAATGA-1,8-9
4779,TAAATGTGCTTTAC-1,4-5
8007,ATTCGACTTTCCGC-1-1,8-9
5755,TGCCGACTATGTCG-1,4-5
9679,GAAGCTACGTGTCA-1,8-9
1149,AGGCCTCTTAGTCG-1,4-5
7437,AGGCCTCTCCAGTA-1,8-9
4070,GCTCACTGAGAGTA-1,4-5
11420,TAGTATGAGATACC-1,8-9
3660,GATATCCTCCCGTT-1,4-5
11484,TATCAAGAACTCAG-1,8-9
4383,GGTATCGATATCTC-1,4-5
12052,TGGAAAGATCAGGT-1,8-9
5341,TCAGTACTCTAGCA-1,4-5
8109,CAACGATGGCTATG-1,8-9
4812,TAAGAGGACTTTAC-1,4-5
11356,TAGCCCTGTTCGCC-1,8-9
1551,ATCTTGACACACAC-1,4-5
10626,GGCTAAACTTCTGT-1,8-9
3782,GCAATCGATGCCTC-1,4-5
8429,CAGGTTGACCAGTA-1,8-9
5449,TCCTAAACGGTCTA-1,4-5
12421,TTGAGGACAGCTCA-1,8-9
1829,CAAATATGGGTTTG-1,4-5
9616,GAAACAGACCAAGT-1,8-9
717,ACGGTATGTCGTGA-1,4-5
10480,GGACATTGGTTTGG-1,8-9
1528,ATCGGTGAGACGTT-1,4-5
12045,TGCTGAGAGAACCT-1,8-9
1434,ATATACGAGATAAG-1,4-5
6369,AACAGCACACCTTT-1,8-9
5956,TTACACACATTCCT-1,4-5
8164,CAAGTCGAGGTAGG-1,8-9
2172,CAGTTGGAATCACG-1,4-5
10112,GCACAAACCCTCCA-1-1,8-9
4999,TACTTTCTTCGCAA-1,4-5
11567,TCAAGTCTCACTGA-1,8-9
1489,ATCCTAACGTTCTT-1,4-5
7277,AGCAAGCTTATCTC-1,8-9
3085,CTCTAAACTCGATG-1,4-5
9425,CTCCTACTGGTGGA-1,8-9
4239,GGCCCAGACATGAC-1,4-5
11630,TCAGGATGTTTCAC-1,8-9
3653,GATATAACTCCTCG-1,4-5
9062,CGCGAGACGACGTT-1,8-9
2321,CCAAGATGCCCAAA-1,4-5
10006,GATATCCTAGAGAT-1,8-9
899,AGACACTGCCGTTC-1,4-5
10020,GATCCGCTAATCGC-1,8-9
5114,TAGTATGATTATCC-1,4-5
8310,CACTCCGAAGTGCT-1,8-9
1095,AGCTTACTCTTCCG-1,4-5
11953,TGATAAACTCTCCG-1,8-9
4343,GGGTTAACATGTCG-1,4-5
12050,TGGAAAGAACCACA-1,8-9
2386,CCAGTGCTTACTGG-1,4-5
8745,CCCATCGATGTGGT-1,8-9
1456,ATCACGGACTTCGC-1,4-5
9285,CTACGGCTCTGTGA-1,8-9
1564,ATGAAACTCTTGCC-1,4-5
8257,CACCGTACCGGTAT-1,8-9
1697,ATTCAGCTCACTAG-1,4-5
6374,AACATTGAAACGGG-1,8-9
697,ACGGAACTTGGTAC-1,4-5
7711,ATAGCCGACCTGAA-1,8-9
999,AGCAAGCTAAGGCG-1,4-5
8878,CCTGACTGGTTGTG-1,8-9
515,ACATCACTACCAAC-1-1,4-5
8001,ATTCCATGCTCTAT-1,8-9
3491,GACTCCTGTGGAGG-1,4-5
7582,AGTGACTGAATGCC-1,8-9
4395,GGTGGAGACCACAA-1,4-5
8300,CACTAGGATGTAGC-1,8-9
4597,GTCTGAGAGTACAC-1,4-5
9733,GACAACTGGAGGTG-1,8-9
1741,ATTGCACTTATGGC-1,4-5
7185,AGACGTACGCCATA-1,8-9
5348,TCAGTGGATCCCAC-1,4-5
7699,ATAGATACAGTGCT-1,8-9
4414,GTAAGCACTGCAAC-1,4-5
12321,TTCAGACTGAAACA-1,8-9
3617,GAGTACTGTGCCAA-1,4-5
10561,GGCAAGGAAACCTG-1,8-9
4800,TAACATGATAAGCC-1,4-5
10811,GTAGCATGACGCAT-1,8-9
3465,GACGGCACACTGGT-1,4-5
6963,ACGGAACTCTCGCT-1,8-9
3381,GACAACACCCTATT-1,4-5
12426,TTGAGGTGCACCAA-1,8-9
5425,TCCCTACTAGACTC-1,4-5
11733,TCCTAATGCTATTC-1,8-9
4452,GTACTACTATTCCT-1,4-5
8362,CAGACCCTTCTTCA-1,8-9
6113,TTCGGAGACACTAG-1,4-5
8561,CATTGACTGGTCTA-1,8-9
1592,ATGCAGTGTTCTAC-1,4-5
9029,CGCAGGTGTGACTG-1,8-9
5834,TGGATGTGCATTGG-1,4-5
10716,GGTACATGCTGAAC-1,8-9
1154,AGGCTAACTTTCTG-1,4-5
9455,CTGAAGTGCGGAGA-1,8-9
866,AGAACGCTGAAACA-1,4-5
7838,ATCTGGGAAACTGC-1,8-9
4603,GTGAACACTGTTTC-1,4-5
8762,CCCGGAGACTTGGA-1,8-9
2250,CATGCGCTCCCACT-1,4-5
6619,AATCAAACCTGTAG-1,8-9
5669,TGAGGACTTCGCTC-1,4-5
11745,TCGAATCTAAAGCA-1,8-9
2396,CCATCCGAAGAATG-1,4-5
12429,TTGAGGTGTCTCAT-1,8-9
5962,TTACAGCTAGGTCT-1,4-5
9697,GAAGTCACTCTAGG-1,8-9
805,ACTGAGACACGGTT-1-1,4-5
6888,ACCTTTGAGGGACA-1,8-9
3037,CTCAGAGATGGTAC-1,4-5
11438,TAGTGGTGATGCCA-1,8-9
2006,CACCGTTGATTCCT-1,4-5
7458,AGGGCCTGGTACCA-1,8-9
2664,CGAGCGTGCAGATC-1,4-5
7966,ATTAAGACCTTAGG-1,8-9
4126,GGAAGGTGTTGTGG-1,4-5
11139,TAACTAGACGCTAA-1,8-9
3284,GAAAGCCTTGCTTT-1,4-5
6723,ACAATAACTTGCGA-1,8-9
495,ACAGTCGATGACAC-1,4-5
11210,TACAATGATTGGCA-1,8-9
3287,GAAATACTCTCTAT-1,4-5
6741,ACACCCTGTGGGAG-1,8-9
100,AACAATACGTTCTT-1,4-5
9977,GATAATACTGACCA-1,8-9
3922,GCCCAACTTTACTC-1,4-5
9439,CTCGACTGGGCAAG-1,8-9
4077,GCTCAGCTCTTCCG-1,4-5
8125,CAAGAAGACTGGTA-1,8-9
4858,TAATGATGTCAGAC-1,4-5
12016,TGCCAGCTCTAGTG-1,8-9
316,AATAACACCCTGAA-1,4-5
6348,AACAAACTTGTGCA-1,8-9
4391,GGTCTAGAAGGCGA-1,4-5
12297,TTCAAAGAATGCTG-1,8-9
507,ACAGTTCTCTGAGT-1,4-5
11458,TATAAGTGAACGTC-1,8-9
1808,ATTTGCACTAAGGA-1,4-5
8124,CAAGAAGACATTTC-1,8-9
2630,CGACCTACCTACTT-1,4-5
11606,TCACTATGCGCCTT-1,8-9
5918,TGTATGCTCTTGCC-1,4-5
12392,TTCTCAGACGATAC-1,8-9
338,AATATCGAGTATGC-1,4-5
10343,GCGGACTGGGAGTG-1,8-9
5649,TGACTTTGACGTAC-1,4-5
11878,TGACACGACTAGTG-1,8-9
2331,CCAATGGAGGATTC-1,4-5
6895,ACGAACTGTGGCAT-1,8-9
1860,CAACGTGATAGACC-1,4-5
11742,TCCTACCTGTACGT-1,8-9
4541,GTCATACTATGGTC-1,4-5
7019,ACGTGCCTGTTGTG-1,8-9
1989,CACCACTGATAAGG-1,4-5
8643,CCAGACCTCACTGA-1,8-9
3748,GATTGGACCTTCCG-1,4-5
6583,AAGTGCACTCCGAA-1,8-9
5146,TATAAGACCCTTCG-1,4-5
6823,ACCAGTGATAAGCC-1,8-9
5228,TATGGGTGCCTACC-1,4-5
11070,GTTCAGGATTAGGC-1,8-9
3678,GATCGAACGTGTCA-1,4-5
6912,ACGAGGGATTCACT-1,8-9
820,ACTGTGGATTGTGG-1,4-5
10652,GGGAAGTGGGGTGA-1,8-9
3704,GATGACACGACGGA-1,4-5
7753,ATCAACCTAAGCAA-1,8-9
3681,GATCGATGGGGTGA-1,4-5
10418,GCTCGACTTGCCTC-1,8-9
5695,TGATTCACGACAAA-1,4-5
12252,TTAGACCTGGATCT-1,8-9
2704,CGCAACCTTTCTTG-1,4-5
10267,GCCGGAACTCCCGT-1,8-9
3070,CTCGACACCTGCAA-1,4-5
9113,CGGACTCTAACCGT-1,8-9
2569,CCTGAGCTGTACGT-1,4-5
12124,TGGTTACTACCAAC-1,8-9
1433,ATATACGAGAGACG-1,4-5
7836,ATCTGACTTCAGAC-1,8-9
5597,TGAAATTGTAGACC-1,4-5
7598,AGTGTTCTTGGTAC-1,8-9
2134,CAGCTCTGTTGACG-1,4-5
10523,GGAGGCCTCCGTTC-1,8-9
3134,CTGATACTTCTCAT-1,4-5
7686,ATACGGACAGTTCG-1,8-9
468,ACACGAACTTCATC-1,4-5
10788,GTACGAACCTTCCG-1,8-9
2014,CACCTGACCGATAC-1,4-5
10092,GCAACCCTCATCAG-1,8-9
4474,GTAGCTGAGACGGA-1,4-5
9999,GATATATGCCTTCG-1,8-9
3874,GCATGATGGGACAG-1,4-5
9725,GAATTAACCAGATC-1,8-9
2023,CACGAAACTCGATG-1,4-5
6594,AATAAGCTAGCCAT-1,8-9
4722,GTTATCTGCCTAAG-1,4-5
10410,GCTCCATGCTGTGA-1,8-9
4701,GTTAGGTGCTCAAG-1,4-5
10353,GCGTAAACCCTATT-1,8-9
901,AGACACTGTCCGAA-1,4-5
9324,CTAGTTTGTCTTTG-1,8-9
3044,CTCAGGCTAACGTC-1,4-5
12036,TGCGTAGAAATCGC-1,8-9
48,AAAGTTTGCATTCT-1,4-5
8721,CCCAACTGGGTATC-1,8-9
2866,CGTGAAACGTACGT-1,4-5
7751,ATCAAATGTGATGC-1,8-9
809,ACTGCCTGACCTAG-1,4-5
10910,GTCCAGCTTCTACT-1,8-9
4864,TAATGCCTGGAACG-1,4-5
6581,AAGTCTCTCTCCAC-1,8-9
2908,CTAACACTGCAAGG-1,4-5
12167,TGTCAGGACATTTC-1,8-9
321,AATAAGCTGTTGCA-1,4-5
6984,ACGGTAACGTGTTG-1,8-9
2654,CGAGAACTTCATTC-1,4-5
7731,ATAGGCTGCAAAGA-1,8-9
4707,GTTAGTCTATGACC-1,4-5
12033,TGCGCACTTCGTGA-1-1,8-9
1958,CACACCTGGACGAG-1,4-5
8018,ATTGAAACAGATGA-1,8-9
3219,CTTAGGGACGGGAA-1,4-5
11822,TCTAGTTGGCCTTC-1-1,8-9
2948,CTACGCACAAGATG-1,4-5
7077,ACTCTATGTGAGCT-1,8-9
5410,TCCCAGACTGCTAG-1,4-5
8289,CACGGGTGTTTGCT-1,8-9
6137,TTCTTACTGAGGCA-1,4-5
9103,CGGAATTGGTGTCA-1,8-9
4854,TAATGAACTTTCGT-1,4-5
6345,AACAAACTACGTGT-1,8-9
438,ACAATCCTCTAGAC-1,4-5
6424,AACGGTACTCAAGC-1-1,8-9
4755,GTTGGATGAAAAGC-1,4-5
9645,GAACAGCTTGAAGA-1,8-9
4252,GGCGACTGGGGTGA-1,4-5
8476,CATAGTCTTCGCAA-1,8-9
209,AAGAACGAGGACGA-1,4-5
8693,CCATCGTGTCGTAG-1,8-9
3177,CTGGCACTGGTACT-1,4-5
12474,TTGTACACGGTTCA-1,8-9
3553,GAGCTCCTAGCGGA-1,4-5
6247,AAACATTGCAGATC-1,8-9
5195,TATCGACTCTGTAG-1,4-5
7603,AGTTATGACGTTGA-1,8-9
3227,CTTCACCTGTGCTA-1,4-5
7914,ATGCTTTGAGCTAC-1,8-9
2525,CCTAAGGATCCCGT-1,4-5
9304,CTAGATCTGTTGCA-1,8-9
1296,AGTGTGACGTAAGA-1,4-5
8482,CATATAGATGTCCC-1,8-9
6046,TTCAAGCTCGAGTT-1,4-5
8641,CCAGAAACAGTAGA-1,8-9
5225,TATGGGACTTGGCA-1,4-5
9187,CGTCAAGACCGTAA-1,8-9
889,AGAATTTGCTTCTA-1,4-5
12166,TGTCAGGACACTTT-1,8-9
4185,GGAGGATGTCCTCG-1,4-5
9144,CGGCGATGGGTCAT-1-1,8-9
931,AGAGATGACTCTTA-1,4-5
6306,AAAGTTTGTGGTCA-1,8-9
358,AATCTAGAAGAACA-1,4-5
11371,TAGGACTGGTACGT-1-1,8-9
292,AAGTCCGAGCCATA-1,4-5
6836,ACCCAAGAGGACGA-1,8-9
1995,CACCCATGCACCAA-1,4-5
8882,CCTGCAACATGTGC-1,8-9
5990,TTAGACCTAACTGC-1,4-5
9549,CTTACAACGTTCAG-1,8-9
5901,TGTAGGTGGCCAAT-1,4-5
12097,TGGCAATGGTATGC-1,8-9
3700,GATCTTTGACCTGA-1,4-5
7597,AGTGTTCTTACGCA-1,8-9
2921,CTAAGGACAGTCAC-1,4-5
6797,ACCAACGAGAGGGT-1,8-9
1171,AGGGCGCTTGCATG-1,4-5
6339,AAATTGACGTCAAC-1,8-9
5922,TGTCAGGAACGGAG-1,4-5
9558,CTTAGACTGCTACA-1,8-9
6193,TTGTCATGAAACAG-1,4-5
12232,TTACCATGTCCTAT-1,8-9
5628,TGACGATGAAGGCG-1,4-5
9107,CGGAATTGTCATTC-1,8-9
3334,GAAGCTACTCATTC-1,4-5
9530,CTGTGAGACGTACA-1,8-9
2873,CGTGATGAAAGGTA-1,4-5
9860,GAGATGCTCAAGCT-1,8-9
1014,AGCATCGACTGCAA-1,4-5
7022,ACGTTACTTTGACG-1,8-9
4181,GGAGCGCTTTCGTT-1,4-5
8834,CCGTACACAGTACC-1,8-9
1814,CAAACTCTATAAGG-1,4-5
7196,AGACTGACCTGCAA-1,8-9
2853,CGTCCAACTATCTC-1,4-5
10835,GTAGTGTGCAACTG-1,8-9
2268,CATGTTTGGTTTCT-1,4-5
8830,CCGTAAGACTTAGG-1,8-9
238,AAGCAAGAGCGGAA-1,4-5
8299,CACTAGGATCTCCG-1,8-9
1805,ATTTGCACATCGGT-1,4-5
7464,AGGGCGCTGTTTCT-1,8-9
98,AACAATACCGACAT-1,4-5
9451,CTGAAGACCTTACT-1-1,8-9
2776,CGGACTCTGTTCGA-1,4-5
6891,ACGAACACTAGCCA-1,8-9
1834,CAACAGACGAAGGC-1,4-5
10415,GCTCGACTGTCAAC-1,8-9
3979,GCGAAGGAGGTACT-1,4-5
9145,CGGCGATGTCTCCG-1,8-9
576,ACCCAGCTTTCTCA-1,4-5
10357,GCGTAAACGGTTTG-1,8-9
2563,CCTCTACTTGTCTT-1,4-5
8369,CAGAGGGATTTCTG-1,8-9
1455,ATCACGGACGGGAA-1,4-5
7723,ATAGGAGAAGCTAC-1,8-9
2378,CCAGGTCTAGGAGC-1,4-5
9755,GACAGTTGCGTAAC-1,8-9
4654,GTGGATTGTGTCGA-1,4-5
7459,AGGGCCTGTGACAC-1,8-9
5508,TCGCAGCTGGAGGT-1,4-5
8750,CCCGAACTCTTCTA-1,8-9
473,ACACGATGTTTCGT-1,4-5
9724,GAATGGCTTTGCTT-1,8-9
3537,GAGCATACGCTCCT-1,4-5
8822,CCGGAGTGATTCCT-1,8-9
4957,TACGTTACTTCCAT-1,4-5
9795,GACGAGGATAAGGA-1,8-9
701,ACGGATTGGCCTTC-1,4-5
11411,TAGTACCTAGAGTA-1,8-9
2642,CGACTCACTCCCAC-1,4-5
12420,TTGACACTCTGCTC-1,8-9
334,AATAGGGATCTCAT-1,4-5
11194,TAATGATGGGGAGT-1,8-9
746,ACGTGCCTGATGAA-1,4-5
6808,ACCACGCTCTTGGA-1,8-9
1720,ATTCTTCTGGGATG-1,4-5
8017,ATTGAAACACCAAC-1,8-9
996,AGCAACACTAGACC-1,4-5
10900,GTCCACACGGAGCA-1,8-9
1045,AGCGAACTGCCCTT-1,4-5
9199,CGTCGACTCCACCT-1,8-9
5297,TCACCCGATGCAAC-1,4-5
11108,TAAAGTTGCGTAAC-1,8-9
2431,CCCAGTTGAACCGT-1,4-5
11224,TACCATTGATGCCA-1,8-9
4759,GTTGTACTGCGTAT-1,4-5
7014,ACGTGCCTCCTGTC-1,8-9
5593,TGAAATTGCTAGAC-1,4-5
7580,AGTGACACTGGTTG-1,8-9
2516,CCGTAAGATTCTAC-1,4-5
8430,CAGGTTGACTCTAT-1,8-9
4756,GTTGGATGAGCATC-1,4-5
10433,GCTTGAGAACCCTC-1,8-9
102,AACACGTGCAGAGG-1,4-5
7429,AGGCAACTAGGTTC-1,8-9
5051,TAGCTACTCAGATC-1,4-5
10612,GGCGACACGTTCAG-1,8-9
4009,GCGCGATGTTTGCT-1,4-5
8925,CGACAAACACCGAT-1,8-9
5506,TCGCACTGGAATAG-1,4-5
8034,ATTGCGGATGACAC-1,8-9
3324,GAAGATGAGGATTC-1,4-5
9402,CTCATTGAAGCAAA-1,8-9
3917,GCCCAACTGATAGA-1,4-5
8416,CAGGGCACAGAGGC-1,8-9
3031,CTCAATTGCTCGAA-1,4-5
10888,GTCATACTTAAGGA-1,8-9
3051,CTCATTGATTTACC-1,4-5
8670,CCAGTCACATCGTG-1,8-9
3954,GCCTACACGGGCAA-1,4-5
11214,TACACACTGAACCT-1,8-9
4371,GGTAGTACAGCCAT-1,4-5
6664,AATGGCTGAGCGGA-1,8-9
4660,GTGTACGACTTCCG-1,4-5
9211,CGTGAATGATGTGC-1,8-9
3904,GCCACTACTCTTTG-1,4-5
11578,TCAATAGATGGTTG-1,8-9
5751,TGCCAGCTTATGCG-1,4-5
8827,CCGTAAGAACCAAC-1,8-9
6110,TTCGATTGAACCAC-1,4-5
8347,CAGACAACATCAGC-1,8-9
2475,CCCTGATGTCGCAA-1,4-5
9184,CGTAGCCTGCGTTA-1,8-9
5878,TGGTAGTGCGTTGA-1,4-5
10021,GATCCGCTAGCATC-1,8-9
3539,GAGCGAGATCCTCG-1,4-5
12440,TTGCATTGGTGTAC-1,8-9
1125,AGGAGTCTAGGAGC-1,4-5
6314,AAATCAACAGTGCT-1,8-9
1003,AGCACAACAGAAGT-1,4-5
9776,GACCCTACAGCGTT-1,8-9
3503,GACTGTGAGGAAGC-1,4-5
9623,GAAACCTGGAGGCA-1,8-9
2956,CTACTATGTCCTCG-1,4-5
8582,CATTTGTGTGCGTA-1,8-9
5254,TATTTCCTAGTAGA-1,4-5
6880,ACCTGAGATATCGG-1,8-9
177,AACGTTCTTTATCC-1,4-5
9434,CTCGACTGAGTACC-1,8-9
2855,CGTCCATGAATCGC-1,4-5
9909,GAGGGAACTGAAGA-1,8-9
5249,TATGTGCTGCGGAA-1,4-5
9080,CGCTAAGAGTAAGA-1,8-9
2084,CACTTTGAGCGAAG-1,4-5
9372,CTATTGACTTTGCT-1,8-9
4208,GGATGTACCTAGCA-1,4-5
6768,ACAGTGTGCGACTA-1,8-9
3838,GCAGCGTGCGTAGT-1,4-5
10095,GCAACCCTGTATGC-1,8-9
2775,CGGACTCTATTTCC-1,4-5
8833,CCGTACACAAGTAG-1,8-9
2476,CCCTTACTGATACC-1,4-5
8157,CAAGGTTGCGGAGA-1,8-9
5389,TCCACTCTGTTAGC-1,4-5
11583,TCACAACTGAAACA-1,8-9
1578,ATGAGCACGCGATT-1,4-5
6515,AAGCCTGACGCTAA-1,8-9
4344,GGGTTAACCAAGCT-1,4-5
10225,GCCACTACCTTATC-1,8-9
5759,TGCGAAACCAGAGG-1,4-5
7033,ACTAAAACCAGATC-1,8-9
4954,TACGTTACGGATTC-1,4-5
11512,TATCGACTTGCTCC-1,8-9
1274,AGTCTTACCTGTGA-1,4-5
10311,GCGATATGCTACTT-1,8-9
2915,CTAACGGATTGAGC-1,4-5
7000,ACGTCAGACTATGG-1,8-9
2382,CCAGTCACTAACGC-1,4-5
10929,GTCTAACTAGCGGA-1,8-9
58,AAATCAACAGATCC-1,4-5
10702,GGGTTAACGATAGA-1,8-9
5007,TAGAATACATCGAC-1,4-5
11693,TCCCAGACAGCTAC-1,8-9
6012,TTAGGTCTCTGTTT-1,4-5
8929,CGACCACTGAATAG-1,8-9
1699,ATTCCAACCCTGTC-1,4-5
12504,TTTAGGCTTAGAAG-1,8-9
5754,TGCCGACTAAGGCG-1,4-5
10951,GTGACAACTTTCGT-1,8-9
2313,CCAACCTGTCGTAG-1,4-5
6262,AAACGCACTCTGGA-1,8-9
5653,TGACTTTGGCGTAT-1,4-5
9985,GATAGAGATGCTGA-1,8-9
2609,CGAATCGAGTTGGT-1,4-5
11392,TAGGTGACATCTCT-1,8-9
3297,GAACCAACGCCCTT-1,4-5
11769,TCGATTTGTGTAGC-1,8-9
2351,CCACTTCTCCACAA-1,4-5
11763,TCGAGAACTTTACC-1,8-9
3990,GCGATATGCTCTCG-1,4-5
9867,GAGCAGGACACTCC-1,8-9
1547,ATCTGTTGCATGCA-1,4-5
11154,TAAGATACGGAACG-1,8-9
3517,GAGATAGATCACGA-1,4-5
10145,GCACTAGAGTGCAT-1,8-9
463,ACACGAACAACCGT-1,4-5
12449,TTGCTATGCAGAGG-1,8-9
4595,GTCTGAGAGGAAAT-1,4-5
6423,AACGGTACGTTCGA-1,8-9
2604,CGAAGTACGGCAAG-1,4-5
7931,ATGTAAACCGGAGA-1,8-9
5360,TCATCAACGGTGAG-1,4-5
9379,CTCAGAGAAAAAGC-1,8-9
1742,ATTGCACTTCGTGA-1,4-5
10051,GATGCATGCGCAAT-1,8-9
5562,TCTATGTGCTTGCC-1,4-5
7074,ACTCTATGCCTCAC-1,8-9
5289,TCACATACACGTGT-1,4-5
7043,ACTAGGTGACTAGC-1,8-9
3319,GAAGAATGACTCTT-1,4-5
10175,GCAGTCCTAGCGGA-1,8-9
5574,TCTGATACCATTTC-1,4-5
8336,CACTTATGAGTCTG-1,8-9
45,AAAGGCCTGGATTC-1,4-5
6662,AATGGAGAGGTGAG-1,8-9
2148,CAGGGCACCCAAGT-1,4-5
8146,CAAGGACTAGTCGT-1,8-9
5262,TCAACACTCGTAAC-1,4-5
11472,TATACCACACACAC-1,8-9
408,AATTACGACTTCTA-1,4-5
6296,AAAGCAGATGGTGT-1,8-9
4995,TACTTTCTAAGTAG-1,4-5
10251,GCCCATACTAAAGG-1,8-9
3929,GCCCAGGAGGAAAT-1,4-5
7316,AGCCGGTGATAAGG-1,8-9
4907,TACGAGACGAGCAG-1,4-5
9183,CGTAGCCTGATACC-1,8-9
2555,CCTCGAACGTGCTA-1,4-5
11483,TATAGCCTCACTAG-1,8-9
3144,CTGCAGCTAGGAGC-1,4-5
8665,CCAGCTACTTGGCA-1,8-9
3449,GACGATTGCACAAC-1,4-5
10165,GCAGCTCTGAACTC-1,8-9
970,AGATATACCATGAC-1,4-5
9248,CTAAACCTCACTTT-1,8-9
5677,TGAGTGACATGGTC-1,4-5
10074,GATTGGTGCCATGA-1,8-9
5233,TATGGTCTCAGCTA-1,4-5
12187,TGTGAGTGGTACCA-1,8-9
882,AGAATGGACCTTAT-1,4-5
7957,ATGTTGCTATTCCT-1,8-9
3107,CTGAATCTGGTACT-1,4-5
6793,ACATTCTGTTACCT-1,8-9
1599,ATGCCGCTACGTGT-1,4-5
10832,GTAGTCGATACTTC-1,8-9
3017,CTATGTACGTGCAT-1,4-5
9156,CGGTACCTGGTTCA-1,8-9
3734,GATTCTACGCGTAT-1,4-5
10884,GTCATACTACCGAT-1,8-9
5948,TGTTACTGCTCCAC-1,4-5
9673,GAAGATGATGTTCT-1,8-9
765,ACTAAAACTGCTAG-1,4-5
8062,ATTTAGGAAAGATG-1-1,8-9
449,ACACAGACCCCACT-1,4-5
9441,CTCGACTGTGTCAG-1,8-9
3536,GAGCATACCTCGAA-1,4-5
10162,GCAGCTCTATTTCC-1,8-9
4713,GTTAGTCTTTCCCG-1,4-5
8425,CAGGTATGCATGAC-1,8-9
1267,AGTCGAACTAACGC-1,4-5
11314,TACTGTTGTACGCA-1,8-9
339,AATCAAACGCGATT-1,4-5
8679,CCAGTCTGTGCATG-1,8-9
3113,CTGACAGATCCCAC-1,4-5
11699,TCCCATCTTAACGC-1,8-9
2332,CCAATGGATCCGTC-1,4-5
10963,GTGATCGAGTTCTT-1,8-9
5847,TGGCAATGACCTGA-1,4-5
9250,CTAAACCTTTTGTC-1,8-9
4866,TAATGTGAAGGTTC-1,4-5
9971,GATAAGGAGCTACA-1,8-9
2493,CCGATAGAGAGATA-1,4-5
12246,TTACTCGAGTCAAC-1,8-9
1275,AGTCTTACGCCTTC-1,4-5
9279,CTACGCACCTATTC-1,8-9
2545,CCTCATCTCTTCGC-1-1,4-5
9605,CTTTCAGACACACA-1,8-9
4462,GTAGCAACTGCACA-1,4-5
11873,TGAAGCACTCTATC-1,8-9
2727,CGCATAGATGTCGA-1,4-5
12340,TTCATGACGCTTAG-1,8-9
5604,TGAAGCTGAGGAGC-1,4-5
12346,TTCATGTGTTCCAT-1,8-9
3863,GCAGTTGAACGCTA-1,4-5
9575,CTTCTAGACCTAAG-1,8-9
3399,GACAGGGATTCGTT-1,4-5
12150,TGTAGGTGCTTACT-1,8-9
2968,CTAGATCTCAGCTA-1,4-5
8570,CATTTCGACCGTAA-1,8-9
2812,CGGGCATGCGACAT-1,4-5
10402,GCTCACTGTGCACA-1,8-9
3535,GAGCATACCGTGTA-1,4-5
12389,TTCTAGTGCTCCCA-1,8-9
3897,GCCAACCTTCAAGC-1,4-5
7028,ACGTTTACCATCAG-1,8-9
3694,GATCTACTGATGAA-1,4-5
9376,CTCAATTGGTTTCT-1,8-9
6057,TTCACCCTACCAGT-1,4-5
12231,TTACCATGGCGAGA-1,8-9
268,AAGGCTTGAGCCTA-1,4-5
9702,GAAGTCTGTGACAC-1,8-9
459,ACACCCTGAGAACA-1,4-5
10713,GGTACATGAAACAG-1,8-9
4054,GCTACGCTCGAACT-1,4-5
7084,ACTCTCCTGTGCAT-1,8-9
126,AACCAGTGGGTACT-1,4-5
10887,GTCATACTGTCAAC-1,8-9
3600,GAGGTTTGAGGTCT-1,4-5
8022,ATTGAAACTGAGAA-1,8-9
3693,GATCTACTCCATAG-1-1,4-5
11427,TAGTCGGAAGAGTA-1,8-9
2161,CAGGTTGATGCTGA-1,4-5
9083,CGCTACACATTCGG-1,8-9
5599,TGAACCGAGGTAAA-1,4-5
11518,TATCTGACGTTCAG-1,8-9
3138,CTGATGGAGGCATT-1,4-5
10029,GATCGATGGCGGAA-1,8-9
3948,GCCGTACTGATAAG-1,4-5
12120,TGGTCAGAGAAAGT-1,8-9
1166,AGGGCCTGCGCAAT-1,4-5
8786,CCCTGAACCCAACA-1,8-9
3829,GCACTGCTTGCCAA-1,4-5
11357,TAGCCGCTAACGGG-1,8-9
565,ACCCAAGACCTAAG-1,4-5
11968,TGATTAGACCTCCA-1,8-9
979,AGATCGTGTCTAGG-1,4-5
8172,CAATAAACCCTTGC-1,8-9
2026,CACGACCTGCGAAG-1,4-5
8807,CCGCGAGAAGGTCT-1,8-9
5728,TGCACAGATCGTAG-1,4-5
10042,GATGACACCTACCC-1,8-9
3205,CTTACAACGTCCTC-1,4-5
11393,TAGGTGACCAGAGG-1,8-9
4993,TACTTGACTTCGCC-1,4-5
9110,CGGACCGACGAACT-1,8-9
947,AGAGCTACTTACTC-1,4-5
8450,CAGTTACTTCTTAC-1,8-9
4599,GTCTGAGATGAACC-1,4-5
6301,AAAGGCCTAGTCGT-1,8-9
4519,GTATGGTGTGGTTG-1,4-5
7160,AGAACGCTTCTCGC-1,8-9
3657,GATATATGGTGCTA-1,4-5
7339,AGCGATTGACGGGA-1,8-9
4151,GGACCTCTCCTTCG-1,4-5
11884,TGACCAGAGAGAGC-1,8-9
2115,CAGCCTTGCCTCCA-1,4-5
9619,GAAACAGATGCGTA-1,8-9
1596,ATGCCAGAGCCCTT-1,4-5
8744,CCCATCGATGACTG-1,8-9
3261,CTTTCAGACGAATC-1,4-5
8474,CATAGTCTAAACGA-1,8-9
5050,TAGCGATGTTCGCC-1,4-5
10332,GCGCGATGAAGTGA-1,8-9
2225,CATCATACAGCCAT-1,4-5
11839,TCTGATACGACAGG-1,8-9
4165,GGAGACGAGTACGT-1,4-5
7930,ATGTAAACCAGCTA-1,8-9
6015,TTAGGTCTTTCCGC-1,4-5
9727,GAATTAACCTGTGA-1,8-9
4138,GGACAGGAGTACGT-1,4-5
6706,ACAACCGACCAAGT-1,8-9
4450,GTACTACTACGGAG-1,4-5
7515,AGTAAGGAGGTACT-1,8-9
1905,CAAGTCGACGTACA-1,4-5
10458,GGAATGCTGTTCAG-1,8-9
4012,GCGGACTGCTTCGC-1,4-5
11409,TAGTAATGGAACTC-1,8-9
6035,TTATGGCTGGTGAG-1,4-5
7784,ATCCCGTGCCACCT-1,8-9
5668,TGAGGACTGTACGT-1,4-5
12536,TTTCTACTTGAGCT-1,8-9
5565,TCTATGTGTGCGTA-1,4-5
11431,TAGTCGGATGGTTG-1,8-9
1824,CAAATATGCATGGT-1,4-5
6517,AAGCCTGAGTTAGC-1,8-9
588,ACCGAAACCCCTTG-1,4-5
11255,TACGCAGAACGGGA-1,8-9
