query_index,query_id,timepoint,recall,ndcg,density_log_distortion,zero_recall,seconds
5840,TGGATTCTCAAGCT-1,4-5,0.13333333333333333,0.11210577530706682,0.21260375,False,0.07066752202808857
8491,CATCAGGATTGAGC-1,8-9,0.13333333333333333,0.10865295960082011,0.2269161,False,0.06990725547075272
1598,ATGCCAGATGTAGC-1,4-5,0.06666666666666667,0.10764243204553911,1.231168,False,0.06921486835926771
7613,AGTTGTCTCCTAAG-1,8-9,0.06666666666666667,0.05686973942620158,0.42065406,False,0.06895754765719175
5145,TATAAGACACACGT-1,4-5,0.0,0.0,0.25393534,True,0.06989680044353008
9164,CGGTCACTGAGGAC-1,8-9,0.0,0.0,0.24698839,True,0.06984817981719971
3960,GCCTCAACACTGTG-1,4-5,0.0,0.0,0.39218107,True,0.069391630589962
11760,TCGAGAACGTCTGA-1,8-9,0.0,0.0,0.12090741,True,0.07000590488314629
3645,GATAGAGATGCCAA-1,4-5,0.06666666666666667,0.06077222973772036,0.45559856,False,0.06970591470599174
10374,GCGTATGATGCAGT-1,8-9,0.06666666666666667,0.04481043185393461,0.20809238,False,0.0697225509211421
1822,CAAATATGAAGCCT-1,4-5,0.06666666666666667,0.06077222973772036,0.0792513,False,0.07035362999886274
11111,TAAATCGACCCACT-1,8-9,0.0,0.0,0.13222858,True,0.06998111866414547
2335,CCACCATGCTGCAA-1,4-5,0.06666666666666667,0.06600065503116892,0.0836682,False,0.07018628064543009
8976,CGAGGCTGAAGCCT-1,8-9,0.0,0.0,0.13439305,True,0.06991472002118826
3049,CTCATTGACAGAAA-1,4-5,0.0,0.0,0.039810658,True,0.06999253947287798
6765,ACAGTGTGAACGAA-1,8-9,0.13333333333333333,0.09298592257487384,0.11439522,False,0.07002904824912548
896,AGACACACTATCTC-1,4-5,0.2,0.3166860571556275,0.21229373,False,0.06963857915252447
8468,CATACTACTTGGTG-1,8-9,0.06666666666666667,0.08530460913930238,0.4205223,False,0.07010524440556765
3515,GAGAGGTGCCACAA-1,4-5,0.13333333333333333,0.09992633629866744,0.23780552,False,0.06994151044636965
9920,GAGGTACTGCGGAA-1,8-9,0.2,0.205132446593247,0.7388163,False,0.06942345574498177
2471,CCCTGAACTATCTC-1,4-5,0.0,0.0,0.17370896,True,0.0699913976714015
9053,CGCCTAACCAACCA-1,8-9,0.13333333333333333,0.10618686347613708,0.24958883,False,0.0697093391790986
4132,GGAATGCTCTTCTA-1,4-5,0.13333333333333333,0.136663101377946,0.4960765,False,0.06977412197738886
11442,TAGTGGTGGTGTAC-1,8-9,0.0,0.0,0.4400708,True,0.06980943772941828
2438,CCCATCGACCTATT-1,4-5,0.06666666666666667,0.049317124049935504,0.27751073,False,0.0693034203723073
12270,TTAGGTCTGCCTTC-1,8-9,0.0,0.0,0.13607824,True,0.07038705796003342
1147,AGGCCTCTCGGTAT-1,4-5,0.0,0.0,0.53232944,True,0.07000724133104086
10898,GTCCACACCGTGTA-1,8-9,0.06666666666666667,0.04481043185393461,0.2544243,False,0.06982090882956982
1885,CAAGCCCTGTATCG-1,4-5,0.0,0.0,0.54910225,True,0.06946262717247009
10224,GCCACTACAAAGCA-1,8-9,0.0,0.0,0.7667369,True,0.06939169857650995
1414,ATAGCTCTTAGCCA-1,4-5,0.2,0.1380745488954846,0.05688556,False,0.0698006572201848
11072,GTTCATACATGCTG-1,8-9,0.13333333333333333,0.132894847041173,0.13779595,False,0.06981588620692492
5943,TGTTACACCCTAAG-1,4-5,0.2,0.18170562256866693,0.8226851,False,0.06955031398683786
6576,AAGTCCGACCAACA-1,8-9,0.06666666666666667,0.06077222973772036,0.18534611,False,0.06990164238959551
4158,GGACGCACATCTCT-1,4-5,0.06666666666666667,0.10764243204553911,0.41462666,False,0.06954271532595158
6404,AACCTTACTTCTGT-1,8-9,0.2,0.1781313770075329,0.33776155,False,0.06981560587882996
1317,AGTTGTCTGCGGAA-1,4-5,0.06666666666666667,0.04481043185393461,0.101979844,False,0.06960455514490604
10503,GGACTATGCGAGAG-1,8-9,0.06666666666666667,0.10764243204553911,0.6439545,False,0.06922904681414366
3690,GATCGTGAGTGAGG-1,4-5,0.3333333333333333,0.28497819861611773,0.32157138,False,0.06915280874818563
11971,TGATTAGAGTCACA-1,8-9,0.06666666666666667,0.07347739090382172,0.36969876,False,0.06937830615788698
377,AATGATACATCGAC-1,4-5,0.3333333333333333,0.353494199028024,0.06781137,False,0.06997961271554232
10549,GGATTGTGCCTTTA-1,8-9,0.0,0.0,0.10313914,True,0.06927273329347372
2228,CATCCCGAGCATAC-1,4-5,0.2,0.16995091149624245,0.3801831,False,0.06963019073009491
6429,AACGGTTGGTCAAC-1,8-9,0.0,0.0,0.34992355,True,0.0695857098326087
2415,CCCAACACCTCCCA-1,4-5,0.13333333333333333,0.22196771051724837,0.20808496,False,0.0694832419976592
6546,AAGGTCACTTGACG-1,8-9,0.13333333333333333,0.0924006697558052,0.009657241,False,0.06962546706199646
5435,TCCGAGCTCCCTTG-1,4-5,0.13333333333333333,0.13947804593499064,0.0060629845,False,0.06939073745161295
11903,TGACGATGTCCTTA-1,8-9,0.0,0.0,0.010269813,True,0.06942497752606869
776,ACTAGGTGACACCA-1,4-5,0.06666666666666667,0.17060921827860476,0.22633585,False,0.07009223941713572
11517,TATCTGACGTAAGA-1,8-9,0.0,0.0,0.569455,True,0.06923960242420435
5685,TGATCACTTGAAGA-1,4-5,0.06666666666666667,0.0475902379018706,0.16545656,False,0.07008667476475239
10198,GCATGTGAAGACTC-1-1,8-9,0.0,0.0,0.24612904,True,0.07027167547494173
2299,CATTTCGATCAAGC-1,4-5,0.06666666666666667,0.17060921827860476,0.37167406,False,0.06963567342609167
7885,ATGATATGGACAAA-1,8-9,0.0,0.0,0.23848797,True,0.07017580047249794
4814,TAAGAGGATATCGG-1,4-5,0.3333333333333333,0.3061132061819061,0.20487267,False,0.06895766407251358
11354,TAGCCCACGGGATG-1,8-9,0.26666666666666666,0.2048359882320117,0.41101885,False,0.06955757271498442
5940,TGTTAAGATGTTTC-1,4-5,0.13333333333333333,0.23660987330977368,0.25741103,False,0.06958956737071276
7257,AGATCGTGAAAGCA-1,8-9,0.2,0.1963477853611922,0.70396936,False,0.06935326661914587
2281,CATTGACTCGAGAG-1,4-5,0.0,0.0,0.42115778,True,0.06912022642791271
7228,AGAGCTACGGATTC-1,8-9,0.0,0.0,0.16813813,True,0.06977115850895643
1856,CAACGTGACTTGGA-1,4-5,0.26666666666666666,0.3343291516539483,0.11928992,False,0.06976273283362389
9063,CGCGAGACTCGCCT-1,8-9,0.06666666666666667,0.17060921827860476,0.42015198,False,0.0700128236785531
5087,TAGGTGTGCGACTA-1,4-5,0.2,0.22528440120946108,0.103568956,False,0.06944415345788002
11980,TGATTCTGTCCTGC-1,8-9,0.26666666666666666,0.24247785230638727,0.27340946,False,0.06958543229848146
248,AAGCCTGAGGTCTA-1,4-5,0.0,0.0,0.128119,True,0.06954493094235659
12503,TTTAGGCTGTAAGA-1,8-9,0.13333333333333333,0.1513052641704713,0.17422675,False,0.06972828973084688
1608,ATGCGCCTGAGGGT-1,4-5,0.26666666666666666,0.3271966618263836,0.22997293,False,0.06913257762789726
12303,TTCAACACCTCAAG-1,8-9,0.2,0.2590884486574777,0.037431307,False,0.06934593245387077
402,AATGTCCTTTTGGG-1,4-5,0.06666666666666667,0.04265230456965119,0.0911572,False,0.06982427183538675
10619,GGCGGACTCGTTGA-1,8-9,0.06666666666666667,0.04265230456965119,0.34763244,False,0.06954040098935366
538,ACCACGCTTCATTC-1,4-5,0.13333333333333333,0.09746361251454151,0.061192088,False,0.0695783095434308
11585,TCACAACTTAACGC-1,8-9,0.2,0.17899996731707088,0.19104141,False,0.06976869329810143
6212,TTTATCCTCCCGTT-1,4-5,0.2,0.29043108933254325,0.059303373,False,0.0692985076457262
6871,ACCTCCGAAAGAAC-1,8-9,0.06666666666666667,0.07347739090382172,0.09115161,False,0.06956092920154333
3733,GATTCTACGAGCTT-1,4-5,0.3333333333333333,0.4305734084499024,0.86258984,False,0.06965831201523542
6457,AACTCGGAAGAGAT-1,8-9,0.06666666666666667,0.04265230456965119,0.22944379,False,0.07031913660466671
1837,CAACCAGACATGAC-1,4-5,0.3333333333333333,0.48462388826913855,0.012097545,False,0.06950723472982645
6403,AACCTTACGTTCTT-1,8-9,0.2,0.20176998794940923,0.1598883,False,0.0693765738978982
2220,CATCAACTGTTACG-1,4-5,0.06666666666666667,0.06600065503116892,0.8238823,False,0.0695163207128644
10942,GTCTGAGACTCATT-1,8-9,0.0,0.0,0.25998107,True,0.06969309039413929
613,ACGAACACACCTTT-1,4-5,0.2,0.2035924318970587,0.25766587,False,0.06989923678338528
9956,GAGTGGGACTAAGC-1,8-9,0.06666666666666667,0.05135849223864361,0.24260506,False,0.0695860031992197
3404,GACAGTACGTTGTG-1,4-5,0.13333333333333333,0.0974900145477079,0.17619759,False,0.06914017628878355
7543,AGTCACGACTTATC-1,8-9,0.06666666666666667,0.04481043185393461,0.45583016,False,0.06938749365508556
3598,GAGGTTACGCCAAT-1,4-5,0.06666666666666667,0.046105120275897894,0.52704257,False,0.06978814397007227
9903,GAGGATCTGCAGAG-1,8-9,0.0,0.0,0.62549543,True,0.06951397936791182
2198,CATACTACACGGGA-1,4-5,0.0,0.0,0.33812353,True,0.06969594862312078
7073,ACTCGCACTCGCCT-1,8-9,0.0,0.0,0.04501433,True,0.0695769777521491
4052,GCTACCTGTCTTAC-1,4-5,0.06666666666666667,0.04265230456965119,0.09893882,False,0.06959224492311478
7622,AGTTTAGAGTCAAC-1,8-9,0.06666666666666667,0.08530460913930238,0.21121988,False,0.06952763628214598
3586,GAGGTACTCGTTGA-1,4-5,0.06666666666666667,0.07347739090382172,0.2853839,False,0.07010116335004568
9563,CTTAGGGAATTCGG-1,8-9,0.7333333333333333,0.7969273238606371,0.015483693,False,0.07025293353945017
2708,CGCACGGATAGAAG-1,4-5,0.2,0.27926217787942487,0.2524472,False,0.06979930028319359
10113,GCACAAACGGTCAT-1,8-9,0.4666666666666667,0.5720866246927243,0.15045923,False,0.07004140224307775
1665,ATGTTGCTTTCCGC-1,4-5,0.13333333333333333,0.1267728847688893,0.3249524,False,0.06998135428875685
10287,GCCTGACTCTTGCC-1,8-9,0.13333333333333333,0.09401079680829481,0.27131665,False,0.06970332562923431
661,ACGCACCTCAACCA-1,4-5,0.06666666666666667,0.06600065503116892,0.09223739,False,0.06997690070420504
9910,GAGGGAACTGGATC-1,8-9,0.0,0.0,0.1453236,True,0.06904463935643435
5363,TCATCATGCCGTAA-1,4-5,0.13333333333333333,0.09024254247152179,0.42892003,False,0.069112503901124
10544,GGATGTTGCAGCTA-1,8-9,0.2,0.15823584225226187,0.28606954,False,0.06974488962441683
771,ACTACGGATGGTCA-1,4-5,0.13333333333333333,0.21819945618047537,0.16779642,False,0.07003508228808641
10841,GTAGTGTGTCTTTG-1,8-9,0.2,0.27202067220324494,0.20811006,False,0.0692959064617753
5680,TGAGTGACTCTCAT-1,4-5,0.06666666666666667,0.046105120275897894,0.033204205,False,0.06969592534005642
9084,CGCTACACGAAAGT-1,8-9,0.06666666666666667,0.17060921827860476,0.047354057,False,0.06963940430432558
4630,GTGATTCTTGAAGA-1,4-5,0.0,0.0,0.083509,True,0.06934073008596897
9824,GACGTATGTACGAC-1,8-9,0.0,0.0,0.29134977,True,0.06943945586681366
3943,GCCGACGAGGTCTA-1,4-5,0.06666666666666667,0.04265230456965119,0.3209556,False,0.06890683434903622
9859,GAGATCACGTTTCT-1,8-9,0.2,0.19612166242441204,0.14235447,False,0.06837894581258297
2184,CATAAAACGGCAAG-1,4-5,0.06666666666666667,0.049317124049935504,0.26530665,False,0.06962189543992281
10528,GGAGTTACGAAAGT-1,8-9,0.0,0.0,0.14167158,True,0.06947760935872793
779,ACTATCACAAGGGC-1,4-5,0.13333333333333333,0.13947804593499064,0.7609936,False,0.06926550902426243
7501,AGGTGTTGTGCCTC-1,8-9,0.13333333333333333,0.2313814480163251,0.24353944,False,0.06936948001384735
81,AAATGTTGCTCGAA-1,4-5,0.4666666666666667,0.4348312603940264,0.02701592,False,0.0693114260211587
10399,GCTCAAGAGCTAAC-1,8-9,0.3333333333333333,0.2728605345727183,0.3108027,False,0.07000281661748886
5779,TGCTAGGATAACCG-1,4-5,0.2,0.2090538859701793,0.110147886,False,0.06937843654304743
11195,TAATGATGTCGACA-1,8-9,0.06666666666666667,0.10764243204553911,0.14069633,False,0.0699364710599184
63,AAATCATGATGTGC-1,4-5,0.06666666666666667,0.04265230456965119,0.4904008,False,0.06975410599261522
10344,GCGGACTGGTCCTC-1,8-9,0.06666666666666667,0.08530460913930238,0.4998603,False,0.06999625265598297
409,AATTACGAGATGAA-1,4-5,0.0,0.0,0.18109629,True,0.06913543492555618
8614,CCACCATGGGAAGC-1,8-9,0.13333333333333333,0.10067561628857913,0.15320764,False,0.06935916561633348
2267,CATGTTTGGTCGAT-1,4-5,0.06666666666666667,0.17060921827860476,0.6164076,False,0.06983517296612263
6525,AAGCGTACACTTTC-1,8-9,0.13333333333333333,0.12483588314246533,0.07616506,False,0.06979904789477587
4847,TAATCGCTTCCCAC-1,4-5,0.0,0.0,0.097909555,True,0.06962408777326345
8088,CAAAGCACTAAGGA-1,8-9,0.26666666666666666,0.21821415905642377,0.5205468,False,0.06998986750841141
3783,GCAATTCTTGTAGC-1,4-5,0.13333333333333333,0.1346217331892379,0.29334384,False,0.06964979972690344
8337,CACTTATGCCGTTC-1,8-9,0.13333333333333333,0.09024254247152179,0.64322263,False,0.07002618722617626
1583,ATGATAACGTACGT-1,4-5,0.0,0.0,0.105179004,True,0.06969619914889336
11926,TGAGACACAGGAGC-1,8-9,0.3333333333333333,0.3069204518149626,0.020888079,False,0.0696419682353735
2754,CGCGGATGTACTCT-1,4-5,0.13333333333333333,0.21992634232854028,0.40924597,False,0.0696470970287919
12410,TTGAACCTGTTTGG-1,8-9,0.06666666666666667,0.04481043185393461,0.16317326,False,0.06975479796528816
675,ACGCCTTGACCACA-1,4-5,0.13333333333333333,0.11359089293303952,0.0124582425,False,0.06969756446778774
12523,TTTCGAACAAGTAG-1,8-9,0.2,0.2750691956066769,0.3760292,False,0.06972973048686981
2568,CCTGAGCTCTTGGA-1,4-5,0.06666666666666667,0.049317124049935504,0.27404764,False,0.06996855139732361
7239,AGAGTCACCGTTGA-1,8-9,0.2,0.1468071385976434,0.23410405,False,0.06970803439617157
5294,TCACCCGAGGTCAT-1,4-5,0.06666666666666667,0.05686973942620158,0.17881581,False,0.06968285143375397
6550,AAGGTGCTAAGCAA-1,8-9,0.13333333333333333,0.1587820000431241,0.11764036,False,0.06987378560006618
5179,TATCACTGAGAACA-1,4-5,0.13333333333333333,0.1346217331892379,0.6017085,False,0.06948598101735115
7737,ATAGTTGAGAAGGC-1,8-9,0.6,0.4757451745001662,0.09842467,False,0.06916936300694942
4524,GTATTCACGACACT-1,4-5,0.06666666666666667,0.04265230456965119,0.026950493,False,0.0697501515969634
9278,CTACGCACCCTGTC-1,8-9,0.13333333333333333,0.21819945618047537,0.04330577,False,0.06951097212731838
3855,GCAGGGCTCGTTAG-1,4-5,0.06666666666666667,0.05135849223864361,0.06129341,False,0.06940997298806906
7489,AGGTCTGAGCATCA-1,8-9,0.06666666666666667,0.08530460913930238,0.14398476,False,0.06906395964324474
4884,TACATAGAGATACC-1,4-5,0.0,0.0,0.10095437,True,0.06872507929801941
7327,AGCCTCACGTTCAG-1,8-9,0.0,0.0,0.46849597,True,0.06949261017143726
5968,TTACCATGACCTTT-1,4-5,0.2,0.2026637564091149,0.08266534,False,0.06966088991612196
9000,CGCAAATGGAGGAC-1,8-9,0.06666666666666667,0.06600065503116892,0.20095295,False,0.06951334699988365
2523,CCTAAGGACCTCGT-1,4-5,0.26666666666666666,0.2191045551755724,0.17412063,False,0.06983576435595751
10015,GATCATCTTGTGGT-1,8-9,0.4,0.4832252501379364,1.1033214,False,0.06983384396880865
3010,CTATCCCTTCGTTT-1,4-5,0.13333333333333333,0.09024254247152179,0.051595096,False,0.069865757599473
9762,GACATTCTGGGTGA-1,8-9,0.26666666666666666,0.33555860345028793,1.0112412,False,0.06961315497756004
5422,TCCCGATGCTGGAT-1,4-5,0.2,0.280278671834712,0.16420034,False,0.0699727525934577
11192,TAATGATGAGCCTA-1,8-9,0.13333333333333333,0.0954222443258334,0.10754545,False,0.06960828602313995
782,ACTCAGGAACCCAA-1,4-5,0.06666666666666667,0.17060921827860476,0.013431534,False,0.06973476614803076
8934,CGACCGGATAGACC-1,8-9,0.2,0.32090395489379503,0.35602358,False,0.06953137367963791
5263,TCAACACTGCTAAC-1,4-5,0.0,0.0,0.37006074,True,0.06932074669748545
10304,GCGAGCACCTGTGA-1,8-9,0.0,0.0,0.82879937,True,0.06941504217684269
3270,GAAACAGAGTATCG-1,4-5,0.06666666666666667,0.046105120275897894,0.27465817,False,0.06891448050737381
10388,GCTAGAACCCCTAC-1,8-9,0.13333333333333333,0.14217434856550396,0.06428101,False,0.06890549790114164
3222,CTTATCGACACTAG-1,4-5,0.06666666666666667,0.05135849223864361,0.094266385,False,0.06983125116676092
11779,TCGGACCTTAGAGA-1,8-9,0.26666666666666666,0.17723665522442203,0.027680047,False,0.06949816923588514
552,ACCAGTGATTTCGT-1,4-5,0.06666666666666667,0.0475902379018706,0.14793582,False,0.06989492196589708
10407,GCTCCATGAAACAG-1,8-9,0.0,0.0,0.24892476,True,0.06992422696202993
283,AAGGTGCTGTTGGT-1,4-5,0.26666666666666666,0.22381039917100548,0.6936736,False,0.06970517709851265
7674,ATACCGGAGTTTCT-1,8-9,0.0,0.0,0.0021367706,True,0.06969988904893398
157,AACGCAACTAACCG-1,4-5,0.2,0.2093226033256753,0.027654346,False,0.06916215922683477
7349,AGCGGCACAAGATG-1,8-9,0.0,0.0,0.24149786,True,0.06984809879213572
5441,TCCGGACTGAAACA-1,4-5,0.06666666666666667,0.043668798524938345,0.020849377,False,0.06962565053254366
6417,AACGCAACTTTCGT-1-1,8-9,0.2,0.1715833166228239,0.09636545,False,0.06957465596497059
2926,CTAATAGAGAATGA-1,4-5,0.4,0.3679734975950842,0.54349387,False,0.0692237513139844
8301,CACTAGGATTGAGC-1,8-9,0.2,0.16473642733063065,0.10942531,False,0.07013680785894394
5105,TAGTAATGTGAGCT-1,4-5,0.13333333333333333,0.16146364806830865,0.32370627,False,0.06964953057467937
9653,GAACGGGACAGATC-1,8-9,0.0,0.0,0.5292852,True,0.06947750225663185
755,ACGTTGGAGGACGA-1,4-5,0.0,0.0,0.42920512,True,0.06939116958528757
9181,CGTACCTGCCCAAA-1,8-9,0.26666666666666666,0.3104469408961213,0.29354578,False,0.06910837721079588
1198,AGGTGGGATATTCC-1,4-5,0.13333333333333333,0.11714618942876005,0.17037824,False,0.06895272899419069
7620,AGTTTAGAGCTGTA-1,8-9,0.26666666666666666,0.22682065092244405,0.6440735,False,0.06954714562743902
5603,TGAAGCACGGGACA-1,4-5,0.06666666666666667,0.06077222973772036,0.012952685,False,0.06932352110743523
6442,AACGTTCTCCGAAT-1,8-9,0.13333333333333333,0.10558266159165496,0.047579437,False,0.06878799945116043
2139,CAGGAACTTTGACG-1,4-5,0.2,0.18976458646737454,0.4562837,False,0.068874541670084
11990,TGCAAGTGTGAAGA-1,8-9,0.2,0.1715833166228239,0.29426253,False,0.06870544236153364
5495,TCGCAAGAGGCATT-1,4-5,0.2,0.15478302654601517,0.17740148,False,0.06918997783213854
11730,TCCTAATGACACAC-1,8-9,0.06666666666666667,0.17060921827860476,0.35575345,False,0.06913549732416868
3919,GCCCAACTTCAGAC-1,4-5,0.06666666666666667,0.046105120275897894,0.052406922,False,0.06965339090675116
10911,GTCCAGCTTTATCC-1,8-9,0.06666666666666667,0.04265230456965119,0.22315128,False,0.06900209188461304
3683,GATCGATGTCCCGT-1,4-5,0.2,0.14261752866545255,0.39697808,False,0.06930683925747871
10189,GCATCAGAGTCTGA-1,8-9,0.06666666666666667,0.046105120275897894,0.14685404,False,0.06912044156342745
226,AAGACAGACCGTTC-1,4-5,0.06666666666666667,0.05135849223864361,0.4216936,False,0.06906100083142519
9290,CTACTATGTGCCAA-1,8-9,0.13333333333333333,0.14217434856550396,0.2390992,False,0.06875953450798988
3014,CTATGACTTCTATC-1,4-5,0.06666666666666667,0.05135849223864361,0.30160475,False,0.06944829877465963
10466,GGACAACTGCAGAG-1,8-9,0.06666666666666667,0.05686973942620158,0.059481032,False,0.06963013578206301
3344,GAAGGTCTAGATCC-1,4-5,0.0,0.0,0.13187735,True,0.06950391549617052
6327,AAATGGGATTTGTC-1,8-9,0.0,0.0,0.49824065,True,0.06952075008302927
92,AAATTGACTGACCA-1,4-5,0.0,0.0,0.2347169,True,0.06966765969991684
6696,AATTGTGAGGAGCA-1,8-9,0.0,0.0,0.2545086,True,0.06944864988327026
1128,AGGATAGACTTCTA-1,4-5,0.13333333333333333,0.21427801680354308,0.17786272,False,0.06933426763862371
7392,AGCTTTACATCGGT-1,8-9,0.0,0.0,0.4968754,True,0.06920618936419487
6044,TTCAAGCTCAGATC-1,4-5,0.0,0.0,0.1208536,True,0.06974481698125601
9979,GATACTCTAATCGC-1,8-9,0.26666666666666666,0.3157415561385987,0.24508208,False,0.06901170872151852
5713,TGCAAGTGGACGTT-1,4-5,0.0,0.0,0.4660489,True,0.0693102702498436
8979,CGAGGGCTGTCTAG-1,8-9,0.0,0.0,0.18577838,True,0.06941374950110912
1418,ATAGGAGAGCCCTT-1,4-5,0.26666666666666666,0.3111853787553492,0.511985,False,0.06912191957235336
9687,GAAGGGTGTTCTTG-1,8-9,0.2,0.17046063235924108,0.19415541,False,0.06878730095922947
2621,CGACCACTTGCAAC-1,4-5,0.0,0.0,0.43178833,True,0.06929170712828636
7216,AGAGATGAGGGATG-1,8-9,0.06666666666666667,0.17060921827860476,0.30865422,False,0.06948241777718067
1244,AGTAGGCTGTAGGG-1,4-5,0.06666666666666667,0.05686973942620158,0.14902556,False,0.06970054470002651
8794,CCGAAAACCGATAC-1,8-9,0.13333333333333333,0.09992633629866744,0.06268078,False,0.06941255647689104
4388,GGTCAAACCTGTAG-1,4-5,0.06666666666666667,0.17060921827860476,0.20935191,False,0.0691687436774373
8499,CATCCCGACCAATG-1,8-9,0.2,0.20627407992224328,0.55394566,False,0.06968493573367596
5320,TCAGACGACTTGCC-1,4-5,0.13333333333333333,0.24408660918242647,0.09500346,False,0.06952887494117022
8863,CCTATTGACCAACA-1,8-9,0.0,0.0,0.07563192,True,0.06914708390831947
5187,TATCCAACCTTATC-1,4-5,0.0,0.0,0.33211288,True,0.06969100050628185
6845,ACCCGTTGTGTTCT-1,8-9,0.0,0.0,0.21272844,True,0.07014738582074642
2422,CCCAACTGCTATTC-1,4-5,0.3333333333333333,0.474599435685336,0.21965341,False,0.06963617540895939
10174,GCAGTCCTACCAAC-1,8-9,0.06666666666666667,0.0475902379018706,0.22257133,False,0.06972004286944866
1536,ATCTACTGACCTCC-1,4-5,0.2,0.30072425927184177,0.04174675,False,0.06933922227472067
7913,ATGCGCCTTGGTGT-1,8-9,0.0,0.0,0.117168404,True,0.06970231793820858
1792,ATTTCGTGCACTCC-1,4-5,0.06666666666666667,0.043668798524938345,0.15635659,False,0.06936527788639069
8535,CATGGATGGACGTT-1,8-9,0.06666666666666667,0.06077222973772036,0.5064503,False,0.06924107577651739
4752,GTTGATCTCCTTCG-1,4-5,0.4666666666666667,0.4431062069268003,0.19176601,False,0.06920770648866892
11049,GTTATCTGCAAAGA-1,8-9,0.0,0.0,0.3082252,True,0.06959870923310518
3957,GCCTAGCTATCTCT-1,4-5,0.06666666666666667,0.053821216022769555,0.30908996,False,0.06917669251561165
6246,AAACATACTGTCAG-1,8-9,0.0,0.0,0.4308666,True,0.06908683571964502
3108,CTGAATCTGTGAGG-1,4-5,0.13333333333333333,0.24408660918242647,0.079392135,False,0.06956586427986622
7623,AGTTTCACAAGAGT-1,8-9,0.0,0.0,0.3905943,True,0.06900053191930056
11,AAACGCACGCTTAG-1,4-5,0.0,0.0,0.0044903643,True,0.06934207119047642
12129,TGTAAAACAAACAG-1,8-9,0.2,0.1488485067863515,0.28234258,False,0.07008314039558172
1987,CACATGGATCTCCG-1,4-5,0.06666666666666667,0.04265230456965119,0.62168235,False,0.06964934058487415
10467,GGACAACTTCTACT-1,8-9,0.06666666666666667,0.04265230456965119,0.037562575,False,0.06881834100931883
1164,AGGGCCTGACGGGA-1,4-5,0.2,0.32435677060004175,0.3332029,False,0.06974750384688377
6925,ACGATTCTCAGGAG-1,8-9,0.26666666666666666,0.256272014590832,0.19025655,False,0.06965666636824608
3963,GCCTCAACCTCGCT-1,4-5,0.2,0.33902388006186424,0.30536857,False,0.06966512277722359
8537,CATGGATGGTGTTG-1,8-9,0.3333333333333333,0.2795985904466166,0.019566469,False,0.06965753622353077
5237,TATGGTCTTTTACC-1,4-5,0.0,0.0,0.53675306,True,0.0696373712271452
8000,ATTCCATGCTAAGC-1,8-9,0.06666666666666667,0.10764243204553911,0.8465369,False,0.06918551959097385
2614,CGACAAACGGCAAG-1,4-5,0.13333333333333333,0.11008935378765586,0.33256537,False,0.06921251956373453
7272,AGCAACACGACGAG-1,8-9,0.0,0.0,0.27107733,True,0.06909309979528189
1888,CAAGCTGAAAGAAC-1,4-5,0.06666666666666667,0.046105120275897894,0.448549,False,0.06900706887245178
7735,ATAGTCCTTAAGGA-1,8-9,0.06666666666666667,0.06077222973772036,0.06956981,False,0.06913337577134371
299,AAGTGCACCGAACT-1,4-5,0.0,0.0,0.39875236,True,0.06927924882620573
10378,GCTACCTGCGCATA-1,8-9,0.4,0.43950885991536137,0.11465148,False,0.06945888325572014
1249,AGTATAACGACAAA-1,4-5,0.2,0.21260321606589364,0.17340146,False,0.06886129826307297
9821,GACGTATGGGAGTG-1,8-9,0.2,0.14823496616130616,0.5016375,False,0.06978878658264875
1146,AGGCCTCTACTCAG-1,4-5,0.06666666666666667,0.04265230456965119,0.10987503,False,0.06931497622281313
10663,GGGATTACGAATCC-1,8-9,0.26666666666666666,0.20266038406855785,0.7251855,False,0.06948097702115774
5265,TCAACACTTTGTCT-1,4-5,0.0,0.0,0.24572462,True,0.06954093649983406
12343,TTCATGTGCCTATT-1,8-9,0.13333333333333333,0.21819945618047537,0.35780144,False,0.06888154242187738
5175,TATAGCCTGAAAGT-1,4-5,0.13333333333333333,0.22747895770480633,0.34615517,False,0.06907934788614511
7724,ATAGGAGACTGCAA-1,8-9,0.06666666666666667,0.04265230456965119,0.2723781,False,0.0695570595562458
5806,TGGACCCTCCGTAA-1,4-5,0.06666666666666667,0.17060921827860476,0.25873625,False,0.06928114499896765
6248,AAACATTGGTCTAG-1,8-9,0.0,0.0,0.09881692,True,0.06949014775454998
1403,ATAGATTGGTACGT-1,4-5,0.0,0.0,0.03884588,True,0.06962283235043287
11277,TACGTACTCATGCA-1,8-9,0.0,0.0,0.06988732,True,0.06915444880723953
2669,CGAGCGTGTCGCCT-1,4-5,0.0,0.0,0.31682873,True,0.06972665525972843
11040,GTTAGGTGTTCATC-1,8-9,0.13333333333333333,0.22443043430137433,0.36145428,False,0.0697807278484106
3607,GAGTAAGAGTAGCT-1,4-5,0.06666666666666667,0.049317124049935504,0.06934656,False,0.06991620734333992
10144,GCACTAGAGCAGAG-1,8-9,0.26666666666666666,0.2547547139432625,0.44424546,False,0.06970976386219263
3036,CTCAGAGATCTCCG-1-1,4-5,0.13333333333333333,0.09992633629866744,0.5996624,False,0.069186270236969
6930,ACGCAATGTTTGTC-1,8-9,0.13333333333333333,0.11714618942876005,0.020946994,False,0.06968419440090656
3666,GATATTGAATTCGG-1,4-5,0.26666666666666666,0.38138999039684895,0.97301626,False,0.06937144603580236
7917,ATGGACACCTCCCA-1,8-9,0.26666666666666666,0.4085987806541672,0.1597564,False,0.06880176160484552
1482,ATCCGCACAGCATC-1,4-5,0.06666666666666667,0.06600065503116892,0.047754258,False,0.06896934378892183
9157,CGGTACCTGTCTGA-1,8-9,0.0,0.0,0.06546872,True,0.06954160612076521
2392,CCATATACAACCGT-1,4-5,0.0,0.0,0.15192008,True,0.06945785786956549
8723,CCCACATGAGTGTC-1,8-9,0.3333333333333333,0.2862381070597953,0.32232177,False,0.0691487779840827
2939,CTACAACTGTGAGG-1,4-5,0.2,0.27679608175474185,0.019384332,False,0.06978730205446482
8866,CCTCATCTCAGAAA-1,8-9,0.2,0.2646200150868996,0.08071686,False,0.06992784049361944
2479,CCGAAAACCAGTTG-1,4-5,0.0,0.0,0.43140554,True,0.069770279340446
10200,GCATGTGACTATGG-1,8-9,0.13333333333333333,0.11081108688510354,0.061515383,False,0.06990553345531225
818,ACTGTGGAAACCTG-1,4-5,0.26666666666666666,0.23807455530258614,0.24395195,False,0.06990019790828228
9638,GAACACACCTTCCG-1,8-9,0.06666666666666667,0.05135849223864361,0.49349666,False,0.06940251961350441
2645,CGACTCTGGACACT-1,4-5,0.0,0.0,0.79868436,True,0.06950668804347515
7796,ATCGACGACCAAGT-1,8-9,0.3333333333333333,0.4638348165350324,0.12365643,False,0.06971016712486744
4144,GGACCCGAGCTCCT-1,4-5,0.06666666666666667,0.05135849223864361,0.004463613,False,0.06940393801778555
11640,TCAGTTACGTCCTC-1,8-9,0.13333333333333333,0.22443043430137433,0.032888874,False,0.06979863997548819
4287,GGGAAGACACCAAC-1,4-5,0.06666666666666667,0.053821216022769555,0.06733435,False,0.06948381196707487
7210,AGAGAATGACGTAC-1,8-9,0.13333333333333333,0.09298592257487384,0.3684891,False,0.06978618446737528
572,ACCCAGCTCGAGTT-1,4-5,0.06666666666666667,0.04481043185393461,0.23443544,False,0.06920387875288725
7452,AGGGCCACAGGTCT-1,8-9,0.2,0.140232676179768,0.008556426,False,0.06981761567294598
4418,GTAAGCTGTTCAGG-1,4-5,0.0,0.0,0.5319991,True,0.06954658962786198
7355,AGCGGCACTCAGGT-1,8-9,0.2,0.1363476627474197,0.14381622,False,0.06904149521142244
2402,CCATGCTGAAGGGC-1,4-5,0.0,0.0,0.6847961,True,0.06957486364990473
11669,TCCACGTGGGAGCA-1,8-9,0.06666666666666667,0.06600065503116892,0.18008193,False,0.06968346517533064
313,AAGTTCCTTCCGAA-1,4-5,0.13333333333333333,0.22196771051724837,0.3801913,False,0.0693900678306818
12408,TTGAACCTACCTTT-1,8-9,0.0,0.0,0.21004148,True,0.06914610043168068
1310,AGTTCTTGAAGCAA-1,4-5,0.3333333333333333,0.3919186220134908,0.43078423,False,0.06969073694199324
9519,CTGGCACTGATACC-1,8-9,0.06666666666666667,0.06600065503116892,0.26387048,False,0.06956493388861418
4338,GGGTAACTGAGGAC-1,4-5,0.06666666666666667,0.049317124049935504,0.54290795,False,0.06961467210203409
6332,AAATTCGACACTAG-1,8-9,0.06666666666666667,0.07347739090382172,0.48286468,False,0.06975381821393967
4285,GGGAACGAGGCGAA-1,4-5,0.0,0.0,0.31592998,True,0.06976797245442867
11446,TAGTTAGACTGAGT-1,8-9,0.06666666666666667,0.04481043185393461,0.30504942,False,0.06902464758604765
1048,AGCGATACGCCCTT-1,4-5,0.06666666666666667,0.07347739090382172,0.47530043,False,0.06919166445732117
7209,AGAGAAACGTCACA-1,8-9,0.0,0.0,2.7149916e-05,True,0.06949978228658438
4379,GGTATCGAACTCAG-1,4-5,0.0,0.0,0.18719646,True,0.06963857263326645
8932,CGACCGGAATGCCA-1,8-9,0.0,0.0,0.21374542,True,0.06945827510207891
147,AACCTTTGCCGATA-1,4-5,0.0,0.0,0.42426962,True,0.06975073553621769
12249,TTAGACCTAACTGC-1-1,8-9,0.06666666666666667,0.17060921827860476,1.6282525,False,0.06960275769233704
2166,CAGTGATGCCGATA-1,4-5,0.13333333333333333,0.12729860692659126,0.19952162,False,0.06952618528157473
10629,GGCTAATGGGTCTA-1,8-9,0.13333333333333333,0.21671433855450267,0.12684426,False,0.06957894936203957
2499,CCGCGAGAGTCAAC-1,4-5,0.4666666666666667,0.5984565497242703,0.32773972,False,0.06929508503526449
9024,CGCAGGACGCGTTA-1,8-9,0.2,0.18183985854341267,0.5860169,False,0.06976630631834269
3840,GCAGCGTGTGATGC-1,4-5,0.3333333333333333,0.2851301568760385,0.0018709041,False,0.07019536755979061
9987,GATAGCACAGTGCT-1,8-9,0.13333333333333333,0.1289734076642407,0.04636108,False,0.06993100233376026
3658,GATATATGGTGTAC-1,4-5,0.0,0.0,0.14121725,True,0.06965731363743544
8559,CATTGACTACGCAT-1,8-9,0.26666666666666666,0.20100490591748837,0.39709723,False,0.06948825996369123
400,AATGTCCTCTGCAA-1,4-5,0.0,0.0,0.04923971,True,0.06939569395035505
6649,AATCTCTGAGCAAA-1,8-9,0.0,0.0,0.5141848,True,0.07029164396226406
6136,TTCTTACTAGACTC-1,4-5,0.06666666666666667,0.043668798524938345,0.3251132,False,0.06955513544380665
9813,GACGGCACTTACTC-1-1,8-9,0.06666666666666667,0.046105120275897894,0.19189544,False,0.06958742253482342
5994,TTAGACCTTAGAAG-1,4-5,0.0,0.0,0.21452405,True,0.06965845357626677
7048,ACTATCACAGTGCT-1,8-9,0.13333333333333333,0.08746273642358579,0.1639286,False,0.06967596895992756
5661,TGAGCAACGGTTAC-1,4-5,0.06666666666666667,0.07347739090382172,0.45489118,False,0.06965728010982275
7401,AGGAACCTTCTTTG-1,8-9,0.06666666666666667,0.10764243204553911,0.024294674,False,0.06983277574181557
2033,CACGATGAGTTCAG-1,4-5,0.13333333333333333,0.1314097294152003,0.7987714,False,0.07003897055983543
12127,TGGTTACTCTAGAC-1,8-9,0.13333333333333333,0.16146364806830865,0.29877,False,0.07000458240509033
807,ACTGCCACGTACGT-1,4-5,0.06666666666666667,0.0475902379018706,0.39255926,False,0.06991577241569757
10712,GGTACAACAAAACG-1-1,8-9,0.3333333333333333,0.46669459953615133,0.1999137,False,0.06962711364030838
3366,GAATGCTGACGGTT-1,4-5,0.26666666666666666,0.2051355936166513,0.39989623,False,0.06946263369172812
7286,AGCATCGACATACG-1,8-9,0.5333333333333333,0.5326610190562574,0.20306793,False,0.06960918381810188
5535,TCGTTATGGGGCAA-1,4-5,0.26666666666666666,0.2764239692070461,0.710129,False,0.06956031825393438
7169,AGACACACAAGATG-1,8-9,0.0,0.0,0.12700818,True,0.06982112862169743
5025,TAGAGCACTGGTGT-1,4-5,0.06666666666666667,0.05686973942620158,0.3716407,False,0.06934216991066933
11982,TGATTCTGTGTGCA-1,8-9,0.13333333333333333,0.09298592257487384,0.4443367,False,0.06942232884466648
2721,CGCAGGACTACTGG-1,4-5,0.06666666666666667,0.043668798524938345,0.10096109,False,0.06964126881211996
6333,AAATTCGAGTATCG-1,8-9,0.06666666666666667,0.043668798524938345,0.052036032,False,0.06930468883365393
389,AATGGAGATCAGGT-1,4-5,0.0,0.0,0.23597619,True,0.06921928748488426
9959,GAGTGTTGAAAAGC-1,8-9,0.6,0.5900310151080259,0.18489955,False,0.06970599759370089
560,ACCATTTGGACAAA-1,4-5,0.06666666666666667,0.04481043185393461,0.5867088,False,0.06935833767056465
12291,TTATGGCTCTAGTG-1,8-9,0.06666666666666667,0.04481043185393461,0.2436336,False,0.06956974603235722
2675,CGAGGCTGACCGAT-1,4-5,0.13333333333333333,0.21819945618047537,0.093171686,False,0.06960014719516039
9928,GAGGTTACTTCTAC-1,8-9,0.06666666666666667,0.043668798524938345,0.23200467,False,0.06998204160481691
2150,CAGGGCACCTAGCA-1,4-5,0.0,0.0,0.29467672,True,0.06968081742525101
8684,CCAGTGCTTTTGGG-1,8-9,0.06666666666666667,0.049317124049935504,0.29250798,False,0.06970720179378986
1448,ATCAAATGACGGTT-1,4-5,0.0,0.0,0.1274253,True,0.06912775617092848
8445,CAGTGTGATTCATC-1,8-9,0.4,0.5110728336639844,0.23271471,False,0.06972628552466631
3995,GCGCACGACTTGAG-1,4-5,0.06666666666666667,0.06077222973772036,0.19701143,False,0.06946737039834261
12211,TGTTACTGTGAAGA-1,8-9,0.06666666666666667,0.06600065503116892,0.12192193,False,0.06966293696314096
2179,CAGTTTACGGGAGT-1,4-5,0.06666666666666667,0.043668798524938345,0.061431915,False,0.069444396533072
9186,CGTCAAGAAGTGTC-1,8-9,0.13333333333333333,0.14217434856550396,0.060164213,False,0.06927728652954102
49,AAAGTTTGCTGCTC-1,4-5,0.06666666666666667,0.06077222973772036,0.06635918,False,0.0696536535397172
7760,ATCACGGATGGTGT-1,8-9,0.2,0.24676825720761103,0.24589664,False,0.06940626632422209
1481,ATCCCGTGGCTTCC-1,4-5,0.0,0.0,0.8522836,True,0.06965620163828135
12263,TTAGGGACCACAAC-1,8-9,0.06666666666666667,0.07347739090382172,0.026278786,False,0.06913728080689907
2116,CAGCCTTGTGTCCC-1,4-5,0.0,0.0,0.094803184,True,0.06915722601115704
12318,TTCACCCTTGCAAC-1,8-9,0.06666666666666667,0.0475902379018706,0.26455468,False,0.0690388772636652
3188,CTGTGAGAGGTGAG-1,4-5,0.06666666666666667,0.10764243204553911,0.3117631,False,0.06954079028218985
11432,TAGTCTTGCGAACT-1,8-9,0.3333333333333333,0.33365116657561467,0.68952733,False,0.06937015615403652
5989,TTAGAATGGTGCTA-1,4-5,0.26666666666666666,0.29325054492572483,0.35082364,False,0.06967316288501024
11817,TCTAGACTGGACTT-1,8-9,0.13333333333333333,0.11982187105393848,0.036826354,False,0.06946076452732086
5568,TCTCAAACTCTCAT-1,4-5,0.06666666666666667,0.04481043185393461,0.5738451,False,0.07004026044160128
10050,GATGCATGAACCAC-1,8-9,0.0,0.0,0.47327536,True,0.06945592816919088
6192,TTGTAGCTCGCCTT-1,4-5,0.0,0.0,0.14260325,True,0.07008479349315166
7707,ATAGATTGGTAAAG-1,8-9,0.0,0.0,0.1341824,True,0.06949236989021301
4091,GCTGATGACGTAGT-1,4-5,0.06666666666666667,0.06077222973772036,0.15375063,False,0.06946285162121058
9132,CGGCATCTTGTTTC-1,8-9,0.13333333333333333,0.1587820000431241,0.44005397,False,0.06951260566711426
3472,GACGTAACTGGTGT-1,4-5,0.06666666666666667,0.05135849223864361,0.13183878,False,0.06963683385401964
10099,GCAACTGATGAGCT-1,8-9,0.06666666666666667,0.043668798524938345,0.006606132,False,0.06993979774415493
3869,GCATCAGATCTCGC-1,4-5,0.26666666666666666,0.37892726661272297,0.21403831,False,0.06974435597658157
10330,GCGCGAACTCGCAA-1,8-9,0.13333333333333333,0.11008935378765586,0.111793146,False,0.06944349780678749
6197,TTTAGAGAAGTTCG-1,4-5,0.13333333333333333,0.10445997732807218,0.121535,False,0.06913673877716064
11150,TAAGAGGAGTCAAC-1,8-9,0.0,0.0,0.1411403,True,0.0698834527283907
1752,ATTGCTACGACACT-1,4-5,0.0,0.0,0.28933007,True,0.06974359136074781
11064,GTTCAACTGTGCTA-1,8-9,0.2,0.2934796127359752,0.105811104,False,0.06997911538928747
4639,GTGCCACTTCTACT-1,4-5,0.06666666666666667,0.17060921827860476,0.33433843,False,0.0696432376280427
12126,TGGTTACTCACTAG-1,8-9,0.13333333333333333,0.13912582516207192,0.08400409,False,0.06981469132006168
3362,GAAGTGCTGTGTAC-1,4-5,0.06666666666666667,0.049317124049935504,0.48044312,False,0.06977557204663754
7547,AGTCAGACCCAATG-1,8-9,0.0,0.0,0.07824047,True,0.0700096134096384
5613,TGACACGACTACGA-1,4-5,0.13333333333333333,0.22443043430137433,0.16629927,False,0.06976810563355684
11097,TAAACAACCAGTCA-1,8-9,0.0,0.0,0.017821014,True,0.07020654156804085
3980,GCGACTCTACCCTC-1,4-5,0.0,0.0,0.2065511,True,0.069960568100214
8544,CATGTTTGGGTGGA-1,8-9,0.0,0.0,0.037630722,True,0.06978672742843628
5317,TCAGACGAAGCTAC-1,4-5,0.3333333333333333,0.38544904135556196,0.19142917,False,0.06999626290053129
12008,TGCATGGATTCTCA-1,8-9,0.13333333333333333,0.24408660918242647,0.22851656,False,0.06955379527062178
2633,CGACCTACTCACCC-1,4-5,0.06666666666666667,0.08530460913930238,0.13571848,False,0.06941842753440142
8913,CGAAGGGAGGATCT-1,8-9,0.26666666666666666,0.4149147517020899,0.33435324,False,0.0689942454919219
3961,GCCTCAACAGTGTC-1,4-5,0.13333333333333333,0.11069095544897115,0.4642818,False,0.06965911760926247
6951,ACGCGGTGGCGAGA-1,8-9,0.26666666666666666,0.21127374533263016,0.19284894,False,0.07013716641813517
3057,CTCCATCTGGACTT-1,4-5,0.13333333333333333,0.08847923037887294,0.22942361,False,0.0698444414883852
10530,GGAGTTTGGGTAGG-1,8-9,0.06666666666666667,0.08530460913930238,0.4169863,False,0.06984569504857063
5129,TAGTCTTGGTCACA-1,4-5,0.3333333333333333,0.2683705471384976,0.2758939,False,0.07027777936309576
8906,CGAACATGCTAAGC-1,8-9,0.06666666666666667,0.053821216022769555,0.20287302,False,0.07006473280489445
1082,AGCTCGCTGGAGGT-1,4-5,0.06666666666666667,0.0475902379018706,0.2023668,False,0.07006552163511515
7797,ATCGACGAGACACT-1,8-9,0.3333333333333333,0.3096986142296148,0.23032455,False,0.06981092505156994
1040,AGCCTCTGCCTTAT-1,4-5,0.0,0.0,0.44304848,True,0.06977731641381979
9281,CTACGCACTCGTTT-1,8-9,0.26666666666666666,0.36414205908275227,0.21543764,False,0.06999076623469591
5631,TGACGATGCTGACA-1,4-5,0.3333333333333333,0.3047448476515087,0.26641813,False,0.06974080856889486
6363,AACACTCTAGCGTT-1,8-9,0.2,0.21845351893064263,0.35792446,False,0.0697248699143529
3220,CTTAGGGACGTAAC-1,4-5,0.2,0.14433247584978737,0.33991227,False,0.0694439597427845
11528,TATGAATGACACTG-1,8-9,0.06666666666666667,0.06077222973772036,0.21191771,False,0.06930918339639902
1800,ATTTCTCTGCCAAT-1,4-5,0.13333333333333333,0.14607683887702272,0.30666208,False,0.06937079131603241
8280,CACGATGAGTGAGG-1,8-9,0.4,0.33520673887517766,0.1937999,False,0.06946480553597212
4878,TACACACTCTGGAT-1,4-5,0.06666666666666667,0.043668798524938345,0.07679797,False,0.06948652397841215
9272,CTAATGCTGTGTTG-1,8-9,0.2,0.17242612104433594,0.12673679,False,0.06960578542202711
4853,TAATGAACTCGTAG-1,4-5,0.13333333333333333,0.12795691370895357,0.11729089,False,0.06955463346093893
10599,GGCCGAACTCAGTG-1,8-9,0.0,0.0,0.18061246,True,0.06979402154684067
5656,TGAGACACAAAAGC-1,4-5,0.26666666666666666,0.283862593314674,0.059640024,False,0.0695758992806077
8631,CCACTGACTGCTGA-1,8-9,0.13333333333333333,0.08847923037887294,0.5617465,False,0.06934395898133516
1001,AGCAAGCTTGTGAC-1,4-5,0.0,0.0,0.26399037,True,0.06954765692353249
7125,ACTTCTGACCGTAA-1,8-9,0.06666666666666667,0.05135849223864361,0.19318527,False,0.06955936644226313
4345,GGGTTAACCAGGAG-1,4-5,0.13333333333333333,0.21427801680354308,0.06826724,False,0.06980390101671219
10820,GTAGCTGAGAAAGT-1,8-9,0.0,0.0,0.27249876,True,0.06979548092931509
903,AGACGTACAAGGTA-1,4-5,0.26666666666666666,0.33242508711983215,0.43055943,False,0.06971698720008135
10408,GCTCCATGCATTCT-1,8-9,0.06666666666666667,0.07347739090382172,0.11107962,False,0.06967703718692064
1971,CACAGCCTCCCACT-1,4-5,0.06666666666666667,0.0475902379018706,0.5007618,False,0.06934707332402468
9957,GAGTGGGACTCCAC-1,8-9,0.2,0.3320728663469134,0.07222745,False,0.06955051887780428
1724,ATTCTTCTTTTCTG-1,4-5,0.06666666666666667,0.04481043185393461,0.0027092285,False,0.06929612997919321
7725,ATAGGAGAGAGGTG-1,8-9,0.13333333333333333,0.0919694286195867,0.3868147,False,0.06976260710507631
5267,TCAAGGACGTAAAG-1,4-5,0.13333333333333333,0.11359089293303952,0.4769094,False,0.06969308666884899
8019,ATTGAAACGTGCTA-1,8-9,0.13333333333333333,0.10618686347613708,0.5070336,False,0.06921891216188669
5487,TCGATACTGGGCAA-1,4-5,0.13333333333333333,0.1552326699474097,0.30645838,False,0.06896223034709692
8926,CGACAAACATCGGT-1,8-9,0.13333333333333333,0.09401079680829481,0.30423367,False,0.06910382490605116
5000,TACTTTCTTGCAAC-1,4-5,0.0,0.0,0.3676335,True,0.06966101191937923
9504,CTGGAAACCGAGAG-1,8-9,0.13333333333333333,0.1502947366151903,0.16860005,False,0.06993787921965122
5300,TCACCGTGCGAATC-1,4-5,0.13333333333333333,0.1929470411848415,0.13533217,False,0.07004960160702467
8254,CACCGTACAAGCCT-1,8-9,0.13333333333333333,0.13947804593499064,0.8669172,False,0.06937702000141144
2567,CCTGAGCTACCCAA-1,4-5,0.13333333333333333,0.16146364806830865,0.10815351,False,0.0699235973879695
10758,GGTTTACTGGCAAG-1,8-9,0.06666666666666667,0.043668798524938345,0.030309752,False,0.07000518497079611
5478,TCGAGAACGAAACA-1,4-5,0.06666666666666667,0.07347739090382172,0.5363493,False,0.06957478262484074
12361,TTCCATGATTGCAG-1,8-9,0.0,0.0,0.09148543,True,0.06967433076351881
3320,GAAGAATGCCTATT-1,4-5,0.2,0.21106696635291064,0.360776,False,0.06954287830740213
10206,GCCAAAACTGCTCC-1,8-9,0.26666666666666666,0.23348884274328546,0.012492202,False,0.06962708476930857
2035,CACGCTACATTTCC-1,4-5,0.06666666666666667,0.053821216022769555,0.4853316,False,0.06913395877927542
12051,TGGAAAGACCCAAA-1,8-9,0.3333333333333333,0.48839214260591157,0.13784944,False,0.06946535687893629
5463,TCGACCTGAGAATG-1,4-5,0.06666666666666667,0.05135849223864361,0.21691793,False,0.06958857271820307
6773,ACAGTTCTCCCTAC-1,8-9,0.0,0.0,0.27055445,True,0.06962320953607559
430,ACAAGAGAGACAAA-1,4-5,0.06666666666666667,0.10764243204553911,0.651014,False,0.06934748124331236
6744,ACACGAACCTCTAT-1,8-9,0.13333333333333333,0.09401079680829481,0.26184398,False,0.06993733439594507
4291,GGGAAGACGTTAGC-1,4-5,0.0,0.0,0.032667745,True,0.06986970268189907
11775,TCGCCATGGACAGG-1,8-9,0.06666666666666667,0.049317124049935504,0.2031981,False,0.06976298429071903
2360,CCAGAAACGTTGAC-1,4-5,0.0,0.0,0.26973933,True,0.06988146621733904
8734,CCCAGACTTTCATC-1,8-9,0.13333333333333333,0.09952204399585277,0.30185592,False,0.06975948717445135
4419,GTAATAACAGTTCG-1,4-5,0.13333333333333333,0.22747895770480633,0.2860806,False,0.069084825925529
8277,CACGACCTCTGCAA-1,8-9,0.2,0.13767959533323315,0.5181697,False,0.06959135737270117
2524,CCTAAGGAGACGTT-1,4-5,0.0,0.0,0.8349564,True,0.06978999637067318
9082,CGCTACACAAAACG-1,8-9,0.2,0.20510604456008064,0.14190978,False,0.06948438473045826
1577,ATGAGAGACTTGTT-1,4-5,0.06666666666666667,0.053821216022769555,0.18368626,False,0.06982087530195713
6579,AAGTCCGAGGTTCA-1,8-9,0.06666666666666667,0.053821216022769555,0.08710761,False,0.06958638783544302
83,AAATGTTGTCTCCG-1,4-5,0.0,0.0,0.21642962,True,0.06925732642412186
6481,AAGAGATGAGAGAT-1,8-9,0.06666666666666667,0.0475902379018706,0.14050928,False,0.0690896026790142
718,ACGGTATGTGGTGT-1,4-5,0.0,0.0,0.050012454,True,0.06952474359422922
10675,GGGCAGCTAAGATG-1,8-9,0.2,0.17146318518669149,0.10433416,False,0.0697528263553977
3589,GAGGTACTTATGCG-1,4-5,0.06666666666666667,0.10764243204553911,0.23117122,False,0.0693664001300931
11462,TATAAGTGCTGTGA-1,8-9,0.06666666666666667,0.08530460913930238,0.23545532,False,0.06911057326942682
4159,GGACGCACTCTTTG-1,4-5,0.06666666666666667,0.17060921827860476,0.05653031,False,0.06921118218451738
7502,AGGTTCGACCCTCA-1,8-9,0.13333333333333333,0.13912582516207192,0.0097788125,False,0.06940378062427044
3279,GAAAGATGTATGCG-1,4-5,0.13333333333333333,0.11359089293303952,0.23643571,False,0.06977348681539297
7104,ACTGTGGACCAACA-1,8-9,0.06666666666666667,0.053821216022769555,0.32889327,False,0.06942276377230883
2495,CCGCGAGAAGCACT-1,4-5,0.13333333333333333,0.10342453430737154,0.14281154,False,0.0693661542609334
10359,GCGTAAACTGGCAT-1,8-9,0.13333333333333333,0.13947804593499064,0.062430054,False,0.06992179900407791
4381,GGTATCGACTTCTA-1,4-5,0.0,0.0,0.33366224,True,0.06943109724670649
8191,CAATCTACCCACCT-1,8-9,0.0,0.0,0.3277514,True,0.06927929725497961
1777,ATTGTCTGCTGAAC-1,4-5,0.13333333333333333,0.1267728847688893,0.39424607,False,0.06959128752350807
7681,ATACCTACGTTGCA-1,8-9,0.13333333333333333,0.1929470411848415,0.033190794,False,0.06932020653039217
4514,GTATCTACGGAGTG-1,4-5,0.0,0.0,0.46661174,True,0.06940955575555563
7015,ACGTGCCTGGTAAA-1,8-9,0.06666666666666667,0.17060921827860476,0.024279993,False,0.07006739731878042
5016,TAGAGAGAAGGTCT-1,4-5,0.06666666666666667,0.06600065503116892,0.16495709,False,0.06978100910782814
6451,AACTCACTAGTACC-1,8-9,0.06666666666666667,0.17060921827860476,0.05649958,False,0.06969176325947046
3888,GCCAAATGCTTGTT-1,4-5,0.0,0.0,0.015338905,True,0.06935279630124569
12310,TTCAAGCTCCTCGT-1,8-9,0.0,0.0,0.5997626,True,0.06928336434066296
5767,TGCGCACTCAGCTA-1,4-5,0.06666666666666667,0.06600065503116892,1.1709274,False,0.06928195152431726
8529,CATGCCACCTTGCC-1,8-9,0.06666666666666667,0.049317124049935504,0.35220343,False,0.06976307556033134
4817,TAAGATACGTGTTG-1,4-5,0.0,0.0,0.1996338,True,0.06916025467216969
11677,TCCACTCTCTTGTT-1,8-9,0.06666666666666667,0.043668798524938345,0.8142016,False,0.06972528249025345
3237,CTTGAGGAACGTAC-1,4-5,0.0,0.0,0.4143617,True,0.0694832494482398
11709,TCCCGATGTGTGCA-1,8-9,0.06666666666666667,0.06077222973772036,0.75985634,False,0.06958414800465107
239,AAGCAAGAGCTTAG-1,4-5,0.06666666666666667,0.053821216022769555,0.44003928,False,0.06948340684175491
11563,TCAAGGTGAGCAAA-1,8-9,0.06666666666666667,0.06077222973772036,0.16524133,False,0.0695245061069727
6232,TTTCTACTTACTCT-1,4-5,0.06666666666666667,0.08530460913930238,0.027203634,False,0.0695037730038166
9792,GACGAGGACACTCC-1,8-9,0.0,0.0,0.16025002,True,0.06943877972662449
4278,GGCTCACTCACACA-1,4-5,0.06666666666666667,0.05686973942620158,0.63096106,False,0.06944026052951813
11470,TATACAGAGGACAG-1,8-9,0.0,0.0,0.41743803,True,0.06871568784117699
5640,TGACGCCTTTCATC-1,4-5,0.06666666666666667,0.04481043185393461,0.56095463,False,0.06942848209291697
8302,CACTATACAAAGCA-1,8-9,0.13333333333333333,0.10865295960082011,0.17441674,False,0.06945865787565708
4098,GCTTGAGAACGCAT-1,4-5,0.13333333333333333,0.13424962064154208,0.13463002,False,0.0692839790135622
11013,GTGTATCTTGTTCT-1,8-9,0.06666666666666667,0.10764243204553911,0.16341922,False,0.06963290739804506
2449,CCCGATTGAATGCC-1,4-5,0.2,0.21210240937361127,0.284764,False,0.06995267421007156
10317,GCGCACGACTCCAC-1,8-9,0.06666666666666667,0.046105120275897894,0.18905401,False,0.0693489694967866
3856,GCAGGGCTCTGGTA-1-1,4-5,0.2,0.17554715161082418,0.23904367,False,0.07027249410748482
11888,TGACCGCTACGGTT-1,8-9,0.13333333333333333,0.24408660918242647,0.31480604,False,0.06887252908200026
4464,GTAGCATGAAGTAG-1,4-5,0.06666666666666667,0.10764243204553911,0.516241,False,0.06924423109740019
8664,CCAGCTACTGTTCT-1,8-9,0.13333333333333333,0.10517970826141315,0.377516,False,0.06985579337924719
1060,AGCGCCGATGACTG-1,4-5,0.06666666666666667,0.043668798524938345,0.21424061,False,0.06908424571156502
10749,GGTTGAACTAAAGG-1,8-9,0.0,0.0,0.130037,True,0.06988355983048677
1452,ATCAACCTGGCGAA-1,4-5,0.06666666666666667,0.08530460913930238,0.65303063,False,0.06970660015940666
10672,GGGCACACCGCTAA-1,8-9,0.13333333333333333,0.11069095544897115,0.18263021,False,0.06963079795241356
6214,TTTATCCTCGTGTA-1,4-5,0.13333333333333333,0.22196771051724837,0.28852966,False,0.06999422237277031
8458,CATAAAACGAATGA-1-1,8-9,0.0,0.0,0.14510386,True,0.06984014715999365
3625,GAGTGGGACCGCTT-1,4-5,0.06666666666666667,0.04265230456965119,0.25941205,False,0.06971825193613768
7118,ACTTCAACTACTCT-1,8-9,0.06666666666666667,0.0475902379018706,0.15827155,False,0.0698081236332655
2667,CGAGCGTGGCCAAT-1,4-5,0.0,0.0,0.40711772,True,0.07005032058805227
9790,GACGAACTTTGGTG-1,8-9,0.26666666666666666,0.20815456796351267,0.14959799,False,0.06960917729884386
1136,AGGCAACTGTTTCT-1,4-5,0.06666666666666667,0.08530460913930238,0.39570165,False,0.0696702217683196
12160,TGTATCTGCGTTAG-1,8-9,0.0,0.0,0.16435902,True,0.0694516021758318
1117,AGGAATGATAAGGA-1,4-5,0.06666666666666667,0.0475902379018706,0.3943253,False,0.06965346541255713
10964,GTGATCGATGCACA-1,8-9,0.4,0.3474064909617231,0.40729898,False,0.06944688502699137
4108,GGAACACTTATCTC-1-1,4-5,0.06666666666666667,0.05686973942620158,0.2658213,False,0.06923476234078407
6756,ACAGACACGTTGGT-1,8-9,0.0,0.0,0.018421203,True,0.06893144641071558
2900,CTAAACCTCTGTCC-1,4-5,0.06666666666666667,0.06077222973772036,0.015718222,False,0.06924341153353453
12512,TTTCACGACCTGAA-1,8-9,0.13333333333333333,0.1228703944573705,0.22599113,False,0.06922226119786501
5836,TGGATGTGGACGTT-1,4-5,0.0,0.0,0.10332952,True,0.06932588946074247
6421,AACGCCCTTCGCAA-1,8-9,0.2,0.1689755147332684,0.67365843,False,0.0696639260277152
2763,CGCTCATGGAATCC-1,4-5,0.0,0.0,0.28665224,True,0.07001713197678328
6307,AAAGTTTGTTCAGG-1,8-9,0.13333333333333333,0.10836246763959095,0.3571653,False,0.06974282581359148
2756,CGCTAAGACGACAT-1,4-5,0.0,0.0,0.2841076,True,0.06937456876039505
7762,ATCACTACCGCCTT-1,8-9,0.06666666666666667,0.0475902379018706,0.13902217,False,0.06933231744915247
5019,TAGAGAGAGGGAGT-1,4-5,0.06666666666666667,0.07347739090382172,0.4367907,False,0.06979781668633223
10071,GATTCTTGTCTACT-1,8-9,0.13333333333333333,0.09412755590387012,0.3135653,False,0.06972815003246069
1714,ATTCGGGACGCTAA-1,4-5,0.0,0.0,0.06885963,True,0.0700271800160408
9098,CGGAATTGACCTCC-1,8-9,0.26666666666666666,0.3816761846315154,0.568666,False,0.06960747763514519
2305,CATTTGTGAGAGGC-1,4-5,0.0,0.0,0.006933078,True,0.06927974056452513
10655,GGGACCACCTTCCG-1,8-9,0.06666666666666667,0.05686973942620158,0.46663448,False,0.06895098276436329
3571,GAGGGAACAGCGGA-1,4-5,0.06666666666666667,0.0475902379018706,0.19816756,False,0.06923429481685162
7346,AGCGCTCTGTTCGA-1,8-9,0.2,0.15478302654601517,0.0107758455,False,0.06958265788853168
732,ACGTCAGACTTTAC-1,4-5,0.0,0.0,0.30312303,True,0.0695745088160038
12540,TTTGCATGTGTCGA-1,8-9,0.06666666666666667,0.06077222973772036,0.61428136,False,0.06964066810905933
5378,TCATTCGACTAGTG-1,4-5,0.0,0.0,0.05526179,True,0.06940315756946802
9347,CTATCAACGTAAGA-1,8-9,0.2,0.20512648019324087,0.09466495,False,0.0697598597034812
4356,GGTACAACCAGCTA-1,4-5,0.06666666666666667,0.17060921827860476,0.7518793,False,0.06970846746116877
10509,GGAGAGACAGTCAC-1,8-9,0.06666666666666667,0.06077222973772036,0.19803698,False,0.06930349860340357
4534,GTCACAGATCCTTA-1,4-5,0.06666666666666667,0.07347739090382172,0.3541875,False,0.06930758245289326
6254,AAACCGTGTGCTTT-1,8-9,0.0,0.0,0.3148895,True,0.06973923742771149
6211,TTTATCCTCACTGA-1,4-5,0.06666666666666667,0.17060921827860476,0.9439231,False,0.07002999726682901
10760,GTAACGTGAGCAAA-1,8-9,0.06666666666666667,0.06077222973772036,0.15792195,False,0.06975151225924492
3675,GATCCCTGCATTTC-1,4-5,0.06666666666666667,0.04481043185393461,0.054974332,False,0.06914054322987795
6483,AAGAGATGGGTAGG-1,8-9,0.2,0.14230044640164252,0.56417525,False,0.0696624368429184
1087,AGCTGCCTATTTCC-1,4-5,0.0,0.0,0.06921448,True,0.06945559103041887
6720,ACAATAACGCATAC-1,8-9,0.13333333333333333,0.11210577530706682,0.4554534,False,0.06977470871061087
3972,GCCTCATGGAACCT-1,4-5,0.06666666666666667,0.07347739090382172,0.27817604,False,0.06943991873413324
11652,TCATCCCTTGTGAC-1,8-9,0.0,0.0,0.3147205,True,0.06959017924964428
4636,GTGCCACTGATGAA-1,4-5,0.2,0.16012821093503904,0.9006381,False,0.06954574771225452
8617,CCACCTGAAATGCC-1,8-9,0.2,0.2379895623755624,0.21777737,False,0.06946326978504658
4250,GGCGACTGAGCGGA-1,4-5,0.0,0.0,0.651749,True,0.06918578315526247
6528,AAGCGTACCGTCTC-1,8-9,0.13333333333333333,0.13947804593499064,0.08483951,False,0.0695606442168355
3277,GAAAGATGCTCTAT-1,4-5,0.13333333333333333,0.11531777908110442,0.17366613,False,0.06977315992116928
6693,AATTGTGACTTACT-1,8-9,0.0,0.0,0.0776179,True,0.06972009781748056
442,ACAATTGACACTGA-1,4-5,0.0,0.0,0.087640494,True,0.06996208522468805
10857,GTATGGTGCTCTTA-1,8-9,0.0,0.0,0.48006377,True,0.06872033327817917
5618,TGACCAGAAGTGTC-1,4-5,0.06666666666666667,0.053821216022769555,0.1665064,False,0.06895946990698576
8646,CCAGACCTTTCTGT-1,8-9,0.13333333333333333,0.09863164787670416,0.41262636,False,0.06946329679340124
5411,TCCCATCTAGAGGC-1,4-5,0.06666666666666667,0.049317124049935504,0.08177729,False,0.06942041125148535
12048,TGCTTAACGTTCAG-1,8-9,0.06666666666666667,0.04481043185393461,0.50403154,False,0.06931967008858919
4420,GTAATAACGTCGAT-1,4-5,0.06666666666666667,0.049317124049935504,0.030083753,False,0.06939019914716482
10266,GCCGGAACGGTATC-1,8-9,0.06666666666666667,0.08530460913930238,0.051796928,False,0.06908449903130531
5711,TGCAAGTGAGTGCT-1,4-5,0.0,0.0,0.34391952,True,0.06944464519619942
6821,ACCAGTGAATTTCC-1,8-9,0.2,0.24053727908671207,0.011954946,False,0.0692737065255642
2101,CAGATCGACCTTGC-1,4-5,0.0,0.0,0.55205244,True,0.06952664814889431
10603,GGCCGATGAGAACA-1,8-9,0.06666666666666667,0.05135849223864361,0.33997187,False,0.06948263943195343
1514,ATCGCCACTTGGTG-1,4-5,0.26666666666666666,0.39783416150386347,0.05645019,False,0.06959882378578186
8543,CATGTTTGGACAAA-1,8-9,0.13333333333333333,0.15900092428418272,0.07523474,False,0.06951789278537035
2767,CGGACCGAAAGCCT-1,4-5,0.2,0.2590884486574777,0.053726204,False,0.06944977026432753
9974,GATAATACAGTTCG-1,8-9,0.13333333333333333,0.1346217331892379,0.18825088,False,0.06935117393732071
856,AGAAAGTGCACAAC-1,4-5,0.0,0.0,0.083346784,True,0.0698663517832756
10726,GGTATCGAACGTAC-1,8-9,0.13333333333333333,0.16146364806830865,0.2497069,False,0.06982761155813932
4047,GCTACAGATATGCG-1,4-5,0.0,0.0,0.28884065,True,0.06932718679308891
8609,CCAATTTGCCGAAT-1,8-9,0.0,0.0,0.10561275,True,0.06969040352851152
1509,ATCGCCACCAGATC-1,4-5,0.0,0.0,0.1473887,True,0.06897305324673653
8754,CCCGAACTTACTTC-1,8-9,0.0,0.0,0.35068703,True,0.0695693464949727
906,AGACGTACGTAAAG-1,4-5,0.0,0.0,0.13150957,True,0.06970675755292177
9025,CGCAGGACTCGCCT-1,8-9,0.26666666666666666,0.3268524157812955,0.046759527,False,0.06955904141068459
1894,CAAGGACTAAAACG-1,4-5,0.06666666666666667,0.0475902379018706,0.50885206,False,0.069476836360991
11263,TACGCCACCGTGAT-1,8-9,0.13333333333333333,0.10966945355610726,0.4309181,False,0.06944265961647034
53,AAAGTTTGTCGATG-1,4-5,0.06666666666666667,0.049317124049935504,0.13550936,False,0.06981230806559324
6513,AAGCCTGACACTAG-1,8-9,0.0,0.0,0.2390626,True,0.06958822440356016
2548,CCTCATCTTTTGCT-1,4-5,0.0,0.0,0.037850194,True,0.06936921924352646
12312,TTCAAGCTGTCTGA-1,8-9,0.13333333333333333,0.15374755232143703,0.3991345,False,0.06921310815960169
1831,CAAATTGAGCTGAT-1,4-5,0.0,0.0,0.2933275,True,0.06933399569243193
11398,TAGGTTCTACGACT-1,8-9,0.2,0.15694115383029858,0.26518375,False,0.06981274392455816
5426,TCCCTACTGCTACA-1,4-5,0.13333333333333333,0.11008935378765586,0.28642523,False,0.06979847606271505
8652,CCAGCGGAACCCAA-1,8-9,0.13333333333333333,0.10297485970209948,0.3878226,False,0.06986887753009796
6011,TTAGGTCTCAAGCT-1,4-5,0.06666666666666667,0.04265230456965119,0.35792544,False,0.06921084970235825
7262,AGATCGTGTGCCCT-1,8-9,0.13333333333333333,0.09091555212983252,0.39109686,False,0.069390625692904
566,ACCCAAGAGGCATT-1,4-5,0.13333333333333333,0.1346217331892379,0.0073360205,False,0.06977046746760607
7219,AGAGCGGAAAACGA-1,8-9,0.06666666666666667,0.17060921827860476,0.04424961,False,0.06931780092418194
1406,ATAGCCGACTTCGC-1,4-5,0.13333333333333333,0.10313834007270506,0.8065949,False,0.06943685933947563
7256,AGATATTGTGATGC-1,8-9,0.2,0.25693032137319427,0.52586144,False,0.06955066230148077
3146,CTGCAGCTGGTCTA-1,4-5,0.0,0.0,0.12807183,True,0.06965367868542671
11707,TCCCGATGATCTCT-1,8-9,0.06666666666666667,0.06077222973772036,0.8628409,False,0.06985510606318712
426,ACAACCGAAAGGGC-1,4-5,0.26666666666666666,0.3402555332750047,0.26440564,False,0.06961026415228844
7854,ATGAAACTATCACG-1,8-9,0.13333333333333333,0.18111982294936083,0.040149093,False,0.06939534842967987
5135,TAGTTAGAGAGGGT-1,4-5,0.06666666666666667,0.05686973942620158,0.4458714,False,0.06961721181869507
12366,TTCCTAGACCCGTT-1,8-9,0.0,0.0,0.09287661,True,0.06974425911903381
4065,GCTCAAGACCTACC-1,4-5,0.06666666666666667,0.04481043185393461,0.3961192,False,0.06968545913696289
8149,CAAGGACTGTATGC-1,8-9,0.0,0.0,0.1840176,True,0.06906854547560215
1096,AGCTTACTGGGATG-1,4-5,0.13333333333333333,0.1587820000431241,0.0054587275,False,0.06945470906794071
6493,AAGATTACAGAGAT-1,8-9,0.2,0.1859802254278815,0.05276151,False,0.06972222123295069
4213,GGATTGTGATTCCT-1,4-5,0.06666666666666667,0.043668798524938345,0.092936635,False,0.0698044691234827
6616,AATATCGAGCTCCT-1,8-9,0.0,0.0,0.33511224,True,0.0698084169998765
47,AAAGTTTGCATGAC-1,4-5,0.06666666666666667,0.04265230456965119,0.22579217,False,0.06957599148154259
7661,ATAATGACAGGTTC-1,8-9,0.2,0.22377212751901202,0.12255439,False,0.0693299900740385
3513,GAGAGGTGACCTAG-1,4-5,0.0,0.0,0.68596506,True,0.06950571108609438
9039,CGCCATACAGACTC-1,8-9,0.06666666666666667,0.06600065503116892,0.010082006,False,0.06938364915549755
5227,TATGGGTGAGTCTG-1,4-5,0.06666666666666667,0.04481043185393461,0.17021362,False,0.06997433584183455
10847,GTATCACTGCTTCC-1,8-9,0.0,0.0,0.07828514,True,0.06974871549755335
1859,CAACGTGAGTTGTG-1,4-5,0.0,0.0,0.3350197,True,0.06958277896046638
10515,GGAGCCACAAAGTG-1,8-9,0.06666666666666667,0.08530460913930238,0.78479695,False,0.07000872679054737
1974,CACAGCCTGTAGGG-1,4-5,0.06666666666666667,0.17060921827860476,0.39304295,False,0.0695729497820139
6923,ACGATGACCAGTTG-1,8-9,0.13333333333333333,0.22747895770480633,0.059462715,False,0.06903503648936749
3077,CTCGAGCTCGGGAA-1,4-5,0.06666666666666667,0.04481043185393461,0.11150094,False,0.06959056947380304
12459,TTGGAGTGCCTTAT-1,8-9,0.06666666666666667,0.04265230456965119,0.12429134,False,0.06895159743726254
2149,CAGGGCACCCCTTG-1,4-5,0.06666666666666667,0.10764243204553911,0.40787834,False,0.06905393023043871
6971,ACGGATTGAATCGC-1,8-9,0.26666666666666666,0.36210069089404423,0.10980293,False,0.06936921086162329
2345,CCACTGACTGTCGA-1,4-5,0.0,0.0,0.37158155,True,0.06980121787637472
7553,AGTCCAGAGGACTT-1,8-9,0.0,0.0,0.1574615,True,0.0693687628954649
3434,GACCTCACCGTGTA-1,4-5,0.13333333333333333,0.1587820000431241,0.070285,False,0.06947866268455982
12265,TTAGGGACGCGAAG-1,8-9,0.0,0.0,0.06749926,True,0.07002285588532686
5776,TGCTAGGACCAATG-1,4-5,0.06666666666666667,0.043668798524938345,0.37037063,False,0.06969498377293348
9242,CGTTTAACCAGCTA-1,8-9,0.13333333333333333,0.1587820000431241,0.32251137,False,0.0695889899507165
5041,TAGCCCACACCAAC-1,4-5,0.2,0.18807083666431165,0.22333327,False,0.06967627815902233
11708,TCCCGATGTCACGA-1,8-9,0.0,0.0,0.24775517,True,0.06958556640893221
2123,CAGCGTCTTTGCGA-1,4-5,0.2,0.17906005249547668,0.13168088,False,0.0696714324876666
8147,CAAGGACTCGGAGA-1,8-9,0.13333333333333333,0.27825165032414384,0.095415816,False,0.06941480096429586
4229,GGCATATGATACCG-1,4-5,0.13333333333333333,0.10445997732807218,0.26102096,False,0.06994665507227182
10567,GGCAATACCATGAC-1,8-9,0.26666666666666666,0.23073708236179957,0.3904243,False,0.06989450752735138
1233,AGTAGAGAAAACGA-1,4-5,0.06666666666666667,0.07347739090382172,0.3551565,False,0.06963504664599895
7758,ATCACGGACTCATT-1,8-9,0.06666666666666667,0.17060921827860476,0.17828552,False,0.06982121337205172
3878,GCATGTGATCGCTC-1,4-5,0.0,0.0,0.38135457,True,0.06976468116044998
9615,CTTTGATGTTTCGT-1,8-9,0.13333333333333333,0.17364308707670803,0.1626125,False,0.06948268972337246
1676,ATTACCACGTCTTT-1,4-5,0.13333333333333333,0.1552326699474097,0.2467838,False,0.06938122306019068
7307,AGCCGGACACCTAG-1,8-9,0.13333333333333333,0.11612969547347292,0.076119624,False,0.06964070443063974
3775,GCAACTGAGATAGA-1,4-5,0.13333333333333333,0.11081108688510354,0.13315676,False,0.06948789581656456
10746,GGTTGAACACTGTG-1,8-9,0.0,0.0,0.23018472,True,0.06951284036040306
3621,GAGTCTGACCTAAG-1,4-5,0.06666666666666667,0.046105120275897894,0.35073146,False,0.06942719873040915
10953,GTGACCCTACCAGT-1,8-9,0.06666666666666667,0.049317124049935504,0.44959706,False,0.06900038477033377
3468,GACGGCACTTACTC-1,4-5,0.13333333333333333,0.18111982294936083,0.21535408,False,0.0693331016227603
7411,AGGACACTTTGCGA-1,8-9,0.2,0.14826585419044971,0.085563995,False,0.0692198695614934
199,AACTTGCTCTACCC-1,4-5,0.0,0.0,0.1447634,True,0.06936110276728868
11006,GTGTACGATCTATC-1-1,8-9,0.26666666666666666,0.2907892765054681,0.214912,False,0.069639066234231
5827,TGGATCGATAAGGA-1,4-5,0.0,0.0,0.118909314,True,0.06953893322497606
9095,CGCTCATGGCAGTT-1,8-9,0.13333333333333333,0.14217434856550396,0.3151748,False,0.06944590248167515
3956,GCCTAGCTAGCGGA-1,4-5,0.13333333333333333,0.09502729076358196,0.81575084,False,0.0694810813292861
10054,GATGCCCTACCTAG-1,8-9,0.0,0.0,0.63251257,True,0.0696773948147893
3505,GACTGTGATTGACG-1,4-5,0.06666666666666667,0.05135849223864361,0.0944614,False,0.0695084622129798
7967,ATTAAGACGAACTC-1,8-9,0.06666666666666667,0.043668798524938345,0.93503493,False,0.0693162651732564
2966,CTAGAGACGGGACA-1,4-5,0.26666666666666666,0.35454547529461133,0.7144461,False,0.06923727411776781
9003,CGCAAATGTGTGGT-1,8-9,0.06666666666666667,0.17060921827860476,0.15306503,False,0.06967346463352442
2842,CGTAGCCTGAAGGC-1,4-5,0.0,0.0,0.061116986,True,0.06957239005714655
9067,CGCGATCTCTCGAA-1,8-9,0.0,0.0,0.34956333,True,0.0688758585602045
3172,CTGGCACTAGAGTA-1,4-5,0.06666666666666667,0.053821216022769555,0.9025779,False,0.06975600495934486
8405,CAGCTCTGACGGTT-1,8-9,0.13333333333333333,0.09952204399585277,0.6052041,False,0.06961444392800331
5159,TATACCACGTACAC-1,4-5,0.06666666666666667,0.06600065503116892,0.44260624,False,0.06962066702544689
12347,TTCATTCTACGGGA-1,8-9,0.0,0.0,0.28270197,True,0.06938793417066336
3265,CTTTGATGGCAGTT-1,4-5,0.13333333333333333,0.1314097294152003,0.67843425,False,0.0694620767608285
8433,CAGGTTGATCTATC-1,8-9,0.2,0.20381135613811732,0.2993011,False,0.0693565784022212
178,AACTACCTAAGTAG-1,4-5,0.0,0.0,0.1730243,True,0.06927721295505762
12299,TTCAAAGATTTGTC-1,8-9,0.13333333333333333,0.09647352059242074,0.3309462,False,0.06975438166409731
5934,TGTGGATGCGGTAT-1-1,4-5,0.0,0.0,0.3332698,True,0.06941999029368162
10498,GGACGCTGGCTAAC-1,8-9,0.13333333333333333,0.12795691370895357,0.34560072,False,0.0694099422544241
748,ACGTTACTCCCAAA-1,4-5,0.0,0.0,0.19381113,True,0.06972370017319918
11030,GTTAACCTGATAGA-1,8-9,0.13333333333333333,0.09412755590387012,0.020741321,False,0.06954662594944239
4813,TAAGAGGAGCTCCT-1,4-5,0.13333333333333333,0.1314097294152003,0.14597194,False,0.06947968620806932
9420,CTCCGAACGTAAAG-1,8-9,0.2,0.19743533111566636,0.42146719,False,0.0695274444296956
5595,TGAAATTGGGTTTG-1,4-5,0.0,0.0,0.20263639,True,0.06992024090141058
12138,TGTAATGAACCATG-1,8-9,0.13333333333333333,0.12279451495375723,0.34724882,False,0.06969751417636871
4532,GTCACAGAATCTTC-1,4-5,0.0,0.0,0.39763772,True,0.06973336637020111
11618,TCAGCAGATCGCAA-1,8-9,0.26666666666666666,0.18594284289341448,0.69259965,False,0.06975617352873087
6215,TTTATCCTCTCTTA-1,4-5,0.13333333333333333,0.09024254247152179,0.13345692,False,0.0701208421960473
11829,TCTCAAACTCTCGC-1,8-9,0.4666666666666667,0.4805538629728426,0.6842011,False,0.06970930192619562
2827,CGGTCACTTGGTGT-1,4-5,0.0,0.0,0.62736046,True,0.06981234718114138
8917,CGAAGTACCATCAG-1,8-9,0.0,0.0,0.007454127,True,0.06961218174546957
4233,GGCCACGATGCACA-1,4-5,0.06666666666666667,0.053821216022769555,0.037080072,False,0.06957866251468658
7670,ATACCGGACCCAAA-1,8-9,0.13333333333333333,0.21541965013253936,0.1893736,False,0.06984044332057238
5054,TAGGACTGATTGGC-1,4-5,0.13333333333333333,0.21671433855450267,0.16207927,False,0.06967829167842865
8580,CATTTGTGGTCTTT-1,8-9,0.2,0.14433247584978737,0.77577543,False,0.0698635820299387
4837,TAAGGGCTACGTGT-1,4-5,0.06666666666666667,0.06077222973772036,0.17162178,False,0.06956550106406212
7635,ATAAACACAAGATG-1,8-9,0.06666666666666667,0.0475902379018706,0.06320884,False,0.06907196529209614
1735,ATTGATGATGGTGT-1,4-5,0.06666666666666667,0.10764243204553911,0.31719643,False,0.06934039294719696
7743,ATATGAACAATCGC-1,8-9,0.0,0.0,0.07620371,True,0.06988188810646534
3298,GAACCAACTGTGCA-1,4-5,0.13333333333333333,0.09647352059242074,0.12429046,False,0.0686986967921257
11820,TCTAGTTGCCCTTG-1,8-9,0.0,0.0,0.35438597,True,0.06946086790412664
3201,CTTAAGCTGTCTTT-1,4-5,0.06666666666666667,0.10764243204553911,0.15351063,False,0.06973401084542274
11333,TAGACGTGAGTCAC-1,8-9,0.2,0.14826585419044971,0.193665,False,0.06948586646467447
1911,CAAGTTCTCCCACT-1,4-5,0.06666666666666667,0.17060921827860476,0.5453827,False,0.06977332103997469
11267,TACGCGCTGAATCC-1,8-9,0.06666666666666667,0.05135849223864361,0.3551385,False,0.06943727936595678
1541,ATCTGACTATTGGC-1,4-5,0.06666666666666667,0.043668798524938345,0.584335,False,0.06971623376011848
10047,GATGCAACGCTTCC-1,8-9,0.06666666666666667,0.05135849223864361,0.19340588,False,0.0692726094275713
3941,GCCGACGACGACAT-1,4-5,0.26666666666666666,0.19569096808843098,0.19991286,False,0.06951562408357859
6981,ACGGGAGATCCGAA-1,8-9,0.0,0.0,0.31857538,True,0.07018524687737226
699,ACGGAGGATCAGGT-1,4-5,0.13333333333333333,0.11459344576048992,0.7741761,False,0.06992876250296831
9914,GAGGGCCTGAAAGT-1,8-9,0.13333333333333333,0.0936953581777685,0.11170002,False,0.06935603078454733
6069,TTCAGTTGCTACCC-1,4-5,0.13333333333333333,0.14217434856550396,0.3873143,False,0.06960890628397465
7805,ATCGCCTGGACACT-1,8-9,0.13333333333333333,0.11828782275775633,0.508968,False,0.06957762129604816
3524,GAGATGCTCTACCC-1,4-5,0.13333333333333333,0.22196771051724837,0.10207912,False,0.06943815760314465
10510,GGAGAGACTGAACC-1,8-9,0.06666666666666667,0.10764243204553911,0.15632679,False,0.06927801389247179
5442,TCCGGACTGAGATA-1-1,4-5,0.0,0.0,0.22047362,True,0.06958167720586061
9344,CTATCAACGCAAGG-1,8-9,0.13333333333333333,0.09125903642680894,0.22417215,False,0.0692895483225584
772,ACTACTACACCATG-1,4-5,0.0,0.0,0.46299827,True,0.06917668227106333
12081,TGGATCGAGGGACA-1,8-9,0.0,0.0,0.036368836,True,0.06931023299694061
3726,GATTCGGAATTCTC-1,4-5,0.26666666666666666,0.37123160649901155,0.2718314,False,0.06937671732157469
11807,TCTAAGCTCTCATT-1,8-9,0.2,0.16245240101785655,0.26543257,False,0.06918787024915218
482,ACAGCAACAGCTCA-1,4-5,0.06666666666666667,0.0475902379018706,0.38772124,False,0.06938095390796661
12455,TTGGAGACCTTTAC-1,8-9,0.06666666666666667,0.053821216022769555,0.46179256,False,0.06961934641003609
5045,TAGCCCTGAGTCTG-1,4-5,0.06666666666666667,0.049317124049935504,0.45673898,False,0.06967136356979609
8874,CCTCTACTGAAACA-1,8-9,0.0,0.0,0.21676238,True,0.06934589799493551
1134,AGGCAACTCCCTCA-1,4-5,0.3333333333333333,0.4503606891046698,0.018575449,False,0.06900287419557571
12272,TTAGGTCTTGTAGC-1,8-9,0.2,0.22528440120946108,0.01555343,False,0.06924456637352705
1965,CACAGAACGAGATA-1,4-5,0.06666666666666667,0.08530460913930238,0.037022382,False,0.06979861948639154
10333,GCGCGATGAGAGAT-1,8-9,0.0,0.0,0.13532782,True,0.06947470176964998
144,AACCTTACTGCCCT-1,4-5,0.13333333333333333,0.0919694286195867,0.26510033,False,0.06947536207735538
12367,TTCCTAGACGTAGT-1,8-9,0.13333333333333333,0.09616892409257823,0.28298602,False,0.06936375331133604
5330,TCAGCGCTCTACGA-1,4-5,0.0,0.0,0.28743896,True,0.0695969695225358
7215,AGAGATGAGCTCCT-1,8-9,0.06666666666666667,0.07347739090382172,0.2209387,False,0.06934166792780161
6061,TTCACCCTTTAGGC-1,4-5,0.0,0.0,0.43917587,True,0.069583959877491
9940,GAGTACTGCGGGAA-1,8-9,0.0,0.0,0.23942901,True,0.06932830344885588
3365,GAATGCACTTTCGT-1,4-5,0.2,0.2093226033256753,0.19176878,False,0.06961168255656958
9857,GAGATCACCCTCAC-1,8-9,0.13333333333333333,0.1502947366151903,0.5523349,False,0.06958278734236956
549,ACCAGTGATGGTGT-1,4-5,0.13333333333333333,0.22443043430137433,0.32155344,False,0.06943113077431917
9670,GAAGATGAAGAACA-1,8-9,0.13333333333333333,0.24408660918242647,0.28506446,False,0.06978118233382702
4834,TAAGGCTGAGTCGT-1,4-5,0.06666666666666667,0.046105120275897894,0.63710165,False,0.06951016094535589
10742,GGTCTAGATGAGCT-1,8-9,0.13333333333333333,0.12279451495375723,0.35152927,False,0.06921419408172369
4772,TAAAGACTGTTCAG-1,4-5,0.06666666666666667,0.046105120275897894,0.15246269,False,0.06937037501484156
7350,AGCGGCACACACTG-1,8-9,0.0,0.0,0.054206237,True,0.06932806968688965
6122,TTCTACGACCACAA-1,4-5,0.0,0.0,0.25833565,True,0.0697679789736867
7268,AGATTCCTTCAGAC-1,8-9,0.4,0.40050000748703884,0.07275708,False,0.0694457134231925
948,AGAGGTCTACTTTC-1,4-5,0.13333333333333333,0.1645121714717407,0.44440854,False,0.06953537091612816
10127,GCACCTACATTTCC-1,8-9,0.06666666666666667,0.17060921827860476,0.3515515,False,0.06928754039108753
2140,CAGGCCGAAACCGT-1,4-5,0.06666666666666667,0.06077222973772036,0.5791998,False,0.06910643260926008
10456,GGAATCTGTGCACA-1,8-9,0.13333333333333333,0.10168017128013618,0.5615531,False,0.06963787786662579
3217,CTTAGACTTCAGGT-1,4-5,0.4,0.4325956022560442,0.5877526,False,0.06911482755094767
12473,TTGTACACCTCCCA-1,8-9,0.06666666666666667,0.04265230456965119,0.13105002,False,0.0690790144726634
2057,CACTATACTGCAGT-1,4-5,0.2,0.18393625701600652,0.4608481,False,0.06965912971645594
6521,AAGCGACTACTCAG-1,8-9,0.06666666666666667,0.05686973942620158,0.31037188,False,0.06967683602124453
5021,TAGAGCACCCGATA-1,4-5,0.06666666666666667,0.07347739090382172,0.15627342,False,0.06935770623385906
12495,TTTAGAGAGTTGAC-1,8-9,0.06666666666666667,0.17060921827860476,0.23871101,False,0.06906700413674116
2906,CTAACACTAGAAGT-1,4-5,0.0,0.0,0.03563863,True,0.0691925473511219
8283,CACGGGACAGCACT-1,8-9,0.06666666666666667,0.053821216022769555,0.158442,False,0.06965521816164255
1159,AGGGACGATCCTTA-1,4-5,0.2,0.1805941007916588,0.020460341,False,0.06921390537172556
11218,TACACACTTCATTC-1,8-9,0.0,0.0,0.19789194,True,0.06997677776962519
2671,CGAGGAGAGTTCTT-1,4-5,0.06666666666666667,0.10764243204553911,0.2557498,False,0.06973697990179062
6280,AAAGACGAGCTATG-1,8-9,0.0,0.0,0.5608315,True,0.0691782096400857
5232,TATGGGTGTCCAGA-1,4-5,0.0,0.0,0.09862022,True,0.06918366625905037
8344,CACTTTGATCCGTC-1-1,8-9,0.0,0.0,0.00966666,True,0.06945258006453514
4960,TACTAAGAAGGGTG-1,4-5,0.06666666666666667,0.10764243204553911,0.0063632578,False,0.0692006042227149
9228,CGTTAACTTAAGCC-1,8-9,0.0,0.0,0.35694873,True,0.06933772843331099
5892,TGTAACCTGAGGGT-1,4-5,0.26666666666666666,0.3492663174438396,0.6784096,False,0.07008456159383059
8235,CACAGTGAGGAACG-1,8-9,0.13333333333333333,0.11069095544897115,0.23171122,False,0.06958955340087414
1199,AGGTGTTGACGGTT-1,4-5,0.0,0.0,0.17776895,True,0.06930182874202728
8772,CCCTAGTGCAATCG-1,8-9,0.0,0.0,0.290797,True,0.06945964880287647
1086,AGCTGAACTTCCCG-1,4-5,0.06666666666666667,0.046105120275897894,0.42707545,False,0.06951607018709183
7145,AGAAACGACTGTGA-1,8-9,0.06666666666666667,0.0475902379018706,0.20498356,False,0.06969730649143457
1366,ATACCACTAGAGAT-1,4-5,0.2,0.13779635442880844,0.19623068,False,0.06961546745151281
8394,CAGCGGACGGAAGC-1,8-9,0.13333333333333333,0.08977391880083624,0.4786883,False,0.06931190844625235
5338,TCAGGATGGCCTTC-1,4-5,0.13333333333333333,0.08632110309458953,0.15035342,False,0.06960704736411572
11919,TGACTTACGCATCA-1,8-9,0.2,0.1613107676888603,0.1359162,False,0.06928605306893587
1609,ATGCGCCTGGGACA-1,4-5,0.2,0.16069856603638782,0.37031162,False,0.06934093404561281
10718,GGTACTGAACGGTT-1,8-9,0.06666666666666667,0.17060921827860476,0.452754,False,0.06922319531440735
4934,TACGGCCTAGAAGT-1,4-5,0.0,0.0,0.1575113,True,0.06926973350346088
9178,CGTACCTGAACCGT-1,8-9,0.06666666666666667,0.07347739090382172,0.010438919,False,0.06882769148796797
1661,ATGTTGCTGGCATT-1,4-5,0.13333333333333333,0.23660987330977368,0.20332427,False,0.06957842409610748
8407,CAGCTCTGGGTTAC-1,8-9,0.26666666666666666,0.26396170830453725,0.29358822,False,0.06957481056451797
844,ACTTGTACGTACGT-1,4-5,0.06666666666666667,0.17060921827860476,0.9168123,False,0.06974069308489561
11027,GTTAAATGACGCAT-1,8-9,0.06666666666666667,0.053821216022769555,0.353323,False,0.06935869064182043
724,ACGTAGACCCACAA-1-1,4-5,0.13333333333333333,0.10053853795113993,0.007897565,False,0.06970764044672251
9030,CGCAGGTGTTTGTC-1,8-9,0.4,0.3255372917261719,0.5176783,False,0.06984276697039604
971,AGATATACGACTAC-1,4-5,0.06666666666666667,0.04481043185393461,0.20976734,False,0.06970591377466917
8621,CCACCTGACTGGAT-1,8-9,0.13333333333333333,0.1082282316648452,0.11224699,False,0.0699992198497057
4455,GTACTACTTCGCTC-1,4-5,0.0,0.0,0.13801143,True,0.06995815970003605
8291,CACTAACTACTAGC-1,8-9,0.06666666666666667,0.05135849223864361,0.766032,False,0.06994726229459047
3644,GATAGAGATCCAGA-1,4-5,0.0,0.0,0.30858874,True,0.0692817335948348
10356,GCGTAAACGCGAGA-1,8-9,0.2,0.16900046140256555,0.46509883,False,0.06959204189479351
4191,GGAGTTACCGATAC-1,4-5,0.0,0.0,0.42264307,True,0.06982585322111845
8877,CCTCTACTTGCATG-1,8-9,0.0,0.0,0.14976004,True,0.0699781384319067
6048,TTCAAGCTGTTTCT-1,4-5,0.2,0.24226416523477698,0.25506723,False,0.06966222543269396
8860,CCTATAACCTCTTA-1,8-9,0.0,0.0,0.08846682,True,0.06966371461749077
3421,GACCATGAATTGGC-1,4-5,0.2,0.2934796127359752,0.13302398,False,0.06955014541745186
11711,TCCCTACTCGAACT-1,8-9,0.06666666666666667,0.049317124049935504,0.18971589,False,0.06941243540495634
2213,CATATAGACGCCTT-1,4-5,0.2,0.260383137079441,0.023609044,False,0.0696906391531229
7537,AGTATAACTTGGTG-1,8-9,0.13333333333333333,0.2313814480163251,0.04502375,False,0.06951809301972389
3383,GACAACACTCCAAG-1,4-5,0.2,0.15072857797457567,0.5071152,False,0.06930273119360209
6864,ACCTATTGAAGATG-1,8-9,0.0,0.0,0.5951848,True,0.06987608876079321
716,ACGGTATGGAGCTT-1,4-5,0.3333333333333333,0.3018953084437385,0.24508798,False,0.06938477791845798
9166,CGTAACGAATCGTG-1,8-9,0.13333333333333333,0.136663101377946,0.29375914,False,0.06926727294921875
4306,GGGACCACTCGTTT-1,4-5,0.13333333333333333,0.15374755232143703,0.5211964,False,0.06930582597851753
8316,CACTCCGAGTCGAT-1,8-9,0.0,0.0,0.8243272,True,0.06973527185618877
4219,GGCAAGGACACCAA-1,4-5,0.0,0.0,0.27658638,True,0.06986766308546066
7445,AGGGACGAACTGTG-1,8-9,0.06666666666666667,0.07347739090382172,0.05532625,False,0.06985686160624027
6051,TTCACAACCCCACT-1,4-5,0.0,0.0,0.2874983,True,0.06905886810272932
6900,ACGAAGCTTTATCC-1,8-9,0.13333333333333333,0.15131123057047743,1.1418729,False,0.07000446319580078
2885,CGTTAACTTGCTAG-1,4-5,0.4,0.39383518800675454,0.75672066,False,0.0698848431929946
12012,TGCCACTGACTGTG-1-1,8-9,0.06666666666666667,0.08530460913930238,0.12303293,False,0.06942039355635643
666,ACGCCACTCGACTA-1,4-5,0.2,0.15940387761442454,0.29964927,False,0.06990741658955812
11993,TGCAATCTTCTACT-1,8-9,0.0,0.0,0.6105116,True,0.06899321731179953
4891,TACCGAGATAACGC-1,4-5,0.0,0.0,0.45190674,True,0.06987292971462011
10226,GCCACTACGCGAGA-1,8-9,0.0,0.0,0.27861172,True,0.06946408841758966
584,ACCGAAACAAGCCT-1,4-5,0.0,0.0,0.25115782,True,0.06930091418325901
6803,ACCACAGAGTACGT-1,8-9,0.3333333333333333,0.418393969441503,0.50306803,False,0.0689820321276784
4908,TACGAGTGAAGCCT-1,4-5,0.06666666666666667,0.04265230456965119,0.08692183,False,0.0687849847599864
12180,TGTGAGACGCGTAT-1,8-9,0.2,0.16001145183946372,0.024726033,False,0.06944874674081802
5787,TGCTTAACCACTAG-1,4-5,0.2,0.16144784602629947,0.091169946,False,0.06950466334819794
8376,CAGATGACGGAGTG-1,8-9,0.06666666666666667,0.04265230456965119,0.19816525,False,0.06987480632960796
5067,TAGGCATGTTCGCC-1,4-5,0.2,0.15969601320893742,0.96380794,False,0.06971372663974762
11434,TAGTCTTGGAGGCA-1,8-9,0.0,0.0,0.40471378,True,0.06928385328501463
2342,CCACGGGATAAAGG-1,4-5,0.0,0.0,0.13727595,True,0.0694464473053813
9456,CTGAAGTGGAACCT-1,8-9,0.0,0.0,0.13950364,True,0.06963890045881271
4375,GGTAGTACGTGTCA-1-1,4-5,0.26666666666666666,0.3487405952861376,0.12850249,False,0.06966304685920477
8788,CCCTGATGAAGTGA-1,8-9,0.3333333333333333,0.3207066455352945,0.055274066,False,0.06944825500249863
5219,TATGAATGTGCTTT-1,4-5,0.06666666666666667,0.05686973942620158,0.18099618,False,0.0693801874294877
10559,GGATTTCTGGTCTA-1,8-9,0.13333333333333333,0.23660987330977368,0.015283919,False,0.06943554524332285
2665,CGAGCGTGCCACAA-1,4-5,0.0,0.0,0.14185765,True,0.06953569315373898
9647,GAACCAACACCACA-1,8-9,0.06666666666666667,0.0475902379018706,0.07371798,False,0.06967015471309423
4549,GTCCAAGAGTGTCA-1,4-5,0.06666666666666667,0.043668798524938345,0.115656644,False,0.06953638885170221
6673,AATGTAACTGGTGT-1-1,8-9,0.13333333333333333,0.11531777908110442,0.19781962,False,0.0695229209959507
4453,GTACTACTGCCAAT-1-1,4-5,0.2,0.24676825720761103,0.12408644,False,0.07012177258729935
11818,TCTAGACTTTCGGA-1,8-9,0.13333333333333333,0.11714618942876005,0.34882075,False,0.06954715121537447
2981,CTAGGTGAGAGGAC-1,4-5,0.06666666666666667,0.053821216022769555,0.035221696,False,0.06944891531020403
6993,ACGTAGACCACTTT-1-1,8-9,0.0,0.0,0.6599046,True,0.0692784059792757
5721,TGCAATCTGGTCTA-1,4-5,0.0,0.0,0.2703791,True,0.06927691213786602
8556,CATTAGCTTTTCGT-1,8-9,0.0,0.0,0.09310787,True,0.06929186545312405
2538,CCTATAACGCTCCT-1,4-5,0.13333333333333333,0.09298592257487384,0.11532749,False,0.06850597634911537
11366,TAGCTACTTATCTC-1,8-9,0.13333333333333333,0.13947804593499064,0.15630695,False,0.06984946690499783
2716,CGCACTTGCTCAGA-1,4-5,0.06666666666666667,0.04481043185393461,0.0062663853,False,0.06975589599460363
8508,CATCGGCTGGTAGG-1,8-9,0.06666666666666667,0.043668798524938345,0.33235213,False,0.0690090712159872
1582,ATGATAACCGACTA-1,4-5,0.0,0.0,0.4557048,True,0.06928033195436001
10065,GATTCGGATTCTGT-1,8-9,0.3333333333333333,0.31200383020685907,0.23143043,False,0.06990335881710052
847,ACTTGTACTTCTAC-1,4-5,0.2,0.15972095987823456,0.41320676,False,0.06928252894431353
8145,CAAGGACTAGAGGC-1,8-9,0.2,0.1996118606651258,0.09061074,False,0.06976254377514124
1017,AGCATGACCTAGTG-1,4-5,0.13333333333333333,0.08875742484554909,0.09710486,False,0.0697800675407052
10265,GCCGGAACCACCAA-1,8-9,0.0,0.0,0.4682052,True,0.06971266958862543
1809,ATTTGCACTGTTTC-1,4-5,0.06666666666666667,0.0475902379018706,0.42538804,False,0.0698342015966773
11113,TAAATCGATGACAC-1,8-9,0.26666666666666666,0.30094169400329934,0.39574987,False,0.06963868346065283
1895,CAAGGACTCAGAGG-1,4-5,0.4666666666666667,0.5525411092935711,0.34104535,False,0.06958858855068684
8183,CAATATGAACTGGT-1,8-9,0.0,0.0,0.33265448,True,0.06927014887332916
6162,TTGATCTGCATGAC-1,4-5,0.06666666666666667,0.04265230456965119,0.25437754,False,0.06940764468163252
8281,CACGCTACGCGAAG-1,8-9,0.06666666666666667,0.06077222973772036,0.11597967,False,0.06972451787441969
5465,TCGACCTGCGTGTA-1,4-5,0.13333333333333333,0.09412755590387012,0.03625471,False,0.06967802066355944
11211,TACACACTACACTG-1,8-9,0.0,0.0,0.37939647,True,0.06895640399307013
3741,GATTCTTGAGAGTA-1,4-5,0.06666666666666667,0.049317124049935504,0.05613357,False,0.06969203613698483
7850,ATCTTTCTCGTCTC-1,8-9,0.4,0.509408632917492,0.2146546,False,0.07005267962813377
2655,CGAGATTGAACGAA-1,4-5,0.06666666666666667,0.06600065503116892,0.5152606,False,0.06983512826263905
11109,TAAAGTTGCTTACT-1,8-9,0.13333333333333333,0.16841466178325945,0.3066224,False,0.06929193716496229
3025,CTATTGACTTCGTT-1,4-5,0.13333333333333333,0.12483588314246533,0.49458557,False,0.06963119748979807
10329,GCGCGAACCTGGAT-1,8-9,0.13333333333333333,0.25591382741790714,0.2054714,False,0.06966292858123779
2349,CCACTTCTACTCAG-1,4-5,0.13333333333333333,0.1569595560954746,0.040499985,False,0.06973244622349739
7851,ATCTTTCTGTGTCA-1,8-9,0.0,0.0,0.38510105,True,0.06948309950530529
1570,ATGAAGGAGAGATA-1-1,4-5,0.3333333333333333,0.4314245498176694,0.26777607,False,0.06986331567168236
8735,CCCAGTTGAACGAA-1,8-9,0.0,0.0,0.07741304,True,0.06962354853749275
5284,TCAATCACGGCATT-1,4-5,0.0,0.0,0.24547829,True,0.06960753165185452
10180,GCAGTTGACAGCTA-1,8-9,0.2,0.2646200150868996,0.11257771,False,0.06971238180994987
3422,GACCATGACATGCA-1,4-5,0.3333333333333333,0.39221538503543707,0.106855765,False,0.06951362919062376
9955,GAGTGACTTTGCGA-1,8-9,0.2,0.2814203051637083,0.10006896,False,0.06971633806824684
4426,GTAATATGGTAAAG-1,4-5,0.0,0.0,0.050810423,True,0.06987656932324171
9099,CGGAATTGACGCTA-1,8-9,0.13333333333333333,0.15131123057047743,0.149933,False,0.06946515571326017
855,AGAAACGAAGTGTC-1,4-5,0.13333333333333333,0.11459344576048992,0.06237811,False,0.06973193306475878
6395,AACCGATGGAGAGC-1,8-9,0.0,0.0,0.485471,True,0.06939092371612787
4367,GGTACATGTGTCTT-1,4-5,0.13333333333333333,0.10297485970209948,0.3577968,False,0.06936973333358765
6391,AACCCAGATGCTAG-1,8-9,0.0,0.0,0.25073874,True,0.06971023511141539
1527,ATCGGAACTGCCTC-1,4-5,0.0,0.0,0.1836848,True,0.06962721701711416
10689,GGGCCATGTAAAGG-1,8-9,0.06666666666666667,0.07347739090382172,0.021610763,False,0.06933718267828226
2935,CTACAACTCTGGAT-1,4-5,0.13333333333333333,0.1524528638994737,0.24413568,False,0.06957220379263163
8391,CAGCGGACCAAGCT-1,8-9,0.06666666666666667,0.10764243204553911,0.57827705,False,0.0695770587772131
4160,GGACGCACTGCTAG-1,4-5,0.06666666666666667,0.10764243204553911,0.22432251,False,0.06949759554117918
11046,GTTATAGAGCCATA-1,8-9,0.06666666666666667,0.06600065503116892,0.587268,False,0.06943737901747227
4769,TAAACAACGGAGTG-1,4-5,0.13333333333333333,0.11213072197636398,0.06962751,False,0.06998856272548437
6585,AAGTGCACTTTCAC-1,8-9,0.06666666666666667,0.046105120275897894,0.48884082,False,0.06938236858695745
2138,CAGGAACTTGAGAA-1,4-5,0.06666666666666667,0.053821216022769555,0.15148692,False,0.06930504832416773
6924,ACGATTCTCAATCG-1,8-9,0.0,0.0,0.5140614,True,0.06921937316656113
2656,CGAGATTGTCCTCG-1,4-5,0.0,0.0,0.13172458,True,0.06955797411501408
6575,AAGTCCGAAGCGGA-1,8-9,0.06666666666666667,0.04265230456965119,0.598001,False,0.06952809263020754
56,AAATACTGGTGAGG-1,4-5,0.06666666666666667,0.04265230456965119,0.15143044,False,0.06951618287712336
11178,TAATCCACCCTTAT-1,8-9,0.2,0.2789716859181957,0.38818562,False,0.0696785869076848
5854,TGGCACCTCATTGG-1,4-5,0.0,0.0,0.1883282,True,0.06935487501323223
7734,ATAGTCCTAGACTC-1,8-9,0.2,0.20831804833411824,0.14185008,False,0.07005610130727291
4220,GGCAAGGACCTTCG-1,4-5,0.06666666666666667,0.10764243204553911,0.1759689,False,0.06933034211397171
10584,GGCATATGCTTTAC-1,8-9,0.06666666666666667,0.08530460913930238,0.39046076,False,0.06952950078994036
3800,GCACCACTTTGTCT-1,4-5,0.06666666666666667,0.046105120275897894,0.69319415,False,0.0691213384270668
7493,AGGTGGGAGCTCCT-1,8-9,0.2,0.16595193799913355,1.0850568,False,0.06921836081892252
29,AAAGAGACGTGAGG-1,4-5,0.0,0.0,0.17337093,True,0.06945582944899797
9188,CGTCAAGAGCATCA-1,8-9,0.13333333333333333,0.1289734076642407,0.2777615,False,0.06997306644916534
347,AATCCGGAGTTGTG-1,4-5,0.13333333333333333,0.08977391880083624,0.33862445,False,0.06922946311533451
6354,AACAATACTTACCT-1,8-9,0.0,0.0,0.25243726,True,0.06976403295993805
1076,AGCGTAACGATACC-1,4-5,0.0,0.0,0.2060165,True,0.06994413770735264
8423,CAGGTAACGTGTTG-1,8-9,0.06666666666666667,0.08530460913930238,0.05716551,False,0.06968170870095491
2412,CCCAAAGATCTTCA-1,4-5,0.06666666666666667,0.10764243204553911,0.451043,False,0.06945899035781622
7900,ATGCCAGAGGAACG-1,8-9,0.2,0.24226416523477698,0.4391797,False,0.06983861420303583
4754,GTTGATCTTGTAGC-1,4-5,0.06666666666666667,0.0475902379018706,0.09226071,False,0.06989173032343388
11611,TCAGACGATGCAGT-1,8-9,0.13333333333333333,0.10141145392464015,0.23803887,False,0.06940779276192188
1355,ATAATCGACTCTAT-1,4-5,0.0,0.0,0.11709044,True,0.06955513544380665
12269,TTAGGTCTCTGTAG-1,8-9,0.13333333333333333,0.1569595560954746,0.26443005,False,0.06993411295115948
962,AGAGTGCTCTGTAG-1,4-5,0.0,0.0,0.36068478,True,0.06965739279985428
12007,TGCATGGATGGCAT-1,8-9,0.0,0.0,0.39191577,True,0.06900222040712833
3278,GAAAGATGCTTTAC-1,4-5,0.2,0.2016532288538339,0.33301857,False,0.06925937347114086
9593,CTTTACGACACAAC-1,8-9,0.2,0.32306208217807847,0.14326087,False,0.06904530711472034
3290,GAACACACGCATAC-1,4-5,0.13333333333333333,0.09952204399585277,0.010765561,False,0.06916691083461046
6973,ACGGCGTGGGACGA-1,8-9,0.2,0.26642443208866323,0.26748997,False,0.06946843210607767
5403,TCCATCCTTCCTTA-1,4-5,0.13333333333333333,0.10313834007270506,0.7296012,False,0.06951355095952749
7231,AGAGCTACTGGATC-1,8-9,0.0,0.0,0.080115534,True,0.06977898720651865
879,AGAATGGAAGGCGA-1,4-5,0.4,0.4350806474461406,0.41976786,False,0.06970974523574114
8448,CAGTTACTCTACGA-1,8-9,0.13333333333333333,0.09091555212983252,0.08001279,False,0.06888898834586143
2965,CTAGAGACCTGTAG-1,4-5,0.0,0.0,0.15329686,True,0.06975716911256313
9560,CTTAGACTTCTATC-1,8-9,0.06666666666666667,0.05135849223864361,0.11072378,False,0.06960170064121485
1986,CACATGGAGTCCTC-1,4-5,0.06666666666666667,0.06600065503116892,0.06467374,False,0.06968616880476475
8008,ATTCGGGAAGGTTC-1,8-9,0.2,0.21282214030695226,0.827461,False,0.06910500209778547
1423,ATAGGCTGCTAGAC-1,4-5,0.13333333333333333,0.27825165032414384,0.33384407,False,0.06932603754103184
7484,AGGTCATGAGCGGA-1,8-9,0.2,0.19599556458827352,0.17683595,False,0.06928916648030281
3218,CTTAGGGACCTCGT-1,4-5,0.26666666666666666,0.27431870336528713,0.1304841,False,0.06893683318048716
7777,ATCATGCTTCTCAT-1,8-9,0.0,0.0,0.1631074,True,0.0697958329692483
249,AAGCGACTAACAGA-1,4-5,0.13333333333333333,0.1228703944573705,0.16142184,False,0.06951174885034561
9259,CTAACTACAAGTAG-1,8-9,0.0,0.0,0.19885617,True,0.06960032880306244
4751,GTTGATCTACTGTG-1,4-5,0.0,0.0,0.16892432,True,0.06962429266422987
8465,CATACTACACGTAC-1,8-9,0.2,0.23559934575449268,0.011550039,False,0.06994608603417873
82,AAATGTTGTAACCG-1,4-5,0.13333333333333333,0.11612969547347292,0.046844453,False,0.06990950927138329
12130,TGTAAAACACTTTC-1,8-9,0.2,0.19989805489979232,0.31443003,False,0.06967159081250429
5288,TCACAACTTCAAGC-1,4-5,0.06666666666666667,0.17060921827860476,0.4995235,False,0.07001309469342232
10450,GGAAGGTGCTGACA-1,8-9,0.06666666666666667,0.0475902379018706,0.34318456,False,0.06950962170958519
2451,CCCGATTGGCTGTA-1,4-5,0.06666666666666667,0.05686973942620158,0.06255163,False,0.06897998135536909
10842,GTAGTGTGTTGCGA-1,8-9,0.13333333333333333,0.16146364806830865,0.4954776,False,0.06923677772283554
1293,AGTGTGACCGAACT-1,4-5,0.06666666666666667,0.04265230456965119,0.0076467656,False,0.06968803983181715
9172,CGTACAGAGATAGA-1,8-9,0.0,0.0,0.083976075,True,0.06864306703209877
4284,GGGAACGACTGAGT-1,4-5,0.13333333333333333,0.21326152284825595,0.09991301,False,0.06888582464307547
8911,CGAAGACTTGTGAC-1,8-9,0.13333333333333333,0.11459344576048992,0.1720055,False,0.06959844008088112
2764,CGGAATTGACGTGT-1,4-5,0.0,0.0,0.03914307,True,0.06952831894159317
9654,GAACGGGACGTAGT-1,8-9,0.5333333333333333,0.6669448752088623,0.055542897,False,0.06950168311595917
3335,GAAGCTTGACCATG-1,4-5,0.13333333333333333,0.0919694286195867,0.6914414,False,0.06956592202186584
11588,TCACATACTAGAAG-1,8-9,0.0,0.0,0.16506095,True,0.06992792151868343
4314,GGGATGGACTCTTA-1,4-5,0.13333333333333333,0.1587820000431241,0.40269974,False,0.0697922632098198
10955,GTGAGGGAAACGTC-1,8-9,0.13333333333333333,0.25591382741790714,0.11991009,False,0.06951071135699749
6127,TTCTCAGAAACCGT-1,4-5,0.06666666666666667,0.04481043185393461,0.43707824,False,0.0697183683514595
6529,AAGCGTACTCACCC-1,8-9,0.2,0.16900046140256555,0.30252284,False,0.0697071673348546
3289,GAAATACTTAAGGA-1,4-5,0.06666666666666667,0.07347739090382172,0.18106306,False,0.06984957866370678
10295,GCGACTCTTATCGG-1,8-9,0.2,0.1453489698050745,0.6741586,False,0.06957498379051685
3450,GACGATTGGAATCC-1,4-5,0.06666666666666667,0.04481043185393461,0.08609781,False,0.06986993923783302
11279,TACGTACTGGAGGT-1,8-9,0.2,0.14332792085823032,0.26683357,False,0.06974275689572096
2742,CGCCTAACTCCAGA-1,4-5,0.26666666666666666,0.3473008287587448,0.32288736,False,0.06923685315996408
10195,GCATGATGTCCGAA-1,8-9,0.0,0.0,0.50830096,True,0.06861964985728264
5737,TGCACGCTTTCTTG-1,4-5,0.26666666666666666,0.36390848023636496,0.047051553,False,0.06902662105858326
8864,CCTATTGAGTATGC-1,8-9,0.2,0.29790782520519604,0.011686638,False,0.06979234889149666
729,ACGTCAGACAGAAA-1,4-5,0.0,0.0,0.16095115,True,0.06918860878795385
11992,TGCAATCTGTGTAC-1,8-9,0.26666666666666666,0.33308339390219444,0.12754387,False,0.06935823243111372
6056,TTCACAACTTGTCT-1,4-5,0.06666666666666667,0.053821216022769555,0.20334966,False,0.06912420596927404
7194,AGACTGACCTAGAC-1,8-9,0.0,0.0,0.46404713,True,0.0691813062876463
5542,TCTAACTGCAACTG-1,4-5,0.06666666666666667,0.07347739090382172,0.35238385,False,0.06896369624882936
10566,GGCAAGGATAGCGT-1,8-9,0.06666666666666667,0.043668798524938345,0.13909271,False,0.0690911402925849
125,AACCAGTGAGAGGC-1,4-5,0.06666666666666667,0.06077222973772036,0.7677379,False,0.06947581842541695
6815,ACCAGCCTAGGAGC-1,8-9,0.13333333333333333,0.10445997732807218,0.40084925,False,0.06976717803627253
1819,CAAAGCTGATGCCA-1,4-5,0.06666666666666667,0.06077222973772036,0.1614236,False,0.06959368381649256
8139,CAAGCCCTCTGAGT-1,8-9,0.26666666666666666,0.23906276145189656,0.13055441,False,0.06970276683568954
2494,CCGATAGAGGTGTT-1,4-5,0.0,0.0,0.15800053,True,0.06956146098673344
12456,TTGGAGACGTACCA-1,8-9,0.5333333333333333,0.5386833650000662,0.25528616,False,0.06951935682445765
6196,TTGTCATGTTTCAC-1,4-5,0.3333333333333333,0.4400821737707,0.3821982,False,0.06962738558650017
6492,AAGATGGATTCTAC-1,8-9,0.06666666666666667,0.08530460913930238,0.046970844,False,0.06967214215546846
5598,TGAACCGAAAAAGC-1,4-5,0.2,0.14562716427175065,0.19127765,False,0.06963159888982773
9705,GAAGTGCTGTGTAC-1-1,8-9,0.06666666666666667,0.08530460913930238,0.010048386,False,0.06985415425151587
1651,ATGTTAGACGACTA-1,4-5,0.2,0.17340372720248917,0.24154885,False,0.06957829277962446
6839,ACCCACTGTATGGC-1,8-9,0.13333333333333333,0.09894873014051422,0.009917941,False,0.06915382016450167
5206,TATCTCGACTACTT-1,4-5,0.26666666666666666,0.279751470826065,0.15132137,False,0.06966276094317436
6774,ACAGTTCTGTATGC-1,8-9,0.06666666666666667,0.08530460913930238,0.12775657,False,0.06985663995146751
5069,TAGGCTGAAAACGA-1,4-5,0.13333333333333333,0.10966945355610726,0.09446593,False,0.07001370564103127
7749,ATCAAATGACCCTC-1,8-9,0.0,0.0,0.37995642,True,0.06966391019523144
1023,AGCCACCTAGTACC-1,4-5,0.2,0.26603146260443816,0.4980928,False,0.06955962534993887
9117,CGGAGGCTAAACGA-1,8-9,0.06666666666666667,0.06600065503116892,0.24042514,False,0.06914132740348577
3112,CTGACAGATACGAC-1,4-5,0.06666666666666667,0.043668798524938345,0.03921187,False,0.06951769161969423
7296,AGCATTCTCCCGTT-1,8-9,0.0,0.0,0.25736633,True,0.06908455025404692
1688,ATTAGTGAATCGAC-1,4-5,0.4666666666666667,0.4479824114473301,0.4453086,False,0.06906485836952925
9260,CTAACTACACACGT-1,8-9,0.0,0.0,0.626629,True,0.0698589263483882
3565,GAGGCCACCCAACA-1,4-5,0.06666666666666667,0.08530460913930238,0.8942764,False,0.06984594650566578
6832,ACCATTTGTGATGC-1,8-9,0.06666666666666667,0.17060921827860476,0.7147807,False,0.0697625745087862
2376,CCAGGTCTAAGATG-1,4-5,0.06666666666666667,0.05686973942620158,0.1430522,False,0.06991372723132372
10973,GTGCAAACACGGTT-1,8-9,0.13333333333333333,0.09894873014051422,0.03105192,False,0.069158093072474
1979,CACAGTGAGTCTTT-1,4-5,0.13333333333333333,0.11359089293303952,0.031559005,False,0.0695024523884058
9282,CTACGCACTGAGAA-1,8-9,0.3333333333333333,0.3145815205444264,0.43384045,False,0.06984704546630383
709,ACGGGAGAAGTACC-1,4-5,0.13333333333333333,0.1289734076642407,0.54072857,False,0.06946728099137545
7093,ACTGCCACGCTGAT-1,8-9,0.13333333333333333,0.1195825111797196,0.028311163,False,0.06937278620898724
310,AAGTTATGGTGTTG-1,4-5,0.0,0.0,0.38289517,True,0.06952902022749186
10715,GGTACATGAGCAAA-1,8-9,0.0,0.0,0.2362798,True,0.07006302662193775
4823,TAAGCGTGATACCG-1,4-5,0.06666666666666667,0.0475902379018706,0.1655576,False,0.06964732799679041
12192,TGTGATCTCGTGTA-1,8-9,0.0,0.0,0.08503254,True,0.06934533640742302
3428,GACCCTACTTGCGA-1,4-5,0.0,0.0,0.026588745,True,0.06950434669852257
10108,GCAATCGAATGGTC-1,8-9,0.0,0.0,0.13383374,True,0.06950920354574919
140,AACCTTACCCCGTT-1,4-5,0.06666666666666667,0.10764243204553911,0.2810583,False,0.0698244757950306
11698,TCCCATCTGTCGTA-1,8-9,0.06666666666666667,0.10764243204553911,0.1658291,False,0.0696721775457263
1305,AGTTCTACAAACAG-1,4-5,0.0,0.0,0.36023954,True,0.06977393943816423
7116,ACTTCAACCTTGGA-1,8-9,0.13333333333333333,0.1569595560954746,0.05338157,False,0.06991517264395952
5322,TCAGACGAGACACT-1,4-5,0.0,0.0,0.8010454,True,0.06955764070153236
7175,AGACCTGAAGGCGA-1,8-9,0.06666666666666667,0.08530460913930238,0.5500688,False,0.06904232874512672
341,AATCAAACGTGTTG-1,4-5,0.13333333333333333,0.15374755232143703,0.48377723,False,0.06958998460322618
9433,CTCGACACTGTGAC-1,8-9,0.26666666666666666,0.21198318093552485,0.909428,False,0.06976636312901974
4989,TACTTGACAACCAC-1,4-5,0.06666666666666667,0.046105120275897894,0.2328468,False,0.06901293713599443
7927,ATGGTGACGCTATG-1,8-9,0.0,0.0,0.16151592,True,0.06962841656059027
1260,AGTCACGATCCTAT-1,4-5,0.13333333333333333,0.12483588314246533,0.27507737,False,0.06888205371797085
7611,AGTTCTTGTGTTCT-1,8-9,0.0,0.0,0.77830255,True,0.06894234288483858
766,ACTAAAACTTGCGA-1,4-5,0.06666666666666667,0.06600065503116892,0.10879794,False,0.06910562701523304
6373,AACATATGTGAGCT-1,8-9,0.2,0.28130017372757593,0.4409858,False,0.0688510499894619
3608,GAGTACACACCAAC-1,4-5,0.2,0.3100872642135954,0.42349032,False,0.06965805869549513
11459,TATAAGTGAGTTCG-1,8-9,0.06666666666666667,0.10764243204553911,0.05642212,False,0.06964738853275776
3679,GATCGAACTCATTC-1,4-5,0.13333333333333333,0.0969073619518061,0.5604653,False,0.07001865934580564
6380,AACCACGAGAAACA-1,8-9,0.0,0.0,0.26674563,True,0.06976917944848537
3906,GCCATCACCTTATC-1,4-5,0.06666666666666667,0.0475902379018706,0.07588927,False,0.0698119979351759
11576,TCAATAGATATGCG-1,8-9,0.13333333333333333,0.09746361251454151,0.4037568,False,0.06977850291877985
5596,TGAAATTGTAAGGA-1,4-5,0.0,0.0,0.04226522,True,0.06938565243035555
11295,TACTACTGCAACTG-1,8-9,0.6,0.6407531257070687,0.3260774,False,0.06939623970538378
1193,AGGTCTGACAGTCA-1,4-5,0.2,0.1401159170841927,0.21959782,False,0.06864858884364367
7892,ATGCACGAGTTCTT-1,8-9,0.06666666666666667,0.043668798524938345,0.14378132,False,0.06946042366325855
2989,CTATAAGACTACTT-1,4-5,0.06666666666666667,0.17060921827860476,0.36187717,False,0.06976914312690496
7042,ACTAGGTGACCCTC-1,8-9,0.0,0.0,0.0061959997,True,0.06950461491942406
2314,CCAACCTGTTTCGT-1,4-5,0.13333333333333333,0.10342453430737154,0.21281031,False,0.06958876270800829
6325,AAATGGGAGTCTTT-1,8-9,0.13333333333333333,0.10313834007270506,0.47218212,False,0.06937362067401409
3978,GCGAAGGAGCATCA-1,4-5,0.06666666666666667,0.04265230456965119,0.21749774,False,0.06989696156233549
11679,TCCAGAGAAAAAGC-1,8-9,0.06666666666666667,0.046105120275897894,0.18072173,False,0.06963116116821766
1329,AGTTTGCTTCTGGA-1,4-5,0.0,0.0,0.17800096,True,0.06950882822275162
8385,CAGCATGAGAATGA-1-1,8-9,0.13333333333333333,0.14217434856550396,0.9740839,False,0.06981054600328207
5694,TGATTCACGAAAGT-1,4-5,0.06666666666666667,0.04481043185393461,0.38705748,False,0.06962103024125099
8397,CAGCGTCTCCCGTT-1,8-9,0.06666666666666667,0.07347739090382172,0.25013903,False,0.06911121029406786
5900,TGTAGGTGCTTGTT-1,4-5,0.06666666666666667,0.043668798524938345,0.12526836,False,0.07023376412689686
8488,CATCAGGACGACTA-1,8-9,0.26666666666666666,0.2766179467788075,0.1760771,False,0.06985388044267893
3016,CTATGTACGGGCAA-1,4-5,0.06666666666666667,0.17060921827860476,0.14443971,False,0.06933798920363188
11520,TATCTGACTCCTGC-1,8-9,0.0,0.0,1.3694607,True,0.06956537254154682
5421,TCCCGATGCCACCT-1,4-5,0.0,0.0,0.4450145,True,0.06955540366470814
11713,TCCCTACTTCGCAA-1,8-9,0.2,0.19218195915292063,1.1588818,False,0.06980976648628712
4596,GTCTGAGAGGGAGT-1,4-5,0.0,0.0,1.2838975,True,0.07020186446607113
9223,CGTGTAGACAGAGG-1,8-9,0.0,0.0,0.71627355,True,0.06958070211112499
1400,ATAGATACTATGGC-1,4-5,0.0,0.0,0.012041178,True,0.06985229533165693
9198,CGTCGACTATTGGC-1,8-9,0.2,0.20454979399734521,0.16854957,False,0.06987683102488518
5523,TCGGTAGAACGCTA-1,4-5,0.06666666666666667,0.04481043185393461,0.11700622,False,0.06954389344900846
7691,ATACGTCTCATGAC-1,8-9,0.13333333333333333,0.09091555212983252,0.36093086,False,0.06992089934647083
1807,ATTTGCACGATAAG-1,4-5,0.06666666666666667,0.049317124049935504,0.027882399,False,0.06891155429184437
8196,CAATGGACATACCG-1,8-9,0.06666666666666667,0.06077222973772036,0.09518484,False,0.06955184880644083
3507,GACTTTACTCGTTT-1,4-5,0.06666666666666667,0.10764243204553911,0.20795713,False,0.06974065955728292
8097,CAACAGACAAGGCG-1,8-9,0.26666666666666666,0.25299140185061364,0.32937106,False,0.06973093375563622
3071,CTCGACACGTTAGC-1,4-5,0.2,0.28592699735970917,0.15871626,False,0.06948327645659447
8379,CAGCAATGTAGAGA-1,8-9,0.13333333333333333,0.11764196916392194,0.1726245,False,0.06983812432736158
2644,CGACTCTGCCTGAA-1,4-5,0.0,0.0,0.016866945,True,0.0693952925503254
10075,GATTGGTGCCCTAC-1,8-9,0.13333333333333333,0.11982187105393848,0.3133818,False,0.06933531258255243
5446,TCCTAAACACGTTG-1,4-5,0.26666666666666666,0.24543282007434142,0.61693263,False,0.06946461740881205
9699,GAAGTCTGCTCAAG-1,8-9,0.06666666666666667,0.06077222973772036,0.09951596,False,0.06990043167024851
3737,GATTCTACTCGCAA-1,4-5,0.0,0.0,0.34395096,True,0.06987045612186193
10865,GTATTCACAAGTAG-1,8-9,0.06666666666666667,0.07347739090382172,0.43838352,False,0.07005318813025951
561,ACCATTTGGAGAGC-1,4-5,0.13333333333333333,0.21992634232854028,0.54801965,False,0.06957666296511889
6969,ACGGAGGAGAGCAG-1,8-9,0.06666666666666667,0.06077222973772036,0.112909354,False,0.06991288717836142
3189,CTGTGAGATCAGAC-1,4-5,0.06666666666666667,0.05686973942620158,0.45127526,False,0.06992646958678961
8516,CATCTCCTTCTTCA-1,8-9,0.13333333333333333,0.136663101377946,0.12334484,False,0.06984329037368298
1292,AGTGTGACAGATGA-1,4-5,0.0,0.0,0.04779142,True,0.06923012156039476
9338,CTATAGCTCTGATG-1,8-9,0.06666666666666667,0.10764243204553911,0.31727028,False,0.06976822949945927
352,AATCCTTGGTCTAG-1,4-5,0.06666666666666667,0.04265230456965119,1.0012282,False,0.06965058576315641
7310,AGCCGGACGCTGAT-1,8-9,0.2,0.1646323029078731,0.13581887,False,0.06932132504880428
3504,GACTGTGAGTATGC-1,4-5,0.06666666666666667,0.06077222973772036,0.14251025,False,0.06955217756330967
9578,CTTGAACTTGGTCA-1,8-9,0.26666666666666666,0.22760505554094485,0.9313532,False,0.0699717290699482
3133,CTGATACTGCATAC-1,4-5,0.0,0.0,0.6985404,True,0.0697015281766653
9509,CTGGAAACGTGCAT-1,8-9,0.06666666666666667,0.17060921827860476,0.009534255,False,0.06984734535217285
3258,CTTTAGTGCGTTGA-1,4-5,0.06666666666666667,0.04481043185393461,0.75034845,False,0.06973707024008036
9693,GAAGTCACACACGT-1,8-9,0.13333333333333333,0.24408660918242647,0.43143344,False,0.06966993678361177
599,ACCTCCGAACCCTC-1,4-5,0.13333333333333333,0.0936953581777685,0.013406102,False,0.06962653435766697
7544,AGTCACGAGTATGC-1,8-9,0.0,0.0,0.25930083,True,0.06979538686573505
4803,TAACTAGAATCTTC-1,4-5,0.2,0.1643929430336542,0.08898171,False,0.06959039438515902
10845,GTATCACTGATAAG-1,8-9,0.3333333333333333,0.38137158813167293,0.6024521,False,0.0701901176944375
4386,GGTATGACTTGGCA-1,4-5,0.06666666666666667,0.046105120275897894,0.19751021,False,0.06925104930996895
7251,AGATATTGCGAATC-1,8-9,0.13333333333333333,0.1587820000431241,0.13543066,False,0.06945033557713032
568,ACCCACTGCACTTT-1,4-5,0.2,0.18416834635279286,0.24665383,False,0.0692913206294179
8840,CCGTACACTCACCC-1,8-9,0.0,0.0,0.03530427,True,0.06962796673178673
913,AGACTGACCATTCT-1,4-5,0.0,0.0,0.49687818,True,0.06962042860686779
8824,CCGGTACTCAGTTG-1,8-9,0.26666666666666666,0.17723665522442203,0.13739887,False,0.06964766141027212
57,AAATACTGTACTGG-1,4-5,0.26666666666666666,0.2170725257274275,0.2881772,False,0.0696579534560442
6991,ACGGTCCTCATGCA-1,8-9,0.0,0.0,0.7898775,True,0.06944011803716421
2564,CCTGACTGCTCCAC-1,4-5,0.0,0.0,0.18448505,True,0.0699961744248867
9926,GAGGTTACGGAACG-1,8-9,0.4,0.4943406034934119,0.5819363,False,0.06985194701701403
1152,AGGCTAACTCCGAA-1,4-5,0.0,0.0,0.20522821,True,0.06975773442536592
6834,ACCATTTGTTTGCT-1,8-9,0.06666666666666667,0.043668798524938345,0.11442178,False,0.06943303905427456
2907,CTAACACTGACAGG-1,4-5,0.06666666666666667,0.17060921827860476,0.54938245,False,0.06915357895195484
7461,AGGGCGCTCTGGTA-1,8-9,0.5333333333333333,0.557925894957221,0.49050635,False,0.06936256308108568
841,ACTTGGGATCTCTA-1,4-5,0.06666666666666667,0.043668798524938345,0.4112043,False,0.06985663436353207
8328,CACTGCACTCTTCA-1,8-9,0.13333333333333333,0.11612969547347292,0.15762083,False,0.07000686693936586
773,ACTACTACCGAATC-1,4-5,0.06666666666666667,0.10764243204553911,0.72244245,False,0.0693715950474143
10362,GCGTAATGAGCCAT-1,8-9,0.06666666666666667,0.17060921827860476,0.5122808,False,0.06991704367101192
1012,AGCACTGAGGTTTG-1,4-5,0.06666666666666667,0.08530460913930238,0.032812357,False,0.06957252137362957
11824,TCTATGTGATGCTG-1,8-9,0.06666666666666667,0.043668798524938345,0.14911559,False,0.06961262412369251
2223,CATCAGGACTTCCG-1,4-5,0.13333333333333333,0.0919694286195867,0.20352755,False,0.06932845152914524
9309,CTAGGATGTATTCC-1,8-9,0.13333333333333333,0.21671433855450267,0.034594223,False,0.06968792248517275
3984,GCGAGAGACTCAAG-1,4-5,0.13333333333333333,0.09401079680829481,0.23446114,False,0.06985158193856478
12213,TTAACCACCGCTAA-1,8-9,0.2,0.1530386635187798,0.23268713,False,0.07008081581443548
846,ACTTGTACTCTATC-1,4-5,0.13333333333333333,0.15131123057047743,0.26374915,False,0.06954131182283163
10382,GCTACGCTACGTAC-1,8-9,0.13333333333333333,0.11359089293303952,0.27048403,False,0.07000486552715302
2632,CGACCTACGGTCTA-1,4-5,0.06666666666666667,0.08530460913930238,0.35086405,False,0.06904615554958582
12084,TGGATGACGGCAAG-1,8-9,0.0,0.0,0.5898931,True,0.0696669239550829
2470,CCCTGAACGACAGG-1,4-5,0.26666666666666666,0.22781074284456482,0.28821647,False,0.06979120522737503
10138,GCACGGTGGGACGA-1,8-9,0.13333333333333333,0.21326152284825595,0.23449293,False,0.06975146476179361
2483,CCGAAAACGTCGAT-1,4-5,0.2,0.18974563740196107,0.15233211,False,0.06936603505164385
11756,TCGAGAACAAAGCA-1,8-9,0.0,0.0,0.6964823,True,0.0697399266064167
2779,CGGACTCTTTTGCT-1,4-5,0.0,0.0,0.77177465,True,0.06959834508597851
7647,ATAACATGTTTGTC-1,8-9,0.2,0.3048588389201468,0.02271384,False,0.06959104351699352
4874,TACAAATGTACGAC-1,4-5,0.06666666666666667,0.053821216022769555,0.33922276,False,0.06957800593227148
11688,TCCATCCTCCAATG-1,8-9,0.13333333333333333,0.10687735001361826,0.0016664863,False,0.069708994589746
5481,TCGAGAACGTTGGT-1,4-5,0.0,0.0,0.3722093,True,0.06958071421831846
11242,TACGAGACTGTCCC-1,8-9,0.13333333333333333,0.09746361251454151,0.15878347,False,0.06943418271839619
1594,ATGCCAGAGAGGTG-1,4-5,0.06666666666666667,0.046105120275897894,0.15071857,False,0.06977033149451017
8353,CAGACATGGCCATA-1,8-9,0.0,0.0,0.017536622,True,0.0697356928139925
3568,GAGGCCACGTCTAG-1,4-5,0.13333333333333333,0.0924006697558052,0.2466406,False,0.06953013315796852
9428,CTCGAAGATATGGC-1,8-9,0.06666666666666667,0.043668798524938345,0.8006043,False,0.0699008209630847
5869,TGGTACGATCTGGA-1,4-5,0.13333333333333333,0.09125903642680894,0.19932956,False,0.0695576025173068
7100,ACTGGCCTTCAAGC-1,8-9,0.13333333333333333,0.09952204399585277,0.008923259,False,0.06989684235304594
5693,TGATTCACCTGACA-1,4-5,0.06666666666666667,0.04265230456965119,0.08366294,False,0.06882818322628736
11170,TAAGTAACACCCTC-1,8-9,0.13333333333333333,0.24408660918242647,0.18520361,False,0.06965559907257557
3947,GCCGGAACATGACC-1,4-5,0.06666666666666667,0.043668798524938345,0.02322875,False,0.06969430763274431
7683,ATACCTACTTCGCC-1,8-9,0.06666666666666667,0.0475902379018706,0.16785908,False,0.06985537987202406
5256,TATTTCCTGAATGA-1,4-5,0.0,0.0,0.13287084,True,0.06940442137420177
7414,AGGACTTGCTGAGT-1,8-9,0.4666666666666667,0.5818488982466501,0.10607505,False,0.06975247897207737
5588,TCTTGATGGTCAAC-1,4-5,0.3333333333333333,0.26140113115837077,0.5878024,False,0.06978648155927658
11172,TAAGTAACCCTCAC-1,8-9,0.0,0.0,0.325402,True,0.0697117717936635
826,ACTTCAACGTCAAC-1,4-5,0.0,0.0,0.39318544,True,0.07009263709187508
8576,CATTTGTGACGGAG-1,8-9,0.2,0.2120834603081978,0.025785567,False,0.06972298678010702
4398,GGTTGAACAAGCAA-1,4-5,0.2,0.16218368366236052,0.2391244,False,0.06942705623805523
6870,ACCTATTGGGACGA-1,8-9,0.2,0.14883916804578826,0.28493854,False,0.06939583364874125
2807,CGGCGATGTTCAGG-1,4-5,0.0,0.0,0.25331378,True,0.06991384364664555
9710,GAATGCACCTACTT-1,8-9,0.06666666666666667,0.05135849223864361,0.1763964,False,0.06903767678886652
2398,CCATCCGAGTACAC-1,4-5,0.26666666666666666,0.2518438021216112,0.10723906,False,0.0700508477166295
11179,TAATCCACCGACAT-1,8-9,0.0,0.0,0.058342088,True,0.0695565976202488
520,ACATTCTGAGAACA-1,4-5,0.0,0.0,0.45074114,True,0.06983598042279482
9371,CTATTGACTCTCTA-1,8-9,0.13333333333333333,0.0969073619518061,0.14172222,False,0.06985742133110762
3561,GAGGCAGAACCCAA-1,4-5,0.2,0.20454979399734521,0.54923487,False,0.06939839199185371
11905,TGACGCCTAAGTAG-1,8-9,0.0,0.0,0.5106486,True,0.0694366917014122
1812,CAAACTCTACTCTT-1,4-5,0.13333333333333333,0.14607683887702272,0.92023325,False,0.06956267077475786
7951,ATGTTAGACTGTAG-1,8-9,0.2,0.21845351893064263,0.093274914,False,0.0698053352534771
1591,ATGCAGTGTAGAAG-1,4-5,0.06666666666666667,0.04481043185393461,0.19804187,False,0.06960250996053219
11278,TACGTACTCTCGAA-1,8-9,0.2,0.19149147261543945,0.044120163,False,0.06920476257801056
2653,CGAGAACTCGTAAC-1,4-5,0.26666666666666666,0.295921900886941,0.57856274,False,0.0697800712659955
11571,TCAAGTCTTGCCTC-1,8-9,0.06666666666666667,0.08530460913930238,0.03534612,False,0.06991995498538017
3950,GCCGTACTGTACAC-1,4-5,0.0,0.0,0.35403773,True,0.06950342282652855
8126,CAAGAAGAGTCTGA-1,8-9,0.13333333333333333,0.09401079680829481,0.22454813,False,0.06971039343625307
4688,GTTAAATGCCAATG-1,4-5,0.06666666666666667,0.043668798524938345,0.13933398,False,0.06955615896731615
11970,TGATTAGAGGCGAA-1,8-9,0.06666666666666667,0.17060921827860476,0.46609867,False,0.06976563576608896
3545,GAGCGCACCGTAAC-1,4-5,0.13333333333333333,0.27825165032414384,0.28340605,False,0.06985285505652428
9365,CTATGTTGGGCAAG-1,8-9,0.0,0.0,0.16158557,True,0.06995567679405212
5788,TGCTTAACCAGATC-1,4-5,0.0,0.0,0.15864734,True,0.06935476511716843
8630,CCACTGACAGATCC-1,8-9,0.0,0.0,0.3226457,True,0.06979619059711695
1417,ATAGGAGACTGGAT-1-1,4-5,0.0,0.0,0.2826273,True,0.07007722370326519
9469,CTGACAGATGTGGT-1,8-9,0.06666666666666667,0.08530460913930238,0.11018921,False,0.06955998577177525
4843,TAAGTCCTCCAACA-1,4-5,0.06666666666666667,0.06077222973772036,0.3495013,False,0.06892996188253164
10705,GGGTTATGCACACA-1,8-9,0.06666666666666667,0.10764243204553911,0.053885143,False,0.06934472545981407
4043,GCGTATGATCCAAG-1,4-5,0.06666666666666667,0.07347739090382172,0.43780884,False,0.0690777562558651
9397,CTCAGGCTCTTCCG-1,8-9,0.06666666666666667,0.10764243204553911,0.9510642,False,0.06997724249958992
535,ACCACCTGGGATTC-1,4-5,0.13333333333333333,0.1303471303300233,0.7911229,False,0.06945801060646772
8743,CCCATCGAGACAGG-1,8-9,0.2,0.15375815231259418,0.054294378,False,0.0695395041257143
2927,CTAATAGATACTGG-1,4-5,0.06666666666666667,0.06600065503116892,0.016476855,False,0.06970435287803411
7807,ATCGGAACAGCTAC-1,8-9,0.26666666666666666,0.26490212350351694,0.2571507,False,0.06930106971412897
4320,GGGCACACGAGCTT-1,4-5,0.13333333333333333,0.10053853795113993,0.10601528,False,0.06982358172535896
6872,ACCTCCGAACGTGT-1,8-9,0.3333333333333333,0.33304696469113254,0.40696663,False,0.06965724192559719
4133,GGAATGCTGTCACA-1,4-5,0.06666666666666667,0.049317124049935504,0.065338254,False,0.07007675338536501
7638,ATAAACACCGTAAC-1,8-9,0.13333333333333333,0.14217434856550396,0.505618,False,0.06995443534106016
2870,CGTGAATGCCCAAA-1,4-5,0.13333333333333333,0.10517970826141315,0.33314258,False,0.06978017278015614
8720,CCCAACTGGAGAGC-1,8-9,0.06666666666666667,0.17060921827860476,0.12646101,False,0.06924975104629993
5811,TGGACTGACCCTTG-1,4-5,0.0,0.0,0.4995558,True,0.06968225538730621
7659,ATAATCGATAGACC-1,8-9,0.0,0.0,0.013147578,True,0.06984484288841486
1306,AGTTCTACACCTGA-1,4-5,0.4,0.3755477278539083,0.29219407,False,0.07019250001758337
11834,TCTCTAGACGTAAC-1,8-9,0.13333333333333333,0.14217434856550396,0.7361872,False,0.07003366854041815
2734,CGCCATTGGGCGAA-1,4-5,0.13333333333333333,0.21671433855450267,0.20739716,False,0.06974068190902472
11816,TCTAGACTCAGAAA-1,8-9,0.13333333333333333,0.10141145392464015,0.07595514,False,0.06937089283019304
3264,CTTTGATGCTCTCG-1,4-5,0.06666666666666667,0.07347739090382172,0.023633176,False,0.0684292521327734
12466,TTGGGAACGTAAAG-1,8-9,0.0,0.0,0.0035343692,True,0.06933534983545542
4588,GTCTAACTTCTCGC-1,4-5,0.13333333333333333,0.1524528638994737,0.5491053,False,0.0696252416819334
8424,CAGGTATGACGGAG-1,8-9,0.0,0.0,0.08996688,True,0.0697909127920866
3304,GAACGGGACTCCAC-1,4-5,0.4,0.47394574861360533,1.1767607,False,0.06976996921002865
10807,GTAGCAACCCTACC-1,8-9,0.26666666666666666,0.3382141650862966,0.24146561,False,0.06941922288388014
1549,ATCTGTTGGATGAA-1,4-5,0.0,0.0,0.35750633,True,0.06937936693429947
9908,GAGGGAACTAGAAG-1,8-9,0.0,0.0,0.288441,True,0.06923918146640062
1769,ATTGTAGAGTCGAT-1,4-5,0.0,0.0,0.36877242,True,0.06973826978355646
11539,TATGGTCTCAACCA-1,8-9,0.0,0.0,0.017756687,True,0.06932380050420761
2768,CGGACCGAAAGGCG-1,4-5,0.0,0.0,1.1777037,True,0.06926759611815214
9385,CTCAGCACGTCAAC-1,8-9,0.13333333333333333,0.11764196916392194,0.071735404,False,0.06911913491785526
4469,GTAGCCCTGTTACG-1,4-5,0.4,0.30665511006650154,0.22271661,False,0.0696507478132844
11853,TCTTGATGCAGTCA-1,8-9,0.2,0.18364262419509084,0.22241712,False,0.06952761113643646
2544,CCTCATCTAGCTCA-1,4-5,0.06666666666666667,0.046105120275897894,0.37103084,False,0.06942641083151102
10690,GGGCCATGTTGCGA-1,8-9,0.06666666666666667,0.049317124049935504,0.07144117,False,0.06915088463574648
4286,GGGAACGAGTAAAG-1,4-5,0.06666666666666667,0.08530460913930238,0.00912457,False,0.06950746849179268
10613,GGCGACTGCCGTAA-1,8-9,0.0,0.0,0.39302242,True,0.06898667942732573
1706,ATTCCATGTAAGCC-1,4-5,0.3333333333333333,0.2743655377257348,0.0643715,False,0.06903052888810635
11381,TAGGCATGTCGTGA-1,8-9,0.3333333333333333,0.397920640998634,0.20220873,False,0.06983085628598928
2044,CACTAACTGTATGC-1,4-5,0.0,0.0,0.19242264,True,0.06950948014855385
11189,TAATGAACCTTACT-1,8-9,0.06666666666666667,0.04481043185393461,0.20559026,False,0.06962894182652235
143,AACCTTACTGCATG-1,4-5,0.0,0.0,0.23370917,True,0.06914539728313684
12534,TTTCTACTCTGATG-1,8-9,0.13333333333333333,0.10141145392464015,0.061489083,False,0.06913307309150696
3448,GACGATTGACTCAG-1,4-5,0.0,0.0,0.11656515,True,0.0695298807695508
7002,ACGTCAGAGTGTCA-1,8-9,0.4,0.4985302134256028,0.8607684,False,0.06981132086366415
4988,TACTGTTGTTAGGC-1,4-5,0.0,0.0,0.24475074,True,0.06927639991044998
8894,CCTTCACTACGGGA-1,8-9,0.0,0.0,0.48604083,True,0.06915260571986437
594,ACCGTGCTTTCTCA-1,4-5,0.2,0.14664365822703782,0.04028728,False,0.06930400989949703
11376,TAGGCAACCGATAC-1,8-9,0.13333333333333333,0.13011504099323698,0.6328671,False,0.06962211709469557
161,AACGCATGTGAGCT-1,4-5,0.0,0.0,0.011698656,True,0.06930121220648289
10525,GGAGGTGAGCTATG-1,8-9,0.0,0.0,0.36095375,True,0.06949848774820566
5431,TCCGAAGAATTCGG-1,4-5,0.06666666666666667,0.05135849223864361,0.27171603,False,0.0694827027618885
6667,AATGGCTGTGTAGC-1,8-9,0.5333333333333333,0.6116113716151242,0.11929196,False,0.06987324357032776
1463,ATCACTTGACCAGT-1,4-5,0.0,0.0,0.07000654,True,0.06968937814235687
7431,AGGCAACTGCTGAT-1,8-9,0.0,0.0,0.34461185,True,0.06878685392439365
6037,TTATGGCTTGGCAT-1,4-5,0.06666666666666667,0.05686973942620158,0.082448855,False,0.06959601677954197
9022,CGCAGGACCTGTTT-1,8-9,0.13333333333333333,0.14217434856550396,0.06762949,False,0.06924774590879679
2008,CACCGTTGCTTGTT-1,4-5,0.2,0.2349410389721304,0.0932632,False,0.06928342022001743
9517,CTGGATGATTCCGC-1,8-9,0.0,0.0,0.3602299,True,0.06985510885715485
1721,ATTCTTCTTCTAGG-1,4-5,0.13333333333333333,0.13424962064154208,0.2284569,False,0.07003340218216181
8413,CAGGCCGACAGATC-1,8-9,0.0,0.0,0.6048252,True,0.06977391988039017
4716,GTTATAGACATGCA-1,4-5,0.0,0.0,0.7383655,True,0.06998428422957659
12092,TGGATTCTCGTTAG-1,8-9,0.06666666666666667,0.04265230456965119,0.31847134,False,0.06961451470851898
17,AAACGGCTCTACCC-1,4-5,0.3333333333333333,0.4561641030906181,0.41104582,False,0.06992585584521294
6467,AACTGTCTGGTTTG-1,8-9,0.26666666666666666,0.2251651727713746,0.15989909,False,0.06921609956771135
822,ACTTAAGAGGTCTA-1,4-5,0.13333333333333333,0.16146364806830865,0.75045276,False,0.06917241681367159
11351,TAGCATCTGTGTAC-1,8-9,0.06666666666666667,0.053821216022769555,0.2680145,False,0.06990835070610046
5318,TCAGACGAAGTGTC-1,4-5,0.0,0.0,0.15764624,True,0.06902941688895226
9263,CTAAGGACAAGCCT-1,8-9,0.13333333333333333,0.22747895770480633,0.20303689,False,0.06950614415109158
2745,CGCGATCTCGTACA-1,4-5,0.06666666666666667,0.06600065503116892,0.38777137,False,0.06978651322424412
9919,GAGGTACTACGTGT-1,8-9,0.06666666666666667,0.07347739090382172,0.63933486,False,0.06923731695860624
3323,GAAGATGAAGAATG-1,4-5,0.0,0.0,0.33288568,True,0.0691754836589098
12064,TGGAAGCTTCTTAC-1,8-9,0.13333333333333333,0.1587820000431241,0.051960144,False,0.06946641206741333
610,ACCTTTGACTCATT-1,4-5,0.0,0.0,0.6377577,True,0.0694603119045496
10217,GCCAACCTACCTTT-1,8-9,0.13333333333333333,0.10141145392464015,0.22753635,False,0.06933585554361343
1942,CAATTCACCAACCA-1,4-5,0.13333333333333333,0.10517970826141315,0.29184064,False,0.06979380641132593
8208,CACAACGAGGGCAA-1,8-9,0.06666666666666667,0.10764243204553911,0.20829087,False,0.06976160500198603
3048,CTCATTGAAGAACA-1,4-5,0.13333333333333333,0.136663101377946,0.18260318,False,0.06990930065512657
7518,AGTAATACTGCAGT-1,8-9,0.13333333333333333,0.1552326699474097,0.2600028,False,0.07018912862986326
4319,GGGCAAGACCGAAT-1,4-5,0.0,0.0,0.46982694,True,0.06983896438032389
8771,CCCTAGTGAGCCTA-1,8-9,0.13333333333333333,0.27825165032414384,0.13329667,False,0.06989484094083309
4568,GTCCAGCTCGAGAG-1,4-5,0.13333333333333333,0.10342453430737154,0.31729105,False,0.06985182594507933
10097,GCAACTGACTCAGA-1,8-9,0.0,0.0,0.1643933,True,0.06928368099033833
162,AACGCCCTCAAAGA-1,4-5,0.2,0.1974103844463692,0.18255943,False,0.06930686440318823
7664,ATAATGACTTCTAC-1,8-9,0.13333333333333333,0.09024254247152179,0.54653066,False,0.06971062440425158
5992,TTAGACCTACTACG-1,4-5,0.06666666666666667,0.10764243204553911,0.001734376,False,0.06941745057702065
10016,GATCATCTTTCCGC-1,8-9,0.26666666666666666,0.25525552063554485,0.10665996,False,0.06980886030942202
2576,CCTGGACTAGAGTA-1,4-5,0.13333333333333333,0.14217434856550396,0.28741324,False,0.06969995331019163
9424,CTCCTACTGGTAAA-1,8-9,0.06666666666666667,0.17060921827860476,0.6846879,False,0.06974004674702883
1312,AGTTCTTGGAGGGT-1,4-5,0.26666666666666666,0.39561079759395645,0.23861943,False,0.06997497659176588
8223,CACAGATGATACCG-1,8-9,0.06666666666666667,0.046105120275897894,0.10444276,False,0.06961836386471987
4155,GGACGAGACCCAAA-1,4-5,0.13333333333333333,0.16841466178325945,0.009045079,False,0.06989206746220589
9257,CTAACGGATGACAC-1,8-9,0.3333333333333333,0.39997758591219845,0.16320802,False,0.06990897003561258
4679,GTGTCAGATGGTGT-1,4-5,0.0,0.0,0.011856824,True,0.06956336554139853
8647,CCAGACCTTTTCTG-1,8-9,0.0,0.0,0.16700076,True,0.06934117432683706
2687,CGATACGAGACAGG-1,4-5,0.06666666666666667,0.06077222973772036,0.34397745,False,0.06954125128686428
10115,GCACAATGGGTAGG-1,8-9,0.0,0.0,0.42949802,True,0.06957552023231983
5578,TCTGATACTTCTGT-1,4-5,0.2,0.32306208217807847,0.28614488,False,0.06941722333431244
7786,ATCCGCACAGCTAC-1,8-9,0.0,0.0,0.0377292,True,0.06968510989099741
2624,CGACCGGAGTCTAG-1,4-5,0.0,0.0,0.53360337,True,0.06963660009205341
6751,ACACGTGATACAGC-1,8-9,0.26666666666666666,0.29462721246497764,0.53560215,False,0.06949091516435146
1588,ATGCACGAGCTAAC-1,4-5,0.06666666666666667,0.05686973942620158,0.06459841,False,0.06958629935979843
8166,CAAGTCGAGTCAAC-1,8-9,0.0,0.0,0.16697273,True,0.07000812329351902
439,ACAATCCTTAAGCC-1,4-5,0.13333333333333333,0.1587820000431241,0.034362532,False,0.06993650458753109
11142,TAACTAGATTCACT-1,8-9,0.26666666666666666,0.20827469939964505,0.19823319,False,0.06941494345664978
5984,TTACTCGATGGAGG-1,4-5,0.13333333333333333,0.24408660918242647,0.32476598,False,0.06961689237505198
8998,CGATCCACTGTGCA-1,8-9,0.0,0.0,0.1175704,True,0.06928245816379786
474,ACACGTGACAAGCT-1,4-5,0.06666666666666667,0.05686973942620158,0.25795296,False,0.06954410672187805
9005,CGCAACCTTGTGGT-1,8-9,0.06666666666666667,0.04265230456965119,0.14764595,False,0.06952942162752151
311,AAGTTATGTTATCC-1,4-5,0.06666666666666667,0.049317124049935504,0.71069103,False,0.069501968100667
8288,CACGGGTGGAATCC-1,8-9,0.06666666666666667,0.04265230456965119,0.2860953,False,0.06988382432609797
5556,TCTAGTTGAAACAG-1,4-5,0.0,0.0,0.1181492,True,0.07018458656966686
6893,ACGAACTGACAGCT-1,8-9,0.0,0.0,0.2476685,True,0.06984334904700518
3203,CTTACAACAAACGA-1,4-5,0.0,0.0,0.6719268,True,0.07019303645938635
8128,CAAGACACGATAAG-1,8-9,0.0,0.0,0.08173928,True,0.06982626486569643
5937,TGTGGATGGGATTC-1,4-5,0.06666666666666667,0.06077222973772036,0.4497612,False,0.06975690089166164
9694,GAAGTCACACAGCT-1,8-9,0.0,0.0,0.0018025041,True,0.06983465235680342
2898,CTAAACCTCCCTAC-1,4-5,0.2,0.1939575687401225,0.031186257,False,0.07030404452234507
7884,ATGATATGCTCCAC-1,8-9,0.0,0.0,0.5576353,True,0.06996174529194832
3647,GATAGCACGCGGAA-1,4-5,0.06666666666666667,0.06077222973772036,0.64180565,False,0.06975757889449596
10373,GCGTATGATATCGG-1,8-9,0.3333333333333333,0.2678747674033357,0.14061493,False,0.0693828696385026
5938,TGTGGATGTCTTAC-1,4-5,0.06666666666666667,0.053821216022769555,0.06931789,False,0.0692841000854969
6724,ACAATCCTATTCGG-1,8-9,0.2,0.27578892654001796,0.2806196,False,0.06938407383859158
6146,TTGAATGACCTTAT-1,4-5,0.13333333333333333,0.21326152284825595,0.18645999,False,0.06980729941278696
10589,GGCCAGACACTCTT-1,8-9,0.06666666666666667,0.053821216022769555,0.21344867,False,0.06995725259184837
14,AAACGCTGGATACC-1,4-5,0.2,0.15375815231259418,0.03863728,False,0.06970415823161602
9220,CGTGCACTTTGCTT-1,8-9,0.2,0.2647367741824749,0.32502633,False,0.0693993978202343
5160,TATACCACGTGCTA-1,4-5,0.13333333333333333,0.12795691370895357,0.53872025,False,0.06960653234273195
9580,CTTGAGGACGGGAA-1,8-9,0.13333333333333333,0.08632110309458953,0.022129253,False,0.06965239904820919
3839,GCAGCGTGCTCTAT-1,4-5,0.0,0.0,0.4117377,True,0.06902868393808603
8364,CAGACCCTTTACTC-1,8-9,0.2,0.24676825720761103,0.11961837,False,0.06998334638774395
6207,TTTAGCTGGTGTCA-1,4-5,0.06666666666666667,0.05686973942620158,0.09524866,False,0.06978688761591911
9019,CGCACTTGGTAAGA-1,8-9,0.2,0.1716257122338919,0.01204329,False,0.06977199949324131
2506,CCGGAGACACCCAA-1,4-5,0.13333333333333333,0.10966945355610726,0.21612574,False,0.06960947066545486
9543,CTTAAGCTCCTAAG-1,8-9,0.06666666666666667,0.049317124049935504,0.30860588,False,0.06993280630558729
3209,CTTACATGGTGAGG-1,4-5,0.13333333333333333,0.27825165032414384,0.11698656,False,0.07009087782353163
7755,ATCACACTACGTAC-1,8-9,0.2,0.2029465783032243,0.23287733,False,0.07006327528506517
1170,AGGGCGCTTAGAAG-1,4-5,0.2,0.15128482853731107,0.112598106,False,0.06999579258263111
11647,TCATCATGCTACGA-1,8-9,0.0,0.0,0.08655951,True,0.06995231658220291
280,AAGGTCTGTATCTC-1,4-5,0.2,0.15317289949352556,0.17752217,False,0.06974824890494347
12514,TTTCACGAGGTGTT-1,8-9,0.2,0.18213035050464182,0.09027772,False,0.06992826145142317
5409,TCCCAGACTCGTAG-1,4-5,0.2,0.20176998794940923,0.6158271,False,0.0696765799075365
10299,GCGAGAGACCTCGT-1,8-9,0.0,0.0,0.76676935,True,0.06975841522216797
5805,TGGAAGCTCGAATC-1,4-5,0.13333333333333333,0.13947804593499064,0.15645695,False,0.0695129195228219
10486,GGACCTCTAACGGG-1,8-9,0.0,0.0,0.45933548,True,0.07005870621651411
5165,TATACGCTTGTCAG-1,4-5,0.0,0.0,0.49107456,True,0.06927985232323408
6505,AAGCACTGTTGTCT-1,8-9,0.13333333333333333,0.09412755590387012,0.7598548,False,0.06958307232707739
3377,GAATTAACAGAGGC-1,4-5,0.0,0.0,0.012251541,True,0.06997592654079199
12259,TTAGCTACTTTCAC-1,8-9,0.0,0.0,0.6357527,True,0.06981233321130276
4670,GTGTATCTAAGTGA-1,4-5,0.13333333333333333,0.27825165032414384,0.59812653,False,0.06955413706600666
8295,CACTAACTTCCTCG-1,8-9,0.13333333333333333,0.11764196916392194,0.13895527,False,0.06919933389872313
490,ACAGGTACGTAGCT-1,4-5,0.13333333333333333,0.10342453430737154,0.56109476,False,0.06934365071356297
6780,ACATACCTGGTGTT-1,8-9,0.06666666666666667,0.04481043185393461,0.18502104,False,0.07004828471690416
3651,GATATAACCAGGAG-1,4-5,0.2,0.13767959533323315,0.23992331,False,0.06986889615654945
11114,TAAATGTGAACAGA-1,8-9,0.0,0.0,0.34019876,True,0.06939747557044029
4390,GGTCTAGAAGCAAA-1,4-5,0.06666666666666667,0.046105120275897894,0.19007644,False,0.06969505548477173
10935,GTCTAGGAATACCG-1,8-9,0.06666666666666667,0.07347739090382172,0.22024797,False,0.06926368549466133
326,AATACCCTTGTTCT-1,4-5,0.2,0.15478302654601517,0.28660843,False,0.06980324629694223
10500,GGACGCTGTCTTAC-1,8-9,0.13333333333333333,0.09746361251454151,0.22244453,False,0.06939823739230633
1229,AGTACGTGGTGTAC-1,4-5,0.3333333333333333,0.44943201361672597,0.14786756,False,0.06972894165664911
8110,CAACGATGTTCTTG-1,8-9,0.06666666666666667,0.046105120275897894,0.49887234,False,0.0696597658097744
600,ACCTCCGAAGAATG-1,4-5,0.2,0.16595193799913355,0.2327576,False,0.06973513122648001
9122,CGGATAACATCGAC-1,8-9,0.0,0.0,0.21759,True,0.0696895495057106
2025,CACGACCTACTTTC-1,4-5,0.0,0.0,0.2933538,True,0.07000822946429253
11689,TCCATCCTCGCTAA-1,8-9,0.06666666666666667,0.0475902379018706,0.084839076,False,0.06994916591793299
1216,AGTAAGGACATTCT-1,4-5,0.2,0.2646200150868996,0.17913699,False,0.06987939774990082
11672,TCCACTCTACACTG-1,8-9,0.13333333333333333,0.136663101377946,0.36109522,False,0.06964775454252958
3385,GACAACTGAAGTGA-1,4-5,0.0,0.0,0.09239386,True,0.06937689613550901
12405,TTCTTACTTGGTGT-1,8-9,0.0,0.0,0.39189988,True,0.06955240201205015
3599,GAGGTTACGGTATC-1,4-5,0.06666666666666667,0.05135849223864361,0.2036635,False,0.06994380708783865
7408,AGGACACTCGGAGA-1,8-9,0.13333333333333333,0.10687735001361826,0.95510614,False,0.06932205241173506
4525,GTATTCACTCAGGT-1,4-5,0.06666666666666667,0.08530460913930238,0.30696917,False,0.06967703439295292
8116,CAACGTGATGAAGA-1,8-9,0.06666666666666667,0.053821216022769555,0.2664973,False,0.0695328526198864
2377,CCAGGTCTAGCGTT-1,4-5,0.0,0.0,1.0028754,True,0.07001880928874016
10709,GGGTTATGTCAGGT-1,8-9,0.0,0.0,0.15396851,True,0.06928970105946064
3566,GAGGCCACGACGAG-1,4-5,0.13333333333333333,0.27825165032414384,0.6237705,False,0.06896727625280619
10800,GTAGACTGACGGTT-1,8-9,0.13333333333333333,0.11459344576048992,0.60066855,False,0.06949578318744898
1723,ATTCTTCTTTGTGG-1-1,4-5,0.0,0.0,0.5315553,True,0.07032222114503384
10116,GCACAATGTCTCCG-1,8-9,0.0,0.0,0.31915456,True,0.06991841923445463
4479,GTAGGTACCCAATG-1,4-5,0.0,0.0,0.3397507,True,0.06964708957821131
11201,TAATGTGAGATACC-1,8-9,0.13333333333333333,0.1195825111797196,0.09646764,False,0.06968578789383173
1374,ATACCTACCATACG-1,4-5,0.13333333333333333,0.11714618942876005,0.10299283,False,0.0698912926018238
7233,AGAGGTCTACCCAA-1,8-9,0.13333333333333333,0.15374755232143703,0.45211786,False,0.06981849484145641
5078,TAGGGACTTCAGTG-1,4-5,0.13333333333333333,0.1082282316648452,0.63907605,False,0.06970394495874643
7335,AGCGATACCACTCC-1,8-9,0.0,0.0,0.08295454,True,0.07007954269647598
1586,ATGCACGAAGGTTC-1,4-5,0.13333333333333333,0.1289734076642407,0.5515133,False,0.06983475852757692
8165,CAAGTCGAGGTATC-1,8-9,0.0,0.0,0.15676343,True,0.06943665910512209
2874,CGTGATGACGTACA-1,4-5,0.13333333333333333,0.27825165032414384,0.3661203,False,0.06950180232524872
6436,AACGTGTGCGTTAG-1,8-9,0.0,0.0,0.3854097,True,0.0696832099929452
5772,TGCGCACTGAGAGC-1,4-5,0.2,0.1988955020723419,0.3051357,False,0.06941330898553133
8523,CATGAGACGTCTAG-1,8-9,0.26666666666666666,0.27418162502784793,0.50838685,False,0.06924361456185579
303,AAGTGGCTATGGTC-1,4-5,0.2,0.19149147261543945,0.39966118,False,0.06892859563231468
10252,GCCCATACTAGCGT-1,8-9,0.13333333333333333,0.08977391880083624,0.2124037,False,0.06932925898581743
2375,CCAGGTCTAAACAG-1,4-5,0.06666666666666667,0.0475902379018706,0.10023118,False,0.06939798407256603
8188,CAATATGATAAGGA-1,8-9,0.0,0.0,0.047859143,True,0.06972814071923494
4037,GCGTACCTTGATGC-1,4-5,0.0,0.0,0.2767864,True,0.06954399589449167
10986,GTGCCACTTCAGTG-1,8-9,0.26666666666666666,0.347511143489798,0.26400292,False,0.06963985599577427
5538,TCTAACACCAAAGA-1,4-5,0.06666666666666667,0.046105120275897894,0.37387037,False,0.06972718518227339
8247,CACCACTGCCTCGT-1,8-9,0.13333333333333333,0.14607683887702272,0.5070825,False,0.0693961177021265
1696,ATTCAGCTACGGTT-1,4-5,0.13333333333333333,0.0936953581777685,0.90312177,False,0.06922408007085323
8431,CAGGTTGACTTCCG-1,8-9,0.13333333333333333,0.16841466178325945,0.33448166,False,0.06961745396256447
2020,CACGAAACCACTAG-1,4-5,0.0,0.0,0.72944635,True,0.06872771214693785
9343,CTATCAACCGACAT-1,8-9,0.0,0.0,0.061944738,True,0.06970172841101885
6001,TTAGGGACCTGACA-1,4-5,0.26666666666666666,0.3554358714137599,0.25888765,False,0.06986255943775177
9266,CTAAGGACTGTCAG-1,8-9,0.06666666666666667,0.17060921827860476,0.05055295,False,0.0694979252293706
4272,GGCTAATGTCTCGC-1,4-5,0.2,0.17931540594759718,0.6018992,False,0.06924506090581417
6728,ACAATTGATTTCTG-1,8-9,0.3333333333333333,0.25092363162873915,0.4598356,False,0.06946444977074862
5047,TAGCCGCTGAAAGT-1,4-5,0.06666666666666667,0.04265230456965119,0.12598847,False,0.06898299045860767
10003,GATATATGTCAGGT-1,8-9,0.6666666666666666,0.6472968604278153,0.27322084,False,0.06935488432645798
5454,TCCTACCTAAGTAG-1,4-5,0.2,0.2643045764563733,0.20645238,False,0.06932959984987974
12202,TGTTAAGACTGCAA-1,8-9,0.0,0.0,0.2817567,True,0.06930324528366327
4601,GTGAACACCACTAG-1,4-5,0.13333333333333333,0.10558266159165496,0.11656527,False,0.06952660996466875
12218,TTACACACGTTTGG-1,8-9,0.2,0.20510604456008064,0.1570819,False,0.06942881550639868
5199,TATCGTACCGGAGA-1,4-5,0.0,0.0,0.14926666,True,0.06957921851426363
10985,GTGCCACTGGAAGC-1,8-9,0.06666666666666667,0.046105120275897894,0.03197144,False,0.069645581766963
391,AATGGCTGACTCAG-1,4-5,0.0,0.0,0.19164169,True,0.06937114987522364
12250,TTAGACCTAAGTGA-1,8-9,0.13333333333333333,0.08977391880083624,0.020519268,False,0.06933075841516256
2802,CGGCGATGACAGTC-1,4-5,0.0,0.0,0.24672073,True,0.06932719517499208
10473,GGACAGGAGAATGA-1,8-9,0.13333333333333333,0.21427801680354308,0.17631286,False,0.06946286372840405
2453,CCCGATTGGTTCAG-1,4-5,0.0,0.0,1.0063124,True,0.06887299008667469
8428,CAGGTTGAAAGAAC-1,8-9,0.13333333333333333,0.1289734076642407,0.04538182,False,0.06953866966068745
88,AAATTGACCCCTTG-1,4-5,0.0,0.0,0.9794182,True,0.069828768260777
6921,ACGATCGATGTCAG-1,8-9,0.26666666666666666,0.41114649736531683,0.23435241,False,0.06945401150733232
5682,TGATACCTAGGCGA-1,4-5,0.13333333333333333,0.22196771051724837,0.4757389,False,0.06966629810631275
7027,ACGTTGGAGTTCTT-1,8-9,0.06666666666666667,0.10764243204553911,0.14335266,False,0.06915572192519903
3407,GACAGTTGAGTGCT-1,4-5,0.06666666666666667,0.08530460913930238,0.43027925,False,0.0696529122069478
8085,CAAACTCTTGTCAG-1,8-9,0.0,0.0,0.019340284,True,0.06982776429504156
2799,CGGCGAACGAGGGT-1,4-5,0.06666666666666667,0.043668798524938345,0.04398928,False,0.0698423283174634
8740,CCCAGTTGTCCCAC-1,8-9,0.0,0.0,0.5627266,True,0.06991482712328434
5622,TGACCGCTACTAGC-1,4-5,0.13333333333333333,0.09992633629866744,0.09099759,False,0.0692807249724865
7425,AGGATGCTCGTGAT-1,8-9,0.2,0.14783201283106434,0.11908079,False,0.06917973514646292
3477,GACGTATGGGGAGT-1,4-5,0.13333333333333333,0.09401079680829481,0.008851275,False,0.06939946673810482
10950,GTGACAACCTGCAA-1,8-9,0.06666666666666667,0.06600065503116892,0.19006576,False,0.0694428700953722
5688,TGATCACTTTCTAC-1,4-5,0.13333333333333333,0.11213072197636398,0.021556497,False,0.06890121847391129
7585,AGTGACTGTTGTCT-1,8-9,0.3333333333333333,0.4166123934542949,0.46181613,False,0.06929649040102959
4930,TACGGAACCAGTTG-1,4-5,0.26666666666666666,0.3075404869453314,0.124498054,False,0.06965034734457731
10184,GCATCAGACAGCTA-1,8-9,0.0,0.0,0.2877292,True,0.06996010895818472
211,AAGAACGATGGAGG-1,4-5,0.0,0.0,0.2117201,True,0.0695941699668765
11107,TAAAGACTTAGCGT-1,8-9,0.13333333333333333,0.10687735001361826,0.24214968,False,0.0693604089319706
222,AAGAATCTCAGATC-1,4-5,0.0,0.0,0.17678681,True,0.06945745274424553
12279,TTAGTCTGGTACAC-1,8-9,0.0,0.0,0.05444289,True,0.06931714061647654
965,AGAGTGCTGTACAC-1,4-5,0.26666666666666666,0.2574921276466084,0.16044417,False,0.06880036555230618
7855,ATGAAACTCACTTT-1,8-9,0.06666666666666667,0.049317124049935504,0.42536652,False,0.06965013686567545
5567,TCTCAAACGTGTTG-1,4-5,0.13333333333333333,0.10297485970209948,0.19143912,False,0.06986981816589832
12049,TGCTTAACGTTCTT-1,8-9,0.4,0.3333934044362198,0.23498496,False,0.0697732949629426
4268,GGCTAAACTGAGAA-1,4-5,0.2,0.18177812973172314,0.1724444,False,0.06926401983946562
8261,CACCGTACTTCGGA-1,8-9,0.06666666666666667,0.06600065503116892,0.2585768,False,0.06892967969179153
1465,ATCACTTGGAGAGC-1,4-5,0.4,0.4652424033073063,0.2581747,False,0.06905364710837603
10799,GTACTTTGGGCAAG-1,8-9,0.2,0.27578892654001796,0.25184405,False,0.06927657127380371
4904,TACGACGATATCTC-1,4-5,0.06666666666666667,0.17060921827860476,0.34372458,False,0.06918241269886494
7632,AGTTTGCTGAAAGT-1,8-9,0.13333333333333333,0.12483588314246533,0.24942037,False,0.06914647482335567
2368,CCAGCACTCTAAGC-1,4-5,0.0,0.0,0.2661382,True,0.06915415823459625
7677,ATACCTACATTTCC-1-1,8-9,0.06666666666666667,0.04481043185393461,0.3663754,False,0.06988393981009722
4183,GGAGGATGCTTACT-1,4-5,0.13333333333333333,0.21326152284825595,0.19123563,False,0.06963667646050453
6624,AATCCGGAAGAGTA-1,8-9,0.13333333333333333,0.11828782275775633,0.20901227,False,0.06915615778416395
1746,ATTGCGGATTCGGA-1,4-5,0.06666666666666667,0.08530460913930238,0.33663762,False,0.07008768524974585
8144,CAAGGACTAACGAA-1,8-9,0.0,0.0,0.69633824,True,0.06965477392077446
4949,TACGTTACAAGGTA-1,4-5,0.26666666666666666,0.22231655894961,0.0041601947,False,0.06944676954299212
12334,TTCATGACATGACC-1,8-9,0.0,0.0,0.24015592,True,0.06945900525897741
4399,GGTTGAACTCTCGC-1,4-5,0.06666666666666667,0.05686973942620158,0.2748927,False,0.0696882763877511
7990,ATTCAAGAAGGCGA-1,8-9,0.13333333333333333,0.13424962064154208,0.06797477,False,0.06933050137013197
224,AAGAATCTTGGAGG-1,4-5,0.0,0.0,0.2325785,True,0.06973015423864126
8313,CACTCCGAGAATGA-1,8-9,0.26666666666666666,0.366957003639797,0.3057688,False,0.07012622151523829
2857,CGTCCATGAGGAGC-1,4-5,0.26666666666666666,0.4149147517020899,0.06713972,False,0.06985663343220949
12399,TTCTGATGGTTACG-1,8-9,0.0,0.0,0.24269342,True,0.06937117129564285
5546,TCTAAGCTCCTCAC-1,4-5,0.13333333333333333,0.21819945618047537,0.49555475,False,0.06949351541697979
7436,AGGCAGGATCTAGG-1,8-9,0.2,0.3442523053553128,0.16550776,False,0.06935222633183002
3761,GATTTGCTCATGCA-1,4-5,0.13333333333333333,0.11069095544897115,0.27544308,False,0.06904186774045229
11676,TCCACTCTCCTGTC-1,8-9,0.2,0.23043694699929634,0.38761362,False,0.06918003875762224
4368,GGTACTGACACTCC-1,4-5,0.0,0.0,0.64622444,True,0.06898669432848692
9942,GAGTACTGTAAGCC-1,8-9,0.0,0.0,0.608544,True,0.06881960108876228
2587,CCTTCACTGTTACG-1,4-5,0.06666666666666667,0.07347739090382172,0.15978344,False,0.06957065407186747
9044,CGCCATTGCAAGCT-1,8-9,0.0,0.0,0.5914198,True,0.06927330140024424
275,AAGGTCACTCTAGG-1-1,4-5,0.2,0.3219204488490822,0.11482954,False,0.06971404328942299
7922,ATGGGTACTCTCGC-1,8-9,0.0,0.0,0.07105595,True,0.0696545671671629
5865,TGGTACGACCTGTC-1,4-5,0.06666666666666667,0.08530460913930238,0.13146436,False,0.0698925144970417
10680,GGGCCAACCTTAGG-1,8-9,0.0,0.0,0.69154114,True,0.06925859861075878
3356,GAAGTCTGCACACA-1,4-5,0.4666666666666667,0.43390258490608247,0.017785773,False,0.07012445572763681
7757,ATCACACTTTGACG-1,8-9,0.0,0.0,0.05681777,True,0.06988503597676754
3871,GCATGATGCACTCC-1,4-5,0.3333333333333333,0.4543416591429686,0.1536298,False,0.06959704216569662
6748,ACACGATGCATGCA-1,8-9,0.26666666666666666,0.20901313725887294,0.27415583,False,0.0699038589373231
5819,TGGAGACTGACACT-1,4-5,0.2,0.19743533111566636,0.33140275,False,0.06945590302348137
6999,ACGTCAGACCGATA-1,8-9,0.0,0.0,0.24393012,True,0.06984274089336395
3686,GATCGATGTTCTCA-1,4-5,0.0,0.0,0.059670463,True,0.06994259916245937
11702,TCCCGAACACGGTT-1,8-9,0.3333333333333333,0.3165374712362638,0.014925413,False,0.06971410755068064
5202,TATCGTACTGGTAC-1,4-5,0.06666666666666667,0.049317124049935504,0.41227043,False,0.06967454683035612
9308,CTAGGATGGTCATG-1,8-9,0.0,0.0,0.010665104,True,0.06971683632582426
3884,GCATTGGATTGCAG-1,4-5,0.0,0.0,0.54538494,True,0.06960643455386162
8889,CCTTAATGAAACAG-1,8-9,0.13333333333333333,0.0924006697558052,0.6027253,False,0.06954449694603682
959,AGAGTCTGGTCTGA-1,4-5,0.06666666666666667,0.06077222973772036,0.48420048,False,0.06948431115597486
7525,AGTAGAGAGGGTGA-1,8-9,0.06666666666666667,0.04481043185393461,0.83363456,False,0.0700761629268527
4968,TACTACACCTCAAG-1,4-5,0.13333333333333333,0.27825165032414384,1.7102481,False,0.06940572056919336
10958,GTGATCGACCTACC-1,8-9,0.06666666666666667,0.046105120275897894,0.4480652,False,0.06942547671496868
4333,GGGCCATGGAATGA-1,4-5,0.0,0.0,0.1271406,True,0.06954644061625004
11360,TAGCCGCTCTAGTG-1,8-9,0.0,0.0,0.31160438,True,0.07015398796647787
3994,GCGCACGAAACCGT-1-1,4-5,0.06666666666666667,0.05135849223864361,0.15907396,False,0.06991703994572163
7608,AGTTCTTGATTCTC-1,8-9,0.3333333333333333,0.27367505118825364,0.6197208,False,0.06967351585626602
3591,GAGGTACTTGCACA-1,4-5,0.0,0.0,0.35682094,True,0.0691393269225955
9141,CGGCGATGCCTTGC-1,8-9,0.3333333333333333,0.4719187271030373,0.060960986,False,0.0695227300748229
4872,TACAAATGATCAGC-1,4-5,0.13333333333333333,0.1513052641704713,0.075187564,False,0.06954241171479225
11958,TGATATGACCAGTA-1,8-9,0.06666666666666667,0.05686973942620158,0.4653677,False,0.0691050123423338
3273,GAAAGATGACCAAC-1,4-5,0.06666666666666667,0.07347739090382172,0.52963513,False,0.06964054517447948
7463,AGGGCGCTGCGTAT-1,8-9,0.06666666666666667,0.04265230456965119,0.14133099,False,0.06965763308107853
6158,TTGAGGTGTGTTCT-1,4-5,0.13333333333333333,0.13947804593499064,1.0468731,False,0.06983629893511534
7781,ATCCAGGATGTTCT-1,8-9,0.0,0.0,0.11531946,True,0.06975140515714884
1370,ATACCGGAACGTAC-1,4-5,0.0,0.0,0.37127867,True,0.06952081900089979
10668,GGGCAAGACAAGCT-1,8-9,0.06666666666666667,0.04481043185393461,0.2405513,False,0.06963835190981627
1008,AGCACAACTGACAC-1,4-5,0.0,0.0,0.180128,True,0.06961604487150908
7279,AGCACAACCCGCTT-1,8-9,0.0,0.0,0.05552347,True,0.07002444472163916
4404,GGTTTACTGTTCGA-1,4-5,0.0,0.0,0.41142157,True,0.07017654366791248
7920,ATGGGTACCCCGTT-1,8-9,0.13333333333333333,0.11982187105393848,0.19477054,False,0.06969883479177952
1090,AGCTGTGAACCTGA-1,4-5,0.06666666666666667,0.049317124049935504,0.78190625,False,0.0699203060939908
12301,TTCAACACAGTAGA-1,8-9,0.0,0.0,0.03936304,True,0.06966444663703442
5082,TAGGTCGAGATACC-1,4-5,0.0,0.0,0.4756984,True,0.06977745518088341
7426,AGGATGCTGTGAGG-1,8-9,0.13333333333333333,0.08746273642358579,0.20228684,False,0.06950870156288147
5778,TGCTAGGAGGAGCA-1,4-5,0.26666666666666666,0.21988895979407322,0.0027262121,False,0.0697889169678092
11717,TCCGAAGAAGCAAA-1,8-9,0.06666666666666667,0.06077222973772036,0.15595378,False,0.06954685226082802
1047,AGCGATACCGCCTT-1,4-5,0.0,0.0,0.6354049,True,0.0695812851190567
8908,CGAACATGTGTCCC-1,8-9,0.26666666666666666,0.35621733115879045,0.6161264,False,0.06964323483407497
1039,AGCCTCTGCAGAGG-1,4-5,0.2,0.14751657420053804,0.1629873,False,0.06911000981926918
11782,TCGGTAGACAGATC-1,8-9,0.13333333333333333,0.11359089293303952,0.27601117,False,0.06922474876046181
6112,TTCGATTGATTTCC-1,4-5,0.13333333333333333,0.1303471303300233,0.22373842,False,0.06976860482245684
10658,GGGATGGAGGACGA-1,8-9,0.2,0.22478265507429301,0.37749738,False,0.06977313477545977
4871,TACAAATGAAGGCG-1,4-5,0.13333333333333333,0.21541965013253936,0.003924243,False,0.06959571223706007
9717,GAATGCTGCCTTAT-1,8-9,0.13333333333333333,0.11531777908110442,0.018125473,False,0.06985843554139137
3925,GCCCAGGACATGAC-1,4-5,0.0,0.0,0.04530342,True,0.06984098721295595
9126,CGGATATGATTCGG-1,8-9,0.26666666666666666,0.2516087679113546,0.027777376,False,0.0697220005095005
2086,CAGAAGCTCGGTAT-1,4-5,0.06666666666666667,0.07347739090382172,0.029241841,False,0.07011029310524464
11682,TCCAGAGAGACAAA-1,8-9,0.06666666666666667,0.053821216022769555,0.20675841,False,0.06982771959155798
446,ACAATTGATTACTC-1,4-5,0.06666666666666667,0.04265230456965119,0.40435776,False,0.06992570497095585
8945,CGACTCACGTTGAC-1,8-9,0.2,0.2670827388710255,0.36875993,False,0.0694207176566124
4293,GGGAAGACTGGCAT-1,4-5,0.06666666666666667,0.04265230456965119,0.4643768,False,0.06976949330419302
7275,AGCAAGCTACTGGT-1,8-9,0.0,0.0,0.003947204,True,0.07000476773828268
2348,CCACTTCTAACCGT-1,4-5,0.06666666666666667,0.17060921827860476,0.62220055,False,0.06942761223763227
12056,TGGAACTGCCTCGT-1,8-9,0.13333333333333333,0.0969073619518061,0.50469303,False,0.06984361074864864
3451,GACGATTGTAACCG-1,4-5,0.2,0.2877554077073648,0.18199994,False,0.06957405712455511
11977,TGATTCTGCGTGTA-1,8-9,0.0,0.0,0.17324974,True,0.07008758839219809
4114,GGAACTTGTCGTGA-1,4-5,0.06666666666666667,0.07347739090382172,0.07526067,False,0.06961146090179682
9948,GAGTCTGAAACGTC-1,8-9,0.06666666666666667,0.046105120275897894,0.11914399,False,0.06944491062313318
5074,TAGGGACTACCGAT-1,4-5,0.0,0.0,0.35043114,True,0.06970330886542797
10421,GCTCGACTTTTCTG-1,8-9,0.0,0.0,0.08125467,True,0.06990257371217012
2758,CGCTACACTCCGTC-1,4-5,0.06666666666666667,0.17060921827860476,0.10364983,False,0.0699143223464489
11758,TCGAGAACCACCAA-1,8-9,0.8,0.8036001431089119,0.20291436,False,0.06996638607233763
3384,GACAACACTCTTTG-1,4-5,0.13333333333333333,0.10313834007270506,0.5772656,False,0.06991629581898451
10948,GTGACAACAGTGTC-1,8-9,0.06666666666666667,0.0475902379018706,0.3468092,False,0.06962684448808432
2588,CCTTTAGACTGCAA-1,4-5,0.06666666666666667,0.06600065503116892,0.43432832,False,0.06918150186538696
11322,TAGAAACTTACGCA-1,8-9,0.0,0.0,0.2274305,True,0.06984969601035118
4516,GTATCTACTAGTCG-1,4-5,0.06666666666666667,0.06077222973772036,0.15502357,False,0.06955317407846451
10141,GCACGTCTTCACGA-1,8-9,0.06666666666666667,0.04481043185393461,0.07062097,False,0.0692895520478487
1684,ATTAGATGCGCATA-1,4-5,0.13333333333333333,0.14217434856550396,0.6559788,False,0.06933608464896679
11501,TATCCTGAAAGAAC-1,8-9,0.06666666666666667,0.05135849223864361,0.4893313,False,0.06934846006333828
5970,TTACCATGATTCTC-1,4-5,0.0,0.0,0.090951845,True,0.06957600452005863
11749,TCGACCTGTGCCTC-1,8-9,0.13333333333333333,0.10865295960082011,0.026991367,False,0.0699354987591505
5291,TCACATACTGTAGC-1,4-5,0.0,0.0,0.069314,True,0.06969749741256237
10673,GGGCACACGGAAAT-1,8-9,0.26666666666666666,0.38122651002624336,0.121344,False,0.0700174942612648
1206,AGGTGTTGCTACTT-1,4-5,0.0,0.0,0.11562809,True,0.06959581561386585
6966,ACGGAGGACAAGCT-1,8-9,0.0,0.0,0.40228248,True,0.06942947115749121
4360,GGTACAACGCTACA-1,4-5,0.06666666666666667,0.17060921827860476,0.641001,False,0.06975878030061722
7826,ATCTACTGACTTTC-1,8-9,0.13333333333333333,0.132894847041173,0.12821037,False,0.06970490422099829
5020,TAGAGCACAGCACT-1,4-5,0.06666666666666667,0.17060921827860476,0.37091672,False,0.06942419800907373
8528,CATGCCACCCTACC-1,8-9,0.2,0.19741635084637535,0.35491186,False,0.06927310954779387
5952,TTAACCACGTCGAT-1,4-5,0.06666666666666667,0.08530460913930238,0.21917404,False,0.06958178523927927
7236,AGAGGTCTGGAAAT-1,8-9,0.06666666666666667,0.17060921827860476,0.019195706,False,0.06975990906357765
4901,TACGACGAAGCAAA-1,4-5,0.0,0.0,0.032816872,True,0.06982576381415129
10250,GCCCATACGTACAC-1,8-9,0.0,0.0,0.44418633,True,0.06969458516687155
2894,CGTTTAACGGTACT-1,4-5,0.13333333333333333,0.09992633629866744,0.46685213,False,0.06955299712717533
10181,GCAGTTGACCATAG-1,8-9,0.0,0.0,0.08000213,True,0.06953115481883287
4182,GGAGCGCTTTTGTC-1,4-5,0.0,0.0,0.38181803,True,0.06985996384173632
9864,GAGATGCTGGTAAA-1,8-9,0.13333333333333333,0.21671433855450267,0.077584445,False,0.0697675459086895
405,AATTACGAAGAGTA-1,4-5,0.06666666666666667,0.06600065503116892,0.8366559,False,0.06959424261003733
6516,AAGCCTGACTCTTA-1,8-9,0.13333333333333333,0.0969073619518061,0.45437843,False,0.06941704172641039
2189,CATAACCTACCATG-1,4-5,0.0,0.0,0.33191693,True,0.0697849141433835
10257,GCCGACGATCAGAC-1,8-9,0.06666666666666667,0.049317124049935504,0.52372307,False,0.0697031868621707
1783,ATTTAGGACTTGGA-1,4-5,0.06666666666666667,0.05135849223864361,0.5077357,False,0.06992449332028627
11367,TAGGACTGACACTG-1,8-9,0.0,0.0,0.081058666,True,0.06977729499340057
2358,CCAGAAACGAATAG-1,4-5,0.2,0.19329926195776018,0.07590436,False,0.06997030321508646
8566,CATTGTTGACCTCC-1,8-9,0.06666666666666667,0.046105120275897894,0.25987345,False,0.06930419057607651
922,AGAGAAACGGGATG-1,4-5,0.13333333333333333,0.10168017128013618,0.45893937,False,0.06996952928602695
10264,GCCGAGTGTTACTC-1,8-9,0.06666666666666667,0.05135849223864361,0.15310131,False,0.0692572733387351
5185,TATCAGCTTTCTCA-1,4-5,0.2,0.22500157931535164,0.13667277,False,0.0698402589187026
10537,GGATAGCTCACTGA-1,8-9,0.4,0.5100102345788072,0.16216588,False,0.06997442245483398
5127,TAGTCTTGGCTCCT-1-1,4-5,0.0,0.0,0.14684302,True,0.06983376760035753
10802,GTAGACTGATGTCG-1,8-9,0.06666666666666667,0.049317124049935504,0.30103046,False,0.06995571777224541
3097,CTGAACGATGTTCT-1,4-5,0.13333333333333333,0.0969073619518061,0.15093878,False,0.06883629411458969
11790,TCGTGAGAAGTACC-1,8-9,0.4666666666666667,0.41770792165340137,0.31856573,False,0.06905919127166271
5364,TCATCATGGAGATA-1,4-5,0.0,0.0,0.13946006,True,0.06968449801206589
12470,TTGGTACTTACTTC-1,8-9,0.2,0.3166860571556275,0.1725396,False,0.07011880539357662
3935,GCCCATACGAGGCA-1,4-5,0.2,0.26300988803440994,0.04886417,False,0.06943190284073353
10014,GATCATCTGGCAAG-1,8-9,0.4666666666666667,0.5223793566988835,0.34206957,False,0.06985614076256752
1435,ATATACGAGTGCAT-1,4-5,0.2,0.19218195915292063,0.50275403,False,0.06899859383702278
9720,GAATGGCTACTAGC-1,8-9,0.06666666666666667,0.049317124049935504,0.3316698,False,0.06905187107622623
1404,ATAGATTGTCTGGA-1,4-5,0.06666666666666667,0.17060921827860476,0.11674284,False,0.06943282205611467
10056,GATGCCCTTCAGGT-1,8-9,0.0,0.0,0.017056793,True,0.06968951690942049
5077,TAGGGACTCGGTAT-1,4-5,0.26666666666666666,0.21887246583878608,0.20038056,False,0.06898688711225986
6580,AAGTCCGATCACCC-1,8-9,0.06666666666666667,0.043668798524938345,0.7548698,False,0.06972937006503344
3710,GATGCAACGGTGAG-1,4-5,0.06666666666666667,0.046105120275897894,0.3051722,False,0.06945202220231295
12215,TTACACACAGTGCT-1,8-9,0.06666666666666667,0.04481043185393461,0.11028792,False,0.06960475444793701
6040,TTCAACACCTACTT-1,4-5,0.0,0.0,0.1315042,True,0.06986540090292692
11500,TATCCAACTCATTC-1,8-9,0.06666666666666667,0.08530460913930238,0.087352775,False,0.07001730892807245
4522,GTATTCACCAGAGG-1,4-5,0.5333333333333333,0.5882206255425384,0.20847458,False,0.06971998326480389
10080,GATTTGCTATTTCC-1,8-9,0.0,0.0,0.30934796,True,0.07008240092545748
3470,GACGTAACGTCATG-1,4-5,0.0,0.0,0.11459332,True,0.06965371686965227
7007,ACGTCGCTATTGGC-1,8-9,0.13333333333333333,0.11612969547347292,0.28244138,False,0.06989300530403852
1099,AGCTTTACCCGATA-1,4-5,0.06666666666666667,0.04481043185393461,0.34894824,False,0.0701335584744811
8392,CAGCGGACGCCAAT-1,8-9,0.0,0.0,0.18889041,True,0.0686671482399106
4339,GGGTAACTGTAGGG-1,4-5,0.3333333333333333,0.4404212294478911,0.6061599,False,0.0689975693821907
8440,CAGTGTGACGTAGT-1,8-9,0.0,0.0,0.23778966,True,0.0693723289296031
4205,GGATAGCTGGTATC-1,4-5,0.13333333333333333,0.13947804593499064,0.23169792,False,0.06964083947241306
8203,CAATTCTGCACACA-1,8-9,0.13333333333333333,0.0936953581777685,0.24946061,False,0.06991971749812365
2112,CAGCCTACAGTGCT-1,4-5,0.06666666666666667,0.17060921827860476,0.084872365,False,0.07008812483400106
11337,TAGACGTGTCCAGA-1,8-9,0.13333333333333333,0.11069095544897115,0.19709113,False,0.06975248921662569
1657,ATGTTCACGTCGAT-1,4-5,0.13333333333333333,0.25591382741790714,0.02886729,False,0.06995698250830173
10684,GGGCCATGCCTTAT-1,8-9,0.0,0.0,0.53125894,True,0.06985561270266771
6191,TTGGTACTGAGCAG-1,4-5,0.13333333333333333,0.10618686347613708,0.39276382,False,0.06949010118842125
6324,AAATGGGACCTTGC-1,8-9,0.13333333333333333,0.13947804593499064,0.18107809,False,0.06946572009474039
176,AACGTTCTTGGAAA-1,4-5,0.13333333333333333,0.11359089293303952,0.32215017,False,0.0699109984561801
11673,TCCACTCTAGCCAT-1,8-9,0.2,0.23559934575449268,0.042726714,False,0.06924572680145502
6036,TTATGGCTGTTTGG-1,4-5,0.13333333333333333,0.16146364806830865,0.5676576,False,0.0692581944167614
10805,GTAGACTGTGACAC-1,8-9,0.26666666666666666,0.3454980631070666,0.3701213,False,0.0694269398227334
2330,CCAATGGACCTATT-1,4-5,0.0,0.0,0.01375927,True,0.0696395942941308
7261,AGATCGTGTGAGGG-1,8-9,0.06666666666666667,0.049317124049935504,0.39479116,False,0.06934398226439953
3842,GCAGCTCTACACAC-1,4-5,0.06666666666666667,0.10764243204553911,0.007252395,False,0.06955420970916748
7273,AGCAACACTCCTCG-1,8-9,0.13333333333333333,0.136663101377946,0.27088568,False,0.06928697973489761
1693,ATTATGGAGGAAAT-1,4-5,0.13333333333333333,0.11612969547347292,0.18589452,False,0.06955449841916561
7138,ACTTTGTGTGATGC-1,8-9,0.13333333333333333,0.13947804593499064,0.20157099,False,0.06935686338692904
2088,CAGACAACGTTCAG-1,4-5,0.0,0.0,0.15183462,True,0.06946545094251633
11995,TGCACAGATGAGAA-1,8-9,0.4,0.39137391958649786,0.23524325,False,0.07004445418715477
4765,GTTTAAGAGACTAC-1,4-5,0.13333333333333333,0.09091555212983252,0.052205376,False,0.06971600838005543
6915,ACGAGTACCTGTGA-1,8-9,0.0,0.0,0.08309198,True,0.0702105974778533
2835,CGTACCACGCAGTT-1,4-5,0.0,0.0,0.062577404,True,0.07005788385868073
10686,GGGCCATGGATAGA-1,8-9,0.0,0.0,0.6771753,True,0.06970280408859253
4402,GGTTTACTCCTAAG-1,4-5,0.3333333333333333,0.2721218545739638,0.09244986,False,0.06979774124920368
8704,CCATTAACACACTG-1,8-9,0.0,0.0,0.03831606,True,0.07008362002670765
4352,GGTAAAGACGAGAG-1,4-5,0.06666666666666667,0.053821216022769555,0.59931827,False,0.06943397037684917
12518,TTTCAGTGTGCTTT-1,8-9,0.0,0.0,0.7527866,True,0.06956159975379705
5899,TGTAGGTGCCCACT-1,4-5,0.26666666666666666,0.2273114227200292,0.51095057,False,0.06996215786784887
6605,AATACCCTTGGATC-1,8-9,0.13333333333333333,0.0974900145477079,0.4162104,False,0.07011702377349138
2010,CACCGTTGTGGTGT-1,4-5,0.0,0.0,0.030650176,True,0.07001013774424791
11797,TCGTTATGGAGCAG-1,8-9,0.13333333333333333,0.09616892409257823,0.013004899,False,0.07024086732417345
5605,TGAAGCTGGACTAC-1,4-5,0.2,0.14664365822703782,0.125052,False,0.06982765346765518
10309,GCGAGCACTCGTGA-1,8-9,0.06666666666666667,0.04265230456965119,0.08050991,False,0.06942529231309891
2676,CGAGGCTGCTCGAA-1,4-5,0.26666666666666666,0.22927691140512405,0.09423539,False,0.06960463523864746
12201,TGTTAAGACTCAAG-1,8-9,0.0,0.0,0.16873738,True,0.06947106681764126
5416,TCCCATCTTGTCAG-1,4-5,0.2,0.3048588389201468,0.92692006,False,0.06923224218189716
8198,CAATGGACTGTTCT-1,8-9,0.2,0.208180969996679,0.4442354,False,0.06958978902548552
3351,GAAGTCACCGTAAC-1,4-5,0.0,0.0,0.12353198,True,0.06964912824332714
11332,TAGACGTGACGACT-1,8-9,0.4666666666666667,0.5189265409926367,0.036716968,False,0.06982875149697065
3241,CTTGAGGATGTAGC-1,4-5,0.0,0.0,0.41470784,True,0.06975663360208273
8239,CACATACTGTCCTC-1,8-9,0.0,0.0,0.08600162,True,0.06952622812241316
1255,AGTCACGACAGAGG-1,4-5,0.06666666666666667,0.053821216022769555,0.70605916,False,0.06924380362033844
7584,AGTGACTGGGAGCA-1,8-9,0.13333333333333333,0.13424962064154208,0.45466885,False,0.07004519831389189
3502,GACTGATGTGGTGT-1,4-5,0.13333333333333333,0.11213072197636398,0.20734322,False,0.06959538999944925
6759,ACAGGTACAGCACT-1,8-9,0.0,0.0,0.017782383,True,0.06985394470393658
4830,TAAGCTCTCAAAGA-1,4-5,0.13333333333333333,0.1044410282626587,0.2527774,False,0.06964937038719654
12073,TGGAGACTCACTGA-1,8-9,0.06666666666666667,0.17060921827860476,0.10022417,False,0.06994170509278774
6100,TTCCATGATGTGAC-1,4-5,0.0,0.0,0.27376658,True,0.07013647817075253
6636,AATCCTTGCCTGAA-1,8-9,0.13333333333333333,0.09952204399585277,0.16018285,False,0.06997048016637564
3129,CTGAGCCTGTGCAT-1,4-5,0.13333333333333333,0.21819945618047537,0.40079987,False,0.06940270215272903
9136,CGGCGAACACTGGT-1,8-9,0.2,0.22722494322525874,0.2922837,False,0.0698907496407628
2218,CATCAACTGCTTCC-1,4-5,0.13333333333333333,0.14217434856550396,0.012778565,False,0.06959180440753698
11256,TACGCAGAGACGAG-1,8-9,0.06666666666666667,0.05135849223864361,0.6712708,False,0.06933386158198118
4965,TACTACACCCCAAA-1,4-5,0.0,0.0,0.0895292,True,0.0700630946084857
7102,ACTGTGGAAAGAAC-1,8-9,0.13333333333333333,0.16146364806830865,0.41865426,False,0.06969984527677298
4875,TACAATGAAAGAAC-1,4-5,0.0,0.0,0.06687476,True,0.06992134638130665
7908,ATGCGATGTTTACC-1,8-9,0.13333333333333333,0.24408660918242647,0.30836874,False,0.07003060914576054
5323,TCAGACGATCTCCG-1,4-5,0.3333333333333333,0.4442035883232774,0.2873227,False,0.06954115815460682
9927,GAGGTTACTGGTAC-1,8-9,0.06666666666666667,0.07347739090382172,0.048727933,False,0.06965339183807373
4978,TACTCTGAAGAAGT-1,4-5,0.06666666666666667,0.04481043185393461,0.502444,False,0.0696371290832758
11474,TATACGCTCTATGG-1,8-9,0.06666666666666667,0.053821216022769555,0.002226662,False,0.06974020134657621
2098,CAGACTGATTTGCT-1,4-5,0.0,0.0,0.15564339,True,0.06966973375529051
6858,ACCGCGGAGCGAGA-1,8-9,0.06666666666666667,0.053821216022769555,0.028981194,False,0.0696346191689372
3003,CTATCATGTTCAGG-1,4-5,0.2,0.3048588389201468,0.17718506,False,0.06971859931945801
11781,TCGGCACTCTAGCA-1,8-9,0.06666666666666667,0.053821216022769555,0.17341994,False,0.06974919885396957
4560,GTCCACTGGACAGG-1,4-5,0.06666666666666667,0.17060921827860476,0.15112889,False,0.06960411742329597
8536,CATGGATGGGACGA-1,8-9,0.0,0.0,0.26529494,True,0.06963564455509186
3142,CTGATTTGCCATAG-1,4-5,0.26666666666666666,0.2509703529037694,0.19605146,False,0.06969513278454542
10377,GCTACAGAGGTCTA-1,8-9,0.13333333333333333,0.11008935378765586,0.16164626,False,0.069353305734694
2027,CACGACCTTCATTC-1,4-5,0.4,0.3114862758659641,0.4563476,False,0.06940600369125605
8219,CACAGAACCAAAGA-1,8-9,0.13333333333333333,0.1587820000431241,0.447317,False,0.06915355194360018
4567,GTCCAGCTAGTCAC-1,4-5,0.2,0.17609000881882478,0.34088582,False,0.0688617154955864
6757,ACAGCAACAGTGCT-1,8-9,0.13333333333333333,0.14607683887702272,0.59333324,False,0.06976730097085238
2381,CCAGGTCTTGAGAA-1,4-5,0.26666666666666666,0.22324640536131,0.9967337,False,0.0693466691300273
6949,ACGCGGTGAACCAC-1,8-9,0.06666666666666667,0.04265230456965119,0.24267247,False,0.06972763780504465
4643,GTGCTAGAACGGAG-1,4-5,0.4666666666666667,0.5319361389354056,0.020849908,False,0.06908619683235884
11621,TCAGCGCTCGAGTT-1,8-9,0.06666666666666667,0.07347739090382172,0.22170332,False,0.06932041980326176
5139,TAGTTGCTATGTGC-1,4-5,0.0,0.0,0.04416648,True,0.06939203385263681
7211,AGAGAATGCAAAGA-1,8-9,0.06666666666666667,0.08530460913930238,0.19866027,False,0.06955012772232294
1775,ATTGTCTGCACACA-1,4-5,0.26666666666666666,0.3512033190702636,0.3437947,False,0.06934484001249075
9037,CGCATAGAGTGCTA-1,8-9,0.2,0.13563822714452503,0.26160368,False,0.06937582045793533
4809,TAAGAACTTTTCAC-1,4-5,0.13333333333333333,0.1195825111797196,0.094518036,False,0.06927605252712965
6837,ACCCACTGACGCAT-1,8-9,0.0,0.0,0.007327795,True,0.0691614393144846
6114,TTCGGAGAGAGGTG-1,4-5,0.13333333333333333,0.09412755590387012,0.21696727,False,0.06929985992610455
7813,ATCGGTGACCTAAG-1,8-9,0.06666666666666667,0.04265230456965119,0.025831401,False,0.06966077443212271
1516,ATCGCCTGCAAAGA-1,4-5,0.06666666666666667,0.05135849223864361,0.14427592,False,0.06946367118507624
8447,CAGTTACTCCTTAT-1,8-9,0.06666666666666667,0.05135849223864361,0.28299102,False,0.06995349191129208
5582,TCTTACGATTCAGG-1,4-5,0.0,0.0,0.40736723,True,0.06938563846051693
8718,CCCAACACGTTGAC-1,8-9,0.06666666666666667,0.06600065503116892,0.41644466,False,0.06959914974868298
550,ACCAGTGATGTGCA-1,4-5,0.06666666666666667,0.04481043185393461,0.71594995,False,0.06912778690457344
11292,TACTACTGAACGAA-1,8-9,0.06666666666666667,0.06077222973772036,0.52678907,False,0.0696319080889225
4634,GTGCCACTAGTGCT-1,4-5,0.0,0.0,0.30365622,True,0.06907744146883488
6656,AATGCGTGAACGAA-1,8-9,0.13333333333333333,0.10687735001361826,0.20036127,False,0.06925333570688963
1379,ATACCTTGCAGCTA-1,4-5,0.13333333333333333,0.13912582516207192,0.17332344,False,0.06979821156710386
9862,GAGATGCTCTCATT-1,8-9,0.2,0.19366707677889333,0.24849871,False,0.06988930702209473
2964,CTAGAGACCTCAGA-1,4-5,0.06666666666666667,0.06600065503116892,0.115897134,False,0.06930502504110336
11467,TATACAGAAGGTCT-1,8-9,0.06666666666666667,0.0475902379018706,0.05491291,False,0.06960660684853792
3409,GACAGTTGGACTAC-1,4-5,0.06666666666666667,0.10764243204553911,0.41128385,False,0.06970070116221905
7586,AGTGCAACTGCTCC-1,8-9,0.4,0.43845758364877413,0.29275692,False,0.06906747817993164
1349,ATAAGTACTGCCAA-1,4-5,0.0,0.0,0.36318997,True,0.06977861374616623
10632,GGCTACCTAGAGGC-1,8-9,0.0,0.0,0.38626528,True,0.0698762433603406
2306,CATTTGTGGAATAG-1,4-5,0.06666666666666667,0.06077222973772036,0.12700471,False,0.06945502292364836
10644,GGGAACGATTCCCG-1,8-9,0.4,0.4914406660093436,0.53253037,False,0.06959108356386423
1816,CAAAGCACCCAACA-1,4-5,0.06666666666666667,0.06077222973772036,0.3615191,False,0.06957849394530058
8368,CAGAGGGAACGGAG-1-1,8-9,0.06666666666666667,0.04265230456965119,0.019136772,False,0.06907291989773512
5775,TGCTAGGAAAGCAA-1,4-5,0.06666666666666667,0.07347739090382172,0.15384366,False,0.0695291431620717
11932,TGAGCAACTTACTC-1,8-9,0.13333333333333333,0.1587820000431241,0.3343676,False,0.06966446526348591
2294,CATTGTTGGGTCTA-1,4-5,0.0,0.0,0.02121348,True,0.06973553635179996
7018,ACGTGCCTGTTCAG-1,8-9,0.0,0.0,0.45566854,True,0.06950185541063547
1709,ATTCGACTCGGAGA-1,4-5,0.2,0.22722494322525874,0.46958303,False,0.06930989306420088
7388,AGCTTACTAGTCAC-1,8-9,0.2,0.29790782520519604,0.012092017,False,0.06916630640625954
4438,GTACCCTGCAATCG-1,4-5,0.3333333333333333,0.315031163945821,0.17665313,False,0.06945438962429762
10640,GGCTCACTTGTGCA-1,8-9,0.13333333333333333,0.10836246763959095,0.39693576,False,0.0692100403830409
3200,CTTAAGCTGAAGGC-1,4-5,0.13333333333333333,0.11764196916392194,0.028944679,False,0.06924042012542486
9553,CTTACATGTTCTTG-1,8-9,0.06666666666666667,0.05135849223864361,0.21215607,False,0.06895941868424416
5387,TCCACTCTAGGTCT-1,4-5,0.13333333333333333,0.10445997732807218,0.07400671,False,0.06965077295899391
8130,CAAGACTGAGCACT-1,8-9,0.2,0.1676808263113051,0.014317166,False,0.06977764423936605
4171,GGAGAGACTCGCCT-1-1,4-5,0.0,0.0,0.5519003,True,0.06917056813836098
11493,TATCAGCTCTTGCC-1,8-9,0.06666666666666667,0.05686973942620158,0.37293515,False,0.06947473250329494
5174,TATAGCCTCCGATA-1,4-5,0.13333333333333333,0.1044410282626587,0.28222924,False,0.06932025495916605
10249,GCCCATACCGAACT-1,8-9,0.2,0.2197731540219031,0.08075246,False,0.06972525920718908
596,ACCTATTGCCTTGC-1,4-5,0.13333333333333333,0.21819945618047537,0.14998831,False,0.06940760836005211
10386,GCTAGAACACTCAG-1,8-9,0.06666666666666667,0.17060921827860476,0.5602619,False,0.06968589965254068
854,AGAAACGAACCTAG-1,4-5,0.06666666666666667,0.08530460913930238,0.7910237,False,0.06936853844672441
8054,ATTGTAGAAGGCGA-1,8-9,0.3333333333333333,0.25893986273811403,0.12720485,False,0.06995415780693293
915,AGACTGACGTCCTC-1,4-5,0.06666666666666667,0.08530460913930238,4.7042966e-05,False,0.0691095357760787
6630,AATCCTACCCAACA-1,8-9,0.2,0.2618682547054137,0.02383215,False,0.06996677163988352
1302,AGTTAAACCTAGAC-1,4-5,0.06666666666666667,0.10764243204553911,0.099147856,False,0.06944812647998333
10148,GCACTGCTGTCAAC-1,8-9,0.26666666666666666,0.2632230283057828,0.59195036,False,0.06966278422623873
3046,CTCAGGCTTCAAGC-1,4-5,0.06666666666666667,0.04481043185393461,0.009322204,False,0.06940704584121704
7363,AGCGTAACATCTTC-1-1,8-9,0.13333333333333333,0.10067561628857913,0.32472044,False,0.06913136411458254
2295,CATTGTTGTGTCAG-1,4-5,0.06666666666666667,0.053821216022769555,0.001831986,False,0.06895606592297554
7695,ATACTCTGGAGCTT-1,8-9,0.13333333333333333,0.13912582516207192,0.18958043,False,0.06947468779981136
2356,CCAGAAACCAAAGA-1,4-5,0.06666666666666667,0.06600065503116892,0.024247956,False,0.06937342509627342
9945,GAGTCAACTCACCC-1,8-9,0.13333333333333333,0.23660987330977368,0.4275019,False,0.0700325733050704
2838,CGTACCTGATCGGT-1,4-5,0.06666666666666667,0.053821216022769555,0.10867809,False,0.06956618558615446
7129,ACTTGACTCTCCAC-1,8-9,0.13333333333333333,0.1195825111797196,0.47251636,False,0.06910103466361761
5808,TGGACCCTGATACC-1,4-5,0.06666666666666667,0.07347739090382172,0.5007159,False,0.06972875073552132
7076,ACTCTATGGGTTCA-1,8-9,0.06666666666666667,0.04481043185393461,0.006629549,False,0.06937937159091234
4028,GCGTAAACTCAGAC-1,4-5,0.13333333333333333,0.11008935378765586,0.28962427,False,0.06953258719295263
10002,GATATATGTAGTCG-1,8-9,0.06666666666666667,0.08530460913930238,0.04956629,False,0.06992912385612726
1754,ATTGCTACTCCAGA-1,4-5,0.4,0.49176887955585086,0.2418674,False,0.06951866019517183
10121,GCACCACTGGGAGT-1,8-9,0.06666666666666667,0.043668798524938345,0.29523623,False,0.06944247614592314
3371,GAATGCTGTACGCA-1,4-5,0.06666666666666667,0.08530460913930238,0.96488786,False,0.06957370135933161
7103,ACTGTGGACAGTCA-1,8-9,0.0,0.0,0.4540943,True,0.07022121641784906
2379,CCAGGTCTAGTGTC-1,4-5,0.06666666666666667,0.05686973942620158,0.045830153,False,0.07016440853476524
8161,CAAGTCGAGAATCC-1,8-9,0.0,0.0,0.19217087,True,0.0698443166911602
3601,GAGGTTTGATAAGG-1,4-5,0.06666666666666667,0.043668798524938345,0.09830838,False,0.06988696195185184
9765,GACATTCTTGTCAG-1,8-9,0.06666666666666667,0.04481043185393461,0.003319338,False,0.0699864299967885
466,ACACGAACGGTCAT-1,4-5,0.0,0.0,0.22245952,True,0.06987137999385595
7712,ATAGCCGACGAGTT-1,8-9,0.13333333333333333,0.25591382741790714,0.32085243,False,0.07006236724555492
31,AAAGAGACTGGTCA-1,4-5,0.13333333333333333,0.10141145392464015,0.079439946,False,0.0693076653406024
9404,CTCATTGAGAATAG-1,8-9,0.06666666666666667,0.05686973942620158,0.17139141,False,0.069706323556602
1083,AGCTCGCTGGCATT-1,4-5,0.3333333333333333,0.4400821737707,0.49542257,False,0.06966065242886543
6943,ACGCCGGAGGCGAA-1,8-9,0.06666666666666667,0.043668798524938345,0.05928827,False,0.06978531088680029
5166,TATAGATGCGACAT-1,4-5,0.06666666666666667,0.06077222973772036,0.29539612,False,0.06954251136630774
12186,TGTGAGTGGGTACT-1,8-9,0.4666666666666667,0.5578963459006503,0.55316556,False,0.06971854250878096
747,ACGTTACTCCAGTA-1,4-5,0.4666666666666667,0.4579541763560961,0.4145773,False,0.06908235512673855
11694,TCCCAGACCGTGTA-1,8-9,0.06666666666666667,0.06077222973772036,0.7407079,False,0.06925281137228012
3495,GACTGAACGTACCA-1,4-5,0.0,0.0,0.7090882,True,0.06999533716589212
12185,TGTGAGTGGCTTAG-1,8-9,0.3333333333333333,0.42259009873765513,0.2102342,False,0.06972975470125675
4008,GCGCGATGGCAGTT-1,4-5,0.06666666666666667,0.17060921827860476,0.13343705,False,0.06939785555005074
9447,CTCTAATGCTAGTG-1,8-9,0.4,0.5212358511529728,0.033865385,False,0.0696573918685317
5828,TGGATCGATCACCC-1,4-5,0.06666666666666667,0.17060921827860476,0.5315106,False,0.06964997947216034
11898,TGACGATGGATAGA-1,8-9,0.06666666666666667,0.043668798524938345,0.16231503,False,0.06984492111951113
1265,AGTCCAGACGATAC-1,4-5,0.06666666666666667,0.08530460913930238,0.09952218,False,0.06969729252159595
11309,TACTGGGAAGTCAC-1,8-9,0.06666666666666667,0.06600065503116892,0.36591494,False,0.06984250620007515
2245,CATGCCACGAACCT-1,4-5,0.2,0.1963477853611922,0.505953,False,0.06985931191593409
10280,GCCTCATGCACTAG-1,8-9,0.13333333333333333,0.10517970826141315,0.2921904,False,0.06944636721163988
279,AAGGTCTGGTCTTT-1,4-5,0.06666666666666667,0.05686973942620158,0.29239646,False,0.06987039186060429
11274,TACGGCCTGGCAAG-1,8-9,0.0,0.0,0.090539016,True,0.06982541736215353
884,AGAATGGAGTTGTG-1,4-5,0.06666666666666667,0.05686973942620158,0.20372504,False,0.06957023870199919
8503,CATCCCGAGTAGCT-1-1,8-9,0.0,0.0,0.23734763,True,0.06971821933984756
616,ACGAACACCTGATG-1,4-5,0.0,0.0,0.29987156,True,0.06936366111040115
12413,TTGAATGACTTATC-1,8-9,0.13333333333333333,0.22196771051724837,0.28421623,False,0.06945158820599318
4175,GGAGCAGAGAGACG-1,4-5,0.13333333333333333,0.09647352059242074,0.42827898,False,0.06949458457529545
9756,GACAGTTGGAGAGC-1,8-9,0.13333333333333333,0.1303471303300233,0.052025862,False,0.06919950805604458
295,AAGTCTCTAGATGA-1,4-5,0.06666666666666667,0.06600065503116892,0.026926503,False,0.06963890325278044
9315,CTAGGCCTTACTCT-1,8-9,0.2,0.14128395244635536,0.03661826,False,0.06931280251592398
5115,TAGTCACTCGTAAC-1,4-5,0.26666666666666666,0.26098569206416145,0.10462625,False,0.0697014918550849
8747,CCCATGTGTCAGGT-1,8-9,0.06666666666666667,0.049317124049935504,0.5858228,False,0.06928400695323944
2990,CTATAAGACTCAGA-1,4-5,0.06666666666666667,0.06077222973772036,0.18471125,False,0.06966868322342634
6950,ACGCGGTGGAACCT-1,8-9,0.06666666666666667,0.04481043185393461,0.30292064,False,0.06956873834133148
3646,GATAGCACCCTTAT-1,4-5,0.26666666666666666,0.25966773181006225,0.19577369,False,0.06964584812521935
12017,TGCCAGCTTGGAGG-1,8-9,0.13333333333333333,0.16146364806830865,0.07087548,False,0.0690519642084837
3463,GACGCTCTTGGAAA-1,4-5,0.06666666666666667,0.06600065503116892,0.023301808,False,0.0693160044029355
12233,TTACGACTCCAATG-1,8-9,0.06666666666666667,0.046105120275897894,0.15520065,False,0.06953835487365723
286,AAGTAACTGGAGGT-1,4-5,0.06666666666666667,0.17060921827860476,0.14510636,False,0.06949004903435707
10034,GATCGTGATGCTGA-1,8-9,0.4,0.3706551456202687,0.12642603,False,0.0698396498337388
1381,ATACGGACAAAGCA-1,4-5,0.4,0.3872871276220456,0.15301952,False,0.06945884972810745
12153,TGTAGTCTCACACA-1,8-9,0.06666666666666667,0.04481043185393461,0.014039546,False,0.06886776071041822
2513,CCGTAAGATCCAGA-1,4-5,0.0,0.0,0.114238195,True,0.06952011957764626
9368,CTATTGACACACGT-1,8-9,0.4,0.5112113985691702,0.03360174,False,0.0695984223857522
3084,CTCTAAACCGGTAT-1,4-5,0.0,0.0,0.348015,True,0.06985463295131922
7456,AGGGCCTGACACGT-1,8-9,0.0,0.0,0.06512554,True,0.07003623712807894
5520,TCGGCACTCGGGAA-1,4-5,0.0,0.0,0.08535062,True,0.06932188011705875
8924,CGAATCGATCGTTT-1,8-9,0.3333333333333333,0.30701696620443025,0.070004046,False,0.06974882632493973
2462,CCCTAGTGCCATGA-1,4-5,0.06666666666666667,0.06077222973772036,0.47490045,False,0.06997852772474289
10854,GTATCTACTCGTTT-1,8-9,0.26666666666666666,0.437033650367268,0.14442152,False,0.06928107142448425
2879,CGTGTAGACTTCGC-1,4-5,0.0,0.0,0.2043164,True,0.0700592864304781
9963,GAGTGTTGCTACCC-1,8-9,0.13333333333333333,0.1082282316648452,0.2089485,False,0.06944213341921568
6088,TTCATGTGTTGACG-1,4-5,0.06666666666666667,0.04481043185393461,0.16665292,False,0.06938233599066734
10934,GTCTAACTTTGAGC-1,8-9,0.13333333333333333,0.1502947366151903,0.4937357,False,0.0691036805510521
1796,ATTTCGTGGGTGTT-1,4-5,0.06666666666666667,0.10764243204553911,0.17384666,False,0.0691751791164279
7419,AGGATAGAATCACG-1,8-9,0.13333333333333333,0.08847923037887294,0.4304707,False,0.06934710964560509
1337,ATAACAACGAGATA-1,4-5,0.06666666666666667,0.06077222973772036,0.35691595,False,0.06983086373656988
10320,GCGCACGAGTACAC-1,8-9,0.2,0.140232676179768,0.22572586,False,0.0697338292375207
315,AATAACACAGCCAT-1,4-5,0.06666666666666667,0.05686973942620158,0.21163057,False,0.06983422487974167
7092,ACTGCCACGAGGGT-1,8-9,0.13333333333333333,0.18111982294936083,0.255948,False,0.06943469401448965
1297,AGTGTTCTACAGTC-1,4-5,0.06666666666666667,0.046105120275897894,0.50742555,False,0.06974574457854033
7998,ATTCCATGACACGT-1,8-9,0.2,0.1996118606651258,0.07888137,False,0.07009721826761961
5923,TGTCAGGATGGGAG-1,4-5,0.2,0.1781313770075329,0.22906844,False,0.0693057207390666
11695,TCCCAGACTCCCGT-1,8-9,0.2,0.1609401273274075,0.33696878,False,0.0689414469525218
357,AATCTAGAAACCGT-1,4-5,0.13333333333333333,0.14217434856550396,0.3122349,False,0.06927603855729103
11067,GTTCAGGACTCCAC-1,8-9,0.13333333333333333,0.09024254247152179,0.03302962,False,0.06955883279442787
3841,GCAGCGTGTGTTTC-1,4-5,0.06666666666666667,0.053821216022769555,0.20008186,False,0.0700561860576272
10729,GGTATGACAGTGCT-1,8-9,0.0,0.0,0.45693958,True,0.06930950377136469
1375,ATACCTACCATTCT-1,4-5,0.13333333333333333,0.16841466178325945,0.013379812,False,0.06896487344056368
10307,GCGAGCACGTCGTA-1,8-9,0.26666666666666666,0.37870834237166434,0.50888664,False,0.06956320721656084
3433,GACCTAGATAAAGG-1,4-5,0.0,0.0,0.12012674,True,0.06946195010095835
11429,TAGTCGGAGTATCG-1,8-9,0.06666666666666667,0.10764243204553911,0.27796528,False,0.07001270819455385
3167,CTGGAAACTGTCCC-1,4-5,0.0,0.0,0.047845036,True,0.06991328578442335
11418,TAGTATGACCATGA-1,8-9,0.0,0.0,0.3194682,True,0.0696885772049427
4900,TACGACGAACGACT-1,4-5,0.0,0.0,0.48769876,True,0.06987139489501715
11595,TCACCTCTAACGTC-1,8-9,0.0,0.0,0.39142913,True,0.06956429500132799
4936,TACGGCCTGCCAAT-1,4-5,0.4,0.30330675596127715,0.046592228,False,0.06899213697761297
8138,CAAGCCCTCATTGG-1,8-9,0.2,0.21565173946932567,0.82576764,False,0.06952586397528648
3900,GCCACGGAATTCCT-1,4-5,0.2,0.21731188560164635,0.1790287,False,0.0689851762726903
8959,CGAGATTGGAAACA-1,8-9,0.26666666666666666,0.3128832626470809,0.2532881,False,0.06965255457907915
5027,TAGATCCTCCCTAC-1,4-5,0.0,0.0,0.27401528,True,0.06974983680993319
12445,TTGCTAACGCGGAA-1,8-9,0.0,0.0,0.8060227,True,0.06954697333276272
6227,TTTCAGTGTCTATC-1,4-5,0.13333333333333333,0.10865295960082011,0.46054888,False,0.06942230742424726
7704,ATAGATTGAGAGTA-1,8-9,0.26666666666666666,0.39807352137808233,0.5863599,False,0.06961852964013815
2530,CCTAGAGACGGTAT-1,4-5,0.06666666666666667,0.08530460913930238,0.10902938,False,0.07018680777400732
8620,CCACCTGACCCTTG-1,8-9,0.0,0.0,0.032001216,True,0.07041292730718851
2825,CGGTCACTCTAAGC-1,4-5,0.0,0.0,0.107164524,True,0.06927233468741179
11506,TATCGACTAGAAGT-1,8-9,0.06666666666666667,0.049317124049935504,0.3589899,False,0.07018701359629631
5541,TCTAACTGAAAACG-1,4-5,0.26666666666666666,0.3542518424736956,0.004538362,False,0.07043775357306004
11648,TCATCATGTGACCA-1,8-9,0.2,0.2712848345671839,0.538107,False,0.07033583987504244
4915,TACGAGTGTGGTAC-1,4-5,0.0,0.0,0.066289805,True,0.06987253669649363
6507,AAGCCAACCAGATC-1,8-9,0.2,0.17661573097652677,0.2393103,False,0.07009919546544552
2498,CCGCGAGACTTGAG-1,4-5,0.06666666666666667,0.04265230456965119,0.7898114,False,0.07029791362583637
11233,TACCGCTGCTACGA-1,8-9,0.2,0.19149147261543945,0.2839157,False,0.07038758974522352
4241,GGCCCAGATAGAAG-1,4-5,0.06666666666666667,0.053821216022769555,0.92214715,False,0.06890311930328608
12326,TTCAGTACTGGGAG-1,8-9,0.26666666666666666,0.3062474454231298,0.6473551,False,0.06978327687829733
5777,TGCTAGGACCGATA-1,4-5,0.0,0.0,0.14436114,True,0.06975826807320118
6471,AAGAACGAATTCTC-1,8-9,0.0,0.0,0.20250508,True,0.06959066540002823
6029,TTATGGCTAGGGTG-1,4-5,0.0,0.0,0.46420628,True,0.06895402912050486
9600,CTTTAGACCGAGAG-1,8-9,0.2,0.22377212751901202,0.23826677,False,0.06926695723086596
2662,CGAGCCGAGGAGTG-1,4-5,0.2,0.28520266403909467,0.3411648,False,0.06953736674040556
9767,GACCAAACAAGTAG-1,8-9,0.13333333333333333,0.09024254247152179,0.30656317,False,0.06887976638972759
41,AAAGCCTGGAGACG-1,4-5,0.2,0.19599556458827352,0.49960658,False,0.06936809420585632
6440,AACGTTCTCACTTT-1,8-9,0.13333333333333333,0.10618686347613708,0.026299696,False,0.06925041787326336
2201,CATACTTGAGCATC-1,4-5,0.06666666666666667,0.06077222973772036,0.088673085,False,0.0691869193688035
7660,ATAATGACAGCGTT-1,8-9,0.13333333333333333,0.21671433855450267,0.35585472,False,0.06957434117794037
4948,TACGTACTTTTCGT-1,4-5,0.8,0.8521679871689357,2.242739,False,0.07000698801130056
10392,GCTAGATGCCGCTT-1,8-9,0.13333333333333333,0.11531777908110442,0.06511556,False,0.06976181827485561
1559,ATGAAACTAGCTCA-1,4-5,0.06666666666666667,0.08530460913930238,0.15991335,False,0.06975740659981966
8048,ATTGGGTGTCCCAC-1,8-9,0.06666666666666667,0.05686973942620158,0.36379856,False,0.07003138307482004
5714,TGCAAGTGTCCCGT-1,4-5,0.0,0.0,0.27514893,True,0.06966712325811386
10426,GCTGATGATTCTTG-1,8-9,0.06666666666666667,0.05135849223864361,0.49775362,False,0.06973585765808821
5122,TAGTCGGATGGAAA-1,4-5,0.13333333333333333,0.10618686347613708,0.0812442,False,0.06958485674113035
7082,ACTCTCCTCAGCTA-1,8-9,0.06666666666666667,0.05135849223864361,0.10681046,False,0.0697694318369031
5678,TGAGTGACCGAATC-1,4-5,0.06666666666666667,0.06077222973772036,0.66628754,False,0.06967837736010551
11237,TACGACGAGGATTC-1,8-9,0.06666666666666667,0.06600065503116892,0.009463005,False,0.06942457612603903
4517,GTATCTACTTCGTT-1,4-5,0.13333333333333333,0.09412755590387012,0.2672045,False,0.06947019882500172
12146,TGTAATGATCCAAG-1-1,8-9,0.13333333333333333,0.10445997732807218,0.29596516,False,0.0694708377122879
796,ACTCGCACTCCTAT-1,4-5,0.0,0.0,0.7071998,True,0.06982145272195339
12480,TTGTAGCTGCATCA-1,8-9,0.0,0.0,0.15228604,True,0.06985004805028439
5104,TAGTAATGGTACCA-1,4-5,0.0,0.0,0.6664402,True,0.07016642112284899
9573,CTTCTAGACAGTTG-1,8-9,0.06666666666666667,0.07347739090382172,0.42000598,False,0.06983135920017958
289,AAGTAGGATGCCCT-1,4-5,0.3333333333333333,0.39343089570393985,0.11385002,False,0.06958528514951468
8885,CCTGGACTACGCAT-1,8-9,0.26666666666666666,0.3306172977775114,0.22471513,False,0.06918176915496588
5277,TCAATAGAGACGGA-1,4-5,0.0,0.0,0.29952872,True,0.06927020568400621
8354,CAGACATGGTGCTA-1,8-9,0.0,0.0,0.5272802,True,0.06958147138357162
1360,ATACAATGGCATAC-1,4-5,0.06666666666666667,0.04265230456965119,0.22924331,False,0.0697609381750226
8654,CCAGCGGAATCGGT-1,8-9,0.0,0.0,0.043266006,True,0.06992974877357483
4757,GTTGGATGCCCAAA-1-1,4-5,0.0,0.0,0.056592695,True,0.06935858447104692
9531,CTGTGAGATCCAGA-1,8-9,0.0,0.0,0.35888824,True,0.06977581698447466
2081,CACTTATGTTCCAT-1,4-5,0.06666666666666667,0.046105120275897894,0.11289111,False,0.0692389253526926
12453,TTGCTATGTGCCCT-1,8-9,0.13333333333333333,0.1195825111797196,0.03781814,False,0.07020658534020185
4105,GGAACACTATACCG-1,4-5,0.26666666666666666,0.20961139778350865,0.55077344,False,0.06989287678152323
9446,CTCTAAACGGTCAT-1,8-9,0.06666666666666667,0.10764243204553911,0.6001493,False,0.06980870198458433
3423,GACCATGATAGAAG-1,4-5,0.2,0.3442523053553128,0.43224674,False,0.06945769302546978
10367,GCGTACCTATTCCT-1,8-9,0.13333333333333333,0.1314097294152003,0.19640093,False,0.06966171320527792
35,AAAGCAGACGTTGA-1,4-5,0.0,0.0,0.5054307,True,0.06942397728562355
11604,TCACGAGATCGCAA-1,8-9,0.13333333333333333,0.27825165032414384,0.07963092,False,0.069445482455194
6032,TTATGGCTGAAACA-1,4-5,0.06666666666666667,0.05135849223864361,0.45302016,False,0.0695591438561678
10300,GCGAGAGACTGAGT-1,8-9,0.06666666666666667,0.049317124049935504,0.3947742,False,0.06951204407960176
4007,GCGCGATGCTTTAC-1,4-5,0.0,0.0,0.2454523,True,0.06937788240611553
8270,CACGAAACAACCTG-1,8-9,0.06666666666666667,0.06600065503116892,0.36305696,False,0.06965330429375172
4861,TAATGCCTATCTCT-1,4-5,0.0,0.0,0.12139693,True,0.06974756624549627
6454,AACTCACTGACGGA-1,8-9,0.06666666666666667,0.04265230456965119,0.0055234805,False,0.06988433934748173
2829,CGTAACGAGCTGAT-1,4-5,0.06666666666666667,0.0475902379018706,0.020912439,False,0.07005212549120188
8694,CCATGCTGACGACT-1,8-9,0.06666666666666667,0.0475902379018706,0.11641363,False,0.06983862724155188
1427,ATAGTCCTGAGGCA-1,4-5,0.0,0.0,0.41719723,True,0.0696634091436863
12025,TGCGAAACGAGACG-1,8-9,0.26666666666666666,0.3928450960846338,0.025887743,False,0.06897187232971191
2613,CGACAAACCTCTTA-1,4-5,0.0,0.0,0.14532213,True,0.06944483704864979
11624,TCAGCGCTGGTAGG-1,8-9,0.06666666666666667,0.06600065503116892,0.25603953,False,0.06943073775619268
3939,GCCGACGAAGAGGC-1,4-5,0.06666666666666667,0.07347739090382172,0.0020930786,False,0.06941725313663483
10327,GCGCGAACCTATTC-1,8-9,0.0,0.0,0.19423655,True,0.06927995570003986
2590,CGAACATGATCTCT-1,4-5,0.06666666666666667,0.046105120275897894,0.39992976,False,0.06971779651939869
10526,GGAGGTGATCTCGC-1,8-9,0.3333333333333333,0.29841754606819465,0.1514716,False,0.06987299118191004
393,AATGTAACAATGCC-1,4-5,0.0,0.0,0.23324206,True,0.06963001377880573
8267,CACCGTTGTGTGCA-1,8-9,0.26666666666666666,0.20088814682191306,0.19821867,False,0.06965285912156105
4377,GGTAGTACTTACCT-1,4-5,0.06666666666666667,0.04265230456965119,0.10784183,False,0.07013478130102158
11860,TGAAATTGGCATAC-1,8-9,0.2,0.16913899510387398,0.1295313,False,0.06934986729174852
3727,GATTCGGACGGTAT-1,4-5,0.0,0.0,0.12090746,True,0.06992860976606607
10177,GCAGTCCTGTACCA-1,8-9,0.0,0.0,0.3283285,True,0.06960184033960104
1236,AGTAGAGAGACACT-1,4-5,0.0,0.0,0.2912918,True,0.06962950993329287
9473,CTGAGAACCGCATA-1,8-9,0.06666666666666667,0.0475902379018706,0.12068286,False,0.06996501050889492
2628,CGACCTACCCTAAG-1,4-5,0.0,0.0,0.19068104,True,0.06985021755099297
12520,TTTCCAGAGGTGGA-1,8-9,0.06666666666666667,0.07347739090382172,0.14057213,False,0.06968416087329388
2528,CCTACCGAGGAAGC-1,4-5,0.2,0.17046063235924108,0.53792405,False,0.06956657394766808
9991,GATAGCACGGTGGA-1,8-9,0.0,0.0,0.45238635,True,0.06917047407478094
5312,TCACTATGAAAACG-1,4-5,0.26666666666666666,0.21383266786223326,0.3214754,False,0.06975023914128542
8733,CCCAGACTTCCAGA-1-1,8-9,0.2,0.19149147261543945,0.018795013,False,0.06946244835853577
4362,GGTACAACTAGACC-1,4-5,0.0,0.0,0.30110413,True,0.06977125443518162
11032,GTTACGGATCAGAC-1,8-9,0.13333333333333333,0.17364308707670803,0.015661892,False,0.06892715767025948
2117,CAGCCTTGTTCCCG-1,4-5,0.13333333333333333,0.10687735001361826,0.18381085,False,0.06967054307460785
7454,AGGGCCACTATGCG-1,8-9,0.0,0.0,0.13901493,True,0.06940976809710264
5617,TGACCAGAACGCTA-1,4-5,0.06666666666666667,0.06600065503116892,0.5046082,False,0.06966724153608084
8597,CCAAGATGATACCG-1,8-9,0.06666666666666667,0.049317124049935504,0.18718316,False,0.06953380815684795
4200,GGATACTGACGTAC-1,4-5,0.06666666666666667,0.04265230456965119,0.09332352,False,0.06896405480802059
8831,CCGTAAGAGGTAGG-1,8-9,0.13333333333333333,0.11210577530706682,0.14484128,False,0.07001715060323477
5402,TCCATCCTGTACAC-1,4-5,0.0,0.0,0.72369546,True,0.06950147449970245
6917,ACGATCGAATGCTG-1,8-9,0.13333333333333333,0.10517970826141315,0.32463253,False,0.0694705517962575
2615,CGACAAACGTACGT-1,4-5,0.0,0.0,0.060491044,True,0.06972610950469971
9510,CTGGAAACGTTACG-1,8-9,0.2,0.2827149935856716,0.039521858,False,0.07036644499748945
2849,CGTCAAGAGTAAGA-1,4-5,0.13333333333333333,0.13424962064154208,0.28301316,False,0.0695330249145627
8226,CACAGATGTGCACA-1,8-9,0.0,0.0,0.4437715,True,0.06949781626462936
3724,GATTCGGAACCAAC-1,4-5,0.3333333333333333,0.2653811555900662,0.14151087,False,0.06912588141858578
9788,GACGAACTGCTCCT-1,8-9,0.0,0.0,0.27361676,True,0.06910484936088324
2272,CATTACACGCCAAT-1,4-5,0.2,0.26924086615530896,0.15171437,False,0.06969785131514072
11619,TCAGCGCTACGTGT-1,8-9,0.06666666666666667,0.049317124049935504,0.033414677,False,0.06954826135188341
3,AAACATTGAAGGCG-1,4-5,0.13333333333333333,0.14607683887702272,0.15524305,False,0.06921669095754623
6557,AAGTAGGAACTTTC-1,8-9,0.0,0.0,0.3898101,True,0.06930968072265387
5058,TAGGCAACAAAAGC-1,4-5,0.0,0.0,0.20124897,True,0.06895450130105019
10853,GTATCTACGTCATG-1,8-9,0.0,0.0,0.31671154,True,0.06876648962497711
6235,TTTGACTGTGTTTC-1,4-5,0.0,0.0,0.597467,True,0.0690003503113985
11481,TATAGATGTATCTC-1,8-9,0.0,0.0,0.029794373,True,0.06919298507273197
975,AGATATTGACACAC-1,4-5,0.0,0.0,0.53131264,True,0.0689839031547308
9384,CTCAGCACATGTGC-1,8-9,0.06666666666666667,0.04265230456965119,0.21791726,False,0.0694879200309515
900,AGACACTGCTGTAG-1,4-5,0.0,0.0,0.25642702,True,0.06920878030359745
9087,CGCTACTGATCGTG-1,8-9,0.06666666666666667,0.10764243204553911,0.13400717,False,0.06983727775514126
3627,GAGTGGGAGTCTAG-1,4-5,0.26666666666666666,0.39539187335289777,0.02738176,False,0.06966232601553202
11093,GTTTAAGACCAATG-1,8-9,0.13333333333333333,0.10342453430737154,0.3270055,False,0.06954794283956289
2945,CTACCTCTCTAAGC-1,4-5,0.0,0.0,0.012133688,True,0.06970236450433731
10770,GTAATAACCTCAAG-1,8-9,0.06666666666666667,0.046105120275897894,0.18649808,False,0.06954810209572315
3530,GAGCAGGAGGTGTT-1,4-5,0.13333333333333333,0.12483588314246533,0.73273337,False,0.06947951298207045
6438,AACGTTCTAGCGTT-1,8-9,0.26666666666666666,0.243274692790058,0.39445293,False,0.06945661175996065
2850,CGTCCAACCCGTAA-1,4-5,0.13333333333333333,0.0974900145477079,0.18868273,False,0.069716383703053
7764,ATCACTACGGGACA-1,8-9,0.13333333333333333,0.17364308707670803,0.2443681,False,0.06920667085796595
4335,GGGCCATGTTCATC-1,4-5,0.06666666666666667,0.053821216022769555,0.7034034,False,0.06970711145550013
7534,AGTAGGCTTGAGAA-1,8-9,0.2,0.22377212751901202,0.09438504,False,0.06957914121448994
4632,GTGCAAACCTTCCG-1-1,4-5,0.26666666666666666,0.34219253490142865,0.108826205,False,0.06949419155716896
9189,CGTCCAACACACTG-1,8-9,0.2,0.1887291434466739,0.29903328,False,0.06895955745130777
5837,TGGATGTGGGTCTA-1,4-5,0.0,0.0,0.32587603,True,0.06992465537041426
9135,CGGCCAGAGGTATC-1,8-9,0.2,0.13767959533323315,0.33743784,False,0.06932868529111147
694,ACGCTGCTTGTAGC-1,4-5,0.0,0.0,0.2211648,True,0.06910858489573002
12243,TTACGTACTGCCCT-1,8-9,0.0,0.0,0.07909177,True,0.06958350539207458
3606,GAGTAAGAGAGGCA-1,4-5,0.13333333333333333,0.14607683887702272,0.49847272,False,0.06965330988168716
6455,AACTCACTGATAAG-1,8-9,0.0,0.0,0.21046948,True,0.06938187498599291
3141,CTGATTTGACCTGA-1,4-5,0.13333333333333333,0.1645121714717407,0.22146139,False,0.069099185988307
9212,CGTGAATGCGTAAC-1,8-9,0.0,0.0,0.71505463,True,0.06951141636818647
3887,GCCAAATGCATTCT-1,4-5,0.26666666666666666,0.34992462422620196,0.3676045,False,0.0694527355954051
10825,GTAGGTACAAGTGA-1,8-9,0.13333333333333333,0.15131123057047743,0.4069557,False,0.06919706705957651
2766,CGGAATTGCTCGAA-1,4-5,0.0,0.0,0.17919745,True,0.06841359566897154
9718,GAATGCTGCTGCTC-1,8-9,0.13333333333333333,0.0974900145477079,0.2560858,False,0.06890280731022358
578,ACCCGTACATCAGC-1,4-5,0.13333333333333333,0.11081108688510354,0.3162461,False,0.06934576854109764
10158,GCAGCCGACTGTAG-1,8-9,0.06666666666666667,0.08530460913930238,0.24885966,False,0.06912571378052235
4463,GTAGCATGAACCTG-1,4-5,0.06666666666666667,0.17060921827860476,0.1841457,False,0.06959718558937311
11346,TAGATTGATTGCGA-1,8-9,0.06666666666666667,0.04481043185393461,0.23579942,False,0.06981059722602367
3620,GAGTCAACTGGAGG-1,4-5,0.0,0.0,0.06931951,True,0.06963541265577078
12342,TTCATGTGAGGGTG-1,8-9,0.06666666666666667,0.05135849223864361,0.10848038,False,0.06943277176469564
4869,TAATGTGAGTACCA-1,4-5,0.06666666666666667,0.053821216022769555,0.0883282,False,0.06932383123785257
9462,CTGAATCTCTGGTA-1,8-9,0.0,0.0,0.36984032,True,0.06973276194185019
1704,ATTCCATGCAACTG-1,4-5,0.06666666666666667,0.04265230456965119,0.20885903,False,0.06938759237527847
10980,GTGCCACTCAACCA-1,8-9,0.0,0.0,0.13590953,True,0.06937920954078436
3774,GCAACTGACGTGTA-1,4-5,0.26666666666666666,0.23906276145189656,0.17007618,False,0.06959727127104998
7140,ACTTTGTGTGGATC-1,8-9,0.3333333333333333,0.2842148140875927,0.054193288,False,0.06962601654231548
1555,ATCTTGACCTTGCC-1,4-5,0.06666666666666667,0.17060921827860476,0.8041078,False,0.06930259801447392
12128,TGGTTACTTGTGCA-1,8-9,0.0,0.0,0.17689563,True,0.06973740365356207
1460,ATCACTACCCAATG-1,4-5,0.13333333333333333,0.10067561628857913,0.3177153,False,0.06967700086534023
6538,AAGGCTTGAAAAGC-1,8-9,0.13333333333333333,0.17364308707670803,0.02143161,False,0.06974489707499743
1447,ATATGCCTTCTTCA-1,4-5,0.0,0.0,1.0369691,True,0.06964318454265594
10730,GGTATGACCAGTTG-1,8-9,0.13333333333333333,0.2313814480163251,0.35838014,False,0.06957274954766035
1611,ATGCGCCTTTGGTG-1,4-5,0.13333333333333333,0.22196771051724837,0.0664497,False,0.06939748674631119
8742,CCCAGTTGTGGGAG-1,8-9,0.06666666666666667,0.0475902379018706,0.20733257,False,0.06925719603896141
1590,ATGCAGACTTGCAG-1,4-5,0.06666666666666667,0.17060921827860476,0.25620884,False,0.06947536580264568
8029,ATTGATGAGAGGGT-1,8-9,0.26666666666666666,0.19393713310696226,0.22696413,False,0.06974426656961441
5518,TCGGCACTACTACG-1,4-5,0.13333333333333333,0.13912582516207192,0.07615507,False,0.06965814623981714
10642,GGGAACGAATGTGC-1,8-9,0.06666666666666667,0.053821216022769555,0.16009912,False,0.06962352618575096
317,AATAACACGGTGAG-1,4-5,0.06666666666666667,0.05686973942620158,0.6549421,False,0.06978878937661648
12363,TTCCCACTATTGGC-1,8-9,0.3333333333333333,0.2983416665645814,0.23151216,False,0.06952630914747715
665,ACGCCACTATCGGT-1,4-5,0.0,0.0,0.30951554,True,0.06987390480935574
9038,CGCATAGATCCAGA-1,8-9,0.2,0.2750502465412634,0.34604746,False,0.06949082668870687
5602,TGAAGCACACAGCT-1,4-5,0.0,0.0,0.3782539,True,0.06976317800581455
7505,AGGTTGTGAAACGA-1,8-9,0.2,0.19497406269540965,0.35348788,False,0.06963183637708426
75,AAATCTGATCGACA-1,4-5,0.06666666666666667,0.06077222973772036,0.1054366,False,0.07004683092236519
10837,GTAGTGTGCCGTAA-1,8-9,0.0,0.0,0.20387119,True,0.06966023985296488
3280,GAAAGCCTCTTCGC-1,4-5,0.0,0.0,0.35354644,True,0.06991433817893267
8492,CATCATACCTGAAC-1,8-9,0.0,0.0,0.17819038,True,0.06979238893836737
6182,TTGGAGTGAAGGGC-1,4-5,0.06666666666666667,0.04481043185393461,0.3038406,False,0.06970504764467478
10578,GGCACTCTTGCTTT-1,8-9,0.0,0.0,0.15943764,True,0.06945374794304371
4441,GTACCCTGGTGAGG-1,4-5,0.0,0.0,0.12931728,True,0.06990298442542553
6277,AAACTTGATGCTTT-1,8-9,0.06666666666666667,0.049317124049935504,0.33933794,False,0.06921341270208359
5953,TTAACCACTCACGA-1,4-5,0.0,0.0,0.44835615,True,0.06951475515961647
7094,ACTGCCACGTTGAC-1,8-9,0.13333333333333333,0.16841466178325945,0.43870586,False,0.06942125223577023
206,AAGAACGAAGTTCG-1,4-5,0.13333333333333333,0.1645121714717407,0.06935084,False,0.06993070524185896
8688,CCATATACTTTACC-1,8-9,0.2,0.21282214030695226,0.22148567,False,0.0698537090793252
4099,GCTTGAGACAACCA-1,4-5,0.0,0.0,0.63735294,True,0.06962105445563793
6526,AAGCGTACCATACG-1,8-9,0.0,0.0,0.26025453,True,0.06962522119283676
2096,CAGACTGAGATAGA-1,4-5,0.0,0.0,0.04012869,True,0.06967880856245756
10912,GTCCCATGACGTAC-1,8-9,0.26666666666666666,0.40722505798838465,0.9955511,False,0.06970524601638317
2598,CGAAGGGAACAGCT-1,4-5,0.26666666666666666,0.2505368162050949,0.3246192,False,0.06999099254608154
6873,ACCTCCGACATTTC-1,8-9,0.06666666666666667,0.06600065503116892,0.27034992,False,0.06975515186786652
1111,AGGAACCTGATAAG-1-1,4-5,0.13333333333333333,0.16146364806830865,0.09404053,False,0.0697681438177824
11364,TAGCTACTGTCACA-1,8-9,0.2,0.1613107676888603,0.013971634,False,0.06965256668627262
216,AAGAAGACCAGAAA-1,4-5,0.2,0.19088727073095735,0.17561316,False,0.06992166861891747
7494,AGGTGGGAGGTACT-1,8-9,0.13333333333333333,0.27825165032414384,0.08482238,False,0.0695801516994834
1182,AGGTACACTGTCGA-1,4-5,0.06666666666666667,0.08530460913930238,0.006564386,False,0.06979367043823004
10886,GTCATACTGACAAA-1,8-9,0.2,0.16001145183946372,0.46037418,False,0.06996029336005449
5369,TCATCCCTTCCAAG-1,4-5,0.13333333333333333,0.136663101377946,0.25722876,False,0.0699138892814517
9865,GAGCAACTGCTACA-1,8-9,0.06666666666666667,0.07347739090382172,0.62051314,False,0.06988593563437462
534,ACCACCTGGCTGTA-1,4-5,0.06666666666666667,0.053821216022769555,0.028949171,False,0.06945711467415094
10851,GTATCACTTTAGGC-1-1,8-9,0.06666666666666667,0.17060921827860476,0.3397497,False,0.07006468065083027
4649,GTGGAGGACCGTAA-1,4-5,0.13333333333333333,0.09894873014051422,0.31115824,False,0.0695721348747611
6944,ACGCCGGATGTCGA-1,8-9,0.0,0.0,0.07184932,True,0.06987041234970093
3068,CTCGAAGATCAGGT-1,4-5,0.06666666666666667,0.04265230456965119,0.07474391,False,0.06978981662541628
8972,CGAGGAGATGCCTC-1,8-9,0.26666666666666666,0.3496692707740814,0.45708507,False,0.06993370596319437
3903,GCCACTACAGCTCA-1,4-5,0.0,0.0,0.18070187,True,0.06968317739665508
7746,ATATGCCTCTTATC-1,8-9,0.06666666666666667,0.05686973942620158,0.09794134,False,0.06977164279669523
816,ACTGGCCTTGCCAA-1,4-5,0.06666666666666667,0.07347739090382172,0.054963365,False,0.06980986800044775
10023,GATCCGCTCGACAT-1,8-9,0.2,0.2580719547021906,0.09672767,False,0.06965161859989166
1284,AGTGCAACAGTCAC-1,4-5,0.3333333333333333,0.41283600097891476,0.21431696,False,0.06929157394915819
8880,CCTGAGCTAACGAA-1,8-9,0.13333333333333333,0.21326152284825595,0.1434147,False,0.0697861835360527
76,AAATGGGAAATGCC-1,4-5,0.06666666666666667,0.04481043185393461,0.015305422,False,0.06954023335129023
9440,CTCGACTGTGACTG-1,8-9,0.06666666666666667,0.049317124049935504,0.7183244,False,0.06983861047774553
5474,TCGACGCTTTTGTC-1,4-5,0.0,0.0,0.002752781,True,0.06926877330988646
6618,AATCAAACACGGTT-1,8-9,0.06666666666666667,0.05135849223864361,0.2684424,False,0.0697798365727067
1268,AGTCGAACTCTATC-1,4-5,0.0,0.0,0.25911433,True,0.07004211656749249
12066,TGGACCCTCCGCTT-1,8-9,0.13333333333333333,0.11359089293303952,0.29591036,False,0.06972063798457384
3577,GAGGGCCTAGCATC-1,4-5,0.2,0.26751658023041086,0.055853307,False,0.06969054043292999
12276,TTAGTCTGCTGCAA-1,8-9,0.0,0.0,0.14615767,True,0.07001580577343702
551,ACCAGTGATTCTCA-1,4-5,0.06666666666666667,0.06077222973772036,0.3471057,False,0.06982304714620113
10064,GATTCGGATTATCC-1,8-9,0.13333333333333333,0.1228703944573705,0.46070737,False,0.07001918647438288
3541,GAGCGAGATTTGGG-1,4-5,0.0,0.0,0.020763956,True,0.06866978574544191
8285,CACGGGACTCAAGC-1,8-9,0.2,0.1468071385976434,0.64328396,False,0.06918872054666281
987,AGATTAACACAGTC-1,4-5,0.0,0.0,0.41267723,True,0.06911665480583906
7166,AGAATTTGCCTCAC-1,8-9,0.13333333333333333,0.10445997732807218,0.5845464,False,0.06959387753158808
4493,GTAGTGACTCAAGC-1,4-5,0.06666666666666667,0.04481043185393461,0.026126657,False,0.06908269133418798
8816,CCGCTATGGCGAGA-1,8-9,0.0,0.0,0.11301762,True,0.06985639967024326
3442,GACGAGGAAGCTAC-1,4-5,0.0,0.0,0.060894445,True,0.0695799496024847
9357,CTATGACTGTCATG-1,8-9,0.06666666666666667,0.06077222973772036,0.4355502,False,0.0688649220392108
1471,ATCATGCTATGGTC-1,4-5,0.2,0.15203126616452928,0.50350416,False,0.06877466849982738
7382,AGCTGCCTGCTCCT-1,8-9,0.13333333333333333,0.09502729076358196,0.17539977,False,0.06956527382135391
3977,GCGAAGGACGAGAG-1,4-5,0.13333333333333333,0.10445997732807218,0.7094055,False,0.0696036946028471
11858,TGAAATTGACCCTC-1,8-9,0.4,0.44882608629144843,0.7695675,False,0.06979235913604498
2858,CGTCCATGGGTGGA-1,4-5,0.0,0.0,0.21899462,True,0.06950885150581598
8658,CCAGCTACACAGCT-1,8-9,0.0,0.0,0.40238446,True,0.06967386975884438
2102,CAGATGACACCATG-1,4-5,0.13333333333333333,0.10836246763959095,0.049394727,False,0.070023144595325
8083,CAAACTCTAGGTTC-1,8-9,0.0,0.0,0.029420733,True,0.06967553216964006
4459,GTAGACTGGGATTC-1,4-5,0.0,0.0,0.08001138,True,0.06959141325205564
11353,TAGCCCACGCCTTC-1,8-9,0.06666666666666667,0.07347739090382172,0.12652566,False,0.0692681111395359
1718,ATTCGGGAGATGAA-1,4-5,0.06666666666666667,0.05686973942620158,0.40066996,False,0.06954073905944824
10666,GGGATTACTTCAGG-1,8-9,0.06666666666666667,0.0475902379018706,0.15720989,False,0.0695143211632967
1283,AGTGACTGGTGTTG-1-1,4-5,0.13333333333333333,0.11714618942876005,0.13595892,False,0.0697550168260932
12212,TGTTACTGTTGCTT-1,8-9,0.4666666666666667,0.4549056529526641,0.14951417,False,0.06970118824392557
5080,TAGGTCGACCTTAT-1,4-5,0.0,0.0,0.3347305,True,0.07000549137592316
7893,ATGCAGACAGAGTA-1,8-9,0.06666666666666667,0.04265230456965119,0.2581619,False,0.0698101008310914
829,ACTTCCCTACGGGA-1,4-5,0.13333333333333333,0.10618686347613708,0.3253911,False,0.06928840838372707
9574,CTTCTAGACCGCTT-1,8-9,0.2,0.18807083666431165,0.3115794,False,0.06919186003506184
3996,GCGCACGAGTATGC-1,4-5,0.13333333333333333,0.22196771051724837,0.53132904,False,0.06947137787938118
6766,ACAGTGTGACCACA-1,8-9,0.06666666666666667,0.05135849223864361,0.64542294,False,0.0695082489401102
4215,GGATTGTGTGAAGA-1,4-5,0.06666666666666667,0.043668798524938345,0.26184702,False,0.06984729040414095
8095,CAAATTGAACCCAA-1,8-9,0.0,0.0,0.20855105,True,0.06976467184722424
3161,CTGGAAACCCAGTA-1,4-5,0.06666666666666667,0.06077222973772036,0.011224648,False,0.0693158833310008
12394,TTCTCAGATCCCAC-1,8-9,0.0,0.0,0.26499602,True,0.0692210653796792
4263,GGCGGACTCAAGCT-1,4-5,0.0,0.0,0.016396048,True,0.0690251411870122
10447,GGAAGGTGACGGAG-1,8-9,0.2,0.16346426754571045,0.1367473,False,0.06935827620327473
4425,GTAATATGGCGAGA-1,4-5,0.13333333333333333,0.09616892409257823,0.2906468,False,0.0694167222827673
12121,TGGTCAGAGAGCTT-1,8-9,0.26666666666666666,0.2837324408643639,0.13334867,False,0.069535281509161
5240,TATGTCACGCCCTT-1,4-5,0.06666666666666667,0.053821216022769555,0.48308957,False,0.06912604626268148
10011,GATATTGAGGTGAG-1,8-9,0.13333333333333333,0.13424962064154208,0.26712,False,0.06957828719168901
6144,TTGAATGAAGCCTA-1,4-5,0.06666666666666667,0.06600065503116892,0.039211173,False,0.06937430426478386
9873,GAGCATACTATCGG-1,8-9,0.0,0.0,0.24865863,True,0.06971586309373379
2153,CAGGTAACGCTACA-1,4-5,0.0,0.0,0.22892992,True,0.06965979002416134
6459,AACTCGGACTCCCA-1,8-9,0.0,0.0,0.6995069,True,0.06957841292023659
5570,TCTCCACTGTTGTG-1,4-5,0.4,0.4201040969576756,0.005602179,False,0.06939854379743338
6274,AAACTTGATATCGG-1-1,8-9,0.2,0.22593025480329543,0.33760062,False,0.0699119120836258
4614,GTGACCCTTTCCGC-1,4-5,0.06666666666666667,0.046105120275897894,1.0467402,False,0.06972459051758051
8545,CATGTTTGGTTAGC-1,8-9,0.13333333333333333,0.11210577530706682,0.1794106,False,0.06979136634618044
4053,GCTACGCTAAGCAA-1,4-5,0.13333333333333333,0.2313814480163251,0.19565597,False,0.06958265043795109
11088,GTTGTACTGGGTGA-1,8-9,0.06666666666666667,0.10764243204553911,0.17637958,False,0.07008500210940838
6205,TTTAGCTGGCAGAG-1,4-5,0.13333333333333333,0.09746361251454151,0.37435496,False,0.06971538346260786
11700,TCCCATCTTGCAAC-1,8-9,0.0,0.0,0.13878587,True,0.06949516385793686
1223,AGTAATTGAAGTAG-1,4-5,0.26666666666666666,0.2509703529037694,0.2744462,False,0.06938669178634882
6357,AACACGTGAGAAGT-1,8-9,0.4,0.5270469290423232,0.48769084,False,0.06978813465684652
3498,GACTGATGACGTGT-1,4-5,0.0,0.0,0.022635907,True,0.0696653788909316
6496,AAGCAAGAAGGGTG-1,8-9,0.2,0.14985566200107542,0.13934393,False,0.06941667664796114
3976,GCCTGACTTCTCGC-1,4-5,0.06666666666666667,0.10764243204553911,0.26309818,False,0.06916035898029804
8002,ATTCCATGTCATTC-1,8-9,0.13333333333333333,0.11359089293303952,0.3643353,False,0.06913171801716089
6095,TTCCAAACGAGACG-1,4-5,0.0,0.0,0.24292734,True,0.06986226700246334
9020,CGCAGGACACCGAT-1,8-9,0.0,0.0,0.21621503,True,0.06981106195598841
5376,TCATTCGAAGCCTA-1,4-5,0.2,0.20004310180134433,0.32076222,False,0.07010880205780268
7508,AGGTTGTGACGGAG-1,8-9,0.06666666666666667,0.06600065503116892,0.57610804,False,0.06951592396944761
2073,CACTTAACTGGGAG-1,4-5,0.2,0.200250275672711,0.43396762,False,0.06990585569292307
8330,CACTGCTGCAGAAA-1,8-9,0.3333333333333333,0.3282131557816707,0.26636335,False,0.0696933576837182
3008,CTATCCCTGTTCTT-1,4-5,0.06666666666666667,0.08530460913930238,0.16532603,False,0.06981723010540009
10700,GGGTTAACATTTCC-1,8-9,0.06666666666666667,0.049317124049935504,0.12710768,False,0.06985592562705278
3778,GCAATCGACCCTTG-1,4-5,0.13333333333333333,0.0936953581777685,0.5704444,False,0.06970454286783934
11542,TATGGTCTTGCAAC-1,8-9,0.2,0.3166860571556275,0.38012886,False,0.06983892619609833
1680,ATTACCTGAGGAGC-1,4-5,0.06666666666666667,0.05135849223864361,0.22466765,False,0.06996746640652418
9154,CGGTACCTAGCTCA-1,8-9,0.13333333333333333,0.1044410282626587,0.45986262,False,0.0697524081915617
672,ACGCCGGAGCGTTA-1,4-5,0.06666666666666667,0.07347739090382172,0.13167886,False,0.07000934239476919
12010,TGCCAAGACTTCGC-1,8-9,0.0,0.0,0.020235375,True,0.06967136170715094
64,AAATCATGCATTCT-1,4-5,0.06666666666666667,0.08530460913930238,0.085548654,False,0.07000673655420542
10581,GGCATATGAAGGGC-1,8-9,0.13333333333333333,0.09401079680829481,0.2097008,False,0.06970319617539644
4796,TAACATGACGTACA-1-1,4-5,0.06666666666666667,0.05686973942620158,0.264104,False,0.07009001728147268
7962,ATGTTGCTTGAGGG-1,8-9,0.06666666666666667,0.046105120275897894,0.027694792,False,0.06959533412009478
3339,GAAGCTTGTCTGGA-1,4-5,0.26666666666666666,0.21510558167846344,0.17421882,False,0.06961023528128862
12230,TTACCATGGACGAG-1,8-9,0.0,0.0,0.06774147,True,0.06902842316776514
4330,GGGCCATGAAGGGC-1,4-5,0.0,0.0,0.11403962,True,0.06930362340062857
9951,GAGTCTGATGTGAC-1,8-9,0.2,0.17118036329258207,0.32159042,False,0.06972071342170238
1659,ATGTTCACTATTCC-1,4-5,0.2,0.18807083666431165,0.1098665,False,0.06938964128494263
6840,ACCCACTGTTGCAG-1,8-9,0.13333333333333333,0.1552326699474097,0.047012508,False,0.06979968771338463
5689,TGATTAGACTCTTA-1,4-5,0.13333333333333333,0.2313814480163251,0.07183878,False,0.06973019242286682
6867,ACCTATTGATTCTC-1,8-9,0.13333333333333333,0.2313814480163251,0.188103,False,0.06990798376500607
3288,GAAATACTGTGTAC-1,4-5,0.06666666666666667,0.06077222973772036,0.025114462,False,0.06918081734329462
9660,GAACTGTGAGGCGA-1,8-9,0.06666666666666667,0.05686973942620158,0.55073917,False,0.0691918758675456
4895,TACCGCTGGTCTAG-1,4-5,0.0,0.0,0.38452423,True,0.0688942726701498
6896,ACGAAGCTCCTTAT-1,8-9,0.0,0.0,0.19210666,True,0.06945259403437376
5345,TCAGTGGAAGCATC-1,4-5,0.13333333333333333,0.11612969547347292,0.031153046,False,0.06877904944121838
6658,AATGCGTGCTTGGA-1,8-9,0.13333333333333333,0.15131123057047743,0.027784735,False,0.06929951719939709
2723,CGCATAGAACAGTC-1,4-5,0.2,0.3072723196565508,0.08633594,False,0.06941273808479309
9713,GAATGCTGACGCTA-1,8-9,0.2,0.14230044640164252,0.4692914,False,0.06971448566764593
1388,ATACGTCTCGTACA-1,4-5,0.0,0.0,0.028162971,True,0.06951820850372314
7342,AGCGATTGGTCTAG-1,8-9,0.3333333333333333,0.23149171260657694,0.037395068,False,0.06917293276637793
2460,CCCTACGACCACCT-1,4-5,0.06666666666666667,0.04481043185393461,0.17152125,False,0.06991994567215443
7472,AGGGTTTGCTGACA-1,8-9,0.2,0.18170562256866693,1.0536247,False,0.06893584597855806
2469,CCCTGAACACCTCC-1,4-5,0.0,0.0,0.71456766,True,0.0691379401832819
8093,CAAATATGTCAAGC-1,8-9,0.13333333333333333,0.21326152284825595,0.18903774,False,0.06936500128358603
2887,CGTTAGGACCTTGC-1,4-5,0.13333333333333333,0.1303471303300233,0.013683349,False,0.06902700010687113
7779,ATCCAGGACAGATC-1,8-9,0.2,0.2985661319875583,0.8012765,False,0.06992148887366056
3672,GATCCCTGACCATG-1,4-5,0.0,0.0,0.2645916,True,0.06990462634712458
9964,GAGTTGTGAGATCC-1,8-9,0.0,0.0,0.03386797,True,0.06971040368080139
2773,CGGACCGATTACTC-1,4-5,0.06666666666666667,0.049317124049935504,0.19303748,False,0.06992784515023232
8714,CCCAAAGAGTTCTT-1,8-9,0.2,0.16000807949890666,0.2950644,False,0.06990451645106077
827,ACTTCAACTCAGAC-1,4-5,0.13333333333333333,0.0936953581777685,0.010540551,False,0.06970794033259153
7692,ATACGTCTCCTTAT-1,8-9,0.13333333333333333,0.21326152284825595,0.08173684,False,0.0690550422295928
1000,AGCAAGCTATACCG-1,4-5,0.0,0.0,0.011610322,True,0.06941158883273602
12482,TTGTAGCTGGTGGA-1,8-9,0.2,0.17299943489967448,0.8814288,False,0.06938515044748783
1909,CAAGTCGAGCAGTT-1,4-5,0.2,0.1779184191664804,0.10239513,False,0.06933154072612524
10485,GGACCGTGCTAGCA-1,8-9,0.0,0.0,0.33076903,True,0.06960133370012045
5492,TCGATTTGTGTCCC-1,4-5,0.06666666666666667,0.053821216022769555,0.14069639,False,0.06961337011307478
12467,TTGGGAACTTGAGC-1,8-9,0.2,0.2737475583513098,0.087042555,False,0.06953207589685917
5483,TCGAGCCTGATAGA-1,4-5,0.13333333333333333,0.11531777908110442,0.39659262,False,0.06940754689276218
9690,GAAGTAGAACCTGA-1-1,8-9,0.06666666666666667,0.04481043185393461,0.19034258,False,0.06959288846701384
4791,TAACACCTTGCTTT-1,4-5,0.06666666666666667,0.049317124049935504,0.41388422,False,0.06919398345053196
8374,CAGATCGATCGTTT-1,8-9,0.26666666666666666,0.2240424885077918,0.11370635,False,0.06969781219959259
601,ACCTCCGACCGTAA-1,4-5,0.06666666666666667,0.043668798524938345,0.037617803,False,0.07000619266182184
9639,GAACACACTAGACC-1-1,8-9,0.3333333333333333,0.25616953380135815,0.08247684,False,0.06931460928171873
2603,CGAAGTACGCAAGG-1,4-5,0.0,0.0,0.3764795,True,0.07009682897478342
8075,ATTTCGTGATTGGC-1-1,8-9,0.13333333333333333,0.08632110309458953,0.051429227,False,0.06942464970052242
4947,TACGTACTTGCCAA-1,4-5,0.0,0.0,0.20638123,True,0.06954183056950569
12221,TTACAGCTAGAACA-1,8-9,0.06666666666666667,0.049317124049935504,0.57249033,False,0.06922139041125774
708,ACGGGAGAACGTTG-1,4-5,0.2,0.26300988803440994,0.020408928,False,0.06983915064483881
11491,TATCACTGTTCCAT-1,8-9,0.06666666666666667,0.10764243204553911,1.3016888,False,0.06911220867186785
4578,GTCGAATGCAGGAG-1,4-5,0.0,0.0,0.15889463,True,0.06989379692822695
6510,AAGCCATGTTCATC-1,8-9,0.13333333333333333,0.11008935378765586,0.17252378,False,0.06960892025381327
3876,GCATGTGAACTGTG-1,4-5,0.13333333333333333,0.09502729076358196,0.29888794,False,0.06961587630212307
11754,TCGACGCTCGTGTA-1,8-9,0.26666666666666666,0.22449216311306386,0.11311706,False,0.06957401987165213
2450,CCCGATTGCCTTAT-1,4-5,0.0,0.0,0.2737492,True,0.06953561305999756
11350,TAGCATCTGCCAAT-1,8-9,0.13333333333333333,0.27825165032414384,0.35445428,False,0.06922499928623438
1250,AGTATAACGTATCG-1,4-5,0.13333333333333333,0.21541965013253936,0.20331961,False,0.06985141336917877
6564,AAGTAGGAGTTACG-1,8-9,0.13333333333333333,0.21671433855450267,0.12094289,False,0.06951174046844244
605,ACCTGAGAGCAGAG-1,4-5,0.06666666666666667,0.046105120275897894,0.7065276,False,0.06968606822192669
10806,GTAGCAACAAGATG-1,8-9,0.4666666666666667,0.3750675560474803,0.49713078,False,0.06906688306480646
3803,GCACCTACAGTGTC-1,4-5,0.4,0.36251727742493395,0.8212142,False,0.0697321705520153
8965,CGAGCCGAGCAGTT-1,8-9,0.0,0.0,0.08461693,True,0.06911671627312899
5986,TTAGAATGCGGTAT-1,4-5,0.06666666666666667,0.07347739090382172,0.04266943,False,0.06914211623370647
10301,GCGAGAGAGTTGCA-1,8-9,0.26666666666666666,0.21643614408782652,0.051326066,False,0.07003481313586235
4734,GTTCAACTTAGTCG-1,4-5,0.06666666666666667,0.08530460913930238,0.12284291,False,0.0696086585521698
11182,TAATCCACGTTTGG-1,8-9,0.06666666666666667,0.10764243204553911,0.49044055,False,0.0690650250762701
5406,TCCCAGACACGCTA-1,4-5,0.06666666666666667,0.04481043185393461,0.11721483,False,0.06946959905326366
9680,GAAGCTTGACGTTG-1,8-9,0.13333333333333333,0.09024254247152179,0.44989488,False,0.0699897799640894
3674,GATCCCTGCAGGAG-1,4-5,0.13333333333333333,0.09502729076358196,0.34605515,False,0.06941675674170256
10032,GATCGTGACTTCCG-1,8-9,0.06666666666666667,0.06077222973772036,0.14607593,False,0.06950739119201899
4014,GCGGACTGGGTAGG-1,4-5,0.2,0.1852309454379698,0.16910039,False,0.06943348236382008
6960,ACGCTGCTCAGCTA-1,8-9,0.13333333333333333,0.15131123057047743,0.11526081,False,0.06943164765834808
4358,GGTACAACGATACC-1,4-5,0.13333333333333333,0.21671433855450267,0.18316936,False,0.06973769143223763
9869,GAGCATACACTTTC-1-1,8-9,0.2,0.16069856603638782,0.13773733,False,0.07008864171802998
5664,TGAGGACTACCAGT-1,4-5,0.0,0.0,0.5234002,True,0.069511653855443
11704,TCCCGAACTAAGGA-1-1,8-9,0.2,0.21282214030695226,0.27682346,False,0.0696426434442401
5162,TATACCACTCATTC-1,4-5,0.2,0.21833338749451026,0.40974343,False,0.06936418823897839
8153,CAAGGACTTTACCT-1,8-9,0.0,0.0,0.2374218,True,0.06994591280817986
146,AACCTTTGATGACC-1,4-5,0.0,0.0,0.47806674,True,0.06971239484846592
9355,CTATCCCTTCTAGG-1,8-9,0.06666666666666667,0.0475902379018706,0.07887762,False,0.06928890850394964
4528,GTCAACGATCCCGT-1,4-5,0.13333333333333333,0.09125903642680894,0.36732706,False,0.06971081998199224
12275,TTAGTCTGAAGATG-1,8-9,0.06666666666666667,0.06077222973772036,0.45652583,False,0.0698189977556467
285,AAGGTGCTTGTTTC-1,4-5,0.0,0.0,0.35305247,True,0.06978905387222767
6589,AAGTTATGGCGAAG-1,8-9,0.06666666666666667,0.06077222973772036,0.16484986,False,0.0696232570335269
6213,TTTATCCTCCTTGC-1,4-5,0.0,0.0,0.43267226,True,0.06943000108003616
7999,ATTCCATGCGCAAT-1,8-9,0.3333333333333333,0.2917949763563228,0.3063658,False,0.06961759272962809
5213,TATGAATGAACTGC-1,4-5,0.26666666666666666,0.34279673678591077,0.15503322,False,0.06949490122497082
11272,TACGGAACCTGGAT-1,8-9,0.26666666666666666,0.32148975451310113,0.16792442,False,0.06948252022266388
4631,GTGCAAACACGTGT-1,4-5,0.06666666666666667,0.046105120275897894,0.17369513,False,0.06935885362327099
7054,ACTCAGGAATGTGC-1,8-9,0.0,0.0,0.48891944,True,0.06961513124406338
741,ACGTCGCTTATTCC-1,4-5,0.06666666666666667,0.05135849223864361,0.23200138,False,0.06985690724104643
9931,GAGTAAGAACCAAC-1,8-9,0.26666666666666666,0.3090767366583144,0.11021422,False,0.06965578626841307
1019,AGCATTCTGCGAGA-1,4-5,0.06666666666666667,0.0475902379018706,0.2510953,False,0.0693290363997221
6913,ACGAGTACAAAGTG-1,8-9,0.13333333333333333,0.13424962064154208,0.3078937,False,0.06939220428466797
4785,TAACAATGTACTTC-1,4-5,0.4,0.4284567075578184,0.25716895,False,0.06982762087136507
8939,CGACCTTGTGACAC-1,8-9,0.06666666666666667,0.049317124049935504,0.20453766,False,0.0698529276996851
2126,CAGCTCACACACAC-1,4-5,0.26666666666666666,0.31058901034876346,0.38407424,False,0.06971562094986439
11324,TAGAATACAATCGC-1,8-9,0.0,0.0,0.44616762,True,0.06982408743351698
5424,TCCCTACTACAGCT-1,4-5,0.0,0.0,0.58728087,True,0.07019375450909138
11938,TGAGGACTCTGTTT-1,8-9,0.06666666666666667,0.07347739090382172,0.096487366,False,0.06968883518129587
441,ACAATTGAAGTCAC-1,4-5,0.0,0.0,0.05757525,True,0.07003665436059237
8552,CATTAGCTAGTCTG-1,8-9,0.26666666666666666,0.3204648802796802,0.11880023,False,0.06999110896140337
4203,GGATACTGTGTTCT-1,4-5,0.06666666666666667,0.049317124049935504,0.032741588,False,0.06960837263613939
11127,TAACATGAGGTTCA-1,8-9,0.06666666666666667,0.17060921827860476,0.23086481,False,0.06998443137854338
5796,TGGAACACGCTGAT-1,4-5,0.0,0.0,0.19198723,True,0.06966338399797678
6877,ACCTCCGATCCAGA-1,8-9,0.13333333333333333,0.14217434856550396,0.1329389,False,0.06939853355288506
6220,TTTATCCTTCAGTG-1,4-5,0.13333333333333333,0.13912582516207192,0.10318932,False,0.06935537327080965
6968,ACGGAGGACATTTC-1,8-9,0.0,0.0,0.15427367,True,0.06949653662741184
364,AATCTCACTGAGCT-1,4-5,0.13333333333333333,0.1314097294152003,0.24191567,False,0.06934437807649374
9294,CTACTCCTGATAAG-1,8-9,0.2,0.16012821093503904,0.1830665,False,0.06974691618233919
5905,TGTAGTCTGGTACT-1,4-5,0.0,0.0,0.6165373,True,0.06970432493835688
9633,GAAAGCCTTAGAGA-1,8-9,0.06666666666666667,0.17060921827860476,0.076513596,False,0.06966022960841656
5223,TATGGGACCAATCG-1,4-5,0.0,0.0,0.5203378,True,0.06964111328125
7217,AGAGATGAGTTGAC-1,8-9,0.06666666666666667,0.17060921827860476,0.06700357,False,0.06954373884946108
632,ACGACCCTTCATTC-1,4-5,0.06666666666666667,0.053821216022769555,0.36174464,False,0.06955616641789675
8875,CCTCTACTGCAAGG-1,8-9,0.13333333333333333,0.09616892409257823,0.07529198,False,0.07017222978174686
4776,TAAATCGACTGATG-1,4-5,0.0,0.0,0.16698195,True,0.06978027243167162
11296,TACTACTGCACCAA-1,8-9,0.2,0.20143430461277528,0.3892326,False,0.06976317428052425
5071,TAGGCTGAGAATAG-1,4-5,0.0,0.0,0.6457374,True,0.06973069813102484
10988,GTGCTAGAAGAGTA-1,8-9,0.4,0.4295490810167188,0.4375923,False,0.07013658341020346
1080,AGCTCGCTAGTCTG-1,4-5,0.2,0.17415300719240084,0.1666161,False,0.06981310434639454
8496,CATCATACGTTTCT-1,8-9,0.06666666666666667,0.0475902379018706,0.55768776,False,0.06921519991010427
6229,TTTCCAGAGAGAGC-1,4-5,0.26666666666666666,0.2912091767370167,0.026693583,False,0.0695311538875103
9905,GAGGATCTTTTGTC-1,8-9,0.06666666666666667,0.049317124049935504,0.015578806,False,0.0698633324354887
2892,CGTTATACTCCTGC-1,4-5,0.13333333333333333,0.0974900145477079,0.18459046,False,0.06923676561564207
11731,TCCTAATGATCGGT-1,8-9,0.06666666666666667,0.046105120275897894,0.26511776,False,0.0696589918807149
6118,TTCGTATGAGCATC-1,4-5,0.06666666666666667,0.0475902379018706,0.4853329,False,0.07026789989322424
10521,GGAGCGCTTTCCGC-1,8-9,0.0,0.0,0.4238862,True,0.0697157196700573
3731,GATTCTACATCTCT-1,4-5,0.13333333333333333,0.1502947366151903,0.128762,False,0.06988243851810694
7205,AGACTTCTTCTCTA-1,8-9,0.06666666666666667,0.17060921827860476,0.5220272,False,0.06959492340683937
620,ACGAACACTTCCGC-1,4-5,0.13333333333333333,0.09401079680829481,0.16858277,False,0.06972878891974688
11828,TCTCAAACGTCGTA-1,8-9,0.2,0.1939575687401225,0.03742656,False,0.06860327627509832
4694,GTTACTACAAGGGC-1,4-5,0.06666666666666667,0.0475902379018706,0.22303313,False,0.06975172180682421
10514,GGAGCAGAGAGATA-1-1,8-9,0.0,0.0,0.2211223,True,0.06995938066393137
1408,ATAGCGTGGACAAA-1,4-5,0.26666666666666666,0.39653947308190024,0.11807648,False,0.06953202839940786
12490,TTGTCATGGGTGGA-1,8-9,0.06666666666666667,0.06077222973772036,0.5135012,False,0.06994816288352013
3736,GATTCTACGTTACG-1,4-5,0.2,0.2740337525859763,0.3870199,False,0.07014434691518545
9982,GATACTCTGTGTCA-1,8-9,0.3333333333333333,0.2677112870327301,0.43914866,False,0.06964015681296587
3709,GATGCAACGCTACA-1,4-5,0.0,0.0,0.031192966,True,0.06955949403345585
9373,CTATTGTGCATTCT-1,8-9,0.0,0.0,0.08934751,True,0.06952579505741596
3802,GCACCTACACTTTC-1,4-5,0.06666666666666667,0.10764243204553911,0.06171021,False,0.06958653312176466
10971,GTGATTCTTGCCAA-1,8-9,0.0,0.0,0.9813393,True,0.06961027160286903
4326,GGGCCAACATTCTC-1,4-5,0.0,0.0,0.71826005,True,0.06947363633662462
12206,TGTTACACAACGTC-1,8-9,0.0,0.0,0.16469249,True,0.06949819717556238
4500,GTAGTGTGCTAGTG-1,4-5,0.0,0.0,0.37296304,True,0.06967284344136715
8024,ATTGAATGCGTTGA-1,8-9,0.3333333333333333,0.32567435324123734,0.29552642,False,0.06933853588998318
3216,CTTAGACTTCACCC-1,4-5,0.06666666666666667,0.06077222973772036,0.072091855,False,0.06976133864372969
9311,CTAGGCCTCGGAGA-1,8-9,0.06666666666666667,0.10764243204553911,0.24654505,False,0.06936741434037685
1421,ATAGGCTGATTGGC-1,4-5,0.2,0.1939575687401225,0.90574086,False,0.06955242995172739
10989,GTGCTAGAAGCTCA-1,8-9,0.2,0.2740337525859763,0.11645974,False,0.06891940720379353
270,AAGGCTTGGATACC-1,4-5,0.13333333333333333,0.2313814480163251,0.4126909,False,0.0698286835104227
9547,CTTACAACGATAGA-1,8-9,0.13333333333333333,0.1303471303300233,0.08662228,False,0.06924552470445633
4651,GTGGAGGATTTACC-1,4-5,0.2,0.2349410389721304,0.13889956,False,0.06965203117579222
8711,CCCAAAGACAGAAA-1,8-9,0.13333333333333333,0.22443043430137433,0.262705,False,0.06951870862394571
1254,AGTATCCTTAGAGA-1,4-5,0.2,0.2934796127359752,0.2760077,False,0.0694448184221983
9125,CGGATAACTTCACT-1,8-9,0.6666666666666666,0.6981046915562615,0.20299374,False,0.06981036998331547
4842,TAAGGGCTTTCGTT-1,4-5,0.0,0.0,0.49448463,True,0.06938602216541767
9264,CTAAGGACACGCAT-1,8-9,0.06666666666666667,0.17060921827860476,0.04969064,False,0.06972115393728018
6206,TTTAGCTGGCCTTC-1,4-5,0.13333333333333333,0.11359089293303952,0.05392065,False,0.06972277443856001
12488,TTGTCATGCTTACT-1,8-9,0.3333333333333333,0.2922197042922977,0.5928939,False,0.06980295665562153
3640,GATACTCTGGAAGC-1,4-5,0.06666666666666667,0.04481043185393461,0.32588148,False,0.06971953995525837
9378,CTCAATTGTGCTCC-1,8-9,0.06666666666666667,0.05135849223864361,0.24007967,False,0.06969659589231014
1187,AGGTCATGCACTTT-1,4-5,0.06666666666666667,0.043668798524938345,0.15260814,False,0.06939045898616314
10972,GTGCAAACACCAGT-1,8-9,0.26666666666666666,0.2023557875687153,0.020446438,False,0.06943969801068306
4044,GCGTATGATCGCCT-1,4-5,0.0,0.0,0.30127913,True,0.06869581062346697
10979,GTGCCACTATTTCC-1,8-9,0.2,0.16204944768761476,0.5443087,False,0.06923662684857845
2585,CCTTCACTATGCCA-1,4-5,0.13333333333333333,0.13424962064154208,0.01451087,False,0.06932451855391264
8317,CACTCCGATACAGC-1,8-9,0.06666666666666667,0.05686973942620158,0.04046543,False,0.06959137041121721
2387,CCATAGGACCGATA-1,4-5,0.2,0.3052309514678426,0.1719178,False,0.06932368967682123
7968,ATTAAGACGACACT-1,8-9,0.26666666666666666,0.33555860345028793,0.7543853,False,0.06972210109233856
1450,ATCAACCTGAAGGC-1,4-5,0.13333333333333333,0.1524528638994737,0.27485067,False,0.06933976896107197
7524,AGTACTCTTTTGGG-1,8-9,0.0,0.0,0.64776134,True,0.06935549713671207
407,AATTACGACAGAAA-1,4-5,0.0,0.0,0.6472385,True,0.06939477194100618
10256,GCCGACGACCAACA-1,8-9,0.0,0.0,0.22260103,True,0.06943587865680456
5641,TGACTGGACACTTT-1,4-5,0.4,0.38768269732943744,0.2873429,False,0.06964002642780542
8504,CATCCCGATGAACC-1,8-9,0.13333333333333333,0.15131123057047743,0.113320895,False,0.07004062086343765
821,ACTGTTACTCGCCT-1,4-5,0.13333333333333333,0.1044410282626587,0.27182645,False,0.07000116538256407
10490,GGACCTCTTGTGCA-1,8-9,0.4666666666666667,0.581244696362168,0.3518028,False,0.06938940566033125
1242,AGTAGGCTGGACGA-1,4-5,0.0,0.0,0.43772948,True,0.06971950829029083
8455,CAGTTTACGCTACA-1,8-9,0.26666666666666666,0.27614114731293665,0.038951725,False,0.06999637838453054
2706,CGCACGGACAAGCT-1,4-5,0.13333333333333333,0.1303471303300233,0.2856717,False,0.06962873786687851
11587,TCACATACGCGATT-1,8-9,0.06666666666666667,0.046105120275897894,0.18673107,False,0.0692122159525752
2036,CACGCTACTTGCAG-1,4-5,0.06666666666666667,0.049317124049935504,0.28861985,False,0.06963680684566498
6633,AATCCTACGTGCAT-1,8-9,0.06666666666666667,0.10764243204553911,0.22063187,False,0.06907456181943417
4705,GTTAGTCTACCGAT-1,4-5,0.2,0.27578892654001796,0.3599841,False,0.06968229170888662
7740,ATATACGATGTAGC-1,8-9,0.2,0.2680728307931463,0.3513593,False,0.06943477876484394
5193,TATCCTGATCGTTT-1,4-5,0.06666666666666667,0.049317124049935504,0.19091614,False,0.06983404699712992
8388,CAGCCTTGTACTTC-1,8-9,0.26666666666666666,0.25576524149854346,0.028837085,False,0.06968275643885136
4940,TACGGCCTTCTCTA-1,4-5,0.2,0.1450802524495785,0.11585962,False,0.06995859835296869
6998,ACGTCAGACCCTCA-1,8-9,0.2,0.2888970410363611,0.17387277,False,0.06973618920892477
6099,TTCCAAACTTCTGT-1,4-5,0.0,0.0,0.80452144,True,0.06986273638904095
6903,ACGACCCTACTCTT-1,8-9,0.4666666666666667,0.5461204513274733,0.18675761,False,0.06957865227013826
355,AATCGGTGGTATGC-1,4-5,0.26666666666666666,0.29471071588240033,0.7223388,False,0.06989833991974592
12119,TGGTCAGAATGACC-1,8-9,0.13333333333333333,0.1929470411848415,0.1657289,False,0.0697467215359211
1051,AGCGATACTCGACA-1,4-5,0.06666666666666667,0.10764243204553911,0.30614537,False,0.070157322101295
7825,ATCTACACTCGCCT-1,8-9,0.26666666666666666,0.2764239692070461,0.016745456,False,0.06958976853638887
4508,GTATCACTAGAAGT-1,4-5,0.0,0.0,0.12328631,True,0.06916786916553974
10674,GGGCACACGTGTTG-1,8-9,0.2,0.29958262594284546,0.9059353,False,0.0693576019257307
5700,TGATTCTGCACTGA-1,4-5,0.06666666666666667,0.0475902379018706,0.038535804,False,0.06930419709533453
11678,TCCACTCTTTAGGC-1,8-9,0.13333333333333333,0.21992634232854028,0.20338762,False,0.06942221708595753
5543,TCTAACTGCTATGG-1,4-5,0.13333333333333333,0.15374755232143703,0.34564197,False,0.06967859156429768
6577,AAGTCCGACGACTA-1,8-9,0.0,0.0,0.2196917,True,0.06961709447205067
5647,TGACTTACTGCCTC-1,4-5,0.13333333333333333,0.09992633629866744,0.062845625,False,0.069799629971385
6712,ACAAGCACAGAATG-1,8-9,0.06666666666666667,0.0475902379018706,0.3633598,False,0.06961014587432146
4033,GCGTACCTGCATCA-1,4-5,0.0,0.0,0.0859975,True,0.06996581982821226
7331,AGCGAACTACCTCC-1,8-9,0.06666666666666667,0.04481043185393461,0.32519388,False,0.06960954051464796
5902,TGTAGTCTAGCTAC-1,4-5,0.0,0.0,0.14902489,True,0.06991962622851133
10814,GTAGCCCTAGAACA-1,8-9,0.06666666666666667,0.043668798524938345,0.071204334,False,0.06943768914788961
1854,CAACGTGACTCAGA-1,4-5,0.06666666666666667,0.06077222973772036,0.45712006,False,0.06913057807832956
10601,GGCCGAACTCTTTG-1,8-9,0.06666666666666667,0.06600065503116892,0.16030414,False,0.06953219138085842
673,ACGCCGGAGTTGAC-1,4-5,0.0,0.0,0.12230473,True,0.06921993102878332
10932,GTCTAACTCCAGTA-1,8-9,0.4,0.3896545032285597,1.1691192,False,0.06975415255874395
3512,GAGAGGTGAACGTC-1,4-5,0.06666666666666667,0.05686973942620158,0.5771524,False,0.0695902407169342
9721,GAATGGCTAGAGAT-1,8-9,0.0,0.0,0.18132795,True,0.06954328995198011
66,AAATCATGGAGGCA-1,4-5,0.0,0.0,0.55084676,True,0.06974660884588957
10895,GTCCAAGACGAGTT-1,8-9,0.06666666666666667,0.049317124049935504,0.46442983,False,0.06962429732084274
2625,CGACCTACAAGTAG-1,4-5,0.06666666666666667,0.046105120275897894,0.00022177398,False,0.06935402192175388
9529,CTGTGAGAATCTCT-1,8-9,0.06666666666666667,0.046105120275897894,0.66767025,False,0.06976314540952444
3318,GAAGAATGAACTGC-1,4-5,0.06666666666666667,0.08530460913930238,0.3407781,False,0.0691760228946805
9356,CTATGACTAGATCC-1,8-9,0.06666666666666667,0.06077222973772036,0.13670738,False,0.06993728131055832
5967,TTACAGCTTGTGGT-1,4-5,0.06666666666666667,0.04481043185393461,0.050271098,False,0.06945747043937445
6782,ACATCACTAAGTGA-1,8-9,0.3333333333333333,0.4193840613636237,0.8266124,False,0.06938979867845774
2489,CCGACTACTGAACC-1,4-5,0.13333333333333333,0.12106762880569233,0.12491673,False,0.06952044554054737
10488,GGACCTCTTGCCTC-1,8-9,0.06666666666666667,0.04481043185393461,0.19609778,False,0.07000870443880558
6090,TTCATTCTGCTACA-1,4-5,0.0,0.0,0.19804472,True,0.06991038285195827
12137,TGTAATGAAAAAGC-1,8-9,0.26666666666666666,0.2036504759906786,0.38403225,False,0.06992744468152523
4040,GCGTATGAATCACG-1,4-5,0.26666666666666666,0.3039902174067313,0.197522,False,0.06953980587422848
8978,CGAGGGCTGCGTTA-1,8-9,0.0,0.0,0.39720917,True,0.06952862162142992
293,AAGTCCGAGTATGC-1,4-5,0.06666666666666667,0.043668798524938345,0.002403006,False,0.06928052566945553
11532,TATGCGGAGGAGGT-1,8-9,0.0,0.0,0.14110649,True,0.06986725889146328
4102,GCTTGAGATTTACC-1,4-5,0.2,0.13882122866222943,0.18026829,False,0.06981344521045685
7135,ACTTTGTGCGTCTC-1,8-9,0.26666666666666666,0.3430353393229407,0.45529056,False,0.06923188362270594
2917,CTAACTACCTGAGT-1,4-5,0.13333333333333333,0.0919694286195867,0.3732075,False,0.06937823165208101
7747,ATATGCCTGTATCG-1-1,8-9,0.26666666666666666,0.2670102317079693,0.51790595,False,0.06944272667169571
871,AGAACGCTTGTTTC-1,4-5,0.3333333333333333,0.272301328522471,0.33356026,False,0.06970450188964605
12338,TTCATGACCTTGTT-1,8-9,0.06666666666666667,0.049317124049935504,0.8826807,False,0.0698257964104414
1144,AGGCAGGAGGGTGA-1,4-5,0.06666666666666667,0.043668798524938345,0.109290384,False,0.06955374591052532
6371,AACATATGTACTTC-1,8-9,0.2,0.1453489698050745,0.32701007,False,0.06948309019207954
5066,TAGGCATGTTACCT-1,4-5,0.06666666666666667,0.07347739090382172,0.019488111,False,0.06996908877044916
10094,GCAACCCTGCGGAA-1,8-9,0.13333333333333333,0.16841466178325945,0.6738842,False,0.06969928927719593
4748,GTTGAGTGTGTTCT-1,4-5,0.0,0.0,0.4403787,True,0.06995645072311163
11449,TAGTTAGATTTCAC-1,8-9,0.2,0.16717274908159022,0.4505414,False,0.06967631820589304
2111,CAGCATGAGATACC-1,4-5,0.0,0.0,0.96418035,True,0.06955893337726593
12152,TGTAGGTGTACTTC-1,8-9,0.06666666666666667,0.046105120275897894,0.29046154,False,0.06989950593560934
3528,GAGCAGGAACGGGA-1,4-5,0.13333333333333333,0.11764196916392194,0.39920616,False,0.06941365264356136
11680,TCCAGAGACAAGCT-1,8-9,0.06666666666666667,0.043668798524938345,0.58957744,False,0.06985296588391066
635,ACGAGGGAAGAACA-1,4-5,0.0,0.0,0.47880805,True,0.07005628198385239
9606,CTTTCAGACGATAC-1,8-9,0.2,0.32939121832172885,0.6808307,False,0.06939305737614632
240,AAGCAAGAGTTCTT-1,4-5,0.06666666666666667,0.06077222973772036,0.24651998,False,0.06943630985915661
9276,CTACCTCTTACAGC-1,8-9,0.13333333333333333,0.21671433855450267,0.41569006,False,0.06964982859790325
1177,AGGGTTTGGGACTT-1,4-5,0.06666666666666667,0.05686973942620158,0.3094387,False,0.06991458684206009
9676,GAAGCGGACTAAGC-1,8-9,0.13333333333333333,0.10558266159165496,0.46023571,False,0.07016185112297535
5507,TCGCACTGTTCATC-1,4-5,0.13333333333333333,0.13947804593499064,0.9905001,False,0.06968396157026291
12353,TTCCAAACACGGAG-1,8-9,0.13333333333333333,0.11008935378765586,0.7095574,False,0.06969813443720341
2045,CACTAACTTCACGA-1,4-5,0.06666666666666667,0.053821216022769555,0.12033406,False,0.06994142848998308
7994,ATTCAGCTTACTGG-1,8-9,0.2,0.29790782520519604,0.3288868,False,0.07010581623762846
5457,TCCTATGATCGTAG-1,4-5,0.06666666666666667,0.05686973942620158,0.019380093,False,0.07004943396896124
11916,TGACTTACCGCCTT-1,8-9,0.3333333333333333,0.39898639482401704,0.34736413,False,0.06923988368362188
1649,ATGTCGGAGGGATG-1-1,4-5,0.0,0.0,0.28043315,True,0.0696884784847498
10833,GTAGTCGATCTCCG-1,8-9,0.2,0.2954451014210701,0.026229419,False,0.07012534979730844
4351,GGGTTATGGTCCTC-1,4-5,0.13333333333333333,0.1929470411848415,0.2304911,False,0.06941075250506401
11244,TACGAGTGGCGTAT-1,8-9,0.2,0.1852309454379698,0.033850133,False,0.06949190516024828
4680,GTGTGATGCTTGTT-1,4-5,0.0,0.0,0.08626771,True,0.06947195064276457
11761,TCGAGAACTCGCAA-1,8-9,0.06666666666666667,0.05135849223864361,0.08524071,False,0.06994001008570194
1734,ATTGATGATGACCA-1,4-5,0.0,0.0,0.12489423,True,0.06950240768492222
8784,CCCTCAGATCCGAA-1,8-9,0.06666666666666667,0.07347739090382172,0.2750944,False,0.06992321647703648
5350,TCAGTTACGAAACA-1,4-5,0.0,0.0,0.13268761,True,0.07009218819439411
10724,GGTAGTACTTCCGC-1,8-9,0.13333333333333333,0.11210577530706682,0.072559215,False,0.06919874902814627
5097,TAGGTTCTTAGCGT-1,4-5,0.06666666666666667,0.08530460913930238,0.25959477,False,0.06908653676509857
10335,GCGCGATGGAAGGC-1,8-9,0.4,0.39768557558449985,0.4857615,False,0.06984845828264952
396,AATGTAACCAAAGA-1,4-5,0.06666666666666667,0.04481043185393461,0.21382177,False,0.06923650205135345
8811,CCGCTATGACACGT-1,8-9,0.06666666666666667,0.10764243204553911,0.42500073,False,0.06964131630957127
529,ACCACAGATAACGC-1,4-5,0.2,0.15619447406355377,0.10024819,False,0.06972656957805157
8200,CAATTCACACTCTT-1,8-9,0.4,0.31840940428588077,0.30307475,False,0.06998153496533632
1949,CACAACGAAACGGG-1,4-5,0.06666666666666667,0.046105120275897894,0.36820644,False,0.06972019374370575
12214,TTAACCACTCTGGA-1,8-9,0.0,0.0,0.0641958,True,0.06978643871843815
3389,GACACTGACTTATC-1,4-5,0.06666666666666667,0.17060921827860476,0.30167606,False,0.069701187312603
8547,CATGTTTGTGGCAT-1,8-9,0.13333333333333333,0.12729860692659126,0.089600906,False,0.06967866141349077
3349,GAAGTAGAACGTAC-1,4-5,0.0,0.0,0.10738767,True,0.06968993972986937
11580,TCAATCACAGATCC-1,8-9,0.0,0.0,0.2901771,True,0.0695995045825839
3547,GAGCGCACTAAGGA-1,4-5,0.0,0.0,0.77211994,True,0.07002888154238462
6466,AACTGTCTGCGAGA-1,8-9,0.2,0.204887120319022,0.41929483,False,0.06995324417948723
2784,CGGATATGCGGAGA-1,4-5,0.13333333333333333,0.11612969547347292,0.13244157,False,0.06939248368144035
10870,GTCAACGAAGCCTA-1,8-9,0.4666666666666667,0.4070217822298778,0.0062834155,False,0.06943306513130665
464,ACACGAACCAGTTG-1,4-5,0.26666666666666666,0.33242508711983215,0.012002509,False,0.06953548081219196
6397,AACCGCCTTGGTCA-1,8-9,0.06666666666666667,0.053821216022769555,0.68691117,False,0.06946940533816814
1046,AGCGATACCCGTTC-1,4-5,0.0,0.0,0.33742025,True,0.06957509182393551
8072,ATTTCCGATCAAGC-1,8-9,0.06666666666666667,0.07347739090382172,0.17297669,False,0.0694720670580864
2535,CCTATAACCTGCTC-1,4-5,0.0,0.0,0.24128455,True,0.06945230811834335
7648,ATAACCCTACACCA-1,8-9,0.13333333333333333,0.22747895770480633,0.05581592,False,0.06963922828435898
640,ACGAGTACACTACG-1,4-5,0.0,0.0,1.1708963,True,0.0690331943333149
11690,TCCATCCTTGTGAC-1,8-9,0.06666666666666667,0.04481043185393461,0.08497098,False,0.06899645086377859
5453,TCCTAATGTTGAGC-1,4-5,0.13333333333333333,0.27825165032414384,0.09443736,False,0.06922658532857895
8293,CACTAACTGATGAA-1,8-9,0.0,0.0,0.007993005,True,0.06953690573573112
5407,TCCCAGACGCGTAT-1,4-5,0.13333333333333333,0.14217434856550396,0.087019324,False,0.06950602028518915
6655,AATGATACTGACCA-1,8-9,0.0,0.0,0.70422286,True,0.06952147372066975
3554,GAGCTCCTAGTACC-1,4-5,0.0,0.0,0.73134434,True,0.06967304460704327
10082,GATTTGCTGGTACT-1,8-9,0.2,0.2882511874425267,0.26810646,False,0.06965912785381079
1066,AGCGGCACTGGTGT-1-1,4-5,0.26666666666666666,0.22797422321517039,0.048048258,False,0.06921041663736105
12060,TGGAACTGGGACGA-1,8-9,0.4666666666666667,0.5655149878151686,0.119599104,False,0.06943393778055906
4665,GTGTAGTGAGAATG-1,4-5,0.06666666666666667,0.053821216022769555,0.2974983,False,0.06995439529418945
12000,TGCACGCTTAGTCG-1,8-9,0.2,0.16850468166740368,0.08164073,False,0.06944707687944174
2212,CATATAGAAAGAAC-1,4-5,0.13333333333333333,0.22747895770480633,0.24390496,False,0.06931332591921091
9943,GAGTCAACACCATG-1,8-9,0.06666666666666667,0.07347739090382172,0.06966139,False,0.06929612904787064
5536,TCGTTATGGTTGCA-1-1,4-5,0.06666666666666667,0.05135849223864361,0.36121875,False,0.06962149124592543
10152,GCAGATACGCTGTA-1,8-9,0.0,0.0,0.0632049,True,0.06971410196274519
3610,GAGTACACATCGTG-1,4-5,0.13333333333333333,0.22747895770480633,0.4075012,False,0.06968408543616533
8043,ATTGCTTGTTCACT-1,8-9,0.06666666666666667,0.04265230456965119,0.4876093,False,0.06980118714272976
3397,GACAGGGATATCGG-1,4-5,0.13333333333333333,0.12729860692659126,0.41643444,False,0.06971520185470581
6439,AACGTTCTAGCTCA-1,8-9,0.13333333333333333,0.10517970826141315,0.38356405,False,0.06990694720298052
1059,AGCGCCGATCTCTA-1,4-5,0.0,0.0,0.43233645,True,0.06973338220268488
10628,GGCTAATGCTAGCA-1,8-9,0.0,0.0,0.09800559,True,0.06946621369570494
2298,CATTTCGAGTTCAG-1,4-5,0.2,0.21106696635291064,0.3250468,False,0.06965774390846491
11766,TCGATTTGAGATCC-1,8-9,0.0,0.0,0.5877325,True,0.06936070136725903
4495,GTAGTGTGAACGGG-1,4-5,0.06666666666666667,0.04265230456965119,0.33596888,False,0.06930383015424013
9354,CTATCCCTCTGATG-1,8-9,0.06666666666666667,0.05135849223864361,0.23750168,False,0.06911734119057655
4857,TAATGATGCTTGCC-1,4-5,0.13333333333333333,0.10141145392464015,0.14439562,False,0.06945167575031519
10891,GTCATACTTTGCAG-1,8-9,0.2,0.17340372720248917,0.08967634,False,0.06937142368406057
1626,ATGGGTACCCGCTT-1,4-5,0.0,0.0,1.4807866,True,0.06940214242786169
6772,ACAGTTCTAGTGTC-1,8-9,0.2,0.16371993337534352,0.15591192,False,0.06954233534634113
4715,GTTATAGAATTTCC-1,4-5,0.06666666666666667,0.05135849223864361,0.7347021,False,0.06955506280064583
7357,AGCGGCTGCGCAAT-1,8-9,0.13333333333333333,0.10297485970209948,0.28629678,False,0.06964128464460373
4236,GGCCAGACAGACTC-1,4-5,0.26666666666666666,0.35282118936971324,0.22857271,False,0.06929952744394541
11870,TGAAGCACCTAAGC-1,8-9,0.06666666666666667,0.04481043185393461,0.5919695,False,0.0692972568795085
2164,CAGTCAGAAGTGTC-1,4-5,0.2,0.20004310180134433,0.20210405,False,0.06950805149972439
10037,GATCTACTCTGAAC-1,8-9,0.2,0.32306208217807847,0.96706176,False,0.06983349844813347
2224,CATCAGGACTTGTT-1,4-5,0.0,0.0,0.30098236,True,0.06939161568880081
12277,TTAGTCTGGCTTCC-1,8-9,0.06666666666666667,0.07347739090382172,0.20237531,False,0.06962410267442465
4942,TACGTACTCGGAGA-1,4-5,0.0,0.0,0.55155325,True,0.06953566148877144
8227,CACAGATGTGCTTT-1,8-9,0.2,0.2814203051637083,0.0505262,False,0.0697677107527852
4925,TACGCGCTGCCAAT-1,4-5,0.0,0.0,0.018416896,True,0.06995905470103025
6767,ACAGTGTGAGGGTG-1,8-9,0.2,0.18807083666431165,0.008242149,False,0.06963359098881483
6169,TTGCTAACCTTGGA-1,4-5,0.06666666666666667,0.049317124049935504,0.56937164,False,0.07003368344157934
12414,TTGAATGAGCTTAG-1,8-9,0.3333333333333333,0.3564113087305519,0.59451735,False,0.06981506384909153
5295,TCACCCGATCGTGA-1,4-5,0.0,0.0,0.1544376,True,0.0694044791162014
7394,AGCTTTACGCTGTA-1,8-9,0.06666666666666667,0.08530460913930238,0.09589379,False,0.06964561995118856
4261,GGCGCATGTATCTC-1,4-5,0.06666666666666667,0.0475902379018706,0.08586498,False,0.06945617776364088
7705,ATAGATTGCCTACC-1,8-9,0.06666666666666667,0.053821216022769555,0.29781127,False,0.0690528517588973
266,AAGGCTACGTTAGC-1,4-5,0.06666666666666667,0.10764243204553911,0.28802106,False,0.06972400564700365
7153,AGAACAGAATCTTC-1,8-9,0.0,0.0,0.24888143,True,0.06953552085906267
256,AAGCGACTTGGTAC-1,4-5,0.06666666666666667,0.0475902379018706,0.017156467,False,0.06984540726989508
8071,ATTTCCGATACTGG-1,8-9,0.0,0.0,0.09440926,True,0.06997399311512709
4410,GTAACGTGCTGACA-1,4-5,0.06666666666666667,0.08530460913930238,0.7612602,False,0.06917276605963707
9395,CTCAGGCTCACAAC-1,8-9,0.26666666666666666,0.27418162502784793,0.010547942,False,0.06875395867973566
5168,TATAGATGGATAAG-1,4-5,0.2,0.18428847778892526,0.5849975,False,0.06942268460988998
9247,CTAAACCTAGGTTC-1,8-9,0.2,0.16850468166740368,0.09995702,False,0.06922045163810253
4819,TAAGATTGATGGTC-1,4-5,0.06666666666666667,0.049317124049935504,0.7369757,False,0.06940788123756647
11868,TGAAGCACCGCTAA-1,8-9,0.26666666666666666,0.22428184838201068,0.6550188,False,0.06950314063578844
995,AGCAACACCTCGAA-1,4-5,0.13333333333333333,0.21541965013253936,0.12819436,False,0.06952355615794659
11318,TACTTGACGTTGGT-1-1,8-9,0.0,0.0,0.20004544,True,0.06901564914733171
503,ACAGTGTGGCTCCT-1,4-5,0.06666666666666667,0.05135849223864361,0.088573664,False,0.0702271880581975
9508,CTGGAAACGGTTTG-1,8-9,0.0,0.0,0.089061454,True,0.0694853849709034
2500,CCGCGAGATAAGGA-1,4-5,0.2,0.2701312622744575,0.16761315,False,0.06919114850461483
9507,CTGGAAACGAATCC-1,8-9,0.13333333333333333,0.24408660918242647,0.058436617,False,0.06987152434885502
3309,GAACGGGATTTGTC-1,4-5,0.0,0.0,0.14065185,True,0.06982082407921553
10769,GTAATAACACGTAC-1,8-9,0.2,0.19890146847234805,0.15658604,False,0.06957230530679226
2661,CGAGCCGACTGTGA-1,4-5,0.13333333333333333,0.1228703944573705,0.37153736,False,0.06949779111891985
11681,TCCAGAGACCACAA-1,8-9,0.26666666666666666,0.20378471196542436,0.5116785,False,0.07001764047890902
141,AACCTTACGCGTAT-1,4-5,0.06666666666666667,0.06077222973772036,0.10119256,False,0.06938640214502811
12397,TTCTGATGCAGATC-1,8-9,0.13333333333333333,0.11008935378765586,0.101225555,False,0.06922787614166737
174,AACGTTCTGCGGAA-1,4-5,0.06666666666666667,0.07347739090382172,0.18784387,False,0.06967554893344641
7309,AGCCGGACGAGAGC-1,8-9,0.13333333333333333,0.08847923037887294,0.14749424,False,0.06919990293681622
2924,CTAAGGTGCTTGTT-1,4-5,0.0,0.0,0.22041914,True,0.06921701319515705
12491,TTGTCATGGTACGT-1,8-9,0.06666666666666667,0.043668798524938345,0.58072156,False,0.06953749246895313
5898,TGTACTTGTTCATC-1,4-5,0.13333333333333333,0.1524528638994737,0.027089342,False,0.06947271525859833
11921,TGACTTACTCTGGA-1,8-9,0.0,0.0,0.6663869,True,0.06998230423778296
1756,ATTGCTACTTTACC-1,4-5,0.0,0.0,0.15664484,True,0.06901729293167591
8851,CCTACCGACTCGAA-1,8-9,0.13333333333333333,0.09412755590387012,0.3261702,False,0.06887699663639069
2248,CATGCCACTAACCG-1,4-5,0.0,0.0,0.5013823,True,0.0695186210796237
9523,CTGTAACTTCATTC-1,8-9,0.06666666666666667,0.08530460913930238,0.5203027,False,0.06993379071354866
4523,GTATTCACGAACCT-1,4-5,0.2,0.3275687743740794,0.009549439,False,0.06975104194134474
6524,AAGCGACTTGTGGT-1,8-9,0.5333333333333333,0.591088807841335,0.29053393,False,0.06945537123829126
4150,GGACCGTGGTGAGG-1,4-5,0.13333333333333333,0.1346217331892379,0.02052314,False,0.06938506104052067
9576,CTTCTAGATCGCCT-1,8-9,0.4,0.3715574190750461,0.6349738,False,0.06956314109265804
1498,ATCGACGATGTAGC-1,4-5,0.26666666666666666,0.20378471196542436,0.05201304,False,0.06953700911253691
10008,GATATTGAAGTCGT-1,8-9,0.0,0.0,0.16657412,True,0.07019731402397156
1365,ATACCACTACCTAG-1,4-5,0.13333333333333333,0.12106762880569233,0.47333872,False,0.06951997708529234
7612,AGTTCTTGTTTGTC-1,8-9,0.06666666666666667,0.049317124049935504,0.03720241,False,0.06953511666506529
1522,ATCGGAACCAGATC-1,4-5,0.13333333333333333,0.1552326699474097,0.15920146,False,0.06926257815212011
12371,TTCGAGGACATTCT-1,8-9,0.13333333333333333,0.0924006697558052,0.35394767,False,0.0695386752486229
4615,GTGAGGGAACCTGA-1,4-5,0.06666666666666667,0.053821216022769555,0.212214,False,0.06978415604680777
11751,TCGACCTGTTATCC-1,8-9,0.0,0.0,0.24405965,True,0.06934313755482435
5920,TGTATGCTGTTACG-1,4-5,0.3333333333333333,0.28174335382752447,0.30484325,False,0.0693989647552371
11151,TAAGAGGATAAGCC-1,8-9,0.13333333333333333,0.13912582516207192,0.276806,False,0.06959294620901346
4206,GGATAGCTTAGAGA-1,4-5,0.5333333333333333,0.5288544930674909,0.19252086,False,0.06947135087102652
7688,ATACGGACTAGAGA-1,8-9,0.3333333333333333,0.422453020400216,0.11022215,False,0.06973749212920666
4041,GCGTATGAGTTGGT-1,4-5,0.06666666666666667,0.08530460913930238,0.09100339,False,0.06950924452394247
12258,TTAGCTACTATGCG-1,8-9,0.06666666666666667,0.043668798524938345,0.4128248,False,0.0699642114341259
4166,GGAGACGATAAGCC-1,4-5,0.2,0.27053555457727224,0.76427174,False,0.06975758820772171
7402,AGGAACCTTTGGCA-1,8-9,0.13333333333333333,0.11714618942876005,0.3378196,False,0.06954271625727415
935,AGAGCGGACTGTCC-1,4-5,0.13333333333333333,0.22747895770480633,0.34816974,False,0.06971900258213282
6805,ACCACCTGTGGTTG-1,8-9,0.2,0.17829053171417622,0.64820874,False,0.06938430666923523
1984,CACATGGAACCAGT-1,4-5,0.13333333333333333,0.08977391880083624,0.079744115,False,0.06969033367931843
10931,GTCTAACTATTTCC-1,8-9,0.0,0.0,0.2748025,True,0.06956623774021864
3416,GACCAAACGATGAA-1,4-5,0.0,0.0,0.32877803,True,0.06949939485639334
11489,TATCACTGGCATAC-1,8-9,0.2,0.1867160630639425,0.058831096,False,0.06969061773270369
2163,CAGTCAGAACGGGA-1,4-5,0.06666666666666667,0.04481043185393461,0.16695353,False,0.06972767598927021
10506,GGAGACGAAAACAG-1,8-9,0.13333333333333333,0.13011504099323698,0.035930976,False,0.0697533218190074
1801,ATTTCTCTGGAGCA-1,4-5,0.06666666666666667,0.04265230456965119,0.143949,False,0.06873623095452785
10524,GGAGGCCTGAGCTT-1,8-9,0.0,0.0,0.2056089,True,0.06964298710227013
5979,TTACGTACTTGTCT-1,4-5,0.13333333333333333,0.1587820000431241,0.10640919,False,0.07010552566498518
8708,CCATTAACGAAGGC-1,8-9,0.0,0.0,0.18215993,True,0.07017200533300638
4243,GGCCGAACATTCTC-1,4-5,0.06666666666666667,0.10764243204553911,0.33490413,False,0.06980392523109913
7405,AGGACACTACAGCT-1,8-9,0.06666666666666667,0.05686973942620158,0.6554879,False,0.06973442435264587
2283,CATTGGGAAGTGTC-1,4-5,0.0,0.0,0.22281334,True,0.06951374094933271
10193,GCATGATGGTCCTC-1,8-9,0.06666666666666667,0.05135849223864361,0.343478,False,0.06913951970636845
231,AAGATTACTAGTCG-1,4-5,0.26666666666666666,0.3202456481114328,0.2050172,False,0.06950830575078726
7064,ACTCCTCTCCTCCA-1,8-9,0.06666666666666667,0.053821216022769555,0.47531527,False,0.0694553293287754
1458,ATCACTACACCGAT-1,4-5,0.0,0.0,0.35013044,True,0.07015592325478792
9570,CTTCATGACTTTAC-1,8-9,0.2,0.16523220706579256,0.21269003,False,0.0693748714402318
5173,TATAGCCTACTACG-1,4-5,0.0,0.0,0.18793014,True,0.06953198742121458
9068,CGCGATCTCTCGCT-1,8-9,0.2,0.16069856603638782,0.051740736,False,0.06943339854478836
1815,CAAACTCTTGCCAA-1,4-5,0.06666666666666667,0.06077222973772036,0.14855248,False,0.06921044271439314
11558,TATTTCCTCGACTA-1,8-9,0.3333333333333333,0.32252908948294395,0.28695315,False,0.06896740105003119
5156,TATACAGACATGAC-1,4-5,0.13333333333333333,0.1569595560954746,0.3315025,False,0.06968115363270044
9917,GAGGGTGACTAGCA-1,8-9,0.2,0.1781313770075329,0.36523455,False,0.06940337177366018
664,ACGCACCTTCTCCG-1,4-5,0.0,0.0,0.047916237,True,0.06937314104288816
10981,GTGCCACTCCCTCA-1,8-9,0.13333333333333333,0.12729860692659126,0.062481917,False,0.06976148020476103
4952,TACGTTACGCAGAG-1,4-5,0.0,0.0,0.0004668422,True,0.06944314483553171
11096,TAAACAACCAATCG-1,8-9,0.2,0.1777052788951076,0.12007039,False,0.06936479080468416
3106,CTGAATCTAGCGTT-1,4-5,0.0,0.0,0.1437601,True,0.06931957881897688
7328,AGCCTCTGACAGTC-1,8-9,0.0,0.0,0.040475436,True,0.06975255254656076
2823,CGGTACCTGTCGAT-1,4-5,0.0,0.0,0.011318233,True,0.06940708868205547
11310,TACTGGGATAGTCG-1,8-9,0.0,0.0,0.6734648,True,0.06974846590310335
5614,TGACACGAGTGCAT-1,4-5,0.26666666666666666,0.2709127220194881,0.24063116,False,0.06894582137465477
6539,AAGGCTTGACGACT-1,8-9,0.2,0.21014049228176773,0.29627293,False,0.07011025119572878
4389,GGTCAAACTTCCCG-1,4-5,0.06666666666666667,0.06600065503116892,0.21669537,False,0.06967668980360031
9474,CTGAGAACCTTGTT-1,8-9,0.0,0.0,0.108778,True,0.06965636555105448
690,ACGCTCACTTTGGG-1,4-5,0.2,0.24053727908671207,0.08474366,False,0.06938976608216763
8648,CCAGATGACGTAAC-1,8-9,0.06666666666666667,0.17060921827860476,0.047296673,False,0.06960155721753836
3934,GCCCATACCTAGTG-1,4-5,0.13333333333333333,0.21326152284825595,0.27843878,False,0.06987434346228838
11825,TCTATGTGCCACAA-1,8-9,0.0,0.0,0.10276939,True,0.06882782466709614
4064,GCTATACTGCATCA-1,4-5,0.0,0.0,0.010357499,True,0.07008052337914705
12024,TGCGAAACCTCTTA-1,8-9,0.13333333333333333,0.1552326699474097,0.61572975,False,0.06974484585225582
3880,GCATTGGACGCCTT-1,4-5,0.0,0.0,0.3595873,True,0.06982797477394342
9155,CGGTACCTATCGAC-1,8-9,0.13333333333333333,0.22443043430137433,0.4101349,False,0.06937627028673887
911,AGACTGACAAGGGC-1,4-5,0.26666666666666666,0.25773073018363835,0.38827813,False,0.06986226048320532
7513,AGTAAGGACTTAGG-1,8-9,0.0,0.0,0.19466205,True,0.0696636913344264
330,AATAGGGACATTCT-1,4-5,0.06666666666666667,0.046105120275897894,0.6840301,False,0.06978542637079954
11305,TACTCTGACACACA-1,8-9,0.0,0.0,0.28277454,True,0.069627377204597
4559,GTCCACTGCCATAG-1,4-5,0.06666666666666667,0.04265230456965119,0.17107916,False,0.06997222453355789
6413,AACCTTTGTGTAGC-1,8-9,0.06666666666666667,0.10764243204553911,0.07023096,False,0.06959441117942333
3398,GACAGGGATCACGA-1,4-5,0.0,0.0,0.45334303,True,0.07005493994802237
12378,TTCGGAGATCTTAC-1,8-9,0.06666666666666667,0.07347739090382172,0.28270578,False,0.06952622998505831
2584,CCTTCACTAGCACT-1,4-5,0.26666666666666666,0.2227478000858285,0.24680668,False,0.0694721071049571
10383,GCTACGCTATCTCT-1,8-9,0.4,0.362939049873397,0.40520972,False,0.06960404478013515
4148,GGACCGTGCTCATT-1,4-5,0.06666666666666667,0.17060921827860476,0.19090265,False,0.06986834947019815
10962,GTGATCGAGGTACT-1,8-9,0.0,0.0,0.6355789,True,0.06952312681823969
736,ACGTCCTGAACGGG-1,4-5,0.06666666666666667,0.05686973942620158,0.34475172,False,0.06966523453593254
12147,TGTAATGATGCTAG-1,8-9,0.13333333333333333,0.1228703944573705,0.5290096,False,0.06981300376355648
320,AATAAGCTGGTAGG-1,4-5,0.2,0.15229198375203498,0.061621193,False,0.06982748582959175
8061,ATTGTCTGTGCATG-1-1,8-9,0.06666666666666667,0.06600065503116892,0.2783004,False,0.06977832689881325
1419,ATAGGAGATGAAGA-1,4-5,0.2,0.16216957912374716,0.13906474,False,0.06949408259242773
9419,CTCCGAACCTGTCC-1,8-9,0.13333333333333333,0.21541965013253936,0.058240473,False,0.06930313818156719
5691,TGATTAGAGTTGTG-1,4-5,0.26666666666666666,0.2315264949178771,0.10577412,False,0.06959509663283825
11826,TCTCAAACAAGGCG-1,8-9,0.0,0.0,0.13198683,True,0.06953223049640656
4676,GTGTCAGAGCTAAC-1,4-5,0.0,0.0,0.42566022,True,0.06959683541208506
9806,GACGCCGATTGCGA-1,8-9,0.0,0.0,0.68376875,True,0.06943539623171091
4821,TAAGATTGTCGTTT-1,4-5,0.0,0.0,0.13656285,True,0.06948967464268208
9753,GACAGTTGCATGCA-1,8-9,0.2,0.3127835668441087,0.086250104,False,0.06946402974426746
4839,TAAGGGCTGGCGAA-1,4-5,0.0,0.0,0.104356915,True,0.06883878353983164
11534,TATGCGGATAGAGA-1,8-9,0.06666666666666667,0.07347739090382172,0.16414382,False,0.06940515898168087
1429,ATAGTTGAAAGTGA-1,4-5,0.26666666666666666,0.2439900947929588,0.12807463,False,0.06975827924907207
8189,CAATCGGACTTACT-1,8-9,0.0,0.0,0.17017788,True,0.06970784906297922
4896,TACCGGCTCCTACC-1,4-5,0.26666666666666666,0.3039902174067313,0.18606077,False,0.06915546208620071
12262,TTAGGGACATTTCC-1,8-9,0.0,0.0,0.26813853,True,0.06958159524947405
2845,CGTCAAGAAGCCTA-1,4-5,0.4,0.3240060689703094,0.09087169,False,0.06941412761807442
11022,GTTAAAACAGAGGC-1,8-9,0.06666666666666667,0.0475902379018706,0.084525764,False,0.06962476018816233
642,ACGAGTACCCTCGT-1,4-5,0.26666666666666666,0.2766428934481047,0.5153888,False,0.06958193704485893
9341,CTATCAACAACCTG-1,8-9,0.0,0.0,0.35673004,True,0.06959963403642178
1272,AGTCTTACCCTCAC-1,4-5,0.06666666666666667,0.05135849223864361,0.7471002,False,0.06953574065119028
10432,GCTTGAGAAAGTGA-1,8-9,0.06666666666666667,0.06600065503116892,0.6406535,False,0.06974238529801369
3805,GCACCTACTTCCGC-1,4-5,0.2,0.17609000881882478,0.54275185,False,0.06971611361950636
10536,GGATACTGTGTGAC-1,8-9,0.06666666666666667,0.05686973942620158,0.26312357,False,0.06960911024361849
2694,CGATCAGAAAACGA-1,4-5,0.06666666666666667,0.04481043185393461,0.28237063,False,0.06966017372906208
9798,GACGATTGAACTGC-1,8-9,0.06666666666666667,0.10764243204553911,0.60035884,False,0.07014222163707018
2852,CGTCCAACGAGGAC-1,4-5,0.13333333333333333,0.08632110309458953,0.612609,False,0.0689364867284894
10463,GGACAACTACGGAG-1,8-9,0.26666666666666666,0.273375445803614,0.15338679,False,0.06963349133729935
5608,TGAATAACGTCTGA-1,4-5,0.06666666666666667,0.06600065503116892,0.48931426,False,0.06943929940462112
11073,GTTCATACCCATAG-1,8-9,0.13333333333333333,0.15374755232143703,0.046503033,False,0.06927615124732256
2364,CCAGACCTACACCA-1,4-5,0.0,0.0,0.24196905,True,0.06942634470760822
6387,AACCAGTGCGTAGT-1,8-9,0.06666666666666667,0.17060921827860476,0.23021415,False,0.06940799299627542
158,AACGCATGAGAACA-1,4-5,0.3333333333333333,0.39898639482401704,0.27226093,False,0.06962295435369015
7663,ATAATGACGGGATG-1,8-9,0.06666666666666667,0.06077222973772036,0.012001887,False,0.0696799848228693
941,AGAGCGGATGGATC-1,4-5,0.0,0.0,0.36057666,True,0.06938828062266111
10575,GGCACTCTAGGTTC-1,8-9,0.6,0.6514838701368395,0.06639704,False,0.06957022845745087
2337,CCACCTGACCGTAA-1,4-5,0.06666666666666667,0.046105120275897894,0.13655761,False,0.0694036902859807
6965,ACGGAGGAAGAGGC-1,8-9,0.06666666666666667,0.06077222973772036,0.13918683,False,0.0692374985665083
5112,TAGTATGACGCCTT-1,4-5,0.0,0.0,0.13831255,True,0.06949568726122379
8918,CGAAGTACTGCTAG-1,8-9,0.0,0.0,0.5175801,True,0.06916932389140129
2170,CAGTGTGATTTCGT-1,4-5,0.0,0.0,0.09370145,True,0.06965566519647837
7804,ATCGCAGAGTTGGT-1,8-9,0.0,0.0,0.26720074,True,0.06962312664836645
2176,CAGTTTACAAGAGT-1,4-5,0.2,0.2761918798702597,0.27070892,False,0.06965823844075203
11947,TGAGTCGACGTGAT-1,8-9,0.0,0.0,0.350061,True,0.06961879413574934
713,ACGGGAGATCAGTG-1,4-5,0.06666666666666667,0.05686973942620158,0.8447368,False,0.07010840531438589
10780,GTACCCTGAACGAA-1,8-9,0.0,0.0,0.06899294,True,0.06948457472026348
4795,TAACATGACCAACA-1,4-5,0.26666666666666666,0.3496692707740814,0.005951117,False,0.06997405737638474
7783,ATCCATACGTCGTA-1,8-9,0.3333333333333333,0.38472470803494746,0.4767067,False,0.0696014491841197
778,ACTAGGTGGCTCCT-1,4-5,0.26666666666666666,0.34106985063784584,0.58671844,False,0.06999467592686415
12102,TGGGTATGGGATCT-1,8-9,0.13333333333333333,0.1645121714717407,0.48050398,False,0.06965790782123804
577,ACCCGTACACGGAG-1,4-5,0.0,0.0,0.06513049,True,0.07004552520811558
10554,GGATTGTGTGGTGT-1,8-9,0.0,0.0,0.44020846,True,0.06988954357802868
4253,GGCGACTGGGTACT-1,4-5,0.0,0.0,0.2793318,True,0.06975954957306385
7522,AGTAATTGGTTCGA-1,8-9,0.13333333333333333,0.09401079680829481,0.17988889,False,0.06953152548521757
2131,CAGCTCTGAGCATC-1,4-5,0.06666666666666667,0.05135849223864361,0.7218871,False,0.06961923278868198
11526,TATCTTCTGGAAGC-1,8-9,0.2,0.32939121832172885,0.3367936,False,0.069970584474504
4021,GCGGCAACTCTCAT-1,4-5,0.13333333333333333,0.21819945618047537,0.036245752,False,0.06930361222475767
8127,CAAGACACACCAGT-1,8-9,0.06666666666666667,0.046105120275897894,0.22522372,False,0.06930258590728045
1325,AGTTTGCTCCACAA-1,4-5,0.13333333333333333,0.21326152284825595,0.28868797,False,0.06922224257141352
12290,TTATGGCTACGTGT-1-1,8-9,0.0,0.0,0.5321244,True,0.06944143492728472
5269,TCAAGGTGAGCGTT-1,4-5,0.06666666666666667,0.17060921827860476,0.1366114,False,0.06932851672172546
8005,ATTCGACTCTCGCT-1,8-9,0.13333333333333333,0.13011504099323698,0.05450987,False,0.06941268313676119
1501,ATCGAGTGTCGTAG-1,4-5,0.06666666666666667,0.06600065503116892,0.044726267,False,0.0693518752232194
7415,AGGACTTGGGACTT-1,8-9,0.13333333333333333,0.10966945355610726,0.33111358,False,0.06958421599119902
1903,CAAGGTTGTGCCTC-1,4-5,0.13333333333333333,0.2313814480163251,0.054937646,False,0.06868140771985054
10179,GCAGTCCTTTGTCT-1,8-9,0.06666666666666667,0.04481043185393461,0.29822233,False,0.06957060750573874
1743,ATTGCACTTGGCAT-1,4-5,0.2,0.29958262594284546,0.74019825,False,0.0696183005347848
12370,TTCCTAGAGTGCTA-1,8-9,0.06666666666666667,0.04481043185393461,0.09314726,False,0.06988731306046247
5210,TATCTGACGCGATT-1-1,4-5,0.13333333333333333,0.136663101377946,0.15110505,False,0.06921631935983896
9426,CTCCTACTTCTTTG-1,8-9,0.06666666666666667,0.05686973942620158,0.04630947,False,0.0694092670455575
4972,TACTACTGGGTGAG-1,4-5,0.2,0.15972095987823456,0.059391275,False,0.06905003730207682
8703,CCATTAACAAACAG-1,8-9,0.0,0.0,0.2560232,True,0.06959953438490629
1625,ATGGGTACCCCTAC-1,4-5,0.06666666666666667,0.08530460913930238,0.18808526,False,0.06984826643019915
12380,TTCGTATGCTCTAT-1,8-9,0.13333333333333333,0.1044410282626587,0.15136187,False,0.07001691218465567
2502,CCGCTATGAGTCTG-1,4-5,0.13333333333333333,0.22747895770480633,0.7025268,False,0.06999550759792328
6675,AATGTCCTGTTAGC-1,8-9,0.13333333333333333,0.09746361251454151,0.36763597,False,0.0700113708153367
5534,TCGTTATGGCTACA-1-1,4-5,0.0,0.0,0.7687669,True,0.06943627912551165
8895,CCTTCACTAGCCTA-1,8-9,0.06666666666666667,0.053821216022769555,0.42006695,False,0.06973073445260525
5251,TATTGCTGCAGATC-1-1,4-5,0.13333333333333333,0.11213072197636398,0.39500394,False,0.06965708639472723
9312,CTAGGCCTCTAGAC-1,8-9,0.06666666666666667,0.05686973942620158,0.16187087,False,0.06956019345670938
940,AGAGCGGATCCAAG-1,4-5,0.0,0.0,0.90436226,True,0.06924402806907892
11840,TCTGATACTGTTCT-1,8-9,0.06666666666666667,0.04481043185393461,0.28130743,False,0.0696678003296256
3770,GCAACCCTCAGGAG-1,4-5,0.13333333333333333,0.1513052641704713,0.022975832,False,0.06906357128173113
11663,TCATTCGATCCCAC-1-1,8-9,0.2,0.3320728663469134,0.26369867,False,0.06980872247368097
4912,TACGAGTGGATACC-1,4-5,0.0,0.0,0.35747927,True,0.06931742001324892
6810,ACCACGCTGTGAGG-1-1,8-9,0.26666666666666666,0.3345197880890302,0.22879133,False,0.06898488197475672
348,AATCCGGATAGACC-1,4-5,0.0,0.0,0.11176735,True,0.06968334969133139
11198,TAATGTGAAATGCC-1,8-9,0.4666666666666667,0.5967296635762054,0.36359254,False,0.06986293476074934
2009,CACCGTTGTCCGTC-1,4-5,0.4,0.3580131854520999,0.28642213,False,0.06961589865386486
10707,GGGTTATGGATAAG-1,8-9,0.2,0.17829053171417622,0.012654949,False,0.06946492753922939
589,ACCGAAACCTGTAG-1,4-5,0.06666666666666667,0.08530460913930238,0.20246577,False,0.06951955892145634
9360,CTATGTACGACGGA-1,8-9,0.06666666666666667,0.04265230456965119,0.27335227,False,0.06960265338420868
1975,CACAGTGAAAAGTG-1,4-5,0.0,0.0,0.24338341,True,0.06959444470703602
12189,TGTGATCTCAATCG-1,8-9,0.2,0.21014049228176773,0.08699831,False,0.06918308325111866
559,ACCATTTGCTCCCA-1,4-5,0.0,0.0,0.13422376,True,0.07018059398978949
11112,TAAATCGAGGTAGG-1,8-9,0.06666666666666667,0.07347739090382172,0.3657446,False,0.06975966971367598
2155,CAGGTATGGACAGG-1,4-5,0.0,0.0,0.25102222,True,0.0686882995069027
10118,GCACACCTGTCTTT-1,8-9,0.26666666666666666,0.24531268863820904,0.59631896,False,0.06934486795216799
1749,ATTGCTACAGCAAA-1,4-5,0.13333333333333333,0.21326152284825595,0.05957645,False,0.06936010252684355
9503,CTGCGACTTGCCTC-1-1,8-9,0.2,0.1777052788951076,0.6977403,False,0.06944560632109642
1604,ATGCGATGGCTAAC-1,4-5,0.06666666666666667,0.10764243204553911,0.2328197,False,0.06963056046515703
9124,CGGATAACTGTCCC-1,8-9,0.06666666666666667,0.049317124049935504,0.57902575,False,0.06946704257279634
4659,GTGTACGACAGCTA-1,4-5,0.0,0.0,0.26506612,True,0.06951821688562632
6657,AATGCGTGCATGAC-1,8-9,0.26666666666666666,0.4096613797393442,0.28608364,False,0.06969903875142336
4394,GGTGATACGAGAGC-1,4-5,0.0,0.0,0.1777168,True,0.06921390350908041
11882,TGACACGAGTCTGA-1,8-9,0.26666666666666666,0.2437059339262765,0.06748679,False,0.06941976211965084
2690,CGATAGACCGTTGA-1,4-5,0.06666666666666667,0.17060921827860476,0.28054538,False,0.06872767768800259
12163,TGTATCTGTGCCAA-1,8-9,0.0,0.0,0.71637493,True,0.06920618005096912
2743,CGCGAGACCGACTA-1,4-5,0.13333333333333333,0.11735914726981254,0.04637602,False,0.06872181128710508
9624,GAAACCTGGCGAAG-1,8-9,0.13333333333333333,0.1267728847688893,0.049586624,False,0.06958299782127142
754,ACGTTGGACATCAG-1,4-5,0.06666666666666667,0.17060921827860476,0.059380196,False,0.06959421001374722
6502,AAGCACTGTGTAGC-1,8-9,0.13333333333333333,0.1346217331892379,0.4567309,False,0.06954635679721832
2361,CCAGAAACTCGATG-1,4-5,0.13333333333333333,0.11714618942876005,0.832055,False,0.06966039165854454
10691,GGGTAACTACCAGT-1,8-9,0.2,0.21322509363719408,0.12560828,False,0.06934668961912394
2119,CAGCGGACTCTCTA-1,4-5,0.13333333333333333,0.12795691370895357,0.2107891,False,0.06922384444624186
6418,AACGCATGGTGTAC-1,8-9,0.06666666666666667,0.0475902379018706,0.3836324,False,0.06962055526673794
604,ACCTCGTGAAAAGC-1,4-5,0.06666666666666667,0.06077222973772036,0.061787035,False,0.06951757986098528
10131,GCACCTTGCCTACC-1,8-9,0.06666666666666667,0.07347739090382172,0.2601031,False,0.06930788978934288
1006,AGCACAACCCTTCG-1,4-5,0.06666666666666667,0.10764243204553911,0.013446137,False,0.06922650244086981
12522,TTTCCAGATGAAGA-1,8-9,0.06666666666666667,0.04481043185393461,0.50408316,False,0.0692767333239317
3079,CTCGCATGAAGGGC-1,4-5,0.0,0.0,0.682966,True,0.06926526501774788
8818,CCGCTATGTGGTCA-1,8-9,0.4,0.4996778131546053,0.2532463,False,0.06953911297023296
6210,TTTATCCTAGGCGA-1,4-5,0.2,0.2120834603081978,0.022242203,False,0.0695566488429904
10693,GGGTAACTAGAGAT-1,8-9,0.13333333333333333,0.1645121714717407,0.011670005,False,0.06902272813022137
5068,TAGGCATGTTGTGG-1,4-5,0.0,0.0,0.1297468,True,0.06934372894465923
8177,CAATAATGATGTCG-1,8-9,0.13333333333333333,0.17364308707670803,0.34888303,False,0.06999988108873367
1934,CAATGGACAGAGTA-1,4-5,0.2,0.17656364556611132,0.17155208,False,0.06950897816568613
9318,CTAGTTACCTTGCC-1,8-9,0.0,0.0,0.11738246,True,0.06968385074287653
1863,CAACTTTGTCGACA-1,4-5,0.2,0.1622348157493708,0.08848996,False,0.06980694085359573
8049,ATTGGGTGTCCTCG-1,8-9,0.13333333333333333,0.14217434856550396,0.33719558,False,0.06906092911958694
2146,CAGGGCACCACTCC-1,4-5,0.5333333333333333,0.6540316007285085,0.6079777,False,0.06945919804275036
11879,TGACACGAGGCGAA-1,8-9,0.3333333333333333,0.29629906832915687,0.7936044,False,0.06947484705597162
4494,GTAGTGACTCTCTA-1,4-5,0.3333333333333333,0.37354114197650035,0.19430444,False,0.07000583596527576
9326,CTATAAGACGGAGA-1,8-9,0.2,0.15478302654601517,0.04198177,False,0.0693847443908453
3716,GATGCCCTGACGGA-1,4-5,0.0,0.0,0.14574414,True,0.06941462308168411
7845,ATCTTGACCGGGAA-1,8-9,0.06666666666666667,0.0475902379018706,0.5663899,False,0.06914573907852173
4583,GTCGACCTTGCAAC-1,4-5,0.0,0.0,0.20000318,True,0.06929476279765368
8653,CCAGCGGAACGACT-1,8-9,0.0,0.0,0.023689464,True,0.06958537269383669
1425,ATAGTCCTACCTAG-1,4-5,0.0,0.0,0.011820272,True,0.06965084094554186
8371,CAGATCGACATACG-1,8-9,0.26666666666666666,0.32815457399338543,0.18721662,False,0.06925508566200733
5200,TATCGTACGCGGAA-1,4-5,0.0,0.0,0.12629902,True,0.0695505877956748
8023,ATTGAATGCCTGTC-1,8-9,0.0,0.0,0.2921665,True,0.06955634988844395
3039,CTCAGCACGGCGAA-1,4-5,0.06666666666666667,0.10764243204553911,0.08343374,False,0.06978072505444288
9012,CGCACTACTATCTC-1,8-9,0.2,0.16523220706579256,0.23785329,False,0.06942103710025549
10,AAACCGTGGTTGGT-1,4-5,0.06666666666666667,0.06600065503116892,0.19784465,False,0.06952080130577087
11230,TACCGCTGATGCTG-1,8-9,0.13333333333333333,0.12483588314246533,0.12076999,False,0.06949780136346817
2527,CCTACCGACATGGT-1,4-5,0.13333333333333333,0.1082282316648452,0.10786258,False,0.06957418099045753
9436,CTCGACTGCCGTAA-1,8-9,0.0,0.0,0.009082422,True,0.06913809757679701
4297,GGGAAGTGGGGCAA-1,4-5,0.2,0.19218195915292063,0.5338236,False,0.06907931249588728
8567,CATTGTTGCGAACT-1,8-9,0.13333333333333333,0.09894873014051422,0.21817137,False,0.06920103635638952
2943,CTACCTCTCACCAA-1,4-5,0.13333333333333333,0.132894847041173,0.08036733,False,0.0697217108681798
7443,AGGCTAACTGGTGT-1,8-9,0.0,0.0,0.41412824,True,0.06922953389585018
3527,GAGATGCTTCTCCG-1,4-5,0.06666666666666667,0.08530460913930238,0.107093535,False,0.06935180444270372
11168,TAAGGGCTCATCAG-1,8-9,0.0,0.0,0.17508008,True,0.07025246322154999
891,AGAATTTGTGCCTC-1,4-5,0.06666666666666667,0.04265230456965119,0.094224975,False,0.06964383088052273
9043,CGCCATACGTGCTA-1,8-9,0.0,0.0,0.11938336,True,0.07007650658488274
3661,GATATCCTCCCTAC-1,4-5,0.13333333333333333,0.09502729076358196,0.12313121,False,0.06913922540843487
10235,GCCATCACTAACGC-1,8-9,0.06666666666666667,0.06600065503116892,0.20481087,False,0.06919553503394127
448,ACACAGACCACTCC-1,4-5,0.06666666666666667,0.046105120275897894,0.046117783,False,0.06914101913571358
10454,GGAATCTGCTCAGA-1,8-9,0.3333333333333333,0.4057694894189826,0.12077098,False,0.06935328617691994
1715,ATTCGGGACTACCC-1,4-5,0.2,0.19149147261543945,0.29670846,False,0.06961350608617067
7025,ACGTTGGAATCTTC-1,8-9,0.13333333333333333,0.08632110309458953,0.05680245,False,0.06923007592558861
5164,TATACCACTTCATC-1,4-5,0.4666666666666667,0.37917867853608933,0.4078981,False,0.06910003162920475
11045,GTTATAGAAGGGTG-1,8-9,0.0,0.0,0.5900576,True,0.06977657321840525
3066,CTCCTACTTTCCGC-1,4-5,0.0,0.0,0.18769783,True,0.06963019073009491
10363,GCGTAATGCTTACT-1,8-9,0.0,0.0,0.17122328,True,0.06977085396647453
2239,CATCTCCTGGTAAA-1,4-5,0.06666666666666667,0.0475902379018706,0.124672584,False,0.06956107262521982
9221,CGTGTAGAAACCAC-1,8-9,0.13333333333333333,0.12729860692659126,0.5174278,False,0.06941272597759962
4587,GTCTAACTAGCCAT-1,4-5,0.06666666666666667,0.043668798524938345,0.04902634,False,0.06947508174926043
12199,TGTGGATGTTTGTC-1,8-9,0.3333333333333333,0.4180975110802676,0.7886404,False,0.06967596523463726
3228,CTTCACCTTCTGGA-1,4-5,0.26666666666666666,0.18174334742042295,0.28621352,False,0.0698400354012847
11643,TCATCAACTCTCTA-1,8-9,0.06666666666666667,0.17060921827860476,0.24290362,False,0.069735256023705
4958,TACTAAGAAAACGA-1,4-5,0.13333333333333333,0.11612969547347292,0.04244131,False,0.06952115427702665
11282,TACTAAGAACGCAT-1-1,8-9,0.3333333333333333,0.42752205950615063,0.36419448,False,0.06904616020619869
2831,CGTAACGATCGATG-1,4-5,0.13333333333333333,0.18111982294936083,0.019677982,False,0.06957406084984541
10699,GGGTTAACACGCTA-1,8-9,0.13333333333333333,0.1569595560954746,0.16865543,False,0.07008794043213129
1285,AGTGCAACCATTTC-1,4-5,0.26666666666666666,0.2167292330057446,0.07032871,False,0.06917410250753164
9028,CGCAGGTGATGCTG-1,8-9,0.13333333333333333,0.11459344576048992,0.27486047,False,0.06918459013104439
3123,CTGAGAACTTGCAG-1,4-5,0.0,0.0,0.09067524,True,0.06944479420781136
7329,AGCCTCTGAGAGAT-1,8-9,0.26666666666666666,0.26947295549209527,0.3110942,False,0.06912246160209179
634,ACGAGGGAAAAAGC-1,4-5,0.06666666666666667,0.06077222973772036,0.32166424,False,0.06974672432988882
11014,GTGTCAGAAACAGA-1,8-9,0.0,0.0,0.061645728,True,0.06936178263276815
5703,TGATTCTGTGCAAC-1,4-5,0.0,0.0,0.14032263,True,0.06951547414064407
8715,CCCAACACACCAGT-1,8-9,0.13333333333333333,0.10342453430737154,0.00917653,False,0.0700127687305212
1855,CAACGTGACTCCAC-1,4-5,0.0,0.0,0.01628676,True,0.0697930883616209
12216,TTACACACCAGAGG-1,8-9,0.06666666666666667,0.04481043185393461,0.20538107,False,0.06976142525672913
2251,CATGGATGAAGATG-1,4-5,0.0,0.0,0.011385493,True,0.06986424047499895
10593,GGCCCAGAATGTGC-1,8-9,0.13333333333333333,0.25591382741790714,0.37629545,False,0.06990595813840628
5093,TAGGTTCTGCCCTT-1,4-5,0.13333333333333333,0.12795691370895357,0.5447161,False,0.069836868904531
10789,GTACGAACGAAGGC-1,8-9,0.06666666666666667,0.053821216022769555,0.045254596,False,0.06948627810925245
1868,CAAGACACTGTGAC-1,4-5,0.0,0.0,0.13184723,True,0.06962301954627037
6501,AAGCACTGTAGAAG-1,8-9,0.06666666666666667,0.04265230456965119,0.57519734,False,0.06962037179619074
469,ACACGATGGAGGGT-1,4-5,0.13333333333333333,0.10297485970209948,0.058370076,False,0.06956266053020954
10875,GTCAATCTGTGTCA-1,8-9,0.0,0.0,0.028317675,True,0.06924562528729439
3330,GAAGCTACCAGAGG-1,4-5,0.2,0.3320728663469134,0.14538854,False,0.06979036889970303
12513,TTTCACGAGCGGAA-1,8-9,0.06666666666666667,0.0475902379018706,0.19542843,False,0.06951392255723476
4808,TAAGAACTAGATGA-1,4-5,0.0,0.0,0.7565719,True,0.06978349201381207
7386,AGCTGTGATTGTGG-1,8-9,0.2,0.2934796127359752,0.48975998,False,0.06927214376628399
4172,GGAGCAGAACCACA-1,4-5,0.06666666666666667,0.05686973942620158,0.25259474,False,0.06937496270984411
10035,GATCTACTAGTCAC-1,8-9,0.0,0.0,0.22825606,True,0.06962923426181078
1387,ATACGTCTACGGAG-1,4-5,0.06666666666666667,0.05135849223864361,0.24407633,False,0.06950783263891935
7916,ATGGACACACTGTG-1,8-9,0.0,0.0,0.0017977953,True,0.06933937594294548
6166,TTGCATTGTTAGGC-1,4-5,0.06666666666666667,0.06600065503116892,0.20900497,False,0.06889773532748222
11962,TGATCACTAGCCTA-1,8-9,0.0,0.0,0.1666474,True,0.06920687947422266
5860,TGGGTATGCTGAGT-1,4-5,0.0,0.0,0.20450337,True,0.0687827616930008
9625,GAAAGATGCGTTAG-1,8-9,0.06666666666666667,0.05686973942620158,0.38783166,False,0.0692112548276782
130,AACCCAGAGCTCCT-1,4-5,0.13333333333333333,0.23660987330977368,0.3680957,False,0.06939211580902338
11239,TACGACGATGACCA-1,8-9,0.4,0.39108342762526865,0.7237978,False,0.06965925171971321
3458,GACGCTCTACCTGA-1,4-5,0.5333333333333333,0.6409234862321654,0.11507755,False,0.06875974964350462
10245,GCCCAGGAGCTAAC-1,8-9,0.2,0.21600489968513006,0.054644085,False,0.06953784078359604
67,AAATCATGGCCTTC-1,4-5,0.06666666666666667,0.043668798524938345,1.053098,False,0.06934188865125179
9389,CTCAGCTGGTTTGG-1,8-9,0.0,0.0,0.2055845,True,0.06943633873015642
3041,CTCAGCTGCTGTTT-1,4-5,0.13333333333333333,0.22443043430137433,0.67299753,False,0.06956674251705408
8472,CATACTTGGATAAG-1,8-9,0.4666666666666667,0.4453557904395533,0.052282378,False,0.06949256733059883
972,AGATATACGTCACA-1,4-5,0.06666666666666667,0.06077222973772036,0.58040714,False,0.06909297127276659
8444,CAGTGTGAGCTTAG-1,8-9,0.0,0.0,0.26430342,True,0.06935467477887869
3596,GAGGTTACCGAGTT-1,4-5,0.13333333333333333,0.24408660918242647,0.09890045,False,0.06958878505975008
12027,TGCGATGAAGCGGA-1,8-9,0.26666666666666666,0.2551590062460772,0.37154338,False,0.06959733180701733
74,AAATCTGAGACGAG-1,4-5,0.13333333333333333,0.15374755232143703,0.6267595,False,0.06947221234440804
7940,ATGTACCTCAGCTA-1,8-9,0.26666666666666666,0.2139494269578086,0.37324482,False,0.06961293052881956
2336,CCACCTGAACTGGT-1,4-5,0.13333333333333333,0.22747895770480633,0.053886484,False,0.06901411060243845
11180,TAATCCACCTTCTA-1,8-9,0.2,0.3635562594634463,0.1976175,False,0.06979532726109028
1007,AGCACAACTCCTTA-1,4-5,0.13333333333333333,0.09992633629866744,0.27627015,False,0.06977198831737041
11092,GTTGTACTTTTCGT-1,8-9,0.13333333333333333,0.09024254247152179,0.3864967,False,0.06955968216061592
4709,GTTAGTCTCCTTGC-1,4-5,0.06666666666666667,0.04481043185393461,0.40421453,False,0.06976569723337889
11414,TAGTATGAAAGTGA-1,8-9,0.13333333333333333,0.10618686347613708,0.070127666,False,0.07005744613707066
5651,TGACTTTGCCTATT-1,4-5,0.06666666666666667,0.04481043185393461,0.26953483,False,0.06954496446996927
10540,GGATAGCTGTTGGT-1,8-9,0.3333333333333333,0.31275907659677693,0.8933503,False,0.06941394787281752
1214,AGGTTGTGGTCGTA-1,4-5,0.0,0.0,0.064872466,True,0.06939663179218769
9057,CGCCTAACGAGCAG-1,8-9,0.06666666666666667,0.06600065503116892,0.32143253,False,0.06960114277899265
5432,TCCGAAGAGTTCGA-1,4-5,0.13333333333333333,0.1228703944573705,0.027877256,False,0.06971087958663702
10740,GGTCTAGAAAGGGC-1,8-9,0.06666666666666667,0.17060921827860476,0.33684748,False,0.06986488588154316
4089,GCTCGACTTGGTAC-1,4-5,0.0,0.0,0.08817279,True,0.06962223257869482
11039,GTTAGGTGGTCAAC-1,8-9,0.06666666666666667,0.05135849223864361,0.24230681,False,0.06966083403676748
513,ACATACCTTTCGGA-1,4-5,0.2,0.21565173946932567,0.0009040348,False,0.06988046877086163
7404,AGGAATGACTGGTA-1,8-9,0.0,0.0,0.10723222,True,0.06955382786691189
2293,CATTGTTGGAAAGT-1,4-5,0.0,0.0,0.20075667,True,0.06942449510097504
7599,AGTTAAACAGGCGA-1,8-9,0.2,0.16001145183946372,0.28283662,False,0.06932958588004112
2620,CGACCACTATGTCG-1,4-5,0.0,0.0,0.2989577,True,0.06964939087629318
7115,ACTTCAACATCACG-1,8-9,0.2,0.2080991240930596,0.17772335,False,0.069688162766397
3497,GACTGAACTGCTTT-1,4-5,0.06666666666666667,0.06600065503116892,0.16254747,False,0.069404655136168
11303,TACTCCCTACCCTC-1,8-9,0.2,0.20831804833411824,0.2380487,False,0.069572395645082
5581,TCTTACGATAAGGA-1,4-5,0.0,0.0,0.34439284,True,0.06972931046038866
11584,TCACAACTGGACGA-1,8-9,0.06666666666666667,0.06077222973772036,0.013682485,False,0.06928620673716068
4013,GCGGACTGGCAGTT-1,4-5,0.2,0.17096740545152958,0.7814008,False,0.06929071247577667
8583,CCAAAGTGCAACTG-1-1,8-9,0.2,0.15375815231259418,0.22757027,False,0.06931401416659355
3459,GACGCTCTCCACCT-1,4-5,0.06666666666666667,0.0475902379018706,0.49100772,False,0.06847592256963253
12136,TGTAACCTGTATGC-1,8-9,0.06666666666666667,0.05686973942620158,0.19651975,False,0.06932173110544682
1510,ATCGCCACCATTTC-1,4-5,0.0,0.0,0.43408912,True,0.06951016653329134
9234,CGTTATACAACTGC-1,8-9,0.2,0.15377710137800768,0.09111355,False,0.06916637625545263
4240,GGCCCAGATAACCG-1,4-5,0.0,0.0,0.37483555,True,0.06949880626052618
9097,CGCTCATGTCAGGT-1,8-9,0.0,0.0,0.5325209,True,0.06883784849196672
3202,CTTAAGCTTCAGTG-1,4-5,0.0,0.0,0.5113972,True,0.06946161855012178
10819,GTAGCTGAAGGTCT-1,8-9,0.06666666666666667,0.05135849223864361,0.009530924,False,0.06912041734904051
839,ACTTGGGAGACTAC-1,4-5,0.0,0.0,0.0362081,True,0.06920377165079117
8991,CGATAGACGGTCTA-1,8-9,0.0,0.0,0.025345767,True,0.06933778338134289
3091,CTCTAATGTTGTGG-1,4-5,0.13333333333333333,0.22196771051724837,0.27169982,False,0.06956732738763094
10542,GGATGTACGCCATA-1,8-9,0.06666666666666667,0.043668798524938345,0.10422915,False,0.06939244363456964
2182,CATAAAACGACACT-1,4-5,0.26666666666666666,0.1843700983753919,0.13117316,False,0.06942909117788076
10059,GATTACCTCCTCCA-1,8-9,0.2,0.3072723196565508,0.21112621,False,0.06883687432855368
6068,TTCAGTACGGACTT-1,4-5,0.13333333333333333,0.22196771051724837,0.2883175,False,0.06900746375322342
6980,ACGGGAGAGTCACA-1,8-9,0.13333333333333333,0.11531777908110442,0.35906798,False,0.06899120006710291
4577,GTCGAATGAGAGAT-1,4-5,0.2,0.26257864689819144,0.038004033,False,0.06931011285632849
7372,AGCTGAACACCATG-1,8-9,0.0,0.0,0.17372052,True,0.06899353116750717
5586,TCTTGATGAACCTG-1,4-5,0.13333333333333333,0.10558266159165496,0.98493266,False,0.06897314637899399
7373,AGCTGAACATAAGG-1,8-9,0.06666666666666667,0.05686973942620158,0.08903055,False,0.06907550897449255
185,AACTCGGACATGAC-1,4-5,0.13333333333333333,0.16841466178325945,0.33609435,False,0.06947346404194832
10627,GGCTAATGATCACG-1,8-9,0.06666666666666667,0.043668798524938345,0.23155722,False,0.06961796060204506
3745,GATTGGACACTAGC-1,4-5,0.2,0.18558316621088855,0.36159942,False,0.06906997598707676
8249,CACCACTGGCAGAG-1,8-9,0.13333333333333333,0.24408660918242647,0.29354638,False,0.06946331821382046
4218,GGCAAGGAAGCATC-1,4-5,0.06666666666666667,0.06077222973772036,0.18570328,False,0.06943785678595304
6855,ACCGAAACTTTCAC-1,8-9,0.2,0.20143430461277528,0.2442525,False,0.06962362863123417
3454,GACGCCGAGTCACA-1,4-5,0.06666666666666667,0.08530460913930238,0.06169345,False,0.06968788988888264
7697,ATAGAACTGGTCAT-1,8-9,0.26666666666666666,0.3496692707740814,0.48709902,False,0.06958262342959642
115,AACAGCACAGGCGA-1,4-5,0.06666666666666667,0.046105120275897894,0.4910068,False,0.06910357903689146
10615,GGCGCATGGGCGAA-1,8-9,0.0,0.0,0.16667125,True,0.06993616186082363
3532,GAGCATACAAGTGA-1,4-5,0.13333333333333333,0.21326152284825595,0.09171024,False,0.06978883221745491
10290,GCGAAGGAACTCTT-1,8-9,0.0,0.0,0.26951283,True,0.06909907050430775
4704,GTTAGTCTACCCAA-1,4-5,0.26666666666666666,0.3082888136118379,0.22104363,False,0.06903447769582272
9799,GACGATTGAGCGTT-1,8-9,0.06666666666666667,0.06600065503116892,0.01961343,False,0.06951478496193886
5704,TGCAACGAAAGCCT-1,4-5,0.2,0.19855798417537163,0.44954592,False,0.06876708194613457
7631,AGTTTGCTCTCCAC-1,8-9,0.13333333333333333,0.14607683887702272,0.40732026,False,0.0688301082700491
1926,CAATATGATCCCGT-1,4-5,0.26666666666666666,0.26765051154444575,0.118066855,False,0.06918551586568356
10283,GCCTGACTACTCAG-1,8-9,0.0,0.0,0.18377632,True,0.06903703790158033
5009,TAGAATTGAGCCAT-1,4-5,0.0,0.0,0.2470476,True,0.06884243618696928
12195,TGTGGATGCTCTTA-1,8-9,0.0,0.0,0.018494211,True,0.06911683548241854
5882,TGGTATCTCCGTAA-1,4-5,0.06666666666666667,0.0475902379018706,0.17175686,False,0.06912515871226788
6692,AATTGTGACTCAAG-1,8-9,0.13333333333333333,0.11359089293303952,0.2777098,False,0.06914293486624956
2736,CGCCATTGTTCCCG-1,4-5,0.2,0.28273994025496874,0.50958085,False,0.0695101274177432
8974,CGAGGCACGGAAAT-1,8-9,0.2,0.2418920526870812,0.5201774,False,0.06923890020698309
5357,TCATCAACCACTTT-1,4-5,0.06666666666666667,0.07347739090382172,0.13815063,False,0.06955169513821602
6988,ACGGTATGGAGGGT-1,8-9,0.06666666666666667,0.04265230456965119,0.25705394,False,0.06970733124762774
4610,GTGACCCTCTCCAC-1,4-5,0.0,0.0,0.6554284,True,0.06934279296547174
10587,GGCCACGACTTCGC-1,8-9,0.2,0.1779184191664804,0.47404018,False,0.06915894336998463
1978,CACAGTGACTGATG-1,4-5,0.06666666666666667,0.08530460913930238,0.31631124,False,0.06966512929648161
12531,TTTCGAACTTCTCA-1,8-9,0.13333333333333333,0.16146364806830865,0.43277922,False,0.06943293940275908
2287,CATTGTACAATGCC-1,4-5,0.06666666666666667,0.08530460913930238,0.14282613,False,0.06959484238177538
10803,GTAGACTGCAAGCT-1,8-9,0.06666666666666667,0.049317124049935504,0.20696285,False,0.06937640905380249
4689,GTTAAATGCCGAAT-1,4-5,0.0,0.0,0.14400947,True,0.06933873519301414
8515,CATCTCCTTCTAGG-1,8-9,0.2,0.1363476627474197,0.13718495,False,0.06948506645858288
1472,ATCATGCTCGTAAC-1,4-5,0.06666666666666667,0.10764243204553911,0.11718223,False,0.06990400236099958
12428,TTGAGGTGGTGTAC-1,8-9,0.13333333333333333,0.23660987330977368,0.24647355,False,0.06951214745640755
630,ACGACCCTCCCACT-1,4-5,0.0,0.0,0.0412509,True,0.06954735144972801
9785,GACGAACTCCAATG-1,8-9,0.2,0.16290801698297502,0.04081785,False,0.06918427813798189
2550,CCTCGAACCATGAC-1,4-5,0.06666666666666667,0.06077222973772036,0.079943,False,0.0688273012638092
9989,GATAGCACCTGACA-1,8-9,0.0,0.0,0.5133691,True,0.06926894560456276
382,AATGCGTGCCACAA-1,4-5,0.06666666666666667,0.17060921827860476,0.029330663,False,0.0689751235768199
11601,TCACGAGACTCCAC-1-1,8-9,0.13333333333333333,0.13011504099323698,0.54933137,False,0.06905704643577337
3286,GAAAGTGATTCCCG-1,4-5,0.0,0.0,0.20635799,True,0.0693309847265482
10728,GGTATCGAGTTGAC-1,8-9,0.26666666666666666,0.2873066864254979,0.140538,False,0.07020602002739906
6004,TTAGGGTGATCGAC-1,4-5,0.26666666666666666,0.23529474925465013,0.24212357,False,0.06965254619717598
9595,CTTTACGATCGTAG-1,8-9,0.0,0.0,1.3680735,True,0.06967099197208881
3005,CTATCCCTCTACGA-1,4-5,0.06666666666666667,0.049317124049935504,0.5017127,False,0.06917420122772455
10711,GGTAAAGAGAGGAC-1,8-9,0.4,0.3914648927940472,0.22036599,False,0.06950937956571579
1826,CAAATATGCTCTAT-1,4-5,0.2,0.16913899510387398,0.1842482,False,0.06970051024109125
10205,GCCAAAACTACAGC-1,8-9,0.13333333333333333,0.10053853795113993,0.19040354,False,0.06941157672554255
6042,TTCAACACTGACAC-1,4-5,0.06666666666666667,0.046105120275897894,0.66792136,False,0.06933079473674297
8278,CACGATGAGCATAC-1-1,8-9,0.13333333333333333,0.09894873014051422,0.019187056,False,0.06946943793445826
3388,GACACTGACTTAGG-1,4-5,0.06666666666666667,0.06600065503116892,0.24215755,False,0.06959887780249119
7079,ACTCTCCTAACAGA-1,8-9,0.13333333333333333,0.09647352059242074,0.4567543,False,0.06982764694839716
5502,TCGCACACCGCTAA-1,4-5,0.06666666666666667,0.17060921827860476,0.1775475,False,0.06948949582874775
8099,CAACAGACACGTTG-1,8-9,0.06666666666666667,0.0475902379018706,0.24641868,False,0.06982807349413633
953,AGAGTCACGAAGGC-1,4-5,0.2,0.24226416523477698,0.65894455,False,0.0695122042670846
7412,AGGACTTGAGCGTT-1,8-9,0.13333333333333333,0.1587820000431241,0.13594756,False,0.06981121934950352
5023,TAGAGCACCTCGCT-1,4-5,0.5333333333333333,0.6242230083496252,0.022623539,False,0.06959147844463587
7846,ATCTTGACCTCCAC-1,8-9,0.0,0.0,0.028373018,True,0.06980633921921253
122,AACCACGAGCAAGG-1,4-5,0.0,0.0,0.09639251,True,0.06942778546363115
9193,CGTCCATGATGACC-1,8-9,0.06666666666666667,0.05686973942620158,0.17685673,False,0.06927785836160183
84,AAATTCGACTTGCC-1,4-5,0.06666666666666667,0.053821216022769555,0.23338944,False,0.06946470495313406
11477,TATACGCTTAACGC-1,8-9,0.0,0.0,0.34473446,True,0.06937773060053587
4833,TAAGCTCTTGCATG-1,4-5,0.0,0.0,0.09504477,True,0.06942742597311735
12002,TGCAGATGTCGTAG-1,8-9,0.06666666666666667,0.04265230456965119,0.24313612,False,0.06955302227288485
6009,TTAGGGTGTCCCAC-1,4-5,0.2,0.17609000881882478,0.60564685,False,0.06978966202586889
11202,TAATGTGAGTCTGA-1,8-9,0.13333333333333333,0.11069095544897115,0.01836346,False,0.06988593377172947
60,AAATCAACGGGACA-1,4-5,0.0,0.0,0.32948506,True,0.06942940130829811
12039,TGCTAGGAGCTTAG-1,8-9,0.2,0.22223587780602905,0.12738399,False,0.06911280937492847
2063,CACTGAGAGTTGCA-1,4-5,0.2,0.1530386635187798,0.19148186,False,0.06946109514683485
11705,TCCCGATGACTCTT-1,8-9,0.0,0.0,0.20703971,True,0.06981704942882061
2232,CATCGCTGACCCAA-1,4-5,0.06666666666666667,0.049317124049935504,0.1296536,False,0.06968226283788681
12005,TGCATGGAGCAGTT-1,8-9,0.0,0.0,0.110499054,True,0.06938136462122202
2952,CTACGGCTGGTGGA-1,4-5,0.13333333333333333,0.22196771051724837,0.080129,False,0.06877810321748257
7847,ATCTTGACGGAAGC-1,8-9,0.26666666666666666,0.22781074284456482,0.44952232,False,0.06976150069385767
1036,AGCCGTCTGGACTT-1,4-5,0.26666666666666666,0.31221025298877014,0.34263363,False,0.06908769067376852
6804,ACCACCTGTCCTCG-1,8-9,0.13333333333333333,0.1267728847688893,0.101907894,False,0.06938357930630445
5648,TGACTTACTTCCAT-1,4-5,0.13333333333333333,0.12795691370895357,0.19517803,False,0.06873508729040623
7398,AGGAAATGTGTCTT-1,8-9,0.06666666666666667,0.10764243204553911,0.7082032,False,0.06948657892644405
4546,GTCCAAGAAGCTCA-1,4-5,0.0,0.0,0.056275032,True,0.06917063146829605
10761,GTAACGTGCTTGCC-1,8-9,0.06666666666666667,0.06600065503116892,0.0176076,False,0.06947239860892296
4031,GCGTACCTAACAGA-1,4-5,0.13333333333333333,0.1587820000431241,0.07785644,False,0.06923269387334585
6433,AACGTCGATGGAGG-1,8-9,0.06666666666666667,0.043668798524938345,0.0006639585,False,0.06937088444828987
1307,AGTTCTACGAGACG-1,4-5,0.13333333333333333,0.21541965013253936,0.36368874,False,0.07004334777593613
10492,GGACGAGAGAAGGC-1,8-9,0.13333333333333333,0.1513052641704713,0.7894708,False,0.06962721142917871
4845,TAATCGCTATAAGG-1,4-5,0.06666666666666667,0.04481043185393461,0.02350685,False,0.0695123840123415
7132,ACTTGTACACACGT-1,8-9,0.13333333333333333,0.11982187105393848,0.19969946,False,0.06962563842535019
881,AGAATGGAATCTCT-1,4-5,0.0,0.0,0.075141564,True,0.06908386666327715
9072,CGCGATCTTCAGAC-1,8-9,0.4,0.37721508334060655,0.017188177,False,0.06955905258655548
5063,TAGGCAACCCTCCA-1,4-5,0.13333333333333333,0.09401079680829481,0.5969137,False,0.06898611318320036
9777,GACCCTACGTAGGG-1,8-9,0.2,0.2789716859181957,0.0757835,False,0.06962056178599596
1759,ATTGGGTGGATAAG-1,4-5,0.06666666666666667,0.05686973942620158,0.31308472,False,0.06908393930643797
9210,CGTGAATGAGATCC-1,8-9,0.2,0.15898657760604276,0.024174925,False,0.06960649136453867
4305,GGGACCACGCTGAT-1,4-5,0.06666666666666667,0.05686973942620158,0.13979168,False,0.06966240517795086
6674,AATGTAACTGTCTT-1,8-9,0.13333333333333333,0.09746361251454151,0.651468,False,0.06957651861011982
3806,GCACCTTGAACGAA-1,4-5,0.13333333333333333,0.1303471303300233,0.16877365,False,0.06965287867933512
11273,TACGGCCTGAACCT-1,8-9,0.2,0.15724575033014113,0.1017455,False,0.06956052035093307
3633,GAGTTGTGGTAAAG-1,4-5,0.13333333333333333,0.10141145392464015,0.25062704,False,0.06949895806610584
7600,AGTTAAACCCAAGT-1,8-9,0.0,0.0,0.13006671,True,0.06995192542672157
5982,TTACTCGATAAAGG-1,4-5,0.2,0.18807083666431165,0.28771204,False,0.06946050748229027
8185,CAATATGACTTCCG-1,8-9,0.0,0.0,0.72667223,True,0.06949244253337383
4123,GGAAGGTGGTTGCA-1,4-5,0.2,0.26603146260443816,0.07327377,False,0.06990175414830446
6911,ACGAGGGATCAGAC-1,8-9,0.13333333333333333,0.136663101377946,0.41545287,False,0.06888534873723984
5178,TATCAAGAGCGTTA-1,4-5,0.06666666666666667,0.049317124049935504,0.06982257,False,0.06924610212445259
8411,CAGGAACTTTCGTT-1,8-9,0.0,0.0,0.018397227,True,0.06937378738075495
650,ACGATTCTCTCAAG-1,4-5,0.13333333333333333,0.09992633629866744,0.105419874,False,0.06899809744209051
8525,CATGAGACTCTTTG-1,8-9,0.06666666666666667,0.046105120275897894,0.4005736,False,0.06913108751177788
5137,TAGTTCACGCAGTT-1,4-5,0.13333333333333333,0.1524528638994737,0.07953191,False,0.06957943178713322
7422,AGGATAGATACTCT-1,8-9,0.06666666666666667,0.05135849223864361,0.1654937,False,0.06982103828340769
4056,GCTACGCTTTTACC-1,4-5,0.2,0.2197731540219031,0.42050797,False,0.0692224744707346
10930,GTCTAACTATAAGG-1,8-9,0.13333333333333333,0.22443043430137433,0.383784,False,0.0698254769667983
494,ACAGTCGAGTGCTA-1,4-5,0.06666666666666667,0.04481043185393461,0.07295307,False,0.06961372122168541
11341,TAGAGAGAGCAGTT-1,8-9,0.13333333333333333,0.1929470411848415,0.50595456,False,0.06945562548935413
1757,ATTGCTTGGCTATG-1,4-5,0.0,0.0,0.026211675,True,0.0693833976984024
10219,GCCAACCTCGAATC-1,8-9,0.06666666666666667,0.0475902379018706,0.3137087,False,0.06931046769022942
768,ACTACGGAATGTCG-1,4-5,0.3333333333333333,0.3985834414937751,0.017692037,False,0.06911557167768478
11080,GTTGATCTGGATCT-1,8-9,0.26666666666666666,0.26662900965158187,0.36624622,False,0.06893436517566442
4581,GTCGACCTAACCTG-1,4-5,0.06666666666666667,0.05686973942620158,0.07519503,False,0.06914684642106295
10786,GTACCCTGTTACCT-1,8-9,0.13333333333333333,0.1228703944573705,0.093000576,False,0.06870241742581129
2738,CGCCGAGACTCCAC-1,4-5,0.4,0.4618174416922163,0.1819107,False,0.06949936971068382
6567,AAGTATACACCTGA-1,8-9,0.0,0.0,0.66534543,True,0.06959088612347841
6231,TTTCTACTGAAAGT-1,4-5,0.0,0.0,0.27146676,True,0.06966556329280138
9143,CGGCGATGGCTACA-1,8-9,0.26666666666666666,0.3472249492551315,0.2847125,False,0.06974736135452986
2385,CCAGTGCTTAAAGG-1,4-5,0.0,0.0,0.115059845,True,0.06967332027852535
10110,GCACAAACAACGTC-1,8-9,0.0,0.0,0.053454958,True,0.0696380278095603
229,AAGAGATGATCACG-1,4-5,0.13333333333333333,0.15374755232143703,0.2155773,False,0.06919333804398775
8045,ATTGGGTGAAGATG-1,8-9,0.0,0.0,0.18240401,True,0.06944053713232279
4178,GGAGCCACGGTACT-1,4-5,0.06666666666666667,0.08530460913930238,0.111222155,False,0.06964883115142584
12094,TGGATTCTGGTTAC-1,8-9,0.06666666666666667,0.17060921827860476,0.40144065,False,0.06960763409733772
5396,TCCATAACCCTTCG-1,4-5,0.26666666666666666,0.386904609924964,0.38230303,False,0.06949381157755852
6730,ACACAGACCCCTCA-1,8-9,0.2,0.16646331347869556,0.2203772,False,0.07006559334695339
2333,CCAATTTGAAAAGC-1,4-5,0.0,0.0,0.08433062,True,0.06951464433223009
12281,TTAGTCTGTCACGA-1,8-9,0.06666666666666667,0.17060921827860476,0.24730751,False,0.06950077414512634
2925,CTAATAGACTACTT-1,4-5,0.2,0.1859802254278815,0.34215024,False,0.06970454566180706
12194,TGTGGATGCAACTG-1,8-9,0.06666666666666667,0.053821216022769555,0.026954127,False,0.06937706843018532
6135,TTCTGATGTTGAGC-1,4-5,0.26666666666666666,0.412501270965686,0.13793395,False,0.06938012037426233
10244,GCCCAGGAGCGGAA-1,8-9,0.13333333333333333,0.09647352059242074,0.3390563,False,0.06865451112389565
3130,CTGAGCCTTGATGC-1,4-5,0.3333333333333333,0.2771576412682238,0.09645534,False,0.0690261609852314
11568,TCAAGTCTGCAAGG-1,8-9,0.0,0.0,0.4468499,True,0.06907355412840843
5667,TGAGGACTGGACGA-1,4-5,0.0,0.0,0.45505318,True,0.0688037546351552
9627,GAAAGATGGTACAC-1,8-9,0.13333333333333333,0.13947804593499064,0.31489623,False,0.0694398945197463
5061,TAGGCAACACTTTC-1,4-5,0.0,0.0,0.048571333,True,0.06949851755052805
11289,TACTACACGTTTGG-1,8-9,0.06666666666666667,0.049317124049935504,0.12730835,False,0.06968412268906832
1197,AGGTGGGAGGAACG-1,4-5,0.06666666666666667,0.046105120275897894,1.1169448,False,0.06993799284100533
12357,TTCCATGAAGAGAT-1,8-9,0.06666666666666667,0.07347739090382172,0.32824665,False,0.06931966356933117
4017,GCGGAGCTGTGTTG-1,4-5,0.0,0.0,0.37410563,True,0.06928535830229521
9701,GAAGTCTGGGGATG-1,8-9,0.2,0.1939575687401225,0.18131487,False,0.06973699666559696
5907,TGTAGTCTTTGCGA-1,4-5,0.06666666666666667,0.05686973942620158,0.21102774,False,0.06915909051895142
7817,ATCGTTTGGACGTT-1,8-9,0.13333333333333333,0.21326152284825595,0.32497555,False,0.06907186284661293
3790,GCACAATGTCTTCA-1,4-5,0.0,0.0,0.13365893,True,0.06929737515747547
8948,CGACTCTGCACTGA-1,8-9,0.0,0.0,0.053958874,True,0.06955331284552813
3386,GACAACTGGTACCA-1,4-5,0.06666666666666667,0.17060921827860476,0.4688844,False,0.06955152936279774
11954,TGATACCTAGGTTC-1,8-9,0.13333333333333333,0.24408660918242647,0.11375949,False,0.06945062708109617
4728,GTTATGCTTGCCAA-1,4-5,0.3333333333333333,0.42810134592521304,0.029122435,False,0.06883256137371063
10493,GGACGAGATGTCTT-1,8-9,0.0,0.0,0.005308658,True,0.06906368304044008
3866,GCAGTTGATGTGCA-1,4-5,0.06666666666666667,0.05686973942620158,0.14108217,False,0.0694528454914689
9288,CTACTATGTAGACC-1,8-9,0.0,0.0,0.20950162,True,0.06928242929279804
3260,CTTTAGTGTGTCCC-1,4-5,0.13333333333333333,0.1267728847688893,0.007691756,False,0.06920332089066505
8919,CGAATCGAACCCTC-1,8-9,0.06666666666666667,0.08530460913930238,0.4751268,False,0.06948453187942505
2104,CAGATGACTTGCTT-1,4-5,0.0,0.0,0.3388674,True,0.06978408340364695
6937,ACGCCACTCACAAC-1-1,8-9,0.13333333333333333,0.13011504099323698,0.12677135,False,0.06885908264666796
851,ACTTTGTGGTATCG-1,4-5,0.06666666666666667,0.046105120275897894,0.13936968,False,0.06932486221194267
6868,ACCTATTGCCCTCA-1,8-9,0.2,0.15056509760397008,0.3707114,False,0.0694368788972497
4251,GGCGACTGGCTTAG-1,4-5,0.06666666666666667,0.17060921827860476,0.5214282,False,0.06902844458818436
11103,TAAACAACTTTGGG-1,8-9,0.26666666666666666,0.38834100411179967,0.28746057,False,0.06921685487031937
2597,CGAAGACTTTCTTG-1,4-5,0.0,0.0,0.20914178,True,0.06949181761592627
10269,GCCGGAACTGCCAA-1,8-9,0.06666666666666667,0.17060921827860476,0.10051783,False,0.06938699632883072
3042,CTCAGCTGGAAGGC-1,4-5,0.13333333333333333,0.09298592257487384,0.24439019,False,0.06906702276319265
9597,CTTTAGACAGAGAT-1,8-9,0.06666666666666667,0.17060921827860476,0.2349487,False,0.0690853325650096
3182,CTGTAACTTCAAGC-1,4-5,0.2,0.14359513482360578,0.050360285,False,0.06946594547480345
9546,CTTAAGCTGTATCG-1,8-9,0.0,0.0,0.07287498,True,0.0691427243873477
2497,CCGCGAGAATGACC-1,4-5,0.0,0.0,0.52709526,True,0.06947637721896172
11243,TACGAGTGCCTATT-1,8-9,0.06666666666666667,0.04265230456965119,0.48321053,False,0.06956766545772552
450,ACACAGACGAGGCA-1,4-5,0.2,0.2842001112116443,0.083911695,False,0.06984388828277588
9131,CGGCATCTTGAAGA-1,8-9,0.0,0.0,0.35301822,True,0.06981690041720867
1150,AGGCTAACAACGAA-1,4-5,0.0,0.0,0.1269851,True,0.06938430108129978
6882,ACCTGGCTCCAAGT-1,8-9,0.0,0.0,0.3941816,True,0.06961981393396854
1424,ATAGGCTGTCCAAG-1,4-5,0.06666666666666667,0.10764243204553911,0.046577588,False,0.0693745156750083
7789,ATCCTAACAGTCTG-1,8-9,0.26666666666666666,0.21205705827503146,0.12562369,False,0.06920146942138672
85,AAATTCGATTTCAC-1,4-5,0.13333333333333333,0.2313814480163251,0.32273737,False,0.06953177321702242
11653,TCATCCCTTTGGTG-1,8-9,0.0,0.0,0.16627991,True,0.06873704865574837
700,ACGGATTGCTAGTG-1,4-5,0.0,0.0,0.505556,True,0.0697679603472352
7727,ATAGGAGATGGATC-1,8-9,0.13333333333333333,0.1228703944573705,0.28128785,False,0.06965015828609467
4885,TACATAGAGTCAAC-1,4-5,0.0,0.0,0.4739379,True,0.07010637503117323
6565,AAGTAGGATCTACT-1,8-9,0.3333333333333333,0.3909696272836832,0.48950252,False,0.06967172678560019
2078,CACTTATGCGTACA-1,4-5,0.26666666666666666,0.2178218057173392,0.5979409,False,0.06985985767096281
10135,GCACGGACCTACTT-1,8-9,0.06666666666666667,0.043668798524938345,0.18020296,False,0.06946729589253664
3886,GCCAAATGAGCACT-1,4-5,0.2,0.24712047798052975,0.17193976,False,0.06921944953501225
10430,GCTTAACTTGTGGT-1,8-9,0.2,0.22296021112664355,0.13580725,False,0.06958240084350109
4373,GGTAGTACGAGATA-1,4-5,0.06666666666666667,0.07347739090382172,0.18182418,False,0.069701062515378
9435,CTCGACTGCATCAG-1,8-9,0.0,0.0,0.5226651,True,0.06947937048971653
5073,TAGGCTGATGTGGT-1,4-5,0.0,0.0,0.36978126,True,0.06956351455301046
9581,CTTGAGGAGATAGA-1,8-9,0.13333333333333333,0.1289734076642407,0.70859385,False,0.06899600382894278
4696,GTTACTACATGTCG-1,4-5,0.0,0.0,0.32005435,True,0.06935488805174828
7155,AGAACAGACACTTT-1,8-9,0.06666666666666667,0.08530460913930238,0.4637224,False,0.06927904486656189
1750,ATTGCTACAGGAGC-1,4-5,0.0,0.0,0.1926096,True,0.06946451123803854
9594,CTTTACGAGTAGGG-1,8-9,0.13333333333333333,0.1587820000431241,0.18703918,False,0.06937074288725853
4927,TACGCGCTGTTACG-1,4-5,0.2,0.3048588389201468,0.24422511,False,0.06953145191073418
9477,CTGAGAACTTTCAC-1,8-9,0.2,0.1963477853611922,0.48282132,False,0.06970966793596745
4693,GTTACGGATCTCAT-1,4-5,0.2,0.2377574730387761,0.3133223,False,0.06911968532949686
7267,AGATTCCTGAACTC-1,8-9,0.06666666666666667,0.053821216022769555,0.2805302,False,0.06951048877090216
5681,TGATAAACAGGTCT-1,4-5,0.13333333333333333,0.10836246763959095,0.31266847,False,0.06931327469646931
7318,AGCCGGTGCTAAGC-1,8-9,0.0,0.0,0.39503902,True,0.06910398323088884
5246,TATGTCTGTCCCGT-1,4-5,0.13333333333333333,0.22747895770480633,0.18400407,False,0.0695882523432374
7050,ACTATCACCCAATG-1,8-9,0.26666666666666666,0.3062474454231298,0.02785872,False,0.06986337061971426
1492,ATCCTAACTTGACG-1,4-5,0.13333333333333333,0.1569595560954746,0.40462703,False,0.06964078173041344
10571,GGCACGTGAGATCC-1,8-9,0.06666666666666667,0.046105120275897894,0.23861334,False,0.06969115696847439
5491,TCGATTTGGGTAAA-1,4-5,0.0,0.0,0.09342715,True,0.06946951430290937
9807,GACGCTCTACCTCC-1-1,8-9,0.13333333333333333,0.11213072197636398,0.116691574,False,0.06990423239767551
2158,CAGGTTGAATTCGG-1,4-5,0.06666666666666667,0.05686973942620158,0.4688301,False,0.06939263548702002
12151,TGTAGGTGGCTGTA-1,8-9,0.0,0.0,0.41515028,True,0.06889551505446434
3013,CTATGACTTATGCG-1,4-5,0.06666666666666667,0.07347739090382172,0.61799705,False,0.06991515215486288
12393,TTCTCAGAGACGGA-1,8-9,0.06666666666666667,0.06600065503116892,0.10230982,False,0.06932692881673574
2310,CCAAAGTGTCCCGT-1,4-5,0.2,0.23559934575449268,0.044145145,False,0.069968500174582
9758,GACAGTTGTGGTTG-1,8-9,0.06666666666666667,0.0475902379018706,0.08838606,False,0.06917356979101896
780,ACTATCACCCTCCA-1,4-5,0.2,0.19329926195776018,0.1711147,False,0.0692133717238903
9091,CGCTACTGTGTTTC-1,8-9,0.2,0.14562716427175065,0.31696326,False,0.06921301502734423
3786,GCACAAACTGGAAA-1,4-5,0.0,0.0,0.8099813,True,0.06947052758187056
11453,TAGTTCACTGGTGT-1,8-9,0.26666666666666666,0.19043759612568528,0.2772109,False,0.06935097649693489
6183,TTGGAGTGACGGGA-1,4-5,0.0,0.0,0.11970635,True,0.069206727668643
11549,TATGTCTGGAAGGC-1,8-9,0.0,0.0,0.4396669,True,0.06945487856864929
2503,CCGCTATGGATAAG-1,4-5,0.13333333333333333,0.1267728847688893,0.05375378,False,0.0694381920620799
8514,CATCTCCTTCCGTC-1,8-9,0.06666666666666667,0.10764243204553911,0.17702915,False,0.06980897858738899
1788,ATTTCCGACCTGAA-1,4-5,0.3333333333333333,0.4179632751055219,0.0932665,False,0.06977480836212635
8586,CCAACCTGCACTTT-1,8-9,0.13333333333333333,0.21671433855450267,0.37499145,False,0.06949236616492271
3749,GATTGGTGAAGAAC-1,4-5,0.2,0.2827149935856716,1.539489,False,0.06961803138256073
11141,TAACTAGATTACCT-1-1,8-9,0.0,0.0,0.10065315,True,0.06928413733839989
895,AGACACACTAACCG-1,4-5,0.4,0.5377092666558471,0.37506497,False,0.06923114322125912
11646,TCATCATGATCACG-1,8-9,0.13333333333333333,0.09091555212983252,0.11829845,False,0.06970303039997816
1362,ATACAATGTTTCAC-1,4-5,0.0,0.0,0.11284849,True,0.06988385040313005
11372,TAGGACTGGTAGCT-1,8-9,0.4666666666666667,0.5536526310705794,0.278503,False,0.06999154947698116
5843,TGGATTCTCGGAGA-1,4-5,0.2,0.22478862147429918,0.07660183,False,0.06925792433321476
11639,TCAGTTACCTATGG-1,8-9,0.0,0.0,0.33254266,True,0.06932412181049585
5863,TGGGTATGTTCGTT-1,4-5,0.13333333333333333,0.1195825111797196,0.094481274,False,0.06959698162972927
6825,ACCAGTGATCTCTA-1,8-9,0.0,0.0,0.18535879,True,0.0695547591894865
3317,GAAGAATGAAACGA-1,4-5,0.13333333333333333,0.09863164787670416,0.03769447,False,0.0689658373594284
12240,TTACGTACCAGAAA-1,8-9,0.3333333333333333,0.24643701653507555,0.3179629,False,0.06941104400902987
26,AAAGACGAGAGCTT-1,4-5,0.06666666666666667,0.06077222973772036,0.082100816,False,0.0693422993645072
11909,TGACGCCTGATACC-1,8-9,0.13333333333333333,0.1929470411848415,0.007342463,False,0.06920176185667515
3603,GAGGTTTGGACGTT-1,4-5,0.0,0.0,0.14396885,True,0.06918809562921524
11234,TACCGCTGGCTTAG-1,8-9,0.13333333333333333,0.14607683887702272,0.4213549,False,0.06928317062556744
1139,AGGCAGGAAGTCAC-1,4-5,0.06666666666666667,0.05135849223864361,0.18702081,False,0.06947546359151602
8039,ATTGCTTGAGAGGC-1,8-9,0.0,0.0,0.5596348,True,0.06946834363043308
761,ACGTTTACGGTGTT-1,4-5,0.0,0.0,0.2474913,True,0.06917679216712713
9934,GAGTACACCTCGAA-1,8-9,0.0,0.0,0.18588477,True,0.06926641520112753
5003,TAGAAACTCTTCGC-1,4-5,0.06666666666666667,0.0475902379018706,1.0007168,False,0.06946202367544174
7636,ATAAACACCCACAA-1,8-9,0.13333333333333333,0.21326152284825595,0.6891828,False,0.06935434881597757
3099,CTGAAGACATGCCA-1,4-5,0.13333333333333333,0.27825165032414384,0.84481144,False,0.06925792992115021
8345,CAGAAGCTAAGATG-1,8-9,0.06666666666666667,0.04265230456965119,0.34487182,False,0.06980484630912542
2911,CTAACGGACAGTCA-1,4-5,0.0,0.0,0.067104414,True,0.06982399523258209
10171,GCAGGCACTCGCAA-1,8-9,0.13333333333333333,0.22443043430137433,0.19222395,False,0.0701907929033041
5464,TCGACCTGCCCACT-1,4-5,0.06666666666666667,0.04265230456965119,0.055692323,False,0.06997640337795019
9465,CTGACAGACAGGAG-1,8-9,0.0,0.0,0.782756,True,0.06933106482028961
5683,TGATACCTCTCATT-1,4-5,0.2,0.3072723196565508,0.22753546,False,0.06972382683306932
7200,AGACTGACTGAACC-1,8-9,0.2,0.1939575687401225,0.25388893,False,0.0693031782284379
2637,CGACGTCTGTTCTT-1,4-5,0.0,0.0,0.21848182,True,0.06952061876654625
8521,CATGAGACCGCAAT-1,8-9,0.26666666666666666,0.26604375683251325,0.06318002,False,0.06952427141368389
1401,ATAGATTGCCATGA-1,4-5,0.06666666666666667,0.04265230456965119,0.050296932,False,0.06925271824002266
10810,GTAGCATGAAACAG-1,8-9,0.3333333333333333,0.4299297562728688,0.6580553,False,0.0698989387601614
4894,TACCGCTGGTATCG-1,4-5,0.2,0.22223587780602905,0.22874674,False,0.06998960021883249
8329,CACTGCTGACTGTG-1,8-9,0.06666666666666667,0.06077222973772036,0.055602744,False,0.06944994255900383
281,AAGGTCTGTCTTCA-1,4-5,0.0,0.0,0.13855562,True,0.06971975974738598
8519,CATCTTGATCACGA-1,8-9,0.0,0.0,0.0487345,True,0.06902508530765772
3056,CTCCATCTGCTTCC-1,4-5,0.0,0.0,0.11991428,True,0.06954159215092659
11132,TAACGTCTGTACCA-1,8-9,0.0,0.0,0.82073087,True,0.06895617209374905
982,AGATCTCTTCGCTC-1,4-5,0.0,0.0,0.30064708,True,0.06948848720639944
8326,CACTGAGATTTCAC-1,8-9,0.0,0.0,0.18059367,True,0.06956043466925621
2427,CCCACATGTCACCC-1,4-5,0.06666666666666667,0.04481043185393461,0.048752762,False,0.06917021982371807
12464,TTGGGAACCTTCGC-1,8-9,0.06666666666666667,0.05135849223864361,0.6196368,False,0.06900515034794807
4882,TACATAGAACGGGA-1,4-5,0.13333333333333333,0.14607683887702272,0.013995975,False,0.0702065285295248
7722,ATAGGAGAAAGAGT-1,8-9,0.0,0.0,0.08105816,True,0.06948588136583567
2780,CGGAGGCTACCAGT-1,4-5,0.0,0.0,0.08184573,True,0.06980361230671406
10381,GCTACCTGTTGACG-1,8-9,0.13333333333333333,0.11612969547347292,0.52792984,False,0.0694699939340353
4198,GGAGTTTGTTACCT-1,4-5,0.13333333333333333,0.22443043430137433,0.4800257,False,0.06941302306950092
11939,TGAGGACTGTTGCA-1-1,8-9,0.13333333333333333,0.11531777908110442,0.07355109,False,0.06933688092976809
1875,CAAGCATGACCAAC-1,4-5,0.13333333333333333,0.12279451495375723,0.52257717,False,0.0696228826418519
12099,TGGCACCTGCTCCT-1,8-9,0.06666666666666667,0.10764243204553911,0.06624632,False,0.06957348994910717
302,AAGTGCACTGAAGA-1,4-5,0.0,0.0,0.632462,True,0.06944995559751987
6298,AAAGCCTGGCAAGG-1,8-9,0.4,0.33190847838554055,0.17257428,False,0.06945537868887186
1371,ATACCGGAATTCCT-1,4-5,0.06666666666666667,0.05135849223864361,0.43382442,False,0.06949354615062475
7117,ACTTCAACGTTGCA-1,8-9,0.13333333333333333,0.11735914726981254,0.00041122362,False,0.06922075804322958
2185,CATAAAACTGAGAA-1,4-5,0.13333333333333333,0.12106762880569233,0.13823378,False,0.06972346734255552
12144,TGTAATGACTCGCT-1,8-9,0.06666666666666667,0.07347739090382172,0.25325733,False,0.06907419487833977
93,AACAAACTCCAAGT-1,4-5,0.0,0.0,0.047692433,True,0.06946428958326578
8558,CATTCCCTTGGATC-1,8-9,0.0,0.0,0.7391905,True,0.0685933344066143
517,ACATCACTAGGCGA-1,4-5,0.26666666666666666,0.36109353567932034,0.20189884,False,0.06901349406689405
11551,TATGTGCTCAGTCA-1,8-9,0.6,0.6685992403133515,0.27471405,False,0.06953331921249628
5743,TGCATGGACGTGTA-1,4-5,0.2,0.18221197109110848,0.33492565,False,0.07023398019373417
11602,TCACGAGAGGTGAG-1,8-9,0.06666666666666667,0.17060921827860476,0.5314243,False,0.06957499124109745
1502,ATCGAGTGTCTTTG-1,4-5,0.06666666666666667,0.10764243204553911,0.1871892,False,0.06919512897729874
10546,GGATGTTGTGAGAA-1,8-9,0.06666666666666667,0.049317124049935504,0.36153188,False,0.06949637830257416
3843,GCAGCTCTACCTGA-1,4-5,0.06666666666666667,0.053821216022769555,0.010484949,False,0.06979950424283743
6824,ACCAGTGATCTAGG-1,8-9,0.0,0.0,0.10451467,True,0.06953051127493382
2322,CCAAGATGGCTTCC-1,4-5,0.2,0.28592699735970917,0.9161766,False,0.06986393500119448
12329,TTCAGTTGTGAGCT-1,8-9,0.06666666666666667,0.08530460913930238,0.014768571,False,0.06946863699704409
518,ACATCACTTGGTGT-1,4-5,0.4666666666666667,0.44872698555933344,0.1525144,False,0.0695963054895401
10355,GCGTAAACCTTCCG-1,8-9,0.0,0.0,0.07724516,True,0.06960492301732302
2810,CGGGACTGTGTCAG-1,4-5,0.13333333333333333,0.08977391880083624,0.17117864,False,0.069623788818717
6362,AACACTCTAGATGA-1,8-9,0.2,0.3442523053553128,0.28947014,False,0.06932539213448763
2270,CATTACACAGATCC-1,4-5,0.13333333333333333,0.14607683887702272,0.123359874,False,0.0692702466621995
6978,ACGGCTCTTATGGC-1,8-9,0.13333333333333333,0.08746273642358579,0.06788192,False,0.06966837495565414
5955,TTACACACAGTGTC-1,4-5,0.06666666666666667,0.07347739090382172,0.054813225,False,0.06951266061514616
8996,CGATCCACGGTTTG-1,8-9,0.0,0.0,0.087163955,True,0.06973324622958899
3487,GACTCCTGCTTCGC-1,4-5,0.13333333333333333,0.1267728847688893,0.17207354,False,0.06913642305880785
12161,TGTATCTGCTCAAG-1,8-9,0.2,0.15577457383200516,0.06579016,False,0.06963223498314619
1453,ATCAACCTTCTAGG-1,4-5,0.0,0.0,0.10972439,True,0.06937600485980511
8796,CCGAAAACGTACAC-1,8-9,0.06666666666666667,0.043668798524938345,0.24469969,False,0.06983233522623777
2003,CACCGTACCTCGCT-1,4-5,0.2,0.16102794579475088,0.8600281,False,0.06957783550024033
7031,ACGTTTACTGTCCC-1,8-9,0.0,0.0,0.6681435,True,0.0696624219417572
3597,GAGGTTACCTCTAT-1,4-5,0.0,0.0,1.164468,True,0.06957539357244968
11974,TGATTCACTACGAC-1,8-9,0.2,0.14261752866545255,0.018125392,False,0.06905170436948538
5126,TAGTCTTGGATGAA-1,4-5,0.13333333333333333,0.21541965013253936,0.50191736,False,0.06949299480766058
6659,AATGCGTGGTCTGA-1,8-9,0.0,0.0,0.01975891,True,0.06931750103831291
1580,ATGAGCACTTCGGA-1,4-5,0.06666666666666667,0.043668798524938345,0.41831607,False,0.06979532167315483
10809,GTAGCAACGTAAGA-1,8-9,0.13333333333333333,0.1513052641704713,0.19151714,False,0.07019064109772444
6053,TTCACAACTAACCG-1,4-5,0.0,0.0,0.08890418,True,0.0692789675667882
8873,CCTCTACTCCCGTT-1,8-9,0.6666666666666666,0.7099319097917425,0.081342265,False,0.06908397190272808
3256,CTTTAGTGCCGAAT-1,4-5,0.06666666666666667,0.04265230456965119,0.21434566,False,0.06897899322211742
10843,GTATCACTAACGGG-1,8-9,0.0,0.0,0.22785889,True,0.0692174369469285
3012,CTATGACTGTTGCA-1,4-5,0.0,0.0,0.64664215,True,0.06969726737588644
6415,AACGCAACATGTCG-1,8-9,0.2,0.2656365090421867,0.033984892,False,0.06914313603192568
4799,TAACATGAGTTTGG-1,4-5,0.06666666666666667,0.049317124049935504,0.04571508,False,0.06920762546360493
9049,CGCCGAGACAAGCT-1,8-9,0.2,0.19989805489979232,0.24708378,False,0.06890038400888443
1650,ATGTCGGATAACGC-1,4-5,0.06666666666666667,0.046105120275897894,0.037737586,False,0.06942616868764162
7269,AGCAAAGAGAATGA-1,8-9,0.06666666666666667,0.17060921827860476,0.042742223,False,0.06962922681123018
3238,CTTGAGGACCTCCA-1,4-5,0.26666666666666666,0.26175685974522356,0.3100913,False,0.06937925331294537
10763,GTAAGCACTAGAAG-1,8-9,0.0,0.0,0.37423605,True,0.06896847113966942
5296,TCACCCGATGACAC-1,4-5,0.06666666666666667,0.046105120275897894,0.21799307,False,0.06950276251882315
12069,TGGACCCTGTACCA-1,8-9,0.13333333333333333,0.23660987330977368,0.26948896,False,0.06946814339607954
3965,GCCTCAACGTGTAC-1,4-5,0.06666666666666667,0.06077222973772036,0.281855,False,0.06964051444083452
9292,CTACTCCTCAAGCT-1,8-9,0.3333333333333333,0.3686113687442862,0.29903165,False,0.06930924765765667
2120,CAGCGTCTGACGTT-1,4-5,0.13333333333333333,0.1645121714717407,0.23292217,False,0.06928966380655766
9054,CGCCTAACCCCTTG-1,8-9,0.06666666666666667,0.06077222973772036,0.171985,False,0.06921189744025469
4490,GTAGTGACCGTGTA-1,4-5,0.0,0.0,0.122096755,True,0.0692802369594574
11983,TGCAACGACGGGAA-1,8-9,0.2,0.2680728307931463,0.20840117,False,0.06971095781773329
5303,TCACCTCTCTTGAG-1,4-5,0.0,0.0,0.106221884,True,0.06945370975881815
11986,TGCAAGACAACCTG-1,8-9,0.13333333333333333,0.2313814480163251,0.12986186,False,0.06972663477063179
4095,GCTTAACTTCCTGC-1,4-5,0.0,0.0,0.27764484,True,0.06967879272997379
10856,GTATGGTGCACTGA-1,8-9,0.06666666666666667,0.0475902379018706,0.18332548,False,0.06958973407745361
4735,GTTCAACTTCAGAC-1,4-5,0.26666666666666666,0.3603548556805658,0.68471587,False,0.06929981242865324
6690,AATTGATGTTGCAG-1,8-9,0.13333333333333333,0.24408660918242647,0.31404805,False,0.06928932201117277
4983,TACTGGGACCACCT-1,4-5,0.13333333333333333,0.14607683887702272,0.39983946,False,0.06939229741692543
6952,ACGCGGTGGTTACG-1,8-9,0.0,0.0,0.06581339,True,0.06949934363365173
2354,CCACTTCTTAACCG-1,4-5,0.06666666666666667,0.06077222973772036,0.5554199,False,0.06947787944227457
9836,GACTGAACAAAACG-1,8-9,0.0,0.0,0.3535765,True,0.06915123760700226
3619,GAGTCAACGAGCTT-1,4-5,0.06666666666666667,0.05135849223864361,0.30779374,False,0.06924416404217482
6643,AATCTAGAGGAACG-1,8-9,0.06666666666666667,0.04481043185393461,0.0026994385,False,0.06922047305852175
5324,TCAGACGATGCCTC-1,4-5,0.3333333333333333,0.3527031395721847,0.005842941,False,0.06935172900557518
7936,ATGTAAACTTCGCC-1,8-9,0.06666666666666667,0.17060921827860476,0.026398115,False,0.06919453199952841
3613,GAGTACTGCTCATT-1,4-5,0.06666666666666667,0.046105120275897894,0.2996079,False,0.06938503216952085
8581,CATTTGTGTCAAGC-1,8-9,0.0,0.0,0.5923876,True,0.06923817191272974
574,ACCCAGCTGTTGTG-1,4-5,0.0,0.0,0.24154964,True,0.06883756630122662
11075,GTTGACGAAGCGGA-1,8-9,0.0,0.0,0.39693666,True,0.0690660635009408
1449,ATCAAATGTCAGTG-1,4-5,0.06666666666666667,0.06077222973772036,0.515736,False,0.0694520603865385
9490,CTGATTTGTGCAAC-1,8-9,0.0,0.0,0.506583,True,0.06972663383930922
5418,TCCCGAACGGACAG-1,4-5,0.2,0.16142289935700233,0.13542369,False,0.06923230085521936
8673,CCAGTCACTCAGGT-1,8-9,0.13333333333333333,0.21326152284825595,0.23299034,False,0.06913051754236221
154,AACGCAACAACAGA-1,4-5,0.06666666666666667,0.07347739090382172,0.21990485,False,0.06951380148530006
12298,TTCAAAGACAACCA-1,8-9,0.06666666666666667,0.05135849223864361,0.27898496,False,0.06983688659965992
6203,TTTAGAGATTCAGG-1,4-5,0.06666666666666667,0.04481043185393461,0.047897466,False,0.06973727140575647
6295,AAAGCAGAGTGTCA-1,8-9,0.2,0.183146844459929,0.6681851,False,0.0695685725659132
2307,CCAAAGTGCAACTG-1,4-5,0.2,0.27926217787942487,0.8637702,False,0.06978797260671854
11757,TCGAGAACAGCTAC-1,8-9,0.06666666666666667,0.05135849223864361,0.1272279,False,0.06983470264822245
6083,TTCATGACGGAAAT-1,4-5,0.06666666666666667,0.0475902379018706,0.43168038,False,0.07022817432880402
7491,AGGTGGGACAACTG-1,8-9,0.13333333333333333,0.09863164787670416,1.2584507,False,0.06932242680341005
3431,GACCTAGACGAACT-1,4-5,0.13333333333333333,0.11735914726981254,0.46944916,False,0.06996922753751278
7958,ATGTTGCTCCTGTC-1,8-9,0.13333333333333333,0.09502729076358196,0.8014934,False,0.0699850581586361
1415,ATAGGAGAAACAGA-1,4-5,0.13333333333333333,0.22747895770480633,0.3528009,False,0.06953722424805164
7424,AGGATAGATGCTAG-1,8-9,0.5333333333333333,0.5063634818546171,0.032858253,False,0.06963296141475439
1716,ATTCGGGACTGACA-1,4-5,0.2,0.2026637564091149,0.3641595,False,0.06954754702746868
8160,CAAGTCGACTTTAC-1,8-9,0.0,0.0,0.25028053,True,0.06957529112696648
3326,GAAGATGAGGTGAG-1,4-5,0.06666666666666667,0.053821216022769555,0.40475142,False,0.06978424079716206
12383,TTCTACGACGAGAG-1,8-9,0.2,0.14375916199444883,0.3155258,False,0.06949123833328485
1645,ATGTCACTGTAAAG-1,4-5,0.06666666666666667,0.053821216022769555,0.7835577,False,0.0695899948477745
10104,GCAAGACTTCGATG-1,8-9,0.06666666666666667,0.07347739090382172,0.548236,False,0.06922053452581167
5092,TAGGTTCTGAACTC-1,4-5,0.13333333333333333,0.09412755590387012,0.83699524,False,0.06933041848242283
10941,GTCTGAGACCATGA-1,8-9,0.0,0.0,0.2935608,True,0.06957379262894392
745,ACGTGCCTGAAGGC-1,4-5,0.06666666666666667,0.049317124049935504,0.20991679,False,0.06991287413984537
10608,GGCCGATGTTTGTC-1,8-9,0.06666666666666667,0.05686973942620158,0.30456954,False,0.06969653628766537
590,ACCGAAACGGTTCA-1,4-5,0.06666666666666667,0.10764243204553911,0.30371267,False,0.06986081413924694
6831,ACCATTTGGGTGTT-1,8-9,0.0,0.0,0.029260952,True,0.06970501411706209
4678,GTGTCAGATGGAAA-1,4-5,0.13333333333333333,0.1569595560954746,0.2797101,False,0.06953637581318617
10570,GGCACGTGACTGGT-1,8-9,0.3333333333333333,0.2633680752073348,0.12821022,False,0.06927273981273174
3622,GAGTCTGACTCTTA-1,4-5,0.06666666666666667,0.17060921827860476,0.2596784,False,0.06930636055767536
12006,TGCATGGAGGTGAG-1,8-9,0.13333333333333333,0.22747895770480633,0.13663298,False,0.06932630762457848
1667,ATTAACGACCTTCG-1,4-5,0.06666666666666667,0.10764243204553911,0.12097952,False,0.06927208416163921
7311,AGCCGGACGGATCT-1,8-9,0.13333333333333333,0.12483588314246533,0.5696219,False,0.0695494469255209
3975,GCCTGACTTCACCC-1,4-5,0.0,0.0,0.38325277,True,0.06899738125503063
12159,TGTATCTGCGTGTA-1,8-9,0.0,0.0,0.38620865,True,0.0695828627794981
5696,TGATTCACGAGAGC-1,4-5,0.0,0.0,0.2226267,True,0.0695304349064827
10292,GCGAAGGAGAGGGT-1,8-9,0.06666666666666667,0.0475902379018706,0.2563124,False,0.06959485448896885
5359,TCATCAACCTTGGA-1,4-5,0.0,0.0,0.11141084,True,0.06924842391163111
11320,TAGAAACTGGGAGT-1,8-9,0.13333333333333333,0.16146364806830865,0.0768424,False,0.06999002303928137
3275,GAAAGATGATGCTG-1,4-5,0.4,0.3438643595617303,0.18415406,False,0.06962900329381227
7651,ATAACCCTCGTTAG-1,8-9,0.26666666666666666,0.2601934539677642,0.6873847,False,0.06958434917032719
3462,GACGCTCTGCGAAG-1,4-5,0.0,0.0,0.047140382,True,0.070027238689363
8848,CCTAAGGATCTGGA-1,8-9,0.06666666666666667,0.06600065503116892,0.16236109,False,0.06990636046975851
3567,GAGGCCACGCTACA-1,4-5,0.13333333333333333,0.14217434856550396,0.19104932,False,0.06953954324126244
11842,TCTTACGAACAGCT-1,8-9,0.06666666666666667,0.046105120275897894,0.021651363,False,0.06958862580358982
4572,GTCCAGCTGTCGAT-1,4-5,0.13333333333333333,0.16146364806830865,0.20346242,False,0.06986266933381557
10403,GCTCACTGTGCCAA-1,8-9,0.0,0.0,0.26968956,True,0.06945741921663284
1956,CACAATCTGCAAGG-1,4-5,0.0,0.0,0.14723895,True,0.06949105020612478
11106,TAAAGACTCCAGTA-1,8-9,0.2,0.21731188560164635,0.09110694,False,0.06900277268141508
3316,GAACTGTGTGCCCT-1,4-5,0.13333333333333333,0.22196771051724837,0.12938935,False,0.06920228060334921
12171,TGTCTAACGTGTTG-1,8-9,0.3333333333333333,0.36744291652907835,0.15172496,False,0.06900074146687984
5001,TAGAAACTCATCAG-1,4-5,0.2,0.23559934575449268,0.3010021,False,0.06971174944192171
10196,GCATGTGAACCAGT-1,8-9,0.06666666666666667,0.043668798524938345,0.094798714,False,0.0696024876087904
2308,CCAAAGTGCAGAAA-1,4-5,0.2,0.2735840779807042,0.36165512,False,0.0690949996933341
10648,GGGAAGACCACTCC-1,8-9,0.2,0.24712047798052975,0.31741586,False,0.06926955562084913
6052,TTCACAACGAGATA-1,4-5,0.06666666666666667,0.046105120275897894,0.20046867,False,0.06923862639814615
9387,CTCAGCTGCTGTCC-1,8-9,0.0,0.0,0.15781425,True,0.06935113482177258
5012,TAGACGTGCCGTAA-1,4-5,0.06666666666666667,0.05686973942620158,0.26074314,False,0.06954170856624842
9992,GATATAACAATCGC-1,8-9,0.06666666666666667,0.08530460913930238,0.3150883,False,0.06932387873530388
626,ACGAACTGGTTGCA-1,4-5,0.2,0.2701312622744575,0.58453083,False,0.06932087428867817
6859,ACCGCGGATAGTCG-1,8-9,0.26666666666666666,0.19264244468499894,0.31640714,False,0.0695490026846528
6005,TTAGGGTGCACACA-1-1,4-5,0.13333333333333333,0.1314097294152003,0.5896143,False,0.06922063790261745
11894,TGACGAACGAAGGC-1,8-9,0.06666666666666667,0.17060921827860476,0.5813205,False,0.0690226024016738
2912,CTAACGGACGAACT-1,4-5,0.3333333333333333,0.4315949103427662,0.1075968,False,0.06945584062486887
11479,TATAGATGCTCGAA-1,8-9,0.06666666666666667,0.06077222973772036,0.058629803,False,0.0691934684291482
1245,AGTAGGCTGTCGTA-1,4-5,0.06666666666666667,0.043668798524938345,0.20630343,False,0.06960729695856571
7678,ATACCTACCTCCCA-1,8-9,0.06666666666666667,0.08530460913930238,0.47868896,False,0.06957056745886803
6202,TTTAGAGATGGCAT-1,4-5,0.0,0.0,0.07495382,True,0.06973315309733152
10723,GGTAGTACGGCATT-1,8-9,0.0,0.0,0.31190217,True,0.0691595058888197
3914,GCCATGCTTGGTCA-1,4-5,0.2,0.3219204488490822,0.21991591,False,0.06951805111020803
6860,ACCGCGGATTGTGG-1,8-9,0.26666666666666666,0.26947295549209527,0.1743708,False,0.06903453264385462
166,AACGGTACTCCTGC-1,4-5,0.13333333333333333,0.10618686347613708,0.012507558,False,0.06955172028392553
8014,ATTCTTCTCCTATT-1,8-9,0.06666666666666667,0.17060921827860476,0.31003308,False,0.06952173728495836
2573,CCTGCAACAGCGGA-1,4-5,0.06666666666666667,0.053821216022769555,0.47312105,False,0.06924194283783436
8672,CCAGTCACGTCTGA-1,8-9,0.06666666666666667,0.0475902379018706,0.08368628,False,0.069221630692482
1767,ATTGTAGACGAGAG-1,4-5,0.06666666666666667,0.049317124049935504,0.19939779,False,0.06919202208518982
6320,AAATCTGAAAGCCT-1,8-9,0.06666666666666667,0.06600065503116892,0.50674546,False,0.06922755111008883
2629,CGACCTACCGTCTC-1,4-5,0.06666666666666667,0.0475902379018706,0.24405244,False,0.0695335017517209
11603,TCACGAGATAGAGA-1,8-9,0.13333333333333333,0.22196771051724837,0.246262,False,0.06932095531374216
3562,GAGGCAGAAGTGCT-1,4-5,0.0,0.0,0.12270449,True,0.06940094474703074
8971,CGAGCGTGTAAGCC-1,8-9,0.3333333333333333,0.38022061606211344,0.38392502,False,0.0696991328150034
4267,GGCTAAACCTTTAC-1,4-5,0.0,0.0,0.45124573,True,0.06937363650649786
11460,TATAAGTGCGGAGA-1,8-9,0.0,0.0,0.12715706,True,0.06970545183867216
835,ACTTGACTCCACCT-1,4-5,0.06666666666666667,0.06077222973772036,0.39318237,False,0.06939930468797684
11866,TGAAGCACACCAGT-1,8-9,0.0,0.0,0.076628804,True,0.06944139115512371
834,ACTTCTGATTTGGG-1,4-5,0.26666666666666666,0.2106278917387958,0.16020322,False,0.06933847535401583
11220,TACATAGATGCCTC-1,8-9,0.0,0.0,0.11107424,True,0.06951116863638163
3695,GATCTACTGGAACG-1,4-5,0.5333333333333333,0.5131395047197981,0.38094968,False,0.06976039614528418
12093,TGGATTCTGACACT-1,8-9,0.13333333333333333,0.1195825111797196,0.4882807,False,0.06939337588846684
5017,TAGAGAGAATAAGG-1,4-5,0.0,0.0,0.10581072,True,0.06887881644070148
7244,AGAGTCTGTCGCCT-1,8-9,0.5333333333333333,0.6371098807968125,0.43588743,False,0.06952115707099438
4585,GTCGCACTCGTAAC-1,4-5,0.06666666666666667,0.043668798524938345,0.14552608,False,0.06948221661150455
11850,TCTTCAGATGGAGG-1,8-9,0.06666666666666667,0.05135849223864361,0.099949144,False,0.0693097710609436
1770,ATTGTAGATAAGGA-1,4-5,0.26666666666666666,0.33648727893823166,0.07430007,False,0.06962482538074255
9417,CTCCATCTTTACTC-1,8-9,0.13333333333333333,0.0969073619518061,0.011258213,False,0.06922248285263777
3378,GAATTAACGGTGGA-1,4-5,0.0,0.0,0.06017293,True,0.06955406069755554
8266,CACCGTTGTATGGC-1,8-9,0.2,0.15489978564159046,0.20183381,False,0.0695436792448163
2018,CACCTGACTGTCTT-1,4-5,0.26666666666666666,0.20827469939964505,0.72215676,False,0.06930179800838232
8901,CCTTTAGACAGAGG-1,8-9,0.06666666666666667,0.17060921827860476,0.14493927,False,0.0688498830422759
5781,TGCTATACAGCGTT-1,4-5,0.0,0.0,0.4838497,True,0.06906195357441902
9253,CTAACACTTAGAGA-1,8-9,0.0,0.0,0.012195416,True,0.06935380958020687
4786,TAACAATGTGCTAG-1-1,4-5,0.0,0.0,0.4830662,True,0.06941029895097017
11101,TAAACAACTCGATG-1,8-9,0.13333333333333333,0.08977391880083624,0.2432362,False,0.06933862529695034
3486,GACTACGAGTTCGA-1,4-5,0.13333333333333333,0.11982187105393848,0.34044826,False,0.069258326664567
10859,GTATTAGACACTGA-1,8-9,0.06666666666666667,0.04481043185393461,0.48556763,False,0.0700893085449934
3453,GACGCCGAAGTCGT-1,4-5,0.13333333333333333,0.10618686347613708,0.023942322,False,0.06991700362414122
9849,GAGAAATGAGCGTT-1,8-9,0.06666666666666667,0.04265230456965119,0.107858315,False,0.06951439939439297
2547,CCTCATCTGTAGGG-1,4-5,0.0,0.0,0.11826557,True,0.06978719122707844
6573,AAGTATACTAAGGA-1,8-9,0.06666666666666667,0.04265230456965119,0.30742243,False,0.06950429361313581
5030,TAGATCCTTAACGC-1,4-5,0.0,0.0,0.2753364,True,0.06943777948617935
6650,AATCTCTGGGTGAG-1,8-9,0.06666666666666667,0.06600065503116892,0.59010994,False,0.06905057094991207
5861,TGGGTATGCTTGAG-1,4-5,0.13333333333333333,0.24408660918242647,0.6579367,False,0.06889994256198406
7819,ATCGTTTGGGCGAA-1,8-9,0.06666666666666667,0.10764243204553911,0.32995206,False,0.06939386297017336
4967,TACTACACCCTGAA-1,4-5,0.13333333333333333,0.1645121714717407,0.23495027,False,0.06955042947083712
6437,AACGTGTGTCTAGG-1,8-9,0.13333333333333333,0.0919694286195867,0.42359516,False,0.06922919861972332
5141,TAGTTGCTGATACC-1,4-5,0.13333333333333333,0.1524528638994737,0.6374585,False,0.06970625650137663
11973,TGATTCACGCTATG-1,8-9,0.06666666666666667,0.043668798524938345,0.41483337,False,0.06933888606727123
1612,ATGCGCCTTTTCAC-1,4-5,0.2,0.15229198375203498,0.6592544,False,0.06963290926069021
8384,CAGCATGAGAACCT-1,8-9,0.06666666666666667,0.10764243204553911,0.59938395,False,0.06880572903901339
2660,CGAGCCGACTCAGA-1,4-5,0.06666666666666667,0.07347739090382172,0.31765974,False,0.06954886205494404
8151,CAAGGACTTCACCC-1,8-9,0.3333333333333333,0.39730843934616145,0.25191957,False,0.06904528196901083
2343,CCACTGACCTACCC-1,4-5,0.13333333333333333,0.1513052641704713,0.090464234,False,0.06910310871899128
10692,GGGTAACTACCGAT-1,8-9,0.06666666666666667,0.07347739090382172,0.2957912,False,0.06942642945796251
3187,CTGTGAGACTCTTA-1,4-5,0.0,0.0,0.35072476,True,0.06950723193585873
7247,AGAGTGCTCATGCA-1,8-9,0.13333333333333333,0.10558266159165496,0.030510072,False,0.06938622053712606
487,ACAGGTACATGTGC-1,4-5,0.06666666666666667,0.10764243204553911,0.32504535,False,0.06965497601777315
11739,TCCTACCTGACGGA-1,8-9,0.26666666666666666,0.23638540788679674,0.013971338,False,0.0692619290202856
5985,TTACTCGATGTGAC-1,4-5,0.06666666666666667,0.07347739090382172,0.32459605,False,0.06895391829311848
9811,GACGGCACCGTTAG-1,8-9,0.0,0.0,0.38461563,True,0.06918819807469845
6108,TTCGAGGACGCCTT-1,4-5,0.06666666666666667,0.08530460913930238,0.3423343,False,0.069730413146317
6852,ACCGAAACACGTTG-1,8-9,0.13333333333333333,0.22443043430137433,0.586887,False,0.06966429203748703
2861,CGTCGACTTCACCC-1,4-5,0.06666666666666667,0.0475902379018706,0.08555709,False,0.0691068833693862
8676,CCAGTCTGAACCTG-1,8-9,0.06666666666666667,0.046105120275897894,0.13630459,False,0.06928064301609993
1694,ATTATGGATACTCT-1,4-5,0.0,0.0,0.120849155,True,0.06897715665400028
8793,CCCTTACTTGGTAC-1,8-9,0.4666666666666667,0.444106134490924,0.41656497,False,0.06911950744688511
2215,CATCAACTACTACG-1,4-5,0.2,0.16494938517168314,0.110317655,False,0.069368626922369
9745,GACAGTACATGTGC-1,8-9,0.06666666666666667,0.06077222973772036,0.7029228,False,0.06915170326828957
1122,AGGACTTGAACGGG-1,4-5,0.06666666666666667,0.05135849223864361,0.6084963,False,0.06941381003707647
9839,GACTGAACTTCTGT-1,8-9,0.4,0.3938805391053344,0.32470715,False,0.06971065979450941
4627,GTGATTCTCTCAGA-1,4-5,0.3333333333333333,0.24846090784461322,0.15205985,False,0.06924367230385542
11720,TCCGGACTCGCATA-1,8-9,0.0,0.0,0.19036844,True,0.06921973638236523
4446,GTACGTGAAGTGCT-1,4-5,0.13333333333333333,0.1044410282626587,0.13059716,False,0.06918039079755545
6670,AATGTAACCTCGCT-1,8-9,0.06666666666666667,0.10764243204553911,0.60304505,False,0.06913075409829617
6172,TTGCTATGACAGCT-1,4-5,0.2,0.30201894769380505,0.23178564,False,0.06935181468725204
12042,TGCTATACGCTGTA-1,8-9,0.0,0.0,0.25448242,True,0.06968667358160019
3233,CTTGAACTTAGTCG-1,4-5,0.06666666666666667,0.07347739090382172,0.2895815,False,0.06899854261428118
10371,GCGTATGAGACAAA-1-1,8-9,0.26666666666666666,0.2689531997343994,0.021827947,False,0.06929724477231503
5964,TTACAGCTCTAGAC-1,4-5,0.26666666666666666,0.3928450960846338,0.17754748,False,0.0690581314265728
8055,ATTGTAGAGCCATA-1,8-9,0.13333333333333333,0.22443043430137433,0.46009162,False,0.06924783531576395
2904,CTAAACCTTAAGGA-1,4-5,0.0,0.0,0.24570373,True,0.06864624656736851
7570,AGTCTTACTCAGAC-1,8-9,0.4,0.32392202164988915,0.0072365515,False,0.06932661961764097
1550,ATCTGTTGTCACGA-1,4-5,0.0,0.0,0.41384774,True,0.06957129668444395
7869,ATGAGAGACCGAAT-1,8-9,0.06666666666666667,0.04481043185393461,0.33537945,False,0.06903998833149672
3834,GCAGCCGACTCAGA-1,4-5,0.13333333333333333,0.22196771051724837,0.15918794,False,0.06937975436449051
8359,CAGACCCTCTCGAA-1,8-9,0.06666666666666667,0.046105120275897894,0.26821917,False,0.06999613344669342
5155,TATACAGAACCACA-1,4-5,0.3333333333333333,0.2740793434910683,0.52635795,False,0.0697551853954792
11125,TAACATGAACCTAG-1,8-9,0.13333333333333333,0.14607683887702272,0.06985663,False,0.06931892689317465
5499,TCGCAAGATTTACC-1,4-5,0.13333333333333333,0.09746361251454151,0.07944138,False,0.06941070966422558
7351,AGCGGCACACTTTC-1,8-9,0.06666666666666667,0.06077222973772036,0.2055484,False,0.0698276674374938
4737,GTTCAACTTGATGC-1,4-5,0.13333333333333333,0.09952204399585277,0.2291204,False,0.06952815502882004
11666,TCCACGTGAAAAGC-1,8-9,0.13333333333333333,0.1587820000431241,0.44477198,False,0.06993099395185709
19,AAACGGCTTTCGTT-1,4-5,0.0,0.0,0.13476193,True,0.06937445141375065
7029,ACGTTTACCGACAT-1,8-9,0.06666666666666667,0.06077222973772036,0.4015856,False,0.06948433630168438
5873,TGGTAGTGAAAAGC-1,4-5,0.06666666666666667,0.05135849223864361,0.122317106,False,0.06946832966059446
7709,ATAGCCGAACACTG-1,8-9,0.0,0.0,0.25506705,True,0.06962956860661507
1021,AGCCAATGCAAAGA-1,4-5,0.2,0.2712848345671839,0.0007635867,False,0.06985161919146776
10455,GGAATCTGTCCCAC-1,8-9,0.06666666666666667,0.04481043185393461,0.6063569,False,0.0694808792322874
3594,GAGGTGGACATTTC-1,4-5,0.0,0.0,0.015597969,True,0.06903928052634001
10366,GCGTAATGTTTACC-1,8-9,0.0,0.0,0.35816628,True,0.06969092506915331
3478,GACGTATGGGTAGG-1,4-5,0.4666666666666667,0.48317765844029975,0.09685177,False,0.06946850102394819
9147,CGGGCATGCACTTT-1,8-9,0.2,0.22296021112664355,0.20483604,False,0.06906239967793226
3437,GACGAACTACAGCT-1-1,4-5,0.2,0.16717274908159022,0.21564183,False,0.06955499295145273
9226,CGTTAACTATCACG-1,8-9,0.0,0.0,0.026625633,True,0.06920601986348629
457,ACACCAGAGTAAGA-1,4-5,0.06666666666666667,0.05686973942620158,0.8900023,False,0.06939371768385172
7468,AGGGTGGAGAGGTG-1,8-9,0.2,0.15072857797457567,0.34291795,False,0.06918038427829742
5362,TCATCATGATGGTC-1,4-5,0.0,0.0,0.21931057,True,0.06937351170927286
6261,AAACGCACGCTTAG-1-1,8-9,0.3333333333333333,0.3588251018444684,0.060577367,False,0.06924491003155708
2712,CGCACTACTCCTAT-1,4-5,0.0,0.0,0.3569703,True,0.06962192710489035
7896,ATGCAGTGCAGCTA-1,8-9,0.2,0.18177812973172314,0.3767095,False,0.06940506771206856
106,AACACGTGTTCTTG-1,4-5,0.2,0.2646200150868996,0.25751525,False,0.06940251775085926
12196,TGTGGATGGGTAGG-1,8-9,0.2,0.28592699735970917,0.024903633,False,0.0695580504834652
3822,GCACTAGACTAGTG-1,4-5,0.06666666666666667,0.05135849223864361,0.0420153,False,0.06953833345323801
7587,AGTGTGACGACTAC-1-1,8-9,0.0,0.0,0.74149334,True,0.06979100313037634
3552,GAGCGGCTTCGCAA-1,4-5,0.0,0.0,0.046965536,True,0.0698504215106368
11469,TATACAGACCTTGC-1-1,8-9,0.06666666666666667,0.043668798524938345,0.34759927,False,0.06956367939710617
1160,AGGGAGTGACGTAC-1,4-5,0.13333333333333333,0.09992633629866744,0.04416448,False,0.06963350903242826
10787,GTACGAACCACTTT-1,8-9,0.0,0.0,0.16258158,True,0.06954730674624443
3353,GAAGTCACTCGCTC-1,4-5,0.3333333333333333,0.4184497318531864,0.09622063,False,0.0690185185521841
8162,CAAGTCGAGCCTTC-1,8-9,0.4666666666666667,0.4991950334082087,1.3964642,False,0.06939036026597023
2864,CGTGAAACGAGGTG-1,4-5,0.06666666666666667,0.046105120275897894,0.23529989,False,0.06964273285120726
6796,ACCAACGAGACGAG-1-1,8-9,0.0,0.0,0.55641717,True,0.06940385513007641
706,ACGGCTCTGGTTTG-1,4-5,0.13333333333333333,0.11081108688510354,0.22846937,False,0.06949847750365734
11060,GTTCAACTATGCCA-1,8-9,0.06666666666666667,0.08530460913930238,0.1783089,False,0.06949142832309008
5358,TCATCAACCCACCT-1,4-5,0.06666666666666667,0.043668798524938345,0.07347794,False,0.06955218594521284
9696,GAAGTCACTCCCAC-1,8-9,0.06666666666666667,0.04265230456965119,0.32039645,False,0.06932408269494772
5771,TGCGCACTGACTAC-1,4-5,0.06666666666666667,0.053821216022769555,0.31189594,False,0.06936808116734028
10721,GGTAGTACGAGATA-1-1,8-9,0.0,0.0,0.5803312,True,0.06890111789107323
5374,TCATGTACTTCACT-1,4-5,0.06666666666666667,0.04265230456965119,0.66963685,False,0.0697740251198411
8400,CAGCTAGAGTGTAC-1,8-9,0.3333333333333333,0.4589785037892797,0.017157897,False,0.06958790775388479
2284,CATTGGGACTTCCG-1,4-5,0.06666666666666667,0.08530460913930238,0.09698727,False,0.06936081405729055
8389,CAGCGGACACACGT-1,8-9,0.0,0.0,0.7565789,True,0.06962541025131941
4122,GGAAGGTGGTAGCT-1,4-5,0.06666666666666667,0.07347739090382172,0.1889091,False,0.0693019749596715
6734,ACACATCTATGACC-1,8-9,0.06666666666666667,0.04481043185393461,0.45693958,False,0.06915697082877159
2806,CGGCGATGTGCAGT-1,4-5,0.26666666666666666,0.23457501832130917,0.23209885,False,0.06925475783646107
11918,TGACTTACGAACCT-1,8-9,0.0,0.0,0.37985724,True,0.06957779824733734
2178,CAGTTTACCTCAGA-1,4-5,0.3333333333333333,0.2686610390997268,0.41016078,False,0.06938077695667744
8881,CCTGAGCTTGCTTT-1,8-9,0.13333333333333333,0.09992633629866744,0.06353352,False,0.06973169464617968
3901,GCCACGGACAGGAG-1,4-5,0.06666666666666667,0.0475902379018706,0.2984002,False,0.06949963327497244
6329,AAATGTTGTCACCC-1,8-9,0.13333333333333333,0.13424962064154208,0.27187452,False,0.06963648460805416
3926,GCCCAGGACGGTAT-1,4-5,0.13333333333333333,0.12729860692659126,0.18041433,False,0.0695787463337183
9121,CGGAGGCTTCACCC-1,8-9,0.0,0.0,0.51527977,True,0.06922092381864786
5883,TGGTATCTTGCTGA-1,4-5,0.26666666666666666,0.22925196473582687,0.09825852,False,0.069157007150352
9649,GAACCTGACCTTCG-1,8-9,0.06666666666666667,0.04265230456965119,0.12593637,False,0.06887352373450994
6093,TTCCAAACAAGTGA-1,4-5,0.0,0.0,0.1053074,True,0.06941796001046896
9915,GAGGGTGAACCTGA-1,8-9,0.0,0.0,0.16353457,True,0.06880379188805819
416,AATTGTGAAACGGG-1,4-5,0.13333333333333333,0.1314097294152003,0.5263748,False,0.06908680312335491
8396,CAGCGGACTGGCAT-1,8-9,0.0,0.0,0.18633786,True,0.06933523062616587
385,AATGCGTGTATCTC-1,4-5,0.0,0.0,0.77612495,True,0.06948939990252256
7899,ATGCCAGACTGAAC-1,8-9,0.0,0.0,0.11352226,True,0.06962436251342297
2235,CATCGGCTGCTGTA-1,4-5,0.26666666666666666,0.2554744448766035,0.50911576,False,0.06918397545814514
11791,TCGTGAGAGAGGAC-1,8-9,0.4,0.5426163119589229,0.28203312,False,0.06919665168970823
1993,CACCACTGCTTATC-1,4-5,0.13333333333333333,0.15131123057047743,0.3211228,False,0.06952337455004454
7326,AGCCTCACCCAGTA-1,8-9,0.13333333333333333,0.21671433855450267,0.36001956,False,0.06935353949666023
5820,TGGAGACTGGTGGA-1,4-5,0.13333333333333333,0.18111982294936083,0.5270743,False,0.06997308507561684
7772,ATCAGGTGGGTCAT-1,8-9,0.06666666666666667,0.05686973942620158,0.63493,False,0.069154879078269
3460,GACGCTCTCCTAAG-1,4-5,0.2,0.18213035050464182,0.030002944,False,0.06931508705019951
10228,GCCACTACTACGCA-1,8-9,0.13333333333333333,0.16146364806830865,0.361228,False,0.0696048904210329
522,ACATTCTGTTTGCT-1,4-5,0.06666666666666667,0.17060921827860476,0.21295333,False,0.06947165261954069
10840,GTAGTGTGGCGGAA-1,8-9,0.0,0.0,0.20916717,True,0.06907708011567593
2097,CAGACTGATAGTCG-1,4-5,0.4,0.40254283103961624,0.47174406,False,0.06942476239055395
12401,TTCTTACTGCGAGA-1,8-9,0.0,0.0,0.034616996,True,0.06873963586986065
4235,GGCCACGATGTGGT-1,4-5,0.13333333333333333,0.22747895770480633,0.19189751,False,0.06904472596943378
6488,AAGAGATGTTCATC-1,8-9,0.13333333333333333,0.21819945618047537,0.6250328,False,0.0691910870373249
5380,TCATTGACAGTTCG-1,4-5,0.0,0.0,0.5159123,True,0.06947041302919388
11166,TAAGGCTGCGTTGA-1,8-9,0.06666666666666667,0.043668798524938345,0.8269185,False,0.06926342751830816
5346,TCAGTGGAAGTACC-1,4-5,0.0,0.0,0.38846153,True,0.06896484270691872
8229,CACAGCCTGAATGA-1,8-9,0.13333333333333333,0.21671433855450267,0.6490687,False,0.06969918217509985
4779,TAAATGTGCTTTAC-1,4-5,0.13333333333333333,0.17364308707670803,0.38977545,False,0.06958010327070951
8007,ATTCGACTTTCCGC-1-1,8-9,0.0,0.0,0.04991183,True,0.06899211555719376
5755,TGCCGACTATGTCG-1,4-5,0.0,0.0,0.13046123,True,0.06946564931422472
9679,GAAGCTACGTGTCA-1,8-9,0.06666666666666667,0.04265230456965119,0.89115345,False,0.06997339148074389
1149,AGGCCTCTTAGTCG-1,4-5,0.13333333333333333,0.11210577530706682,0.6799069,False,0.0697936387732625
7437,AGGCCTCTCCAGTA-1,8-9,0.06666666666666667,0.046105120275897894,0.18830347,False,0.06948710884898901
4070,GCTCACTGAGAGTA-1,4-5,0.2,0.20176998794940923,0.24801147,False,0.06945359706878662
11420,TAGTATGAGATACC-1,8-9,0.3333333333333333,0.46669459953615133,0.07186832,False,0.06948922295123339
3660,GATATCCTCCCGTT-1,4-5,0.13333333333333333,0.16841466178325945,0.9087496,False,0.06980931293219328
11484,TATCAAGAACTCAG-1,8-9,0.0,0.0,0.3294704,True,0.06989589985460043
4383,GGTATCGATATCTC-1,4-5,0.13333333333333333,0.10168017128013618,0.91051275,False,0.07009719219058752
12052,TGGAAAGATCAGGT-1,8-9,0.13333333333333333,0.0936953581777685,0.49601102,False,0.069955388084054
5341,TCAGTACTCTAGCA-1,4-5,0.2,0.3517290412279656,0.6162569,False,0.0695642177015543
8109,CAACGATGGCTATG-1,8-9,0.06666666666666667,0.07347739090382172,0.19488879,False,0.06948546692728996
4812,TAAGAGGACTTTAC-1,4-5,0.4666666666666667,0.3872469950558797,0.014955447,False,0.06988917291164398
11356,TAGCCCTGTTCGCC-1,8-9,0.06666666666666667,0.17060921827860476,0.35277075,False,0.06962417159229517
1551,ATCTTGACACACAC-1,4-5,0.2,0.15679607572486906,0.11474293,False,0.06952493079006672
10626,GGCTAAACTTCTGT-1,8-9,0.13333333333333333,0.16841466178325945,0.39446354,False,0.06992489285767078
3782,GCAATCGATGCCTC-1,4-5,0.2,0.1805941007916588,0.053412087,False,0.06986462883651257
8429,CAGGTTGACCAGTA-1,8-9,0.06666666666666667,0.10764243204553911,0.17548531,False,0.06957548949867487
5449,TCCTAAACGGTCTA-1,4-5,0.2,0.22746430309947757,0.4964419,False,0.06959095876663923
12421,TTGAGGACAGCTCA-1,8-9,0.06666666666666667,0.17060921827860476,0.12358084,False,0.06949463952332735
1829,CAAATATGGGTTTG-1,4-5,0.13333333333333333,0.1552326699474097,0.27549648,False,0.06897740624845028
9616,GAAACAGACCAAGT-1,8-9,0.0,0.0,0.19992349,True,0.06895522587001324
717,ACGGTATGTCGTGA-1,4-5,0.06666666666666667,0.046105120275897894,0.41410357,False,0.06917918380349874
10480,GGACATTGGTTTGG-1,8-9,0.13333333333333333,0.11213072197636398,0.26509756,False,0.06922048702836037
1528,ATCGGTGAGACGTT-1,4-5,0.13333333333333333,0.21427801680354308,0.11948086,False,0.06990605592727661
12045,TGCTGAGAGAACCT-1,8-9,0.0,0.0,0.29285574,True,0.06916781794279814
1434,ATATACGAGATAAG-1,4-5,0.13333333333333333,0.11008935378765586,0.12982386,False,0.06951006315648556
6369,AACAGCACACCTTT-1,8-9,0.2,0.21600489968513006,0.4736579,False,0.06945522874593735
5956,TTACACACATTCCT-1,4-5,0.06666666666666667,0.046105120275897894,0.030797016,False,0.06949619855731726
8164,CAAGTCGAGGTAGG-1,8-9,0.06666666666666667,0.05135849223864361,0.31101593,False,0.06955386698246002
2172,CAGTTGGAATCACG-1,4-5,0.2,0.1709410034183632,0.1081905,False,0.06981431879103184
10112,GCACAAACCCTCCA-1-1,8-9,0.26666666666666666,0.18217458855664145,0.01494016,False,0.0698157474398613
4999,TACTTTCTTCGCAA-1,4-5,0.06666666666666667,0.17060921827860476,0.49004343,False,0.06957301683723927
11567,TCAAGTCTCACTGA-1,8-9,0.0,0.0,0.060903043,True,0.06937961466610432
1489,ATCCTAACGTTCTT-1,4-5,0.13333333333333333,0.10558266159165496,0.17309424,False,0.06966245360672474
7277,AGCAAGCTTATCTC-1,8-9,0.06666666666666667,0.17060921827860476,0.095816314,False,0.06892416253685951
3085,CTCTAAACTCGATG-1,4-5,0.2,0.20627407992224328,0.083211765,False,0.06957264989614487
9425,CTCCTACTGGTGGA-1,8-9,0.06666666666666667,0.10764243204553911,0.16181043,False,0.06953613646328449
4239,GGCCCAGACATGAC-1,4-5,0.13333333333333333,0.15374755232143703,0.056159288,False,0.06946385093033314
11630,TCAGGATGTTTCAC-1,8-9,0.13333333333333333,0.13912582516207192,0.33585668,False,0.0689851213246584
3653,GATATAACTCCTCG-1,4-5,0.06666666666666667,0.06077222973772036,0.48419824,False,0.069648377597332
9062,CGCGAGACGACGTT-1,8-9,0.0,0.0,0.21149127,True,0.06891232915222645
2321,CCAAGATGCCCAAA-1,4-5,0.0,0.0,0.012299161,True,0.06963921338319778
10006,GATATCCTAGAGAT-1,8-9,0.06666666666666667,0.17060921827860476,0.63327163,False,0.06963622104376554
899,AGACACTGCCGTTC-1,4-5,0.06666666666666667,0.06600065503116892,0.131322,False,0.06931948196142912
10020,GATCCGCTAATCGC-1,8-9,0.0,0.0,0.17946884,True,0.06946503091603518
5114,TAGTATGATTATCC-1,4-5,0.06666666666666667,0.046105120275897894,0.6478512,False,0.06931287422776222
8310,CACTCCGAAGTGCT-1,8-9,0.26666666666666666,0.2855608512120195,0.13106154,False,0.0696084750816226
1095,AGCTTACTCTTCCG-1,4-5,0.06666666666666667,0.05686973942620158,0.1306497,False,0.0693955346941948
11953,TGATAAACTCTCCG-1,8-9,0.4,0.34546328079576644,0.3250783,False,0.06891536619514227
4343,GGGTTAACATGTCG-1,4-5,0.13333333333333333,0.0969073619518061,0.43887326,False,0.06904448568820953
12050,TGGAAAGAACCACA-1,8-9,0.13333333333333333,0.12729860692659126,0.46771282,False,0.06991384085267782
2386,CCAGTGCTTACTGG-1,4-5,0.13333333333333333,0.1267728847688893,0.17228141,False,0.07008985709398985
8745,CCCATCGATGTGGT-1,8-9,0.06666666666666667,0.10764243204553911,0.44763404,False,0.06989364698529243
1456,ATCACGGACTTCGC-1,4-5,0.3333333333333333,0.435578081797866,0.31253576,False,0.06925687473267317
9285,CTACGGCTCTGTGA-1,8-9,0.2,0.2026637564091149,0.63622576,False,0.06955508422106504
1564,ATGAAACTCTTGCC-1,4-5,0.06666666666666667,0.17060921827860476,0.07829489,False,0.06913999747484922
8257,CACCGTACCGGTAT-1,8-9,0.0,0.0,0.1316928,True,0.06961340550333261
1697,ATTCAGCTCACTAG-1,4-5,0.06666666666666667,0.17060921827860476,0.7854976,False,0.06921762321144342
6374,AACATTGAAACGGG-1,8-9,0.06666666666666667,0.046105120275897894,0.00992848,False,0.06924846302717924
697,ACGGAACTTGGTAC-1,4-5,0.06666666666666667,0.049317124049935504,0.2491424,False,0.0699875969439745
7711,ATAGCCGACCTGAA-1,8-9,0.06666666666666667,0.0475902379018706,0.008967124,False,0.06929320842027664
999,AGCAAGCTAAGGCG-1,4-5,0.0,0.0,0.30328262,True,0.06968751177191734
8878,CCTGACTGGTTGTG-1,8-9,0.0,0.0,0.12505662,True,0.06961674708873034
515,ACATCACTACCAAC-1-1,4-5,0.26666666666666666,0.2310952537816586,0.41321823,False,0.06919833924621344
8001,ATTCCATGCTCTAT-1,8-9,0.06666666666666667,0.053821216022769555,0.39762202,False,0.07002214714884758
3491,GACTCCTGTGGAGG-1,4-5,0.26666666666666666,0.19701205854356066,0.14796253,False,0.06956078670918941
7582,AGTGACTGAATGCC-1,8-9,0.06666666666666667,0.053821216022769555,0.17962249,False,0.06933668255805969
4395,GGTGGAGACCACAA-1,4-5,0.06666666666666667,0.10764243204553911,0.4723333,False,0.06954185012727976
8300,CACTAGGATGTAGC-1,8-9,0.06666666666666667,0.06600065503116892,0.25575253,False,0.0694164028391242
4597,GTCTGAGAGTACAC-1,4-5,0.0,0.0,0.010369787,True,0.06974187772721052
9733,GACAACTGGAGGTG-1,8-9,0.26666666666666666,0.2645835858758377,0.17465235,False,0.06922204326838255
1741,ATTGCACTTATGGC-1,4-5,0.2,0.32306208217807847,0.2557331,False,0.06902382057160139
7185,AGACGTACGCCATA-1,8-9,0.06666666666666667,0.05135849223864361,0.39694646,False,0.06909515708684921
5348,TCAGTGGATCCCAC-1,4-5,0.06666666666666667,0.06600065503116892,0.16903418,False,0.06945092137902975
7699,ATAGATACAGTGCT-1,8-9,0.06666666666666667,0.049317124049935504,0.16729353,False,0.06957922130823135
4414,GTAAGCACTGCAAC-1,4-5,0.0,0.0,0.19828331,True,0.06972219049930573
12321,TTCAGACTGAAACA-1,8-9,0.2,0.16900046140256555,0.5793945,False,0.06964231748133898
3617,GAGTACTGTGCCAA-1,4-5,0.0,0.0,0.03379619,True,0.06923380773514509
10561,GGCAAGGAAACCTG-1,8-9,0.06666666666666667,0.06077222973772036,1.4861088,False,0.06977112032473087
4800,TAACATGATAAGCC-1,4-5,0.26666666666666666,0.2204682429466578,0.16772904,False,0.06966472882777452
10811,GTAGCATGACGCAT-1,8-9,0.4,0.42501543998731417,0.038432494,False,0.06946391146630049
3465,GACGGCACACTGGT-1,4-5,0.0,0.0,0.49072608,True,0.06938854604959488
6963,ACGGAACTCTCGCT-1,8-9,0.06666666666666667,0.0475902379018706,0.27156958,False,0.06975903641432524
3381,GACAACACCCTATT-1,4-5,0.26666666666666666,0.254735764877849,0.50160915,False,0.06950112152844667
12426,TTGAGGTGCACCAA-1,8-9,0.13333333333333333,0.21671433855450267,0.23703372,False,0.0697136651724577
5425,TCCCTACTAGACTC-1,4-5,0.06666666666666667,0.0475902379018706,0.009515521,False,0.06959152314811945
11733,TCCTAATGCTATTC-1,8-9,0.26666666666666666,0.3261106055815105,0.092381135,False,0.06948449555784464
4452,GTACTACTATTCCT-1,4-5,0.26666666666666666,0.22439565199007414,0.41129437,False,0.06950624380260706
8362,CAGACCCTTCTTCA-1,8-9,0.0,0.0,0.5507199,True,0.06975321285426617
6113,TTCGGAGACACTAG-1,4-5,0.0,0.0,0.11127823,True,0.06969597656279802
8561,CATTGACTGGTCTA-1,8-9,0.0,0.0,0.37826192,True,0.06993156485259533
1592,ATGCAGTGTTCTAC-1,4-5,0.0,0.0,0.45374048,True,0.06893575191497803
9029,CGCAGGTGTGACTG-1,8-9,0.3333333333333333,0.3023771348667299,0.58911157,False,0.06976346205919981
5834,TGGATGTGCATTGG-1,4-5,0.06666666666666667,0.05686973942620158,0.69511586,False,0.06903630960732698
10716,GGTACATGCTGAAC-1,8-9,0.06666666666666667,0.06600065503116892,0.36225948,False,0.06918328255414963
1154,AGGCTAACTTTCTG-1,4-5,0.0,0.0,0.729074,True,0.06935603730380535
9455,CTGAAGTGCGGAGA-1,8-9,0.13333333333333333,0.21671433855450267,0.024245072,False,0.06889917887747288
866,AGAACGCTGAAACA-1,4-5,0.0,0.0,0.68420386,True,0.06969202682375908
7838,ATCTGGGAAACTGC-1,8-9,0.13333333333333333,0.24408660918242647,0.1500987,False,0.06970490701496601
4603,GTGAACACTGTTTC-1,4-5,0.3333333333333333,0.29006809020825786,0.4667374,False,0.0688365288078785
8762,CCCGGAGACTTGGA-1,8-9,0.06666666666666667,0.049317124049935504,0.049287423,False,0.0687064565718174
2250,CATGCGCTCCCACT-1,4-5,0.0,0.0,0.17714462,True,0.06964253261685371
6619,AATCAAACCTGTAG-1,8-9,0.06666666666666667,0.10764243204553911,0.5601204,False,0.06917841639369726
5669,TGAGGACTTCGCTC-1,4-5,0.06666666666666667,0.07347739090382172,0.4799102,False,0.06940641719847918
11745,TCGAATCTAAAGCA-1,8-9,0.06666666666666667,0.05686973942620158,0.5666474,False,0.06908974144607782
2396,CCATCCGAAGAATG-1,4-5,0.0,0.0,0.29541647,True,0.06956540793180466
12429,TTGAGGTGTCTCAT-1,8-9,0.06666666666666667,0.06077222973772036,0.1105518,False,0.0693586515262723
5962,TTACAGCTAGGTCT-1,4-5,0.0,0.0,0.19398107,True,0.06948721781373024
9697,GAAGTCACTCTAGG-1,8-9,0.0,0.0,0.019173577,True,0.06986454781144857
805,ACTGAGACACGGTT-1-1,4-5,0.2,0.16913899510387398,0.1492951,False,0.06965004745870829
6888,ACCTTTGAGGGACA-1,8-9,0.13333333333333333,0.25591382741790714,0.07000411,False,0.06921870727092028
3037,CTCAGAGATGGTAC-1,4-5,0.13333333333333333,0.08632110309458953,0.23654228,False,0.06958899646997452
11438,TAGTGGTGATGCCA-1,8-9,0.2,0.14562716427175065,0.7302035,False,0.06915030907839537
2006,CACCGTTGATTCCT-1,4-5,0.0,0.0,0.33095682,True,0.06960069574415684
7458,AGGGCCTGGTACCA-1,8-9,0.06666666666666667,0.0475902379018706,0.36685115,False,0.06932637933641672
2664,CGAGCGTGCAGATC-1,4-5,0.13333333333333333,0.14607683887702272,0.35291624,False,0.06960357166826725
7966,ATTAAGACCTTAGG-1,8-9,0.06666666666666667,0.10764243204553911,0.09871549,False,0.06930211372673512
4126,GGAAGGTGTTGTGG-1,4-5,0.06666666666666667,0.04265230456965119,0.052236438,False,0.06948253698647022
11139,TAACTAGACGCTAA-1,8-9,0.0,0.0,0.19768736,True,0.0694356681779027
3284,GAAAGCCTTGCTTT-1,4-5,0.13333333333333333,0.12106762880569233,0.48236114,False,0.0693631311878562
6723,ACAATAACTTGCGA-1,8-9,0.13333333333333333,0.14607683887702272,0.5451595,False,0.06882632523775101
495,ACAGTCGATGACAC-1,4-5,0.0,0.0,0.42358112,True,0.06959945429116488
11210,TACAATGATTGGCA-1,8-9,0.0,0.0,0.55662924,True,0.0695742815732956
3287,GAAATACTCTCTAT-1,4-5,0.0,0.0,0.6230978,True,0.06915769353508949
6741,ACACCCTGTGGGAG-1,8-9,0.13333333333333333,0.08875742484554909,0.114542276,False,0.06913667637854815
100,AACAATACGTTCTT-1,4-5,0.06666666666666667,0.0475902379018706,0.17361672,False,0.06933667697012424
9977,GATAATACTGACCA-1,8-9,0.26666666666666666,0.22420596887839736,0.083344355,False,0.06879914738237858
3922,GCCCAACTTTACTC-1,4-5,0.06666666666666667,0.046105120275897894,0.44235903,False,0.06934238877147436
9439,CTCGACTGGGCAAG-1,8-9,0.06666666666666667,0.05686973942620158,0.84446305,False,0.06971499603241682
4077,GCTCAGCTCTTCCG-1,4-5,0.06666666666666667,0.043668798524938345,0.37781304,False,0.06971525400876999
8125,CAAGAAGACTGGTA-1,8-9,0.13333333333333333,0.12483588314246533,0.33693874,False,0.06987235601991415
4858,TAATGATGTCAGAC-1,4-5,0.0,0.0,0.549518,True,0.0701401773840189
12016,TGCCAGCTCTAGTG-1,8-9,0.0,0.0,0.01531896,True,0.06934527773410082
316,AATAACACCCTGAA-1,4-5,0.0,0.0,0.39328963,True,0.06953667383641005
6348,AACAAACTTGTGCA-1,8-9,0.3333333333333333,0.2678174773410258,0.20235056,False,0.06958404183387756
4391,GGTCTAGAAGGCGA-1,4-5,0.13333333333333333,0.11069095544897115,0.30357546,False,0.06990089174360037
12297,TTCAAAGAATGCTG-1,8-9,0.13333333333333333,0.11213072197636398,0.0263028,False,0.0693661393597722
507,ACAGTTCTCTGAGT-1,4-5,0.13333333333333333,0.22196771051724837,0.21569325,False,0.06941319536417723
11458,TATAAGTGAACGTC-1,8-9,0.06666666666666667,0.06077222973772036,0.18997785,False,0.06957855634391308
1808,ATTTGCACTAAGGA-1,4-5,0.0,0.0,0.16685592,True,0.06908206455409527
8124,CAAGAAGACATTTC-1,8-9,0.13333333333333333,0.22443043430137433,0.2693326,False,0.06913476996123791
2630,CGACCTACCTACTT-1,4-5,0.06666666666666667,0.043668798524938345,0.33721212,False,0.06950790714472532
11606,TCACTATGCGCCTT-1,8-9,0.3333333333333333,0.3525830081360523,0.27894503,False,0.06887647043913603
5918,TGTATGCTCTTGCC-1,4-5,0.0,0.0,0.06331043,True,0.06924676150083542
12392,TTCTCAGACGATAC-1,8-9,0.26666666666666666,0.35231484084727166,0.23056968,False,0.06948970537632704
338,AATATCGAGTATGC-1,4-5,0.13333333333333333,0.09647352059242074,0.0972924,False,0.06917810719460249
10343,GCGGACTGGGAGTG-1,8-9,0.0,0.0,0.08165572,True,0.0696428082883358
5649,TGACTTTGACGTAC-1,4-5,0.06666666666666667,0.043668798524938345,0.21829198,False,0.06974303815513849
11878,TGACACGACTAGTG-1,8-9,0.6,0.6099207688354655,0.06424509,False,0.06911504361778498
2331,CCAATGGAGGATTC-1,4-5,0.0,0.0,0.17529052,True,0.06889289524406195
6895,ACGAACTGTGGCAT-1,8-9,0.0,0.0,0.33612448,True,0.06933807767927647
1860,CAACGTGATAGACC-1,4-5,0.06666666666666667,0.0475902379018706,0.18162625,False,0.06949929241091013
11742,TCCTACCTGTACGT-1,8-9,0.0,0.0,0.92956907,True,0.06958611775189638
4541,GTCATACTATGGTC-1,4-5,0.06666666666666667,0.05135849223864361,0.044910487,False,0.06935975700616837
7019,ACGTGCCTGTTGTG-1,8-9,0.0,0.0,0.30055162,True,0.06953562516719103
1989,CACCACTGATAAGG-1,4-5,0.26666666666666666,0.24224576296960096,0.25300726,False,0.06981094088405371
8643,CCAGACCTCACTGA-1,8-9,0.06666666666666667,0.05135849223864361,0.31850782,False,0.06954871211200953
3748,GATTGGACCTTCCG-1,4-5,0.13333333333333333,0.1929470411848415,0.63992614,False,0.06958850007504225
6583,AAGTGCACTCCGAA-1,8-9,0.2,0.18416834635279286,0.7634084,False,0.06976164877414703
5146,TATAAGACCCTTCG-1,4-5,0.13333333333333333,0.13011504099323698,0.19592488,False,0.06948899012058973
6823,ACCAGTGATAAGCC-1,8-9,0.0,0.0,0.5430975,True,0.0697722677141428
5228,TATGGGTGCCTACC-1,4-5,0.06666666666666667,0.10764243204553911,0.5225919,False,0.06972217559814453
11070,GTTCAGGATTAGGC-1,8-9,0.13333333333333333,0.10297485970209948,0.10670939,False,0.06924586836248636
3678,GATCGAACGTGTCA-1,4-5,0.13333333333333333,0.11008935378765586,0.6772202,False,0.06925957277417183
6912,ACGAGGGATTCACT-1,8-9,0.0,0.0,0.49862355,True,0.06958056148141623
820,ACTGTGGATTGTGG-1,4-5,0.06666666666666667,0.049317124049935504,0.3611657,False,0.06994395516812801
10652,GGGAAGTGGGGTGA-1,8-9,0.0,0.0,0.42616954,True,0.06927192769944668
3704,GATGACACGACGGA-1,4-5,0.0,0.0,0.06338842,True,0.06958903931081295
7753,ATCAACCTAAGCAA-1,8-9,0.06666666666666667,0.05686973942620158,0.096697226,False,0.06955704651772976
3681,GATCGATGGGGTGA-1,4-5,0.0,0.0,0.013452336,True,0.06882407888770103
10418,GCTCGACTTGCCTC-1,8-9,0.2,0.16142289935700233,0.25442916,False,0.06933744344860315
5695,TGATTCACGACAAA-1,4-5,0.0,0.0,0.28891805,True,0.0690798768773675
12252,TTAGACCTGGATCT-1,8-9,0.0,0.0,0.017256841,True,0.06926372367888689
2704,CGCAACCTTTCTTG-1,4-5,0.3333333333333333,0.46632248698845546,0.5102582,False,0.06927569303661585
10267,GCCGGAACTCCCGT-1,8-9,0.06666666666666667,0.05686973942620158,0.39841363,False,0.06896217167377472
3070,CTCGACACCTGCAA-1,4-5,0.13333333333333333,0.1929470411848415,0.40387148,False,0.06948070973157883
9113,CGGACTCTAACCGT-1,8-9,0.0,0.0,0.32132053,True,0.06937469635158777
2569,CCTGAGCTGTACGT-1,4-5,0.0,0.0,0.1923585,True,0.06987001374363899
12124,TGGTTACTACCAAC-1,8-9,0.3333333333333333,0.29290292654007966,0.11176951,False,0.06941415648907423
1433,ATATACGAGAGACG-1,4-5,0.06666666666666667,0.05135849223864361,0.30299297,False,0.06971782818436623
7836,ATCTGACTTCAGAC-1,8-9,0.06666666666666667,0.10764243204553911,0.42505515,False,0.07002620212733746
5597,TGAAATTGTAGACC-1,4-5,0.13333333333333333,0.08847923037887294,0.042599984,False,0.06976379361003637
7598,AGTGTTCTTGGTAC-1,8-9,0.06666666666666667,0.05135849223864361,0.09167789,False,0.0691751753911376
2134,CAGCTCTGTTGACG-1,4-5,0.2,0.14434441481351745,0.17422989,False,0.06941096112132072
10523,GGAGGCCTCCGTTC-1,8-9,0.0,0.0,0.35819885,True,0.06951723992824554
3134,CTGATACTTCTCAT-1,4-5,0.13333333333333333,0.10342453430737154,0.23265308,False,0.06949218921363354
7686,ATACGGACAGTTCG-1,8-9,0.3333333333333333,0.3946327577209831,0.022554915,False,0.06966139003634453
468,ACACGAACTTCATC-1,4-5,0.06666666666666667,0.053821216022769555,0.13717312,False,0.06952141970396042
10788,GTACGAACCTTCCG-1,8-9,0.0,0.0,0.023963194,True,0.0690509807318449
2014,CACCTGACCGATAC-1,4-5,0.06666666666666667,0.043668798524938345,0.3264748,False,0.0699283704161644
10092,GCAACCCTCATCAG-1,8-9,0.2,0.15101477220924214,0.3328759,False,0.06965886522084475
4474,GTAGCTGAGACGGA-1,4-5,0.0,0.0,0.5829672,True,0.0696930792182684
9999,GATATATGCCTTCG-1,8-9,0.0,0.0,0.1662844,True,0.06957299821078777
3874,GCATGATGGGACAG-1,4-5,0.13333333333333333,0.1267728847688893,0.3082325,False,0.06931445188820362
9725,GAATTAACCAGATC-1,8-9,0.6,0.5796087834216525,0.48658252,False,0.06969928927719593
2023,CACGAAACTCGATG-1,4-5,0.0,0.0,0.20216782,True,0.06922954693436623
6594,AATAAGCTAGCCAT-1,8-9,0.06666666666666667,0.17060921827860476,0.30259076,False,0.06959338113665581
4722,GTTATCTGCCTAAG-1,4-5,0.06666666666666667,0.04265230456965119,0.19092669,False,0.069740304723382
10410,GCTCCATGCTGTGA-1,8-9,0.06666666666666667,0.06077222973772036,0.10048858,False,0.07000696007162333
4701,GTTAGGTGCTCAAG-1,4-5,0.13333333333333333,0.09992633629866744,0.45199567,False,0.06926078349351883
10353,GCGTAAACCCTATT-1,8-9,0.2,0.1350529743254564,0.19540778,False,0.06975099258124828
901,AGACACTGTCCGAA-1,4-5,0.13333333333333333,0.09298592257487384,0.4962268,False,0.06950268056243658
9324,CTAGTTTGTCTTTG-1,8-9,0.3333333333333333,0.2591991081393767,0.07875598,False,0.06973329558968544
3044,CTCAGGCTAACGTC-1,4-5,0.0,0.0,0.1731865,True,0.06994236074388027
12036,TGCGTAGAAATCGC-1,8-9,0.13333333333333333,0.27825165032414384,0.26149124,False,0.06961955595761538
48,AAAGTTTGCATTCT-1,4-5,0.06666666666666667,0.06077222973772036,0.15642269,False,0.06980356108397245
8721,CCCAACTGGGTATC-1,8-9,0.0,0.0,0.49341068,True,0.069851397536695
2866,CGTGAAACGTACGT-1,4-5,0.13333333333333333,0.11008935378765586,0.71512604,False,0.0691123940050602
7751,ATCAAATGTGATGC-1,8-9,0.13333333333333333,0.1195825111797196,0.34392756,False,0.06869231723248959
809,ACTGCCTGACCTAG-1,4-5,0.06666666666666667,0.043668798524938345,0.39168605,False,0.06912040710449219
10910,GTCCAGCTTCTACT-1,8-9,0.2,0.3048588389201468,0.2074944,False,0.0699215168133378
4864,TAATGCCTGGAACG-1,4-5,0.0,0.0,0.104466364,True,0.06928068678826094
6581,AAGTCTCTCTCCAC-1,8-9,0.0,0.0,0.059109613,True,0.06936627440154552
2908,CTAACACTGCAAGG-1,4-5,0.0,0.0,0.34413055,True,0.06879125162959099
12167,TGTCAGGACATTTC-1,8-9,0.13333333333333333,0.09401079680829481,0.20865954,False,0.06983357388526201
321,AATAAGCTGTTGCA-1,4-5,0.26666666666666666,0.19815369187255694,0.24204469,False,0.0694083096459508
6984,ACGGTAACGTGTTG-1,8-9,0.0,0.0,0.6832771,True,0.06927743181586266
2654,CGAGAACTTCATTC-1,4-5,0.06666666666666667,0.08530460913930238,0.6443789,False,0.0694099897518754
7731,ATAGGCTGCAAAGA-1,8-9,0.0,0.0,0.27051973,True,0.06937311962246895
4707,GTTAGTCTATGACC-1,4-5,0.0,0.0,0.49407664,True,0.06942701432853937
12033,TGCGCACTTCGTGA-1-1,8-9,0.3333333333333333,0.42259009873765513,0.5679072,False,0.06951436027884483
1958,CACACCTGGACGAG-1,4-5,0.06666666666666667,0.10764243204553911,0.11987659,False,0.06939321290701628
8018,ATTGAAACAGATGA-1,8-9,0.0,0.0,0.23447947,True,0.06945713888853788
3219,CTTAGGGACGGGAA-1,4-5,0.13333333333333333,0.15131123057047743,0.06049882,False,0.0693986127153039
11822,TCTAGTTGGCCTTC-1-1,8-9,0.06666666666666667,0.043668798524938345,0.10487158,False,0.06933756358921528
2948,CTACGCACAAGATG-1,4-5,0.13333333333333333,0.10067561628857913,0.15363795,False,0.06941287312656641
7077,ACTCTATGTGAGCT-1,8-9,0.6,0.6298163035907366,0.044687293,False,0.06904679164290428
5410,TCCCAGACTGCTAG-1,4-5,0.13333333333333333,0.09125903642680894,0.123870544,False,0.06963542848825455
8289,CACGGGTGTTTGCT-1,8-9,0.0,0.0,0.2833951,True,0.06964812148362398
6137,TTCTTACTGAGGCA-1,4-5,0.06666666666666667,0.06077222973772036,0.20257276,False,0.06971543096005917
9103,CGGAATTGGTGTCA-1,8-9,0.13333333333333333,0.09298592257487384,0.11869237,False,0.06936453748494387
4854,TAATGAACTTTCGT-1,4-5,0.13333333333333333,0.10558266159165496,0.48156774,False,0.06929439771920443
6345,AACAAACTACGTGT-1,8-9,0.3333333333333333,0.2989243191604832,0.10495077,False,0.06906514707952738
438,ACAATCCTCTAGAC-1,4-5,0.0,0.0,0.525491,True,0.06938263028860092
6424,AACGGTACTCAAGC-1-1,8-9,0.26666666666666666,0.2310952537816586,0.11744598,False,0.06909629050642252
4755,GTTGGATGAAAAGC-1,4-5,0.2,0.13458435065477084,0.4270073,False,0.07003534398972988
9645,GAACAGCTTGAAGA-1,8-9,0.13333333333333333,0.11459344576048992,0.054118037,False,0.06950289011001587
4252,GGCGACTGGGGTGA-1,4-5,0.13333333333333333,0.13947804593499064,0.1962686,False,0.06932364590466022
8476,CATAGTCTTCGCAA-1,8-9,0.06666666666666667,0.043668798524938345,0.060250565,False,0.06963226851075888
209,AAGAACGAGGACGA-1,4-5,0.06666666666666667,0.043668798524938345,0.27209044,False,0.06971966847777367
8693,CCATCGTGTCGTAG-1,8-9,0.2,0.17038475285562782,0.041937366,False,0.06978093832731247
3177,CTGGCACTGGTACT-1,4-5,0.3333333333333333,0.28809109104399877,0.029192358,False,0.06962375808507204
12474,TTGTACACGGTTCA-1,8-9,0.06666666666666667,0.053821216022769555,0.32162598,False,0.06912654172629118
3553,GAGCTCCTAGCGGA-1,4-5,0.2,0.18974563740196107,0.59079283,False,0.06929713860154152
6247,AAACATTGCAGATC-1,8-9,0.13333333333333333,0.1228703944573705,0.67343163,False,0.06937463860958815
5195,TATCGACTCTGTAG-1,4-5,0.06666666666666667,0.0475902379018706,0.20940536,False,0.06945863552391529
7603,AGTTATGACGTTGA-1,8-9,0.0,0.0,0.009194896,True,0.06926730461418629
3227,CTTCACCTGTGCTA-1,4-5,0.0,0.0,0.40554017,True,0.06936023943126202
7914,ATGCTTTGAGCTAC-1,8-9,0.06666666666666667,0.07347739090382172,0.38402694,False,0.06964209768921137
2525,CCTAAGGATCCCGT-1,4-5,0.13333333333333333,0.1228703944573705,0.23964709,False,0.06964169163256884
9304,CTAGATCTGTTGCA-1,8-9,0.0,0.0,0.19426775,True,0.06934823375195265
1296,AGTGTGACGTAAGA-1,4-5,0.0,0.0,0.17136344,True,0.06954975333064795
8482,CATATAGATGTCCC-1,8-9,0.06666666666666667,0.05135849223864361,0.10908653,False,0.06950903963297606
6046,TTCAAGCTCGAGTT-1,4-5,0.06666666666666667,0.046105120275897894,0.076325506,False,0.0694700125604868
8641,CCAGAAACAGTAGA-1,8-9,0.06666666666666667,0.04265230456965119,0.19680424,False,0.06935300398617983
5225,TATGGGACTTGGCA-1,4-5,0.0,0.0,0.21352871,True,0.0694480612874031
9187,CGTCAAGACCGTAA-1,8-9,0.06666666666666667,0.049317124049935504,0.34772515,False,0.06960211601108313
889,AGAATTTGCTTCTA-1,4-5,0.0,0.0,0.00890699,True,0.06962466891855001
12166,TGTCAGGACACTTT-1,8-9,0.06666666666666667,0.06077222973772036,0.5644614,False,0.0694988165050745
4185,GGAGGATGTCCTCG-1,4-5,0.2,0.2879683655484173,0.20688823,False,0.06964864023029804
9144,CGGCGATGGGTCAT-1-1,8-9,0.0,0.0,0.11022874,True,0.06928413826972246
931,AGAGATGACTCTTA-1,4-5,0.13333333333333333,0.15131123057047743,0.10116386,False,0.06932824198156595
6306,AAAGTTTGTGGTCA-1,8-9,0.2,0.21210240937361127,0.64014375,False,0.06962638907134533
358,AATCTAGAAGAACA-1,4-5,0.06666666666666667,0.05135849223864361,0.14667499,False,0.06943578459322453
11371,TAGGACTGGTACGT-1-1,8-9,0.06666666666666667,0.043668798524938345,0.83056223,False,0.06976449117064476
292,AAGTCCGAGCCATA-1,4-5,0.06666666666666667,0.06600065503116892,0.26888752,False,0.06974931433796883
6836,ACCCAAGAGGACGA-1,8-9,0.06666666666666667,0.04265230456965119,0.011881974,False,0.0696157980710268
1995,CACCCATGCACCAA-1,4-5,0.13333333333333333,0.1195825111797196,1.0549932,False,0.06975858565419912
8882,CCTGCAACATGTGC-1,8-9,0.13333333333333333,0.11531777908110442,0.09234575,False,0.06974306609481573
5990,TTAGACCTAACTGC-1,4-5,0.06666666666666667,0.04265230456965119,0.24267597,False,0.06961983814835548
9549,CTTACAACGTTCAG-1,8-9,0.0,0.0,0.035651386,True,0.06953035481274128
5901,TGTAGGTGGCCAAT-1,4-5,0.13333333333333333,0.132894847041173,0.6312024,False,0.069205685518682
12097,TGGCAATGGTATGC-1,8-9,0.2,0.27228938955874094,0.008333251,False,0.06953073665499687
3700,GATCTTTGACCTGA-1,4-5,0.0,0.0,0.4739557,True,0.06940054520964622
7597,AGTGTTCTTACGCA-1,8-9,0.13333333333333333,0.1929470411848415,0.21475609,False,0.06943305116146803
2921,CTAAGGACAGTCAC-1,4-5,0.06666666666666667,0.10764243204553911,0.6750191,False,0.06969359517097473
6797,ACCAACGAGAGGGT-1,8-9,0.06666666666666667,0.06600065503116892,0.04648643,False,0.06941691040992737
1171,AGGGCGCTTGCATG-1,4-5,0.13333333333333333,0.09746361251454151,0.35825005,False,0.06967669632285833
6339,AAATTGACGTCAAC-1,8-9,0.0,0.0,0.05746548,True,0.0694606751203537
5922,TGTCAGGAACGGAG-1,4-5,0.26666666666666666,0.37050727317839705,0.054889575,False,0.06963675748556852
9558,CTTAGACTGCTACA-1,8-9,0.2,0.17378383951817533,0.1918178,False,0.06946167536079884
6193,TTGTCATGAAACAG-1,4-5,0.06666666666666667,0.053821216022769555,0.36578104,False,0.06911139748990536
12232,TTACCATGTCCTAT-1,8-9,0.06666666666666667,0.053821216022769555,0.5309001,False,0.06939851772040129
5628,TGACGATGAAGGCG-1,4-5,0.06666666666666667,0.05135849223864361,0.20817915,False,0.06968389265239239
9107,CGGAATTGTCATTC-1,8-9,0.26666666666666666,0.23564697002756888,0.01693067,False,0.06994337309151888
3334,GAAGCTACTCATTC-1,4-5,0.0,0.0,0.5767704,True,0.06972631998360157
9530,CTGTGAGACGTACA-1,8-9,0.0,0.0,0.47260508,True,0.0695142075419426
2873,CGTGATGAAAGGTA-1,4-5,0.13333333333333333,0.24408660918242647,0.20640275,False,0.06986405607312918
9860,GAGATGCTCAAGCT-1,8-9,0.4,0.47864267843832214,0.12681566,False,0.06931728683412075
1014,AGCATCGACTGCAA-1,4-5,0.0,0.0,0.54975563,True,0.06998056266456842
7022,ACGTTACTTTGACG-1,8-9,0.0,0.0,0.5246769,True,0.07012629974633455
4181,GGAGCGCTTTCGTT-1,4-5,0.5333333333333333,0.6031782269655901,0.20561029,False,0.0694716852158308
8834,CCGTACACAGTACC-1,8-9,0.2,0.33512138975034544,0.22948205,False,0.06959532853215933
1814,CAAACTCTATAAGG-1,4-5,0.06666666666666667,0.043668798524938345,0.051534563,False,0.06973940599709749
7196,AGACTGACCTGCAA-1,8-9,0.0,0.0,0.19934012,True,0.06932686269283295
2853,CGTCCAACTATCTC-1,4-5,0.06666666666666667,0.05135849223864361,0.023759335,False,0.06933196820318699
10835,GTAGTGTGCAACTG-1,8-9,0.26666666666666666,0.28200555471629896,0.28137946,False,0.06989427376538515
2268,CATGTTTGGTTTCT-1,4-5,0.13333333333333333,0.11069095544897115,0.35508353,False,0.06912798807024956
8830,CCGTAAGACTTAGG-1,8-9,0.2,0.2080991240930596,0.6461436,False,0.06930501479655504
238,AAGCAAGAGCGGAA-1,4-5,0.2,0.21565173946932567,0.82845116,False,0.06931844912469387
8299,CACTAGGATCTCCG-1,8-9,0.3333333333333333,0.35556196924989847,0.7598035,False,0.069400979205966
1805,ATTTGCACATCGGT-1,4-5,0.2,0.21974820735260595,0.2234874,False,0.06933049764484167
7464,AGGGCGCTGTTTCT-1,8-9,0.13333333333333333,0.1569595560954746,0.18817487,False,0.06962308567017317
98,AACAATACCGACAT-1,4-5,0.0,0.0,0.009103127,True,0.06920185871422291
9451,CTGAAGACCTTACT-1-1,8-9,0.13333333333333333,0.1645121714717407,0.5036829,False,0.06983768474310637
2776,CGGACTCTGTTCGA-1,4-5,0.2,0.21955422978084446,0.039350867,False,0.06947818864136934
6891,ACGAACACTAGCCA-1,8-9,0.2,0.15972095987823456,0.32327777,False,0.06925120670348406
1834,CAACAGACGAAGGC-1,4-5,0.0,0.0,0.01699014,True,0.0693873567506671
10415,GCTCGACTGTCAAC-1,8-9,0.06666666666666667,0.0475902379018706,0.04209413,False,0.06950101815164089
3979,GCGAAGGAGGTACT-1,4-5,0.13333333333333333,0.21992634232854028,0.17112951,False,0.06908410880714655
9145,CGGCGATGTCTCCG-1,8-9,0.0,0.0,0.29355174,True,0.06920761615037918
576,ACCCAGCTTTCTCA-1,4-5,0.06666666666666667,0.046105120275897894,0.03873553,False,0.06940656807273626
10357,GCGTAAACGGTTTG-1,8-9,0.3333333333333333,0.34004037401715137,0.5403355,False,0.06889969483017921
2563,CCTCTACTTGTCTT-1,4-5,0.06666666666666667,0.04481043185393461,0.118678115,False,0.06923155765980482
8369,CAGAGGGATTTCTG-1,8-9,0.13333333333333333,0.09412755590387012,0.20967738,False,0.06965587101876736
1455,ATCACGGACGGGAA-1,4-5,0.2,0.2842001112116443,0.80002487,False,0.06968514155596495
7723,ATAGGAGAAGCTAC-1,8-9,0.2,0.19497406269540965,0.45730996,False,0.06965949945151806
2378,CCAGGTCTAGGAGC-1,4-5,0.0,0.0,0.28857288,True,0.06961426977068186
9755,GACAGTTGCGTAAC-1,8-9,0.26666666666666666,0.2595334958353165,0.29321522,False,0.06946662440896034
4654,GTGGATTGTGTCGA-1,4-5,0.0,0.0,0.8076452,True,0.06939659174531698
7459,AGGGCCTGTGACAC-1,8-9,0.0,0.0,0.3333731,True,0.06947039067745209
5508,TCGCAGCTGGAGGT-1,4-5,0.0,0.0,0.7423073,True,0.06949564628303051
8750,CCCGAACTCTTCTA-1,8-9,0.0,0.0,0.8790071,True,0.06958074308931828
473,ACACGATGTTTCGT-1,4-5,0.2,0.16964631499639993,0.257833,False,0.06930531188845634
9724,GAATGGCTTTGCTT-1,8-9,0.4,0.3492315351325395,0.23734543,False,0.06960140727460384
3537,GAGCATACGCTCCT-1,4-5,0.06666666666666667,0.17060921827860476,0.0955291,False,0.06919456087052822
8822,CCGGAGTGATTCCT-1,8-9,0.0,0.0,0.19598718,True,0.06942691374570131
4957,TACGTTACTTCCAT-1,4-5,0.0,0.0,0.23709986,True,0.06930204015225172
9795,GACGAGGATAAGGA-1,8-9,0.0,0.0,0.18607372,True,0.06912552844733
701,ACGGATTGGCCTTC-1,4-5,0.2,0.1622348157493708,0.5015251,False,0.06941314600408077
11411,TAGTACCTAGAGTA-1,8-9,0.06666666666666667,0.049317124049935504,0.05822058,False,0.06924411933869123
2642,CGACTCACTCCCAC-1,4-5,0.06666666666666667,0.049317124049935504,0.39278466,False,0.0692608430981636
12420,TTGACACTCTGCTC-1,8-9,0.0,0.0,0.30297545,True,0.06958881486207247
334,AATAGGGATCTCAT-1,4-5,0.2,0.18393625701600652,0.7751142,False,0.06955442111939192
11194,TAATGATGGGGAGT-1,8-9,0.06666666666666667,0.07347739090382172,0.12341799,False,0.06954856310039759
746,ACGTGCCTGATGAA-1,4-5,0.06666666666666667,0.0475902379018706,0.1269806,False,0.06933895591646433
6808,ACCACGCTCTTGGA-1,8-9,0.13333333333333333,0.13947804593499064,0.39416975,False,0.06932125613093376
1720,ATTCTTCTGGGATG-1,4-5,0.13333333333333333,0.0969073619518061,0.0048562614,False,0.06951294094324112
8017,ATTGAAACACCAAC-1,8-9,0.06666666666666667,0.10764243204553911,0.20337433,False,0.06965952180325985
996,AGCAACACTAGACC-1,4-5,0.0,0.0,0.018007621,True,0.06971774622797966
10900,GTCCACACGGAGCA-1,8-9,0.2,0.14883916804578826,0.69318926,False,0.06965796742588282
1045,AGCGAACTGCCCTT-1,4-5,0.3333333333333333,0.25229199015913656,0.1322041,False,0.06901587173342705
9199,CGTCGACTCCACCT-1,8-9,0.2,0.32306208217807847,0.03025838,False,0.06939396634697914
5297,TCACCCGATGCAAC-1,4-5,0.06666666666666667,0.04265230456965119,0.2626576,False,0.06943307723850012
11108,TAAAGTTGCGTAAC-1,8-9,0.0,0.0,0.4455707,True,0.06978406384587288
2431,CCCAGTTGAACCGT-1,4-5,0.0,0.0,0.4276374,True,0.06925481930375099
11224,TACCATTGATGCCA-1,8-9,0.0,0.0,0.062269237,True,0.06925619766116142
4759,GTTGTACTGCGTAT-1,4-5,0.06666666666666667,0.046105120275897894,0.05312586,False,0.06935001350939274
7014,ACGTGCCTCCTGTC-1,8-9,0.2,0.1335678566994837,0.30178767,False,0.06938128732144833
5593,TGAAATTGCTAGAC-1,4-5,0.4,0.4093041616428902,0.12432315,False,0.06978732440620661
7580,AGTGACACTGGTTG-1,8-9,0.0,0.0,0.006225601,True,0.06945221498608589
2516,CCGTAAGATTCTAC-1,4-5,0.13333333333333333,0.1228703944573705,0.25280815,False,0.06956727243959904
8430,CAGGTTGACTCTAT-1,8-9,0.26666666666666666,0.21351722923170696,0.2742417,False,0.06981281749904156
4756,GTTGGATGAGCATC-1,4-5,0.06666666666666667,0.043668798524938345,0.20498276,False,0.0694970553740859
10433,GCTTGAGAACCCTC-1,8-9,0.0,0.0,0.102979824,True,0.06907813064754009
102,AACACGTGCAGAGG-1,4-5,0.13333333333333333,0.13947804593499064,0.113208115,False,0.0696269478648901
7429,AGGCAACTAGGTTC-1,8-9,0.13333333333333333,0.1195825111797196,0.23280689,False,0.069641281850636
5051,TAGCTACTCAGATC-1,4-5,0.06666666666666667,0.07347739090382172,0.74197286,False,0.06980990897864103
10612,GGCGACACGTTCAG-1,8-9,0.06666666666666667,0.046105120275897894,0.20919645,False,0.06959337461739779
4009,GCGCGATGTTTGCT-1,4-5,0.0,0.0,0.221323,True,0.06909368373453617
8925,CGACAAACACCGAT-1,8-9,0.0,0.0,0.39228445,True,0.06968904566019773
5506,TCGCACTGGAATAG-1,4-5,0.0,0.0,0.30549628,True,0.06963284313678741
8034,ATTGCGGATGACAC-1,8-9,0.13333333333333333,0.09401079680829481,0.029379455,False,0.06964256521314383
3324,GAAGATGAGGATTC-1,4-5,0.13333333333333333,0.23660987330977368,0.088110745,False,0.06945650186389685
9402,CTCATTGAAGCAAA-1,8-9,0.3333333333333333,0.41306212391569486,0.6328764,False,0.06968789361417294
3917,GCCCAACTGATAGA-1,4-5,0.06666666666666667,0.06600065503116892,0.0666748,False,0.06959372945129871
8416,CAGGGCACAGAGGC-1,8-9,0.0,0.0,0.74364275,True,0.06978414487093687
3031,CTCAATTGCTCGAA-1,4-5,0.13333333333333333,0.10865295960082011,0.22749597,False,0.06898018717765808
10888,GTCATACTTAAGGA-1,8-9,0.0,0.0,0.15837333,True,0.06943424046039581
3051,CTCATTGATTTACC-1,4-5,0.06666666666666667,0.04481043185393461,0.15372589,False,0.06986986845731735
8670,CCAGTCACATCGTG-1,8-9,0.06666666666666667,0.04481043185393461,0.11217854,False,0.06915002688765526
3954,GCCTACACGGGCAA-1,4-5,0.06666666666666667,0.05135849223864361,0.3132053,False,0.06911598145961761
11214,TACACACTGAACCT-1,8-9,0.2,0.200250275672711,0.06471902,False,0.06949431542307138
4371,GGTAGTACAGCCAT-1,4-5,0.06666666666666667,0.10764243204553911,0.49347267,False,0.06932433322072029
6664,AATGGCTGAGCGGA-1,8-9,0.2,0.15972095987823456,0.020353168,False,0.06970001477748156
4660,GTGTACGACTTCCG-1,4-5,0.0,0.0,0.5326622,True,0.06900344789028168
9211,CGTGAATGATGTGC-1,8-9,0.26666666666666666,0.2587083363417915,0.33893216,False,0.06914235651493073
3904,GCCACTACTCTTTG-1,4-5,0.0,0.0,0.08818137,True,0.06930193491280079
11578,TCAATAGATGGTTG-1,8-9,0.0,0.0,0.46569198,True,0.06946238223463297
5751,TGCCAGCTTATGCG-1,4-5,0.2,0.16741210895580907,0.718466,False,0.06942492444068193
8827,CCGTAAGAACCAAC-1,8-9,0.2,0.28592699735970917,0.23595518,False,0.06951025314629078
6110,TTCGATTGAACCAC-1,4-5,0.06666666666666667,0.08530460913930238,0.30407193,False,0.06968324724584818
8347,CAGACAACATCAGC-1,8-9,0.0,0.0,0.18298319,True,0.06990761030465364
2475,CCCTGATGTCGCAA-1,4-5,0.06666666666666667,0.08530460913930238,1.1461148,False,0.0696294717490673
9184,CGTAGCCTGCGTTA-1,8-9,0.06666666666666667,0.043668798524938345,0.24427196,False,0.06918688956648111
5878,TGGTAGTGCGTTGA-1,4-5,0.06666666666666667,0.10764243204553911,0.27058566,False,0.06972835212945938
10021,GATCCGCTAGCATC-1,8-9,0.06666666666666667,0.049317124049935504,0.008054782,False,0.06904810108244419
3539,GAGCGAGATCCTCG-1,4-5,0.0,0.0,0.7024224,True,0.06952291820198298
12440,TTGCATTGGTGTAC-1,8-9,0.06666666666666667,0.06600065503116892,0.70525855,False,0.06919889431446791
1125,AGGAGTCTAGGAGC-1,4-5,0.13333333333333333,0.09091555212983252,0.47715148,False,0.06988521292805672
6314,AAATCAACAGTGCT-1,8-9,0.06666666666666667,0.08530460913930238,0.46952888,False,0.06953730061650276
1003,AGCACAACAGAAGT-1,4-5,0.06666666666666667,0.10764243204553911,0.13313949,False,0.06922041345387697
9776,GACCCTACAGCGTT-1,8-9,0.2,0.15979849399841126,0.050387364,False,0.06977793574333191
3503,GACTGTGAGGAAGC-1,4-5,0.06666666666666667,0.08530460913930238,0.9899893,False,0.0692259119823575
9623,GAAACCTGGAGGCA-1,8-9,0.4666666666666667,0.410665027140134,0.38249525,False,0.06920093018561602
2956,CTACTATGTCCTCG-1,4-5,0.4,0.4699673787984734,0.37195176,False,0.06941283494234085
8582,CATTTGTGTGCGTA-1,8-9,0.06666666666666667,0.043668798524938345,0.49267122,False,0.06953912787139416
5254,TATTTCCTAGTAGA-1,4-5,0.26666666666666666,0.3454980631070666,0.11038087,False,0.06943103671073914
6880,ACCTGAGATATCGG-1,8-9,0.5333333333333333,0.5067166453368994,0.066964835,False,0.06923958193510771
177,AACGTTCTTTATCC-1,4-5,0.26666666666666666,0.20163888217569395,0.15898004,False,0.06977681163698435
9434,CTCGACTGAGTACC-1,8-9,0.06666666666666667,0.043668798524938345,0.61100894,False,0.06970873847603798
2855,CGTCCATGAATCGC-1,4-5,0.3333333333333333,0.33866517866414153,0.07484299,False,0.0696626827120781
9909,GAGGGAACTGAAGA-1,8-9,0.06666666666666667,0.10764243204553911,0.08666082,False,0.06946337129920721
5249,TATGTGCTGCGGAA-1,4-5,0.13333333333333333,0.0954222443258334,0.5972872,False,0.06902908068150282
9080,CGCTAAGAGTAAGA-1,8-9,0.06666666666666667,0.043668798524938345,0.22591837,False,0.06894066371023655
2084,CACTTTGAGCGAAG-1,4-5,0.06666666666666667,0.08530460913930238,0.54883194,False,0.06918507348746061
9372,CTATTGACTTTGCT-1,8-9,0.2,0.14473676815260206,1.2826737,False,0.06934183090925217
4208,GGATGTACCTAGCA-1,4-5,0.06666666666666667,0.08530460913930238,0.051706597,False,0.06881621293723583
6768,ACAGTGTGCGACTA-1,8-9,0.2,0.16346426754571045,0.18893874,False,0.06905175466090441
3838,GCAGCGTGCGTAGT-1,4-5,0.0,0.0,0.34319156,True,0.06898439303040504
10095,GCAACCCTGTATGC-1,8-9,0.2,0.2647367741824749,0.09458344,False,0.06941623147577047
2775,CGGACTCTATTTCC-1,4-5,0.13333333333333333,0.10297485970209948,0.06933726,False,0.06970107462257147
8833,CCGTACACAAGTAG-1,8-9,0.26666666666666666,0.20830110143281144,0.41440004,False,0.06969160865992308
2476,CCCTTACTGATACC-1,4-5,0.2,0.16069856603638782,0.21838805,False,0.0697007430717349
8157,CAAGGTTGCGGAGA-1,8-9,0.0,0.0,0.47167313,True,0.0696321465075016
5389,TCCACTCTGTTAGC-1,4-5,0.06666666666666667,0.06077222973772036,0.08596215,False,0.06883085425943136
11583,TCACAACTGAAACA-1,8-9,0.13333333333333333,0.21819945618047537,0.6218912,False,0.06972560007125139
1578,ATGAGCACGCGATT-1,4-5,0.4,0.3523101700879596,0.14661117,False,0.06961576640605927
6515,AAGCCTGACGCTAA-1,8-9,0.06666666666666667,0.05686973942620158,0.10543958,False,0.0693884501233697
4344,GGGTTAACCAAGCT-1,4-5,0.06666666666666667,0.05135849223864361,0.061910957,False,0.06938016135245562
10225,GCCACTACCTTATC-1,8-9,0.13333333333333333,0.21992634232854028,0.28947133,False,0.06995915900915861
5759,TGCGAAACCAGAGG-1,4-5,0.06666666666666667,0.049317124049935504,0.5793516,False,0.06969241239130497
7033,ACTAAAACCAGATC-1,8-9,0.06666666666666667,0.0475902379018706,0.18308343,False,0.06907614227384329
4954,TACGTTACGGATTC-1,4-5,0.26666666666666666,0.2229418088614675,0.10691335,False,0.06948503479361534
11512,TATCGACTTGCTCC-1,8-9,0.06666666666666667,0.043668798524938345,0.031222187,False,0.06882949359714985
1274,AGTCTTACCTGTGA-1,4-5,0.0,0.0,0.67071104,True,0.06967060174793005
10311,GCGATATGCTACTT-1,8-9,0.0,0.0,0.27404922,True,0.06951840873807669
2915,CTAACGGATTGAGC-1,4-5,0.0,0.0,0.24937195,True,0.06986383255571127
7000,ACGTCAGACTATGG-1,8-9,0.0,0.0,0.46094632,True,0.06883767899125814
2382,CCAGTCACTAACGC-1,4-5,0.0,0.0,0.09942463,True,0.06907851714640856
10929,GTCTAACTAGCGGA-1,8-9,0.0,0.0,0.06923096,True,0.06865594536066055
58,AAATCAACAGATCC-1,4-5,0.06666666666666667,0.049317124049935504,0.31747344,False,0.0689640399068594
10702,GGGTTAACGATAGA-1,8-9,0.0,0.0,0.059425145,True,0.06937401834875345
5007,TAGAATACATCGAC-1,4-5,0.0,0.0,0.295278,True,0.06939078494906425
11693,TCCCAGACAGCTAC-1,8-9,0.13333333333333333,0.1228703944573705,0.033547983,False,0.06872062291949987
6012,TTAGGTCTCTGTTT-1,4-5,0.13333333333333333,0.0936953581777685,0.12948942,False,0.06897726375609636
8929,CGACCACTGAATAG-1,8-9,0.2,0.2842001112116443,0.18823622,False,0.06886176951229572
1699,ATTCCAACCCTGTC-1,4-5,0.26666666666666666,0.2467275084963047,0.23850131,False,0.06931406073272228
12504,TTTAGGCTTAGAAG-1,8-9,0.06666666666666667,0.17060921827860476,0.37501886,False,0.0694102980196476
5754,TGCCGACTAAGGCG-1,4-5,0.06666666666666667,0.10764243204553911,0.29566237,False,0.06980575993657112
10951,GTGACAACTTTCGT-1,8-9,0.2,0.19329926195776018,0.63390315,False,0.06975308246910572
2313,CCAACCTGTCGTAG-1,4-5,0.0,0.0,0.0718333,True,0.06971075758337975
6262,AAACGCACTCTGGA-1,8-9,0.13333333333333333,0.21326152284825595,0.3174938,False,0.06952851917594671
5653,TGACTTTGGCGTAT-1,4-5,0.0,0.0,0.204174,True,0.0694466084241867
9985,GATAGAGATGCTGA-1,8-9,0.13333333333333333,0.11612969547347292,0.120879896,False,0.06941867712885141
2609,CGAATCGAGTTGGT-1,4-5,0.13333333333333333,0.09412755590387012,0.37484962,False,0.06907602492719889
11392,TAGGTGACATCTCT-1,8-9,0.0,0.0,0.042622693,True,0.07004091516137123
3297,GAACCAACGCCCTT-1,4-5,0.06666666666666667,0.17060921827860476,0.1689662,False,0.06938338465988636
11769,TCGATTTGTGTAGC-1,8-9,0.0,0.0,0.08717717,True,0.06978233717381954
2351,CCACTTCTCCACAA-1,4-5,0.06666666666666667,0.049317124049935504,0.5709676,False,0.06993409153074026
11763,TCGAGAACTTTACC-1,8-9,0.3333333333333333,0.3043498940892572,0.574997,False,0.06984481867402792
3990,GCGATATGCTCTCG-1,4-5,0.13333333333333333,0.25591382741790714,0.27787325,False,0.06967299524694681
9867,GAGCAGGACACTCC-1,8-9,0.06666666666666667,0.07347739090382172,0.3990268,False,0.06934828776866198
1547,ATCTGTTGCATGCA-1,4-5,0.2,0.2443055334234851,0.13248236,False,0.0693059740588069
11154,TAAGATACGGAACG-1,8-9,0.06666666666666667,0.07347739090382172,0.102454506,False,0.06910378579050303
3517,GAGATAGATCACGA-1,4-5,0.06666666666666667,0.10764243204553911,0.27838188,False,0.06866848841309547
10145,GCACTAGAGTGCAT-1,8-9,0.0,0.0,0.18509756,True,0.06929352600127459
463,ACACGAACAACCGT-1,4-5,0.06666666666666667,0.10764243204553911,0.038885213,False,0.06931840535253286
12449,TTGCTATGCAGAGG-1,8-9,0.0,0.0,0.7821812,True,0.06908108945935965
4595,GTCTGAGAGGAAAT-1,4-5,0.26666666666666666,0.3736738946499773,0.14223611,False,0.06927846278995275
6423,AACGGTACGTTCGA-1,8-9,0.0,0.0,0.23349407,True,0.06941228732466698
2604,CGAAGTACGGCAAG-1,4-5,0.13333333333333333,0.21541965013253936,0.2466341,False,0.06965362373739481
7931,ATGTAAACCGGAGA-1,8-9,0.26666666666666666,0.2559082862359888,0.4336918,False,0.06932648457586765
5360,TCATCAACGGTGAG-1,4-5,0.3333333333333333,0.2786699149586728,0.19849867,False,0.0694236820563674
9379,CTCAGAGAAAAAGC-1,8-9,0.13333333333333333,0.1552326699474097,0.74778455,False,0.06946144625544548
1742,ATTGCACTTCGTGA-1,4-5,0.0,0.0,0.084683105,True,0.06962335202842951
10051,GATGCATGCGCAAT-1,8-9,0.06666666666666667,0.05686973942620158,0.46621096,False,0.06930889561772346
5562,TCTATGTGCTTGCC-1,4-5,0.13333333333333333,0.11735914726981254,0.02423498,False,0.06968612503260374
7074,ACTCTATGCCTCAC-1,8-9,0.13333333333333333,0.27825165032414384,1.074779,False,0.06912162248045206
5289,TCACATACACGTGT-1,4-5,0.06666666666666667,0.049317124049935504,0.0350146,False,0.06957736052572727
7043,ACTAGGTGACTAGC-1,8-9,0.2,0.26257864689819144,0.36200577,False,0.06920492369681597
3319,GAAGAATGACTCTT-1,4-5,0.13333333333333333,0.09024254247152179,0.24426335,False,0.06947374250739813
10175,GCAGTCCTAGCGGA-1,8-9,0.2,0.15072857797457567,0.36373752,False,0.06913478579372168
5574,TCTGATACCATTTC-1,4-5,0.4666666666666667,0.5264268939119543,0.078581035,False,0.06969884037971497
8336,CACTTATGAGTCTG-1,8-9,0.26666666666666666,0.2638856295482298,0.17497048,False,0.06903074122965336
45,AAAGGCCTGGATTC-1,4-5,0.06666666666666667,0.05135849223864361,0.0839265,False,0.06913945358246565
6662,AATGGAGAGGTGAG-1,8-9,0.13333333333333333,0.09894873014051422,0.6571376,False,0.06950581446290016
2148,CAGGGCACCCAAGT-1,4-5,0.0,0.0,0.13199496,True,0.06947304215282202
8146,CAAGGACTAGTCGT-1,8-9,0.4,0.513912724890326,0.24873428,False,0.06949060223996639
5262,TCAACACTCGTAAC-1,4-5,0.0,0.0,0.13445677,True,0.06958307977765799
11472,TATACCACACACAC-1,8-9,0.0,0.0,0.3532139,True,0.06950550805777311
408,AATTACGACTTCTA-1,4-5,0.3333333333333333,0.46801623679151855,0.10461574,False,0.06940878182649612
6296,AAAGCAGATGGTGT-1,8-9,0.2,0.2063722379449947,0.014252812,False,0.06924800015985966
4995,TACTTTCTAAGTAG-1,4-5,0.06666666666666667,0.049317124049935504,0.13228357,False,0.0695589305832982
10251,GCCCATACTAAAGG-1,8-9,0.2,0.17401592885496164,0.6551328,False,0.06931639090180397
3929,GCCCAGGAGGAAAT-1,4-5,0.0,0.0,0.24092346,True,0.06955996342003345
7316,AGCCGGTGATAAGG-1,8-9,0.0,0.0,0.062209263,True,0.06949686631560326
4907,TACGAGACGAGCAG-1,4-5,0.06666666666666667,0.05135849223864361,0.004051447,False,0.0694531062617898
9183,CGTAGCCTGATACC-1,8-9,0.06666666666666667,0.04481043185393461,0.29693854,False,0.06934982910752296
2555,CCTCGAACGTGCTA-1,4-5,0.13333333333333333,0.132894847041173,0.87191665,False,0.06986846681684256
11483,TATAGCCTCACTAG-1,8-9,0.26666666666666666,0.24661537682816265,0.63451976,False,0.06919967103749514
3144,CTGCAGCTAGGAGC-1,4-5,0.06666666666666667,0.17060921827860476,0.09856665,False,0.06928627472370863
8665,CCAGCTACTTGGCA-1,8-9,0.13333333333333333,0.09502729076358196,0.40745804,False,0.06935904920101166
3449,GACGATTGCACAAC-1,4-5,0.0,0.0,0.15830629,True,0.06949682906270027
10165,GCAGCTCTGAACTC-1,8-9,0.2,0.1742288866960141,0.31808162,False,0.06982474774122238
970,AGATATACCATGAC-1,4-5,0.0,0.0,0.31852037,True,0.06902806926518679
9248,CTAAACCTCACTTT-1,8-9,0.2,0.15435975397390947,0.5245368,False,0.06882450170814991
5677,TGAGTGACATGGTC-1,4-5,0.06666666666666667,0.05686973942620158,0.07724053,False,0.06899437960237265
10074,GATTGGTGCCATGA-1,8-9,0.2,0.14999014011534775,0.50316,False,0.0695788012817502
5233,TATGGTCTCAGCTA-1,4-5,0.2,0.21955422978084446,0.12116851,False,0.06900933384895325
12187,TGTGAGTGGTACCA-1,8-9,0.0,0.0,0.0043733157,True,0.06941040698438883
882,AGAATGGACCTTAT-1,4-5,0.2,0.15840132478697413,0.36433733,False,0.06973792612552643
7957,ATGTTGCTATTCCT-1,8-9,0.06666666666666667,0.053821216022769555,0.44041526,False,0.06963387969881296
3107,CTGAATCTGGTACT-1,4-5,0.2,0.30201894769380505,0.11887106,False,0.06988891400396824
6793,ACATTCTGTTACCT-1,8-9,0.2,0.17118036329258207,0.021045126,False,0.06951377261430025
1599,ATGCCGCTACGTGT-1,4-5,0.06666666666666667,0.10764243204553911,0.5803813,False,0.06964766979217529
10832,GTAGTCGATACTTC-1,8-9,0.06666666666666667,0.10764243204553911,0.3053811,False,0.06956471689045429
3017,CTATGTACGTGCAT-1,4-5,0.2,0.13391134099646013,0.65805256,False,0.06952472217381
9156,CGGTACCTGGTTCA-1,8-9,0.06666666666666667,0.05686973942620158,0.21631059,False,0.06937403418123722
3734,GATTCTACGCGTAT-1,4-5,0.06666666666666667,0.043668798524938345,0.0075985044,False,0.06944723520427942
10884,GTCATACTACCGAT-1,8-9,0.0,0.0,0.50677395,True,0.06977660767734051
5948,TGTTACTGCTCCAC-1,4-5,0.13333333333333333,0.09024254247152179,0.01868546,False,0.0698519516736269
9673,GAAGATGATGTTCT-1,8-9,0.06666666666666667,0.07347739090382172,0.6336256,False,0.06965593248605728
765,ACTAAAACTGCTAG-1,4-5,0.06666666666666667,0.05686973942620158,0.8178834,False,0.06940215080976486
8062,ATTTAGGAAAGATG-1-1,8-9,0.06666666666666667,0.053821216022769555,0.06185162,False,0.06996333692222834
449,ACACAGACCCCACT-1,4-5,0.13333333333333333,0.11359089293303952,0.1396491,False,0.06956209894269705
9441,CTCGACTGTGTCAG-1,8-9,0.0,0.0,0.17062388,True,0.06956108380109072
3536,GAGCATACCTCGAA-1,4-5,0.06666666666666667,0.053821216022769555,0.67245394,False,0.06987927202135324
10162,GCAGCTCTATTTCC-1,8-9,0.0,0.0,0.25339857,True,0.06951911561191082
4713,GTTAGTCTTTCCCG-1,4-5,0.06666666666666667,0.0475902379018706,0.28919625,False,0.06920803058892488
8425,CAGGTATGCATGAC-1,8-9,0.0,0.0,0.20992267,True,0.0695454366505146
1267,AGTCGAACTAACGC-1,4-5,0.2,0.1395596665214573,0.04535803,False,0.06964496430009604
11314,TACTGTTGTACGCA-1,8-9,0.2,0.13242622337048743,0.311509,False,0.06944816093891859
339,AATCAAACGCGATT-1,4-5,0.06666666666666667,0.07347739090382172,0.22538003,False,0.06951381266117096
8679,CCAGTCTGTGCATG-1,8-9,0.2,0.3009563486086281,0.50909984,False,0.06972863711416721
3113,CTGACAGATCCCAC-1,4-5,0.0,0.0,0.658062,True,0.07002869900316
11699,TCCCATCTTAACGC-1,8-9,0.06666666666666667,0.046105120275897894,0.6854206,False,0.06978247035294771
2332,CCAATGGATCCGTC-1,4-5,0.06666666666666667,0.06077222973772036,0.50496686,False,0.06952258106321096
10963,GTGATCGAGTTCTT-1,8-9,0.2,0.2985661319875583,0.34203902,False,0.06908691022545099
5847,TGGCAATGACCTGA-1,4-5,0.06666666666666667,0.06600065503116892,0.03380271,False,0.0694976607337594
9250,CTAAACCTTTTGTC-1,8-9,0.26666666666666666,0.24494057609051323,0.1809864,False,0.06975281611084938
4866,TAATGTGAAGGTTC-1,4-5,0.13333333333333333,0.16841466178325945,0.23080811,False,0.06950099673122168
9971,GATAAGGAGCTACA-1,8-9,0.13333333333333333,0.10445997732807218,0.41485816,False,0.06938591133803129
2493,CCGATAGAGAGATA-1,4-5,0.06666666666666667,0.0475902379018706,0.5451333,False,0.0692690433934331
12246,TTACTCGAGTCAAC-1,8-9,0.26666666666666666,0.27410574552423467,0.25617898,False,0.0691188657656312
1275,AGTCTTACGCCTTC-1,4-5,0.0,0.0,0.3296454,True,0.0691836578771472
9279,CTACGCACCTATTC-1,8-9,0.2,0.18213035050464182,0.28223762,False,0.06913452595472336
2545,CCTCATCTCTTCGC-1-1,4-5,0.0,0.0,0.5858683,True,0.06997713819146156
9605,CTTTCAGACACACA-1,8-9,0.0,0.0,0.022357374,True,0.06906045880168676
4462,GTAGCAACTGCACA-1,4-5,0.06666666666666667,0.05135849223864361,0.31794995,False,0.06938964501023293
11873,TGAAGCACTCTATC-1,8-9,0.0,0.0,0.1871492,True,0.06953063607215881
2727,CGCATAGATGTCGA-1,4-5,0.0,0.0,0.91462433,True,0.06940161995589733
12340,TTCATGACGCTTAG-1,8-9,0.0,0.0,0.30524975,True,0.06971870921552181
5604,TGAAGCTGAGGAGC-1,4-5,0.13333333333333333,0.11735914726981254,0.07066062,False,0.06937594525516033
12346,TTCATGTGTTCCAT-1,8-9,0.2,0.21833338749451026,0.09336519,False,0.06983530707657337
3863,GCAGTTGAACGCTA-1,4-5,0.0,0.0,0.39473534,True,0.06975682731717825
9575,CTTCTAGACCTAAG-1,8-9,0.06666666666666667,0.17060921827860476,0.13073693,False,0.06920966412872076
3399,GACAGGGATTCGTT-1,4-5,0.13333333333333333,0.24408660918242647,0.15198071,False,0.069059569388628
12150,TGTAGGTGCTTACT-1,8-9,0.06666666666666667,0.046105120275897894,0.5280733,False,0.06947094947099686
2968,CTAGATCTCAGCTA-1,4-5,0.4666666666666667,0.42366368791348086,0.06766051,False,0.0692197298631072
8570,CATTTCGACCGTAA-1,8-9,0.13333333333333333,0.11008935378765586,0.0776577,False,0.06952429190278053
2812,CGGGCATGCGACAT-1,4-5,0.06666666666666667,0.04481043185393461,0.17197928,False,0.06957658287137747
10402,GCTCACTGTGCACA-1,8-9,0.0,0.0,0.15347564,True,0.06928753759711981
3535,GAGCATACCGTGTA-1,4-5,0.06666666666666667,0.04481043185393461,0.6812588,False,0.06972757540643215
12389,TTCTAGTGCTCCCA-1,8-9,0.3333333333333333,0.23803977299128595,0.032703087,False,0.06961183156818151
3897,GCCAACCTTCAAGC-1,4-5,0.0,0.0,0.24497658,True,0.06951931118965149
7028,ACGTTTACCATCAG-1,8-9,0.2,0.20062835462041295,0.19503142,False,0.06976268626749516
3694,GATCTACTGATGAA-1,4-5,0.06666666666666667,0.046105120275897894,0.08514868,False,0.06942332070320845
9376,CTCAATTGGTTTCT-1,8-9,0.13333333333333333,0.11213072197636398,0.39834493,False,0.06908701080828905
6057,TTCACCCTACCAGT-1,4-5,0.06666666666666667,0.10764243204553911,0.6088614,False,0.06885301787406206
12231,TTACCATGGCGAGA-1,8-9,0.13333333333333333,0.14607683887702272,0.26960284,False,0.06940456666052341
268,AAGGCTTGAGCCTA-1,4-5,0.2,0.16587806065962693,0.08738753,False,0.06908329762518406
9702,GAAGTCTGTGACAC-1,8-9,0.06666666666666667,0.17060921827860476,0.1086724,False,0.06958647072315216
459,ACACCCTGAGAACA-1,4-5,0.0,0.0,0.1943291,True,0.0688392361626029
10713,GGTACATGAAACAG-1,8-9,0.0,0.0,0.5499116,True,0.06921570096164942
4054,GCTACGCTCGAACT-1,4-5,0.0,0.0,0.033680804,True,0.06951742898672819
7084,ACTCTCCTGTGCAT-1,8-9,0.0,0.0,0.14890373,True,0.06912199966609478
126,AACCAGTGGGTACT-1,4-5,0.06666666666666667,0.04481043185393461,0.9710962,False,0.06977811735123396
10887,GTCATACTGTCAAC-1,8-9,0.06666666666666667,0.07347739090382172,0.37756675,False,0.06947401724755764
3600,GAGGTTTGAGGTCT-1,4-5,0.0,0.0,0.00057023764,True,0.06939507741481066
8022,ATTGAAACTGAGAA-1,8-9,0.06666666666666667,0.046105120275897894,0.27154616,False,0.06908510811626911
3693,GATCTACTCCATAG-1-1,4-5,0.06666666666666667,0.04481043185393461,0.45499295,False,0.06938385125249624
11427,TAGTCGGAAGAGTA-1,8-9,0.0,0.0,0.2063979,True,0.06990331411361694
2161,CAGGTTGATGCTGA-1,4-5,0.0,0.0,0.43945158,True,0.06965783797204494
9083,CGCTACACATTCGG-1,8-9,0.2,0.15056509760397008,0.46122208,False,0.06961416639387608
5599,TGAACCGAGGTAAA-1,4-5,0.26666666666666666,0.24442229251906042,0.12256606,False,0.06921023968607187
11518,TATCTGACGTTCAG-1,8-9,0.13333333333333333,0.10687735001361826,0.47332782,False,0.06909089628607035
3138,CTGATGGAGGCATT-1,4-5,0.0,0.0,0.33661124,True,0.06936761736869812
10029,GATCGATGGCGGAA-1,8-9,0.0,0.0,0.04179538,True,0.06944434158504009
3948,GCCGTACTGATAAG-1,4-5,0.2,0.26809923282631265,0.3053179,False,0.06974195223301649
12120,TGGTCAGAGAAAGT-1,8-9,0.0,0.0,0.1047878,True,0.06925174035131931
1166,AGGGCCTGCGCAAT-1,4-5,0.0,0.0,0.36250058,True,0.06953621748834848
8786,CCCTGAACCCAACA-1,8-9,0.06666666666666667,0.049317124049935504,0.08704491,False,0.06919005513191223
3829,GCACTGCTTGCCAA-1,4-5,0.6,0.4959789750199996,0.11146231,False,0.0691161435097456
11357,TAGCCGCTAACGGG-1,8-9,0.4,0.517333360841454,0.6079657,False,0.06956563144922256
565,ACCCAAGACCTAAG-1,4-5,0.06666666666666667,0.06077222973772036,0.23829377,False,0.06948156841099262
11968,TGATTAGACCTCCA-1,8-9,0.13333333333333333,0.136663101377946,1.1980827,False,0.06949279177933931
979,AGATCGTGTCTAGG-1,4-5,0.06666666666666667,0.07347739090382172,0.39562312,False,0.06939932983368635
8172,CAATAAACCCTTGC-1,8-9,0.0,0.0,0.17687252,True,0.06949293706566095
2026,CACGACCTGCGAAG-1,4-5,0.06666666666666667,0.06600065503116892,0.6697375,False,0.07015600241720676
8807,CCGCGAGAAGGTCT-1,8-9,0.0,0.0,0.29369834,True,0.06939820572733879
5728,TGCACAGATCGTAG-1,4-5,0.06666666666666667,0.17060921827860476,0.0839211,False,0.0692131407558918
10042,GATGACACCTACCC-1,8-9,0.0,0.0,0.25100935,True,0.06940285582095385
3205,CTTACAACGTCCTC-1,4-5,0.06666666666666667,0.07347739090382172,0.11317299,False,0.06929197441786528
11393,TAGGTGACCAGAGG-1,8-9,0.0,0.0,0.4381705,True,0.06931574735790491
4993,TACTTGACTTCGCC-1,4-5,0.06666666666666667,0.17060921827860476,0.30274442,False,0.06863582134246826
9110,CGGACCGACGAACT-1,8-9,0.26666666666666666,0.21553030961443836,0.5743058,False,0.06915102060884237
947,AGAGCTACTTACTC-1,4-5,0.13333333333333333,0.11359089293303952,0.32570338,False,0.06964262388646603
8450,CAGTTACTTCTTAC-1,8-9,0.0,0.0,0.14953896,True,0.06938293296843767
4599,GTCTGAGATGAACC-1,4-5,0.06666666666666667,0.07347739090382172,0.46380857,False,0.06951855309307575
6301,AAAGGCCTAGTCGT-1,8-9,0.2,0.16995091149624245,0.9826614,False,0.06927789282053709
4519,GTATGGTGTGGTTG-1,4-5,0.06666666666666667,0.06077222973772036,0.1815398,False,0.06964718457311392
7160,AGAACGCTTCTCGC-1,8-9,0.0,0.0,0.6079359,True,0.07002346869558096
3657,GATATATGGTGCTA-1,4-5,0.3333333333333333,0.29494429472878775,0.42498538,False,0.06916089076548815
7339,AGCGATTGACGGGA-1,8-9,0.06666666666666667,0.04265230456965119,0.13532642,False,0.06938797608017921
4151,GGACCTCTCCTTCG-1,4-5,0.2,0.14751657420053804,0.24248603,False,0.06965966429561377
11884,TGACCAGAGAGAGC-1,8-9,0.0,0.0,0.30383378,True,0.06972809974104166
2115,CAGCCTTGCCTCCA-1,4-5,0.3333333333333333,0.2740793434910683,0.43984798,False,0.06962661352008581
9619,GAAACAGATGCGTA-1,8-9,0.0,0.0,0.25593323,True,0.06968589127063751
1596,ATGCCAGAGCCCTT-1,4-5,0.06666666666666667,0.08530460913930238,0.5066563,False,0.0691380575299263
8744,CCCATCGATGACTG-1,8-9,0.0,0.0,0.5152203,True,0.069647666066885
3261,CTTTCAGACGAATC-1,4-5,0.2,0.25693032137319427,0.006401114,False,0.06967903580516577
8474,CATAGTCTAAACGA-1,8-9,0.0,0.0,0.44575804,True,0.06976681854575872
5050,TAGCGATGTTCGCC-1,4-5,0.06666666666666667,0.07347739090382172,0.3222553,False,0.0696240896359086
10332,GCGCGATGAAGTGA-1,8-9,0.06666666666666667,0.043668798524938345,0.049396615,False,0.06992972269654274
2225,CATCATACAGCCAT-1,4-5,0.0,0.0,0.22342339,True,0.06977878510951996
11839,TCTGATACGACAGG-1,8-9,0.0,0.0,0.30792812,True,0.0699431374669075
4165,GGAGACGAGTACGT-1,4-5,0.0,0.0,0.18335536,True,0.0695874486118555
7930,ATGTAAACCAGCTA-1,8-9,0.0,0.0,0.1716143,True,0.06994211580604315
6015,TTAGGTCTTTCCGC-1,4-5,0.13333333333333333,0.1082282316648452,0.05422168,False,0.06989805866032839
9727,GAATTAACCTGTGA-1,8-9,0.06666666666666667,0.10764243204553911,0.016233835,False,0.06930256634950638
4138,GGACAGGAGTACGT-1,4-5,0.13333333333333333,0.21427801680354308,0.3164432,False,0.06985688116401434
6706,ACAACCGACCAAGT-1,8-9,0.06666666666666667,0.046105120275897894,0.23307863,False,0.06933271419256926
4450,GTACTACTACGGAG-1,4-5,0.13333333333333333,0.10313834007270506,0.46433085,False,0.06973361130803823
7515,AGTAAGGAGGTACT-1,8-9,0.06666666666666667,0.06077222973772036,0.4485478,False,0.06937735807150602
1905,CAAGTCGACGTACA-1,4-5,0.06666666666666667,0.07347739090382172,0.3463472,False,0.06933028716593981
10458,GGAATGCTGTTCAG-1,8-9,0.13333333333333333,0.15131123057047743,0.22740816,False,0.0695626549422741
4012,GCGGACTGCTTCGC-1,4-5,0.06666666666666667,0.05686973942620158,0.24251544,False,0.06967195309698582
11409,TAGTAATGGAACTC-1,8-9,0.13333333333333333,0.09894873014051422,0.66444105,False,0.06979343015700579
6035,TTATGGCTGGTGAG-1,4-5,0.0,0.0,0.77359843,True,0.06983700301498175
7784,ATCCCGTGCCACCT-1,8-9,0.06666666666666667,0.08530460913930238,0.0101005435,False,0.06974226888269186
5668,TGAGGACTGTACGT-1,4-5,0.13333333333333333,0.10445997732807218,0.16465591,False,0.06958198174834251
12536,TTTCTACTTGAGCT-1,8-9,0.0,0.0,0.10308561,True,0.06966608949005604
5565,TCTATGTGTGCGTA-1,4-5,0.06666666666666667,0.06077222973772036,0.6770952,False,0.06935703568160534
11431,TAGTCGGATGGTTG-1,8-9,0.2,0.200250275672711,0.41080654,False,0.06956752296537161
1824,CAAATATGCATGGT-1,4-5,0.0,0.0,0.5881405,True,0.06971138156950474
6517,AAGCCTGAGTTAGC-1,8-9,0.2,0.2750502465412634,0.41205454,False,0.06968683190643787
588,ACCGAAACCCCTTG-1,4-5,0.0,0.0,0.75483054,True,0.06996048893779516
11255,TACGCAGAACGGGA-1,8-9,0.0,0.0,0.019354094,True,0.06914643943309784
