query_index,query_id,timepoint,recall,ndcg,density_log_distortion,zero_recall,seconds
5840,TGGATTCTCAAGCT-1,4-5,0.0,0.0,0.31344002,True,0.07090086210519075
8491,CATCAGGATTGAGC-1,8-9,0.06666666666666667,0.07347739090382172,0.19522296,False,0.07060747873038054
1598,ATGCCAGATGTAGC-1,4-5,0.0,0.0,0.6323756,True,0.07061783131211996
7613,AGTTGTCTCCTAAG-1,8-9,0.13333333333333333,0.10517970826141315,0.19596599,False,0.07002737279981375
5145,TATAAGACACACGT-1,4-5,0.0,0.0,0.056043725,True,0.06992516107857227
9164,CGGTCACTGAGGAC-1,8-9,0.0,0.0,0.33617538,True,0.07026243023574352
3960,GCCTCAACACTGTG-1,4-5,0.0,0.0,0.21985252,True,0.07006661500781775
11760,TCGAGAACGTCTGA-1,8-9,0.0,0.0,0.24521972,True,0.06991743296384811
3645,GATAGAGATGCCAA-1,4-5,0.06666666666666667,0.17060921827860476,0.4104865,False,0.07008446473628283
10374,GCGTATGATGCAGT-1,8-9,0.06666666666666667,0.04481043185393461,0.010211468,False,0.07000461407005787
1822,CAAATATGAAGCCT-1,4-5,0.06666666666666667,0.06600065503116892,0.22969094,False,0.07021836657077074
11111,TAAATCGACCCACT-1,8-9,0.0,0.0,0.03452357,True,0.07048982009291649
2335,CCACCATGCTGCAA-1,4-5,0.0,0.0,0.09793539,True,0.07013333588838577
8976,CGAGGCTGAAGCCT-1,8-9,0.0,0.0,0.28223068,True,0.06999494414776564
3049,CTCATTGACAGAAA-1,4-5,0.06666666666666667,0.08530460913930238,0.4132996,False,0.07064117584377527
6765,ACAGTGTGAACGAA-1,8-9,0.06666666666666667,0.05686973942620158,0.16932502,False,0.07071248069405556
896,AGACACACTATCTC-1,4-5,0.26666666666666666,0.2752473788532309,0.15090583,False,0.0701940506696701
8468,CATACTACTTGGTG-1,8-9,0.06666666666666667,0.049317124049935504,0.11327465,False,0.07006342243403196
3515,GAGAGGTGCCACAA-1,4-5,0.2,0.1401159170841927,0.17021804,False,0.07007500249892473
9920,GAGGTACTGCGGAA-1,8-9,0.13333333333333333,0.10168017128013618,0.6678993,False,0.07013461273163557
2471,CCCTGAACTATCTC-1,4-5,0.0,0.0,0.17311865,True,0.07077821809798479
9053,CGCCTAACCAACCA-1,8-9,0.06666666666666667,0.053821216022769555,0.3126915,False,0.07046656124293804
4132,GGAATGCTCTTCTA-1,4-5,0.13333333333333333,0.11735914726981254,0.3782761,False,0.06979773100465536
11442,TAGTGGTGGTGTAC-1,8-9,0.0,0.0,0.69148594,True,0.07004791591316462
2438,CCCATCGACCTATT-1,4-5,0.0,0.0,0.54668427,True,0.07007214054465294
12270,TTAGGTCTGCCTTC-1,8-9,0.06666666666666667,0.06077222973772036,0.4244191,False,0.07026476878672838
1147,AGGCCTCTCGGTAT-1,4-5,0.0,0.0,0.8859787,True,0.07059138361364603
10898,GTCCACACCGTGTA-1,8-9,0.0,0.0,0.23194557,True,0.06959249172359705
1885,CAAGCCCTGTATCG-1,4-5,0.0,0.0,0.7500647,True,0.06999965291470289
10224,GCCACTACAAAGCA-1,8-9,0.0,0.0,0.56317943,True,0.0699611296877265
1414,ATAGCTCTTAGCCA-1,4-5,0.06666666666666667,0.06077222973772036,0.012322634,False,0.07033757120370865
11072,GTTCATACATGCTG-1,8-9,0.06666666666666667,0.17060921827860476,0.24399605,False,0.07099580112844706
5943,TGTTACACCCTAAG-1,4-5,0.2,0.2063722379449947,0.5249492,False,0.07088419608771801
6576,AAGTCCGACCAACA-1,8-9,0.0,0.0,0.07632011,True,0.07047097757458687
4158,GGACGCACATCTCT-1,4-5,0.06666666666666667,0.10764243204553911,0.33402508,False,0.07005495298653841
6404,AACCTTACTTCTGT-1,8-9,0.26666666666666666,0.29246908518069425,0.33266386,False,0.0700382012873888
1317,AGTTGTCTGCGGAA-1,4-5,0.0,0.0,0.0036292206,True,0.07030636817216873
10503,GGACTATGCGAGAG-1,8-9,0.0,0.0,0.5264604,True,0.07005892414599657
3690,GATCGTGAGTGAGG-1,4-5,0.3333333333333333,0.2870195668048259,0.23834443,False,0.0699825519695878
11971,TGATTAGAGTCACA-1,8-9,0.0,0.0,0.024990931,True,0.0698168221861124
377,AATGATACATCGAC-1,4-5,0.26666666666666666,0.33555860345028793,0.11450643,False,0.06957668624818325
10549,GGATTGTGCCTTTA-1,8-9,0.0,0.0,0.023943096,True,0.07004701904952526
2228,CATCCCGAGCATAC-1,4-5,0.06666666666666667,0.04481043185393461,0.17331427,False,0.07004838064312935
6429,AACGGTTGGTCAAC-1,8-9,0.06666666666666667,0.06077222973772036,0.5585285,False,0.06976288463920355
2415,CCCAACACCTCCCA-1,4-5,0.2,0.15489978564159046,0.041012917,False,0.07009334303438663
6546,AAGGTCACTTGACG-1,8-9,0.13333333333333333,0.09894873014051422,0.037623405,False,0.07083389442414045
5435,TCCGAGCTCCCTTG-1,4-5,0.13333333333333333,0.1267728847688893,0.12051492,False,0.0702636195346713
11903,TGACGATGTCCTTA-1,8-9,0.0,0.0,0.10329015,True,0.07026026211678982
776,ACTAGGTGACACCA-1,4-5,0.06666666666666667,0.17060921827860476,0.32652742,False,0.07013265509158373
11517,TATCTGACGTAAGA-1,8-9,0.0,0.0,0.562699,True,0.06989037711173296
5685,TGATCACTTGAAGA-1,4-5,0.06666666666666667,0.05686973942620158,0.14421746,False,0.07036026753485203
10198,GCATGTGAAGACTC-1-1,8-9,0.0,0.0,0.18149684,True,0.06997161079198122
2299,CATTTCGATCAAGC-1,4-5,0.06666666666666667,0.06600065503116892,0.327161,False,0.07015414722263813
7885,ATGATATGGACAAA-1,8-9,0.0,0.0,0.047960274,True,0.07017515785992146
4814,TAAGAGGATATCGG-1,4-5,0.26666666666666666,0.2934855791359814,0.13683215,False,0.07032144721597433
11354,TAGCCCACGGGATG-1,8-9,0.06666666666666667,0.049317124049935504,0.55375063,False,0.07039312086999416
5940,TGTTAAGATGTTTC-1,4-5,0.13333333333333333,0.15900092428418272,0.095618285,False,0.07009123731404543
7257,AGATCGTGAAAGCA-1,8-9,0.13333333333333333,0.09125903642680894,0.5835701,False,0.07015559449791908
2281,CATTGACTCGAGAG-1,4-5,0.06666666666666667,0.17060921827860476,0.44316077,False,0.0700948890298605
7228,AGAGCTACGGATTC-1,8-9,0.0,0.0,0.21315809,True,0.06950337719172239
1856,CAACGTGACTTGGA-1,4-5,0.26666666666666666,0.22476221944113278,0.13744465,False,0.07025083526968956
9063,CGCGAGACTCGCCT-1,8-9,0.13333333333333333,0.10966945355610726,0.3857239,False,0.07049868907779455
5087,TAGGTGTGCGACTA-1,4-5,0.2,0.3635562594634463,0.16032973,False,0.06986170634627342
11980,TGATTCTGTCCTGC-1,8-9,0.26666666666666666,0.29847897021917336,0.2016389,False,0.0700388103723526
248,AAGCCTGAGGTCTA-1,4-5,0.0,0.0,0.14393017,True,0.06973556894809008
12503,TTTAGGCTGTAAGA-1,8-9,0.2,0.25936664312415386,0.1297652,False,0.07001552730798721
1608,ATGCGCCTGAGGGT-1,4-5,0.26666666666666666,0.3826867121867964,0.1758193,False,0.06978379469364882
12303,TTCAACACCTCAAG-1,8-9,0.2,0.26751658023041086,0.07802605,False,0.07015478983521461
402,AATGTCCTTTTGGG-1,4-5,0.06666666666666667,0.05686973942620158,0.339091,False,0.07022854592651129
10619,GGCGGACTCGTTGA-1,8-9,0.06666666666666667,0.05135849223864361,0.31769815,False,0.07019503228366375
538,ACCACGCTTCATTC-1,4-5,0.06666666666666667,0.06077222973772036,0.006583251,False,0.07016073539853096
11585,TCACAACTTAACGC-1,8-9,0.13333333333333333,0.1267728847688893,0.11996646,False,0.06968601793050766
6212,TTTATCCTCCCGTT-1,4-5,0.2,0.2647367741824749,0.029924318,False,0.07003464549779892
6871,ACCTCCGAAAGAAC-1,8-9,0.06666666666666667,0.043668798524938345,0.15193053,False,0.07015714515000582
3733,GATTCTACGAGCTT-1,4-5,0.4666666666666667,0.39943645507845676,0.6917152,False,0.0696953646838665
6457,AACTCGGAAGAGAT-1,8-9,0.06666666666666667,0.06077222973772036,0.41327217,False,0.07036678213626146
1837,CAACCAGACATGAC-1,4-5,0.4666666666666667,0.5467423288987738,0.06779193,False,0.0702196629717946
6403,AACCTTACGTTCTT-1,8-9,0.06666666666666667,0.08530460913930238,0.20908862,False,0.07014481909573078
2220,CATCAACTGTTACG-1,4-5,0.06666666666666667,0.06077222973772036,0.76602656,False,0.0694858031347394
10942,GTCTGAGACTCATT-1,8-9,0.0,0.0,0.07750202,True,0.069915103726089
613,ACGAACACACCTTT-1,4-5,0.26666666666666666,0.2586572042547812,0.18313189,False,0.0694192536175251
9956,GAGTGGGACTAAGC-1,8-9,0.0,0.0,0.02167404,True,0.06983399670571089
3404,GACAGTACGTTGTG-1,4-5,0.0,0.0,0.24057934,True,0.0701043214648962
7543,AGTCACGACTTATC-1,8-9,0.0,0.0,0.10398544,True,0.07003384456038475
3598,GAGGTTACGCCAAT-1,4-5,0.13333333333333333,0.09863164787670416,0.7401152,False,0.07024882733821869
9903,GAGGATCTGCAGAG-1,8-9,0.0,0.0,0.47457308,True,0.07009762525558472
2198,CATACTACACGGGA-1,4-5,0.0,0.0,0.3273259,True,0.07036854606121778
7073,ACTCGCACTCGCCT-1,8-9,0.0,0.0,0.18435034,True,0.07032929640263319
4052,GCTACCTGTCTTAC-1,4-5,0.0,0.0,0.013253346,True,0.07028266694396734
7622,AGTTTAGAGTCAAC-1,8-9,0.06666666666666667,0.17060921827860476,0.18542424,False,0.07016900647431612
3586,GAGGTACTCGTTGA-1,4-5,0.06666666666666667,0.04481043185393461,0.024033815,False,0.0702443365007639
9563,CTTAGGGAATTCGG-1,8-9,0.7333333333333333,0.8015481749290466,0.03445318,False,0.0699742054566741
2708,CGCACGGATAGAAG-1,4-5,0.2,0.2701312622744575,0.307482,False,0.07039425428956747
10113,GCACAAACGGTCAT-1,8-9,0.4,0.4492032537336644,0.17970264,False,0.06970847677439451
1665,ATGTTGCTTTCCGC-1,4-5,0.13333333333333333,0.21326152284825595,0.42098033,False,0.06989964935928583
10287,GCCTGACTCTTGCC-1,8-9,0.06666666666666667,0.04481043185393461,0.3042233,False,0.0699601573869586
661,ACGCACCTCAACCA-1,4-5,0.13333333333333333,0.12106762880569233,0.15736419,False,0.06993193551898003
9910,GAGGGAACTGGATC-1,8-9,0.06666666666666667,0.06077222973772036,0.12725899,False,0.07046119216829538
5363,TCATCATGCCGTAA-1,4-5,0.06666666666666667,0.04265230456965119,0.121294,False,0.06978091038763523
10544,GGATGTTGCAGCTA-1,8-9,0.06666666666666667,0.07347739090382172,0.06946938,False,0.06970526650547981
771,ACTACGGATGGTCA-1,4-5,0.13333333333333333,0.21326152284825595,0.14242446,False,0.07031138520687819
10841,GTAGTGTGTCTTTG-1,8-9,0.0,0.0,0.014935747,True,0.07026556227356195
5680,TGAGTGACTCTCAT-1,4-5,0.0,0.0,0.38618132,True,0.07004930172115564
9084,CGCTACACGAAAGT-1,8-9,0.06666666666666667,0.07347739090382172,0.14994812,False,0.07047287281602621
4630,GTGATTCTTGAAGA-1,4-5,0.0,0.0,0.022876568,True,0.07027703616768122
9824,GACGTATGTACGAC-1,8-9,0.06666666666666667,0.08530460913930238,0.40908092,False,0.0702066132798791
3943,GCCGACGAGGTCTA-1,4-5,0.0,0.0,0.43971565,True,0.07023067772388458
9859,GAGATCACGTTTCT-1,8-9,0.13333333333333333,0.1082282316648452,0.05619347,False,0.07028291560709476
2184,CATAAAACGGCAAG-1,4-5,0.0,0.0,0.010269433,True,0.07010762207210064
10528,GGAGTTACGAAAGT-1,8-9,0.06666666666666667,0.07347739090382172,0.117720075,False,0.0701495036482811
779,ACTATCACAAGGGC-1,4-5,0.06666666666666667,0.17060921827860476,0.27545497,False,0.06955742370337248
7501,AGGTGTTGTGCCTC-1,8-9,0.13333333333333333,0.23660987330977368,0.31928623,False,0.0701684569939971
81,AAATGTTGCTCGAA-1,4-5,0.4666666666666667,0.5201722987443906,0.040074818,False,0.06981553509831429
10399,GCTCAAGAGCTAAC-1,8-9,0.26666666666666666,0.27860983749706875,0.39392036,False,0.07005916815251112
5779,TGCTAGGATAACCG-1,4-5,0.2,0.204887120319022,0.006234169,False,0.06976587977260351
11195,TAATGATGTCGACA-1,8-9,0.06666666666666667,0.17060921827860476,0.109160736,False,0.06990718189626932
63,AAATCATGATGTGC-1,4-5,0.0,0.0,0.38380587,True,0.07006801851093769
10344,GCGGACTGGTCCTC-1,8-9,0.06666666666666667,0.17060921827860476,0.39175427,False,0.0703039774671197
409,AATTACGAGATGAA-1,4-5,0.06666666666666667,0.04481043185393461,0.14284614,False,0.06954472232609987
8614,CCACCATGGGAAGC-1,8-9,0.06666666666666667,0.053821216022769555,0.31731123,False,0.07003671862185001
2267,CATGTTTGGTCGAT-1,4-5,0.06666666666666667,0.06600065503116892,0.3889892,False,0.07008128985762596
6525,AAGCGTACACTTTC-1,8-9,0.13333333333333333,0.136663101377946,0.07546092,False,0.07020889781415462
4847,TAATCGCTTCCCAC-1,4-5,0.0,0.0,0.16139525,True,0.07023726403713226
8088,CAAAGCACTAAGGA-1,8-9,0.2,0.1884429492120074,0.6155835,False,0.07039047963917255
3783,GCAATTCTTGTAGC-1,4-5,0.2,0.15276994616328377,0.3569632,False,0.06995623093098402
8337,CACTTATGCCGTTC-1,8-9,0.13333333333333333,0.1044410282626587,0.7008604,False,0.07039564289152622
1583,ATGATAACGTACGT-1,4-5,0.0,0.0,0.09735931,True,0.07025852333754301
11926,TGAGACACAGGAGC-1,8-9,0.06666666666666667,0.17060921827860476,0.054027833,False,0.0705209719017148
2754,CGCGGATGTACTCT-1,4-5,0.13333333333333333,0.21992634232854028,0.4177144,False,0.07067873701453209
12410,TTGAACCTGTTTGG-1,8-9,0.06666666666666667,0.053821216022769555,0.064767845,False,0.07015938870608807
675,ACGCCTTGACCACA-1,4-5,0.06666666666666667,0.06600065503116892,0.11098938,False,0.07009942084550858
12523,TTTCGAACAAGTAG-1,8-9,0.3333333333333333,0.2786854916835292,0.3228044,False,0.07048886362463236
2568,CCTGAGCTCTTGGA-1,4-5,0.06666666666666667,0.046105120275897894,0.3629103,False,0.07029488403350115
7239,AGAGTCACCGTTGA-1,8-9,0.2,0.2158706637103843,0.23521611,False,0.07036564126610756
5294,TCACCCGAGGTCAT-1,4-5,0.13333333333333333,0.23660987330977368,0.57460946,False,0.07005397416651249
6550,AAGGTGCTAAGCAA-1,8-9,0.06666666666666667,0.053821216022769555,0.007485032,False,0.07046544831246138
5179,TATCACTGAGAACA-1,4-5,0.0,0.0,1.0316833,True,0.0700484225526452
7737,ATAGTTGAGAAGGC-1,8-9,0.5333333333333333,0.4379378278910783,0.18264066,False,0.06999923381954432
4524,GTATTCACGACACT-1,4-5,0.0,0.0,0.1402115,True,0.07025075703859329
9278,CTACGCACCCTGTC-1,8-9,0.13333333333333333,0.14607683887702272,0.1109069,False,0.06970752030611038
3855,GCAGGGCTCGTTAG-1,4-5,0.06666666666666667,0.06600065503116892,0.012286365,False,0.06952162459492683
7489,AGGTCTGAGCATCA-1,8-9,0.0,0.0,0.4673665,True,0.06980032753199339
4884,TACATAGAGATACC-1,4-5,0.0,0.0,0.20977001,True,0.07024525199085474
7327,AGCCTCACGTTCAG-1,8-9,0.0,0.0,0.6273757,True,0.07031363341957331
5968,TTACCATGACCTTT-1,4-5,0.2,0.21260321606589364,0.09075174,False,0.07044027000665665
9000,CGCAAATGGAGGAC-1,8-9,0.0,0.0,0.23139974,True,0.07035613153129816
2523,CCTAAGGACCTCGT-1,4-5,0.26666666666666666,0.21680531176205203,0.31453085,False,0.06994740571826696
10015,GATCATCTTGTGGT-1,8-9,0.4666666666666667,0.45424734617030177,1.3129942,False,0.07042273879051208
3010,CTATCCCTTCGTTT-1,4-5,0.06666666666666667,0.046105120275897894,0.056092918,False,0.0697493152692914
9762,GACATTCTGGGTGA-1,8-9,0.26666666666666666,0.2265885615856577,0.8296342,False,0.0700244726613164
5422,TCCCGATGCTGGAT-1,4-5,0.2,0.1764522506059212,0.11858326,False,0.07080770097672939
11192,TAATGATGAGCCTA-1,8-9,0.0,0.0,0.04733987,True,0.07077593635767698
782,ACTCAGGAACCCAA-1,4-5,0.06666666666666667,0.17060921827860476,0.12114766,False,0.07062325160950422
8934,CGACCGGATAGACC-1,8-9,0.06666666666666667,0.17060921827860476,0.106193684,False,0.07054796256124973
5263,TCAACACTGCTAAC-1,4-5,0.0,0.0,0.34637073,True,0.07049095630645752
10304,GCGAGCACCTGTGA-1,8-9,0.13333333333333333,0.11459344576048992,0.74992776,False,0.0706319147720933
3270,GAAACAGAGTATCG-1,4-5,0.06666666666666667,0.17060921827860476,0.27105665,False,0.06999164167791605
10388,GCTAGAACCCCTAC-1,8-9,0.13333333333333333,0.23660987330977368,0.48792997,False,0.07032590825110674
3222,CTTATCGACACTAG-1,4-5,0.06666666666666667,0.06077222973772036,0.16668123,False,0.07016524206846952
11779,TCGGACCTTAGAGA-1,8-9,0.13333333333333333,0.11531777908110442,0.15459687,False,0.0702263955026865
552,ACCAGTGATTTCGT-1,4-5,0.06666666666666667,0.049317124049935504,0.18417467,False,0.07020656112581491
10407,GCTCCATGAAACAG-1,8-9,0.0,0.0,0.19009617,True,0.0703474236652255
283,AAGGTGCTGTTGGT-1,4-5,0.2,0.2443055334234851,0.8460619,False,0.07021097652614117
7674,ATACCGGAGTTTCT-1,8-9,0.0,0.0,0.021909788,True,0.06966406386345625
157,AACGCAACTAACCG-1,4-5,0.13333333333333333,0.11714618942876005,0.14689222,False,0.070085184648633
7349,AGCGGCACAAGATG-1,8-9,0.06666666666666667,0.10764243204553911,0.3289621,False,0.07046500872820616
5441,TCCGGACTGAAACA-1,4-5,0.06666666666666667,0.046105120275897894,0.06917146,False,0.07039503660053015
6417,AACGCAACTTTCGT-1-1,8-9,0.13333333333333333,0.1228703944573705,0.2260207,False,0.06978876609355211
2926,CTAATAGAGAATGA-1,4-5,0.2,0.204887120319022,0.39457676,False,0.07004744652658701
8301,CACTAGGATTGAGC-1,8-9,0.06666666666666667,0.06077222973772036,0.12171222,False,0.06954904086887836
5105,TAGTAATGTGAGCT-1,4-5,0.2,0.2740337525859763,0.094332136,False,0.0698726512491703
9653,GAACGGGACAGATC-1,8-9,0.0,0.0,0.1239103,True,0.07016078662127256
755,ACGTTGGAGGACGA-1,4-5,0.13333333333333333,0.08632110309458953,0.7584338,False,0.07010835967957973
9181,CGTACCTGCCCAAA-1,8-9,0.3333333333333333,0.36762127682216544,0.101173736,False,0.06998707354068756
1198,AGGTGGGATATTCC-1,4-5,0.13333333333333333,0.1929470411848415,0.117544524,False,0.07015165314078331
7620,AGTTTAGAGCTGTA-1,8-9,0.0,0.0,0.32323968,True,0.07057411689311266
5603,TGAAGCACGGGACA-1,4-5,0.0,0.0,0.50344706,True,0.07061248365789652
6442,AACGTTCTCCGAAT-1,8-9,0.0,0.0,0.23333782,True,0.07035691477358341
2139,CAGGAACTTTGACG-1,4-5,0.2,0.19149147261543945,0.28515843,False,0.07019760552793741
11990,TGCAAGTGTGAAGA-1,8-9,0.2,0.1453489698050745,0.08649887,False,0.07007814850658178
5495,TCGCAAGAGGCATT-1,4-5,0.4,0.3151215210082299,0.10287357,False,0.0703260125592351
11730,TCCTAATGACACAC-1,8-9,0.06666666666666667,0.049317124049935504,0.7867803,False,0.06999440863728523
3919,GCCCAACTTCAGAC-1,4-5,0.0,0.0,0.032958806,True,0.06986577808856964
10911,GTCCAGCTTTATCC-1,8-9,0.06666666666666667,0.043668798524938345,0.036103472,False,0.06994110345840454
3683,GATCGATGTCCCGT-1,4-5,0.2,0.15128482853731107,0.34340006,False,0.07030102238059044
10189,GCATCAGAGTCTGA-1,8-9,0.06666666666666667,0.046105120275897894,0.14343975,False,0.0697644054889679
226,AAGACAGACCGTTC-1,4-5,0.0,0.0,0.33512574,True,0.0701176319271326
9290,CTACTATGTGCCAA-1,8-9,0.13333333333333333,0.1195825111797196,0.074896544,False,0.07002771086990833
3014,CTATGACTTCTATC-1,4-5,0.06666666666666667,0.04481043185393461,0.028637135,False,0.06963993236422539
10466,GGACAACTGCAGAG-1,8-9,0.06666666666666667,0.17060921827860476,0.22931018,False,0.0706552630290389
3344,GAAGGTCTAGATCC-1,4-5,0.0,0.0,0.13048427,True,0.06985259801149368
6327,AAATGGGATTTGTC-1,8-9,0.06666666666666667,0.04265230456965119,0.17154542,False,0.0704671610146761
92,AAATTGACTGACCA-1,4-5,0.0,0.0,0.25329494,True,0.07025651354342699
6696,AATTGTGAGGAGCA-1,8-9,0.0,0.0,0.49290317,True,0.07001620251685381
1128,AGGATAGACTTCTA-1,4-5,0.2,0.17406203398485148,0.1870136,False,0.07021151762455702
7392,AGCTTTACATCGGT-1,8-9,0.0,0.0,0.28768396,True,0.07032562885433435
6044,TTCAAGCTCAGATC-1,4-5,0.0,0.0,0.1136163,True,0.07014237809926271
9979,GATACTCTAATCGC-1,8-9,0.2,0.2735840779807042,0.42577806,False,0.06974738370627165
5713,TGCAAGTGGACGTT-1,4-5,0.0,0.0,0.40933642,True,0.06985784415155649
8979,CGAGGGCTGTCTAG-1,8-9,0.0,0.0,0.25079355,True,0.07034629955887794
1418,ATAGGAGAGCCCTT-1,4-5,0.2,0.19396353514012862,0.39117002,False,0.07096678484231234
9687,GAAGGGTGTTCTTG-1,8-9,0.06666666666666667,0.049317124049935504,0.058313746,False,0.07077905721962452
2621,CGACCACTTGCAAC-1,4-5,0.0,0.0,0.14525923,True,0.0700317807495594
7216,AGAGATGAGGGATG-1,8-9,0.0,0.0,0.8853537,True,0.07030447106808424
1244,AGTAGGCTGTAGGG-1,4-5,0.06666666666666667,0.17060921827860476,0.20506379,False,0.0704962583258748
8794,CCGAAAACCGATAC-1,8-9,0.13333333333333333,0.22196771051724837,0.043731578,False,0.07070819661021233
4388,GGTCAAACCTGTAG-1,4-5,0.0,0.0,0.30037534,True,0.07074866723269224
8499,CATCCCGACCAATG-1,8-9,0.13333333333333333,0.16841466178325945,0.565737,False,0.07010311726480722
5320,TCAGACGACTTGCC-1,4-5,0.13333333333333333,0.1587820000431241,0.10344202,False,0.07072282861918211
8863,CCTATTGACCAACA-1,8-9,0.0,0.0,0.3130055,True,0.07066403981298208
5187,TATCCAACCTTATC-1,4-5,0.0,0.0,0.25774753,True,0.07053927332162857
6845,ACCCGTTGTGTTCT-1,8-9,0.0,0.0,0.53424966,True,0.07038258574903011
2422,CCCAACTGCTATTC-1,4-5,0.3333333333333333,0.5030343053984369,0.08995464,False,0.0706358253955841
10174,GCAGTCCTACCAAC-1,8-9,0.0,0.0,0.19621429,True,0.07000167388468981
1536,ATCTACTGACCTCC-1,4-5,0.2,0.29043108933254325,0.13331261,False,0.06991996057331562
7913,ATGCGCCTTGGTGT-1,8-9,0.06666666666666667,0.049317124049935504,0.07883148,False,0.06966468784958124
1792,ATTTCGTGCACTCC-1,4-5,0.13333333333333333,0.09401079680829481,0.10054754,False,0.06967615708708763
8535,CATGGATGGACGTT-1,8-9,0.0,0.0,0.8285805,True,0.07014862168580294
4752,GTTGATCTCCTTCG-1,4-5,0.3333333333333333,0.31604169150110195,0.28627828,False,0.06994476914405823
11049,GTTATCTGCAAAGA-1,8-9,0.0,0.0,0.29417533,True,0.07022350281476974
3957,GCCTAGCTATCTCT-1,4-5,0.06666666666666667,0.043668798524938345,0.21837746,False,0.07030435930937529
6246,AAACATACTGTCAG-1,8-9,0.0,0.0,0.2585373,True,0.0703639592975378
3108,CTGAATCTGTGAGG-1,4-5,0.2,0.16391056981042543,0.029743977,False,0.06986086256802082
7623,AGTTTCACAAGAGT-1,8-9,0.0,0.0,0.04559827,True,0.07019260618835688
11,AAACGCACGCTTAG-1,4-5,0.06666666666666667,0.06077222973772036,0.33229816,False,0.07028170954436064
12129,TGTAAAACAAACAG-1,8-9,0.4,0.4776570725121785,0.05909676,False,0.07077651843428612
1987,CACATGGATCTCCG-1,4-5,0.0,0.0,0.45877054,True,0.06998387537896633
10467,GGACAACTTCTACT-1,8-9,0.0,0.0,0.30398372,True,0.06985698826611042
1164,AGGGCCTGACGGGA-1,4-5,0.2,0.3296101425627875,0.35745943,False,0.07059100177139044
6925,ACGATTCTCAGGAG-1,8-9,0.2,0.2814203051637083,0.035539266,False,0.06982095632702112
3963,GCCTCAACCTCGCT-1,4-5,0.26666666666666666,0.3472249492551315,0.1775195,False,0.06988308858126402
8537,CATGGATGGTGTTG-1,8-9,0.4,0.518688134441823,0.20338488,False,0.07005360536277294
5237,TATGGTCTTTTACC-1,4-5,0.0,0.0,0.8724512,True,0.0706639401614666
8000,ATTCCATGCTAAGC-1,8-9,0.06666666666666667,0.17060921827860476,0.63695896,False,0.07029669173061848
2614,CGACAAACGGCAAG-1,4-5,0.13333333333333333,0.13947804593499064,0.17997587,False,0.07055485993623734
7272,AGCAACACGACGAG-1,8-9,0.0,0.0,0.06237854,True,0.07020884566009045
1888,CAAGCTGAAAGAAC-1,4-5,0.13333333333333333,0.13912582516207192,0.5467887,False,0.0699426606297493
7735,ATAGTCCTTAAGGA-1,8-9,0.0,0.0,0.031977728,True,0.07027461379766464
299,AAGTGCACCGAACT-1,4-5,0.06666666666666667,0.046105120275897894,0.4100819,False,0.07035177666693926
10378,GCTACCTGCGCATA-1,8-9,0.3333333333333333,0.3878947018470848,0.041319016,False,0.07081674132496119
1249,AGTATAACGACAAA-1,4-5,0.26666666666666666,0.3447622254710056,0.095424846,False,0.06998252496123314
9821,GACGTATGGGAGTG-1,8-9,0.26666666666666666,0.189295962796689,0.3895984,False,0.07014789059758186
1146,AGGCCTCTACTCAG-1,4-5,0.13333333333333333,0.10517970826141315,0.31346864,False,0.07023493479937315
10663,GGGATTACGAATCC-1,8-9,0.26666666666666666,0.2806418669452136,0.7698776,False,0.06996059697121382
5265,TCAACACTTTGTCT-1,4-5,0.13333333333333333,0.10053853795113993,0.4237979,False,0.07029794063419104
12343,TTCATGTGCCTATT-1,8-9,0.2,0.1481287758530105,0.18917571,False,0.07039161771535873
5175,TATAGCCTGAAAGT-1,4-5,0.13333333333333333,0.1587820000431241,0.2477701,False,0.07011143397539854
7724,ATAGGAGACTGCAA-1,8-9,0.0,0.0,0.21016146,True,0.07004274986684322
5806,TGGACCCTCCGTAA-1,4-5,0.06666666666666667,0.05686973942620158,0.315577,False,0.07036741077899933
6248,AAACATTGGTCTAG-1,8-9,0.0,0.0,0.024528876,True,0.07007269002497196
1403,ATAGATTGGTACGT-1,4-5,0.0,0.0,0.16866244,True,0.07006594259291887
11277,TACGTACTCATGCA-1,8-9,0.06666666666666667,0.04265230456965119,0.063004754,False,0.0704371202737093
2669,CGAGCGTGTCGCCT-1,4-5,0.0,0.0,0.1785888,True,0.07063239626586437
11040,GTTAGGTGTTCATC-1,8-9,0.13333333333333333,0.12729860692659126,0.34461257,False,0.07063551805913448
3607,GAGTAAGAGTAGCT-1,4-5,0.06666666666666667,0.0475902379018706,0.015098929,False,0.07078567240387201
10144,GCACTAGAGCAGAG-1,8-9,0.2,0.21833338749451026,0.35138687,False,0.07067162077873945
3036,CTCAGAGATCTCCG-1-1,4-5,0.13333333333333333,0.10966945355610726,0.31478912,False,0.07069287355989218
6930,ACGCAATGTTTGTC-1,8-9,0.2,0.21731188560164635,0.18194745,False,0.070547791197896
3666,GATATTGAATTCGG-1,4-5,0.5333333333333333,0.530424412045194,0.75851846,False,0.0707814795896411
7917,ATGGACACCTCCCA-1,8-9,0.26666666666666666,0.3271966618263836,0.11132653,False,0.0704893758520484
1482,ATCCGCACAGCATC-1,4-5,0.0,0.0,0.16573504,True,0.0702128829434514
9157,CGGTACCTGTCTGA-1,8-9,0.0,0.0,0.3083079,True,0.07050958648324013
2392,CCATATACAACCGT-1,4-5,0.06666666666666667,0.046105120275897894,0.051248558,False,0.07052451185882092
8723,CCCACATGAGTGTC-1,8-9,0.2,0.28273994025496874,0.1978376,False,0.07013625372201204
2939,CTACAACTGTGAGG-1,4-5,0.06666666666666667,0.06077222973772036,0.47384065,False,0.07057100255042315
8866,CCTCATCTCAGAAA-1,8-9,0.26666666666666666,0.32901054306557886,0.18062642,False,0.07051802054047585
2479,CCGAAAACCAGTTG-1,4-5,0.0,0.0,0.19126636,True,0.07001659460365772
10200,GCATGTGACTATGG-1,8-9,0.26666666666666666,0.19582520406317674,0.20353581,False,0.07061860337853432
818,ACTGTGGAAACCTG-1,4-5,0.3333333333333333,0.26641659861076683,0.16300744,False,0.07050854526460171
9638,GAACACACCTTCCG-1,8-9,0.0,0.0,0.4639522,True,0.07046312931925058
2645,CGACTCTGGACACT-1,4-5,0.0,0.0,0.2545922,True,0.07075762748718262
7796,ATCGACGACCAAGT-1,8-9,0.06666666666666667,0.08530460913930238,0.3156285,False,0.0702164601534605
4144,GGACCCGAGCTCCT-1,4-5,0.06666666666666667,0.17060921827860476,0.05274504,False,0.07030081283301115
11640,TCAGTTACGTCCTC-1,8-9,0.06666666666666667,0.046105120275897894,0.09108028,False,0.06951254792511463
4287,GGGAAGACACCAAC-1,4-5,0.06666666666666667,0.06600065503116892,0.30420315,False,0.06958194263279438
7210,AGAGAATGACGTAC-1,8-9,0.0,0.0,0.1876153,True,0.06991428323090076
572,ACCCAGCTCGAGTT-1,4-5,0.06666666666666667,0.053821216022769555,0.1675516,False,0.06999773532152176
7452,AGGGCCACAGGTCT-1,8-9,0.13333333333333333,0.11359089293303952,0.0389236,False,0.07037633843719959
4418,GTAAGCTGTTCAGG-1,4-5,0.0,0.0,0.37238392,True,0.06994845531880856
7355,AGCGGCACTCAGGT-1,8-9,0.2,0.1363476627474197,0.16935237,False,0.07014458999037743
2402,CCATGCTGAAGGGC-1,4-5,0.0,0.0,0.39702588,True,0.06978317350149155
11669,TCCACGTGGGAGCA-1,8-9,0.06666666666666667,0.043668798524938345,0.2616105,False,0.06959448009729385
313,AAGTTCCTTCCGAA-1,4-5,0.13333333333333333,0.1267728847688893,0.2998972,False,0.07010975293815136
12408,TTGAACCTACCTTT-1,8-9,0.0,0.0,0.011023141,True,0.0699037741869688
1310,AGTTCTTGAAGCAA-1,4-5,0.4,0.49498088332988843,0.66350675,False,0.07056257035583258
9519,CTGGCACTGATACC-1,8-9,0.06666666666666667,0.17060921827860476,0.20127028,False,0.07019799761474133
4338,GGGTAACTGAGGAC-1,4-5,0.2,0.15624319750269072,0.048629582,False,0.07041627820581198
6332,AAATTCGACACTAG-1,8-9,0.06666666666666667,0.0475902379018706,0.6628182,False,0.06992975808680058
4285,GGGAACGAGGCGAA-1,4-5,0.0,0.0,0.26425952,True,0.0701233372092247
11446,TAGTTAGACTGAGT-1,8-9,0.13333333333333333,0.1228703944573705,0.23349045,False,0.06991024222224951
1048,AGCGATACGCCCTT-1,4-5,0.13333333333333333,0.21326152284825595,0.42025054,False,0.07028417941182852
7209,AGAGAAACGTCACA-1,8-9,0.06666666666666667,0.06600065503116892,0.24958274,False,0.07066456507891417
4379,GGTATCGAACTCAG-1,4-5,0.0,0.0,0.046650402,True,0.06975915562361479
8932,CGACCGGAATGCCA-1,8-9,0.0,0.0,0.17561333,True,0.07005379442125559
147,AACCTTTGCCGATA-1,4-5,0.06666666666666667,0.04265230456965119,0.21423763,False,0.07021916471421719
12249,TTAGACCTAACTGC-1-1,8-9,0.0,0.0,0.20065576,True,0.07021584082394838
2166,CAGTGATGCCGATA-1,4-5,0.4,0.3877585768330507,0.18165907,False,0.07012797519564629
10629,GGCTAATGGGTCTA-1,8-9,0.13333333333333333,0.1303471303300233,0.04852479,False,0.0699688782915473
2499,CCGCGAGAGTCAAC-1,4-5,0.4666666666666667,0.613725260847408,0.34315413,False,0.07033861801028252
9024,CGCAGGACGCGTTA-1,8-9,0.0,0.0,0.78175986,True,0.07020279206335545
3840,GCAGCGTGTGATGC-1,4-5,0.2,0.21629539164635922,0.07775343,False,0.07077428232878447
9987,GATAGCACAGTGCT-1,8-9,0.13333333333333333,0.1303471303300233,0.030276451,False,0.07041877042502165
3658,GATATATGGTGTAC-1,4-5,0.0,0.0,0.16726877,True,0.07018223498016596
8559,CATTGACTACGCAT-1,8-9,0.26666666666666666,0.31174162931808463,0.31390056,False,0.06984268222004175
400,AATGTCCTCTGCAA-1,4-5,0.0,0.0,0.09852572,True,0.07000331021845341
6649,AATCTCTGAGCAAA-1,8-9,0.0,0.0,0.24814516,True,0.07035216875374317
6136,TTCTTACTAGACTC-1,4-5,0.0,0.0,0.6271485,True,0.07004460133612156
9813,GACGGCACTTACTC-1-1,8-9,0.06666666666666667,0.05135849223864361,0.6639693,False,0.07014236506074667
5994,TTAGACCTTAGAAG-1,4-5,0.0,0.0,0.13166347,True,0.0704549765214324
7048,ACTATCACAGTGCT-1,8-9,0.0,0.0,0.101669535,True,0.07054343167692423
5661,TGAGCAACGGTTAC-1,4-5,0.06666666666666667,0.17060921827860476,0.5763093,False,0.07020273990929127
7401,AGGAACCTTCTTTG-1,8-9,0.13333333333333333,0.09024254247152179,0.13777006,False,0.07046422269195318
2033,CACGATGAGTTCAG-1,4-5,0.2,0.16748818771211652,0.4098592,False,0.0700282035395503
12127,TGGTTACTCTAGAC-1,8-9,0.06666666666666667,0.07347739090382172,0.31055325,False,0.0701562287285924
807,ACTGCCACGTACGT-1,4-5,0.13333333333333333,0.09024254247152179,0.28408235,False,0.07011303026229143
10712,GGTACAACAAAACG-1-1,8-9,0.3333333333333333,0.445932476635449,0.36785477,False,0.07031859178096056
3366,GAATGCTGACGGTT-1,4-5,0.13333333333333333,0.09992633629866744,0.31291962,False,0.07017737068235874
7286,AGCATCGACATACG-1,8-9,0.5333333333333333,0.46950025525143035,0.29620746,False,0.07020352780818939
5535,TCGTTATGGGGCAA-1,4-5,0.26666666666666666,0.3903823723005078,0.6350699,False,0.07017503771930933
7169,AGACACACAAGATG-1,8-9,0.0,0.0,0.077023536,True,0.07006448972970247
5025,TAGAGCACTGGTGT-1,4-5,0.0,0.0,0.17697476,True,0.07014626450836658
11982,TGATTCTGTGTGCA-1,8-9,0.13333333333333333,0.21427801680354308,0.6079994,False,0.07024005707353354
2721,CGCAGGACTACTGG-1,4-5,0.0,0.0,0.22056071,True,0.07030704990029335
6333,AAATTCGAGTATCG-1,8-9,0.0,0.0,0.19069238,True,0.07039426639676094
389,AATGGAGATCAGGT-1,4-5,0.0,0.0,0.16186959,True,0.0700481440871954
9959,GAGTGTTGAAAAGC-1,8-9,0.6,0.5218363536482272,0.35942915,False,0.07100402191281319
560,ACCATTTGGACAAA-1,4-5,0.06666666666666667,0.043668798524938345,0.53086925,False,0.07062834594398737
12291,TTATGGCTCTAGTG-1,8-9,0.0,0.0,0.12014969,True,0.06962871737778187
2675,CGAGGCTGACCGAT-1,4-5,0.13333333333333333,0.16841466178325945,0.09092526,False,0.0696538370102644
9928,GAGGTTACTTCTAC-1,8-9,0.0,0.0,0.09771807,True,0.06988274212926626
2150,CAGGGCACCTAGCA-1,4-5,0.0,0.0,0.34919614,True,0.07006307225674391
8684,CCAGTGCTTTTGGG-1,8-9,0.06666666666666667,0.04481043185393461,0.30342633,False,0.07005468476563692
1448,ATCAAATGACGGTT-1,4-5,0.0,0.0,0.314346,True,0.0699889026582241
8445,CAGTGTGATTCATC-1,8-9,0.3333333333333333,0.3082464180007699,0.4955674,False,0.06974796578288078
3995,GCGCACGACTTGAG-1,4-5,0.06666666666666667,0.10764243204553911,0.1731253,False,0.07030416838824749
12211,TGTTACTGTGAAGA-1,8-9,0.06666666666666667,0.0475902379018706,0.09605752,False,0.06983550172299147
2179,CAGTTTACGGGAGT-1,4-5,0.13333333333333333,0.09412755590387012,0.1287575,False,0.07007031701505184
9186,CGTCAAGAAGTGTC-1,8-9,0.13333333333333333,0.1228703944573705,0.13564692,False,0.06999623961746693
49,AAAGTTTGCTGCTC-1,4-5,0.06666666666666667,0.04265230456965119,0.2967667,False,0.07032120320945978
7760,ATCACGGATGGTGT-1,8-9,0.2,0.3166860571556275,0.15143934,False,0.0699800681322813
1481,ATCCCGTGGCTTCC-1,4-5,0.0,0.0,0.09425848,True,0.0697172312065959
12263,TTAGGGACCACAAC-1,8-9,0.06666666666666667,0.10764243204553911,0.055245638,False,0.0694243535399437
2116,CAGCCTTGTGTCCC-1,4-5,0.0,0.0,0.15159747,True,0.06941376719623804
12318,TTCACCCTTGCAAC-1,8-9,0.2,0.2761918798702597,0.3612746,False,0.06994101498275995
3188,CTGTGAGAGGTGAG-1,4-5,0.06666666666666667,0.08530460913930238,0.35491547,False,0.06974957976490259
11432,TAGTCTTGCGAACT-1,8-9,0.3333333333333333,0.31505235361029116,0.575228,False,0.0699429614469409
5989,TTAGAATGGTGCTA-1,4-5,0.2,0.24712047798052975,0.36175194,False,0.07018786296248436
11817,TCTAGACTGGACTT-1,8-9,0.2,0.2711477562297447,0.044755593,False,0.0701634855940938
5568,TCTCAAACTCTCAT-1,4-5,0.0,0.0,0.57367575,True,0.0703044980764389
10050,GATGCATGAACCAC-1,8-9,0.0,0.0,0.23051494,True,0.07026479206979275
6192,TTGTAGCTCGCCTT-1,4-5,0.0,0.0,0.16302717,True,0.07043030578643084
7707,ATAGATTGGTAAAG-1,8-9,0.06666666666666667,0.05135849223864361,0.07676162,False,0.07027160003781319
4091,GCTGATGACGTAGT-1,4-5,0.0,0.0,0.28157845,True,0.06997892819344997
9132,CGGCATCTTGTTTC-1,8-9,0.13333333333333333,0.1513052641704713,0.36222175,False,0.07038295269012451
3472,GACGTAACTGGTGT-1,4-5,0.06666666666666667,0.0475902379018706,0.16143607,False,0.06987256836146116
10099,GCAACTGATGAGCT-1,8-9,0.0,0.0,0.5113728,True,0.06995875108987093
3869,GCATCAGATCTCGC-1,4-5,0.3333333333333333,0.2708366432631806,0.10969697,False,0.06976050604134798
10330,GCGCGAACTCGCAA-1,8-9,0.2,0.20627407992224328,0.110486284,False,0.07028038240969181
6197,TTTAGAGAAGTTCG-1,4-5,0.06666666666666667,0.05135849223864361,0.11812881,False,0.07024131435900927
11150,TAAGAGGAGTCAAC-1,8-9,0.0,0.0,0.07180552,True,0.06998499110341072
1752,ATTGCTACGACACT-1,4-5,0.0,0.0,0.26094404,True,0.06976353097707033
11064,GTTCAACTGTGCTA-1,8-9,0.26666666666666666,0.19927801976942347,0.09725502,False,0.0695152236148715
4639,GTGCCACTTCTACT-1,4-5,0.06666666666666667,0.17060921827860476,0.06748426,False,0.07011155970394611
12126,TGGTTACTCACTAG-1,8-9,0.13333333333333333,0.08977391880083624,0.0097246915,False,0.0701001388952136
3362,GAAGTGCTGTGTAC-1,4-5,0.2,0.14230044640164252,0.2964394,False,0.07040772493928671
7547,AGTCAGACCCAATG-1,8-9,0.0,0.0,0.031972677,True,0.07038633711636066
5613,TGACACGACTACGA-1,4-5,0.13333333333333333,0.11714618942876005,0.37037605,False,0.07003926113247871
11097,TAAACAACCAGTCA-1,8-9,0.0,0.0,0.02408132,True,0.0705628665164113
3980,GCGACTCTACCCTC-1,4-5,0.0,0.0,0.3851132,True,0.07004907261580229
8544,CATGTTTGGGTGGA-1,8-9,0.0,0.0,0.08146897,True,0.07001315429806709
5317,TCAGACGAAGCTAC-1,4-5,0.3333333333333333,0.37921346084738944,0.15375605,False,0.07006196491420269
12008,TGCATGGATTCTCA-1,8-9,0.06666666666666667,0.049317124049935504,0.17887612,False,0.06965922564268112
2633,CGACCTACTCACCC-1,4-5,0.06666666666666667,0.06077222973772036,0.006931212,False,0.07030622567981482
8913,CGAAGGGAGGATCT-1,8-9,0.13333333333333333,0.11359089293303952,0.8549546,False,0.07010896969586611
3961,GCCTCAACAGTGTC-1,4-5,0.13333333333333333,0.11359089293303952,0.3719312,False,0.07010607607662678
6951,ACGCGGTGGCGAGA-1,8-9,0.13333333333333333,0.22443043430137433,0.22877729,False,0.07046949584037066
3057,CTCCATCTGGACTT-1,4-5,0.13333333333333333,0.09952204399585277,0.45054525,False,0.07007839810103178
10530,GGAGTTTGGGTAGG-1,8-9,0.06666666666666667,0.10764243204553911,0.35566127,False,0.07042160257697105
5129,TAGTCTTGGTCACA-1,4-5,0.3333333333333333,0.2852469159716138,0.15173501,False,0.07065321784466505
8906,CGAACATGCTAAGC-1,8-9,0.0,0.0,0.1426312,True,0.0700783971697092
1082,AGCTCGCTGGAGGT-1,4-5,0.13333333333333333,0.1303471303300233,0.107127994,False,0.07062619924545288
7797,ATCGACGAGACACT-1,8-9,0.2,0.2814203051637083,0.39789438,False,0.07000898104161024
1040,AGCCTCTGCCTTAT-1,4-5,0.0,0.0,0.5362662,True,0.07055538706481457
9281,CTACGCACTCGTTT-1,8-9,0.26666666666666666,0.35486255755842133,0.20605005,False,0.07001891918480396
5631,TGACGATGCTGACA-1,4-5,0.26666666666666666,0.32250624846838827,0.18526722,False,0.07044206093996763
6363,AACACTCTAGCGTT-1,8-9,0.3333333333333333,0.426298580273535,0.24946165,False,0.06990431156009436
3220,CTTAGGGACGTAAC-1,4-5,0.2,0.1477852915560341,0.34410292,False,0.07020774576812983
11528,TATGAATGACACTG-1,8-9,0.06666666666666667,0.053821216022769555,0.0013048798,False,0.07043830398470163
1800,ATTTCTCTGCCAAT-1,4-5,0.13333333333333333,0.14607683887702272,0.29632744,False,0.07035954110324383
8280,CACGATGAGTGAGG-1,8-9,0.4,0.38840443042688516,0.19196144,False,0.06959869246929884
4878,TACACACTCTGGAT-1,4-5,0.06666666666666667,0.053821216022769555,0.031722486,False,0.07005322445183992
9272,CTAATGCTGTGTTG-1,8-9,0.13333333333333333,0.24408660918242647,0.120612666,False,0.07027393858879805
4853,TAATGAACTCGTAG-1,4-5,0.13333333333333333,0.21427801680354308,0.21768722,False,0.07019069883972406
10599,GGCCGAACTCAGTG-1,8-9,0.0,0.0,0.023798257,True,0.06973641365766525
5656,TGAGACACAAAAGC-1,4-5,0.26666666666666666,0.29435849510948164,0.08335182,False,0.07028432376682758
8631,CCACTGACTGCTGA-1,8-9,0.13333333333333333,0.21326152284825595,0.091385126,False,0.06969139166176319
1001,AGCAAGCTTGTGAC-1,4-5,0.06666666666666667,0.0475902379018706,0.19755754,False,0.06993831414729357
7125,ACTTCTGACCGTAA-1,8-9,0.06666666666666667,0.04481043185393461,1.0069383,False,0.06946816015988588
4345,GGGTTAACCAGGAG-1,4-5,0.0,0.0,0.026558049,True,0.06977505888789892
10820,GTAGCTGAGAAAGT-1,8-9,0.06666666666666667,0.04481043185393461,0.20129044,False,0.06964749656617641
903,AGACGTACAAGGTA-1,4-5,0.26666666666666666,0.39539187335289777,0.39142382,False,0.0701075941324234
10408,GCTCCATGCATTCT-1,8-9,0.06666666666666667,0.08530460913930238,0.10202338,False,0.07009332440793514
1971,CACAGCCTCCCACT-1,4-5,0.0,0.0,0.3278834,True,0.06966122705489397
9957,GAGTGGGACTCCAC-1,8-9,0.2,0.2035924318970587,0.1675518,False,0.07042092923074961
1724,ATTCTTCTTTTCTG-1,4-5,0.0,0.0,0.13925079,True,0.06975102331489325
7725,ATAGGAGAGAGGTG-1,8-9,0.06666666666666667,0.05686973942620158,0.29333717,False,0.07021012157201767
5267,TCAAGGACGTAAAG-1,4-5,0.0,0.0,0.21760777,True,0.06990417279303074
8019,ATTGAAACGTGCTA-1,8-9,0.13333333333333333,0.10445997732807218,0.48383892,False,0.0699768215417862
5487,TCGATACTGGGCAA-1,4-5,0.13333333333333333,0.1524528638994737,0.25453824,False,0.07031815592199564
8926,CGACAAACATCGGT-1,8-9,0.2,0.15489978564159046,0.16332111,False,0.07008196320384741
5000,TACTTTCTTGCAAC-1,4-5,0.06666666666666667,0.049317124049935504,0.44396,False,0.07057263236492872
9504,CTGGAAACCGAGAG-1,8-9,0.2,0.1827946236870103,0.015668277,False,0.07030949648469687
5300,TCACCGTGCGAATC-1,4-5,0.13333333333333333,0.13947804593499064,0.24460861,False,0.07019862718880177
8254,CACCGTACAAGCCT-1,8-9,0.06666666666666667,0.0475902379018706,0.9054204,False,0.07052078004926443
2567,CCTGAGCTACCCAA-1,4-5,0.2,0.16695909321385746,0.18546185,False,0.07014903426170349
10758,GGTTTACTGGCAAG-1,8-9,0.06666666666666667,0.05686973942620158,0.32293212,False,0.07004059478640556
5478,TCGAGAACGAAACA-1,4-5,0.06666666666666667,0.10764243204553911,0.50922406,False,0.07072664611041546
12361,TTCCATGATTGCAG-1,8-9,0.0,0.0,0.16671282,True,0.07059007231146097
3320,GAAGAATGCCTATT-1,4-5,0.2,0.17899996731707088,0.16386253,False,0.06962564960122108
10206,GCCAAAACTGCTCC-1,8-9,0.26666666666666666,0.19714913688099986,0.09337407,False,0.07040179520845413
2035,CACGCTACATTTCC-1,4-5,0.06666666666666667,0.043668798524938345,0.33464167,False,0.0706774489954114
12051,TGGAAAGACCCAAA-1,8-9,0.3333333333333333,0.4715509122819041,0.09652859,False,0.07022762950509787
5463,TCGACCTGAGAATG-1,4-5,0.06666666666666667,0.05135849223864361,0.22182125,False,0.07015214581042528
6773,ACAGTTCTCCCTAC-1,8-9,0.0,0.0,0.27394542,True,0.07038140203803778
430,ACAAGAGAGACAAA-1,4-5,0.06666666666666667,0.05135849223864361,0.408436,False,0.06999727245420218
6744,ACACGAACCTCTAT-1,8-9,0.13333333333333333,0.10141145392464015,0.33365363,False,0.0701634893193841
4291,GGGAAGACGTTAGC-1,4-5,0.06666666666666667,0.04481043185393461,0.047191326,False,0.06974224653095007
11775,TCGCCATGGACAGG-1,8-9,0.0,0.0,0.19833261,True,0.06994062568992376
2360,CCAGAAACGTTGAC-1,4-5,0.0,0.0,0.16738528,True,0.06962297949939966
8734,CCCAGACTTTCATC-1,8-9,0.2,0.1646323029078731,0.35007975,False,0.07030922453850508
4419,GTAATAACAGTTCG-1,4-5,0.13333333333333333,0.08847923037887294,0.21478856,False,0.07045417558401823
8277,CACGACCTCTGCAA-1,8-9,0.13333333333333333,0.09412755590387012,0.23755988,False,0.07047496270388365
2524,CCTAAGGAGACGTT-1,4-5,0.06666666666666667,0.17060921827860476,0.69555384,False,0.0703409630805254
9082,CGCTACACAAAACG-1,8-9,0.26666666666666666,0.19468357073418047,0.1767009,False,0.0707044443115592
1577,ATGAGAGACTTGTT-1,4-5,0.06666666666666667,0.043668798524938345,0.24087971,False,0.07042239978909492
6579,AAGTCCGAGGTTCA-1,8-9,0.06666666666666667,0.053821216022769555,0.06756982,False,0.07017210591584444
83,AAATGTTGTCTCCG-1,4-5,0.0,0.0,0.27567214,True,0.07015544176101685
6481,AAGAGATGAGAGAT-1,8-9,0.0,0.0,0.34092396,True,0.0701565807685256
718,ACGGTATGTGGTGT-1,4-5,0.0,0.0,0.10439388,True,0.0696254139766097
10675,GGGCAGCTAAGATG-1,8-9,0.13333333333333333,0.11459344576048992,0.09920884,False,0.07013685815036297
3589,GAGGTACTTATGCG-1,4-5,0.06666666666666667,0.08530460913930238,0.42567298,False,0.07005384750664234
11462,TATAAGTGCTGTGA-1,8-9,0.06666666666666667,0.05135849223864361,0.010255979,False,0.07004914525896311
4159,GGACGCACTCTTTG-1,4-5,0.0,0.0,0.13401282,True,0.07006221543997526
7502,AGGTTCGACCCTCA-1,8-9,0.13333333333333333,0.27825165032414384,0.023387231,False,0.070191266015172
3279,GAAAGATGTATGCG-1,4-5,0.0,0.0,0.31205708,True,0.07008972391486168
7104,ACTGTGGACCAACA-1,8-9,0.0,0.0,0.4276198,True,0.07022515218704939
2495,CCGCGAGAAGCACT-1,4-5,0.13333333333333333,0.09616892409257823,0.06687859,False,0.07045490201562643
10359,GCGTAAACTGGCAT-1,8-9,0.13333333333333333,0.136663101377946,0.1144622,False,0.07001133542507887
4381,GGTATCGACTTCTA-1,4-5,0.0,0.0,0.33930844,True,0.0701409513130784
8191,CAATCTACCCACCT-1,8-9,0.26666666666666666,0.19434008643720405,0.8306494,False,0.06925563048571348
1777,ATTGTCTGCTGAAC-1,4-5,0.2,0.200250275672711,0.28259382,False,0.07023725099861622
7681,ATACCTACGTTGCA-1,8-9,0.13333333333333333,0.17364308707670803,0.034689456,False,0.07043909095227718
4514,GTATCTACGGAGTG-1,4-5,0.0,0.0,0.46986508,True,0.06986886821687222
7015,ACGTGCCTGGTAAA-1,8-9,0.06666666666666667,0.046105120275897894,0.13339464,False,0.07022650726139545
5016,TAGAGAGAAGGTCT-1,4-5,0.06666666666666667,0.053821216022769555,0.19542782,False,0.0698341578245163
6451,AACTCACTAGTACC-1,8-9,0.06666666666666667,0.10764243204553911,0.024957968,False,0.07016157265752554
3888,GCCAAATGCTTGTT-1,4-5,0.0,0.0,0.072663486,True,0.0700995409861207
12310,TTCAAGCTCCTCGT-1,8-9,0.0,0.0,0.70107365,True,0.07021457608789206
5767,TGCGCACTCAGCTA-1,4-5,0.13333333333333333,0.12729860692659126,0.9051159,False,0.07028081826865673
8529,CATGCCACCTTGCC-1,8-9,0.13333333333333333,0.1929470411848415,0.41466695,False,0.06969231646507978
4817,TAAGATACGTGTTG-1,4-5,0.13333333333333333,0.09091555212983252,0.14455068,False,0.07021363358944654
11677,TCCACTCTCTTGTT-1,8-9,0.13333333333333333,0.0919694286195867,0.5053129,False,0.07004527561366558
3237,CTTGAGGAACGTAC-1,4-5,0.0,0.0,0.538757,True,0.06970243901014328
11709,TCCCGATGTGTGCA-1,8-9,0.13333333333333333,0.08847923037887294,0.8502543,False,0.06998793035745621
239,AAGCAAGAGCTTAG-1,4-5,0.06666666666666667,0.05135849223864361,0.46630466,False,0.07023281510919333
11563,TCAAGGTGAGCAAA-1,8-9,0.06666666666666667,0.10764243204553911,0.17928274,False,0.06989255640655756
6232,TTTCTACTTACTCT-1,4-5,0.0,0.0,0.46181232,True,0.06997811887413263
9792,GACGAGGACACTCC-1,8-9,0.0,0.0,0.45551538,True,0.07007732708007097
4278,GGCTCACTCACACA-1,4-5,0.0,0.0,0.4348368,True,0.07022240571677685
11470,TATACAGAGGACAG-1,8-9,0.0,0.0,0.0034549236,True,0.07052992470562458
5640,TGACGCCTTTCATC-1,4-5,0.13333333333333333,0.10297485970209948,0.6686866,False,0.07042423449456692
8302,CACTATACAAAGCA-1,8-9,0.2,0.1367798604735213,0.048558652,False,0.07002048660069704
4098,GCTTGAGAACGCAT-1,4-5,0.06666666666666667,0.046105120275897894,0.70334363,False,0.06977120600640774
11013,GTGTATCTTGTTCT-1,8-9,0.06666666666666667,0.17060921827860476,0.09804897,False,0.07018322311341763
2449,CCCGATTGAATGCC-1,4-5,0.2,0.16245240101785655,0.18944487,False,0.07028256077319384
10317,GCGCACGACTCCAC-1,8-9,0.06666666666666667,0.046105120275897894,0.32720798,False,0.07029441557824612
3856,GCAGGGCTCTGGTA-1-1,4-5,0.2,0.17210903878052586,0.16919488,False,0.07048755418509245
11888,TGACCGCTACGGTT-1,8-9,0.0,0.0,0.14874648,True,0.07038092706352472
4464,GTAGCATGAAGTAG-1,4-5,0.06666666666666667,0.17060921827860476,0.19331765,False,0.0697938334196806
8664,CCAGCTACTGTTCT-1,8-9,0.13333333333333333,0.16841466178325945,0.2594373,False,0.07020626682788134
1060,AGCGCCGATGACTG-1,4-5,0.0,0.0,0.20172481,True,0.07009261660277843
10749,GGTTGAACTAAAGG-1,8-9,0.06666666666666667,0.05135849223864361,0.5029699,False,0.07048083562403917
1452,ATCAACCTGGCGAA-1,4-5,0.06666666666666667,0.08530460913930238,0.5214709,False,0.07019858993589878
10672,GGGCACACCGCTAA-1,8-9,0.06666666666666667,0.17060921827860476,0.47808847,False,0.07041443325579166
6214,TTTATCCTCGTGTA-1,4-5,0.13333333333333333,0.22196771051724837,0.31290329,False,0.07044552825391293
8458,CATAAAACGAATGA-1-1,8-9,0.0,0.0,0.35076815,True,0.0701625645160675
3625,GAGTGGGACCGCTT-1,4-5,0.06666666666666667,0.0475902379018706,0.19674183,False,0.07029971480369568
7118,ACTTCAACTACTCT-1,8-9,0.0,0.0,0.44272462,True,0.07006228528916836
2667,CGAGCGTGGCCAAT-1,4-5,0.0,0.0,0.39777726,True,0.07025579642504454
9790,GACGAACTTTGGTG-1,8-9,0.2,0.19218195915292063,0.16993037,False,0.07002359442412853
1136,AGGCAACTGTTTCT-1,4-5,0.0,0.0,0.7495712,True,0.07024707179516554
12160,TGTATCTGCGTTAG-1,8-9,0.06666666666666667,0.10764243204553911,0.33415055,False,0.06991534773260355
1117,AGGAATGATAAGGA-1,4-5,0.06666666666666667,0.07347739090382172,0.45044795,False,0.07026913948357105
10964,GTGATCGATGCACA-1,8-9,0.13333333333333333,0.0919694286195867,0.7585163,False,0.0701932292431593
4108,GGAACACTTATCTC-1-1,4-5,0.06666666666666667,0.06077222973772036,0.34782282,False,0.07033191714435816
6756,ACAGACACGTTGGT-1,8-9,0.0,0.0,0.12794079,True,0.07004988752305508
2900,CTAAACCTCTGTCC-1,4-5,0.13333333333333333,0.10313834007270506,0.0073386133,False,0.07014233339577913
12512,TTTCACGACCTGAA-1,8-9,0.06666666666666667,0.10764243204553911,0.5508194,False,0.07013136986643076
5836,TGGATGTGGACGTT-1,4-5,0.0,0.0,0.5259598,True,0.06955144368112087
6421,AACGCCCTTCGCAA-1,8-9,0.13333333333333333,0.08847923037887294,0.34812644,False,0.07004294823855162
2763,CGCTCATGGAATCC-1,4-5,0.0,0.0,0.015082039,True,0.07051233388483524
6307,AAAGTTTGTTCAGG-1,8-9,0.13333333333333333,0.1082282316648452,0.3009263,False,0.07012004498392344
2756,CGCTAAGACGACAT-1,4-5,0.0,0.0,0.5024041,True,0.06982071418315172
7762,ATCACTACCGCCTT-1,8-9,0.13333333333333333,0.1082282316648452,0.28562635,False,0.07009281311184168
5019,TAGAGAGAGGGAGT-1,4-5,0.06666666666666667,0.05135849223864361,0.50118303,False,0.07065699901431799
10071,GATTCTTGTCTACT-1,8-9,0.06666666666666667,0.0475902379018706,0.18913311,False,0.07005971111357212
1714,ATTCGGGACGCTAA-1,4-5,0.06666666666666667,0.07347739090382172,0.0036982857,False,0.06966252438724041
9098,CGGAATTGACCTCC-1,8-9,0.3333333333333333,0.3645303578076654,0.5648892,False,0.0701271016150713
2305,CATTTGTGAGAGGC-1,4-5,0.0,0.0,0.050820738,True,0.06992662884294987
10655,GGGACCACCTTCCG-1,8-9,0.13333333333333333,0.18111982294936083,0.29929578,False,0.07016049046069384
3571,GAGGGAACAGCGGA-1,4-5,0.06666666666666667,0.04481043185393461,0.2511391,False,0.07072915695607662
7346,AGCGCTCTGTTCGA-1,8-9,0.13333333333333333,0.09992633629866744,0.013987493,False,0.07014575600624084
732,ACGTCAGACTTTAC-1,4-5,0.0,0.0,0.17901787,True,0.07049698755145073
12540,TTTGCATGTGTCGA-1,8-9,0.06666666666666667,0.17060921827860476,0.64817417,False,0.07037051022052765
5378,TCATTCGACTAGTG-1,4-5,0.0,0.0,0.07764405,True,0.07033433858305216
9347,CTATCAACGTAAGA-1,8-9,0.2,0.20512648019324087,0.061443172,False,0.07021168433129787
4356,GGTACAACCAGCTA-1,4-5,0.06666666666666667,0.08530460913930238,0.48157573,False,0.07000239938497543
10509,GGAGAGACAGTCAC-1,8-9,0.06666666666666667,0.046105120275897894,0.19404003,False,0.07011554948985577
4534,GTCACAGATCCTTA-1,4-5,0.2,0.14257864086831862,0.8202313,False,0.07008090801537037
6254,AAACCGTGTGCTTT-1,8-9,0.0,0.0,0.32758915,True,0.07024302054196596
6211,TTTATCCTCACTGA-1,4-5,0.06666666666666667,0.10764243204553911,0.8736217,False,0.07071911077946424
10760,GTAACGTGAGCAAA-1,8-9,0.06666666666666667,0.0475902379018706,0.04632532,False,0.07002696953713894
3675,GATCCCTGCATTTC-1,4-5,0.06666666666666667,0.07347739090382172,0.071891345,False,0.07058157213032246
6483,AAGAGATGGGTAGG-1,8-9,0.2,0.14359513482360578,0.53318554,False,0.07071241829544306
1087,AGCTGCCTATTTCC-1,4-5,0.06666666666666667,0.06077222973772036,0.24122651,False,0.07048030104488134
6720,ACAATAACGCATAC-1,8-9,0.13333333333333333,0.0936953581777685,0.36463135,False,0.07069107424467802
3972,GCCTCATGGAACCT-1,4-5,0.13333333333333333,0.1289734076642407,0.026903816,False,0.07102659624069929
11652,TCATCCCTTGTGAC-1,8-9,0.0,0.0,0.30131447,True,0.07076933793723583
4636,GTGCCACTGATGAA-1,4-5,0.2,0.29340373323236196,0.5696363,False,0.07056865654885769
8617,CCACCTGAAATGCC-1,8-9,0.13333333333333333,0.1267728847688893,0.38276783,False,0.07039619330316782
4250,GGCGACTGAGCGGA-1,4-5,0.0,0.0,0.53867936,True,0.07024849113076925
6528,AAGCGTACCGTCTC-1,8-9,0.13333333333333333,0.13947804593499064,0.14178959,False,0.0701869074255228
3277,GAAAGATGCTCTAT-1,4-5,0.13333333333333333,0.10558266159165496,0.1246036,False,0.07020612712949514
6693,AATTGTGACTTACT-1,8-9,0.0,0.0,0.07016166,True,0.06998279225081205
442,ACAATTGACACTGA-1,4-5,0.06666666666666667,0.04265230456965119,0.3256198,False,0.07039945293217897
10857,GTATGGTGCTCTTA-1,8-9,0.06666666666666667,0.06600065503116892,0.32057923,False,0.0702565647661686
5618,TGACCAGAAGTGTC-1,4-5,0.06666666666666667,0.0475902379018706,0.22132692,False,0.07025934755802155
8646,CCAGACCTTTCTGT-1,8-9,0.2,0.2954451014210701,0.3440142,False,0.07004483696073294
5411,TCCCATCTAGAGGC-1,4-5,0.06666666666666667,0.043668798524938345,0.084691726,False,0.07013084646314383
12048,TGCTTAACGTTCAG-1,8-9,0.0,0.0,0.4438178,True,0.07008402701467276
4420,GTAATAACGTCGAT-1,4-5,0.13333333333333333,0.21326152284825595,0.12997818,False,0.07004354894161224
10266,GCCGGAACGGTATC-1,8-9,0.06666666666666667,0.08530460913930238,0.09450038,False,0.06981947366148233
5711,TGCAAGTGAGTGCT-1,4-5,0.0,0.0,0.022375083,True,0.07039441633969545
6821,ACCAGTGAATTTCC-1,8-9,0.2,0.16523220706579256,0.14781193,False,0.07038366235792637
2101,CAGATCGACCTTGC-1,4-5,0.06666666666666667,0.046105120275897894,0.7208733,False,0.0703616812825203
10603,GGCCGATGAGAACA-1,8-9,0.06666666666666667,0.06077222973772036,0.3677508,False,0.06997627392411232
1514,ATCGCCACTTGGTG-1,4-5,0.3333333333333333,0.453798801934968,0.043262914,False,0.07018942479044199
8543,CATGTTTGGACAAA-1,8-9,0.06666666666666667,0.046105120275897894,0.10946258,False,0.07009614538401365
2767,CGGACCGAAAGCCT-1,4-5,0.2,0.260383137079441,0.10078886,False,0.07031939271837473
9974,GATAATACAGTTCG-1,8-9,0.26666666666666666,0.20088814682191306,0.32230005,False,0.07019567675888538
856,AGAAAGTGCACAAC-1,4-5,0.0,0.0,0.21387729,True,0.07059865910559893
10726,GGTATCGAACGTAC-1,8-9,0.06666666666666667,0.05686973942620158,0.32575232,False,0.07023356668651104
4047,GCTACAGATATGCG-1,4-5,0.13333333333333333,0.10517970826141315,0.03141734,False,0.07042324636131525
8609,CCAATTTGCCGAAT-1,8-9,0.0,0.0,0.4059313,True,0.06986323557794094
1509,ATCGCCACCAGATC-1,4-5,0.0,0.0,0.057349652,True,0.06993164215236902
8754,CCCGAACTTACTTC-1,8-9,0.0,0.0,0.030861601,True,0.07017825823277235
906,AGACGTACGTAAAG-1,4-5,0.06666666666666667,0.046105120275897894,0.074315295,False,0.0702337697148323
9025,CGCAGGACTCGCCT-1,8-9,0.2,0.20306467637137252,0.1017867,False,0.07019647862762213
1894,CAAGGACTAAAACG-1,4-5,0.13333333333333333,0.1082282316648452,0.45216772,False,0.07048994675278664
11263,TACGCCACCGTGAT-1,8-9,0.06666666666666667,0.06600065503116892,0.25055155,False,0.07023255620151758
53,AAAGTTTGTCGATG-1,4-5,0.0,0.0,0.51033574,True,0.06977664679288864
6513,AAGCCTGACACTAG-1,8-9,0.0,0.0,0.36154485,True,0.07011761888861656
2548,CCTCATCTTTTGCT-1,4-5,0.0,0.0,0.008121561,True,0.06992884166538715
12312,TTCAAGCTGTCTGA-1,8-9,0.13333333333333333,0.13011504099323698,0.46268135,False,0.07023593969643116
1831,CAAATTGAGCTGAT-1,4-5,0.0,0.0,0.6008391,True,0.07018302101641893
11398,TAGGTTCTACGACT-1,8-9,0.2,0.15478302654601517,0.3209916,False,0.0702870124951005
5426,TCCCTACTGCTACA-1,4-5,0.2,0.15969601320893742,0.26457542,False,0.0695691742002964
8652,CCAGCGGAACCCAA-1,8-9,0.13333333333333333,0.1346217331892379,0.73893803,False,0.06980287097394466
6011,TTAGGTCTCAAGCT-1,4-5,0.06666666666666667,0.0475902379018706,0.33557034,False,0.06967465300112963
7262,AGATCGTGTGCCCT-1,8-9,0.13333333333333333,0.09024254247152179,0.40596884,False,0.07030338328331709
566,ACCCAAGAGGCATT-1,4-5,0.13333333333333333,0.21326152284825595,0.2289051,False,0.0701869810000062
7219,AGAGCGGAAAACGA-1,8-9,0.06666666666666667,0.10764243204553911,0.1918362,False,0.06967952940613031
1406,ATAGCCGACTTCGC-1,4-5,0.13333333333333333,0.13912582516207192,0.44803295,False,0.0698595941066742
7256,AGATATTGTGATGC-1,8-9,0.06666666666666667,0.10764243204553911,0.58995605,False,0.06999479047954082
3146,CTGCAGCTGGTCTA-1,4-5,0.0,0.0,0.19705382,True,0.06986342277377844
11707,TCCCGATGATCTCT-1,8-9,0.06666666666666667,0.06600065503116892,0.80252826,False,0.0706682950258255
426,ACAACCGAAAGGGC-1,4-5,0.13333333333333333,0.09894873014051422,0.38654783,False,0.07031619735062122
7854,ATGAAACTATCACG-1,8-9,0.0,0.0,0.731534,True,0.07035218831151724
5135,TAGTTAGAGAGGGT-1,4-5,0.06666666666666667,0.04481043185393461,0.25323835,False,0.07020389754325151
12366,TTCCTAGACCCGTT-1,8-9,0.06666666666666667,0.053821216022769555,0.12527971,False,0.07007658947259188
4065,GCTCAAGACCTACC-1,4-5,0.06666666666666667,0.05135849223864361,0.31165263,False,0.07038794923573732
8149,CAAGGACTGTATGC-1,8-9,0.0,0.0,0.22685394,True,0.06967630237340927
1096,AGCTTACTGGGATG-1,4-5,0.2,0.1961156960244059,0.12196143,False,0.07024355512112379
6493,AAGATTACAGAGAT-1,8-9,0.26666666666666666,0.2960853812575465,0.089650676,False,0.0702535081654787
4213,GGATTGTGATTCCT-1,4-5,0.06666666666666667,0.05686973942620158,0.068325534,False,0.07002840377390385
6616,AATATCGAGCTCCT-1,8-9,0.06666666666666667,0.043668798524938345,0.28384528,False,0.07026649359613657
47,AAAGTTTGCATGAC-1,4-5,0.0,0.0,0.15403241,True,0.07062872312963009
7661,ATAATGACAGGTTC-1,8-9,0.2,0.3052309514678426,0.053998634,False,0.07069104257971048
3513,GAGAGGTGACCTAG-1,4-5,0.06666666666666667,0.06077222973772036,0.3663743,False,0.07047369796782732
9039,CGCCATACAGACTC-1,8-9,0.06666666666666667,0.17060921827860476,0.0009117797,False,0.0703667663037777
5227,TATGGGTGAGTCTG-1,4-5,0.06666666666666667,0.046105120275897894,0.19936258,False,0.07037478405982256
10847,GTATCACTGCTTCC-1,8-9,0.0,0.0,0.7105032,True,0.07064890954643488
1859,CAACGTGAGTTGTG-1,4-5,0.0,0.0,0.3221501,True,0.07069553434848785
10515,GGAGCCACAAAGTG-1,8-9,0.2,0.1367798604735213,0.59443295,False,0.06988566741347313
1974,CACAGCCTGTAGGG-1,4-5,0.2,0.16587806065962693,0.43348587,False,0.07009224593639374
6923,ACGATGACCAGTTG-1,8-9,0.13333333333333333,0.18111982294936083,0.027576342,False,0.07028064411133528
3077,CTCGAGCTCGGGAA-1,4-5,0.06666666666666667,0.04481043185393461,0.11278652,False,0.07038169261068106
12459,TTGGAGTGCCTTAT-1,8-9,0.13333333333333333,0.10141145392464015,0.15443727,False,0.07009480521082878
2149,CAGGGCACCCCTTG-1,4-5,0.0,0.0,0.51653194,True,0.07011745031923056
6971,ACGGATTGAATCGC-1,8-9,0.26666666666666666,0.3380974059907213,0.011687562,False,0.07023852970451117
2345,CCACTGACTGTCGA-1,4-5,0.0,0.0,0.36684367,True,0.06976114306598902
7553,AGTCCAGAGGACTT-1,8-9,0.06666666666666667,0.06077222973772036,0.5177407,False,0.06939128320664167
3434,GACCTCACCGTGTA-1,4-5,0.13333333333333333,0.1552326699474097,0.030212121,False,0.06960319355130196
12265,TTAGGGACGCGAAG-1,8-9,0.0,0.0,0.047646362,True,0.07019920833408833
5776,TGCTAGGACCAATG-1,4-5,0.0,0.0,0.2411627,True,0.07030336279422045
9242,CGTTTAACCAGCTA-1,8-9,0.2,0.17488884482846187,0.5651837,False,0.07055400777608156
5041,TAGCCCACACCAAC-1,4-5,0.3333333333333333,0.3346648349905822,0.09295944,False,0.070280060172081
11708,TCCCGATGTCACGA-1,8-9,0.06666666666666667,0.049317124049935504,0.25858396,False,0.07055062986910343
2123,CAGCGTCTTTGCGA-1,4-5,0.2,0.17906005249547668,0.1263155,False,0.07053964585065842
8147,CAAGGACTCGGAGA-1,8-9,0.13333333333333333,0.1513052641704713,0.18341409,False,0.07039957027882338
4229,GGCATATGATACCG-1,4-5,0.13333333333333333,0.11081108688510354,0.48004627,False,0.07016678713262081
10567,GGCAATACCATGAC-1,8-9,0.06666666666666667,0.07347739090382172,0.5096481,False,0.07019723393023014
1233,AGTAGAGAAAACGA-1,4-5,0.13333333333333333,0.1289734076642407,0.37460342,False,0.0699623292312026
7758,ATCACGGACTCATT-1,8-9,0.0,0.0,0.23833193,True,0.06993032712489367
3878,GCATGTGATCGCTC-1,4-5,0.0,0.0,0.37017888,True,0.07016254216432571
9615,CTTTGATGTTTCGT-1,8-9,0.13333333333333333,0.1267728847688893,0.34885564,False,0.07048868201673031
1676,ATTACCACGTCTTT-1,4-5,0.13333333333333333,0.11531777908110442,0.12848541,False,0.0703593147918582
7307,AGCCGGACACCTAG-1,8-9,0.2,0.16001145183946372,0.019723624,False,0.07038422115147114
3775,GCAACTGAGATAGA-1,4-5,0.06666666666666667,0.04265230456965119,0.022986673,False,0.07010604254901409
10746,GGTTGAACACTGTG-1,8-9,0.0,0.0,0.025079831,True,0.07020839117467403
3621,GAGTCTGACCTAAG-1,4-5,0.06666666666666667,0.17060921827860476,0.2720185,False,0.0704914890229702
10953,GTGACCCTACCAGT-1,8-9,0.06666666666666667,0.07347739090382172,0.13599497,False,0.07053946796804667
3468,GACGGCACTTACTC-1,4-5,0.2,0.29958262594284546,0.24453178,False,0.07045350782573223
7411,AGGACACTTTGCGA-1,8-9,0.26666666666666666,0.22929586047053752,0.056794718,False,0.0704670324921608
199,AACTTGCTCTACCC-1,4-5,0.06666666666666667,0.053821216022769555,0.117761105,False,0.07058171182870865
11006,GTGTACGATCTATC-1-1,8-9,0.26666666666666666,0.27614711371294276,0.19048652,False,0.0706962700933218
5827,TGGATCGATAAGGA-1,4-5,0.0,0.0,0.20556943,True,0.07029073685407639
9095,CGCTCATGGCAGTT-1,8-9,0.06666666666666667,0.17060921827860476,0.34086022,False,0.06999027635902166
3956,GCCTAGCTAGCGGA-1,4-5,0.0,0.0,0.41724533,True,0.07037655264139175
10054,GATGCCCTACCTAG-1,8-9,0.06666666666666667,0.06077222973772036,0.08863165,False,0.0700614508241415
3505,GACTGTGATTGACG-1,4-5,0.13333333333333333,0.11008935378765586,0.017386138,False,0.07002855837345123
7967,ATTAAGACGAACTC-1,8-9,0.0,0.0,0.7216139,True,0.07029040157794952
2966,CTAGAGACGGGACA-1,4-5,0.3333333333333333,0.3464104326395962,0.5543028,False,0.06962145678699017
9003,CGCAAATGTGTGGT-1,8-9,0.06666666666666667,0.17060921827860476,0.16372469,False,0.07053250819444656
2842,CGTAGCCTGAAGGC-1,4-5,0.0,0.0,0.33721924,True,0.0706373630091548
9067,CGCGATCTCTCGAA-1,8-9,0.0,0.0,0.6616886,True,0.07004601880908012
3172,CTGGCACTAGAGTA-1,4-5,0.06666666666666667,0.05135849223864361,0.67626095,False,0.06927964929491282
8405,CAGCTCTGACGGTT-1,8-9,0.0,0.0,0.64815533,True,0.0700604971498251
5159,TATACCACGTACAC-1,4-5,0.0,0.0,0.19081163,True,0.06993475835770369
12347,TTCATTCTACGGGA-1,8-9,0.0,0.0,0.27891463,True,0.0698466682806611
3265,CTTTGATGGCAGTT-1,4-5,0.06666666666666667,0.17060921827860476,0.66667306,False,0.06966785434633493
8433,CAGGTTGATCTATC-1,8-9,0.26666666666666666,0.3457667804625626,0.11699191,False,0.06994195654988289
178,AACTACCTAAGTAG-1,4-5,0.0,0.0,0.12863365,True,0.06981807295233011
12299,TTCAAAGATTTGTC-1,8-9,0.06666666666666667,0.046105120275897894,0.03717701,False,0.06974904239177704
5934,TGTGGATGCGGTAT-1-1,4-5,0.0,0.0,0.14542842,True,0.06992586981505156
10498,GGACGCTGGCTAAC-1,8-9,0.13333333333333333,0.1569595560954746,0.27275756,False,0.07006467506289482
748,ACGTTACTCCCAAA-1,4-5,0.06666666666666667,0.08530460913930238,0.16401583,False,0.07046080846339464
11030,GTTAACCTGATAGA-1,8-9,0.0,0.0,0.063561,True,0.07040314190089703
4813,TAAGAGGAGCTCCT-1,4-5,0.13333333333333333,0.15900092428418272,0.09738718,False,0.07055759150534868
9420,CTCCGAACGTAAAG-1,8-9,0.2,0.18706828383686125,0.12241669,False,0.07061517983675003
5595,TGAAATTGGGTTTG-1,4-5,0.0,0.0,0.09809748,True,0.0705666858702898
12138,TGTAATGAACCATG-1,8-9,0.0,0.0,0.15814695,True,0.07000646833330393
4532,GTCACAGAATCTTC-1,4-5,0.0,0.0,0.26994333,True,0.07056579925119877
11618,TCAGCAGATCGCAA-1,8-9,0.13333333333333333,0.11982187105393848,0.35646477,False,0.0700787678360939
6215,TTTATCCTCTCTTA-1,4-5,0.13333333333333333,0.1513052641704713,0.33616215,False,0.0700383810326457
11829,TCTCAAACTCTCGC-1,8-9,0.4666666666666667,0.5306414505134422,0.99603987,False,0.07006693258881569
2827,CGGTCACTTGGTGT-1,4-5,0.0,0.0,0.662063,True,0.07030231971293688
8917,CGAAGTACCATCAG-1,8-9,0.0,0.0,0.029986307,True,0.07041516248136759
4233,GGCCACGATGCACA-1,4-5,0.06666666666666667,0.049317124049935504,0.15830289,False,0.07056706491857767
7670,ATACCGGACCCAAA-1,8-9,0.2,0.1453489698050745,0.072623074,False,0.07008094433695078
5054,TAGGACTGATTGGC-1,4-5,0.13333333333333333,0.11714618942876005,0.116307095,False,0.07019930798560381
8580,CATTTGTGGTCTTT-1,8-9,0.26666666666666666,0.19468357073418047,0.5116545,False,0.07045958563685417
4837,TAAGGGCTACGTGT-1,4-5,0.0,0.0,0.023141008,True,0.07012262474745512
7635,ATAAACACAAGATG-1,8-9,0.06666666666666667,0.046105120275897894,0.20694646,False,0.07039252109825611
1735,ATTGATGATGGTGT-1,4-5,0.0,0.0,0.34657213,True,0.06974952481687069
7743,ATATGAACAATCGC-1,8-9,0.0,0.0,0.42934006,True,0.06957265827804804
3298,GAACCAACTGTGCA-1,4-5,0.13333333333333333,0.10313834007270506,0.10488879,False,0.07045675534754992
11820,TCTAGTTGCCCTTG-1,8-9,0.0,0.0,0.0037199408,True,0.0700715221464634
3201,CTTAAGCTGTCTTT-1,4-5,0.13333333333333333,0.09298592257487384,0.23669705,False,0.07044703979045153
11333,TAGACGTGAGTCAC-1,8-9,0.13333333333333333,0.09992633629866744,0.13333102,False,0.07024883199483156
1911,CAAGTTCTCCCACT-1,4-5,0.06666666666666667,0.10764243204553911,0.35955524,False,0.07066975813359022
11267,TACGCGCTGAATCC-1,8-9,0.06666666666666667,0.07347739090382172,0.32472673,False,0.07051238417625427
1541,ATCTGACTATTGGC-1,4-5,0.06666666666666667,0.07347739090382172,0.58718544,False,0.07041601743549109
10047,GATGCAACGCTTCC-1,8-9,0.06666666666666667,0.06600065503116892,0.32763517,False,0.07028820924460888
3941,GCCGACGACGACAT-1,4-5,0.2,0.18213035050464182,0.02723003,False,0.07036406267434359
6981,ACGGGAGATCCGAA-1,8-9,0.0,0.0,0.25024727,True,0.07103677745908499
699,ACGGAGGATCAGGT-1,4-5,0.13333333333333333,0.1303471303300233,0.5249412,False,0.06972263194620609
9914,GAGGGCCTGAAAGT-1,8-9,0.13333333333333333,0.09401079680829481,0.19088046,False,0.07038829755038023
6069,TTCAGTTGCTACCC-1,4-5,0.13333333333333333,0.25591382741790714,0.40689006,False,0.06993736978620291
7805,ATCGCCTGGACACT-1,8-9,0.13333333333333333,0.11213072197636398,0.45550835,False,0.07089171931147575
3524,GAGATGCTCTACCC-1,4-5,0.13333333333333333,0.11210577530706682,0.34446958,False,0.07088877353817225
10510,GGAGAGACTGAACC-1,8-9,0.06666666666666667,0.06077222973772036,0.29769897,False,0.07008002698421478
5442,TCCGGACTGAGATA-1-1,4-5,0.0,0.0,0.4061833,True,0.07013529073446989
9344,CTATCAACGCAAGG-1,8-9,0.2,0.16544681952340842,0.09760788,False,0.0699661010876298
772,ACTACTACACCATG-1,4-5,0.0,0.0,0.5431478,True,0.06981503311544657
12081,TGGATCGAGGGACA-1,8-9,0.0,0.0,0.07451285,True,0.07001984491944313
3726,GATTCGGAATTCTC-1,4-5,0.26666666666666666,0.25380929080670606,0.16657385,False,0.07015598472207785
11807,TCTAAGCTCTCATT-1,8-9,0.26666666666666666,0.2673633919237737,0.2713871,False,0.0704200305044651
482,ACAGCAACAGCTCA-1,4-5,0.06666666666666667,0.06077222973772036,0.48232442,False,0.07024069130420685
12455,TTGGAGACCTTTAC-1,8-9,0.13333333333333333,0.10687735001361826,0.57849014,False,0.07075615506619215
5045,TAGCCCTGAGTCTG-1,4-5,0.06666666666666667,0.07347739090382172,0.35941112,False,0.06977492664009333
8874,CCTCTACTGAAACA-1,8-9,0.0,0.0,0.57366925,True,0.07015748042613268
1134,AGGCAACTCCCTCA-1,4-5,0.3333333333333333,0.4732257130195536,0.08097827,False,0.07018675655126572
12272,TTAGGTCTTGTAGC-1,8-9,0.26666666666666666,0.32642768784532056,0.08212329,False,0.07033214904367924
1965,CACAGAACGAGATA-1,4-5,0.06666666666666667,0.06077222973772036,0.6124466,False,0.07017169520258904
10333,GCGCGATGAGAGAT-1,8-9,0.06666666666666667,0.04265230456965119,0.84073466,False,0.07017530221492052
144,AACCTTACTGCCCT-1,4-5,0.0,0.0,0.31871223,True,0.06977090053260326
12367,TTCCTAGACGTAGT-1,8-9,0.3333333333333333,0.29889791712731684,0.2354957,False,0.0695447102189064
5330,TCAGCGCTCTACGA-1,4-5,0.0,0.0,0.19275875,True,0.06989473011344671
7215,AGAGATGAGCTCCT-1,8-9,0.0,0.0,0.039493263,True,0.06991302501410246
6061,TTCACCCTTTAGGC-1,4-5,0.06666666666666667,0.043668798524938345,0.31333643,False,0.07005728408694267
9940,GAGTACTGCGGGAA-1,8-9,0.0,0.0,0.44393808,True,0.07035202905535698
3365,GAATGCACTTTCGT-1,4-5,0.13333333333333333,0.11828782275775633,0.07971417,False,0.07002008613198996
9857,GAGATCACCCTCAC-1,8-9,0.13333333333333333,0.11714618942876005,0.36157486,False,0.06992902420461178
549,ACCAGTGATGGTGT-1,4-5,0.13333333333333333,0.16841466178325945,0.21425475,False,0.07006465084850788
9670,GAAGATGAAGAACA-1,8-9,0.13333333333333333,0.14607683887702272,0.31559896,False,0.07048550620675087
4834,TAAGGCTGAGTCGT-1,4-5,0.13333333333333333,0.10342453430737154,0.26363504,False,0.07012357003986835
10742,GGTCTAGATGAGCT-1,8-9,0.06666666666666667,0.049317124049935504,0.08207598,False,0.0701114209368825
4772,TAAAGACTGTTCAG-1,4-5,0.13333333333333333,0.09952204399585277,0.093531124,False,0.0699756434187293
7350,AGCGGCACACACTG-1,8-9,0.0,0.0,0.09360493,True,0.0700559401884675
6122,TTCTACGACCACAA-1,4-5,0.0,0.0,0.19844685,True,0.06990091316401958
7268,AGATTCCTTCAGAC-1,8-9,0.4,0.4801197962963044,0.036377415,False,0.07037416566163301
948,AGAGGTCTACTTTC-1,4-5,0.13333333333333333,0.1645121714717407,0.46402544,False,0.0700561972334981
10127,GCACCTACATTTCC-1,8-9,0.13333333333333333,0.0936953581777685,0.23048736,False,0.0700713125988841
2140,CAGGCCGAAACCGT-1,4-5,0.06666666666666667,0.049317124049935504,0.43175617,False,0.0697786146774888
10456,GGAATCTGTGCACA-1,8-9,0.0,0.0,0.66887337,True,0.07018344569951296
3217,CTTAGACTTCAGGT-1,4-5,0.2,0.2882511874425267,0.6186903,False,0.07046646345406771
12473,TTGTACACCTCCCA-1,8-9,0.2,0.20004310180134433,0.22412147,False,0.06998073775321245
2057,CACTATACTGCAGT-1,4-5,0.2,0.1951051684691249,0.5055363,False,0.06972802989184856
6521,AAGCGACTACTCAG-1,8-9,0.2,0.13242622337048743,0.04762692,False,0.07029939722269773
5021,TAGAGCACCCGATA-1,4-5,0.06666666666666667,0.04481043185393461,0.19190356,False,0.07043865323066711
12495,TTTAGAGAGTTGAC-1,8-9,0.0,0.0,0.13432556,True,0.07002719771116972
2906,CTAACACTAGAAGT-1,4-5,0.0,0.0,0.0813799,True,0.06991192512214184
8283,CACGGGACAGCACT-1,8-9,0.06666666666666667,0.043668798524938345,0.14338967,False,0.06950596999377012
1159,AGGGACGATCCTTA-1,4-5,0.13333333333333333,0.15374755232143703,0.04024831,False,0.06996222957968712
11218,TACACACTTCATTC-1,8-9,0.13333333333333333,0.09091555212983252,0.010801628,False,0.0705778431147337
2671,CGAGGAGAGTTCTT-1,4-5,0.2,0.17507852794013862,0.008436989,False,0.07008980214595795
6280,AAAGACGAGCTATG-1,8-9,0.0,0.0,0.08834205,True,0.07016450446099043
5232,TATGGGTGTCCAGA-1,4-5,0.0,0.0,0.2784127,True,0.07013916596770287
8344,CACTTTGATCCGTC-1-1,8-9,0.0,0.0,0.1645203,True,0.07038423512130976
4960,TACTAAGAAGGGTG-1,4-5,0.06666666666666667,0.06600065503116892,0.22200957,False,0.07008626125752926
9228,CGTTAACTTAAGCC-1,8-9,0.06666666666666667,0.08530460913930238,0.61269706,False,0.07008720003068447
5892,TGTAACCTGAGGGT-1,4-5,0.2,0.1742288866960141,0.7000292,False,0.06994248367846012
8235,CACAGTGAGGAACG-1,8-9,0.06666666666666667,0.06600065503116892,0.09791554,False,0.07013962604105473
1199,AGGTGTTGACGGTT-1,4-5,0.06666666666666667,0.04481043185393461,0.47839484,False,0.0698127830401063
8772,CCCTAGTGCAATCG-1,8-9,0.0,0.0,0.57942957,True,0.0699820602312684
1086,AGCTGAACTTCCCG-1,4-5,0.06666666666666667,0.053821216022769555,0.41171712,False,0.06972584873437881
7145,AGAAACGACTGTGA-1,8-9,0.06666666666666667,0.0475902379018706,0.24463569,False,0.07000439986586571
1366,ATACCACTAGAGAT-1,4-5,0.2,0.14794877192663966,0.1407972,False,0.07006522361189127
8394,CAGCGGACGGAAGC-1,8-9,0.13333333333333333,0.10313834007270506,0.53186446,False,0.06991337798535824
5338,TCAGGATGGCCTTC-1,4-5,0.06666666666666667,0.05686973942620158,0.18181923,False,0.0700456378981471
11919,TGACTTACGCATCA-1,8-9,0.2,0.1477852915560341,0.0464508,False,0.07040647231042385
1609,ATGCGCCTGGGACA-1,4-5,0.2,0.1492514601165933,0.62018055,False,0.07014533039182425
10718,GGTACTGAACGGTT-1,8-9,0.06666666666666667,0.17060921827860476,0.4780436,False,0.06950361933559179
4934,TACGGCCTAGAAGT-1,4-5,0.0,0.0,0.262223,True,0.06954162288457155
9178,CGTACCTGAACCGT-1,8-9,0.0,0.0,0.05701863,True,0.06966565828770399
1661,ATGTTGCTGGCATT-1,4-5,0.13333333333333333,0.25591382741790714,0.05210302,False,0.06988148484379053
8407,CAGCTCTGGGTTAC-1,8-9,0.26666666666666666,0.2723728929761636,0.3273673,False,0.06995849870145321
844,ACTTGTACGTACGT-1,4-5,0.06666666666666667,0.17060921827860476,0.79891944,False,0.06961485277861357
11027,GTTAAATGACGCAT-1,8-9,0.0,0.0,0.22911376,True,0.07014807499945164
724,ACGTAGACCCACAA-1-1,4-5,0.06666666666666667,0.10764243204553911,0.0200334,False,0.07009473070502281
9030,CGCAGGTGTTTGTC-1,8-9,0.5333333333333333,0.5349880346793947,0.28915995,False,0.07017340324819088
971,AGATATACGACTAC-1,4-5,0.06666666666666667,0.04265230456965119,0.14644173,False,0.07070843037217855
8621,CCACCTGACTGGAT-1,8-9,0.13333333333333333,0.1228703944573705,0.02136687,False,0.07027022261172533
4455,GTACTACTTCGCTC-1,4-5,0.2,0.14579064464235625,0.8305692,False,0.07036738842725754
8291,CACTAACTACTAGC-1,8-9,0.06666666666666667,0.049317124049935504,0.5528585,False,0.07032400835305452
3644,GATAGAGATCCAGA-1,4-5,0.0,0.0,0.33117807,True,0.07055971398949623
10356,GCGTAAACGCGAGA-1,8-9,0.13333333333333333,0.10053853795113993,0.22642499,False,0.06988812983036041
4191,GGAGTTACCGATAC-1,4-5,0.0,0.0,0.2870809,True,0.07018537726253271
8877,CCTCTACTTGCATG-1,8-9,0.06666666666666667,0.043668798524938345,0.047619805,False,0.07047451287508011
6048,TTCAAGCTGTTTCT-1,4-5,0.2,0.297382103047494,0.097562954,False,0.07027696166187525
8860,CCTATAACCTCTTA-1,8-9,0.0,0.0,0.18050441,True,0.07049144804477692
3421,GACCATGAATTGGC-1,4-5,0.2,0.2879683655484173,0.18315336,False,0.07012833282351494
11711,TCCCTACTCGAACT-1,8-9,0.0,0.0,0.24952927,True,0.07028004713356495
2213,CATATAGACGCCTT-1,4-5,0.13333333333333333,0.10313834007270506,0.23463099,False,0.07013523019850254
7537,AGTATAACTTGGTG-1,8-9,0.13333333333333333,0.11008935378765586,0.1414938,False,0.06995915807783604
3383,GACAACACTCCAAG-1,4-5,0.13333333333333333,0.17364308707670803,0.48544562,False,0.06951590534299612
6864,ACCTATTGAAGATG-1,8-9,0.06666666666666667,0.043668798524938345,0.5542386,False,0.06974020414054394
716,ACGGTATGGAGCTT-1,4-5,0.3333333333333333,0.3018953084437385,0.25727755,False,0.06977098155766726
9166,CGTAACGAATCGTG-1,8-9,0.13333333333333333,0.1929470411848415,0.19799003,False,0.07031032163649797
4306,GGGACCACTCGTTT-1,4-5,0.13333333333333333,0.22443043430137433,0.44202846,False,0.06979401130229235
8316,CACTCCGAGTCGAT-1,8-9,0.0,0.0,0.30367282,True,0.0701504647731781
4219,GGCAAGGACACCAA-1,4-5,0.0,0.0,0.16301876,True,0.07030471041798592
7445,AGGGACGAACTGTG-1,8-9,0.06666666666666667,0.06600065503116892,0.051103324,False,0.07001904677599669
6051,TTCACAACCCCACT-1,4-5,0.0,0.0,0.019943647,True,0.0704245725646615
6900,ACGAAGCTTTATCC-1,8-9,0.06666666666666667,0.06600065503116892,1.0999297,False,0.07091311737895012
2885,CGTTAACTTGCTAG-1,4-5,0.3333333333333333,0.3411820073461476,0.65555954,False,0.07001572661101818
12012,TGCCACTGACTGTG-1-1,8-9,0.06666666666666667,0.17060921827860476,0.09980866,False,0.06998938601464033
666,ACGCCACTCGACTA-1,4-5,0.06666666666666667,0.06600065503116892,0.34619057,False,0.07005265355110168
11993,TGCAATCTTCTACT-1,8-9,0.06666666666666667,0.0475902379018706,0.9255626,False,0.07001872546970844
4891,TACCGAGATAACGC-1,4-5,0.0,0.0,0.86226803,True,0.07008836232125759
10226,GCCACTACGCGAGA-1,8-9,0.0,0.0,0.37367022,True,0.06992259807884693
584,ACCGAAACAAGCCT-1,4-5,0.06666666666666667,0.07347739090382172,0.22817436,False,0.06980594526976347
6803,ACCACAGAGTACGT-1,8-9,0.3333333333333333,0.38717497091374375,0.6215549,False,0.0695166839286685
4908,TACGAGTGAAGCCT-1,4-5,0.06666666666666667,0.06600065503116892,0.41120067,False,0.06960375141352415
12180,TGTGAGACGCGTAT-1,8-9,0.4,0.38484280610309557,0.016167477,False,0.06963452696800232
5787,TGCTTAACCACTAG-1,4-5,0.26666666666666666,0.33435630771842456,0.004820332,False,0.06925418134778738
8376,CAGATGACGGAGTG-1,8-9,0.13333333333333333,0.08746273642358579,0.2904204,False,0.06937508098781109
5067,TAGGCATGTTCGCC-1,4-5,0.26666666666666666,0.19569096808843098,0.9947099,False,0.06931864283978939
11434,TAGTCTTGGAGGCA-1,8-9,0.0,0.0,0.2501836,True,0.06930186599493027
2342,CCACGGGATAAAGG-1,4-5,0.0,0.0,0.021742523,True,0.06970224063843489
9456,CTGAAGTGGAACCT-1,8-9,0.06666666666666667,0.043668798524938345,0.3297546,False,0.06964178197085857
4375,GGTAGTACGTGTCA-1-1,4-5,0.2,0.18827946884140184,0.14350969,False,0.06939260009676218
8788,CCCTGATGAAGTGA-1,8-9,0.4666666666666667,0.504029024747991,0.28914225,False,0.06959372945129871
5219,TATGAATGTGCTTT-1,4-5,0.0,0.0,0.0982236,True,0.0697791064158082
10559,GGATTTCTGGTCTA-1,8-9,0.13333333333333333,0.13424962064154208,0.10861341,False,0.07008625846356153
2665,CGAGCGTGCCACAA-1,4-5,0.0,0.0,0.17218684,True,0.06979419477283955
9647,GAACCAACACCACA-1,8-9,0.2,0.26257864689819144,0.3094722,False,0.06989912502467632
4549,GTCCAAGAGTGTCA-1,4-5,0.0,0.0,0.2831184,True,0.06990335509181023
6673,AATGTAACTGGTGT-1-1,8-9,0.13333333333333333,0.15131123057047743,0.17814942,False,0.07019315380603075
4453,GTACTACTGCCAAT-1-1,4-5,0.2,0.2379895623755624,0.13612473,False,0.07027920335531235
11818,TCTAGACTTTCGGA-1,8-9,0.13333333333333333,0.12279451495375723,0.35505563,False,0.07000241614878178
2981,CTAGGTGAGAGGAC-1,4-5,0.0,0.0,0.04151297,True,0.07013852428644896
6993,ACGTAGACCACTTT-1-1,8-9,0.06666666666666667,0.10764243204553911,0.103415266,False,0.07009529788047075
5721,TGCAATCTGGTCTA-1,4-5,0.0,0.0,0.2482447,True,0.0701774563640356
8556,CATTAGCTTTTCGT-1,8-9,0.0,0.0,0.050116982,True,0.07039509434252977
2538,CCTATAACGCTCCT-1,4-5,0.13333333333333333,0.10966945355610726,0.20106533,False,0.07018227688968182
11366,TAGCTACTTATCTC-1,8-9,0.2,0.1380745488954846,0.42380857,False,0.06975811813026667
2716,CGCACTTGCTCAGA-1,4-5,0.0,0.0,0.36696237,True,0.07006664294749498
8508,CATCGGCTGGTAGG-1,8-9,0.06666666666666667,0.049317124049935504,0.519747,False,0.0697916317731142
1582,ATGATAACCGACTA-1,4-5,0.0,0.0,0.52160215,True,0.07039558328688145
10065,GATTCGGATTCTGT-1,8-9,0.3333333333333333,0.3298375611402618,0.20412229,False,0.07052329182624817
847,ACTTGTACTTCTAC-1,4-5,0.2,0.15449683231134867,0.2813738,False,0.06987361796200275
8145,CAAGGACTAGAGGC-1,8-9,0.13333333333333333,0.10053853795113993,0.25590092,False,0.06981685664504766
1017,AGCATGACCTAGTG-1,4-5,0.2,0.1335678566994837,0.11986706,False,0.07020026259124279
10265,GCCGGAACCACCAA-1,8-9,0.06666666666666667,0.046105120275897894,0.47170442,False,0.06966919265687466
1809,ATTTGCACTGTTTC-1,4-5,0.06666666666666667,0.05686973942620158,0.42872843,False,0.0702214827761054
11113,TAAATCGATGACAC-1,8-9,0.26666666666666666,0.24393802326306283,0.5279791,False,0.07025136891752481
1895,CAAGGACTCAGAGG-1,4-5,0.4,0.44959560707274887,0.26490015,False,0.06992669310420752
8183,CAATATGAACTGGT-1,8-9,0.0,0.0,0.46864918,True,0.06987759750336409
6162,TTGATCTGCATGAC-1,4-5,0.13333333333333333,0.1082282316648452,0.20591822,False,0.07017268426716328
8281,CACGCTACGCGAAG-1,8-9,0.0,0.0,0.10601671,True,0.07064507622271776
5465,TCGACCTGCGTGTA-1,4-5,0.13333333333333333,0.21992634232854028,0.11230146,False,0.06987407244741917
11211,TACACACTACACTG-1,8-9,0.0,0.0,0.59016234,True,0.06975382752716541
3741,GATTCTTGAGAGTA-1,4-5,0.0,0.0,0.030600369,True,0.0696779116988182
7850,ATCTTTCTCGTCTC-1,8-9,0.4,0.45476060605111207,0.1698485,False,0.07087308261543512
2655,CGAGATTGAACGAA-1,4-5,0.0,0.0,0.52964276,True,0.07014783099293709
11109,TAAAGTTGCTTACT-1,8-9,0.2,0.277486568292223,0.25267354,False,0.0702555337920785
3025,CTATTGACTTCGTT-1,4-5,0.06666666666666667,0.07347739090382172,0.445513,False,0.07006847206503153
10329,GCGCGAACCTGGAT-1,8-9,0.13333333333333333,0.2313814480163251,0.0037063546,False,0.06999375857412815
2349,CCACTTCTACTCAG-1,4-5,0.13333333333333333,0.09502729076358196,0.027370993,False,0.07009341567754745
7851,ATCTTTCTGTGTCA-1,8-9,0.06666666666666667,0.053821216022769555,0.3493214,False,0.0697606485337019
1570,ATGAAGGAGAGATA-1-1,4-5,0.3333333333333333,0.27240004904063997,0.17718129,False,0.06995508447289467
8735,CCCAGTTGAACGAA-1,8-9,0.0,0.0,0.03874422,True,0.06984457280486822
5284,TCAATCACGGCATT-1,4-5,0.0,0.0,0.30581692,True,0.07032281998544931
10180,GCAGTTGACAGCTA-1,8-9,0.13333333333333333,0.21541965013253936,0.050833195,False,0.0698147164657712
3422,GACCATGACATGCA-1,4-5,0.2,0.20062238822040682,0.38015154,False,0.07010682579129934
9955,GAGTGACTTTGCGA-1,8-9,0.26666666666666666,0.25996419017129757,0.24520427,False,0.06987671833485365
4426,GTAATATGGTAAAG-1,4-5,0.0,0.0,0.087399244,True,0.06984648387879133
9099,CGGAATTGACGCTA-1,8-9,0.13333333333333333,0.2313814480163251,0.086692415,False,0.07005310617387295
855,AGAAACGAAGTGTC-1,4-5,0.13333333333333333,0.11735914726981254,0.01942331,False,0.06957560312002897
6395,AACCGATGGAGAGC-1,8-9,0.06666666666666667,0.0475902379018706,0.47387254,False,0.0697877798229456
4367,GGTACATGTGTCTT-1,4-5,0.06666666666666667,0.06077222973772036,0.4350162,False,0.06951501872390509
6391,AACCCAGATGCTAG-1,8-9,0.06666666666666667,0.0475902379018706,0.1840938,False,0.06987583450973034
1527,ATCGGAACTGCCTC-1,4-5,0.06666666666666667,0.043668798524938345,0.06636526,False,0.06984240468591452
10689,GGGCCATGTAAAGG-1,8-9,0.06666666666666667,0.049317124049935504,0.027971521,False,0.07019130885601044
2935,CTACAACTCTGGAT-1,4-5,0.13333333333333333,0.24408660918242647,0.29261285,False,0.07006711978465319
8391,CAGCGGACCAAGCT-1,8-9,0.06666666666666667,0.04265230456965119,0.62570894,False,0.07011772226542234
4160,GGACGCACTGCTAG-1,4-5,0.06666666666666667,0.06600065503116892,0.05107085,False,0.07002019695937634
11046,GTTATAGAGCCATA-1,8-9,0.06666666666666667,0.08530460913930238,1.0050468,False,0.07025137729942799
4769,TAAACAACGGAGTG-1,4-5,0.2,0.17406203398485148,0.03847269,False,0.07022387441247702
6585,AAGTGCACTTTCAC-1,8-9,0.0,0.0,0.3816654,True,0.07009583152830601
2138,CAGGAACTTGAGAA-1,4-5,0.06666666666666667,0.053821216022769555,0.118641436,False,0.07002707850188017
6924,ACGATTCTCAATCG-1,8-9,0.0,0.0,0.33673057,True,0.07017828430980444
2656,CGAGATTGTCCTCG-1,4-5,0.0,0.0,0.09140543,True,0.07018312253057957
6575,AAGTCCGAAGCGGA-1,8-9,0.13333333333333333,0.09746361251454151,0.273889,False,0.07028140872716904
56,AAATACTGGTGAGG-1,4-5,0.0,0.0,0.52617425,True,0.06947072502225637
11178,TAATCCACCCTTAT-1,8-9,0.06666666666666667,0.049317124049935504,0.27362454,False,0.06983916275203228
5854,TGGCACCTCATTGG-1,4-5,0.0,0.0,0.00041057914,True,0.07022402063012123
7734,ATAGTCCTAGACTC-1,8-9,0.2,0.2814203051637083,0.07893937,False,0.07038082741200924
4220,GGCAAGGACCTTCG-1,4-5,0.06666666666666667,0.17060921827860476,0.19764212,False,0.07027154881507158
10584,GGCATATGCTTTAC-1,8-9,0.06666666666666667,0.0475902379018706,0.14098606,False,0.06995788402855396
3800,GCACCACTTTGTCT-1,4-5,0.0,0.0,0.6521369,True,0.07003753446042538
7493,AGGTGGGAGCTCCT-1,8-9,0.13333333333333333,0.21671433855450267,1.0197468,False,0.070369528606534
29,AAAGAGACGTGAGG-1,4-5,0.06666666666666667,0.046105120275897894,0.17575291,False,0.07033323403447866
9188,CGTCAAGAGCATCA-1,8-9,0.06666666666666667,0.07347739090382172,0.33004642,False,0.06971818767488003
347,AATCCGGAGTTGTG-1,4-5,0.06666666666666667,0.0475902379018706,0.66242707,False,0.06983532104641199
6354,AACAATACTTACCT-1,8-9,0.0,0.0,0.37490204,True,0.07027748599648476
1076,AGCGTAACGATACC-1,4-5,0.0,0.0,0.16043872,True,0.06999376323074102
8423,CAGGTAACGTGTTG-1,8-9,0.13333333333333333,0.21671433855450267,0.25477234,False,0.0698248315602541
2412,CCCAAAGATCTTCA-1,4-5,0.06666666666666667,0.17060921827860476,0.37667227,False,0.06908964365720749
7900,ATGCCAGAGGAACG-1,8-9,0.13333333333333333,0.18111982294936083,0.49267045,False,0.07004070747643709
4754,GTTGATCTTGTAGC-1,4-5,0.0,0.0,0.26134804,True,0.0700939754024148
11611,TCAGACGATGCAGT-1,8-9,0.06666666666666667,0.0475902379018706,0.0783385,False,0.06997846905142069
1355,ATAATCGACTCTAT-1,4-5,0.0,0.0,0.0901828,True,0.07000225223600864
12269,TTAGGTCTCTGTAG-1,8-9,0.0,0.0,0.48230287,True,0.07034934405237436
962,AGAGTGCTCTGTAG-1,4-5,0.0,0.0,0.14749378,True,0.07015199959278107
12007,TGCATGGATGGCAT-1,8-9,0.0,0.0,0.43337747,True,0.07016582321375608
3278,GAAAGATGCTTTAC-1,4-5,0.06666666666666667,0.046105120275897894,0.39495012,False,0.07027220074087381
9593,CTTTACGACACAAC-1,8-9,0.2,0.3052309514678426,0.20671141,False,0.0701507655903697
3290,GAACACACGCATAC-1,4-5,0.13333333333333333,0.12729860692659126,0.037962604,False,0.07015470508486032
6973,ACGGCGTGGGACGA-1,8-9,0.26666666666666666,0.306537934117881,0.22767577,False,0.07037752214819193
5403,TCCATCCTTCCTTA-1,4-5,0.0,0.0,1.1121185,True,0.07003533001989126
7231,AGAGCTACTGGATC-1,8-9,0.0,0.0,0.23785535,True,0.07065018825232983
879,AGAATGGAAGGCGA-1,4-5,0.3333333333333333,0.4069111227479788,0.21212411,False,0.07029860559850931
8448,CAGTTACTCTACGA-1,8-9,0.06666666666666667,0.049317124049935504,0.017595135,False,0.07046807836741209
2965,CTAGAGACCTGTAG-1,4-5,0.0,0.0,0.0662765,True,0.07013279385864735
9560,CTTAGACTTCTATC-1,8-9,0.0,0.0,0.09227812,True,0.06999637838453054
1986,CACATGGAGTCCTC-1,4-5,0.06666666666666667,0.06077222973772036,0.12138831,False,0.06982031930238008
8008,ATTCGGGAAGGTTC-1,8-9,0.2,0.17340372720248917,0.46633077,False,0.07007650565356016
1423,ATAGGCTGCTAGAC-1,4-5,0.13333333333333333,0.21427801680354308,0.36338425,False,0.07007263135164976
7484,AGGTCATGAGCGGA-1,8-9,0.2,0.13767959533323315,0.87487715,False,0.070289540104568
3218,CTTAGGGACCTCGT-1,4-5,0.26666666666666666,0.26981201116928627,0.08004248,False,0.07020334899425507
7777,ATCATGCTTCTCAT-1,8-9,0.06666666666666667,0.06600065503116892,0.056754805,False,0.06987117137759924
249,AAGCGACTAACAGA-1,4-5,0.0,0.0,0.09153257,True,0.07029757183045149
9259,CTAACTACAAGTAG-1,8-9,0.0,0.0,0.1723676,True,0.07000742759555578
4751,GTTGATCTACTGTG-1,4-5,0.2,0.15797008365075563,0.047317617,False,0.07012890093028545
8465,CATACTACACGTAC-1,8-9,0.2,0.1509972953300717,0.008549288,False,0.06994322501122952
82,AAATGTTGTAACCG-1,4-5,0.13333333333333333,0.11828782275775633,0.028379437,False,0.07030297070741653
12130,TGTAAAACACTTTC-1,8-9,0.26666666666666666,0.24354045139156424,0.39479962,False,0.07022731564939022
5288,TCACAACTTCAAGC-1,4-5,0.06666666666666667,0.06077222973772036,0.65981424,False,0.07054587826132774
10450,GGAAGGTGCTGACA-1,8-9,0.0,0.0,0.33127922,True,0.07055642548948526
2451,CCCGATTGGCTGTA-1,4-5,0.06666666666666667,0.10764243204553911,0.000625968,False,0.07022859901189804
10842,GTAGTGTGTTGCGA-1,8-9,0.13333333333333333,0.09502729076358196,0.62125295,False,0.07028440106660128
1293,AGTGTGACCGAACT-1,4-5,0.06666666666666667,0.043668798524938345,0.22532707,False,0.07020650524646044
9172,CGTACAGAGATAGA-1,8-9,0.0,0.0,0.052481145,True,0.07023349869996309
4284,GGGAACGACTGAGT-1,4-5,0.06666666666666667,0.17060921827860476,0.09037831,False,0.070362220518291
8911,CGAAGACTTGTGAC-1,8-9,0.13333333333333333,0.11612969547347292,0.07926309,False,0.07007622718811035
2764,CGGAATTGACGTGT-1,4-5,0.0,0.0,0.07130386,True,0.07021580170840025
9654,GAACGGGACGTAGT-1,8-9,0.5333333333333333,0.6669448752088623,0.043469504,False,0.07042352575808764
3335,GAAGCTTGACCATG-1,4-5,0.13333333333333333,0.13912582516207192,0.44996688,False,0.07029255572706461
11588,TCACATACTAGAAG-1,8-9,0.0,0.0,0.10714843,True,0.07039079256355762
4314,GGGATGGACTCTTA-1,4-5,0.13333333333333333,0.1587820000431241,0.42284027,False,0.07064720150083303
10955,GTGAGGGAAACGTC-1,8-9,0.2,0.15447988541004187,0.18141496,False,0.07028198521584272
6127,TTCTCAGAAACCGT-1,4-5,0.13333333333333333,0.15131123057047743,0.44775304,False,0.07039564289152622
6529,AAGCGTACTCACCC-1,8-9,0.26666666666666666,0.22324640536131,0.26796275,False,0.0701456731185317
3289,GAAATACTTAAGGA-1,4-5,0.06666666666666667,0.05135849223864361,0.11815355,False,0.06995676271617413
10295,GCGACTCTTATCGG-1,8-9,0.06666666666666667,0.049317124049935504,0.39723814,False,0.06972997356206179
3450,GACGATTGGAATCC-1,4-5,0.0,0.0,0.18415524,True,0.07007588725537062
11279,TACGTACTGGAGGT-1,8-9,0.13333333333333333,0.11714618942876005,0.081743106,False,0.07007417269051075
2742,CGCCTAACTCCAGA-1,4-5,0.26666666666666666,0.382711627652216,0.2700924,False,0.06999271083623171
10195,GCATGATGTCCGAA-1,8-9,0.0,0.0,0.5291436,True,0.06934201996773481
5737,TGCACGCTTTCTTG-1,4-5,0.3333333333333333,0.3234987490777834,0.021060873,False,0.06931412499397993
8864,CCTATTGAGTATGC-1,8-9,0.06666666666666667,0.08530460913930238,0.052933972,False,0.06979596801102161
729,ACGTCAGACAGAAA-1,4-5,0.0,0.0,0.18476523,True,0.0700788339599967
11992,TGCAATCTGTGTAC-1,8-9,0.26666666666666666,0.38122651002624336,0.13744324,False,0.06991781201213598
6056,TTCACAACTTGTCT-1,4-5,0.06666666666666667,0.08530460913930238,0.111978605,False,0.07004569005221128
7194,AGACTGACCTAGAC-1,8-9,0.0,0.0,0.4350927,True,0.07012400217354298
5542,TCTAACTGCAACTG-1,4-5,0.06666666666666667,0.17060921827860476,0.22401413,False,0.07022578362375498
10566,GGCAAGGATAGCGT-1,8-9,0.13333333333333333,0.0919694286195867,0.19025137,False,0.07040467765182257
125,AACCAGTGAGAGGC-1,4-5,0.06666666666666667,0.06600065503116892,0.60406977,False,0.07035600394010544
6815,ACCAGCCTAGGAGC-1,8-9,0.2,0.15823584225226187,0.4191432,False,0.07012413628399372
1819,CAAAGCTGATGCCA-1,4-5,0.0,0.0,0.27733096,True,0.07005081884562969
8139,CAAGCCCTCTGAGT-1,8-9,0.26666666666666666,0.22012104913085953,0.14816031,False,0.07009660732001066
2494,CCGATAGAGGTGTT-1,4-5,0.0,0.0,0.29525,True,0.07010259572416544
12456,TTGGAGACGTACCA-1,8-9,0.5333333333333333,0.6148570585344013,0.2528141,False,0.06980236805975437
6196,TTGTCATGTTTCAC-1,4-5,0.13333333333333333,0.13011504099323698,0.4830513,False,0.06967881508171558
6492,AAGATGGATTCTAC-1,8-9,0.06666666666666667,0.046105120275897894,0.1482548,False,0.06930307857692242
5598,TGAACCGAAAAAGC-1,4-5,0.2,0.20266972280912107,0.20349112,False,0.06943775992840528
9705,GAAGTGCTGTGTAC-1-1,8-9,0.06666666666666667,0.05686973942620158,0.17740077,False,0.06981098186224699
1651,ATGTTAGACGACTA-1,4-5,0.2,0.16371993337534352,0.32966244,False,0.06991530768573284
6839,ACCCACTGTATGGC-1,8-9,0.13333333333333333,0.10517970826141315,0.02521792,False,0.07021198701113462
5206,TATCTCGACTACTT-1,4-5,0.2,0.2647367741824749,0.21695504,False,0.06990661006420851
6774,ACAGTTCTGTATGC-1,8-9,0.06666666666666667,0.10764243204553911,0.00069282204,False,0.06983260903507471
5069,TAGGCTGAAAACGA-1,4-5,0.13333333333333333,0.22443043430137433,0.10344949,False,0.070255346596241
7749,ATCAAATGACCCTC-1,8-9,0.0,0.0,0.40377975,True,0.07027746643871069
1023,AGCCACCTAGTACC-1,4-5,0.06666666666666667,0.043668798524938345,0.69942284,False,0.07013856619596481
9117,CGGAGGCTAAACGA-1,8-9,0.06666666666666667,0.07347739090382172,0.3376858,False,0.07046450208872557
3112,CTGACAGATACGAC-1,4-5,0.0,0.0,0.076885484,True,0.07027057837694883
7296,AGCATTCTCCCGTT-1,8-9,0.06666666666666667,0.043668798524938345,0.14718121,False,0.07015354745090008
1688,ATTAGTGAATCGAC-1,4-5,0.4,0.4318191662016561,0.62402815,False,0.07077651284635067
9260,CTAACTACACACGT-1,8-9,0.0,0.0,0.23292828,True,0.0701606348156929
3565,GAGGCCACCCAACA-1,4-5,0.06666666666666667,0.08530460913930238,0.8550378,False,0.06995412707328796
6832,ACCATTTGTGATGC-1,8-9,0.06666666666666667,0.08530460913930238,0.60932815,False,0.07011984661221504
2376,CCAGGTCTAAGATG-1,4-5,0.13333333333333333,0.09992633629866744,0.09680159,False,0.0698845749720931
10973,GTGCAAACACGGTT-1,8-9,0.06666666666666667,0.05135849223864361,0.2558746,False,0.0693622874096036
1979,CACAGTGAGTCTTT-1,4-5,0.06666666666666667,0.17060921827860476,0.033444524,False,0.06973387487232685
9282,CTACGCACTGAGAA-1,8-9,0.13333333333333333,0.1569595560954746,0.2641093,False,0.06999308243393898
709,ACGGGAGAAGTACC-1,4-5,0.06666666666666667,0.17060921827860476,0.46086794,False,0.07017516624182463
7093,ACTGCCACGCTGAT-1,8-9,0.2,0.14678073656447704,0.15288907,False,0.06995314452797174
310,AAGTTATGGTGTTG-1,4-5,0.0,0.0,0.56665087,True,0.06940395943820477
10715,GGTACATGAGCAAA-1,8-9,0.0,0.0,0.1345191,True,0.06999434903264046
4823,TAAGCGTGATACCG-1,4-5,0.06666666666666667,0.10764243204553911,0.0054309964,False,0.06997468136250973
12192,TGTGATCTCGTGTA-1,8-9,0.0,0.0,0.62228996,True,0.07035320345312357
3428,GACCCTACTTGCGA-1,4-5,0.0,0.0,0.11740292,True,0.07029255013912916
10108,GCAATCGAATGGTC-1,8-9,0.13333333333333333,0.1645121714717407,0.20031033,False,0.07017089426517487
140,AACCTTACCCCGTT-1,4-5,0.06666666666666667,0.10764243204553911,0.3689148,False,0.06917416583746672
11698,TCCCATCTGTCGTA-1,8-9,0.06666666666666667,0.08530460913930238,0.0721549,False,0.06997358798980713
1305,AGTTCTACAAACAG-1,4-5,0.0,0.0,0.37847254,True,0.06999595835804939
7116,ACTTCAACCTTGGA-1,8-9,0.06666666666666667,0.04481043185393461,0.12109182,False,0.07021145429462194
5322,TCAGACGAGACACT-1,4-5,0.13333333333333333,0.09746361251454151,0.12483898,False,0.06998120993375778
7175,AGACCTGAAGGCGA-1,8-9,0.06666666666666667,0.10764243204553911,0.37408435,False,0.07014625519514084
341,AATCAAACGTGTTG-1,4-5,0.13333333333333333,0.1289734076642407,0.19693369,False,0.0701384712010622
9433,CTCGACACTGTGAC-1,8-9,0.26666666666666666,0.21127374533263016,0.5833091,False,0.06994687020778656
4989,TACTTGACAACCAC-1,4-5,0.0,0.0,0.0024853235,True,0.06993006449192762
7927,ATGGTGACGCTATG-1,8-9,0.0,0.0,0.14677846,True,0.07030465081334114
1260,AGTCACGATCCTAT-1,4-5,0.06666666666666667,0.0475902379018706,0.36475068,False,0.06977200228720903
7611,AGTTCTTGTGTTCT-1,8-9,0.0,0.0,0.48112926,True,0.06997048668563366
766,ACTAAAACTTGCGA-1,4-5,0.06666666666666667,0.07347739090382172,0.01539816,False,0.06971792131662369
6373,AACATATGTGAGCT-1,8-9,0.2,0.3052309514678426,0.5132524,False,0.06985766347497702
3608,GAGTACACACCAAC-1,4-5,0.2,0.32939121832172885,0.20039728,False,0.06966602895408869
11459,TATAAGTGAGTTCG-1,8-9,0.06666666666666667,0.06600065503116892,0.24127676,False,0.06977721583098173
3679,GATCGAACTCATTC-1,4-5,0.06666666666666667,0.05686973942620158,0.35938424,False,0.06986000761389732
6380,AACCACGAGAAACA-1,8-9,0.0,0.0,1.2303607,True,0.07005127891898155
3906,GCCATCACCTTATC-1,4-5,0.13333333333333333,0.10836246763959095,0.27322814,False,0.0700650280341506
11576,TCAATAGATATGCG-1,8-9,0.13333333333333333,0.1513052641704713,0.65348285,False,0.06999382004141808
5596,TGAAATTGTAAGGA-1,4-5,0.0,0.0,0.19096716,True,0.06991525460034609
11295,TACTACTGCAACTG-1,8-9,0.5333333333333333,0.5382511672739645,0.38102368,False,0.07011425029486418
1193,AGGTCTGACAGTCA-1,4-5,0.2,0.14113241103947985,0.199731,False,0.06976478174328804
7892,ATGCACGAGTTCTT-1,8-9,0.0,0.0,0.28220677,True,0.07058929279446602
2989,CTATAAGACTACTT-1,4-5,0.0,0.0,0.54839283,True,0.07020879443734884
7042,ACTAGGTGACCCTC-1,8-9,0.0,0.0,0.14539923,True,0.07006648927927017
2314,CCAACCTGTTTCGT-1,4-5,0.0,0.0,0.38140947,True,0.07006977219134569
6325,AAATGGGAGTCTTT-1,8-9,0.13333333333333333,0.1303471303300233,0.57105315,False,0.06951453071087599
3978,GCGAAGGAGCATCA-1,4-5,0.2,0.15449683231134867,0.19869803,False,0.06980026885867119
11679,TCCAGAGAAAAAGC-1,8-9,0.06666666666666667,0.053821216022769555,0.30230588,False,0.07029096130281687
1329,AGTTTGCTTCTGGA-1,4-5,0.0,0.0,0.14622805,True,0.07022134959697723
8385,CAGCATGAGAATGA-1-1,8-9,0.06666666666666667,0.0475902379018706,0.41986287,False,0.06990671809762716
5694,TGATTCACGAAAGT-1,4-5,0.06666666666666667,0.0475902379018706,0.41969606,False,0.06994506902992725
8397,CAGCGTCTCCCGTT-1,8-9,0.0,0.0,0.34527516,True,0.06970080640166998
5900,TGTAGGTGCTTGTT-1,4-5,0.0,0.0,0.041603193,True,0.0703054154291749
8488,CATCAGGACGACTA-1,8-9,0.13333333333333333,0.1502947366151903,0.29563946,False,0.06974681280553341
3016,CTATGTACGGGCAA-1,4-5,0.06666666666666667,0.17060921827860476,0.19613692,False,0.0697519788518548
11520,TATCTGACTCCTGC-1,8-9,0.06666666666666667,0.05135849223864361,0.11323764,False,0.07010579481720924
5421,TCCCGATGCCACCT-1,4-5,0.06666666666666667,0.07347739090382172,0.31089562,False,0.07036892883479595
11713,TCCCTACTTCGCAA-1,8-9,0.13333333333333333,0.0969073619518061,0.9815637,False,0.06996716558933258
4596,GTCTGAGAGGGAGT-1,4-5,0.0,0.0,1.313153,True,0.06956970505416393
9223,CGTGTAGACAGAGG-1,8-9,0.13333333333333333,0.1552326699474097,0.9100665,False,0.06976461783051491
1400,ATAGATACTATGGC-1,4-5,0.0,0.0,0.026967634,True,0.07016854640096426
9198,CGTCGACTATTGGC-1,8-9,0.2,0.18072685346513578,0.22970058,False,0.06916237529367208
5523,TCGGTAGAACGCTA-1,4-5,0.0,0.0,0.021042384,True,0.07020094618201256
7691,ATACGTCTCATGAC-1,8-9,0.0,0.0,0.46734267,True,0.07013465091586113
1807,ATTTGCACGATAAG-1,4-5,0.06666666666666667,0.06077222973772036,0.07552028,False,0.06986273732036352
8196,CAATGGACATACCG-1,8-9,0.06666666666666667,0.043668798524938345,0.45695776,False,0.06993034295737743
3507,GACTTTACTCGTTT-1,4-5,0.0,0.0,0.037534177,True,0.06995421461760998
8097,CAACAGACAAGGCG-1,8-9,0.06666666666666667,0.04265230456965119,0.50348806,False,0.06999954674392939
3071,CTCGACACGTTAGC-1,4-5,0.26666666666666666,0.2415478066419931,0.053974256,False,0.0705552576109767
8379,CAGCAATGTAGAGA-1,8-9,0.13333333333333333,0.15131123057047743,0.21058139,False,0.07056230492889881
2644,CGACTCTGCCTGAA-1,4-5,0.0,0.0,0.002272427,True,0.06961587723344564
10075,GATTGGTGCCCTAC-1,8-9,0.2,0.1481287758530105,0.16136049,False,0.07005969434976578
5446,TCCTAAACACGTTG-1,4-5,0.26666666666666666,0.23038486158888086,0.7373476,False,0.0700668916106224
9699,GAAGTCTGCTCAAG-1,8-9,0.06666666666666667,0.06077222973772036,0.00044314563,False,0.0698943268507719
3737,GATTCTACTCGCAA-1,4-5,0.0,0.0,0.69622725,True,0.0701516242697835
10865,GTATTCACAAGTAG-1,8-9,0.13333333333333333,0.10313834007270506,0.4641143,False,0.0702021773904562
561,ACCATTTGGAGAGC-1,4-5,0.2,0.13983772261751656,0.55646235,False,0.07005233317613602
6969,ACGGAGGAGAGCAG-1,8-9,0.06666666666666667,0.049317124049935504,0.1514023,False,0.07090926915407181
3189,CTGTGAGATCAGAC-1,4-5,0.06666666666666667,0.04265230456965119,0.47303405,False,0.07052592933177948
8516,CATCTCCTTCTTCA-1,8-9,0.06666666666666667,0.0475902379018706,0.21364808,False,0.0704931803047657
1292,AGTGTGACAGATGA-1,4-5,0.06666666666666667,0.10764243204553911,0.16645291,False,0.0699942409992218
9338,CTATAGCTCTGATG-1,8-9,0.0,0.0,0.2207664,True,0.07029686495661736
352,AATCCTTGGTCTAG-1,4-5,0.0,0.0,0.8612431,True,0.06985446065664291
7310,AGCCGGACGCTGAT-1,8-9,0.2,0.19218195915292063,0.15587856,False,0.069880704395473
3504,GACTGTGAGTATGC-1,4-5,0.0,0.0,0.23289801,True,0.070022146217525
9578,CTTGAACTTGGTCA-1,8-9,0.2,0.18482665313515514,1.0680149,False,0.07024484686553478
3133,CTGATACTGCATAC-1,4-5,0.06666666666666667,0.06600065503116892,0.5074364,False,0.06976515147835016
9509,CTGGAAACGTGCAT-1,8-9,0.06666666666666667,0.17060921827860476,0.042848907,False,0.06951281521469355
3258,CTTTAGTGCGTTGA-1,4-5,0.0,0.0,0.5987927,True,0.07030721474438906
9693,GAAGTCACACACGT-1,8-9,0.0,0.0,0.7608788,True,0.07035636715590954
599,ACCTCCGAACCCTC-1,4-5,0.2,0.13242622337048743,0.105872914,False,0.07014488987624645
7544,AGTCACGAGTATGC-1,8-9,0.0,0.0,0.009284824,True,0.07006602641195059
4803,TAACTAGAATCTTC-1,4-5,0.2,0.26603146260443816,0.13416985,False,0.07026263233274221
10845,GTATCACTGATAAG-1,8-9,0.4,0.34116954644081804,0.56830823,False,0.0704001858830452
4386,GGTATGACTTGGCA-1,4-5,0.06666666666666667,0.043668798524938345,0.20397143,False,0.0702793076634407
7251,AGATATTGCGAATC-1,8-9,0.06666666666666667,0.17060921827860476,0.23150086,False,0.06999140046536922
568,ACCCACTGCACTTT-1,4-5,0.06666666666666667,0.08530460913930238,0.013326742,False,0.07023510243743658
8840,CCGTACACTCACCC-1,8-9,0.0,0.0,0.23964193,True,0.07039776351302862
913,AGACTGACCATTCT-1,4-5,0.13333333333333333,0.09502729076358196,0.5139179,False,0.07030077837407589
8824,CCGGTACTCAGTTG-1,8-9,0.26666666666666666,0.17723665522442203,0.1669774,False,0.06998918484896421
57,AAATACTGTACTGG-1,4-5,0.13333333333333333,0.11828782275775633,0.46893215,False,0.06983357761055231
6991,ACGGTCCTCATGCA-1,8-9,0.0,0.0,0.62828505,True,0.06964157521724701
2564,CCTGACTGCTCCAC-1,4-5,0.06666666666666667,0.06077222973772036,1.0811949,False,0.070176986977458
9926,GAGGTTACGGAACG-1,8-9,0.3333333333333333,0.4697431229395834,0.5758564,False,0.07018178049474955
1152,AGGCTAACTCCGAA-1,4-5,0.0,0.0,0.10939716,True,0.07020077668130398
6834,ACCATTTGTTTGCT-1,8-9,0.13333333333333333,0.08875742484554909,0.110686235,False,0.07010407280176878
2907,CTAACACTGACAGG-1,4-5,0.06666666666666667,0.04481043185393461,0.48366994,False,0.06992246024310589
7461,AGGGCGCTCTGGTA-1,8-9,0.6666666666666666,0.6506690088710007,0.47736865,False,0.07019595429301262
841,ACTTGGGATCTCTA-1,4-5,0.06666666666666667,0.07347739090382172,0.17017707,False,0.06987119652330875
8328,CACTGCACTCTTCA-1,8-9,0.06666666666666667,0.04481043185393461,0.19566135,False,0.07043599896132946
773,ACTACTACCGAATC-1,4-5,0.0,0.0,0.47830752,True,0.07048532273620367
10362,GCGTAATGAGCCAT-1,8-9,0.06666666666666667,0.17060921827860476,0.5011176,False,0.07034777011722326
1012,AGCACTGAGGTTTG-1,4-5,0.0,0.0,0.17482373,True,0.07035568449646235
11824,TCTATGTGATGCTG-1,8-9,0.0,0.0,0.023064423,True,0.07001533824950457
2223,CATCAGGACTTCCG-1,4-5,0.0,0.0,0.30940348,True,0.06974962819367647
9309,CTAGGATGTATTCC-1,8-9,0.13333333333333333,0.14607683887702272,0.18001537,False,0.07022599875926971
3984,GCGAGAGACTCAAG-1,4-5,0.0,0.0,0.19815047,True,0.06999189592897892
12213,TTAACCACCGCTAA-1,8-9,0.2,0.16142289935700233,0.12713425,False,0.07051268219947815
846,ACTTGTACTCTATC-1,4-5,0.06666666666666667,0.17060921827860476,0.37506256,False,0.06994994916021824
10382,GCTACGCTACGTAC-1,8-9,0.13333333333333333,0.13011504099323698,0.2837168,False,0.06990429200232029
2632,CGACCTACGGTCTA-1,4-5,0.06666666666666667,0.17060921827860476,0.38110304,False,0.06985990609973669
12084,TGGATGACGGCAAG-1,8-9,0.13333333333333333,0.12483588314246533,0.44026214,False,0.06985618080943823
2470,CCCTGAACGACAGG-1,4-5,0.26666666666666666,0.21599079514651667,0.36405692,False,0.0697489082813263
10138,GCACGGTGGGACGA-1,8-9,0.06666666666666667,0.08530460913930238,0.538634,False,0.07008929178118706
2483,CCGAAAACGTCGAT-1,4-5,0.2,0.2120834603081978,0.06271107,False,0.07005241326987743
11756,TCGAGAACAAAGCA-1,8-9,0.0,0.0,0.57814336,True,0.0700736278668046
2779,CGGACTCTTTTGCT-1,4-5,0.0,0.0,0.56822515,True,0.06990263517946005
7647,ATAACATGTTTGTC-1,8-9,0.2,0.3127835668441087,0.036544673,False,0.06998226884752512
4874,TACAAATGTACGAC-1,4-5,0.06666666666666667,0.0475902379018706,0.33263427,False,0.06989773269742727
11688,TCCATCCTCCAATG-1,8-9,0.0,0.0,0.1628262,True,0.07023827452212572
5481,TCGAGAACGTTGGT-1,4-5,0.06666666666666667,0.043668798524938345,0.18012252,False,0.07007355894893408
11242,TACGAGACTGTCCC-1,8-9,0.2,0.205132446593247,0.23146608,False,0.06967942509800196
1594,ATGCCAGAGAGGTG-1,4-5,0.06666666666666667,0.06600065503116892,0.32148033,False,0.06996255740523338
8353,CAGACATGGCCATA-1,8-9,0.0,0.0,0.062482268,True,0.0699651250615716
3568,GAGGCCACGTCTAG-1,4-5,0.13333333333333333,0.22196771051724837,0.50924337,False,0.06979537755250931
9428,CTCGAAGATATGGC-1,8-9,0.0,0.0,0.3274417,True,0.06990882195532322
5869,TGGTACGATCTGGA-1,4-5,0.13333333333333333,0.16146364806830865,0.46846935,False,0.06941500399261713
7100,ACTGGCCTTCAAGC-1,8-9,0.06666666666666667,0.17060921827860476,0.068534456,False,0.06964724883437157
5693,TGATTCACCTGACA-1,4-5,0.0,0.0,0.12375654,True,0.07022046390920877
11170,TAAGTAACACCCTC-1,8-9,0.13333333333333333,0.18111982294936083,0.26204512,False,0.06988558080047369
3947,GCCGGAACATGACC-1,4-5,0.2,0.2197731540219031,0.18881825,False,0.07010102178901434
7683,ATACCTACTTCGCC-1,8-9,0.0,0.0,0.100703046,True,0.07011509500443935
5256,TATTTCCTGAATGA-1,4-5,0.0,0.0,0.15286987,True,0.06981561705470085
7414,AGGACTTGCTGAGT-1,8-9,0.4666666666666667,0.5408779214954115,0.07663927,False,0.0696686478331685
5588,TCTTGATGGTCAAC-1,4-5,0.4,0.5453961180068589,0.5700233,False,0.0697292136028409
11172,TAAGTAACCCTCAC-1,8-9,0.0,0.0,0.070364736,True,0.06962377112358809
826,ACTTCAACGTCAAC-1,4-5,0.13333333333333333,0.14217434856550396,0.24087638,False,0.06994498893618584
8576,CATTTGTGACGGAG-1,8-9,0.13333333333333333,0.13424962064154208,0.31500655,False,0.07010295428335667
4398,GGTTGAACAAGCAA-1,4-5,0.2,0.2954451014210701,0.15739785,False,0.0699323695152998
6870,ACCTATTGGGACGA-1,8-9,0.13333333333333333,0.11735914726981254,0.336078,False,0.06981551088392735
2807,CGGCGATGTTCAGG-1,4-5,0.0,0.0,0.7919443,True,0.06989102624356747
9710,GAATGCACCTACTT-1,8-9,0.06666666666666667,0.043668798524938345,0.20979556,False,0.0699434271082282
2398,CCATCCGAGTACAC-1,4-5,0.2,0.20817500359667288,0.13177618,False,0.07021382730454206
11179,TAATCCACCGACAT-1,8-9,0.0,0.0,0.17601313,True,0.0697357002645731
520,ACATTCTGAGAACA-1,4-5,0.06666666666666667,0.046105120275897894,0.27774772,False,0.07013424299657345
9371,CTATTGACTCTCTA-1,8-9,0.13333333333333333,0.2313814480163251,0.097570926,False,0.07001984864473343
3561,GAGGCAGAACCCAA-1,4-5,0.13333333333333333,0.11982187105393848,0.6090754,False,0.06996210664510727
11905,TGACGCCTAAGTAG-1,8-9,0.06666666666666667,0.046105120275897894,0.32709584,False,0.07016550656408072
1812,CAAACTCTACTCTT-1,4-5,0.0,0.0,0.8900516,True,0.0700646573677659
7951,ATGTTAGACTGTAG-1,8-9,0.2,0.16900046140256555,0.014849089,False,0.07006601523607969
1591,ATGCAGTGTAGAAG-1,4-5,0.13333333333333333,0.10297485970209948,0.20800512,False,0.06995992083102465
11278,TACGTACTCTCGAA-1,8-9,0.13333333333333333,0.1929470411848415,0.1478397,False,0.07031820993870497
2653,CGAGAACTCGTAAC-1,4-5,0.26666666666666666,0.2740997791242285,0.51500916,False,0.07012866530567408
11571,TCAAGTCTTGCCTC-1,8-9,0.0,0.0,0.1761806,True,0.06965131033211946
3950,GCCGTACTGTACAC-1,4-5,0.0,0.0,0.24568138,True,0.06974630896002054
8126,CAAGAAGAGTCTGA-1,8-9,0.06666666666666667,0.043668798524938345,0.252853,False,0.070061469450593
4688,GTTAAATGCCAATG-1,4-5,0.06666666666666667,0.04481043185393461,0.12706485,False,0.0700623644515872
11970,TGATTAGAGGCGAA-1,8-9,0.0,0.0,0.29402736,True,0.07024408224970102
3545,GAGCGCACCGTAAC-1,4-5,0.13333333333333333,0.27825165032414384,0.24443623,False,0.0702219009399414
9365,CTATGTTGGGCAAG-1,8-9,0.06666666666666667,0.04265230456965119,0.08981231,False,0.06992435920983553
5788,TGCTTAACCAGATC-1,4-5,0.0,0.0,0.17947067,True,0.06993264332413673
8630,CCACTGACAGATCC-1,8-9,0.0,0.0,0.42034557,True,0.06934544071555138
1417,ATAGGAGACTGGAT-1-1,4-5,0.0,0.0,0.49539787,True,0.06940947845578194
9469,CTGACAGATGTGGT-1,8-9,0.06666666666666667,0.08530460913930238,0.19000012,False,0.0697749201208353
4843,TAAGTCCTCCAACA-1,4-5,0.06666666666666667,0.05686973942620158,0.25606525,False,0.06935211457312107
10705,GGGTTATGCACACA-1,8-9,0.0,0.0,0.3544283,True,0.06997236330062151
4043,GCGTATGATCCAAG-1,4-5,0.0,0.0,0.052554145,True,0.069721769541502
9397,CTCAGGCTCTTCCG-1,8-9,0.0,0.0,0.6148088,True,0.07034533657133579
535,ACCACCTGGGATTC-1,4-5,0.13333333333333333,0.1303471303300233,0.66384995,False,0.07004981301724911
8743,CCCATCGAGACAGG-1,8-9,0.13333333333333333,0.13424962064154208,0.29305303,False,0.0702764829620719
2927,CTAATAGATACTGG-1,4-5,0.0,0.0,0.12443302,True,0.0701380679383874
7807,ATCGGAACAGCTAC-1,8-9,0.4,0.3328589284792175,0.0906369,False,0.06980840861797333
4320,GGGCACACGAGCTT-1,4-5,0.06666666666666667,0.046105120275897894,0.17298117,False,0.070341557264328
6872,ACCTCCGAACGTGT-1,8-9,0.3333333333333333,0.445932476635449,0.3243267,False,0.07083085086196661
4133,GGAATGCTGTCACA-1,4-5,0.13333333333333333,0.09401079680829481,0.05501093,False,0.07002279162406921
7638,ATAAACACCGTAAC-1,8-9,0.06666666666666667,0.04481043185393461,0.2487466,False,0.07029632199555635
2870,CGTGAATGCCCAAA-1,4-5,0.2,0.26809923282631265,0.20169224,False,0.07022625301033258
8720,CCCAACTGGAGAGC-1,8-9,0.13333333333333333,0.11359089293303952,0.21580689,False,0.07038812432438135
5811,TGGACTGACCCTTG-1,4-5,0.0,0.0,0.02320546,True,0.07051099929958582
7659,ATAATCGATAGACC-1,8-9,0.0,0.0,0.45272487,True,0.06977400928735733
1306,AGTTCTACACCTGA-1,4-5,0.4,0.3855894858698404,0.24274589,False,0.06981755048036575
11834,TCTCTAGACGTAAC-1,8-9,0.13333333333333333,0.17364308707670803,0.82179224,False,0.07033054158091545
2734,CGCCATTGGGCGAA-1,4-5,0.13333333333333333,0.21541965013253936,0.01474962,False,0.06975176278501749
11816,TCTAGACTCAGAAA-1,8-9,0.06666666666666667,0.06600065503116892,0.24076927,False,0.06977551523596048
3264,CTTTGATGCTCTCG-1,4-5,0.06666666666666667,0.046105120275897894,0.046262793,False,0.07013969868421555
12466,TTGGGAACGTAAAG-1,8-9,0.0,0.0,0.32170713,True,0.0701364865526557
4588,GTCTAACTTCTCGC-1,4-5,0.13333333333333333,0.11714618942876005,0.5480799,False,0.0701870545744896
8424,CAGGTATGACGGAG-1,8-9,0.13333333333333333,0.14217434856550396,0.5901629,False,0.07008578442037106
3304,GAACGGGACTCCAC-1,4-5,0.4,0.44747636758559944,1.1414497,False,0.07019311841577291
10807,GTAGCAACCCTACC-1,8-9,0.2,0.297382103047494,0.21765924,False,0.07022385206073523
1549,ATCTGTTGGATGAA-1,4-5,0.0,0.0,0.3742949,True,0.07011022139340639
9908,GAGGGAACTAGAAG-1,8-9,0.06666666666666667,0.06600065503116892,0.41020417,False,0.07013147603720427
1769,ATTGTAGAGTCGAT-1,4-5,0.0,0.0,0.2860249,True,0.07056428398936987
11539,TATGGTCTCAACCA-1,8-9,0.0,0.0,0.0015239827,True,0.07047760486602783
2768,CGGACCGAAAGGCG-1,4-5,0.06666666666666667,0.053821216022769555,0.76710737,False,0.07035006582736969
9385,CTCAGCACGTCAAC-1,8-9,0.0,0.0,0.3138943,True,0.07029179856181145
4469,GTAGCCCTGTTACG-1,4-5,0.3333333333333333,0.2624111119134143,0.26780343,False,0.06981431785970926
11853,TCTTGATGCAGTCA-1,8-9,0.06666666666666667,0.049317124049935504,0.33382848,False,0.07037804368883371
2544,CCTCATCTAGCTCA-1,4-5,0.06666666666666667,0.08530460913930238,0.6146102,False,0.07065783720463514
10690,GGGCCATGTTGCGA-1,8-9,0.13333333333333333,0.10297485970209948,0.17712396,False,0.07065286580473185
4286,GGGAACGAGTAAAG-1,4-5,0.13333333333333333,0.13011504099323698,0.008527681,False,0.07040837686508894
10613,GGCGACTGCCGTAA-1,8-9,0.0,0.0,0.087309465,True,0.07001465931534767
1706,ATTCCATGTAAGCC-1,4-5,0.26666666666666666,0.31075153739596384,0.09457171,False,0.0699560260400176
11381,TAGGCATGTCGTGA-1,8-9,0.26666666666666666,0.366003181205563,0.046058163,False,0.06985603366047144
2044,CACTAACTGTATGC-1,4-5,0.0,0.0,0.28983438,True,0.0699540302157402
11189,TAATGAACCTTACT-1,8-9,0.0,0.0,0.06964083,True,0.06986912153661251
143,AACCTTACTGCATG-1,4-5,0.0,0.0,0.37746638,True,0.06998072285205126
12534,TTTCTACTCTGATG-1,8-9,0.0,0.0,0.17753127,True,0.06987172923982143
3448,GACGATTGACTCAG-1,4-5,0.0,0.0,0.11315215,True,0.06985087413340807
7002,ACGTCAGAGTGTCA-1,8-9,0.4,0.4918436193395855,0.8493452,False,0.06982842832803726
4988,TACTGTTGTTAGGC-1,4-5,0.0,0.0,0.4763553,True,0.06977768894284964
8894,CCTTCACTACGGGA-1,8-9,0.0,0.0,0.0069087893,True,0.07008057180792093
594,ACCGTGCTTTCTCA-1,4-5,0.26666666666666666,0.19641045688224537,0.16093373,False,0.07023163512349129
11376,TAGGCAACCGATAC-1,8-9,0.06666666666666667,0.07347739090382172,0.26330188,False,0.07029195595532656
161,AACGCATGTGAGCT-1,4-5,0.0,0.0,0.15962091,True,0.0699869217351079
10525,GGAGGTGAGCTATG-1,8-9,0.06666666666666667,0.04481043185393461,0.32714808,False,0.07051328849047422
5431,TCCGAAGAATTCGG-1,4-5,0.06666666666666667,0.05686973942620158,0.32420594,False,0.0704349959269166
6667,AATGGCTGTGTAGC-1,8-9,0.4,0.5086365119130248,0.11744929,False,0.07061494514346123
1463,ATCACTTGACCAGT-1,4-5,0.13333333333333333,0.0936953581777685,0.07503172,False,0.0705137262120843
7431,AGGCAACTGCTGAT-1,8-9,0.0,0.0,0.3241406,True,0.07035455573350191
6037,TTATGGCTTGGCAT-1,4-5,0.13333333333333333,0.09401079680829481,0.1880135,False,0.070178447291255
9022,CGCAGGACCTGTTT-1,8-9,0.2,0.14359513482360578,0.3711332,False,0.06990456487983465
2008,CACCGTTGCTTGTT-1,4-5,0.2,0.21833338749451026,0.15956101,False,0.07002718187868595
9517,CTGGATGATTCCGC-1,8-9,0.0,0.0,0.3000322,True,0.07004576362669468
1721,ATTCTTCTTCTAGG-1,4-5,0.13333333333333333,0.13424962064154208,0.2194552,False,0.07031404320150614
8413,CAGGCCGACAGATC-1,8-9,0.0,0.0,0.21636698,True,0.0699366657063365
4716,GTTATAGACATGCA-1,4-5,0.0,0.0,0.46086708,True,0.07022746279835701
12092,TGGATTCTCGTTAG-1,8-9,0.06666666666666667,0.10764243204553911,0.18778901,False,0.06976958271116018
17,AAACGGCTCTACCC-1,4-5,0.26666666666666666,0.21831758545250105,0.31932607,False,0.06928683258593082
6467,AACTGTCTGGTTTG-1,8-9,0.2,0.2750502465412634,0.22329387,False,0.06959174573421478
822,ACTTAAGAGGTCTA-1,4-5,0.13333333333333333,0.21671433855450267,0.7470164,False,0.06970790680497885
11351,TAGCATCTGTGTAC-1,8-9,0.06666666666666667,0.06600065503116892,0.26221168,False,0.06939114537090063
5318,TCAGACGAAGTGTC-1,4-5,0.0,0.0,0.22333536,True,0.0698525719344616
9263,CTAAGGACAAGCCT-1,8-9,0.13333333333333333,0.13424962064154208,0.23644829,False,0.0703180842101574
2745,CGCGATCTCGTACA-1,4-5,0.0,0.0,0.95445114,True,0.07026525493711233
9919,GAGGTACTACGTGT-1,8-9,0.06666666666666667,0.049317124049935504,0.39281625,False,0.07014436554163694
3323,GAAGATGAAGAATG-1,4-5,0.06666666666666667,0.046105120275897894,0.4460298,False,0.06994964182376862
12064,TGGAAGCTTCTTAC-1,8-9,0.06666666666666667,0.04265230456965119,0.11917992,False,0.06990213878452778
610,ACCTTTGACTCATT-1,4-5,0.0,0.0,0.079246715,True,0.07027787156403065
10217,GCCAACCTACCTTT-1,8-9,0.13333333333333333,0.10313834007270506,0.21750483,False,0.0697748800739646
1942,CAATTCACCAACCA-1,4-5,0.06666666666666667,0.0475902379018706,0.22005278,False,0.06995414569973946
8208,CACAACGAGGGCAA-1,8-9,0.06666666666666667,0.08530460913930238,0.002344437,False,0.0696723721921444
3048,CTCATTGAAGAACA-1,4-5,0.2,0.205132446593247,0.109410584,False,0.0705350274220109
7518,AGTAATACTGCAGT-1,8-9,0.13333333333333333,0.14217434856550396,0.13918686,False,0.06979017332196236
4319,GGGCAAGACCGAAT-1,4-5,0.0,0.0,0.45376122,True,0.07014693319797516
8771,CCCTAGTGAGCCTA-1,8-9,0.13333333333333333,0.1929470411848415,0.08001577,False,0.07015698589384556
4568,GTCCAGCTCGAGAG-1,4-5,0.13333333333333333,0.09952204399585277,0.37127107,False,0.07008164562284946
10097,GCAACTGACTCAGA-1,8-9,0.13333333333333333,0.1929470411848415,0.4629265,False,0.06998250912874937
162,AACGCCCTCAAAGA-1,4-5,0.2,0.1827682216538439,0.1409987,False,0.07017724122852087
7664,ATAATGACTTCTAC-1,8-9,0.06666666666666667,0.06077222973772036,0.45834953,False,0.06987528130412102
5992,TTAGACCTACTACG-1,4-5,0.06666666666666667,0.05686973942620158,0.0004982054,False,0.0700536910444498
10016,GATCATCTTTCCGC-1,8-9,0.2,0.29043108933254325,0.08508854,False,0.07010012213140726
2576,CCTGGACTAGAGTA-1,4-5,0.2,0.18698478041943856,0.59377015,False,0.07007959485054016
9424,CTCCTACTGGTAAA-1,8-9,0.06666666666666667,0.05135849223864361,0.4386266,False,0.07021002843976021
1312,AGTTCTTGGAGGGT-1,4-5,0.26666666666666666,0.3642762950574981,0.49600542,False,0.07015733700245619
8223,CACAGATGATACCG-1,8-9,0.06666666666666667,0.08530460913930238,0.26283705,False,0.07019654102623463
4155,GGACGAGACCCAAA-1,4-5,0.06666666666666667,0.04265230456965119,0.37489602,False,0.0701585179194808
9257,CTAACGGATGACAC-1,8-9,0.3333333333333333,0.38537056162878186,0.1834773,False,0.07001898717135191
4679,GTGTCAGATGGTGT-1,4-5,0.06666666666666667,0.049317124049935504,0.06414097,False,0.07000451907515526
8647,CCAGACCTTTTCTG-1,8-9,0.0,0.0,0.24766761,True,0.07008168008178473
2687,CGATACGAGACAGG-1,4-5,0.0,0.0,0.16899474,True,0.06964923813939095
10115,GCACAATGGGTAGG-1,8-9,0.06666666666666667,0.04265230456965119,0.27344897,False,0.07032907009124756
5578,TCTGATACTTCTGT-1,4-5,0.2,0.23043694699929634,0.3200332,False,0.07031662296503782
7786,ATCCGCACAGCTAC-1,8-9,0.0,0.0,0.23648968,True,0.06975633464753628
2624,CGACCGGAGTCTAG-1,4-5,0.0,0.0,0.42215037,True,0.07031281013041735
6751,ACACGTGATACAGC-1,8-9,0.4666666666666667,0.46501196532060557,0.37292477,False,0.07022255472838879
1588,ATGCACGAGCTAAC-1,4-5,0.13333333333333333,0.08746273642358579,0.025098242,False,0.0701974043622613
8166,CAAGTCGAGTCAAC-1,8-9,0.0,0.0,0.111173026,True,0.07000546250492334
439,ACAATCCTTAAGCC-1,4-5,0.13333333333333333,0.22196771051724837,0.08808599,False,0.07009132113307714
11142,TAACTAGATTCACT-1,8-9,0.26666666666666666,0.23483426372257182,0.3251521,False,0.0698431795462966
5984,TTACTCGATGGAGG-1,4-5,0.13333333333333333,0.11714618942876005,0.72736365,False,0.07002614066004753
8998,CGATCCACTGTGCA-1,8-9,0.0,0.0,0.27528,True,0.06983129866421223
474,ACACGTGACAAGCT-1,4-5,0.13333333333333333,0.11735914726981254,0.025216457,False,0.06976857967674732
9005,CGCAACCTTGTGGT-1,8-9,0.0,0.0,0.03999716,True,0.06980230193585157
311,AAGTTATGTTATCC-1,4-5,0.06666666666666667,0.07347739090382172,0.21686292,False,0.06953832693397999
8288,CACGGGTGGAATCC-1,8-9,0.13333333333333333,0.08847923037887294,0.06307026,False,0.0701785609126091
5556,TCTAGTTGAAACAG-1,4-5,0.0,0.0,0.16962552,True,0.07037477288395166
6893,ACGAACTGACAGCT-1,8-9,0.0,0.0,0.20444977,True,0.0699518583714962
3203,CTTACAACAAACGA-1,4-5,0.06666666666666667,0.053821216022769555,0.6589258,False,0.07008148171007633
8128,CAAGACACGATAAG-1,8-9,0.0,0.0,0.28915378,True,0.07005197089165449
5937,TGTGGATGGGATTC-1,4-5,0.0,0.0,0.43572506,True,0.07030642405152321
9694,GAAGTCACACAGCT-1,8-9,0.0,0.0,0.19878352,True,0.06983717996627092
2898,CTAAACCTCCCTAC-1,4-5,0.13333333333333333,0.27825165032414384,0.1374864,False,0.07024993374943733
7884,ATGATATGCTCCAC-1,8-9,0.0,0.0,0.34763446,True,0.0692671462893486
3647,GATAGCACGCGGAA-1,4-5,0.06666666666666667,0.053821216022769555,0.6854742,False,0.07012012973427773
10373,GCGTATGATATCGG-1,8-9,0.2,0.3296101425627875,0.1975276,False,0.07013610936701298
5938,TGTGGATGTCTTAC-1,4-5,0.0,0.0,0.020077132,True,0.07001227978616953
6724,ACAATCCTATTCGG-1,8-9,0.2,0.2934796127359752,0.24007162,False,0.07001858111470938
6146,TTGAATGACCTTAT-1,4-5,0.13333333333333333,0.12795691370895357,0.04838399,False,0.06990455090999603
10589,GGCCAGACACTCTT-1,8-9,0.06666666666666667,0.06600065503116892,0.28607458,False,0.06993188336491585
14,AAACGCTGGATACC-1,4-5,0.13333333333333333,0.18111982294936083,0.18561463,False,0.07044425141066313
9220,CGTGCACTTTGCTT-1,8-9,0.13333333333333333,0.09125903642680894,0.49810973,False,0.07033411227166653
5160,TATACCACGTGCTA-1,4-5,0.13333333333333333,0.1524528638994737,0.5706655,False,0.07058762386441231
9580,CTTGAGGACGGGAA-1,8-9,0.06666666666666667,0.0475902379018706,0.12684146,False,0.06973318383097649
3839,GCAGCGTGCTCTAT-1,4-5,0.06666666666666667,0.06600065503116892,0.39892405,False,0.06984277442097664
8364,CAGACCCTTTACTC-1,8-9,0.26666666666666666,0.2544495706431825,0.3026101,False,0.07015925738960505
6207,TTTAGCTGGTGTCA-1,4-5,0.2,0.1646323029078731,0.14959064,False,0.07019676454365253
9019,CGCACTTGGTAAGA-1,8-9,0.2,0.15724575033014113,0.18753174,False,0.06994943786412477
2506,CCGGAGACACCCAA-1,4-5,0.2,0.1609401273274075,0.17248437,False,0.0702214976772666
9543,CTTAAGCTCCTAAG-1,8-9,0.13333333333333333,0.1228703944573705,0.4736212,False,0.0699966223910451
3209,CTTACATGGTGAGG-1,4-5,0.13333333333333333,0.13947804593499064,0.07688688,False,0.06995245721191168
7755,ATCACACTACGTAC-1,8-9,0.13333333333333333,0.1267728847688893,0.5660437,False,0.06994410045444965
1170,AGGGCGCTTAGAAG-1,4-5,0.2,0.3442523053553128,0.19057968,False,0.07012922503054142
11647,TCATCATGCTACGA-1,8-9,0.0,0.0,0.058831587,True,0.0699848085641861
280,AAGGTCTGTATCTC-1,4-5,0.2,0.15691620716100144,0.1469004,False,0.07062861602753401
12514,TTTCACGAGGTGTT-1,8-9,0.2,0.2349410389721304,0.19241285,False,0.07074149046093225
5409,TCCCAGACTCGTAG-1,4-5,0.2,0.205132446593247,0.65740603,False,0.07002527453005314
10299,GCGAGAGACCTCGT-1,8-9,0.0,0.0,0.7493211,True,0.07025333680212498
5805,TGGAAGCTCGAATC-1,4-5,0.2,0.1939575687401225,0.31755966,False,0.06997658032923937
10486,GGACCTCTAACGGG-1,8-9,0.06666666666666667,0.04265230456965119,0.2558788,False,0.0703006386756897
5165,TATACGCTTGTCAG-1,4-5,0.0,0.0,0.40043682,True,0.07014113757759333
6505,AAGCACTGTTGTCT-1,8-9,0.06666666666666667,0.05135849223864361,0.7739315,False,0.07019353657960892
3377,GAATTAACAGAGGC-1,4-5,0.0,0.0,0.18980668,True,0.07005267310887575
12259,TTAGCTACTTTCAC-1,8-9,0.0,0.0,0.401124,True,0.07014714274555445
4670,GTGTATCTAAGTGA-1,4-5,0.0,0.0,0.36480772,True,0.0694323843345046
8295,CACTAACTTCCTCG-1,8-9,0.06666666666666667,0.043668798524938345,0.34096003,False,0.06988244131207466
490,ACAGGTACGTAGCT-1,4-5,0.06666666666666667,0.06077222973772036,0.29332346,False,0.06966615654528141
6780,ACATACCTGGTGTT-1,8-9,0.0,0.0,0.12021712,True,0.07027161028236151
3651,GATATAACCAGGAG-1,4-5,0.2,0.1643929430336542,0.10698003,False,0.06967353634536266
11114,TAAATGTGAACAGA-1,8-9,0.06666666666666667,0.04265230456965119,0.26027226,False,0.0699040200561285
4390,GGTCTAGAAGCAAA-1,4-5,0.06666666666666667,0.04481043185393461,0.090934895,False,0.06986127234995365
10935,GTCTAGGAATACCG-1,8-9,0.06666666666666667,0.06077222973772036,0.14603186,False,0.07001288700848818
326,AATACCCTTGTTCT-1,4-5,0.13333333333333333,0.1267728847688893,0.18274269,False,0.06951923482120037
10500,GGACGCTGTCTTAC-1,8-9,0.06666666666666667,0.06600065503116892,0.5815137,False,0.06982554774731398
1229,AGTACGTGGTGTAC-1,4-5,0.3333333333333333,0.3581792482506341,0.13667281,False,0.06986390426754951
8110,CAACGATGTTCTTG-1,8-9,0.13333333333333333,0.0924006697558052,0.1079786,False,0.0699269836768508
600,ACCTCCGAAGAATG-1,4-5,0.2,0.15317289949352556,0.20319033,False,0.06970398593693972
9122,CGGATAACATCGAC-1,8-9,0.0,0.0,0.1339654,True,0.07009532488882542
2025,CACGACCTACTTTC-1,4-5,0.0,0.0,0.18864512,True,0.06992996297776699
11689,TCCATCCTCGCTAA-1,8-9,0.2,0.22478265507429301,0.10472746,False,0.06995190214365721
1216,AGTAAGGACATTCT-1,4-5,0.2,0.27578892654001796,0.12228371,False,0.07027112506330013
11672,TCCACTCTACACTG-1,8-9,0.06666666666666667,0.049317124049935504,0.49910933,False,0.0701715899631381
3385,GACAACTGAAGTGA-1,4-5,0.0,0.0,0.08221406,True,0.07009643688797951
12405,TTCTTACTTGGTGT-1,8-9,0.13333333333333333,0.09125903642680894,0.10204402,False,0.06996958516538143
3599,GAGGTTACGGTATC-1,4-5,0.06666666666666667,0.05135849223864361,0.20550092,False,0.07020789757370949
7408,AGGACACTCGGAGA-1,8-9,0.06666666666666667,0.043668798524938345,0.036161214,False,0.06974395830184221
4525,GTATTCACTCAGGT-1,4-5,0.06666666666666667,0.05135849223864361,0.016806215,False,0.06959263887256384
8116,CAACGTGATGAAGA-1,8-9,0.06666666666666667,0.053821216022769555,0.27392933,False,0.06964894942939281
2377,CCAGGTCTAGCGTT-1,4-5,0.0,0.0,0.781096,True,0.06973996199667454
10709,GGGTTATGTCAGGT-1,8-9,0.0,0.0,0.5023359,True,0.06960571929812431
3566,GAGGCCACGACGAG-1,4-5,0.13333333333333333,0.17364308707670803,0.71228397,False,0.07023763563483953
10800,GTAGACTGACGGTT-1,8-9,0.06666666666666667,0.05686973942620158,0.7928097,False,0.07024217117577791
1723,ATTCTTCTTTGTGG-1-1,4-5,0.2,0.1842533392798166,0.46402186,False,0.07067845109850168
10116,GCACAATGTCTCCG-1,8-9,0.0,0.0,0.30901408,True,0.07034384552389383
4479,GTAGGTACCCAATG-1,4-5,0.0,0.0,0.331973,True,0.07035756763070822
11201,TAATGTGAGATACC-1,8-9,0.06666666666666667,0.06600065503116892,0.18407765,False,0.07033244147896767
1374,ATACCTACCATACG-1,4-5,0.13333333333333333,0.10836246763959095,0.9263878,False,0.07004704233258963
7233,AGAGGTCTACCCAA-1,8-9,0.13333333333333333,0.1929470411848415,0.5416895,False,0.06974709779024124
5078,TAGGGACTTCAGTG-1,4-5,0.0,0.0,0.48738554,True,0.069725900888443
7335,AGCGATACCACTCC-1,8-9,0.06666666666666667,0.05686973942620158,0.093744196,False,0.07006245572119951
1586,ATGCACGAAGGTTC-1,4-5,0.2,0.18807083666431165,0.6787783,False,0.07047319412231445
8165,CAAGTCGAGGTATC-1,8-9,0.13333333333333333,0.08632110309458953,0.22092766,False,0.06990919075906277
2874,CGTGATGACGTACA-1,4-5,0.13333333333333333,0.16146364806830865,0.1848745,False,0.0701692309230566
6436,AACGTGTGCGTTAG-1,8-9,0.06666666666666667,0.043668798524938345,0.68641067,False,0.07042497768998146
5772,TGCGCACTGAGAGC-1,4-5,0.26666666666666666,0.21789768522095246,0.14251196,False,0.07013579551130533
8523,CATGAGACGTCTAG-1,8-9,0.2,0.17210903878052586,0.5628015,False,0.07008942682296038
303,AAGTGGCTATGGTC-1,4-5,0.2,0.18428847778892526,0.38274017,False,0.07033998426049948
10252,GCCCATACTAGCGT-1,8-9,0.2,0.14301248222770402,0.102167144,False,0.0702119767665863
2375,CCAGGTCTAAACAG-1,4-5,0.06666666666666667,0.049317124049935504,0.15361798,False,0.06989527773112059
8188,CAATATGATAAGGA-1,8-9,0.06666666666666667,0.053821216022769555,0.24408302,False,0.07031987700611353
4037,GCGTACCTTGATGC-1,4-5,0.06666666666666667,0.0475902379018706,0.057129137,False,0.07021808344870806
10986,GTGCCACTTCAGTG-1,8-9,0.2,0.26809923282631265,0.37556663,False,0.07034159637987614
5538,TCTAACACCAAAGA-1,4-5,0.0,0.0,0.6539786,True,0.07048346567898989
8247,CACCACTGCCTCGT-1,8-9,0.13333333333333333,0.27825165032414384,0.5922439,False,0.07066969759762287
1696,ATTCAGCTACGGTT-1,4-5,0.06666666666666667,0.046105120275897894,1.0103662,False,0.0705020884051919
8431,CAGGTTGACTTCCG-1,8-9,0.06666666666666667,0.17060921827860476,0.07426485,False,0.07014188915491104
2020,CACGAAACCACTAG-1,4-5,0.13333333333333333,0.09894873014051422,0.6422742,False,0.07006252557039261
9343,CTATCAACCGACAT-1,8-9,0.0,0.0,0.23750487,True,0.07026202045381069
6001,TTAGGGACCTGACA-1,4-5,0.3333333333333333,0.2699637272896804,0.3255955,False,0.06985064782202244
9266,CTAAGGACTGTCAG-1,8-9,0.06666666666666667,0.05686973942620158,0.093786195,False,0.06989000458270311
4272,GGCTAATGTCTCGC-1,4-5,0.0,0.0,0.4741052,True,0.07022987958043814
6728,ACAATTGATTTCTG-1,8-9,0.13333333333333333,0.09024254247152179,0.37535697,False,0.06996036227792501
5047,TAGCCGCTGAAAGT-1,4-5,0.06666666666666667,0.053821216022769555,0.1940422,False,0.07017622329294682
10003,GATATATGTCAGGT-1,8-9,0.6,0.6295901806539564,0.37960595,False,0.06990333739668131
5454,TCCTACCTAAGTAG-1,4-5,0.2,0.20756876834420654,0.08355301,False,0.07010704651474953
12202,TGTTAAGACTGCAA-1,8-9,0.0,0.0,0.4373332,True,0.07018132694065571
4601,GTGAACACCACTAG-1,4-5,0.13333333333333333,0.10342453430737154,0.090759814,False,0.07009857054799795
12218,TTACACACGTTTGG-1,8-9,0.06666666666666667,0.10764243204553911,0.25558764,False,0.07013263832777739
5199,TATCGTACCGGAGA-1,4-5,0.0,0.0,0.1257214,True,0.06996295973658562
10985,GTGCCACTGGAAGC-1,8-9,0.0,0.0,0.41950548,True,0.06979554891586304
391,AATGGCTGACTCAG-1,4-5,0.0,0.0,0.3783962,True,0.07013662345707417
12250,TTAGACCTAAGTGA-1,8-9,0.06666666666666667,0.049317124049935504,0.029665936,False,0.07002236414700747
2802,CGGCGATGACAGTC-1,4-5,0.0,0.0,0.34700954,True,0.06939967349171638
10473,GGACAGGAGAATGA-1,8-9,0.06666666666666667,0.046105120275897894,0.45043278,False,0.06972816865891218
2453,CCCGATTGGTTCAG-1,4-5,0.0,0.0,0.93333536,True,0.0702458443120122
8428,CAGGTTGAAAGAAC-1,8-9,0.06666666666666667,0.08530460913930238,0.05133512,False,0.06992021482437849
88,AAATTGACCCCTTG-1,4-5,0.0,0.0,0.14176555,True,0.07042600121349096
6921,ACGATCGATGTCAG-1,8-9,0.26666666666666666,0.37204352289138,0.40707597,False,0.06987895630300045
5682,TGATACCTAGGCGA-1,4-5,0.06666666666666667,0.08530460913930238,0.34373918,False,0.07051838375627995
7027,ACGTTGGAGTTCTT-1,8-9,0.06666666666666667,0.08530460913930238,0.25198013,False,0.07047965843230486
3407,GACAGTTGAGTGCT-1,4-5,0.06666666666666667,0.06600065503116892,0.12139171,False,0.07034945767372847
8085,CAAACTCTTGTCAG-1,8-9,0.13333333333333333,0.09863164787670416,0.037641674,False,0.07019290793687105
2799,CGGCGAACGAGGGT-1,4-5,0.06666666666666667,0.17060921827860476,0.19641952,False,0.07104353327304125
8740,CCCAGTTGTCCCAC-1,8-9,0.0,0.0,0.32106397,True,0.07036998867988586
5622,TGACCGCTACTAGC-1,4-5,0.2,0.2888970410363611,0.0023155725,False,0.07037138380110264
7425,AGGATGCTCGTGAT-1,8-9,0.13333333333333333,0.12279451495375723,0.21280998,False,0.070251508615911
3477,GACGTATGGGGAGT-1,4-5,0.13333333333333333,0.09894873014051422,0.37146196,False,0.06995080690830946
10950,GTGACAACCTGCAA-1,8-9,0.06666666666666667,0.07347739090382172,0.07510175,False,0.06951063219457865
5688,TGATCACTTTCTAC-1,4-5,0.2,0.14128395244635536,0.08663355,False,0.07001884281635284
7585,AGTGACTGTTGTCT-1,8-9,0.3333333333333333,0.4183880030414968,0.2842568,False,0.07008572202175856
4930,TACGGAACCAGTTG-1,4-5,0.3333333333333333,0.4457398380362604,0.08732039,False,0.07007993198931217
10184,GCATCAGACAGCTA-1,8-9,0.0,0.0,0.10487965,True,0.07039570063352585
211,AAGAACGATGGAGG-1,4-5,0.0,0.0,0.0076294765,True,0.07004472147673368
11107,TAAAGACTTAGCGT-1,8-9,0.06666666666666667,0.06077222973772036,0.22868815,False,0.07039052248001099
222,AAGAATCTCAGATC-1,4-5,0.0,0.0,0.14041421,True,0.07038951478898525
12279,TTAGTCTGGTACAC-1,8-9,0.0,0.0,0.027199559,True,0.07054580096155405
965,AGAGTGCTGTACAC-1,4-5,0.2,0.26152477040843725,0.15112759,False,0.06999109871685505
7855,ATGAAACTCACTTT-1,8-9,0.0,0.0,0.29115748,True,0.07008441723883152
5567,TCTCAAACGTGTTG-1,4-5,0.13333333333333333,0.1552326699474097,0.055807523,False,0.06987952534109354
12049,TGCTTAACGTTCTT-1,8-9,0.3333333333333333,0.32283761675510153,0.1370165,False,0.06971587520092726
4268,GGCTAAACTGAGAA-1,4-5,0.13333333333333333,0.1082282316648452,0.24051672,False,0.06994449067860842
8261,CACCGTACTTCGGA-1,8-9,0.06666666666666667,0.06077222973772036,0.2467498,False,0.06945370696485043
1465,ATCACTTGGAGAGC-1,4-5,0.3333333333333333,0.28004026528389836,0.16463852,False,0.06996795907616615
10799,GTACTTTGGGCAAG-1,8-9,0.06666666666666667,0.05135849223864361,0.48286548,False,0.06998641602694988
4904,TACGACGATATCTC-1,4-5,0.06666666666666667,0.10764243204553911,0.221481,False,0.07020994741469622
7632,AGTTTGCTGAAAGT-1,8-9,0.06666666666666667,0.08530460913930238,0.26315364,False,0.06975972559303045
2368,CCAGCACTCTAAGC-1,4-5,0.0,0.0,0.4302609,True,0.069975639693439
7677,ATACCTACATTTCC-1-1,8-9,0.06666666666666667,0.04265230456965119,0.32236856,False,0.07043707091361284
4183,GGAGGATGCTTACT-1,4-5,0.0,0.0,0.21049052,True,0.06986988615244627
6624,AATCCGGAAGAGTA-1,8-9,0.06666666666666667,0.053821216022769555,0.16858275,False,0.06984988786280155
1746,ATTGCGGATTCGGA-1,4-5,0.06666666666666667,0.05135849223864361,0.2112998,False,0.06975623220205307
8144,CAAGGACTAACGAA-1,8-9,0.0,0.0,0.4142007,True,0.06954086013138294
4949,TACGTTACAAGGTA-1,4-5,0.26666666666666666,0.21331511352133828,0.010624332,False,0.06998974923044443
12334,TTCATGACATGACC-1,8-9,0.0,0.0,0.31323004,True,0.06985200010240078
4399,GGTTGAACTCTCGC-1,4-5,0.06666666666666667,0.0475902379018706,0.30685437,False,0.07013667188584805
7990,ATTCAAGAAGGCGA-1,8-9,0.13333333333333333,0.10141145392464015,0.2554485,False,0.07013333961367607
224,AAGAATCTTGGAGG-1,4-5,0.0,0.0,0.09379718,True,0.07016092445701361
8313,CACTCCGAGAATGA-1,8-9,0.26666666666666666,0.2855608512120195,0.5459921,False,0.06972576584666967
2857,CGTCCATGAGGAGC-1,4-5,0.26666666666666666,0.4149147517020899,0.00045903167,False,0.06976246181875467
12399,TTCTGATGGTTACG-1,8-9,0.0,0.0,0.21947461,True,0.0697410674765706
5546,TCTAAGCTCCTCAC-1,4-5,0.13333333333333333,0.16146364806830865,0.34363946,False,0.0697931433096528
7436,AGGCAGGATCTAGG-1,8-9,0.2,0.3127835668441087,0.20924902,False,0.06927565485239029
3761,GATTTGCTCATGCA-1,4-5,0.13333333333333333,0.09894873014051422,0.13849172,False,0.0703753074631095
11676,TCCACTCTCCTGTC-1,8-9,0.13333333333333333,0.15374755232143703,0.40816244,False,0.0700817508623004
4368,GGTACTGACACTCC-1,4-5,0.0,0.0,0.6291797,True,0.07011991739273071
9942,GAGTACTGTAAGCC-1,8-9,0.0,0.0,0.06810067,True,0.06993533577769995
2587,CCTTCACTGTTACG-1,4-5,0.06666666666666667,0.10764243204553911,0.06848284,False,0.07013899367302656
9044,CGCCATTGCAAGCT-1,8-9,0.06666666666666667,0.04481043185393461,0.44856858,False,0.07006645109504461
275,AAGGTCACTCTAGG-1-1,4-5,0.13333333333333333,0.10865295960082011,0.13244736,False,0.06993186566978693
7922,ATGGGTACTCTCGC-1,8-9,0.0,0.0,0.049633786,True,0.06997368298470974
5865,TGGTACGACCTGTC-1,4-5,0.06666666666666667,0.06077222973772036,0.11329021,False,0.06975392252206802
10680,GGGCCAACCTTAGG-1,8-9,0.13333333333333333,0.23660987330977368,0.18662879,False,0.06977352779358625
3356,GAAGTCTGCACACA-1,4-5,0.4666666666666667,0.4180250039172114,0.0826611,False,0.07013524789363146
7757,ATCACACTTTGACG-1,8-9,0.0,0.0,0.043475732,True,0.06930026412010193
3871,GCATGATGCACTCC-1,4-5,0.3333333333333333,0.4328157526291004,0.4114816,False,0.06974703725427389
6748,ACACGATGCATGCA-1,8-9,0.2,0.22500157931535164,0.23976766,False,0.07020931411534548
5819,TGGAGACTGACACT-1,4-5,0.13333333333333333,0.132894847041173,0.47996372,False,0.06998038943856955
6999,ACGTCAGACCGATA-1,8-9,0.06666666666666667,0.04265230456965119,0.012018055,False,0.070067148655653
3686,GATCGATGTTCTCA-1,4-5,0.0,0.0,0.07000032,True,0.07004434149712324
11702,TCCCGAACACGGTT-1,8-9,0.3333333333333333,0.4818440822212026,0.24171957,False,0.07030794396996498
5202,TATCGTACTGGTAC-1,4-5,0.06666666666666667,0.05686973942620158,0.24182966,False,0.0701309135183692
9308,CTAGGATGGTCATG-1,8-9,0.0,0.0,0.018714622,True,0.07037264946848154
3884,GCATTGGATTGCAG-1,4-5,0.0,0.0,0.46351138,True,0.06938322260975838
8889,CCTTAATGAAACAG-1,8-9,0.0,0.0,0.8155966,True,0.06990975979715586
959,AGAGTCTGGTCTGA-1,4-5,0.06666666666666667,0.04265230456965119,0.4706093,False,0.06955240108072758
7525,AGTAGAGAGGGTGA-1,8-9,0.13333333333333333,0.0954222443258334,1.4021975,False,0.06976606044918299
4968,TACTACACCTCAAG-1,4-5,0.13333333333333333,0.27825165032414384,0.61054003,False,0.06918992847204208
10958,GTGATCGACCTACC-1,8-9,0.06666666666666667,0.05686973942620158,0.45401433,False,0.0694070691242814
4333,GGGCCATGGAATGA-1,4-5,0.06666666666666667,0.0475902379018706,0.013117719,False,0.06961812172085047
11360,TAGCCGCTCTAGTG-1,8-9,0.0,0.0,0.26982427,True,0.06983218807727098
3994,GCGCACGAAACCGT-1-1,4-5,0.06666666666666667,0.04481043185393461,0.24625169,False,0.06965955253690481
7608,AGTTCTTGATTCTC-1,8-9,0.26666666666666666,0.26098569206416145,0.704481,False,0.06978848855942488
3591,GAGGTACTTGCACA-1,4-5,0.0,0.0,0.08958645,True,0.0700395293533802
9141,CGGCGATGCCTTGC-1,8-9,0.2,0.1481287758530105,0.8237997,False,0.06979533471167088
4872,TACAAATGATCAGC-1,4-5,0.13333333333333333,0.12279451495375723,0.019514922,False,0.06979479640722275
11958,TGATATGACCAGTA-1,8-9,0.06666666666666667,0.06077222973772036,0.33224016,False,0.06971186865121126
3273,GAAAGATGACCAAC-1,4-5,0.06666666666666667,0.06077222973772036,0.58523154,False,0.06998508144170046
7463,AGGGCGCTGCGTAT-1,8-9,0.0,0.0,0.19979042,True,0.0704938555136323
6158,TTGAGGTGTGTTCT-1,4-5,0.13333333333333333,0.25591382741790714,0.9051105,False,0.07005119509994984
7781,ATCCAGGATGTTCT-1,8-9,0.0,0.0,0.30408627,True,0.07026783470064402
1370,ATACCGGAACGTAC-1,4-5,0.0,0.0,0.37383243,True,0.0699302889406681
10668,GGGCAAGACAAGCT-1,8-9,0.06666666666666667,0.08530460913930238,0.30316228,False,0.06976340524852276
1008,AGCACAACTGACAC-1,4-5,0.0,0.0,0.5135226,True,0.06977212522178888
7279,AGCACAACCCGCTT-1,8-9,0.0,0.0,0.018219054,True,0.07012042310088873
4404,GGTTTACTGTTCGA-1,4-5,0.0,0.0,0.3215941,True,0.07000898756086826
7920,ATGGGTACCCCGTT-1,8-9,0.13333333333333333,0.21992634232854028,0.10837987,False,0.06989978440105915
1090,AGCTGTGAACCTGA-1,4-5,0.13333333333333333,0.10517970826141315,0.545486,False,0.06961601600050926
12301,TTCAACACAGTAGA-1,8-9,0.13333333333333333,0.1552326699474097,0.04149677,False,0.06926438305526972
5082,TAGGTCGAGATACC-1,4-5,0.06666666666666667,0.10764243204553911,0.29170108,False,0.06970295496284962
7426,AGGATGCTGTGAGG-1,8-9,0.0,0.0,0.014930904,True,0.06986421998590231
5778,TGCTAGGAGGAGCA-1,4-5,0.2,0.2882511874425267,0.06397407,False,0.06980706192553043
11717,TCCGAAGAAGCAAA-1,8-9,0.0,0.0,0.42346317,True,0.06958361435681581
1047,AGCGATACCGCCTT-1,4-5,0.0,0.0,0.49543375,True,0.06999175995588303
8908,CGAACATGTGTCCC-1,8-9,0.06666666666666667,0.05135849223864361,0.48689702,False,0.06989408563822508
1039,AGCCTCTGCAGAGG-1,4-5,0.2,0.1827682216538439,0.16737187,False,0.06992988102138042
11782,TCGGTAGACAGATC-1,8-9,0.13333333333333333,0.1195825111797196,0.29196095,False,0.06935717072337866
6112,TTCGATTGATTTCC-1,4-5,0.13333333333333333,0.13947804593499064,0.13679387,False,0.06994300335645676
10658,GGGATGGAGGACGA-1,8-9,0.2,0.3048588389201468,0.45766866,False,0.06961221154779196
4871,TACAAATGAAGGCG-1,4-5,0.06666666666666667,0.17060921827860476,0.1711271,False,0.07006242405623198
9717,GAATGCTGCCTTAT-1,8-9,0.13333333333333333,0.12106762880569233,0.014804326,False,0.07004341669380665
3925,GCCCAGGACATGAC-1,4-5,0.0,0.0,0.0006059129,True,0.06990647688508034
9126,CGGATATGATTCGG-1,8-9,0.2,0.2090538859701793,0.31251264,False,0.07008485961705446
2086,CAGAAGCTCGGTAT-1,4-5,0.06666666666666667,0.043668798524938345,0.09478451,False,0.07014042604714632
11682,TCCAGAGAGACAAA-1,8-9,0.06666666666666667,0.05135849223864361,0.31970733,False,0.0695719588547945
446,ACAATTGATTACTC-1,4-5,0.0,0.0,0.34084478,True,0.06945272162556648
8945,CGACTCACGTTGAC-1,8-9,0.2,0.27053555457727224,0.23607177,False,0.06965941749513149
4293,GGGAAGACTGGCAT-1,4-5,0.0,0.0,0.4085362,True,0.07001033239066601
7275,AGCAAGCTACTGGT-1,8-9,0.0,0.0,0.1352214,True,0.07019407767802477
2348,CCACTTCTAACCGT-1,4-5,0.13333333333333333,0.0924006697558052,0.35902828,False,0.06996126752346754
12056,TGGAACTGCCTCGT-1,8-9,0.13333333333333333,0.1195825111797196,0.36967498,False,0.06999922078102827
3451,GACGATTGTAACCG-1,4-5,0.2,0.2877554077073648,0.13975035,False,0.07008917815983295
11977,TGATTCTGCGTGTA-1,8-9,0.0,0.0,0.23922235,True,0.07019772939383984
4114,GGAACTTGTCGTGA-1,4-5,0.06666666666666667,0.04481043185393461,0.109340906,False,0.06969837006181479
9948,GAGTCTGAAACGTC-1,8-9,0.13333333333333333,0.15131123057047743,0.06709361,False,0.06984852440655231
5074,TAGGGACTACCGAT-1,4-5,0.0,0.0,0.34904253,True,0.0698096938431263
10421,GCTCGACTTTTCTG-1,8-9,0.0,0.0,0.34291086,True,0.0699849734082818
2758,CGCTACACTCCGTC-1,4-5,0.13333333333333333,0.11828782275775633,0.075933166,False,0.06989814713597298
11758,TCGAGAACCACCAA-1,8-9,0.8,0.824452848389176,0.26150656,False,0.06998225394636393
3384,GACAACACTCTTTG-1,4-5,0.2,0.16760494680769183,0.17567936,False,0.06969521939754486
10948,GTGACAACAGTGTC-1,8-9,0.06666666666666667,0.04265230456965119,0.3735422,False,0.06943988613784313
2588,CCTTTAGACTGCAA-1,4-5,0.13333333333333333,0.1929470411848415,0.37610444,False,0.06924054771661758
11322,TAGAAACTTACGCA-1,8-9,0.0,0.0,0.22717142,True,0.06999071594327688
4516,GTATCTACTAGTCG-1,4-5,0.13333333333333333,0.13011504099323698,0.3884406,False,0.06977662444114685
10141,GCACGTCTTCACGA-1,8-9,0.06666666666666667,0.06077222973772036,0.067976356,False,0.07001051865518093
1684,ATTAGATGCGCATA-1,4-5,0.13333333333333333,0.09647352059242074,0.6679142,False,0.06937722861766815
11501,TATCCTGAAAGAAC-1,8-9,0.06666666666666667,0.046105120275897894,0.41914806,False,0.06979169603437185
5970,TTACCATGATTCTC-1,4-5,0.13333333333333333,0.11081108688510354,0.1620588,False,0.06993111316114664
11749,TCGACCTGTGCCTC-1,8-9,0.13333333333333333,0.10342453430737154,0.06721234,False,0.07036462426185608
5291,TCACATACTGTAGC-1,4-5,0.06666666666666667,0.04481043185393461,0.24441336,False,0.07030017394572496
10673,GGGCACACGGAAAT-1,8-9,0.26666666666666666,0.379663104248784,0.07284954,False,0.07002646382898092
1206,AGGTGTTGCTACTT-1,4-5,0.0,0.0,0.043970205,True,0.06979393400251865
6966,ACGGAGGACAAGCT-1,8-9,0.0,0.0,0.2782532,True,0.06997370161116123
4360,GGTACAACGCTACA-1,4-5,0.13333333333333333,0.21326152284825595,0.64818025,False,0.07049696985632181
7826,ATCTACTGACTTTC-1,8-9,0.13333333333333333,0.0919694286195867,0.09580125,False,0.07028374634683132
5020,TAGAGCACAGCACT-1,4-5,0.06666666666666667,0.06077222973772036,0.9855966,False,0.06975893210619688
8528,CATGCCACCCTACC-1,8-9,0.13333333333333333,0.18111982294936083,0.3574209,False,0.06955278106033802
5952,TTAACCACGTCGAT-1,4-5,0.06666666666666667,0.0475902379018706,0.17375137,False,0.07083047274500132
7236,AGAGGTCTGGAAAT-1,8-9,0.06666666666666667,0.053821216022769555,0.05920032,False,0.06971344444900751
4901,TACGACGAAGCAAA-1,4-5,0.06666666666666667,0.08530460913930238,0.1787464,False,0.06983725167810917
10250,GCCCATACGTACAC-1,8-9,0.0,0.0,0.28220487,True,0.0698134284466505
2894,CGTTTAACGGTACT-1,4-5,0.13333333333333333,0.11735914726981254,0.120129034,False,0.07002218440175056
10181,GCAGTTGACCATAG-1,8-9,0.0,0.0,0.20039758,True,0.06993146985769272
4182,GGAGCGCTTTTGTC-1,4-5,0.0,0.0,0.3018711,True,0.06964004226028919
9864,GAGATGCTGGTAAA-1,8-9,0.13333333333333333,0.21427801680354308,0.24738559,False,0.06975507456809282
405,AATTACGAAGAGTA-1,4-5,0.06666666666666667,0.08530460913930238,0.6530625,False,0.07005529757589102
6516,AAGCCTGACTCTTA-1,8-9,0.06666666666666667,0.06600065503116892,0.2613762,False,0.06972516421228647
2189,CATAACCTACCATG-1,4-5,0.0,0.0,0.27490598,True,0.07037031184881926
10257,GCCGACGATCAGAC-1,8-9,0.0,0.0,0.38183057,True,0.06984802428632975
1783,ATTTAGGACTTGGA-1,4-5,0.13333333333333333,0.09863164787670416,0.57053936,False,0.07022404298186302
11367,TAGGACTGACACTG-1,8-9,0.0,0.0,0.043047756,True,0.0700577674433589
2358,CCAGAAACGAATAG-1,4-5,0.26666666666666666,0.3468293795477397,0.12123642,False,0.06997597776353359
8566,CATTGTTGACCTCC-1,8-9,0.06666666666666667,0.10764243204553911,0.1008124,False,0.0699164355173707
922,AGAGAAACGGGATG-1,4-5,0.06666666666666667,0.05686973942620158,0.5567284,False,0.07013925444334745
10264,GCCGAGTGTTACTC-1,8-9,0.13333333333333333,0.12106762880569233,0.22373806,False,0.06946918554604053
5185,TATCAGCTTTCTCA-1,4-5,0.2,0.21833338749451026,0.3365339,False,0.06983201019465923
10537,GGATAGCTCACTGA-1,8-9,0.4,0.5005682092737539,0.035104785,False,0.06978058628737926
5127,TAGTCTTGGCTCCT-1-1,4-5,0.0,0.0,0.014927238,True,0.06988716591149569
10802,GTAGACTGATGTCG-1,8-9,0.06666666666666667,0.053821216022769555,0.06479351,False,0.07012749742716551
3097,CTGAACGATGTTCT-1,4-5,0.2,0.24981678061104307,0.312923,False,0.06972564570605755
11790,TCGTGAGAAGTACC-1,8-9,0.4666666666666667,0.5528098266490672,0.2769127,False,0.0698117995634675
5364,TCATCATGGAGATA-1,4-5,0.06666666666666667,0.07347739090382172,0.31288633,False,0.06979154888540506
12470,TTGGTACTTACTTC-1,8-9,0.2,0.16247417562358968,0.14634542,False,0.07013891637325287
3935,GCCCATACGAGGCA-1,4-5,0.13333333333333333,0.136663101377946,0.048841514,False,0.06986815202981234
10014,GATCATCTGGCAAG-1,8-9,0.4666666666666667,0.5690652573537687,0.43556148,False,0.06990459375083447
1435,ATATACGAGTGCAT-1,4-5,0.13333333333333333,0.1645121714717407,0.44476235,False,0.06983219273388386
9720,GAATGGCTACTAGC-1,8-9,0.06666666666666667,0.0475902379018706,0.25326174,False,0.06937483884394169
1404,ATAGATTGTCTGGA-1,4-5,0.06666666666666667,0.046105120275897894,0.09157496,False,0.06935458723455667
10056,GATGCCCTTCAGGT-1,8-9,0.0,0.0,0.10690029,True,0.0691898986697197
5077,TAGGGACTCGGTAT-1,4-5,0.13333333333333333,0.13947804593499064,0.14467275,False,0.06945832259953022
6580,AAGTCCGATCACCC-1,8-9,0.06666666666666667,0.046105120275897894,0.81423056,False,0.06920830998569727
3710,GATGCAACGGTGAG-1,4-5,0.0,0.0,0.062124807,True,0.06938652414828539
12215,TTACACACAGTGCT-1,8-9,0.0,0.0,0.18554756,True,0.06926718447357416
6040,TTCAACACCTACTT-1,4-5,0.0,0.0,0.02821786,True,0.06958549562841654
11500,TATCCAACTCATTC-1,8-9,0.06666666666666667,0.046105120275897894,0.33493897,False,0.06942274980247021
4522,GTATTCACCAGAGG-1,4-5,0.5333333333333333,0.6061791586713855,0.14503908,False,0.06954763550311327
10080,GATTTGCTATTTCC-1,8-9,0.0,0.0,0.50264704,True,0.06961455754935741
3470,GACGTAACGTCATG-1,4-5,0.0,0.0,0.033630766,True,0.06960361078381538
7007,ACGTCGCTATTGGC-1,8-9,0.13333333333333333,0.10618686347613708,0.06474958,False,0.0700991302728653
1099,AGCTTTACCCGATA-1,4-5,0.06666666666666667,0.0475902379018706,0.17525782,False,0.06987697165459394
8392,CAGCGGACGCCAAT-1,8-9,0.0,0.0,0.37795892,True,0.07012140564620495
4339,GGGTAACTGTAGGG-1,4-5,0.4,0.30578032187608684,0.5838448,False,0.06993020884692669
8440,CAGTGTGACGTAGT-1,8-9,0.0,0.0,0.18462989,True,0.06963946763426065
4205,GGATAGCTGGTATC-1,4-5,0.06666666666666667,0.10764243204553911,0.23862831,False,0.07009267807006836
8203,CAATTCTGCACACA-1,8-9,0.13333333333333333,0.12106762880569233,0.10088354,False,0.06979912053793669
2112,CAGCCTACAGTGCT-1,4-5,0.0,0.0,0.7125473,True,0.06988644879311323
11337,TAGACGTGTCCAGA-1,8-9,0.06666666666666667,0.06077222973772036,0.32083732,False,0.0696720564737916
1657,ATGTTCACGTCGAT-1,4-5,0.13333333333333333,0.25591382741790714,0.008663606,False,0.06978592369705439
10684,GGGCCATGCCTTAT-1,8-9,0.0,0.0,0.26832727,True,0.06973673775792122
6191,TTGGTACTGAGCAG-1,4-5,0.06666666666666667,0.05135849223864361,0.34805202,False,0.06939053814858198
6324,AAATGGGACCTTGC-1,8-9,0.0,0.0,0.22452942,True,0.07009718474000692
176,AACGTTCTTGGAAA-1,4-5,0.06666666666666667,0.07347739090382172,0.3799219,False,0.06983905471861362
11673,TCCACTCTAGCCAT-1,8-9,0.13333333333333333,0.1228703944573705,0.056727067,False,0.0699444180354476
6036,TTATGGCTGTTTGG-1,4-5,0.13333333333333333,0.09992633629866744,0.4415404,False,0.06983932107686996
10805,GTAGACTGTGACAC-1,8-9,0.26666666666666666,0.3078927077182501,0.33904928,False,0.07009571325033903
2330,CCAATGGACCTATT-1,4-5,0.0,0.0,0.15593737,True,0.07010289374738932
7261,AGATCGTGTGAGGG-1,8-9,0.0,0.0,0.11921199,True,0.06990927644073963
3842,GCAGCTCTACACAC-1,4-5,0.06666666666666667,0.10764243204553911,0.01507929,False,0.06978745013475418
7273,AGCAACACTCCTCG-1,8-9,0.2,0.14406375849429134,0.08673182,False,0.06973886396735907
1693,ATTATGGAGGAAAT-1,4-5,0.13333333333333333,0.12795691370895357,0.13316461,False,0.06974737532436848
7138,ACTTTGTGTGATGC-1,8-9,0.13333333333333333,0.0919694286195867,0.29154932,False,0.06978998146951199
2088,CAGACAACGTTCAG-1,4-5,0.0,0.0,0.16735493,True,0.06989014055579901
11995,TGCACAGATGAGAA-1,8-9,0.2,0.2916768470842971,0.36829808,False,0.06999238021671772
4765,GTTTAAGAGACTAC-1,4-5,0.13333333333333333,0.10141145392464015,0.1297861,False,0.07018512487411499
6915,ACGAGTACCTGTGA-1,8-9,0.0,0.0,0.27698314,True,0.069556781090796
2835,CGTACCACGCAGTT-1,4-5,0.0,0.0,0.07851517,True,0.06983230076730251
10686,GGGCCATGGATAGA-1,8-9,0.0,0.0,0.6831358,True,0.07003075815737247
4402,GGTTTACTCCTAAG-1,4-5,0.26666666666666666,0.27858343546390235,0.0039398745,False,0.06991078797727823
8704,CCATTAACACACTG-1,8-9,0.0,0.0,0.19343601,True,0.06938864197582006
4352,GGTAAAGACGAGAG-1,4-5,0.06666666666666667,0.07347739090382172,0.57114613,False,0.06946593150496483
12518,TTTCAGTGTGCTTT-1,8-9,0.06666666666666667,0.17060921827860476,0.6111834,False,0.06981892138719559
5899,TGTAGGTGCCCACT-1,4-5,0.2,0.15489978564159046,0.6209473,False,0.06987150199711323
6605,AATACCCTTGGATC-1,8-9,0.06666666666666667,0.06077222973772036,0.3080635,False,0.06975046545267105
2010,CACCGTTGTGGTGT-1,4-5,0.0,0.0,0.06596171,True,0.07003968022763729
11797,TCGTTATGGAGCAG-1,8-9,0.06666666666666667,0.053821216022769555,0.04104294,False,0.06982153188437223
5605,TGAAGCTGGACTAC-1,4-5,0.06666666666666667,0.04481043185393461,0.012803286,False,0.06970758456736803
10309,GCGAGCACTCGTGA-1,8-9,0.06666666666666667,0.10764243204553911,0.15494835,False,0.06973085924983025
2676,CGAGGCTGCTCGAA-1,4-5,0.2,0.17340372720248917,0.07096426,False,0.06978618539869785
12201,TGTTAAGACTCAAG-1,8-9,0.06666666666666667,0.06600065503116892,0.24582359,False,0.06981741823256016
5416,TCCCATCTTGTCAG-1,4-5,0.0,0.0,0.43766055,True,0.07006380148231983
8198,CAATGGACTGTTCT-1,8-9,0.26666666666666666,0.23241689103702573,0.3408775,False,0.06964544299989939
3351,GAAGTCACCGTAAC-1,4-5,0.06666666666666667,0.0475902379018706,0.0559901,False,0.06940064392983913
11332,TAGACGTGACGACT-1,8-9,0.4666666666666667,0.5360359386054249,0.0779672,False,0.06953422911465168
3241,CTTGAGGATGTAGC-1,4-5,0.0,0.0,0.25903532,True,0.06976956687867641
8239,CACATACTGTCCTC-1,8-9,0.0,0.0,0.0671224,True,0.06944630108773708
1255,AGTCACGACAGAGG-1,4-5,0.06666666666666667,0.08530460913930238,0.5937022,False,0.069783516228199
7584,AGTGACTGGGAGCA-1,8-9,0.2,0.1492704091820068,0.5197344,False,0.06964930891990662
3502,GACTGATGTGGTGT-1,4-5,0.06666666666666667,0.0475902379018706,0.0078811655,False,0.0699678584933281
6759,ACAGGTACAGCACT-1,8-9,0.13333333333333333,0.10836246763959095,0.46040294,False,0.07038857880979776
4830,TAAGCTCTCAAAGA-1,4-5,0.06666666666666667,0.049317124049935504,0.36499476,False,0.06984317488968372
12073,TGGAGACTCACTGA-1,8-9,0.06666666666666667,0.043668798524938345,0.18968904,False,0.0701082730665803
6100,TTCCATGATGTGAC-1,4-5,0.13333333333333333,0.08977391880083624,0.19510894,False,0.06987363751977682
6636,AATCCTTGCCTGAA-1,8-9,0.06666666666666667,0.10764243204553911,0.08936724,False,0.07031536847352982
3129,CTGAGCCTGTGCAT-1,4-5,0.13333333333333333,0.136663101377946,0.2748592,False,0.07013906445354223
9136,CGGCGAACACTGGT-1,8-9,0.2,0.2814203051637083,0.19913504,False,0.06989844888448715
2218,CATCAACTGCTTCC-1,4-5,0.13333333333333333,0.11764196916392194,0.20023686,False,0.06971111986786127
11256,TACGCAGAGACGAG-1,8-9,0.0,0.0,0.59990555,True,0.06984645314514637
4965,TACTACACCCCAAA-1,4-5,0.13333333333333333,0.22196771051724837,0.2760796,False,0.07013759296387434
7102,ACTGTGGAAAGAAC-1,8-9,0.13333333333333333,0.13912582516207192,0.34942472,False,0.0699594896286726
4875,TACAATGAAAGAAC-1,4-5,0.0,0.0,0.16422443,True,0.06916012614965439
7908,ATGCGATGTTTACC-1,8-9,0.13333333333333333,0.12483588314246533,0.13494733,False,0.0696985274553299
5323,TCAGACGATCTCCG-1,4-5,0.3333333333333333,0.42737701260459865,0.30225968,False,0.0699142711237073
9927,GAGGTTACTGGTAC-1,8-9,0.13333333333333333,0.21326152284825595,0.013117235,False,0.07029777392745018
4978,TACTCTGAAGAAGT-1,4-5,0.0,0.0,0.31692034,True,0.07025607768446207
11474,TATACGCTCTATGG-1,8-9,0.0,0.0,0.040312044,True,0.06988117005676031
2098,CAGACTGATTTGCT-1,4-5,0.06666666666666667,0.0475902379018706,0.004277516,False,0.06997110228985548
6858,ACCGCGGAGCGAGA-1,8-9,0.06666666666666667,0.046105120275897894,0.20961529,False,0.06980281602591276
3003,CTATCATGTTCAGG-1,4-5,0.13333333333333333,0.22747895770480633,0.056394152,False,0.06990946177393198
11781,TCGGCACTCTAGCA-1,8-9,0.06666666666666667,0.07347739090382172,0.06379211,False,0.07013946305960417
4560,GTCCACTGGACAGG-1,4-5,0.06666666666666667,0.08530460913930238,0.0021064878,False,0.06982634961605072
8536,CATGGATGGGACGA-1,8-9,0.0,0.0,0.2371229,True,0.06973652727901936
3142,CTGATTTGCCATAG-1,4-5,0.26666666666666666,0.3084055727074132,0.003920093,False,0.0701305503025651
10377,GCTACAGAGGTCTA-1,8-9,0.06666666666666667,0.17060921827860476,0.071855396,False,0.06979313865303993
2027,CACGACCTTCATTC-1,4-5,0.4,0.30013199635108967,0.24711964,False,0.07021186500787735
8219,CACAGAACCAAAGA-1,8-9,0.2,0.2197731540219031,0.18286231,False,0.06963191088289022
4567,GTCCAGCTAGTCAC-1,4-5,0.13333333333333333,0.09894873014051422,0.2514171,False,0.06984299793839455
6757,ACAGCAACAGTGCT-1,8-9,0.13333333333333333,0.10053853795113993,0.33238456,False,0.06930310651659966
2381,CCAGGTCTTGAGAA-1,4-5,0.3333333333333333,0.2461588220683994,0.664906,False,0.0695247845724225
6949,ACGCGGTGAACCAC-1,8-9,0.06666666666666667,0.06077222973772036,0.10108405,False,0.069876822642982
4643,GTGCTAGAACGGAG-1,4-5,0.5333333333333333,0.6040587562388582,0.07034911,False,0.06968518998473883
11621,TCAGCGCTCGAGTT-1,8-9,0.13333333333333333,0.1524528638994737,0.26046288,False,0.06966046243906021
5139,TAGTTGCTATGTGC-1,4-5,0.0,0.0,0.16493863,True,0.06958588305860758
7211,AGAGAATGCAAAGA-1,8-9,0.13333333333333333,0.21819945618047537,0.12940487,False,0.06988514680415392
1775,ATTGTCTGCACACA-1,4-5,0.3333333333333333,0.3341584864681406,0.38760558,False,0.06924154050648212
9037,CGCATAGAGTGCTA-1,8-9,0.06666666666666667,0.10764243204553911,0.16864751,False,0.06934250146150589
4809,TAAGAACTTTTCAC-1,4-5,0.26666666666666666,0.19553900982851025,0.082469225,False,0.06980204209685326
6837,ACCCACTGACGCAT-1,8-9,0.0,0.0,0.005399406,True,0.06961443554610014
6114,TTCGGAGAGAGGTG-1,4-5,0.13333333333333333,0.11459344576048992,0.30773717,False,0.06947103049606085
7813,ATCGGTGACCTAAG-1,8-9,0.0,0.0,0.10604949,True,0.06930693052709103
1516,ATCGCCTGCAAAGA-1,4-5,0.0,0.0,0.022621274,True,0.06956211570650339
8447,CAGTTACTCCTTAT-1,8-9,0.0,0.0,0.20110723,True,0.06985370814800262
5582,TCTTACGATTCAGG-1,4-5,0.0,0.0,0.44820416,True,0.06974457204341888
8718,CCCAACACGTTGAC-1,8-9,0.06666666666666667,0.046105120275897894,0.40464467,False,0.06983769126236439
550,ACCAGTGATGTGCA-1,4-5,0.13333333333333333,0.12795691370895357,0.4900952,False,0.06946202553808689
11292,TACTACTGAACGAA-1,8-9,0.06666666666666667,0.05686973942620158,0.5629494,False,0.06976295541971922
4634,GTGCCACTAGTGCT-1,4-5,0.0,0.0,0.24232538,True,0.06975610740482807
6656,AATGCGTGAACGAA-1,8-9,0.06666666666666667,0.043668798524938345,0.35926569,False,0.06930174492299557
1379,ATACCTTGCAGCTA-1,4-5,0.06666666666666667,0.05135849223864361,0.19819963,False,0.06952532194554806
9862,GAGATGCTCTCATT-1,8-9,0.13333333333333333,0.08875742484554909,0.135231,False,0.06981540378183126
2964,CTAGAGACCTCAGA-1,4-5,0.06666666666666667,0.07347739090382172,0.17745802,False,0.07024331111460924
11467,TATACAGAAGGTCT-1,8-9,0.13333333333333333,0.09298592257487384,0.11696899,False,0.0701762679964304
3409,GACAGTTGGACTAC-1,4-5,0.06666666666666667,0.0475902379018706,0.42330068,False,0.06997251324355602
7586,AGTGCAACTGCTCC-1,8-9,0.4666666666666667,0.484112868987385,0.21949518,False,0.06955827120691538
1349,ATAAGTACTGCCAA-1,4-5,0.0,0.0,0.24393623,True,0.07039483077824116
10632,GGCTACCTAGAGGC-1,8-9,0.13333333333333333,0.08746273642358579,0.14460379,False,0.06995944119989872
2306,CATTTGTGGAATAG-1,4-5,0.13333333333333333,0.10297485970209948,0.28406677,False,0.06999695487320423
10644,GGGAACGATTCCCG-1,8-9,0.4,0.4153018717864449,0.2044577,False,0.06926026288419962
1816,CAAAGCACCCAACA-1,4-5,0.0,0.0,0.06483968,True,0.06981262192130089
8368,CAGAGGGAACGGAG-1-1,8-9,0.0,0.0,0.18278387,True,0.06983169447630644
5775,TGCTAGGAAAGCAA-1,4-5,0.2,0.1716257122338919,0.052123085,False,0.06968161184340715
11932,TGAGCAACTTACTC-1,8-9,0.0,0.0,0.20285583,True,0.06913053058087826
2294,CATTGTTGGGTCTA-1,4-5,0.0,0.0,0.3877401,True,0.06948610488325357
7018,ACGTGCCTGTTCAG-1,8-9,0.0,0.0,0.12111355,True,0.07011538278311491
1709,ATTCGACTCGGAGA-1,4-5,0.2,0.2197731540219031,0.24176714,False,0.07031852938234806
7388,AGCTTACTAGTCAC-1,8-9,0.26666666666666666,0.2450607075266456,0.22654134,False,0.07035321090370417
4438,GTACCCTGCAATCG-1,4-5,0.3333333333333333,0.4051652875345005,0.17802896,False,0.06990282237529755
10640,GGCTCACTTGTGCA-1,8-9,0.0,0.0,0.4025856,True,0.06994520127773285
3200,CTTAAGCTGAAGGC-1,4-5,0.13333333333333333,0.0954222443258334,0.06918086,False,0.06964556314051151
9553,CTTACATGTTCTTG-1,8-9,0.06666666666666667,0.04481043185393461,0.12218414,False,0.06976560410112143
5387,TCCACTCTAGGTCT-1,4-5,0.13333333333333333,0.11210577530706682,0.16513038,False,0.06993454787880182
8130,CAAGACTGAGCACT-1,8-9,0.06666666666666667,0.04481043185393461,0.10741618,False,0.07025485765188932
4171,GGAGAGACTCGCCT-1-1,4-5,0.0,0.0,0.3672353,True,0.06969298329204321
11493,TATCAGCTCTTGCC-1,8-9,0.0,0.0,0.35477272,True,0.06919299531728029
5174,TATAGCCTCCGATA-1,4-5,0.06666666666666667,0.049317124049935504,0.3521844,False,0.07014341652393341
10249,GCCCATACCGAACT-1,8-9,0.2,0.19353284080414757,0.09171456,False,0.07001714687794447
596,ACCTATTGCCTTGC-1,4-5,0.2,0.15475807987671802,0.09965573,False,0.0696350708603859
10386,GCTAGAACACTCAG-1,8-9,0.13333333333333333,0.08746273642358579,0.07542655,False,0.06937531754374504
854,AGAAACGAACCTAG-1,4-5,0.06666666666666667,0.05686973942620158,0.6175428,False,0.06981859542429447
8054,ATTGTAGAAGGCGA-1,8-9,0.2,0.17340372720248917,0.11750321,False,0.06959405075758696
915,AGACTGACGTCCTC-1,4-5,0.06666666666666667,0.10764243204553911,0.045301266,False,0.06982097309082747
6630,AATCCTACCCAACA-1,8-9,0.2,0.260383137079441,0.03803855,False,0.06977137178182602
1302,AGTTAAACCTAGAC-1,4-5,0.06666666666666667,0.10764243204553911,0.0505131,False,0.06983817368745804
10148,GCACTGCTGTCAAC-1,8-9,0.26666666666666666,0.40722505798838465,0.5897222,False,0.06980197038501501
3046,CTCAGGCTTCAAGC-1,4-5,0.0,0.0,0.3707164,True,0.06991718709468842
7363,AGCGTAACATCTTC-1-1,8-9,0.06666666666666667,0.04265230456965119,0.07216961,False,0.0699790921062231
2295,CATTGTTGTGTCAG-1,4-5,0.06666666666666667,0.049317124049935504,0.12857777,False,0.06964136194437742
7695,ATACTCTGGAGCTT-1,8-9,0.13333333333333333,0.10067561628857913,0.8419376,False,0.07010302878916264
2356,CCAGAAACCAAAGA-1,4-5,0.2,0.14257864086831862,0.020329736,False,0.06958197895437479
9945,GAGTCAACTCACCC-1,8-9,0.06666666666666667,0.10764243204553911,0.46891886,False,0.06922198832035065
2838,CGTACCTGATCGGT-1,4-5,0.06666666666666667,0.053821216022769555,0.13710585,False,0.06976861413568258
7129,ACTTGACTCTCCAC-1,8-9,0.13333333333333333,0.10517970826141315,0.30806395,False,0.06990252435207367
5808,TGGACCCTGATACC-1,4-5,0.13333333333333333,0.0919694286195867,0.27453625,False,0.06958530563861132
7076,ACTCTATGGGTTCA-1,8-9,0.0,0.0,0.20632264,True,0.06958340853452682
4028,GCGTAAACTCAGAC-1,4-5,0.13333333333333333,0.11764196916392194,0.32050145,False,0.06974261347204447
10002,GATATATGTAGTCG-1,8-9,0.0,0.0,0.16472678,True,0.06980268936604261
1754,ATTGCTACTCCAGA-1,4-5,0.4,0.5168995194820686,0.20024827,False,0.06942900456488132
10121,GCACCACTGGGAGT-1,8-9,0.26666666666666666,0.22449216311306386,0.36057454,False,0.0701961824670434
3371,GAATGCTGTACGCA-1,4-5,0.06666666666666667,0.17060921827860476,0.5038343,False,0.0699991500005126
7103,ACTGTGGACAGTCA-1,8-9,0.0,0.0,0.046129905,True,0.07020560652017593
2379,CCAGGTCTAGTGTC-1,4-5,0.13333333333333333,0.11982187105393848,0.039024957,False,0.06983467377722263
8161,CAAGTCGAGAATCC-1,8-9,0.0,0.0,0.34159106,True,0.06998592615127563
3601,GAGGTTTGATAAGG-1,4-5,0.0,0.0,0.15031834,True,0.06964172143489122
9765,GACATTCTTGTCAG-1,8-9,0.06666666666666667,0.053821216022769555,0.039884135,False,0.07016334775835276
466,ACACGAACGGTCAT-1,4-5,0.0,0.0,0.22864473,True,0.07020656764507294
7712,ATAGCCGACGAGTT-1,8-9,0.2,0.1961156960244059,0.13319474,False,0.06989739462733269
31,AAAGAGACTGGTCA-1,4-5,0.13333333333333333,0.10517970826141315,0.10207152,False,0.06927726417779922
9404,CTCATTGAGAATAG-1,8-9,0.06666666666666667,0.05686973942620158,0.08396936,False,0.06934873480349779
1083,AGCTCGCTGGCATT-1,4-5,0.4,0.3689427370309994,0.15729122,False,0.0694115087389946
6943,ACGCCGGAGGCGAA-1,8-9,0.06666666666666667,0.046105120275897894,0.0019721538,False,0.06965932808816433
5166,TATAGATGCGACAT-1,4-5,0.06666666666666667,0.08530460913930238,0.46606237,False,0.06949877832084894
12186,TGTGAGTGGGTACT-1,8-9,0.5333333333333333,0.5241062395804703,0.6231827,False,0.06971442513167858
747,ACGTTACTCCAGTA-1,4-5,0.4666666666666667,0.48868890562785783,0.17280346,False,0.06957756448537111
11694,TCCCAGACCGTGTA-1,8-9,0.0,0.0,0.40020046,True,0.06965999118983746
3495,GACTGAACGTACCA-1,4-5,0.0,0.0,0.8849077,True,0.06926558073610067
12185,TGTGAGTGGCTTAG-1,8-9,0.3333333333333333,0.40783369862224633,0.14901745,False,0.06927065923810005
4008,GCGCGATGGCAGTT-1,4-5,0.06666666666666667,0.06077222973772036,0.0063175336,False,0.06890776474028826
9447,CTCTAATGCTAGTG-1,8-9,0.4,0.5229601370778708,0.0785738,False,0.06954794563353062
5828,TGGATCGATCACCC-1,4-5,0.06666666666666667,0.06077222973772036,0.52596927,False,0.06956753227859735
11898,TGACGATGGATAGA-1,8-9,0.0,0.0,0.07025465,True,0.0697278194129467
1265,AGTCCAGACGATAC-1,4-5,0.06666666666666667,0.08530460913930238,0.39389542,False,0.0696084601804614
11309,TACTGGGAAGTCAC-1,8-9,0.06666666666666667,0.046105120275897894,0.11138436,False,0.06978479493409395
2245,CATGCCACGAACCT-1,4-5,0.13333333333333333,0.0969073619518061,0.25448596,False,0.07001122832298279
10280,GCCTCATGCACTAG-1,8-9,0.2,0.16029427373357313,0.26386693,False,0.06910633854568005
279,AAGGTCTGGTCTTT-1,4-5,0.13333333333333333,0.10618686347613708,0.34723276,False,0.06962843425571918
11274,TACGGCCTGGCAAG-1,8-9,0.06666666666666667,0.04265230456965119,0.13458198,False,0.07025342248380184
884,AGAATGGAGTTGTG-1,4-5,0.0,0.0,0.08962704,True,0.06990882754325867
8503,CATCCCGAGTAGCT-1-1,8-9,0.06666666666666667,0.053821216022769555,0.3773054,False,0.06972584035247564
616,ACGAACACCTGATG-1,4-5,0.0,0.0,0.313411,True,0.07036013063043356
12413,TTGAATGACTTATC-1,8-9,0.06666666666666667,0.053821216022769555,0.3542642,False,0.07017869129776955
4175,GGAGCAGAGAGACG-1,4-5,0.13333333333333333,0.11459344576048992,0.30781233,False,0.06984423939138651
9756,GACAGTTGGAGAGC-1,8-9,0.13333333333333333,0.1267728847688893,0.05306145,False,0.06997631397098303
295,AAGTCTCTAGATGA-1,4-5,0.13333333333333333,0.15374755232143703,0.006602742,False,0.07016760669648647
9315,CTAGGCCTTACTCT-1,8-9,0.2,0.1530386635187798,0.17494878,False,0.06974201276898384
5115,TAGTCACTCGTAAC-1,4-5,0.2,0.2589476962160104,0.054716446,False,0.069750034250319
8747,CCCATGTGTCAGGT-1,8-9,0.06666666666666667,0.053821216022769555,0.055296913,False,0.06968104932457209
2990,CTATAAGACTCAGA-1,4-5,0.06666666666666667,0.08530460913930238,0.09365435,False,0.06960341893136501
6950,ACGCGGTGGAACCT-1,8-9,0.06666666666666667,0.04481043185393461,0.5508308,False,0.06967597361654043
3646,GATAGCACCCTTAT-1,4-5,0.26666666666666666,0.20509169788194068,0.24637789,False,0.06977938860654831
12017,TGCCAGCTTGGAGG-1,8-9,0.13333333333333333,0.11982187105393848,0.037073653,False,0.06952081248164177
3463,GACGCTCTTGGAAA-1,4-5,0.06666666666666667,0.17060921827860476,0.24167469,False,0.06983249541372061
12233,TTACGACTCCAATG-1,8-9,0.0,0.0,0.0075828284,True,0.06952229421585798
286,AAGTAACTGGAGGT-1,4-5,0.06666666666666667,0.17060921827860476,0.32821196,False,0.07012334186583757
10034,GATCGTGATGCTGA-1,8-9,0.26666666666666666,0.40104616527790105,0.39527574,False,0.07040042523294687
1381,ATACGGACAAAGCA-1,4-5,0.26666666666666666,0.21903931854994874,0.15746802,False,0.0697834063321352
12153,TGTAGTCTCACACA-1,8-9,0.06666666666666667,0.17060921827860476,0.04059927,False,0.07006553001701832
2513,CCGTAAGATCCAGA-1,4-5,0.0,0.0,0.032969907,True,0.0697923582047224
9368,CTATTGACACACGT-1,8-9,0.3333333333333333,0.3796223555374777,0.056950238,False,0.06959338672459126
3084,CTCTAAACCGGTAT-1,4-5,0.0,0.0,0.18947509,True,0.06924240943044424
7456,AGGGCCTGACACGT-1,8-9,0.0,0.0,0.111851044,True,0.06974220555275679
5520,TCGGCACTCGGGAA-1,4-5,0.0,0.0,0.08365618,True,0.06991556938737631
8924,CGAATCGATCGTTT-1,8-9,0.3333333333333333,0.29889791712731684,0.0901535,False,0.06983236595988274
2462,CCCTAGTGCCATGA-1,4-5,0.06666666666666667,0.07347739090382172,0.5210934,False,0.06978287268429995
10854,GTATCTACTCGTTT-1,8-9,0.3333333333333333,0.41315957774804823,0.0062291548,False,0.06994197331368923
2879,CGTGTAGACTTCGC-1,4-5,0.0,0.0,0.13860697,True,0.06910726707428694
9963,GAGTGTTGCTACCC-1,8-9,0.06666666666666667,0.0475902379018706,0.2832528,False,0.06973790097981691
6088,TTCATGTGTTGACG-1,4-5,0.06666666666666667,0.07347739090382172,0.17769721,False,0.07028708606958389
10934,GTCTAACTTTGAGC-1,8-9,0.13333333333333333,0.15374755232143703,0.5185555,False,0.07015316467732191
1796,ATTTCGTGGGTGTT-1,4-5,0.06666666666666667,0.053821216022769555,0.28393686,False,0.07000585459172726
7419,AGGATAGAATCACG-1,8-9,0.0,0.0,0.10056059,True,0.06926671043038368
1337,ATAACAACGAGATA-1,4-5,0.13333333333333333,0.21992634232854028,0.19459961,False,0.06966723874211311
10320,GCGCACGAGTACAC-1,8-9,0.13333333333333333,0.132894847041173,0.19996765,False,0.06945220101624727
315,AATAACACAGCCAT-1,4-5,0.06666666666666667,0.05135849223864361,0.316205,False,0.06970245018601418
7092,ACTGCCACGAGGGT-1,8-9,0.13333333333333333,0.1569595560954746,0.4789848,False,0.06932890973985195
1297,AGTGTTCTACAGTC-1,4-5,0.06666666666666667,0.04265230456965119,0.42578292,False,0.06989866960793734
7998,ATTCCATGACACGT-1,8-9,0.0,0.0,0.068891615,True,0.06984829250723124
5923,TGTCAGGATGGGAG-1,4-5,0.2,0.1509972953300717,0.43214005,False,0.06974088400602341
11695,TCCCAGACTCCCGT-1,8-9,0.0,0.0,0.15281737,True,0.06976350955665112
357,AATCTAGAAACCGT-1,4-5,0.13333333333333333,0.14217434856550396,0.3149482,False,0.07019218616187572
11067,GTTCAGGACTCCAC-1,8-9,0.2,0.2197731540219031,0.07590699,False,0.07001922279596329
3841,GCAGCGTGTGTTTC-1,4-5,0.06666666666666667,0.053821216022769555,0.015699845,False,0.07013920415192842
10729,GGTATGACAGTGCT-1,8-9,0.06666666666666667,0.17060921827860476,0.013727654,False,0.06983819231390953
1375,ATACCTACCATTCT-1,4-5,0.2,0.15274165835730705,0.1972973,False,0.06999425776302814
10307,GCGAGCACGTCGTA-1,8-9,0.3333333333333333,0.3305842409070066,0.5988408,False,0.07018334697932005
3433,GACCTAGATAAAGG-1,4-5,0.06666666666666667,0.046105120275897894,0.055810034,False,0.07035426050424576
11429,TAGTCGGAGTATCG-1,8-9,0.06666666666666667,0.043668798524938345,0.16119397,False,0.07009409926831722
3167,CTGGAAACTGTCCC-1,4-5,0.06666666666666667,0.0475902379018706,0.09512779,False,0.06946019362658262
11418,TAGTATGACCATGA-1,8-9,0.0,0.0,0.27999005,True,0.0693709934130311
4900,TACGACGAACGACT-1,4-5,0.06666666666666667,0.05686973942620158,0.45271942,False,0.06978893931955099
11595,TCACCTCTAACGTC-1,8-9,0.06666666666666667,0.17060921827860476,0.38400924,False,0.06976936012506485
4936,TACGGCCTGCCAAT-1,4-5,0.4,0.4390998968532348,0.31449482,False,0.07033771835267544
8138,CAAGCCCTCATTGG-1,8-9,0.2,0.15550138730290575,0.7094073,False,0.06931132171303034
3900,GCCACGGAATTCCT-1,4-5,0.06666666666666667,0.06600065503116892,0.5033307,False,0.0696586286649108
8959,CGAGATTGGAAACA-1,8-9,0.2,0.21322509363719408,0.2919431,False,0.06983188167214394
5027,TAGATCCTCCCTAC-1,4-5,0.0,0.0,0.2659753,True,0.06896708998829126
12445,TTGCTAACGCGGAA-1,8-9,0.0,0.0,0.6723145,True,0.07025758642703295
6227,TTTCAGTGTCTATC-1,4-5,0.06666666666666667,0.06600065503116892,0.45437777,False,0.070270461961627
7704,ATAGATTGAGAGTA-1,8-9,0.26666666666666666,0.39807352137808233,0.46508145,False,0.07001704350113869
2530,CCTAGAGACGGTAT-1,4-5,0.06666666666666667,0.07347739090382172,0.10967169,False,0.06986740045249462
8620,CCACCTGACCCTTG-1,8-9,0.0,0.0,0.1826634,True,0.07011338602751493
2825,CGGTCACTCTAAGC-1,4-5,0.0,0.0,0.25934848,True,0.06998310051858425
11506,TATCGACTAGAAGT-1,8-9,0.0,0.0,0.32106012,True,0.06981979589909315
5541,TCTAACTGAAAACG-1,4-5,0.3333333333333333,0.3308888374068491,0.058996446,False,0.07015490252524614
11648,TCATCATGTGACCA-1,8-9,0.2,0.26085176075012656,0.5517096,False,0.07050880044698715
4915,TACGAGTGTGGTAC-1,4-5,0.0,0.0,0.016110465,True,0.06989046651870012
6507,AAGCCAACCAGATC-1,8-9,0.2,0.16913899510387398,0.2446168,False,0.06986811012029648
2498,CCGCGAGACTTGAG-1,4-5,0.06666666666666667,0.08530460913930238,0.37949288,False,0.06998807098716497
11233,TACCGCTGCTACGA-1,8-9,0.06666666666666667,0.046105120275897894,0.18692519,False,0.07025967165827751
4241,GGCCCAGATAGAAG-1,4-5,0.06666666666666667,0.0475902379018706,1.0608783,False,0.07020889408886433
12326,TTCAGTACTGGGAG-1,8-9,0.26666666666666666,0.19641045688224537,0.47382376,False,0.07061871699988842
5777,TGCTAGGACCGATA-1,4-5,0.06666666666666667,0.046105120275897894,0.07154909,False,0.07006603386253119
6471,AAGAACGAATTCTC-1,8-9,0.0,0.0,0.0067944825,True,0.06986567284911871
6029,TTATGGCTAGGGTG-1,4-5,0.0,0.0,0.23968886,True,0.06965139508247375
9600,CTTTAGACCGAGAG-1,8-9,0.2,0.2656365090421867,0.12419868,False,0.06931615341454744
2662,CGAGCCGAGGAGTG-1,4-5,0.2,0.19149147261543945,0.2164344,False,0.06957882270216942
9767,GACCAAACAAGTAG-1,8-9,0.13333333333333333,0.11210577530706682,0.26985118,False,0.06974748615175486
41,AAAGCCTGGAGACG-1,4-5,0.2,0.19353284080414757,0.37704527,False,0.06959030590951443
6440,AACGTTCTCACTTT-1,8-9,0.13333333333333333,0.10067561628857913,0.0072998805,False,0.06960523966699839
2201,CATACTTGAGCATC-1,4-5,0.06666666666666667,0.06077222973772036,0.084734604,False,0.06961573660373688
7660,ATAATGACAGCGTT-1,8-9,0.06666666666666667,0.17060921827860476,0.49173686,False,0.06957400310784578
4948,TACGTACTTTTCGT-1,4-5,0.8,0.8521679871689357,2.218675,False,0.06961694080382586
10392,GCTAGATGCCGCTT-1,8-9,0.06666666666666667,0.04265230456965119,0.2776937,False,0.06991548370569944
1559,ATGAAACTAGCTCA-1,4-5,0.13333333333333333,0.09616892409257823,0.15416548,False,0.06927892938256264
8048,ATTGGGTGTCCCAC-1,8-9,0.0,0.0,0.5049696,True,0.07015938684344292
5714,TGCAAGTGTCCCGT-1,4-5,0.0,0.0,0.16282588,True,0.06979838479310274
10426,GCTGATGATTCTTG-1,8-9,0.06666666666666667,0.0475902379018706,0.5623141,False,0.06963946390897036
5122,TAGTCGGATGGAAA-1,4-5,0.13333333333333333,0.1267728847688893,0.2507522,False,0.06968729570508003
7082,ACTCTCCTCAGCTA-1,8-9,0.13333333333333333,0.09125903642680894,0.14928807,False,0.0700816111639142
5678,TGAGTGACCGAATC-1,4-5,0.0,0.0,0.6236863,True,0.0698909293860197
11237,TACGACGAGGATTC-1,8-9,0.0,0.0,0.59602934,True,0.06989546027034521
4517,GTATCTACTTCGTT-1,4-5,0.06666666666666667,0.04481043185393461,0.05388163,False,0.06961128208786249
12146,TGTAATGATCCAAG-1-1,8-9,0.13333333333333333,0.10687735001361826,0.3003029,False,0.06968478299677372
796,ACTCGCACTCCTAT-1,4-5,0.0,0.0,0.20873144,True,0.06965857464820147
12480,TTGTAGCTGCATCA-1,8-9,0.0,0.0,0.100038394,True,0.06976587697863579
5104,TAGTAATGGTACCA-1,4-5,0.06666666666666667,0.07347739090382172,0.0503956,False,0.07042831555008888
9573,CTTCTAGACAGTTG-1,8-9,0.06666666666666667,0.043668798524938345,0.34196818,False,0.06975511275231838
289,AAGTAGGATGCCCT-1,4-5,0.3333333333333333,0.4079971789928519,0.09590545,False,0.07018397562205791
8885,CCTGGACTACGCAT-1,8-9,0.26666666666666666,0.2103331308809563,0.21062979,False,0.06997121125459671
5277,TCAATAGAGACGGA-1,4-5,0.13333333333333333,0.10687735001361826,0.0881249,False,0.0697631724178791
8354,CAGACATGGTGCTA-1,8-9,0.0,0.0,0.5959909,True,0.07015230320394039
1360,ATACAATGGCATAC-1,4-5,0.06666666666666667,0.05686973942620158,0.23829663,False,0.06988710444420576
8654,CCAGCGGAATCGGT-1,8-9,0.06666666666666667,0.04265230456965119,0.090314426,False,0.07037240266799927
4757,GTTGGATGCCCAAA-1-1,4-5,0.0,0.0,0.12214771,True,0.0696680061519146
9531,CTGTGAGATCCAGA-1,8-9,0.06666666666666667,0.0475902379018706,0.21794814,False,0.06978718843311071
2081,CACTTATGTTCCAT-1,4-5,0.13333333333333333,0.11359089293303952,0.07579498,False,0.06996803358197212
12453,TTGCTATGTGCCCT-1,8-9,0.06666666666666667,0.07347739090382172,0.5455528,False,0.06960472743958235
4105,GGAACACTATACCG-1,4-5,0.13333333333333333,0.1082282316648452,0.15260771,False,0.06985237170010805
9446,CTCTAAACGGTCAT-1,8-9,0.0,0.0,0.24696667,True,0.06964035239070654
3423,GACCATGATAGAAG-1,4-5,0.2,0.32584188822601445,0.3978901,False,0.06962710712105036
10367,GCGTACCTATTCCT-1,8-9,0.13333333333333333,0.09952204399585277,0.14944558,False,0.07015741895884275
35,AAAGCAGACGTTGA-1,4-5,0.0,0.0,0.39216155,True,0.07018795423209667
11604,TCACGAGATCGCAA-1,8-9,0.13333333333333333,0.25591382741790714,0.10555977,False,0.07022670563310385
6032,TTATGGCTGAAACA-1,4-5,0.06666666666666667,0.08530460913930238,0.43940467,False,0.06985881179571152
10300,GCGAGAGACTGAGT-1,8-9,0.0,0.0,0.290372,True,0.07019569538533688
4007,GCGCGATGCTTTAC-1,4-5,0.06666666666666667,0.043668798524938345,0.38686666,False,0.07005573809146881
8270,CACGAAACAACCTG-1,8-9,0.06666666666666667,0.08530460913930238,0.36600614,False,0.07020877581089735
4861,TAATGCCTATCTCT-1,4-5,0.13333333333333333,0.1289734076642407,0.8330437,False,0.06989890243858099
6454,AACTCACTGACGGA-1,8-9,0.06666666666666667,0.049317124049935504,0.059961155,False,0.06994813773781061
2829,CGTAACGAGCTGAT-1,4-5,0.06666666666666667,0.05135849223864361,0.061286524,False,0.0699942484498024
8694,CCATGCTGACGACT-1,8-9,0.06666666666666667,0.06077222973772036,0.089115046,False,0.07043901924043894
1427,ATAGTCCTGAGGCA-1,4-5,0.0,0.0,0.41914138,True,0.07015497982501984
12025,TGCGAAACGAGACG-1,8-9,0.13333333333333333,0.1929470411848415,0.122226425,False,0.0702417092397809
2613,CGACAAACCTCTTA-1,4-5,0.0,0.0,0.24799201,True,0.07009216025471687
11624,TCAGCGCTGGTAGG-1,8-9,0.0,0.0,0.027761817,True,0.06998556386679411
3939,GCCGACGAAGAGGC-1,4-5,0.13333333333333333,0.11714618942876005,0.66023,False,0.0695954142138362
10327,GCGCGAACCTATTC-1,8-9,0.06666666666666667,0.0475902379018706,0.0469786,False,0.06961509305983782
2590,CGAACATGATCTCT-1,4-5,0.0,0.0,0.31572488,True,0.0694911889731884
10526,GGAGGTGATCTCGC-1,8-9,0.3333333333333333,0.3938556236399148,0.455157,False,0.06988468393683434
393,AATGTAACAATGCC-1,4-5,0.0,0.0,0.17197746,True,0.06974356342107058
8267,CACCGTTGTGTGCA-1,8-9,0.2,0.1689755147332684,0.22753783,False,0.06966825667768717
4377,GGTAGTACTTACCT-1,4-5,0.06666666666666667,0.06077222973772036,0.5632772,False,0.07000029180198908
11860,TGAAATTGGCATAC-1,8-9,0.2,0.16001145183946372,0.06211172,False,0.06984949950128794
3727,GATTCGGACGGTAT-1,4-5,0.0,0.0,0.89769226,True,0.06917268596589565
10177,GCAGTCCTGTACCA-1,8-9,0.06666666666666667,0.04265230456965119,0.12105806,False,0.06977550219744444
1236,AGTAGAGAGACACT-1,4-5,0.06666666666666667,0.08530460913930238,0.26553512,False,0.06984147522598505
9473,CTGAGAACCGCATA-1,8-9,0.06666666666666667,0.05686973942620158,0.016944148,False,0.06992471031844616
2628,CGACCTACCCTAAG-1,4-5,0.0,0.0,0.27479315,True,0.06997369229793549
12520,TTTCCAGAGGTGGA-1,8-9,0.06666666666666667,0.08530460913930238,0.1842036,False,0.07010526116937399
2528,CCTACCGAGGAAGC-1,4-5,0.13333333333333333,0.09024254247152179,0.2368193,False,0.06998081132769585
9991,GATAGCACGGTGGA-1,8-9,0.0,0.0,0.46144485,True,0.0701998621225357
5312,TCACTATGAAAACG-1,4-5,0.2,0.15088053623449638,0.06474859,False,0.06975162588059902
8733,CCCAGACTTCCAGA-1-1,8-9,0.0,0.0,0.09921192,True,0.06985259149223566
4362,GGTACAACTAGACC-1,4-5,0.0,0.0,0.34599245,True,0.06994873750954866
11032,GTTACGGATCAGAC-1,8-9,0.26666666666666666,0.31985267862720773,0.02536292,False,0.06974436994642019
2117,CAGCCTTGTTCCCG-1,4-5,0.13333333333333333,0.12483588314246533,0.14893906,False,0.07046771515160799
7454,AGGGCCACTATGCG-1,8-9,0.13333333333333333,0.1502947366151903,0.18115796,False,0.06995171215385199
5617,TGACCAGAACGCTA-1,4-5,0.06666666666666667,0.07347739090382172,0.2540381,False,0.06993168964982033
8597,CCAAGATGATACCG-1,8-9,0.06666666666666667,0.053821216022769555,0.064186834,False,0.06989223137497902
4200,GGATACTGACGTAC-1,4-5,0.0,0.0,0.064820565,True,0.06945867463946342
8831,CCGTAAGAGGTAGG-1,8-9,0.06666666666666667,0.06077222973772036,0.10981867,False,0.0697645302861929
5402,TCCATCCTGTACAC-1,4-5,0.0,0.0,0.6572771,True,0.06955622229725122
6917,ACGATCGAATGCTG-1,8-9,0.06666666666666667,0.04481043185393461,0.23465405,False,0.06891480833292007
2615,CGACAAACGTACGT-1,4-5,0.0,0.0,0.04481183,True,0.06959431152790785
9510,CTGGAAACGTTACG-1,8-9,0.13333333333333333,0.27825165032414384,0.08689984,False,0.07019566278904676
2849,CGTCAAGAGTAAGA-1,4-5,0.2,0.17436312267075987,0.0018063262,False,0.0702585019171238
8226,CACAGATGTGCACA-1,8-9,0.06666666666666667,0.049317124049935504,0.050296992,False,0.07099710591137409
3724,GATTCGGAACCAAC-1,4-5,0.5333333333333333,0.6067292006945882,0.4641818,False,0.07034666370600462
9788,GACGAACTGCTCCT-1,8-9,0.0,0.0,0.4581545,True,0.07045710645616055
2272,CATTACACGCCAAT-1,4-5,0.13333333333333333,0.1929470411848415,0.26766133,False,0.07029026560485363
11619,TCAGCGCTACGTGT-1,8-9,0.0,0.0,0.06101258,True,0.07051301188766956
3,AAACATTGAAGGCG-1,4-5,0.13333333333333333,0.23660987330977368,0.3049795,False,0.07024526596069336
6557,AAGTAGGAACTTTC-1,8-9,0.0,0.0,0.030254463,True,0.07043939922004938
5058,TAGGCAACAAAAGC-1,4-5,0.0,0.0,0.03152948,True,0.07061418052762747
10853,GTATCTACGTCATG-1,8-9,0.06666666666666667,0.04265230456965119,0.24335714,False,0.07031436916440725
6235,TTTGACTGTGTTTC-1,4-5,0.13333333333333333,0.22747895770480633,0.0940461,False,0.06985325366258621
11481,TATAGATGTATCTC-1,8-9,0.0,0.0,0.026874188,True,0.07018710300326347
975,AGATATTGACACAC-1,4-5,0.0,0.0,0.031961255,True,0.0701609319075942
9384,CTCAGCACATGTGC-1,8-9,0.06666666666666667,0.06077222973772036,0.3689575,False,0.0699064927175641
900,AGACACTGCTGTAG-1,4-5,0.06666666666666667,0.08530460913930238,0.04824695,False,0.07008799724280834
9087,CGCTACTGATCGTG-1,8-9,0.13333333333333333,0.16841466178325945,0.5735823,False,0.0708408085629344
3627,GAGTGGGAGTCTAG-1,4-5,0.26666666666666666,0.3617285783463485,0.015226044,False,0.07007051724940538
11093,GTTTAAGACCAATG-1,8-9,0.06666666666666667,0.06600065503116892,0.37334007,False,0.0694672605022788
2945,CTACCTCTCTAAGC-1,4-5,0.0,0.0,0.58969593,True,0.06955806352198124
10770,GTAATAACCTCAAG-1,8-9,0.0,0.0,0.12726314,True,0.06981043983250856
3530,GAGCAGGAGGTGTT-1,4-5,0.13333333333333333,0.12795691370895357,0.6575682,False,0.06996465101838112
6438,AACGTTCTAGCGTT-1,8-9,0.4,0.2998383323262965,0.8013778,False,0.07006375957280397
2850,CGTCCAACCCGTAA-1,4-5,0.13333333333333333,0.11081108688510354,0.22721504,False,0.07014264073222876
7764,ATCACTACGGGACA-1,8-9,0.2,0.2063722379449947,0.40102068,False,0.0696486160159111
4335,GGGCCATGTTCATC-1,4-5,0.0,0.0,0.7134067,True,0.0700541352853179
7534,AGTAGGCTTGAGAA-1,8-9,0.06666666666666667,0.08530460913930238,0.19650233,False,0.06992508005350828
4632,GTGCAAACCTTCCG-1-1,4-5,0.26666666666666666,0.39539783975290393,0.014176279,False,0.06985296495258808
9189,CGTCCAACACACTG-1,8-9,0.2,0.14128395244635536,0.425195,False,0.07017375715076923
5837,TGGATGTGGGTCTA-1,4-5,0.0,0.0,0.33741343,True,0.07017627358436584
9135,CGGCCAGAGGTATC-1,8-9,0.13333333333333333,0.12795691370895357,0.33833894,False,0.07006894424557686
694,ACGCTGCTTGTAGC-1,4-5,0.0,0.0,0.25151116,True,0.0699041411280632
12243,TTACGTACTGCCCT-1,8-9,0.06666666666666667,0.06600065503116892,0.22331086,False,0.07013124693185091
3606,GAGTAAGAGAGGCA-1,4-5,0.13333333333333333,0.11069095544897115,0.23402551,False,0.070324064232409
6455,AACTCACTGATAAG-1,8-9,0.0,0.0,0.05163804,True,0.07025780435651541
3141,CTGATTTGACCTGA-1,4-5,0.06666666666666667,0.06600065503116892,0.22252524,False,0.07032369449734688
9212,CGTGAATGCGTAAC-1,8-9,0.06666666666666667,0.10764243204553911,0.41510063,False,0.06980749405920506
3887,GCCAAATGCATTCT-1,4-5,0.2,0.24981678061104307,0.37706196,False,0.06993872858583927
10825,GTAGGTACAAGTGA-1,8-9,0.06666666666666667,0.049317124049935504,0.20315039,False,0.07005447614938021
2766,CGGAATTGCTCGAA-1,4-5,0.0,0.0,0.20796597,True,0.07025566697120667
9718,GAATGCTGCTGCTC-1,8-9,0.13333333333333333,0.09647352059242074,0.16279282,False,0.06991647463291883
578,ACCCGTACATCAGC-1,4-5,0.2,0.1534633914547547,0.39274395,False,0.0701902974396944
10158,GCAGCCGACTGTAG-1,8-9,0.13333333333333333,0.21671433855450267,0.11885281,False,0.07014770060777664
4463,GTAGCATGAACCTG-1,4-5,0.06666666666666667,0.06077222973772036,0.31847942,False,0.06999555043876171
11346,TAGATTGATTGCGA-1,8-9,0.13333333333333333,0.11210577530706682,0.33944416,False,0.06971500348299742
3620,GAGTCAACTGGAGG-1,4-5,0.0,0.0,0.49666524,True,0.06926190759986639
12342,TTCATGTGAGGGTG-1,8-9,0.0,0.0,0.40338778,True,0.07031863927841187
4869,TAATGTGAGTACCA-1,4-5,0.13333333333333333,0.1267728847688893,0.28895202,False,0.06960056349635124
9462,CTGAATCTCTGGTA-1,8-9,0.0,0.0,0.2539395,True,0.06987915839999914
1704,ATTCCATGCAACTG-1,4-5,0.13333333333333333,0.0924006697558052,0.32528514,False,0.06971781235188246
10980,GTGCCACTCAACCA-1,8-9,0.0,0.0,0.06100294,True,0.07038407865911722
3774,GCAACTGACGTGTA-1,4-5,0.26666666666666666,0.3188750724690545,0.09378542,False,0.06975298654288054
7140,ACTTTGTGTGGATC-1,8-9,0.26666666666666666,0.2426163860076957,0.05154753,False,0.07006646785885096
1555,ATCTTGACCTTGCC-1,4-5,0.06666666666666667,0.07347739090382172,0.6030096,False,0.07009070832282305
12128,TGGTTACTTGTGCA-1,8-9,0.06666666666666667,0.17060921827860476,0.15764043,False,0.06996038276702166
1460,ATCACTACCCAATG-1,4-5,0.06666666666666667,0.049317124049935504,0.3972016,False,0.06979373749345541
6538,AAGGCTTGAAAAGC-1,8-9,0.13333333333333333,0.09091555212983252,0.26895154,False,0.06960941571742296
1447,ATATGCCTTCTTCA-1,4-5,0.06666666666666667,0.043668798524938345,0.98869795,False,0.06971383281052113
10730,GGTATGACCAGTTG-1,8-9,0.13333333333333333,0.2313814480163251,0.3486092,False,0.06956832110881805
1611,ATGCGCCTTTGGTG-1,4-5,0.0,0.0,0.04864919,True,0.06942387949675322
8742,CCCAGTTGTGGGAG-1,8-9,0.0,0.0,0.34279996,True,0.06930865626782179
1590,ATGCAGACTTGCAG-1,4-5,0.2,0.1363476627474197,0.4437096,False,0.0699076559394598
8029,ATTGATGAGAGGGT-1,8-9,0.26666666666666666,0.19189576491825414,0.24806415,False,0.06984759401530027
5518,TCGGCACTACTACG-1,4-5,0.06666666666666667,0.053821216022769555,0.07906782,False,0.07004343066364527
10642,GGGAACGAATGTGC-1,8-9,0.06666666666666667,0.0475902379018706,0.3081769,False,0.07011471409350634
317,AATAACACGGTGAG-1,4-5,0.13333333333333333,0.1502947366151903,0.45885265,False,0.06977548450231552
12363,TTCCCACTATTGGC-1,8-9,0.4,0.34672751490340625,0.3584073,False,0.06991822645068169
665,ACGCCACTATCGGT-1,4-5,0.0,0.0,0.2705958,True,0.0691570695489645
9038,CGCATAGATCCAGA-1,8-9,0.06666666666666667,0.04481043185393461,0.45203418,False,0.06964495591819286
5602,TGAAGCACACAGCT-1,4-5,0.0,0.0,0.6310312,True,0.07011034991592169
7505,AGGTTGTGAAACGA-1,8-9,0.13333333333333333,0.13424962064154208,0.30305147,False,0.0703444266691804
75,AAATCTGATCGACA-1,4-5,0.0,0.0,0.29469502,True,0.06977495085448027
10837,GTAGTGTGCCGTAA-1,8-9,0.06666666666666667,0.07347739090382172,0.65502465,False,0.06991483084857464
3280,GAAAGCCTCTTCGC-1,4-5,0.0,0.0,0.30569494,True,0.0697633670642972
8492,CATCATACCTGAAC-1,8-9,0.0,0.0,0.18681186,True,0.07001759298145771
6182,TTGGAGTGAAGGGC-1,4-5,0.0,0.0,0.16837862,True,0.0702553279697895
10578,GGCACTCTTGCTTT-1,8-9,0.0,0.0,0.37937903,True,0.07035042624920607
4441,GTACCCTGGTGAGG-1,4-5,0.0,0.0,0.08250583,True,0.07045356370508671
6277,AAACTTGATGCTTT-1,8-9,0.06666666666666667,0.06600065503116892,0.0028330777,False,0.0699726389721036
5953,TTAACCACTCACGA-1,4-5,0.0,0.0,0.62328,True,0.06989475525915623
7094,ACTGCCACGTTGAC-1,8-9,0.06666666666666667,0.04481043185393461,0.42151225,False,0.06982362642884254
206,AAGAACGAAGTTCG-1,4-5,0.06666666666666667,0.053821216022769555,0.3216013,False,0.07011313457041979
8688,CCATATACTTTACC-1,8-9,0.13333333333333333,0.10067561628857913,0.3482513,False,0.06983830686658621
4099,GCTTGAGACAACCA-1,4-5,0.0,0.0,0.6298791,True,0.0698561854660511
6526,AAGCGTACCATACG-1,8-9,0.0,0.0,0.65173274,True,0.06982848513871431
2096,CAGACTGAGATAGA-1,4-5,0.0,0.0,0.005430639,True,0.0700441999360919
10912,GTCCCATGACGTAC-1,8-9,0.26666666666666666,0.26662900965158187,0.5518271,False,0.07008288614451885
2598,CGAAGGGAACAGCT-1,4-5,0.26666666666666666,0.271389521485359,0.2337972,False,0.06978585477918386
6873,ACCTCCGACATTTC-1,8-9,0.06666666666666667,0.04481043185393461,0.20768303,False,0.06993180327117443
1111,AGGAACCTGATAAG-1-1,4-5,0.13333333333333333,0.1645121714717407,0.11711287,False,0.06974873784929514
11364,TAGCTACTGTCACA-1,8-9,0.06666666666666667,0.049317124049935504,0.22730543,False,0.07003505807369947
216,AAGAAGACCAGAAA-1,4-5,0.13333333333333333,0.09616892409257823,0.2269968,False,0.07061407249420881
7494,AGGTGGGAGGTACT-1,8-9,0.06666666666666667,0.049317124049935504,0.41633987,False,0.0702742850407958
1182,AGGTACACTGTCGA-1,4-5,0.13333333333333333,0.09863164787670416,0.15694414,False,0.06991962343454361
10886,GTCATACTGACAAA-1,8-9,0.26666666666666666,0.21361971002118077,0.52824455,False,0.0702824192121625
5369,TCATCCCTTCCAAG-1,4-5,0.13333333333333333,0.11210577530706682,0.33950934,False,0.06982378009706736
9865,GAGCAACTGCTACA-1,8-9,0.13333333333333333,0.09894873014051422,0.18055195,False,0.0703294612467289
534,ACCACCTGGCTGTA-1,4-5,0.06666666666666667,0.07347739090382172,0.110233754,False,0.06964921951293945
10851,GTATCACTTTAGGC-1-1,8-9,0.06666666666666667,0.07347739090382172,0.092289835,False,0.07013658341020346
4649,GTGGAGGACCGTAA-1,4-5,0.0,0.0,0.27741802,True,0.07044198270887136
6944,ACGCCGGATGTCGA-1,8-9,0.0,0.0,0.3254659,True,0.06989023834466934
3068,CTCGAAGATCAGGT-1,4-5,0.0,0.0,0.35634074,True,0.06933447625488043
8972,CGAGGAGATGCCTC-1,8-9,0.3333333333333333,0.3501202843519264,0.24181381,False,0.07002919726073742
3903,GCCACTACAGCTCA-1,4-5,0.0,0.0,0.5735154,True,0.06968329474329948
7746,ATATGCCTCTTATC-1,8-9,0.06666666666666667,0.07347739090382172,0.23620324,False,0.07049728278070688
816,ACTGGCCTTGCCAA-1,4-5,0.06666666666666667,0.07347739090382172,0.08922618,False,0.07046745531260967
10023,GATCCGCTCGACAT-1,8-9,0.13333333333333333,0.21326152284825595,0.27458876,False,0.07000597566366196
1284,AGTGCAACAGTCAC-1,4-5,0.26666666666666666,0.3483144971737123,0.124318585,False,0.07026127725839615
8880,CCTGAGCTAACGAA-1,8-9,0.06666666666666667,0.17060921827860476,0.07873343,False,0.06983816996216774
76,AAATGGGAAATGCC-1,4-5,0.0,0.0,0.30316058,True,0.07059631496667862
9440,CTCGACTGTGACTG-1,8-9,0.06666666666666667,0.053821216022769555,0.8667127,False,0.07047918532043695
5474,TCGACGCTTTTGTC-1,4-5,0.06666666666666667,0.043668798524938345,0.085980445,False,0.06994051951915026
6618,AATCAAACACGGTT-1,8-9,0.0,0.0,0.2855474,True,0.07052594237029552
1268,AGTCGAACTCTATC-1,4-5,0.0,0.0,0.20290521,True,0.07056045811623335
12066,TGGACCCTCCGCTT-1,8-9,0.06666666666666667,0.17060921827860476,0.13433482,False,0.06981650460511446
3577,GAGGGCCTAGCATC-1,4-5,0.2,0.26955794841911895,0.036156535,False,0.06999111361801624
12276,TTAGTCTGCTGCAA-1,8-9,0.0,0.0,0.16571349,True,0.07035169191658497
551,ACCAGTGATTCTCA-1,4-5,0.06666666666666667,0.06077222973772036,0.40203947,False,0.07050209864974022
10064,GATTCGGATTATCC-1,8-9,0.06666666666666667,0.05135849223864361,0.41414994,False,0.07019841391593218
3541,GAGCGAGATTTGGG-1,4-5,0.0,0.0,0.17921981,True,0.07006606366485357
8285,CACGGGACTCAAGC-1,8-9,0.06666666666666667,0.053821216022769555,0.6174233,False,0.07036895956844091
987,AGATTAACACAGTC-1,4-5,0.0,0.0,0.31932592,True,0.06985334865748882
7166,AGAATTTGCCTCAC-1,8-9,0.13333333333333333,0.15900092428418272,0.29705483,False,0.07014642842113972
4493,GTAGTGACTCAAGC-1,4-5,0.06666666666666667,0.053821216022769555,0.08970234,False,0.06967333890497684
8816,CCGCTATGGCGAGA-1,8-9,0.06666666666666667,0.043668798524938345,0.36676708,False,0.06982223875820637
3442,GACGAGGAAGCTAC-1,4-5,0.06666666666666667,0.05686973942620158,0.15394782,False,0.06971169728785753
9357,CTATGACTGTCATG-1,8-9,0.13333333333333333,0.10053853795113993,0.013147399,False,0.07021945528686047
1471,ATCATGCTATGGTC-1,4-5,0.06666666666666667,0.0475902379018706,0.4221154,False,0.07026610244065523
7382,AGCTGCCTGCTCCT-1,8-9,0.06666666666666667,0.046105120275897894,0.3943842,False,0.07024961523711681
3977,GCGAAGGACGAGAG-1,4-5,0.13333333333333333,0.10836246763959095,0.36653095,False,0.07004180550575256
11858,TGAAATTGACCCTC-1,8-9,0.3333333333333333,0.38422892829978555,0.7078372,False,0.06971740256994963
2858,CGTCCATGGGTGGA-1,4-5,0.0,0.0,0.054227635,True,0.07030642777681351
8658,CCAGCTACACAGCT-1,8-9,0.0,0.0,0.044614684,True,0.07035624049603939
2102,CAGATGACACCATG-1,4-5,0.2,0.1609401273274075,0.074501194,False,0.0703075286000967
8083,CAAACTCTAGGTTC-1,8-9,0.0,0.0,0.400088,True,0.07051005680114031
4459,GTAGACTGGGATTC-1,4-5,0.0,0.0,0.014814936,True,0.07032532151788473
11353,TAGCCCACGCCTTC-1,8-9,0.06666666666666667,0.053821216022769555,0.048979893,False,0.0703508434817195
1718,ATTCGGGAGATGAA-1,4-5,0.06666666666666667,0.043668798524938345,0.38388395,False,0.07048921007663012
10666,GGGATTACTTCAGG-1,8-9,0.06666666666666667,0.07347739090382172,0.030695064,False,0.07008018251508474
1283,AGTGACTGGTGTTG-1-1,4-5,0.13333333333333333,0.1303471303300233,0.21304838,False,0.07014423422515392
12212,TGTTACTGTTGCTT-1,8-9,0.3333333333333333,0.3632516629636038,0.10413596,False,0.06993841845542192
5080,TAGGTCGACCTTAT-1,4-5,0.0,0.0,0.24708322,True,0.07058457564562559
7893,ATGCAGACAGAGTA-1,8-9,0.06666666666666667,0.043668798524938345,0.5734734,False,0.07034711074084044
829,ACTTCCCTACGGGA-1,4-5,0.13333333333333333,0.27825165032414384,0.085961625,False,0.06987916771322489
9574,CTTCTAGACCGCTT-1,8-9,0.2,0.17038475285562782,0.25610778,False,0.07039586082100868
3996,GCGCACGAGTATGC-1,4-5,0.13333333333333333,0.21819945618047537,0.5033505,False,0.06946405209600925
6766,ACAGTGTGACCACA-1,8-9,0.0,0.0,0.63283104,True,0.0702814357355237
4215,GGATTGTGTGAAGA-1,4-5,0.06666666666666667,0.0475902379018706,0.2697649,False,0.07022884767502546
8095,CAAATTGAACCCAA-1,8-9,0.06666666666666667,0.08530460913930238,0.10086462,False,0.06987311411648989
3161,CTGGAAACCCAGTA-1,4-5,0.06666666666666667,0.06077222973772036,0.008461088,False,0.07010592333972454
12394,TTCTCAGATCCCAC-1,8-9,0.0,0.0,0.22607312,True,0.07031495496630669
4263,GGCGGACTCAAGCT-1,4-5,0.0,0.0,0.077342026,True,0.07009148970246315
10447,GGAAGGTGACGGAG-1,8-9,0.13333333333333333,0.2313814480163251,0.29473373,False,0.07015609834343195
4425,GTAATATGGCGAGA-1,4-5,0.0,0.0,0.4522245,True,0.07028613239526749
12121,TGGTCAGAGAGCTT-1,8-9,0.3333333333333333,0.2862381070597953,0.28885263,False,0.07000678405165672
5240,TATGTCACGCCCTT-1,4-5,0.06666666666666667,0.17060921827860476,0.4411594,False,0.07008018251508474
10011,GATATTGAGGTGAG-1,8-9,0.0,0.0,0.24155606,True,0.06978269200772047
6144,TTGAATGAAGCCTA-1,4-5,0.06666666666666667,0.043668798524938345,0.074573144,False,0.06915408093482256
9873,GAGCATACTATCGG-1,8-9,0.06666666666666667,0.10764243204553911,0.18654075,False,0.0698057347908616
2153,CAGGTAACGCTACA-1,4-5,0.0,0.0,0.024287514,True,0.06979791913181543
6459,AACTCGGACTCCCA-1,8-9,0.06666666666666667,0.17060921827860476,0.747903,False,0.06949676759541035
5570,TCTCCACTGTTGTG-1,4-5,0.6,0.6908572194800755,0.055054277,False,0.06978690251708031
6274,AAACTTGATATCGG-1-1,8-9,0.13333333333333333,0.10445997732807218,0.34932572,False,0.06935218721628189
4614,GTGACCCTTTCCGC-1,4-5,0.06666666666666667,0.05135849223864361,0.8680364,False,0.07007007300853729
8545,CATGTTTGGTTAGC-1,8-9,0.0,0.0,0.47147828,True,0.06977626122534275
4053,GCTACGCTAAGCAA-1,4-5,0.2,0.14579064464235625,0.38518625,False,0.07012625318020582
11088,GTTGTACTGGGTGA-1,8-9,0.06666666666666667,0.10764243204553911,0.06491338,False,0.07068831566721201
6205,TTTAGCTGGCAGAG-1,4-5,0.13333333333333333,0.10445997732807218,0.36271083,False,0.07017563935369253
11700,TCCCATCTTGCAAC-1,8-9,0.0,0.0,0.21814811,True,0.07029051054269075
1223,AGTAATTGAAGTAG-1,4-5,0.3333333333333333,0.3452390249368764,0.32997176,False,0.07023479137569666
6357,AACACGTGAGAAGT-1,8-9,0.4,0.45558741689472254,0.5134269,False,0.07005389034748077
3498,GACTGATGACGTGT-1,4-5,0.06666666666666667,0.07347739090382172,0.05121814,False,0.06981342285871506
6496,AAGCAAGAAGGGTG-1,8-9,0.06666666666666667,0.17060921827860476,0.02926375,False,0.06996357720345259
3976,GCCTGACTTCTCGC-1,4-5,0.0,0.0,0.30262613,True,0.07012602128088474
8002,ATTCCATGTCATTC-1,8-9,0.13333333333333333,0.1645121714717407,0.1746501,False,0.07031815312802792
6095,TTCCAAACGAGACG-1,4-5,0.0,0.0,0.18453056,True,0.07038336899131536
9020,CGCAGGACACCGAT-1,8-9,0.0,0.0,0.7838399,True,0.07012306805700064
5376,TCATTCGAAGCCTA-1,4-5,0.13333333333333333,0.1645121714717407,0.36857384,False,0.0701038921251893
7508,AGGTTGTGACGGAG-1,8-9,0.06666666666666667,0.06077222973772036,0.40332657,False,0.0705299898982048
2073,CACTTAACTGGGAG-1,4-5,0.2,0.200250275672711,0.4457885,False,0.07005689106881618
8330,CACTGCTGCAGAAA-1,8-9,0.2,0.1777052788951076,0.16565627,False,0.07002511341124773
3008,CTATCCCTGTTCTT-1,4-5,0.0,0.0,0.32656905,True,0.0703750429674983
10700,GGGTTAACATTTCC-1,8-9,0.0,0.0,0.02518139,True,0.06996330805122852
3778,GCAATCGACCCTTG-1,4-5,0.13333333333333333,0.14217434856550396,0.67659986,False,0.07018180284649134
11542,TATGGTCTTGCAAC-1,8-9,0.2,0.2680728307931463,0.5344002,False,0.06962540466338396
1680,ATTACCTGAGGAGC-1,4-5,0.06666666666666667,0.06600065503116892,0.23467268,False,0.07011906057596207
9154,CGGTACCTAGCTCA-1,8-9,0.13333333333333333,0.08977391880083624,0.14292994,False,0.07049803156405687
672,ACGCCGGAGCGTTA-1,4-5,0.13333333333333333,0.09502729076358196,0.06535075,False,0.07037265878170729
12010,TGCCAAGACTTCGC-1,8-9,0.0,0.0,0.15834981,True,0.07022606302052736
64,AAATCATGCATTCT-1,4-5,0.06666666666666667,0.0475902379018706,0.12027458,False,0.06931519601494074
10581,GGCATATGAAGGGC-1,8-9,0.13333333333333333,0.0924006697558052,0.035196915,False,0.06935222074389458
4796,TAACATGACGTACA-1-1,4-5,0.06666666666666667,0.10764243204553911,0.45814288,False,0.0705172661691904
7962,ATGTTGCTTGAGGG-1,8-9,0.2,0.19612166242441204,0.14383693,False,0.07052627019584179
3339,GAAGCTTGTCTGGA-1,4-5,0.26666666666666666,0.2879971729629791,0.30945385,False,0.07027861196547747
12230,TTACCATGGACGAG-1,8-9,0.0,0.0,0.15922672,True,0.0702000092715025
4330,GGGCCATGAAGGGC-1,4-5,0.0,0.0,0.059261948,True,0.07006268668919802
9951,GAGTCTGATGTGAC-1,8-9,0.2,0.18213035050464182,0.3861963,False,0.07025892566889524
1659,ATGTTCACTATTCC-1,4-5,0.2,0.24676825720761103,0.06657148,False,0.07046611234545708
6840,ACCCACTGTTGCAG-1,8-9,0.13333333333333333,0.1645121714717407,0.15601927,False,0.07035391964018345
5689,TGATTAGACTCTTA-1,4-5,0.0,0.0,0.4241477,True,0.06980209983885288
6867,ACCTATTGATTCTC-1,8-9,0.13333333333333333,0.23660987330977368,0.13504262,False,0.07006545178592205
3288,GAAATACTGTGTAC-1,4-5,0.06666666666666667,0.046105120275897894,0.035538163,False,0.06990297976881266
9660,GAACTGTGAGGCGA-1,8-9,0.06666666666666667,0.07347739090382172,0.5854081,False,0.07031097821891308
4895,TACCGCTGGTCTAG-1,4-5,0.0,0.0,0.63261294,True,0.0699334042146802
6896,ACGAAGCTCCTTAT-1,8-9,0.0,0.0,0.29440007,True,0.06980838999152184
5345,TCAGTGGAAGCATC-1,4-5,0.2,0.27228938955874094,0.114944324,False,0.06987989135086536
6658,AATGCGTGCTTGGA-1,8-9,0.2,0.14128395244635536,0.029925853,False,0.06996412016451359
2723,CGCATAGAACAGTC-1,4-5,0.2,0.3275687743740794,0.24585055,False,0.06960348039865494
9713,GAATGCTGACGCTA-1,8-9,0.26666666666666666,0.34337656384149295,0.7470576,False,0.06977150682359934
1388,ATACGTCTCGTACA-1,4-5,0.0,0.0,0.08121927,True,0.07003985065966845
7342,AGCGATTGGTCTAG-1,8-9,0.2,0.29043108933254325,0.114547916,False,0.06999375484883785
2460,CCCTACGACCACCT-1,4-5,0.06666666666666667,0.043668798524938345,0.057580363,False,0.06999311596155167
7472,AGGGTTTGCTGACA-1,8-9,0.13333333333333333,0.23660987330977368,0.7848714,False,0.07038071751594543
2469,CCCTGAACACCTCC-1,4-5,0.13333333333333333,0.10141145392464015,0.37883335,False,0.06992519926279783
8093,CAAATATGTCAAGC-1,8-9,0.13333333333333333,0.1552326699474097,0.3082567,False,0.07012217864394188
2887,CGTTAGGACCTTGC-1,4-5,0.2,0.1996118606651258,0.014017388,False,0.07015218771994114
7779,ATCCAGGACAGATC-1,8-9,0.13333333333333333,0.10618686347613708,0.6702781,False,0.07015498355031013
3672,GATCCCTGACCATG-1,4-5,0.0,0.0,0.24604926,True,0.07003473583608866
9964,GAGTTGTGAGATCC-1,8-9,0.0,0.0,0.46907985,True,0.07022159360349178
2773,CGGACCGATTACTC-1,4-5,0.06666666666666667,0.043668798524938345,0.40070224,False,0.07023409847170115
8714,CCCAAAGAGTTCTT-1,8-9,0.2,0.18183985854341267,0.19751383,False,0.0701152253895998
827,ACTTCAACTCAGAC-1,4-5,0.13333333333333333,0.09502729076358196,0.12275904,False,0.07013853546231985
7692,ATACGTCTCCTTAT-1,8-9,0.06666666666666667,0.17060921827860476,0.0014915578,False,0.07000973634421825
1000,AGCAAGCTATACCG-1,4-5,0.0,0.0,0.012984777,True,0.07017803099006414
12482,TTGTAGCTGGTGGA-1,8-9,0.13333333333333333,0.27825165032414384,0.89645195,False,0.0700888093560934
1909,CAAGTCGAGCAGTT-1,4-5,0.13333333333333333,0.13912582516207192,0.25360057,False,0.07027206942439079
10485,GGACCGTGCTAGCA-1,8-9,0.06666666666666667,0.046105120275897894,0.14391592,False,0.06989175919443369
5492,TCGATTTGTGTCCC-1,4-5,0.13333333333333333,0.0974900145477079,0.1872152,False,0.06997236423194408
12467,TTGGGAACTTGAGC-1,8-9,0.26666666666666666,0.3300130958930293,0.03719117,False,0.07013760413974524
5483,TCGAGCCTGATAGA-1,4-5,0.13333333333333333,0.10618686347613708,0.41747403,False,0.07010556012392044
9690,GAAGTAGAACCTGA-1-1,8-9,0.06666666666666667,0.06077222973772036,0.21902804,False,0.06992014870047569
4791,TAACACCTTGCTTT-1,4-5,0.06666666666666667,0.10764243204553911,0.4869796,False,0.06993412412703037
8374,CAGATCGATCGTTT-1,8-9,0.26666666666666666,0.21311293692889227,0.19297302,False,0.07030698098242283
601,ACCTCCGACCGTAA-1,4-5,0.0,0.0,0.069567725,True,0.0699651837348938
9639,GAACACACTAGACC-1-1,8-9,0.3333333333333333,0.35511662030858865,0.10883117,False,0.07001515384763479
2603,CGAAGTACGCAAGG-1,4-5,0.06666666666666667,0.049317124049935504,0.19399527,False,0.06999176554381847
8075,ATTTCGTGATTGGC-1-1,8-9,0.06666666666666667,0.043668798524938345,0.09395982,False,0.0697961077094078
4947,TACGTACTTGCCAA-1,4-5,0.0,0.0,0.16189066,True,0.07011644076555967
12221,TTACAGCTAGAACA-1,8-9,0.0,0.0,0.4269424,True,0.07025083433836699
708,ACGGGAGAACGTTG-1,4-5,0.13333333333333333,0.0954222443258334,0.06943955,False,0.07011060230433941
11491,TATCACTGTTCCAT-1,8-9,0.06666666666666667,0.10764243204553911,1.1770272,False,0.06971353758126497
4578,GTCGAATGCAGGAG-1,4-5,0.0,0.0,0.19267373,True,0.07037767581641674
6510,AAGCCATGTTCATC-1,8-9,0.06666666666666667,0.05135849223864361,0.027152263,False,0.06927667744457722
3876,GCATGTGAACTGTG-1,4-5,0.0,0.0,0.16760221,True,0.06975418981164694
11754,TCGACGCTCGTGTA-1,8-9,0.4,0.4439986052100556,0.19669099,False,0.06999470107257366
2450,CCCGATTGCCTTAT-1,4-5,0.06666666666666667,0.046105120275897894,0.2938844,False,0.0701411571353674
11350,TAGCATCTGCCAAT-1,8-9,0.13333333333333333,0.11459344576048992,0.2893061,False,0.06966825015842915
1250,AGTATAACGTATCG-1,4-5,0.13333333333333333,0.22747895770480633,0.27580646,False,0.07009234465658665
6564,AAGTAGGAGTTACG-1,8-9,0.13333333333333333,0.21541965013253936,0.12310165,False,0.0697614336386323
605,ACCTGAGAGCAGAG-1,4-5,0.0,0.0,0.43554646,True,0.06979354098439217
10806,GTAGCAACAAGATG-1,8-9,0.3333333333333333,0.284873120869955,0.5708226,False,0.07018446177244186
3803,GCACCTACAGTGTC-1,4-5,0.4,0.34895087881331327,0.6304921,False,0.07048246450722218
8965,CGAGCCGAGCAGTT-1,8-9,0.0,0.0,0.090486914,True,0.07020540069788694
5986,TTAGAATGCGGTAT-1,4-5,0.13333333333333333,0.1228703944573705,0.217738,False,0.06953099276870489
10301,GCGAGAGAGTTGCA-1,8-9,0.3333333333333333,0.27964469557650645,0.05973747,False,0.06986893154680729
4734,GTTCAACTTAGTCG-1,4-5,0.06666666666666667,0.10764243204553911,0.10383993,False,0.06999383680522442
11182,TAATCCACGTTTGG-1,8-9,0.13333333333333333,0.21671433855450267,0.010678597,False,0.07012093812227249
5406,TCCCAGACACGCTA-1,4-5,0.06666666666666667,0.06600065503116892,0.13726167,False,0.07035978697240353
9680,GAAGCTTGACGTTG-1,8-9,0.13333333333333333,0.24408660918242647,0.3599937,False,0.07031971774995327
3674,GATCCCTGCAGGAG-1,4-5,0.0,0.0,0.07324121,True,0.07015638705343008
10032,GATCGTGACTTCCG-1,8-9,0.06666666666666667,0.046105120275897894,0.34389275,False,0.07009437866508961
4014,GCGGACTGGGTAGG-1,4-5,0.2,0.16142289935700233,0.18465719,False,0.06947222538292408
6960,ACGCTGCTCAGCTA-1,8-9,0.06666666666666667,0.17060921827860476,0.5701064,False,0.06996882054954767
4358,GGTACAACGATACC-1,4-5,0.06666666666666667,0.10764243204553911,0.21132094,False,0.07022020220756531
9869,GAGCATACACTTTC-1-1,8-9,0.0,0.0,0.36826512,True,0.06984185334295034
5664,TGAGGACTACCAGT-1,4-5,0.0,0.0,0.5477048,True,0.07030081935226917
11704,TCCCGAACTAAGGA-1-1,8-9,0.2,0.23441531681442837,0.18506044,False,0.07031956594437361
5162,TATACCACTCATTC-1,4-5,0.2,0.21207749390819167,0.46337438,False,0.07028323877602816
8153,CAAGGACTTTACCT-1,8-9,0.0,0.0,0.26878992,True,0.07004480622708797
146,AACCTTTGATGACC-1,4-5,0.0,0.0,0.39257675,True,0.07019239943474531
9355,CTATCCCTTCTAGG-1,8-9,0.13333333333333333,0.1044410282626587,0.4988452,False,0.06989607308059931
4528,GTCAACGATCCCGT-1,4-5,0.13333333333333333,0.10297485970209948,0.51219416,False,0.06932070106267929
12275,TTAGTCTGAAGATG-1,8-9,0.06666666666666667,0.06600065503116892,0.2502091,False,0.06975533626973629
285,AAGGTGCTTGTTTC-1,4-5,0.06666666666666667,0.04265230456965119,0.38158983,False,0.07021701894700527
6589,AAGTTATGGCGAAG-1,8-9,0.13333333333333333,0.0969073619518061,0.26544887,False,0.07015837915241718
6213,TTTATCCTCCTTGC-1,4-5,0.06666666666666667,0.046105120275897894,0.008308165,False,0.07036385964602232
7999,ATTCCATGCGCAAT-1,8-9,0.2,0.15828119335084176,0.25759423,False,0.07012287061661482
5213,TATGAATGAACTGC-1,4-5,0.26666666666666666,0.2621392643568878,0.19100493,False,0.07043091300874949
11272,TACGGAACCTGGAT-1,8-9,0.26666666666666666,0.23738796071424714,0.12639418,False,0.07021409273147583
4631,GTGCAAACACGTGT-1,4-5,0.06666666666666667,0.04265230456965119,0.18376744,False,0.07011066190898418
7054,ACTCAGGAATGTGC-1,8-9,0.06666666666666667,0.07347739090382172,0.23856223,False,0.06951979827135801
741,ACGTCGCTTATTCC-1,4-5,0.06666666666666667,0.05686973942620158,0.28060967,False,0.07020923867821693
9931,GAGTAAGAACCAAC-1,8-9,0.2,0.17406203398485148,0.27060273,False,0.06966143753379583
1019,AGCATTCTGCGAGA-1,4-5,0.13333333333333333,0.10618686347613708,0.010887943,False,0.06956383865326643
6913,ACGAGTACAAAGTG-1,8-9,0.0,0.0,0.14554693,True,0.07006374932825565
4785,TAACAATGTACTTC-1,4-5,0.26666666666666666,0.37123160649901155,0.31212908,False,0.06964113190770149
8939,CGACCTTGTGACAC-1,8-9,0.2,0.1453489698050745,0.39426547,False,0.06963546480983496
2126,CAGCTCACACACAC-1,4-5,0.26666666666666666,0.315817435642212,0.43894863,False,0.06980585679411888
11324,TAGAATACAATCGC-1,8-9,0.0,0.0,0.3698955,True,0.06979268696159124
5424,TCCCTACTACAGCT-1,4-5,0.0,0.0,0.5428554,True,0.0699548376724124
11938,TGAGGACTCTGTTT-1,8-9,0.06666666666666667,0.046105120275897894,0.327533,False,0.07005919888615608
441,ACAATTGAAGTCAC-1,4-5,0.0,0.0,0.011045517,True,0.07040099799633026
8552,CATTAGCTAGTCTG-1,8-9,0.3333333333333333,0.24386645880937022,0.06389709,False,0.07053890731185675
4203,GGATACTGTGTTCT-1,4-5,0.06666666666666667,0.046105120275897894,0.055270907,False,0.06983581092208624
11127,TAACATGAGGTTCA-1,8-9,0.0,0.0,0.4296397,True,0.06972604990005493
5796,TGGAACACGCTGAT-1,4-5,0.0,0.0,0.24406646,True,0.07040621247142553
6877,ACCTCCGATCCAGA-1,8-9,0.2,0.18033189990288434,0.14427918,False,0.07018864806741476
6220,TTTATCCTTCAGTG-1,4-5,0.13333333333333333,0.11069095544897115,0.18707961,False,0.06993838958442211
6968,ACGGAGGACATTTC-1,8-9,0.06666666666666667,0.08530460913930238,0.34384993,False,0.06981826387345791
364,AATCTCACTGAGCT-1,4-5,0.2,0.1385057900317031,0.16861394,False,0.069888049736619
9294,CTACTCCTGATAAG-1,8-9,0.2,0.17401592885496164,0.19500405,False,0.07028812263160944
5905,TGTAGTCTGGTACT-1,4-5,0.0,0.0,0.52703017,True,0.0700001185759902
9633,GAAAGCCTTAGAGA-1,8-9,0.0,0.0,0.2267887,True,0.07012076769024134
5223,TATGGGACCAATCG-1,4-5,0.0,0.0,0.5689664,True,0.06950078066438437
7217,AGAGATGAGTTGAC-1,8-9,0.06666666666666667,0.17060921827860476,0.005471036,False,0.0702379085123539
632,ACGACCCTTCATTC-1,4-5,0.06666666666666667,0.06077222973772036,0.17933984,False,0.07028318755328655
8875,CCTCTACTGCAAGG-1,8-9,0.2,0.13391134099646013,0.09068239,False,0.07005291618406773
4776,TAAATCGACTGATG-1,4-5,0.0,0.0,0.13523915,True,0.06989881582558155
11296,TACTACTGCACCAA-1,8-9,0.26666666666666666,0.3702210789437306,0.091198474,False,0.07003189902752638
5071,TAGGCTGAGAATAG-1,4-5,0.0,0.0,0.61179143,True,0.0699134599417448
10988,GTGCTAGAAGAGTA-1,8-9,0.5333333333333333,0.5592205833791842,0.19858515,False,0.0702728433534503
1080,AGCTCGCTAGTCTG-1,4-5,0.2,0.18416834635279286,0.25763735,False,0.07029272243380547
8496,CATCATACGTTTCT-1,8-9,0.06666666666666667,0.06600065503116892,0.15991187,False,0.06990114320069551
6229,TTTCCAGAGAGAGC-1,4-5,0.3333333333333333,0.4610198719779878,0.14646028,False,0.07019361853599548
9905,GAGGATCTTTTGTC-1,8-9,0.0,0.0,0.30409026,True,0.07005008403211832
2892,CGTTATACTCCTGC-1,4-5,0.13333333333333333,0.0936953581777685,0.14227526,False,0.06967431306838989
11731,TCCTAATGATCGGT-1,8-9,0.06666666666666667,0.053821216022769555,0.28871137,False,0.07053579669445753
6118,TTCGTATGAGCATC-1,4-5,0.06666666666666667,0.10764243204553911,0.7742708,False,0.07015971839427948
10521,GGAGCGCTTTCCGC-1,8-9,0.06666666666666667,0.04481043185393461,0.03921149,False,0.07017180509865284
3731,GATTCTACATCTCT-1,4-5,0.06666666666666667,0.10764243204553911,0.12846798,False,0.0705228429287672
7205,AGACTTCTTCTCTA-1,8-9,0.0,0.0,0.6905905,True,0.06989429891109467
620,ACGAACACTTCCGC-1,4-5,0.06666666666666667,0.053821216022769555,0.29386887,False,0.07036992814391851
11828,TCTCAAACGTCGTA-1,8-9,0.13333333333333333,0.1645121714717407,0.08559602,False,0.07062994875013828
4694,GTTACTACAAGGGC-1,4-5,0.06666666666666667,0.049317124049935504,0.3456614,False,0.06929320190101862
10514,GGAGCAGAGAGATA-1-1,8-9,0.06666666666666667,0.06600065503116892,0.026103284,False,0.07040850538760424
1408,ATAGCGTGGACAAA-1,4-5,0.26666666666666666,0.39783416150386347,0.03865793,False,0.07022865861654282
12490,TTGTCATGGGTGGA-1,8-9,0.0,0.0,0.14583741,True,0.0702448058873415
3736,GATTCTACGTTACG-1,4-5,0.13333333333333333,0.1552326699474097,0.14878182,False,0.07023949734866619
9982,GATACTCTGTGTCA-1,8-9,0.2,0.21061729174763857,0.2883021,False,0.06994365062564611
3709,GATGCAACGCTACA-1,4-5,0.0,0.0,0.3203839,True,0.07011857908219099
9373,CTATTGTGCATTCT-1,8-9,0.0,0.0,0.24170244,True,0.0700045945122838
3802,GCACCTACACTTTC-1,4-5,0.13333333333333333,0.12795691370895357,0.31978542,False,0.07010724302381277
10971,GTGATTCTTGCCAA-1,8-9,0.06666666666666667,0.04265230456965119,0.6579097,False,0.07012366317212582
4326,GGGCCAACATTCTC-1,4-5,0.13333333333333333,0.21671433855450267,0.9502674,False,0.07005130406469107
12206,TGTTACACAACGTC-1,8-9,0.0,0.0,0.12109731,True,0.07015678938478231
4500,GTAGTGTGCTAGTG-1,4-5,0.0,0.0,0.58502257,True,0.07053789589554071
8024,ATTGAATGCGTTGA-1,8-9,0.3333333333333333,0.38646553531084915,0.31188098,False,0.07001876272261143
3216,CTTAGACTTCACCC-1,4-5,0.06666666666666667,0.043668798524938345,0.1471971,False,0.07039966341108084
9311,CTAGGCCTCGGAGA-1,8-9,0.0,0.0,0.5682051,True,0.07005773298442364
1421,ATAGGCTGATTGGC-1,4-5,0.13333333333333333,0.11459344576048992,0.84964526,False,0.0698193721473217
10989,GTGCTAGAAGCTCA-1,8-9,0.0,0.0,0.39684162,True,0.07009285502135754
270,AAGGCTTGGATACC-1,4-5,0.2,0.21629539164635922,0.36070758,False,0.07068459689617157
9547,CTTACAACGATAGA-1,8-9,0.0,0.0,0.44362214,True,0.0702646654099226
4651,GTGGAGGATTTACC-1,4-5,0.2,0.33902388006186424,0.005143622,False,0.06961194984614849
8711,CCCAAAGACAGAAA-1,8-9,0.06666666666666667,0.05686973942620158,0.2171349,False,0.06984562799334526
1254,AGTATCCTTAGAGA-1,4-5,0.2,0.27053555457727224,0.032215014,False,0.07021019980311394
9125,CGGATAACTTCACT-1,8-9,0.6666666666666666,0.6551330876108195,0.22463241,False,0.07014908641576767
4842,TAAGGGCTTTCGTT-1,4-5,0.0,0.0,0.2762452,True,0.07022957876324654
9264,CTAAGGACACGCAT-1,8-9,0.06666666666666667,0.053821216022769555,0.09676565,False,0.07035359926521778
6206,TTTAGCTGGCCTTC-1,4-5,0.13333333333333333,0.24408660918242647,0.12088096,False,0.07042909041047096
12488,TTGTCATGCTTACT-1,8-9,0.3333333333333333,0.37298248272649054,0.64415395,False,0.07042232528328896
3640,GATACTCTGGAAGC-1,4-5,0.0,0.0,0.33708987,True,0.07023910339921713
9378,CTCAATTGTGCTCC-1,8-9,0.2,0.16850468166740368,0.4401949,False,0.0699996454641223
1187,AGGTCATGCACTTT-1,4-5,0.06666666666666667,0.05686973942620158,0.1408019,False,0.06975378096103668
10972,GTGCAAACACCAGT-1,8-9,0.26666666666666666,0.290410653699383,0.005694309,False,0.07049708161503077
4044,GCGTATGATCGCCT-1,4-5,0.0,0.0,0.3149466,True,0.06967372447252274
10979,GTGCCACTATTTCC-1,8-9,0.2,0.16391056981042543,0.5537635,False,0.07019106764346361
2585,CCTTCACTATGCCA-1,4-5,0.13333333333333333,0.24408660918242647,0.32379806,False,0.07027626130729914
8317,CACTCCGATACAGC-1,8-9,0.0,0.0,0.21147269,True,0.07002225890755653
2387,CCATAGGACCGATA-1,4-5,0.2,0.21451978205915737,0.06409446,False,0.06974365655332804
7968,ATTAAGACGACACT-1,8-9,0.4,0.3115052249313776,0.62609726,False,0.07030295580625534
1450,ATCAACCTGAAGGC-1,4-5,0.0,0.0,0.48654518,True,0.06951339077204466
7524,AGTACTCTTTTGGG-1,8-9,0.0,0.0,0.66650283,True,0.06973438058048487
407,AATTACGACAGAAA-1,4-5,0.0,0.0,0.53693616,True,0.07038135826587677
10256,GCCGACGACCAACA-1,8-9,0.06666666666666667,0.053821216022769555,0.26232636,False,0.06991566345095634
5641,TGACTGGACACTTT-1,4-5,0.3333333333333333,0.355130724847202,0.2581144,False,0.07013801299035549
8504,CATCCCGATGAACC-1,8-9,0.06666666666666667,0.06077222973772036,0.10486465,False,0.07036365382373333
821,ACTGTTACTCGCCT-1,4-5,0.13333333333333333,0.12795691370895357,0.32133007,False,0.07023814506828785
10490,GGACCTCTTGTGCA-1,8-9,0.5333333333333333,0.5715668689350285,0.69336325,False,0.06976725719869137
1242,AGTAGGCTGGACGA-1,4-5,0.0,0.0,0.44941205,True,0.06951231136918068
8455,CAGTTTACGCTACA-1,8-9,0.26666666666666666,0.3039902174067313,0.043480825,False,0.07001480925828218
2706,CGCACGGACAAGCT-1,4-5,0.13333333333333333,0.11459344576048992,0.2569582,False,0.07048912160098553
11587,TCACATACGCGATT-1,8-9,0.0,0.0,0.14772284,True,0.0702903401106596
2036,CACGCTACTTGCAG-1,4-5,0.13333333333333333,0.1524528638994737,0.2359236,False,0.07007230818271637
6633,AATCCTACGTGCAT-1,8-9,0.06666666666666667,0.08530460913930238,0.32675105,False,0.07019922137260437
4705,GTTAGTCTACCGAT-1,4-5,0.0,0.0,0.41289684,True,0.07010954152792692
7740,ATATACGATGTAGC-1,8-9,0.13333333333333333,0.10865295960082011,0.29776546,False,0.06983462441712618
5193,TATCCTGATCGTTT-1,4-5,0.0,0.0,0.20284727,True,0.07020102255046368
8388,CAGCCTTGTACTTC-1,8-9,0.26666666666666666,0.36210069089404423,0.1984425,False,0.06994344387203455
4940,TACGGCCTTCTCTA-1,4-5,0.26666666666666666,0.1909181587601009,0.120640226,False,0.06975443102419376
6998,ACGTCAGACCCTCA-1,8-9,0.06666666666666667,0.05135849223864361,0.5546043,False,0.06956793181598186
6099,TTCCAAACTTCTGT-1,4-5,0.0,0.0,1.2210736,True,0.06991690397262573
6903,ACGACCCTACTCTT-1,8-9,0.4666666666666667,0.5870237904826158,0.2955144,False,0.06979116145521402
355,AATCGGTGGTATGC-1,4-5,0.26666666666666666,0.3594043882635309,0.5449089,False,0.0699403677135706
12119,TGGTCAGAATGACC-1,8-9,0.13333333333333333,0.23660987330977368,0.021381631,False,0.06958710867911577
1051,AGCGATACTCGACA-1,4-5,0.2,0.28130017372757593,0.27150995,False,0.07017747592180967
7825,ATCTACACTCGCCT-1,8-9,0.26666666666666666,0.3447622254710056,0.051434226,False,0.07016073819249868
4508,GTATCACTAGAAGT-1,4-5,0.06666666666666667,0.04481043185393461,0.22375338,False,0.07000418938696384
10674,GGGCACACGTGTTG-1,8-9,0.13333333333333333,0.25591382741790714,0.8061184,False,0.07005938701331615
5700,TGATTCTGCACTGA-1,4-5,0.06666666666666667,0.0475902379018706,0.049255375,False,0.07028081268072128
11678,TCCACTCTTTAGGC-1,8-9,0.06666666666666667,0.17060921827860476,0.20716646,False,0.07017750944942236
5543,TCTAACTGCTATGG-1,4-5,0.2,0.19639985689108821,0.24347794,False,0.07016464695334435
6577,AAGTCCGACGACTA-1,8-9,0.0,0.0,0.6952987,True,0.06988841202110052
5647,TGACTTACTGCCTC-1,4-5,0.13333333333333333,0.11459344576048992,0.24026267,False,0.0704659502953291
6712,ACAAGCACAGAATG-1,8-9,0.06666666666666667,0.17060921827860476,0.010592779,False,0.07023752480745316
4033,GCGTACCTGCATCA-1,4-5,0.0,0.0,0.10150626,True,0.0699944980442524
7331,AGCGAACTACCTCC-1,8-9,0.06666666666666667,0.07347739090382172,0.10034978,False,0.06996141001582146
5902,TGTAGTCTAGCTAC-1,4-5,0.13333333333333333,0.09091555212983252,0.30042857,False,0.07020397298038006
10814,GTAGCCCTAGAACA-1,8-9,0.0,0.0,0.13244267,True,0.07014002744108438
1854,CAACGTGACTCAGA-1,4-5,0.13333333333333333,0.12483588314246533,0.6048455,False,0.06992942560464144
10601,GGCCGAACTCTTTG-1,8-9,0.13333333333333333,0.10558266159165496,0.22800362,False,0.07008385471999645
673,ACGCCGGAGTTGAC-1,4-5,0.06666666666666667,0.053821216022769555,0.14547044,False,0.0704269902780652
10932,GTCTAACTCCAGTA-1,8-9,0.3333333333333333,0.34664252197638246,0.96905684,False,0.07036565244197845
3512,GAGAGGTGAACGTC-1,4-5,0.0,0.0,0.6275117,True,0.0697212964296341
9721,GAATGGCTAGAGAT-1,8-9,0.06666666666666667,0.05135849223864361,0.038062114,False,0.06949897389858961
66,AAATCATGGAGGCA-1,4-5,0.0,0.0,0.66669214,True,0.07003561686724424
10895,GTCCAAGACGAGTT-1,8-9,0.0,0.0,0.06932736,True,0.07045972906053066
2625,CGACCTACAAGTAG-1,4-5,0.0,0.0,0.046941526,True,0.07009942829608917
9529,CTGTGAGAATCTCT-1,8-9,0.0,0.0,0.32276204,True,0.0700225243344903
3318,GAAGAATGAACTGC-1,4-5,0.06666666666666667,0.06600065503116892,0.35115355,False,0.07029683794826269
9356,CTATGACTAGATCC-1,8-9,0.06666666666666667,0.046105120275897894,0.0673694,False,0.07013100292533636
5967,TTACAGCTTGTGGT-1,4-5,0.13333333333333333,0.0974900145477079,0.33304992,False,0.06996844336390495
6782,ACATCACTAAGTGA-1,8-9,0.3333333333333333,0.26312801730643565,0.7834409,False,0.07002208847552538
2489,CCGACTACTGAACC-1,4-5,0.13333333333333333,0.11459344576048992,0.107203946,False,0.0700113708153367
10488,GGACCTCTTGCCTC-1,8-9,0.0,0.0,0.18734738,True,0.07052216399461031
6090,TTCATTCTGCTACA-1,4-5,0.0,0.0,0.5912963,True,0.0700683519244194
12137,TGTAATGAAAAAGC-1,8-9,0.06666666666666667,0.053821216022769555,0.23721959,False,0.07019784208387136
4040,GCGTATGAATCACG-1,4-5,0.26666666666666666,0.26765388388500283,0.071766794,False,0.07005441188812256
8978,CGAGGGCTGCGTTA-1,8-9,0.0,0.0,0.28019515,True,0.07037722039967775
293,AAGTCCGAGTATGC-1,4-5,0.06666666666666667,0.043668798524938345,0.28226942,False,0.07029726915061474
11532,TATGCGGAGGAGGT-1,8-9,0.0,0.0,0.3427763,True,0.06998716108500957
4102,GCTTGAGATTTACC-1,4-5,0.13333333333333333,0.10687735001361826,0.18711779,False,0.06981947552412748
7135,ACTTTGTGCGTCTC-1,8-9,0.4,0.39039294108778755,0.42485148,False,0.07019717898219824
2917,CTAACTACCTGAGT-1,4-5,0.06666666666666667,0.05135849223864361,0.34702107,False,0.07011981774121523
7747,ATATGCCTGTATCG-1-1,8-9,0.26666666666666666,0.2595334958353165,0.4992655,False,0.07022575195878744
871,AGAACGCTTGTTTC-1,4-5,0.4666666666666667,0.43203809044271485,0.26286417,False,0.07034499105066061
12338,TTCATGACCTTGTT-1,8-9,0.06666666666666667,0.043668798524938345,0.43184137,False,0.07025346625596285
1144,AGGCAGGAGGGTGA-1,4-5,0.0,0.0,0.077321604,True,0.070285240188241
6371,AACATATGTACTTC-1,8-9,0.13333333333333333,0.11531777908110442,0.35701072,False,0.07058868184685707
5066,TAGGCATGTTACCT-1,4-5,0.13333333333333333,0.11459344576048992,0.034939304,False,0.0700807087123394
10094,GCAACCCTGCGGAA-1,8-9,0.13333333333333333,0.11735914726981254,0.7341236,False,0.06971467565745115
4748,GTTGAGTGTGTTCT-1,4-5,0.0,0.0,0.3261483,True,0.07018083520233631
11449,TAGTTAGATTTCAC-1,8-9,0.2,0.28520266403909467,0.011649251,False,0.0700139170512557
2111,CAGCATGAGATACC-1,4-5,0.0,0.0,0.4027464,True,0.07046725414693356
12152,TGTAGGTGTACTTC-1,8-9,0.0,0.0,0.23397523,True,0.07020246051251888
3528,GAGCAGGAACGGGA-1,4-5,0.13333333333333333,0.1552326699474097,0.41035765,False,0.0699821338057518
11680,TCCAGAGACAAGCT-1,8-9,0.06666666666666667,0.06077222973772036,0.21494448,False,0.0702364044263959
635,ACGAGGGAAGAACA-1,4-5,0.0,0.0,0.3460651,True,0.07011228706687689
9606,CTTTCAGACGATAC-1,8-9,0.2,0.26642443208866323,0.5625846,False,0.07020906265825033
240,AAGCAAGAGTTCTT-1,4-5,0.06666666666666667,0.06600065503116892,0.23581803,False,0.06967474147677422
9276,CTACCTCTTACAGC-1,8-9,0.13333333333333333,0.132894847041173,0.36122447,False,0.06940062250941992
1177,AGGGTTTGGGACTT-1,4-5,0.0,0.0,0.06224306,True,0.07022957690060139
9676,GAAGCGGACTAAGC-1,8-9,0.13333333333333333,0.0924006697558052,0.27212036,False,0.0702497148886323
5507,TCGCACTGTTCATC-1,4-5,0.13333333333333333,0.17364308707670803,0.8722301,False,0.07022099010646343
12353,TTCCAAACACGGAG-1,8-9,0.06666666666666667,0.0475902379018706,0.8653784,False,0.07005539163947105
2045,CACTAACTTCACGA-1,4-5,0.13333333333333333,0.12106762880569233,0.0053735264,False,0.07019407488405704
7994,ATTCAGCTTACTGG-1,8-9,0.26666666666666666,0.27431870336528713,0.14853746,False,0.07010500598698854
5457,TCCTATGATCGTAG-1,4-5,0.13333333333333333,0.09616892409257823,0.15362504,False,0.07020841725170612
11916,TGACTTACCGCCTT-1,8-9,0.3333333333333333,0.3383795144073387,0.28696534,False,0.07021855656057596
1649,ATGTCGGAGGGATG-1-1,4-5,0.0,0.0,0.116769254,True,0.07035607285797596
10833,GTAGTCGATCTCCG-1,8-9,0.2,0.14230044640164252,0.33706856,False,0.07023986335843801
4351,GGGTTATGGTCCTC-1,4-5,0.13333333333333333,0.1929470411848415,0.23846774,False,0.07048741448670626
11244,TACGAGTGGCGTAT-1,8-9,0.13333333333333333,0.1195825111797196,0.012826988,False,0.07011705823242664
4680,GTGTGATGCTTGTT-1,4-5,0.0,0.0,0.46421534,True,0.07017812877893448
11761,TCGAGAACTCGCAA-1,8-9,0.06666666666666667,0.05135849223864361,0.11560805,False,0.0700983302667737
1734,ATTGATGATGACCA-1,4-5,0.0,0.0,0.21815349,True,0.07007535174489021
8784,CCCTCAGATCCGAA-1,8-9,0.0,0.0,0.35430086,True,0.07029615435749292
5350,TCAGTTACGAAACA-1,4-5,0.06666666666666667,0.08530460913930238,0.0028350726,False,0.06979196611791849
10724,GGTAGTACTTCCGC-1,8-9,0.06666666666666667,0.06077222973772036,0.011242986,False,0.07047440949827433
5097,TAGGTTCTTAGCGT-1,4-5,0.0,0.0,0.42688456,True,0.06975113321095705
10335,GCGCGATGGAAGGC-1,8-9,0.3333333333333333,0.32083144773073885,0.43939787,False,0.06953345332294703
396,AATGTAACCAAAGA-1,4-5,0.0,0.0,0.5190365,True,0.07033080793917179
8811,CCGCTATGACACGT-1,8-9,0.06666666666666667,0.053821216022769555,0.27529746,False,0.07053048629313707
529,ACCACAGATAACGC-1,4-5,0.13333333333333333,0.16841466178325945,0.03961123,False,0.07012891210615635
8200,CAATTCACACTCTT-1,8-9,0.3333333333333333,0.25646319782615135,0.25508198,False,0.0699690654873848
1949,CACAACGAAACGGG-1,4-5,0.06666666666666667,0.049317124049935504,0.08338401,False,0.07046541757881641
12214,TTAACCACTCTGGA-1,8-9,0.0,0.0,0.0048200823,True,0.07048908434808254
3389,GACACTGACTTATC-1,4-5,0.06666666666666667,0.05135849223864361,0.38886544,False,0.07001942675560713
8547,CATGTTTGTGGCAT-1,8-9,0.13333333333333333,0.10865295960082011,0.39152423,False,0.07032807357609272
3349,GAAGTAGAACGTAC-1,4-5,0.0,0.0,0.28827563,True,0.069931217469275
11580,TCAATCACAGATCC-1,8-9,0.0,0.0,0.24821159,True,0.06956375204026699
3547,GAGCGCACTAAGGA-1,4-5,0.0,0.0,0.6391097,True,0.0698563028126955
6466,AACTGTCTGCGAGA-1,8-9,0.26666666666666666,0.2185576433534002,0.46612206,False,0.06979464553296566
2784,CGGATATGCGGAGA-1,4-5,0.0,0.0,0.10358311,True,0.0701513709500432
10870,GTCAACGAAGCCTA-1,8-9,0.4666666666666667,0.4177218627812382,0.03296452,False,0.0702508045360446
464,ACACGAACCAGTTG-1,4-5,0.26666666666666666,0.3202456481114328,0.06773811,False,0.07042988110333681
6397,AACCGCCTTGGTCA-1,8-9,0.0,0.0,0.43188864,True,0.07027013134211302
1046,AGCGATACCCGTTC-1,4-5,0.06666666666666667,0.0475902379018706,0.33060962,False,0.07022347394376993
8072,ATTTCCGATCAAGC-1,8-9,0.06666666666666667,0.06600065503116892,0.25680554,False,0.07008692063391209
2535,CCTATAACCTGCTC-1,4-5,0.0,0.0,0.23234397,True,0.07005621027201414
7648,ATAACCCTACACCA-1,8-9,0.13333333333333333,0.08847923037887294,0.1566169,False,0.0702978540211916
640,ACGAGTACACTACG-1,4-5,0.0,0.0,1.2187268,True,0.06999466195702553
11690,TCCATCCTTGTGAC-1,8-9,0.0,0.0,0.29860556,True,0.07010229863226414
5453,TCCTAATGTTGAGC-1,4-5,0.13333333333333333,0.27825165032414384,0.13890353,False,0.07068665977567434
8293,CACTAACTGATGAA-1,8-9,0.06666666666666667,0.05135849223864361,0.28907916,False,0.06998115684837103
5407,TCCCAGACGCGTAT-1,4-5,0.0,0.0,0.26230055,True,0.07027815468609333
6655,AATGATACTGACCA-1,8-9,0.0,0.0,0.6827332,True,0.06998062692582607
3554,GAGCTCCTAGTACC-1,4-5,0.06666666666666667,0.0475902379018706,0.7020237,False,0.0700547844171524
10082,GATTTGCTGGTACT-1,8-9,0.2,0.19353284080414757,0.16156265,False,0.07016074564307928
1066,AGCGGCACTGGTGT-1-1,4-5,0.26666666666666666,0.26443850777040817,0.022812545,False,0.07025211490690708
12060,TGGAACTGGGACGA-1,8-9,0.5333333333333333,0.4764790099721205,0.09821194,False,0.0700956704095006
4665,GTGTAGTGAGAATG-1,4-5,0.13333333333333333,0.08977391880083624,0.29328293,False,0.0705238664522767
12000,TGCACGCTTAGTCG-1,8-9,0.13333333333333333,0.09863164787670416,0.23298755,False,0.0699142413213849
2212,CATATAGAAAGAAC-1,4-5,0.13333333333333333,0.18111982294936083,0.2840798,False,0.0699080228805542
9943,GAGTCAACACCATG-1,8-9,0.13333333333333333,0.08847923037887294,0.08247656,False,0.07026813644915819
5536,TCGTTATGGTTGCA-1-1,4-5,0.2,0.1350529743254564,0.1596478,False,0.07020601723343134
10152,GCAGATACGCTGTA-1,8-9,0.0,0.0,0.04925515,True,0.07045169081538916
3610,GAGTACACATCGTG-1,4-5,0.13333333333333333,0.15900092428418272,0.34989297,False,0.07016780972480774
8043,ATTGCTTGTTCACT-1,8-9,0.0,0.0,0.55000204,True,0.07036269083619118
3397,GACAGGGATATCGG-1,4-5,0.06666666666666667,0.08530460913930238,0.4327313,False,0.07050158269703388
6439,AACGTTCTAGCTCA-1,8-9,0.06666666666666667,0.08530460913930238,0.46524584,False,0.0701682111248374
1059,AGCGCCGATCTCTA-1,4-5,0.0,0.0,0.41679722,True,0.07016935758292675
10628,GGCTAATGCTAGCA-1,8-9,0.0,0.0,0.25893638,True,0.07029178831726313
2298,CATTTCGAGTTCAG-1,4-5,0.13333333333333333,0.2313814480163251,0.22440976,False,0.06972775515168905
11766,TCGATTTGAGATCC-1,8-9,0.0,0.0,0.22056,True,0.06997365411370993
4495,GTAGTGTGAACGGG-1,4-5,0.06666666666666667,0.05135849223864361,0.09103,False,0.0699274642392993
9354,CTATCCCTCTGATG-1,8-9,0.13333333333333333,0.10313834007270506,0.38739386,False,0.07024679891765118
4857,TAATGATGCTTGCC-1,4-5,0.06666666666666667,0.07347739090382172,0.10345133,False,0.0701145613566041
10891,GTCATACTTTGCAG-1,8-9,0.13333333333333333,0.27825165032414384,0.06431929,False,0.07027631718665361
1626,ATGGGTACCCGCTT-1,4-5,0.0,0.0,1.1417135,True,0.07015262823551893
6772,ACAGTTCTAGTGTC-1,8-9,0.4,0.3862245285368685,0.15740475,False,0.06975949183106422
4715,GTTATAGAATTTCC-1,4-5,0.13333333333333333,0.10865295960082011,0.58681244,False,0.07024390902370214
7357,AGCGGCTGCGCAAT-1,8-9,0.13333333333333333,0.27825165032414384,0.31908637,False,0.06992846075445414
4236,GGCCAGACAGACTC-1,4-5,0.26666666666666666,0.22600873453007558,0.32661146,False,0.06972303800284863
11870,TGAAGCACCTAAGC-1,8-9,0.26666666666666666,0.19553900982851025,0.70322716,False,0.07052503898739815
2164,CAGTCAGAAGTGTC-1,4-5,0.3333333333333333,0.24880439214158964,0.4328955,False,0.07037501409649849
10037,GATCTACTCTGAAC-1,8-9,0.13333333333333333,0.09298592257487384,0.63536435,False,0.07014227192848921
2224,CATCAGGACTTGTT-1,4-5,0.0,0.0,0.28818652,True,0.06967454496771097
12277,TTAGTCTGGCTTCC-1,8-9,0.0,0.0,0.09675242,True,0.06990042049437761
4942,TACGTACTCGGAGA-1,4-5,0.0,0.0,0.47601455,True,0.0697694793343544
8227,CACAGATGTGCTTT-1,8-9,0.13333333333333333,0.18111982294936083,0.07805765,False,0.06934279948472977
4925,TACGCGCTGCCAAT-1,4-5,0.06666666666666667,0.0475902379018706,0.054525793,False,0.06998628377914429
6767,ACAGTGTGAGGGTG-1,8-9,0.06666666666666667,0.0475902379018706,0.015942635,False,0.06988050695508718
6169,TTGCTAACCTTGGA-1,4-5,0.06666666666666667,0.043668798524938345,0.5197814,False,0.06959718279540539
12414,TTGAATGAGCTTAG-1,8-9,0.26666666666666666,0.26098569206416145,0.71864325,False,0.06952831707894802
5295,TCACCCGATCGTGA-1,4-5,0.0,0.0,0.22958697,True,0.06971943750977516
7394,AGCTTTACGCTGTA-1,8-9,0.0,0.0,0.4285798,True,0.07001595944166183
4261,GGCGCATGTATCTC-1,4-5,0.3333333333333333,0.32269256985354955,0.50237787,False,0.06982147227972746
7705,ATAGATTGCCTACC-1,8-9,0.13333333333333333,0.15900092428418272,0.32875466,False,0.06936447415500879
266,AAGGCTACGTTAGC-1,4-5,0.13333333333333333,0.10141145392464015,0.47243968,False,0.06942599266767502
7153,AGAACAGAATCTTC-1,8-9,0.0,0.0,0.21678776,True,0.06988711003214121
256,AAGCGACTTGGTAC-1,4-5,0.0,0.0,0.046025187,True,0.06959149055182934
8071,ATTTCCGATACTGG-1,8-9,0.06666666666666667,0.17060921827860476,0.41997153,False,0.06978837586939335
4410,GTAACGTGCTGACA-1,4-5,0.0,0.0,0.20900165,True,0.07020971365272999
9395,CTCAGGCTCACAAC-1,8-9,0.2,0.20659116218605333,0.13913189,False,0.06959180627018213
5168,TATAGATGGATAAG-1,4-5,0.2,0.22478862147429918,0.68190265,False,0.06984180770814419
9247,CTAAACCTAGGTTC-1,8-9,0.13333333333333333,0.12795691370895357,0.1930949,False,0.06954859010875225
4819,TAAGATTGATGGTC-1,4-5,0.0,0.0,0.4887573,True,0.06989970710128546
11868,TGAAGCACCGCTAA-1,8-9,0.26666666666666666,0.3140146699905338,0.7414054,False,0.06964778434485197
995,AGCAACACCTCGAA-1,4-5,0.13333333333333333,0.21992634232854028,0.14035623,False,0.06954962853342295
11318,TACTTGACGTTGGT-1-1,8-9,0.0,0.0,0.20563516,True,0.06948535144329071
503,ACAGTGTGGCTCCT-1,4-5,0.06666666666666667,0.049317124049935504,0.34916392,False,0.07001369632780552
9508,CTGGAAACGGTTTG-1,8-9,0.06666666666666667,0.053821216022769555,0.31808278,False,0.07046909909695387
2500,CCGCGAGATAAGGA-1,4-5,0.0,0.0,0.18584003,True,0.06982636172324419
9507,CTGGAAACGAATCC-1,8-9,0.13333333333333333,0.2313814480163251,0.0885177,False,0.06957943830639124
3309,GAACGGGATTTGTC-1,4-5,0.0,0.0,0.11187682,True,0.06961867678910494
10769,GTAATAACACGTAC-1,8-9,0.13333333333333333,0.1524528638994737,0.16300341,False,0.06937386654317379
2661,CGAGCCGACTGTGA-1,4-5,0.13333333333333333,0.11069095544897115,0.3193958,False,0.06969404686242342
11681,TCCAGAGACCACAA-1,8-9,0.2,0.26677814237118297,0.75499326,False,0.06997212301939726
141,AACCTTACGCGTAT-1,4-5,0.2,0.3097350434406767,0.10502719,False,0.06897915992885828
12397,TTCTGATGCAGATC-1,8-9,0.13333333333333333,0.1303471303300233,0.2576341,False,0.06962141022086143
174,AACGTTCTGCGGAA-1,4-5,0.13333333333333333,0.11081108688510354,0.11750596,False,0.06970976758748293
7309,AGCCGGACGAGAGC-1,8-9,0.06666666666666667,0.07347739090382172,0.30623266,False,0.06945358216762543
2924,CTAAGGTGCTTGTT-1,4-5,0.06666666666666667,0.05135849223864361,0.81514686,False,0.06910336948931217
12491,TTGTCATGGTACGT-1,8-9,0.0,0.0,0.5733799,True,0.06935959402471781
5898,TGTACTTGTTCATC-1,4-5,0.0,0.0,0.025449172,True,0.06938641145825386
11921,TGACTTACTCTGGA-1,8-9,0.0,0.0,0.2778842,True,0.06925873458385468
1756,ATTGCTACTTTACC-1,4-5,0.06666666666666667,0.04265230456965119,0.08503141,False,0.06954534910619259
8851,CCTACCGACTCGAA-1,8-9,0.06666666666666667,0.049317124049935504,0.26441932,False,0.07005017623305321
2248,CATGCCACTAACCG-1,4-5,0.0,0.0,0.34373364,True,0.06964419223368168
9523,CTGTAACTTCATTC-1,8-9,0.06666666666666667,0.05135849223864361,0.37842965,False,0.070177698507905
4523,GTATTCACGAACCT-1,4-5,0.2,0.2390521614607394,0.10758081,False,0.06970188952982426
6524,AAGCGACTTGTGGT-1,8-9,0.5333333333333333,0.592517732238044,0.31180534,False,0.06945074442774057
4150,GGACCGTGGTGAGG-1,4-5,0.06666666666666667,0.05686973942620158,0.10265172,False,0.06928516272455454
9576,CTTCTAGATCGCCT-1,8-9,0.4,0.4453007634221456,0.9405954,False,0.06947627384215593
1498,ATCGACGATGTAGC-1,4-5,0.26666666666666666,0.1998822216539056,0.04025459,False,0.06946010887622833
10008,GATATTGAAGTCGT-1,8-9,0.0,0.0,0.22517388,True,0.06983794644474983
1365,ATACCACTACCTAG-1,4-5,0.2,0.14883916804578826,0.42167604,False,0.06991639826446772
7612,AGTTCTTGTTTGTC-1,8-9,0.06666666666666667,0.07347739090382172,0.10680607,False,0.06951960269361734
1522,ATCGGAACCAGATC-1,4-5,0.2,0.1779184191664804,0.092358075,False,0.06918234005570412
12371,TTCGAGGACATTCT-1,8-9,0.0,0.0,0.30149537,True,0.06987851578742266
4615,GTGAGGGAACCTGA-1,4-5,0.06666666666666667,0.04481043185393461,0.040471032,False,0.0698564387857914
11751,TCGACCTGTTATCC-1,8-9,0.0,0.0,0.28855145,True,0.06935583241283894
5920,TGTATGCTGTTACG-1,4-5,0.4,0.3815846971991682,0.001554545,False,0.06976170372217894
11151,TAAGAGGATAAGCC-1,8-9,0.26666666666666666,0.3443930577967801,0.43276376,False,0.06939884182065725
4206,GGATAGCTTAGAGA-1,4-5,0.5333333333333333,0.5775525207817025,0.04110946,False,0.06922592502087355
7688,ATACGGACTAGAGA-1,8-9,0.4,0.3172413689237181,0.17043635,False,0.06900756992399693
4041,GCGTATGAGTTGGT-1,4-5,0.06666666666666667,0.07347739090382172,0.25326028,False,0.06904899794608355
12258,TTAGCTACTATGCG-1,8-9,0.0,0.0,0.2763506,True,0.06985923647880554
4166,GGAGACGATAAGCC-1,4-5,0.13333333333333333,0.13424962064154208,0.7630285,False,0.07012631371617317
7402,AGGAACCTTTGGCA-1,8-9,0.13333333333333333,0.11213072197636398,0.3300519,False,0.07012948021292686
935,AGAGCGGACTGTCC-1,4-5,0.26666666666666666,0.24429118674534514,0.23382786,False,0.07011011708527803
6805,ACCACCTGTGGTTG-1,8-9,0.3333333333333333,0.24817524358781037,0.44559795,False,0.07043173257261515
1984,CACATGGAACCAGT-1,4-5,0.13333333333333333,0.08977391880083624,0.07545857,False,0.07009454164654016
10931,GTCTAACTATTTCC-1,8-9,0.0,0.0,0.42779535,True,0.0700395442545414
3416,GACCAAACGATGAA-1,4-5,0.13333333333333333,0.15374755232143703,0.4472513,False,0.06992040760815144
11489,TATCACTGGCATAC-1,8-9,0.13333333333333333,0.09401079680829481,0.0002656281,False,0.07053334824740887
2163,CAGTCAGAACGGGA-1,4-5,0.06666666666666667,0.0475902379018706,0.16481447,False,0.07034958619624376
10506,GGAGACGAAAACAG-1,8-9,0.06666666666666667,0.06077222973772036,0.16015187,False,0.06954426039010286
1801,ATTTCTCTGGAGCA-1,4-5,0.0,0.0,0.11127857,True,0.07001827005296946
10524,GGAGGCCTGAGCTT-1,8-9,0.06666666666666667,0.06600065503116892,0.17343867,False,0.06988175678998232
5979,TTACGTACTTGTCT-1,4-5,0.13333333333333333,0.1267728847688893,0.10438029,False,0.0702044302597642
8708,CCATTAACGAAGGC-1,8-9,0.0,0.0,0.15279911,True,0.06970081850886345
4243,GGCCGAACATTCTC-1,4-5,0.06666666666666667,0.06600065503116892,0.4951017,False,0.0696766572073102
7405,AGGACACTACAGCT-1,8-9,0.06666666666666667,0.04481043185393461,0.57303125,False,0.06985294446349144
2283,CATTGGGAAGTGTC-1,4-5,0.0,0.0,0.19443104,True,0.0699003143236041
10193,GCATGATGGTCCTC-1,8-9,0.06666666666666667,0.17060921827860476,0.16415648,False,0.07000606693327427
231,AAGATTACTAGTCG-1,4-5,0.26666666666666666,0.31276891223877995,0.25728995,False,0.06959449220448732
7064,ACTCCTCTCCTCCA-1,8-9,0.06666666666666667,0.06077222973772036,0.6283817,False,0.06981190945953131
1458,ATCACTACACCGAT-1,4-5,0.0,0.0,0.37516373,True,0.06990020163357258
9570,CTTCATGACTTTAC-1,8-9,0.06666666666666667,0.049317124049935504,0.2043606,False,0.07003399729728699
5173,TATAGCCTACTACG-1,4-5,0.0,0.0,0.20672558,True,0.06932793743908405
9068,CGCGATCTCTCGCT-1,8-9,0.2,0.15377710137800768,0.028401013,False,0.06995695177465677
1815,CAAACTCTTGCCAA-1,4-5,0.06666666666666667,0.04481043185393461,0.034892492,False,0.0691551249474287
11558,TATTTCCTCGACTA-1,8-9,0.4,0.4737356331352463,0.519838,False,0.06992665026336908
5156,TATACAGACATGAC-1,4-5,0.13333333333333333,0.10342453430737154,0.048821405,False,0.0695749893784523
9917,GAGGGTGACTAGCA-1,8-9,0.2,0.15823584225226187,0.1028949,False,0.06959534529596567
664,ACGCACCTTCTCCG-1,4-5,0.0,0.0,0.27009946,True,0.0697464095428586
10981,GTGCCACTCCCTCA-1,8-9,0.13333333333333333,0.12483588314246533,0.11221417,False,0.06960281915962696
4952,TACGTTACGCAGAG-1,4-5,0.0,0.0,0.19499254,True,0.06963432393968105
11096,TAAACAACCAATCG-1,8-9,0.13333333333333333,0.18111982294936083,0.2882596,False,0.06974544562399387
3106,CTGAATCTAGCGTT-1,4-5,0.0,0.0,0.27359918,True,0.06954013835638762
7328,AGCCTCTGACAGTC-1,8-9,0.0,0.0,0.10652764,True,0.0693512512370944
2823,CGGTACCTGTCGAT-1,4-5,0.0,0.0,0.5732834,True,0.06974021345376968
11310,TACTGGGATAGTCG-1,8-9,0.06666666666666667,0.0475902379018706,0.78165835,False,0.0685310885310173
5614,TGACACGAGTGCAT-1,4-5,0.3333333333333333,0.2537332120503986,0.30978358,False,0.06908043287694454
6539,AAGGCTTGACGACT-1,8-9,0.13333333333333333,0.21819945618047537,0.13620102,False,0.06952754221856594
4389,GGTCAAACTTCCCG-1,4-5,0.06666666666666667,0.17060921827860476,0.42278197,False,0.06972095649689436
9474,CTGAGAACCTTGTT-1,8-9,0.06666666666666667,0.043668798524938345,0.05872999,False,0.0697482144460082
690,ACGCTCACTTTGGG-1,4-5,0.2,0.21106696635291064,0.13696556,False,0.06979576963931322
8648,CCAGATGACGTAAC-1,8-9,0.0,0.0,0.49890316,True,0.07012035977095366
3934,GCCCATACCTAGTG-1,4-5,0.2,0.19612166242441204,0.31894463,False,0.07023200578987598
11825,TCTATGTGCCACAA-1,8-9,0.0,0.0,0.09730584,True,0.06978139095008373
4064,GCTATACTGCATCA-1,4-5,0.0,0.0,0.10883485,True,0.06998084858059883
12024,TGCGAAACCTCTTA-1,8-9,0.13333333333333333,0.10297485970209948,0.43853816,False,0.07016575429588556
3880,GCATTGGACGCCTT-1,4-5,0.0,0.0,0.31006703,True,0.06965698208659887
9155,CGGTACCTATCGAC-1,8-9,0.13333333333333333,0.1569595560954746,0.29176268,False,0.06969843804836273
911,AGACTGACAAGGGC-1,4-5,0.3333333333333333,0.3135400799198421,0.337085,False,0.07000742293894291
7513,AGTAAGGACTTAGG-1,8-9,0.0,0.0,0.24191244,True,0.07009990233927965
330,AATAGGGACATTCT-1,4-5,0.13333333333333333,0.13011504099323698,0.5958762,False,0.06996790319681168
11305,TACTCTGACACACA-1,8-9,0.13333333333333333,0.11612969547347292,0.013964929,False,0.07010017335414886
4559,GTCCACTGCCATAG-1,4-5,0.06666666666666667,0.0475902379018706,0.4781514,False,0.07008707895874977
6413,AACCTTTGTGTAGC-1,8-9,0.13333333333333333,0.09412755590387012,0.13175851,False,0.06991106271743774
3398,GACAGGGATCACGA-1,4-5,0.0,0.0,0.08685542,True,0.07016087416559458
12378,TTCGGAGATCTTAC-1,8-9,0.13333333333333333,0.24408660918242647,0.20528719,False,0.06968736834824085
2584,CCTTCACTAGCACT-1,4-5,0.2,0.15724575033014113,0.23032355,False,0.06962398812174797
10383,GCTACGCTATCTCT-1,8-9,0.4666666666666667,0.36480071879644516,0.4495175,False,0.07026535179466009
4148,GGACCGTGCTCATT-1,4-5,0.13333333333333333,0.15131123057047743,0.1259925,False,0.07007895782589912
10962,GTGATCGAGGTACT-1,8-9,0.0,0.0,0.34745035,True,0.07012820243835449
736,ACGTCCTGAACGGG-1,4-5,0.06666666666666667,0.053821216022769555,0.3389588,False,0.07027882244437933
12147,TGTAATGATGCTAG-1,8-9,0.06666666666666667,0.05686973942620158,0.38404125,False,0.07009885180741549
320,AATAAGCTGGTAGG-1,4-5,0.13333333333333333,0.10445997732807218,0.17185278,False,0.07048709690570831
8061,ATTGTCTGTGCATG-1-1,8-9,0.06666666666666667,0.06600065503116892,0.27506047,False,0.07010424789041281
1419,ATAGGAGATGAAGA-1,4-5,0.2,0.1781313770075329,0.18495162,False,0.07001200970262289
9419,CTCCGAACCTGTCC-1,8-9,0.13333333333333333,0.09502729076358196,0.022124171,False,0.07024597562849522
5691,TGATTAGAGTTGTG-1,4-5,0.26666666666666666,0.23877396699406322,0.028783238,False,0.06958605535328388
11826,TCTCAAACAAGGCG-1,8-9,0.0,0.0,0.2766137,True,0.06997930258512497
4676,GTGTCAGAGCTAAC-1,4-5,0.0,0.0,0.056609355,True,0.0700435396283865
9806,GACGCCGATTGCGA-1,8-9,0.0,0.0,0.6823298,True,0.06993732694536448
4821,TAAGATTGTCGTTT-1,4-5,0.0,0.0,0.13716027,True,0.07014034781605005
9753,GACAGTTGCATGCA-1,8-9,0.26666666666666666,0.22426289931659715,0.3073389,False,0.07015346735715866
4839,TAAGGGCTGGCGAA-1,4-5,0.0,0.0,0.12624279,True,0.06958874873816967
11534,TATGCGGATAGAGA-1,8-9,0.06666666666666667,0.17060921827860476,0.10717185,False,0.06944007985293865
1429,ATAGTTGAAAGTGA-1,4-5,0.26666666666666666,0.3542518424736956,0.34823138,False,0.0696659879758954
8189,CAATCGGACTTACT-1,8-9,0.06666666666666667,0.0475902379018706,0.2115685,False,0.06986627914011478
4896,TACCGGCTCCTACC-1,4-5,0.26666666666666666,0.24770627759983585,0.22072311,False,0.06968045979738235
12262,TTAGGGACATTTCC-1,8-9,0.0,0.0,0.17975241,True,0.06979159638285637
2845,CGTCAAGAAGCCTA-1,4-5,0.4,0.3249574646705898,0.0075745583,False,0.06954806577414274
11022,GTTAAAACAGAGGC-1,8-9,0.13333333333333333,0.1228703944573705,0.47321042,False,0.06982888653874397
642,ACGAGTACCCTCGT-1,4-5,0.26666666666666666,0.3471728638447161,0.34503552,False,0.07005495019257069
9341,CTATCAACAACCTG-1,8-9,0.0,0.0,0.5367085,True,0.07024847622960806
1272,AGTCTTACCCTCAC-1,4-5,0.06666666666666667,0.053821216022769555,0.74804896,False,0.07005978375673294
10432,GCTTGAGAAAGTGA-1,8-9,0.13333333333333333,0.15131123057047743,0.6172445,False,0.07004865165799856
3805,GCACCTACTTCCGC-1,4-5,0.2,0.16346426754571045,0.5190255,False,0.06957860384136438
10536,GGATACTGTGTGAC-1,8-9,0.06666666666666667,0.04481043185393461,0.44961822,False,0.07027351669967175
2694,CGATCAGAAAACGA-1,4-5,0.06666666666666667,0.053821216022769555,0.3682373,False,0.06944876350462437
9798,GACGATTGAACTGC-1,8-9,0.13333333333333333,0.12279451495375723,0.17134792,False,0.07042041141539812
2852,CGTCCAACGAGGAC-1,4-5,0.06666666666666667,0.05135849223864361,0.5146055,False,0.07023919746279716
10463,GGACAACTACGGAG-1,8-9,0.3333333333333333,0.31275311019677077,0.116222724,False,0.0692565068602562
5608,TGAATAACGTCTGA-1,4-5,0.13333333333333333,0.21992634232854028,0.46538514,False,0.07004403509199619
11073,GTTCATACCCATAG-1,8-9,0.2,0.18976458646737454,0.114754334,False,0.07019495032727718
2364,CCAGACCTACACCA-1,4-5,0.06666666666666667,0.053821216022769555,0.03442198,False,0.07025142293423414
6387,AACCAGTGCGTAGT-1,8-9,0.06666666666666667,0.06077222973772036,0.13261287,False,0.06983127072453499
158,AACGCATGAGAACA-1,4-5,0.26666666666666666,0.21460980194330154,0.36535022,False,0.06972471531480551
7663,ATAATGACGGGATG-1,8-9,0.06666666666666667,0.04481043185393461,0.12766571,False,0.07038825005292892
941,AGAGCGGATGGATC-1,4-5,0.0,0.0,0.051979955,True,0.07011166960000992
10575,GGCACTCTAGGTTC-1,8-9,0.6,0.6341454047138009,0.11120489,False,0.07002462353557348
2337,CCACCTGACCGTAA-1,4-5,0.0,0.0,0.21208018,True,0.07034362107515335
6965,ACGGAGGAAGAGGC-1,8-9,0.13333333333333333,0.10865295960082011,0.07328104,False,0.068981041200459
5112,TAGTATGACGCCTT-1,4-5,0.0,0.0,0.14550689,True,0.0699842469766736
8918,CGAAGTACTGCTAG-1,8-9,0.0,0.0,0.03862621,True,0.06964351423084736
2170,CAGTGTGATTTCGT-1,4-5,0.0,0.0,0.0880574,True,0.06975041516125202
7804,ATCGCAGAGTTGGT-1,8-9,0.0,0.0,0.076845534,True,0.06971630360931158
2176,CAGTTTACAAGAGT-1,4-5,0.2,0.24676825720761103,0.27070892,False,0.07017815206199884
11947,TGAGTCGACGTGAT-1,8-9,0.06666666666666667,0.06600065503116892,0.5575626,False,0.0698248203843832
713,ACGGGAGATCAGTG-1,4-5,0.06666666666666667,0.04481043185393461,0.59158385,False,0.07000295259058475
10780,GTACCCTGAACGAA-1,8-9,0.0,0.0,0.16892384,True,0.07022009044885635
4795,TAACATGACCAACA-1,4-5,0.26666666666666666,0.279751470826065,0.10090043,False,0.06992069352418184
7783,ATCCATACGTCGTA-1,8-9,0.26666666666666666,0.2311569825933482,0.33021054,False,0.0695333257317543
778,ACTAGGTGGCTCCT-1,4-5,0.26666666666666666,0.3603738047459793,0.5232494,False,0.06906705629080534
12102,TGGGTATGGGATCT-1,8-9,0.06666666666666667,0.10764243204553911,0.7025171,False,0.0695968410000205
577,ACCCGTACACGGAG-1,4-5,0.0,0.0,0.14175183,True,0.07026972901076078
10554,GGATTGTGTGGTGT-1,8-9,0.0,0.0,0.6527227,True,0.07033475395292044
4253,GGCGACTGGGTACT-1,4-5,0.0,0.0,0.26709127,True,0.07025367859750986
7522,AGTAATTGGTTCGA-1,8-9,0.06666666666666667,0.05135849223864361,0.4417766,False,0.07012404315173626
2131,CAGCTCTGAGCATC-1,4-5,0.13333333333333333,0.08847923037887294,0.30055714,False,0.06979792099446058
11526,TATCTTCTGGAAGC-1,8-9,0.2,0.27578892654001796,0.32462966,False,0.06985375192016363
4021,GCGGCAACTCTCAT-1,4-5,0.13333333333333333,0.22196771051724837,0.08325574,False,0.06966440565884113
8127,CAAGACACACCAGT-1,8-9,0.06666666666666667,0.04481043185393461,0.39388102,False,0.07035100273787975
1325,AGTTTGCTCCACAA-1,4-5,0.13333333333333333,0.16146364806830865,0.94068235,False,0.06943960394710302
12290,TTATGGCTACGTGT-1-1,8-9,0.0,0.0,0.13332382,True,0.06917286571115255
5269,TCAAGGTGAGCGTT-1,4-5,0.06666666666666667,0.17060921827860476,0.159614,False,0.07017432618886232
8005,ATTCGACTCTCGCT-1,8-9,0.13333333333333333,0.24408660918242647,0.01848045,False,0.06983989011496305
1501,ATCGAGTGTCGTAG-1,4-5,0.06666666666666667,0.10764243204553911,0.16454689,False,0.06958222761750221
7415,AGGACTTGGGACTT-1,8-9,0.13333333333333333,0.1303471303300233,0.46651867,False,0.06981681566685438
1903,CAAGGTTGTGCCTC-1,4-5,0.13333333333333333,0.1346217331892379,0.043777972,False,0.06984594836831093
10179,GCAGTCCTTTGTCT-1,8-9,0.06666666666666667,0.07347739090382172,0.1263125,False,0.0696282023563981
1743,ATTGCACTTGGCAT-1,4-5,0.13333333333333333,0.12795691370895357,0.8010271,False,0.06949443649500608
12370,TTCCTAGAGTGCTA-1,8-9,0.06666666666666667,0.05686973942620158,0.1185507,False,0.07009373977780342
5210,TATCTGACGCGATT-1-1,4-5,0.06666666666666667,0.17060921827860476,0.039644837,False,0.07000791188329458
9426,CTCCTACTTCTTTG-1,8-9,0.0,0.0,0.08160371,True,0.06991183012723923
4972,TACTACTGGGTGAG-1,4-5,0.2,0.1951051684691249,0.10614653,False,0.06996351387351751
8703,CCATTAACAAACAG-1,8-9,0.0,0.0,0.030962296,True,0.0698055550456047
1625,ATGGGTACCCCTAC-1,4-5,0.13333333333333333,0.09401079680829481,0.25627548,False,0.06964659690856934
12380,TTCGTATGCTCTAT-1,8-9,0.13333333333333333,0.10053853795113993,0.23440762,False,0.06987161841243505
2502,CCGCTATGAGTCTG-1,4-5,0.13333333333333333,0.11612969547347292,0.4419058,False,0.06992780975997448
6675,AATGTCCTGTTAGC-1,8-9,0.13333333333333333,0.09412755590387012,0.2696525,False,0.07032576110213995
5534,TCGTTATGGCTACA-1-1,4-5,0.0,0.0,0.7148812,True,0.06992278806865215
8895,CCTTCACTAGCCTA-1,8-9,0.06666666666666667,0.17060921827860476,0.33221275,False,0.07015360239893198
5251,TATTGCTGCAGATC-1-1,4-5,0.13333333333333333,0.1587820000431241,0.21026841,False,0.06997006013989449
9312,CTAGGCCTCTAGAC-1,8-9,0.06666666666666667,0.04265230456965119,0.14285082,False,0.06949114426970482
940,AGAGCGGATCCAAG-1,4-5,0.13333333333333333,0.15131123057047743,0.7439936,False,0.06944621074944735
11840,TCTGATACTGTTCT-1,8-9,0.06666666666666667,0.06600065503116892,0.18878517,False,0.06918523274362087
3770,GCAACCCTCAGGAG-1,4-5,0.2,0.3100872642135954,0.015963133,False,0.07018900103867054
11663,TCATTCGATCCCAC-1-1,8-9,0.13333333333333333,0.10836246763959095,0.11343992,False,0.06961090583354235
4912,TACGAGTGGATACC-1,4-5,0.06666666666666667,0.07347739090382172,0.39158562,False,0.07019409071654081
6810,ACCACGCTGTGAGG-1-1,8-9,0.06666666666666667,0.06077222973772036,0.5757837,False,0.07020625192672014
348,AATCCGGATAGACC-1,4-5,0.0,0.0,0.32771033,True,0.06968559417873621
11198,TAATGTGAAATGCC-1,8-9,0.4,0.5416876364709792,0.46467948,False,0.06994673330336809
2009,CACCGTTGTCCGTC-1,4-5,0.4,0.4429105468010758,0.20990077,False,0.06957631465047598
10707,GGGTTATGGATAAG-1,8-9,0.26666666666666666,0.3138000607993959,0.08281195,False,0.06988110858947039
589,ACCGAAACCTGTAG-1,4-5,0.06666666666666667,0.17060921827860476,0.17275402,False,0.069577363319695
9360,CTATGTACGACGGA-1,8-9,0.13333333333333333,0.09992633629866744,0.5505836,False,0.0698282839730382
1975,CACAGTGAAAAGTG-1,4-5,0.0,0.0,0.11512405,True,0.07004426885396242
12189,TGTGATCTCAATCG-1,8-9,0.2,0.2349410389721304,0.0029849447,False,0.06982885487377644
559,ACCATTTGCTCCCA-1,4-5,0.13333333333333333,0.14217434856550396,0.21242703,False,0.06976826302707195
11112,TAAATCGAGGTAGG-1,8-9,0.13333333333333333,0.12483588314246533,0.16233632,False,0.06990593764930964
2155,CAGGTATGGACAGG-1,4-5,0.0,0.0,0.5377055,True,0.06980986054986715
10118,GCACACCTGTCTTT-1,8-9,0.2,0.17415300719240084,0.5004721,False,0.07004241831600666
1749,ATTGCTACAGCAAA-1,4-5,0.06666666666666667,0.06600065503116892,0.08863444,False,0.06999863777309656
9503,CTGCGACTTGCCTC-1-1,8-9,0.06666666666666667,0.05135849223864361,0.49082354,False,0.06984393205493689
1604,ATGCGATGGCTAAC-1,4-5,0.06666666666666667,0.08530460913930238,0.2265766,False,0.07008131872862577
9124,CGGATAACTGTCCC-1,8-9,0.0,0.0,0.46439928,True,0.06993716768920422
4659,GTGTACGACAGCTA-1,4-5,0.0,0.0,0.3572903,True,0.06985253375023603
6657,AATGCGTGCATGAC-1,8-9,0.3333333333333333,0.42913218655864027,0.42152548,False,0.07017496321350336
4394,GGTGATACGAGAGC-1,4-5,0.0,0.0,0.02234044,True,0.07017841655761003
11882,TGACACGAGTCTGA-1,8-9,0.2,0.20817500359667288,0.057675846,False,0.07061523385345936
2690,CGATAGACCGTTGA-1,4-5,0.06666666666666667,0.043668798524938345,0.0461598,False,0.0703438064083457
12163,TGTATCTGTGCCAA-1,8-9,0.0,0.0,0.2170535,True,0.06952833943068981
2743,CGCGAGACCGACTA-1,4-5,0.13333333333333333,0.13424962064154208,0.0744628,False,0.07008676882833242
9624,GAAACCTGGCGAAG-1,8-9,0.13333333333333333,0.136663101377946,0.04986477,False,0.06948855426162481
754,ACGTTGGACATCAG-1,4-5,0.06666666666666667,0.053821216022769555,0.3067887,False,0.07009764201939106
6502,AAGCACTGTGTAGC-1,8-9,0.06666666666666667,0.06600065503116892,0.7368057,False,0.06999989505857229
2361,CCAGAAACTCGATG-1,4-5,0.0,0.0,1.5264202,True,0.06947737839072943
10691,GGGTAACTACCAGT-1,8-9,0.13333333333333333,0.11531777908110442,0.19870752,False,0.06962873414158821
2119,CAGCGGACTCTCTA-1,4-5,0.2,0.15334326001862233,0.3217709,False,0.07009266503155231
6418,AACGCATGGTGTAC-1,8-9,0.06666666666666667,0.0475902379018706,0.33725002,False,0.07029549404978752
604,ACCTCGTGAAAAGC-1,4-5,0.0,0.0,0.24132857,True,0.06964601948857307
10131,GCACCTTGCCTACC-1,8-9,0.13333333333333333,0.10141145392464015,0.17219137,False,0.0701727969571948
1006,AGCACAACCCTTCG-1,4-5,0.13333333333333333,0.21819945618047537,0.04215616,False,0.07028209883719683
12522,TTTCCAGATGAAGA-1,8-9,0.06666666666666667,0.043668798524938345,0.4950542,False,0.0695915063843131
3079,CTCGCATGAAGGGC-1,4-5,0.0,0.0,0.6547409,True,0.0696905916556716
8818,CCGCTATGTGGTCA-1,8-9,0.4,0.5233123578507894,0.33450574,False,0.07007651310414076
6210,TTTATCCTAGGCGA-1,4-5,0.2,0.277486568292223,0.009472348,False,0.06998343486338854
10693,GGGTAACTAGAGAT-1,8-9,0.13333333333333333,0.1645121714717407,0.029291064,False,0.06959863845258951
5068,TAGGCATGTTGTGG-1,4-5,0.06666666666666667,0.049317124049935504,0.022401065,False,0.06991406064480543
8177,CAATAATGATGTCG-1,8-9,0.2,0.17931540594759718,0.24961516,False,0.07045327126979828
1934,CAATGGACAGAGTA-1,4-5,0.2,0.16473642733063065,0.18012308,False,0.06984378769993782
9318,CTAGTTACCTTGCC-1,8-9,0.0,0.0,0.14640191,True,0.07011216320097446
1863,CAACTTTGTCGACA-1,4-5,0.13333333333333333,0.11081108688510354,0.109572016,False,0.06950533017516136
8049,ATTGGGTGTCCTCG-1,8-9,0.13333333333333333,0.21541965013253936,0.24548325,False,0.06984347011893988
2146,CAGGGCACCACTCC-1,4-5,0.4,0.5543927976370805,0.5896897,False,0.06915320828557014
11879,TGACACGAGGCGAA-1,8-9,0.2,0.15694115383029858,0.7959932,False,0.06991817057132721
4494,GTAGTGACTCTCTA-1,4-5,0.2,0.18364262419509084,0.21322568,False,0.06996340584009886
9326,CTATAAGACGGAGA-1,8-9,0.06666666666666667,0.046105120275897894,0.4412238,False,0.069902203977108
3716,GATGCCCTGACGGA-1,4-5,0.0,0.0,0.29610974,True,0.06984657794237137
7845,ATCTTGACCGGGAA-1,8-9,0.06666666666666667,0.0475902379018706,0.5692739,False,0.07042235881090164
4583,GTCGACCTTGCAAC-1,4-5,0.0,0.0,0.3282136,True,0.06982696522027254
8653,CCAGCGGAACGACT-1,8-9,0.0,0.0,0.41699743,True,0.0700215445831418
1425,ATAGTCCTACCTAG-1,4-5,0.06666666666666667,0.05686973942620158,0.17340365,False,0.07002079673111439
8371,CAGATCGACATACG-1,8-9,0.26666666666666666,0.27802718490116696,0.22876568,False,0.06986155081540346
5200,TATCGTACGCGGAA-1,4-5,0.0,0.0,0.4749942,True,0.07014061883091927
8023,ATTGAATGCCTGTC-1,8-9,0.0,0.0,0.09673338,True,0.06925639230757952
3039,CTCAGCACGGCGAA-1,4-5,0.06666666666666667,0.08530460913930238,0.21228808,False,0.06971892155706882
9012,CGCACTACTATCTC-1,8-9,0.06666666666666667,0.08530460913930238,0.44444507,False,0.06984350644052029
10,AAACCGTGGTTGGT-1,4-5,0.06666666666666667,0.04265230456965119,0.1603528,False,0.06992069259285927
11230,TACCGCTGATGCTG-1,8-9,0.13333333333333333,0.1267728847688893,0.10487972,False,0.07023662235587835
2527,CCTACCGACATGGT-1,4-5,0.0,0.0,0.13377795,True,0.06970487348735332
9436,CTCGACTGCCGTAA-1,8-9,0.0,0.0,0.012453966,True,0.06976237706840038
4297,GGGAAGTGGGGCAA-1,4-5,0.2,0.2029465783032243,0.4454139,False,0.07009511347860098
8567,CATTGTTGCGAACT-1,8-9,0.2,0.16142289935700233,0.22699092,False,0.07011898327618837
2943,CTACCTCTCACCAA-1,4-5,0.13333333333333333,0.21819945618047537,0.15333776,False,0.07000771537423134
7443,AGGCTAACTGGTGT-1,8-9,0.0,0.0,0.6480743,True,0.07041134778410196
3527,GAGATGCTTCTCCG-1,4-5,0.13333333333333333,0.09125903642680894,0.03064422,False,0.07011034619063139
11168,TAAGGGCTCATCAG-1,8-9,0.0,0.0,0.39234427,True,0.0701243719086051
891,AGAATTTGTGCCTC-1,4-5,0.06666666666666667,0.053821216022769555,0.13364401,False,0.0702606663107872
9043,CGCCATACGTGCTA-1,8-9,0.0,0.0,0.14397153,True,0.0700746588408947
3661,GATATCCTCCCTAC-1,4-5,0.2,0.200250275672711,0.051475614,False,0.07023521792143583
10235,GCCATCACTAACGC-1,8-9,0.0,0.0,0.30184293,True,0.06963696703314781
448,ACACAGACCACTCC-1,4-5,0.0,0.0,0.05236563,True,0.06971001625061035
10454,GGAATCTGCTCAGA-1,8-9,0.26666666666666666,0.2670463096599636,0.22425473,False,0.07024339213967323
1715,ATTCGGGACTACCC-1,4-5,0.13333333333333333,0.1303471303300233,0.020777315,False,0.06931067630648613
7025,ACGTTGGAATCTTC-1,8-9,0.06666666666666667,0.053821216022769555,0.0041308105,False,0.0700929518789053
5164,TATACCACTTCATC-1,4-5,0.4,0.5004467794188665,0.55563027,False,0.06983900722116232
11045,GTTATAGAAGGGTG-1,8-9,0.0,0.0,0.2191145,True,0.0699938740581274
3066,CTCCTACTTTCCGC-1,4-5,0.0,0.0,0.49487275,True,0.06996281165629625
10363,GCGTAATGCTTACT-1,8-9,0.0,0.0,0.48081258,True,0.07033918239176273
2239,CATCTCCTGGTAAA-1,4-5,0.13333333333333333,0.1082282316648452,0.08034639,False,0.07021387666463852
9221,CGTGTAGAAACCAC-1,8-9,0.13333333333333333,0.09863164787670416,0.46897635,False,0.0702118668705225
4587,GTCTAACTAGCCAT-1,4-5,0.0,0.0,0.11336896,True,0.0700179785490036
12199,TGTGGATGTTTGTC-1,8-9,0.3333333333333333,0.4057694894189826,0.77447516,False,0.07006006687879562
3228,CTTCACCTTCTGGA-1,4-5,0.2,0.14711228189772335,0.38350606,False,0.07000389043241739
11643,TCATCAACTCTCTA-1,8-9,0.2,0.16850468166740368,0.21723488,False,0.07019722741097212
4958,TACTAAGAAAACGA-1,4-5,0.06666666666666667,0.17060921827860476,0.15730408,False,0.07004431542009115
11282,TACTAAGAACGCAT-1-1,8-9,0.3333333333333333,0.37465266375350836,0.46222463,False,0.07028558570891619
2831,CGTAACGATCGATG-1,4-5,0.2,0.21106696635291064,0.1165469,False,0.06984361167997122
10699,GGGTTAACACGCTA-1,8-9,0.13333333333333333,0.10618686347613708,0.27491122,False,0.07033826131373644
1285,AGTGCAACCATTTC-1,4-5,0.2,0.17661573097652677,0.16046746,False,0.07013435196131468
9028,CGCAGGTGATGCTG-1,8-9,0.06666666666666667,0.0475902379018706,0.24340042,False,0.06988807674497366
3123,CTGAGAACTTGCAG-1,4-5,0.0,0.0,0.018259771,True,0.0700931092724204
7329,AGCCTCTGAGAGAT-1,8-9,0.26666666666666666,0.23694165844953216,0.32611033,False,0.07002200186252594
634,ACGAGGGAAAAAGC-1,4-5,0.06666666666666667,0.06077222973772036,0.32326737,False,0.07018633466213942
11014,GTGTCAGAAACAGA-1,8-9,0.0,0.0,0.056548286,True,0.06997785158455372
5703,TGATTCTGTGCAAC-1,4-5,0.06666666666666667,0.05135849223864361,0.040682152,False,0.07002812344580889
8715,CCCAACACACCAGT-1,8-9,0.06666666666666667,0.043668798524938345,0.114900574,False,0.0699711600318551
1855,CAACGTGACTCCAC-1,4-5,0.0,0.0,0.026297934,True,0.0697105024009943
12216,TTACACACCAGAGG-1,8-9,0.0,0.0,0.2519989,True,0.06969919893890619
2251,CATGGATGAAGATG-1,4-5,0.0,0.0,0.02408833,True,0.06964989844709635
10593,GGCCCAGAATGTGC-1,8-9,0.13333333333333333,0.25591382741790714,0.20714429,False,0.0702958945184946
5093,TAGGTTCTGCCCTT-1,4-5,0.06666666666666667,0.0475902379018706,0.44974938,False,0.06971150357276201
10789,GTACGAACGAAGGC-1,8-9,0.06666666666666667,0.05686973942620158,0.07681689,False,0.06961902417242527
1868,CAAGACACTGTGAC-1,4-5,0.0,0.0,0.017757459,True,0.07031007017940283
6501,AAGCACTGTAGAAG-1,8-9,0.06666666666666667,0.06600065503116892,0.18692759,False,0.06990151200443506
469,ACACGATGGAGGGT-1,4-5,0.06666666666666667,0.046105120275897894,0.06572393,False,0.06964962184429169
10875,GTCAATCTGTGTCA-1,8-9,0.0,0.0,0.07973686,True,0.06986671686172485
3330,GAAGCTACCAGAGG-1,4-5,0.26666666666666666,0.3326586659662195,0.26165354,False,0.07044741604477167
12513,TTTCACGAGCGGAA-1,8-9,0.06666666666666667,0.049317124049935504,0.40146086,False,0.06954149063676596
4808,TAAGAACTAGATGA-1,4-5,0.0,0.0,0.33829212,True,0.06969815120100975
7386,AGCTGTGATTGTGG-1,8-9,0.2,0.29043108933254325,0.4345125,False,0.07031678315252066
4172,GGAGCAGAACCACA-1,4-5,0.06666666666666667,0.07347739090382172,0.123022914,False,0.06997819058597088
10035,GATCTACTAGTCAC-1,8-9,0.0,0.0,0.24109165,True,0.06999695207923651
1387,ATACGTCTACGGAG-1,4-5,0.0,0.0,0.118256,True,0.07047803793102503
7916,ATGGACACACTGTG-1,8-9,0.0,0.0,0.012608081,True,0.069968456402421
6166,TTGCATTGTTAGGC-1,4-5,0.06666666666666667,0.053821216022769555,0.13261354,False,0.06991779804229736
11962,TGATCACTAGCCTA-1,8-9,0.0,0.0,0.48343402,True,0.07000466715544462
5860,TGGGTATGCTGAGT-1,4-5,0.13333333333333333,0.08875742484554909,0.1228092,False,0.06988009251654148
9625,GAAAGATGCGTTAG-1,8-9,0.06666666666666667,0.06077222973772036,0.4193723,False,0.0698596891015768
130,AACCCAGAGCTCCT-1,4-5,0.13333333333333333,0.1587820000431241,0.40231308,False,0.07000143267214298
11239,TACGACGATGACCA-1,8-9,0.4,0.5112113985691702,0.82890785,False,0.06999593507498503
3458,GACGCTCTACCTGA-1,4-5,0.5333333333333333,0.6097262873502991,0.16234496,False,0.07024897541850805
10245,GCCCAGGAGCTAAC-1,8-9,0.2,0.27578892654001796,0.05235156,False,0.06999566219747066
67,AAATCATGGCCTTC-1,4-5,0.06666666666666667,0.04265230456965119,1.0761712,False,0.06973511353135109
9389,CTCAGCTGGTTTGG-1,8-9,0.0,0.0,0.27040583,True,0.0698897410184145
3041,CTCAGCTGCTGTTT-1,4-5,0.13333333333333333,0.16841466178325945,0.45186415,False,0.06983770243823528
8472,CATACTTGGATAAG-1,8-9,0.5333333333333333,0.5334539863832125,0.13369578,False,0.06992045603692532
972,AGATATACGTCACA-1,4-5,0.06666666666666667,0.0475902379018706,0.79071367,False,0.06944378651678562
8444,CAGTGTGAGCTTAG-1,8-9,0.06666666666666667,0.17060921827860476,0.11548304,False,0.06959638558328152
3596,GAGGTTACCGAGTT-1,4-5,0.13333333333333333,0.25591382741790714,0.008490957,False,0.06992313358932734
12027,TGCGATGAAGCGGA-1,8-9,0.2,0.26924086615530896,0.3090375,False,0.06993993930518627
74,AAATCTGAGACGAG-1,4-5,0.06666666666666667,0.10764243204553911,0.98146343,False,0.06946515664458275
7940,ATGTACCTCAGCTA-1,8-9,0.2,0.16900046140256555,0.14992648,False,0.07010907027870417
2336,CCACCTGAACTGGT-1,4-5,0.06666666666666667,0.08530460913930238,0.060269237,False,0.06995489355176687
11180,TAATCCACCTTCTA-1,8-9,0.13333333333333333,0.11531777908110442,0.40883195,False,0.06892043352127075
1007,AGCACAACTCCTTA-1,4-5,0.0,0.0,0.012536399,True,0.06934576760977507
11092,GTTGTACTTTTCGT-1,8-9,0.13333333333333333,0.0919694286195867,0.42414215,False,0.06978477537631989
4709,GTTAGTCTCCTTGC-1,4-5,0.06666666666666667,0.046105120275897894,0.41223305,False,0.06964046973735094
11414,TAGTATGAAAGTGA-1,8-9,0.0,0.0,0.102472395,True,0.07043832913041115
5651,TGACTTTGCCTATT-1,4-5,0.06666666666666667,0.07347739090382172,0.37648195,False,0.06991522386670113
10540,GGATAGCTGTTGGT-1,8-9,0.2,0.2016532288538339,0.9154375,False,0.07002733834087849
1214,AGGTTGTGGTCGTA-1,4-5,0.0,0.0,0.15231247,True,0.06990828458219767
9057,CGCCTAACGAGCAG-1,8-9,0.0,0.0,0.2697507,True,0.06995538994669914
5432,TCCGAAGAGTTCGA-1,4-5,0.13333333333333333,0.13424962064154208,0.09705586,False,0.07016189582645893
10740,GGTCTAGAAAGGGC-1,8-9,0.06666666666666667,0.06077222973772036,0.5599722,False,0.06987808924168348
4089,GCTCGACTTGGTAC-1,4-5,0.0,0.0,0.47357836,True,0.06939949933439493
11039,GTTAGGTGGTCAAC-1,8-9,0.0,0.0,1.7076607,True,0.06913301721215248
513,ACATACCTTTCGGA-1,4-5,0.2,0.20817500359667288,0.122060135,False,0.06968751642853022
7404,AGGAATGACTGGTA-1,8-9,0.0,0.0,0.28004196,True,0.07001506257802248
2293,CATTGTTGGAAAGT-1,4-5,0.0,0.0,0.2210289,True,0.06936762295663357
7599,AGTTAAACAGGCGA-1,8-9,0.13333333333333333,0.24408660918242647,0.47094667,False,0.06944446079432964
2620,CGACCACTATGTCG-1,4-5,0.0,0.0,0.21226555,True,0.06960391905158758
7115,ACTTCAACATCACG-1,8-9,0.13333333333333333,0.12729860692659126,0.13474749,False,0.06965384725481272
3497,GACTGAACTGCTTT-1,4-5,0.06666666666666667,0.06077222973772036,0.2522426,False,0.06971133965998888
11303,TACTCCCTACCCTC-1,8-9,0.2,0.32939121832172885,0.4752702,False,0.06969888973981142
5581,TCTTACGATAAGGA-1,4-5,0.0,0.0,0.40878332,True,0.0698724240064621
11584,TCACAACTGGACGA-1,8-9,0.2,0.22722494322525874,0.14591044,False,0.06976022012531757
4013,GCGGACTGGCAGTT-1,4-5,0.13333333333333333,0.1289734076642407,0.68905264,False,0.06989109702408314
8583,CCAAAGTGCAACTG-1-1,8-9,0.2,0.16523220706579256,0.5535397,False,0.06994134653359652
3459,GACGCTCTCCACCT-1,4-5,0.06666666666666667,0.06077222973772036,0.27917975,False,0.06972391158342361
12136,TGTAACCTGTATGC-1,8-9,0.0,0.0,0.17359088,True,0.06961838249117136
1510,ATCGCCACCATTTC-1,4-5,0.0,0.0,0.24514228,True,0.06987231690436602
9234,CGTTATACAACTGC-1,8-9,0.2,0.1530386635187798,0.06327272,False,0.06984307151287794
4240,GGCCCAGATAACCG-1,4-5,0.0,0.0,0.7746451,True,0.07012173905968666
9097,CGCTCATGTCAGGT-1,8-9,0.0,0.0,0.469381,True,0.06979280523955822
3202,CTTAAGCTTCAGTG-1,4-5,0.0,0.0,0.2669738,True,0.07000557892024517
10819,GTAGCTGAAGGTCT-1,8-9,0.0,0.0,0.17488521,True,0.06976218242198229
839,ACTTGGGAGACTAC-1,4-5,0.0,0.0,0.022734143,True,0.06998752988874912
8991,CGATAGACGGTCTA-1,8-9,0.0,0.0,0.033190846,True,0.06961599178612232
3091,CTCTAATGTTGTGG-1,4-5,0.0,0.0,0.50597227,True,0.06968647334724665
10542,GGATGTACGCCATA-1,8-9,0.0,0.0,0.110057265,True,0.06983506213873625
2182,CATAAAACGACACT-1,4-5,0.26666666666666666,0.1856647867973552,0.14295636,False,0.07013835199177265
10059,GATTACCTCCTCCA-1,8-9,0.26666666666666666,0.31016888480006205,0.31465825,False,0.06996302027255297
6068,TTCAGTACGGACTT-1,4-5,0.13333333333333333,0.11764196916392194,0.30533266,False,0.06960445176810026
6980,ACGGGAGAGTCACA-1,8-9,0.06666666666666667,0.10764243204553911,0.2705212,False,0.07028111070394516
4577,GTCGAATGAGAGAT-1,4-5,0.06666666666666667,0.04265230456965119,0.3481599,False,0.06984942685812712
7372,AGCTGAACACCATG-1,8-9,0.0,0.0,0.1375612,True,0.0703773582354188
5586,TCTTGATGAACCTG-1,4-5,0.06666666666666667,0.07347739090382172,0.6644923,False,0.0694659873843193
7373,AGCTGAACATAAGG-1,8-9,0.06666666666666667,0.17060921827860476,0.31746715,False,0.06979901995509863
185,AACTCGGACATGAC-1,4-5,0.13333333333333333,0.13912582516207192,0.48108533,False,0.06941099092364311
10627,GGCTAATGATCACG-1,8-9,0.0,0.0,0.08372553,True,0.06997384782880545
3745,GATTGGACACTAGC-1,4-5,0.13333333333333333,0.1195825111797196,0.41687036,False,0.0697731738910079
8249,CACCACTGGCAGAG-1,8-9,0.2,0.1401423191173591,0.3240745,False,0.06987150944769382
4218,GGCAAGGAAGCATC-1,4-5,0.0,0.0,0.08538502,True,0.06997280288487673
6855,ACCGAAACTTTCAC-1,8-9,0.2,0.21629539164635922,0.072712585,False,0.06990595441311598
3454,GACGCCGAGTCACA-1,4-5,0.06666666666666667,0.08530460913930238,0.038171634,False,0.0702075008302927
7697,ATAGAACTGGTCAT-1,8-9,0.26666666666666666,0.20771844883690962,0.44419578,False,0.07022480107843876
115,AACAGCACAGGCGA-1,4-5,0.06666666666666667,0.10764243204553911,0.207471,False,0.06918444950133562
10615,GGCGCATGGGCGAA-1,8-9,0.0,0.0,0.2973809,True,0.06959931459277868
3532,GAGCATACAAGTGA-1,4-5,0.06666666666666667,0.17060921827860476,0.0964958,False,0.06994133815169334
10290,GCGAAGGAACTCTT-1,8-9,0.0,0.0,0.33489555,True,0.06996853183954954
4704,GTTAGTCTACCCAA-1,4-5,0.26666666666666666,0.31318785914692343,0.16249,False,0.06999364029616117
9799,GACGATTGAGCGTT-1,8-9,0.0,0.0,0.27643532,True,0.06992921698838472
5704,TGCAACGAAAGCCT-1,4-5,0.13333333333333333,0.21819945618047537,0.3271447,False,0.07026427518576384
7631,AGTTTGCTCTCCAC-1,8-9,0.13333333333333333,0.1303471303300233,0.40417647,False,0.07007195893675089
1926,CAATATGATCCCGT-1,4-5,0.3333333333333333,0.3808664696559477,0.24271473,False,0.07028879690915346
10283,GCCTGACTACTCAG-1,8-9,0.0,0.0,0.18682027,True,0.0703606940805912
5009,TAGAATTGAGCCAT-1,4-5,0.0,0.0,0.20904696,True,0.06936132442206144
12195,TGTGGATGCTCTTA-1,8-9,0.06666666666666667,0.0475902379018706,0.04698456,False,0.07008326798677444
5882,TGGTATCTCCGTAA-1,4-5,0.06666666666666667,0.05686973942620158,0.05824606,False,0.07045494206249714
6692,AATTGTGACTCAAG-1,8-9,0.13333333333333333,0.13912582516207192,0.08349409,False,0.07024192158132792
2736,CGCCATTGTTCCCG-1,4-5,0.2,0.28273994025496874,0.5516772,False,0.07042276486754417
8974,CGAGGCACGGAAAT-1,8-9,0.2,0.19111936006774366,0.51485276,False,0.06979865208268166
5357,TCATCAACCACTTT-1,4-5,0.13333333333333333,0.11081108688510354,0.0996157,False,0.06958985142409801
6988,ACGGTATGGAGGGT-1,8-9,0.0,0.0,0.017501086,True,0.06945749931037426
4610,GTGACCCTCTCCAC-1,4-5,0.0,0.0,0.34253755,True,0.06977031659334898
10587,GGCCACGACTTCGC-1,8-9,0.2,0.3072723196565508,0.60565746,False,0.07020748313516378
1978,CACAGTGACTGATG-1,4-5,0.06666666666666667,0.046105120275897894,0.39940196,False,0.06958127859979868
12531,TTTCGAACTTCTCA-1,8-9,0.13333333333333333,0.13947804593499064,0.4217948,False,0.06974627822637558
2287,CATTGTACAATGCC-1,4-5,0.06666666666666667,0.0475902379018706,0.454655,False,0.06961184274405241
10803,GTAGACTGCAAGCT-1,8-9,0.06666666666666667,0.053821216022769555,0.24171534,False,0.06921415310353041
4689,GTTAAATGCCGAAT-1,4-5,0.13333333333333333,0.11612969547347292,0.15522408,False,0.069828144274652
8515,CATCTCCTTCTAGG-1,8-9,0.13333333333333333,0.09125903642680894,0.14591704,False,0.06967657804489136
1472,ATCATGCTCGTAAC-1,4-5,0.13333333333333333,0.10445997732807218,0.04032173,False,0.07003166899085045
12428,TTGAGGTGGTGTAC-1,8-9,0.13333333333333333,0.27825165032414384,0.18088028,False,0.06994840409606695
630,ACGACCCTCCCACT-1,4-5,0.0,0.0,0.12610921,True,0.06991428323090076
9785,GACGAACTCCAATG-1,8-9,0.26666666666666666,0.25741364791982824,0.045459155,False,0.06988796964287758
2550,CCTCGAACCATGAC-1,4-5,0.06666666666666667,0.05135849223864361,0.24660863,False,0.07020422536879778
9989,GATAGCACCTGACA-1,8-9,0.06666666666666667,0.049317124049935504,0.48582432,False,0.06997834052890539
382,AATGCGTGCCACAA-1,4-5,0.13333333333333333,0.09401079680829481,0.07213798,False,0.07003148552030325
11601,TCACGAGACTCCAC-1-1,8-9,0.3333333333333333,0.362897952681084,0.36866012,False,0.06981685198843479
3286,GAAAGTGATTCCCG-1,4-5,0.0,0.0,0.17229041,True,0.07000418659299612
10728,GGTATCGAGTTGAC-1,8-9,0.4,0.3672897282224411,0.24022554,False,0.06988404039293528
6004,TTAGGGTGATCGAC-1,4-5,0.4666666666666667,0.34771423448497,0.1504038,False,0.06963455304503441
9595,CTTTACGATCGTAG-1,8-9,0.0,0.0,0.40483063,True,0.06997308507561684
3005,CTATCCCTCTACGA-1,4-5,0.06666666666666667,0.049317124049935504,0.69713277,False,0.06930524297058582
10711,GGTAAAGAGAGGAC-1,8-9,0.4666666666666667,0.44639849774995316,0.050796453,False,0.06965163443237543
1826,CAAATATGCTCTAT-1,4-5,0.13333333333333333,0.09746361251454151,0.102647126,False,0.06936476193368435
10205,GCCAAAACTACAGC-1,8-9,0.26666666666666666,0.3129096646802473,0.03321682,False,0.06961227022111416
6042,TTCAACACTGACAC-1,4-5,0.06666666666666667,0.043668798524938345,0.730503,False,0.06999228056520224
8278,CACGATGAGCATAC-1-1,8-9,0.13333333333333333,0.1195825111797196,0.23465739,False,0.06955328956246376
3388,GACACTGACTTAGG-1,4-5,0.13333333333333333,0.08847923037887294,0.04360372,False,0.06974638719111681
7079,ACTCTCCTAACAGA-1,8-9,0.2,0.13606946828074354,0.4731736,False,0.06949027720838785
5502,TCGCACACCGCTAA-1,4-5,0.0,0.0,0.4770171,True,0.06993150524795055
8099,CAACAGACACGTTG-1,8-9,0.13333333333333333,0.10313834007270506,0.2436385,False,0.07018916681408882
953,AGAGTCACGAAGGC-1,4-5,0.13333333333333333,0.11764196916392194,0.4859868,False,0.06978344731032848
7412,AGGACTTGAGCGTT-1,8-9,0.0,0.0,0.46883604,True,0.07011082489043474
5023,TAGAGCACCTCGCT-1,4-5,0.5333333333333333,0.6460717342954381,0.08466773,False,0.07008999306708574
7846,ATCTTGACCTCCAC-1,8-9,0.0,0.0,0.037115127,True,0.07028655242174864
122,AACCACGAGCAAGG-1,4-5,0.0,0.0,0.2376957,True,0.07020511571317911
9193,CGTCCATGATGACC-1,8-9,0.06666666666666667,0.05686973942620158,0.230351,False,0.06994004361331463
84,AAATTCGACTTGCC-1,4-5,0.13333333333333333,0.09616892409257823,0.102595896,False,0.06968491803854704
11477,TATACGCTTAACGC-1,8-9,0.06666666666666667,0.053821216022769555,0.15894163,False,0.0694543058052659
4833,TAAGCTCTTGCATG-1,4-5,0.0,0.0,0.11684571,True,0.07003731466829777
12002,TGCAGATGTCGTAG-1,8-9,0.0,0.0,0.54602206,True,0.07008741144090891
6009,TTAGGGTGTCCCAC-1,4-5,0.2,0.17609000881882478,0.57248294,False,0.0699996342882514
11202,TAATGTGAGTCTGA-1,8-9,0.13333333333333333,0.11210577530706682,0.15692069,False,0.07012125663459301
60,AAATCAACGGGACA-1,4-5,0.06666666666666667,0.07347739090382172,0.27425072,False,0.06945604551583529
12039,TGCTAGGAGCTTAG-1,8-9,0.2,0.19989805489979232,0.18503657,False,0.0699307732284069
2063,CACTGAGAGTTGCA-1,4-5,0.13333333333333333,0.11531777908110442,0.2833484,False,0.07027120236307383
11705,TCCCGATGACTCTT-1,8-9,0.0,0.0,0.59007895,True,0.06993343029171228
2232,CATCGCTGACCCAA-1,4-5,0.06666666666666667,0.10764243204553911,0.010999218,False,0.07009163126349449
12005,TGCATGGAGCAGTT-1,8-9,0.13333333333333333,0.14607683887702272,0.116127826,False,0.06966018304228783
2952,CTACGGCTGGTGGA-1,4-5,0.13333333333333333,0.17364308707670803,0.026789505,False,0.06977837905287743
7847,ATCTTGACGGAAGC-1,8-9,0.13333333333333333,0.10313834007270506,0.7092785,False,0.07002261001616716
1036,AGCCGTCTGGACTT-1,4-5,0.2,0.26751658023041086,0.39875892,False,0.06954522803425789
6804,ACCACCTGTCCTCG-1,8-9,0.2,0.18428847778892526,0.025627375,False,0.07000865507870913
5648,TGACTTACTTCCAT-1,4-5,0.13333333333333333,0.1289734076642407,0.17885713,False,0.07011924404650927
7398,AGGAAATGTGTCTT-1,8-9,0.13333333333333333,0.10618686347613708,0.73895967,False,0.06960274465382099
4546,GTCCAAGAAGCTCA-1,4-5,0.06666666666666667,0.046105120275897894,0.34674075,False,0.06975232437252998
10761,GTAACGTGCTTGCC-1,8-9,0.0,0.0,0.25455052,True,0.06967063527554274
4031,GCGTACCTAACAGA-1,4-5,0.2,0.27926217787942487,0.1237451,False,0.06972854118794203
6433,AACGTCGATGGAGG-1,8-9,0.06666666666666667,0.05135849223864361,0.13665223,False,0.0696884710341692
1307,AGTTCTACGAGACG-1,4-5,0.13333333333333333,0.14217434856550396,0.04269874,False,0.07022256404161453
10492,GGACGAGAGAAGGC-1,8-9,0.13333333333333333,0.09024254247152179,0.8619168,False,0.06953638233244419
4845,TAATCGCTATAAGG-1,4-5,0.06666666666666667,0.053821216022769555,0.1662898,False,0.0696839177981019
7132,ACTTGTACACACGT-1,8-9,0.06666666666666667,0.08530460913930238,0.123238586,False,0.06958475988358259
881,AGAATGGAATCTCT-1,4-5,0.0,0.0,0.36956555,True,0.06967849936336279
9072,CGCGATCTTCAGAC-1,8-9,0.4,0.3486462823134708,0.040296882,False,0.06992564350366592
5063,TAGGCAACCCTCCA-1,4-5,0.0,0.0,0.24438772,True,0.07038517482578754
9777,GACCCTACGTAGGG-1,8-9,0.2,0.1963477853611922,0.082222536,False,0.07005796208977699
1759,ATTGGGTGGATAAG-1,4-5,0.06666666666666667,0.06600065503116892,0.14155513,False,0.0697412509471178
9210,CGTGAATGAGATCC-1,8-9,0.0,0.0,0.008151786,True,0.06999424379318953
4305,GGGACCACGCTGAT-1,4-5,0.06666666666666667,0.053821216022769555,0.09463637,False,0.06979463249444962
6674,AATGTAACTGTCTT-1,8-9,0.13333333333333333,0.21326152284825595,0.76797795,False,0.07005307357758284
3806,GCACCTTGAACGAA-1,4-5,0.13333333333333333,0.136663101377946,0.14086132,False,0.06972973607480526
11273,TACGGCCTGAACCT-1,8-9,0.13333333333333333,0.11459344576048992,0.11571556,False,0.06977806519716978
3633,GAGTTGTGGTAAAG-1,4-5,0.13333333333333333,0.08746273642358579,0.07133271,False,0.06940583325922489
7600,AGTTAAACCCAAGT-1,8-9,0.0,0.0,0.31368095,True,0.0694078728556633
5982,TTACTCGATAAAGG-1,4-5,0.2,0.22746430309947757,0.30357134,False,0.06952868402004242
8185,CAATATGACTTCCG-1,8-9,0.0,0.0,0.696304,True,0.06982666812837124
4123,GGAAGGTGGTTGCA-1,4-5,0.13333333333333333,0.11714618942876005,0.031361252,False,0.0697716735303402
6911,ACGAGGGATCAGAC-1,8-9,0.13333333333333333,0.11359089293303952,0.43365175,False,0.06982577685266733
5178,TATCAAGAGCGTTA-1,4-5,0.0,0.0,0.212661,True,0.06989380717277527
8411,CAGGAACTTTCGTT-1,8-9,0.0,0.0,0.11971869,True,0.0701231425628066
650,ACGATTCTCTCAAG-1,4-5,0.06666666666666667,0.053821216022769555,0.13617143,False,0.06953499279916286
8525,CATGAGACTCTTTG-1,8-9,0.06666666666666667,0.07347739090382172,0.221655,False,0.06906263064593077
5137,TAGTTCACGCAGTT-1,4-5,0.0,0.0,0.17899616,True,0.06895915698260069
7422,AGGATAGATACTCT-1,8-9,0.06666666666666667,0.06600065503116892,0.20082882,False,0.07023337110877037
4056,GCTACGCTTTTACC-1,4-5,0.2,0.17669161048014007,0.3661882,False,0.0704476023092866
10930,GTCTAACTATAAGG-1,8-9,0.2,0.1961156960244059,0.3110203,False,0.07021297886967659
494,ACAGTCGAGTGCTA-1,4-5,0.06666666666666667,0.043668798524938345,0.112226896,False,0.07018964644521475
11341,TAGAGAGAGCAGTT-1,8-9,0.06666666666666667,0.046105120275897894,0.6103665,False,0.06967312656342983
1757,ATTGCTTGGCTATG-1,4-5,0.0,0.0,0.06544433,True,0.06919936370104551
10219,GCCAACCTCGAATC-1,8-9,0.0,0.0,0.11849223,True,0.06983478646725416
768,ACTACGGAATGTCG-1,4-5,0.3333333333333333,0.3908673457469035,0.18772449,False,0.06980379950255156
11080,GTTGATCTGGATCT-1,8-9,0.26666666666666666,0.25587739820684524,0.22287175,False,0.0698742950335145
4581,GTCGACCTAACCTG-1,4-5,0.06666666666666667,0.06600065503116892,0.041254498,False,0.06934247631579638
10786,GTACCCTGTTACCT-1,8-9,0.13333333333333333,0.12729860692659126,0.16252483,False,0.0698053129017353
2738,CGCCGAGACTCCAC-1,4-5,0.3333333333333333,0.4188218444008821,0.13587421,False,0.0699254684150219
6567,AAGTATACACCTGA-1,8-9,0.0,0.0,0.29231712,True,0.06971005536615849
6231,TTTCTACTGAAAGT-1,4-5,0.13333333333333333,0.09894873014051422,0.4909652,False,0.06991702038794756
9143,CGGCGATGGCTACA-1,8-9,0.3333333333333333,0.29442022718764915,0.1554918,False,0.07021720428019762
2385,CCAGTGCTTAAAGG-1,4-5,0.06666666666666667,0.04481043185393461,0.035066582,False,0.07010973803699017
10110,GCACAAACAACGTC-1,8-9,0.06666666666666667,0.043668798524938345,0.13896793,False,0.06950563937425613
229,AAGAGATGATCACG-1,4-5,0.13333333333333333,0.1552326699474097,0.12013872,False,0.0694465609267354
8045,ATTGGGTGAAGATG-1,8-9,0.06666666666666667,0.06600065503116892,0.49414483,False,0.06998091656714678
4178,GGAGCCACGGTACT-1,4-5,0.06666666666666667,0.10764243204553911,0.38324395,False,0.06943342462182045
12094,TGGATTCTGGTTAC-1,8-9,0.06666666666666667,0.10764243204553911,0.2203027,False,0.06919383630156517
5396,TCCATAACCCTTCG-1,4-5,0.26666666666666666,0.3667249143030107,0.4281719,False,0.06942261755466461
6730,ACACAGACCCCTCA-1,8-9,0.2,0.19788497451706089,0.392532,False,0.06937386002391577
2333,CCAATTTGAAAAGC-1,4-5,0.0,0.0,0.24456647,True,0.06933057494461536
12281,TTAGTCTGTCACGA-1,8-9,0.06666666666666667,0.17060921827860476,0.28967214,False,0.06988493725657463
2925,CTAATAGACTACTT-1,4-5,0.2,0.2888970410363611,0.69854224,False,0.06956411711871624
12194,TGTGGATGCAACTG-1,8-9,0.06666666666666667,0.053821216022769555,0.02110968,False,0.06952853593975306
6135,TTCTGATGTTGAGC-1,4-5,0.26666666666666666,0.41737747548621584,0.043026425,False,0.06959118600934744
10244,GCCCAGGAGCGGAA-1,8-9,0.13333333333333333,0.10618686347613708,0.47838104,False,0.0701553151011467
3130,CTGAGCCTTGATGC-1,4-5,0.26666666666666666,0.23073708236179957,0.13590893,False,0.07007829006761312
11568,TCAAGTCTGCAAGG-1,8-9,0.13333333333333333,0.10297485970209948,0.4760752,False,0.07015262078493834
5667,TGAGGACTGGACGA-1,4-5,0.0,0.0,0.5185531,True,0.06984041444957256
9627,GAAAGATGGTACAC-1,8-9,0.0,0.0,0.28977498,True,0.07002995070070028
5061,TAGGCAACACTTTC-1,4-5,0.0,0.0,0.6254199,True,0.07011277973651886
11289,TACTACACGTTTGG-1,8-9,0.0,0.0,0.03613315,True,0.07030399609357119
1197,AGGTGGGAGGAACG-1,4-5,0.13333333333333333,0.08632110309458953,1.0425769,False,0.07005621585994959
12357,TTCCATGAAGAGAT-1,8-9,0.06666666666666667,0.06077222973772036,0.3094793,False,0.07021233905106783
4017,GCGGAGCTGTGTTG-1,4-5,0.06666666666666667,0.046105120275897894,0.3962745,False,0.06979200895875692
9701,GAAGTCTGGGGATG-1,8-9,0.13333333333333333,0.10966945355610726,0.09107508,False,0.07006395142525434
5907,TGTAGTCTTTGCGA-1,4-5,0.0,0.0,0.31275758,True,0.07021120470017195
7817,ATCGTTTGGACGTT-1,8-9,0.06666666666666667,0.04481043185393461,0.059027843,False,0.07010641973465681
3790,GCACAATGTCTTCA-1,4-5,0.0,0.0,0.13856354,True,0.07018034625798464
8948,CGACTCTGCACTGA-1,8-9,0.06666666666666667,0.04481043185393461,0.15825602,False,0.07007771637290716
3386,GACAACTGGTACCA-1,4-5,0.0,0.0,0.48329967,True,0.06991074793040752
11954,TGATACCTAGGTTC-1,8-9,0.13333333333333333,0.10618686347613708,0.30735993,False,0.06959149427711964
4728,GTTATGCTTGCCAA-1,4-5,0.06666666666666667,0.06600065503116892,0.48250002,False,0.07000360079109669
10493,GGACGAGATGTCTT-1,8-9,0.0,0.0,0.10017304,True,0.07025800738483667
3866,GCAGTTGATGTGCA-1,4-5,0.06666666666666667,0.07347739090382172,0.074489094,False,0.06990513578057289
9288,CTACTATGTAGACC-1,8-9,0.0,0.0,0.16237265,True,0.06986456271260977
3260,CTTTAGTGTGTCCC-1,4-5,0.13333333333333333,0.1267728847688893,0.02486848,False,0.06998252123594284
8919,CGAATCGAACCCTC-1,8-9,0.13333333333333333,0.11081108688510354,0.39342546,False,0.07024577353149652
2104,CAGATGACTTGCTT-1,4-5,0.0,0.0,0.45930475,True,0.07011612690985203
6937,ACGCCACTCACAAC-1-1,8-9,0.13333333333333333,0.1289734076642407,0.073237315,False,0.06957689579576254
851,ACTTTGTGGTATCG-1,4-5,0.0,0.0,0.3713314,True,0.07015409227460623
6868,ACCTATTGCCCTCA-1,8-9,0.13333333333333333,0.27825165032414384,0.51891553,False,0.07017753645777702
4251,GGCGACTGGCTTAG-1,4-5,0.06666666666666667,0.17060921827860476,0.46336433,False,0.06983298808336258
11103,TAAACAACTTTGGG-1,8-9,0.2,0.18584314709044228,0.5290323,False,0.069430080242455
2597,CGAAGACTTTCTTG-1,4-5,0.0,0.0,0.05848625,True,0.06972431857138872
10269,GCCGGAACTGCCAA-1,8-9,0.06666666666666667,0.05686973942620158,0.13527015,False,0.06966765131801367
3042,CTCAGCTGGAAGGC-1,4-5,0.13333333333333333,0.12106762880569233,0.43028682,False,0.06980861630290747
9597,CTTTAGACAGAGAT-1,8-9,0.06666666666666667,0.049317124049935504,0.040930934,False,0.06983603443950415
3182,CTGTAACTTCAAGC-1,4-5,0.06666666666666667,0.10764243204553911,0.047673725,False,0.06998462695628405
9546,CTTAAGCTGTATCG-1,8-9,0.0,0.0,0.19968893,True,0.07004853151738644
2497,CCGCGAGAATGACC-1,4-5,0.13333333333333333,0.11210577530706682,0.21440265,False,0.07002029940485954
11243,TACGAGTGCCTATT-1,8-9,0.06666666666666667,0.07347739090382172,0.22646523,False,0.07030973490327597
450,ACACAGACGAGGCA-1,4-5,0.2,0.277486568292223,0.037929896,False,0.07016482949256897
9131,CGGCATCTTGAAGA-1,8-9,0.0,0.0,0.5327861,True,0.06989872083067894
1150,AGGCTAACAACGAA-1,4-5,0.0,0.0,0.20780915,True,0.07009623851627111
6882,ACCTGGCTCCAAGT-1,8-9,0.0,0.0,0.3862546,True,0.06968962866812944
1424,ATAGGCTGTCCAAG-1,4-5,0.13333333333333333,0.21541965013253936,0.47515517,False,0.07002699002623558
7789,ATCCTAACAGTCTG-1,8-9,0.3333333333333333,0.2953472480590295,0.068147734,False,0.06977269891649485
85,AAATTCGATTTCAC-1,4-5,0.06666666666666667,0.0475902379018706,0.07106601,False,0.07003306783735752
11653,TCATCCCTTTGGTG-1,8-9,0.06666666666666667,0.046105120275897894,0.042355232,False,0.06996821891516447
700,ACGGATTGCTAGTG-1,4-5,0.13333333333333333,0.16146364806830865,0.800843,False,0.07000184617936611
7727,ATAGGAGATGGATC-1,8-9,0.06666666666666667,0.04265230456965119,0.026558682,False,0.0702707227319479
4885,TACATAGAGTCAAC-1,4-5,0.0,0.0,0.39579275,True,0.07054376788437366
6565,AAGTAGGATCTACT-1,8-9,0.3333333333333333,0.38327847820610866,0.54390687,False,0.07051657419651747
2078,CACTTATGCGTACA-1,4-5,0.26666666666666666,0.34105090157243234,0.3832746,False,0.06984078884124756
10135,GCACGGACCTACTT-1,8-9,0.06666666666666667,0.05135849223864361,0.27646822,False,0.06958937924355268
3886,GCCAAATGAGCACT-1,4-5,0.3333333333333333,0.32187805323801416,0.13652034,False,0.06949708051979542
10430,GCTTAACTTGTGGT-1,8-9,0.2,0.18879516998492615,0.29196686,False,0.06995472311973572
4373,GGTAGTACGAGATA-1,4-5,0.0,0.0,0.2303355,True,0.07004837691783905
9435,CTCGACTGCATCAG-1,8-9,0.0,0.0,0.22452922,True,0.07024872209876776
5073,TAGGCTGATGTGGT-1,4-5,0.06666666666666667,0.10764243204553911,0.3746537,False,0.06993662007153034
9581,CTTGAGGAGATAGA-1,8-9,0.13333333333333333,0.10141145392464015,0.61304647,False,0.07018037978559732
4696,GTTACTACATGTCG-1,4-5,0.06666666666666667,0.049317124049935504,0.28123206,False,0.07008854579180479
7155,AGAACAGACACTTT-1,8-9,0.06666666666666667,0.049317124049935504,0.25916174,False,0.07024023402482271
1750,ATTGCTACAGGAGC-1,4-5,0.0,0.0,0.08083503,True,0.07021440472453833
9594,CTTTACGAGTAGGG-1,8-9,0.13333333333333333,0.09401079680829481,0.084119454,False,0.07035576365888119
4927,TACGCGCTGTTACG-1,4-5,0.26666666666666666,0.2242364972834308,0.19831719,False,0.06990915350615978
9477,CTGAGAACTTTCAC-1,8-9,0.2,0.1781313770075329,0.38918152,False,0.06971879582852125
4693,GTTACGGATCTCAT-1,4-5,0.13333333333333333,0.12483588314246533,0.79144686,False,0.06976177543401718
7267,AGATTCCTGAACTC-1,8-9,0.06666666666666667,0.10764243204553911,0.18263417,False,0.07009311486035585
5681,TGATAAACAGGTCT-1,4-5,0.06666666666666667,0.053821216022769555,0.17754152,False,0.06967062875628471
7318,AGCCGGTGCTAAGC-1,8-9,0.0,0.0,0.3221463,True,0.0698979776352644
5246,TATGTCTGTCCCGT-1,4-5,0.13333333333333333,0.22747895770480633,0.15305245,False,0.07004372216761112
7050,ACTATCACCCAATG-1,8-9,0.2,0.2737475583513098,0.22178358,False,0.06984315440058708
1492,ATCCTAACTTGACG-1,4-5,0.06666666666666667,0.049317124049935504,0.05085265,False,0.06985467486083508
10571,GGCACGTGAGATCC-1,8-9,0.0,0.0,0.15030892,True,0.07000240869820118
5491,TCGATTTGGGTAAA-1,4-5,0.0,0.0,0.08091511,True,0.07020734529942274
9807,GACGCTCTACCTCC-1-1,8-9,0.13333333333333333,0.23660987330977368,0.0810492,False,0.07057659700512886
2158,CAGGTTGAATTCGG-1,4-5,0.06666666666666667,0.05686973942620158,0.45285755,False,0.06989177875220776
12151,TGTAGGTGGCTGTA-1,8-9,0.06666666666666667,0.0475902379018706,0.47425535,False,0.06982045900076628
3013,CTATGACTTATGCG-1,4-5,0.13333333333333333,0.136663101377946,0.13743663,False,0.0690800016745925
12393,TTCTCAGAGACGGA-1,8-9,0.06666666666666667,0.17060921827860476,0.22231618,False,0.06971547473222017
2310,CCAAAGTGTCCCGT-1,4-5,0.13333333333333333,0.1587820000431241,0.08425723,False,0.07013938948512077
9758,GACAGTTGTGGTTG-1,8-9,0.0,0.0,0.10545165,True,0.07036164030432701
780,ACTATCACCCTCCA-1,4-5,0.13333333333333333,0.21427801680354308,0.14513487,False,0.07041364442557096
9091,CGCTACTGTGTTTC-1,8-9,0.13333333333333333,0.14607683887702272,0.26039734,False,0.07019384857267141
3786,GCACAAACTGGAAA-1,4-5,0.2,0.21845351893064263,0.54678255,False,0.07009546924382448
11453,TAGTTCACTGGTGT-1,8-9,0.0,0.0,0.17522255,True,0.06976433098316193
6183,TTGGAGTGACGGGA-1,4-5,0.0,0.0,0.18095653,True,0.07030923198908567
11549,TATGTCTGGAAGGC-1,8-9,0.0,0.0,0.026724279,True,0.07015503197908401
2503,CCGCTATGGATAAG-1,4-5,0.13333333333333333,0.25591382741790714,0.08461318,False,0.07006225548684597
8514,CATCTCCTTCCGTC-1,8-9,0.06666666666666667,0.053821216022769555,0.16677275,False,0.06975820288062096
1788,ATTTCCGACCTGAA-1,4-5,0.2,0.1401423191173591,0.7214918,False,0.0696870656684041
8586,CCAACCTGCACTTT-1,8-9,0.06666666666666667,0.05135849223864361,0.30812052,False,0.06995533406734467
3749,GATTGGTGAAGAAC-1,4-5,0.2,0.23247831518800446,1.4064789,False,0.06960308458656073
11141,TAACTAGATTACCT-1-1,8-9,0.0,0.0,0.060270432,True,0.0699716517701745
895,AGACACACTAACCG-1,4-5,0.4666666666666667,0.5275568491580158,0.21993116,False,0.07000622153282166
11646,TCATCATGATCACG-1,8-9,0.06666666666666667,0.043668798524938345,0.12598458,False,0.06997154280543327
1362,ATACAATGTTTCAC-1,4-5,0.0,0.0,0.06721095,True,0.07020433153957129
11372,TAGGACTGGTAGCT-1,8-9,0.4666666666666667,0.5633818072001823,0.49703154,False,0.0697576692327857
5843,TGGATTCTCGGAGA-1,4-5,0.13333333333333333,0.136663101377946,0.36892375,False,0.0701817711815238
11639,TCAGTTACCTATGG-1,8-9,0.06666666666666667,0.06077222973772036,0.020581871,False,0.07051139324903488
5863,TGGGTATGTTCGTT-1,4-5,0.13333333333333333,0.1513052641704713,0.42484978,False,0.06958107650279999
6825,ACCAGTGATCTCTA-1,8-9,0.0,0.0,0.21843415,True,0.07013413403183222
3317,GAAGAATGAAACGA-1,4-5,0.06666666666666667,0.043668798524938345,0.06722328,False,0.0699991611763835
12240,TTACGTACCAGAAA-1,8-9,0.13333333333333333,0.13011504099323698,0.074111246,False,0.06965747103095055
26,AAAGACGAGAGCTT-1,4-5,0.06666666666666667,0.08530460913930238,0.105496965,False,0.06996241770684719
11909,TGACGCCTGATACC-1,8-9,0.13333333333333333,0.1929470411848415,0.19621572,False,0.06949932686984539
3603,GAGGTTTGGACGTT-1,4-5,0.0,0.0,0.09740476,True,0.07006227225065231
11234,TACCGCTGGCTTAG-1,8-9,0.06666666666666667,0.053821216022769555,0.08539631,False,0.07002781704068184
1139,AGGCAGGAAGTCAC-1,4-5,0.06666666666666667,0.07347739090382172,0.10375878,False,0.06959982682019472
8039,ATTGCTTGAGAGGC-1,8-9,0.0,0.0,0.50289017,True,0.07021032739430666
761,ACGTTTACGGTGTT-1,4-5,0.0,0.0,0.11946625,True,0.07019322644919157
9934,GAGTACACCTCGAA-1,8-9,0.0,0.0,0.15941578,True,0.07020166330039501
5003,TAGAAACTCTTCGC-1,4-5,0.0,0.0,0.4461028,True,0.0702001927420497
7636,ATAAACACCCACAA-1,8-9,0.13333333333333333,0.11982187105393848,0.3465643,False,0.07022037915885448
3099,CTGAAGACATGCCA-1,4-5,0.2,0.26085176075012656,0.72012764,False,0.07021111901849508
8345,CAGAAGCTAAGATG-1,8-9,0.06666666666666667,0.10764243204553911,0.32147068,False,0.06963311601430178
2911,CTAACGGACAGTCA-1,4-5,0.0,0.0,0.08630821,True,0.07016270235180855
10171,GCAGGCACTCGCAA-1,8-9,0.06666666666666667,0.17060921827860476,0.08427974,False,0.06983125396072865
5464,TCGACCTGCCCACT-1,4-5,0.06666666666666667,0.0475902379018706,0.05930471,False,0.06977537740021944
9465,CTGACAGACAGGAG-1,8-9,0.0,0.0,0.7447562,True,0.06920912861824036
5683,TGATACCTCTCATT-1,4-5,0.2,0.29340373323236196,0.3615548,False,0.06961770076304674
7200,AGACTGACTGAACC-1,8-9,0.13333333333333333,0.1587820000431241,0.12518173,False,0.07042940426617861
2637,CGACGTCTGTTCTT-1,4-5,0.0,0.0,0.24377047,True,0.0699405251070857
8521,CATGAGACCGCAAT-1,8-9,0.2,0.27926217787942487,0.0026497096,False,0.0699795363470912
1401,ATAGATTGCCATGA-1,4-5,0.0,0.0,0.38461566,True,0.07015311252325773
10810,GTAGCATGAAACAG-1,8-9,0.3333333333333333,0.25991601353239807,0.3589078,False,0.0702587766572833
4894,TACCGCTGGTATCG-1,4-5,0.3333333333333333,0.35439488721114093,0.08900247,False,0.07012501265853643
8329,CACTGCTGACTGTG-1,8-9,0.06666666666666667,0.043668798524938345,0.17300569,False,0.0702273715287447
281,AAGGTCTGTCTTCA-1,4-5,0.0,0.0,0.14681295,True,0.07013051770627499
8519,CATCTTGATCACGA-1,8-9,0.0,0.0,0.59582734,True,0.07015027198940516
3056,CTCCATCTGCTTCC-1,4-5,0.0,0.0,0.035607904,True,0.06991189066320658
11132,TAACGTCTGTACCA-1,8-9,0.0,0.0,0.83520675,True,0.06944032479077578
982,AGATCTCTTCGCTC-1,4-5,0.13333333333333333,0.1587820000431241,0.33953667,False,0.0693671740591526
8326,CACTGAGATTTCAC-1,8-9,0.0,0.0,0.2969451,True,0.06954917032271624
2427,CCCACATGTCACCC-1,4-5,0.06666666666666667,0.04481043185393461,0.03647282,False,0.06997627858072519
12464,TTGGGAACCTTCGC-1,8-9,0.13333333333333333,0.08632110309458953,0.6906266,False,0.06988336145877838
4882,TACATAGAACGGGA-1,4-5,0.0,0.0,0.426683,True,0.06944419257342815
7722,ATAGGAGAAAGAGT-1,8-9,0.06666666666666667,0.049317124049935504,0.06545651,False,0.06962563097476959
2780,CGGAGGCTACCAGT-1,4-5,0.0,0.0,0.33796158,True,0.0693787019699812
10381,GCTACCTGTTGACG-1,8-9,0.0,0.0,0.7379057,True,0.0689946785569191
4198,GGAGTTTGTTACCT-1,4-5,0.13333333333333333,0.15900092428418272,0.5445478,False,0.06950243562459946
11939,TGAGGACTGTTGCA-1-1,8-9,0.06666666666666667,0.06600065503116892,0.2235384,False,0.06928708404302597
1875,CAAGCATGACCAAC-1,4-5,0.2,0.260383137079441,0.5354667,False,0.06925954017788172
12099,TGGCACCTGCTCCT-1,8-9,0.06666666666666667,0.049317124049935504,0.09154367,False,0.06918545626103878
302,AAGTGCACTGAAGA-1,4-5,0.0,0.0,0.63609695,True,0.06981466710567474
6298,AAAGCCTGGCAAGG-1,8-9,0.4,0.38246224676381946,0.19209541,False,0.06998972315341234
1371,ATACCGGAATTCCT-1,4-5,0.06666666666666667,0.046105120275897894,0.46889845,False,0.06977076083421707
7117,ACTTCAACGTTGCA-1,8-9,0.13333333333333333,0.11982187105393848,0.040464647,False,0.06975141353905201
2185,CATAAAACTGAGAA-1,4-5,0.13333333333333333,0.22747895770480633,0.074386984,False,0.07013809867203236
12144,TGTAATGACTCGCT-1,8-9,0.06666666666666667,0.043668798524938345,0.19036323,False,0.06984743382781744
93,AACAAACTCCAAGT-1,4-5,0.0,0.0,0.10962634,True,0.06977950688451529
8558,CATTCCCTTGGATC-1,8-9,0.0,0.0,0.8764784,True,0.06997949630022049
517,ACATCACTAGGCGA-1,4-5,0.26666666666666666,0.23288126851824625,0.26417062,False,0.07023040484637022
11551,TATGTGCTCAGTCA-1,8-9,0.5333333333333333,0.6294391361485207,0.21332629,False,0.07005822006613016
5743,TGCATGGACGTGTA-1,4-5,0.26666666666666666,0.21903931854994874,0.37007475,False,0.06943763233721256
11602,TCACGAGAGGTGAG-1,8-9,0.06666666666666667,0.17060921827860476,0.4070332,False,0.0701499180868268
1502,ATCGAGTGTCTTTG-1,4-5,0.0,0.0,0.12355614,True,0.07040626276284456
10546,GGATGTTGTGAGAA-1,8-9,0.06666666666666667,0.049317124049935504,0.29920512,False,0.07004300598055124
3843,GCAGCTCTACCTGA-1,4-5,0.0,0.0,0.19710878,True,0.06970228720456362
6824,ACCAGTGATCTAGG-1,8-9,0.13333333333333333,0.2313814480163251,0.1270347,False,0.07015181053429842
2322,CCAAGATGGCTTCC-1,4-5,0.2,0.16595193799913355,0.6541723,False,0.06995297875255346
12329,TTCAGTTGTGAGCT-1,8-9,0.13333333333333333,0.1346217331892379,0.23652078,False,0.06994491722434759
518,ACATCACTTGGTGT-1,4-5,0.4666666666666667,0.4601846914702851,0.10399504,False,0.07002661004662514
10355,GCGTAAACCTTCCG-1,8-9,0.0,0.0,0.2567369,True,0.0697773601859808
2810,CGGGACTGTGTCAG-1,4-5,0.06666666666666667,0.049317124049935504,0.5642282,False,0.0699075274169445
6362,AACACTCTAGATGA-1,8-9,0.2,0.16667627131974805,0.41632473,False,0.06996304448693991
2270,CATTACACAGATCC-1,4-5,0.13333333333333333,0.14607683887702272,0.0813237,False,0.06988329812884331
6978,ACGGCTCTTATGGC-1,8-9,0.06666666666666667,0.0475902379018706,0.27844617,False,0.06950189173221588
5955,TTACACACAGTGTC-1,4-5,0.13333333333333333,0.14607683887702272,0.57609683,False,0.06941743567585945
8996,CGATCCACGGTTTG-1,8-9,0.13333333333333333,0.1228703944573705,0.09777955,False,0.07003496401011944
3487,GACTCCTGCTTCGC-1,4-5,0.2,0.14548604814251373,0.24604186,False,0.06962865870445967
12161,TGTATCTGCTCAAG-1,8-9,0.26666666666666666,0.2115519397993063,0.08093399,False,0.06905355025082827
1453,ATCAACCTTCTAGG-1,4-5,0.0,0.0,0.13417043,True,0.06920144241303205
8796,CCGAAAACGTACAC-1,8-9,0.13333333333333333,0.10141145392464015,0.052265055,False,0.07027276512235403
2003,CACCGTACCTCGCT-1,4-5,0.2,0.15189703018978354,0.6710574,False,0.06948305945843458
7031,ACGTTTACTGTCCC-1,8-9,0.06666666666666667,0.046105120275897894,0.69351375,False,0.07001327909529209
3597,GAGGTTACCTCTAT-1,4-5,0.0,0.0,0.6778337,True,0.06948045268654823
11974,TGATTCACTACGAC-1,8-9,0.06666666666666667,0.06077222973772036,0.0021258444,False,0.06939559988677502
5126,TAGTCTTGGATGAA-1,4-5,0.06666666666666667,0.08530460913930238,0.47724706,False,0.0697963759303093
6659,AATGCGTGGTCTGA-1,8-9,0.06666666666666667,0.043668798524938345,0.27949297,False,0.06949281226843596
1580,ATGAGCACTTCGGA-1,4-5,0.0,0.0,0.53856534,True,0.07003076188266277
10809,GTAGCAACGTAAGA-1,8-9,0.06666666666666667,0.043668798524938345,0.30144688,False,0.07006501592695713
6053,TTCACAACTAACCG-1,4-5,0.0,0.0,0.21777281,True,0.07027996052056551
8873,CCTCTACTCCCGTT-1,8-9,0.6,0.6687647228480639,0.08210908,False,0.07005515228956938
3256,CTTTAGTGCCGAAT-1,4-5,0.06666666666666667,0.04265230456965119,0.14715688,False,0.06995252892374992
10843,GTATCACTAACGGG-1,8-9,0.0,0.0,0.23052703,True,0.07006356306374073
3012,CTATGACTGTTGCA-1,4-5,0.06666666666666667,0.046105120275897894,0.52237,False,0.07050344999879599
6415,AACGCAACATGTCG-1,8-9,0.2,0.18033189990288434,0.07660579,False,0.07028904743492603
4799,TAACATGAGTTTGG-1,4-5,0.0,0.0,0.3074535,True,0.07015712279826403
9049,CGCCGAGACAAGCT-1,8-9,0.26666666666666666,0.26765388388500283,0.24197628,False,0.06983442138880491
1650,ATGTCGGATAACGC-1,4-5,0.06666666666666667,0.05686973942620158,0.16103788,False,0.07023996580392122
7269,AGCAAAGAGAATGA-1,8-9,0.06666666666666667,0.06077222973772036,0.13900112,False,0.06999189965426922
3238,CTTGAGGACCTCCA-1,4-5,0.2,0.19599556458827352,0.17266217,False,0.07024282496422529
10763,GTAAGCACTAGAAG-1,8-9,0.0,0.0,0.12506558,True,0.07004585582762957
5296,TCACCCGATGACAC-1,4-5,0.0,0.0,0.30072093,True,0.07009783014655113
12069,TGGACCCTGTACCA-1,8-9,0.2,0.20381135613811732,0.39575332,False,0.0697937635704875
3965,GCCTCAACGTGTAC-1,4-5,0.06666666666666667,0.06077222973772036,0.32410306,False,0.0700112720951438
9292,CTACTCCTCAAGCT-1,8-9,0.26666666666666666,0.25176792261799796,0.38842165,False,0.07005846220999956
2120,CAGCGTCTGACGTT-1,4-5,0.0,0.0,0.35078582,True,0.06984349712729454
9054,CGCCTAACCCCTTG-1,8-9,0.06666666666666667,0.0475902379018706,0.24438947,False,0.07014913205057383
4490,GTAGTGACCGTGTA-1,4-5,0.0,0.0,0.002903372,True,0.0701429657638073
11983,TGCAACGACGGGAA-1,8-9,0.13333333333333333,0.21541965013253936,0.203403,False,0.07007740437984467
5303,TCACCTCTCTTGAG-1,4-5,0.0,0.0,0.11044508,True,0.06958742346614599
11986,TGCAAGACAACCTG-1,8-9,0.2,0.1961156960244059,0.19259334,False,0.0700967125594616
4095,GCTTAACTTCCTGC-1,4-5,0.0,0.0,0.04154656,True,0.07017097901552916
10856,GTATGGTGCACTGA-1,8-9,0.13333333333333333,0.09125903642680894,0.14555278,False,0.07015535421669483
4735,GTTCAACTTCAGAC-1,4-5,0.2,0.25371927092256186,0.5597347,False,0.06926035135984421
6690,AATTGATGTTGCAG-1,8-9,0.13333333333333333,0.10053853795113993,0.6723525,False,0.07009648904204369
4983,TACTGGGACCACCT-1,4-5,0.13333333333333333,0.13912582516207192,0.40551674,False,0.07016273215413094
6952,ACGCGGTGGTTACG-1,8-9,0.0,0.0,0.06846672,True,0.06926157791167498
2354,CCACTTCTTAACCG-1,4-5,0.06666666666666667,0.06077222973772036,0.5260268,False,0.06937301624566317
9836,GACTGAACAAAACG-1,8-9,0.0,0.0,0.2213225,True,0.06975633651018143
3619,GAGTCAACGAGCTT-1,4-5,0.06666666666666667,0.049317124049935504,0.25797045,False,0.06915765441954136
6643,AATCTAGAGGAACG-1,8-9,0.0,0.0,0.14293271,True,0.06903351750224829
5324,TCAGACGATGCCTC-1,4-5,0.2,0.23043694699929634,0.01123619,False,0.06977174617350101
7936,ATGTAAACTTCGCC-1,8-9,0.06666666666666667,0.043668798524938345,0.1658727,False,0.06996488012373447
3613,GAGTACTGCTCATT-1,4-5,0.13333333333333333,0.12795691370895357,0.30075917,False,0.06970106158405542
8581,CATTTGTGTCAAGC-1,8-9,0.0,0.0,0.39752656,True,0.0697934003546834
574,ACCCAGCTGTTGTG-1,4-5,0.13333333333333333,0.08632110309458953,0.1388064,False,0.0699210250750184
11075,GTTGACGAAGCGGA-1,8-9,0.0,0.0,0.18374401,True,0.07005599606782198
1449,ATCAAATGTCAGTG-1,4-5,0.0,0.0,0.44638225,True,0.06932840496301651
9490,CTGATTTGTGCAAC-1,8-9,0.0,0.0,0.31491417,True,0.06917678471654654
5418,TCCCGAACGGACAG-1,4-5,0.2,0.16653919298230882,0.063056305,False,0.06937344558537006
8673,CCAGTCACTCAGGT-1,8-9,0.06666666666666667,0.06600065503116892,0.20698188,False,0.06946857646107674
154,AACGCAACAACAGA-1,4-5,0.06666666666666667,0.0475902379018706,0.23984349,False,0.06919585540890694
12298,TTCAAAGACAACCA-1,8-9,0.0,0.0,0.38462502,True,0.06992507632821798
6203,TTTAGAGATTCAGG-1,4-5,0.06666666666666667,0.049317124049935504,0.045314662,False,0.06969606410712004
6295,AAAGCAGAGTGTCA-1,8-9,0.13333333333333333,0.10618686347613708,0.51805377,False,0.07009121496230364
2307,CCAAAGTGCAACTG-1,4-5,0.2,0.2750691956066769,0.59132063,False,0.06986106187105179
11757,TCGAGAACAGCTAC-1,8-9,0.13333333333333333,0.15900092428418272,0.12959722,False,0.0700371265411377
6083,TTCATGACGGAAAT-1,4-5,0.0,0.0,0.6611155,True,0.0696904119104147
7491,AGGTGGGACAACTG-1,8-9,0.2,0.1643929430336542,1.0055307,False,0.06967710889875889
3431,GACCTAGACGAACT-1,4-5,0.13333333333333333,0.10168017128013618,0.4869653,False,0.07030243705958128
7958,ATGTTGCTCCTGTC-1,8-9,0.06666666666666667,0.06600065503116892,0.9753298,False,0.06983687728643417
1415,ATAGGAGAAACAGA-1,4-5,0.06666666666666667,0.08530460913930238,0.18021187,False,0.07009181473404169
7424,AGGATAGATGCTAG-1,8-9,0.2,0.2590884486574777,0.07837194,False,0.06992795690894127
1716,ATTCGGGACTGACA-1,4-5,0.26666666666666666,0.27926814427943103,0.19073343,False,0.07010724395513535
8160,CAAGTCGACTTTAC-1,8-9,0.0,0.0,0.22029153,True,0.06964038033038378
3326,GAAGATGAGGTGAG-1,4-5,0.06666666666666667,0.07347739090382172,0.018088493,False,0.06927481386810541
12383,TTCTACGACGAGAG-1,8-9,0.13333333333333333,0.10141145392464015,0.15999597,False,0.0696067251265049
1645,ATGTCACTGTAAAG-1,4-5,0.13333333333333333,0.1289734076642407,0.58760893,False,0.06970113050192595
10104,GCAAGACTTCGATG-1,8-9,0.06666666666666667,0.0475902379018706,0.05664804,False,0.06983240693807602
5092,TAGGTTCTGAACTC-1,4-5,0.13333333333333333,0.10313834007270506,0.44815016,False,0.0696058114990592
10941,GTCTGAGACCATGA-1,8-9,0.06666666666666667,0.08530460913930238,0.33278358,False,0.0697474330663681
745,ACGTGCCTGAAGGC-1,4-5,0.0,0.0,0.064357236,True,0.06977529264986515
10608,GGCCGATGTTTGTC-1,8-9,0.06666666666666667,0.07347739090382172,0.46760333,False,0.07000905554741621
590,ACCGAAACGGTTCA-1,4-5,0.06666666666666667,0.07347739090382172,0.405859,False,0.06969157420098782
6831,ACCATTTGGGTGTT-1,8-9,0.0,0.0,0.02178968,True,0.06919040344655514
4678,GTGTCAGATGGAAA-1,4-5,0.13333333333333333,0.21671433855450267,0.4003766,False,0.06966509856283665
10570,GGCACGTGACTGGT-1,8-9,0.3333333333333333,0.275833178472537,0.14493617,False,0.06913899630308151
3622,GAGTCTGACTCTTA-1,4-5,0.06666666666666667,0.05686973942620158,0.16144656,False,0.06935278419405222
12006,TGCATGGAGGTGAG-1,8-9,0.2,0.2016532288538339,0.14653836,False,0.06961831171065569
1667,ATTAACGACCTTCG-1,4-5,0.06666666666666667,0.08530460913930238,0.040462054,False,0.06951839663088322
7311,AGCCGGACGGATCT-1,8-9,0.06666666666666667,0.06077222973772036,0.8384477,False,0.06952812056988478
3975,GCCTGACTTCACCC-1,4-5,0.0,0.0,0.30799675,True,0.06961540225893259
12159,TGTATCTGCGTGTA-1,8-9,0.0,0.0,0.50305444,True,0.06989696342498064
5696,TGATTCACGAGAGC-1,4-5,0.06666666666666667,0.046105120275897894,0.39873904,False,0.06987366825342178
10292,GCGAAGGAGAGGGT-1,8-9,0.06666666666666667,0.08530460913930238,0.30437943,False,0.06997990049421787
5359,TCATCAACCTTGGA-1,4-5,0.0,0.0,0.1316031,True,0.07026599254459143
11320,TAGAAACTGGGAGT-1,8-9,0.06666666666666667,0.0475902379018706,0.051993072,False,0.06993491295725107
3275,GAAAGATGATGCTG-1,4-5,0.2,0.22746430309947757,0.2831915,False,0.07016173284500837
7651,ATAACCCTCGTTAG-1,8-9,0.2,0.15828119335084176,0.6041735,False,0.07012078911066055
3462,GACGCTCTGCGAAG-1,4-5,0.13333333333333333,0.23660987330977368,0.7291619,False,0.06965538486838341
8848,CCTAAGGATCTGGA-1,8-9,0.06666666666666667,0.06077222973772036,0.15590212,False,0.06928081251680851
3567,GAGGCCACGCTACA-1,4-5,0.06666666666666667,0.043668798524938345,0.059327148,False,0.06959066726267338
11842,TCTTACGAACAGCT-1,8-9,0.06666666666666667,0.049317124049935504,0.07462178,False,0.06918749120086432
4572,GTCCAGCTGTCGAT-1,4-5,0.06666666666666667,0.046105120275897894,0.04671622,False,0.06952947191894054
10403,GCTCACTGTGCCAA-1,8-9,0.0,0.0,0.16648334,True,0.06965699512511492
1956,CACAATCTGCAAGG-1,4-5,0.0,0.0,0.12464431,True,0.06911609601229429
11106,TAAAGACTCCAGTA-1,8-9,0.2,0.2080991240930596,0.12572373,False,0.06934755109250546
3316,GAACTGTGTGCCCT-1,4-5,0.2,0.19048431740071553,0.19993253,False,0.06965674553066492
12171,TGTCTAACGTGTTG-1,8-9,0.3333333333333333,0.3491902386875322,0.15079004,False,0.06938113830983639
5001,TAGAAACTCATCAG-1,4-5,0.13333333333333333,0.1513052641704713,0.36184487,False,0.06935156043618917
10196,GCATGTGAACCAGT-1,8-9,0.06666666666666667,0.053821216022769555,0.19634171,False,0.06988172978162766
2308,CCAAAGTGCAGAAA-1,4-5,0.2,0.3052309514678426,0.08238454,False,0.06933808140456676
10648,GGGAAGACCACTCC-1,8-9,0.13333333333333333,0.12729860692659126,0.013054386,False,0.0702382754534483
6052,TTCACAACGAGATA-1,4-5,0.06666666666666667,0.04265230456965119,0.23283115,False,0.0693622650578618
9387,CTCAGCTGCTGTCC-1,8-9,0.0,0.0,0.4528317,True,0.06986843701452017
5012,TAGACGTGCCGTAA-1,4-5,0.13333333333333333,0.08632110309458953,0.23390129,False,0.06972784921526909
9992,GATATAACAATCGC-1,8-9,0.13333333333333333,0.11612969547347292,0.28231028,False,0.06969856470823288
626,ACGAACTGGTTGCA-1,4-5,0.13333333333333333,0.09298592257487384,0.86414266,False,0.06950566451996565
6859,ACCGCGGATAGTCG-1,8-9,0.26666666666666666,0.1811580946013543,0.22210148,False,0.06918366625905037
6005,TTAGGGTGCACACA-1-1,4-5,0.13333333333333333,0.16841466178325945,0.68077505,False,0.06981370970606804
11894,TGACGAACGAAGGC-1,8-9,0.06666666666666667,0.046105120275897894,0.22475854,False,0.07012994308024645
2912,CTAACGGACGAACT-1,4-5,0.26666666666666666,0.35621733115879045,0.1465978,False,0.07038923539221287
11479,TATAGATGCTCGAA-1,8-9,0.0,0.0,0.31646842,True,0.06961894407868385
1245,AGTAGGCTGTCGTA-1,4-5,0.13333333333333333,0.0919694286195867,0.17550115,False,0.07003692910075188
7678,ATACCTACCTCCCA-1,8-9,0.0,0.0,0.5365302,True,0.07001720368862152
6202,TTTAGAGATGGCAT-1,4-5,0.06666666666666667,0.04265230456965119,0.2934012,False,0.06981179676949978
10723,GGTAGTACGGCATT-1,8-9,0.0,0.0,0.59910786,True,0.07001517713069916
3914,GCCATGCTTGGTCA-1,4-5,0.2,0.32435677060004175,0.11427586,False,0.07033721171319485
6860,ACCGCGGATTGTGG-1,8-9,0.26666666666666666,0.29876179211328274,0.19340017,False,0.0705523481592536
166,AACGGTACTCCTGC-1,4-5,0.2,0.2580719547021906,0.115320444,False,0.07037567626684904
8014,ATTCTTCTCCTATT-1,8-9,0.06666666666666667,0.08530460913930238,0.21533456,False,0.07008211966603994
2573,CCTGCAACAGCGGA-1,4-5,0.06666666666666667,0.046105120275897894,0.17682728,False,0.07025964371860027
8672,CCAGTCACGTCTGA-1,8-9,0.0,0.0,0.3713054,True,0.07012359239161015
1767,ATTGTAGACGAGAG-1,4-5,0.0,0.0,0.0029547215,True,0.06965220253914595
6320,AAATCTGAAAGCCT-1,8-9,0.0,0.0,0.5697289,True,0.06952214799821377
2629,CGACCTACCGTCTC-1,4-5,0.06666666666666667,0.05686973942620158,0.03377509,False,0.0698327450081706
11603,TCACGAGATAGAGA-1,8-9,0.13333333333333333,0.1082282316648452,0.17125954,False,0.06915300525724888
3562,GAGGCAGAAGTGCT-1,4-5,0.0,0.0,0.074571535,True,0.06954770535230637
8971,CGAGCGTGTAAGCC-1,8-9,0.4,0.4481867597783772,0.43699795,False,0.0697487574070692
4267,GGCTAAACCTTTAC-1,4-5,0.0,0.0,0.7988905,True,0.06979854684323072
11460,TATAAGTGCGGAGA-1,8-9,0.0,0.0,0.21333282,True,0.06988698802888393
835,ACTTGACTCCACCT-1,4-5,0.0,0.0,0.23822829,True,0.07016921415925026
11866,TGAAGCACACCAGT-1,8-9,0.06666666666666667,0.049317124049935504,0.0006799698,False,0.06999753322452307
834,ACTTCTGATTTGGG-1,4-5,0.06666666666666667,0.08530460913930238,0.3431703,False,0.06991379708051682
11220,TACATAGATGCCTC-1,8-9,0.06666666666666667,0.043668798524938345,0.061964847,False,0.06981400493532419
3695,GATCTACTGGAACG-1,4-5,0.6,0.6011917401519175,0.2730511,False,0.07029736042022705
12093,TGGATTCTGACACT-1,8-9,0.06666666666666667,0.053821216022769555,0.43584543,False,0.07031824719160795
5017,TAGAGAGAATAAGG-1,4-5,0.0,0.0,0.30891037,True,0.07011877559125423
7244,AGAGTCTGTCGCCT-1,8-9,0.5333333333333333,0.6271372925118336,0.54162645,False,0.06989806052297354
4585,GTCGCACTCGTAAC-1,4-5,0.0,0.0,0.37010118,True,0.06996345520019531
11850,TCTTCAGATGGAGG-1,8-9,0.0,0.0,0.13685259,True,0.0701700383797288
1770,ATTGTAGATAAGGA-1,4-5,0.26666666666666666,0.286299531210774,0.095777184,False,0.06978403870016336
9417,CTCCATCTTTACTC-1,8-9,0.06666666666666667,0.04481043185393461,0.2093291,False,0.06977853178977966
3378,GAATTAACGGTGGA-1,4-5,0.0,0.0,0.05185943,True,0.06928475201129913
8266,CACCGTTGTATGGC-1,8-9,0.0,0.0,0.1778249,True,0.06931207608431578
2018,CACCTGACTGTCTT-1,4-5,0.2,0.2026637564091149,0.4907392,False,0.06901255529373884
8901,CCTTTAGACAGAGG-1,8-9,0.06666666666666667,0.046105120275897894,0.055798706,False,0.06958814337849617
5781,TGCTATACAGCGTT-1,4-5,0.0,0.0,0.3460413,True,0.06985168159008026
9253,CTAACACTTAGAGA-1,8-9,0.0,0.0,0.033881772,True,0.06954759638756514
4786,TAACAATGTGCTAG-1-1,4-5,0.0,0.0,0.7772843,True,0.06983348540961742
11101,TAAACAACTCGATG-1,8-9,0.13333333333333333,0.1346217331892379,0.028789654,False,0.07002049498260021
3486,GACTACGAGTTCGA-1,4-5,0.13333333333333333,0.14217434856550396,0.26512888,False,0.07036694791167974
10859,GTATTAGACACTGA-1,8-9,0.06666666666666667,0.043668798524938345,0.5283953,False,0.06998588424175978
3453,GACGCCGAAGTCGT-1,4-5,0.06666666666666667,0.049317124049935504,0.039606597,False,0.06982573959976435
9849,GAGAAATGAGCGTT-1,8-9,0.06666666666666667,0.049317124049935504,0.040386476,False,0.07034797873347998
2547,CCTCATCTGTAGGG-1,4-5,0.0,0.0,0.04493863,True,0.06975433602929115
6573,AAGTATACTAAGGA-1,8-9,0.0,0.0,0.006501615,True,0.07011970784515142
5030,TAGATCCTTAACGC-1,4-5,0.0,0.0,0.22180253,True,0.06988541316241026
6650,AATCTCTGGGTGAG-1,8-9,0.06666666666666667,0.04265230456965119,0.25955155,False,0.06991553027182817
5861,TGGGTATGCTTGAG-1,4-5,0.0,0.0,0.8992488,True,0.07003920339047909
7819,ATCGTTTGGGCGAA-1,8-9,0.06666666666666667,0.049317124049935504,0.39655125,False,0.06970802415162325
4967,TACTACACCCTGAA-1,4-5,0.13333333333333333,0.17364308707670803,0.25538063,False,0.06891993060708046
6437,AACGTGTGTCTAGG-1,8-9,0.13333333333333333,0.09024254247152179,0.45631412,False,0.06964311189949512
5141,TAGTTGCTGATACC-1,4-5,0.2,0.19741635084637535,0.62146866,False,0.06927521899342537
11973,TGATTCACGCTATG-1,8-9,0.2,0.15449683231134867,0.08092637,False,0.06954412441700697
1612,ATGCGCCTTTTCAC-1,4-5,0.13333333333333333,0.13424962064154208,0.7484695,False,0.06967812310904264
8384,CAGCATGAGAACCT-1,8-9,0.06666666666666667,0.05135849223864361,1.1160276,False,0.06997889839112759
2660,CGAGCCGACTCAGA-1,4-5,0.06666666666666667,0.08530460913930238,0.193814,False,0.06993886642158031
8151,CAAGGACTTCACCC-1,8-9,0.3333333333333333,0.3379158986742299,0.33374494,False,0.06973717734217644
2343,CCACTGACCTACCC-1,4-5,0.13333333333333333,0.21427801680354308,0.009380788,False,0.06968742236495018
10692,GGGTAACTACCGAT-1,8-9,0.0,0.0,0.516359,True,0.06992794014513493
3187,CTGTGAGACTCTTA-1,4-5,0.0,0.0,0.32520247,True,0.06995134893804789
7247,AGAGTGCTCATGCA-1,8-9,0.13333333333333333,0.09502729076358196,0.19435734,False,0.06985685788094997
487,ACAGGTACATGTGC-1,4-5,0.0,0.0,0.016050443,True,0.06993641424924135
11739,TCCTACCTGACGGA-1,8-9,0.3333333333333333,0.32067948947081815,0.05237731,False,0.06991542037576437
5985,TTACTCGATGTGAC-1,4-5,0.06666666666666667,0.07347739090382172,0.41992694,False,0.06974703911691904
9811,GACGGCACCGTTAG-1,8-9,0.0,0.0,0.36274496,True,0.06942198518663645
6108,TTCGAGGACGCCTT-1,4-5,0.06666666666666667,0.06600065503116892,0.35640037,False,0.07017495296895504
6852,ACCGAAACACGTTG-1,8-9,0.2,0.26924086615530896,0.50101835,False,0.06944052409380674
2861,CGTCGACTTCACCC-1,4-5,0.06666666666666667,0.04481043185393461,0.2615553,False,0.0698954164981842
8676,CCAGTCTGAACCTG-1,8-9,0.06666666666666667,0.049317124049935504,0.17270708,False,0.06955039128661156
1694,ATTATGGATACTCT-1,4-5,0.0,0.0,0.036672566,True,0.06972020864486694
8793,CCCTTACTTGGTAC-1,8-9,0.4666666666666667,0.49675460383840103,0.2792472,False,0.06966122891753912
2215,CATCAACTACTACG-1,4-5,0.13333333333333333,0.1645121714717407,0.011057392,False,0.07005593739449978
9745,GACAGTACATGTGC-1,8-9,0.0,0.0,0.44369096,True,0.07005838118493557
1122,AGGACTTGAACGGG-1,4-5,0.06666666666666667,0.06600065503116892,0.4983079,False,0.07024852745234966
9839,GACTGAACTTCTGT-1,8-9,0.06666666666666667,0.06077222973772036,0.3136227,False,0.07003934681415558
4627,GTGATTCTCTCAGA-1,4-5,0.5333333333333333,0.6607138970879632,0.37336907,False,0.07034153304994106
11720,TCCGGACTCGCATA-1,8-9,0.0,0.0,0.1957739,True,0.06964062433689833
4446,GTACGTGAAGTGCT-1,4-5,0.06666666666666667,0.04265230456965119,0.28407553,False,0.07015729788690805
6670,AATGTAACCTCGCT-1,8-9,0.0,0.0,0.17257014,True,0.06992206629365683
6172,TTGCTATGACAGCT-1,4-5,0.2,0.2379895623755624,0.080639884,False,0.07025158032774925
12042,TGCTATACGCTGTA-1,8-9,0.0,0.0,0.27185395,True,0.07004046253859997
3233,CTTGAACTTAGTCG-1,4-5,0.13333333333333333,0.12483588314246533,0.46370906,False,0.06953404750674963
10371,GCGTATGAGACAAA-1-1,8-9,0.2,0.20512648019324087,0.12310037,False,0.06963686645030975
5964,TTACAGCTCTAGAC-1,4-5,0.2,0.25371927092256186,0.008670479,False,0.06987964082509279
8055,ATTGTAGAGCCATA-1,8-9,0.06666666666666667,0.053821216022769555,0.19497788,False,0.0697509627789259
2904,CTAAACCTTAAGGA-1,4-5,0.0,0.0,0.302473,True,0.07006997056305408
7570,AGTCTTACTCAGAC-1,8-9,0.2,0.17931540594759718,0.054549057,False,0.06989970710128546
1550,ATCTGTTGTCACGA-1,4-5,0.0,0.0,0.34152246,True,0.06974216364324093
7869,ATGAGAGACCGAAT-1,8-9,0.0,0.0,0.06961192,True,0.07018974795937538
3834,GCAGCCGACTCAGA-1,4-5,0.06666666666666667,0.07347739090382172,0.24590272,False,0.07002909108996391
8359,CAGACCCTCTCGAA-1,8-9,0.06666666666666667,0.04265230456965119,0.04403133,False,0.07042990997433662
5155,TATACAGAACCACA-1,4-5,0.3333333333333333,0.2998539402550304,0.46818984,False,0.06978258956223726
11125,TAACATGAACCTAG-1,8-9,0.3333333333333333,0.2609449433528551,0.0290284,False,0.06943867541849613
5499,TCGCAAGATTTACC-1,4-5,0.13333333333333333,0.21671433855450267,0.19975251,False,0.0697757052257657
7351,AGCGGCACACTTTC-1,8-9,0.13333333333333333,0.1289734076642407,0.2532585,False,0.07039076834917068
4737,GTTCAACTTGATGC-1,4-5,0.2,0.1643929430336542,0.27007067,False,0.06995995249599218
11666,TCCACGTGAAAAGC-1,8-9,0.13333333333333333,0.1569595560954746,0.30550757,False,0.0693914471194148
19,AAACGGCTTTCGTT-1,4-5,0.0,0.0,0.21974714,True,0.06975650787353516
7029,ACGTTTACCGACAT-1,8-9,0.06666666666666667,0.06077222973772036,0.8419766,False,0.06969643291085958
5873,TGGTAGTGAAAAGC-1,4-5,0.06666666666666667,0.05686973942620158,0.16212672,False,0.06997361872345209
7709,ATAGCCGAACACTG-1,8-9,0.0,0.0,0.58239573,True,0.06992424558848143
1021,AGCCAATGCAAAGA-1,4-5,0.2,0.2670827388710255,0.10545127,False,0.06979750283062458
10455,GGAATCTGTCCCAC-1,8-9,0.2,0.16748818771211652,0.36469984,False,0.06955985352396965
3594,GAGGTGGACATTTC-1,4-5,0.0,0.0,0.18216322,True,0.07005034759640694
10366,GCGTAATGTTTACC-1,8-9,0.0,0.0,0.35977432,True,0.06958870682865381
3478,GACGTATGGGTAGG-1,4-5,0.6,0.6897155861510791,0.23277107,False,0.06999199651181698
9147,CGGGCATGCACTTT-1,8-9,0.13333333333333333,0.1569595560954746,0.056267843,False,0.07013786491006613
3437,GACGAACTACAGCT-1-1,4-5,0.2,0.16552269902702169,0.21271738,False,0.06986737065017223
9226,CGTTAACTATCACG-1,8-9,0.0,0.0,0.40954515,True,0.06976118683815002
457,ACACCAGAGTAAGA-1,4-5,0.0,0.0,0.5679663,True,0.07016646768897772
7468,AGGGTGGAGAGGTG-1,8-9,0.2,0.1974103844463692,0.19586945,False,0.0695208441466093
5362,TCATCATGATGGTC-1,4-5,0.06666666666666667,0.05686973942620158,0.2706167,False,0.06996401026844978
6261,AAACGCACGCTTAG-1-1,8-9,0.4,0.410844726405794,0.043709002,False,0.06975853350013494
2712,CGCACTACTCCTAT-1,4-5,0.06666666666666667,0.04265230456965119,0.019221887,False,0.07004315685480833
7896,ATGCAGTGCAGCTA-1,8-9,0.13333333333333333,0.22196771051724837,0.27325973,False,0.06984311249107122
106,AACACGTGTTCTTG-1,4-5,0.2,0.16552269902702169,0.4702086,False,0.0698634022846818
12196,TGTGGATGGGTAGG-1,8-9,0.26666666666666666,0.2764239692070461,0.02233235,False,0.06979028880596161
3822,GCACTAGACTAGTG-1,4-5,0.0,0.0,0.101576105,True,0.06996615137904882
7587,AGTGTGACGACTAC-1-1,8-9,0.0,0.0,0.699839,True,0.07002837769687176
3552,GAGCGGCTTCGCAA-1,4-5,0.06666666666666667,0.0475902379018706,0.010993434,False,0.0700321588665247
11469,TATACAGACCTTGC-1-1,8-9,0.13333333333333333,0.10558266159165496,0.40968317,False,0.06956919748336077
1160,AGGGAGTGACGTAC-1,4-5,0.0,0.0,0.14575392,True,0.06974771805107594
10787,GTACGAACCACTTT-1,8-9,0.0,0.0,0.1378478,True,0.06958946865051985
3353,GAAGTCACTCGCTC-1,4-5,0.3333333333333333,0.4201766180012513,0.12087415,False,0.07045499235391617
8162,CAAGTCGAGCCTTC-1,8-9,0.3333333333333333,0.42221798618995937,1.3450717,False,0.07083396334201097
2864,CGTGAAACGAGGTG-1,4-5,0.0,0.0,0.20629324,True,0.06991842854768038
6796,ACCAACGAGACGAG-1-1,8-9,0.0,0.0,0.3605651,True,0.06984608341008425
706,ACGGCTCTGGTTTG-1,4-5,0.13333333333333333,0.10966945355610726,0.28235778,False,0.06972223985940218
11060,GTTCAACTATGCCA-1,8-9,0.13333333333333333,0.1289734076642407,0.14027688,False,0.06945480220019817
5358,TCATCAACCCACCT-1,4-5,0.06666666666666667,0.06600065503116892,0.0011524241,False,0.06983277015388012
9696,GAAGTCACTCCCAC-1,8-9,0.0,0.0,0.15219845,True,0.06961771566420794
5771,TGCGCACTGACTAC-1,4-5,0.06666666666666667,0.08530460913930238,0.5446646,False,0.06968237552791834
10721,GGTAGTACGAGATA-1-1,8-9,0.06666666666666667,0.043668798524938345,0.7907099,False,0.0698912926018238
5374,TCATGTACTTCACT-1,4-5,0.0,0.0,0.30916622,True,0.06967788655310869
8400,CAGCTAGAGTGTAC-1,8-9,0.0,0.0,0.22543918,True,0.07004842348396778
2284,CATTGGGACTTCCG-1,4-5,0.06666666666666667,0.053821216022769555,0.0053792894,False,0.06962021626532078
8389,CAGCGGACACACGT-1,8-9,0.0,0.0,0.48941272,True,0.0692993625998497
4122,GGAAGGTGGTAGCT-1,4-5,0.06666666666666667,0.0475902379018706,0.048189,False,0.06998306978493929
6734,ACACATCTATGACC-1,8-9,0.06666666666666667,0.046105120275897894,0.65291584,False,0.06968570873141289
2806,CGGCGATGTGCAGT-1,4-5,0.26666666666666666,0.23759659289133736,0.21509606,False,0.06974854879081249
11918,TGACTTACGAACCT-1,8-9,0.0,0.0,0.16850132,True,0.06966646108776331
2178,CAGTTTACCTCAGA-1,4-5,0.3333333333333333,0.4295364788614549,0.5006597,False,0.06950109358876944
8881,CCTGAGCTTGCTTT-1,8-9,0.0,0.0,0.25439003,True,0.06970584113150835
3901,GCCACGGACAGGAG-1,4-5,0.06666666666666667,0.05686973942620158,0.3302097,False,0.06935040466487408
6329,AAATGTTGTCACCC-1,8-9,0.26666666666666666,0.2509703529037694,0.33731306,False,0.0690207751467824
3926,GCCCAGGACGGTAT-1,4-5,0.13333333333333333,0.12279451495375723,0.16915803,False,0.06977548357099295
9121,CGGAGGCTTCACCC-1,8-9,0.0,0.0,0.72900605,True,0.06945328507572412
5883,TGGTATCTTGCTGA-1,4-5,0.2,0.1689755147332684,0.051514387,False,0.0696070920675993
9649,GAACCTGACCTTCG-1,8-9,0.06666666666666667,0.0475902379018706,0.05394834,False,0.06923545617610216
6093,TTCCAAACAAGTGA-1,4-5,0.0,0.0,0.2594674,True,0.06957394350320101
9915,GAGGGTGAACCTGA-1,8-9,0.0,0.0,0.1546977,True,0.06957192439585924
416,AATTGTGAAACGGG-1,4-5,0.13333333333333333,0.10342453430737154,0.45414072,False,0.06937812082469463
8396,CAGCGGACTGGCAT-1,8-9,0.0,0.0,0.36026376,True,0.06924559362232685
385,AATGCGTGTATCTC-1,4-5,0.0,0.0,0.4401294,True,0.0701117692515254
7899,ATGCCAGACTGAAC-1,8-9,0.0,0.0,0.448943,True,0.07011517602950335
2235,CATCGGCTGCTGTA-1,4-5,0.3333333333333333,0.3995879964853322,0.43920603,False,0.07050753012299538
11791,TCGTGAGAGAGGAC-1,8-9,0.4,0.5426163119589229,0.29108948,False,0.07007051259279251
1993,CACCACTGCTTATC-1,4-5,0.2,0.14999014011534775,0.26033667,False,0.07006846647709608
7326,AGCCTCACCCAGTA-1,8-9,0.06666666666666667,0.06600065503116892,0.1629577,False,0.07012246549129486
5820,TGGAGACTGGTGGA-1,4-5,0.13333333333333333,0.21819945618047537,0.45318872,False,0.06974997278302908
7772,ATCAGGTGGGTCAT-1,8-9,0.06666666666666667,0.046105120275897894,0.70345044,False,0.06954102218151093
3460,GACGCTCTCCTAAG-1,4-5,0.06666666666666667,0.08530460913930238,0.08904887,False,0.06985798757523298
10228,GCCACTACTACGCA-1,8-9,0.13333333333333333,0.13947804593499064,0.28703147,False,0.0699083199724555
522,ACATTCTGTTTGCT-1,4-5,0.13333333333333333,0.1267728847688893,0.022295378,False,0.06967456731945276
10840,GTAGTGTGGCGGAA-1,8-9,0.0,0.0,0.10194523,True,0.0698549896478653
2097,CAGACTGATAGTCG-1,4-5,0.26666666666666666,0.23966436311321185,0.39990363,False,0.07024902757257223
12401,TTCTTACTGCGAGA-1,8-9,0.06666666666666667,0.06600065503116892,0.017861424,False,0.06998959556221962
4235,GGCCACGATGTGGT-1,4-5,0.2,0.15276994616328377,0.22790807,False,0.06979390699416399
6488,AAGAGATGTTCATC-1,8-9,0.13333333333333333,0.136663101377946,0.47383747,False,0.0700959013774991
5380,TCATTGACAGTTCG-1,4-5,0.0,0.0,0.43165284,True,0.0701971435919404
11166,TAAGGCTGCGTTGA-1,8-9,0.0,0.0,0.562701,True,0.07027034927159548
5346,TCAGTGGAAGTACC-1,4-5,0.0,0.0,0.23939618,True,0.07004840113222599
8229,CACAGCCTGAATGA-1,8-9,0.13333333333333333,0.21326152284825595,0.609154,False,0.06989142950624228
4779,TAAATGTGCTTTAC-1,4-5,0.13333333333333333,0.22196771051724837,0.29516855,False,0.07006714586168528
8007,ATTCGACTTTCCGC-1-1,8-9,0.06666666666666667,0.06077222973772036,0.24165861,False,0.07001152820885181
5755,TGCCGACTATGTCG-1,4-5,0.06666666666666667,0.10764243204553911,0.5919779,False,0.06917221657931805
9679,GAAGCTACGTGTCA-1,8-9,0.06666666666666667,0.053821216022769555,1.0371867,False,0.06997466832399368
1149,AGGCCTCTTAGTCG-1,4-5,0.13333333333333333,0.11359089293303952,0.6487974,False,0.0700258044525981
7437,AGGCCTCTCCAGTA-1,8-9,0.06666666666666667,0.06600065503116892,0.3459099,False,0.06988507229834795
4070,GCTCACTGAGAGTA-1,4-5,0.2,0.15940387761442454,0.24178246,False,0.06972938682883978
11420,TAGTATGAGATACC-1,8-9,0.3333333333333333,0.34423186972215253,0.11153174,False,0.07020640652626753
3660,GATATCCTCCCGTT-1,4-5,0.13333333333333333,0.15131123057047743,0.737297,False,0.06952714454382658
11484,TATCAAGAACTCAG-1,8-9,0.0,0.0,0.3428189,True,0.06969840452075005
4383,GGTATCGATATCTC-1,4-5,0.0,0.0,0.8916425,True,0.06942202616482973
12052,TGGAAAGATCAGGT-1,8-9,0.13333333333333333,0.09412755590387012,0.45139548,False,0.06931664980947971
5341,TCAGTACTCTAGCA-1,4-5,0.2,0.3635562594634463,0.32989472,False,0.06970694195479155
8109,CAACGATGGCTATG-1,8-9,0.0,0.0,0.23974705,True,0.07006246317178011
4812,TAAGAGGACTTTAC-1,4-5,0.4,0.42999075585400054,0.03662729,False,0.07007115986198187
11356,TAGCCCTGTTCGCC-1,8-9,0.06666666666666667,0.17060921827860476,0.3439905,False,0.06989999301731586
1551,ATCTTGACACACAC-1,4-5,0.2,0.16000807949890666,0.11041591,False,0.06979869864881039
10626,GGCTAAACTTCTGT-1,8-9,0.2,0.15550138730290575,0.42776486,False,0.07026208005845547
3782,GCAATCGATGCCTC-1,4-5,0.2,0.1796642543799588,0.015195906,False,0.0703477943316102
8429,CAGGTTGACCAGTA-1,8-9,0.0,0.0,0.37679133,True,0.07019359432160854
5449,TCCTAAACGGTCTA-1,4-5,0.26666666666666666,0.3461563698894289,0.57224596,False,0.070281021296978
12421,TTGAGGACAGCTCA-1,8-9,0.0,0.0,0.076490596,True,0.06985851190984249
1829,CAAATATGGGTTTG-1,4-5,0.2,0.24226416523477698,0.35737333,False,0.07022440899163485
9616,GAAACAGACCAAGT-1,8-9,0.0,0.0,0.2542818,True,0.07028396241366863
717,ACGGTATGTCGTGA-1,4-5,0.06666666666666667,0.046105120275897894,0.2952178,False,0.07027074508368969
10480,GGACATTGGTTTGG-1,8-9,0.26666666666666666,0.25444360424317636,0.33538032,False,0.07004895433783531
1528,ATCGGTGAGACGTT-1,4-5,0.06666666666666667,0.06077222973772036,0.1609815,False,0.07025615591555834
12045,TGCTGAGAGAACCT-1,8-9,0.0,0.0,0.15843652,True,0.07011883985251188
1434,ATATACGAGATAAG-1,4-5,0.06666666666666667,0.04481043185393461,0.053348325,False,0.07023945264518261
6369,AACAGCACACCTTT-1,8-9,0.2,0.2750691956066769,0.3284595,False,0.06996874045580626
5956,TTACACACATTCCT-1,4-5,0.13333333333333333,0.11531777908110442,0.11327621,False,0.0701518002897501
8164,CAAGTCGAGGTAGG-1,8-9,0.06666666666666667,0.046105120275897894,0.27295142,False,0.0702165337279439
2172,CAGTTGGAATCACG-1,4-5,0.2,0.16587806065962693,0.045712497,False,0.07005397696048021
10112,GCACAAACCCTCCA-1-1,8-9,0.26666666666666666,0.23804626749660943,0.07255672,False,0.07003224175423384
4999,TACTTTCTTCGCAA-1,4-5,0.0,0.0,0.43154216,True,0.06911594700068235
11567,TCAAGTCTCACTGA-1,8-9,0.13333333333333333,0.12106762880569233,0.10370056,False,0.07014504633843899
1489,ATCCTAACGTTCTT-1,4-5,0.06666666666666667,0.0475902379018706,0.24908347,False,0.06972839776426554
7277,AGCAAGCTTATCTC-1,8-9,0.0,0.0,0.04290389,True,0.06965915113687515
3085,CTCTAAACTCGATG-1,4-5,0.13333333333333333,0.21819945618047537,0.098716915,False,0.07024103868752718
9425,CTCCTACTGGTGGA-1,8-9,0.13333333333333333,0.1289734076642407,0.24558759,False,0.0700770765542984
4239,GGCCCAGACATGAC-1,4-5,0.13333333333333333,0.1552326699474097,0.37395203,False,0.06987501494586468
11630,TCAGGATGTTTCAC-1,8-9,0.13333333333333333,0.1346217331892379,0.035510708,False,0.07027071248739958
3653,GATATAACTCCTCG-1,4-5,0.13333333333333333,0.10445997732807218,0.3914149,False,0.07059940695762634
9062,CGCGAGACGACGTT-1,8-9,0.0,0.0,0.1464518,True,0.06997279450297356
2321,CCAAGATGCCCAAA-1,4-5,0.0,0.0,0.38026574,True,0.07020660396665335
10006,GATATCCTAGAGAT-1,8-9,0.13333333333333333,0.12106762880569233,0.5085354,False,0.07059703581035137
899,AGACACTGCCGTTC-1,4-5,0.06666666666666667,0.05686973942620158,0.28652978,False,0.07014564890414476
10020,GATCCGCTAATCGC-1,8-9,0.0,0.0,0.6746163,True,0.06961481086909771
5114,TAGTATGATTATCC-1,4-5,0.13333333333333333,0.1082282316648452,0.3400558,False,0.07002703566104174
8310,CACTCCGAAGTGCT-1,8-9,0.4,0.4473679174988796,0.22963631,False,0.06948992796242237
1095,AGCTTACTCTTCCG-1,4-5,0.0,0.0,0.27404153,True,0.06973228696733713
11953,TGATAAACTCTCCG-1,8-9,0.26666666666666666,0.22694078235857645,0.3784468,False,0.07014541141688824
4343,GGGTTAACATGTCG-1,4-5,0.26666666666666666,0.38074971056037243,0.45099074,False,0.07045603729784489
12050,TGGAAAGAACCACA-1,8-9,0.13333333333333333,0.09894873014051422,0.39681023,False,0.07008451595902443
2386,CCAGTGCTTACTGG-1,4-5,0.13333333333333333,0.12279451495375723,0.22392693,False,0.06978324241936207
8745,CCCATCGATGTGGT-1,8-9,0.0,0.0,0.31591892,True,0.0699069993570447
1456,ATCACGGACTTCGC-1,4-5,0.3333333333333333,0.4390606718778361,0.37446794,False,0.06990766245871782
9285,CTACGGCTCTGTGA-1,8-9,0.13333333333333333,0.14217434856550396,0.32180288,False,0.07017512153834105
1564,ATGAAACTCTTGCC-1,4-5,0.06666666666666667,0.06600065503116892,0.1712132,False,0.06952233612537384
8257,CACCGTACCGGTAT-1,8-9,0.0,0.0,0.007813156,True,0.06988474074751139
1697,ATTCAGCTCACTAG-1,4-5,0.06666666666666667,0.17060921827860476,0.61303085,False,0.06960952002555132
6374,AACATTGAAACGGG-1,8-9,0.0,0.0,0.23103924,True,0.07008265797048807
697,ACGGAACTTGGTAC-1,4-5,0.13333333333333333,0.09298592257487384,0.22828645,False,0.06953953858464956
7711,ATAGCCGACCTGAA-1,8-9,0.13333333333333333,0.10836246763959095,0.13432902,False,0.06944917980581522
999,AGCAAGCTAAGGCG-1,4-5,0.06666666666666667,0.10764243204553911,0.2423077,False,0.06974770966917276
8878,CCTGACTGGTTGTG-1,8-9,0.0,0.0,0.1303316,True,0.06935215555131435
515,ACATCACTACCAAC-1-1,4-5,0.2,0.16552269902702169,0.30897665,False,0.06957150343805552
8001,ATTCCATGCTCTAT-1,8-9,0.06666666666666667,0.053821216022769555,0.39623722,False,0.06958502996712923
3491,GACTCCTGTGGAGG-1,4-5,0.2,0.1395596665214573,0.09959612,False,0.06954799219965935
7582,AGTGACTGAATGCC-1,8-9,0.0,0.0,0.19331715,True,0.06951121427118778
4395,GGTGGAGACCACAA-1,4-5,0.06666666666666667,0.05686973942620158,0.2649961,False,0.06959580071270466
8300,CACTAGGATGTAGC-1,8-9,0.06666666666666667,0.17060921827860476,0.17929763,False,0.06976493634283543
4597,GTCTGAGAGTACAC-1,4-5,0.06666666666666667,0.0475902379018706,0.048874725,False,0.06986942049115896
9733,GACAACTGGAGGTG-1,8-9,0.26666666666666666,0.2673633919237737,0.07228166,False,0.06982726883143187
1741,ATTGCACTTATGGC-1,4-5,0.2,0.23559934575449268,0.27639285,False,0.07009588181972504
7185,AGACGTACGCCATA-1,8-9,0.06666666666666667,0.07347739090382172,0.5404076,False,0.0699311513453722
5348,TCAGTGGATCCCAC-1,4-5,0.06666666666666667,0.08530460913930238,0.22340524,False,0.06981089990586042
7699,ATAGATACAGTGCT-1,8-9,0.06666666666666667,0.10764243204553911,0.15900461,False,0.0702022211626172
4414,GTAAGCACTGCAAC-1,4-5,0.06666666666666667,0.046105120275897894,0.10322681,False,0.070146887563169
12321,TTCAGACTGAAACA-1,8-9,0.4,0.4288768331065197,0.9030692,False,0.06992188189178705
3617,GAGTACTGTGCCAA-1,4-5,0.0,0.0,0.077380575,True,0.07000775635242462
10561,GGCAAGGAAACCTG-1,8-9,0.06666666666666667,0.10764243204553911,1.3446577,False,0.06983532197773457
4800,TAACATGATAAGCC-1,4-5,0.26666666666666666,0.23246396850986448,0.06390938,False,0.06960954423993826
10811,GTAGCATGACGCAT-1,8-9,0.3333333333333333,0.3354736105232642,0.00034153182,False,0.0702871261164546
3465,GACGGCACACTGGT-1,4-5,0.0,0.0,0.01636722,True,0.0692221662029624
6963,ACGGAACTCTCGCT-1,8-9,0.06666666666666667,0.049317124049935504,0.35180768,False,0.06995746493339539
3381,GACAACACCCTATT-1,4-5,0.3333333333333333,0.301292031945262,0.11280208,False,0.06974084954708815
12426,TTGAGGTGCACCAA-1,8-9,0.06666666666666667,0.05135849223864361,0.061624616,False,0.0700918696820736
5425,TCCCTACTAGACTC-1,4-5,0.06666666666666667,0.049317124049935504,0.023579191,False,0.07004478015005589
11733,TCCTAATGCTATTC-1,8-9,0.3333333333333333,0.33975417978248484,0.15228787,False,0.07001968752592802
4452,GTACTACTATTCCT-1,4-5,0.2,0.1779373682318939,0.26583612,False,0.0702153304591775
8362,CAGACCCTTCTTCA-1,8-9,0.0,0.0,0.009264648,True,0.06996277533471584
6113,TTCGGAGACACTAG-1,4-5,0.0,0.0,0.073544934,True,0.06994932610541582
8561,CATTGACTGGTCTA-1,8-9,0.06666666666666667,0.04265230456965119,0.6245191,False,0.0702681289985776
1592,ATGCAGTGTTCTAC-1,4-5,0.0,0.0,0.09870746,True,0.0696707358583808
9029,CGCAGGTGTGACTG-1,8-9,0.3333333333333333,0.3908673457469035,0.7911236,False,0.06998208817094564
5834,TGGATGTGCATTGG-1,4-5,0.06666666666666667,0.08530460913930238,0.6568261,False,0.06991332489997149
10716,GGTACATGCTGAAC-1,8-9,0.0,0.0,0.286119,True,0.06992115266621113
1154,AGGCTAACTTTCTG-1,4-5,0.06666666666666667,0.05135849223864361,0.4015921,False,0.0693046897649765
9455,CTGAAGTGCGGAGA-1,8-9,0.13333333333333333,0.21541965013253936,0.08716619,False,0.06945600546896458
866,AGAACGCTGAAACA-1,4-5,0.0,0.0,0.5199146,True,0.06971562281250954
7838,ATCTGGGAAACTGC-1,8-9,0.13333333333333333,0.27825165032414384,0.1917535,False,0.06956800539046526
4603,GTGAACACTGTTTC-1,4-5,0.2,0.1470933328323099,0.35535976,False,0.07016581296920776
8762,CCCGGAGACTTGGA-1,8-9,0.06666666666666667,0.043668798524938345,0.3533134,False,0.06951640546321869
2250,CATGCGCTCCCACT-1,4-5,0.0,0.0,0.22202799,True,0.06959948875010014
6619,AATCAAACCTGTAG-1,8-9,0.13333333333333333,0.1587820000431241,0.34510228,False,0.06981747783720493
5669,TGAGGACTTCGCTC-1,4-5,0.13333333333333333,0.10053853795113993,0.47031906,False,0.0696153175085783
11745,TCGAATCTAAAGCA-1,8-9,0.06666666666666667,0.043668798524938345,0.4602034,False,0.06984838750213385
2396,CCATCCGAAGAATG-1,4-5,0.0,0.0,0.03864035,True,0.06956930365413427
12429,TTGAGGTGTCTCAT-1,8-9,0.0,0.0,0.35390952,True,0.06909168139100075
5962,TTACAGCTAGGTCT-1,4-5,0.0,0.0,0.22336623,True,0.06978531554341316
9697,GAAGTCACTCTAGG-1,8-9,0.0,0.0,0.03933167,True,0.06956057343631983
805,ACTGAGACACGGTT-1-1,4-5,0.2,0.1557995205013023,0.14540747,False,0.06927117891609669
6888,ACCTTTGAGGGACA-1,8-9,0.0,0.0,0.21204202,True,0.06938442029058933
3037,CTCAGAGATGGTAC-1,4-5,0.13333333333333333,0.1267728847688893,0.2777418,False,0.06963786762207747
11438,TAGTGGTGATGCCA-1,8-9,0.26666666666666666,0.22929586047053752,0.535274,False,0.06963498424738646
2006,CACCGTTGATTCCT-1,4-5,0.13333333333333333,0.08875742484554909,0.3720913,False,0.06971754971891642
7458,AGGGCCTGGTACCA-1,8-9,0.06666666666666667,0.0475902379018706,0.62977326,False,0.06997250020503998
2664,CGAGCGTGCAGATC-1,4-5,0.0,0.0,0.0018771887,True,0.06942274048924446
7966,ATTAAGACCTTAGG-1,8-9,0.06666666666666667,0.046105120275897894,0.15149294,False,0.07012834399938583
4126,GGAAGGTGTTGTGG-1,4-5,0.06666666666666667,0.043668798524938345,0.00079207495,False,0.07019367255270481
11139,TAACTAGACGCTAA-1,8-9,0.0,0.0,0.007995598,True,0.06972217187285423
3284,GAAAGCCTTGCTTT-1,4-5,0.06666666666666667,0.04481043185393461,0.81486,False,0.06998115126043558
6723,ACAATAACTTGCGA-1,8-9,0.2,0.20143430461277528,0.46258134,False,0.06943052168935537
495,ACAGTCGATGACAC-1,4-5,0.0,0.0,0.44168195,True,0.0696479044854641
11210,TACAATGATTGGCA-1,8-9,0.0,0.0,0.19986026,True,0.0698436489328742
3287,GAAATACTCTCTAT-1,4-5,0.0,0.0,1.0350257,True,0.06978319864720106
6741,ACACCCTGTGGGAG-1,8-9,0.06666666666666667,0.043668798524938345,0.025551751,False,0.06929875537753105
100,AACAATACGTTCTT-1,4-5,0.06666666666666667,0.07347739090382172,0.122747004,False,0.0693202568218112
9977,GATAATACTGACCA-1,8-9,0.2,0.2035924318970587,0.08131957,False,0.06911658681929111
3922,GCCCAACTTTACTC-1,4-5,0.0,0.0,0.31187797,True,0.0698716240003705
9439,CTCGACTGGGCAAG-1,8-9,0.06666666666666667,0.06077222973772036,0.18763006,False,0.06983182579278946
4077,GCTCAGCTCTTCCG-1,4-5,0.13333333333333333,0.09412755590387012,0.4253369,False,0.07003536634147167
8125,CAAGAAGACTGGTA-1,8-9,0.4,0.45289948392830137,0.2046468,False,0.07005933951586485
4858,TAATGATGTCAGAC-1,4-5,0.13333333333333333,0.09091555212983252,0.41684508,False,0.0692378506064415
12016,TGCCAGCTCTAGTG-1,8-9,0.0,0.0,0.14115688,True,0.07014616765081882
316,AATAACACCCTGAA-1,4-5,0.13333333333333333,0.08746273642358579,0.5725715,False,0.07002757396548986
6348,AACAAACTTGTGCA-1,8-9,0.3333333333333333,0.25840373984194903,0.17574343,False,0.06998449377715588
4391,GGTCTAGAAGGCGA-1,4-5,0.13333333333333333,0.0974900145477079,0.2852543,False,0.07031171582639217
12297,TTCAAAGAATGCTG-1,8-9,0.13333333333333333,0.10687735001361826,0.009384677,False,0.0697785709053278
507,ACAGTTCTCTGAGT-1,4-5,0.06666666666666667,0.07347739090382172,0.11084374,False,0.06978716142475605
11458,TATAAGTGAACGTC-1,8-9,0.0,0.0,0.29619515,True,0.06959290523082018
1808,ATTTGCACTAAGGA-1,4-5,0.06666666666666667,0.046105120275897894,0.1304977,False,0.07011093571782112
8124,CAAGAAGACATTTC-1,8-9,0.13333333333333333,0.11008935378765586,0.113536984,False,0.06965698301792145
2630,CGACCTACCTACTT-1,4-5,0.0,0.0,0.1483298,True,0.06928913574665785
11606,TCACTATGCGCCTT-1,8-9,0.4,0.3313738108532448,0.044079892,False,0.06941215321421623
5918,TGTATGCTCTTGCC-1,4-5,0.0,0.0,0.013731746,True,0.06942993961274624
12392,TTCTCAGACGATAC-1,8-9,0.13333333333333333,0.1044410282626587,0.22825965,False,0.06965228915214539
338,AATATCGAGTATGC-1,4-5,0.13333333333333333,0.27825165032414384,0.18592934,False,0.06965247355401516
10343,GCGGACTGGGAGTG-1,8-9,0.0,0.0,0.025240257,True,0.07005045749247074
5649,TGACTTTGACGTAC-1,4-5,0.13333333333333333,0.132894847041173,0.4838354,False,0.06966806016862392
11878,TGACACGACTAGTG-1,8-9,0.6,0.6338489463525656,0.1810393,False,0.07006225176155567
2331,CCAATGGAGGATTC-1,4-5,0.0,0.0,0.06916505,True,0.0692282086238265
6895,ACGAACTGTGGCAT-1,8-9,0.0,0.0,0.42402652,True,0.0700391735881567
1860,CAACGTGATAGACC-1,4-5,0.13333333333333333,0.0924006697558052,0.27962393,False,0.06960722152143717
11742,TCCTACCTGTACGT-1,8-9,0.0,0.0,0.61142,True,0.06968390103429556
4541,GTCATACTATGGTC-1,4-5,0.06666666666666667,0.05686973942620158,0.0015982259,False,0.06972246337682009
7019,ACGTGCCTGTTGTG-1,8-9,0.06666666666666667,0.0475902379018706,0.012411989,False,0.07004884351044893
1989,CACCACTGATAAGG-1,4-5,0.2,0.2877554077073648,0.36011946,False,0.0695664519444108
8643,CCAGACCTCACTGA-1,8-9,0.13333333333333333,0.1513052641704713,0.32644072,False,0.06938810460269451
3748,GATTGGACCTTCCG-1,4-5,0.13333333333333333,0.27825165032414384,0.52625906,False,0.06925040390342474
6583,AAGTGCACTCCGAA-1,8-9,0.13333333333333333,0.22747895770480633,0.7286319,False,0.06958261225372553
5146,TATAAGACCCTTCG-1,4-5,0.13333333333333333,0.15374755232143703,0.20503941,False,0.06958623323589563
6823,ACCAGTGATAAGCC-1,8-9,0.0,0.0,0.35663733,True,0.0696174455806613
5228,TATGGGTGCCTACC-1,4-5,0.0,0.0,0.7153016,True,0.06974591966718435
11070,GTTCAGGATTAGGC-1,8-9,0.06666666666666667,0.04265230456965119,0.30068314,False,0.0695969769731164
3678,GATCGAACGTGTCA-1,4-5,0.13333333333333333,0.10618686347613708,0.6018398,False,0.0699127297848463
6912,ACGAGGGATTCACT-1,8-9,0.0,0.0,0.9865568,True,0.07040416542440653
820,ACTGTGGATTGTGG-1,4-5,0.06666666666666667,0.05135849223864361,0.12643582,False,0.06976984813809395
10652,GGGAAGTGGGGTGA-1,8-9,0.0,0.0,0.16920449,True,0.07003336399793625
3704,GATGACACGACGGA-1,4-5,0.0,0.0,0.1805612,True,0.06974059622734785
7753,ATCAACCTAAGCAA-1,8-9,0.13333333333333333,0.1929470411848415,0.13133378,False,0.06998522207140923
3681,GATCGATGGGGTGA-1,4-5,0.06666666666666667,0.0475902379018706,0.029001817,False,0.07002872135490179
10418,GCTCGACTTGCCTC-1,8-9,0.2,0.1779373682318939,0.43342113,False,0.06954897474497557
5695,TGATTCACGACAAA-1,4-5,0.0,0.0,0.2976474,True,0.06982685253024101
12252,TTAGACCTGGATCT-1,8-9,0.0,0.0,0.10270712,True,0.07010237500071526
2704,CGCAACCTTTCTTG-1,4-5,0.3333333333333333,0.3862463031426017,0.43367565,False,0.07010847330093384
10267,GCCGGAACTCCCGT-1,8-9,0.06666666666666667,0.0475902379018706,0.36365405,False,0.06926787737756968
3070,CTCGACACCTGCAA-1,4-5,0.13333333333333333,0.09647352059242074,0.487782,False,0.06890657357871532
9113,CGGACTCTAACCGT-1,8-9,0.0,0.0,0.17217104,True,0.06989362742751837
2569,CCTGAGCTGTACGT-1,4-5,0.06666666666666667,0.05135849223864361,0.049332984,False,0.07003280147910118
12124,TGGTTACTACCAAC-1,8-9,0.26666666666666666,0.2723788593761698,0.21990746,False,0.0693380031734705
1433,ATATACGAGAGACG-1,4-5,0.06666666666666667,0.10764243204553911,0.32778877,False,0.06970772240310907
7836,ATCTGACTTCAGAC-1,8-9,0.0,0.0,0.093857884,True,0.06978198885917664
5597,TGAAATTGTAGACC-1,4-5,0.06666666666666667,0.04265230456965119,0.032667927,False,0.06945594120770693
7598,AGTGTTCTTGGTAC-1,8-9,0.0,0.0,0.03200174,True,0.07004317920655012
2134,CAGCTCTGTTGACG-1,4-5,0.2,0.14434441481351745,0.19354138,False,0.07038416154682636
10523,GGAGGCCTCCGTTC-1,8-9,0.0,0.0,0.413787,True,0.06982583831995726
3134,CTGATACTTCTCAT-1,4-5,0.06666666666666667,0.0475902379018706,0.15867653,False,0.07011807709932327
7686,ATACGGACAGTTCG-1,8-9,0.26666666666666666,0.29471071588240033,0.12240897,False,0.07006762083619833
468,ACACGAACTTCATC-1,4-5,0.13333333333333333,0.0936953581777685,0.33031335,False,0.06992838811129332
10788,GTACGAACCTTCCG-1,8-9,0.0,0.0,0.13578604,True,0.06993185728788376
2014,CACCTGACCGATAC-1,4-5,0.06666666666666667,0.05686973942620158,0.20721385,False,0.07047990057617426
10092,GCAACCCTCATCAG-1,8-9,0.13333333333333333,0.11459344576048992,0.33359563,False,0.06965380720794201
4474,GTAGCTGAGACGGA-1,4-5,0.06666666666666667,0.046105120275897894,0.56918913,False,0.06981536746025085
9999,GATATATGCCTTCG-1,8-9,0.0,0.0,0.24667987,True,0.06898702122271061
3874,GCATGATGGGACAG-1,4-5,0.13333333333333333,0.10687735001361826,0.10962504,False,0.06996221281588078
9725,GAATTAACCAGATC-1,8-9,0.4666666666666667,0.43724474113043027,0.3087147,False,0.06941206008195877
2023,CACGAAACTCGATG-1,4-5,0.0,0.0,0.0645021,True,0.06974661815911531
6594,AATAAGCTAGCCAT-1,8-9,0.06666666666666667,0.05686973942620158,0.083341025,False,0.06909830495715141
4722,GTTATCTGCCTAAG-1,4-5,0.06666666666666667,0.049317124049935504,0.41389436,False,0.06950944568961859
10410,GCTCCATGCTGTGA-1,8-9,0.0,0.0,0.018280111,True,0.06987196952104568
4701,GTTAGGTGCTCAAG-1,4-5,0.13333333333333333,0.10168017128013618,0.44303092,False,0.06981801241636276
10353,GCGTAAACCCTATT-1,8-9,0.26666666666666666,0.1877325570192297,0.28548336,False,0.06967928446829319
901,AGACACTGTCCGAA-1,4-5,0.13333333333333333,0.09616892409257823,0.3335542,False,0.06993765197694302
9324,CTAGTTTGTCTTTG-1,8-9,0.13333333333333333,0.1303471303300233,0.31302372,False,0.06966126430779696
3044,CTCAGGCTAACGTC-1,4-5,0.06666666666666667,0.08530460913930238,0.2704356,False,0.06963763199746609
12036,TGCGTAGAAATCGC-1,8-9,0.13333333333333333,0.1267728847688893,0.47544992,False,0.06998982932418585
48,AAAGTTTGCATTCT-1,4-5,0.13333333333333333,0.0954222443258334,0.27517194,False,0.06929533835500479
8721,CCCAACTGGGTATC-1,8-9,0.06666666666666667,0.10764243204553911,0.48995054,False,0.06919252220541239
2866,CGTGAAACGTACGT-1,4-5,0.13333333333333333,0.2313814480163251,0.70749235,False,0.06971925590187311
7751,ATCAAATGTGATGC-1,8-9,0.06666666666666667,0.053821216022769555,0.044505678,False,0.0697273351252079
809,ACTGCCTGACCTAG-1,4-5,0.06666666666666667,0.053821216022769555,0.46062088,False,0.06939624529331923
10910,GTCCAGCTTCTACT-1,8-9,0.2,0.32939121832172885,0.16735977,False,0.07024950068444014
4864,TAATGCCTGGAACG-1,4-5,0.0,0.0,0.12975822,True,0.06981396209448576
6581,AAGTCTCTCTCCAC-1,8-9,0.13333333333333333,0.09091555212983252,0.49186113,False,0.07010182179510593
2908,CTAACACTGCAAGG-1,4-5,0.0,0.0,0.41147235,True,0.07014887034893036
12167,TGTCAGGACATTTC-1,8-9,0.06666666666666667,0.046105120275897894,0.17785938,False,0.07025916781276464
321,AATAAGCTGTTGCA-1,4-5,0.26666666666666666,0.21648987313152573,0.20111191,False,0.07005391083657742
6984,ACGGTAACGTGTTG-1,8-9,0.0,0.0,0.41473928,True,0.07021952793002129
2654,CGAGAACTTCATTC-1,4-5,0.06666666666666667,0.10764243204553911,0.41429368,False,0.07031213212758303
7731,ATAGGCTGCAAAGA-1,8-9,0.06666666666666667,0.06600065503116892,0.32549196,False,0.07002019882202148
4707,GTTAGTCTATGACC-1,4-5,0.0,0.0,0.727632,True,0.07001198455691338
12033,TGCGCACTTCGTGA-1-1,8-9,0.2,0.18558316621088855,0.45844114,False,0.06963661964982748
1958,CACACCTGGACGAG-1,4-5,0.13333333333333333,0.11081108688510354,0.028974887,False,0.06954620592296124
8018,ATTGAAACAGATGA-1,8-9,0.0,0.0,0.32724023,True,0.06930513866245747
3219,CTTAGGGACGGGAA-1,4-5,0.13333333333333333,0.16841466178325945,0.17086656,False,0.06976873520761728
11822,TCTAGTTGGCCTTC-1-1,8-9,0.06666666666666667,0.04265230456965119,0.25192115,False,0.06969645339995623
2948,CTACGCACAAGATG-1,4-5,0.0,0.0,0.07573687,True,0.06958632543683052
7077,ACTCTATGTGAGCT-1,8-9,0.6,0.6701384455138463,0.10757951,False,0.07020554691553116
5410,TCCCAGACTGCTAG-1,4-5,0.13333333333333333,0.08875742484554909,0.50667435,False,0.07029170729219913
8289,CACGGGTGTTTGCT-1,8-9,0.06666666666666667,0.053821216022769555,0.4251971,False,0.07053215149790049
6137,TTCTTACTGAGGCA-1,4-5,0.0,0.0,0.2077178,True,0.06986571848392487
9103,CGGAATTGGTGTCA-1,8-9,0.06666666666666667,0.043668798524938345,0.4415787,False,0.06944785080850124
4854,TAATGAACTTTCGT-1,4-5,0.0,0.0,0.19824573,True,0.06958661321550608
6345,AACAAACTACGTGT-1,8-9,0.3333333333333333,0.3897827728032992,0.117694296,False,0.06988958269357681
438,ACAATCCTCTAGAC-1,4-5,0.0,0.0,0.5809007,True,0.07007040176540613
6424,AACGGTACTCAAGC-1-1,8-9,0.4,0.36619788800788233,0.3861599,False,0.06964458711445332
4755,GTTGGATGAAAAGC-1,4-5,0.13333333333333333,0.10618686347613708,0.3788288,False,0.0700239297002554
9645,GAACAGCTTGAAGA-1,8-9,0.13333333333333333,0.09863164787670416,0.07080171,False,0.06970103271305561
4252,GGCGACTGGGGTGA-1,4-5,0.2,0.14999014011534775,0.1334903,False,0.06993561331182718
8476,CATAGTCTTCGCAA-1,8-9,0.0,0.0,0.13199316,True,0.06961799506098032
209,AAGAACGAGGACGA-1,4-5,0.0,0.0,0.4088593,True,0.07003825344145298
8693,CCATCGTGTCGTAG-1,8-9,0.06666666666666667,0.17060921827860476,0.058666237,False,0.06947982590645552
3177,CTGGCACTGGTACT-1,4-5,0.26666666666666666,0.27055044902851416,0.17122728,False,0.06964773871004581
12474,TTGTACACGGTTCA-1,8-9,0.13333333333333333,0.09616892409257823,0.41181064,False,0.06995423510670662
3553,GAGCTCCTAGCGGA-1,4-5,0.13333333333333333,0.17364308707670803,0.65559036,False,0.06978925969451666
6247,AAACATTGCAGATC-1,8-9,0.06666666666666667,0.049317124049935504,0.42558426,False,0.06986779440194368
5195,TATCGACTCTGTAG-1,4-5,0.06666666666666667,0.05686973942620158,0.18897793,False,0.06951369252055883
7603,AGTTATGACGTTGA-1,8-9,0.06666666666666667,0.0475902379018706,0.38864157,False,0.07017021998763084
3227,CTTCACCTGTGCTA-1,4-5,0.0,0.0,0.3387597,True,0.07040046900510788
7914,ATGCTTTGAGCTAC-1,8-9,0.06666666666666667,0.04265230456965119,0.18145296,False,0.07004549261182547
2525,CCTAAGGATCCCGT-1,4-5,0.13333333333333333,0.16841466178325945,0.14273915,False,0.06978075299412012
9304,CTAGATCTGTTGCA-1,8-9,0.0,0.0,0.16956288,True,0.06952949706465006
1296,AGTGTGACGTAAGA-1,4-5,0.0,0.0,0.16693911,True,0.06975479517132044
8482,CATATAGATGTCCC-1,8-9,0.06666666666666667,0.07347739090382172,0.52731156,False,0.06968513317406178
6046,TTCAAGCTCGAGTT-1,4-5,0.0,0.0,0.22059853,True,0.07000699266791344
8641,CCAGAAACAGTAGA-1,8-9,0.06666666666666667,0.06077222973772036,0.29682323,False,0.06989495735615492
5225,TATGGGACTTGGCA-1,4-5,0.0,0.0,0.10223955,True,0.07009880524128675
9187,CGTCAAGACCGTAA-1,8-9,0.06666666666666667,0.10764243204553911,0.63849473,False,0.0697384849190712
889,AGAATTTGCTTCTA-1,4-5,0.0,0.0,0.011530533,True,0.06976715382188559
12166,TGTCAGGACACTTT-1,8-9,0.06666666666666667,0.06077222973772036,0.71445966,False,0.06934709660708904
4185,GGAGGATGTCCTCG-1,4-5,0.13333333333333333,0.1929470411848415,0.20627674,False,0.06929814536124468
9144,CGGCGATGGGTCAT-1-1,8-9,0.0,0.0,0.17501298,True,0.0700646536424756
931,AGAGATGACTCTTA-1,4-5,0.06666666666666667,0.10764243204553911,0.061545216,False,0.07023354712873697
6306,AAAGTTTGTGGTCA-1,8-9,0.13333333333333333,0.09502729076358196,0.64561963,False,0.07007101457566023
358,AATCTAGAAGAACA-1,4-5,0.13333333333333333,0.09091555212983252,0.25961486,False,0.06988364178687334
11371,TAGGACTGGTACGT-1-1,8-9,0.06666666666666667,0.046105120275897894,0.4940241,False,0.07057062536478043
292,AAGTCCGAGCCATA-1,4-5,0.06666666666666667,0.043668798524938345,0.14376087,False,0.06987820100039244
6836,ACCCAAGAGGACGA-1,8-9,0.0,0.0,0.19876435,True,0.06957875844091177
1995,CACCCATGCACCAA-1,4-5,0.13333333333333333,0.21671433855450267,0.9105728,False,0.06959834415465593
8882,CCTGCAACATGTGC-1,8-9,0.13333333333333333,0.21992634232854028,0.015151695,False,0.06981944385915995
5990,TTAGACCTAACTGC-1,4-5,0.0,0.0,0.23335026,True,0.07013159897178411
9549,CTTACAACGTTCAG-1,8-9,0.06666666666666667,0.08530460913930238,0.26197606,False,0.06981438118964434
5901,TGTAGGTGGCCAAT-1,4-5,0.0,0.0,0.640767,True,0.06983985099941492
12097,TGGCAATGGTATGC-1,8-9,0.0,0.0,0.1379247,True,0.07025550212711096
3700,GATCTTTGACCTGA-1,4-5,0.0,0.0,0.4440571,True,0.0701080160215497
7597,AGTGTTCTTACGCA-1,8-9,0.2,0.18807083666431165,0.23709337,False,0.07008850481361151
2921,CTAAGGACAGTCAC-1,4-5,0.13333333333333333,0.10313834007270506,0.29415932,False,0.06991156097501516
6797,ACCAACGAGAGGGT-1,8-9,0.13333333333333333,0.15374755232143703,0.031168036,False,0.07024098746478558
1171,AGGGCGCTTGCATG-1,4-5,0.06666666666666667,0.08530460913930238,0.5645162,False,0.06983434967696667
6339,AAATTGACGTCAAC-1,8-9,0.0,0.0,0.41091633,True,0.06965186912566423
5922,TGTCAGGAACGGAG-1,4-5,0.4,0.43609714140142775,0.018701058,False,0.06991313863545656
9558,CTTAGACTGCTACA-1,8-9,0.13333333333333333,0.11069095544897115,0.17917642,False,0.07023856043815613
6193,TTGTCATGAAACAG-1,4-5,0.06666666666666667,0.053821216022769555,0.33815554,False,0.07010066416114569
12232,TTACCATGTCCTAT-1,8-9,0.06666666666666667,0.07347739090382172,0.56901765,False,0.06949789635837078
5628,TGACGATGAAGGCG-1,4-5,0.0,0.0,0.041741244,True,0.0696302829310298
9107,CGGAATTGTCATTC-1,8-9,0.2,0.14434441481351745,0.083467335,False,0.06999774742871523
3334,GAAGCTACTCATTC-1,4-5,0.13333333333333333,0.10865295960082011,0.6273402,False,0.06945971120148897
9530,CTGTGAGACGTACA-1,8-9,0.0,0.0,0.319444,True,0.06979155167937279
2873,CGTGATGAAAGGTA-1,4-5,0.2,0.28673891375207766,0.08615674,False,0.06987600959837437
9860,GAGATGCTCAAGCT-1,8-9,0.4,0.3467832744178498,0.3537948,False,0.06938077043741941
1014,AGCATCGACTGCAA-1,4-5,0.0,0.0,0.35080814,True,0.06987452879548073
7022,ACGTTACTTTGACG-1,8-9,0.06666666666666667,0.0475902379018706,0.30571645,False,0.06919161044061184
4181,GGAGCGCTTTCGTT-1,4-5,0.5333333333333333,0.6171780765536548,0.22513257,False,0.07005371525883675
8834,CCGTACACAGTACC-1,8-9,0.13333333333333333,0.1513052641704713,0.06137439,False,0.06986351124942303
1814,CAAACTCTATAAGG-1,4-5,0.06666666666666667,0.08530460913930238,0.0063133985,False,0.06988167576491833
7196,AGACTGACCTGCAA-1,8-9,0.0,0.0,0.23325805,True,0.06961819622665644
2853,CGTCCAACTATCTC-1,4-5,0.06666666666666667,0.0475902379018706,0.101762936,False,0.06980041414499283
10835,GTAGTGTGCAACTG-1,8-9,0.26666666666666666,0.2426163860076957,0.33642188,False,0.07003298867493868
2268,CATGTTTGGTTTCT-1,4-5,0.0,0.0,0.2985623,True,0.06988565530627966
8830,CCGTAAGACTTAGG-1,8-9,0.0,0.0,0.6693223,True,0.07011949643492699
238,AAGCAAGAGCGGAA-1,4-5,0.2,0.24981678061104307,0.78116494,False,0.06976104527711868
8299,CACTAGGATCTCCG-1,8-9,0.2,0.21322509363719408,0.7233501,False,0.07044676970690489
1805,ATTTGCACATCGGT-1,4-5,0.2,0.1453489698050745,0.02599046,False,0.06973966211080551
7464,AGGGCGCTGTTTCT-1,8-9,0.0,0.0,0.40017068,True,0.06939303316175938
98,AACAATACCGACAT-1,4-5,0.06666666666666667,0.05135849223864361,0.110439055,False,0.07015603221952915
9451,CTGAAGACCTTACT-1-1,8-9,0.13333333333333333,0.1569595560954746,0.32408583,False,0.06949594244360924
2776,CGGACTCTGTTCGA-1,4-5,0.2,0.200250275672711,0.049643606,False,0.06936521362513304
6891,ACGAACACTAGCCA-1,8-9,0.13333333333333333,0.10618686347613708,0.23634501,False,0.0685756616294384
1834,CAACAGACGAAGGC-1,4-5,0.0,0.0,0.14333382,True,0.06913101207464933
10415,GCTCGACTGTCAAC-1,8-9,0.13333333333333333,0.22443043430137433,0.36534268,False,0.06976816616952419
3979,GCGAAGGAGGTACT-1,4-5,0.13333333333333333,0.22196771051724837,0.2282173,False,0.06953360233455896
9145,CGGCGATGTCTCCG-1,8-9,0.0,0.0,0.22293174,True,0.0695146881043911
576,ACCCAGCTTTCTCA-1,4-5,0.06666666666666667,0.05135849223864361,0.17580152,False,0.06935997772961855
10357,GCGTAAACGGTTTG-1,8-9,0.3333333333333333,0.38935153166708075,0.4410555,False,0.06972985807806253
2563,CCTCTACTTGTCTT-1,4-5,0.13333333333333333,0.08746273642358579,0.031146692,False,0.06958047952502966
8369,CAGAGGGATTTCTG-1,8-9,0.06666666666666667,0.04481043185393461,0.2030416,False,0.07030360400676727
1455,ATCACGGACGGGAA-1,4-5,0.2,0.1974103844463692,0.7277586,False,0.0699342843145132
7723,ATAGGAGAAGCTAC-1,8-9,0.13333333333333333,0.17364308707670803,0.117687546,False,0.06996292155236006
2378,CCAGGTCTAGGAGC-1,4-5,0.0,0.0,0.33507872,True,0.07032386306673288
9755,GACAGTTGCGTAAC-1,8-9,0.26666666666666666,0.24080599644220813,0.387842,False,0.07001518737524748
4654,GTGGATTGTGTCGA-1,4-5,0.06666666666666667,0.043668798524938345,0.35899293,False,0.0700211189687252
7459,AGGGCCTGTGACAC-1,8-9,0.06666666666666667,0.04481043185393461,0.31591246,False,0.06986610218882561
5508,TCGCAGCTGGAGGT-1,4-5,0.0,0.0,0.52516454,True,0.0700660003349185
8750,CCCGAACTCTTCTA-1,8-9,0.0,0.0,0.8060136,True,0.0700714448466897
473,ACACGATGTTTCGT-1,4-5,0.2,0.18221197109110848,0.2901106,False,0.06997403968125582
9724,GAATGGCTTTGCTT-1,8-9,0.3333333333333333,0.24673402169654832,0.106308624,False,0.07000648602843285
3537,GAGCATACGCTCCT-1,4-5,0.0,0.0,0.28412744,True,0.0702454587444663
8822,CCGGAGTGATTCCT-1,8-9,0.0,0.0,0.25470632,True,0.06981627643108368
4957,TACGTTACTTCCAT-1,4-5,0.0,0.0,0.3314026,True,0.06971986591815948
9795,GACGAGGATAAGGA-1,8-9,0.13333333333333333,0.10618686347613708,0.042301483,False,0.07014889642596245
701,ACGGATTGGCCTTC-1,4-5,0.06666666666666667,0.06077222973772036,0.4304852,False,0.07018208969384432
11411,TAGTACCTAGAGTA-1,8-9,0.13333333333333333,0.11531777908110442,0.15181507,False,0.07006466016173363
2642,CGACTCACTCCCAC-1,4-5,0.13333333333333333,0.1569595560954746,0.34477055,False,0.06994941644370556
12420,TTGACACTCTGCTC-1,8-9,0.06666666666666667,0.05135849223864361,0.2903663,False,0.0701614897698164
334,AATAGGGATCTCAT-1,4-5,0.13333333333333333,0.16146364806830865,0.5317832,False,0.06996164377778769
11194,TAATGATGGGGAGT-1,8-9,0.06666666666666667,0.046105120275897894,0.05378513,False,0.06955178920179605
746,ACGTGCCTGATGAA-1,4-5,0.0,0.0,0.1667632,True,0.07014866173267365
6808,ACCACGCTCTTGGA-1,8-9,0.0,0.0,0.35223317,True,0.06988588906824589
1720,ATTCTTCTGGGATG-1,4-5,0.13333333333333333,0.10141145392464015,0.111331135,False,0.0698855509981513
8017,ATTGAAACACCAAC-1,8-9,0.0,0.0,0.29875767,True,0.0698921401053667
996,AGCAACACTAGACC-1,4-5,0.0,0.0,0.012079477,True,0.07008761167526245
10900,GTCCACACGGAGCA-1,8-9,0.13333333333333333,0.13912582516207192,0.3986912,False,0.06997252721339464
1045,AGCGAACTGCCCTT-1,4-5,0.2,0.15128482853731107,0.11389284,False,0.07009581662714481
9199,CGTCGACTCCACCT-1,8-9,0.2,0.3097350434406767,0.1064184,False,0.06929238513112068
5297,TCACCCGATGCAAC-1,4-5,0.0,0.0,0.25530124,True,0.06957998964935541
11108,TAAAGTTGCGTAAC-1,8-9,0.0,0.0,0.34471983,True,0.06917139887809753
2431,CCCAGTTGAACCGT-1,4-5,0.06666666666666667,0.05135849223864361,0.47240704,False,0.06925271358340979
11224,TACCATTGATGCCA-1,8-9,0.0,0.0,0.116653144,True,0.0696078147739172
4759,GTTGTACTGCGTAT-1,4-5,0.2,0.14711228189772335,0.14030045,False,0.06920034997165203
7014,ACGTGCCTCCTGTC-1,8-9,0.06666666666666667,0.08530460913930238,0.22825256,False,0.06958694849163294
5593,TGAAATTGCTAGAC-1,4-5,0.4,0.36033737553491746,0.1495029,False,0.06984564382582903
7580,AGTGACACTGGTTG-1,8-9,0.06666666666666667,0.04481043185393461,0.36157465,False,0.06986076943576336
2516,CCGTAAGATTCTAC-1,4-5,0.13333333333333333,0.10517970826141315,0.28843474,False,0.06953988969326019
8430,CAGGTTGACTCTAT-1,8-9,0.26666666666666666,0.38906273720924744,0.10007089,False,0.06982726510614157
4756,GTTGGATGAGCATC-1,4-5,0.06666666666666667,0.046105120275897894,0.20382729,False,0.06986759603023529
10433,GCTTGAGAACCCTC-1,8-9,0.0,0.0,0.13495734,True,0.06980934645980597
102,AACACGTGCAGAGG-1,4-5,0.06666666666666667,0.04481043185393461,0.095745906,False,0.0701881730929017
7429,AGGCAACTAGGTTC-1,8-9,0.2,0.16195662128269467,0.35602376,False,0.06995649263262749
5051,TAGCTACTCAGATC-1,4-5,0.06666666666666667,0.07347739090382172,0.64109266,False,0.06969355139881372
10612,GGCGACACGTTCAG-1,8-9,0.0,0.0,0.08210335,True,0.07011055666953325
4009,GCGCGATGTTTGCT-1,4-5,0.0,0.0,0.36474413,True,0.0699903853237629
8925,CGACAAACACCGAT-1,8-9,0.0,0.0,0.43874085,True,0.07016894593834877
5506,TCGCACTGGAATAG-1,4-5,0.0,0.0,0.25888017,True,0.07010527420789003
8034,ATTGCGGATGACAC-1,8-9,0.2,0.2029465783032243,0.9688864,False,0.06985390465706587
3324,GAAGATGAGGATTC-1,4-5,0.13333333333333333,0.16146364806830865,0.16549928,False,0.06959542538970709
9402,CTCATTGAAGCAAA-1,8-9,0.0,0.0,0.7267598,True,0.06995472405105829
3917,GCCCAACTGATAGA-1,4-5,0.0,0.0,0.37622145,True,0.07043305039405823
8416,CAGGGCACAGAGGC-1,8-9,0.0,0.0,0.32509395,True,0.06978312600404024
3031,CTCAATTGCTCGAA-1,4-5,0.13333333333333333,0.10053853795113993,0.19487703,False,0.07004839461296797
10888,GTCATACTTAAGGA-1,8-9,0.0,0.0,0.09475043,True,0.0699132215231657
3051,CTCATTGATTTACC-1,4-5,0.13333333333333333,0.0969073619518061,0.292035,False,0.0697403633967042
8670,CCAGTCACATCGTG-1,8-9,0.0,0.0,0.03056471,True,0.06966030318289995
3954,GCCTACACGGGCAA-1,4-5,0.0,0.0,0.22507158,True,0.06939314119517803
11214,TACACACTGAACCT-1,8-9,0.2,0.18807083666431165,0.037889443,False,0.06986686587333679
4371,GGTAGTACAGCCAT-1,4-5,0.06666666666666667,0.10764243204553911,0.58768624,False,0.06958326604217291
6664,AATGGCTGAGCGGA-1,8-9,0.06666666666666667,0.043668798524938345,0.13798693,False,0.06993051897734404
4660,GTGTACGACTTCCG-1,4-5,0.0,0.0,0.33165085,True,0.06995894946157932
9211,CGTGAATGATGTGC-1,8-9,0.4,0.38246224676381946,0.38957167,False,0.06975635048002005
3904,GCCACTACTCTTTG-1,4-5,0.13333333333333333,0.09502729076358196,0.23585093,False,0.06991476006805897
11578,TCAATAGATGGTTG-1,8-9,0.0,0.0,0.5077497,True,0.06962298601865768
5751,TGCCAGCTTATGCG-1,4-5,0.0,0.0,0.80722487,True,0.06987418048083782
8827,CCGTAAGAACCAAC-1,8-9,0.13333333333333333,0.21671433855450267,0.03144089,False,0.06982863880693913
6110,TTCGATTGAACCAC-1,4-5,0.06666666666666667,0.17060921827860476,0.34489515,False,0.07012390717864037
8347,CAGACAACATCAGC-1,8-9,0.0,0.0,0.014751509,True,0.06947741750627756
2475,CCCTGATGTCGCAA-1,4-5,0.06666666666666667,0.10764243204553911,1.038878,False,0.0695593161508441
9184,CGTAGCCTGCGTTA-1,8-9,0.0,0.0,0.39033705,True,0.06939849723130465
5878,TGGTAGTGCGTTGA-1,4-5,0.06666666666666667,0.08530460913930238,0.076973036,False,0.06946349050849676
10021,GATCCGCTAGCATC-1,8-9,0.0,0.0,0.21200453,True,0.06995728239417076
3539,GAGCGAGATCCTCG-1,4-5,0.0,0.0,0.5888174,True,0.0700237276032567
12440,TTGCATTGGTGTAC-1,8-9,0.06666666666666667,0.06600065503116892,0.47727367,False,0.06985502503812313
1125,AGGAGTCTAGGAGC-1,4-5,0.13333333333333333,0.0954222443258334,0.5495346,False,0.06995401717722416
6314,AAATCAACAGTGCT-1,8-9,0.13333333333333333,0.09401079680829481,0.33663145,False,0.0703986631706357
1003,AGCACAACAGAAGT-1,4-5,0.13333333333333333,0.22443043430137433,0.12761462,False,0.07011716347187757
9776,GACCCTACAGCGTT-1,8-9,0.06666666666666667,0.05135849223864361,0.2921678,False,0.0703660910949111
3503,GACTGTGAGGAAGC-1,4-5,0.0,0.0,0.74830925,True,0.06999375112354755
9623,GAAACCTGGAGGCA-1,8-9,0.4666666666666667,0.44013073748666187,0.20969947,False,0.07032906450331211
2956,CTACTATGTCCTCG-1,4-5,0.4,0.47052362936120873,0.39945936,False,0.0698930760845542
8582,CATTTGTGTGCGTA-1,8-9,0.06666666666666667,0.04265230456965119,0.17338248,False,0.07005744613707066
5254,TATTTCCTAGTAGA-1,4-5,0.26666666666666666,0.26324197737119626,0.021309257,False,0.06965359952300787
6880,ACCTGAGATATCGG-1,8-9,0.5333333333333333,0.5194218065030007,0.049367182,False,0.06990012340247631
177,AACGTTCTTTATCC-1,4-5,0.13333333333333333,0.11714618942876005,0.25510687,False,0.06960084661841393
9434,CTCGACTGAGTACC-1,8-9,0.06666666666666667,0.046105120275897894,0.47783867,False,0.0692090317606926
2855,CGTCCATGAATCGC-1,4-5,0.3333333333333333,0.35118288343710335,0.0769299,False,0.06936004478484392
9909,GAGGGAACTGAAGA-1,8-9,0.06666666666666667,0.053821216022769555,0.19750673,False,0.06930228229612112
5249,TATGTGCTGCGGAA-1,4-5,0.0,0.0,0.033035487,True,0.06945776753127575
9080,CGCTAAGAGTAAGA-1,8-9,0.0,0.0,0.33678576,True,0.06969721615314484
2084,CACTTTGAGCGAAG-1,4-5,0.06666666666666667,0.06600065503116892,0.54883194,False,0.06937054172158241
9372,CTATTGACTTTGCT-1,8-9,0.13333333333333333,0.2313814480163251,1.513615,False,0.06961463484913111
4208,GGATGTACCTAGCA-1,4-5,0.0,0.0,0.12810959,True,0.07001292053610086
6768,ACAGTGTGCGACTA-1,8-9,0.0,0.0,0.6214745,True,0.06974353455007076
3838,GCAGCGTGCGTAGT-1,4-5,0.06666666666666667,0.0475902379018706,0.53852075,False,0.06955637503415346
10095,GCAACCCTGTATGC-1,8-9,0.26666666666666666,0.2907892765054681,0.03355833,False,0.06979710981249809
2775,CGGACTCTATTTCC-1,4-5,0.13333333333333333,0.10297485970209948,0.021654367,False,0.069881453178823
8833,CCGTACACAAGTAG-1,8-9,0.13333333333333333,0.1346217331892379,0.28097823,False,0.06968336924910545
2476,CCCTTACTGATACC-1,4-5,0.06666666666666667,0.053821216022769555,0.23693031,False,0.06981263030320406
8157,CAAGGTTGCGGAGA-1,8-9,0.0,0.0,0.19513242,True,0.06995631568133831
5389,TCCACTCTGTTAGC-1,4-5,0.06666666666666667,0.05686973942620158,0.033760954,False,0.07000381872057915
11583,TCACAACTGAAACA-1,8-9,0.13333333333333333,0.21326152284825595,0.5718495,False,0.06946990638971329
1578,ATGAGCACGCGATT-1,4-5,0.3333333333333333,0.32620007539893936,0.018766358,False,0.06969689298421144
6515,AAGCCTGACGCTAA-1,8-9,0.2,0.18356674469147757,0.008189417,False,0.06995122320950031
4344,GGGTTAACCAAGCT-1,4-5,0.0,0.0,0.058246396,True,0.070130106061697
10225,GCCACTACCTTATC-1,8-9,0.13333333333333333,0.132894847041173,0.28159228,False,0.06966308318078518
5759,TGCGAAACCAGAGG-1,4-5,0.13333333333333333,0.10865295960082011,0.5565825,False,0.06971815880388021
7033,ACTAAAACCAGATC-1,8-9,0.2,0.18183985854341267,0.15048574,False,0.07013379130512476
4954,TACGTTACGGATTC-1,4-5,0.26666666666666666,0.23566107456618224,0.036665026,False,0.0695812776684761
11512,TATCGACTTGCTCC-1,8-9,0.0,0.0,0.0064583495,True,0.06999677699059248
1274,AGTCTTACCTGTGA-1,4-5,0.0,0.0,0.67639863,True,0.0695332046598196
10311,GCGATATGCTACTT-1,8-9,0.0,0.0,0.23051505,True,0.06969166919589043
2915,CTAACGGATTGAGC-1,4-5,0.06666666666666667,0.043668798524938345,0.3563237,False,0.06991180125623941
7000,ACGTCAGACTATGG-1,8-9,0.06666666666666667,0.0475902379018706,0.17039227,False,0.07003865577280521
2382,CCAGTCACTAACGC-1,4-5,0.06666666666666667,0.07347739090382172,0.09237753,False,0.06976038217544556
10929,GTCTAACTAGCGGA-1,8-9,0.06666666666666667,0.043668798524938345,0.15438291,False,0.06967820040881634
58,AAATCAACAGATCC-1,4-5,0.06666666666666667,0.04481043185393461,0.24132988,False,0.06992439646273851
10702,GGGTTAACGATAGA-1,8-9,0.0,0.0,0.40607178,True,0.06975517980754375
5007,TAGAATACATCGAC-1,4-5,0.0,0.0,0.18589205,True,0.07012874912470579
11693,TCCCAGACAGCTAC-1,8-9,0.2,0.15679607572486906,0.06085357,False,0.06994808185845613
6012,TTAGGTCTCTGTTT-1,4-5,0.0,0.0,0.29924536,True,0.07008132617920637
8929,CGACCACTGAATAG-1,8-9,0.13333333333333333,0.14217434856550396,0.21459924,False,0.07023160625249147
1699,ATTCCAACCCTGTC-1,4-5,0.2,0.16069856603638782,0.257432,False,0.07010599225759506
12504,TTTAGGCTTAGAAG-1,8-9,0.06666666666666667,0.10764243204553911,0.653083,False,0.07040990516543388
5754,TGCCGACTAAGGCG-1,4-5,0.0,0.0,0.24957195,True,0.07043795753270388
10951,GTGACAACTTTCGT-1,8-9,0.2,0.20245079856806245,0.25000727,False,0.07041666656732559
2313,CCAACCTGTCGTAG-1,4-5,0.0,0.0,0.1460559,True,0.0697967205196619
6262,AAACGCACTCTGGA-1,8-9,0.13333333333333333,0.21671433855450267,0.4280119,False,0.069578742608428
5653,TGACTTTGGCGTAT-1,4-5,0.13333333333333333,0.10865295960082011,0.31583136,False,0.07022256497293711
9985,GATAGAGATGCTGA-1,8-9,0.0,0.0,0.12588932,True,0.06972954142838717
2609,CGAATCGAGTTGGT-1,4-5,0.2,0.29340373323236196,0.3584313,False,0.06953447312116623
11392,TAGGTGACATCTCT-1,8-9,0.0,0.0,0.2982845,True,0.07012246455997229
3297,GAACCAACGCCCTT-1,4-5,0.13333333333333333,0.15374755232143703,0.022046834,False,0.07040341291576624
11769,TCGATTTGTGTAGC-1,8-9,0.06666666666666667,0.049317124049935504,0.059244864,False,0.07012973632663488
2351,CCACTTCTCCACAA-1,4-5,0.0,0.0,0.028671253,True,0.06986591871827841
11763,TCGAGAACTTTACC-1,8-9,0.3333333333333333,0.3033365303350006,0.30177036,False,0.06988172233104706
3990,GCGATATGCTCTCG-1,4-5,0.13333333333333333,0.13947804593499064,0.5439251,False,0.0701445173472166
9867,GAGCAGGACACTCC-1,8-9,0.06666666666666667,0.17060921827860476,0.25220507,False,0.0700734592974186
1547,ATCTGTTGCATGCA-1,4-5,0.2,0.20512648019324087,0.013982115,False,0.06994967814534903
11154,TAAGATACGGAACG-1,8-9,0.06666666666666667,0.06600065503116892,0.10912502,False,0.06957980152219534
3517,GAGATAGATCACGA-1,4-5,0.06666666666666667,0.06077222973772036,0.1697325,False,0.07029363606125116
10145,GCACTAGAGTGCAT-1,8-9,0.06666666666666667,0.046105120275897894,0.15250187,False,0.06979346461594105
463,ACACGAACAACCGT-1,4-5,0.06666666666666667,0.08530460913930238,0.07593922,False,0.06988201383501291
12449,TTGCTATGCAGAGG-1,8-9,0.0,0.0,0.75723845,True,0.07009822968393564
4595,GTCTGAGAGGAAAT-1,4-5,0.2,0.27578892654001796,0.17446373,False,0.0691725593060255
6423,AACGGTACGTTCGA-1,8-9,0.0,0.0,0.04190743,True,0.0698160994797945
2604,CGAAGTACGGCAAG-1,4-5,0.13333333333333333,0.11714618942876005,0.21724904,False,0.0697366101667285
7931,ATGTAAACCGGAGA-1,8-9,0.2,0.18364262419509084,0.43874466,False,0.07022855617105961
5360,TCATCAACGGTGAG-1,4-5,0.26666666666666666,0.25574629243312996,0.02221065,False,0.07019954081624746
9379,CTCAGAGAAAAAGC-1,8-9,0.13333333333333333,0.1346217331892379,0.5179497,False,0.07061744295060635
1742,ATTGCACTTCGTGA-1,4-5,0.0,0.0,0.14900202,True,0.07004036847501993
10051,GATGCATGCGCAAT-1,8-9,0.13333333333333333,0.09298592257487384,0.71918213,False,0.07018044963479042
5562,TCTATGTGCTTGCC-1,4-5,0.13333333333333333,0.13011504099323698,0.040159553,False,0.07009971793740988
7074,ACTCTATGCCTCAC-1,8-9,0.13333333333333333,0.27825165032414384,0.5245321,False,0.0698406733572483
5289,TCACATACACGTGT-1,4-5,0.13333333333333333,0.11213072197636398,0.16782153,False,0.06996514368802309
7043,ACTAGGTGACTAGC-1,8-9,0.13333333333333333,0.21326152284825595,0.26552096,False,0.06979075726121664
3319,GAAGAATGACTCTT-1,4-5,0.0,0.0,0.3883688,True,0.06994249578565359
10175,GCAGTCCTAGCGGA-1,8-9,0.26666666666666666,0.21728548356848,0.39337325,False,0.06974099855870008
5574,TCTGATACCATTTC-1,4-5,0.4,0.5051572941736117,0.007777903,False,0.0699219536036253
8336,CACTTATGAGTCTG-1,8-9,0.26666666666666666,0.22439565199007414,0.21621329,False,0.07017588801681995
45,AAAGGCCTGGATTC-1,4-5,0.13333333333333333,0.09952204399585277,0.13966948,False,0.06937030702829361
6662,AATGGAGAGGTGAG-1,8-9,0.06666666666666667,0.04265230456965119,0.4241144,False,0.07001004368066788
2148,CAGGGCACCCAAGT-1,4-5,0.0,0.0,0.5633624,True,0.07002351991832256
8146,CAAGGACTAGTCGT-1,8-9,0.4666666666666667,0.5619831378651027,0.1902061,False,0.06973889004439116
5262,TCAACACTCGTAAC-1,4-5,0.06666666666666667,0.04265230456965119,0.32283175,False,0.07026599533855915
11472,TATACCACACACAC-1,8-9,0.06666666666666667,0.04481043185393461,0.15638651,False,0.07001077849417925
408,AATTACGACTTCTA-1,4-5,0.4,0.4077083845350186,0.04302849,False,0.0701884999871254
6296,AAAGCAGATGGTGT-1,8-9,0.0,0.0,0.1975177,True,0.07002648431807756
4995,TACTTTCTAAGTAG-1,4-5,0.06666666666666667,0.043668798524938345,0.11345884,False,0.06967531330883503
10251,GCCCATACTAAAGG-1,8-9,0.06666666666666667,0.0475902379018706,0.41363394,False,0.06925633270293474
3929,GCCCAGGAGGAAAT-1,4-5,0.06666666666666667,0.05135849223864361,0.52416825,False,0.06967491842806339
7316,AGCCGGTGATAAGG-1,8-9,0.06666666666666667,0.043668798524938345,0.20409349,False,0.0699587520211935
4907,TACGAGACGAGCAG-1,4-5,0.2,0.16592699132983635,0.19959953,False,0.07002558559179306
9183,CGTAGCCTGATACC-1,8-9,0.06666666666666667,0.06600065503116892,0.32884637,False,0.06982663087546825
2555,CCTCGAACGTGCTA-1,4-5,0.13333333333333333,0.11210577530706682,0.7893032,False,0.06973521877080202
11483,TATAGCCTCACTAG-1,8-9,0.3333333333333333,0.26270811707488706,0.42239088,False,0.06962602864950895
3144,CTGCAGCTAGGAGC-1,4-5,0.0,0.0,0.04387359,True,0.06991061847656965
8665,CCAGCTACTTGGCA-1,8-9,0.13333333333333333,0.22196771051724837,0.30869868,False,0.0699124364182353
3449,GACGATTGCACAAC-1,4-5,0.0,0.0,0.12927383,True,0.06981722451746464
10165,GCAGCTCTGAACTC-1,8-9,0.06666666666666667,0.04265230456965119,0.08465797,False,0.06985480524599552
970,AGATATACCATGAC-1,4-5,0.06666666666666667,0.04265230456965119,0.44544694,False,0.06953302398324013
9248,CTAAACCTCACTTT-1,8-9,0.26666666666666666,0.20105362935662532,0.32274678,False,0.06948321033269167
5677,TGAGTGACATGGTC-1,4-5,0.06666666666666667,0.10764243204553911,0.14068212,False,0.0697012348100543
10074,GATTGGTGCCATGA-1,8-9,0.2,0.2827149935856716,0.7052306,False,0.06940165348351002
5233,TATGGTCTCAGCTA-1,4-5,0.26666666666666666,0.3527395687832466,0.18213993,False,0.06979725603014231
12187,TGTGAGTGGTACCA-1,8-9,0.0,0.0,0.045805763,True,0.06992978323251009
882,AGAATGGACCTTAT-1,4-5,0.13333333333333333,0.2313814480163251,0.65486956,False,0.07009989116340876
7957,ATGTTGCTATTCCT-1,8-9,0.06666666666666667,0.05135849223864361,0.40279907,False,0.07011142279952765
3107,CTGAATCTGGTACT-1,4-5,0.06666666666666667,0.17060921827860476,0.18670401,False,0.07001767307519913
6793,ACATTCTGTTACCT-1,8-9,0.2,0.1742288866960141,0.09770012,False,0.06995879951864481
1599,ATGCCGCTACGTGT-1,4-5,0.06666666666666667,0.05686973942620158,0.8025817,False,0.06983096245676279
10832,GTAGTCGATACTTC-1,8-9,0.0,0.0,0.1588361,True,0.06933631375432014
3017,CTATGTACGTGCAT-1,4-5,0.13333333333333333,0.14217434856550396,0.5188627,False,0.0699824932962656
9156,CGGTACCTGGTTCA-1,8-9,0.06666666666666667,0.053821216022769555,0.12094051,False,0.06936940923333168
3734,GATTCTACGCGTAT-1,4-5,0.0,0.0,0.015767526,True,0.06956186518073082
10884,GTCATACTACCGAT-1,8-9,0.0,0.0,0.3697034,True,0.06968467403203249
5948,TGTTACTGCTCCAC-1,4-5,0.13333333333333333,0.12729860692659126,0.11035745,False,0.06973189115524292
9673,GAAGATGATGTTCT-1,8-9,0.06666666666666667,0.07347739090382172,0.306317,False,0.0698961392045021
765,ACTAAAACTGCTAG-1,4-5,0.06666666666666667,0.17060921827860476,0.706618,False,0.0696854405105114
8062,ATTTAGGAAAGATG-1-1,8-9,0.0,0.0,0.08649482,True,0.07047665677964687
449,ACACAGACCCCACT-1,4-5,0.06666666666666667,0.10764243204553911,0.06735101,False,0.07004936505109072
9441,CTCGACTGTGTCAG-1,8-9,0.0,0.0,0.08072987,True,0.06985616218298674
3536,GAGCATACCTCGAA-1,4-5,0.06666666666666667,0.043668798524938345,0.6791779,False,0.07030708249658346
10162,GCAGCTCTATTTCC-1,8-9,0.0,0.0,0.38550645,True,0.06976900529116392
4713,GTTAGTCTTTCCCG-1,4-5,0.13333333333333333,0.0936953581777685,0.3795299,False,0.07004555035382509
8425,CAGGTATGCATGAC-1,8-9,0.0,0.0,0.35315892,True,0.07002085912972689
1267,AGTCGAACTAACGC-1,4-5,0.2,0.1534633914547547,0.048923843,False,0.06925864331424236
11314,TACTGTTGTACGCA-1,8-9,0.2,0.1395596665214573,0.37253124,False,0.07001198176294565
339,AATCAAACGCGATT-1,4-5,0.0,0.0,0.15565148,True,0.07001857459545135
8679,CCAGTCTGTGCATG-1,8-9,0.13333333333333333,0.11982187105393848,0.19603433,False,0.06975541356950998
3113,CTGACAGATCCCAC-1,4-5,0.0,0.0,0.41521704,True,0.07003343477845192
11699,TCCCATCTTAACGC-1,8-9,0.0,0.0,0.13043109,True,0.06979180686175823
2332,CCAATGGATCCGTC-1,4-5,0.06666666666666667,0.043668798524938345,0.46849585,False,0.06960667669773102
10963,GTGATCGAGTTCTT-1,8-9,0.2,0.18364262419509084,0.13066372,False,0.07003539800643921
5847,TGGCAATGACCTGA-1,4-5,0.06666666666666667,0.06077222973772036,0.13724506,False,0.06959557998925447
9250,CTAAACCTTTTGTC-1,8-9,0.26666666666666666,0.3050528164919083,0.1270209,False,0.06921318266540766
4866,TAATGTGAAGGTTC-1,4-5,0.13333333333333333,0.23660987330977368,0.1474187,False,0.06963358167558908
9971,GATAAGGAGCTACA-1,8-9,0.06666666666666667,0.10764243204553911,0.5046099,False,0.06952603906393051
2493,CCGATAGAGAGATA-1,4-5,0.0,0.0,0.97349757,True,0.07003001496195793
12246,TTACTCGAGTCAAC-1,8-9,0.26666666666666666,0.27055044902851416,0.1381971,False,0.06989730335772038
1275,AGTCTTACGCCTTC-1,4-5,0.0,0.0,0.23501743,True,0.06958654522895813
9279,CTACGCACCTATTC-1,8-9,0.2,0.1827682216538439,0.1314504,False,0.06946628447622061
2545,CCTCATCTCTTCGC-1-1,4-5,0.0,0.0,0.5888356,True,0.06963204499334097
9605,CTTTCAGACACACA-1,8-9,0.06666666666666667,0.17060921827860476,0.37956703,False,0.06960409507155418
4462,GTAGCAACTGCACA-1,4-5,0.0,0.0,0.18277283,True,0.06997242476791143
11873,TGAAGCACTCTATC-1,8-9,0.0,0.0,0.3228676,True,0.06978945061564445
2727,CGCATAGATGTCGA-1,4-5,0.0,0.0,0.75457644,True,0.06988075468689203
12340,TTCATGACGCTTAG-1,8-9,0.13333333333333333,0.0936953581777685,0.083634734,False,0.06985112372785807
5604,TGAAGCTGAGGAGC-1,4-5,0.13333333333333333,0.11459344576048992,0.26691803,False,0.06970961485058069
12346,TTCATGTGTTCCAT-1,8-9,0.2,0.29043108933254325,0.28649345,False,0.06974231544882059
3863,GCAGTTGAACGCTA-1,4-5,0.0,0.0,0.0101871565,True,0.0697005819529295
9575,CTTCTAGACCTAAG-1,8-9,0.13333333333333333,0.15900092428418272,0.0141631365,False,0.06946729123592377
3399,GACAGGGATTCGTT-1,4-5,0.13333333333333333,0.1513052641704713,0.23880102,False,0.06941760051995516
12150,TGTAGGTGCTTACT-1,8-9,0.06666666666666667,0.04265230456965119,0.5179008,False,0.06946430541574955
2968,CTAGATCTCAGCTA-1,4-5,0.5333333333333333,0.650575826268272,0.17331508,False,0.06983087863773108
8570,CATTTCGACCGTAA-1,8-9,0.13333333333333333,0.2313814480163251,0.05977006,False,0.06985818967223167
2812,CGGGCATGCGACAT-1,4-5,0.06666666666666667,0.0475902379018706,0.42463985,False,0.06990460678935051
10402,GCTCACTGTGCACA-1,8-9,0.0,0.0,0.28270632,True,0.06989543605595827
3535,GAGCATACCGTGTA-1,4-5,0.06666666666666667,0.053821216022769555,0.92652905,False,0.06980038527399302
12389,TTCTAGTGCTCCCA-1,8-9,0.2,0.16001145183946372,0.10493625,False,0.07029492128640413
3897,GCCAACCTTCAAGC-1,4-5,0.0,0.0,0.1318725,True,0.06954154558479786
7028,ACGTTTACCATCAG-1,8-9,0.2,0.1996118606651258,0.14711688,False,0.06980608496814966
3694,GATCTACTGATGAA-1,4-5,0.0,0.0,0.016445413,True,0.06995593011379242
9376,CTCAATTGGTTTCT-1,8-9,0.13333333333333333,0.13947804593499064,0.28249687,False,0.06981675233691931
6057,TTCACCCTACCAGT-1,4-5,0.06666666666666667,0.046105120275897894,0.49781665,False,0.07011987268924713
12231,TTACCATGGCGAGA-1,8-9,0.06666666666666667,0.05135849223864361,0.2251789,False,0.06957426387816668
268,AAGGCTTGAGCCTA-1,4-5,0.2,0.16587806065962693,0.046337765,False,0.0700738076120615
9702,GAAGTCTGTGACAC-1,8-9,0.13333333333333333,0.13947804593499064,0.1263027,False,0.07010229211300611
459,ACACCCTGAGAACA-1,4-5,0.0,0.0,0.2839384,True,0.06977629568427801
10713,GGTACATGAAACAG-1,8-9,0.06666666666666667,0.046105120275897894,0.46202898,False,0.07056525256484747
4054,GCTACGCTCGAACT-1,4-5,0.06666666666666667,0.07347739090382172,0.25530213,False,0.07045543286949396
7084,ACTCTCCTGTGCAT-1,8-9,0.0,0.0,0.1504096,True,0.06960444990545511
126,AACCAGTGGGTACT-1,4-5,0.06666666666666667,0.07347739090382172,0.5931734,False,0.0696396129205823
10887,GTCATACTGTCAAC-1,8-9,0.13333333333333333,0.16146364806830865,0.23050925,False,0.06989414896816015
3600,GAGGTTTGAGGTCT-1,4-5,0.0,0.0,0.025707059,True,0.06976630724966526
8022,ATTGAAACTGAGAA-1,8-9,0.13333333333333333,0.08746273642358579,0.27954856,False,0.06997531931847334
3693,GATCTACTCCATAG-1-1,4-5,0.06666666666666667,0.043668798524938345,0.45006686,False,0.06991465855389833
11427,TAGTCGGAAGAGTA-1,8-9,0.0,0.0,0.40512937,True,0.0699775805696845
2161,CAGGTTGATGCTGA-1,4-5,0.0,0.0,0.44887912,True,0.06978431437164545
9083,CGCTACACATTCGG-1,8-9,0.13333333333333333,0.10141145392464015,0.36502552,False,0.0698765367269516
5599,TGAACCGAGGTAAA-1,4-5,0.2,0.19741635084637535,0.032297246,False,0.06964092422276735
11518,TATCTGACGTTCAG-1,8-9,0.13333333333333333,0.11210577530706682,0.486204,False,0.06958492938429117
3138,CTGATGGAGGCATT-1,4-5,0.0,0.0,0.34082186,True,0.06990813091397285
10029,GATCGATGGCGGAA-1,8-9,0.0,0.0,0.21365443,True,0.06966717448085546
3948,GCCGTACTGATAAG-1,4-5,0.06666666666666667,0.17060921827860476,0.17339629,False,0.06948822550475597
12120,TGGTCAGAGAAAGT-1,8-9,0.0,0.0,0.0637506,True,0.06962194200605154
1166,AGGGCCTGCGCAAT-1,4-5,0.0,0.0,0.34246796,True,0.06995055824518204
8786,CCCTGAACCCAACA-1,8-9,0.0,0.0,0.19860148,True,0.06955865118652582
3829,GCACTGCTTGCCAA-1,4-5,0.5333333333333333,0.6497029102947719,0.22149108,False,0.06986077222973108
11357,TAGCCGCTAACGGG-1,8-9,0.4,0.45969853938333155,0.5597655,False,0.06969719007611275
565,ACCCAAGACCTAAG-1,4-5,0.13333333333333333,0.09024254247152179,0.29943302,False,0.06974843051284552
11968,TGATTAGACCTCCA-1,8-9,0.06666666666666667,0.046105120275897894,1.0310018,False,0.0699725216254592
979,AGATCGTGTCTAGG-1,4-5,0.0,0.0,0.1811394,True,0.07022411562502384
8172,CAATAAACCCTTGC-1,8-9,0.0,0.0,0.15253344,True,0.07008107751607895
2026,CACGACCTGCGAAG-1,4-5,0.0,0.0,0.3875659,True,0.07067682780325413
8807,CCGCGAGAAGGTCT-1,8-9,0.0,0.0,0.32403454,True,0.07006326410919428
5728,TGCACAGATCGTAG-1,4-5,0.06666666666666667,0.07347739090382172,0.06958168,False,0.07037422433495522
10042,GATGACACCTACCC-1,8-9,0.06666666666666667,0.07347739090382172,0.4015417,False,0.07049806229770184
3205,CTTACAACGTCCTC-1,4-5,0.06666666666666667,0.06600065503116892,0.13907328,False,0.06952476967126131
11393,TAGGTGACCAGAGG-1,8-9,0.06666666666666667,0.046105120275897894,0.6232074,False,0.06991737987846136
4993,TACTTGACTTCGCC-1,4-5,0.06666666666666667,0.10764243204553911,0.28773814,False,0.06976242177188396
9110,CGGACCGACGAACT-1,8-9,0.2,0.14406375849429134,0.4929332,False,0.07005926966667175
947,AGAGCTACTTACTC-1,4-5,0.13333333333333333,0.11210577530706682,0.3215843,False,0.0694703757762909
8450,CAGTTACTTCTTAC-1,8-9,0.0,0.0,0.16601458,True,0.06952971871942282
4599,GTCTGAGATGAACC-1,4-5,0.13333333333333333,0.1552326699474097,0.46307018,False,0.06951386108994484
6301,AAAGGCCTAGTCGT-1,8-9,0.2,0.13563822714452503,0.71056,False,0.07008063420653343
4519,GTATGGTGTGGTTG-1,4-5,0.06666666666666667,0.08530460913930238,0.05383706,False,0.06954596471041441
7160,AGAACGCTTCTCGC-1,8-9,0.0,0.0,0.8037718,True,0.06946281529963017
3657,GATATATGGTGCTA-1,4-5,0.3333333333333333,0.2759056856355932,0.4282119,False,0.069818414747715
7339,AGCGATTGACGGGA-1,8-9,0.0,0.0,0.22604614,True,0.0697126742452383
4151,GGACCTCTCCTTCG-1,4-5,0.13333333333333333,0.12279451495375723,0.09954044,False,0.0697786808013916
11884,TGACCAGAGAGAGC-1,8-9,0.0,0.0,0.23472752,True,0.06972277723252773
2115,CAGCCTTGCCTCCA-1,4-5,0.2,0.16889963522965512,0.39532706,False,0.06977750174701214
9619,GAAACAGATGCGTA-1,8-9,0.0,0.0,0.33876672,True,0.06977233663201332
1596,ATGCCAGAGCCCTT-1,4-5,0.0,0.0,0.10121437,True,0.06988749373704195
8744,CCCATCGATGACTG-1,8-9,0.0,0.0,0.24256705,True,0.07025265973061323
3261,CTTTCAGACGAATC-1,4-5,0.06666666666666667,0.10764243204553911,0.0612157,False,0.07014516275376081
8474,CATAGTCTAAACGA-1,8-9,0.06666666666666667,0.05686973942620158,0.17734092,False,0.06961891800165176
5050,TAGCGATGTTCGCC-1,4-5,0.06666666666666667,0.049317124049935504,0.10265773,False,0.06952740158885717
10332,GCGCGATGAAGTGA-1,8-9,0.06666666666666667,0.07347739090382172,0.009782858,False,0.07021992933005095
2225,CATCATACAGCCAT-1,4-5,0.0,0.0,0.27503183,True,0.06992963142693043
11839,TCTGATACGACAGG-1,8-9,0.0,0.0,0.18391082,True,0.06985180918127298
4165,GGAGACGAGTACGT-1,4-5,0.0,0.0,0.22403193,True,0.06946563441306353
7930,ATGTAAACCAGCTA-1,8-9,0.0,0.0,0.108260915,True,0.06925585214048624
6015,TTAGGTCTTTCCGC-1,4-5,0.06666666666666667,0.07347739090382172,0.10931611,False,0.06988180428743362
9727,GAATTAACCTGTGA-1,8-9,0.2,0.2701312622744575,0.05636628,False,0.06950086448341608
4138,GGACAGGAGTACGT-1,4-5,0.13333333333333333,0.11828782275775633,0.54046696,False,0.06942690629512072
6706,ACAACCGACCAAGT-1,8-9,0.06666666666666667,0.10764243204553911,0.03218025,False,0.07030002865940332
4450,GTACTACTACGGAG-1,4-5,0.13333333333333333,0.10865295960082011,0.33152997,False,0.06941384077072144
7515,AGTAAGGAGGTACT-1,8-9,0.0,0.0,0.5802885,True,0.0696695875376463
1905,CAAGTCGACGTACA-1,4-5,0.13333333333333333,0.09502729076358196,0.17697413,False,0.06920368503779173
10458,GGAATGCTGTTCAG-1,8-9,0.06666666666666667,0.043668798524938345,0.21528837,False,0.06955008301883936
4012,GCGGACTGCTTCGC-1,4-5,0.0,0.0,0.22904396,True,0.06964322831481695
11409,TAGTAATGGAACTC-1,8-9,0.0,0.0,0.29117453,True,0.06958805210888386
6035,TTATGGCTGGTGAG-1,4-5,0.0,0.0,0.344238,True,0.06997126154601574
7784,ATCCCGTGCCACCT-1,8-9,0.06666666666666667,0.0475902379018706,0.09016503,False,0.0696160988882184
5668,TGAGGACTGTACGT-1,4-5,0.13333333333333333,0.12279451495375723,0.3874777,False,0.06947378534823656
12536,TTTCTACTTGAGCT-1,8-9,0.0,0.0,0.31776828,True,0.06967709865421057
5565,TCTATGTGTGCGTA-1,4-5,0.06666666666666667,0.17060921827860476,0.4300322,False,0.06960967183113098
11431,TAGTCGGATGGTTG-1,8-9,0.2,0.200250275672711,0.4391417,False,0.06964060012251139
1824,CAAATATGCATGGT-1,4-5,0.06666666666666667,0.0475902379018706,1.0152096,False,0.06968811247497797
6517,AAGCCTGAGTTAGC-1,8-9,0.2,0.1509972953300717,0.079358295,False,0.06983432080596685
588,ACCGAAACCCCTTG-1,4-5,0.0,0.0,0.3468821,True,0.06938937027007341
11255,TACGCAGAACGGGA-1,8-9,0.0,0.0,0.08514758,True,0.06993270851671696
