query_index,query_id,timepoint,recall,ndcg,density_log_distortion,zero_recall,seconds
5840,TGGATTCTCAAGCT-1,4-5,0.0,0.0,4.157743,True,0.07064801082015038
8491,CATCAGGATTGAGC-1,8-9,0.0,0.0,4.0573254,True,0.07072322443127632
1598,ATGCCAGATGTAGC-1,4-5,0.0,0.0,1.0162538,True,0.06993842124938965
7613,AGTTGTCTCCTAAG-1,8-9,0.0,0.0,1.5604919,True,0.06979307159781456
5145,TATAAGACACACGT-1,4-5,0.0,0.0,4.5420513,True,0.07010274101048708
9164,CGGTCACTGAGGAC-1,8-9,0.0,0.0,1.7485468,True,0.0701867500320077
3960,GCCTCAACACTGTG-1,4-5,0.0,0.0,1.6034104,True,0.06985601224005222
11760,TCGAGAACGTCTGA-1,8-9,0.0,0.0,4.2061944,True,0.07010508980602026
3645,GATAGAGATGCCAA-1,4-5,0.0,0.0,3.8614988,True,0.06978942640125751
10374,GCGTATGATGCAGT-1,8-9,0.0,0.0,1.4996113,True,0.06991556845605373
1822,CAAATATGAAGCCT-1,4-5,0.0,0.0,4.04908,True,0.06986769661307335
11111,TAAATCGACCCACT-1,8-9,0.0,0.0,4.389262,True,0.0694669634103775
2335,CCACCATGCTGCAA-1,4-5,0.0,0.0,4.4489474,True,0.06941079534590244
8976,CGAGGCTGAAGCCT-1,8-9,0.0,0.0,4.0364666,True,0.0695369690656662
3049,CTCATTGACAGAAA-1,4-5,0.0,0.0,1.6737752,True,0.06955257523804903
6765,ACAGTGTGAACGAA-1,8-9,0.0,0.0,2.0735018,True,0.06948256772011518
896,AGACACACTATCTC-1,4-5,0.0,0.0,4.02303,True,0.06923486199229956
8468,CATACTACTTGGTG-1,8-9,0.0,0.0,2.1824112,True,0.0690774591639638
3515,GAGAGGTGCCACAA-1,4-5,0.06666666666666667,0.04481043185393461,4.5618362,False,0.0690704332664609
9920,GAGGTACTGCGGAA-1,8-9,0.0,0.0,4.2951813,True,0.06936557777225971
2471,CCCTGAACTATCTC-1,4-5,0.0,0.0,3.813422,True,0.06957200635224581
9053,CGCCTAACCAACCA-1,8-9,0.0,0.0,4.3657413,True,0.06963428668677807
4132,GGAATGCTCTTCTA-1,4-5,0.0,0.0,4.2261825,True,0.06925154104828835
11442,TAGTGGTGGTGTAC-1,8-9,0.0,0.0,0.7740761,True,0.07019853219389915
2438,CCCATCGACCTATT-1,4-5,0.0,0.0,1.5439548,True,0.06983462255448103
12270,TTAGGTCTGCCTTC-1,8-9,0.0,0.0,4.1265182,True,0.07028158940374851
1147,AGGCCTCTCGGTAT-1,4-5,0.0,0.0,2.1816745,True,0.06989058293402195
10898,GTCCACACCGTGTA-1,8-9,0.0,0.0,4.0756187,True,0.06949176359921694
1885,CAAGCCCTGTATCG-1,4-5,0.0,0.0,3.8407779,True,0.06989119201898575
10224,GCCACTACAAAGCA-1,8-9,0.0,0.0,4.491761,True,0.07005972322076559
1414,ATAGCTCTTAGCCA-1,4-5,0.0,0.0,3.9548159,True,0.06991641875356436
11072,GTTCATACATGCTG-1,8-9,0.06666666666666667,0.10764243204553911,3.8025806,False,0.06988281942903996
5943,TGTTACACCCTAAG-1,4-5,0.0,0.0,3.70826,True,0.06966263614594936
6576,AAGTCCGACCAACA-1,8-9,0.0,0.0,4.2848344,True,0.06988858245313168
4158,GGACGCACATCTCT-1,4-5,0.0,0.0,3.6181314,True,0.07018430437892675
6404,AACCTTACTTCTGT-1,8-9,0.0,0.0,4.2935543,True,0.06997172441333532
1317,AGTTGTCTGCGGAA-1,4-5,0.0,0.0,4.475219,True,0.06998930405825377
10503,GGACTATGCGAGAG-1,8-9,0.0,0.0,1.8952588,True,0.06983200553804636
3690,GATCGTGAGTGAGG-1,4-5,0.0,0.0,4.3029256,True,0.06932960264384747
11971,TGATTAGAGTCACA-1,8-9,0.0,0.0,3.7251396,True,0.070048488676548
377,AATGATACATCGAC-1,4-5,0.0,0.0,4.448158,True,0.07001769356429577
10549,GGATTGTGCCTTTA-1,8-9,0.0,0.0,1.9753724,True,0.06989607773721218
2228,CATCCCGAGCATAC-1,4-5,0.0,0.0,4.4759192,True,0.06999188847839832
6429,AACGGTTGGTCAAC-1,8-9,0.0,0.0,4.415613,True,0.0699749980121851
2415,CCCAACACCTCCCA-1,4-5,0.0,0.0,1.5503726,True,0.07020370848476887
6546,AAGGTCACTTGACG-1,8-9,0.0,0.0,3.6765828,True,0.07000823225826025
5435,TCCGAGCTCCCTTG-1,4-5,0.0,0.0,4.3327765,True,0.07006776053458452
11903,TGACGATGTCCTTA-1,8-9,0.0,0.0,4.6387362,True,0.0698654381558299
776,ACTAGGTGACACCA-1,4-5,0.0,0.0,2.6353414,True,0.07022100035101175
11517,TATCTGACGTAAGA-1,8-9,0.0,0.0,4.1149,True,0.07017531991004944
5685,TGATCACTTGAAGA-1,4-5,0.0,0.0,3.169356,True,0.0705982269719243
10198,GCATGTGAAGACTC-1-1,8-9,0.0,0.0,2.6756368,True,0.06993947923183441
2299,CATTTCGATCAAGC-1,4-5,0.0,0.0,4.508069,True,0.06954011414200068
7885,ATGATATGGACAAA-1,8-9,0.0,0.0,4.1876693,True,0.0695911468937993
4814,TAAGAGGATATCGG-1,4-5,0.0,0.0,4.60928,True,0.06978109944611788
11354,TAGCCCACGGGATG-1,8-9,0.0,0.0,4.0860333,True,0.0694742351770401
5940,TGTTAAGATGTTTC-1,4-5,0.0,0.0,1.6326268,True,0.07009243592619896
7257,AGATCGTGAAAGCA-1,8-9,0.0,0.0,4.491628,True,0.06994477566331625
2281,CATTGACTCGAGAG-1,4-5,0.0,0.0,4.0058928,True,0.0698724938556552
7228,AGAGCTACGGATTC-1,8-9,0.0,0.0,1.3401005,True,0.06981716677546501
1856,CAACGTGACTTGGA-1,4-5,0.0,0.0,4.573789,True,0.07007201574742794
9063,CGCGAGACTCGCCT-1,8-9,0.0,0.0,3.3638918,True,0.06997826416045427
5087,TAGGTGTGCGACTA-1,4-5,0.0,0.0,4.560207,True,0.0699445391073823
11980,TGATTCTGTCCTGC-1,8-9,0.0,0.0,4.3831434,True,0.07014145608991385
248,AAGCCTGAGGTCTA-1,4-5,0.0,0.0,3.964273,True,0.07026949804276228
12503,TTTAGGCTGTAAGA-1,8-9,0.0,0.0,1.1040561,True,0.069752330891788
1608,ATGCGCCTGAGGGT-1,4-5,0.0,0.0,1.051202,True,0.06955944560468197
12303,TTCAACACCTCAAG-1,8-9,0.0,0.0,3.78498,True,0.07022526301443577
402,AATGTCCTTTTGGG-1,4-5,0.0,0.0,1.4488909,True,0.07015944924205542
10619,GGCGGACTCGTTGA-1,8-9,0.0,0.0,4.1985745,True,0.06986859906464815
538,ACCACGCTTCATTC-1,4-5,0.0,0.0,4.440751,True,0.06986971199512482
11585,TCACAACTTAACGC-1,8-9,0.0,0.0,1.9845828,True,0.06986922491341829
6212,TTTATCCTCCCGTT-1,4-5,0.0,0.0,4.704953,True,0.06983405724167824
6871,ACCTCCGAAAGAAC-1,8-9,0.0,0.0,1.4330142,True,0.07005543448030949
3733,GATTCTACGAGCTT-1,4-5,0.2,0.16717274908159022,5.684427,False,0.0698612779378891
6457,AACTCGGAAGAGAT-1,8-9,0.0,0.0,1.4299486,True,0.07020497135818005
1837,CAACCAGACATGAC-1,4-5,0.0,0.0,3.846234,True,0.0700356587767601
6403,AACCTTACGTTCTT-1,8-9,0.0,0.0,4.112267,True,0.07026141975075006
2220,CATCAACTGTTACG-1,4-5,0.0,0.0,4.3698897,True,0.07035516295582056
10942,GTCTGAGACTCATT-1,8-9,0.0,0.0,4.281262,True,0.07022092584520578
613,ACGAACACACCTTT-1,4-5,0.0,0.0,3.9088123,True,0.07033626083284616
9956,GAGTGGGACTAAGC-1,8-9,0.0,0.0,4.348538,True,0.06974718999117613
3404,GACAGTACGTTGTG-1,4-5,0.0,0.0,4.2304816,True,0.0701474528759718
7543,AGTCACGACTTATC-1,8-9,0.0,0.0,1.1842197,True,0.06982222478836775
3598,GAGGTTACGCCAAT-1,4-5,0.0,0.0,3.9165108,True,0.06955642532557249
9903,GAGGATCTGCAGAG-1,8-9,0.0,0.0,4.202346,True,0.06975278165191412
2198,CATACTACACGGGA-1,4-5,0.0,0.0,4.5105486,True,0.069859953597188
7073,ACTCGCACTCGCCT-1,8-9,0.0,0.0,4.4016776,True,0.06982903927564621
4052,GCTACCTGTCTTAC-1,4-5,0.0,0.0,4.508522,True,0.07013686001300812
7622,AGTTTAGAGTCAAC-1,8-9,0.0,0.0,4.631966,True,0.0701359799131751
3586,GAGGTACTCGTTGA-1,4-5,0.0,0.0,4.223611,True,0.07011281419545412
9563,CTTAGGGAATTCGG-1,8-9,0.0,0.0,1.8089179,True,0.0693801399320364
2708,CGCACGGATAGAAG-1,4-5,0.0,0.0,3.6464522,True,0.07004818692803383
10113,GCACAAACGGTCAT-1,8-9,0.0,0.0,2.0166612,True,0.07024313136935234
1665,ATGTTGCTTTCCGC-1,4-5,0.0,0.0,4.2825375,True,0.06953226681798697
10287,GCCTGACTCTTGCC-1,8-9,0.0,0.0,3.8465443,True,0.06950120441615582
661,ACGCACCTCAACCA-1,4-5,0.0,0.0,4.46634,True,0.06963138561695814
9910,GAGGGAACTGGATC-1,8-9,0.0,0.0,4.360468,True,0.06959012150764465
5363,TCATCATGCCGTAA-1,4-5,0.0,0.0,4.4299016,True,0.06963455490767956
10544,GGATGTTGCAGCTA-1,8-9,0.0,0.0,4.3060584,True,0.06936567649245262
771,ACTACGGATGGTCA-1,4-5,0.0,0.0,1.7139939,True,0.07001749984920025
10841,GTAGTGTGTCTTTG-1,8-9,0.0,0.0,1.7006204,True,0.06966991908848286
5680,TGAGTGACTCTCAT-1,4-5,0.0,0.0,1.2550068,True,0.06999850831925869
9084,CGCTACACGAAAGT-1,8-9,0.0,0.0,4.377225,True,0.07027207501232624
4630,GTGATTCTTGAAGA-1,4-5,0.0,0.0,4.1847043,True,0.07024949416518211
9824,GACGTATGTACGAC-1,8-9,0.0,0.0,2.0380445,True,0.07002256717532873
3943,GCCGACGAGGTCTA-1,4-5,0.0,0.0,3.8217976,True,0.06982964742928743
9859,GAGATCACGTTTCT-1,8-9,0.0,0.0,1.4662168,True,0.0696897367015481
2184,CATAAAACGGCAAG-1,4-5,0.0,0.0,3.8673677,True,0.06996134482324123
10528,GGAGTTACGAAAGT-1,8-9,0.0,0.0,3.941675,True,0.06993355415761471
779,ACTATCACAAGGGC-1,4-5,0.0,0.0,3.8035252,True,0.06984754372388124
7501,AGGTGTTGTGCCTC-1,8-9,0.0,0.0,1.7942026,True,0.0697553837671876
81,AAATGTTGCTCGAA-1,4-5,0.0,0.0,4.111882,True,0.06983714271336794
10399,GCTCAAGAGCTAAC-1,8-9,0.0,0.0,1.6232066,True,0.07011983916163445
5779,TGCTAGGATAACCG-1,4-5,0.0,0.0,4.139741,True,0.07010907679796219
11195,TAATGATGTCGACA-1,8-9,0.0,0.0,1.6195482,True,0.06975919473916292
63,AAATCATGATGTGC-1,4-5,0.0,0.0,4.4571786,True,0.07000633142888546
10344,GCGGACTGGTCCTC-1,8-9,0.0,0.0,4.125922,True,0.06990759540349245
409,AATTACGAGATGAA-1,4-5,0.0,0.0,2.0559375,True,0.07001389283686876
8614,CCACCATGGGAAGC-1,8-9,0.0,0.0,4.218274,True,0.06988272164016962
2267,CATGTTTGGTCGAT-1,4-5,0.0,0.0,0.9600964,True,0.06996446661651134
6525,AAGCGTACACTTTC-1,8-9,0.0,0.0,4.322092,True,0.0697001488879323
4847,TAATCGCTTCCCAC-1,4-5,0.0,0.0,4.1782613,True,0.06953694764524698
8088,CAAAGCACTAAGGA-1,8-9,0.0,0.0,4.511432,True,0.06971884798258543
3783,GCAATTCTTGTAGC-1,4-5,0.0,0.0,4.196583,True,0.06982262525707483
8337,CACTTATGCCGTTC-1,8-9,0.0,0.0,3.9006605,True,0.06996474228799343
1583,ATGATAACGTACGT-1,4-5,0.0,0.0,4.333931,True,0.06993566080927849
11926,TGAGACACAGGAGC-1,8-9,0.0,0.0,1.4254223,True,0.07001025788486004
2754,CGCGGATGTACTCT-1,4-5,0.0,0.0,3.6462805,True,0.0699135297909379
12410,TTGAACCTGTTTGG-1,8-9,0.0,0.0,4.8099017,True,0.06969776097685099
675,ACGCCTTGACCACA-1,4-5,0.0,0.0,4.1414456,True,0.0697885500267148
12523,TTTCGAACAAGTAG-1,8-9,0.0,0.0,4.5970798,True,0.06997560244053602
2568,CCTGAGCTCTTGGA-1,4-5,0.0,0.0,1.1718794,True,0.06971673388034105
7239,AGAGTCACCGTTGA-1,8-9,0.0,0.0,4.316663,True,0.06965442094951868
5294,TCACCCGAGGTCAT-1,4-5,0.0,0.0,4.875246,True,0.0699168685823679
6550,AAGGTGCTAAGCAA-1,8-9,0.0,0.0,4.2277346,True,0.0698129553347826
5179,TATCACTGAGAACA-1,4-5,0.0,0.0,1.4286458,True,0.07012488413602114
7737,ATAGTTGAGAAGGC-1,8-9,0.0,0.0,1.7663578,True,0.06994396168738604
4524,GTATTCACGACACT-1,4-5,0.0,0.0,4.361356,True,0.06984436977654696
9278,CTACGCACCCTGTC-1,8-9,0.0,0.0,1.7746562,True,0.06980794575065374
3855,GCAGGGCTCGTTAG-1,4-5,0.0,0.0,3.8363252,True,0.06954981479793787
7489,AGGTCTGAGCATCA-1,8-9,0.0,0.0,4.3071775,True,0.06991086713969707
4884,TACATAGAGATACC-1,4-5,0.0,0.0,4.104871,True,0.07029763888567686
7327,AGCCTCACGTTCAG-1,8-9,0.0,0.0,4.2225766,True,0.0699218101799488
5968,TTACCATGACCTTT-1,4-5,0.0,0.0,4.5539694,True,0.06980548426508904
9000,CGCAAATGGAGGAC-1,8-9,0.0,0.0,1.5914294,True,0.06999651342630386
2523,CCTAAGGACCTCGT-1,4-5,0.0,0.0,3.9876518,True,0.06978932861238718
10015,GATCATCTTGTGGT-1,8-9,0.0,0.0,1.6854942,True,0.07022820971906185
3010,CTATCCCTTCGTTT-1,4-5,0.0,0.0,3.9912603,True,0.06967581529170275
9762,GACATTCTGGGTGA-1,8-9,0.0,0.0,4.089442,True,0.06932923849672079
5422,TCCCGATGCTGGAT-1,4-5,0.0,0.0,2.0068488,True,0.07024721428751945
11192,TAATGATGAGCCTA-1,8-9,0.0,0.0,4.09524,True,0.06974948942661285
782,ACTCAGGAACCCAA-1,4-5,0.0,0.0,3.7247612,True,0.06980813294649124
8934,CGACCGGATAGACC-1,8-9,0.0,0.0,3.9016783,True,0.0698308888822794
5263,TCAACACTGCTAAC-1,4-5,0.0,0.0,4.5497437,True,0.07005356904119253
10304,GCGAGCACCTGTGA-1,8-9,0.0,0.0,1.3752964,True,0.06993272714316845
3270,GAAACAGAGTATCG-1,4-5,0.0,0.0,4.134416,True,0.06979736685752869
10388,GCTAGAACCCCTAC-1,8-9,0.0,0.0,1.4173387,True,0.07004115730524063
3222,CTTATCGACACTAG-1,4-5,0.0,0.0,1.1913434,True,0.07004413194954395
11779,TCGGACCTTAGAGA-1,8-9,0.0,0.0,1.6097511,True,0.06999887432903051
552,ACCAGTGATTTCGT-1,4-5,0.0,0.0,2.1949465,True,0.0694801826030016
10407,GCTCCATGAAACAG-1,8-9,0.0,0.0,4.445685,True,0.06923103798180819
283,AAGGTGCTGTTGGT-1,4-5,0.0,0.0,4.1173077,True,0.07003706507384777
7674,ATACCGGAGTTTCT-1,8-9,0.0,0.0,4.165936,True,0.0698368065059185
157,AACGCAACTAACCG-1,4-5,0.0,0.0,1.5564169,True,0.06982103735208511
7349,AGCGGCACAAGATG-1,8-9,0.0,0.0,1.6897742,True,0.06987460236996412
5441,TCCGGACTGAAACA-1,4-5,0.0,0.0,4.3199863,True,0.06999946944415569
6417,AACGCAACTTTCGT-1-1,8-9,0.0,0.0,4.3480744,True,0.07003735285252333
2926,CTAATAGAGAATGA-1,4-5,0.0,0.0,4.8098154,True,0.07027488388121128
8301,CACTAGGATTGAGC-1,8-9,0.0,0.0,4.267155,True,0.06957654748111963
5105,TAGTAATGTGAGCT-1,4-5,0.0,0.0,1.9838415,True,0.0699197119101882
9653,GAACGGGACAGATC-1,8-9,0.0,0.0,1.728425,True,0.0698847807943821
755,ACGTTGGAGGACGA-1,4-5,0.0,0.0,1.1754335,True,0.06972180772572756
9181,CGTACCTGCCCAAA-1,8-9,0.0,0.0,1.9174294,True,0.0696947667747736
1198,AGGTGGGATATTCC-1,4-5,0.0,0.0,3.381664,True,0.07014745566993952
7620,AGTTTAGAGCTGTA-1,8-9,0.0,0.0,4.5731635,True,0.07010578364133835
5603,TGAAGCACGGGACA-1,4-5,0.0,0.0,0.8895131,True,0.07006053905934095
6442,AACGTTCTCCGAAT-1,8-9,0.0,0.0,4.2696733,True,0.07013844512403011
2139,CAGGAACTTTGACG-1,4-5,0.0,0.0,1.6317561,True,0.0699766268953681
11990,TGCAAGTGTGAAGA-1,8-9,0.0,0.0,2.2411022,True,0.06995644979178905
5495,TCGCAAGAGGCATT-1,4-5,0.26666666666666666,0.22723554321641593,2.8624496,False,0.0701841376721859
11730,TCCTAATGACACAC-1,8-9,0.0,0.0,3.9516492,True,0.06995036639273167
3919,GCCCAACTTCAGAC-1,4-5,0.0,0.0,4.113008,True,0.06978478655219078
10911,GTCCAGCTTTATCC-1,8-9,0.0,0.0,1.7533369,True,0.06950063351541758
3683,GATCGATGTCCCGT-1,4-5,0.0,0.0,4.65964,True,0.06992915645241737
10189,GCATCAGAGTCTGA-1,8-9,0.0,0.0,4.478279,True,0.06978635862469673
226,AAGACAGACCGTTC-1,4-5,0.0,0.0,4.0040464,True,0.06989328563213348
9290,CTACTATGTGCCAA-1,8-9,0.0,0.0,4.291803,True,0.0701419971883297
3014,CTATGACTTCTATC-1,4-5,0.0,0.0,4.7151713,True,0.0690979203209281
10466,GGACAACTGCAGAG-1,8-9,0.0,0.0,3.9741385,True,0.06960708554834127
3344,GAAGGTCTAGATCC-1,4-5,0.0,0.0,1.352088,True,0.06985520105808973
6327,AAATGGGATTTGTC-1,8-9,0.0,0.0,4.458439,True,0.06954933702945709
92,AAATTGACTGACCA-1,4-5,0.0,0.0,4.900531,True,0.06993618328124285
6696,AATTGTGAGGAGCA-1,8-9,0.0,0.0,2.1413126,True,0.06935890205204487
1128,AGGATAGACTTCTA-1,4-5,0.0,0.0,4.3181634,True,0.0696895532310009
7392,AGCTTTACATCGGT-1,8-9,0.0,0.0,1.5966598,True,0.0699567198753357
6044,TTCAAGCTCAGATC-1,4-5,0.0,0.0,4.34184,True,0.06925900932401419
9979,GATACTCTAATCGC-1,8-9,0.06666666666666667,0.17060921827860476,3.9733717,False,0.06967535614967346
5713,TGCAAGTGGACGTT-1,4-5,0.0,0.0,4.428935,True,0.06984329223632812
8979,CGAGGGCTGTCTAG-1,8-9,0.0,0.0,4.25335,True,0.07006948813796043
1418,ATAGGAGAGCCCTT-1,4-5,0.0,0.0,3.6353934,True,0.07039953581988811
9687,GAAGGGTGTTCTTG-1,8-9,0.0,0.0,1.5446308,True,0.07007769402116537
2621,CGACCACTTGCAAC-1,4-5,0.0,0.0,1.7739846,True,0.0699139591306448
7216,AGAGATGAGGGATG-1,8-9,0.0,0.0,1.2639465,True,0.06972261890769005
1244,AGTAGGCTGTAGGG-1,4-5,0.0,0.0,4.325246,True,0.06993984989821911
8794,CCGAAAACCGATAC-1,8-9,0.0,0.0,1.7910299,True,0.06961517408490181
4388,GGTCAAACCTGTAG-1,4-5,0.0,0.0,1.999193,True,0.0697151767089963
8499,CATCCCGACCAATG-1,8-9,0.0,0.0,2.073104,True,0.06972666829824448
5320,TCAGACGACTTGCC-1,4-5,0.0,0.0,3.9769692,True,0.07009399030357599
8863,CCTATTGACCAACA-1,8-9,0.0,0.0,4.303935,True,0.06976085901260376
5187,TATCCAACCTTATC-1,4-5,0.0,0.0,4.2627707,True,0.06995666958391666
6845,ACCCGTTGTGTTCT-1,8-9,0.0,0.0,0.36346865,True,0.06999299954622984
2422,CCCAACTGCTATTC-1,4-5,0.3333333333333333,0.3060849183759294,4.7103863,False,0.07009358797222376
10174,GCAGTCCTACCAAC-1,8-9,0.0,0.0,1.8586998,True,0.06986993364989758
1536,ATCTACTGACCTCC-1,4-5,0.0,0.0,1.9025781,True,0.06990470737218857
7913,ATGCGCCTTGGTGT-1,8-9,0.0,0.0,4.5313487,True,0.06992587726563215
1792,ATTTCGTGCACTCC-1,4-5,0.0,0.0,3.326173,True,0.06986069399863482
8535,CATGGATGGACGTT-1,8-9,0.0,0.0,4.415655,True,0.06916015036404133
4752,GTTGATCTCCTTCG-1,4-5,0.0,0.0,4.871669,True,0.06935812998563051
11049,GTTATCTGCAAAGA-1,8-9,0.0,0.0,4.288271,True,0.06944247521460056
3957,GCCTAGCTATCTCT-1,4-5,0.0,0.0,2.158299,True,0.06965159252285957
6246,AAACATACTGTCAG-1,8-9,0.0,0.0,1.3144635,True,0.06944737024605274
3108,CTGAATCTGTGAGG-1,4-5,0.0,0.0,3.9058359,True,0.0698159085586667
7623,AGTTTCACAAGAGT-1,8-9,0.0,0.0,1.5597813,True,0.06989663373678923
11,AAACGCACGCTTAG-1,4-5,0.0,0.0,4.3678436,True,0.06989779602736235
12129,TGTAAAACAAACAG-1,8-9,0.0,0.0,6.130435,True,0.0697064958512783
1987,CACATGGATCTCCG-1,4-5,0.0,0.0,4.2371716,True,0.0698022348806262
10467,GGACAACTTCTACT-1,8-9,0.0,0.0,4.2077103,True,0.06962287612259388
1164,AGGGCCTGACGGGA-1,4-5,0.0,0.0,4.4160976,True,0.0696905879303813
6925,ACGATTCTCAGGAG-1,8-9,0.0,0.0,1.9663844,True,0.0696942713111639
3963,GCCTCAACCTCGCT-1,4-5,0.0,0.0,3.9315064,True,0.06964556220918894
8537,CATGGATGGTGTTG-1,8-9,0.0,0.0,4.0118876,True,0.06949506048113108
5237,TATGGTCTTTTACC-1,4-5,0.0,0.0,1.9540305,True,0.0698942830786109
8000,ATTCCATGCTAAGC-1,8-9,0.0,0.0,4.0898438,True,0.06970585603266954
2614,CGACAAACGGCAAG-1,4-5,0.0,0.0,3.7190685,True,0.06909339129924774
7272,AGCAACACGACGAG-1,8-9,0.0,0.0,4.120812,True,0.06958767399191856
1888,CAAGCTGAAAGAAC-1,4-5,0.0,0.0,3.8391247,True,0.0693846819922328
7735,ATAGTCCTTAAGGA-1,8-9,0.0,0.0,4.0897055,True,0.06987995281815529
299,AAGTGCACCGAACT-1,4-5,0.0,0.0,4.3085866,True,0.0696745477616787
10378,GCTACCTGCGCATA-1,8-9,0.0,0.0,3.2224817,True,0.06965551525354385
1249,AGTATAACGACAAA-1,4-5,0.0,0.0,4.456955,True,0.0694372532889247
9821,GACGTATGGGAGTG-1,8-9,0.0,0.0,1.6409348,True,0.06972191762179136
1146,AGGCCTCTACTCAG-1,4-5,0.0,0.0,1.5617442,True,0.07014291733503342
10663,GGGATTACGAATCC-1,8-9,0.0,0.0,4.3709173,True,0.06977568659931421
5265,TCAACACTTTGTCT-1,4-5,0.0,0.0,2.0928288,True,0.06988005805760622
12343,TTCATGTGCCTATT-1,8-9,0.0,0.0,1.5543157,True,0.06976817734539509
5175,TATAGCCTGAAAGT-1,4-5,0.0,0.0,3.6703238,True,0.06978975236415863
7724,ATAGGAGACTGCAA-1,8-9,0.0,0.0,4.4348187,True,0.06982226856052876
5806,TGGACCCTCCGTAA-1,4-5,0.13333333333333333,0.08632110309458953,3.599147,False,0.06982394214719534
6248,AAACATTGGTCTAG-1,8-9,0.0,0.0,4.0654764,True,0.0694276224821806
1403,ATAGATTGGTACGT-1,4-5,0.0,0.0,4.404684,True,0.07025426812469959
11277,TACGTACTCATGCA-1,8-9,0.0,0.0,4.1112843,True,0.0695959497243166
2669,CGAGCGTGTCGCCT-1,4-5,0.0,0.0,1.8667971,True,0.06981013156473637
11040,GTTAGGTGTTCATC-1,8-9,0.0,0.0,4.044014,True,0.06964047998189926
3607,GAGTAAGAGTAGCT-1,4-5,0.0,0.0,1.3749735,True,0.06991894822567701
10144,GCACTAGAGCAGAG-1,8-9,0.0,0.0,4.9088855,True,0.06982195936143398
3036,CTCAGAGATCTCCG-1-1,4-5,0.0,0.0,2.3873632,True,0.06979459244757891
6930,ACGCAATGTTTGTC-1,8-9,0.0,0.0,1.6602066,True,0.06962519697844982
3666,GATATTGAATTCGG-1,4-5,0.13333333333333333,0.10687735001361826,5.5688715,False,0.06977212056517601
7917,ATGGACACCTCCCA-1,8-9,0.0,0.0,1.9844579,True,0.06895760912448168
1482,ATCCGCACAGCATC-1,4-5,0.0,0.0,1.837957,True,0.06898351293057203
9157,CGGTACCTGTCTGA-1,8-9,0.0,0.0,1.6983376,True,0.06931802164763212
2392,CCATATACAACCGT-1,4-5,0.0,0.0,1.7690412,True,0.0696896193549037
8723,CCCACATGAGTGTC-1,8-9,0.0,0.0,4.3692303,True,0.06981473788619041
2939,CTACAACTGTGAGG-1,4-5,0.0,0.0,4.7082376,True,0.06961252447217703
8866,CCTCATCTCAGAAA-1,8-9,0.0,0.0,4.3047557,True,0.06964142061769962
2479,CCGAAAACCAGTTG-1,4-5,0.0,0.0,4.315321,True,0.06929102912545204
10200,GCATGTGACTATGG-1,8-9,0.0,0.0,4.196929,True,0.06977522280067205
818,ACTGTGGAAACCTG-1,4-5,0.0,0.0,4.190163,True,0.06975039187818766
9638,GAACACACCTTCCG-1,8-9,0.0,0.0,4.553767,True,0.06910090055316687
2645,CGACTCTGGACACT-1,4-5,0.0,0.0,3.8313777,True,0.06937926448881626
7796,ATCGACGACCAAGT-1,8-9,0.0,0.0,2.2101696,True,0.06952026207000017
4144,GGACCCGAGCTCCT-1,4-5,0.0,0.0,1.5929351,True,0.06935014110058546
11640,TCAGTTACGTCCTC-1,8-9,0.0,0.0,1.329307,True,0.07010608352720737
4287,GGGAAGACACCAAC-1,4-5,0.0,0.0,4.427443,True,0.0695303687825799
7210,AGAGAATGACGTAC-1,8-9,0.0,0.0,4.268933,True,0.07013841811567545
572,ACCCAGCTCGAGTT-1,4-5,0.0,0.0,4.326782,True,0.0700578773394227
7452,AGGGCCACAGGTCT-1,8-9,0.0,0.0,4.0966773,True,0.0696141105145216
4418,GTAAGCTGTTCAGG-1,4-5,0.0,0.0,4.5062733,True,0.07019003573805094
7355,AGCGGCACTCAGGT-1,8-9,0.0,0.0,1.5535561,True,0.06962292641401291
2402,CCATGCTGAAGGGC-1,4-5,0.0,0.0,3.6845088,True,0.0694079827517271
11669,TCCACGTGGGAGCA-1,8-9,0.0,0.0,4.076731,True,0.06977536343038082
313,AAGTTCCTTCCGAA-1,4-5,0.0,0.0,4.352474,True,0.06926594488322735
12408,TTGAACCTACCTTT-1,8-9,0.0,0.0,4.412524,True,0.06953246798366308
1310,AGTTCTTGAAGCAA-1,4-5,0.0,0.0,3.6156507,True,0.06997777614742517
9519,CTGGCACTGATACC-1,8-9,0.0,0.0,4.460741,True,0.0699147256091237
4338,GGGTAACTGAGGAC-1,4-5,0.0,0.0,1.6931461,True,0.06995475757867098
6332,AAATTCGACACTAG-1,8-9,0.0,0.0,4.0045686,True,0.07012141775339842
4285,GGGAACGAGGCGAA-1,4-5,0.0,0.0,4.2823668,True,0.0697790402919054
11446,TAGTTAGACTGAGT-1,8-9,0.0,0.0,1.2331219,True,0.06960694491863251
1048,AGCGATACGCCCTT-1,4-5,0.0,0.0,4.1546445,True,0.0698415245860815
7209,AGAGAAACGTCACA-1,8-9,0.0,0.0,4.2839227,True,0.0697473706677556
4379,GGTATCGAACTCAG-1,4-5,0.0,0.0,4.0665765,True,0.06989733129739761
8932,CGACCGGAATGCCA-1,8-9,0.0,0.0,3.7103853,True,0.06962125282734632
147,AACCTTTGCCGATA-1,4-5,0.0,0.0,4.3356924,True,0.06941978819668293
12249,TTAGACCTAACTGC-1-1,8-9,0.0,0.0,1.7487456,True,0.06943090446293354
2166,CAGTGATGCCGATA-1,4-5,0.0,0.0,2.0604098,True,0.0698457770049572
10629,GGCTAATGGGTCTA-1,8-9,0.0,0.0,4.2452693,True,0.06971862353384495
2499,CCGCGAGAGTCAAC-1,4-5,0.0,0.0,3.490309,True,0.06957552675157785
9024,CGCAGGACGCGTTA-1,8-9,0.0,0.0,1.6817122,True,0.07004102692008018
3840,GCAGCGTGTGATGC-1,4-5,0.0,0.0,4.029161,True,0.07036065217107534
9987,GATAGCACAGTGCT-1,8-9,0.0,0.0,4.2660456,True,0.06988143268972635
3658,GATATATGGTGTAC-1,4-5,0.0,0.0,4.214528,True,0.06883467547595501
8559,CATTGACTACGCAT-1,8-9,0.0,0.0,3.508055,True,0.0701195988804102
400,AATGTCCTCTGCAA-1,4-5,0.0,0.0,4.514609,True,0.07005546148866415
6649,AATCTCTGAGCAAA-1,8-9,0.0,0.0,1.9728136,True,0.06988823041319847
6136,TTCTTACTAGACTC-1,4-5,0.0,0.0,2.1617098,True,0.06955412030220032
9813,GACGGCACTTACTC-1-1,8-9,0.0,0.0,3.214404,True,0.06999336741864681
5994,TTAGACCTTAGAAG-1,4-5,0.0,0.0,1.8673651,True,0.06989503279328346
7048,ACTATCACAGTGCT-1,8-9,0.0,0.0,1.6077518,True,0.06989620812237263
5661,TGAGCAACGGTTAC-1,4-5,0.0,0.0,4.387997,True,0.06995719950646162
7401,AGGAACCTTCTTTG-1,8-9,0.0,0.0,1.8838067,True,0.06982242129743099
2033,CACGATGAGTTCAG-1,4-5,0.0,0.0,4.620662,True,0.0698111904785037
12127,TGGTTACTCTAGAC-1,8-9,0.0,0.0,3.8569496,True,0.0696694403886795
807,ACTGCCACGTACGT-1,4-5,0.0,0.0,4.2670918,True,0.06955937668681145
10712,GGTACAACAAAACG-1-1,8-9,0.0,0.0,4.41668,True,0.07015862688422203
3366,GAATGCTGACGGTT-1,4-5,0.06666666666666667,0.04265230456965119,4.7168913,False,0.06972510367631912
7286,AGCATCGACATACG-1,8-9,0.0,0.0,3.9383502,True,0.07012022566050291
5535,TCGTTATGGGGCAA-1,4-5,0.0,0.0,4.660195,True,0.0697309710085392
7169,AGACACACAAGATG-1,8-9,0.0,0.0,4.3226085,True,0.06981042493134737
5025,TAGAGCACTGGTGT-1,4-5,0.0,0.0,4.2509823,True,0.07015135791152716
11982,TGATTCTGTGTGCA-1,8-9,0.0,0.0,4.0529537,True,0.06996676791459322
2721,CGCAGGACTACTGG-1,4-5,0.0,0.0,4.3195076,True,0.07006226014345884
6333,AAATTCGAGTATCG-1,8-9,0.0,0.0,0.7636592,True,0.07019112072885036
389,AATGGAGATCAGGT-1,4-5,0.0,0.0,2.2409115,True,0.0699845002964139
9959,GAGTGTTGAAAAGC-1,8-9,0.0,0.0,1.904366,True,0.0704392772167921
560,ACCATTTGGACAAA-1,4-5,0.0,0.0,3.3170168,True,0.07019283156841993
12291,TTATGGCTCTAGTG-1,8-9,0.0,0.0,2.2887743,True,0.0700494796037674
2675,CGAGGCTGACCGAT-1,4-5,0.0,0.0,3.9775226,True,0.07000553514808416
9928,GAGGTTACTTCTAC-1,8-9,0.0,0.0,4.4504924,True,0.06955254822969437
2150,CAGGGCACCTAGCA-1,4-5,0.0,0.0,4.4020696,True,0.06990583706647158
8684,CCAGTGCTTTTGGG-1,8-9,0.0,0.0,4.342246,True,0.06954557169228792
1448,ATCAAATGACGGTT-1,4-5,0.0,0.0,4.37422,True,0.06942695379257202
8445,CAGTGTGATTCATC-1,8-9,0.0,0.0,4.102112,True,0.069852608256042
3995,GCGCACGACTTGAG-1,4-5,0.0,0.0,4.6017585,True,0.06983745563775301
12211,TGTTACTGTGAAGA-1,8-9,0.0,0.0,4.405141,True,0.06956642493605614
2179,CAGTTTACGGGAGT-1,4-5,0.0,0.0,4.027722,True,0.0699393218383193
9186,CGTCAAGAAGTGTC-1,8-9,0.0,0.0,4.319781,True,0.06981387920677662
49,AAAGTTTGCTGCTC-1,4-5,0.0,0.0,4.290264,True,0.07002740073949099
7760,ATCACGGATGGTGT-1,8-9,0.0,0.0,4.5697713,True,0.07030627317726612
1481,ATCCCGTGGCTTCC-1,4-5,0.0,0.0,4.1112084,True,0.07010430004447699
12263,TTAGGGACCACAAC-1,8-9,0.0,0.0,1.3922993,True,0.07001681718975306
2116,CAGCCTTGTGTCCC-1,4-5,0.0,0.0,4.5087447,True,0.07026026491075754
12318,TTCACCCTTGCAAC-1,8-9,0.0,0.0,1.4015514,True,0.07015240006148815
3188,CTGTGAGAGGTGAG-1,4-5,0.0,0.0,4.3454466,True,0.06992080435156822
11432,TAGTCTTGCGAACT-1,8-9,0.0,0.0,4.2677474,True,0.06985606346279383
5989,TTAGAATGGTGCTA-1,4-5,0.0,0.0,4.039613,True,0.0704610338434577
11817,TCTAGACTGGACTT-1,8-9,0.0,0.0,1.7736579,True,0.0699896290898323
5568,TCTCAAACTCTCAT-1,4-5,0.0,0.0,1.657258,True,0.07018117047846317
10050,GATGCATGAACCAC-1,8-9,0.0,0.0,2.289228,True,0.06992231775075197
6192,TTGTAGCTCGCCTT-1,4-5,0.0,0.0,4.1164074,True,0.07045675162225962
7707,ATAGATTGGTAAAG-1,8-9,0.0,0.0,1.694694,True,0.06944763101637363
4091,GCTGATGACGTAGT-1,4-5,0.0,0.0,4.236121,True,0.06978114694356918
9132,CGGCATCTTGTTTC-1,8-9,0.0,0.0,2.7996278,True,0.06940268352627754
3472,GACGTAACTGGTGT-1,4-5,0.0,0.0,4.2779684,True,0.06951543595641851
10099,GCAACTGATGAGCT-1,8-9,0.0,0.0,1.4141958,True,0.06896565109491348
3869,GCATCAGATCTCGC-1,4-5,0.0,0.0,3.930694,True,0.06953909806907177
10330,GCGCGAACTCGCAA-1,8-9,0.0,0.0,4.1457353,True,0.06949124298989773
6197,TTTAGAGAAGTTCG-1,4-5,0.0,0.0,4.354271,True,0.07005003280937672
11150,TAAGAGGAGTCAAC-1,8-9,0.0,0.0,4.231642,True,0.06954633630812168
1752,ATTGCTACGACACT-1,4-5,0.0,0.0,4.2527623,True,0.06954734493046999
11064,GTTCAACTGTGCTA-1,8-9,0.0,0.0,4.2514043,True,0.06902658939361572
4639,GTGCCACTTCTACT-1,4-5,0.0,0.0,4.2831693,True,0.06955034099519253
12126,TGGTTACTCACTAG-1,8-9,0.0,0.0,3.9176126,True,0.06952027697116137
3362,GAAGTGCTGTGTAC-1,4-5,0.0,0.0,1.2226777,True,0.06955119594931602
7547,AGTCAGACCCAATG-1,8-9,0.0,0.0,4.2751975,True,0.06967649981379509
5613,TGACACGACTACGA-1,4-5,0.0,0.0,3.8731618,True,0.06952230259776115
11097,TAAACAACCAGTCA-1,8-9,0.0,0.0,3.8639357,True,0.06912330258637667
3980,GCGACTCTACCCTC-1,4-5,0.0,0.0,1.8915752,True,0.06983835808932781
8544,CATGTTTGGGTGGA-1,8-9,0.0,0.0,4.170233,True,0.06879837810993195
5317,TCAGACGAAGCTAC-1,4-5,0.0,0.0,3.626299,True,0.06941002327948809
12008,TGCATGGATTCTCA-1,8-9,0.0,0.0,4.413437,True,0.0696057053282857
2633,CGACCTACTCACCC-1,4-5,0.0,0.0,4.4375343,True,0.0695423698052764
8913,CGAAGGGAGGATCT-1,8-9,0.0,0.0,2.2331665,True,0.06933208275586367
3961,GCCTCAACAGTGTC-1,4-5,0.0,0.0,4.3467298,True,0.0692396480590105
6951,ACGCGGTGGCGAGA-1,8-9,0.0,0.0,1.3587478,True,0.07003771699965
3057,CTCCATCTGGACTT-1,4-5,0.0,0.0,4.301803,True,0.06967640295624733
10530,GGAGTTTGGGTAGG-1,8-9,0.0,0.0,1.738382,True,0.06970535032451153
5129,TAGTCTTGGTCACA-1,4-5,0.0,0.0,4.1833115,True,0.07017453387379646
8906,CGAACATGCTAAGC-1,8-9,0.0,0.0,2.0447726,True,0.0696395831182599
1082,AGCTCGCTGGAGGT-1,4-5,0.0,0.0,4.152368,True,0.06948489602655172
7797,ATCGACGAGACACT-1,8-9,0.0,0.0,6.1007195,True,0.06956043280661106
1040,AGCCTCTGCCTTAT-1,4-5,0.0,0.0,1.4967,True,0.0700793918222189
9281,CTACGCACTCGTTT-1,8-9,0.0,0.0,4.233033,True,0.06958106812089682
5631,TGACGATGCTGACA-1,4-5,0.0,0.0,4.559926,True,0.0701408926397562
6363,AACACTCTAGCGTT-1,8-9,0.0,0.0,4.455691,True,0.06958257965743542
3220,CTTAGGGACGTAAC-1,4-5,0.0,0.0,4.4285884,True,0.06970987189561129
11528,TATGAATGACACTG-1,8-9,0.0,0.0,1.4942259,True,0.06998121924698353
1800,ATTTCTCTGCCAAT-1,4-5,0.0,0.0,4.313621,True,0.0700332410633564
8280,CACGATGAGTGAGG-1,8-9,0.0,0.0,1.8969251,True,0.06967924907803535
4878,TACACACTCTGGAT-1,4-5,0.0,0.0,5.0880146,True,0.07020037062466145
9272,CTAATGCTGTGTTG-1,8-9,0.0,0.0,4.1346884,True,0.06988200917840004
4853,TAATGAACTCGTAG-1,4-5,0.0,0.0,1.7407486,True,0.06968328729271889
10599,GGCCGAACTCAGTG-1,8-9,0.0,0.0,1.8821005,True,0.06982313748449087
5656,TGAGACACAAAAGC-1,4-5,0.0,0.0,3.7560318,True,0.07019252702593803
8631,CCACTGACTGCTGA-1,8-9,0.0,0.0,1.6366508,True,0.06969798170030117
1001,AGCAAGCTTGTGAC-1,4-5,0.0,0.0,4.3921866,True,0.0697936275973916
7125,ACTTCTGACCGTAA-1,8-9,0.0,0.0,1.4401903,True,0.06980427727103233
4345,GGGTTAACCAGGAG-1,4-5,0.0,0.0,4.5368853,True,0.06973856594413519
10820,GTAGCTGAGAAAGT-1,8-9,0.0,0.0,4.2288394,True,0.06962203700095415
903,AGACGTACAAGGTA-1,4-5,0.0,0.0,4.439036,True,0.07046601921319962
10408,GCTCCATGCATTCT-1,8-9,0.0,0.0,4.006968,True,0.06977382767945528
1971,CACAGCCTCCCACT-1,4-5,0.0,0.0,0.8237155,True,0.06983557250350714
9957,GAGTGGGACTCCAC-1,8-9,0.0,0.0,3.9993412,True,0.06997433584183455
1724,ATTCTTCTTTTCTG-1,4-5,0.0,0.0,4.7892685,True,0.06998601742088795
7725,ATAGGAGAGAGGTG-1,8-9,0.0,0.0,1.3993622,True,0.0699344091117382
5267,TCAAGGACGTAAAG-1,4-5,0.06666666666666667,0.17060921827860476,3.8803306,False,0.06972498539835215
8019,ATTGAAACGTGCTA-1,8-9,0.0,0.0,2.4575267,True,0.06976820901036263
5487,TCGATACTGGGCAA-1,4-5,0.0,0.0,4.0779853,True,0.06935756746679544
8926,CGACAAACATCGGT-1,8-9,0.0,0.0,1.4071317,True,0.06943709217011929
5000,TACTTTCTTGCAAC-1,4-5,0.0,0.0,4.4702735,True,0.06918894592672586
9504,CTGGAAACCGAGAG-1,8-9,0.0,0.0,4.4724817,True,0.0697349039837718
5300,TCACCGTGCGAATC-1,4-5,0.0,0.0,4.723259,True,0.07005839515477419
8254,CACCGTACAAGCCT-1,8-9,0.0,0.0,3.557916,True,0.0695203896611929
2567,CCTGAGCTACCCAA-1,4-5,0.0,0.0,3.7700598,True,0.06992927752435207
10758,GGTTTACTGGCAAG-1,8-9,0.0,0.0,1.6795151,True,0.06983724515885115
5478,TCGAGAACGAAACA-1,4-5,0.0,0.0,4.505743,True,0.06946506444364786
12361,TTCCATGATTGCAG-1,8-9,0.0,0.0,1.4481431,True,0.07000836730003357
3320,GAAGAATGCCTATT-1,4-5,0.0,0.0,1.9101347,True,0.07004427537322044
10206,GCCAAAACTGCTCC-1,8-9,0.0,0.0,3.9563382,True,0.06991840898990631
2035,CACGCTACATTTCC-1,4-5,0.0,0.0,4.548969,True,0.06965017691254616
12051,TGGAAAGACCCAAA-1,8-9,0.0,0.0,4.478049,True,0.06999320909380913
5463,TCGACCTGAGAATG-1,4-5,0.0,0.0,3.9050102,True,0.07004780974239111
6773,ACAGTTCTCCCTAC-1,8-9,0.0,0.0,1.5463177,True,0.06999588944017887
430,ACAAGAGAGACAAA-1,4-5,0.0,0.0,4.005315,True,0.06993170641362667
6744,ACACGAACCTCTAT-1,8-9,0.0,0.0,3.827329,True,0.07003992609679699
4291,GGGAAGACGTTAGC-1,4-5,0.0,0.0,4.439821,True,0.07003182452172041
11775,TCGCCATGGACAGG-1,8-9,0.0,0.0,1.646049,True,0.06970135308802128
2360,CCAGAAACGTTGAC-1,4-5,0.0,0.0,4.2734766,True,0.06940377410501242
8734,CCCAGACTTTCATC-1,8-9,0.0,0.0,4.8916693,True,0.06957180052995682
4419,GTAATAACAGTTCG-1,4-5,0.0,0.0,2.4584684,True,0.06979463156312704
8277,CACGACCTCTGCAA-1,8-9,0.06666666666666667,0.08530460913930238,4.6637483,False,0.06974363047629595
2524,CCTAAGGAGACGTT-1,4-5,0.0,0.0,1.6420418,True,0.06977131217718124
9082,CGCTACACAAAACG-1,8-9,0.0,0.0,4.080545,True,0.06939064804464579
1577,ATGAGAGACTTGTT-1,4-5,0.0,0.0,3.3385503,True,0.06977184675633907
6579,AAGTCCGAGGTTCA-1,8-9,0.0,0.0,2.6350727,True,0.06917988788336515
83,AAATGTTGTCTCCG-1,4-5,0.0,0.0,1.4930646,True,0.06936606299132109
6481,AAGAGATGAGAGAT-1,8-9,0.0,0.0,4.7080293,True,0.06911995448172092
718,ACGGTATGTGGTGT-1,4-5,0.0,0.0,3.7837682,True,0.06993353459984064
10675,GGGCAGCTAAGATG-1,8-9,0.0,0.0,4.19845,True,0.06907381396740675
3589,GAGGTACTTATGCG-1,4-5,0.0,0.0,1.1878134,True,0.06973297148942947
11462,TATAAGTGCTGTGA-1,8-9,0.0,0.0,4.198877,True,0.06968815438449383
4159,GGACGCACTCTTTG-1,4-5,0.0,0.0,3.5048256,True,0.06977497041225433
7502,AGGTTCGACCCTCA-1,8-9,0.0,0.0,4.7833924,True,0.06977683492004871
3279,GAAAGATGTATGCG-1,4-5,0.0,0.0,4.1633725,True,0.06981942988932133
7104,ACTGTGGACCAACA-1,8-9,0.0,0.0,4.43838,True,0.07015398144721985
2495,CCGCGAGAAGCACT-1,4-5,0.0,0.0,1.2635742,True,0.0699734166264534
10359,GCGTAAACTGGCAT-1,8-9,0.0,0.0,4.1444855,True,0.06946090329438448
4381,GGTATCGACTTCTA-1,4-5,0.0,0.0,4.0753493,True,0.0701295817270875
8191,CAATCTACCCACCT-1,8-9,0.13333333333333333,0.0919694286195867,4.3151093,False,0.06969158165156841
1777,ATTGTCTGCTGAAC-1,4-5,0.0,0.0,4.244534,True,0.07019500713795424
7681,ATACCTACGTTGCA-1,8-9,0.0,0.0,1.6718669,True,0.06997890770435333
4514,GTATCTACGGAGTG-1,4-5,0.0,0.0,4.0551233,True,0.06994723249226809
7015,ACGTGCCTGGTAAA-1,8-9,0.0,0.0,4.427368,True,0.06957187224179506
5016,TAGAGAGAAGGTCT-1,4-5,0.0,0.0,4.7524443,True,0.06997470464557409
6451,AACTCACTAGTACC-1,8-9,0.0,0.0,4.321568,True,0.0699310889467597
3888,GCCAAATGCTTGTT-1,4-5,0.0,0.0,4.2500844,True,0.06987416464835405
12310,TTCAAGCTCCTCGT-1,8-9,0.0,0.0,4.090763,True,0.06984386406838894
5767,TGCGCACTCAGCTA-1,4-5,0.0,0.0,1.4099857,True,0.0695899436250329
8529,CATGCCACCTTGCC-1,8-9,0.0,0.0,4.0699053,True,0.0696611013263464
4817,TAAGATACGTGTTG-1,4-5,0.0,0.0,4.078284,True,0.07012212369590998
11677,TCCACTCTCTTGTT-1,8-9,0.0,0.0,1.3836064,True,0.07004925794899464
3237,CTTGAGGAACGTAC-1,4-5,0.0,0.0,4.2360115,True,0.0699557438492775
11709,TCCCGATGTGTGCA-1,8-9,0.0,0.0,2.1519442,True,0.06998341623693705
239,AAGCAAGAGCTTAG-1,4-5,0.0,0.0,1.0646952,True,0.06998743209987879
11563,TCAAGGTGAGCAAA-1,8-9,0.0,0.0,3.9522543,True,0.06986994203180075
6232,TTTCTACTTACTCT-1,4-5,0.0,0.0,3.9826024,True,0.07009389717131853
9792,GACGAGGACACTCC-1,8-9,0.0,0.0,4.312608,True,0.06980312615633011
4278,GGCTCACTCACACA-1,4-5,0.0,0.0,4.0397673,True,0.06985458917915821
11470,TATACAGAGGACAG-1,8-9,0.0,0.0,1.4811515,True,0.0699292067438364
5640,TGACGCCTTTCATC-1,4-5,0.2,0.21955422978084446,4.119185,False,0.0697050578892231
8302,CACTATACAAAGCA-1,8-9,0.0,0.0,4.4513206,True,0.06950588244944811
4098,GCTTGAGAACGCAT-1,4-5,0.0,0.0,1.2106276,True,0.06962001323699951
11013,GTGTATCTTGTTCT-1,8-9,0.0,0.0,4.4684954,True,0.06978450249880552
2449,CCCGATTGAATGCC-1,4-5,0.0,0.0,4.3149877,True,0.06970145273953676
10317,GCGCACGACTCCAC-1,8-9,0.0,0.0,1.1924354,True,0.0701272627338767
3856,GCAGGGCTCTGGTA-1-1,4-5,0.0,0.0,3.4076395,True,0.0696503883227706
11888,TGACCGCTACGGTT-1,8-9,0.0,0.0,4.0353665,True,0.06935023330152035
4464,GTAGCATGAAGTAG-1,4-5,0.0,0.0,3.9572177,True,0.06937887892127037
8664,CCAGCTACTGTTCT-1,8-9,0.0,0.0,4.352614,True,0.06939364783465862
1060,AGCGCCGATGACTG-1,4-5,0.0,0.0,3.0936048,True,0.07025798503309488
10749,GGTTGAACTAAAGG-1,8-9,0.0,0.0,3.1657588,True,0.06981433276087046
1452,ATCAACCTGGCGAA-1,4-5,0.0,0.0,1.8725224,True,0.06967462785542011
10672,GGGCACACCGCTAA-1,8-9,0.0,0.0,3.953323,True,0.06965839955955744
6214,TTTATCCTCGTGTA-1,4-5,0.0,0.0,4.248119,True,0.06972606293857098
8458,CATAAAACGAATGA-1-1,8-9,0.0,0.0,1.5083332,True,0.06963920872658491
3625,GAGTGGGACCGCTT-1,4-5,0.0,0.0,4.062274,True,0.0699349706992507
7118,ACTTCAACTACTCT-1,8-9,0.0,0.0,4.179606,True,0.06967678666114807
2667,CGAGCGTGGCCAAT-1,4-5,0.0,0.0,3.730414,True,0.06966841686517
9790,GACGAACTTTGGTG-1,8-9,0.0,0.0,3.9217734,True,0.0697663389146328
1136,AGGCAACTGTTTCT-1,4-5,0.0,0.0,1.868688,True,0.06959978770464659
12160,TGTATCTGCGTTAG-1,8-9,0.0,0.0,1.9053798,True,0.0695900833234191
1117,AGGAATGATAAGGA-1,4-5,0.0,0.0,3.7481215,True,0.06986564211547375
10964,GTGATCGATGCACA-1,8-9,0.0,0.0,4.7823887,True,0.06944431643933058
4108,GGAACACTTATCTC-1-1,4-5,0.0,0.0,4.6693873,True,0.06913963612169027
6756,ACAGACACGTTGGT-1,8-9,0.0,0.0,4.3790045,True,0.06926828436553478
2900,CTAAACCTCTGTCC-1,4-5,0.0,0.0,3.7687435,True,0.06947163678705692
12512,TTTCACGACCTGAA-1,8-9,0.0,0.0,1.2280176,True,0.069527393206954
5836,TGGATGTGGACGTT-1,4-5,0.0,0.0,1.6296903,True,0.06949951127171516
6421,AACGCCCTTCGCAA-1,8-9,0.0,0.0,4.385812,True,0.06936199404299259
2763,CGCTCATGGAATCC-1,4-5,0.0,0.0,4.3320103,True,0.06983378529548645
6307,AAAGTTTGTTCAGG-1,8-9,0.0,0.0,4.6101108,True,0.06952539458870888
2756,CGCTAAGACGACAT-1,4-5,0.0,0.0,4.1896725,True,0.06979858595877886
7762,ATCACTACCGCCTT-1,8-9,0.0,0.0,4.956437,True,0.06993748806416988
5019,TAGAGAGAGGGAGT-1,4-5,0.0,0.0,4.253854,True,0.06991232186555862
10071,GATTCTTGTCTACT-1,8-9,0.0,0.0,4.4020796,True,0.06964334100484848
1714,ATTCGGGACGCTAA-1,4-5,0.0,0.0,4.393686,True,0.06987217720597982
9098,CGGAATTGACCTCC-1,8-9,0.0,0.0,4.3978543,True,0.06980903912335634
2305,CATTTGTGAGAGGC-1,4-5,0.0,0.0,3.5152676,True,0.06947884429246187
10655,GGGACCACCTTCCG-1,8-9,0.0,0.0,4.279159,True,0.06973455660045147
3571,GAGGGAACAGCGGA-1,4-5,0.0,0.0,3.6329813,True,0.06989571172744036
7346,AGCGCTCTGTTCGA-1,8-9,0.0,0.0,4.459715,True,0.06935538910329342
732,ACGTCAGACTTTAC-1,4-5,0.0,0.0,4.632238,True,0.0700508700683713
12540,TTTGCATGTGTCGA-1,8-9,0.0,0.0,4.0786076,True,0.06949288118630648
5378,TCATTCGACTAGTG-1,4-5,0.0,0.0,4.2992396,True,0.07010374777019024
9347,CTATCAACGTAAGA-1,8-9,0.0,0.0,3.731847,True,0.07026600558310747
4356,GGTACAACCAGCTA-1,4-5,0.0,0.0,3.821246,True,0.07021261751651764
10509,GGAGAGACAGTCAC-1,8-9,0.0,0.0,4.165482,True,0.0702318986877799
4534,GTCACAGATCCTTA-1,4-5,0.0,0.0,4.042969,True,0.07038427609950304
6254,AAACCGTGTGCTTT-1,8-9,0.0,0.0,4.241146,True,0.06975963711738586
6211,TTTATCCTCACTGA-1,4-5,0.0,0.0,0.99026334,True,0.06997015420347452
10760,GTAACGTGAGCAAA-1,8-9,0.0,0.0,1.9340289,True,0.0697412183508277
3675,GATCCCTGCATTTC-1,4-5,0.0,0.0,4.380368,True,0.07020459417253733
6483,AAGAGATGGGTAGG-1,8-9,0.0,0.0,4.087023,True,0.06984303425997496
1087,AGCTGCCTATTTCC-1,4-5,0.0,0.0,1.7573996,True,0.06970486510545015
6720,ACAATAACGCATAC-1,8-9,0.0,0.0,3.9309113,True,0.07013749703764915
3972,GCCTCATGGAACCT-1,4-5,0.0,0.0,1.9343817,True,0.06976544391363859
11652,TCATCCCTTGTGAC-1,8-9,0.0,0.0,1.9220161,True,0.0698080463334918
4636,GTGCCACTGATGAA-1,4-5,0.06666666666666667,0.053821216022769555,4.31369,False,0.0701085515320301
8617,CCACCTGAAATGCC-1,8-9,0.0,0.0,4.3945394,True,0.06963361892849207
4250,GGCGACTGAGCGGA-1,4-5,0.0,0.0,4.774611,True,0.0699887303635478
6528,AAGCGTACCGTCTC-1,8-9,0.0,0.0,4.2044425,True,0.06954149529337883
3277,GAAAGATGCTCTAT-1,4-5,0.13333333333333333,0.11081108688510354,2.4446197,False,0.07027305755764246
6693,AATTGTGACTTACT-1,8-9,0.0,0.0,4.0971513,True,0.07021038979291916
442,ACAATTGACACTGA-1,4-5,0.0,0.0,4.228032,True,0.07026861142367125
10857,GTATGGTGCTCTTA-1,8-9,0.0,0.0,1.4659201,True,0.0704661337658763
5618,TGACCAGAAGTGTC-1,4-5,0.0,0.0,4.424229,True,0.07016464788466692
8646,CCAGACCTTTCTGT-1,8-9,0.0,0.0,1.8957021,True,0.07022726535797119
5411,TCCCATCTAGAGGC-1,4-5,0.0,0.0,4.370554,True,0.07009136397391558
12048,TGCTTAACGTTCAG-1,8-9,0.0,0.0,4.5350575,True,0.07001569122076035
4420,GTAATAACGTCGAT-1,4-5,0.0,0.0,1.7161822,True,0.07015048153698444
10266,GCCGGAACGGTATC-1,8-9,0.0,0.0,3.5985906,True,0.06970386672765017
5711,TGCAAGTGAGTGCT-1,4-5,0.0,0.0,4.4143004,True,0.0700321365147829
6821,ACCAGTGAATTTCC-1,8-9,0.0,0.0,1.3536804,True,0.06983836833387613
2101,CAGATCGACCTTGC-1,4-5,0.0,0.0,3.9760437,True,0.06993067171424627
10603,GGCCGATGAGAACA-1,8-9,0.0,0.0,4.264426,True,0.06970079150050879
1514,ATCGCCACTTGGTG-1,4-5,0.0,0.0,3.897678,True,0.06961839273571968
8543,CATGTTTGGACAAA-1,8-9,0.0,0.0,1.8490249,True,0.06961155775934458
2767,CGGACCGAAAGCCT-1,4-5,0.0,0.0,4.5027704,True,0.06942540127784014
9974,GATAATACAGTTCG-1,8-9,0.0,0.0,2.056361,True,0.06991246063262224
856,AGAAAGTGCACAAC-1,4-5,0.0,0.0,1.7540661,True,0.07029104605317116
10726,GGTATCGAACGTAC-1,8-9,0.0,0.0,3.7662406,True,0.06990528665482998
4047,GCTACAGATATGCG-1,4-5,0.0,0.0,1.4666908,True,0.06934004090726376
8609,CCAATTTGCCGAAT-1,8-9,0.0,0.0,4.3390627,True,0.06950715743005276
1509,ATCGCCACCAGATC-1,4-5,0.0,0.0,4.233179,True,0.06935757491737604
8754,CCCGAACTTACTTC-1,8-9,0.0,0.0,1.9791973,True,0.0694055650383234
906,AGACGTACGTAAAG-1,4-5,0.0,0.0,4.2381225,True,0.06944632716476917
9025,CGCAGGACTCGCCT-1,8-9,0.0,0.0,4.323319,True,0.06932476721704006
1894,CAAGGACTAAAACG-1,4-5,0.0,0.0,1.6506188,True,0.06957370601594448
11263,TACGCCACCGTGAT-1,8-9,0.0,0.0,4.5556097,True,0.06971645541489124
53,AAAGTTTGTCGATG-1,4-5,0.0,0.0,4.3579655,True,0.06960931234061718
6513,AAGCCTGACACTAG-1,8-9,0.0,0.0,1.6657676,True,0.06955560110509396
2548,CCTCATCTTTTGCT-1,4-5,0.0,0.0,4.0279317,True,0.07008506637066603
12312,TTCAAGCTGTCTGA-1,8-9,0.0,0.0,3.822996,True,0.06995207816362381
1831,CAAATTGAGCTGAT-1,4-5,0.0,0.0,4.0307827,True,0.06950057204812765
11398,TAGGTTCTACGACT-1,8-9,0.0,0.0,3.7593653,True,0.06995413545519114
5426,TCCCTACTGCTACA-1,4-5,0.0,0.0,4.572228,True,0.0696512321010232
8652,CCAGCGGAACCCAA-1,8-9,0.0,0.0,1.5378149,True,0.0698082922026515
6011,TTAGGTCTCAAGCT-1,4-5,0.0,0.0,3.7002404,True,0.07012694142758846
7262,AGATCGTGTGCCCT-1,8-9,0.0,0.0,4.2005987,True,0.06988150719553232
566,ACCCAAGAGGCATT-1,4-5,0.0,0.0,1.257759,True,0.06971825566142797
7219,AGAGCGGAAAACGA-1,8-9,0.0,0.0,1.9237727,True,0.06951775401830673
1406,ATAGCCGACTTCGC-1,4-5,0.13333333333333333,0.09863164787670416,4.347218,False,0.06980189681053162
7256,AGATATTGTGATGC-1,8-9,0.0,0.0,3.7085347,True,0.06890130322426558
3146,CTGCAGCTGGTCTA-1,4-5,0.0,0.0,4.359404,True,0.06982370559126139
11707,TCCCGATGATCTCT-1,8-9,0.0,0.0,1.2449325,True,0.07041392661631107
426,ACAACCGAAAGGGC-1,4-5,0.0,0.0,2.1665025,True,0.06994884461164474
7854,ATGAAACTATCACG-1,8-9,0.0,0.0,1.5315739,True,0.07035536039620638
5135,TAGTTAGAGAGGGT-1,4-5,0.0,0.0,4.283891,True,0.07036072388291359
12366,TTCCTAGACCCGTT-1,8-9,0.0,0.0,4.257382,True,0.07013744115829468
4065,GCTCAAGACCTACC-1,4-5,0.0,0.0,4.473493,True,0.0699243163689971
8149,CAAGGACTGTATGC-1,8-9,0.0,0.0,1.3908545,True,0.07016663532704115
1096,AGCTTACTGGGATG-1,4-5,0.0,0.0,1.8666999,True,0.06965389382094145
6493,AAGATTACAGAGAT-1,8-9,0.0,0.0,4.1534257,True,0.06969054415822029
4213,GGATTGTGATTCCT-1,4-5,0.0,0.0,4.3545766,True,0.07009285967797041
6616,AATATCGAGCTCCT-1,8-9,0.0,0.0,4.3351855,True,0.0696511548012495
47,AAAGTTTGCATGAC-1,4-5,0.0,0.0,4.1554346,True,0.06945370975881815
7661,ATAATGACAGGTTC-1,8-9,0.0,0.0,4.290606,True,0.06954825390130281
3513,GAGAGGTGACCTAG-1,4-5,0.0,0.0,3.8559942,True,0.06966043170541525
9039,CGCCATACAGACTC-1,8-9,0.0,0.0,4.793534,True,0.06958141829818487
5227,TATGGGTGAGTCTG-1,4-5,0.0,0.0,4.123018,True,0.06987149082124233
10847,GTATCACTGCTTCC-1,8-9,0.0,0.0,3.7889345,True,0.06951019261032343
1859,CAACGTGAGTTGTG-1,4-5,0.0,0.0,4.313626,True,0.06970697734504938
10515,GGAGCCACAAAGTG-1,8-9,0.0,0.0,4.2664423,True,0.06994211301207542
1974,CACAGCCTGTAGGG-1,4-5,0.0,0.0,4.6154284,True,0.07033160328865051
6923,ACGATGACCAGTTG-1,8-9,0.0,0.0,4.186248,True,0.06950664333999157
3077,CTCGAGCTCGGGAA-1,4-5,0.0,0.0,4.30167,True,0.06966827157884836
12459,TTGGAGTGCCTTAT-1,8-9,0.0,0.0,1.949874,True,0.06988251209259033
2149,CAGGGCACCCCTTG-1,4-5,0.0,0.0,1.9708091,True,0.06968906708061695
6971,ACGGATTGAATCGC-1,8-9,0.0,0.0,3.8063903,True,0.07026972994208336
2345,CCACTGACTGTCGA-1,4-5,0.0,0.0,4.444619,True,0.07019005250185728
7553,AGTCCAGAGGACTT-1,8-9,0.0,0.0,1.5039028,True,0.07012640405446291
3434,GACCTCACCGTGTA-1,4-5,0.0,0.0,4.5630465,True,0.07003482151776552
12265,TTAGGGACGCGAAG-1,8-9,0.0,0.0,3.5183752,True,0.0696482677012682
5776,TGCTAGGACCAATG-1,4-5,0.0,0.0,3.8733838,True,0.07027649786323309
9242,CGTTTAACCAGCTA-1,8-9,0.0,0.0,1.4317133,True,0.07021151017397642
5041,TAGCCCACACCAAC-1,4-5,0.0,0.0,1.8719518,True,0.07043229322880507
11708,TCCCGATGTCACGA-1,8-9,0.0,0.0,3.9032326,True,0.07031049113720655
2123,CAGCGTCTTTGCGA-1,4-5,0.0,0.0,4.3972654,True,0.07026251219213009
8147,CAAGGACTCGGAGA-1,8-9,0.0,0.0,3.6758392,True,0.06983136013150215
4229,GGCATATGATACCG-1,4-5,0.0,0.0,3.9338615,True,0.07013834919780493
10567,GGCAATACCATGAC-1,8-9,0.0,0.0,1.6618105,True,0.06955747865140438
1233,AGTAGAGAAAACGA-1,4-5,0.0,0.0,4.539107,True,0.06990169640630484
7758,ATCACGGACTCATT-1,8-9,0.0,0.0,1.9938737,True,0.06998616829514503
3878,GCATGTGATCGCTC-1,4-5,0.0,0.0,3.959901,True,0.0702221430838108
9615,CTTTGATGTTTCGT-1,8-9,0.0,0.0,3.9591074,True,0.06989807449281216
1676,ATTACCACGTCTTT-1,4-5,0.0,0.0,1.9451128,True,0.06983202695846558
7307,AGCCGGACACCTAG-1,8-9,0.0,0.0,4.3728848,True,0.07010267209261656
3775,GCAACTGAGATAGA-1,4-5,0.0,0.0,1.7962201,True,0.07003667764365673
10746,GGTTGAACACTGTG-1,8-9,0.0,0.0,4.2847376,True,0.06990844663232565
3621,GAGTCTGACCTAAG-1,4-5,0.0,0.0,4.211053,True,0.0702747916802764
10953,GTGACCCTACCAGT-1,8-9,0.0,0.0,4.394244,True,0.07036106288433075
3468,GACGGCACTTACTC-1,4-5,0.0,0.0,2.003951,True,0.07002136018127203
7411,AGGACACTTTGCGA-1,8-9,0.0,0.0,1.6379195,True,0.07005045097321272
199,AACTTGCTCTACCC-1,4-5,0.0,0.0,4.291037,True,0.06996449176222086
11006,GTGTACGATCTATC-1-1,8-9,0.0,0.0,4.3068886,True,0.07038169261068106
5827,TGGATCGATAAGGA-1,4-5,0.0,0.0,4.0796666,True,0.07033526245504618
9095,CGCTCATGGCAGTT-1,8-9,0.0,0.0,4.4193654,True,0.0701906206086278
3956,GCCTAGCTAGCGGA-1,4-5,0.0,0.0,2.1102324,True,0.06965271476656199
10054,GATGCCCTACCTAG-1,8-9,0.0,0.0,4.661689,True,0.0701850326731801
3505,GACTGTGATTGACG-1,4-5,0.06666666666666667,0.06077222973772036,3.9967802,False,0.07005226984620094
7967,ATTAAGACGAACTC-1,8-9,0.0,0.0,4.11408,True,0.07012085616588593
2966,CTAGAGACGGGACA-1,4-5,0.0,0.0,4.9283333,True,0.0702940309420228
9003,CGCAAATGTGTGGT-1,8-9,0.0,0.0,4.108724,True,0.0700995959341526
2842,CGTAGCCTGAAGGC-1,4-5,0.0,0.0,4.2053986,True,0.07014882937073708
9067,CGCGATCTCTCGAA-1,8-9,0.0,0.0,4.4677157,True,0.07008013222366571
3172,CTGGCACTAGAGTA-1,4-5,0.0,0.0,3.76567,True,0.0701485937461257
8405,CAGCTCTGACGGTT-1,8-9,0.0,0.0,2.2471116,True,0.07009233720600605
5159,TATACCACGTACAC-1,4-5,0.0,0.0,4.1819553,True,0.06994348205626011
12347,TTCATTCTACGGGA-1,8-9,0.0,0.0,4.137185,True,0.06995150726288557
3265,CTTTGATGGCAGTT-1,4-5,0.0,0.0,4.184198,True,0.07058239355683327
8433,CAGGTTGATCTATC-1,8-9,0.0,0.0,4.7220407,True,0.06960542220622301
178,AACTACCTAAGTAG-1,4-5,0.0,0.0,4.1493526,True,0.06985389813780785
12299,TTCAAAGATTTGTC-1,8-9,0.0,0.0,3.3799741,True,0.06980855204164982
5934,TGTGGATGCGGTAT-1-1,4-5,0.0,0.0,4.5505905,True,0.0696491226553917
10498,GGACGCTGGCTAAC-1,8-9,0.0,0.0,3.8171868,True,0.0698782941326499
748,ACGTTACTCCCAAA-1,4-5,0.0,0.0,1.512464,True,0.06978082284331322
11030,GTTAACCTGATAGA-1,8-9,0.0,0.0,4.115785,True,0.07013563346117735
4813,TAAGAGGAGCTCCT-1,4-5,0.0,0.0,4.3399987,True,0.06953189894556999
9420,CTCCGAACGTAAAG-1,8-9,0.0,0.0,2.1707778,True,0.07009908743202686
5595,TGAAATTGGGTTTG-1,4-5,0.0,0.0,4.068483,True,0.07028221897780895
12138,TGTAATGAACCATG-1,8-9,0.0,0.0,4.331215,True,0.06993711460381746
4532,GTCACAGAATCTTC-1,4-5,0.0,0.0,4.408098,True,0.07000686228275299
11618,TCAGCAGATCGCAA-1,8-9,0.0,0.0,3.8929214,True,0.0699996193870902
6215,TTTATCCTCTCTTA-1,4-5,0.0,0.0,4.2606335,True,0.07016168162226677
11829,TCTCAAACTCTCGC-1,8-9,0.0,0.0,1.6536334,True,0.07012980803847313
2827,CGGTCACTTGGTGT-1,4-5,0.0,0.0,1.986329,True,0.07028288953006268
8917,CGAAGTACCATCAG-1,8-9,0.0,0.0,4.4027123,True,0.07018676679581404
4233,GGCCACGATGCACA-1,4-5,0.0,0.0,4.1349807,True,0.06972511298954487
7670,ATACCGGACCCAAA-1,8-9,0.0,0.0,1.4104211,True,0.07007246185094118
5054,TAGGACTGATTGGC-1,4-5,0.0,0.0,4.334867,True,0.07033533323556185
8580,CATTTGTGGTCTTT-1,8-9,0.0,0.0,1.8879894,True,0.06992570590227842
4837,TAAGGGCTACGTGT-1,4-5,0.0,0.0,4.4085994,True,0.07002442050725222
7635,ATAAACACAAGATG-1,8-9,0.0,0.0,4.324313,True,0.06994783785194159
1735,ATTGATGATGGTGT-1,4-5,0.0,0.0,3.6266463,True,0.06988189369440079
7743,ATATGAACAATCGC-1,8-9,0.0,0.0,1.8788664,True,0.06974420044571161
3298,GAACCAACTGTGCA-1,4-5,0.0,0.0,4.3911896,True,0.06946871243417263
11820,TCTAGTTGCCCTTG-1,8-9,0.0,0.0,4.1121945,True,0.06920578796416521
3201,CTTAAGCTGTCTTT-1,4-5,0.0,0.0,4.166307,True,0.06947991624474525
11333,TAGACGTGAGTCAC-1,8-9,0.0,0.0,3.5347977,True,0.06975570786744356
1911,CAAGTTCTCCCACT-1,4-5,0.0,0.0,4.1526327,True,0.06974318716675043
11267,TACGCGCTGAATCC-1,8-9,0.0,0.0,3.9655685,True,0.07000091206282377
1541,ATCTGACTATTGGC-1,4-5,0.06666666666666667,0.043668798524938345,4.081521,False,0.07011006958782673
10047,GATGCAACGCTTCC-1,8-9,0.0,0.0,3.8006766,True,0.06952415406703949
3941,GCCGACGACGACAT-1,4-5,0.0,0.0,4.513038,True,0.06994625926017761
6981,ACGGGAGATCCGAA-1,8-9,0.0,0.0,4.221649,True,0.07032420672476292
699,ACGGAGGATCAGGT-1,4-5,0.0,0.0,1.8778177,True,0.07002443633973598
9914,GAGGGCCTGAAAGT-1,8-9,0.0,0.0,4.1009674,True,0.06990110967308283
6069,TTCAGTTGCTACCC-1,4-5,0.0,0.0,4.4025655,True,0.06992033496499062
7805,ATCGCCTGGACACT-1,8-9,0.0,0.0,4.436553,True,0.06990328058600426
3524,GAGATGCTCTACCC-1,4-5,0.0,0.0,3.9291656,True,0.06998352613300085
10510,GGAGAGACTGAACC-1,8-9,0.0,0.0,3.7293756,True,0.07036328315734863
5442,TCCGGACTGAGATA-1-1,4-5,0.0,0.0,4.087571,True,0.07061770278960466
9344,CTATCAACGCAAGG-1,8-9,0.0,0.0,1.6504282,True,0.0701428409665823
772,ACTACTACACCATG-1,4-5,0.0,0.0,3.8694777,True,0.07019622903317213
12081,TGGATCGAGGGACA-1,8-9,0.0,0.0,4.557772,True,0.07006710954010487
3726,GATTCGGAATTCTC-1,4-5,0.0,0.0,4.7180314,True,0.0702473632991314
11807,TCTAAGCTCTCATT-1,8-9,0.0,0.0,1.9672453,True,0.07010696083307266
482,ACAGCAACAGCTCA-1,4-5,0.0,0.0,4.0882964,True,0.07004333846271038
12455,TTGGAGACCTTTAC-1,8-9,0.0,0.0,3.9979756,True,0.0700332336127758
5045,TAGCCCTGAGTCTG-1,4-5,0.0,0.0,1.6574826,True,0.06959391385316849
8874,CCTCTACTGAAACA-1,8-9,0.0,0.0,1.4452956,True,0.06989076919853687
1134,AGGCAACTCCCTCA-1,4-5,0.0,0.0,4.640402,True,0.06979080941528082
12272,TTAGGTCTTGTAGC-1,8-9,0.0,0.0,1.5008631,True,0.06996680051088333
1965,CACAGAACGAGATA-1,4-5,0.0,0.0,1.749123,True,0.07017392013221979
10333,GCGCGATGAGAGAT-1,8-9,0.0,0.0,1.5476365,True,0.06970071978867054
144,AACCTTACTGCCCT-1,4-5,0.0,0.0,4.473455,True,0.06975109316408634
12367,TTCCTAGACGTAGT-1,8-9,0.0,0.0,4.2600822,True,0.07028372958302498
5330,TCAGCGCTCTACGA-1,4-5,0.0,0.0,4.1819143,True,0.07050666026771069
7215,AGAGATGAGCTCCT-1,8-9,0.0,0.0,4.114478,True,0.0699542686343193
6061,TTCACCCTTTAGGC-1,4-5,0.0,0.0,4.4883785,True,0.06997016444802284
9940,GAGTACTGCGGGAA-1,8-9,0.0,0.0,1.2356325,True,0.07016976550221443
3365,GAATGCACTTTCGT-1,4-5,0.0,0.0,4.4763565,True,0.07025370467454195
9857,GAGATCACCCTCAC-1,8-9,0.0,0.0,1.8059112,True,0.07014895882457495
549,ACCAGTGATGGTGT-1,4-5,0.0,0.0,4.584563,True,0.06983249820768833
9670,GAAGATGAAGAACA-1,8-9,0.0,0.0,2.5903432,True,0.0697034327313304
4834,TAAGGCTGAGTCGT-1,4-5,0.0,0.0,3.6851156,True,0.07027720380574465
10742,GGTCTAGATGAGCT-1,8-9,0.0,0.0,4.4370956,True,0.07010274939239025
4772,TAAAGACTGTTCAG-1,4-5,0.06666666666666667,0.07347739090382172,2.3800254,False,0.0702799241989851
7350,AGCGGCACACACTG-1,8-9,0.0,0.0,4.2148123,True,0.07040177844464779
6122,TTCTACGACCACAA-1,4-5,0.0,0.0,4.3919625,True,0.07027514185756445
7268,AGATTCCTTCAGAC-1,8-9,0.0,0.0,1.6314805,True,0.06970797386020422
948,AGAGGTCTACTTTC-1,4-5,0.0,0.0,1.7525959,True,0.07031301502138376
10127,GCACCTACATTTCC-1,8-9,0.0,0.0,1.7923071,True,0.07020451221615076
2140,CAGGCCGAAACCGT-1,4-5,0.0,0.0,4.786392,True,0.06978729832917452
10456,GGAATCTGTGCACA-1,8-9,0.0,0.0,4.092881,True,0.0700096981599927
3217,CTTAGACTTCAGGT-1,4-5,0.0,0.0,4.4162564,True,0.07024055067449808
12473,TTGTACACCTCCCA-1,8-9,0.0,0.0,1.7557926,True,0.07022509723901749
2057,CACTATACTGCAGT-1,4-5,0.0,0.0,1.652496,True,0.07011669408529997
6521,AAGCGACTACTCAG-1,8-9,0.0,0.0,3.9238565,True,0.07015747297555208
5021,TAGAGCACCCGATA-1,4-5,0.0,0.0,4.575502,True,0.06976406183093786
12495,TTTAGAGAGTTGAC-1,8-9,0.0,0.0,1.6177413,True,0.07007081899791956
2906,CTAACACTAGAAGT-1,4-5,0.0,0.0,3.9588895,True,0.07027493324130774
8283,CACGGGACAGCACT-1,8-9,0.0,0.0,4.3408504,True,0.07019234634935856
1159,AGGGACGATCCTTA-1,4-5,0.0,0.0,3.7475853,True,0.06984106078743935
11218,TACACACTTCATTC-1,8-9,0.0,0.0,4.441985,True,0.07029707916080952
2671,CGAGGAGAGTTCTT-1,4-5,0.0,0.0,4.4124346,True,0.07013082597404718
6280,AAAGACGAGCTATG-1,8-9,0.0,0.0,3.787871,True,0.06967278756201267
5232,TATGGGTGTCCAGA-1,4-5,0.0,0.0,1.1797991,True,0.06995514966547489
8344,CACTTTGATCCGTC-1-1,8-9,0.0,0.0,4.2398486,True,0.06999684683978558
4960,TACTAAGAAGGGTG-1,4-5,0.0,0.0,4.148459,True,0.0698695071041584
9228,CGTTAACTTAAGCC-1,8-9,0.0,0.0,1.4814644,True,0.06954307295382023
5892,TGTAACCTGAGGGT-1,4-5,0.0,0.0,4.21871,True,0.07012150809168816
8235,CACAGTGAGGAACG-1,8-9,0.0,0.0,1.7468383,True,0.06938798632472754
1199,AGGTGTTGACGGTT-1,4-5,0.0,0.0,3.6998386,True,0.06996296346187592
8772,CCCTAGTGCAATCG-1,8-9,0.0,0.0,1.7425365,True,0.06989006977528334
1086,AGCTGAACTTCCCG-1,4-5,0.0,0.0,4.5218654,True,0.06982433423399925
7145,AGAAACGACTGTGA-1,8-9,0.0,0.0,4.701148,True,0.06963587645441294
1366,ATACCACTAGAGAT-1,4-5,0.0,0.0,3.847106,True,0.0692914929240942
8394,CAGCGGACGGAAGC-1,8-9,0.0,0.0,4.0269904,True,0.069718973711133
5338,TCAGGATGGCCTTC-1,4-5,0.0,0.0,4.3345704,True,0.069758215919137
11919,TGACTTACGCATCA-1,8-9,0.0,0.0,4.1536956,True,0.07005764823406935
1609,ATGCGCCTGGGACA-1,4-5,0.0,0.0,4.7374187,True,0.06980244815349579
10718,GGTACTGAACGGTT-1,8-9,0.0,0.0,4.459729,True,0.07002424821257591
4934,TACGGCCTAGAAGT-1,4-5,0.0,0.0,3.6876898,True,0.07026875764131546
9178,CGTACCTGAACCGT-1,8-9,0.0,0.0,4.4009967,True,0.070307363756001
1661,ATGTTGCTGGCATT-1,4-5,0.0,0.0,5.1035786,True,0.06991124991327524
8407,CAGCTCTGGGTTAC-1,8-9,0.0,0.0,3.850996,True,0.07009948696941137
844,ACTTGTACGTACGT-1,4-5,0.0,0.0,0.95111334,True,0.06986265443265438
11027,GTTAAATGACGCAT-1,8-9,0.0,0.0,3.6778693,True,0.06976759433746338
724,ACGTAGACCCACAA-1-1,4-5,0.0,0.0,4.360049,True,0.06983281299471855
9030,CGCAGGTGTTTGTC-1,8-9,0.0,0.0,4.068526,True,0.07045430038124323
971,AGATATACGACTAC-1,4-5,0.0,0.0,4.178689,True,0.07039956096559763
8621,CCACCTGACTGGAT-1,8-9,0.0,0.0,4.259066,True,0.0697910338640213
4455,GTACTACTTCGCTC-1,4-5,0.0,0.0,1.8972727,True,0.06964217592030764
8291,CACTAACTACTAGC-1,8-9,0.0,0.0,3.5332322,True,0.07044143415987492
3644,GATAGAGATCCAGA-1,4-5,0.0,0.0,4.4933696,True,0.07018291763961315
10356,GCGTAAACGCGAGA-1,8-9,0.0,0.0,4.924872,True,0.06993085611611605
4191,GGAGTTACCGATAC-1,4-5,0.0,0.0,1.9548151,True,0.0699194148182869
8877,CCTCTACTTGCATG-1,8-9,0.0,0.0,1.5967164,True,0.06995792407542467
6048,TTCAAGCTGTTTCT-1,4-5,0.0,0.0,1.2397093,True,0.07027838844805956
8860,CCTATAACCTCTTA-1,8-9,0.0,0.0,4.1003733,True,0.07011239416897297
3421,GACCATGAATTGGC-1,4-5,0.0,0.0,3.2066092,True,0.0703625651076436
11711,TCCCTACTCGAACT-1,8-9,0.0,0.0,4.4516416,True,0.07050217594951391
2213,CATATAGACGCCTT-1,4-5,0.0,0.0,3.6429853,True,0.07026107423007488
7537,AGTATAACTTGGTG-1,8-9,0.0,0.0,4.5143976,True,0.07014785706996918
3383,GACAACACTCCAAG-1,4-5,0.0,0.0,4.3331957,True,0.07007658388465643
6864,ACCTATTGAAGATG-1,8-9,0.0,0.0,3.9948046,True,0.06982581596821547
716,ACGGTATGGAGCTT-1,4-5,0.0,0.0,4.3162427,True,0.07023264188319445
9166,CGTAACGAATCGTG-1,8-9,0.2,0.1856081128801857,4.904255,False,0.07026524096727371
4306,GGGACCACTCGTTT-1,4-5,0.0,0.0,1.6878562,True,0.07024754397571087
8316,CACTCCGAGTCGAT-1,8-9,0.0,0.0,4.217517,True,0.0702635096386075
4219,GGCAAGGACACCAA-1,4-5,0.0,0.0,2.784417,True,0.06983314175158739
7445,AGGGACGAACTGTG-1,8-9,0.0,0.0,4.426655,True,0.06967689841985703
6051,TTCACAACCCCACT-1,4-5,0.0,0.0,4.3203344,True,0.06988552305847406
6900,ACGAAGCTTTATCC-1,8-9,0.0,0.0,2.1555574,True,0.07042414788156748
2885,CGTTAACTTGCTAG-1,4-5,0.0,0.0,4.3272257,True,0.06970882136374712
12012,TGCCACTGACTGTG-1-1,8-9,0.0,0.0,4.1241937,True,0.07009601313620806
666,ACGCCACTCGACTA-1,4-5,0.0,0.0,2.5805159,True,0.06979533471167088
11993,TGCAATCTTCTACT-1,8-9,0.0,0.0,1.6043903,True,0.0698691988363862
4891,TACCGAGATAACGC-1,4-5,0.0,0.0,3.7263813,True,0.0699098315089941
10226,GCCACTACGCGAGA-1,8-9,0.0,0.0,1.8553327,True,0.07003632560372353
584,ACCGAAACAAGCCT-1,4-5,0.0,0.0,4.187759,True,0.06981809623539448
6803,ACCACAGAGTACGT-1,8-9,0.0,0.0,1.8034009,True,0.0698697967454791
4908,TACGAGTGAAGCCT-1,4-5,0.0,0.0,4.5427413,True,0.07006909791380167
12180,TGTGAGACGCGTAT-1,8-9,0.4666666666666667,0.42890772113566333,3.1568143,False,0.07032943330705166
5787,TGCTTAACCACTAG-1,4-5,0.0,0.0,6.3326235,True,0.07003419287502766
8376,CAGATGACGGAGTG-1,8-9,0.0,0.0,2.0379417,True,0.06993899028748274
5067,TAGGCATGTTCGCC-1,4-5,0.0,0.0,2.2221653,True,0.06985366716980934
11434,TAGTCTTGGAGGCA-1,8-9,0.0,0.0,2.093673,True,0.0693951528519392
2342,CCACGGGATAAAGG-1,4-5,0.0,0.0,4.2464557,True,0.07001548446714878
9456,CTGAAGTGGAACCT-1,8-9,0.0,0.0,4.186711,True,0.06972388830035925
4375,GGTAGTACGTGTCA-1-1,4-5,0.0,0.0,4.2940845,True,0.06955351866781712
8788,CCCTGATGAAGTGA-1,8-9,0.0,0.0,3.3205588,True,0.06949152145534754
5219,TATGAATGTGCTTT-1,4-5,0.0,0.0,4.891685,True,0.07034275028854609
10559,GGATTTCTGGTCTA-1,8-9,0.0,0.0,3.922298,True,0.0698282914236188
2665,CGAGCGTGCCACAA-1,4-5,0.0,0.0,4.260257,True,0.07004829030483961
9647,GAACCAACACCACA-1,8-9,0.0,0.0,1.4667767,True,0.07016154658049345
4549,GTCCAAGAGTGTCA-1,4-5,0.0,0.0,3.401157,True,0.07006185222417116
6673,AATGTAACTGGTGT-1-1,8-9,0.0,0.0,3.5704694,True,0.06945322081446648
4453,GTACTACTGCCAAT-1-1,4-5,0.0,0.0,2.0468702,True,0.07028194610029459
11818,TCTAGACTTTCGGA-1,8-9,0.0,0.0,4.213134,True,0.07000110857188702
2981,CTAGGTGAGAGGAC-1,4-5,0.0,0.0,4.42999,True,0.06952330470085144
6993,ACGTAGACCACTTT-1-1,8-9,0.0,0.0,4.174272,True,0.06987329013645649
5721,TGCAATCTGGTCTA-1,4-5,0.0,0.0,2.0441272,True,0.06973712518811226
8556,CATTAGCTTTTCGT-1,8-9,0.0,0.0,4.4894996,True,0.0697056595236063
2538,CCTATAACGCTCCT-1,4-5,0.0,0.0,4.178186,True,0.06983486749231815
11366,TAGCTACTTATCTC-1,8-9,0.0,0.0,4.190727,True,0.06980411894619465
2716,CGCACTTGCTCAGA-1,4-5,0.0,0.0,1.4714327,True,0.06990104354918003
8508,CATCGGCTGGTAGG-1,8-9,0.0,0.0,1.263541,True,0.06973039079457521
1582,ATGATAACCGACTA-1,4-5,0.0,0.0,3.8716125,True,0.06975010875612497
10065,GATTCGGATTCTGT-1,8-9,0.0,0.0,1.3863304,True,0.06977532990276814
847,ACTTGTACTTCTAC-1,4-5,0.06666666666666667,0.043668798524938345,3.9248714,False,0.06970246322453022
8145,CAAGGACTAGAGGC-1,8-9,0.0,0.0,1.5917602,True,0.07010767888277769
1017,AGCATGACCTAGTG-1,4-5,0.0,0.0,4.354817,True,0.06980850826948881
10265,GCCGGAACCACCAA-1,8-9,0.0,0.0,1.4706327,True,0.07010272517800331
1809,ATTTGCACTGTTTC-1,4-5,0.0,0.0,1.9048525,True,0.06993565615266562
11113,TAAATCGATGACAC-1,8-9,0.0,0.0,4.094182,True,0.06988813541829586
1895,CAAGGACTCAGAGG-1,4-5,0.0,0.0,1.8172168,True,0.07010463625192642
8183,CAATATGAACTGGT-1,8-9,0.0,0.0,4.342732,True,0.07024644501507282
6162,TTGATCTGCATGAC-1,4-5,0.0,0.0,4.3614497,True,0.06979521084576845
8281,CACGCTACGCGAAG-1,8-9,0.0,0.0,4.3698435,True,0.07010118290781975
5465,TCGACCTGCGTGTA-1,4-5,0.0,0.0,4.208947,True,0.07041583675891161
11211,TACACACTACACTG-1,8-9,0.0,0.0,4.1539736,True,0.07020511105656624
3741,GATTCTTGAGAGTA-1,4-5,0.0,0.0,4.5050035,True,0.06986608076840639
7850,ATCTTTCTCGTCTC-1,8-9,0.3333333333333333,0.28249052816269465,6.2853527,False,0.0705203153192997
2655,CGAGATTGAACGAA-1,4-5,0.0,0.0,1.1815976,True,0.07026959955692291
11109,TAAAGTTGCTTACT-1,8-9,0.0,0.0,1.767778,True,0.07018181215971708
3025,CTATTGACTTCGTT-1,4-5,0.0,0.0,3.7717776,True,0.07021688856184483
10329,GCGCGAACCTGGAT-1,8-9,0.2,0.15624319750269072,3.7949958,False,0.06982697080820799
2349,CCACTTCTACTCAG-1,4-5,0.0,0.0,4.266755,True,0.0699044931679964
7851,ATCTTTCTGTGTCA-1,8-9,0.0,0.0,4.242577,True,0.0699887489899993
1570,ATGAAGGAGAGATA-1-1,4-5,0.0,0.0,3.9451082,True,0.06983573362231255
8735,CCCAGTTGAACGAA-1,8-9,0.0,0.0,4.5382385,True,0.06973311398178339
5284,TCAATCACGGCATT-1,4-5,0.0,0.0,4.591226,True,0.07013249956071377
10180,GCAGTTGACAGCTA-1,8-9,0.0,0.0,5.128751,True,0.0698819300159812
3422,GACCATGACATGCA-1,4-5,0.0,0.0,4.5682554,True,0.07013293728232384
9955,GAGTGACTTTGCGA-1,8-9,0.0,0.0,1.7226889,True,0.0699941823258996
4426,GTAATATGGTAAAG-1,4-5,0.0,0.0,5.0199466,True,0.07029139250516891
9099,CGGAATTGACGCTA-1,8-9,0.0,0.0,4.2772217,True,0.06979056261479855
855,AGAAACGAAGTGTC-1,4-5,0.0,0.0,4.145981,True,0.06999881006777287
6395,AACCGATGGAGAGC-1,8-9,0.0,0.0,3.8751156,True,0.06962146423757076
4367,GGTACATGTGTCTT-1,4-5,0.0,0.0,1.5155061,True,0.06992124021053314
6391,AACCCAGATGCTAG-1,8-9,0.0,0.0,1.9323212,True,0.069908089004457
1527,ATCGGAACTGCCTC-1,4-5,0.0,0.0,4.7009115,True,0.07044622581452131
10689,GGGCCATGTAAAGG-1,8-9,0.0,0.0,4.422119,True,0.07048313785344362
2935,CTACAACTCTGGAT-1,4-5,0.0,0.0,4.177776,True,0.07010051887482405
8391,CAGCGGACCAAGCT-1,8-9,0.0,0.0,4.184767,True,0.0704678762704134
4160,GGACGCACTGCTAG-1,4-5,0.0,0.0,4.29743,True,0.0699165053665638
11046,GTTATAGAGCCATA-1,8-9,0.0,0.0,1.8026159,True,0.07021072786301374
4769,TAAACAACGGAGTG-1,4-5,0.0,0.0,2.1612613,True,0.07036727108061314
6585,AAGTGCACTTTCAC-1,8-9,0.0,0.0,2.0855095,True,0.0705410884693265
2138,CAGGAACTTGAGAA-1,4-5,0.0,0.0,3.0128117,True,0.07033141423016787
6924,ACGATTCTCAATCG-1,8-9,0.0,0.0,4.0401874,True,0.06990863382816315
2656,CGAGATTGTCCTCG-1,4-5,0.0,0.0,1.8436527,True,0.0695492085069418
6575,AAGTCCGAAGCGGA-1,8-9,0.0,0.0,3.8646398,True,0.06927788909524679
56,AAATACTGGTGAGG-1,4-5,0.0,0.0,4.305705,True,0.06962181441485882
11178,TAATCCACCCTTAT-1,8-9,0.0,0.0,1.3719786,True,0.07001401390880346
5854,TGGCACCTCATTGG-1,4-5,0.0,0.0,3.988425,True,0.06968743447214365
7734,ATAGTCCTAGACTC-1,8-9,0.0,0.0,4.23371,True,0.07014891039580107
4220,GGCAAGGACCTTCG-1,4-5,0.0,0.0,4.4043045,True,0.06990497838705778
10584,GGCATATGCTTTAC-1,8-9,0.0,0.0,4.7043657,True,0.07015846390277147
3800,GCACCACTTTGTCT-1,4-5,0.0,0.0,1.6340226,True,0.07016231585294008
7493,AGGTGGGAGCTCCT-1,8-9,0.0,0.0,1.9212009,True,0.07033130805939436
29,AAAGAGACGTGAGG-1,4-5,0.0,0.0,4.4389606,True,0.06995425093919039
9188,CGTCAAGAGCATCA-1,8-9,0.0,0.0,3.9793515,True,0.07019700668752193
347,AATCCGGAGTTGTG-1,4-5,0.0,0.0,1.8391982,True,0.07020642515271902
6354,AACAATACTTACCT-1,8-9,0.0,0.0,1.7413701,True,0.06983310077339411
1076,AGCGTAACGATACC-1,4-5,0.0,0.0,4.4107895,True,0.06978410668671131
8423,CAGGTAACGTGTTG-1,8-9,0.0,0.0,4.3520823,True,0.07015165220946074
2412,CCCAAAGATCTTCA-1,4-5,0.0,0.0,1.7828673,True,0.06954800616949797
7900,ATGCCAGAGGAACG-1,8-9,0.0,0.0,3.4606614,True,0.06941791716963053
4754,GTTGATCTTGTAGC-1,4-5,0.0,0.0,4.3998632,True,0.0700285155326128
11611,TCAGACGATGCAGT-1,8-9,0.0,0.0,4.27887,True,0.07009489182382822
1355,ATAATCGACTCTAT-1,4-5,0.0,0.0,4.3442793,True,0.0699947765097022
12269,TTAGGTCTCTGTAG-1,8-9,0.0,0.0,4.180018,True,0.07015274651348591
962,AGAGTGCTCTGTAG-1,4-5,0.0,0.0,4.4306703,True,0.06987654697149992
12007,TGCATGGATGGCAT-1,8-9,0.0,0.0,3.7161176,True,0.07001766748726368
3278,GAAAGATGCTTTAC-1,4-5,0.0,0.0,4.807381,True,0.07003847509622574
9593,CTTTACGACACAAC-1,8-9,0.0,0.0,3.443251,True,0.06989973410964012
3290,GAACACACGCATAC-1,4-5,0.0,0.0,4.5458436,True,0.06945170555263758
6973,ACGGCGTGGGACGA-1,8-9,0.06666666666666667,0.04265230456965119,4.2306714,False,0.06974286679178476
5403,TCCATCCTTCCTTA-1,4-5,0.0,0.0,4.533312,True,0.0695119658485055
7231,AGAGCTACTGGATC-1,8-9,0.0,0.0,4.1962023,True,0.0700150290504098
879,AGAATGGAAGGCGA-1,4-5,0.0,0.0,4.067892,True,0.06956268660724163
8448,CAGTTACTCTACGA-1,8-9,0.0,0.0,4.220176,True,0.06992437690496445
2965,CTAGAGACCTGTAG-1,4-5,0.0,0.0,4.5042906,True,0.06969226151704788
9560,CTTAGACTTCTATC-1,8-9,0.0,0.0,1.5005442,True,0.06974719651043415
1986,CACATGGAGTCCTC-1,4-5,0.0,0.0,4.208936,True,0.06973369512706995
8008,ATTCGGGAAGGTTC-1,8-9,0.0,0.0,0.9753066,True,0.06982534099370241
1423,ATAGGCTGCTAGAC-1,4-5,0.0,0.0,2.1139266,True,0.06997571978718042
7484,AGGTCATGAGCGGA-1,8-9,0.0,0.0,4.1910915,True,0.07039072271436453
3218,CTTAGGGACCTCGT-1,4-5,0.0,0.0,1.5397465,True,0.07014895789325237
7777,ATCATGCTTCTCAT-1,8-9,0.0,0.0,1.6120135,True,0.07001218758523464
249,AAGCGACTAACAGA-1,4-5,0.0,0.0,4.353465,True,0.06986962351948023
9259,CTAACTACAAGTAG-1,8-9,0.0,0.0,1.9401369,True,0.0697045661509037
4751,GTTGATCTACTGTG-1,4-5,0.0,0.0,4.362212,True,0.07046234142035246
8465,CATACTACACGTAC-1,8-9,0.0,0.0,4.7654014,True,0.06985724437981844
82,AAATGTTGTAACCG-1,4-5,0.0,0.0,4.1209383,True,0.07014204282313585
12130,TGTAAAACACTTTC-1,8-9,0.0,0.0,3.5158978,True,0.07012349739670753
5288,TCACAACTTCAAGC-1,4-5,0.0,0.0,4.0767612,True,0.07072366587817669
10450,GGAAGGTGCTGACA-1,8-9,0.0,0.0,2.6157722,True,0.07027280237525702
2451,CCCGATTGGCTGTA-1,4-5,0.0,0.0,4.376257,True,0.07030411995947361
10842,GTAGTGTGTTGCGA-1,8-9,0.0,0.0,4.0373893,True,0.06968034524470568
1293,AGTGTGACCGAACT-1,4-5,0.0,0.0,4.156877,True,0.06995749566704035
9172,CGTACAGAGATAGA-1,8-9,0.0,0.0,1.4375012,True,0.07011637836694717
4284,GGGAACGACTGAGT-1,4-5,0.0,0.0,4.1410494,True,0.06974952854216099
8911,CGAAGACTTGTGAC-1,8-9,0.0,0.0,4.5424814,True,0.06974761467427015
2764,CGGAATTGACGTGT-1,4-5,0.0,0.0,4.4155636,True,0.0695774257183075
9654,GAACGGGACGTAGT-1,8-9,0.0,0.0,1.3639015,True,0.06984601076692343
3335,GAAGCTTGACCATG-1,4-5,0.0,0.0,4.476583,True,0.06937720440328121
11588,TCACATACTAGAAG-1,8-9,0.0,0.0,4.2111053,True,0.06932439468801022
4314,GGGATGGACTCTTA-1,4-5,0.0,0.0,3.4832213,True,0.06998505536466837
10955,GTGAGGGAAACGTC-1,8-9,0.0,0.0,1.2298713,True,0.06987741403281689
6127,TTCTCAGAAACCGT-1,4-5,0.0,0.0,4.2184434,True,0.0695546418428421
6529,AAGCGTACTCACCC-1,8-9,0.0,0.0,4.69004,True,0.06963011715561152
3289,GAAATACTTAAGGA-1,4-5,0.0,0.0,4.250182,True,0.06979662552475929
10295,GCGACTCTTATCGG-1,8-9,0.0,0.0,4.1916146,True,0.06981896981596947
3450,GACGATTGGAATCC-1,4-5,0.0,0.0,4.6499233,True,0.06992689985781908
11279,TACGTACTGGAGGT-1,8-9,0.0,0.0,2.0580282,True,0.06936654821038246
2742,CGCCTAACTCCAGA-1,4-5,0.0,0.0,4.1691647,True,0.0698633911088109
10195,GCATGATGTCCGAA-1,8-9,0.0,0.0,1.6628752,True,0.0694563277065754
5737,TGCACGCTTTCTTG-1,4-5,0.0,0.0,4.407742,True,0.07053074892610312
8864,CCTATTGAGTATGC-1,8-9,0.0,0.0,1.4693613,True,0.07029512897133827
729,ACGTCAGACAGAAA-1,4-5,0.0,0.0,4.469179,True,0.06991955824196339
11992,TGCAATCTGTGTAC-1,8-9,0.0,0.0,3.4214714,True,0.07015249505639076
6056,TTCACAACTTGTCT-1,4-5,0.0,0.0,3.7258673,True,0.07016675267368555
7194,AGACTGACCTAGAC-1,8-9,0.0,0.0,3.8488019,True,0.06970981974154711
5542,TCTAACTGCAACTG-1,4-5,0.0,0.0,3.827849,True,0.06968953926116228
10566,GGCAAGGATAGCGT-1,8-9,0.0,0.0,4.043138,True,0.06979196239262819
125,AACCAGTGAGAGGC-1,4-5,0.0,0.0,4.3299136,True,0.06972413044422865
6815,ACCAGCCTAGGAGC-1,8-9,0.0,0.0,4.012199,True,0.0700014354661107
1819,CAAAGCTGATGCCA-1,4-5,0.0,0.0,4.3678617,True,0.07023432478308678
8139,CAAGCCCTCTGAGT-1,8-9,0.0,0.0,1.2150553,True,0.0697889793664217
2494,CCGATAGAGGTGTT-1,4-5,0.0,0.0,1.1586415,True,0.06924453936517239
12456,TTGGAGACGTACCA-1,8-9,0.0,0.0,1.5450021,True,0.06967098079621792
6196,TTGTCATGTTTCAC-1,4-5,0.0,0.0,2.046156,True,0.0697613600641489
6492,AAGATGGATTCTAC-1,8-9,0.0,0.0,1.2844381,True,0.06956088822335005
5598,TGAACCGAAAAAGC-1,4-5,0.0,0.0,4.1607533,True,0.06950381863862276
9705,GAAGTGCTGTGTAC-1-1,8-9,0.0,0.0,4.364208,True,0.06940399575978518
1651,ATGTTAGACGACTA-1,4-5,0.0,0.0,4.2167606,True,0.06990026775747538
6839,ACCCACTGTATGGC-1,8-9,0.0,0.0,4.264365,True,0.06950291432440281
5206,TATCTCGACTACTT-1,4-5,0.0,0.0,1.9703418,True,0.06993007194250822
6774,ACAGTTCTGTATGC-1,8-9,0.0,0.0,4.563574,True,0.07027166895568371
5069,TAGGCTGAAAACGA-1,4-5,0.0,0.0,4.298589,True,0.07015072368085384
7749,ATCAAATGACCCTC-1,8-9,0.0,0.0,1.3649428,True,0.06983426958322525
1023,AGCCACCTAGTACC-1,4-5,0.0,0.0,4.4964848,True,0.07014703750610352
9117,CGGAGGCTAAACGA-1,8-9,0.0,0.0,4.1004896,True,0.07002235669642687
3112,CTGACAGATACGAC-1,4-5,0.0,0.0,1.6175163,True,0.07001300901174545
7296,AGCATTCTCCCGTT-1,8-9,0.0,0.0,1.5838822,True,0.07012730278074741
1688,ATTAGTGAATCGAC-1,4-5,0.0,0.0,4.3865323,True,0.07063288241624832
9260,CTAACTACACACGT-1,8-9,0.0,0.0,4.249022,True,0.06996982172131538
3565,GAGGCCACCCAACA-1,4-5,0.0,0.0,3.8751605,True,0.06988975964486599
6832,ACCATTTGTGATGC-1,8-9,0.0,0.0,3.4863098,True,0.07049696892499924
2376,CCAGGTCTAAGATG-1,4-5,0.0,0.0,1.3328233,True,0.07019891683012247
10973,GTGCAAACACGGTT-1,8-9,0.0,0.0,4.3483324,True,0.07010935712605715
1979,CACAGTGAGTCTTT-1,4-5,0.0,0.0,4.157975,True,0.06990552134811878
9282,CTACGCACTGAGAA-1,8-9,0.0,0.0,1.1150287,True,0.06975345499813557
709,ACGGGAGAAGTACC-1,4-5,0.0,0.0,4.118168,True,0.07005575858056545
7093,ACTGCCACGCTGAT-1,8-9,0.0,0.0,1.7490872,True,0.06991691142320633
310,AAGTTATGGTGTTG-1,4-5,0.0,0.0,1.5895333,True,0.07001820579171181
10715,GGTACATGAGCAAA-1,8-9,0.0,0.0,2.1192772,True,0.0702394163236022
4823,TAAGCGTGATACCG-1,4-5,0.0,0.0,1.3630358,True,0.06961414124816656
12192,TGTGATCTCGTGTA-1,8-9,0.0,0.0,4.248382,True,0.06976727582514286
3428,GACCCTACTTGCGA-1,4-5,0.0,0.0,4.054085,True,0.06955590099096298
10108,GCAATCGAATGGTC-1,8-9,0.0,0.0,1.9302855,True,0.07009677775204182
140,AACCTTACCCCGTT-1,4-5,0.0,0.0,4.514432,True,0.0699196420609951
11698,TCCCATCTGTCGTA-1,8-9,0.0,0.0,4.343956,True,0.06996059324592352
1305,AGTTCTACAAACAG-1,4-5,0.0,0.0,2.39262,True,0.07007121574133635
7116,ACTTCAACCTTGGA-1,8-9,0.0,0.0,3.927357,True,0.0702886302024126
5322,TCAGACGAGACACT-1,4-5,0.0,0.0,4.160543,True,0.07019902113825083
7175,AGACCTGAAGGCGA-1,8-9,0.0,0.0,3.602277,True,0.07012881059199572
341,AATCAAACGTGTTG-1,4-5,0.0,0.0,1.0188632,True,0.06971524469554424
9433,CTCGACACTGTGAC-1,8-9,0.0,0.0,4.080917,True,0.06984490714967251
4989,TACTTGACAACCAC-1,4-5,0.0,0.0,4.535785,True,0.0700847776606679
7927,ATGGTGACGCTATG-1,8-9,0.0,0.0,4.2265553,True,0.07055588439106941
1260,AGTCACGATCCTAT-1,4-5,0.0,0.0,4.4578743,True,0.07035607844591141
7611,AGTTCTTGTGTTCT-1,8-9,0.0,0.0,4.251402,True,0.06966105941683054
766,ACTAAAACTTGCGA-1,4-5,0.0,0.0,4.174268,True,0.06990509573370218
6373,AACATATGTGAGCT-1,8-9,0.0,0.0,4.5383797,True,0.06973210070282221
3608,GAGTACACACCAAC-1,4-5,0.0,0.0,4.0006866,True,0.06938243843615055
11459,TATAAGTGAGTTCG-1,8-9,0.0,0.0,1.5641456,True,0.06940366793423891
3679,GATCGAACTCATTC-1,4-5,0.0,0.0,1.2757525,True,0.06973848026245832
6380,AACCACGAGAAACA-1,8-9,0.0,0.0,1.4962022,True,0.0699606416746974
3906,GCCATCACCTTATC-1,4-5,0.0,0.0,2.26126,True,0.06979906558990479
11576,TCAATAGATATGCG-1,8-9,0.0,0.0,4.0590477,True,0.07023434713482857
5596,TGAAATTGTAAGGA-1,4-5,0.0,0.0,4.3096557,True,0.06973753403872252
11295,TACTACTGCAACTG-1,8-9,0.0,0.0,3.8727558,True,0.06998577620834112
1193,AGGTCTGACAGTCA-1,4-5,0.0,0.0,4.423119,True,0.07001430727541447
7892,ATGCACGAGTTCTT-1,8-9,0.0,0.0,1.8604494,True,0.06980844400823116
2989,CTATAAGACTACTT-1,4-5,0.0,0.0,4.7572684,True,0.07031797524541616
7042,ACTAGGTGACCCTC-1,8-9,0.0,0.0,4.4577184,True,0.06994086690247059
2314,CCAACCTGTTTCGT-1,4-5,0.0,0.0,4.272422,True,0.07014838606119156
6325,AAATGGGAGTCTTT-1,8-9,0.0,0.0,1.7328323,True,0.07013282645493746
3978,GCGAAGGAGCATCA-1,4-5,0.0,0.0,4.209947,True,0.07014292478561401
11679,TCCAGAGAAAAAGC-1,8-9,0.0,0.0,1.4290211,True,0.06961306929588318
1329,AGTTTGCTTCTGGA-1,4-5,0.0,0.0,4.364922,True,0.06983097176998854
8385,CAGCATGAGAATGA-1-1,8-9,0.0,0.0,4.605196,True,0.07018507923930883
5694,TGATTCACGAAAGT-1,4-5,0.0,0.0,4.379382,True,0.06969364825636148
8397,CAGCGTCTCCCGTT-1,8-9,0.0,0.0,1.3585317,True,0.07005417998880148
5900,TGTAGGTGCTTGTT-1,4-5,0.0,0.0,4.284995,True,0.07074344623833895
8488,CATCAGGACGACTA-1,8-9,0.0,0.0,1.3749561,True,0.0701284883543849
3016,CTATGTACGGGCAA-1,4-5,0.0,0.0,3.7647748,True,0.06969963479787111
11520,TATCTGACTCCTGC-1,8-9,0.0,0.0,4.148014,True,0.07032739650458097
5421,TCCCGATGCCACCT-1,4-5,0.0,0.0,4.0562243,True,0.0699640866369009
11713,TCCCTACTTCGCAA-1,8-9,0.0,0.0,1.5219396,True,0.0702569205313921
4596,GTCTGAGAGGGAGT-1,4-5,0.0,0.0,3.4411287,True,0.07025511376559734
9223,CGTGTAGACAGAGG-1,8-9,0.0,0.0,1.3252077,True,0.06992714200168848
1400,ATAGATACTATGGC-1,4-5,0.3333333333333333,0.4687359677248595,4.109139,False,0.07027828600257635
9198,CGTCGACTATTGGC-1,8-9,0.0,0.0,4.5596566,True,0.07000710722059011
5523,TCGGTAGAACGCTA-1,4-5,0.0,0.0,4.2049556,True,0.06981469411402941
7691,ATACGTCTCATGAC-1,8-9,0.0,0.0,4.5454116,True,0.07020347099751234
1807,ATTTGCACGATAAG-1,4-5,0.0,0.0,4.4804425,True,0.07014700304716825
8196,CAATGGACATACCG-1,8-9,0.0,0.0,4.405325,True,0.07005446217954159
3507,GACTTTACTCGTTT-1,4-5,0.0,0.0,1.3998641,True,0.06981262937188148
8097,CAACAGACAAGGCG-1,8-9,0.0,0.0,1.8937491,True,0.06977235898375511
3071,CTCGACACGTTAGC-1,4-5,0.0,0.0,3.9123702,True,0.06982674077153206
8379,CAGCAATGTAGAGA-1,8-9,0.0,0.0,1.9472018,True,0.06990761496126652
2644,CGACTCTGCCTGAA-1,4-5,0.0,0.0,0.9799742,True,0.06977976113557816
10075,GATTGGTGCCCTAC-1,8-9,0.0,0.0,3.7657611,True,0.06997146923094988
5446,TCCTAAACACGTTG-1,4-5,0.0,0.0,2.0244777,True,0.06997155398130417
9699,GAAGTCTGCTCAAG-1,8-9,0.0,0.0,1.9858869,True,0.07023834437131882
3737,GATTCTACTCGCAA-1,4-5,0.0,0.0,2.02446,True,0.06999045424163342
10865,GTATTCACAAGTAG-1,8-9,0.0,0.0,2.0130513,True,0.07001901976764202
561,ACCATTTGGAGAGC-1,4-5,0.0,0.0,1.3704851,True,0.07013661973178387
6969,ACGGAGGAGAGCAG-1,8-9,0.0,0.0,4.14444,True,0.06998957600444555
3189,CTGTGAGATCAGAC-1,4-5,0.0,0.0,1.2530453,True,0.06988969165831804
8516,CATCTCCTTCTTCA-1,8-9,0.0,0.0,4.4490957,True,0.0702699227258563
1292,AGTGTGACAGATGA-1,4-5,0.0,0.0,4.569343,True,0.06968132685869932
9338,CTATAGCTCTGATG-1,8-9,0.0,0.0,4.764278,True,0.06972867157310247
352,AATCCTTGGTCTAG-1,4-5,0.06666666666666667,0.05686973942620158,4.391999,False,0.06981887575238943
7310,AGCCGGACGCTGAT-1,8-9,0.0,0.0,1.2041607,True,0.0702482583001256
3504,GACTGTGAGTATGC-1,4-5,0.0,0.0,1.472103,True,0.06978789437562227
9578,CTTGAACTTGGTCA-1,8-9,0.0,0.0,1.1671526,True,0.06945672817528248
3133,CTGATACTGCATAC-1,4-5,0.0,0.0,4.3561764,True,0.06972486153244972
9509,CTGGAAACGTGCAT-1,8-9,0.0,0.0,4.0232253,True,0.07009645272046328
3258,CTTTAGTGCGTTGA-1,4-5,0.0,0.0,1.295879,True,0.07022505346685648
9693,GAAGTCACACACGT-1,8-9,0.0,0.0,2.0090804,True,0.0697418013587594
599,ACCTCCGAACCCTC-1,4-5,0.0,0.0,4.215487,True,0.07006876263767481
7544,AGTCACGAGTATGC-1,8-9,0.0,0.0,4.514179,True,0.06985329929739237
4803,TAACTAGAATCTTC-1,4-5,0.0,0.0,4.354118,True,0.06993722263723612
10845,GTATCACTGATAAG-1,8-9,0.0,0.0,4.4526706,True,0.07044120598584414
4386,GGTATGACTTGGCA-1,4-5,0.0,0.0,1.4836,True,0.07029811292886734
7251,AGATATTGCGAATC-1,8-9,0.0,0.0,1.5250514,True,0.06993904709815979
568,ACCCACTGCACTTT-1,4-5,0.0,0.0,1.8746927,True,0.07017242535948753
8840,CCGTACACTCACCC-1,8-9,0.0,0.0,1.2640204,True,0.06940519064664841
913,AGACTGACCATTCT-1,4-5,0.0,0.0,4.638077,True,0.06983932107686996
8824,CCGGTACTCAGTTG-1,8-9,0.0,0.0,4.269549,True,0.06944123841822147
57,AAATACTGTACTGG-1,4-5,0.0,0.0,2.2324996,True,0.06980639044195414
6991,ACGGTCCTCATGCA-1,8-9,0.0,0.0,4.84224,True,0.06973178125917912
2564,CCTGACTGCTCCAC-1,4-5,0.0,0.0,0.9966365,True,0.07052565831691027
9926,GAGGTTACGGAACG-1,8-9,0.0,0.0,4.4466734,True,0.07028586324304342
1152,AGGCTAACTCCGAA-1,4-5,0.0,0.0,4.161953,True,0.07035974785685539
6834,ACCATTTGTTTGCT-1,8-9,0.0,0.0,4.105704,True,0.07019783742725849
2907,CTAACACTGACAGG-1,4-5,0.0,0.0,4.182783,True,0.07007486000657082
7461,AGGGCGCTCTGGTA-1,8-9,0.0,0.0,6.09361,True,0.0701746279373765
841,ACTTGGGATCTCTA-1,4-5,0.0,0.0,4.4331045,True,0.06986932083964348
8328,CACTGCACTCTTCA-1,8-9,0.0,0.0,4.115829,True,0.07009461801499128
773,ACTACTACCGAATC-1,4-5,0.0,0.0,2.0007014,True,0.06998610310256481
10362,GCGTAATGAGCCAT-1,8-9,0.0,0.0,1.2907338,True,0.07000345457345247
1012,AGCACTGAGGTTTG-1,4-5,0.0,0.0,4.365974,True,0.06998917367309332
11824,TCTATGTGATGCTG-1,8-9,0.0,0.0,4.795466,True,0.06971836648881435
2223,CATCAGGACTTCCG-1,4-5,0.0,0.0,3.955409,True,0.0694885179400444
9309,CTAGGATGTATTCC-1,8-9,0.0,0.0,4.254379,True,0.06955739390105009
3984,GCGAGAGACTCAAG-1,4-5,0.0,0.0,4.288943,True,0.06998727843165398
12213,TTAACCACCGCTAA-1,8-9,0.0,0.0,1.1137179,True,0.06953705195337534
846,ACTTGTACTCTATC-1,4-5,0.0,0.0,4.134238,True,0.07007525488734245
10382,GCTACGCTACGTAC-1,8-9,0.0,0.0,3.551657,True,0.06995960418134928
2632,CGACCTACGGTCTA-1,4-5,0.0,0.0,4.3438373,True,0.06968868989497423
12084,TGGATGACGGCAAG-1,8-9,0.0,0.0,4.2372003,True,0.06972844433039427
2470,CCCTGAACGACAGG-1,4-5,0.0,0.0,3.7434478,True,0.0700851185247302
10138,GCACGGTGGGACGA-1,8-9,0.0,0.0,1.3402122,True,0.06976463180035353
2483,CCGAAAACGTCGAT-1,4-5,0.0,0.0,3.6048365,True,0.07009841781109571
11756,TCGAGAACAAAGCA-1,8-9,0.0,0.0,3.1654553,True,0.06986542604863644
2779,CGGACTCTTTTGCT-1,4-5,0.0,0.0,3.962733,True,0.07018598262220621
7647,ATAACATGTTTGTC-1,8-9,0.0,0.0,4.4511056,True,0.07013462018221617
4874,TACAAATGTACGAC-1,4-5,0.0,0.0,4.353391,True,0.06995309796184301
11688,TCCATCCTCCAATG-1,8-9,0.0,0.0,1.6955309,True,0.07013259548693895
5481,TCGAGAACGTTGGT-1,4-5,0.0,0.0,3.9485974,True,0.07013408653438091
11242,TACGAGACTGTCCC-1,8-9,0.0,0.0,4.1687007,True,0.06977536156773567
1594,ATGCCAGAGAGGTG-1,4-5,0.0,0.0,4.045409,True,0.07008378487080336
8353,CAGACATGGCCATA-1,8-9,0.0,0.0,4.3674684,True,0.06982564087957144
3568,GAGGCCACGTCTAG-1,4-5,0.0,0.0,1.9229858,True,0.0703453328460455
9428,CTCGAAGATATGGC-1,8-9,0.0,0.0,2.1039627,True,0.07030636072158813
5869,TGGTACGATCTGGA-1,4-5,0.0,0.0,1.7664056,True,0.0700756125152111
7100,ACTGGCCTTCAAGC-1,8-9,0.0,0.0,1.4511799,True,0.07044470962136984
5693,TGATTCACCTGACA-1,4-5,0.0,0.0,3.8028917,True,0.0703332582488656
11170,TAAGTAACACCCTC-1,8-9,0.0,0.0,3.3461473,True,0.0703568747267127
3947,GCCGGAACATGACC-1,4-5,0.0,0.0,2.1759005,True,0.07018151041120291
7683,ATACCTACTTCGCC-1,8-9,0.0,0.0,1.3710401,True,0.07030879985541105
5256,TATTTCCTGAATGA-1,4-5,0.0,0.0,4.0358253,True,0.07018533628433943
7414,AGGACTTGCTGAGT-1,8-9,0.0,0.0,1.6689005,True,0.07018955051898956
5588,TCTTGATGGTCAAC-1,4-5,0.0,0.0,5.138731,True,0.07023437321186066
11172,TAAGTAACCCTCAC-1,8-9,0.0,0.0,4.243632,True,0.0702379522845149
826,ACTTCAACGTCAAC-1,4-5,0.0,0.0,1.7494048,True,0.06976919993758202
8576,CATTTGTGACGGAG-1,8-9,0.0,0.0,4.548814,True,0.07014962658286095
4398,GGTTGAACAAGCAA-1,4-5,0.0,0.0,4.2736983,True,0.07007637154310942
6870,ACCTATTGGGACGA-1,8-9,0.0,0.0,3.7537177,True,0.06986341159790754
2807,CGGCGATGTTCAGG-1,4-5,0.0,0.0,1.0684545,True,0.06990010756999254
9710,GAATGCACCTACTT-1,8-9,0.0,0.0,4.6249714,True,0.06951646041125059
2398,CCATCCGAGTACAC-1,4-5,0.0,0.0,4.4131684,True,0.07041336037218571
11179,TAATCCACCGACAT-1,8-9,0.0,0.0,1.6938821,True,0.06930781621485949
520,ACATTCTGAGAACA-1,4-5,0.0,0.0,4.008224,True,0.0701712230220437
9371,CTATTGACTCTCTA-1,8-9,0.0,0.0,4.7283196,True,0.06988873612135649
3561,GAGGCAGAACCCAA-1,4-5,0.0,0.0,3.641484,True,0.06937815435230732
11905,TGACGCCTAAGTAG-1,8-9,0.0,0.0,4.357739,True,0.06983667425811291
1812,CAAACTCTACTCTT-1,4-5,0.13333333333333333,0.09952204399585277,4.5088644,False,0.06945149786770344
7951,ATGTTAGACTGTAG-1,8-9,0.0,0.0,5.0746794,True,0.07006154302507639
1591,ATGCAGTGTAGAAG-1,4-5,0.0,0.0,3.98462,True,0.06925006303936243
11278,TACGTACTCTCGAA-1,8-9,0.0,0.0,4.252173,True,0.0699252262711525
2653,CGAGAACTCGTAAC-1,4-5,0.0,0.0,4.3640065,True,0.06985858920961618
11571,TCAAGTCTTGCCTC-1,8-9,0.0,0.0,1.5789844,True,0.0696466937661171
3950,GCCGTACTGTACAC-1,4-5,0.0,0.0,3.6805289,True,0.07010630611330271
8126,CAAGAAGAGTCTGA-1,8-9,0.0,0.0,1.6224134,True,0.06968238390982151
4688,GTTAAATGCCAATG-1,4-5,0.0,0.0,1.636933,True,0.06971038039773703
11970,TGATTAGAGGCGAA-1,8-9,0.0,0.0,3.816968,True,0.0695619722828269
3545,GAGCGCACCGTAAC-1,4-5,0.0,0.0,4.5235233,True,0.07010719552636147
9365,CTATGTTGGGCAAG-1,8-9,0.0,0.0,4.185982,True,0.07000782247632742
5788,TGCTTAACCAGATC-1,4-5,0.0,0.0,4.346094,True,0.0700945621356368
8630,CCACTGACAGATCC-1,8-9,0.0,0.0,3.7913837,True,0.06999751552939415
1417,ATAGGAGACTGGAT-1-1,4-5,0.0,0.0,4.2238436,True,0.07010832335799932
9469,CTGACAGATGTGGT-1,8-9,0.0,0.0,4.2817163,True,0.07022585533559322
4843,TAAGTCCTCCAACA-1,4-5,0.0,0.0,4.362419,True,0.06946517247706652
10705,GGGTTATGCACACA-1,8-9,0.0,0.0,4.1929717,True,0.0698865931481123
4043,GCGTATGATCCAAG-1,4-5,0.0,0.0,3.4911895,True,0.0698047261685133
9397,CTCAGGCTCTTCCG-1,8-9,0.0,0.0,1.7418699,True,0.07052627950906754
535,ACCACCTGGGATTC-1,4-5,0.0,0.0,1.5975946,True,0.07034316658973694
8743,CCCATCGAGACAGG-1,8-9,0.0,0.0,1.3366617,True,0.06995863653719425
2927,CTAATAGATACTGG-1,4-5,0.0,0.0,2.1047611,True,0.07013152353465557
7807,ATCGGAACAGCTAC-1,8-9,0.0,0.0,4.406933,True,0.07007693406194448
4320,GGGCACACGAGCTT-1,4-5,0.0,0.0,4.373012,True,0.07000578381121159
6872,ACCTCCGAACGTGT-1,8-9,0.0,0.0,3.1001644,True,0.06990447174757719
4133,GGAATGCTGTCACA-1,4-5,0.0,0.0,3.3877466,True,0.0697069400921464
7638,ATAAACACCGTAAC-1,8-9,0.0,0.0,1.5844942,True,0.06958468072116375
2870,CGTGAATGCCCAAA-1,4-5,0.0,0.0,4.462058,True,0.06958401761949062
8720,CCCAACTGGAGAGC-1,8-9,0.0,0.0,1.3583932,True,0.06964085809886456
5811,TGGACTGACCCTTG-1,4-5,0.0,0.0,3.3544197,True,0.06972316280007362
7659,ATAATCGATAGACC-1,8-9,0.0,0.0,3.8200629,True,0.06973686721175909
1306,AGTTCTACACCTGA-1,4-5,0.0,0.0,4.082418,True,0.06968366727232933
11834,TCTCTAGACGTAAC-1,8-9,0.0,0.0,1.5739716,True,0.06973756663501263
2734,CGCCATTGGGCGAA-1,4-5,0.0,0.0,4.201707,True,0.06978301331400871
11816,TCTAGACTCAGAAA-1,8-9,0.0,0.0,1.5012213,True,0.0697439331561327
3264,CTTTGATGCTCTCG-1,4-5,0.0,0.0,4.2639503,True,0.06959702167659998
12466,TTGGGAACGTAAAG-1,8-9,0.0,0.0,4.511948,True,0.06971365120261908
4588,GTCTAACTTCTCGC-1,4-5,0.0,0.0,3.9717999,True,0.06981246266514063
8424,CAGGTATGACGGAG-1,8-9,0.0,0.0,1.9715393,True,0.07012487016618252
3304,GAACGGGACTCCAC-1,4-5,0.0,0.0,1.1668224,True,0.06993866059929132
10807,GTAGCAACCCTACC-1,8-9,0.0,0.0,2.1387486,True,0.06996423937380314
1549,ATCTGTTGGATGAA-1,4-5,0.0,0.0,1.8964407,True,0.07019021455198526
9908,GAGGGAACTAGAAG-1,8-9,0.0,0.0,1.1479298,True,0.06973676849156618
1769,ATTGTAGAGTCGAT-1,4-5,0.0,0.0,4.074606,True,0.07054718397557735
11539,TATGGTCTCAACCA-1,8-9,0.0,0.0,4.624913,True,0.07002365309745073
2768,CGGACCGAAAGGCG-1,4-5,0.0,0.0,3.4486911,True,0.06996576860547066
9385,CTCAGCACGTCAAC-1,8-9,0.0,0.0,4.1896253,True,0.07003522478044033
4469,GTAGCCCTGTTACG-1,4-5,0.0,0.0,4.55281,True,0.06994195934385061
11853,TCTTGATGCAGTCA-1,8-9,0.0,0.0,2.211252,True,0.06990787759423256
2544,CCTCATCTAGCTCA-1,4-5,0.0,0.0,3.6822305,True,0.07009119167923927
10690,GGGCCATGTTGCGA-1,8-9,0.0,0.0,1.2214642,True,0.06993592903017998
4286,GGGAACGAGTAAAG-1,4-5,0.0,0.0,1.4491785,True,0.0700098630040884
10613,GGCGACTGCCGTAA-1,8-9,0.0,0.0,4.276841,True,0.07021406851708889
1706,ATTCCATGTAAGCC-1,4-5,0.0,0.0,4.006595,True,0.07018190529197454
11381,TAGGCATGTCGTGA-1,8-9,0.0,0.0,3.8840778,True,0.06991673354059458
2044,CACTAACTGTATGC-1,4-5,0.0,0.0,4.3689985,True,0.07018453348428011
11189,TAATGAACCTTACT-1,8-9,0.0,0.0,3.8179414,True,0.06991458032280207
143,AACCTTACTGCATG-1,4-5,0.0,0.0,2.0324187,True,0.07016525138169527
12534,TTTCTACTCTGATG-1,8-9,0.0,0.0,4.505454,True,0.06995763909071684
3448,GACGATTGACTCAG-1,4-5,0.0,0.0,4.486765,True,0.07010683696717024
7002,ACGTCAGAGTGTCA-1,8-9,0.0,0.0,4.1943607,True,0.0699642850086093
4988,TACTGTTGTTAGGC-1,4-5,0.0,0.0,1.3402464,True,0.07010810077190399
8894,CCTTCACTACGGGA-1,8-9,0.0,0.0,1.4467303,True,0.07007057778537273
594,ACCGTGCTTTCTCA-1,4-5,0.0,0.0,4.606826,True,0.06970482505857944
11376,TAGGCAACCGATAC-1,8-9,0.0,0.0,4.040688,True,0.06982077285647392
161,AACGCATGTGAGCT-1,4-5,0.0,0.0,4.0000076,True,0.07013459410518408
10525,GGAGGTGAGCTATG-1,8-9,0.0,0.0,3.801627,True,0.06976316776126623
5431,TCCGAAGAATTCGG-1,4-5,0.0,0.0,4.337762,True,0.07044570986181498
6667,AATGGCTGTGTAGC-1,8-9,0.0,0.0,1.6466217,True,0.07029832061380148
1463,ATCACTTGACCAGT-1,4-5,0.0,0.0,4.140607,True,0.07030294090509415
7431,AGGCAACTGCTGAT-1,8-9,0.0,0.0,1.3951166,True,0.07004270516335964
6037,TTATGGCTTGGCAT-1,4-5,0.0,0.0,3.8260138,True,0.07015914004296064
9022,CGCAGGACCTGTTT-1,8-9,0.0,0.0,1.881345,True,0.0703309029340744
2008,CACCGTTGCTTGTT-1,4-5,0.0,0.0,4.3599057,True,0.07036322448402643
9517,CTGGATGATTCCGC-1,8-9,0.0,0.0,1.2804816,True,0.07033340726047754
1721,ATTCTTCTTCTAGG-1,4-5,0.0,0.0,1.7070676,True,0.0701981857419014
8413,CAGGCCGACAGATC-1,8-9,0.0,0.0,3.5680203,True,0.07000574376434088
4716,GTTATAGACATGCA-1,4-5,0.0,0.0,1.6631602,True,0.07021729554980993
12092,TGGATTCTCGTTAG-1,8-9,0.0,0.0,4.271794,True,0.0699623916298151
17,AAACGGCTCTACCC-1,4-5,0.06666666666666667,0.0475902379018706,5.1897054,False,0.0701029459014535
6467,AACTGTCTGGTTTG-1,8-9,0.0,0.0,3.8490512,True,0.07010810915380716
822,ACTTAAGAGGTCTA-1,4-5,0.0,0.0,4.360287,True,0.07031097169965506
11351,TAGCATCTGTGTAC-1,8-9,0.0,0.0,4.08663,True,0.0699671870097518
5318,TCAGACGAAGTGTC-1,4-5,0.0,0.0,4.144358,True,0.06993890553712845
9263,CTAAGGACAAGCCT-1,8-9,0.0,0.0,3.4001071,True,0.07019573356956244
2745,CGCGATCTCGTACA-1,4-5,0.0,0.0,1.3156754,True,0.07006328832358122
9919,GAGGTACTACGTGT-1,8-9,0.0,0.0,4.51987,True,0.07000906579196453
3323,GAAGATGAAGAATG-1,4-5,0.0,0.0,3.9671872,True,0.07011855207383633
12064,TGGAAGCTTCTTAC-1,8-9,0.0,0.0,4.35587,True,0.07004464790225029
610,ACCTTTGACTCATT-1,4-5,0.0,0.0,4.3002167,True,0.0697215124964714
10217,GCCAACCTACCTTT-1,8-9,0.0,0.0,1.3767292,True,0.06961966305971146
1942,CAATTCACCAACCA-1,4-5,0.0,0.0,4.645034,True,0.07026935741305351
8208,CACAACGAGGGCAA-1,8-9,0.0,0.0,2.0132535,True,0.07001927960664034
3048,CTCATTGAAGAACA-1,4-5,0.0,0.0,1.4822538,True,0.07001171726733446
7518,AGTAATACTGCAGT-1,8-9,0.0,0.0,4.8545194,True,0.07012120448052883
4319,GGGCAAGACCGAAT-1,4-5,0.0,0.0,3.3958764,True,0.06999279838055372
8771,CCCTAGTGAGCCTA-1,8-9,0.0,0.0,1.2823268,True,0.07019666768610477
4568,GTCCAGCTCGAGAG-1,4-5,0.0,0.0,4.2775145,True,0.07019241247326136
10097,GCAACTGACTCAGA-1,8-9,0.0,0.0,1.6356745,True,0.06994352675974369
162,AACGCCCTCAAAGA-1,4-5,0.0,0.0,4.2535863,True,0.06957865413278341
7664,ATAATGACTTCTAC-1,8-9,0.0,0.0,3.7237134,True,0.07015810441225767
5992,TTAGACCTACTACG-1,4-5,0.0,0.0,4.453496,True,0.06962306424975395
10016,GATCATCTTTCCGC-1,8-9,0.06666666666666667,0.0475902379018706,4.5304556,False,0.06978338863700628
2576,CCTGGACTAGAGTA-1,4-5,0.0,0.0,4.698201,True,0.06989310681819916
9424,CTCCTACTGGTAAA-1,8-9,0.0,0.0,4.0347095,True,0.06990222632884979
1312,AGTTCTTGGAGGGT-1,4-5,0.0,0.0,4.2782893,True,0.07026412431150675
8223,CACAGATGATACCG-1,8-9,0.0,0.0,1.7064544,True,0.06969805806875229
4155,GGACGAGACCCAAA-1,4-5,0.0,0.0,4.2653365,True,0.06956980377435684
9257,CTAACGGATGACAC-1,8-9,0.0,0.0,4.197198,True,0.06956205982714891
4679,GTGTCAGATGGTGT-1,4-5,0.0,0.0,4.328829,True,0.06970733869820833
8647,CCAGACCTTTTCTG-1,8-9,0.0,0.0,4.1046395,True,0.07010029815137386
2687,CGATACGAGACAGG-1,4-5,0.0,0.0,4.4572387,True,0.07014527637511492
10115,GCACAATGGGTAGG-1,8-9,0.0,0.0,4.4118595,True,0.06960294023156166
5578,TCTGATACTTCTGT-1,4-5,0.0,0.0,4.469115,True,0.06941957864910364
7786,ATCCGCACAGCTAC-1,8-9,0.0,0.0,1.8305585,True,0.07006254512816668
2624,CGACCGGAGTCTAG-1,4-5,0.0,0.0,3.9044497,True,0.06973785161972046
6751,ACACGTGATACAGC-1,8-9,0.0,0.0,1.7685223,True,0.06976461037993431
1588,ATGCACGAGCTAAC-1,4-5,0.0,0.0,4.7608314,True,0.06983860209584236
8166,CAAGTCGAGTCAAC-1,8-9,0.0,0.0,4.2718496,True,0.07037672121077776
439,ACAATCCTTAAGCC-1,4-5,0.0,0.0,3.7439227,True,0.07018291298300028
11142,TAACTAGATTCACT-1,8-9,0.0,0.0,3.9303024,True,0.0698299203068018
5984,TTACTCGATGGAGG-1,4-5,0.0,0.0,4.175659,True,0.06989074125885963
8998,CGATCCACTGTGCA-1,8-9,0.0,0.0,4.507678,True,0.07000009156763554
474,ACACGTGACAAGCT-1,4-5,0.0,0.0,4.371584,True,0.0701152728870511
9005,CGCAACCTTGTGGT-1,8-9,0.0,0.0,4.196919,True,0.06996740493923426
311,AAGTTATGTTATCC-1,4-5,0.0,0.0,2.144766,True,0.0699334479868412
8288,CACGGGTGGAATCC-1,8-9,0.0,0.0,4.4305367,True,0.06961925141513348
5556,TCTAGTTGAAACAG-1,4-5,0.0,0.0,4.5908437,True,0.06963309459388256
6893,ACGAACTGACAGCT-1,8-9,0.0,0.0,4.393557,True,0.0700784046202898
3203,CTTACAACAAACGA-1,4-5,0.0,0.0,4.1485763,True,0.0698410663753748
8128,CAAGACACGATAAG-1,8-9,0.0,0.0,1.9665381,True,0.06913575623184443
5937,TGTGGATGGGATTC-1,4-5,0.0,0.0,4.2215652,True,0.06990715302526951
9694,GAAGTCACACAGCT-1,8-9,0.0,0.0,4.1903996,True,0.06971741281449795
2898,CTAAACCTCCCTAC-1,4-5,0.0,0.0,2.1786323,True,0.06985463295131922
7884,ATGATATGCTCCAC-1,8-9,0.0,0.0,4.5989103,True,0.07014908641576767
3647,GATAGCACGCGGAA-1,4-5,0.0,0.0,4.2517624,True,0.06997118797153234
10373,GCGTATGATATCGG-1,8-9,0.0,0.0,1.3329502,True,0.06935864314436913
5938,TGTGGATGTCTTAC-1,4-5,0.0,0.0,4.2521443,True,0.06978804618120193
6724,ACAATCCTATTCGG-1,8-9,0.0,0.0,3.7466767,True,0.06995915994048119
6146,TTGAATGACCTTAT-1,4-5,0.0,0.0,2.4478076,True,0.07002299558371305
10589,GGCCAGACACTCTT-1,8-9,0.0,0.0,3.7506487,True,0.07000331487506628
14,AAACGCTGGATACC-1,4-5,0.0,0.0,4.3437147,True,0.07010478805750608
9220,CGTGCACTTTGCTT-1,8-9,0.0,0.0,1.685446,True,0.06984770577400923
5160,TATACCACGTGCTA-1,4-5,0.0,0.0,4.229213,True,0.06969232950359583
9580,CTTGAGGACGGGAA-1,8-9,0.0,0.0,4.183489,True,0.06999303493648767
3839,GCAGCGTGCTCTAT-1,4-5,0.0,0.0,1.7934269,True,0.06983891781419516
8364,CAGACCCTTTACTC-1,8-9,0.0,0.0,0.99777144,True,0.07001551706343889
6207,TTTAGCTGGTGTCA-1,4-5,0.0,0.0,4.170601,True,0.07002731785178185
9019,CGCACTTGGTAAGA-1,8-9,0.0,0.0,4.754909,True,0.06970428768545389
2506,CCGGAGACACCCAA-1,4-5,0.0,0.0,4.9143,True,0.0703240018337965
9543,CTTAAGCTCCTAAG-1,8-9,0.0,0.0,3.4572198,True,0.06989263370633125
3209,CTTACATGGTGAGG-1,4-5,0.0,0.0,4.196359,True,0.06992315780371428
7755,ATCACACTACGTAC-1,8-9,0.0,0.0,4.23693,True,0.06983312405645847
1170,AGGGCGCTTAGAAG-1,4-5,0.0,0.0,4.4770136,True,0.06990891043096781
11647,TCATCATGCTACGA-1,8-9,0.0,0.0,4.2415185,True,0.06946176290512085
280,AAGGTCTGTATCTC-1,4-5,0.0,0.0,4.9644604,True,0.06997385714203119
12514,TTTCACGAGGTGTT-1,8-9,0.0,0.0,1.460915,True,0.06995203904807568
5409,TCCCAGACTCGTAG-1,4-5,0.0,0.0,4.372215,True,0.06974632013589144
10299,GCGAGAGACCTCGT-1,8-9,0.0,0.0,1.2729504,True,0.0701570026576519
5805,TGGAAGCTCGAATC-1,4-5,0.0,0.0,4.0514083,True,0.06961965002119541
10486,GGACCTCTAACGGG-1,8-9,0.0,0.0,2.2686853,True,0.06961223855614662
5165,TATACGCTTGTCAG-1,4-5,0.0,0.0,3.904393,True,0.06956282816827297
6505,AAGCACTGTTGTCT-1,8-9,0.0,0.0,1.2432828,True,0.0697784423828125
3377,GAATTAACAGAGGC-1,4-5,0.0,0.0,3.9421518,True,0.06988069601356983
12259,TTAGCTACTTTCAC-1,8-9,0.0,0.0,1.4423633,True,0.07010175101459026
4670,GTGTATCTAAGTGA-1,4-5,0.0,0.0,4.182534,True,0.07007399294525385
8295,CACTAACTTCCTCG-1,8-9,0.0,0.0,4.332278,True,0.07014039903879166
490,ACAGGTACGTAGCT-1,4-5,0.0,0.0,4.0720625,True,0.06962194759398699
6780,ACATACCTGGTGTT-1,8-9,0.0,0.0,4.1950355,True,0.07046522293239832
3651,GATATAACCAGGAG-1,4-5,0.0,0.0,4.350074,True,0.06989182904362679
11114,TAAATGTGAACAGA-1,8-9,0.0,0.0,1.7046486,True,0.06968763936311007
4390,GGTCTAGAAGCAAA-1,4-5,0.0,0.0,1.3706691,True,0.06974953133612871
10935,GTCTAGGAATACCG-1,8-9,0.0,0.0,4.3007016,True,0.0700650792568922
326,AATACCCTTGTTCT-1,4-5,0.0,0.0,3.997925,True,0.06993403192609549
10500,GGACGCTGTCTTAC-1,8-9,0.0,0.0,3.8647702,True,0.07033600751310587
1229,AGTACGTGGTGTAC-1,4-5,0.0,0.0,1.467735,True,0.06975646503269672
8110,CAACGATGTTCTTG-1,8-9,0.0,0.0,4.3669457,True,0.06986964121460915
600,ACCTCCGAAGAATG-1,4-5,0.0,0.0,4.4566903,True,0.06981825456023216
9122,CGGATAACATCGAC-1,8-9,0.0,0.0,4.093694,True,0.07004630845040083
2025,CACGACCTACTTTC-1,4-5,0.0,0.0,4.5331407,True,0.06998281367123127
11689,TCCATCCTCGCTAA-1,8-9,0.0,0.0,2.1287088,True,0.07007542811334133
1216,AGTAAGGACATTCT-1,4-5,0.0,0.0,3.8269134,True,0.07009363546967506
11672,TCCACTCTACACTG-1,8-9,0.0,0.0,1.7477274,True,0.06935060676187277
3385,GACAACTGAAGTGA-1,4-5,0.0,0.0,4.4667125,True,0.06962546892464161
12405,TTCTTACTTGGTGT-1,8-9,0.0,0.0,3.4722674,True,0.0697213439270854
3599,GAGGTTACGGTATC-1,4-5,0.0,0.0,4.424382,True,0.06995483487844467
7408,AGGACACTCGGAGA-1,8-9,0.0,0.0,4.032785,True,0.06986080389469862
4525,GTATTCACTCAGGT-1,4-5,0.0,0.0,3.9024959,True,0.06997718196362257
8116,CAACGTGATGAAGA-1,8-9,0.0,0.0,4.3179913,True,0.07028459943830967
2377,CCAGGTCTAGCGTT-1,4-5,0.0,0.0,1.1148766,True,0.07011479325592518
10709,GGGTTATGTCAGGT-1,8-9,0.0,0.0,1.5457304,True,0.07006443478167057
3566,GAGGCCACGACGAG-1,4-5,0.0,0.0,1.77713,True,0.06989612709730864
10800,GTAGACTGACGGTT-1,8-9,0.0,0.0,4.1155386,True,0.06976793147623539
1723,ATTCTTCTTTGTGG-1-1,4-5,0.0,0.0,1.477375,True,0.06998965982347727
10116,GCACAATGTCTCCG-1,8-9,0.0,0.0,4.334623,True,0.07002885453402996
4479,GTAGGTACCCAATG-1,4-5,0.0,0.0,4.494809,True,0.07010611984878778
11201,TAATGTGAGATACC-1,8-9,0.0,0.0,3.987213,True,0.06985502876341343
1374,ATACCTACCATACG-1,4-5,0.0,0.0,1.4731553,True,0.0699518471956253
7233,AGAGGTCTACCCAA-1,8-9,0.13333333333333333,0.11612969547347292,4.3955526,False,0.0693313991650939
5078,TAGGGACTTCAGTG-1,4-5,0.0,0.0,3.7144587,True,0.06945570465177298
7335,AGCGATACCACTCC-1,8-9,0.0,0.0,4.336413,True,0.06973912846297026
1586,ATGCACGAAGGTTC-1,4-5,0.0,0.0,4.056208,True,0.0697497958317399
8165,CAAGTCGAGGTATC-1,8-9,0.0,0.0,1.7331555,True,0.06978597212582827
2874,CGTGATGACGTACA-1,4-5,0.0,0.0,4.0113306,True,0.06958257872611284
6436,AACGTGTGCGTTAG-1,8-9,0.0,0.0,3.8631403,True,0.06957343779504299
5772,TGCGCACTGAGAGC-1,4-5,0.0,0.0,1.4500256,True,0.06988160498440266
8523,CATGAGACGTCTAG-1,8-9,0.0,0.0,3.8929253,True,0.07008648943156004
303,AAGTGGCTATGGTC-1,4-5,0.0,0.0,4.0505805,True,0.0700396616011858
10252,GCCCATACTAGCGT-1,8-9,0.0,0.0,4.8172274,True,0.07003981806337833
2375,CCAGGTCTAAACAG-1,4-5,0.0,0.0,4.487123,True,0.07023308984935284
8188,CAATATGATAAGGA-1,8-9,0.0,0.0,4.1100745,True,0.06984997820109129
4037,GCGTACCTTGATGC-1,4-5,0.06666666666666667,0.049317124049935504,4.3656187,False,0.0696212574839592
10986,GTGCCACTTCAGTG-1,8-9,0.0,0.0,1.0772111,True,0.06996783893555403
5538,TCTAACACCAAAGA-1,4-5,0.0,0.0,4.4258165,True,0.07013635337352753
8247,CACCACTGCCTCGT-1,8-9,0.0,0.0,3.957887,True,0.07039131037890911
1696,ATTCAGCTACGGTT-1,4-5,0.0,0.0,3.746328,True,0.07016268651932478
8431,CAGGTTGACTTCCG-1,8-9,0.0,0.0,4.059509,True,0.06987878307700157
2020,CACGAAACCACTAG-1,4-5,0.06666666666666667,0.0475902379018706,4.106947,False,0.07010966911911964
9343,CTATCAACCGACAT-1,8-9,0.0,0.0,4.2058845,True,0.07020033895969391
6001,TTAGGGACCTGACA-1,4-5,0.0,0.0,3.7219217,True,0.07023339532315731
9266,CTAAGGACTGTCAG-1,8-9,0.0,0.0,4.227153,True,0.06981187965720892
4272,GGCTAATGTCTCGC-1,4-5,0.0,0.0,4.7503777,True,0.06960267014801502
6728,ACAATTGATTTCTG-1,8-9,0.0,0.0,4.4877753,True,0.06996924243867397
5047,TAGCCGCTGAAAGT-1,4-5,0.0,0.0,1.9437423,True,0.06963259447365999
10003,GATATATGTCAGGT-1,8-9,0.0,0.0,1.6700852,True,0.07024040166288614
5454,TCCTACCTAAGTAG-1,4-5,0.06666666666666667,0.04265230456965119,2.4767392,False,0.06982758827507496
12202,TGTTAAGACTGCAA-1,8-9,0.0,0.0,1.4722567,True,0.06931857671588659
4601,GTGAACACCACTAG-1,4-5,0.0,0.0,4.1691227,True,0.06996094156056643
12218,TTACACACGTTTGG-1,8-9,0.0,0.0,4.2941422,True,0.06988711375743151
5199,TATCGTACCGGAGA-1,4-5,0.0,0.0,1.4773417,True,0.06998785492032766
10985,GTGCCACTGGAAGC-1,8-9,0.0,0.0,1.7496756,True,0.06955169327557087
391,AATGGCTGACTCAG-1,4-5,0.0,0.0,4.0992427,True,0.06996508967131376
12250,TTAGACCTAAGTGA-1,8-9,0.0,0.0,4.278452,True,0.07025113608688116
2802,CGGCGATGACAGTC-1,4-5,0.0,0.0,4.048287,True,0.06998422369360924
10473,GGACAGGAGAATGA-1,8-9,0.0,0.0,2.2363043,True,0.0700752530246973
2453,CCCGATTGGTTCAG-1,4-5,0.13333333333333333,0.12279451495375723,4.4086986,False,0.07006840966641903
8428,CAGGTTGAAAGAAC-1,8-9,0.0,0.0,4.003029,True,0.06999500002712011
88,AAATTGACCCCTTG-1,4-5,0.0,0.0,4.3568444,True,0.06992584932595491
6921,ACGATCGATGTCAG-1,8-9,0.0,0.0,3.5388572,True,0.06990103516727686
5682,TGATACCTAGGCGA-1,4-5,0.0,0.0,1.0464932,True,0.07026788778603077
7027,ACGTTGGAGTTCTT-1,8-9,0.0,0.0,1.7650412,True,0.06962478067725897
3407,GACAGTTGAGTGCT-1,4-5,0.0,0.0,4.2415476,True,0.06961653754115105
8085,CAAACTCTTGTCAG-1,8-9,0.0,0.0,1.6054606,True,0.06988455634564161
2799,CGGCGAACGAGGGT-1,4-5,0.0,0.0,4.339469,True,0.07042210921645164
8740,CCCAGTTGTCCCAC-1,8-9,0.0,0.0,4.5982947,True,0.07006236910820007
5622,TGACCGCTACTAGC-1,4-5,0.0,0.0,4.3559976,True,0.0702194944024086
7425,AGGATGCTCGTGAT-1,8-9,0.0,0.0,4.2047,True,0.07014909945428371
3477,GACGTATGGGGAGT-1,4-5,0.0,0.0,1.9844711,True,0.07010696176439524
10950,GTGACAACCTGCAA-1,8-9,0.0,0.0,4.309435,True,0.06994683388620615
5688,TGATCACTTTCTAC-1,4-5,0.0,0.0,4.060195,True,0.07000451255589724
7585,AGTGACTGTTGTCT-1,8-9,0.0,0.0,4.092167,True,0.07010696828365326
4930,TACGGAACCAGTTG-1,4-5,0.0,0.0,3.9325058,True,0.07005908247083426
10184,GCATCAGACAGCTA-1,8-9,0.0,0.0,1.9244249,True,0.06982925534248352
211,AAGAACGATGGAGG-1,4-5,0.0,0.0,4.5391016,True,0.06993420235812664
11107,TAAAGACTTAGCGT-1,8-9,0.0,0.0,4.2306967,True,0.06989244278520346
222,AAGAATCTCAGATC-1,4-5,0.0,0.0,4.649547,True,0.07000536005944014
12279,TTAGTCTGGTACAC-1,8-9,0.0,0.0,4.512171,True,0.07028304226696491
965,AGAGTGCTGTACAC-1,4-5,0.0,0.0,1.6983665,True,0.06997947860509157
7855,ATGAAACTCACTTT-1,8-9,0.0,0.0,1.3177423,True,0.0698470901697874
5567,TCTCAAACGTGTTG-1,4-5,0.0,0.0,1.7816952,True,0.07007706072181463
12049,TGCTTAACGTTCTT-1,8-9,0.0,0.0,4.0252533,True,0.06979572214186192
4268,GGCTAAACTGAGAA-1,4-5,0.0,0.0,4.304867,True,0.07015765458345413
8261,CACCGTACTTCGGA-1,8-9,0.0,0.0,4.8577523,True,0.06951830256730318
1465,ATCACTTGGAGAGC-1,4-5,0.0,0.0,4.1139784,True,0.06979794055223465
10799,GTACTTTGGGCAAG-1,8-9,0.0,0.0,4.2280593,True,0.06966823432594538
4904,TACGACGATATCTC-1,4-5,0.0,0.0,2.0420046,True,0.06999206449836493
7632,AGTTTGCTGAAAGT-1,8-9,0.0,0.0,4.2775235,True,0.07022917084395885
2368,CCAGCACTCTAAGC-1,4-5,0.0,0.0,4.3764215,True,0.07009844668209553
7677,ATACCTACATTTCC-1-1,8-9,0.0,0.0,3.782966,True,0.07038599345833063
4183,GGAGGATGCTTACT-1,4-5,0.0,0.0,1.9022759,True,0.0702150659635663
6624,AATCCGGAAGAGTA-1,8-9,0.0,0.0,1.9809216,True,0.06990353483706713
1746,ATTGCGGATTCGGA-1,4-5,0.0,0.0,1.514187,True,0.07007178571075201
8144,CAAGGACTAACGAA-1,8-9,0.0,0.0,4.4289546,True,0.06999172735959291
4949,TACGTTACAAGGTA-1,4-5,0.0,0.0,3.8335116,True,0.06967262830585241
12334,TTCATGACATGACC-1,8-9,0.0,0.0,2.128859,True,0.0698480000719428
4399,GGTTGAACTCTCGC-1,4-5,0.0,0.0,4.3903856,True,0.0696171959862113
7990,ATTCAAGAAGGCGA-1,8-9,0.0,0.0,1.4453561,True,0.0699462741613388
224,AAGAATCTTGGAGG-1,4-5,0.0,0.0,3.8850942,True,0.06996407546103
8313,CACTCCGAGAATGA-1,8-9,0.0,0.0,4.0251455,True,0.06986387912184
2857,CGTCCATGAGGAGC-1,4-5,0.0,0.0,1.7597498,True,0.06987487152218819
12399,TTCTGATGGTTACG-1,8-9,0.0,0.0,4.4126334,True,0.07003555353730917
5546,TCTAAGCTCCTCAC-1,4-5,0.0,0.0,4.4744344,True,0.07008289266377687
7436,AGGCAGGATCTAGG-1,8-9,0.0,0.0,3.9889958,True,0.06982564367353916
3761,GATTTGCTCATGCA-1,4-5,0.0,0.0,3.8097274,True,0.07011288404464722
11676,TCCACTCTCCTGTC-1,8-9,0.0,0.0,2.0940683,True,0.06999473925679922
4368,GGTACTGACACTCC-1,4-5,0.0,0.0,3.784842,True,0.06967633683234453
9942,GAGTACTGTAAGCC-1,8-9,0.0,0.0,1.8050108,True,0.07014878746122122
2587,CCTTCACTGTTACG-1,4-5,0.0,0.0,1.3804708,True,0.07040657568722963
9044,CGCCATTGCAAGCT-1,8-9,0.0,0.0,1.8479477,True,0.07014720607548952
275,AAGGTCACTCTAGG-1-1,4-5,0.0,0.0,4.254907,True,0.06995296385139227
7922,ATGGGTACTCTCGC-1,8-9,0.0,0.0,3.9222412,True,0.06969359423965216
5865,TGGTACGACCTGTC-1,4-5,0.0,0.0,4.307807,True,0.06967946887016296
10680,GGGCCAACCTTAGG-1,8-9,0.0,0.0,1.7332454,True,0.06991863157600164
3356,GAAGTCTGCACACA-1,4-5,0.0,0.0,1.315447,True,0.07056329865008593
7757,ATCACACTTTGACG-1,8-9,0.0,0.0,1.6162694,True,0.07025199476629496
3871,GCATGATGCACTCC-1,4-5,0.3333333333333333,0.3005736711883714,4.5640593,False,0.06997693795710802
6748,ACACGATGCATGCA-1,8-9,0.0,0.0,1.6235265,True,0.0697419848293066
5819,TGGAGACTGACACT-1,4-5,0.0,0.0,2.003723,True,0.06930452212691307
6999,ACGTCAGACCGATA-1,8-9,0.0,0.0,4.295533,True,0.0695664407685399
3686,GATCGATGTTCTCA-1,4-5,0.0,0.0,4.401105,True,0.06955210212618113
11702,TCCCGAACACGGTT-1,8-9,0.0,0.0,2.0054486,True,0.06963977497071028
5202,TATCGTACTGGTAC-1,4-5,0.0,0.0,3.3840792,True,0.06917026918381453
9308,CTAGGATGGTCATG-1,8-9,0.0,0.0,4.365488,True,0.06950489990413189
3884,GCATTGGATTGCAG-1,4-5,0.0,0.0,4.068099,True,0.06966053228825331
8889,CCTTAATGAAACAG-1,8-9,0.0,0.0,4.092011,True,0.06975228432565928
959,AGAGTCTGGTCTGA-1,4-5,0.0,0.0,3.8515334,True,0.06930877082049847
7525,AGTAGAGAGGGTGA-1,8-9,0.2,0.2643045764563733,3.7410934,False,0.06970296334475279
4968,TACTACACCTCAAG-1,4-5,0.0,0.0,1.7666783,True,0.06972280610352755
10958,GTGATCGACCTACC-1,8-9,0.0,0.0,4.2633977,True,0.06976174004375935
4333,GGGCCATGGAATGA-1,4-5,0.0,0.0,4.3184347,True,0.06943681091070175
11360,TAGCCGCTCTAGTG-1,8-9,0.0,0.0,1.6712153,True,0.06995786912739277
3994,GCGCACGAAACCGT-1-1,4-5,0.0,0.0,1.3978411,True,0.06991428323090076
7608,AGTTCTTGATTCTC-1,8-9,0.0,0.0,4.4483137,True,0.0694762310013175
3591,GAGGTACTTGCACA-1,4-5,0.0,0.0,1.907242,True,0.06955139525234699
9141,CGGCGATGCCTTGC-1,8-9,0.0,0.0,1.7896638,True,0.0701474929228425
4872,TACAAATGATCAGC-1,4-5,0.0,0.0,3.9555824,True,0.06994282733649015
11958,TGATATGACCAGTA-1,8-9,0.0,0.0,1.3236508,True,0.06968934740871191
3273,GAAAGATGACCAAC-1,4-5,0.0,0.0,3.9403648,True,0.06982804834842682
7463,AGGGCGCTGCGTAT-1,8-9,0.0,0.0,3.846634,True,0.06992608308792114
6158,TTGAGGTGTGTTCT-1,4-5,0.0,0.0,1.4586242,True,0.0696501499041915
7781,ATCCAGGATGTTCT-1,8-9,0.0,0.0,4.2196846,True,0.06984667666256428
1370,ATACCGGAACGTAC-1,4-5,0.0,0.0,4.1862617,True,0.0689314128831029
10668,GGGCAAGACAAGCT-1,8-9,0.0,0.0,4.533058,True,0.06986521370708942
1008,AGCACAACTGACAC-1,4-5,0.0,0.0,1.443967,True,0.07000036910176277
7279,AGCACAACCCGCTT-1,8-9,0.0,0.0,3.9977324,True,0.07009640708565712
4404,GGTTTACTGTTCGA-1,4-5,0.0,0.0,1.7698224,True,0.06984518375247717
7920,ATGGGTACCCCGTT-1,8-9,0.0,0.0,1.2892613,True,0.06965787895023823
1090,AGCTGTGAACCTGA-1,4-5,0.0,0.0,4.318439,True,0.06984649039804935
12301,TTCAACACAGTAGA-1,8-9,0.0,0.0,1.5431081,True,0.06982856895774603
5082,TAGGTCGAGATACC-1,4-5,0.0,0.0,3.4897394,True,0.06950031127780676
7426,AGGATGCTGTGAGG-1,8-9,0.0,0.0,4.601404,True,0.07007945980876684
5778,TGCTAGGAGGAGCA-1,4-5,0.0,0.0,4.05938,True,0.0700847590342164
11717,TCCGAAGAAGCAAA-1,8-9,0.0,0.0,4.1164384,True,0.06992404442280531
1047,AGCGATACCGCCTT-1,4-5,0.0,0.0,4.087392,True,0.06950998306274414
8908,CGAACATGTGTCCC-1,8-9,0.0,0.0,1.2842408,True,0.06962104141712189
1039,AGCCTCTGCAGAGG-1,4-5,0.0,0.0,1.9891598,True,0.06996217835694551
11782,TCGGTAGACAGATC-1,8-9,0.0,0.0,3.5583963,True,0.0696132080629468
6112,TTCGATTGATTTCC-1,4-5,0.0,0.0,3.6985652,True,0.06984354089945555
10658,GGGATGGAGGACGA-1,8-9,0.0,0.0,3.9470851,True,0.06989557109773159
4871,TACAAATGAAGGCG-1,4-5,0.0,0.0,1.6184568,True,0.07011047005653381
9717,GAATGCTGCCTTAT-1,8-9,0.0,0.0,4.674654,True,0.07012516167014837
3925,GCCCAGGACATGAC-1,4-5,0.0,0.0,1.8875481,True,0.06994730420410633
9126,CGGATATGATTCGG-1,8-9,0.0,0.0,1.7960148,True,0.06979657150804996
2086,CAGAAGCTCGGTAT-1,4-5,0.0,0.0,4.3899684,True,0.07075498439371586
11682,TCCAGAGAGACAAA-1,8-9,0.0,0.0,4.162681,True,0.07006407901644707
446,ACAATTGATTACTC-1,4-5,0.0,0.0,4.4991283,True,0.06981072016060352
8945,CGACTCACGTTGAC-1,8-9,0.0,0.0,4.5260415,True,0.06988208740949631
4293,GGGAAGACTGGCAT-1,4-5,0.0,0.0,1.7890642,True,0.07016147766262293
7275,AGCAAGCTACTGGT-1,8-9,0.0,0.0,4.4701686,True,0.07008273806422949
2348,CCACTTCTAACCGT-1,4-5,0.0,0.0,4.199395,True,0.06984403636306524
12056,TGGAACTGCCTCGT-1,8-9,0.0,0.0,4.492221,True,0.07008650992065668
3451,GACGATTGTAACCG-1,4-5,0.0,0.0,3.984606,True,0.06979258544743061
11977,TGATTCTGCGTGTA-1,8-9,0.0,0.0,1.7770588,True,0.06986128352582455
4114,GGAACTTGTCGTGA-1,4-5,0.0,0.0,4.294874,True,0.06991865485906601
9948,GAGTCTGAAACGTC-1,8-9,0.0,0.0,4.3903,True,0.06984440889209509
5074,TAGGGACTACCGAT-1,4-5,0.0,0.0,4.4352655,True,0.07015442196279764
10421,GCTCGACTTTTCTG-1,8-9,0.0,0.0,1.6310648,True,0.07007567398250103
2758,CGCTACACTCCGTC-1,4-5,0.0,0.0,4.2024307,True,0.06982302758842707
11758,TCGAGAACCACCAA-1,8-9,0.0,0.0,1.703879,True,0.07003421522676945
3384,GACAACACTCTTTG-1,4-5,0.0,0.0,3.8738031,True,0.06999894045293331
10948,GTGACAACAGTGTC-1,8-9,0.0,0.0,4.2095428,True,0.06992858089506626
2588,CCTTTAGACTGCAA-1,4-5,0.0,0.0,4.6665406,True,0.0701264226809144
11322,TAGAAACTTACGCA-1,8-9,0.0,0.0,3.1510544,True,0.06983078550547361
4516,GTATCTACTAGTCG-1,4-5,0.0,0.0,4.2415915,True,0.06991464830935001
10141,GCACGTCTTCACGA-1,8-9,0.0,0.0,4.3347883,True,0.06976903509348631
1684,ATTAGATGCGCATA-1,4-5,0.0,0.0,1.9467316,True,0.06975213438272476
11501,TATCCTGAAAGAAC-1,8-9,0.0,0.0,4.1193986,True,0.06952492985874414
5970,TTACCATGATTCTC-1,4-5,0.0,0.0,4.643054,True,0.06915976852178574
11749,TCGACCTGTGCCTC-1,8-9,0.0,0.0,3.0653863,True,0.06998454965651035
5291,TCACATACTGTAGC-1,4-5,0.0,0.0,3.940121,True,0.06937996204942465
10673,GGGCACACGGAAAT-1,8-9,0.0,0.0,3.7217836,True,0.0697611877694726
1206,AGGTGTTGCTACTT-1,4-5,0.0,0.0,4.8098626,True,0.0700541939586401
6966,ACGGAGGACAAGCT-1,8-9,0.0,0.0,4.1029115,True,0.07069255784153938
4360,GGTACAACGCTACA-1,4-5,0.06666666666666667,0.053821216022769555,2.3617086,False,0.07049167715013027
7826,ATCTACTGACTTTC-1,8-9,0.0,0.0,1.6430107,True,0.07008222304284573
5020,TAGAGCACAGCACT-1,4-5,0.0,0.0,1.7071197,True,0.06998047605156898
8528,CATGCCACCCTACC-1,8-9,0.0,0.0,1.6115491,True,0.07048195693641901
5952,TTAACCACGTCGAT-1,4-5,0.0,0.0,4.2018676,True,0.07064157351851463
7236,AGAGGTCTGGAAAT-1,8-9,0.0,0.0,4.246426,True,0.06985325179994106
4901,TACGACGAAGCAAA-1,4-5,0.0,0.0,4.3061757,True,0.07005940284579992
10250,GCCCATACGTACAC-1,8-9,0.0,0.0,1.9757555,True,0.07036647293716669
2894,CGTTTAACGGTACT-1,4-5,0.0,0.0,4.148104,True,0.0702033406123519
10181,GCAGTTGACCATAG-1,8-9,0.0,0.0,1.5503614,True,0.06971265282481909
4182,GGAGCGCTTTTGTC-1,4-5,0.0,0.0,4.1236653,True,0.07012240961194038
9864,GAGATGCTGGTAAA-1,8-9,0.0,0.0,3.3138764,True,0.06987992487847805
405,AATTACGAAGAGTA-1,4-5,0.0,0.0,1.1039948,True,0.06972642615437508
6516,AAGCCTGACTCTTA-1,8-9,0.0,0.0,4.185669,True,0.06979503482580185
2189,CATAACCTACCATG-1,4-5,0.0,0.0,4.039712,True,0.07031947560608387
10257,GCCGACGATCAGAC-1,8-9,0.0,0.0,1.7465307,True,0.06997565552592278
1783,ATTTAGGACTTGGA-1,4-5,0.0,0.0,1.8908589,True,0.06945904530584812
11367,TAGGACTGACACTG-1,8-9,0.0,0.0,4.4563484,True,0.06977276224642992
2358,CCAGAAACGAATAG-1,4-5,0.0,0.0,3.9984522,True,0.06956321001052856
8566,CATTGTTGACCTCC-1,8-9,0.0,0.0,4.1948023,True,0.07004460878670216
922,AGAGAAACGGGATG-1,4-5,0.0,0.0,4.232005,True,0.06980603188276291
10264,GCCGAGTGTTACTC-1,8-9,0.0,0.0,2.9833117,True,0.0693555697798729
5185,TATCAGCTTTCTCA-1,4-5,0.0,0.0,0.9613193,True,0.07002458814531565
10537,GGATAGCTCACTGA-1,8-9,0.0,0.0,1.9574974,True,0.07004959136247635
5127,TAGTCTTGGCTCCT-1-1,4-5,0.0,0.0,3.644558,True,0.06991374958306551
10802,GTAGACTGATGTCG-1,8-9,0.0,0.0,3.3780186,True,0.0698674451559782
3097,CTGAACGATGTTCT-1,4-5,0.13333333333333333,0.11982187105393848,4.1385813,False,0.06937080901116133
11790,TCGTGAGAAGTACC-1,8-9,0.0,0.0,4.599229,True,0.06943965703248978
5364,TCATCATGGAGATA-1,4-5,0.0,0.0,1.485832,True,0.06944085005670786
12470,TTGGTACTTACTTC-1,8-9,0.0,0.0,1.6052798,True,0.06954230833798647
3935,GCCCATACGAGGCA-1,4-5,0.0,0.0,4.160132,True,0.06968220230191946
10014,GATCATCTGGCAAG-1,8-9,0.0,0.0,2.0490284,True,0.06951224990189075
1435,ATATACGAGTGCAT-1,4-5,0.0,0.0,3.9586995,True,0.06915800925344229
9720,GAATGGCTACTAGC-1,8-9,0.0,0.0,1.7598704,True,0.06974292732775211
1404,ATAGATTGTCTGGA-1,4-5,0.0,0.0,4.188595,True,0.07033063657581806
10056,GATGCCCTTCAGGT-1,8-9,0.0,0.0,3.681441,True,0.0699267415329814
5077,TAGGGACTCGGTAT-1,4-5,0.0,0.0,4.154836,True,0.06928712222725153
6580,AAGTCCGATCACCC-1,8-9,0.0,0.0,3.6155574,True,0.06910273525863886
3710,GATGCAACGGTGAG-1,4-5,0.0,0.0,5.3440056,True,0.06975168734788895
12215,TTACACACAGTGCT-1,8-9,0.0,0.0,4.0344152,True,0.06938590668141842
6040,TTCAACACCTACTT-1,4-5,0.0,0.0,4.060908,True,0.06931362487375736
11500,TATCCAACTCATTC-1,8-9,0.0,0.0,4.2315207,True,0.06960503663867712
4522,GTATTCACCAGAGG-1,4-5,0.0,0.0,4.8206,True,0.06939888373017311
10080,GATTTGCTATTTCC-1,8-9,0.0,0.0,4.2430143,True,0.0697556184604764
3470,GACGTAACGTCATG-1,4-5,0.0,0.0,3.3170502,True,0.06948546413332224
7007,ACGTCGCTATTGGC-1,8-9,0.0,0.0,2.1035748,True,0.07001503091305494
1099,AGCTTTACCCGATA-1,4-5,0.0,0.0,4.2737236,True,0.06978216394782066
8392,CAGCGGACGCCAAT-1,8-9,0.0,0.0,1.9587052,True,0.06983475852757692
4339,GGGTAACTGTAGGG-1,4-5,0.0,0.0,5.0595574,True,0.06998860742896795
8440,CAGTGTGACGTAGT-1,8-9,0.0,0.0,4.262505,True,0.06994467414915562
4205,GGATAGCTGGTATC-1,4-5,0.0,0.0,3.695448,True,0.06953537091612816
8203,CAATTCTGCACACA-1,8-9,0.0,0.0,4.344995,True,0.06938580144196749
2112,CAGCCTACAGTGCT-1,4-5,0.0,0.0,1.4939753,True,0.06958974339067936
11337,TAGACGTGTCCAGA-1,8-9,0.0,0.0,2.1924825,True,0.06959982216358185
1657,ATGTTCACGTCGAT-1,4-5,0.0,0.0,4.282057,True,0.06993533484637737
10684,GGGCCATGCCTTAT-1,8-9,0.0,0.0,4.4187355,True,0.06993589922785759
6191,TTGGTACTGAGCAG-1,4-5,0.0,0.0,4.150254,True,0.06990525219589472
6324,AAATGGGACCTTGC-1,8-9,0.0,0.0,4.1803,True,0.06952866911888123
176,AACGTTCTTGGAAA-1,4-5,0.0,0.0,4.1101813,True,0.06963158398866653
11673,TCCACTCTAGCCAT-1,8-9,0.0,0.0,4.2217183,True,0.06979511585086584
6036,TTATGGCTGTTTGG-1,4-5,0.0,0.0,0.80867624,True,0.06922260206192732
10805,GTAGACTGTGACAC-1,8-9,0.0,0.0,4.3284993,True,0.0699457349255681
2330,CCAATGGACCTATT-1,4-5,0.0,0.0,4.2327886,True,0.06988364644348621
7261,AGATCGTGTGAGGG-1,8-9,0.0,0.0,4.30869,True,0.06972329784184694
3842,GCAGCTCTACACAC-1,4-5,0.0,0.0,2.9688513,True,0.0693949144333601
7273,AGCAACACTCCTCG-1,8-9,0.0,0.0,4.5292244,True,0.06985323317348957
1693,ATTATGGAGGAAAT-1,4-5,0.0,0.0,4.2078395,True,0.06962374970316887
7138,ACTTTGTGTGATGC-1,8-9,0.0,0.0,4.309716,True,0.06943423487246037
2088,CAGACAACGTTCAG-1,4-5,0.0,0.0,4.4679956,True,0.06943564023822546
11995,TGCACAGATGAGAA-1,8-9,0.0,0.0,4.4176455,True,0.06958869937807322
4765,GTTTAAGAGACTAC-1,4-5,0.0,0.0,3.9178674,True,0.07041893806308508
6915,ACGAGTACCTGTGA-1,8-9,0.0,0.0,4.3926625,True,0.06965834368020296
2835,CGTACCACGCAGTT-1,4-5,0.0,0.0,4.416386,True,0.06945001799613237
10686,GGGCCATGGATAGA-1,8-9,0.0,0.0,4.157173,True,0.06969997752457857
4402,GGTTTACTCCTAAG-1,4-5,0.0,0.0,1.812543,True,0.06984194368124008
8704,CCATTAACACACTG-1,8-9,0.0,0.0,4.3086863,True,0.0700571434572339
4352,GGTAAAGACGAGAG-1,4-5,0.0,0.0,1.2734957,True,0.06976196449249983
12518,TTTCAGTGTGCTTT-1,8-9,0.0,0.0,3.7525513,True,0.06980856694281101
5899,TGTAGGTGCCCACT-1,4-5,0.0,0.0,4.2530565,True,0.0697302334010601
6605,AATACCCTTGGATC-1,8-9,0.0,0.0,3.8066328,True,0.06954158563166857
2010,CACCGTTGTGGTGT-1,4-5,0.0,0.0,4.632121,True,0.07016016077250242
11797,TCGTTATGGAGCAG-1,8-9,0.0,0.0,4.3689127,True,0.06951717473566532
5605,TGAAGCTGGACTAC-1,4-5,0.0,0.0,2.371633,True,0.06969544105231762
10309,GCGAGCACTCGTGA-1,8-9,0.0,0.0,0.2058952,True,0.07001454941928387
2676,CGAGGCTGCTCGAA-1,4-5,0.0,0.0,4.0322924,True,0.06961994525045156
12201,TGTTAAGACTCAAG-1,8-9,0.0,0.0,1.5921651,True,0.06951147969812155
5416,TCCCATCTTGTCAG-1,4-5,0.06666666666666667,0.06600065503116892,3.4904945,False,0.06961771193891764
8198,CAATGGACTGTTCT-1,8-9,0.0,0.0,2.0415323,True,0.06966554280370474
3351,GAAGTCACCGTAAC-1,4-5,0.0,0.0,1.6779863,True,0.06984991207718849
11332,TAGACGTGACGACT-1,8-9,0.0,0.0,1.3883398,True,0.07011909410357475
3241,CTTGAGGATGTAGC-1,4-5,0.0,0.0,1.9181275,True,0.07008408382534981
8239,CACATACTGTCCTC-1,8-9,0.0,0.0,4.461328,True,0.06974107585847378
1255,AGTCACGACAGAGG-1,4-5,0.0,0.0,4.098109,True,0.06996907945722342
7584,AGTGACTGGGAGCA-1,8-9,0.0,0.0,3.0630333,True,0.0694143008440733
3502,GACTGATGTGGTGT-1,4-5,0.0,0.0,1.6423994,True,0.06981132831424475
6759,ACAGGTACAGCACT-1,8-9,0.0,0.0,1.252315,True,0.07012946903705597
4830,TAAGCTCTCAAAGA-1,4-5,0.0,0.0,2.316818,True,0.06989670358598232
12073,TGGAGACTCACTGA-1,8-9,0.0,0.0,1.4865602,True,0.06959121860563755
6100,TTCCATGATGTGAC-1,4-5,0.0,0.0,3.931865,True,0.06957927066832781
6636,AATCCTTGCCTGAA-1,8-9,0.0,0.0,1.6829307,True,0.06999091617763042
3129,CTGAGCCTGTGCAT-1,4-5,0.0,0.0,4.3924847,True,0.06990514602512121
9136,CGGCGAACACTGGT-1,8-9,0.0,0.0,4.1065474,True,0.069797458127141
2218,CATCAACTGCTTCC-1,4-5,0.0,0.0,3.8000095,True,0.06981980334967375
11256,TACGCAGAGACGAG-1,8-9,0.0,0.0,1.6495459,True,0.07001199573278427
4965,TACTACACCCCAAA-1,4-5,0.0,0.0,4.3125734,True,0.06996706686913967
7102,ACTGTGGAAAGAAC-1,8-9,0.0,0.0,1.6789412,True,0.06929044239223003
4875,TACAATGAAAGAAC-1,4-5,0.0,0.0,4.66022,True,0.06923858262598515
7908,ATGCGATGTTTACC-1,8-9,0.0,0.0,1.8691005,True,0.06951195560395718
5323,TCAGACGATCTCCG-1,4-5,0.0,0.0,4.6326084,True,0.07004122715443373
9927,GAGGTTACTGGTAC-1,8-9,0.0,0.0,4.2341685,True,0.06982089299708605
4978,TACTCTGAAGAAGT-1,4-5,0.0,0.0,4.3629823,True,0.0691916523501277
11474,TATACGCTCTATGG-1,8-9,0.0,0.0,4.5669703,True,0.06932292878627777
2098,CAGACTGATTTGCT-1,4-5,0.0,0.0,3.8257375,True,0.07005491014569998
6858,ACCGCGGAGCGAGA-1,8-9,0.0,0.0,3.761807,True,0.06986088026314974
3003,CTATCATGTTCAGG-1,4-5,0.0,0.0,4.1751823,True,0.06979693099856377
11781,TCGGCACTCTAGCA-1,8-9,0.0,0.0,3.7898095,True,0.06950053758919239
4560,GTCCACTGGACAGG-1,4-5,0.0,0.0,4.749324,True,0.06979830656200647
8536,CATGGATGGGACGA-1,8-9,0.0,0.0,4.2995844,True,0.07000324875116348
3142,CTGATTTGCCATAG-1,4-5,0.0,0.0,3.9780693,True,0.06931853666901588
10377,GCTACAGAGGTCTA-1,8-9,0.0,0.0,4.327355,True,0.06947252992540598
2027,CACGACCTTCATTC-1,4-5,0.0,0.0,4.260259,True,0.07045310363173485
8219,CACAGAACCAAAGA-1,8-9,0.0,0.0,4.3316627,True,0.06950944662094116
4567,GTCCAGCTAGTCAC-1,4-5,0.0,0.0,1.8572589,True,0.07006242778152227
6757,ACAGCAACAGTGCT-1,8-9,0.0,0.0,4.4195213,True,0.06993014644831419
2381,CCAGGTCTTGAGAA-1,4-5,0.0,0.0,2.0814636,True,0.06954420264810324
6949,ACGCGGTGAACCAC-1,8-9,0.0,0.0,4.448567,True,0.06937573291361332
4643,GTGCTAGAACGGAG-1,4-5,0.0,0.0,4.4443994,True,0.06939898803830147
11621,TCAGCGCTCGAGTT-1,8-9,0.0,0.0,3.4974024,True,0.06957466993480921
5139,TAGTTGCTATGTGC-1,4-5,0.0,0.0,4.3302197,True,0.06910277437418699
7211,AGAGAATGCAAAGA-1,8-9,0.0,0.0,1.481665,True,0.0698184510692954
1775,ATTGTCTGCACACA-1,4-5,0.0,0.0,4.526961,True,0.06942274514585733
9037,CGCATAGAGTGCTA-1,8-9,0.0,0.0,4.244583,True,0.06895671598613262
4809,TAAGAACTTTTCAC-1,4-5,0.0,0.0,1.7149688,True,0.06997678987681866
6837,ACCCACTGACGCAT-1,8-9,0.0,0.0,1.8709509,True,0.06967155914753675
6114,TTCGGAGAGAGGTG-1,4-5,0.0,0.0,3.9600725,True,0.06969416327774525
7813,ATCGGTGACCTAAG-1,8-9,0.0,0.0,4.422408,True,0.06971768848598003
1516,ATCGCCTGCAAAGA-1,4-5,0.0,0.0,1.8927684,True,0.06990341935306787
8447,CAGTTACTCCTTAT-1,8-9,0.0,0.0,3.9899518,True,0.06989030074328184
5582,TCTTACGATTCAGG-1,4-5,0.0,0.0,3.3592665,True,0.07008329126983881
8718,CCCAACACGTTGAC-1,8-9,0.0,0.0,4.872319,True,0.06955056078732014
550,ACCAGTGATGTGCA-1,4-5,0.0,0.0,1.1226817,True,0.07013980392366648
11292,TACTACTGAACGAA-1,8-9,0.0,0.0,4.165264,True,0.06994400080293417
4634,GTGCCACTAGTGCT-1,4-5,0.0,0.0,1.6358013,True,0.06988093536347151
6656,AATGCGTGAACGAA-1,8-9,0.0,0.0,4.3994727,True,0.0692766485735774
1379,ATACCTTGCAGCTA-1,4-5,0.0,0.0,4.193165,True,0.06938534416258335
9862,GAGATGCTCTCATT-1,8-9,0.0,0.0,4.193568,True,0.07032101321965456
2964,CTAGAGACCTCAGA-1,4-5,0.0,0.0,1.2119695,True,0.06982884835451841
11467,TATACAGAAGGTCT-1,8-9,0.0,0.0,1.3334024,True,0.06922679953277111
3409,GACAGTTGGACTAC-1,4-5,0.0,0.0,4.2817593,True,0.0697519900277257
7586,AGTGCAACTGCTCC-1,8-9,0.4,0.3680140615430556,6.166854,False,0.06958492007106543
1349,ATAAGTACTGCCAA-1,4-5,0.0,0.0,4.276555,True,0.06945021264255047
10632,GGCTACCTAGAGGC-1,8-9,0.0,0.0,4.3300633,True,0.06946757808327675
2306,CATTTGTGGAATAG-1,4-5,0.0,0.0,2.0376217,True,0.06992317456752062
10644,GGGAACGATTCCCG-1,8-9,0.3333333333333333,0.2755475142157342,4.0518928,False,0.06973406486213207
1816,CAAAGCACCCAACA-1,4-5,0.0,0.0,1.4958236,True,0.07025830168277025
8368,CAGAGGGAACGGAG-1-1,8-9,0.0,0.0,1.323854,True,0.06985870841890574
5775,TGCTAGGAAAGCAA-1,4-5,0.0,0.0,1.0953324,True,0.06990106590092182
11932,TGAGCAACTTACTC-1,8-9,0.0,0.0,1.973855,True,0.06953743379563093
2294,CATTGTTGGGTCTA-1,4-5,0.0,0.0,4.361569,True,0.06963910721242428
7018,ACGTGCCTGTTCAG-1,8-9,0.0,0.0,4.2363577,True,0.06938315089792013
1709,ATTCGACTCGGAGA-1,4-5,0.0,0.0,3.8652337,True,0.06945907883346081
7388,AGCTTACTAGTCAC-1,8-9,0.0,0.0,4.0415626,True,0.0695385979488492
4438,GTACCCTGCAATCG-1,4-5,0.0,0.0,4.1429763,True,0.06954265851527452
10640,GGCTCACTTGTGCA-1,8-9,0.0,0.0,3.9907358,True,0.06942695192992687
3200,CTTAAGCTGAAGGC-1,4-5,0.0,0.0,4.764565,True,0.06988073606044054
9553,CTTACATGTTCTTG-1,8-9,0.0,0.0,4.288283,True,0.06953536160290241
5387,TCCACTCTAGGTCT-1,4-5,0.0,0.0,3.9094534,True,0.06989995669573545
8130,CAAGACTGAGCACT-1,8-9,0.0,0.0,4.4820633,True,0.0698189977556467
4171,GGAGAGACTCGCCT-1-1,4-5,0.0,0.0,1.9918908,True,0.06965568661689758
11493,TATCAGCTCTTGCC-1,8-9,0.0,0.0,4.142496,True,0.06986157037317753
5174,TATAGCCTCCGATA-1,4-5,0.0,0.0,3.84576,True,0.06998329516500235
10249,GCCCATACCGAACT-1,8-9,0.0,0.0,3.911959,True,0.07009019982069731
596,ACCTATTGCCTTGC-1,4-5,0.0,0.0,3.9585135,True,0.0700785219669342
10386,GCTAGAACACTCAG-1,8-9,0.0,0.0,1.6891271,True,0.0700085973367095
854,AGAAACGAACCTAG-1,4-5,0.0,0.0,3.4176834,True,0.0696748374029994
8054,ATTGTAGAAGGCGA-1,8-9,0.0,0.0,1.7306308,True,0.07006555795669556
915,AGACTGACGTCCTC-1,4-5,0.0,0.0,4.581558,True,0.06998539436608553
6630,AATCCTACCCAACA-1,8-9,0.0,0.0,4.052113,True,0.0697915144264698
1302,AGTTAAACCTAGAC-1,4-5,0.0,0.0,4.4822183,True,0.0698276236653328
10148,GCACTGCTGTCAAC-1,8-9,0.0,0.0,3.744112,True,0.06979490723460913
3046,CTCAGGCTTCAAGC-1,4-5,0.0,0.0,1.1107161,True,0.06976566184312105
7363,AGCGTAACATCTTC-1-1,8-9,0.0,0.0,4.235969,True,0.0703562656417489
2295,CATTGTTGTGTCAG-1,4-5,0.0,0.0,4.1626806,True,0.0695760678499937
7695,ATACTCTGGAGCTT-1,8-9,0.0,0.0,4.6675234,True,0.06957070995122194
2356,CCAGAAACCAAAGA-1,4-5,0.0,0.0,4.3786964,True,0.06988606508821249
9945,GAGTCAACTCACCC-1,8-9,0.0,0.0,3.8722372,True,0.06973255891352892
2838,CGTACCTGATCGGT-1,4-5,0.0,0.0,4.3963885,True,0.06930193305015564
7129,ACTTGACTCTCCAC-1,8-9,0.0,0.0,2.9659379,True,0.06976342108100653
5808,TGGACCCTGATACC-1,4-5,0.0,0.0,0.746641,True,0.06989466212689877
7076,ACTCTATGGGTTCA-1,8-9,0.0,0.0,1.6861212,True,0.0704362727701664
4028,GCGTAAACTCAGAC-1,4-5,0.0,0.0,3.829567,True,0.07012397330254316
10002,GATATATGTAGTCG-1,8-9,0.0,0.0,4.530686,True,0.07013707514852285
1754,ATTGCTACTCCAGA-1,4-5,0.0,0.0,1.3050717,True,0.07024185732007027
10121,GCACCACTGGGAGT-1,8-9,0.0,0.0,1.6960618,True,0.07025683112442493
3371,GAATGCTGTACGCA-1,4-5,0.0,0.0,3.3572628,True,0.07016103342175484
7103,ACTGTGGACAGTCA-1,8-9,0.0,0.0,4.5357757,True,0.06990699470043182
2379,CCAGGTCTAGTGTC-1,4-5,0.0,0.0,4.3340554,True,0.06987346895039082
8161,CAAGTCGAGAATCC-1,8-9,0.0,0.0,2.067095,True,0.07007899042218924
3601,GAGGTTTGATAAGG-1,4-5,0.0,0.0,4.3377595,True,0.07022261805832386
9765,GACATTCTTGTCAG-1,8-9,0.0,0.0,4.2652025,True,0.07002055551856756
466,ACACGAACGGTCAT-1,4-5,0.0,0.0,2.31944,True,0.06994453631341457
7712,ATAGCCGACGAGTT-1,8-9,0.0,0.0,3.3076978,True,0.0699700117111206
31,AAAGAGACTGGTCA-1,4-5,0.0,0.0,3.494731,True,0.06994982343167067
9404,CTCATTGAGAATAG-1,8-9,0.0,0.0,1.2980782,True,0.0701904958114028
1083,AGCTCGCTGGCATT-1,4-5,0.4,0.326442390721269,4.173464,False,0.06988944672048092
6943,ACGCCGGAGGCGAA-1,8-9,0.0,0.0,1.7606304,True,0.07000296283513308
5166,TATAGATGCGACAT-1,4-5,0.0,0.0,3.7498908,True,0.07027611508965492
12186,TGTGAGTGGGTACT-1,8-9,0.0,0.0,1.7756908,True,0.06960004474967718
747,ACGTTACTCCAGTA-1,4-5,0.0,0.0,4.8981695,True,0.07007375732064247
11694,TCCCAGACCGTGTA-1,8-9,0.0,0.0,4.2238564,True,0.07011040858924389
3495,GACTGAACGTACCA-1,4-5,0.13333333333333333,0.1587820000431241,3.7758133,False,0.0699823722243309
12185,TGTGAGTGGCTTAG-1,8-9,0.0,0.0,4.439704,True,0.06970266345888376
4008,GCGCGATGGCAGTT-1,4-5,0.0,0.0,4.271357,True,0.06985896173864603
9447,CTCTAATGCTAGTG-1,8-9,0.0,0.0,1.342574,True,0.0700980806723237
5828,TGGATCGATCACCC-1,4-5,0.0,0.0,4.1734405,True,0.07043224293738604
11898,TGACGATGGATAGA-1,8-9,0.0,0.0,4.173951,True,0.06988825090229511
1265,AGTCCAGACGATAC-1,4-5,0.0,0.0,2.0485237,True,0.06977371592074633
11309,TACTGGGAAGTCAC-1,8-9,0.0,0.0,4.4237223,True,0.06974487099796534
2245,CATGCCACGAACCT-1,4-5,0.06666666666666667,0.049317124049935504,4.0740957,False,0.0696639409288764
10280,GCCTCATGCACTAG-1,8-9,0.0,0.0,4.3532076,True,0.06933890655636787
279,AAGGTCTGGTCTTT-1,4-5,0.0,0.0,2.10514,True,0.07003685925155878
11274,TACGGCCTGGCAAG-1,8-9,0.0,0.0,4.1082563,True,0.06996781006455421
884,AGAATGGAGTTGTG-1,4-5,0.0,0.0,1.9895647,True,0.06994551233947277
8503,CATCCCGAGTAGCT-1-1,8-9,0.0,0.0,1.6282936,True,0.06976526975631714
616,ACGAACACCTGATG-1,4-5,0.0,0.0,4.2573667,True,0.06978607084602118
12413,TTGAATGACTTATC-1,8-9,0.0,0.0,1.7268825,True,0.06973283272236586
4175,GGAGCAGAGAGACG-1,4-5,0.0,0.0,1.3532404,True,0.07001729030162096
9756,GACAGTTGGAGAGC-1,8-9,0.0,0.0,4.148534,True,0.0696097332984209
295,AAGTCTCTAGATGA-1,4-5,0.0,0.0,2.2798228,True,0.06992217246443033
9315,CTAGGCCTTACTCT-1,8-9,0.0,0.0,4.179655,True,0.06971734575927258
5115,TAGTCACTCGTAAC-1,4-5,0.0,0.0,4.4542036,True,0.06982194725424051
8747,CCCATGTGTCAGGT-1,8-9,0.0,0.0,1.5640588,True,0.06988778337836266
2990,CTATAAGACTCAGA-1,4-5,0.0,0.0,4.2436514,True,0.0703950198367238
6950,ACGCGGTGGAACCT-1,8-9,0.0,0.0,4.56978,True,0.07024697121232748
3646,GATAGCACCCTTAT-1,4-5,0.0,0.0,4.605826,True,0.06990274041891098
12017,TGCCAGCTTGGAGG-1,8-9,0.0,0.0,4.618424,True,0.06943562719970942
3463,GACGCTCTTGGAAA-1,4-5,0.0,0.0,4.112798,True,0.06987541075795889
12233,TTACGACTCCAATG-1,8-9,0.0,0.0,3.97075,True,0.07014674507081509
286,AAGTAACTGGAGGT-1,4-5,0.0,0.0,4.0161877,True,0.07015520054847002
10034,GATCGTGATGCTGA-1,8-9,0.0,0.0,3.3677952,True,0.06978716142475605
1381,ATACGGACAAAGCA-1,4-5,0.0,0.0,3.969323,True,0.06993240024894476
12153,TGTAGTCTCACACA-1,8-9,0.0,0.0,1.3447174,True,0.0692090131342411
2513,CCGTAAGATCCAGA-1,4-5,0.0,0.0,3.0638573,True,0.07024260889738798
9368,CTATTGACACACGT-1,8-9,0.0,0.0,1.5173483,True,0.06946554034948349
3084,CTCTAAACCGGTAT-1,4-5,0.0,0.0,4.59274,True,0.06960397958755493
7456,AGGGCCTGACACGT-1,8-9,0.0,0.0,1.6075627,True,0.06986692454665899
5520,TCGGCACTCGGGAA-1,4-5,0.0,0.0,3.887356,True,0.07003105618059635
8924,CGAATCGATCGTTT-1,8-9,0.0,0.0,4.3652573,True,0.06947655975818634
2462,CCCTAGTGCCATGA-1,4-5,0.0,0.0,4.382366,True,0.0699342442676425
10854,GTATCTACTCGTTT-1,8-9,0.0,0.0,2.2019827,True,0.06951546669006348
2879,CGTGTAGACTTCGC-1,4-5,0.0,0.0,4.3837576,True,0.0698576895520091
9963,GAGTGTTGCTACCC-1,8-9,0.0,0.0,1.7696208,True,0.07004465349018574
6088,TTCATGTGTTGACG-1,4-5,0.0,0.0,4.313713,True,0.06985278148204088
10934,GTCTAACTTTGAGC-1,8-9,0.0,0.0,4.109011,True,0.06994872633367777
1796,ATTTCGTGGGTGTT-1,4-5,0.0,0.0,2.0086884,True,0.06979143060743809
7419,AGGATAGAATCACG-1,8-9,0.0,0.0,2.2426143,True,0.06942669209092855
1337,ATAACAACGAGATA-1,4-5,0.0,0.0,4.3299365,True,0.06994767766445875
10320,GCGCACGAGTACAC-1,8-9,0.0,0.0,3.8991365,True,0.06955149956047535
315,AATAACACAGCCAT-1,4-5,0.0,0.0,3.522077,True,0.06988899875432253
7092,ACTGCCACGAGGGT-1,8-9,0.0,0.0,1.3226472,True,0.06998687144368887
1297,AGTGTTCTACAGTC-1,4-5,0.0,0.0,4.311508,True,0.06973139476031065
7998,ATTCCATGACACGT-1,8-9,0.0,0.0,2.174263,True,0.06974330078810453
5923,TGTCAGGATGGGAG-1,4-5,0.0,0.0,1.8035022,True,0.06958405207842588
11695,TCCCAGACTCCCGT-1,8-9,0.0,0.0,4.3582735,True,0.06956183817237616
357,AATCTAGAAACCGT-1,4-5,0.0,0.0,4.371159,True,0.06989141926169395
11067,GTTCAGGACTCCAC-1,8-9,0.0,0.0,1.7022941,True,0.06963018327951431
3841,GCAGCGTGTGTTTC-1,4-5,0.0,0.0,4.6138177,True,0.07024700287729502
10729,GGTATGACAGTGCT-1,8-9,0.0,0.0,4.4329185,True,0.07000075187534094
1375,ATACCTACCATTCT-1,4-5,0.0,0.0,1.7460883,True,0.06974252220243216
10307,GCGAGCACGTCGTA-1,8-9,0.0,0.0,5.4346333,True,0.06987787038087845
3433,GACCTAGATAAAGG-1,4-5,0.0,0.0,4.4482193,True,0.070464794524014
11429,TAGTCGGAGTATCG-1,8-9,0.0,0.0,2.047076,True,0.06993321515619755
3167,CTGGAAACTGTCCC-1,4-5,0.0,0.0,1.6822194,True,0.07012720219790936
11418,TAGTATGACCATGA-1,8-9,0.0,0.0,1.8903924,True,0.07004828937351704
4900,TACGACGAACGACT-1,4-5,0.06666666666666667,0.0475902379018706,4.4664974,False,0.0698762759566307
11595,TCACCTCTAACGTC-1,8-9,0.0,0.0,1.6254514,True,0.0700196698307991
4936,TACGGCCTGCCAAT-1,4-5,0.0,0.0,4.8469605,True,0.0700244465842843
8138,CAAGCCCTCATTGG-1,8-9,0.0,0.0,4.306344,True,0.06977336201816797
3900,GCCACGGAATTCCT-1,4-5,0.0,0.0,1.3633151,True,0.06972943898290396
8959,CGAGATTGGAAACA-1,8-9,0.0,0.0,4.076569,True,0.06911071762442589
5027,TAGATCCTCCCTAC-1,4-5,0.0,0.0,1.7424589,True,0.06940671429038048
12445,TTGCTAACGCGGAA-1,8-9,0.0,0.0,1.5335251,True,0.06980541069060564
6227,TTTCAGTGTCTATC-1,4-5,0.0,0.0,4.317881,True,0.06978754233568907
7704,ATAGATTGAGAGTA-1,8-9,0.0,0.0,3.0466554,True,0.06954554002732038
2530,CCTAGAGACGGTAT-1,4-5,0.0,0.0,4.666293,True,0.06934836879372597
8620,CCACCTGACCCTTG-1,8-9,0.0,0.0,4.341923,True,0.06958736944943666
2825,CGGTCACTCTAAGC-1,4-5,0.0,0.0,4.29989,True,0.06987583171576262
11506,TATCGACTAGAAGT-1,8-9,0.0,0.0,4.1673627,True,0.06975682731717825
5541,TCTAACTGAAAACG-1,4-5,0.0,0.0,1.9908853,True,0.0701172947883606
11648,TCATCATGTGACCA-1,8-9,0.0,0.0,3.169417,True,0.0693810312077403
4915,TACGAGTGTGGTAC-1,4-5,0.0,0.0,3.8759444,True,0.06972344405949116
6507,AAGCCAACCAGATC-1,8-9,0.0,0.0,3.3678432,True,0.06966366712003946
2498,CCGCGAGACTTGAG-1,4-5,0.0,0.0,1.9681127,True,0.07009262777864933
11233,TACCGCTGCTACGA-1,8-9,0.0,0.0,4.404923,True,0.06994784437119961
4241,GGCCCAGATAGAAG-1,4-5,0.0,0.0,1.9335201,True,0.0698399180546403
12326,TTCAGTACTGGGAG-1,8-9,0.0,0.0,4.17055,True,0.07042681518942118
5777,TGCTAGGACCGATA-1,4-5,0.0,0.0,3.6387966,True,0.07038324885070324
6471,AAGAACGAATTCTC-1,8-9,0.0,0.0,1.3227025,True,0.07017623167484999
6029,TTATGGCTAGGGTG-1,4-5,0.0,0.0,3.3599663,True,0.070217146538198
9600,CTTTAGACCGAGAG-1,8-9,0.0,0.0,2.0189545,True,0.06998374219983816
2662,CGAGCCGAGGAGTG-1,4-5,0.0,0.0,4.190197,True,0.07006090320646763
9767,GACCAAACAAGTAG-1,8-9,0.0,0.0,4.33809,True,0.07000820524990559
41,AAAGCCTGGAGACG-1,4-5,0.0,0.0,4.065365,True,0.07003359962254763
6440,AACGTTCTCACTTT-1,8-9,0.0,0.0,4.343394,True,0.06995286699384451
2201,CATACTTGAGCATC-1,4-5,0.0,0.0,4.1663237,True,0.06995723117142916
7660,ATAATGACAGCGTT-1,8-9,0.0,0.0,3.8771052,True,0.06973251886665821
4948,TACGTACTTTTCGT-1,4-5,0.0,0.0,0.10077622,True,0.07005559746176004
10392,GCTAGATGCCGCTT-1,8-9,0.0,0.0,4.0874395,True,0.06956322211772203
1559,ATGAAACTAGCTCA-1,4-5,0.0,0.0,3.6534,True,0.0698512140661478
8048,ATTGGGTGTCCCAC-1,8-9,0.0,0.0,4.3471646,True,0.07013492658734322
5714,TGCAAGTGTCCCGT-1,4-5,0.0,0.0,3.478717,True,0.06946096662431955
10426,GCTGATGATTCTTG-1,8-9,0.0,0.0,3.7274551,True,0.06960197351872921
5122,TAGTCGGATGGAAA-1,4-5,0.0,0.0,1.360981,True,0.06954938918352127
7082,ACTCTCCTCAGCTA-1,8-9,0.0,0.0,5.046433,True,0.06937201507389545
5678,TGAGTGACCGAATC-1,4-5,0.0,0.0,1.092809,True,0.0699756108224392
11237,TACGACGAGGATTC-1,8-9,0.0,0.0,4.052196,True,0.06984013505280018
4517,GTATCTACTTCGTT-1,4-5,0.0,0.0,2.1373422,True,0.06991766206920147
12146,TGTAATGATCCAAG-1-1,8-9,0.0,0.0,3.4710865,True,0.06993439607322216
796,ACTCGCACTCCTAT-1,4-5,0.0,0.0,2.1890824,True,0.07007135264575481
12480,TTGTAGCTGCATCA-1,8-9,0.0,0.0,4.239486,True,0.07009196933358908
5104,TAGTAATGGTACCA-1,4-5,0.0,0.0,1.4014543,True,0.07016345113515854
9573,CTTCTAGACAGTTG-1,8-9,0.0,0.0,1.7877556,True,0.07026497181504965
289,AAGTAGGATGCCCT-1,4-5,0.0,0.0,4.034385,True,0.06974292825907469
8885,CCTGGACTACGCAT-1,8-9,0.0,0.0,5.0090075,True,0.06993123702704906
5277,TCAATAGAGACGGA-1,4-5,0.0,0.0,3.9116654,True,0.07027504593133926
8354,CAGACATGGTGCTA-1,8-9,0.0,0.0,1.4452595,True,0.07003571186214685
1360,ATACAATGGCATAC-1,4-5,0.0,0.0,4.432142,True,0.06971289124339819
8654,CCAGCGGAATCGGT-1,8-9,0.0,0.0,4.2009115,True,0.06982745043933392
4757,GTTGGATGCCCAAA-1-1,4-5,0.0,0.0,1.5697865,True,0.07008863054215908
9531,CTGTGAGATCCAGA-1,8-9,0.0,0.0,4.536346,True,0.07008016854524612
2081,CACTTATGTTCCAT-1,4-5,0.0,0.0,3.9587967,True,0.06985055562108755
12453,TTGCTATGTGCCCT-1,8-9,0.0,0.0,1.4701731,True,0.06977862864732742
4105,GGAACACTATACCG-1,4-5,0.0,0.0,2.1185064,True,0.07020236644893885
9446,CTCTAAACGGTCAT-1,8-9,0.0,0.0,1.6072847,True,0.06999275088310242
3423,GACCATGATAGAAG-1,4-5,0.0,0.0,1.094298,True,0.06945892237126827
10367,GCGTACCTATTCCT-1,8-9,0.0,0.0,4.348571,True,0.06985815335065126
35,AAAGCAGACGTTGA-1,4-5,0.0,0.0,4.11693,True,0.06989771407097578
11604,TCACGAGATCGCAA-1,8-9,0.0,0.0,4.7716656,True,0.07005121931433678
6032,TTATGGCTGAAACA-1,4-5,0.0,0.0,4.3809104,True,0.06989111751317978
10300,GCGAGAGACTGAGT-1,8-9,0.0,0.0,4.279915,True,0.06956994626671076
4007,GCGCGATGCTTTAC-1,4-5,0.0,0.0,4.3813925,True,0.06924824044108391
8270,CACGAAACAACCTG-1,8-9,0.0,0.0,3.8240035,True,0.06946394126862288
4861,TAATGCCTATCTCT-1,4-5,0.0,0.0,4.4696393,True,0.06977214012295008
6454,AACTCACTGACGGA-1,8-9,0.0,0.0,3.95172,True,0.06936921924352646
2829,CGTAACGAGCTGAT-1,4-5,0.0,0.0,2.949366,True,0.06986065208911896
8694,CCATGCTGACGACT-1,8-9,0.0,0.0,4.4478927,True,0.06981571577489376
1427,ATAGTCCTGAGGCA-1,4-5,0.0,0.0,4.1044436,True,0.07019697781652212
12025,TGCGAAACGAGACG-1,8-9,0.0,0.0,4.203749,True,0.0699380412697792
2613,CGACAAACCTCTTA-1,4-5,0.0,0.0,4.2393,True,0.07009955495595932
11624,TCAGCGCTGGTAGG-1,8-9,0.0,0.0,4.1959567,True,0.06964485812932253
3939,GCCGACGAAGAGGC-1,4-5,0.0,0.0,4.530669,True,0.07011393830180168
10327,GCGCGAACCTATTC-1,8-9,0.0,0.0,4.2139783,True,0.06938119418919086
2590,CGAACATGATCTCT-1,4-5,0.0,0.0,3.9733176,True,0.06959760282188654
10526,GGAGGTGATCTCGC-1,8-9,0.0,0.0,3.79121,True,0.07002236507833004
393,AATGTAACAATGCC-1,4-5,0.0,0.0,3.890003,True,0.06988550629466772
8267,CACCGTTGTGTGCA-1,8-9,0.0,0.0,4.3006988,True,0.06979536172002554
4377,GGTAGTACTTACCT-1,4-5,0.0,0.0,4.457802,True,0.06994595844298601
11860,TGAAATTGGCATAC-1,8-9,0.0,0.0,1.2964463,True,0.06966349761933088
3727,GATTCGGACGGTAT-1,4-5,0.0,0.0,3.8346186,True,0.06992006953805685
10177,GCAGTCCTGTACCA-1,8-9,0.0,0.0,1.4173077,True,0.06980813015252352
1236,AGTAGAGAGACACT-1,4-5,0.0,0.0,4.6299534,True,0.0699721947312355
9473,CTGAGAACCGCATA-1,8-9,0.0,0.0,4.195518,True,0.06967223156243563
2628,CGACCTACCCTAAG-1,4-5,0.0,0.0,4.014763,True,0.0700453408062458
12520,TTTCCAGAGGTGGA-1,8-9,0.0,0.0,4.0092607,True,0.06968026421964169
2528,CCTACCGAGGAAGC-1,4-5,0.0,0.0,4.2622247,True,0.0696231909096241
9991,GATAGCACGGTGGA-1,8-9,0.0,0.0,4.267836,True,0.069898322224617
5312,TCACTATGAAAACG-1,4-5,0.0,0.0,4.9591794,True,0.06931905634701252
8733,CCCAGACTTCCAGA-1-1,8-9,0.0,0.0,4.451404,True,0.07018917333334684
4362,GGTACAACTAGACC-1,4-5,0.0,0.0,3.37377,True,0.06993427406996489
11032,GTTACGGATCAGAC-1,8-9,0.0,0.0,4.3152394,True,0.07000296656042337
2117,CAGCCTTGTTCCCG-1,4-5,0.0,0.0,4.654029,True,0.07018497306853533
7454,AGGGCCACTATGCG-1,8-9,0.0,0.0,1.687678,True,0.07011520024389029
5617,TGACCAGAACGCTA-1,4-5,0.0,0.0,4.9789357,True,0.07019322644919157
8597,CCAAGATGATACCG-1,8-9,0.0,0.0,4.119829,True,0.07004088070243597
4200,GGATACTGACGTAC-1,4-5,0.0,0.0,3.77966,True,0.06981331761926413
8831,CCGTAAGAGGTAGG-1,8-9,0.0,0.0,3.7420657,True,0.0702234199270606
5402,TCCATCCTGTACAC-1,4-5,0.0,0.0,3.9764943,True,0.06965372525155544
6917,ACGATCGAATGCTG-1,8-9,0.0,0.0,4.159267,True,0.06891419179737568
2615,CGACAAACGTACGT-1,4-5,0.0,0.0,4.660275,True,0.06922819279134274
9510,CTGGAAACGTTACG-1,8-9,0.0,0.0,4.227501,True,0.07019937131553888
2849,CGTCAAGAGTAAGA-1,4-5,0.0,0.0,4.348103,True,0.06998855713754892
8226,CACAGATGTGCACA-1,8-9,0.0,0.0,4.387123,True,0.06983896624296904
3724,GATTCGGAACCAAC-1,4-5,0.0,0.0,6.3595667,True,0.0699640354141593
9788,GACGAACTGCTCCT-1,8-9,0.0,0.0,3.5845604,True,0.06967685930430889
2272,CATTACACGCCAAT-1,4-5,0.0,0.0,4.2984867,True,0.07020825333893299
11619,TCAGCGCTACGTGT-1,8-9,0.0,0.0,2.0879688,True,0.06993399653583765
3,AAACATTGAAGGCG-1,4-5,0.0,0.0,4.1145663,True,0.06970341689884663
6557,AAGTAGGAACTTTC-1,8-9,0.0,0.0,4.2874846,True,0.0700365100055933
5058,TAGGCAACAAAAGC-1,4-5,0.0,0.0,4.205742,True,0.06969922035932541
10853,GTATCTACGTCATG-1,8-9,0.0,0.0,1.4023691,True,0.07004076056182384
6235,TTTGACTGTGTTTC-1,4-5,0.0,0.0,1.6426629,True,0.06948048155754805
11481,TATAGATGTATCTC-1,8-9,0.0,0.0,0.519074,True,0.07004281412810087
975,AGATATTGACACAC-1,4-5,0.0,0.0,4.1395555,True,0.07006971724331379
9384,CTCAGCACATGTGC-1,8-9,0.0,0.0,1.24203,True,0.06992809846997261
900,AGACACTGCTGTAG-1,4-5,0.0,0.0,1.9633985,True,0.07009540405124426
9087,CGCTACTGATCGTG-1,8-9,0.0,0.0,4.1696086,True,0.07016812078654766
3627,GAGTGGGAGTCTAG-1,4-5,0.0,0.0,3.932758,True,0.07030107919126749
11093,GTTTAAGACCAATG-1,8-9,0.0,0.0,1.9881752,True,0.07037139590829611
2945,CTACCTCTCTAAGC-1,4-5,0.0,0.0,4.0256705,True,0.0698445001617074
10770,GTAATAACCTCAAG-1,8-9,0.0,0.0,4.2861004,True,0.06961734313517809
3530,GAGCAGGAGGTGTT-1,4-5,0.0,0.0,1.0384953,True,0.07025841157883406
6438,AACGTTCTAGCGTT-1,8-9,0.06666666666666667,0.043668798524938345,4.854712,False,0.06983536016196012
2850,CGTCCAACCCGTAA-1,4-5,0.0,0.0,1.3122993,True,0.0700811855494976
7764,ATCACTACGGGACA-1,8-9,0.0,0.0,3.5645833,True,0.06999519653618336
4335,GGGCCATGTTCATC-1,4-5,0.06666666666666667,0.05686973942620158,4.170012,False,0.07009777799248695
7534,AGTAGGCTTGAGAA-1,8-9,0.0,0.0,4.197195,True,0.06988714262843132
4632,GTGCAAACCTTCCG-1-1,4-5,0.0,0.0,2.6756644,True,0.06963327061384916
9189,CGTCCAACACACTG-1,8-9,0.0,0.0,4.1601076,True,0.06971034593880177
5837,TGGATGTGGGTCTA-1,4-5,0.0,0.0,4.0713124,True,0.06991241313517094
9135,CGGCCAGAGGTATC-1,8-9,0.0,0.0,4.023981,True,0.06931586284190416
694,ACGCTGCTTGTAGC-1,4-5,0.0,0.0,4.4627504,True,0.0696980794891715
12243,TTACGTACTGCCCT-1,8-9,0.0,0.0,4.568338,True,0.06992124766111374
3606,GAGTAAGAGAGGCA-1,4-5,0.0,0.0,3.9521322,True,0.06980765704065561
6455,AACTCACTGATAAG-1,8-9,0.0,0.0,3.9060364,True,0.06964623183012009
3141,CTGATTTGACCTGA-1,4-5,0.0,0.0,4.148013,True,0.06989534664899111
9212,CGTGAATGCGTAAC-1,8-9,0.0,0.0,1.742709,True,0.0691140117123723
3887,GCCAAATGCATTCT-1,4-5,0.0,0.0,4.225913,True,0.06919443421065807
10825,GTAGGTACAAGTGA-1,8-9,0.0,0.0,4.8357897,True,0.06928786356002092
2766,CGGAATTGCTCGAA-1,4-5,0.0,0.0,2.236915,True,0.06979910004884005
9718,GAATGCTGCTGCTC-1,8-9,0.06666666666666667,0.046105120275897894,4.679472,False,0.06954698078334332
578,ACCCGTACATCAGC-1,4-5,0.0,0.0,4.460492,True,0.0696116853505373
10158,GCAGCCGACTGTAG-1,8-9,0.0,0.0,2.003703,True,0.0699249617755413
4463,GTAGCATGAACCTG-1,4-5,0.0,0.0,4.076789,True,0.07005685288459063
11346,TAGATTGATTGCGA-1,8-9,0.0,0.0,1.457821,True,0.06965284515172243
3620,GAGTCAACTGGAGG-1,4-5,0.0,0.0,1.2105813,True,0.06991118844598532
12342,TTCATGTGAGGGTG-1,8-9,0.0,0.0,2.1135547,True,0.06991854216903448
4869,TAATGTGAGTACCA-1,4-5,0.0,0.0,4.7624516,True,0.07003569509834051
9462,CTGAATCTCTGGTA-1,8-9,0.0,0.0,4.4836307,True,0.06992070656269789
1704,ATTCCATGCAACTG-1,4-5,0.0,0.0,4.320134,True,0.06932507548481226
10980,GTGCCACTCAACCA-1,8-9,0.0,0.0,1.5594227,True,0.06938481330871582
3774,GCAACTGACGTGTA-1,4-5,0.0,0.0,4.254334,True,0.069679313339293
7140,ACTTTGTGTGGATC-1,8-9,0.0,0.0,2.9077775,True,0.06946910358965397
1555,ATCTTGACCTTGCC-1,4-5,0.0,0.0,4.2028112,True,0.06994523480534554
12128,TGGTTACTTGTGCA-1,8-9,0.0,0.0,4.2565618,True,0.06995464768260717
1460,ATCACTACCCAATG-1,4-5,0.0,0.0,4.133944,True,0.06964877713471651
6538,AAGGCTTGAAAAGC-1,8-9,0.0,0.0,1.6866429,True,0.06985633075237274
1447,ATATGCCTTCTTCA-1,4-5,0.2,0.15679607572486906,4.3794217,False,0.07004867400974035
10730,GGTATGACCAGTTG-1,8-9,0.0,0.0,1.5795298,True,0.07002755720168352
1611,ATGCGCCTTTGGTG-1,4-5,0.0,0.0,1.7036266,True,0.07025737594813108
8742,CCCAGTTGTGGGAG-1,8-9,0.0,0.0,1.4307575,True,0.07004097290337086
1590,ATGCAGACTTGCAG-1,4-5,0.0,0.0,4.0879145,True,0.07003828510642052
8029,ATTGATGAGAGGGT-1,8-9,0.0,0.0,1.6401737,True,0.06975285708904266
5518,TCGGCACTACTACG-1,4-5,0.0,0.0,2.0079837,True,0.06986261997371912
10642,GGGAACGAATGTGC-1,8-9,0.0,0.0,3.8390484,True,0.06951828300952911
317,AATAACACGGTGAG-1,4-5,0.13333333333333333,0.16841466178325945,4.086149,False,0.06950139626860619
12363,TTCCCACTATTGGC-1,8-9,0.0,0.0,1.0910951,True,0.07000398263335228
665,ACGCCACTATCGGT-1,4-5,0.0,0.0,1.9564033,True,0.07018778845667839
9038,CGCATAGATCCAGA-1,8-9,0.0,0.0,1.9591578,True,0.06985071115195751
5602,TGAAGCACACAGCT-1,4-5,0.0,0.0,1.684832,True,0.07001098524779081
7505,AGGTTGTGAAACGA-1,8-9,0.0,0.0,4.0964265,True,0.07041166257113218
75,AAATCTGATCGACA-1,4-5,0.0,0.0,1.9364312,True,0.07011216226965189
10837,GTAGTGTGCCGTAA-1,8-9,0.0,0.0,4.6645093,True,0.06982730608433485
3280,GAAAGCCTCTTCGC-1,4-5,0.0,0.0,4.2569685,True,0.06952594220638275
8492,CATCATACCTGAAC-1,8-9,0.0,0.0,1.592273,True,0.06986016780138016
6182,TTGGAGTGAAGGGC-1,4-5,0.0,0.0,4.127288,True,0.06981572322547436
10578,GGCACTCTTGCTTT-1,8-9,0.0,0.0,2.153627,True,0.06989559717476368
4441,GTACCCTGGTGAGG-1,4-5,0.0,0.0,4.2880206,True,0.06987787038087845
6277,AAACTTGATGCTTT-1,8-9,0.0,0.0,3.5713818,True,0.06957877241075039
5953,TTAACCACTCACGA-1,4-5,0.0,0.0,1.210928,True,0.06975788995623589
7094,ACTGCCACGTTGAC-1,8-9,0.0,0.0,1.6086131,True,0.06924733985215425
206,AAGAACGAAGTTCG-1,4-5,0.0,0.0,4.2104087,True,0.06965675763785839
8688,CCATATACTTTACC-1,8-9,0.0,0.0,1.5939184,True,0.06987313367426395
4099,GCTTGAGACAACCA-1,4-5,0.0,0.0,1.8292975,True,0.06996494345366955
6526,AAGCGTACCATACG-1,8-9,0.0,0.0,1.1284351,True,0.07001279201358557
2096,CAGACTGAGATAGA-1,4-5,0.0,0.0,4.569883,True,0.06984012480825186
10912,GTCCCATGACGTAC-1,8-9,0.0,0.0,1.7265656,True,0.06977215316146612
2598,CGAAGGGAACAGCT-1,4-5,0.0,0.0,2.245498,True,0.07028650399297476
6873,ACCTCCGACATTTC-1,8-9,0.0,0.0,4.3367367,True,0.07018519937992096
1111,AGGAACCTGATAAG-1-1,4-5,0.0,0.0,3.3535292,True,0.07011240627616644
11364,TAGCTACTGTCACA-1,8-9,0.0,0.0,4.5404105,True,0.07016526348888874
216,AAGAAGACCAGAAA-1,4-5,0.0,0.0,4.2346206,True,0.0702971862629056
7494,AGGTGGGAGGTACT-1,8-9,0.0,0.0,4.293756,True,0.06976911239326
1182,AGGTACACTGTCGA-1,4-5,0.0,0.0,4.3383327,True,0.06955177430063486
10886,GTCATACTGACAAA-1,8-9,0.0,0.0,3.78314,True,0.06926647573709488
5369,TCATCCCTTCCAAG-1,4-5,0.2,0.1709410034183632,4.6127505,False,0.06973980739712715
9865,GAGCAACTGCTACA-1,8-9,0.0,0.0,1.3989329,True,0.06997459568083286
534,ACCACCTGGCTGTA-1,4-5,0.0,0.0,4.4613004,True,0.06981773301959038
10851,GTATCACTTTAGGC-1-1,8-9,0.0,0.0,2.2210193,True,0.07015146687626839
4649,GTGGAGGACCGTAA-1,4-5,0.0,0.0,3.413301,True,0.07028189301490784
6944,ACGCCGGATGTCGA-1,8-9,0.0,0.0,1.9097587,True,0.06994582619518042
3068,CTCGAAGATCAGGT-1,4-5,0.0,0.0,4.133372,True,0.06985901016741991
8972,CGAGGAGATGCCTC-1,8-9,0.0,0.0,1.4480436,True,0.06986707728356123
3903,GCCACTACAGCTCA-1,4-5,0.0,0.0,3.9640417,True,0.07016754150390625
7746,ATATGCCTCTTATC-1,8-9,0.0,0.0,4.36563,True,0.07020078506320715
816,ACTGGCCTTGCCAA-1,4-5,0.0,0.0,1.2414988,True,0.06981573812663555
10023,GATCCGCTCGACAT-1,8-9,0.0,0.0,4.2174373,True,0.07021917589008808
1284,AGTGCAACAGTCAC-1,4-5,0.0,0.0,4.262966,True,0.07010984420776367
8880,CCTGAGCTAACGAA-1,8-9,0.0,0.0,1.5152014,True,0.07018356584012508
76,AAATGGGAAATGCC-1,4-5,0.0,0.0,4.400677,True,0.0701274685561657
9440,CTCGACTGTGACTG-1,8-9,0.0,0.0,4.120173,True,0.0703770937398076
5474,TCGACGCTTTTGTC-1,4-5,0.0,0.0,1.124669,True,0.07033000234514475
6618,AATCAAACACGGTT-1,8-9,0.0,0.0,4.349901,True,0.07005551550537348
1268,AGTCGAACTCTATC-1,4-5,0.0,0.0,4.363627,True,0.06984797026962042
12066,TGGACCCTCCGCTT-1,8-9,0.0,0.0,3.8549125,True,0.06992961466312408
3577,GAGGGCCTAGCATC-1,4-5,0.0,0.0,4.4473968,True,0.07005330268293619
12276,TTAGTCTGCTGCAA-1,8-9,0.0,0.0,1.9618415,True,0.07008570712059736
551,ACCAGTGATTCTCA-1,4-5,0.0,0.0,4.472181,True,0.06989812944084406
10064,GATTCGGATTATCC-1,8-9,0.0,0.0,1.8535255,True,0.06980898510664701
3541,GAGCGAGATTTGGG-1,4-5,0.0,0.0,4.616406,True,0.07022395171225071
8285,CACGGGACTCAAGC-1,8-9,0.0,0.0,1.5487521,True,0.06985888071358204
987,AGATTAACACAGTC-1,4-5,0.0,0.0,4.7250214,True,0.07000451441854239
7166,AGAATTTGCCTCAC-1,8-9,0.0,0.0,4.3991165,True,0.069620281457901
4493,GTAGTGACTCAAGC-1,4-5,0.0,0.0,4.4285197,True,0.06970273982733488
8816,CCGCTATGGCGAGA-1,8-9,0.0,0.0,4.0652947,True,0.06991592887789011
3442,GACGAGGAAGCTAC-1,4-5,0.0,0.0,4.2977543,True,0.07010059431195259
9357,CTATGACTGTCATG-1,8-9,0.0,0.0,1.5050954,True,0.06991839222609997
1471,ATCATGCTATGGTC-1,4-5,0.0,0.0,4.417454,True,0.07035380695015192
7382,AGCTGCCTGCTCCT-1,8-9,0.0,0.0,1.843954,True,0.06982697546482086
3977,GCGAAGGACGAGAG-1,4-5,0.0,0.0,3.8893573,True,0.07012181635946035
11858,TGAAATTGACCCTC-1,8-9,0.0,0.0,4.858956,True,0.07015580497682095
2858,CGTCCATGGGTGGA-1,4-5,0.0,0.0,4.492842,True,0.06966843362897635
8658,CCAGCTACACAGCT-1,8-9,0.0,0.0,4.4136596,True,0.07013671286404133
2102,CAGATGACACCATG-1,4-5,0.0,0.0,4.274609,True,0.07006826344877481
8083,CAAACTCTAGGTTC-1,8-9,0.0,0.0,1.8174096,True,0.06964618805795908
4459,GTAGACTGGGATTC-1,4-5,0.0,0.0,4.3263507,True,0.0700814537703991
11353,TAGCCCACGCCTTC-1,8-9,0.0,0.0,3.8810213,True,0.0694637754932046
1718,ATTCGGGAGATGAA-1,4-5,0.0,0.0,4.590999,True,0.06978081818670034
10666,GGGATTACTTCAGG-1,8-9,0.0,0.0,1.3496001,True,0.07006024289876223
1283,AGTGACTGGTGTTG-1-1,4-5,0.0,0.0,1.3902987,True,0.07003417145460844
12212,TGTTACTGTTGCTT-1,8-9,0.0,0.0,3.842207,True,0.07018051110208035
5080,TAGGTCGACCTTAT-1,4-5,0.0,0.0,4.309857,True,0.07050314266234636
7893,ATGCAGACAGAGTA-1,8-9,0.0,0.0,4.1483593,True,0.07017939165234566
829,ACTTCCCTACGGGA-1,4-5,0.0,0.0,4.4532785,True,0.06997028458863497
9574,CTTCTAGACCGCTT-1,8-9,0.0,0.0,4.257909,True,0.06998878344893456
3996,GCGCACGAGTATGC-1,4-5,0.0,0.0,3.6851153,True,0.070085727609694
6766,ACAGTGTGACCACA-1,8-9,0.0,0.0,4.4708667,True,0.06963698752224445
4215,GGATTGTGTGAAGA-1,4-5,0.0,0.0,4.114029,True,0.07016454264521599
8095,CAAATTGAACCCAA-1,8-9,0.0,0.0,4.4139123,True,0.07029579766094685
3161,CTGGAAACCCAGTA-1,4-5,0.0,0.0,3.7506037,True,0.07017692923545837
12394,TTCTCAGATCCCAC-1,8-9,0.0,0.0,4.220794,True,0.07022175285965204
4263,GGCGGACTCAAGCT-1,4-5,0.0,0.0,2.280079,True,0.07020367030054331
10447,GGAAGGTGACGGAG-1,8-9,0.0,0.0,1.1682496,True,0.06970358174294233
4425,GTAATATGGCGAGA-1,4-5,0.0,0.0,1.8464289,True,0.06988311465829611
12121,TGGTCAGAGAGCTT-1,8-9,0.0,0.0,4.588836,True,0.06993627268821001
5240,TATGTCACGCCCTT-1,4-5,0.0,0.0,4.218186,True,0.06987309269607067
10011,GATATTGAGGTGAG-1,8-9,0.0,0.0,4.474928,True,0.06955199223011732
6144,TTGAATGAAGCCTA-1,4-5,0.0,0.0,2.3783288,True,0.06961666978895664
9873,GAGCATACTATCGG-1,8-9,0.0,0.0,1.329793,True,0.06903808005154133
2153,CAGGTAACGCTACA-1,4-5,0.0,0.0,4.3617487,True,0.06935884058475494
6459,AACTCGGACTCCCA-1,8-9,0.0,0.0,4.12847,True,0.06979240942746401
5570,TCTCCACTGTTGTG-1,4-5,0.0,0.0,5.44071,True,0.06956135109066963
6274,AAACTTGATATCGG-1-1,8-9,0.0,0.0,2.0414877,True,0.06972264777868986
4614,GTGACCCTTTCCGC-1,4-5,0.0,0.0,1.9439027,True,0.06993460841476917
8545,CATGTTTGGTTAGC-1,8-9,0.0,0.0,1.4532207,True,0.07007129583507776
4053,GCTACGCTAAGCAA-1,4-5,0.0,0.0,1.5916777,True,0.06999400909990072
11088,GTTGTACTGGGTGA-1,8-9,0.0,0.0,4.1842127,True,0.06996333785355091
6205,TTTAGCTGGCAGAG-1,4-5,0.0,0.0,4.2036743,True,0.07018427923321724
11700,TCCCATCTTGCAAC-1,8-9,0.0,0.0,1.4277834,True,0.06966568809002638
1223,AGTAATTGAAGTAG-1,4-5,0.0,0.0,3.939235,True,0.06988521479070187
6357,AACACGTGAGAAGT-1,8-9,0.0,0.0,1.6864755,True,0.06939386017620564
3498,GACTGATGACGTGT-1,4-5,0.0,0.0,3.837975,True,0.06980234663933516
6496,AAGCAAGAAGGGTG-1,8-9,0.0,0.0,2.0116937,True,0.0693597998470068
3976,GCCTGACTTCTCGC-1,4-5,0.0,0.0,4.447818,True,0.06942971609532833
8002,ATTCCATGTCATTC-1,8-9,0.0,0.0,3.789714,True,0.06987354159355164
6095,TTCCAAACGAGACG-1,4-5,0.0,0.0,3.0479164,True,0.06981187500059605
9020,CGCAGGACACCGAT-1,8-9,0.0,0.0,1.7292476,True,0.06956831179559231
5376,TCATTCGAAGCCTA-1,4-5,0.0,0.0,3.9970636,True,0.06967253796756268
7508,AGGTTGTGACGGAG-1,8-9,0.0,0.0,4.167578,True,0.06939571816474199
2073,CACTTAACTGGGAG-1,4-5,0.0,0.0,1.7289789,True,0.06977456342428923
8330,CACTGCTGCAGAAA-1,8-9,0.0,0.0,1.9902787,True,0.06995174568146467
3008,CTATCCCTGTTCTT-1,4-5,0.0,0.0,4.269301,True,0.0692965080961585
10700,GGGTTAACATTTCC-1,8-9,0.0,0.0,4.2274785,True,0.06941121350973845
3778,GCAATCGACCCTTG-1,4-5,0.0,0.0,1.639122,True,0.06936311721801758
11542,TATGGTCTTGCAAC-1,8-9,0.0,0.0,4.244881,True,0.06953470408916473
1680,ATTACCTGAGGAGC-1,4-5,0.0,0.0,4.377616,True,0.06984579842537642
9154,CGGTACCTAGCTCA-1,8-9,0.0,0.0,4.7018943,True,0.0695894630625844
672,ACGCCGGAGCGTTA-1,4-5,0.0,0.0,4.4587927,True,0.06943198014050722
12010,TGCCAAGACTTCGC-1,8-9,0.0,0.0,1.7292068,True,0.06951584201306105
64,AAATCATGCATTCT-1,4-5,0.0,0.0,4.353768,True,0.06973881181329489
10581,GGCATATGAAGGGC-1,8-9,0.0,0.0,4.3986707,True,0.06973800249397755
4796,TAACATGACGTACA-1-1,4-5,0.0,0.0,4.048449,True,0.07002174109220505
7962,ATGTTGCTTGAGGG-1,8-9,0.0,0.0,1.9147228,True,0.06971375644207001
3339,GAAGCTTGTCTGGA-1,4-5,0.0,0.0,4.162417,True,0.06983429286628962
12230,TTACCATGGACGAG-1,8-9,0.0,0.0,4.3453097,True,0.06980910617858171
4330,GGGCCATGAAGGGC-1,4-5,0.0,0.0,3.9977,True,0.07009072694927454
9951,GAGTCTGATGTGAC-1,8-9,0.0,0.0,4.0694118,True,0.06952172331511974
1659,ATGTTCACTATTCC-1,4-5,0.06666666666666667,0.043668798524938345,2.5626636,False,0.06960772722959518
6840,ACCCACTGTTGCAG-1,8-9,0.0,0.0,1.7273772,True,0.06982162408530712
5689,TGATTAGACTCTTA-1,4-5,0.0,0.0,1.4117093,True,0.06990260537713766
6867,ACCTATTGATTCTC-1,8-9,0.0,0.0,3.708395,True,0.06980426330119371
3288,GAAATACTGTGTAC-1,4-5,0.0,0.0,4.0183496,True,0.06978630926460028
9660,GAACTGTGAGGCGA-1,8-9,0.0,0.0,1.4721717,True,0.06948641128838062
4895,TACCGCTGGTCTAG-1,4-5,0.0,0.0,1.3326012,True,0.0699024498462677
6896,ACGAAGCTCCTTAT-1,8-9,0.0,0.0,4.065858,True,0.0694995541125536
5345,TCAGTGGAAGCATC-1,4-5,0.0,0.0,1.4824922,True,0.06974562257528305
6658,AATGCGTGCTTGGA-1,8-9,0.0,0.0,3.780642,True,0.0699077807366848
2723,CGCATAGAACAGTC-1,4-5,0.06666666666666667,0.17060921827860476,4.1467776,False,0.07003523036837578
9713,GAATGCTGACGCTA-1,8-9,0.0,0.0,3.3117197,True,0.06982121989130974
1388,ATACGTCTCGTACA-1,4-5,0.0,0.0,4.2102647,True,0.06988955475389957
7342,AGCGATTGGTCTAG-1,8-9,0.0,0.0,2.0100188,True,0.0696671586483717
2460,CCCTACGACCACCT-1,4-5,0.0,0.0,1.7667482,True,0.07003924529999495
7472,AGGGTTTGCTGACA-1,8-9,0.0,0.0,4.046743,True,0.069465147331357
2469,CCCTGAACACCTCC-1,4-5,0.0,0.0,4.2355967,True,0.0697466442361474
8093,CAAATATGTCAAGC-1,8-9,0.0,0.0,1.6408134,True,0.06925893947482109
2887,CGTTAGGACCTTGC-1,4-5,0.0,0.0,3.978909,True,0.07002225797623396
7779,ATCCAGGACAGATC-1,8-9,0.0,0.0,4.414175,True,0.07005904894322157
3672,GATCCCTGACCATG-1,4-5,0.0,0.0,4.28856,True,0.0701646925881505
9964,GAGTTGTGAGATCC-1,8-9,0.0,0.0,4.185419,True,0.06968247331678867
2773,CGGACCGATTACTC-1,4-5,0.0,0.0,4.44653,True,0.06960874423384666
8714,CCCAAAGAGTTCTT-1,8-9,0.0,0.0,3.6206353,True,0.06990032084286213
827,ACTTCAACTCAGAC-1,4-5,0.0,0.0,4.510255,True,0.06984191946685314
7692,ATACGTCTCCTTAT-1,8-9,0.0,0.0,4.403777,True,0.06983278412371874
1000,AGCAAGCTATACCG-1,4-5,0.0,0.0,4.588312,True,0.06952667329460382
12482,TTGTAGCTGGTGGA-1,8-9,0.0,0.0,4.285729,True,0.06988795753568411
1909,CAAGTCGAGCAGTT-1,4-5,0.0,0.0,4.1296678,True,0.06980935391038656
10485,GGACCGTGCTAGCA-1,8-9,0.0,0.0,1.842458,True,0.07011018041521311
5492,TCGATTTGTGTCCC-1,4-5,0.0,0.0,4.22946,True,0.06970652844756842
12467,TTGGGAACTTGAGC-1,8-9,0.0,0.0,2.219177,True,0.06973776500672102
5483,TCGAGCCTGATAGA-1,4-5,0.0,0.0,1.6236091,True,0.06961206253618002
9690,GAAGTAGAACCTGA-1-1,8-9,0.0,0.0,1.2890786,True,0.0696972543373704
4791,TAACACCTTGCTTT-1,4-5,0.0,0.0,4.2609496,True,0.07009546272456646
8374,CAGATCGATCGTTT-1,8-9,0.0,0.0,4.0325155,True,0.0699724592268467
601,ACCTCCGACCGTAA-1,4-5,0.0,0.0,3.5997233,True,0.0697338841855526
9639,GAACACACTAGACC-1-1,8-9,0.0,0.0,4.052397,True,0.06970680505037308
2603,CGAAGTACGCAAGG-1,4-5,0.0,0.0,1.6945658,True,0.06957704201340675
8075,ATTTCGTGATTGGC-1-1,8-9,0.0,0.0,1.9283917,True,0.06960368808358908
4947,TACGTACTTGCCAA-1,4-5,0.0,0.0,4.5083666,True,0.0691610062494874
12221,TTACAGCTAGAACA-1,8-9,0.0,0.0,4.494385,True,0.06958639342337847
708,ACGGGAGAACGTTG-1,4-5,0.0,0.0,4.311367,True,0.06998391263186932
11491,TATCACTGTTCCAT-1,8-9,0.0,0.0,1.3026084,True,0.06916569918394089
4578,GTCGAATGCAGGAG-1,4-5,0.0,0.0,4.5275984,True,0.07007687818259001
6510,AAGCCATGTTCATC-1,8-9,0.0,0.0,1.9923218,True,0.07002489920705557
3876,GCATGTGAACTGTG-1,4-5,0.0,0.0,4.0861373,True,0.06958757434040308
11754,TCGACGCTCGTGTA-1,8-9,0.0,0.0,3.959003,True,0.06994387321174145
2450,CCCGATTGCCTTAT-1,4-5,0.0,0.0,1.9384484,True,0.06982774194329977
11350,TAGCATCTGCCAAT-1,8-9,0.0,0.0,1.3228285,True,0.06975859217345715
1250,AGTATAACGTATCG-1,4-5,0.0,0.0,1.9146812,True,0.07002298440784216
6564,AAGTAGGAGTTACG-1,8-9,0.0,0.0,1.7391322,True,0.0700400685891509
605,ACCTGAGAGCAGAG-1,4-5,0.0,0.0,1.045703,True,0.0701313829049468
10806,GTAGCAACAAGATG-1,8-9,0.0,0.0,2.2681293,True,0.06972403079271317
3803,GCACCTACAGTGTC-1,4-5,0.0,0.0,1.8822435,True,0.06968867033720016
8965,CGAGCCGAGCAGTT-1,8-9,0.0,0.0,2.9381008,True,0.07015557121485472
5986,TTAGAATGCGGTAT-1,4-5,0.0,0.0,0.98190486,True,0.07004105113446712
10301,GCGAGAGAGTTGCA-1,8-9,0.0,0.0,4.1369967,True,0.07000172697007656
4734,GTTCAACTTAGTCG-1,4-5,0.0,0.0,2.3316119,True,0.06954327039420605
11182,TAATCCACGTTTGG-1,8-9,0.0,0.0,3.9099097,True,0.06989974528551102
5406,TCCCAGACACGCTA-1,4-5,0.0,0.0,4.0891175,True,0.06916064582765102
9680,GAAGCTTGACGTTG-1,8-9,0.0,0.0,4.8516765,True,0.0690654730424285
3674,GATCCCTGCAGGAG-1,4-5,0.0,0.0,4.3411636,True,0.06978181097656488
10032,GATCGTGACTTCCG-1,8-9,0.0,0.0,3.9548824,True,0.06929343193769455
4014,GCGGACTGGGTAGG-1,4-5,0.0,0.0,1.6346034,True,0.06975659728050232
6960,ACGCTGCTCAGCTA-1,8-9,0.0,0.0,1.3778158,True,0.06957774143666029
4358,GGTACAACGATACC-1,4-5,0.0,0.0,4.6487226,True,0.0694359065964818
9869,GAGCATACACTTTC-1-1,8-9,0.0,0.0,4.628475,True,0.06921147089451551
5664,TGAGGACTACCAGT-1,4-5,0.0,0.0,4.031879,True,0.06924979854375124
11704,TCCCGAACTAAGGA-1-1,8-9,0.0,0.0,3.9808042,True,0.06989329494535923
5162,TATACCACTCATTC-1,4-5,0.0,0.0,4.496614,True,0.0694097625091672
8153,CAAGGACTTTACCT-1,8-9,0.0,0.0,4.0811605,True,0.06989174336194992
146,AACCTTTGATGACC-1,4-5,0.0,0.0,3.9115572,True,0.069661776535213
9355,CTATCCCTTCTAGG-1,8-9,0.0,0.0,1.9918262,True,0.06974944099783897
4528,GTCAACGATCCCGT-1,4-5,0.0,0.0,1.2143722,True,0.06975482311099768
12275,TTAGTCTGAAGATG-1,8-9,0.0,0.0,4.4251184,True,0.06942700408399105
285,AAGGTGCTTGTTTC-1,4-5,0.0,0.0,4.331123,True,0.06968948151916265
6589,AAGTTATGGCGAAG-1,8-9,0.0,0.0,4.188517,True,0.06966599356383085
6213,TTTATCCTCCTTGC-1,4-5,0.0,0.0,4.0470176,True,0.06933560222387314
7999,ATTCCATGCGCAAT-1,8-9,0.0,0.0,3.4415946,True,0.06939512398093939
5213,TATGAATGAACTGC-1,4-5,0.0,0.0,3.7763135,True,0.06931467168033123
11272,TACGGAACCTGGAT-1,8-9,0.0,0.0,3.9808054,True,0.06957225687801838
4631,GTGCAAACACGTGT-1,4-5,0.0,0.0,4.3318434,True,0.06967565603554249
7054,ACTCAGGAATGTGC-1,8-9,0.0,0.0,2.2466176,True,0.06942830700427294
741,ACGTCGCTTATTCC-1,4-5,0.0,0.0,1.8839607,True,0.06959970202296972
9931,GAGTAAGAACCAAC-1,8-9,0.0,0.0,1.6365577,True,0.06961889006197453
1019,AGCATTCTGCGAGA-1,4-5,0.0,0.0,4.258778,True,0.06957934703677893
6913,ACGAGTACAAAGTG-1,8-9,0.0,0.0,4.209463,True,0.06937294825911522
4785,TAACAATGTACTTC-1,4-5,0.0,0.0,4.6040344,True,0.069255530834198
8939,CGACCTTGTGACAC-1,8-9,0.0,0.0,4.282464,True,0.06947583612054586
2126,CAGCTCACACACAC-1,4-5,0.0,0.0,4.245695,True,0.06948731187731028
11324,TAGAATACAATCGC-1,8-9,0.0,0.0,3.9471147,True,0.06894948054105043
5424,TCCCTACTACAGCT-1,4-5,0.0,0.0,4.199734,True,0.06995886191725731
11938,TGAGGACTCTGTTT-1,8-9,0.0,0.0,4.033427,True,0.06941609643399715
441,ACAATTGAAGTCAC-1,4-5,0.0,0.0,4.2120013,True,0.06987901590764523
8552,CATTAGCTAGTCTG-1,8-9,0.0,0.0,4.395479,True,0.0697567518800497
4203,GGATACTGTGTTCT-1,4-5,0.0,0.0,4.2471013,True,0.0693516256287694
11127,TAACATGAGGTTCA-1,8-9,0.0,0.0,1.5254402,True,0.069293899461627
5796,TGGAACACGCTGAT-1,4-5,0.0,0.0,4.3155365,True,0.06947972532361746
6877,ACCTCCGATCCAGA-1,8-9,0.0,0.0,2.200981,True,0.0692655136808753
6220,TTTATCCTTCAGTG-1,4-5,0.0,0.0,3.4745612,True,0.06939190905541182
6968,ACGGAGGACATTTC-1,8-9,0.0,0.0,4.243499,True,0.0693506645038724
364,AATCTCACTGAGCT-1,4-5,0.0,0.0,5.450507,True,0.06945102196186781
9294,CTACTCCTGATAAG-1,8-9,0.0,0.0,4.354552,True,0.06929816491901875
5905,TGTAGTCTGGTACT-1,4-5,0.0,0.0,4.7872443,True,0.06953415926545858
9633,GAAAGCCTTAGAGA-1,8-9,0.0,0.0,4.5298243,True,0.06984751671552658
5223,TATGGGACCAATCG-1,4-5,0.0,0.0,4.003055,True,0.06979557778686285
7217,AGAGATGAGTTGAC-1,8-9,0.0,0.0,4.091814,True,0.06954211369156837
632,ACGACCCTTCATTC-1,4-5,0.0,0.0,1.9825741,True,0.06961778923869133
8875,CCTCTACTGCAAGG-1,8-9,0.0,0.0,3.5333092,True,0.06960916239768267
4776,TAAATCGACTGATG-1,4-5,0.0,0.0,3.7584164,True,0.06899318937212229
11296,TACTACTGCACCAA-1,8-9,0.0,0.0,4.168398,True,0.06959912367165089
5071,TAGGCTGAGAATAG-1,4-5,0.0,0.0,4.166848,True,0.06974278390407562
10988,GTGCTAGAAGAGTA-1,8-9,0.0,0.0,4.204013,True,0.06924243830144405
1080,AGCTCGCTAGTCTG-1,4-5,0.0,0.0,4.3463087,True,0.06962186098098755
8496,CATCATACGTTTCT-1,8-9,0.0,0.0,4.2207823,True,0.06954529508948326
6229,TTTCCAGAGAGAGC-1,4-5,0.0,0.0,1.9465108,True,0.0691447714343667
9905,GAGGATCTTTTGTC-1,8-9,0.0,0.0,1.8969792,True,0.06895959749817848
2892,CGTTATACTCCTGC-1,4-5,0.0,0.0,4.431158,True,0.06979740411043167
11731,TCCTAATGATCGGT-1,8-9,0.0,0.0,4.198514,True,0.0698488187044859
6118,TTCGTATGAGCATC-1,4-5,0.0,0.0,4.3641796,True,0.06962563935667276
10521,GGAGCGCTTTCCGC-1,8-9,0.0,0.0,1.5830722,True,0.06961538642644882
3731,GATTCTACATCTCT-1,4-5,0.0,0.0,3.9179835,True,0.06951326131820679
7205,AGACTTCTTCTCTA-1,8-9,0.0,0.0,4.4338007,True,0.06964030396193266
620,ACGAACACTTCCGC-1,4-5,0.0,0.0,4.2144094,True,0.06948455423116684
11828,TCTCAAACGTCGTA-1,8-9,0.0,0.0,1.8269428,True,0.06979984790086746
4694,GTTACTACAAGGGC-1,4-5,0.0,0.0,4.6311803,True,0.06962567009031773
10514,GGAGCAGAGAGATA-1-1,8-9,0.0,0.0,4.342999,True,0.06956579349935055
1408,ATAGCGTGGACAAA-1,4-5,0.0,0.0,4.1284914,True,0.0694182813167572
12490,TTGTCATGGGTGGA-1,8-9,0.0,0.0,4.237558,True,0.06915669422596693
3736,GATTCTACGTTACG-1,4-5,0.0,0.0,4.4852633,True,0.06954770628362894
9982,GATACTCTGTGTCA-1,8-9,0.0,0.0,3.9588737,True,0.06977602746337652
3709,GATGCAACGCTACA-1,4-5,0.0,0.0,3.920499,True,0.06943917647004128
9373,CTATTGTGCATTCT-1,8-9,0.0,0.0,4.3890915,True,0.06949028838425875
3802,GCACCTACACTTTC-1,4-5,0.0,0.0,4.545769,True,0.06964095309376717
10971,GTGATTCTTGCCAA-1,8-9,0.0,0.0,4.264791,True,0.06951315142214298
4326,GGGCCAACATTCTC-1,4-5,0.0,0.0,4.1012278,True,0.06961177662014961
12206,TGTTACACAACGTC-1,8-9,0.0,0.0,2.1509817,True,0.06964464951306581
4500,GTAGTGTGCTAGTG-1,4-5,0.0,0.0,4.034208,True,0.0698221130296588
8024,ATTGAATGCGTTGA-1,8-9,0.0,0.0,1.1624974,True,0.06948149297386408
3216,CTTAGACTTCACCC-1,4-5,0.0,0.0,4.0718236,True,0.06916183233261108
9311,CTAGGCCTCGGAGA-1,8-9,0.0,0.0,1.3178529,True,0.06938674114644527
1421,ATAGGCTGATTGGC-1,4-5,0.0,0.0,3.0494134,True,0.06931821350008249
10989,GTGCTAGAAGCTCA-1,8-9,0.0,0.0,1.5352746,True,0.06921666208654642
270,AAGGCTTGGATACC-1,4-5,0.0,0.0,4.880473,True,0.0696570398285985
9547,CTTACAACGATAGA-1,8-9,0.0,0.0,1.2376969,True,0.06974434200674295
4651,GTGGAGGATTTACC-1,4-5,0.0,0.0,3.9830527,True,0.06972051598131657
8711,CCCAAAGACAGAAA-1,8-9,0.0,0.0,3.9736135,True,0.06903749983757734
1254,AGTATCCTTAGAGA-1,4-5,0.0,0.0,1.6431162,True,0.06964079290628433
9125,CGGATAACTTCACT-1,8-9,0.0,0.0,1.8144016,True,0.0702994056046009
4842,TAAGGGCTTTCGTT-1,4-5,0.0,0.0,1.6542077,True,0.06986857950687408
9264,CTAAGGACACGCAT-1,8-9,0.0,0.0,4.3166585,True,0.06940905563533306
6206,TTTAGCTGGCCTTC-1,4-5,0.06666666666666667,0.04481043185393461,4.5859346,False,0.06964623555541039
12488,TTGTCATGCTTACT-1,8-9,0.0,0.0,2.1319027,True,0.06969788391143084
3640,GATACTCTGGAAGC-1,4-5,0.0,0.0,3.9732587,True,0.06981696374714375
9378,CTCAATTGTGCTCC-1,8-9,0.0,0.0,4.0700593,True,0.0695204334333539
1187,AGGTCATGCACTTT-1,4-5,0.0,0.0,3.503179,True,0.06951255351305008
10972,GTGCAAACACCAGT-1,8-9,0.0,0.0,4.5229735,True,0.0699109984561801
4044,GCGTATGATCGCCT-1,4-5,0.0,0.0,4.0187736,True,0.0699800606817007
10979,GTGCCACTATTTCC-1,8-9,0.0,0.0,3.951174,True,0.0693170977756381
2585,CCTTCACTATGCCA-1,4-5,0.0,0.0,1.8517282,True,0.0694085517898202
8317,CACTCCGATACAGC-1,8-9,0.0,0.0,3.2698584,True,0.06945600733160973
2387,CCATAGGACCGATA-1,4-5,0.0,0.0,4.800242,True,0.06922722514718771
7968,ATTAAGACGACACT-1,8-9,0.0,0.0,4.328148,True,0.06945518590509892
1450,ATCAACCTGAAGGC-1,4-5,0.0,0.0,4.1881995,True,0.06925951968878508
7524,AGTACTCTTTTGGG-1,8-9,0.0,0.0,1.5873377,True,0.06973662506788969
407,AATTACGACAGAAA-1,4-5,0.0,0.0,4.3247733,True,0.06981060840189457
10256,GCCGACGACCAACA-1,8-9,0.0,0.0,4.1499987,True,0.06974832154810429
5641,TGACTGGACACTTT-1,4-5,0.0,0.0,3.421888,True,0.06957798823714256
8504,CATCCCGATGAACC-1,8-9,0.0,0.0,4.328149,True,0.0699059721082449
821,ACTGTTACTCGCCT-1,4-5,0.0,0.0,4.2535253,True,0.07000480871647596
10490,GGACCTCTTGTGCA-1,8-9,0.0,0.0,4.3280406,True,0.06949219293892384
1242,AGTAGGCTGGACGA-1,4-5,0.0,0.0,4.411207,True,0.06975540332496166
8455,CAGTTTACGCTACA-1,8-9,0.0,0.0,1.9540719,True,0.06945242453366518
2706,CGCACGGACAAGCT-1,4-5,0.0,0.0,3.9564893,True,0.06957288645207882
11587,TCACATACGCGATT-1,8-9,0.0,0.0,1.531412,True,0.06968310289084911
2036,CACGCTACTTGCAG-1,4-5,0.0,0.0,3.833969,True,0.06948662735521793
6633,AATCCTACGTGCAT-1,8-9,0.0,0.0,5.11532,True,0.0690666539594531
4705,GTTAGTCTACCGAT-1,4-5,0.0,0.0,3.5221267,True,0.06973130069673061
7740,ATATACGATGTAGC-1,8-9,0.0,0.0,4.155298,True,0.06945192068815231
5193,TATCCTGATCGTTT-1,4-5,0.0,0.0,4.0289607,True,0.06986691057682037
8388,CAGCCTTGTACTTC-1,8-9,0.0,0.0,1.490658,True,0.06921066623181105
4940,TACGGCCTTCTCTA-1,4-5,0.0,0.0,4.8006177,True,0.069222173653543
6998,ACGTCAGACCCTCA-1,8-9,0.0,0.0,1.7131974,True,0.06923656817525625
6099,TTCCAAACTTCTGT-1,4-5,0.0,0.0,4.206766,True,0.06974028702825308
6903,ACGACCCTACTCTT-1,8-9,0.0,0.0,4.180262,True,0.06969640124589205
355,AATCGGTGGTATGC-1,4-5,0.0,0.0,3.0751567,True,0.06979328393936157
12119,TGGTCAGAATGACC-1,8-9,0.0,0.0,3.9266193,True,0.06940046418458223
1051,AGCGATACTCGACA-1,4-5,0.0,0.0,1.1780473,True,0.06977373361587524
7825,ATCTACACTCGCCT-1,8-9,0.0,0.0,3.9467793,True,0.06927647814154625
4508,GTATCACTAGAAGT-1,4-5,0.0,0.0,4.2364697,True,0.06942328438162804
10674,GGGCACACGTGTTG-1,8-9,0.0,0.0,1.729923,True,0.06965124420821667
5700,TGATTCTGCACTGA-1,4-5,0.0,0.0,1.7860652,True,0.06941835302859545
11678,TCCACTCTTTAGGC-1,8-9,0.0,0.0,4.174487,True,0.06912108696997166
5543,TCTAACTGCTATGG-1,4-5,0.0,0.0,2.274274,True,0.06997602805495262
6577,AAGTCCGACGACTA-1,8-9,0.0,0.0,1.3053842,True,0.06954491510987282
5647,TGACTTACTGCCTC-1,4-5,0.0,0.0,1.8147422,True,0.06974717043340206
6712,ACAAGCACAGAATG-1,8-9,0.0,0.0,1.4357127,True,0.06996433902531862
4033,GCGTACCTGCATCA-1,4-5,0.0,0.0,2.407986,True,0.06935339979827404
7331,AGCGAACTACCTCC-1,8-9,0.0,0.0,4.183375,True,0.06985050067305565
5902,TGTAGTCTAGCTAC-1,4-5,0.0,0.0,3.879761,True,0.06931741070002317
10814,GTAGCCCTAGAACA-1,8-9,0.0,0.0,1.7644352,True,0.06969962548464537
1854,CAACGTGACTCAGA-1,4-5,0.0,0.0,1.5479625,True,0.0696202153339982
10601,GGCCGAACTCTTTG-1,8-9,0.0,0.0,4.557282,True,0.06939927767962217
673,ACGCCGGAGTTGAC-1,4-5,0.0,0.0,4.2649946,True,0.06919076293706894
10932,GTCTAACTCCAGTA-1,8-9,0.0,0.0,4.4038625,True,0.06919696554541588
3512,GAGAGGTGAACGTC-1,4-5,0.0,0.0,4.3348737,True,0.06949775293469429
9721,GAATGGCTAGAGAT-1,8-9,0.0,0.0,1.6382148,True,0.06945758871734142
66,AAATCATGGAGGCA-1,4-5,0.0,0.0,4.436336,True,0.06961305998265743
10895,GTCCAAGACGAGTT-1,8-9,0.0,0.0,4.2835836,True,0.06914605386555195
2625,CGACCTACAAGTAG-1,4-5,0.0,0.0,4.280392,True,0.06905053369700909
9529,CTGTGAGAATCTCT-1,8-9,0.0,0.0,1.4718066,True,0.06920087244361639
3318,GAAGAATGAACTGC-1,4-5,0.0,0.0,4.021419,True,0.0689556635916233
9356,CTATGACTAGATCC-1,8-9,0.0,0.0,4.3352804,True,0.06925724260509014
5967,TTACAGCTTGTGGT-1,4-5,0.0,0.0,4.2294683,True,0.06949247606098652
6782,ACATCACTAAGTGA-1,8-9,0.0,0.0,4.6016226,True,0.06969180423766375
2489,CCGACTACTGAACC-1,4-5,0.0,0.0,3.8985777,True,0.06959408894181252
10488,GGACCTCTTGCCTC-1,8-9,0.0,0.0,1.5123382,True,0.06967974174767733
6090,TTCATTCTGCTACA-1,4-5,0.0,0.0,3.5952904,True,0.06936527695506811
12137,TGTAATGAAAAAGC-1,8-9,0.0,0.0,3.9935374,True,0.069027797318995
4040,GCGTATGAATCACG-1,4-5,0.0,0.0,4.1919518,True,0.0693396795541048
8978,CGAGGGCTGCGTTA-1,8-9,0.0,0.0,1.4789183,True,0.06880070082843304
293,AAGTCCGAGTATGC-1,4-5,0.0,0.0,4.639274,True,0.06885349657386541
11532,TATGCGGAGGAGGT-1,8-9,0.0,0.0,1.6078358,True,0.06936056353151798
4102,GCTTGAGATTTACC-1,4-5,0.06666666666666667,0.07347739090382172,5.1362777,False,0.06982589978724718
7135,ACTTTGTGCGTCTC-1,8-9,0.2,0.18170562256866693,4.2097826,False,0.0697402199730277
2917,CTAACTACCTGAGT-1,4-5,0.0,0.0,4.683854,True,0.06963622104376554
7747,ATATGCCTGTATCG-1-1,8-9,0.0,0.0,1.687835,True,0.0695312637835741
871,AGAACGCTTGTTTC-1,4-5,0.0,0.0,6.1870375,True,0.06914218701422215
12338,TTCATGACCTTGTT-1,8-9,0.0,0.0,1.911591,True,0.06929950695484877
1144,AGGCAGGAGGGTGA-1,4-5,0.0,0.0,1.7016199,True,0.06974991597235203
6371,AACATATGTACTTC-1,8-9,0.0,0.0,4.0432,True,0.06973810214549303
5066,TAGGCATGTTACCT-1,4-5,0.0,0.0,4.3183093,True,0.0697095338255167
10094,GCAACCCTGCGGAA-1,8-9,0.0,0.0,4.0944743,True,0.0688893897458911
4748,GTTGAGTGTGTTCT-1,4-5,0.0,0.0,4.514985,True,0.06987615581601858
11449,TAGTTAGATTTCAC-1,8-9,0.0,0.0,1.8913145,True,0.06929570157080889
2111,CAGCATGAGATACC-1,4-5,0.06666666666666667,0.046105120275897894,3.3668401,False,0.06921128556132317
12152,TGTAGGTGTACTTC-1,8-9,0.0,0.0,4.7108507,True,0.0694184759631753
3528,GAGCAGGAACGGGA-1,4-5,0.0,0.0,4.10981,True,0.06941636372357607
11680,TCCAGAGACAAGCT-1,8-9,0.0,0.0,2.0779355,True,0.06947051733732224
635,ACGAGGGAAGAACA-1,4-5,0.0,0.0,4.4880137,True,0.06939813680946827
9606,CTTTCAGACGATAC-1,8-9,0.0,0.0,3.7023084,True,0.06927050370723009
240,AAGCAAGAGTTCTT-1,4-5,0.0,0.0,4.4138308,True,0.0695403004065156
9276,CTACCTCTTACAGC-1,8-9,0.0,0.0,4.1434135,True,0.06937119644135237
1177,AGGGTTTGGGACTT-1,4-5,0.0,0.0,4.4623823,True,0.0700994711369276
9676,GAAGCGGACTAAGC-1,8-9,0.0,0.0,1.6678829,True,0.0697378059849143
5507,TCGCACTGTTCATC-1,4-5,0.06666666666666667,0.08530460913930238,4.259391,False,0.06938025262206793
12353,TTCCAAACACGGAG-1,8-9,0.0,0.0,4.423193,True,0.06983412150293589
2045,CACTAACTTCACGA-1,4-5,0.0,0.0,4.3520193,True,0.06979482807219028
7994,ATTCAGCTTACTGG-1,8-9,0.0,0.0,4.067145,True,0.0701292036101222
5457,TCCTATGATCGTAG-1,4-5,0.0,0.0,4.142267,True,0.06913941912353039
11916,TGACTTACCGCCTT-1,8-9,0.0,0.0,4.140748,True,0.06946458294987679
1649,ATGTCGGAGGGATG-1-1,4-5,0.0,0.0,4.1724825,True,0.06914759427309036
10833,GTAGTCGATCTCCG-1,8-9,0.06666666666666667,0.17060921827860476,4.1001678,False,0.06918897200375795
4351,GGGTTATGGTCCTC-1,4-5,0.0,0.0,4.1509356,True,0.06945276074111462
11244,TACGAGTGGCGTAT-1,8-9,0.0,0.0,4.570875,True,0.06966883596032858
4680,GTGTGATGCTTGTT-1,4-5,0.0,0.0,1.4587817,True,0.06953456439077854
11761,TCGAGAACTCGCAA-1,8-9,0.0,0.0,1.7398227,True,0.06989431288093328
1734,ATTGATGATGACCA-1,4-5,0.0,0.0,4.125429,True,0.06965320091694593
8784,CCCTCAGATCCGAA-1,8-9,0.0,0.0,1.3175659,True,0.06950562633574009
5350,TCAGTTACGAAACA-1,4-5,0.0,0.0,4.169602,True,0.06942886114120483
10724,GGTAGTACTTCCGC-1,8-9,0.0,0.0,4.475246,True,0.06957306526601315
5097,TAGGTTCTTAGCGT-1,4-5,0.0,0.0,4.335568,True,0.06927018985152245
10335,GCGCGATGGAAGGC-1,8-9,0.0,0.0,1.6780711,True,0.06947664078325033
396,AATGTAACCAAAGA-1,4-5,0.0,0.0,4.296143,True,0.06933989562094212
8811,CCGCTATGACACGT-1,8-9,0.0,0.0,4.128385,True,0.06978701706975698
529,ACCACAGATAACGC-1,4-5,0.0,0.0,1.7617668,True,0.06956267543137074
8200,CAATTCACACTCTT-1,8-9,0.0,0.0,1.6867082,True,0.06915187649428844
1949,CACAACGAAACGGG-1,4-5,0.0,0.0,1.465755,True,0.06933280359953642
12214,TTAACCACTCTGGA-1,8-9,0.0,0.0,4.216202,True,0.06971300579607487
3389,GACACTGACTTATC-1,4-5,0.0,0.0,4.296882,True,0.06955407746136189
8547,CATGTTTGTGGCAT-1,8-9,0.0,0.0,4.211585,True,0.06958374846726656
3349,GAAGTAGAACGTAC-1,4-5,0.0,0.0,4.2441425,True,0.06952660158276558
11580,TCAATCACAGATCC-1,8-9,0.0,0.0,4.569614,True,0.06938119512051344
3547,GAGCGCACTAAGGA-1,4-5,0.0,0.0,4.3292427,True,0.06907298415899277
6466,AACTGTCTGCGAGA-1,8-9,0.0,0.0,4.49707,True,0.06868591625243425
2784,CGGATATGCGGAGA-1,4-5,0.0,0.0,4.7481027,True,0.06904023233801126
10870,GTCAACGAAGCCTA-1,8-9,0.0,0.0,4.4310327,True,0.06967402808368206
464,ACACGAACCAGTTG-1,4-5,0.0,0.0,1.9659877,True,0.06928107514977455
6397,AACCGCCTTGGTCA-1,8-9,0.0,0.0,1.5541043,True,0.06919285003095865
1046,AGCGATACCCGTTC-1,4-5,0.0,0.0,1.8829039,True,0.06937115825712681
8072,ATTTCCGATCAAGC-1,8-9,0.0,0.0,4.2633314,True,0.06984226685017347
2535,CCTATAACCTGCTC-1,4-5,0.0,0.0,4.0207486,True,0.06944864522665739
7648,ATAACCCTACACCA-1,8-9,0.0,0.0,4.2793255,True,0.06981235276907682
640,ACGAGTACACTACG-1,4-5,0.0,0.0,1.6928961,True,0.06942639499902725
11690,TCCATCCTTGTGAC-1,8-9,0.0,0.0,1.6965746,True,0.0692662326619029
5453,TCCTAATGTTGAGC-1,4-5,0.0,0.0,4.0297456,True,0.06992572266608477
8293,CACTAACTGATGAA-1,8-9,0.0,0.0,4.452129,True,0.07014532666653395
5407,TCCCAGACGCGTAT-1,4-5,0.0,0.0,3.8285017,True,0.06931353267282248
6655,AATGATACTGACCA-1,8-9,0.0,0.0,4.4308896,True,0.06944700982421637
3554,GAGCTCCTAGTACC-1,4-5,0.0,0.0,4.6780047,True,0.06939669419080019
10082,GATTTGCTGGTACT-1,8-9,0.0,0.0,4.0570903,True,0.06923167780041695
1066,AGCGGCACTGGTGT-1-1,4-5,0.0,0.0,3.8219447,True,0.06975640449672937
12060,TGGAACTGGGACGA-1,8-9,0.0,0.0,1.700192,True,0.06924377847462893
4665,GTGTAGTGAGAATG-1,4-5,0.0,0.0,1.0079038,True,0.06976754870265722
12000,TGCACGCTTAGTCG-1,8-9,0.0,0.0,1.2892253,True,0.06982262711971998
2212,CATATAGAAAGAAC-1,4-5,0.0,0.0,4.190436,True,0.06973328813910484
9943,GAGTCAACACCATG-1,8-9,0.0,0.0,1.6570427,True,0.06986271403729916
5536,TCGTTATGGTTGCA-1-1,4-5,0.0,0.0,0.8338608,True,0.06981443800032139
10152,GCAGATACGCTGTA-1,8-9,0.0,0.0,4.3535733,True,0.0697183022275567
3610,GAGTACACATCGTG-1,4-5,0.0,0.0,4.3444333,True,0.06990034598857164
8043,ATTGCTTGTTCACT-1,8-9,0.0,0.0,1.6820147,True,0.06970953568816185
3397,GACAGGGATATCGG-1,4-5,0.0,0.0,4.324851,True,0.06952870264649391
6439,AACGTTCTAGCTCA-1,8-9,0.0,0.0,4.1054893,True,0.06993034854531288
1059,AGCGCCGATCTCTA-1,4-5,0.0,0.0,3.5351493,True,0.07005907874554396
10628,GGCTAATGCTAGCA-1,8-9,0.0,0.0,4.6466494,True,0.06949378550052643
2298,CATTTCGAGTTCAG-1,4-5,0.0,0.0,3.850554,True,0.06895544473081827
11766,TCGATTTGAGATCC-1,8-9,0.0,0.0,3.5524163,True,0.06952399667352438
4495,GTAGTGTGAACGGG-1,4-5,0.0,0.0,4.1336417,True,0.06977969687432051
9354,CTATCCCTCTGATG-1,8-9,0.0,0.0,1.8195884,True,0.06938939448446035
4857,TAATGATGCTTGCC-1,4-5,0.0,0.0,2.2122736,True,0.06952393148094416
10891,GTCATACTTTGCAG-1,8-9,0.0,0.0,4.357883,True,0.06986837275326252
1626,ATGGGTACCCGCTT-1,4-5,0.0,0.0,1.1613097,True,0.06959406938403845
6772,ACAGTTCTAGTGTC-1,8-9,0.0,0.0,6.3342304,True,0.06973162852227688
4715,GTTATAGAATTTCC-1,4-5,0.0,0.0,4.5112863,True,0.06935841497033834
7357,AGCGGCTGCGCAAT-1,8-9,0.0,0.0,4.189505,True,0.06953085493296385
4236,GGCCAGACAGACTC-1,4-5,0.0,0.0,4.2560544,True,0.06916865985840559
11870,TGAAGCACCTAAGC-1,8-9,0.0,0.0,1.3858317,True,0.06926075182855129
2164,CAGTCAGAAGTGTC-1,4-5,0.0,0.0,1.7268952,True,0.0694631626829505
10037,GATCTACTCTGAAC-1,8-9,0.0,0.0,1.7038181,True,0.06960594840347767
2224,CATCAGGACTTGTT-1,4-5,0.0,0.0,4.1598916,True,0.06959095504134893
12277,TTAGTCTGGCTTCC-1,8-9,0.0,0.0,2.025317,True,0.06961638573557138
4942,TACGTACTCGGAGA-1,4-5,0.0,0.0,4.116472,True,0.06979254260659218
8227,CACAGATGTGCTTT-1,8-9,0.0,0.0,4.140936,True,0.06955595500767231
4925,TACGCGCTGCCAAT-1,4-5,0.0,0.0,1.6911362,True,0.0697140796110034
6767,ACAGTGTGAGGGTG-1,8-9,0.0,0.0,1.5836681,True,0.06956509500741959
6169,TTGCTAACCTTGGA-1,4-5,0.0,0.0,1.599099,True,0.06972679402679205
12414,TTGAATGAGCTTAG-1,8-9,0.0,0.0,4.3117566,True,0.06950937118381262
5295,TCACCCGATCGTGA-1,4-5,0.0,0.0,3.5435772,True,0.0696590431034565
7394,AGCTTTACGCTGTA-1,8-9,0.0,0.0,3.903911,True,0.06948181055486202
4261,GGCGCATGTATCTC-1,4-5,0.0,0.0,6.0800877,True,0.06951781548559666
7705,ATAGATTGCCTACC-1,8-9,0.0,0.0,3.5154903,True,0.06955260504037142
266,AAGGCTACGTTAGC-1,4-5,0.0,0.0,4.2003946,True,0.0697122709825635
7153,AGAACAGAATCTTC-1,8-9,0.0,0.0,4.187034,True,0.06990738958120346
256,AAGCGACTTGGTAC-1,4-5,0.0,0.0,4.35998,True,0.0692901173606515
8071,ATTTCCGATACTGG-1,8-9,0.0,0.0,1.3349719,True,0.06999889854341745
4410,GTAACGTGCTGACA-1,4-5,0.0,0.0,4.450075,True,0.06998209282755852
9395,CTCAGGCTCACAAC-1,8-9,0.0,0.0,4.1778417,True,0.06948850117623806
5168,TATAGATGGATAAG-1,4-5,0.0,0.0,2.010347,True,0.0699491435661912
9247,CTAAACCTAGGTTC-1,8-9,0.0,0.0,4.0504055,True,0.06950897257775068
4819,TAAGATTGATGGTC-1,4-5,0.0,0.0,4.253338,True,0.06949588004499674
11868,TGAAGCACCGCTAA-1,8-9,0.0,0.0,4.22275,True,0.0693962974473834
995,AGCAACACCTCGAA-1,4-5,0.0,0.0,2.0055401,True,0.069150036200881
11318,TACTTGACGTTGGT-1-1,8-9,0.0,0.0,4.4979544,True,0.06964600086212158
503,ACAGTGTGGCTCCT-1,4-5,0.0,0.0,4.004492,True,0.06959379371255636
9508,CTGGAAACGGTTTG-1,8-9,0.0,0.0,4.1521363,True,0.06936260871589184
2500,CCGCGAGATAAGGA-1,4-5,0.0,0.0,4.6285996,True,0.06928148865699768
9507,CTGGAAACGAATCC-1,8-9,0.0,0.0,4.381768,True,0.0693645803257823
3309,GAACGGGATTTGTC-1,4-5,0.0,0.0,4.260979,True,0.06910564750432968
10769,GTAATAACACGTAC-1,8-9,0.0,0.0,1.5685723,True,0.06933534238487482
2661,CGAGCCGACTGTGA-1,4-5,0.0,0.0,3.9997566,True,0.06977788731455803
11681,TCCAGAGACCACAA-1,8-9,0.0,0.0,1.0453014,True,0.06978483032435179
141,AACCTTACGCGTAT-1,4-5,0.0,0.0,1.6243895,True,0.06973229069262743
12397,TTCTGATGCAGATC-1,8-9,0.0,0.0,1.8284593,True,0.06936457194387913
174,AACGTTCTGCGGAA-1,4-5,0.0,0.0,4.224388,True,0.06888930033892393
7309,AGCCGGACGAGAGC-1,8-9,0.0,0.0,1.4137256,True,0.0693805031478405
2924,CTAAGGTGCTTGTT-1,4-5,0.0,0.0,1.4261429,True,0.06984310410916805
12491,TTGTCATGGTACGT-1,8-9,0.0,0.0,4.3191686,True,0.06961468607187271
5898,TGTACTTGTTCATC-1,4-5,0.0,0.0,1.4518018,True,0.06950047239661217
11921,TGACTTACTCTGGA-1,8-9,0.0,0.0,1.5291916,True,0.06986354850232601
1756,ATTGCTACTTTACC-1,4-5,0.0,0.0,4.4476023,True,0.06987999100238085
8851,CCTACCGACTCGAA-1,8-9,0.0,0.0,4.028769,True,0.06976572703570127
2248,CATGCCACTAACCG-1,4-5,0.0,0.0,4.1295204,True,0.06953728850930929
9523,CTGTAACTTCATTC-1,8-9,0.0,0.0,4.3478904,True,0.06966263335198164
4523,GTATTCACGAACCT-1,4-5,0.0,0.0,3.8087602,True,0.06990879215300083
6524,AAGCGACTTGTGGT-1,8-9,0.0,0.0,2.8769362,True,0.06954979430884123
4150,GGACCGTGGTGAGG-1,4-5,0.0,0.0,4.563131,True,0.06952289212495089
9576,CTTCTAGATCGCCT-1,8-9,0.0,0.0,5.074505,True,0.06894756481051445
1498,ATCGACGATGTAGC-1,4-5,0.0,0.0,4.242023,True,0.06930793914943933
10008,GATATTGAAGTCGT-1,8-9,0.0,0.0,4.181736,True,0.06981064099818468
1365,ATACCACTACCTAG-1,4-5,0.0,0.0,4.4959183,True,0.06960726715624332
7612,AGTTCTTGTTTGTC-1,8-9,0.0,0.0,4.2453547,True,0.06955016031861305
1522,ATCGGAACCAGATC-1,4-5,0.0,0.0,4.633818,True,0.06938849482685328
12371,TTCGAGGACATTCT-1,8-9,0.0,0.0,3.6641915,True,0.06958901230245829
4615,GTGAGGGAACCTGA-1,4-5,0.0,0.0,3.901753,True,0.06959439255297184
11751,TCGACCTGTTATCC-1,8-9,0.0,0.0,1.4128785,True,0.06959986500442028
5920,TGTATGCTGTTACG-1,4-5,0.0,0.0,4.393476,True,0.06990431062877178
11151,TAAGAGGATAAGCC-1,8-9,0.0,0.0,3.6125183,True,0.0695920642465353
4206,GGATAGCTTAGAGA-1,4-5,0.6,0.5730284100681544,4.273886,False,0.06999032199382782
7688,ATACGGACTAGAGA-1,8-9,0.0,0.0,1.3159692,True,0.06990355625748634
4041,GCGTATGAGTTGGT-1,4-5,0.0,0.0,4.3068576,True,0.06991440989077091
12258,TTAGCTACTATGCG-1,8-9,0.0,0.0,4.228618,True,0.06976569537073374
4166,GGAGACGATAAGCC-1,4-5,0.0,0.0,2.314005,True,0.06979576870799065
7402,AGGAACCTTTGGCA-1,8-9,0.0,0.0,3.62982,True,0.06960152368992567
935,AGAGCGGACTGTCC-1,4-5,0.0,0.0,4.719965,True,0.06961998529732227
6805,ACCACCTGTGGTTG-1,8-9,0.0,0.0,4.2964654,True,0.06975528132170439
1984,CACATGGAACCAGT-1,4-5,0.0,0.0,2.416164,True,0.06979755405336618
10931,GTCTAACTATTTCC-1,8-9,0.0,0.0,4.325262,True,0.06928975693881512
3416,GACCAAACGATGAA-1,4-5,0.0,0.0,4.380933,True,0.06896007526665926
11489,TATCACTGGCATAC-1,8-9,0.0,0.0,1.4155097,True,0.06933236215263605
2163,CAGTCAGAACGGGA-1,4-5,0.0,0.0,4.4731803,True,0.06957210600376129
10506,GGAGACGAAAACAG-1,8-9,0.0,0.0,4.358061,True,0.0692032827064395
1801,ATTTCTCTGGAGCA-1,4-5,0.0,0.0,4.7005215,True,0.06960640102624893
10524,GGAGGCCTGAGCTT-1,8-9,0.0,0.0,4.1167088,True,0.06961589772254229
5979,TTACGTACTTGTCT-1,4-5,0.0,0.0,3.996321,True,0.06962187960743904
8708,CCATTAACGAAGGC-1,8-9,0.0,0.0,1.4922796,True,0.06930190604180098
4243,GGCCGAACATTCTC-1,4-5,0.0,0.0,3.3266554,True,0.0696480879560113
7405,AGGACACTACAGCT-1,8-9,0.0,0.0,4.2864265,True,0.06981681380420923
2283,CATTGGGAAGTGTC-1,4-5,0.0,0.0,4.149427,True,0.0695879515260458
10193,GCATGATGGTCCTC-1,8-9,0.0,0.0,1.4356418,True,0.06979533471167088
231,AAGATTACTAGTCG-1,4-5,0.0,0.0,1.9517938,True,0.06969355419278145
7064,ACTCCTCTCCTCCA-1,8-9,0.0,0.0,3.507406,True,0.069792864844203
1458,ATCACTACACCGAT-1,4-5,0.0,0.0,3.316478,True,0.069871312007308
9570,CTTCATGACTTTAC-1,8-9,0.0,0.0,4.8659477,True,0.06961593870073557
5173,TATAGCCTACTACG-1,4-5,0.0,0.0,4.158397,True,0.06910445913672447
9068,CGCGATCTCTCGCT-1,8-9,0.0,0.0,4.8280044,True,0.06928962841629982
1815,CAAACTCTTGCCAA-1,4-5,0.0,0.0,4.073549,True,0.06961117777973413
11558,TATTTCCTCGACTA-1,8-9,0.0,0.0,4.6561007,True,0.06938948668539524
5156,TATACAGACATGAC-1,4-5,0.0,0.0,1.0020697,True,0.06959255505353212
9917,GAGGGTGACTAGCA-1,8-9,0.0,0.0,3.9768999,True,0.06947939470410347
664,ACGCACCTTCTCCG-1,4-5,0.0,0.0,4.180565,True,0.06924700178205967
10981,GTGCCACTCCCTCA-1,8-9,0.0,0.0,4.2830734,True,0.06931709218770266
4952,TACGTTACGCAGAG-1,4-5,0.0,0.0,4.5557694,True,0.06966800801455975
11096,TAAACAACCAATCG-1,8-9,0.0,0.0,4.1739964,True,0.06903887819498777
3106,CTGAATCTAGCGTT-1,4-5,0.0,0.0,4.4850183,True,0.06918913777917624
7328,AGCCTCTGACAGTC-1,8-9,0.0,0.0,4.007229,True,0.0696408711373806
2823,CGGTACCTGTCGAT-1,4-5,0.0,0.0,3.9324408,True,0.06958863418549299
11310,TACTGGGATAGTCG-1,8-9,0.0,0.0,3.864178,True,0.06938762310892344
5614,TGACACGAGTGCAT-1,4-5,0.2,0.16069856603638782,5.1008296,False,0.06974323000758886
6539,AAGGCTTGACGACT-1,8-9,0.0,0.0,4.299057,True,0.07014293037354946
4389,GGTCAAACTTCCCG-1,4-5,0.0,0.0,4.25506,True,0.06975250970572233
9474,CTGAGAACCTTGTT-1,8-9,0.0,0.0,4.270568,True,0.06922797206789255
690,ACGCTCACTTTGGG-1,4-5,0.0,0.0,3.9253979,True,0.06963962316513062
8648,CCAGATGACGTAAC-1,8-9,0.0,0.0,4.0950603,True,0.0694710947573185
3934,GCCCATACCTAGTG-1,4-5,0.0,0.0,4.427509,True,0.06981057394295931
11825,TCTATGTGCCACAA-1,8-9,0.0,0.0,4.067868,True,0.06938762869685888
4064,GCTATACTGCATCA-1,4-5,0.0,0.0,3.589557,True,0.06944134924560785
12024,TGCGAAACCTCTTA-1,8-9,0.0,0.0,1.965372,True,0.06962735950946808
3880,GCATTGGACGCCTT-1,4-5,0.0,0.0,3.7927263,True,0.06959408987313509
9155,CGGTACCTATCGAC-1,8-9,0.0,0.0,1.846158,True,0.06871173344552517
911,AGACTGACAAGGGC-1,4-5,0.0,0.0,1.7567921,True,0.06999395228922367
7513,AGTAAGGACTTAGG-1,8-9,0.0,0.0,2.1633759,True,0.06973254773765802
330,AATAGGGACATTCT-1,4-5,0.0,0.0,3.4148214,True,0.06983679719269276
11305,TACTCTGACACACA-1,8-9,0.0,0.0,2.1210227,True,0.06963296327739954
4559,GTCCACTGCCATAG-1,4-5,0.0,0.0,4.3883142,True,0.06980539951473475
6413,AACCTTTGTGTAGC-1,8-9,0.0,0.0,4.213165,True,0.06983576621860266
3398,GACAGGGATCACGA-1,4-5,0.0,0.0,4.0934296,True,0.06910213176161051
12378,TTCGGAGATCTTAC-1,8-9,0.0,0.0,4.0571904,True,0.06959644984453917
2584,CCTTCACTAGCACT-1,4-5,0.0,0.0,4.0153713,True,0.06996214855462313
10383,GCTACGCTATCTCT-1,8-9,0.0,0.0,4.5798707,True,0.06998066231608391
4148,GGACCGTGCTCATT-1,4-5,0.0,0.0,4.4922776,True,0.0697290850803256
10962,GTGATCGAGGTACT-1,8-9,0.0,0.0,4.350329,True,0.06979924626648426
736,ACGTCCTGAACGGG-1,4-5,0.0,0.0,3.686988,True,0.0699319252744317
12147,TGTAATGATGCTAG-1,8-9,0.0,0.0,4.5930037,True,0.06945228110998869
320,AATAAGCTGGTAGG-1,4-5,0.0,0.0,2.09967,True,0.07020178437232971
8061,ATTGTCTGTGCATG-1-1,8-9,0.0,0.0,3.7632768,True,0.06976201757788658
1419,ATAGGAGATGAAGA-1,4-5,0.0,0.0,3.8057952,True,0.06920394115149975
9419,CTCCGAACCTGTCC-1,8-9,0.0,0.0,1.956898,True,0.06943326350301504
5691,TGATTAGAGTTGTG-1,4-5,0.0,0.0,4.4087815,True,0.06936498545110226
11826,TCTCAAACAAGGCG-1,8-9,0.0,0.0,2.2121797,True,0.0693416791036725
4676,GTGTCAGAGCTAAC-1,4-5,0.0,0.0,4.453729,True,0.06917513441294432
9806,GACGCCGATTGCGA-1,8-9,0.0,0.0,4.2618794,True,0.06883279606699944
4821,TAAGATTGTCGTTT-1,4-5,0.0,0.0,3.880979,True,0.06955775246024132
9753,GACAGTTGCATGCA-1,8-9,0.0,0.0,2.062358,True,0.06926517467945814
4839,TAAGGGCTGGCGAA-1,4-5,0.0,0.0,1.6737083,True,0.06938321143388748
11534,TATGCGGATAGAGA-1,8-9,0.0,0.0,4.4125276,True,0.06896075792610645
1429,ATAGTTGAAAGTGA-1,4-5,0.0,0.0,1.8826147,True,0.0696059875190258
8189,CAATCGGACTTACT-1,8-9,0.0,0.0,4.3601055,True,0.06972361262887716
4896,TACCGGCTCCTACC-1,4-5,0.0,0.0,3.2813613,True,0.06929486989974976
12262,TTAGGGACATTTCC-1,8-9,0.0,0.0,3.991666,True,0.06964355148375034
2845,CGTCAAGAAGCCTA-1,4-5,0.0,0.0,2.478065,True,0.06946896761655807
11022,GTTAAAACAGAGGC-1,8-9,0.0,0.0,2.0386546,True,0.06901865545660257
642,ACGAGTACCCTCGT-1,4-5,0.0,0.0,3.9484327,True,0.06946484465152025
9341,CTATCAACAACCTG-1,8-9,0.0,0.0,4.0798774,True,0.06969510763883591
1272,AGTCTTACCCTCAC-1,4-5,0.0,0.0,4.1037974,True,0.06957594864070415
10432,GCTTGAGAAAGTGA-1,8-9,0.0,0.0,1.5268265,True,0.06909325253218412
3805,GCACCTACTTCCGC-1,4-5,0.0,0.0,4.0608916,True,0.06924054492264986
10536,GGATACTGTGTGAC-1,8-9,0.0,0.0,4.2888527,True,0.06906953640282154
2694,CGATCAGAAAACGA-1,4-5,0.0,0.0,4.4429865,True,0.06943841185420752
9798,GACGATTGAACTGC-1,8-9,0.0,0.0,4.559431,True,0.06991653889417648
2852,CGTCCAACGAGGAC-1,4-5,0.0,0.0,1.8123895,True,0.06974780838936567
10463,GGACAACTACGGAG-1,8-9,0.0,0.0,1.8915201,True,0.06957524921745062
5608,TGAATAACGTCTGA-1,4-5,0.0,0.0,0.7479833,True,0.06982793379575014
11073,GTTCATACCCATAG-1,8-9,0.0,0.0,4.2207894,True,0.06940430961549282
2364,CCAGACCTACACCA-1,4-5,0.0,0.0,1.0407937,True,0.06915937270969152
6387,AACCAGTGCGTAGT-1,8-9,0.0,0.0,3.6162004,True,0.06939176097512245
158,AACGCATGAGAACA-1,4-5,0.06666666666666667,0.10764243204553911,4.3966494,False,0.06917642243206501
7663,ATAATGACGGGATG-1,8-9,0.0,0.0,1.7983414,True,0.06870540976524353
941,AGAGCGGATGGATC-1,4-5,0.0,0.0,1.5120684,True,0.06914799939841032
10575,GGCACTCTAGGTTC-1,8-9,0.0,0.0,1.292575,True,0.06905791349709034
2337,CCACCTGACCGTAA-1,4-5,0.0,0.0,2.2406886,True,0.06943709217011929
6965,ACGGAGGAAGAGGC-1,8-9,0.0,0.0,1.6290903,True,0.06911688763648272
5112,TAGTATGACGCCTT-1,4-5,0.0,0.0,4.396856,True,0.06948895286768675
8918,CGAAGTACTGCTAG-1,8-9,0.0,0.0,4.329187,True,0.06957296095788479
2170,CAGTGTGATTTCGT-1,4-5,0.0,0.0,4.3850884,True,0.06924054399132729
7804,ATCGCAGAGTTGGT-1,8-9,0.0,0.0,1.6796364,True,0.06957717053592205
2176,CAGTTTACAAGAGT-1,4-5,0.0,0.0,4.0976887,True,0.06977133639156818
11947,TGAGTCGACGTGAT-1,8-9,0.0,0.0,1.2154957,True,0.06994481384754181
713,ACGGGAGATCAGTG-1,4-5,0.0,0.0,4.372749,True,0.06976510118693113
10780,GTACCCTGAACGAA-1,8-9,0.0,0.0,4.2744155,True,0.06963857635855675
4795,TAACATGACCAACA-1,4-5,0.0,0.0,3.4333684,True,0.06931769754737616
7783,ATCCATACGTCGTA-1,8-9,0.0,0.0,4.062737,True,0.06959500256925821
778,ACTAGGTGGCTCCT-1,4-5,0.0,0.0,3.467104,True,0.069443354383111
12102,TGGGTATGGGATCT-1,8-9,0.0,0.0,4.372069,True,0.06996290944516659
577,ACCCGTACACGGAG-1,4-5,0.0,0.0,4.2058263,True,0.06983894761651754
10554,GGATTGTGTGGTGT-1,8-9,0.0,0.0,1.3560777,True,0.06968331895768642
4253,GGCGACTGGGTACT-1,4-5,0.0,0.0,4.3876753,True,0.06981614511460066
7522,AGTAATTGGTTCGA-1,8-9,0.0,0.0,2.1795552,True,0.06957424804568291
2131,CAGCTCTGAGCATC-1,4-5,0.0,0.0,4.6985784,True,0.06933395937085152
11526,TATCTTCTGGAAGC-1,8-9,0.0,0.0,3.604118,True,0.06890649255365133
4021,GCGGCAACTCTCAT-1,4-5,0.0,0.0,4.1425905,True,0.06943181715905666
8127,CAAGACACACCAGT-1,8-9,0.0,0.0,1.7504779,True,0.06884995196014643
1325,AGTTTGCTCCACAA-1,4-5,0.0,0.0,4.577254,True,0.06914243660867214
12290,TTATGGCTACGTGT-1-1,8-9,0.0,0.0,4.561621,True,0.06925908755511045
5269,TCAAGGTGAGCGTT-1,4-5,0.0,0.0,4.3938556,True,0.06953138019889593
8005,ATTCGACTCTCGCT-1,8-9,0.0,0.0,3.9048862,True,0.06981129664927721
1501,ATCGAGTGTCGTAG-1,4-5,0.0,0.0,4.0839586,True,0.06949366815388203
7415,AGGACTTGGGACTT-1,8-9,0.0,0.0,4.125624,True,0.069656603038311
1903,CAAGGTTGTGCCTC-1,4-5,0.0,0.0,1.0839446,True,0.06963268108665943
10179,GCAGTCCTTTGTCT-1,8-9,0.0,0.0,4.4648714,True,0.06974032614380121
1743,ATTGCACTTGGCAT-1,4-5,0.0,0.0,4.239842,True,0.0695495717227459
12370,TTCCTAGAGTGCTA-1,8-9,0.0,0.0,4.4744697,True,0.06958477571606636
5210,TATCTGACGCGATT-1-1,4-5,0.0,0.0,4.231913,True,0.06950611155480146
9426,CTCCTACTTCTTTG-1,8-9,0.0,0.0,1.1992447,True,0.06947046983987093
4972,TACTACTGGGTGAG-1,4-5,0.0,0.0,4.3264723,True,0.06927363388240337
8703,CCATTAACAAACAG-1,8-9,0.0,0.0,2.035951,True,0.06967256776988506
1625,ATGGGTACCCCTAC-1,4-5,0.0,0.0,3.986285,True,0.06969666387885809
12380,TTCGTATGCTCTAT-1,8-9,0.0,0.0,4.161151,True,0.06959758512675762
2502,CCGCTATGAGTCTG-1,4-5,0.0,0.0,4.0671763,True,0.06967286020517349
6675,AATGTCCTGTTAGC-1,8-9,0.0,0.0,1.2172104,True,0.06992046441882849
5534,TCGTTATGGCTACA-1-1,4-5,0.0,0.0,1.0199761,True,0.06964726373553276
8895,CCTTCACTAGCCTA-1,8-9,0.0,0.0,4.851407,True,0.069276069290936
5251,TATTGCTGCAGATC-1-1,4-5,0.0,0.0,3.919234,True,0.06958048511296511
9312,CTAGGCCTCTAGAC-1,8-9,0.0,0.0,4.1530757,True,0.06940237246453762
940,AGAGCGGATCCAAG-1,4-5,0.0,0.0,1.8673182,True,0.06899810209870338
11840,TCTGATACTGTTCT-1,8-9,0.0,0.0,2.0769262,True,0.06945522408932447
3770,GCAACCCTCAGGAG-1,4-5,0.0,0.0,4.432011,True,0.06967633683234453
11663,TCATTCGATCCCAC-1-1,8-9,0.0,0.0,1.215078,True,0.06949553731828928
4912,TACGAGTGGATACC-1,4-5,0.0,0.0,1.7123355,True,0.06918924208730459
6810,ACCACGCTGTGAGG-1-1,8-9,0.0,0.0,2.1226063,True,0.06912441551685333
348,AATCCGGATAGACC-1,4-5,0.0,0.0,4.306025,True,0.06908377166837454
11198,TAATGTGAAATGCC-1,8-9,0.0,0.0,4.556812,True,0.06976422853767872
2009,CACCGTTGTCCGTC-1,4-5,0.0,0.0,4.426037,True,0.06972939241677523
10707,GGGTTATGGATAAG-1,8-9,0.0,0.0,4.734222,True,0.06953125633299351
589,ACCGAAACCTGTAG-1,4-5,0.0,0.0,4.1685643,True,0.06982287392020226
9360,CTATGTACGACGGA-1,8-9,0.0,0.0,4.1834626,True,0.06956938467919827
1975,CACAGTGAAAAGTG-1,4-5,0.0,0.0,1.5530618,True,0.06966231670230627
12189,TGTGATCTCAATCG-1,8-9,0.0,0.0,3.8308446,True,0.06947608850896358
559,ACCATTTGCTCCCA-1,4-5,0.0,0.0,3.4724684,True,0.07003504689782858
11112,TAAATCGAGGTAGG-1,8-9,0.0,0.0,4.19476,True,0.06944307778030634
2155,CAGGTATGGACAGG-1,4-5,0.0,0.0,4.233625,True,0.06952077709138393
10118,GCACACCTGTCTTT-1,8-9,0.0,0.0,4.572153,True,0.06946973223239183
1749,ATTGCTACAGCAAA-1,4-5,0.0,0.0,4.328163,True,0.07023425120860338
9503,CTGCGACTTGCCTC-1-1,8-9,0.0,0.0,4.221909,True,0.07007473334670067
1604,ATGCGATGGCTAAC-1,4-5,0.0,0.0,4.1223173,True,0.07003753446042538
9124,CGGATAACTGTCCC-1,8-9,0.0,0.0,3.6995015,True,0.06916210055351257
4659,GTGTACGACAGCTA-1,4-5,0.0,0.0,2.0316644,True,0.06943435780704021
6657,AATGCGTGCATGAC-1,8-9,0.0,0.0,4.3477783,True,0.06970912963151932
4394,GGTGATACGAGAGC-1,4-5,0.0,0.0,4.4793687,True,0.06943638529628515
11882,TGACACGAGTCTGA-1,8-9,0.0,0.0,4.3223796,True,0.06908316537737846
2690,CGATAGACCGTTGA-1,4-5,0.0,0.0,4.346978,True,0.06955553032457829
12163,TGTATCTGTGCCAA-1,8-9,0.0,0.0,3.9550853,True,0.06930162291973829
2743,CGCGAGACCGACTA-1,4-5,0.0,0.0,4.349038,True,0.0695310840383172
9624,GAAACCTGGCGAAG-1,8-9,0.0,0.0,3.1668215,True,0.0698282066732645
754,ACGTTGGACATCAG-1,4-5,0.0,0.0,4.5573063,True,0.06985522154718637
6502,AAGCACTGTGTAGC-1,8-9,0.0,0.0,1.3403212,True,0.0694906311109662
2361,CCAGAAACTCGATG-1,4-5,0.0,0.0,3.9687102,True,0.06976229138672352
10691,GGGTAACTACCAGT-1,8-9,0.0,0.0,4.210782,True,0.06939891912043095
2119,CAGCGGACTCTCTA-1,4-5,0.0,0.0,4.015305,True,0.0689012473449111
6418,AACGCATGGTGTAC-1,8-9,0.0,0.0,3.1866028,True,0.06945421732962132
604,ACCTCGTGAAAAGC-1,4-5,0.0,0.0,4.513676,True,0.0696569224819541
10131,GCACCTTGCCTACC-1,8-9,0.0,0.0,3.9731076,True,0.06950375437736511
1006,AGCACAACCCTTCG-1,4-5,0.0,0.0,1.3546975,True,0.06944216880947351
12522,TTTCCAGATGAAGA-1,8-9,0.0,0.0,3.6384344,True,0.06950495578348637
3079,CTCGCATGAAGGGC-1,4-5,0.0,0.0,1.7245357,True,0.0694580590352416
8818,CCGCTATGTGGTCA-1,8-9,0.0,0.0,4.31222,True,0.06944410316646099
6210,TTTATCCTAGGCGA-1,4-5,0.0,0.0,2.113991,True,0.069787104614079
10693,GGGTAACTAGAGAT-1,8-9,0.0,0.0,4.031783,True,0.0694986218586564
5068,TAGGCATGTTGTGG-1,4-5,0.0,0.0,4.3044133,True,0.06964953057467937
8177,CAATAATGATGTCG-1,8-9,0.0,0.0,1.1397873,True,0.07002299185842276
1934,CAATGGACAGAGTA-1,4-5,0.0,0.0,4.168213,True,0.06955697666853666
9318,CTAGTTACCTTGCC-1,8-9,0.0,0.0,4.5991635,True,0.06948166433721781
1863,CAACTTTGTCGACA-1,4-5,0.0,0.0,2.7551398,True,0.0699526583775878
8049,ATTGGGTGTCCTCG-1,8-9,0.0,0.0,3.7318325,True,0.069456547498703
2146,CAGGGCACCACTCC-1,4-5,0.0,0.0,3.0736532,True,0.06944622751325369
11879,TGACACGAGGCGAA-1,8-9,0.0,0.0,5.1758275,True,0.06916763167828321
4494,GTAGTGACTCTCTA-1,4-5,0.3333333333333333,0.3203057255730368,4.768846,False,0.0700616929680109
9326,CTATAAGACGGAGA-1,8-9,0.0,0.0,1.8311926,True,0.06985469441860914
3716,GATGCCCTGACGGA-1,4-5,0.0,0.0,3.8761811,True,0.06948683969676495
7845,ATCTTGACCGGGAA-1,8-9,0.0,0.0,4.0737667,True,0.06904802285134792
4583,GTCGACCTTGCAAC-1,4-5,0.0,0.0,3.6336005,True,0.06978445313870907
8653,CCAGCGGAACGACT-1,8-9,0.0,0.0,4.220479,True,0.06969099957495928
1425,ATAGTCCTACCTAG-1,4-5,0.0,0.0,4.3310037,True,0.0697079123929143
8371,CAGATCGACATACG-1,8-9,0.0,0.0,1.7935344,True,0.0698892492800951
5200,TATCGTACGCGGAA-1,4-5,0.0,0.0,1.9547304,True,0.06951372232288122
8023,ATTGAATGCCTGTC-1,8-9,0.0,0.0,4.3112397,True,0.06912974361330271
3039,CTCAGCACGGCGAA-1,4-5,0.0,0.0,4.281389,True,0.06889080908149481
9012,CGCACTACTATCTC-1,8-9,0.0,0.0,1.8095976,True,0.06948723457753658
10,AAACCGTGGTTGGT-1,4-5,0.0,0.0,2.0509372,True,0.06964954175055027
11230,TACCGCTGATGCTG-1,8-9,0.0,0.0,1.7122468,True,0.06956320442259312
2527,CCTACCGACATGGT-1,4-5,0.0,0.0,4.447312,True,0.06957696005702019
9436,CTCGACTGCCGTAA-1,8-9,0.0,0.0,4.1359963,True,0.06921481806784868
4297,GGGAAGTGGGGCAA-1,4-5,0.0,0.0,3.7110574,True,0.06933343689888716
8567,CATTGTTGCGAACT-1,8-9,0.0,0.0,4.3188567,True,0.06932134833186865
2943,CTACCTCTCACCAA-1,4-5,0.0,0.0,3.8915715,True,0.07034207973629236
7443,AGGCTAACTGGTGT-1,8-9,0.0,0.0,4.2384176,True,0.0693682860583067
3527,GAGATGCTTCTCCG-1,4-5,0.0,0.0,4.139434,True,0.0693780044093728
11168,TAAGGGCTCATCAG-1,8-9,0.0,0.0,1.7519708,True,0.06898295227438211
891,AGAATTTGTGCCTC-1,4-5,0.0,0.0,4.056332,True,0.06909123715013266
9043,CGCCATACGTGCTA-1,8-9,0.0,0.0,3.7527075,True,0.06948129739612341
3661,GATATCCTCCCTAC-1,4-5,0.0,0.0,4.66178,True,0.06951779220253229
10235,GCCATCACTAACGC-1,8-9,0.0,0.0,3.5033474,True,0.06930390652269125
448,ACACAGACCACTCC-1,4-5,0.0,0.0,4.1779,True,0.06895284447818995
10454,GGAATCTGCTCAGA-1,8-9,0.0,0.0,1.8895997,True,0.06912208069115877
1715,ATTCGGGACTACCC-1,4-5,0.0,0.0,3.9487545,True,0.06933510862290859
7025,ACGTTGGAATCTTC-1,8-9,0.0,0.0,1.363622,True,0.06884202547371387
5164,TATACCACTTCATC-1,4-5,0.2,0.15969601320893742,5.937323,False,0.06884713657200336
11045,GTTATAGAAGGGTG-1,8-9,0.0,0.0,1.9995257,True,0.06879118364304304
3066,CTCCTACTTTCCGC-1,4-5,0.0,0.0,4.136252,True,0.06887927558273077
10363,GCGTAATGCTTACT-1,8-9,0.0,0.0,1.3511949,True,0.06858518160879612
2239,CATCTCCTGGTAAA-1,4-5,0.0,0.0,1.9811372,True,0.06887532770633698
9221,CGTGTAGAAACCAC-1,8-9,0.0,0.0,3.7884376,True,0.06903528328984976
4587,GTCTAACTAGCCAT-1,4-5,0.0,0.0,1.7234513,True,0.06927744578570127
12199,TGTGGATGTTTGTC-1,8-9,0.0,0.0,4.1837845,True,0.06953541282564402
3228,CTTCACCTTCTGGA-1,4-5,0.06666666666666667,0.04265230456965119,2.8084428,False,0.06927940808236599
11643,TCATCAACTCTCTA-1,8-9,0.0,0.0,1.8865204,True,0.06946325954049826
4958,TACTAAGAAAACGA-1,4-5,0.0,0.0,3.3848028,True,0.06960794888436794
11282,TACTAAGAACGCAT-1-1,8-9,0.0,0.0,4.6380234,True,0.06900253798812628
2831,CGTAACGATCGATG-1,4-5,0.0,0.0,4.2325144,True,0.06961877457797527
10699,GGGTTAACACGCTA-1,8-9,0.0,0.0,1.7534264,True,0.0696059837937355
1285,AGTGCAACCATTTC-1,4-5,0.0,0.0,3.6618712,True,0.07001879438757896
9028,CGCAGGTGATGCTG-1,8-9,0.0,0.0,4.8074546,True,0.0693236542865634
3123,CTGAGAACTTGCAG-1,4-5,0.0,0.0,4.4126296,True,0.06940610613673925
7329,AGCCTCTGAGAGAT-1,8-9,0.0,0.0,5.123802,True,0.06973517406731844
634,ACGAGGGAAAAAGC-1,4-5,0.0,0.0,4.34324,True,0.06948730815201998
11014,GTGTCAGAAACAGA-1,8-9,0.0,0.0,4.203992,True,0.06940962933003902
5703,TGATTCTGTGCAAC-1,4-5,0.0,0.0,1.5676373,True,0.06992239598184824
8715,CCCAACACACCAGT-1,8-9,0.0,0.0,4.1135,True,0.06967203691601753
1855,CAACGTGACTCCAC-1,4-5,0.0,0.0,1.2644676,True,0.0697145015001297
12216,TTACACACCAGAGG-1,8-9,0.0,0.0,4.3984747,True,0.06928655691444874
2251,CATGGATGAAGATG-1,4-5,0.0,0.0,4.3230495,True,0.06937926355749369
10593,GGCCCAGAATGTGC-1,8-9,0.0,0.0,1.8355159,True,0.06844735704362392
5093,TAGGTTCTGCCCTT-1,4-5,0.0,0.0,1.6956494,True,0.06929592229425907
10789,GTACGAACGAAGGC-1,8-9,0.0,0.0,4.6843176,True,0.06890043430030346
1868,CAAGACACTGTGAC-1,4-5,0.0,0.0,4.5103674,True,0.06916473992168903
6501,AAGCACTGTAGAAG-1,8-9,0.0,0.0,1.8500726,True,0.06989064905792475
469,ACACGATGGAGGGT-1,4-5,0.0,0.0,2.124264,True,0.0695600425824523
10875,GTCAATCTGTGTCA-1,8-9,0.0,0.0,3.9170964,True,0.06960196699947119
3330,GAAGCTACCAGAGG-1,4-5,0.0,0.0,4.350176,True,0.06950680445879698
12513,TTTCACGAGCGGAA-1,8-9,0.0,0.0,1.7350796,True,0.06933322735130787
4808,TAAGAACTAGATGA-1,4-5,0.0,0.0,1.9500086,True,0.0696875061839819
7386,AGCTGTGATTGTGG-1,8-9,0.0,0.0,3.3553016,True,0.06943751964718103
4172,GGAGCAGAACCACA-1,4-5,0.0,0.0,4.2959366,True,0.06954624596983194
10035,GATCTACTAGTCAC-1,8-9,0.0,0.0,1.6632793,True,0.0699415197595954
1387,ATACGTCTACGGAG-1,4-5,0.0,0.0,4.2560186,True,0.06953186448663473
7916,ATGGACACACTGTG-1,8-9,0.0,0.0,3.5294201,True,0.06986698787659407
6166,TTGCATTGTTAGGC-1,4-5,0.0,0.0,4.3534517,True,0.06946055591106415
11962,TGATCACTAGCCTA-1,8-9,0.0,0.0,4.0260987,True,0.06949428003281355
5860,TGGGTATGCTGAGT-1,4-5,0.0,0.0,1.157792,True,0.06912185251712799
9625,GAAAGATGCGTTAG-1,8-9,0.0,0.0,3.4913094,True,0.06930570211261511
130,AACCCAGAGCTCCT-1,4-5,0.0,0.0,3.9437633,True,0.06971350312232971
11239,TACGACGATGACCA-1,8-9,0.0,0.0,2.9252746,True,0.06974697951227427
3458,GACGCTCTACCTGA-1,4-5,0.0,0.0,3.924669,True,0.06964334286749363
10245,GCCCAGGAGCTAAC-1,8-9,0.0,0.0,4.48634,True,0.06978018116205931
67,AAATCATGGCCTTC-1,4-5,0.0,0.0,1.5326674,True,0.06911987438797951
9389,CTCAGCTGGTTTGG-1,8-9,0.0,0.0,4.0843143,True,0.06919736880809069
3041,CTCAGCTGCTGTTT-1,4-5,0.0,0.0,1.0863811,True,0.06928291916847229
8472,CATACTTGGATAAG-1,8-9,0.0,0.0,1.8407525,True,0.06974972411990166
972,AGATATACGTCACA-1,4-5,0.0,0.0,4.4955726,True,0.06992342974990606
8444,CAGTGTGAGCTTAG-1,8-9,0.0,0.0,4.150817,True,0.06927178800106049
3596,GAGGTTACCGAGTT-1,4-5,0.0,0.0,4.1112523,True,0.06925713643431664
12027,TGCGATGAAGCGGA-1,8-9,0.0,0.0,4.345506,True,0.0695700878277421
74,AAATCTGAGACGAG-1,4-5,0.0,0.0,4.6012397,True,0.06956043932586908
7940,ATGTACCTCAGCTA-1,8-9,0.0,0.0,4.447071,True,0.06995277106761932
2336,CCACCTGAACTGGT-1,4-5,0.0,0.0,1.677806,True,0.06951079610735178
11180,TAATCCACCTTCTA-1,8-9,0.0,0.0,1.5760667,True,0.06978147197514772
1007,AGCACAACTCCTTA-1,4-5,0.0,0.0,4.421043,True,0.06948473677039146
11092,GTTGTACTTTTCGT-1,8-9,0.0,0.0,3.9399474,True,0.07005350571125746
4709,GTTAGTCTCCTTGC-1,4-5,0.0,0.0,3.8902106,True,0.06962413992732763
11414,TAGTATGAAAGTGA-1,8-9,0.0,0.0,4.21796,True,0.06936925835907459
5651,TGACTTTGCCTATT-1,4-5,0.0,0.0,3.317402,True,0.06940379925072193
10540,GGATAGCTGTTGGT-1,8-9,0.0,0.0,4.2283087,True,0.06950893346220255
1214,AGGTTGTGGTCGTA-1,4-5,0.0,0.0,4.0381594,True,0.0696076825261116
9057,CGCCTAACGAGCAG-1,8-9,0.0,0.0,4.2552586,True,0.06950523983687162
5432,TCCGAAGAGTTCGA-1,4-5,0.0,0.0,1.4005493,True,0.0696241045370698
10740,GGTCTAGAAAGGGC-1,8-9,0.0,0.0,1.9432108,True,0.06991830468177795
4089,GCTCGACTTGGTAC-1,4-5,0.0,0.0,3.170818,True,0.06978505570441484
11039,GTTAGGTGGTCAAC-1,8-9,0.0,0.0,1.3027261,True,0.06922449823468924
513,ACATACCTTTCGGA-1,4-5,0.0,0.0,4.2470646,True,0.06966293323785067
7404,AGGAATGACTGGTA-1,8-9,0.0,0.0,4.19867,True,0.06931320391595364
2293,CATTGTTGGAAAGT-1,4-5,0.06666666666666667,0.10764243204553911,3.9258862,False,0.06967667583376169
7599,AGTTAAACAGGCGA-1,8-9,0.0,0.0,4.1738415,True,0.0695307170972228
2620,CGACCACTATGTCG-1,4-5,0.0,0.0,4.4078717,True,0.06941849086433649
7115,ACTTCAACATCACG-1,8-9,0.0,0.0,2.4810119,True,0.06914493534713984
3497,GACTGAACTGCTTT-1,4-5,0.0,0.0,3.24971,True,0.06946319621056318
11303,TACTCCCTACCCTC-1,8-9,0.0,0.0,4.0279503,True,0.06947704125195742
5581,TCTTACGATAAGGA-1,4-5,0.0,0.0,4.975426,True,0.06988147832453251
11584,TCACAACTGGACGA-1,8-9,0.0,0.0,4.007349,True,0.06987556628882885
4013,GCGGACTGGCAGTT-1,4-5,0.0,0.0,3.8902447,True,0.06925939675420523
8583,CCAAAGTGCAACTG-1-1,8-9,0.0,0.0,1.4924101,True,0.06973572447896004
3459,GACGCTCTCCACCT-1,4-5,0.0,0.0,1.7409309,True,0.06953088100999594
12136,TGTAACCTGTATGC-1,8-9,0.0,0.0,4.3988333,True,0.06962855625897646
1510,ATCGCCACCATTTC-1,4-5,0.0,0.0,4.374927,True,0.06936415378004313
9234,CGTTATACAACTGC-1,8-9,0.0,0.0,3.9502087,True,0.06970096845179796
4240,GGCCCAGATAACCG-1,4-5,0.0,0.0,3.6141613,True,0.06971549056470394
9097,CGCTCATGTCAGGT-1,8-9,0.0,0.0,3.9238975,True,0.06985503528267145
3202,CTTAAGCTTCAGTG-1,4-5,0.0,0.0,5.042811,True,0.06950310431420803
10819,GTAGCTGAAGGTCT-1,8-9,0.0,0.0,4.5611396,True,0.06969022285193205
839,ACTTGGGAGACTAC-1,4-5,0.0,0.0,4.5033164,True,0.06958046741783619
8991,CGATAGACGGTCTA-1,8-9,0.0,0.0,4.3882055,True,0.06927622947841883
3091,CTCTAATGTTGTGG-1,4-5,0.0,0.0,3.719777,True,0.0693387920036912
10542,GGATGTACGCCATA-1,8-9,0.0,0.0,4.093383,True,0.06931750290095806
2182,CATAAAACGACACT-1,4-5,0.0,0.0,3.434993,True,0.0693875839933753
10059,GATTACCTCCTCCA-1,8-9,0.0,0.0,4.3120046,True,0.06922678090631962
6068,TTCAGTACGGACTT-1,4-5,0.0,0.0,4.201023,True,0.06953875347971916
6980,ACGGGAGAGTCACA-1,8-9,0.0,0.0,4.4335885,True,0.06933949235826731
4577,GTCGAATGAGAGAT-1,4-5,0.0,0.0,3.955611,True,0.06943492777645588
7372,AGCTGAACACCATG-1,8-9,0.0,0.0,4.2832866,True,0.06994122359901667
5586,TCTTGATGAACCTG-1,4-5,0.0,0.0,3.715336,True,0.06987040117383003
7373,AGCTGAACATAAGG-1,8-9,0.0,0.0,1.8745682,True,0.0698236245661974
185,AACTCGGACATGAC-1,4-5,0.0,0.0,3.8488011,True,0.06948711257427931
10627,GGCTAATGATCACG-1,8-9,0.0,0.0,1.5525138,True,0.0695603433996439
3745,GATTGGACACTAGC-1,4-5,0.0,0.0,1.9252988,True,0.06966660171747208
8249,CACCACTGGCAGAG-1,8-9,0.0,0.0,2.0046568,True,0.06973601970821619
4218,GGCAAGGAAGCATC-1,4-5,0.0,0.0,4.2339606,True,0.06954077072441578
6855,ACCGAAACTTTCAC-1,8-9,0.0,0.0,1.8828001,True,0.06990756746381521
3454,GACGCCGAGTCACA-1,4-5,0.0,0.0,4.3566537,True,0.06935534533113241
7697,ATAGAACTGGTCAT-1,8-9,0.06666666666666667,0.04265230456965119,4.718794,False,0.06914799008518457
115,AACAGCACAGGCGA-1,4-5,0.0,0.0,4.3895035,True,0.06934053264558315
10615,GGCGCATGGGCGAA-1,8-9,0.0,0.0,1.4883145,True,0.06983751431107521
3532,GAGCATACAAGTGA-1,4-5,0.0,0.0,4.0957513,True,0.06947992276400328
10290,GCGAAGGAACTCTT-1,8-9,0.0,0.0,1.528048,True,0.06968205329030752
4704,GTTAGTCTACCCAA-1,4-5,0.0,0.0,3.5379121,True,0.06980285234749317
9799,GACGATTGAGCGTT-1,8-9,0.0,0.0,1.1716574,True,0.0693716062232852
5704,TGCAACGAAAGCCT-1,4-5,0.0,0.0,4.3000937,True,0.06957633886486292
7631,AGTTTGCTCTCCAC-1,8-9,0.0,0.0,4.219143,True,0.06947369314730167
1926,CAATATGATCCCGT-1,4-5,0.06666666666666667,0.04265230456965119,2.3925784,False,0.06949768774211407
10283,GCCTGACTACTCAG-1,8-9,0.0,0.0,4.2395277,True,0.06946578342467546
5009,TAGAATTGAGCCAT-1,4-5,0.0,0.0,1.7637231,True,0.06975515559315681
12195,TGTGGATGCTCTTA-1,8-9,0.0,0.0,4.1526375,True,0.06947281677275896
5882,TGGTATCTCCGTAA-1,4-5,0.0,0.0,4.361315,True,0.06970035005360842
6692,AATTGTGACTCAAG-1,8-9,0.0,0.0,4.2214637,True,0.0696911970153451
2736,CGCCATTGTTCCCG-1,4-5,0.0,0.0,1.2214872,True,0.06939159613102674
8974,CGAGGCACGGAAAT-1,8-9,0.0,0.0,4.1691,True,0.06980863492935896
5357,TCATCAACCACTTT-1,4-5,0.0,0.0,3.8541992,True,0.06992904469370842
6988,ACGGTATGGAGGGT-1,8-9,0.0,0.0,4.279221,True,0.06976683437824249
4610,GTGACCCTCTCCAC-1,4-5,0.0,0.0,4.3178444,True,0.0699462266638875
10587,GGCCACGACTTCGC-1,8-9,0.0,0.0,4.3469586,True,0.06944297812879086
1978,CACAGTGACTGATG-1,4-5,0.0,0.0,1.8180035,True,0.06978961639106274
12531,TTTCGAACTTCTCA-1,8-9,0.0,0.0,1.398676,True,0.06977018248289824
2287,CATTGTACAATGCC-1,4-5,0.0,0.0,1.6257808,True,0.06970223877578974
10803,GTAGACTGCAAGCT-1,8-9,0.0,0.0,4.1850953,True,0.06968281790614128
4689,GTTAAATGCCGAAT-1,4-5,0.0,0.0,3.9544325,True,0.0695708291605115
8515,CATCTCCTTCTAGG-1,8-9,0.0,0.0,4.27992,True,0.06928800698369741
1472,ATCATGCTCGTAAC-1,4-5,0.0,0.0,4.4165106,True,0.07013986259698868
12428,TTGAGGTGGTGTAC-1,8-9,0.0,0.0,4.192347,True,0.06919640675187111
630,ACGACCCTCCCACT-1,4-5,0.0,0.0,2.149038,True,0.06926059536635876
9785,GACGAACTCCAATG-1,8-9,0.0,0.0,4.189524,True,0.06937660183757544
2550,CCTCGAACCATGAC-1,4-5,0.0,0.0,4.1238103,True,0.06944047659635544
9989,GATAGCACCTGACA-1,8-9,0.0,0.0,3.568353,True,0.06958445440977812
382,AATGCGTGCCACAA-1,4-5,0.0,0.0,1.5395944,True,0.06943304650485516
11601,TCACGAGACTCCAC-1-1,8-9,0.0,0.0,6.350742,True,0.06943351868540049
3286,GAAAGTGATTCCCG-1,4-5,0.0,0.0,2.1652186,True,0.06932587921619415
10728,GGTATCGAGTTGAC-1,8-9,0.0,0.0,5.8332334,True,0.0693699037656188
6004,TTAGGGTGATCGAC-1,4-5,0.0,0.0,4.2880206,True,0.06901663821190596
9595,CTTTACGATCGTAG-1,8-9,0.0,0.0,1.8158331,True,0.06891296524554491
3005,CTATCCCTCTACGA-1,4-5,0.0,0.0,4.0250645,True,0.06904635019600391
10711,GGTAAAGAGAGGAC-1,8-9,0.0,0.0,6.2595754,True,0.06845411751419306
1826,CAAATATGCTCTAT-1,4-5,0.0,0.0,2.2516713,True,0.06897905468940735
10205,GCCAAAACTACAGC-1,8-9,0.0,0.0,4.797669,True,0.06832046899944544
6042,TTCAACACTGACAC-1,4-5,0.0,0.0,2.1631444,True,0.06947322376072407
8278,CACGATGAGCATAC-1-1,8-9,0.0,0.0,4.4191117,True,0.06899949256330729
3388,GACACTGACTTAGG-1,4-5,0.0,0.0,4.553271,True,0.0695794802159071
7079,ACTCTCCTAACAGA-1,8-9,0.0,0.0,4.1354055,True,0.06938198953866959
5502,TCGCACACCGCTAA-1,4-5,0.0,0.0,4.3310423,True,0.06928990688174963
8099,CAACAGACACGTTG-1,8-9,0.0,0.0,1.7370574,True,0.06946077011525631
953,AGAGTCACGAAGGC-1,4-5,0.0,0.0,4.1062593,True,0.0696689561009407
7412,AGGACTTGAGCGTT-1,8-9,0.0,0.0,2.1330268,True,0.06963508948683739
5023,TAGAGCACCTCGCT-1,4-5,0.0,0.0,4.5212455,True,0.06948287691920996
7846,ATCTTGACCTCCAC-1,8-9,0.0,0.0,3.3929493,True,0.07004612684249878
122,AACCACGAGCAAGG-1,4-5,0.0,0.0,4.2221293,True,0.06965538579970598
9193,CGTCCATGATGACC-1,8-9,0.0,0.0,1.5510204,True,0.06972876004874706
84,AAATTCGACTTGCC-1,4-5,0.0,0.0,4.3902597,True,0.0698259761556983
11477,TATACGCTTAACGC-1,8-9,0.0,0.0,1.5474072,True,0.06966645270586014
4833,TAAGCTCTTGCATG-1,4-5,0.0,0.0,2.2093883,True,0.06938398815691471
12002,TGCAGATGTCGTAG-1,8-9,0.0,0.0,3.8717093,True,0.06939046923071146
6009,TTAGGGTGTCCCAC-1,4-5,0.0,0.0,3.8801527,True,0.0697506619617343
11202,TAATGTGAGTCTGA-1,8-9,0.0,0.0,1.0339091,True,0.06951722968369722
60,AAATCAACGGGACA-1,4-5,0.0,0.0,4.2534657,True,0.06936168111860752
12039,TGCTAGGAGCTTAG-1,8-9,0.0,0.0,3.9559503,True,0.06942531932145357
2063,CACTGAGAGTTGCA-1,4-5,0.0,0.0,4.5946035,True,0.069389040581882
11705,TCCCGATGACTCTT-1,8-9,0.0,0.0,4.2829194,True,0.06914590019732714
2232,CATCGCTGACCCAA-1,4-5,0.0,0.0,1.490514,True,0.06967264413833618
12005,TGCATGGAGCAGTT-1,8-9,0.0,0.0,4.330887,True,0.06967616360634565
2952,CTACGGCTGGTGGA-1,4-5,0.0,0.0,3.654167,True,0.06959199253469706
7847,ATCTTGACGGAAGC-1,8-9,0.0,0.0,4.1060176,True,0.06966767739504576
1036,AGCCGTCTGGACTT-1,4-5,0.0,0.0,3.5602648,True,0.069624038413167
6804,ACCACCTGTCCTCG-1,8-9,0.0,0.0,2.8609438,True,0.069482596591115
5648,TGACTTACTTCCAT-1,4-5,0.0,0.0,4.164567,True,0.069528435356915
7398,AGGAAATGTGTCTT-1,8-9,0.0,0.0,2.2529662,True,0.0696604810655117
4546,GTCCAAGAAGCTCA-1,4-5,0.0,0.0,4.2711253,True,0.06932870484888554
10761,GTAACGTGCTTGCC-1,8-9,0.0,0.0,1.676022,True,0.06950817722827196
4031,GCGTACCTAACAGA-1,4-5,0.0,0.0,3.9152825,True,0.06990471482276917
6433,AACGTCGATGGAGG-1,8-9,0.0,0.0,4.6670017,True,0.069738176651299
1307,AGTTCTACGAGACG-1,4-5,0.0,0.0,1.1209475,True,0.06992129795253277
10492,GGACGAGAGAAGGC-1,8-9,0.0,0.0,4.421541,True,0.06968350242823362
4845,TAATCGCTATAAGG-1,4-5,0.0,0.0,4.2399564,True,0.06933940015733242
7132,ACTTGTACACACGT-1,8-9,0.0,0.0,3.743004,True,0.0697074830532074
881,AGAATGGAATCTCT-1,4-5,0.0,0.0,4.106128,True,0.06965179741382599
9072,CGCGATCTTCAGAC-1,8-9,0.0,0.0,4.27139,True,0.06983564049005508
5063,TAGGCAACCCTCCA-1,4-5,0.0,0.0,4.144257,True,0.0696913143619895
9777,GACCCTACGTAGGG-1,8-9,0.0,0.0,1.5566629,True,0.06966808903962374
1759,ATTGGGTGGATAAG-1,4-5,0.0,0.0,4.2598915,True,0.06978512275964022
9210,CGTGAATGAGATCC-1,8-9,0.0,0.0,1.6883748,True,0.06957398448139429
4305,GGGACCACGCTGAT-1,4-5,0.0,0.0,4.3469152,True,0.06983880139887333
6674,AATGTAACTGTCTT-1,8-9,0.0,0.0,4.002987,True,0.06979803927242756
3806,GCACCTTGAACGAA-1,4-5,0.0,0.0,4.1846266,True,0.06997485179454088
11273,TACGGCCTGAACCT-1,8-9,0.0,0.0,4.388359,True,0.06981859263032675
3633,GAGTTGTGGTAAAG-1,4-5,0.0,0.0,1.3281049,True,0.06970770936459303
7600,AGTTAAACCCAAGT-1,8-9,0.0,0.0,1.2478116,True,0.07004970218986273
5982,TTACTCGATAAAGG-1,4-5,0.0,0.0,4.338886,True,0.06978085171431303
8185,CAATATGACTTCCG-1,8-9,0.0,0.0,4.3103356,True,0.06949769798666239
4123,GGAAGGTGGTTGCA-1,4-5,0.0,0.0,4.215696,True,0.06941951252520084
6911,ACGAGGGATCAGAC-1,8-9,0.0,0.0,1.719359,True,0.06951953191310167
5178,TATCAAGAGCGTTA-1,4-5,0.0,0.0,4.3728166,True,0.06936966907233
8411,CAGGAACTTTCGTT-1,8-9,0.0,0.0,1.9910461,True,0.06962843332439661
650,ACGATTCTCTCAAG-1,4-5,0.0,0.0,4.324864,True,0.0697751585394144
8525,CATGAGACTCTTTG-1,8-9,0.0,0.0,4.0992737,True,0.06949209235608578
5137,TAGTTCACGCAGTT-1,4-5,0.0,0.0,4.3212695,True,0.06969089526683092
7422,AGGATAGATACTCT-1,8-9,0.0,0.0,4.310572,True,0.07004168815910816
4056,GCTACGCTTTTACC-1,4-5,0.0,0.0,3.9853716,True,0.0699758343398571
10930,GTCTAACTATAAGG-1,8-9,0.0,0.0,3.997935,True,0.06934886332601309
494,ACAGTCGAGTGCTA-1,4-5,0.06666666666666667,0.06077222973772036,4.633136,False,0.06931560020893812
11341,TAGAGAGAGCAGTT-1,8-9,0.0,0.0,3.6976652,True,0.06946070119738579
1757,ATTGCTTGGCTATG-1,4-5,0.0,0.0,4.269409,True,0.06953549850732088
10219,GCCAACCTCGAATC-1,8-9,0.0,0.0,4.3802667,True,0.06979178916662931
768,ACTACGGAATGTCG-1,4-5,0.0,0.0,4.2892194,True,0.06988141220062971
11080,GTTGATCTGGATCT-1,8-9,0.0,0.0,4.1619544,True,0.06940841674804688
4581,GTCGACCTAACCTG-1,4-5,0.0,0.0,4.549169,True,0.0693705277517438
10786,GTACCCTGTTACCT-1,8-9,0.0,0.0,4.193463,True,0.07005942426621914
2738,CGCCGAGACTCCAC-1,4-5,0.06666666666666667,0.043668798524938345,3.918857,False,0.06978167872875929
6567,AAGTATACACCTGA-1,8-9,0.0,0.0,4.3242936,True,0.06949492357671261
6231,TTTCTACTGAAAGT-1,4-5,0.0,0.0,1.3218367,True,0.06942689698189497
9143,CGGCGATGGCTACA-1,8-9,0.0,0.0,1.799471,True,0.06927432492375374
2385,CCAGTGCTTAAAGG-1,4-5,0.0,0.0,4.2806726,True,0.06975913513451815
10110,GCACAAACAACGTC-1,8-9,0.0,0.0,4.426267,True,0.06959303189069033
229,AAGAGATGATCACG-1,4-5,0.0,0.0,3.7988129,True,0.06925272103399038
8045,ATTGGGTGAAGATG-1,8-9,0.0,0.0,4.0111513,True,0.06888839416205883
4178,GGAGCCACGGTACT-1,4-5,0.0,0.0,3.9424095,True,0.06928772106766701
12094,TGGATTCTGGTTAC-1,8-9,0.0,0.0,4.0825186,True,0.06944621820002794
5396,TCCATAACCCTTCG-1,4-5,0.0,0.0,3.2395473,True,0.06948618404567242
6730,ACACAGACCCCTCA-1,8-9,0.0,0.0,0.874422,True,0.06947851087898016
2333,CCAATTTGAAAAGC-1,4-5,0.0,0.0,4.430391,True,0.06953880004584789
12281,TTAGTCTGTCACGA-1,8-9,0.0,0.0,3.152715,True,0.06983321812003851
2925,CTAATAGACTACTT-1,4-5,0.0,0.0,1.1817061,True,0.06998877506703138
12194,TGTGGATGCAACTG-1,8-9,0.0,0.0,4.2777014,True,0.06936203222721815
6135,TTCTGATGTTGAGC-1,4-5,0.0,0.0,3.8061962,True,0.06941466964781284
10244,GCCCAGGAGCGGAA-1,8-9,0.0,0.0,4.495402,True,0.06947901844978333
3130,CTGAGCCTTGATGC-1,4-5,0.0,0.0,4.552101,True,0.06964319851249456
11568,TCAAGTCTGCAAGG-1,8-9,0.0,0.0,4.2618437,True,0.06961796805262566
5667,TGAGGACTGGACGA-1,4-5,0.0,0.0,1.2105249,True,0.06991095747798681
9627,GAAAGATGGTACAC-1,8-9,0.0,0.0,1.392345,True,0.06981971766799688
5061,TAGGCAACACTTTC-1,4-5,0.0,0.0,1.5918422,True,0.06998266186565161
11289,TACTACACGTTTGG-1,8-9,0.0,0.0,4.2734504,True,0.06978560425341129
1197,AGGTGGGAGGAACG-1,4-5,0.0,0.0,1.4678721,True,0.06938713509589434
12357,TTCCATGAAGAGAT-1,8-9,0.0,0.0,3.9422536,True,0.06979575380682945
4017,GCGGAGCTGTGTTG-1,4-5,0.0,0.0,1.8591253,True,0.06972107291221619
9701,GAAGTCTGGGGATG-1,8-9,0.0,0.0,1.2304358,True,0.06939184945076704
5907,TGTAGTCTTTGCGA-1,4-5,0.0,0.0,4.448585,True,0.06921730563044548
7817,ATCGTTTGGACGTT-1,8-9,0.0,0.0,1.7959436,True,0.0694408006966114
3790,GCACAATGTCTTCA-1,4-5,0.0,0.0,4.439815,True,0.06919090170413256
8948,CGACTCTGCACTGA-1,8-9,0.0,0.0,4.1470137,True,0.06959621142596006
3386,GACAACTGGTACCA-1,4-5,0.0,0.0,2.2981234,True,0.06977127399295568
11954,TGATACCTAGGTTC-1,8-9,0.0,0.0,4.1221747,True,0.06938968691974878
4728,GTTATGCTTGCCAA-1,4-5,0.0,0.0,1.1302495,True,0.06966402661055326
10493,GGACGAGATGTCTT-1,8-9,0.0,0.0,1.4718437,True,0.0697851562872529
3866,GCAGTTGATGTGCA-1,4-5,0.0,0.0,1.5111424,True,0.06968175992369652
9288,CTACTATGTAGACC-1,8-9,0.0,0.0,4.377611,True,0.06983959302306175
3260,CTTTAGTGTGTCCC-1,4-5,0.0,0.0,4.04418,True,0.06973699107766151
8919,CGAATCGAACCCTC-1,8-9,0.0,0.0,4.791293,True,0.0699045704677701
2104,CAGATGACTTGCTT-1,4-5,0.0,0.0,0.34021127,True,0.06955487001687288
6937,ACGCCACTCACAAC-1-1,8-9,0.0,0.0,4.510135,True,0.06923589389771223
851,ACTTTGTGGTATCG-1,4-5,0.0,0.0,1.8349289,True,0.06950854789465666
6868,ACCTATTGCCCTCA-1,8-9,0.0,0.0,1.7241219,True,0.0694666039198637
4251,GGCGACTGGCTTAG-1,4-5,0.0,0.0,1.4857166,True,0.06990936398506165
11103,TAAACAACTTTGGG-1,8-9,0.0,0.0,4.2973304,True,0.06982121709734201
2597,CGAAGACTTTCTTG-1,4-5,0.0,0.0,4.124381,True,0.07023350335657597
10269,GCCGGAACTGCCAA-1,8-9,0.0,0.0,1.6531355,True,0.06899835634976625
3042,CTCAGCTGGAAGGC-1,4-5,0.0,0.0,1.2681966,True,0.06938102748245001
9597,CTTTAGACAGAGAT-1,8-9,0.0,0.0,4.346305,True,0.06974983029067516
3182,CTGTAACTTCAAGC-1,4-5,0.0,0.0,4.2863016,True,0.07009020075201988
9546,CTTAAGCTGTATCG-1,8-9,0.0,0.0,3.9005985,True,0.069478003308177
2497,CCGCGAGAATGACC-1,4-5,0.0,0.0,4.118526,True,0.0690409829840064
11243,TACGAGTGCCTATT-1,8-9,0.0,0.0,4.8732786,True,0.0693754032254219
450,ACACAGACGAGGCA-1,4-5,0.0,0.0,3.8304408,True,0.06951617915183306
9131,CGGCATCTTGAAGA-1,8-9,0.0,0.0,3.9932413,True,0.06947033293545246
1150,AGGCTAACAACGAA-1,4-5,0.0,0.0,4.0880227,True,0.06932439282536507
6882,ACCTGGCTCCAAGT-1,8-9,0.0,0.0,4.1498737,True,0.06941037997603416
1424,ATAGGCTGTCCAAG-1,4-5,0.0,0.0,4.450294,True,0.06930774170905352
7789,ATCCTAACAGTCTG-1,8-9,0.0,0.0,1.2182115,True,0.06939953099936247
85,AAATTCGATTTCAC-1,4-5,0.0,0.0,3.712317,True,0.06968084257096052
11653,TCATCCCTTTGGTG-1,8-9,0.0,0.0,4.0242734,True,0.0695016011595726
700,ACGGATTGCTAGTG-1,4-5,0.0,0.0,2.0678005,True,0.06927885487675667
7727,ATAGGAGATGGATC-1,8-9,0.0,0.0,4.36453,True,0.06950135622173548
4885,TACATAGAGTCAAC-1,4-5,0.0,0.0,4.0107293,True,0.06952484231442213
6565,AAGTAGGATCTACT-1,8-9,0.0,0.0,1.3591068,True,0.06911783665418625
2078,CACTTATGCGTACA-1,4-5,0.06666666666666667,0.04481043185393461,4.714421,False,0.06898316740989685
10135,GCACGGACCTACTT-1,8-9,0.0,0.0,3.6536174,True,0.06947236694395542
3886,GCCAAATGAGCACT-1,4-5,0.0,0.0,4.714516,True,0.06948519218713045
10430,GCTTAACTTGTGGT-1,8-9,0.0,0.0,3.824933,True,0.06940902769565582
4373,GGTAGTACGAGATA-1,4-5,0.0,0.0,1.6888504,True,0.06987214833498001
9435,CTCGACTGCATCAG-1,8-9,0.0,0.0,4.4420667,True,0.06922473479062319
5073,TAGGCTGATGTGGT-1,4-5,0.0,0.0,4.0053983,True,0.06937548238784075
9581,CTTGAGGAGATAGA-1,8-9,0.0,0.0,1.4219828,True,0.06902935542166233
4696,GTTACTACATGTCG-1,4-5,0.0,0.0,4.311042,True,0.06954057142138481
7155,AGAACAGACACTTT-1,8-9,0.0,0.0,4.329376,True,0.06960267014801502
1750,ATTGCTACAGGAGC-1,4-5,0.0,0.0,3.9938803,True,0.06971783470362425
9594,CTTTACGAGTAGGG-1,8-9,0.0,0.0,1.8175402,True,0.06971749663352966
4927,TACGCGCTGTTACG-1,4-5,0.0,0.0,4.3892474,True,0.06957271229475737
9477,CTGAGAACTTTCAC-1,8-9,0.0,0.0,4.2807813,True,0.0692635104060173
4693,GTTACGGATCTCAT-1,4-5,0.0,0.0,4.3616147,True,0.06940472777932882
7267,AGATTCCTGAACTC-1,8-9,0.0,0.0,0.010346904,True,0.06923011969774961
5681,TGATAAACAGGTCT-1,4-5,0.0,0.0,4.786045,True,0.06975189968943596
7318,AGCCGGTGCTAAGC-1,8-9,0.0,0.0,4.450152,True,0.06957267317920923
5246,TATGTCTGTCCCGT-1,4-5,0.0,0.0,4.059252,True,0.0696452222764492
7050,ACTATCACCCAATG-1,8-9,0.0,0.0,1.2596902,True,0.06977659370750189
1492,ATCCTAACTTGACG-1,4-5,0.0,0.0,4.2076936,True,0.06907386519014835
10571,GGCACGTGAGATCC-1,8-9,0.0,0.0,3.945477,True,0.06952740997076035
5491,TCGATTTGGGTAAA-1,4-5,0.0,0.0,3.7899854,True,0.06988697312772274
9807,GACGCTCTACCTCC-1-1,8-9,0.0,0.0,1.3419598,True,0.07021890487521887
2158,CAGGTTGAATTCGG-1,4-5,0.0,0.0,4.603997,True,0.07013419177383184
12151,TGTAGGTGGCTGTA-1,8-9,0.0,0.0,4.3186493,True,0.07009635772556067
3013,CTATGACTTATGCG-1,4-5,0.0,0.0,4.2978635,True,0.06997840944677591
12393,TTCTCAGAGACGGA-1,8-9,0.0,0.0,4.266812,True,0.07034012954682112
2310,CCAAAGTGTCCCGT-1,4-5,0.0,0.0,4.79145,True,0.07022255659103394
9758,GACAGTTGTGGTTG-1,8-9,0.0,0.0,1.3325673,True,0.07034068182110786
780,ACTATCACCCTCCA-1,4-5,0.0,0.0,4.4049478,True,0.07004832848906517
9091,CGCTACTGTGTTTC-1,8-9,0.0,0.0,4.3712606,True,0.07004636712372303
3786,GCACAAACTGGAAA-1,4-5,0.0,0.0,1.7915539,True,0.07019689865410328
11453,TAGTTCACTGGTGT-1,8-9,0.0,0.0,4.857082,True,0.0699541624635458
6183,TTGGAGTGACGGGA-1,4-5,0.0,0.0,4.2617536,True,0.0703307744115591
11549,TATGTCTGGAAGGC-1,8-9,0.0,0.0,3.4249096,True,0.07011102326214314
2503,CCGCTATGGATAAG-1,4-5,0.0,0.0,4.270205,True,0.07025164552032948
8514,CATCTCCTTCCGTC-1,8-9,0.0,0.0,1.4751558,True,0.06990458816289902
1788,ATTTCCGACCTGAA-1,4-5,0.0,0.0,4.7491426,True,0.06988964695483446
8586,CCAACCTGCACTTT-1,8-9,0.0,0.0,4.3997555,True,0.06984049547463655
3749,GATTGGTGAAGAAC-1,4-5,0.0,0.0,4.6249084,True,0.06999233271926641
11141,TAACTAGATTACCT-1-1,8-9,0.0,0.0,4.240295,True,0.06996698211878538
895,AGACACACTAACCG-1,4-5,0.0,0.0,3.964152,True,0.06988598871976137
11646,TCATCATGATCACG-1,8-9,0.0,0.0,1.2516642,True,0.07030374463647604
1362,ATACAATGTTTCAC-1,4-5,0.0,0.0,4.2712793,True,0.06979993265122175
11372,TAGGACTGGTAGCT-1,8-9,0.0,0.0,4.6667376,True,0.06999813951551914
5843,TGGATTCTCGGAGA-1,4-5,0.0,0.0,4.3104525,True,0.06985153537243605
11639,TCAGTTACCTATGG-1,8-9,0.0,0.0,1.6309241,True,0.07018633279949427
5863,TGGGTATGTTCGTT-1,4-5,0.0,0.0,4.2068367,True,0.07052531652152538
6825,ACCAGTGATCTCTA-1,8-9,0.0,0.0,4.3910394,True,0.07046049367636442
3317,GAAGAATGAAACGA-1,4-5,0.0,0.0,4.7580886,True,0.07008684705942869
12240,TTACGTACCAGAAA-1,8-9,0.0,0.0,4.58072,True,0.06991095375269651
26,AAAGACGAGAGCTT-1,4-5,0.0,0.0,4.6329722,True,0.07005156483501196
11909,TGACGCCTGATACC-1,8-9,0.0,0.0,4.2944303,True,0.0703445402905345
3603,GAGGTTTGGACGTT-1,4-5,0.0,0.0,4.605048,True,0.07021244056522846
11234,TACCGCTGGCTTAG-1,8-9,0.0,0.0,4.316876,True,0.07017483189702034
1139,AGGCAGGAAGTCAC-1,4-5,0.0,0.0,2.1109855,True,0.0703168734908104
8039,ATTGCTTGAGAGGC-1,8-9,0.0,0.0,4.324389,True,0.06989010144025087
761,ACGTTTACGGTGTT-1,4-5,0.0,0.0,4.507024,True,0.07024653069674969
9934,GAGTACACCTCGAA-1,8-9,0.0,0.0,4.4616427,True,0.07010890729725361
5003,TAGAAACTCTTCGC-1,4-5,0.0,0.0,3.9542618,True,0.0700087621808052
7636,ATAAACACCCACAA-1,8-9,0.0,0.0,3.770625,True,0.07021480519324541
3099,CTGAAGACATGCCA-1,4-5,0.0,0.0,3.583526,True,0.06990567874163389
8345,CAGAAGCTAAGATG-1,8-9,0.0,0.0,1.4180539,True,0.07000893075019121
2911,CTAACGGACAGTCA-1,4-5,0.0,0.0,3.9436634,True,0.06985750701278448
10171,GCAGGCACTCGCAA-1,8-9,0.0,0.0,4.8133087,True,0.069531568326056
5464,TCGACCTGCCCACT-1,4-5,0.0,0.0,4.0291185,True,0.07010896131396294
9465,CTGACAGACAGGAG-1,8-9,0.0,0.0,2.980885,True,0.06981725990772247
5683,TGATACCTCTCATT-1,4-5,0.0,0.0,3.8498268,True,0.06953051500022411
7200,AGACTGACTGAACC-1,8-9,0.0,0.0,4.2294235,True,0.06950785499066114
2637,CGACGTCTGTTCTT-1,4-5,0.0,0.0,4.4491677,True,0.06972455512732267
8521,CATGAGACCGCAAT-1,8-9,0.0,0.0,4.388197,True,0.07017736416310072
1401,ATAGATTGCCATGA-1,4-5,0.0,0.0,1.4347126,True,0.0699738496914506
10810,GTAGCATGAAACAG-1,8-9,0.0,0.0,4.5298786,True,0.06988939642906189
4894,TACCGCTGGTATCG-1,4-5,0.0,0.0,1.0898144,True,0.06988735776394606
8329,CACTGCTGACTGTG-1,8-9,0.0,0.0,1.5898029,True,0.06966866645962
281,AAGGTCTGTCTTCA-1,4-5,0.0,0.0,3.9408896,True,0.06953347753733397
8519,CATCTTGATCACGA-1,8-9,0.0,0.0,1.6167812,True,0.07011919282376766
3056,CTCCATCTGCTTCC-1,4-5,0.0,0.0,4.097816,True,0.06944026798009872
11132,TAACGTCTGTACCA-1,8-9,0.0,0.0,1.3685954,True,0.06951809488236904
982,AGATCTCTTCGCTC-1,4-5,0.0,0.0,4.2657595,True,0.06982448324561119
8326,CACTGAGATTTCAC-1,8-9,0.0,0.0,4.2988253,True,0.06956667080521584
2427,CCCACATGTCACCC-1,4-5,0.0,0.0,3.681366,True,0.0693968664854765
12464,TTGGGAACCTTCGC-1,8-9,0.0,0.0,4.294426,True,0.06913640722632408
4882,TACATAGAACGGGA-1,4-5,0.0,0.0,2.042453,True,0.0699632503092289
7722,ATAGGAGAAAGAGT-1,8-9,0.0,0.0,4.551284,True,0.0700569050386548
2780,CGGAGGCTACCAGT-1,4-5,0.0,0.0,4.4642253,True,0.06991140637546778
10381,GCTACCTGTTGACG-1,8-9,0.0,0.0,1.5197304,True,0.07016634102910757
4198,GGAGTTTGTTACCT-1,4-5,0.0,0.0,3.5504851,True,0.07030932046473026
11939,TGAGGACTGTTGCA-1-1,8-9,0.0,0.0,4.1028957,True,0.07005516160279512
1875,CAAGCATGACCAAC-1,4-5,0.0,0.0,3.3729916,True,0.06995213683694601
12099,TGGCACCTGCTCCT-1,8-9,0.0,0.0,4.2764163,True,0.07030369993299246
302,AAGTGCACTGAAGA-1,4-5,0.0,0.0,1.4189345,True,0.0700728977099061
6298,AAAGCCTGGCAAGG-1,8-9,0.0,0.0,4.0790596,True,0.06971017923206091
1371,ATACCGGAATTCCT-1,4-5,0.0,0.0,4.4900007,True,0.07009213790297508
7117,ACTTCAACGTTGCA-1,8-9,0.0,0.0,4.450416,True,0.06999208591878414
2185,CATAAAACTGAGAA-1,4-5,0.0,0.0,4.2629046,True,0.07026242930442095
12144,TGTAATGACTCGCT-1,8-9,0.0,0.0,4.5479326,True,0.06995918601751328
93,AACAAACTCCAAGT-1,4-5,0.0,0.0,4.1773458,True,0.07038970943540335
8558,CATTCCCTTGGATC-1,8-9,0.0,0.0,2.330573,True,0.06973401550203562
517,ACATCACTAGGCGA-1,4-5,0.0,0.0,1.5495653,True,0.06977786030620337
11551,TATGTGCTCAGTCA-1,8-9,0.0,0.0,4.5215926,True,0.07018709089607
5743,TGCATGGACGTGTA-1,4-5,0.0,0.0,1.9048879,True,0.07030302379280329
11602,TCACGAGAGGTGAG-1,8-9,0.0,0.0,4.173284,True,0.06989087536931038
1502,ATCGAGTGTCTTTG-1,4-5,0.0,0.0,1.8891038,True,0.0699497889727354
10546,GGATGTTGTGAGAA-1,8-9,0.0,0.0,4.4838448,True,0.06955191120505333
3843,GCAGCTCTACCTGA-1,4-5,0.0,0.0,2.2574177,True,0.069530607201159
6824,ACCAGTGATCTAGG-1,8-9,0.0,0.0,3.6000304,True,0.06969490367919207
2322,CCAAGATGGCTTCC-1,4-5,0.0,0.0,3.6674633,True,0.07016259618103504
12329,TTCAGTTGTGAGCT-1,8-9,0.0,0.0,4.038579,True,0.0698894253000617
518,ACATCACTTGGTGT-1,4-5,0.0,0.0,4.535739,True,0.07013036869466305
10355,GCGTAAACCTTCCG-1,8-9,0.0,0.0,1.8328931,True,0.07025131583213806
2810,CGGGACTGTGTCAG-1,4-5,0.0,0.0,4.011634,True,0.07000012509524822
6362,AACACTCTAGATGA-1,8-9,0.0,0.0,4.1636004,True,0.06990236975252628
2270,CATTACACAGATCC-1,4-5,0.0,0.0,1.2572188,True,0.07008971180766821
6978,ACGGCTCTTATGGC-1,8-9,0.0,0.0,4.778115,True,0.07007552590221167
5955,TTACACACAGTGTC-1,4-5,0.0,0.0,1.6591688,True,0.0696416748687625
8996,CGATCCACGGTTTG-1,8-9,0.0,0.0,4.3173327,True,0.0698817865923047
3487,GACTCCTGCTTCGC-1,4-5,0.0,0.0,1.8780863,True,0.06989477574825287
12161,TGTATCTGCTCAAG-1,8-9,0.0,0.0,4.4064574,True,0.07001206651329994
1453,ATCAACCTTCTAGG-1,4-5,0.0,0.0,4.0101056,True,0.06959809362888336
8796,CCGAAAACGTACAC-1,8-9,0.0,0.0,1.9063622,True,0.06963870488107204
2003,CACCGTACCTCGCT-1,4-5,0.0,0.0,1.4906728,True,0.06966796796768904
7031,ACGTTTACTGTCCC-1,8-9,0.0,0.0,3.590144,True,0.07012740522623062
3597,GAGGTTACCTCTAT-1,4-5,0.3333333333333333,0.34707176094849435,4.4401903,False,0.06984101980924606
11974,TGATTCACTACGAC-1,8-9,0.0,0.0,4.0160017,True,0.06978639960289001
5126,TAGTCTTGGATGAA-1,4-5,0.0,0.0,4.689604,True,0.06971400417387486
6659,AATGCGTGGTCTGA-1,8-9,0.0,0.0,1.7014735,True,0.07021766435354948
1580,ATGAGCACTTCGGA-1,4-5,0.0,0.0,4.3452897,True,0.07024906761944294
10809,GTAGCAACGTAAGA-1,8-9,0.0,0.0,1.9932874,True,0.06962910760194063
6053,TTCACAACTAACCG-1,4-5,0.0,0.0,2.06413,True,0.07028321735560894
8873,CCTCTACTCCCGTT-1,8-9,0.0,0.0,1.6839695,True,0.06973830703645945
3256,CTTTAGTGCCGAAT-1,4-5,0.0,0.0,4.1356997,True,0.06994553469121456
10843,GTATCACTAACGGG-1,8-9,0.0,0.0,4.598995,True,0.06910139694809914
3012,CTATGACTGTTGCA-1,4-5,0.0,0.0,1.986449,True,0.06951622385531664
6415,AACGCAACATGTCG-1,8-9,0.0,0.0,4.3295755,True,0.06959870737046003
4799,TAACATGAGTTTGG-1,4-5,0.0,0.0,4.151992,True,0.06970010232180357
9049,CGCCGAGACAAGCT-1,8-9,0.0,0.0,3.388613,True,0.07004755828529596
1650,ATGTCGGATAACGC-1,4-5,0.0,0.0,4.144003,True,0.07038718741387129
7269,AGCAAAGAGAATGA-1,8-9,0.0,0.0,4.343445,True,0.06974892225116491
3238,CTTGAGGACCTCCA-1,4-5,0.0,0.0,1.1247271,True,0.06946194171905518
10763,GTAAGCACTAGAAG-1,8-9,0.0,0.0,1.7255869,True,0.06958421692252159
5296,TCACCCGATGACAC-1,4-5,0.0,0.0,4.2085814,True,0.06981382891535759
12069,TGGACCCTGTACCA-1,8-9,0.0,0.0,1.4955022,True,0.06933407206088305
3965,GCCTCAACGTGTAC-1,4-5,0.0,0.0,4.4471903,True,0.06949551869183779
9292,CTACTCCTCAAGCT-1,8-9,0.0,0.0,1.8650508,True,0.06977498158812523
2120,CAGCGTCTGACGTT-1,4-5,0.0,0.0,4.004387,True,0.06949538551270962
9054,CGCCTAACCCCTTG-1,8-9,0.0,0.0,4.592433,True,0.06994009576737881
4490,GTAGTGACCGTGTA-1,4-5,0.0,0.0,4.4421496,True,0.06976700760424137
11983,TGCAACGACGGGAA-1,8-9,0.0,0.0,3.917743,True,0.06940565165132284
5303,TCACCTCTCTTGAG-1,4-5,0.0,0.0,1.1296073,True,0.06935815047472715
11986,TGCAAGACAACCTG-1,8-9,0.0,0.0,3.8570075,True,0.06998489424586296
4095,GCTTAACTTCCTGC-1,4-5,0.0,0.0,4.3330183,True,0.07014863099902868
10856,GTATGGTGCACTGA-1,8-9,0.0,0.0,4.2090216,True,0.06963054277002811
4735,GTTCAACTTCAGAC-1,4-5,0.0,0.0,3.9269006,True,0.06954121962189674
6690,AATTGATGTTGCAG-1,8-9,0.0,0.0,2.0283844,True,0.06971099693328142
4983,TACTGGGACCACCT-1,4-5,0.0,0.0,3.9235845,True,0.06999434437602758
6952,ACGCGGTGGTTACG-1,8-9,0.0,0.0,4.58814,True,0.06992417108267546
2354,CCACTTCTTAACCG-1,4-5,0.0,0.0,4.2712564,True,0.06989710498601198
9836,GACTGAACAAAACG-1,8-9,0.0,0.0,4.614193,True,0.06987160816788673
3619,GAGTCAACGAGCTT-1,4-5,0.0,0.0,4.432402,True,0.07011952623724937
6643,AATCTAGAGGAACG-1,8-9,0.0,0.0,4.2322545,True,0.06969579216092825
5324,TCAGACGATGCCTC-1,4-5,0.0,0.0,5.919485,True,0.06970454566180706
7936,ATGTAAACTTCGCC-1,8-9,0.0,0.0,1.4292588,True,0.06982168462127447
3613,GAGTACTGCTCATT-1,4-5,0.0,0.0,1.652997,True,0.06969673372805119
8581,CATTTGTGTCAAGC-1,8-9,0.0,0.0,4.257297,True,0.07012744899839163
574,ACCCAGCTGTTGTG-1,4-5,0.0,0.0,1.0900867,True,0.06971781700849533
11075,GTTGACGAAGCGGA-1,8-9,0.0,0.0,4.261132,True,0.07002699375152588
1449,ATCAAATGTCAGTG-1,4-5,0.0,0.0,3.8610835,True,0.06965474411845207
9490,CTGATTTGTGCAAC-1,8-9,0.0,0.0,4.4180493,True,0.06990997307002544
5418,TCCCGAACGGACAG-1,4-5,0.0,0.0,4.651328,True,0.0699588917195797
8673,CCAGTCACTCAGGT-1,8-9,0.0,0.0,4.2317877,True,0.07015151996165514
154,AACGCAACAACAGA-1,4-5,0.0,0.0,1.6289105,True,0.07011732552200556
12298,TTCAAAGACAACCA-1,8-9,0.0,0.0,4.0952306,True,0.07068864908069372
6203,TTTAGAGATTCAGG-1,4-5,0.0,0.0,3.2360296,True,0.06978718750178814
6295,AAAGCAGAGTGTCA-1,8-9,0.0,0.0,4.3150496,True,0.07013621460646391
2307,CCAAAGTGCAACTG-1,4-5,0.0,0.0,3.708771,True,0.07029945962131023
11757,TCGAGAACAGCTAC-1,8-9,0.0,0.0,4.6952925,True,0.06993144378066063
6083,TTCATGACGGAAAT-1,4-5,0.0,0.0,1.978103,True,0.07001002226024866
7491,AGGTGGGACAACTG-1,8-9,0.0,0.0,4.1893787,True,0.06943155638873577
3431,GACCTAGACGAACT-1,4-5,0.0,0.0,1.6944656,True,0.06964650098234415
7958,ATGTTGCTCCTGTC-1,8-9,0.0,0.0,3.0956395,True,0.06961766816675663
1415,ATAGGAGAAACAGA-1,4-5,0.0,0.0,1.815321,True,0.06979065015912056
7424,AGGATAGATGCTAG-1,8-9,0.0,0.0,1.8738998,True,0.06989672314375639
1716,ATTCGGGACTGACA-1,4-5,0.0,0.0,2.168459,True,0.06985566392540932
8160,CAAGTCGACTTTAC-1,8-9,0.0,0.0,4.5081544,True,0.06979347113519907
3326,GAAGATGAGGTGAG-1,4-5,0.0,0.0,2.211768,True,0.06986636202782393
12383,TTCTACGACGAGAG-1,8-9,0.0,0.0,1.6493878,True,0.06986294500529766
1645,ATGTCACTGTAAAG-1,4-5,0.0,0.0,4.165825,True,0.06998185906559229
10104,GCAAGACTTCGATG-1,8-9,0.0,0.0,1.2628431,True,0.07035813666880131
5092,TAGGTTCTGAACTC-1,4-5,0.0,0.0,4.068209,True,0.0697034215554595
10941,GTCTGAGACCATGA-1,8-9,0.0,0.0,4.3385987,True,0.06973435636609793
745,ACGTGCCTGAAGGC-1,4-5,0.0,0.0,4.1610346,True,0.06949879229068756
10608,GGCCGATGTTTGTC-1,8-9,0.0,0.0,4.2734475,True,0.06925440113991499
590,ACCGAAACGGTTCA-1,4-5,0.0,0.0,0.15328646,True,0.06950476951897144
6831,ACCATTTGGGTGTT-1,8-9,0.0,0.0,3.949778,True,0.06985331140458584
4678,GTGTCAGATGGAAA-1,4-5,0.0,0.0,4.5404263,True,0.06944140046834946
10570,GGCACGTGACTGGT-1,8-9,0.0,0.0,4.1602817,True,0.06969186756759882
3622,GAGTCTGACTCTTA-1,4-5,0.0,0.0,2.1284034,True,0.0697051016613841
12006,TGCATGGAGGTGAG-1,8-9,0.0,0.0,4.295133,True,0.06949933338910341
1667,ATTAACGACCTTCG-1,4-5,0.0,0.0,4.117396,True,0.06990368198603392
7311,AGCCGGACGGATCT-1,8-9,0.0,0.0,4.3241706,True,0.06965808384120464
3975,GCCTGACTTCACCC-1,4-5,0.0,0.0,1.6740816,True,0.0700493510812521
12159,TGTATCTGCGTGTA-1,8-9,0.0,0.0,4.3077087,True,0.06973814964294434
5696,TGATTCACGAGAGC-1,4-5,0.0,0.0,1.6441246,True,0.06990756932646036
10292,GCGAAGGAGAGGGT-1,8-9,0.0,0.0,1.9683374,True,0.06945033464580774
5359,TCATCAACCTTGGA-1,4-5,0.0,0.0,4.1138477,True,0.06983121577650309
11320,TAGAAACTGGGAGT-1,8-9,0.0,0.0,2.0758307,True,0.06931314524263144
3275,GAAAGATGATGCTG-1,4-5,0.0,0.0,1.610601,True,0.0697615621611476
7651,ATAACCCTCGTTAG-1,8-9,0.0,0.0,4.0363503,True,0.06947670318186283
3462,GACGCTCTGCGAAG-1,4-5,0.0,0.0,1.4668281,True,0.07023129239678383
8848,CCTAAGGATCTGGA-1,8-9,0.0,0.0,4.244981,True,0.06978275533765554
3567,GAGGCCACGCTACA-1,4-5,0.0,0.0,1.4326253,True,0.06961791776120663
11842,TCTTACGAACAGCT-1,8-9,0.0,0.0,4.381115,True,0.06969490647315979
4572,GTCCAGCTGTCGAT-1,4-5,0.0,0.0,4.5524206,True,0.06973921786993742
10403,GCTCACTGTGCCAA-1,8-9,0.0,0.0,4.281727,True,0.07003648765385151
1956,CACAATCTGCAAGG-1,4-5,0.0,0.0,3.8203578,True,0.07006605342030525
11106,TAAAGACTCCAGTA-1,8-9,0.0,0.0,1.7720127,True,0.0699314596131444
3316,GAACTGTGTGCCCT-1,4-5,0.0,0.0,4.3238354,True,0.07022333052009344
12171,TGTCTAACGTGTTG-1,8-9,0.0,0.0,2.1269567,True,0.06996562425047159
5001,TAGAAACTCATCAG-1,4-5,0.0,0.0,4.063559,True,0.070370614528656
10196,GCATGTGAACCAGT-1,8-9,0.0,0.0,1.7766702,True,0.07007833197712898
2308,CCAAAGTGCAGAAA-1,4-5,0.0,0.0,2.1868649,True,0.07071382366120815
10648,GGGAAGACCACTCC-1,8-9,0.0,0.0,1.8787651,True,0.0707746958360076
6052,TTCACAACGAGATA-1,4-5,0.06666666666666667,0.053821216022769555,4.012719,False,0.07019786536693573
9387,CTCAGCTGCTGTCC-1,8-9,0.0,0.0,3.970468,True,0.06986617762595415
5012,TAGACGTGCCGTAA-1,4-5,0.0,0.0,4.504409,True,0.06996048893779516
9992,GATATAACAATCGC-1,8-9,0.0,0.0,4.3036184,True,0.07024557702243328
626,ACGAACTGGTTGCA-1,4-5,0.0,0.0,3.9574814,True,0.0692976638674736
6859,ACCGCGGATAGTCG-1,8-9,0.0,0.0,3.713172,True,0.06946236081421375
6005,TTAGGGTGCACACA-1-1,4-5,0.0,0.0,4.758438,True,0.07013438083231449
11894,TGACGAACGAAGGC-1,8-9,0.0,0.0,4.3640313,True,0.06974035780876875
2912,CTAACGGACGAACT-1,4-5,0.0,0.0,1.3951811,True,0.06975855119526386
11479,TATAGATGCTCGAA-1,8-9,0.0,0.0,2.0398936,True,0.07000428438186646
1245,AGTAGGCTGTCGTA-1,4-5,0.0,0.0,3.4124432,True,0.06983718276023865
7678,ATACCTACCTCCCA-1,8-9,0.0,0.0,4.1361156,True,0.07015438564121723
6202,TTTAGAGATGGCAT-1,4-5,0.0,0.0,1.5122541,True,0.06971890944987535
10723,GGTAGTACGGCATT-1,8-9,0.0,0.0,1.3725747,True,0.06987184472382069
3914,GCCATGCTTGGTCA-1,4-5,0.0,0.0,3.3830383,True,0.06999056786298752
6860,ACCGCGGATTGTGG-1,8-9,0.0,0.0,2.8273203,True,0.0699503906071186
166,AACGGTACTCCTGC-1,4-5,0.0,0.0,4.0930896,True,0.07005017437040806
8014,ATTCTTCTCCTATT-1,8-9,0.0,0.0,4.171307,True,0.06978924106806517
2573,CCTGCAACAGCGGA-1,4-5,0.0,0.0,1.9821593,True,0.06965898163616657
8672,CCAGTCACGTCTGA-1,8-9,0.0,0.0,4.394834,True,0.06984462682157755
1767,ATTGTAGACGAGAG-1,4-5,0.0,0.0,4.5517697,True,0.07025008928030729
6320,AAATCTGAAAGCCT-1,8-9,0.0,0.0,4.5004234,True,0.06999825686216354
2629,CGACCTACCGTCTC-1,4-5,0.13333333333333333,0.1044410282626587,2.4379845,False,0.07011205516755581
11603,TCACGAGATAGAGA-1,8-9,0.0,0.0,3.7347112,True,0.06985815335065126
3562,GAGGCAGAAGTGCT-1,4-5,0.0,0.0,4.3348494,True,0.07002452667802572
8971,CGAGCGTGTAAGCC-1,8-9,0.0,0.0,3.6014984,True,0.0698941620066762
4267,GGCTAAACCTTTAC-1,4-5,0.0,0.0,1.6549046,True,0.06974636949598789
11460,TATAAGTGCGGAGA-1,8-9,0.0,0.0,4.2408905,True,0.0704315984621644
835,ACTTGACTCCACCT-1,4-5,0.0,0.0,4.483105,True,0.07013536896556616
11866,TGAAGCACACCAGT-1,8-9,0.0,0.0,4.4554286,True,0.07021376956254244
834,ACTTCTGATTTGGG-1,4-5,0.0,0.0,2.2687867,True,0.06985960062593222
11220,TACATAGATGCCTC-1,8-9,0.0,0.0,3.7330422,True,0.07009097654372454
3695,GATCTACTGGAACG-1,4-5,0.0,0.0,1.9386247,True,0.07030967716127634
12093,TGGATTCTGACACT-1,8-9,0.0,0.0,3.7339878,True,0.06987201608717442
5017,TAGAGAGAATAAGG-1,4-5,0.0,0.0,3.9830527,True,0.07021319400519133
7244,AGAGTCTGTCGCCT-1,8-9,0.0,0.0,3.2174258,True,0.06971964426338673
4585,GTCGCACTCGTAAC-1,4-5,0.0,0.0,3.823537,True,0.06993478070944548
11850,TCTTCAGATGGAGG-1,8-9,0.0,0.0,3.6995509,True,0.07044270727783442
1770,ATTGTAGATAAGGA-1,4-5,0.0,0.0,4.8796015,True,0.07019464019685984
9417,CTCCATCTTTACTC-1,8-9,0.0,0.0,4.2120895,True,0.0697233360260725
3378,GAATTAACGGTGGA-1,4-5,0.0,0.0,4.3167276,True,0.06973612122237682
8266,CACCGTTGTATGGC-1,8-9,0.0,0.0,4.7366686,True,0.06897034216672182
2018,CACCTGACTGTCTT-1,4-5,0.0,0.0,4.6532326,True,0.06959590874612331
8901,CCTTTAGACAGAGG-1,8-9,0.0,0.0,4.39009,True,0.06950093433260918
5781,TGCTATACAGCGTT-1,4-5,0.0,0.0,2.0860317,True,0.06985494587570429
9253,CTAACACTTAGAGA-1,8-9,0.0,0.0,4.5044384,True,0.06987866293638945
4786,TAACAATGTGCTAG-1-1,4-5,0.0,0.0,1.6449931,True,0.06986305490136147
11101,TAAACAACTCGATG-1,8-9,0.0,0.0,4.268099,True,0.06990088243037462
3486,GACTACGAGTTCGA-1,4-5,0.0,0.0,4.692757,True,0.06968043372035027
10859,GTATTAGACACTGA-1,8-9,0.0,0.0,1.1657758,True,0.07037338707596064
3453,GACGCCGAAGTCGT-1,4-5,0.0,0.0,4.7309246,True,0.06986007653176785
9849,GAGAAATGAGCGTT-1,8-9,0.0,0.0,1.3546991,True,0.06986365094780922
2547,CCTCATCTGTAGGG-1,4-5,0.0,0.0,2.3808806,True,0.0699917497113347
6573,AAGTATACTAAGGA-1,8-9,0.0,0.0,1.9005644,True,0.06967401038855314
5030,TAGATCCTTAACGC-1,4-5,0.0,0.0,2.1120133,True,0.06987646874040365
6650,AATCTCTGGGTGAG-1,8-9,0.0,0.0,4.1121635,True,0.06942222267389297
5861,TGGGTATGCTTGAG-1,4-5,0.0,0.0,4.1496224,True,0.06996387150138617
7819,ATCGTTTGGGCGAA-1,8-9,0.0,0.0,4.497665,True,0.06976299360394478
4967,TACTACACCCTGAA-1,4-5,0.0,0.0,3.933623,True,0.07023983262479305
6437,AACGTGTGTCTAGG-1,8-9,0.0,0.0,3.4493575,True,0.069685491733253
5141,TAGTTGCTGATACC-1,4-5,0.0,0.0,4.410741,True,0.06980441138148308
11973,TGATTCACGCTATG-1,8-9,0.0,0.0,1.242793,True,0.06977208983153105
1612,ATGCGCCTTTTCAC-1,4-5,0.0,0.0,3.1638374,True,0.06990802939981222
8384,CAGCATGAGAACCT-1,8-9,0.0,0.0,1.472868,True,0.06965138390660286
2660,CGAGCCGACTCAGA-1,4-5,0.0,0.0,3.635527,True,0.06983560603111982
8151,CAAGGACTTCACCC-1,8-9,0.0,0.0,4.3723617,True,0.06984362006187439
2343,CCACTGACCTACCC-1,4-5,0.0,0.0,1.7184869,True,0.07015167456120253
10692,GGGTAACTACCGAT-1,8-9,0.0,0.0,3.6848896,True,0.06988852750509977
3187,CTGTGAGACTCTTA-1,4-5,0.0,0.0,3.8204627,True,0.06996419094502926
7247,AGAGTGCTCATGCA-1,8-9,0.0,0.0,4.077843,True,0.06965268589556217
487,ACAGGTACATGTGC-1,4-5,0.0,0.0,0.9054019,True,0.06991555634886026
11739,TCCTACCTGACGGA-1,8-9,0.0,0.0,4.055094,True,0.06996761076152325
5985,TTACTCGATGTGAC-1,4-5,0.0,0.0,0.75273156,True,0.06968553550541401
9811,GACGGCACCGTTAG-1,8-9,0.0,0.0,4.094384,True,0.06994628440588713
6108,TTCGAGGACGCCTT-1,4-5,0.0,0.0,3.593438,True,0.07037252094596624
6852,ACCGAAACACGTTG-1,8-9,0.0,0.0,4.1024904,True,0.06947106868028641
2861,CGTCGACTTCACCC-1,4-5,0.0,0.0,4.1646686,True,0.06994336936622858
8676,CCAGTCTGAACCTG-1,8-9,0.0,0.0,4.3930197,True,0.07004665490239859
1694,ATTATGGATACTCT-1,4-5,0.0,0.0,4.602682,True,0.06966023333370686
8793,CCCTTACTTGGTAC-1,8-9,0.0,0.0,4.585453,True,0.06992463301867247
2215,CATCAACTACTACG-1,4-5,0.0,0.0,4.101569,True,0.07045349664986134
9745,GACAGTACATGTGC-1,8-9,0.0,0.0,2.095905,True,0.07010267116129398
1122,AGGACTTGAACGGG-1,4-5,0.0,0.0,2.3231819,True,0.07011966872960329
9839,GACTGAACTTCTGT-1,8-9,0.0,0.0,1.9322691,True,0.07019650563597679
4627,GTGATTCTCTCAGA-1,4-5,0.0,0.0,4.366229,True,0.07003980316221714
11720,TCCGGACTCGCATA-1,8-9,0.0,0.0,4.6194105,True,0.07007868774235249
4446,GTACGTGAAGTGCT-1,4-5,0.0,0.0,4.3443084,True,0.07022291142493486
6670,AATGTAACCTCGCT-1,8-9,0.0,0.0,2.140784,True,0.06979732401669025
6172,TTGCTATGACAGCT-1,4-5,0.0,0.0,3.9834564,True,0.06981749180704355
12042,TGCTATACGCTGTA-1,8-9,0.0,0.0,4.2526946,True,0.0695472564548254
3233,CTTGAACTTAGTCG-1,4-5,0.0,0.0,4.7377343,True,0.06956059020012617
10371,GCGTATGAGACAAA-1-1,8-9,0.0,0.0,4.3609324,True,0.06986858323216438
5964,TTACAGCTCTAGAC-1,4-5,0.0,0.0,4.2453914,True,0.07008409593254328
8055,ATTGTAGAGCCATA-1,8-9,0.0,0.0,4.2226796,True,0.0699630118906498
2904,CTAAACCTTAAGGA-1,4-5,0.0,0.0,1.2084923,True,0.06921110115945339
7570,AGTCTTACTCAGAC-1,8-9,0.0,0.0,1.5841141,True,0.06941613554954529
1550,ATCTGTTGTCACGA-1,4-5,0.0,0.0,3.6984956,True,0.06954314932227135
7869,ATGAGAGACCGAAT-1,8-9,0.0,0.0,4.232462,True,0.07004240341484547
3834,GCAGCCGACTCAGA-1,4-5,0.0,0.0,1.3946133,True,0.06980490405112505
8359,CAGACCCTCTCGAA-1,8-9,0.0,0.0,2.0280416,True,0.07027443125844002
5155,TATACAGAACCACA-1,4-5,0.0,0.0,1.5340855,True,0.06990979798138142
11125,TAACATGAACCTAG-1,8-9,0.0,0.0,3.9390175,True,0.06972177885472775
5499,TCGCAAGATTTACC-1,4-5,0.0,0.0,4.275455,True,0.06998245790600777
7351,AGCGGCACACTTTC-1,8-9,0.0,0.0,4.3598714,True,0.07035873830318451
4737,GTTCAACTTGATGC-1,4-5,0.0,0.0,4.3969984,True,0.06991532631218433
11666,TCCACGTGAAAAGC-1,8-9,0.0,0.0,1.8249689,True,0.07011629268527031
19,AAACGGCTTTCGTT-1,4-5,0.0,0.0,4.1155024,True,0.07014598604291677
7029,ACGTTTACCGACAT-1,8-9,0.0,0.0,1.5814342,True,0.06966634932905436
5873,TGGTAGTGAAAAGC-1,4-5,0.0,0.0,3.8008096,True,0.06996285635977983
7709,ATAGCCGAACACTG-1,8-9,0.0,0.0,4.127522,True,0.06996921543031931
1021,AGCCAATGCAAAGA-1,4-5,0.0,0.0,4.456307,True,0.06991750746965408
10455,GGAATCTGTCCCAC-1,8-9,0.0,0.0,4.1689634,True,0.06990273855626583
3594,GAGGTGGACATTTC-1,4-5,0.0,0.0,1.9830315,True,0.07001511100679636
10366,GCGTAATGTTTACC-1,8-9,0.0,0.0,1.6467297,True,0.0694783041253686
3478,GACGTATGGGTAGG-1,4-5,0.4666666666666667,0.3559722341164371,6.2519593,False,0.06976042222231627
9147,CGGGCATGCACTTT-1,8-9,0.0,0.0,4.2580237,True,0.07004225440323353
3437,GACGAACTACAGCT-1-1,4-5,0.0,0.0,4.2615366,True,0.06999271642416716
9226,CGTTAACTATCACG-1,8-9,0.0,0.0,4.0664773,True,0.07011713553220034
457,ACACCAGAGTAAGA-1,4-5,0.0,0.0,4.267585,True,0.06964320223778486
7468,AGGGTGGAGAGGTG-1,8-9,0.0,0.0,1.715291,True,0.0700098630040884
5362,TCATCATGATGGTC-1,4-5,0.06666666666666667,0.04265230456965119,4.190772,False,0.06948073580861092
6261,AAACGCACGCTTAG-1-1,8-9,0.0,0.0,3.9994717,True,0.06998486816883087
2712,CGCACTACTCCTAT-1,4-5,0.0,0.0,1.3278213,True,0.06999933626502752
7896,ATGCAGTGCAGCTA-1,8-9,0.0,0.0,3.9460013,True,0.0698472959920764
106,AACACGTGTTCTTG-1,4-5,0.0,0.0,3.386748,True,0.07025699503719807
12196,TGTGGATGGGTAGG-1,8-9,0.0,0.0,4.230894,True,0.06979066040366888
3822,GCACTAGACTAGTG-1,4-5,0.0,0.0,1.8868139,True,0.0699695311486721
7587,AGTGTGACGACTAC-1-1,8-9,0.0,0.0,3.7616942,True,0.0698458831757307
3552,GAGCGGCTTCGCAA-1,4-5,0.0,0.0,4.47512,True,0.06975233275443316
11469,TATACAGACCTTGC-1-1,8-9,0.0,0.0,4.074852,True,0.06976620014756918
1160,AGGGAGTGACGTAC-1,4-5,0.0,0.0,4.294858,True,0.07013893406838179
10787,GTACGAACCACTTT-1,8-9,0.0,0.0,4.254175,True,0.06967134959995747
3353,GAAGTCACTCGCTC-1,4-5,0.0,0.0,3.5446253,True,0.07043960504233837
8162,CAAGTCGAGCCTTC-1,8-9,0.0,0.0,4.4172077,True,0.06974155269563198
2864,CGTGAAACGAGGTG-1,4-5,0.0,0.0,4.4636507,True,0.06977343186736107
6796,ACCAACGAGACGAG-1-1,8-9,0.0,0.0,4.0960493,True,0.06954277493059635
706,ACGGCTCTGGTTTG-1,4-5,0.0,0.0,4.462287,True,0.06984344869852066
11060,GTTCAACTATGCCA-1,8-9,0.0,0.0,4.012016,True,0.06951538845896721
5358,TCATCAACCCACCT-1,4-5,0.06666666666666667,0.046105120275897894,4.4084425,False,0.06977967359125614
9696,GAAGTCACTCCCAC-1,8-9,0.0,0.0,4.349655,True,0.06958283856511116
5771,TGCGCACTGACTAC-1,4-5,0.0,0.0,1.6975988,True,0.06980094593018293
10721,GGTAGTACGAGATA-1-1,8-9,0.0,0.0,3.3146935,True,0.06974257808178663
5374,TCATGTACTTCACT-1,4-5,0.0,0.0,4.303016,True,0.06953116226941347
8400,CAGCTAGAGTGTAC-1,8-9,0.0,0.0,4.2515807,True,0.06976474169641733
2284,CATTGGGACTTCCG-1,4-5,0.0,0.0,4.8889756,True,0.06908384803682566
8389,CAGCGGACACACGT-1,8-9,0.0,0.0,1.5829736,True,0.06911264080554247
4122,GGAAGGTGGTAGCT-1,4-5,0.0,0.0,1.9881606,True,0.06953696720302105
6734,ACACATCTATGACC-1,8-9,0.0,0.0,4.2130475,True,0.0694897947832942
2806,CGGCGATGTGCAGT-1,4-5,0.0,0.0,4.481759,True,0.06987192761152983
11918,TGACTTACGAACCT-1,8-9,0.0,0.0,4.2575316,True,0.07038850896060467
2178,CAGTTTACCTCAGA-1,4-5,0.06666666666666667,0.049317124049935504,5.265797,False,0.07031828351318836
8881,CCTGAGCTTGCTTT-1,8-9,0.0,0.0,4.300773,True,0.07045212294906378
3901,GCCACGGACAGGAG-1,4-5,0.0,0.0,4.3213353,True,0.07009066268801689
6329,AAATGTTGTCACCC-1,8-9,0.0,0.0,2.0688841,True,0.070108980871737
3926,GCCCAGGACGGTAT-1,4-5,0.0,0.0,1.9930946,True,0.0702661033719778
9121,CGGAGGCTTCACCC-1,8-9,0.0,0.0,4.338326,True,0.07046846859157085
5883,TGGTATCTTGCTGA-1,4-5,0.0,0.0,4.3685727,True,0.0697973920032382
9649,GAACCTGACCTTCG-1,8-9,0.0,0.0,4.1808815,True,0.06975781265646219
6093,TTCCAAACAAGTGA-1,4-5,0.0,0.0,4.0012603,True,0.07000003941357136
9915,GAGGGTGAACCTGA-1,8-9,0.0,0.0,4.2259364,True,0.06984445545822382
416,AATTGTGAAACGGG-1,4-5,0.0,0.0,3.9493537,True,0.06958025228232145
8396,CAGCGGACTGGCAT-1,8-9,0.0,0.0,4.163593,True,0.069807518273592
385,AATGCGTGTATCTC-1,4-5,0.0,0.0,3.7849028,True,0.06967387069016695
7899,ATGCCAGACTGAAC-1,8-9,0.0,0.0,4.164779,True,0.06999465823173523
2235,CATCGGCTGCTGTA-1,4-5,0.06666666666666667,0.043668798524938345,3.8843484,False,0.07000485621392727
11791,TCGTGAGAGAGGAC-1,8-9,0.0,0.0,3.5557818,True,0.07019470166414976
1993,CACCACTGCTTATC-1,4-5,0.0,0.0,1.5313799,True,0.0700719216838479
7326,AGCCTCACCCAGTA-1,8-9,0.0,0.0,1.0129288,True,0.06984811928123236
5820,TGGAGACTGGTGGA-1,4-5,0.0,0.0,3.9316733,True,0.06981366500258446
7772,ATCAGGTGGGTCAT-1,8-9,0.0,0.0,4.3096604,True,0.0693119689822197
3460,GACGCTCTCCTAAG-1,4-5,0.0,0.0,2.0993757,True,0.06964749563485384
10228,GCCACTACTACGCA-1,8-9,0.0,0.0,1.8506886,True,0.06980156432837248
522,ACATTCTGTTTGCT-1,4-5,0.0,0.0,4.509589,True,0.07000047620385885
10840,GTAGTGTGGCGGAA-1,8-9,0.0,0.0,3.9253576,True,0.06999917048960924
2097,CAGACTGATAGTCG-1,4-5,0.0,0.0,4.641634,True,0.07031814474612474
12401,TTCTTACTGCGAGA-1,8-9,0.0,0.0,4.272638,True,0.07010223343968391
4235,GGCCACGATGTGGT-1,4-5,0.0,0.0,4.2287407,True,0.07048242632299662
6488,AAGAGATGTTCATC-1,8-9,0.0,0.0,4.2816076,True,0.07000783272087574
5380,TCATTGACAGTTCG-1,4-5,0.0,0.0,4.23014,True,0.0705440528690815
11166,TAAGGCTGCGTTGA-1,8-9,0.0,0.0,2.0538967,True,0.06970856059342623
5346,TCAGTGGAAGTACC-1,4-5,0.0,0.0,4.2488604,True,0.06996043026447296
8229,CACAGCCTGAATGA-1,8-9,0.0,0.0,4.537461,True,0.0701869623735547
4779,TAAATGTGCTTTAC-1,4-5,0.0,0.0,3.9572635,True,0.07000545505434275
8007,ATTCGACTTTCCGC-1-1,8-9,0.0,0.0,4.2936954,True,0.07021864876151085
5755,TGCCGACTATGTCG-1,4-5,0.0,0.0,3.965982,True,0.07011212222278118
9679,GAAGCTACGTGTCA-1,8-9,0.0,0.0,4.143814,True,0.07000122498720884
1149,AGGCCTCTTAGTCG-1,4-5,0.0,0.0,3.7409976,True,0.06962865870445967
7437,AGGCCTCTCCAGTA-1,8-9,0.0,0.0,2.0687616,True,0.07025825697928667
4070,GCTCACTGAGAGTA-1,4-5,0.0,0.0,4.1921678,True,0.0700426995754242
11420,TAGTATGAGATACC-1,8-9,0.0,0.0,4.158091,True,0.07012328319251537
3660,GATATCCTCCCGTT-1,4-5,0.0,0.0,1.6117555,True,0.07000908814370632
11484,TATCAAGAACTCAG-1,8-9,0.0,0.0,1.3802332,True,0.06950763612985611
4383,GGTATCGATATCTC-1,4-5,0.0,0.0,4.320125,True,0.06956693530082703
12052,TGGAAAGATCAGGT-1,8-9,0.0,0.0,4.5783844,True,0.06955801788717508
5341,TCAGTACTCTAGCA-1,4-5,0.0,0.0,3.7849817,True,0.07012192159891129
8109,CAACGATGGCTATG-1,8-9,0.0,0.0,4.212996,True,0.07054143119603395
4812,TAAGAGGACTTTAC-1,4-5,0.0,0.0,5.0098796,True,0.07018064148724079
11356,TAGCCCTGTTCGCC-1,8-9,0.0,0.0,3.7413664,True,0.07016187161207199
1551,ATCTTGACACACAC-1,4-5,0.0,0.0,4.0563197,True,0.07021936774253845
10626,GGCTAAACTTCTGT-1,8-9,0.0,0.0,2.5186808,True,0.07030976004898548
3782,GCAATCGATGCCTC-1,4-5,0.0,0.0,3.8370743,True,0.06996255926787853
8429,CAGGTTGACCAGTA-1,8-9,0.0,0.0,1.7184939,True,0.06977741979062557
5449,TCCTAAACGGTCTA-1,4-5,0.0,0.0,3.795283,True,0.06993086915463209
12421,TTGAGGACAGCTCA-1,8-9,0.0,0.0,4.450383,True,0.06972073949873447
1829,CAAATATGGGTTTG-1,4-5,0.0,0.0,2.03384,True,0.07011501584202051
9616,GAAACAGACCAAGT-1,8-9,0.0,0.0,4.2346673,True,0.06977247167378664
717,ACGGTATGTCGTGA-1,4-5,0.06666666666666667,0.046105120275897894,2.4472854,False,0.07013668213039637
10480,GGACATTGGTTTGG-1,8-9,0.0,0.0,4.372489,True,0.0696739424020052
1528,ATCGGTGAGACGTT-1,4-5,0.0,0.0,1.8398808,True,0.06992116384208202
12045,TGCTGAGAGAACCT-1,8-9,0.0,0.0,1.3998017,True,0.07022593356668949
1434,ATATACGAGATAAG-1,4-5,0.0,0.0,2.805168,True,0.07005445472896099
6369,AACAGCACACCTTT-1,8-9,0.0,0.0,4.1372476,True,0.06998976413160563
5956,TTACACACATTCCT-1,4-5,0.0,0.0,1.1972773,True,0.0702516445890069
8164,CAAGTCGAGGTAGG-1,8-9,0.0,0.0,4.277394,True,0.06981101725250483
2172,CAGTTGGAATCACG-1,4-5,0.0,0.0,4.3159056,True,0.06968236993998289
10112,GCACAAACCCTCCA-1-1,8-9,0.0,0.0,4.1630945,True,0.06966374907642603
4999,TACTTTCTTCGCAA-1,4-5,0.0,0.0,4.221642,True,0.06983878184109926
11567,TCAAGTCTCACTGA-1,8-9,0.0,0.0,1.6574061,True,0.06970103550702333
1489,ATCCTAACGTTCTT-1,4-5,0.0,0.0,4.1951914,True,0.06993377208709717
7277,AGCAAGCTTATCTC-1,8-9,0.0,0.0,4.4710283,True,0.0698180478066206
3085,CTCTAAACTCGATG-1,4-5,0.0,0.0,4.214647,True,0.07014315854758024
9425,CTCCTACTGGTGGA-1,8-9,0.0,0.0,3.6565104,True,0.0696438467130065
4239,GGCCCAGACATGAC-1,4-5,0.0,0.0,2.0851974,True,0.07035511266440153
11630,TCAGGATGTTTCAC-1,8-9,0.0,0.0,2.0577185,True,0.06973484344780445
3653,GATATAACTCCTCG-1,4-5,0.0,0.0,1.9905916,True,0.06972693651914597
9062,CGCGAGACGACGTT-1,8-9,0.0,0.0,4.1713204,True,0.07009435631334782
2321,CCAAGATGCCCAAA-1,4-5,0.0,0.0,4.298232,True,0.06983232963830233
10006,GATATCCTAGAGAT-1,8-9,0.0,0.0,3.9683251,True,0.0698967119678855
899,AGACACTGCCGTTC-1,4-5,0.0,0.0,4.3578587,True,0.06921343319118023
10020,GATCCGCTAATCGC-1,8-9,0.0,0.0,1.5097004,True,0.0698283975943923
5114,TAGTATGATTATCC-1,4-5,0.0,0.0,3.8310668,True,0.06974061951041222
8310,CACTCCGAAGTGCT-1,8-9,0.0,0.0,4.6703486,True,0.06977394502609968
1095,AGCTTACTCTTCCG-1,4-5,0.0,0.0,1.8858687,True,0.06995767541229725
11953,TGATAAACTCTCCG-1,8-9,0.0,0.0,1.7925874,True,0.06959240883588791
4343,GGGTTAACATGTCG-1,4-5,0.0,0.0,5.895063,True,0.06982157565653324
12050,TGGAAAGAACCACA-1,8-9,0.0,0.0,1.7931387,True,0.07019801810383797
2386,CCAGTGCTTACTGG-1,4-5,0.0,0.0,4.4662566,True,0.06989959068596363
8745,CCCATCGATGTGGT-1,8-9,0.0,0.0,3.9305444,True,0.06968052498996258
1456,ATCACGGACTTCGC-1,4-5,0.0,0.0,3.7614415,True,0.07011633645743132
9285,CTACGGCTCTGTGA-1,8-9,0.0,0.0,1.9083443,True,0.07001618761569262
1564,ATGAAACTCTTGCC-1,4-5,0.0,0.0,4.458336,True,0.06975411809980869
8257,CACCGTACCGGTAT-1,8-9,0.0,0.0,4.335214,True,0.06979551073163748
1697,ATTCAGCTCACTAG-1,4-5,0.0,0.0,4.0395083,True,0.06997146364301443
6374,AACATTGAAACGGG-1,8-9,0.0,0.0,3.735226,True,0.06984611041843891
697,ACGGAACTTGGTAC-1,4-5,0.0,0.0,3.6736093,True,0.06978986505419016
7711,ATAGCCGACCTGAA-1,8-9,0.0,0.0,1.9733851,True,0.06970781460404396
999,AGCAAGCTAAGGCG-1,4-5,0.0,0.0,4.3343368,True,0.06968276109546423
8878,CCTGACTGGTTGTG-1,8-9,0.0,0.0,1.9977717,True,0.06958301737904549
515,ACATCACTACCAAC-1-1,4-5,0.0,0.0,3.813546,True,0.06974215339869261
8001,ATTCCATGCTCTAT-1,8-9,0.0,0.0,3.1630101,True,0.07042515370994806
3491,GACTCCTGTGGAGG-1,4-5,0.0,0.0,3.8122823,True,0.07027410063892603
7582,AGTGACTGAATGCC-1,8-9,0.0,0.0,1.65058,True,0.06977958139032125
4395,GGTGGAGACCACAA-1,4-5,0.0,0.0,4.237831,True,0.06948047503829002
8300,CACTAGGATGTAGC-1,8-9,0.0,0.0,1.3869781,True,0.06998373940587044
4597,GTCTGAGAGTACAC-1,4-5,0.0,0.0,4.239109,True,0.07028808817267418
9733,GACAACTGGAGGTG-1,8-9,0.0,0.0,1.966542,True,0.069737090729177
1741,ATTGCACTTATGGC-1,4-5,0.0,0.0,4.0162683,True,0.07016327232122421
7185,AGACGTACGCCATA-1,8-9,0.0,0.0,4.3155994,True,0.06964790727943182
5348,TCAGTGGATCCCAC-1,4-5,0.0,0.0,1.5144027,True,0.06993179768323898
7699,ATAGATACAGTGCT-1,8-9,0.0,0.0,1.9841905,True,0.06941051594913006
4414,GTAAGCACTGCAAC-1,4-5,0.0,0.0,4.384478,True,0.06935160420835018
12321,TTCAGACTGAAACA-1,8-9,0.0,0.0,5.0888743,True,0.06991942878812551
3617,GAGTACTGTGCCAA-1,4-5,0.0,0.0,4.2270617,True,0.06955540645867586
10561,GGCAAGGAAACCTG-1,8-9,0.0,0.0,1.7943368,True,0.06999090686440468
4800,TAACATGATAAGCC-1,4-5,0.0,0.0,4.301246,True,0.07018499355763197
10811,GTAGCATGACGCAT-1,8-9,0.0,0.0,1.9940012,True,0.06983928009867668
3465,GACGGCACACTGGT-1,4-5,0.0,0.0,4.2053704,True,0.06981113273650408
6963,ACGGAACTCTCGCT-1,8-9,0.0,0.0,4.125556,True,0.06946170423179865
3381,GACAACACCCTATT-1,4-5,0.0,0.0,4.480607,True,0.06978524196892977
12426,TTGAGGTGCACCAA-1,8-9,0.0,0.0,4.2054644,True,0.07021465804427862
5425,TCCCTACTAGACTC-1,4-5,0.0,0.0,4.438089,True,0.06995620392262936
11733,TCCTAATGCTATTC-1,8-9,0.0,0.0,1.4971256,True,0.06966251228004694
4452,GTACTACTATTCCT-1,4-5,0.0,0.0,4.481356,True,0.07012126594781876
8362,CAGACCCTTCTTCA-1,8-9,0.0,0.0,1.787354,True,0.06976083386689425
6113,TTCGGAGACACTAG-1,4-5,0.0,0.0,4.362946,True,0.07053205091506243
8561,CATTGACTGGTCTA-1,8-9,0.0,0.0,4.271038,True,0.0704085361212492
1592,ATGCAGTGTTCTAC-1,4-5,0.0,0.0,4.647839,True,0.07006689254194498
9029,CGCAGGTGTGACTG-1,8-9,0.0,0.0,4.351625,True,0.07003890629857779
5834,TGGATGTGCATTGG-1,4-5,0.0,0.0,1.8093662,True,0.07038847357034683
10716,GGTACATGCTGAAC-1,8-9,0.0,0.0,4.418524,True,0.07011467404663563
1154,AGGCTAACTTTCTG-1,4-5,0.0,0.0,4.0731916,True,0.0698978379368782
9455,CTGAAGTGCGGAGA-1,8-9,0.0,0.0,4.48296,True,0.07014660444110632
866,AGAACGCTGAAACA-1,4-5,0.0,0.0,4.154134,True,0.07022060453891754
7838,ATCTGGGAAACTGC-1,8-9,0.0,0.0,4.293349,True,0.06985139101743698
4603,GTGAACACTGTTTC-1,4-5,0.0,0.0,1.82013,True,0.07017993461340666
8762,CCCGGAGACTTGGA-1,8-9,0.0,0.0,1.8339545,True,0.07017987314611673
2250,CATGCGCTCCCACT-1,4-5,0.0,0.0,4.289578,True,0.07016592100262642
6619,AATCAAACCTGTAG-1,8-9,0.0,0.0,4.7815194,True,0.07043912075459957
5669,TGAGGACTTCGCTC-1,4-5,0.0,0.0,4.3013673,True,0.06975885853171349
11745,TCGAATCTAAAGCA-1,8-9,0.0,0.0,3.4659858,True,0.06986317783594131
2396,CCATCCGAAGAATG-1,4-5,0.0,0.0,4.5096364,True,0.0696924077346921
12429,TTGAGGTGTCTCAT-1,8-9,0.0,0.0,4.1298637,True,0.06955045834183693
5962,TTACAGCTAGGTCT-1,4-5,0.0,0.0,4.039755,True,0.0700062233954668
9697,GAAGTCACTCTAGG-1,8-9,0.0,0.0,4.5302606,True,0.07018618565052748
805,ACTGAGACACGGTT-1-1,4-5,0.0,0.0,1.9163646,True,0.06989691220223904
6888,ACCTTTGAGGGACA-1,8-9,0.0,0.0,1.9771124,True,0.07018751185387373
3037,CTCAGAGATGGTAC-1,4-5,0.0,0.0,0.95696956,True,0.06974537670612335
11438,TAGTGGTGATGCCA-1,8-9,0.0,0.0,1.5195823,True,0.07009094674140215
2006,CACCGTTGATTCCT-1,4-5,0.0,0.0,1.23813,True,0.0701567605137825
7458,AGGGCCTGGTACCA-1,8-9,0.0,0.0,4.605798,True,0.07030517142266035
2664,CGAGCGTGCAGATC-1,4-5,0.0,0.0,3.950086,True,0.07043967116624117
7966,ATTAAGACCTTAGG-1,8-9,0.0,0.0,4.205109,True,0.06996160186827183
4126,GGAAGGTGTTGTGG-1,4-5,0.0,0.0,4.073327,True,0.06989055220037699
11139,TAACTAGACGCTAA-1,8-9,0.0,0.0,4.381728,True,0.06987232342362404
3284,GAAAGCCTTGCTTT-1,4-5,0.0,0.0,3.7922912,True,0.06978431716561317
6723,ACAATAACTTGCGA-1,8-9,0.0,0.0,3.2040246,True,0.06932979077100754
495,ACAGTCGATGACAC-1,4-5,0.0,0.0,4.0949616,True,0.06979409512132406
11210,TACAATGATTGGCA-1,8-9,0.0,0.0,3.1422443,True,0.06929634418338537
3287,GAAATACTCTCTAT-1,4-5,0.0,0.0,1.7183516,True,0.06977618765085936
6741,ACACCCTGTGGGAG-1,8-9,0.0,0.0,4.1663675,True,0.07008545193821192
100,AACAATACGTTCTT-1,4-5,0.0,0.0,1.2956572,True,0.06980174500495195
9977,GATAATACTGACCA-1,8-9,0.0,0.0,4.3228774,True,0.06968624982982874
3922,GCCCAACTTTACTC-1,4-5,0.0,0.0,4.6289563,True,0.06960728298872709
9439,CTCGACTGGGCAAG-1,8-9,0.0,0.0,2.223936,True,0.0699952905997634
4077,GCTCAGCTCTTCCG-1,4-5,0.0,0.0,2.1501968,True,0.06964780017733574
8125,CAAGAAGACTGGTA-1,8-9,0.0,0.0,4.202593,True,0.06951745878905058
4858,TAATGATGTCAGAC-1,4-5,0.0,0.0,4.21652,True,0.06948124337941408
12016,TGCCAGCTCTAGTG-1,8-9,0.0,0.0,4.292722,True,0.06972196977585554
316,AATAACACCCTGAA-1,4-5,0.26666666666666666,0.4030875334666092,4.152145,False,0.06978352274745703
6348,AACAAACTTGTGCA-1,8-9,0.0,0.0,4.4881334,True,0.06971837487071753
4391,GGTCTAGAAGGCGA-1,4-5,0.0,0.0,4.246474,True,0.06966208107769489
12297,TTCAAAGAATGCTG-1,8-9,0.0,0.0,4.0365276,True,0.07020001113414764
507,ACAGTTCTCTGAGT-1,4-5,0.0,0.0,2.2034822,True,0.06997353676706553
11458,TATAAGTGAACGTC-1,8-9,0.0,0.0,1.6031007,True,0.06979590002447367
1808,ATTTGCACTAAGGA-1,4-5,0.06666666666666667,0.04481043185393461,4.723181,False,0.0697642620652914
8124,CAAGAAGACATTTC-1,8-9,0.0,0.0,1.5357782,True,0.0699567561969161
2630,CGACCTACCTACTT-1,4-5,0.0,0.0,4.4027605,True,0.0694744037464261
11606,TCACTATGCGCCTT-1,8-9,0.0,0.0,4.1637836,True,0.0693664001300931
5918,TGTATGCTCTTGCC-1,4-5,0.0,0.0,4.5763464,True,0.07028345391154289
12392,TTCTCAGACGATAC-1,8-9,0.0,0.0,2.0201747,True,0.07004582230001688
338,AATATCGAGTATGC-1,4-5,0.0,0.0,4.1923246,True,0.06938269548118114
10343,GCGGACTGGGAGTG-1,8-9,0.0,0.0,3.5366619,True,0.06944606825709343
5649,TGACTTTGACGTAC-1,4-5,0.0,0.0,1.8752197,True,0.06997067481279373
11878,TGACACGACTAGTG-1,8-9,0.0,0.0,1.5221393,True,0.06960225664079189
2331,CCAATGGAGGATTC-1,4-5,0.0,0.0,4.453637,True,0.06977374572306871
6895,ACGAACTGTGGCAT-1,8-9,0.0,0.0,1.8289587,True,0.06979099474847317
1860,CAACGTGATAGACC-1,4-5,0.0,0.0,4.5233483,True,0.06947469618171453
11742,TCCTACCTGTACGT-1,8-9,0.0,0.0,4.442992,True,0.06938106566667557
4541,GTCATACTATGGTC-1,4-5,0.0,0.0,4.748474,True,0.0698335450142622
7019,ACGTGCCTGTTGTG-1,8-9,0.0,0.0,4.177505,True,0.06996988505125046
1989,CACCACTGATAAGG-1,4-5,0.0,0.0,4.4153733,True,0.07018707413226366
8643,CCAGACCTCACTGA-1,8-9,0.0,0.0,1.620011,True,0.06916543748229742
3748,GATTGGACCTTCCG-1,4-5,0.0,0.0,1.4652297,True,0.07003894727677107
6583,AAGTGCACTCCGAA-1,8-9,0.0,0.0,1.6608663,True,0.07031346671283245
5146,TATAAGACCCTTCG-1,4-5,0.0,0.0,4.3790016,True,0.0694916844367981
6823,ACCAGTGATAAGCC-1,8-9,0.0,0.0,1.432833,True,0.06957166735082865
5228,TATGGGTGCCTACC-1,4-5,0.0,0.0,1.4051971,True,0.06982280593365431
11070,GTTCAGGATTAGGC-1,8-9,0.0,0.0,4.347283,True,0.06965679489076138
3678,GATCGAACGTGTCA-1,4-5,0.0,0.0,3.5109525,True,0.06947452109307051
6912,ACGAGGGATTCACT-1,8-9,0.0,0.0,0.75491124,True,0.06999112293124199
820,ACTGTGGATTGTGG-1,4-5,0.0,0.0,4.1103044,True,0.06991672050207853
10652,GGGAAGTGGGGTGA-1,8-9,0.0,0.0,4.121853,True,0.06998489890247583
3704,GATGACACGACGGA-1,4-5,0.0,0.0,4.248256,True,0.06940814666450024
7753,ATCAACCTAAGCAA-1,8-9,0.0,0.0,1.7339069,True,0.0694818664342165
3681,GATCGATGGGGTGA-1,4-5,0.0,0.0,4.213,True,0.06981911137700081
10418,GCTCGACTTGCCTC-1,8-9,0.0,0.0,3.3953483,True,0.06966499052941799
5695,TGATTCACGACAAA-1,4-5,0.0,0.0,3.9987526,True,0.06985395681113005
12252,TTAGACCTGGATCT-1,8-9,0.0,0.0,4.368331,True,0.06985987164080143
2704,CGCAACCTTTCTTG-1,4-5,0.0,0.0,4.204982,True,0.0698378263041377
10267,GCCGGAACTCCCGT-1,8-9,0.0,0.0,3.6411257,True,0.07016903162002563
3070,CTCGACACCTGCAA-1,4-5,0.0,0.0,2.1239965,True,0.07006146293133497
9113,CGGACTCTAACCGT-1,8-9,0.0,0.0,1.576371,True,0.06986305862665176
2569,CCTGAGCTGTACGT-1,4-5,0.0,0.0,4.3577695,True,0.0703048026189208
12124,TGGTTACTACCAAC-1,8-9,0.0,0.0,4.1771326,True,0.06963003985583782
1433,ATATACGAGAGACG-1,4-5,0.0,0.0,1.3579882,True,0.07015404384583235
7836,ATCTGACTTCAGAC-1,8-9,0.0,0.0,4.1854944,True,0.0699619883671403
5597,TGAAATTGTAGACC-1,4-5,0.0,0.0,4.199863,True,0.07016739901155233
7598,AGTGTTCTTGGTAC-1,8-9,0.0,0.0,4.480929,True,0.07006752956658602
2134,CAGCTCTGTTGACG-1,4-5,0.0,0.0,3.0503738,True,0.07000570837408304
10523,GGAGGCCTCCGTTC-1,8-9,0.0,0.0,1.9840899,True,0.06963204313069582
3134,CTGATACTTCTCAT-1,4-5,0.0,0.0,4.0068383,True,0.06990260444581509
7686,ATACGGACAGTTCG-1,8-9,0.0,0.0,4.0331264,True,0.06997213512659073
468,ACACGAACTTCATC-1,4-5,0.2,0.1385057900317031,2.6364202,False,0.06987317930907011
10788,GTACGAACCTTCCG-1,8-9,0.0,0.0,4.1124644,True,0.07010452169924974
2014,CACCTGACCGATAC-1,4-5,0.0,0.0,4.8552885,True,0.07017725426703691
10092,GCAACCCTCATCAG-1,8-9,0.0,0.0,4.137206,True,0.06935337465256453
4474,GTAGCTGAGACGGA-1,4-5,0.0,0.0,4.262945,True,0.06978504918515682
9999,GATATATGCCTTCG-1,8-9,0.0,0.0,4.0374856,True,0.07019480410963297
3874,GCATGATGGGACAG-1,4-5,0.0,0.0,3.819971,True,0.06972937751561403
9725,GAATTAACCAGATC-1,8-9,0.0,0.0,4.009342,True,0.06939656659960747
2023,CACGAAACTCGATG-1,4-5,0.0,0.0,4.268057,True,0.06970277614891529
6594,AATAAGCTAGCCAT-1,8-9,0.0,0.0,4.175669,True,0.06989877764135599
4722,GTTATCTGCCTAAG-1,4-5,0.0,0.0,3.847837,True,0.06971108540892601
10410,GCTCCATGCTGTGA-1,8-9,0.0,0.0,1.855577,True,0.06991193536669016
4701,GTTAGGTGCTCAAG-1,4-5,0.0,0.0,4.364984,True,0.06926094833761454
10353,GCGTAAACCCTATT-1,8-9,0.0,0.0,3.831602,True,0.07011537626385689
901,AGACACTGTCCGAA-1,4-5,0.0,0.0,3.964794,True,0.06953698582947254
9324,CTAGTTTGTCTTTG-1,8-9,0.0,0.0,4.8818674,True,0.06966668087989092
3044,CTCAGGCTAACGTC-1,4-5,0.0,0.0,1.5343549,True,0.06971398089081049
12036,TGCGTAGAAATCGC-1,8-9,0.0,0.0,4.018495,True,0.07039704639464617
48,AAAGTTTGCATTCT-1,4-5,0.0,0.0,4.3383074,True,0.06994980666786432
8721,CCCAACTGGGTATC-1,8-9,0.0,0.0,2.2014077,True,0.07011466566473246
2866,CGTGAAACGTACGT-1,4-5,0.0,0.0,4.7576685,True,0.07032282743602991
7751,ATCAAATGTGATGC-1,8-9,0.0,0.0,4.264726,True,0.06990570295602083
809,ACTGCCTGACCTAG-1,4-5,0.13333333333333333,0.18111982294936083,4.1704326,False,0.06976136099547148
10910,GTCCAGCTTCTACT-1,8-9,0.0,0.0,2.105676,True,0.06963744852691889
4864,TAATGCCTGGAACG-1,4-5,0.0,0.0,4.196371,True,0.07007851917296648
6581,AAGTCTCTCTCCAC-1,8-9,0.0,0.0,4.81097,True,0.07003821525722742
2908,CTAACACTGCAAGG-1,4-5,0.0,0.0,4.1868057,True,0.06962643098086119
12167,TGTCAGGACATTTC-1,8-9,0.0,0.0,3.9873726,True,0.07057533785700798
321,AATAAGCTGTTGCA-1,4-5,0.0,0.0,3.8034973,True,0.06983816158026457
6984,ACGGTAACGTGTTG-1,8-9,0.0,0.0,4.432929,True,0.06958356406539679
2654,CGAGAACTTCATTC-1,4-5,0.0,0.0,3.8603733,True,0.0695990240201354
7731,ATAGGCTGCAAAGA-1,8-9,0.0,0.0,4.1810446,True,0.0696687726303935
4707,GTTAGTCTATGACC-1,4-5,0.0,0.0,3.2734833,True,0.069775122217834
12033,TGCGCACTTCGTGA-1-1,8-9,0.0,0.0,1.9379531,True,0.06989658996462822
1958,CACACCTGGACGAG-1,4-5,0.0,0.0,3.8295078,True,0.06940383184701204
8018,ATTGAAACAGATGA-1,8-9,0.0,0.0,1.451382,True,0.06976586766541004
3219,CTTAGGGACGGGAA-1,4-5,0.0,0.0,4.6123962,True,0.07009823992848396
11822,TCTAGTTGGCCTTC-1-1,8-9,0.0,0.0,4.366059,True,0.0698568606749177
2948,CTACGCACAAGATG-1,4-5,0.0,0.0,4.495475,True,0.0698746433481574
7077,ACTCTATGTGAGCT-1,8-9,0.0,0.0,1.9468446,True,0.069502679631114
5410,TCCCAGACTGCTAG-1,4-5,0.0,0.0,4.5874887,True,0.0697643468156457
8289,CACGGGTGTTTGCT-1,8-9,0.0,0.0,4.1448717,True,0.06943461298942566
6137,TTCTTACTGAGGCA-1,4-5,0.0,0.0,4.266171,True,0.06954998895525932
9103,CGGAATTGGTGTCA-1,8-9,0.0,0.0,1.5812931,True,0.06962521746754646
4854,TAATGAACTTTCGT-1,4-5,0.0,0.0,1.5692995,True,0.07028024643659592
6345,AACAAACTACGTGT-1,8-9,0.06666666666666667,0.06600065503116892,4.436204,False,0.06992571987211704
438,ACAATCCTCTAGAC-1,4-5,0.0,0.0,1.5295528,True,0.06949666235595942
6424,AACGGTACTCAAGC-1-1,8-9,0.0,0.0,4.689762,True,0.06921715289354324
4755,GTTGGATGAAAAGC-1,4-5,0.0,0.0,4.3637533,True,0.06955448910593987
9645,GAACAGCTTGAAGA-1,8-9,0.0,0.0,4.7097626,True,0.06940656993538141
4252,GGCGACTGGGGTGA-1,4-5,0.0,0.0,4.494587,True,0.06939982250332832
8476,CATAGTCTTCGCAA-1,8-9,0.0,0.0,1.7379296,True,0.0696375323459506
209,AAGAACGAGGACGA-1,4-5,0.0,0.0,5.350448,True,0.06987237650901079
8693,CCATCGTGTCGTAG-1,8-9,0.0,0.0,1.4919862,True,0.07014730107039213
3177,CTGGCACTGGTACT-1,4-5,0.0,0.0,3.9723856,True,0.07000853028148413
12474,TTGTACACGGTTCA-1,8-9,0.0,0.0,2.5276744,True,0.0691473800688982
3553,GAGCTCCTAGCGGA-1,4-5,0.0,0.0,4.3493495,True,0.06981098372489214
6247,AAACATTGCAGATC-1,8-9,0.0,0.0,1.467591,True,0.06963531207293272
5195,TATCGACTCTGTAG-1,4-5,0.0,0.0,1.8769469,True,0.07021732442080975
7603,AGTTATGACGTTGA-1,8-9,0.0,0.0,1.60266,True,0.06994322407990694
3227,CTTCACCTGTGCTA-1,4-5,0.0,0.0,4.2980366,True,0.06995293125510216
7914,ATGCTTTGAGCTAC-1,8-9,0.0,0.0,4.5861564,True,0.07019916363060474
2525,CCTAAGGATCCCGT-1,4-5,0.0,0.0,4.0364037,True,0.07013881672173738
9304,CTAGATCTGTTGCA-1,8-9,0.0,0.0,4.361838,True,0.06975919380784035
1296,AGTGTGACGTAAGA-1,4-5,0.0,0.0,1.5866218,True,0.07021766994148493
8482,CATATAGATGTCCC-1,8-9,0.0,0.0,1.6738263,True,0.06990394741296768
6046,TTCAAGCTCGAGTT-1,4-5,0.0,0.0,4.2482977,True,0.07008065842092037
8641,CCAGAAACAGTAGA-1,8-9,0.0,0.0,4.3615484,True,0.06966238096356392
5225,TATGGGACTTGGCA-1,4-5,0.0,0.0,4.130607,True,0.06985711771994829
9187,CGTCAAGACCGTAA-1,8-9,0.0,0.0,1.8852414,True,0.0699153570458293
889,AGAATTTGCTTCTA-1,4-5,0.0,0.0,3.7173684,True,0.07028763368725777
12166,TGTCAGGACACTTT-1,8-9,0.0,0.0,1.512466,True,0.07000613491982222
4185,GGAGGATGTCCTCG-1,4-5,0.0,0.0,3.992743,True,0.07008588407188654
9144,CGGCGATGGGTCAT-1-1,8-9,0.0,0.0,4.291855,True,0.07006472162902355
931,AGAGATGACTCTTA-1,4-5,0.0,0.0,4.233696,True,0.06967236660420895
6306,AAAGTTTGTGGTCA-1,8-9,0.0,0.0,4.4612894,True,0.06991628743708134
358,AATCTAGAAGAACA-1,4-5,0.0,0.0,3.985215,True,0.06972969882190228
11371,TAGGACTGGTACGT-1-1,8-9,0.0,0.0,4.5692043,True,0.07023154105991125
292,AAGTCCGAGCCATA-1,4-5,0.0,0.0,1.6410787,True,0.06984688434749842
6836,ACCCAAGAGGACGA-1,8-9,0.0,0.0,3.4897172,True,0.07005521468818188
1995,CACCCATGCACCAA-1,4-5,0.0,0.0,4.4142537,True,0.06989483069628477
8882,CCTGCAACATGTGC-1,8-9,0.0,0.0,4.5209827,True,0.06985076516866684
5990,TTAGACCTAACTGC-1,4-5,0.0,0.0,4.1598353,True,0.07001422625035048
9549,CTTACAACGTTCAG-1,8-9,0.0,0.0,1.4445268,True,0.06961571425199509
5901,TGTAGGTGGCCAAT-1,4-5,0.0,0.0,4.792078,True,0.06971271242946386
12097,TGGCAATGGTATGC-1,8-9,0.0,0.0,4.517186,True,0.06944500748068094
3700,GATCTTTGACCTGA-1,4-5,0.2,0.15334326001862233,2.4535604,False,0.06991607788950205
7597,AGTGTTCTTACGCA-1,8-9,0.0,0.0,1.850733,True,0.07018845155835152
2921,CTAAGGACAGTCAC-1,4-5,0.0,0.0,3.8851793,True,0.07017811201512814
6797,ACCAACGAGAGGGT-1,8-9,0.0,0.0,4.26413,True,0.06973389722406864
1171,AGGGCGCTTGCATG-1,4-5,0.0,0.0,4.2191825,True,0.06984052434563637
6339,AAATTGACGTCAAC-1,8-9,0.0,0.0,1.8300216,True,0.06935271434485912
5922,TGTCAGGAACGGAG-1,4-5,0.0,0.0,4.4719143,True,0.0700598955154419
9558,CTTAGACTGCTACA-1,8-9,0.0,0.0,2.3560827,True,0.0697053112089634
6193,TTGTCATGAAACAG-1,4-5,0.0,0.0,3.862786,True,0.06991472747176886
12232,TTACCATGTCCTAT-1,8-9,0.0,0.0,1.8864857,True,0.0701786084100604
5628,TGACGATGAAGGCG-1,4-5,0.0,0.0,4.336392,True,0.06948136817663908
9107,CGGAATTGTCATTC-1,8-9,0.0,0.0,5.025335,True,0.06944895256310701
3334,GAAGCTACTCATTC-1,4-5,0.0,0.0,1.3480268,True,0.06960425619035959
9530,CTGTGAGACGTACA-1,8-9,0.0,0.0,1.4581162,True,0.06932800076901913
2873,CGTGATGAAAGGTA-1,4-5,0.0,0.0,4.495474,True,0.06987295486032963
9860,GAGATGCTCAAGCT-1,8-9,0.0,0.0,1.8764378,True,0.07015689089894295
1014,AGCATCGACTGCAA-1,4-5,0.0,0.0,2.2221508,True,0.07019125763326883
7022,ACGTTACTTTGACG-1,8-9,0.0,0.0,4.632162,True,0.06980742700397968
4181,GGAGCGCTTTCGTT-1,4-5,0.0,0.0,4.502995,True,0.06997181568294764
8834,CCGTACACAGTACC-1,8-9,0.0,0.0,4.3532224,True,0.07002998702228069
1814,CAAACTCTATAAGG-1,4-5,0.0,0.0,3.9982648,True,0.06996531132608652
7196,AGACTGACCTGCAA-1,8-9,0.0,0.0,1.5976368,True,0.06961928401142359
2853,CGTCCAACTATCTC-1,4-5,0.0,0.0,4.1991405,True,0.07013480644673109
10835,GTAGTGTGCAACTG-1,8-9,0.0,0.0,3.9136636,True,0.07019945420324802
2268,CATGTTTGGTTTCT-1,4-5,0.0,0.0,4.7178273,True,0.06999765150249004
8830,CCGTAAGACTTAGG-1,8-9,0.0,0.0,4.3089123,True,0.070306196808815
238,AAGCAAGAGCGGAA-1,4-5,0.0,0.0,1.5275215,True,0.07009284850209951
8299,CACTAGGATCTCCG-1,8-9,0.0,0.0,2.2745478,True,0.06968178320676088
1805,ATTTGCACATCGGT-1,4-5,0.06666666666666667,0.04481043185393461,5.115827,False,0.06985781900584698
7464,AGGGCGCTGTTTCT-1,8-9,0.0,0.0,4.4163213,True,0.06958942767232656
98,AACAATACCGACAT-1,4-5,0.0,0.0,4.214519,True,0.06986848451197147
9451,CTGAAGACCTTACT-1-1,8-9,0.0,0.0,4.2865367,True,0.06976778618991375
2776,CGGACTCTGTTCGA-1,4-5,0.0,0.0,1.5753167,True,0.06957756914198399
6891,ACGAACACTAGCCA-1,8-9,0.0,0.0,1.5938177,True,0.06933273747563362
1834,CAACAGACGAAGGC-1,4-5,0.0,0.0,4.4603753,True,0.0699764909222722
10415,GCTCGACTGTCAAC-1,8-9,0.0,0.0,1.367837,True,0.07004665303975344
3979,GCGAAGGAGGTACT-1,4-5,0.0,0.0,1.4237981,True,0.06974964868277311
9145,CGGCGATGTCTCCG-1,8-9,0.0,0.0,4.0819607,True,0.06952992547303438
576,ACCCAGCTTTCTCA-1,4-5,0.0,0.0,4.0905704,True,0.06965013965964317
10357,GCGTAAACGGTTTG-1,8-9,0.0,0.0,4.304013,True,0.06910350825637579
2563,CCTCTACTTGTCTT-1,4-5,0.0,0.0,4.0420322,True,0.06931791454553604
8369,CAGAGGGATTTCTG-1,8-9,0.0,0.0,4.0626845,True,0.06993458513170481
1455,ATCACGGACGGGAA-1,4-5,0.0,0.0,4.692913,True,0.0701207248494029
7723,ATAGGAGAAGCTAC-1,8-9,0.0,0.0,1.895559,True,0.0698347631841898
2378,CCAGGTCTAGGAGC-1,4-5,0.0,0.0,3.2806602,True,0.06990612763911486
9755,GACAGTTGCGTAAC-1,8-9,0.0,0.0,3.7315338,True,0.0695148203521967
4654,GTGGATTGTGTCGA-1,4-5,0.0,0.0,1.646994,True,0.06960625480860472
7459,AGGGCCTGTGACAC-1,8-9,0.0,0.0,1.5414112,True,0.06955607794225216
5508,TCGCAGCTGGAGGT-1,4-5,0.0,0.0,4.8771505,True,0.07003226410597563
8750,CCCGAACTCTTCTA-1,8-9,0.0,0.0,1.6719836,True,0.06976350583136082
473,ACACGATGTTTCGT-1,4-5,0.0,0.0,4.495379,True,0.07011924311518669
9724,GAATGGCTTTGCTT-1,8-9,0.0,0.0,2.1136937,True,0.070051827467978
3537,GAGCATACGCTCCT-1,4-5,0.0,0.0,4.210744,True,0.06980685703456402
8822,CCGGAGTGATTCCT-1,8-9,0.0,0.0,3.9241297,True,0.06988691352307796
4957,TACGTTACTTCCAT-1,4-5,0.0,0.0,1.3924562,True,0.07023806311190128
9795,GACGAGGATAAGGA-1,8-9,0.0,0.0,4.6420746,True,0.07039607968181372
701,ACGGATTGGCCTTC-1,4-5,0.0,0.0,3.9813993,True,0.06989712733775377
11411,TAGTACCTAGAGTA-1,8-9,0.0,0.0,3.9274044,True,0.06953397300094366
2642,CGACTCACTCCCAC-1,4-5,0.0,0.0,4.4365616,True,0.07000415306538343
12420,TTGACACTCTGCTC-1,8-9,0.0,0.0,4.675472,True,0.06962216459214687
334,AATAGGGATCTCAT-1,4-5,0.0,0.0,1.8283103,True,0.06993250641971827
11194,TAATGATGGGGAGT-1,8-9,0.0,0.0,1.321188,True,0.06975368037819862
746,ACGTGCCTGATGAA-1,4-5,0.0,0.0,4.1966534,True,0.06954102497547865
6808,ACCACGCTCTTGGA-1,8-9,0.0,0.0,1.2302756,True,0.07007030304521322
1720,ATTCTTCTGGGATG-1,4-5,0.0,0.0,4.301237,True,0.06951944530010223
8017,ATTGAAACACCAAC-1,8-9,0.0,0.0,3.7051744,True,0.0693759173154831
996,AGCAACACTAGACC-1,4-5,0.0,0.0,4.005363,True,0.07010863907635212
10900,GTCCACACGGAGCA-1,8-9,0.0,0.0,1.4063915,True,0.06967295706272125
1045,AGCGAACTGCCCTT-1,4-5,0.0,0.0,4.1315775,True,0.06949916947633028
9199,CGTCGACTCCACCT-1,8-9,0.0,0.0,4.3348346,True,0.06932607851922512
5297,TCACCCGATGCAAC-1,4-5,0.0,0.0,2.2276263,True,0.06993683986365795
11108,TAAAGTTGCGTAAC-1,8-9,0.0,0.0,1.3618723,True,0.07011229917407036
2431,CCCAGTTGAACCGT-1,4-5,0.0,0.0,1.917039,True,0.07017361372709274
11224,TACCATTGATGCCA-1,8-9,0.0,0.0,4.3248262,True,0.07013277802616358
4759,GTTGTACTGCGTAT-1,4-5,0.0,0.0,3.9284465,True,0.06967964209616184
7014,ACGTGCCTCCTGTC-1,8-9,0.0,0.0,1.5514249,True,0.06976945046335459
5593,TGAAATTGCTAGAC-1,4-5,0.0,0.0,1.9708695,True,0.07006425689905882
7580,AGTGACACTGGTTG-1,8-9,0.0,0.0,4.4493237,True,0.06964139360934496
2516,CCGTAAGATTCTAC-1,4-5,0.0,0.0,3.654526,True,0.0700339013710618
8430,CAGGTTGACTCTAT-1,8-9,0.0,0.0,1.7780502,True,0.07014638930559158
4756,GTTGGATGAGCATC-1,4-5,0.0,0.0,4.3342695,True,0.06985013652592897
10433,GCTTGAGAACCCTC-1,8-9,0.0,0.0,3.4619856,True,0.06996043957769871
102,AACACGTGCAGAGG-1,4-5,0.0,0.0,4.2523184,True,0.06984727643430233
7429,AGGCAACTAGGTTC-1,8-9,0.0,0.0,3.8243365,True,0.06990002002567053
5051,TAGCTACTCAGATC-1,4-5,0.0,0.0,3.994503,True,0.06984878424555063
10612,GGCGACACGTTCAG-1,8-9,0.0,0.0,4.381682,True,0.06992750894278288
4009,GCGCGATGTTTGCT-1,4-5,0.0,0.0,1.6128707,True,0.07049781270325184
8925,CGACAAACACCGAT-1,8-9,0.0,0.0,4.226669,True,0.07009347900748253
5506,TCGCACTGGAATAG-1,4-5,0.0,0.0,3.7212954,True,0.07014705892652273
8034,ATTGCGGATGACAC-1,8-9,0.0,0.0,4.654225,True,0.07004205416887999
3324,GAAGATGAGGATTC-1,4-5,0.0,0.0,3.456974,True,0.06986962351948023
9402,CTCATTGAAGCAAA-1,8-9,0.0,0.0,1.5314531,True,0.0704776318743825
3917,GCCCAACTGATAGA-1,4-5,0.0,0.0,4.536243,True,0.07023022696375847
8416,CAGGGCACAGAGGC-1,8-9,0.0,0.0,1.5760756,True,0.06969083193689585
3031,CTCAATTGCTCGAA-1,4-5,0.0,0.0,1.9094689,True,0.07002645824104548
10888,GTCATACTTAAGGA-1,8-9,0.0,0.0,4.5299263,True,0.06989433709532022
3051,CTCATTGATTTACC-1,4-5,0.0,0.0,4.435954,True,0.06987915839999914
8670,CCAGTCACATCGTG-1,8-9,0.0,0.0,4.2272606,True,0.07013962604105473
3954,GCCTACACGGGCAA-1,4-5,0.0,0.0,4.7924123,True,0.06953922659158707
11214,TACACACTGAACCT-1,8-9,0.0,0.0,4.582733,True,0.06944200303405523
4371,GGTAGTACAGCCAT-1,4-5,0.0,0.0,4.206796,True,0.06985462922602892
6664,AATGGCTGAGCGGA-1,8-9,0.0,0.0,4.441892,True,0.07003433536738157
4660,GTGTACGACTTCCG-1,4-5,0.06666666666666667,0.049317124049935504,4.5994806,False,0.07007707748562098
9211,CGTGAATGATGTGC-1,8-9,0.0,0.0,1.7531923,True,0.06990138161927462
3904,GCCACTACTCTTTG-1,4-5,0.0,0.0,4.29025,True,0.06996674556285143
11578,TCAATAGATGGTTG-1,8-9,0.0,0.0,1.5658507,True,0.06974241975694895
5751,TGCCAGCTTATGCG-1,4-5,0.0,0.0,2.2923808,True,0.06983753852546215
8827,CCGTAAGAACCAAC-1,8-9,0.0,0.0,2.0129642,True,0.07013903185725212
6110,TTCGATTGAACCAC-1,4-5,0.0,0.0,4.405858,True,0.06997518241405487
8347,CAGACAACATCAGC-1,8-9,0.0,0.0,4.45644,True,0.06972552370280027
2475,CCCTGATGTCGCAA-1,4-5,0.0,0.0,3.67237,True,0.06975517701357603
9184,CGTAGCCTGCGTTA-1,8-9,0.0,0.0,1.6390598,True,0.0699148690328002
5878,TGGTAGTGCGTTGA-1,4-5,0.13333333333333333,0.08977391880083624,4.159935,False,0.07000600453466177
10021,GATCCGCTAGCATC-1,8-9,0.0,0.0,4.4730344,True,0.06979797687381506
3539,GAGCGAGATCCTCG-1,4-5,0.0,0.0,1.3568417,True,0.06977769173681736
12440,TTGCATTGGTGTAC-1,8-9,0.0,0.0,3.7205262,True,0.06976109649986029
1125,AGGAGTCTAGGAGC-1,4-5,0.0,0.0,4.1975694,True,0.06970164831727743
6314,AAATCAACAGTGCT-1,8-9,0.0,0.0,1.1202948,True,0.06998506654053926
1003,AGCACAACAGAAGT-1,4-5,0.0,0.0,4.75309,True,0.0698369899764657
9776,GACCCTACAGCGTT-1,8-9,0.0,0.0,4.1686788,True,0.06996775232255459
3503,GACTGTGAGGAAGC-1,4-5,0.0,0.0,3.8409183,True,0.06979862507432699
9623,GAAACCTGGAGGCA-1,8-9,0.0,0.0,3.9264357,True,0.0700607243925333
2956,CTACTATGTCCTCG-1,4-5,0.0,0.0,2.321927,True,0.07047456782311201
8582,CATTTGTGTGCGTA-1,8-9,0.0,0.0,4.2478356,True,0.07029263488948345
5254,TATTTCCTAGTAGA-1,4-5,0.13333333333333333,0.25591382741790714,3.7489362,False,0.06996333599090576
6880,ACCTGAGATATCGG-1,8-9,0.0,0.0,0.9904446,True,0.07021813746541739
177,AACGTTCTTTATCC-1,4-5,0.0,0.0,4.5752473,True,0.07006506808102131
9434,CTCGACTGAGTACC-1,8-9,0.0,0.0,4.3092585,True,0.0698449769988656
2855,CGTCCATGAATCGC-1,4-5,0.0,0.0,4.410516,True,0.07003956008702517
9909,GAGGGAACTGAAGA-1,8-9,0.0,0.0,4.1511045,True,0.07015812303870916
5249,TATGTGCTGCGGAA-1,4-5,0.0,0.0,1.8809959,True,0.07011592108756304
9080,CGCTAAGAGTAAGA-1,8-9,0.0,0.0,4.782008,True,0.07004090398550034
2084,CACTTTGAGCGAAG-1,4-5,0.0,0.0,4.392627,True,0.07023686356842518
9372,CTATTGACTTTGCT-1,8-9,0.0,0.0,5.0240836,True,0.06993834394961596
4208,GGATGTACCTAGCA-1,4-5,0.0,0.0,4.782927,True,0.07033184729516506
6768,ACAGTGTGCGACTA-1,8-9,0.0,0.0,1.8095797,True,0.07078345213085413
3838,GCAGCGTGCGTAGT-1,4-5,0.0,0.0,1.9001316,True,0.07055212277919054
10095,GCAACCCTGTATGC-1,8-9,0.0,0.0,4.1935935,True,0.07014494761824608
2775,CGGACTCTATTTCC-1,4-5,0.0,0.0,3.8781888,True,0.0697425240650773
8833,CCGTACACAAGTAG-1,8-9,0.0,0.0,4.388691,True,0.0697507867589593
2476,CCCTTACTGATACC-1,4-5,0.0,0.0,1.8466369,True,0.06960385665297508
8157,CAAGGTTGCGGAGA-1,8-9,0.0,0.0,4.4142737,True,0.07029502559453249
5389,TCCACTCTGTTAGC-1,4-5,0.0,0.0,2.9324782,True,0.07009800709784031
11583,TCACAACTGAAACA-1,8-9,0.0,0.0,4.633776,True,0.07011314388364553
1578,ATGAGCACGCGATT-1,4-5,0.0,0.0,3.842875,True,0.07001753430813551
6515,AAGCCTGACGCTAA-1,8-9,0.0,0.0,1.65546,True,0.07010899018496275
4344,GGGTTAACCAAGCT-1,4-5,0.0,0.0,4.0091624,True,0.06978871021419764
10225,GCCACTACCTTATC-1,8-9,0.0,0.0,3.9593582,True,0.06942209601402283
5759,TGCGAAACCAGAGG-1,4-5,0.0,0.0,4.1628857,True,0.07010208535939455
7033,ACTAAAACCAGATC-1,8-9,0.0,0.0,1.1307107,True,0.0700913853943348
4954,TACGTTACGGATTC-1,4-5,0.0,0.0,4.350404,True,0.06972100492566824
11512,TATCGACTTGCTCC-1,8-9,0.0,0.0,4.1447554,True,0.06956177670508623
1274,AGTCTTACCTGTGA-1,4-5,0.0,0.0,1.5799694,True,0.06977149285376072
10311,GCGATATGCTACTT-1,8-9,0.0,0.0,4.5095706,True,0.06970433983951807
2915,CTAACGGATTGAGC-1,4-5,0.0,0.0,1.2799535,True,0.06971971597522497
7000,ACGTCAGACTATGG-1,8-9,0.0,0.0,1.5585694,True,0.0699115926399827
2382,CCAGTCACTAACGC-1,4-5,0.0,0.0,3.9064093,True,0.07015861570835114
10929,GTCTAACTAGCGGA-1,8-9,0.0,0.0,1.4965122,True,0.07013624534010887
58,AAATCAACAGATCC-1,4-5,0.0,0.0,4.1999025,True,0.07007154170423746
10702,GGGTTAACGATAGA-1,8-9,0.0,0.0,3.9626803,True,0.0702412212267518
5007,TAGAATACATCGAC-1,4-5,0.0,0.0,4.2502136,True,0.07023599185049534
11693,TCCCAGACAGCTAC-1,8-9,0.0,0.0,4.236277,True,0.07017825357615948
6012,TTAGGTCTCTGTTT-1,4-5,0.0,0.0,1.9164724,True,0.07017513178288937
8929,CGACCACTGAATAG-1,8-9,0.0,0.0,3.9943707,True,0.07021709904074669
1699,ATTCCAACCCTGTC-1,4-5,0.0,0.0,4.1375594,True,0.07010386977344751
12504,TTTAGGCTTAGAAG-1,8-9,0.0,0.0,4.6713557,True,0.0700914915651083
5754,TGCCGACTAAGGCG-1,4-5,0.0,0.0,4.066414,True,0.0699742790311575
10951,GTGACAACTTTCGT-1,8-9,0.0,0.0,3.9421475,True,0.07002625614404678
2313,CCAACCTGTCGTAG-1,4-5,0.0,0.0,3.3791504,True,0.07018103543668985
6262,AAACGCACTCTGGA-1,8-9,0.0,0.0,3.7288811,True,0.06985895428806543
5653,TGACTTTGGCGTAT-1,4-5,0.0,0.0,3.6681054,True,0.06988598499447107
9985,GATAGAGATGCTGA-1,8-9,0.0,0.0,4.3668246,True,0.07000512257218361
2609,CGAATCGAGTTGGT-1,4-5,0.0,0.0,4.2605443,True,0.0695871077477932
11392,TAGGTGACATCTCT-1,8-9,0.0,0.0,4.512684,True,0.06984345521777868
3297,GAACCAACGCCCTT-1,4-5,0.0,0.0,3.8345013,True,0.06970357894897461
11769,TCGATTTGTGTAGC-1,8-9,0.0,0.0,1.7042283,True,0.07032887917011976
2351,CCACTTCTCCACAA-1,4-5,0.0,0.0,4.429719,True,0.07023452781140804
11763,TCGAGAACTTTACC-1,8-9,0.0,0.0,4.545619,True,0.07007941883057356
3990,GCGATATGCTCTCG-1,4-5,0.0,0.0,3.8553298,True,0.07003884296864271
9867,GAGCAGGACACTCC-1,8-9,0.0,0.0,3.4846613,True,0.0701471995562315
1547,ATCTGTTGCATGCA-1,4-5,0.0,0.0,4.1594954,True,0.07006655726581812
11154,TAAGATACGGAACG-1,8-9,0.0,0.0,4.419355,True,0.0701035838574171
3517,GAGATAGATCACGA-1,4-5,0.0,0.0,4.12111,True,0.07036421727389097
10145,GCACTAGAGTGCAT-1,8-9,0.0,0.0,1.8396959,True,0.0700734481215477
463,ACACGAACAACCGT-1,4-5,0.0,0.0,4.1153502,True,0.07001971825957298
12449,TTGCTATGCAGAGG-1,8-9,0.0,0.0,3.6933916,True,0.0696866326034069
4595,GTCTGAGAGGAAAT-1,4-5,0.0,0.0,4.369464,True,0.06974703259766102
6423,AACGGTACGTTCGA-1,8-9,0.0,0.0,4.231169,True,0.06994433607906103
2604,CGAAGTACGGCAAG-1,4-5,0.0,0.0,2.230592,True,0.06993528548628092
7931,ATGTAAACCGGAGA-1,8-9,0.0,0.0,4.563835,True,0.06924173794686794
5360,TCATCAACGGTGAG-1,4-5,0.0,0.0,4.261242,True,0.06975946016609669
9379,CTCAGAGAAAAAGC-1,8-9,0.0,0.0,1.3194175,True,0.07020172942429781
1742,ATTGCACTTCGTGA-1,4-5,0.0,0.0,3.889026,True,0.06984954420477152
10051,GATGCATGCGCAAT-1,8-9,0.0,0.0,3.977444,True,0.06972436141222715
5562,TCTATGTGCTTGCC-1,4-5,0.0,0.0,1.9444596,True,0.06951000448316336
7074,ACTCTATGCCTCAC-1,8-9,0.0,0.0,1.8302217,True,0.07030693534761667
5289,TCACATACACGTGT-1,4-5,0.0,0.0,4.6123314,True,0.07019273098558187
7043,ACTAGGTGACTAGC-1,8-9,0.0,0.0,1.2912366,True,0.06994767300784588
3319,GAAGAATGACTCTT-1,4-5,0.0,0.0,4.6217628,True,0.0697496309876442
10175,GCAGTCCTAGCGGA-1,8-9,0.0,0.0,1.488064,True,0.06985542178153992
5574,TCTGATACCATTTC-1,4-5,0.0,0.0,4.502469,True,0.0696848314255476
8336,CACTTATGAGTCTG-1,8-9,0.0,0.0,4.0961413,True,0.06983834598213434
45,AAAGGCCTGGATTC-1,4-5,0.0,0.0,3.6959715,True,0.06977674923837185
6662,AATGGAGAGGTGAG-1,8-9,0.0,0.0,3.4773786,True,0.06983899232000113
2148,CAGGGCACCCAAGT-1,4-5,0.0,0.0,4.2269316,True,0.06970405951142311
8146,CAAGGACTAGTCGT-1,8-9,0.0,0.0,4.1588697,True,0.06958021130412817
5262,TCAACACTCGTAAC-1,4-5,0.0,0.0,1.3152456,True,0.07018951047211885
11472,TATACCACACACAC-1,8-9,0.0,0.0,3.884384,True,0.07003357727080584
408,AATTACGACTTCTA-1,4-5,0.0,0.0,3.9225423,True,0.0700330464169383
6296,AAAGCAGATGGTGT-1,8-9,0.0,0.0,4.8639917,True,0.07018658984452486
4995,TACTTTCTAAGTAG-1,4-5,0.0,0.0,4.0168343,True,0.06966633349657059
10251,GCCCATACTAAAGG-1,8-9,0.0,0.0,4.3022084,True,0.07016701810061932
3929,GCCCAGGAGGAAAT-1,4-5,0.0,0.0,4.3616543,True,0.0697607547044754
7316,AGCCGGTGATAAGG-1,8-9,0.0,0.0,2.0153656,True,0.06963742151856422
4907,TACGAGACGAGCAG-1,4-5,0.0,0.0,1.1680841,True,0.06992171239107847
9183,CGTAGCCTGATACC-1,8-9,0.0,0.0,1.276377,True,0.07025688327848911
2555,CCTCGAACGTGCTA-1,4-5,0.0,0.0,4.2131166,True,0.06990319490432739
11483,TATAGCCTCACTAG-1,8-9,0.0,0.0,1.6044489,True,0.06968389544636011
3144,CTGCAGCTAGGAGC-1,4-5,0.0,0.0,4.9487658,True,0.06929298769682646
8665,CCAGCTACTTGGCA-1,8-9,0.0,0.0,3.6516814,True,0.06959780026227236
3449,GACGATTGCACAAC-1,4-5,0.0,0.0,4.2073293,True,0.06941330432891846
10165,GCAGCTCTGAACTC-1,8-9,0.0,0.0,1.9604859,True,0.07001159340143204
970,AGATATACCATGAC-1,4-5,0.0,0.0,4.3294597,True,0.06965263932943344
9248,CTAAACCTCACTTT-1,8-9,0.0,0.0,5.0750637,True,0.06973822228610516
5677,TGAGTGACATGGTC-1,4-5,0.0,0.0,3.8742964,True,0.06963318400084972
10074,GATTGGTGCCATGA-1,8-9,0.0,0.0,1.3428136,True,0.06996836327016354
5233,TATGGTCTCAGCTA-1,4-5,0.06666666666666667,0.043668798524938345,2.5805602,False,0.06993386335670948
12187,TGTGAGTGGTACCA-1,8-9,0.0,0.0,4.1312304,True,0.07007578853517771
882,AGAATGGACCTTAT-1,4-5,0.0,0.0,0.96416193,True,0.06987751368433237
7957,ATGTTGCTATTCCT-1,8-9,0.0,0.0,4.7634683,True,0.06995675340294838
3107,CTGAATCTGGTACT-1,4-5,0.0,0.0,4.850107,True,0.06996887177228928
6793,ACATTCTGTTACCT-1,8-9,0.0,0.0,4.097296,True,0.07008196879178286
1599,ATGCCGCTACGTGT-1,4-5,0.0,0.0,0.8823137,True,0.07003554329276085
10832,GTAGTCGATACTTC-1,8-9,0.0,0.0,4.2412224,True,0.06978741846978664
3017,CTATGTACGTGCAT-1,4-5,0.13333333333333333,0.09863164787670416,4.6324077,False,0.06975786481052637
9156,CGGTACCTGGTTCA-1,8-9,0.0,0.0,4.0092134,True,0.06986156105995178
3734,GATTCTACGCGTAT-1,4-5,0.0,0.0,4.263428,True,0.0698541346937418
10884,GTCATACTACCGAT-1,8-9,0.0,0.0,4.343587,True,0.06976995430886745
5948,TGTTACTGCTCCAC-1,4-5,0.0,0.0,4.569789,True,0.06948302034288645
9673,GAAGATGATGTTCT-1,8-9,0.0,0.0,4.8587437,True,0.06969814840704203
765,ACTAAAACTGCTAG-1,4-5,0.0,0.0,1.1250623,True,0.06959704216569662
8062,ATTTAGGAAAGATG-1-1,8-9,0.0,0.0,4.165299,True,0.07025957573205233
449,ACACAGACCCCACT-1,4-5,0.0,0.0,2.1520472,True,0.06975823827087879
9441,CTCGACTGTGTCAG-1,8-9,0.0,0.0,4.0864305,True,0.0694632651284337
3536,GAGCATACCTCGAA-1,4-5,0.0,0.0,4.14784,True,0.07001252379268408
10162,GCAGCTCTATTTCC-1,8-9,0.0,0.0,1.7393434,True,0.06925482768565416
4713,GTTAGTCTTTCCCG-1,4-5,0.0,0.0,4.3526464,True,0.06941027007997036
8425,CAGGTATGCATGAC-1,8-9,0.0,0.0,4.381474,True,0.06924809608608484
1267,AGTCGAACTAACGC-1,4-5,0.0,0.0,4.1755886,True,0.06928110402077436
11314,TACTGTTGTACGCA-1,8-9,0.0,0.0,4.1358843,True,0.06926991324871778
339,AATCAAACGCGATT-1,4-5,0.0,0.0,0.98907644,True,0.06955782417207956
8679,CCAGTCTGTGCATG-1,8-9,0.0,0.0,1.9877983,True,0.0697400439530611
3113,CTGACAGATCCCAC-1,4-5,0.0,0.0,4.0904193,True,0.06960341520607471
11699,TCCCATCTTAACGC-1,8-9,0.0,0.0,4.2636,True,0.07001858577132225
2332,CCAATGGATCCGTC-1,4-5,0.0,0.0,4.426716,True,0.06994900945574045
10963,GTGATCGAGTTCTT-1,8-9,0.0,0.0,4.113553,True,0.06980444863438606
5847,TGGCAATGACCTGA-1,4-5,0.0,0.0,3.8845901,True,0.06999776978045702
9250,CTAAACCTTTTGTC-1,8-9,0.0,0.0,1.9987403,True,0.06983939092606306
4866,TAATGTGAAGGTTC-1,4-5,0.0,0.0,4.071516,True,0.06959924753755331
9971,GATAAGGAGCTACA-1,8-9,0.0,0.0,0.8539241,True,0.0695831011980772
2493,CCGATAGAGAGATA-1,4-5,0.0,0.0,4.3162794,True,0.07034464739263058
12246,TTACTCGAGTCAAC-1,8-9,0.0,0.0,3.5747263,True,0.0698318611830473
1275,AGTCTTACGCCTTC-1,4-5,0.0,0.0,3.8520324,True,0.06923805549740791
9279,CTACGCACCTATTC-1,8-9,0.0,0.0,3.3406963,True,0.06979178171604872
2545,CCTCATCTCTTCGC-1-1,4-5,0.0,0.0,3.8491461,True,0.06948108412325382
9605,CTTTCAGACACACA-1,8-9,0.0,0.0,1.530088,True,0.06971686612814665
4462,GTAGCAACTGCACA-1,4-5,0.0,0.0,3.7218266,True,0.07029691897332668
11873,TGAAGCACTCTATC-1,8-9,0.0,0.0,1.1708275,True,0.06934037990868092
2727,CGCATAGATGTCGA-1,4-5,0.0,0.0,0.82891387,True,0.06970992777496576
12340,TTCATGACGCTTAG-1,8-9,0.0,0.0,4.254629,True,0.06931320484727621
5604,TGAAGCTGAGGAGC-1,4-5,0.0,0.0,2.324801,True,0.06939295213669538
12346,TTCATGTGTTCCAT-1,8-9,0.0,0.0,4.377358,True,0.06908925529569387
3863,GCAGTTGAACGCTA-1,4-5,0.0,0.0,1.6474023,True,0.06906585860997438
9575,CTTCTAGACCTAAG-1,8-9,0.0,0.0,1.3312324,True,0.06953010614961386
3399,GACAGGGATTCGTT-1,4-5,0.0,0.0,4.068246,True,0.06949829310178757
12150,TGTAGGTGCTTACT-1,8-9,0.0,0.0,3.9647725,True,0.06968416832387447
2968,CTAGATCTCAGCTA-1,4-5,0.4,0.2938740693967869,6.2302794,False,0.0694076344370842
8570,CATTTCGACCGTAA-1,8-9,0.0,0.0,4.229814,True,0.06946201715618372
2812,CGGGCATGCGACAT-1,4-5,0.0,0.0,4.1626115,True,0.06968564912676811
10402,GCTCACTGTGCACA-1,8-9,0.0,0.0,4.322467,True,0.06994093768298626
3535,GAGCATACCGTGTA-1,4-5,0.0,0.0,4.220927,True,0.06957952585071325
12389,TTCTAGTGCTCCCA-1,8-9,0.0,0.0,1.9147354,True,0.06932700984179974
3897,GCCAACCTTCAAGC-1,4-5,0.0,0.0,3.5713189,True,0.06927566509693861
7028,ACGTTTACCATCAG-1,8-9,0.0,0.0,1.5251136,True,0.06951717287302017
3694,GATCTACTGATGAA-1,4-5,0.0,0.0,4.0619993,True,0.06983472593128681
9376,CTCAATTGGTTTCT-1,8-9,0.0,0.0,3.3871415,True,0.07013428024947643
6057,TTCACCCTACCAGT-1,4-5,0.0,0.0,1.4937185,True,0.06944966409355402
12231,TTACCATGGCGAGA-1,8-9,0.0,0.0,1.7033098,True,0.06946925166994333
268,AAGGCTTGAGCCTA-1,4-5,0.0,0.0,3.7853172,True,0.06979514379054308
9702,GAAGTCTGTGACAC-1,8-9,0.0,0.0,1.4909813,True,0.06997199729084969
459,ACACCCTGAGAACA-1,4-5,0.0,0.0,3.8805299,True,0.0699219023808837
10713,GGTACATGAAACAG-1,8-9,0.0,0.0,1.7560982,True,0.07014697510749102
4054,GCTACGCTCGAACT-1,4-5,0.0,0.0,1.8555366,True,0.0701716747134924
7084,ACTCTCCTGTGCAT-1,8-9,0.0,0.0,4.220933,True,0.06993829552084208
126,AACCAGTGGGTACT-1,4-5,0.0,0.0,4.4687943,True,0.06991794984787703
10887,GTCATACTGTCAAC-1,8-9,0.0,0.0,4.1592526,True,0.07001446466892958
3600,GAGGTTTGAGGTCT-1,4-5,0.0,0.0,2.0580862,True,0.06960557121783495
8022,ATTGAAACTGAGAA-1,8-9,0.0,0.0,4.406329,True,0.06937256269156933
3693,GATCTACTCCATAG-1-1,4-5,0.0,0.0,4.388152,True,0.06916773598641157
11427,TAGTCGGAAGAGTA-1,8-9,0.0,0.0,4.3774886,True,0.06921221036463976
2161,CAGGTTGATGCTGA-1,4-5,0.0,0.0,1.2100558,True,0.06927519850432873
9083,CGCTACACATTCGG-1,8-9,0.0,0.0,4.2220144,True,0.06952421087771654
5599,TGAACCGAGGTAAA-1,4-5,0.0,0.0,3.8699634,True,0.06952533405274153
11518,TATCTGACGTTCAG-1,8-9,0.0,0.0,4.2172747,True,0.06935693323612213
3138,CTGATGGAGGCATT-1,4-5,0.0,0.0,4.4716153,True,0.06932446360588074
10029,GATCGATGGCGGAA-1,8-9,0.0,0.0,1.6413821,True,0.06955599319189787
3948,GCCGTACTGATAAG-1,4-5,0.0,0.0,3.9301703,True,0.06928962655365467
12120,TGGTCAGAGAAAGT-1,8-9,0.0,0.0,4.1926293,True,0.06966761313378811
1166,AGGGCCTGCGCAAT-1,4-5,0.0,0.0,1.3818653,True,0.06990855187177658
8786,CCCTGAACCCAACA-1,8-9,0.0,0.0,4.2308846,True,0.06905252020806074
3829,GCACTGCTTGCCAA-1,4-5,0.0,0.0,4.0032787,True,0.07020754273980856
11357,TAGCCGCTAACGGG-1,8-9,0.0,0.0,4.394368,True,0.06978658307343721
565,ACCCAAGACCTAAG-1,4-5,0.0,0.0,4.2844415,True,0.06947277020663023
11968,TGATTAGACCTCCA-1,8-9,0.0,0.0,4.185098,True,0.06905074138194323
979,AGATCGTGTCTAGG-1,4-5,0.0,0.0,1.6448183,True,0.06922503095120192
8172,CAATAAACCCTTGC-1,8-9,0.0,0.0,1.507158,True,0.06927333027124405
2026,CACGACCTGCGAAG-1,4-5,0.0,0.0,4.046216,True,0.06979671213775873
8807,CCGCGAGAAGGTCT-1,8-9,0.0,0.0,4.5494084,True,0.06884825229644775
5728,TGCACAGATCGTAG-1,4-5,0.0,0.0,4.4943857,True,0.06953605264425278
10042,GATGACACCTACCC-1,8-9,0.0,0.0,4.0424275,True,0.06912583019584417
3205,CTTACAACGTCCTC-1,4-5,0.0,0.0,4.4014044,True,0.06937762349843979
11393,TAGGTGACCAGAGG-1,8-9,0.0,0.0,4.079865,True,0.06955297011882067
4993,TACTTGACTTCGCC-1,4-5,0.0,0.0,4.380582,True,0.06977809313684702
9110,CGGACCGACGAACT-1,8-9,0.0,0.0,4.2657804,True,0.0697913346812129
947,AGAGCTACTTACTC-1,4-5,0.0,0.0,4.5732565,True,0.06928220950067043
8450,CAGTTACTTCTTAC-1,8-9,0.0,0.0,4.71282,True,0.069477628916502
4599,GTCTGAGATGAACC-1,4-5,0.0,0.0,2.1177154,True,0.06970412377268076
6301,AAAGGCCTAGTCGT-1,8-9,0.0,0.0,4.2720423,True,0.06967040058225393
4519,GTATGGTGTGGTTG-1,4-5,0.0,0.0,1.0543356,True,0.06973173748701811
7160,AGAACGCTTCTCGC-1,8-9,0.0,0.0,1.138122,True,0.06986182183027267
3657,GATATATGGTGCTA-1,4-5,0.4666666666666667,0.3850564931747059,4.237521,False,0.06966247037053108
7339,AGCGATTGACGGGA-1,8-9,0.0,0.0,4.3044286,True,0.07015266548842192
4151,GGACCTCTCCTTCG-1,4-5,0.0,0.0,3.9721355,True,0.0700358571484685
11884,TGACCAGAGAGAGC-1,8-9,0.0,0.0,4.339101,True,0.07013659924268723
2115,CAGCCTTGCCTCCA-1,4-5,0.0,0.0,4.668816,True,0.0700256060808897
9619,GAAACAGATGCGTA-1,8-9,0.0,0.0,1.8437127,True,0.0703007085248828
1596,ATGCCAGAGCCCTT-1,4-5,0.0,0.0,3.7939756,True,0.07015814073383808
8744,CCCATCGATGACTG-1,8-9,0.0,0.0,4.369411,True,0.07009863760322332
3261,CTTTCAGACGAATC-1,4-5,0.0,0.0,4.6089754,True,0.07000491861253977
8474,CATAGTCTAAACGA-1,8-9,0.0,0.0,2.555534,True,0.0696163335815072
5050,TAGCGATGTTCGCC-1,4-5,0.0,0.0,4.38057,True,0.07011123280972242
10332,GCGCGATGAAGTGA-1,8-9,0.0,0.0,4.34163,True,0.07009183522313833
2225,CATCATACAGCCAT-1,4-5,0.0,0.0,2.2430325,True,0.07025127857923508
11839,TCTGATACGACAGG-1,8-9,0.0,0.0,4.24567,True,0.06975987553596497
4165,GGAGACGAGTACGT-1,4-5,0.0,0.0,3.9825673,True,0.06967875175178051
7930,ATGTAAACCAGCTA-1,8-9,0.0,0.0,4.2641373,True,0.06971131078898907
6015,TTAGGTCTTTCCGC-1,4-5,0.0,0.0,1.4770516,True,0.06968802586197853
9727,GAATTAACCTGTGA-1,8-9,0.0,0.0,0.92961127,True,0.06980061903595924
4138,GGACAGGAGTACGT-1,4-5,0.0,0.0,1.5925109,True,0.07032064348459244
6706,ACAACCGACCAAGT-1,8-9,0.0,0.0,4.132593,True,0.06933484133332968
4450,GTACTACTACGGAG-1,4-5,0.0,0.0,4.162096,True,0.06953974906355143
7515,AGTAAGGAGGTACT-1,8-9,0.0,0.0,1.8112936,True,0.06972477864474058
1905,CAAGTCGACGTACA-1,4-5,0.0,0.0,4.1109986,True,0.07014995533972979
10458,GGAATGCTGTTCAG-1,8-9,0.0,0.0,1.4570884,True,0.07020139787346125
4012,GCGGACTGCTTCGC-1,4-5,0.0,0.0,4.1372766,True,0.06994537357240915
11409,TAGTAATGGAACTC-1,8-9,0.0,0.0,4.329756,True,0.06984059419482946
6035,TTATGGCTGGTGAG-1,4-5,0.0,0.0,4.1307564,True,0.06992404069751501
7784,ATCCCGTGCCACCT-1,8-9,0.0,0.0,4.3624325,True,0.06935798283666372
5668,TGAGGACTGTACGT-1,4-5,0.0,0.0,1.871644,True,0.06966071669012308
12536,TTTCTACTTGAGCT-1,8-9,0.0,0.0,3.9963562,True,0.06960129924118519
5565,TCTATGTGTGCGTA-1,4-5,0.0,0.0,3.8586211,True,0.06995654664933681
11431,TAGTCGGATGGTTG-1,8-9,0.0,0.0,3.0917568,True,0.06985429022461176
1824,CAAATATGCATGGT-1,4-5,0.0,0.0,4.4368014,True,0.06925778649747372
6517,AAGCCTGAGTTAGC-1,8-9,0.0,0.0,1.8049109,True,0.06930435914546251
588,ACCGAAACCCCTTG-1,4-5,0.0,0.0,2.1110096,True,0.06947504915297031
11255,TACGCAGAACGGGA-1,8-9,0.0,0.0,4.2885203,True,0.06984568107873201
