query_index,recall_at_k,candidate_recall_at_m,fuzzy_weighted_recall,ndcg_at_k,latency_seconds,embedding_recall_ours_full,true_label
0,1.0,1.0,1.0,1.0,0.02049665804952383,0.3333333333333333,0
1,1.0,1.0,1.0,1.0,0.0011124936863780022,0.26666666666666666,7
2,1.0,1.0,1.0,1.0,0.0009334506466984749,0.13333333333333333,8
3,1.0,1.0,1.0,1.0,0.0009253174066543579,0.6,1
4,1.0,1.0,1.0,1.0,0.0010564876720309258,0.4666666666666667,1
5,1.0,1.0,1.0,1.0,0.0011449679732322693,0.2,9
6,0.9333333333333333,0.9333333333333333,0.9734741635297826,0.9882953825354843,0.0010197777301073074,0.5333333333333333,2
7,1.0,1.0,1.0,1.0,0.0006812587380409241,0.4666666666666667,7
8,1.0,1.0,1.0,1.0,0.0005977489054203033,0.6666666666666666,5
9,1.0,1.0,1.0,1.0,0.0009117051959037781,0.26666666666666666,2
10,0.8,0.8,0.8954661380811543,0.9520891456484585,0.0008958354592323303,0.0,4
11,0.6666666666666666,0.6666666666666666,0.6014412058606107,0.639502713227199,0.0009921379387378693,0.06666666666666667,9
12,1.0,1.0,1.0,1.0,0.0010019997134804726,0.3333333333333333,4
13,1.0,1.0,1.0,1.0,0.0009610587731003761,0.4,6
14,1.0,1.0,1.0,1.0,0.0006878180429339409,0.4666666666666667,1
15,1.0,1.0,1.0,1.0,0.0009344182908535004,0.4666666666666667,3
16,1.0,1.0,1.0,1.0,0.001195431686937809,0.4666666666666667,7
17,1.0,1.0,1.0,1.0,0.0010422775521874428,0.4666666666666667,4
18,1.0,1.0,1.0,1.0,0.001028580591082573,0.26666666666666666,2
19,1.0,1.0,1.0,1.0,0.0009298892691731453,0.4,3
20,1.0,1.0,1.0,1.0,0.0009061526507139206,0.2,8
21,1.0,1.0,1.0,1.0,0.001007748767733574,0.4,7
22,1.0,1.0,1.0,1.0,0.0009518880397081375,0.4,0
23,0.8666666666666667,0.8666666666666667,0.9348233063983751,0.9693518212159795,0.0007892819121479988,0.13333333333333333,7
24,1.0,1.0,1.0,1.0,0.0009590499103069305,0.13333333333333333,2
25,1.0,1.0,1.0,1.0,0.0010227737948298454,0.4,6
26,1.0,1.0,1.0,1.0,0.0010530147701501846,0.26666666666666666,3
27,1.0,1.0,1.0,1.0,0.0010219793766736984,0.26666666666666666,3
28,1.0,1.0,1.0,1.0,0.001227380707859993,0.2,0
29,1.0,1.0,1.0,1.0,0.001449286937713623,0.26666666666666666,2
30,1.0,1.0,1.0,1.0,0.0010802606120705605,0.3333333333333333,5
31,1.0,1.0,1.0,1.0,0.0012144390493631363,0.4,2
32,1.0,1.0,1.0,1.0,0.0009981077164411545,0.13333333333333333,5
33,1.0,1.0,1.0,1.0,0.0007177973166108131,0.4666666666666667,5
34,1.0,1.0,1.0,1.0,0.0013465546071529388,0.26666666666666666,2
35,1.0,1.0,1.0,1.0,0.001007314771413803,0.26666666666666666,0
36,1.0,1.0,1.0,1.0,0.0008790437132120132,0.3333333333333333,1
37,1.0,1.0,1.0,1.0,0.0010565686970949173,0.4,9
38,1.0,1.0,1.0,1.0,0.0013215448707342148,0.3333333333333333,1
39,1.0,1.0,1.0,1.0,0.0010714158415794373,0.4,1
40,1.0,1.0,1.0,1.0,0.0011946018785238266,0.13333333333333333,4
41,1.0,1.0,1.0,1.0,0.0009926743805408478,0.3333333333333333,0
42,1.0,1.0,1.0,1.0,0.0011510094627738,0.2,4
43,1.0,1.0,1.0,1.0,0.0011897794902324677,0.26666666666666666,0
44,1.0,1.0,1.0,1.0,0.0009295698255300522,0.2,3
45,1.0,1.0,1.0,1.0,0.0010125739499926567,0.3333333333333333,5
46,1.0,1.0,1.0,1.0,0.0011271815747022629,0.4,6
47,1.0,1.0,1.0,1.0,0.0009725820273160934,0.2,8
48,1.0,1.0,1.0,1.0,0.001127210445702076,0.5333333333333333,1
49,1.0,1.0,1.0,1.0,0.0008861161768436432,0.06666666666666667,8
50,1.0,1.0,1.0,1.0,0.0013624979183077812,0.6666666666666666,1
51,1.0,1.0,1.0,1.0,0.0008755354210734367,0.06666666666666667,0
52,1.0,1.0,1.0,1.0,0.00062519870698452,0.5333333333333333,1
53,1.0,1.0,1.0,1.0,0.0005955221131443977,0.13333333333333333,6
54,1.0,1.0,1.0,1.0,0.0008962498977780342,0.4,4
55,1.0,1.0,1.0,1.0,0.0008861776441335678,0.26666666666666666,7
56,1.0,1.0,1.0,1.0,0.0010227356106042862,0.4666666666666667,7
57,1.0,1.0,1.0,1.0,0.0009645838290452957,0.06666666666666667,6
58,0.8666666666666667,0.8666666666666667,0.9475754064831913,0.9755312892913109,0.0010154927149415016,0.4,8
59,1.0,1.0,1.0,1.0,0.0007592160254716873,0.0,8
60,1.0,1.0,1.0,1.0,0.0009428057819604874,0.06666666666666667,1
61,1.0,1.0,1.0,1.0,0.0010179998353123665,0.13333333333333333,6
62,1.0,1.0,1.0,1.0,0.0010488871484994888,0.26666666666666666,7
63,0.8666666666666667,0.8666666666666667,0.9867253992331784,0.9945362974577601,0.0009572943672537804,0.2,3
64,0.8666666666666667,0.8666666666666667,0.9415041781773633,0.9735258311303219,0.0009609675034880638,0.13333333333333333,8
65,0.8666666666666667,0.8666666666666667,0.9454239508863533,0.9753415542590589,0.0009815897792577744,0.2,5
66,1.0,1.0,1.0,1.0,0.0010194433853030205,0.2,2
67,1.0,1.0,1.0,1.0,0.0009557483717799187,0.06666666666666667,9
68,1.0,1.0,1.0,1.0,0.0007153842598199844,0.6,8
69,1.0,1.0,1.0,1.0,0.0009424220770597458,0.4666666666666667,0
70,1.0,1.0,1.0,1.0,0.0011956105008721352,0.4,0
71,1.0,1.0,1.0,1.0,0.0011649234220385551,0.3333333333333333,1
72,0.9333333333333333,0.9333333333333333,0.9621586498752823,0.9825763247038053,0.001429571770131588,0.13333333333333333,8
73,1.0,1.0,1.0,1.0,0.0010904641821980476,0.5333333333333333,0
74,1.0,1.0,1.0,1.0,0.0012076757848262787,0.4666666666666667,1
75,1.0,1.0,1.0,1.0,0.0010575857013463974,0.6,7
76,1.0,1.0,1.0,1.0,0.000791170634329319,0.06666666666666667,9
77,1.0,1.0,1.0,1.0,0.0011346619576215744,0.26666666666666666,0
78,1.0,1.0,1.0,1.0,0.0008852323517203331,0.13333333333333333,9
79,1.0,1.0,1.0,1.0,0.0011789742857217789,0.06666666666666667,9
80,1.0,1.0,1.0,1.0,0.0010233139619231224,0.26666666666666666,9
81,1.0,1.0,1.0,1.0,0.0009268941357731819,0.26666666666666666,2
82,1.0,1.0,1.0,1.0,0.0009896885603666306,0.2,8
83,1.0,1.0,1.0,1.0,0.0010830145329236984,0.5333333333333333,2
84,1.0,1.0,1.0,1.0,0.0009826812893152237,0.13333333333333333,7
85,1.0,1.0,1.0,1.0,0.000925959087908268,0.06666666666666667,8
86,0.9333333333333333,0.9333333333333333,0.9889374237677543,0.9951979628948033,0.0012126192450523376,0.26666666666666666,5
87,1.0,1.0,1.0,1.0,0.0010267151519656181,0.06666666666666667,3
88,0.8666666666666667,0.8666666666666667,0.9457004002464858,0.9758409670259917,0.0009404607117176056,0.26666666666666666,4
89,1.0,1.0,1.0,1.0,0.000964924693107605,0.0,5
90,1.0,1.0,1.0,1.0,0.0012289341539144516,0.6,1
91,0.7333333333333333,0.7333333333333333,0.8847485969419566,0.9464562825235233,0.0009921183809638023,0.06666666666666667,2
92,1.0,1.0,1.0,1.0,0.0008686557412147522,0.26666666666666666,7
93,1.0,1.0,1.0,1.0,0.0009424043819308281,0.2,5
94,1.0,1.0,1.0,1.0,0.0008789496496319771,0.13333333333333333,2
95,0.8666666666666667,0.8666666666666667,0.9337514659808895,0.9696451235338014,0.0012260712683200836,0.06666666666666667,6
96,1.0,1.0,1.0,1.0,0.0006097881123423576,0.2,3
97,1.0,1.0,1.0,1.0,0.0009059188887476921,0.06666666666666667,1
98,1.0,1.0,1.0,1.0,0.00081581249833107,0.2,8
99,1.0,1.0,1.0,1.0,0.0010560471564531326,0.4666666666666667,7
100,1.0,1.0,1.0,1.0,0.0010215993970632553,0.5333333333333333,1
101,0.9333333333333333,0.9333333333333333,0.9675747804170612,0.9854446724656175,0.0009531695395708084,0.06666666666666667,5
102,1.0,1.0,1.0,1.0,0.0007064351812005043,0.4,5
103,1.0,1.0,1.0,1.0,0.0009377030655741692,0.13333333333333333,2
104,1.0,1.0,1.0,1.0,0.0012020906433463097,0.3333333333333333,4
105,1.0,1.0,1.0,1.0,0.0010629044845700264,0.4666666666666667,0
106,1.0,1.0,1.0,1.0,0.0007991679012775421,0.3333333333333333,5
107,0.8666666666666667,0.8666666666666667,0.911090004808818,0.9572998539980543,0.000982312485575676,0.4,6
108,1.0,1.0,1.0,1.0,0.0009748181328177452,0.26666666666666666,7
109,1.0,1.0,1.0,1.0,0.0010178126394748688,0.4666666666666667,1
110,0.8666666666666667,0.8666666666666667,0.925594821974844,0.9639156074709512,0.0010060211643576622,0.13333333333333333,8
111,1.0,1.0,1.0,1.0,0.0010186713188886642,0.4,1
112,1.0,1.0,1.0,1.0,0.00103791244328022,0.6,7
113,1.0,1.0,1.0,1.0,0.0011092107743024826,0.0,8
114,1.0,1.0,1.0,1.0,0.0010720668360590935,0.4,9
115,1.0,1.0,1.0,1.0,0.001143643632531166,0.13333333333333333,3
116,1.0,1.0,1.0,1.0,0.0010886285454034805,0.4,2
117,1.0,1.0,1.0,1.0,0.0009577758610248566,0.5333333333333333,6
118,0.9333333333333333,0.9333333333333333,0.9670659133699063,0.984889835724908,0.0009677670896053314,0.3333333333333333,8
119,0.9333333333333333,0.9333333333333333,0.9959153495925882,0.9983302719023839,0.000898994505405426,0.26666666666666666,5
120,0.8666666666666667,0.8666666666666667,0.9341478069255003,0.9694051346196709,0.0011126920580863953,0.06666666666666667,8
121,1.0,1.0,1.0,1.0,0.0009369663894176483,0.26666666666666666,4
122,1.0,1.0,1.0,1.0,0.0008814670145511627,0.2,9
123,1.0,1.0,1.0,1.0,0.0011160466820001602,0.3333333333333333,8
124,1.0,1.0,1.0,1.0,0.0010748310014605522,0.5333333333333333,1
125,1.0,1.0,1.0,1.0,0.0009106229990720749,0.4666666666666667,7
126,1.0,1.0,1.0,1.0,0.0009334590286016464,0.06666666666666667,3
127,0.9333333333333333,0.9333333333333333,0.9702451007060809,0.9869552637596276,0.0009948844090104103,0.4,6
128,0.9333333333333333,0.9333333333333333,0.9811492699550045,0.9918331525777977,0.0008724518120288849,0.13333333333333333,8
129,1.0,1.0,1.0,1.0,0.0010566534474492073,0.06666666666666667,4
130,1.0,1.0,1.0,1.0,0.0010979454964399338,0.2,0
131,1.0,1.0,1.0,1.0,0.000960763543844223,0.4666666666666667,5
132,1.0,1.0,1.0,1.0,0.0009350087493658066,0.06666666666666667,2
133,1.0,1.0,1.0,1.0,0.001044178381562233,0.0,9
134,1.0,1.0,1.0,1.0,0.0008825166150927544,0.3333333333333333,8
135,1.0,1.0,1.0,1.0,0.0006559910252690315,0.6,1
136,1.0,1.0,1.0,1.0,0.000563034787774086,0.13333333333333333,4
137,1.0,1.0,1.0,1.0,0.0008970871567726135,0.2,2
138,1.0,1.0,1.0,1.0,0.0008869366720318794,0.3333333333333333,7
139,1.0,1.0,1.0,1.0,0.0010250285267829895,0.4666666666666667,3
140,1.0,1.0,1.0,1.0,0.0009427489712834358,0.4,6
141,1.0,1.0,1.0,1.0,0.00100027397274971,0.4,7
142,1.0,1.0,1.0,1.0,0.0007670605555176735,0.3333333333333333,7
143,1.0,1.0,1.0,1.0,0.0009302115067839622,0.06666666666666667,6
144,1.0,1.0,1.0,1.0,0.0011903317645192146,0.26666666666666666,0
145,1.0,1.0,1.0,1.0,0.001025472767651081,0.2,2
146,1.0,1.0,1.0,1.0,0.0010165972635149956,0.06666666666666667,9
147,1.0,1.0,1.0,1.0,0.001207299530506134,0.13333333333333333,0
148,1.0,1.0,1.0,1.0,0.0010237805545330048,0.4,9
149,1.0,1.0,1.0,1.0,0.0009072376415133476,0.4,7
150,1.0,1.0,1.0,1.0,0.001051715575158596,0.4,3
151,1.0,1.0,1.0,1.0,0.0010136915370821953,0.26666666666666666,3
152,1.0,1.0,1.0,1.0,0.0009482353925704956,0.26666666666666666,4
153,1.0,1.0,1.0,1.0,0.0009644990786910057,0.26666666666666666,5
154,1.0,1.0,1.0,1.0,0.0007554236799478531,0.2,5
155,0.9333333333333333,0.9333333333333333,0.9679665174072273,0.9856569521817484,0.000933854840695858,0.13333333333333333,2
156,1.0,1.0,1.0,1.0,0.0010243607684969902,0.26666666666666666,0
157,1.0,1.0,1.0,1.0,0.001054384745657444,0.3333333333333333,5
158,0.9333333333333333,0.9333333333333333,0.9730735007316271,0.9876046681314576,0.0010140864178538322,0.26666666666666666,3
159,0.8666666666666667,0.8666666666666667,0.9276583613679251,0.9657257434787503,0.0008217692375183105,0.13333333333333333,3
160,0.9333333333333333,0.9333333333333333,0.9833642792891537,0.992964984833549,0.0009909691289067268,0.26666666666666666,3
161,1.0,1.0,1.0,1.0,0.0012230761349201202,0.2,9
162,1.0,1.0,1.0,1.0,0.001433798111975193,0.4,8
163,1.0,1.0,1.0,1.0,0.0010851956903934479,0.0,7
164,1.0,1.0,1.0,1.0,0.0012153470888733864,0.26666666666666666,2
165,1.0,1.0,1.0,1.0,0.0010432880371809006,0.3333333333333333,5
166,1.0,1.0,1.0,1.0,0.0010877382010221481,0.4666666666666667,2
167,1.0,1.0,1.0,1.0,0.0006603086367249489,0.06666666666666667,9
168,0.9333333333333333,0.9333333333333333,0.9797285345465244,0.9910522633688433,0.000686286948621273,0.06666666666666667,8
169,1.0,1.0,1.0,1.0,0.000994175672531128,0.3333333333333333,0
170,1.0,1.0,1.0,1.0,0.001041887328028679,0.7333333333333333,1
171,1.0,1.0,1.0,1.0,0.0008938144892454147,0.3333333333333333,9
172,0.8,0.8,0.9120924005133028,0.9604838666171809,0.0010503903031349182,0.26666666666666666,7
173,1.0,1.0,1.0,1.0,0.0010915324091911316,0.3333333333333333,9
174,1.0,1.0,1.0,1.0,0.0009194724261760712,0.13333333333333333,6
175,0.9333333333333333,0.9333333333333333,0.9603469433966086,0.9811712940999228,0.0008824774995446205,0.0,8
176,1.0,1.0,1.0,1.0,0.001108500175178051,0.06666666666666667,1
177,1.0,1.0,1.0,1.0,0.0008698627352714539,0.4,4
178,0.8666666666666667,0.8666666666666667,0.9410041201492257,0.9736417272169398,0.0008651325479149818,0.3333333333333333,3
179,1.0,1.0,1.0,1.0,0.0010495958849787712,0.3333333333333333,0
180,1.0,1.0,1.0,1.0,0.0011049332097172737,0.0,6
181,1.0,1.0,1.0,1.0,0.0008931206539273262,0.26666666666666666,5
182,1.0,1.0,1.0,1.0,0.0011226600036025047,0.3333333333333333,0
183,1.0,1.0,1.0,1.0,0.00087734404951334,0.13333333333333333,4
184,1.0,1.0,1.0,1.0,0.000881517305970192,0.4,1
185,1.0,1.0,1.0,1.0,0.0011938270181417465,0.26666666666666666,4
186,1.0,1.0,1.0,1.0,0.0008924352005124092,0.06666666666666667,0
187,1.0,1.0,1.0,1.0,0.0008727936074137688,0.4666666666666667,0
188,1.0,1.0,1.0,1.0,0.0010480983182787895,0.3333333333333333,1
189,1.0,1.0,1.0,1.0,0.0009224489331245422,0.4666666666666667,0
190,0.8666666666666667,0.8666666666666667,0.9680544581659651,0.9861563097338032,0.0008728718385100365,0.06666666666666667,3
191,1.0,1.0,1.0,1.0,0.0011117691174149513,0.2,6
192,1.0,1.0,1.0,1.0,0.001047324389219284,0.4666666666666667,4
193,1.0,1.0,1.0,1.0,0.001162596046924591,0.2,4
194,1.0,1.0,1.0,1.0,0.0008587082847952843,0.5333333333333333,0
195,1.0,1.0,1.0,1.0,0.0010907109826803207,0.6,9
196,1.0,1.0,1.0,1.0,0.0007010959088802338,0.13333333333333333,8
197,1.0,1.0,1.0,1.0,0.0013706181198358536,0.2,9
198,1.0,1.0,1.0,1.0,0.0007687406614422798,0.2,7
199,0.9333333333333333,0.9333333333333333,0.9645513165856592,0.9837454915383728,0.000956384465098381,0.26666666666666666,7
200,1.0,1.0,1.0,1.0,0.0010149972513318062,0.2,5
201,0.8,0.8,0.8642034549356126,0.933970123875626,0.0010062502697110176,0.13333333333333333,3
202,0.9333333333333333,0.9333333333333333,0.9472571590242499,0.9739794325763768,0.0010013533756136894,0.2,8
203,1.0,1.0,1.0,1.0,0.000949702225625515,0.4,2
204,1.0,1.0,1.0,1.0,0.0008639628067612648,0.4,1
205,1.0,1.0,1.0,1.0,0.0007340945303440094,0.2,9
206,1.0,1.0,1.0,1.0,0.0009491760283708572,0.2,7
207,1.0,1.0,1.0,1.0,0.001042541116476059,0.13333333333333333,8
208,1.0,1.0,1.0,1.0,0.0007580816745758057,0.4,1
209,1.0,1.0,1.0,1.0,0.0009407810866832733,0.06666666666666667,9
210,1.0,1.0,1.0,1.0,0.001012548804283142,0.3333333333333333,5
211,1.0,1.0,1.0,1.0,0.0010131346061825752,0.13333333333333333,6
212,1.0,1.0,1.0,1.0,0.0009491639211773872,0.13333333333333333,0
213,1.0,1.0,1.0,1.0,0.0010911216959357262,0.2,5
214,1.0,1.0,1.0,1.0,0.0007096538320183754,0.13333333333333333,2
215,0.9333333333333333,0.9333333333333333,0.9640383696297307,0.9840102246626921,0.0009319642558693886,0.4,1
216,0.9333333333333333,0.9333333333333333,0.9661947466459544,0.984461667010395,0.0010254615917801857,0.13333333333333333,8
217,0.9333333333333333,0.9333333333333333,0.9627001857469928,0.9826935932761192,0.0010999776422977448,0.26666666666666666,5
218,0.9333333333333333,0.9333333333333333,0.9860873096161012,0.9940360741569075,0.0012173056602478027,0.3333333333333333,2
219,1.0,1.0,1.0,1.0,0.0010418500751256943,0.06666666666666667,0
220,1.0,1.0,1.0,1.0,0.0010784035548567772,0.5333333333333333,0
221,1.0,1.0,1.0,1.0,0.0012217378243803978,0.4666666666666667,1
222,0.9333333333333333,0.9333333333333333,0.9638941428076889,0.9832113526624638,0.001064465381205082,0.6666666666666666,9
223,1.0,1.0,1.0,1.0,0.0010831896215677261,0.26666666666666666,7
224,1.0,1.0,1.0,1.0,0.0007052328437566757,0.13333333333333333,6
225,0.9333333333333333,0.9333333333333333,0.9736364875622121,0.9880360851313429,0.0006632581353187561,0.13333333333333333,2
226,1.0,1.0,1.0,1.0,0.0008814111351966858,0.4666666666666667,6
227,1.0,1.0,1.0,1.0,0.0012145526707172394,0.13333333333333333,5
228,0.8666666666666667,0.8666666666666667,0.9874006896180201,0.994810938154887,0.0009602094069123268,0.13333333333333333,8
229,0.8666666666666667,0.8666666666666667,0.9289417522575351,0.9675415136244753,0.0009129047393798828,0.2,5
230,1.0,1.0,1.0,1.0,0.001048658974468708,0.06666666666666667,9
231,1.0,1.0,1.0,1.0,0.0010608471930027008,0.3333333333333333,2
232,1.0,1.0,1.0,1.0,0.0011921720579266548,0.26666666666666666,5
233,1.0,1.0,1.0,1.0,0.0010637510567903519,0.2,6
234,1.0,1.0,1.0,1.0,0.0009391261264681816,0.4,5
235,1.0,1.0,1.0,1.0,0.0010352414101362228,0.13333333333333333,2
236,1.0,1.0,1.0,1.0,0.0009368443861603737,0.2,0
237,0.9333333333333333,0.9333333333333333,0.9796451237485618,0.9909897674547558,0.000949726440012455,0.2,0
238,1.0,1.0,1.0,1.0,0.0012405477464199066,0.4666666666666667,7
239,1.0,1.0,1.0,1.0,0.0009455140680074692,0.4,4
240,1.0,1.0,1.0,1.0,0.0008826814591884613,0.13333333333333333,8
241,1.0,1.0,1.0,1.0,0.0009569711983203888,0.06666666666666667,9
242,0.8666666666666667,0.8666666666666667,0.9486151155636962,0.9767400095159159,0.0010546855628490448,0.2,3
243,1.0,1.0,1.0,1.0,0.0010342346504330635,0.13333333333333333,4
244,1.0,1.0,1.0,1.0,0.001191149465739727,0.4666666666666667,2
245,1.0,1.0,1.0,1.0,0.0008874423801898956,0.13333333333333333,0
246,0.6666666666666666,0.6666666666666666,0.7975272300401081,0.9021475026173008,0.00094588752835989,0.06666666666666667,3
247,1.0,1.0,1.0,1.0,0.0011279461905360222,0.06666666666666667,9
248,1.0,1.0,1.0,1.0,0.0006562881171703339,0.13333333333333333,6
249,1.0,1.0,1.0,1.0,0.0008939467370510101,0.2,1
250,0.9333333333333333,0.9333333333333333,0.9842689811310092,0.9929479897140435,0.0008146334439516068,0.13333333333333333,5
251,1.0,1.0,1.0,1.0,0.0010597137734293938,0.26666666666666666,9
252,1.0,1.0,1.0,1.0,0.001006496138870716,0.06666666666666667,0
253,1.0,1.0,1.0,1.0,0.0009466279298067093,0.2,4
254,1.0,1.0,1.0,1.0,0.0007144557312130928,0.5333333333333333,9
255,1.0,1.0,1.0,1.0,0.0009301397949457169,0.26666666666666666,7
256,0.9333333333333333,0.9333333333333333,0.9727557789797541,0.9877770864755657,0.0011977991089224815,0.2,5
257,1.0,1.0,1.0,1.0,0.0010421033948659897,0.4,9
258,1.0,1.0,1.0,1.0,0.0008217236027121544,0.2,7
259,1.0,1.0,1.0,1.0,0.0009893635287880898,0.2,6
260,1.0,1.0,1.0,1.0,0.0009714169427752495,0.3333333333333333,9
261,1.0,1.0,1.0,1.0,0.0010270914062857628,0.26666666666666666,5
262,1.0,1.0,1.0,1.0,0.0010607130825519562,0.4,9
263,1.0,1.0,1.0,1.0,0.001020810566842556,0.4,9
264,0.8666666666666667,0.8666666666666667,0.9991186309506662,0.9996308382679228,0.0008125500753521919,0.06666666666666667,2
265,1.0,1.0,1.0,1.0,0.0009520258754491806,0.13333333333333333,3
266,1.0,1.0,1.0,1.0,0.0012419214472174644,0.26666666666666666,9
267,1.0,1.0,1.0,1.0,0.001426883041858673,0.26666666666666666,2
268,1.0,1.0,1.0,1.0,0.0010769451037049294,0.4666666666666667,7
269,1.0,1.0,1.0,1.0,0.0013786163181066513,0.2,9
270,1.0,1.0,1.0,1.0,0.0007110368460416794,0.3333333333333333,9
271,1.0,1.0,1.0,1.0,0.0013215653598308563,0.4666666666666667,0
272,1.0,1.0,1.0,1.0,0.0011190325021743774,0.13333333333333333,7
273,1.0,1.0,1.0,1.0,0.001165619120001793,0.4,1
274,1.0,1.0,1.0,1.0,0.0008851848542690277,0.06666666666666667,2
275,1.0,1.0,1.0,1.0,0.0010271603241562843,0.4,1
276,0.9333333333333333,0.9333333333333333,0.9694962717246953,0.9861578053616088,0.0011221319437026978,0.26666666666666666,2
277,1.0,1.0,1.0,1.0,0.0011572996154427528,0.26666666666666666,1
278,0.9333333333333333,0.9333333333333333,0.9797133461048513,0.9909946734337767,0.0008927732706069946,0.2,7
279,1.0,1.0,1.0,1.0,0.0013912143185734749,0.13333333333333333,0
280,1.0,1.0,1.0,1.0,0.0011417092755436897,0.26666666666666666,4
281,1.0,1.0,1.0,1.0,0.001243329606950283,0.13333333333333333,3
282,1.0,1.0,1.0,1.0,0.0009425152093172073,0.4666666666666667,1
283,1.0,1.0,1.0,1.0,0.0011048074811697006,0.2,9
284,1.0,1.0,1.0,1.0,0.001235336996614933,0.13333333333333333,6
285,1.0,1.0,1.0,1.0,0.0010499870404601097,0.13333333333333333,8
286,1.0,1.0,1.0,1.0,0.0006705597043037415,0.6,1
287,1.0,1.0,1.0,1.0,0.0005564475432038307,0.3333333333333333,8
288,1.0,1.0,1.0,1.0,0.0009086513891816139,0.2,2
289,1.0,1.0,1.0,1.0,0.0008820556104183197,0.06666666666666667,9
290,0.9333333333333333,0.9333333333333333,0.9693534722096225,0.9862522788841714,0.0009857909753918648,0.2,3
291,1.0,1.0,1.0,1.0,0.0009909868240356445,0.13333333333333333,3
292,0.9333333333333333,0.9333333333333333,0.9941222016702133,0.9975355971317912,0.0009512621909379959,0.2,4
293,1.0,1.0,1.0,1.0,0.0007261065766215324,0.3333333333333333,5
294,1.0,1.0,1.0,1.0,0.0009597931057214737,0.26666666666666666,3
295,1.0,1.0,1.0,1.0,0.0011949427425861359,0.4,9
296,1.0,1.0,1.0,1.0,0.0010557742789387703,0.6,1
297,1.0,1.0,1.0,1.0,0.0010092351585626602,0.3333333333333333,2
298,1.0,1.0,1.0,1.0,0.0009335316717624664,0.2,6
299,0.8666666666666667,0.8666666666666667,0.9443496849686684,0.9743858302183654,0.0010098638013005257,0.26666666666666666,4
300,1.0,1.0,1.0,1.0,0.0009377887472510338,0.6,2
301,0.8,0.8,0.9023818206083983,0.9538797295955025,0.0010162154212594032,0.13333333333333333,8
302,1.0,1.0,1.0,1.0,0.0009567327797412872,0.26666666666666666,7
303,0.8,0.8,0.928089399558067,0.9673199094249315,0.0008427640423178673,0.2,2
304,1.0,1.0,1.0,1.0,0.0007009170949459076,0.2,3
305,1.0,1.0,1.0,1.0,0.0009559895843267441,0.4,9
306,1.0,1.0,1.0,1.0,0.0011969516053795815,0.3333333333333333,2
307,0.9333333333333333,0.9333333333333333,0.9776139354420934,0.9901498884371887,0.0010322891175746918,0.0,5
308,1.0,1.0,1.0,1.0,0.0010258415713906288,0.26666666666666666,0
309,0.8,0.8,0.9324824005083204,0.9693815953568057,0.0008131088688969612,0.13333333333333333,3
310,0.9333333333333333,0.9333333333333333,0.9713072694965282,0.987618405661775,0.0009806584566831589,0.2,6
311,1.0,1.0,1.0,1.0,0.0010971380397677422,0.4,9
312,1.0,1.0,1.0,1.0,0.0010703476145863533,0.2,9
313,0.8666666666666667,0.8666666666666667,0.9411966284651616,0.9703400731168783,0.0011518355458974838,0.2,8
314,0.8666666666666667,0.8666666666666667,0.9488844919375502,0.9776600193512498,0.001081692986190319,0.13333333333333333,8
315,1.0,1.0,1.0,1.0,0.0010035969316959381,0.4,6
316,1.0,1.0,1.0,1.0,0.0009183594956994057,0.3333333333333333,1
317,1.0,1.0,1.0,1.0,0.0009818840771913528,0.3333333333333333,3
318,1.0,1.0,1.0,1.0,0.0008840905502438545,0.4,9
319,1.0,1.0,1.0,1.0,0.0013096528127789497,0.0,3
320,1.0,1.0,1.0,1.0,0.001046917401254177,0.0,7
321,1.0,1.0,1.0,1.0,0.0008920002728700638,0.4666666666666667,1
322,1.0,1.0,1.0,1.0,0.0011193538084626198,0.4666666666666667,0
323,1.0,1.0,1.0,1.0,0.0010082675144076347,0.3333333333333333,4
324,1.0,1.0,1.0,1.0,0.000898716039955616,0.3333333333333333,1
325,1.0,1.0,1.0,1.0,0.0012664524838328362,0.13333333333333333,9
326,1.0,1.0,1.0,1.0,0.0010080039501190186,0.06666666666666667,9
327,1.0,1.0,1.0,1.0,0.0008701756596565247,0.3333333333333333,6
328,1.0,1.0,1.0,1.0,0.001136409118771553,0.0,3
329,1.0,1.0,1.0,1.0,0.0010187570005655289,0.26666666666666666,3
330,1.0,1.0,1.0,1.0,0.0008612582460045815,0.13333333333333333,3
331,0.8666666666666667,0.8666666666666667,0.9470256568889736,0.9759939944787299,0.00113761518150568,0.06666666666666667,7
332,1.0,1.0,1.0,1.0,0.0009158886969089508,0.0,2
333,1.0,1.0,1.0,1.0,0.0008929455652832985,0.5333333333333333,6
334,1.0,1.0,1.0,1.0,0.001319892704486847,0.26666666666666666,0
335,1.0,1.0,1.0,1.0,0.000980352982878685,0.5333333333333333,7
336,1.0,1.0,1.0,1.0,0.0010567950084805489,0.4,6
337,1.0,1.0,1.0,1.0,0.0009143166244029999,0.6666666666666666,0
338,1.0,1.0,1.0,1.0,0.0010990351438522339,0.13333333333333333,0
339,1.0,1.0,1.0,1.0,0.000894554890692234,0.26666666666666666,6
340,1.0,1.0,1.0,1.0,0.0008672000840306282,0.3333333333333333,9
341,1.0,1.0,1.0,1.0,0.0008439309895038605,0.4,6
342,1.0,1.0,1.0,1.0,0.0012520421296358109,0.13333333333333333,7
343,0.8666666666666667,0.8666666666666667,0.9611388081694363,0.9834986176861453,0.0006042905151844025,0.06666666666666667,2
344,0.8,0.8,0.9304351805070297,0.9678129654578552,0.0009205173701047897,0.06666666666666667,2
345,1.0,1.0,1.0,1.0,0.0008161421865224838,0.13333333333333333,8
346,1.0,1.0,1.0,1.0,0.0010539963841438293,0.0,3
347,0.9333333333333333,0.9333333333333333,0.972847814388067,0.9876785428732527,0.0010135415941476822,0.2,2
348,1.0,1.0,1.0,1.0,0.0009462861344218254,0.0,8
349,1.0,1.0,1.0,1.0,0.0007013995200395584,0.4,7
350,1.0,1.0,1.0,1.0,0.0009356355294585228,0.26666666666666666,6
351,1.0,1.0,1.0,1.0,0.0012060105800628662,0.06666666666666667,3
352,1.0,1.0,1.0,1.0,0.0010567409917712212,0.3333333333333333,2
353,1.0,1.0,1.0,1.0,0.0010222941637039185,0.3333333333333333,0
354,1.0,1.0,1.0,1.0,0.0010896511375904083,0.06666666666666667,4
355,0.9333333333333333,0.9333333333333333,0.9629435908738456,0.9830843660724699,0.0009296024218201637,0.06666666666666667,9
356,1.0,1.0,1.0,1.0,0.001017952337861061,0.13333333333333333,0
357,1.0,1.0,1.0,1.0,0.0010614078491926193,0.13333333333333333,0
358,1.0,1.0,1.0,1.0,0.0010287035256624222,0.2,9
359,1.0,1.0,1.0,1.0,0.0010183239355683327,0.4666666666666667,5
360,1.0,1.0,1.0,1.0,0.0010856706649065018,0.4,1
361,1.0,1.0,1.0,1.0,0.001066526398062706,0.26666666666666666,0
362,1.0,1.0,1.0,1.0,0.0011562518775463104,0.3333333333333333,4
363,1.0,1.0,1.0,1.0,0.0006750309839844704,0.4666666666666667,1
364,1.0,1.0,1.0,1.0,0.0011407295241951942,0.0,0
365,0.8666666666666667,0.8666666666666667,0.9289676912871061,0.9671131485294565,0.0011367062106728554,0.06666666666666667,8
366,1.0,1.0,1.0,1.0,0.0008842898532748222,0.5333333333333333,1
367,1.0,1.0,1.0,1.0,0.0013167895376682281,0.5333333333333333,3
368,1.0,1.0,1.0,1.0,0.0010205619037151337,0.3333333333333333,6
369,1.0,1.0,1.0,1.0,0.0009221406653523445,0.13333333333333333,2
370,1.0,1.0,1.0,1.0,0.0012077288702130318,0.3333333333333333,7
371,1.0,1.0,1.0,1.0,0.0010071536526083946,0.4666666666666667,1
372,1.0,1.0,1.0,1.0,0.0009257514029741287,0.06666666666666667,7
373,0.9333333333333333,0.9333333333333333,0.9644956302581149,0.9834900251700323,0.0011721085757017136,0.13333333333333333,8
374,1.0,1.0,1.0,1.0,0.0010823160409927368,0.26666666666666666,4
375,1.0,1.0,1.0,1.0,0.0011518504470586777,0.26666666666666666,9
376,1.0,1.0,1.0,1.0,0.0008844994008541107,0.13333333333333333,7
377,1.0,1.0,1.0,1.0,0.0013208920136094093,0.6666666666666666,1
378,1.0,1.0,1.0,1.0,0.0011051883921027184,0.2,1
379,1.0,1.0,1.0,1.0,0.0009198375046253204,0.2,7
380,1.0,1.0,1.0,1.0,0.0007653422653675079,0.3333333333333333,7
381,1.0,1.0,1.0,1.0,0.0005591660737991333,0.26666666666666666,0
382,0.9333333333333333,0.9333333333333333,0.9687272338875779,0.9856965091224494,0.0006919726729393005,0.06666666666666667,4
383,1.0,1.0,1.0,1.0,0.0014595407992601395,0.26666666666666666,5
384,1.0,1.0,1.0,1.0,0.0009183604270219803,0.3333333333333333,6
385,1.0,1.0,1.0,1.0,0.0007399599999189377,0.3333333333333333,3
386,1.0,1.0,1.0,1.0,0.0009460095316171646,0.13333333333333333,0
387,1.0,1.0,1.0,1.0,0.0010111015290021896,0.2,6
388,1.0,1.0,1.0,1.0,0.0010190438479185104,0.3333333333333333,9
389,1.0,1.0,1.0,1.0,0.000966465100646019,0.4666666666666667,7
390,1.0,1.0,1.0,1.0,0.0008608922362327576,0.3333333333333333,9
391,1.0,1.0,1.0,1.0,0.0009154453873634338,0.4666666666666667,8
392,0.8,0.8,0.8666678372038209,0.9339033965525877,0.0009918129071593285,0.13333333333333333,3
393,1.0,1.0,1.0,1.0,0.0009219180792570114,0.06666666666666667,8
394,1.0,1.0,1.0,1.0,0.0007100878283381462,0.26666666666666666,3
395,1.0,1.0,1.0,1.0,0.000918111763894558,0.4666666666666667,6
396,1.0,1.0,1.0,1.0,0.0010238317772746086,0.06666666666666667,4
397,1.0,1.0,1.0,1.0,0.0010179327800869942,0.13333333333333333,2
398,0.9333333333333333,0.9333333333333333,0.9746388396281515,0.9888314817155788,0.0009551774710416794,0.3333333333333333,2
399,1.0,1.0,1.0,1.0,0.0008936477825045586,0.2,4
400,0.8666666666666667,0.8666666666666667,0.9651461184400909,0.9847678520325631,0.0010444726794958115,0.4666666666666667,7
401,1.0,1.0,1.0,1.0,0.001082204282283783,0.06666666666666667,4
402,0.9333333333333333,0.9333333333333333,0.9752370300312522,0.9891107859908894,0.0012164022773504257,0.2,6
403,0.9333333333333333,0.9333333333333333,0.9833804534352605,0.9928373247518973,0.001053723506629467,0.2,6
404,0.9333333333333333,0.9333333333333333,0.9599792838182802,0.9812411673414567,0.0010797474533319473,0.4,3
405,1.0,1.0,1.0,1.0,0.0013677757233381271,0.26666666666666666,0
406,1.0,1.0,1.0,1.0,0.0006018411368131638,0.13333333333333333,7
407,1.0,1.0,1.0,1.0,0.0012584058567881584,0.06666666666666667,4
408,1.0,1.0,1.0,1.0,0.0010467339307069778,0.06666666666666667,4
409,0.9333333333333333,0.9333333333333333,0.9712037812886359,0.9872644978543241,0.0008725384250283241,0.06666666666666667,2
410,1.0,1.0,1.0,1.0,0.0010143322870135307,0.2,7
411,1.0,1.0,1.0,1.0,0.0010452670976519585,0.0,3
412,1.0,1.0,1.0,1.0,0.0009091058745980263,0.2,7
413,1.0,1.0,1.0,1.0,0.000997273251414299,0.4,0
414,1.0,1.0,1.0,1.0,0.001052703708410263,0.0,9
415,1.0,1.0,1.0,1.0,0.0009118318557739258,0.26666666666666666,0
416,1.0,1.0,1.0,1.0,0.001131226308643818,0.5333333333333333,7
417,1.0,1.0,1.0,1.0,0.0009597903117537498,0.2,6
418,1.0,1.0,1.0,1.0,0.0008837394416332245,0.06666666666666667,9
419,1.0,1.0,1.0,1.0,0.001126568764448166,0.3333333333333333,4
420,1.0,1.0,1.0,1.0,0.000921878032386303,0.2,9
421,1.0,1.0,1.0,1.0,0.0008751014247536659,0.26666666666666666,2
422,1.0,1.0,1.0,1.0,0.0012506740167737007,0.4,4
423,1.0,1.0,1.0,1.0,0.0010519316419959068,0.3333333333333333,9
424,1.0,1.0,1.0,1.0,0.0009113224223256111,0.4,3
425,1.0,1.0,1.0,1.0,0.0007551880553364754,0.13333333333333333,7
426,1.0,1.0,1.0,1.0,0.0005970411002635956,0.26666666666666666,0
427,1.0,1.0,1.0,1.0,0.0006952006369829178,0.2,5
428,1.0,1.0,1.0,1.0,0.0015149647369980812,0.26666666666666666,2
429,1.0,1.0,1.0,1.0,0.0009130407124757767,0.3333333333333333,7
430,1.0,1.0,1.0,1.0,0.000745261088013649,0.26666666666666666,9
431,1.0,1.0,1.0,1.0,0.0009523984044790268,0.2,3
432,1.0,1.0,1.0,1.0,0.0010227635502815247,0.0,2
433,1.0,1.0,1.0,1.0,0.001021580770611763,0.26666666666666666,1
434,1.0,1.0,1.0,1.0,0.0009517073631286621,0.2,3
435,1.0,1.0,1.0,1.0,0.000870145857334137,0.4,7
436,1.0,1.0,1.0,1.0,0.0007159663364291191,0.6,4
437,1.0,1.0,1.0,1.0,0.0010185632854700089,0.6666666666666666,4
438,1.0,1.0,1.0,1.0,0.000976857729256153,0.4,6
439,1.0,1.0,1.0,1.0,0.0010242443531751633,0.2,3
440,1.0,1.0,1.0,1.0,0.0008142730221152306,0.0,9
441,1.0,1.0,1.0,1.0,0.0009787343442440033,0.13333333333333333,3
442,1.0,1.0,1.0,1.0,0.0009439941495656967,0.13333333333333333,2
443,1.0,1.0,1.0,1.0,0.001023520715534687,0.3333333333333333,1
444,1.0,1.0,1.0,1.0,0.0010509425774216652,0.3333333333333333,9
445,1.0,1.0,1.0,1.0,0.001020059920847416,0.4,1
446,1.0,1.0,1.0,1.0,0.0009442511945962906,0.26666666666666666,7
447,1.0,1.0,1.0,1.0,0.0009838640689849854,0.4,3
448,1.0,1.0,1.0,1.0,0.0010245414450764656,0.0,3
449,1.0,1.0,1.0,1.0,0.0011040465906262398,0.13333333333333333,8
450,1.0,1.0,1.0,1.0,0.0013808868825435638,0.3333333333333333,5
451,1.0,1.0,1.0,1.0,0.0010716300457715988,0.13333333333333333,8
452,1.0,1.0,1.0,1.0,0.0012467019259929657,0.26666666666666666,3
453,1.0,1.0,1.0,1.0,0.0012650620192289352,0.26666666666666666,6
454,0.9333333333333333,0.9333333333333333,0.9857175890683063,0.9940565588959555,0.0005958797410130501,0.26666666666666666,2
455,1.0,1.0,1.0,1.0,0.0011469712480902672,0.4,7
456,1.0,1.0,1.0,1.0,0.0009118616580963135,0.3333333333333333,6
457,1.0,1.0,1.0,1.0,0.0008656615391373634,0.2,9
458,1.0,1.0,1.0,1.0,0.0012552598491311073,0.0,8
459,0.9333333333333333,0.9333333333333333,0.9757573615797414,0.9893094309199206,0.0010272590443491936,0.13333333333333333,8
460,1.0,1.0,1.0,1.0,0.0009096218273043633,0.4,0
461,1.0,1.0,1.0,1.0,0.000984848476946354,0.4,4
462,1.0,1.0,1.0,1.0,0.0010114982724189758,0.3333333333333333,2
463,1.0,1.0,1.0,1.0,0.0009068809449672699,0.06666666666666667,6
464,1.0,1.0,1.0,1.0,0.0010695718228816986,0.3333333333333333,4
465,1.0,1.0,1.0,1.0,0.0008826004341244698,0.4666666666666667,2
466,1.0,1.0,1.0,1.0,0.001111815683543682,0.06666666666666667,6
467,1.0,1.0,1.0,1.0,0.001138073392212391,0.4666666666666667,9
468,1.0,1.0,1.0,1.0,0.0009787576273083687,0.2,7
469,1.0,1.0,1.0,1.0,0.000869404524564743,0.26666666666666666,4
470,1.0,1.0,1.0,1.0,0.0010674064978957176,0.06666666666666667,3
471,1.0,1.0,1.0,1.0,0.001145663671195507,0.4666666666666667,7
472,0.9333333333333333,0.9333333333333333,0.9752936144162334,0.9890900014885713,0.0009049111977219582,0.06666666666666667,8
473,1.0,1.0,1.0,1.0,0.0011064354330301285,0.13333333333333333,2
474,0.9333333333333333,0.9333333333333333,0.960731506947854,0.9817995370846475,0.0012717591598629951,0.0,8
475,1.0,1.0,1.0,1.0,0.0010425643995404243,0.4666666666666667,0
476,0.9333333333333333,0.9333333333333333,0.9780061761199244,0.9905090184313049,0.0009104926139116287,0.13333333333333333,6
477,1.0,1.0,1.0,1.0,0.0007600421085953712,0.4,0
478,1.0,1.0,1.0,1.0,0.0005721859633922577,0.06666666666666667,8
479,1.0,1.0,1.0,1.0,0.0006880555301904678,0.2,0
480,1.0,1.0,1.0,1.0,0.0015146415680646896,0.26666666666666666,4
481,1.0,1.0,1.0,1.0,0.0009085824713110924,0.2,1
482,1.0,1.0,1.0,1.0,0.0007370691746473312,0.4666666666666667,4
483,1.0,1.0,1.0,1.0,0.0009307609871029854,0.3333333333333333,9
484,1.0,1.0,1.0,1.0,0.0010026413947343826,0.2,8
485,1.0,1.0,1.0,1.0,0.001028791069984436,0.5333333333333333,9
486,1.0,1.0,1.0,1.0,0.0009670397266745567,0.5333333333333333,1
487,0.9333333333333333,0.9333333333333333,0.9890265744107348,0.9952029844161601,0.0007973313331604004,0.2,9
488,1.0,1.0,1.0,1.0,0.0008082687854766846,0.4,6
489,1.0,1.0,1.0,1.0,0.0009079547598958015,0.4,1
490,0.9333333333333333,0.9333333333333333,0.9715564157150502,0.9871581347023828,0.000896199606359005,0.0,8
491,1.0,1.0,1.0,1.0,0.0007254164665937424,0.2,0
492,1.0,1.0,1.0,1.0,0.0009310971945524216,0.13333333333333333,9
493,1.0,1.0,1.0,1.0,0.0010205283761024475,0.13333333333333333,3
494,0.9333333333333333,0.9333333333333333,0.9776465839840526,0.9903098419717571,0.001014229841530323,0.13333333333333333,7
495,1.0,1.0,1.0,1.0,0.0009634401649236679,0.4666666666666667,7
496,1.0,1.0,1.0,1.0,0.0008078068494796753,0.2,4
497,1.0,1.0,1.0,1.0,0.0010035168379545212,0.4666666666666667,4
498,0.9333333333333333,0.9333333333333333,0.9677317686515864,0.9849443553767874,0.0012727295979857445,0.06666666666666667,2
499,0.8,0.8,0.8848570859440726,0.9460203884114056,0.0011078966781497002,0.06666666666666667,8
500,1.0,1.0,1.0,1.0,0.0009919637814164162,0.3333333333333333,6
501,1.0,1.0,1.0,1.0,0.0012630568817257881,0.2,1
502,1.0,1.0,1.0,1.0,0.0006696628406643867,0.13333333333333333,2
503,1.0,1.0,1.0,1.0,0.0010575372725725174,0.0,2
504,1.0,1.0,1.0,1.0,0.0010954523459076881,0.06666666666666667,3
505,1.0,1.0,1.0,1.0,0.0008915616199374199,0.3333333333333333,1
506,1.0,1.0,1.0,1.0,0.001102718524634838,0.2,5
507,1.0,1.0,1.0,1.0,0.0011747488752007484,0.4666666666666667,4
508,0.9333333333333333,0.9333333333333333,0.9749787723492478,0.9893290590211218,0.000876307487487793,0.26666666666666666,9
509,0.8666666666666667,0.8666666666666667,0.9708028067334756,0.9877783742298111,0.0011280383914709091,0.06666666666666667,1
510,1.0,1.0,1.0,1.0,0.001133820042014122,0.06666666666666667,4
511,1.0,1.0,1.0,1.0,0.0009143594652414322,0.0,0
512,1.0,1.0,1.0,1.0,0.0011028638109564781,0.4,9
513,1.0,1.0,1.0,1.0,0.0008979262784123421,0.2,1
514,1.0,1.0,1.0,1.0,0.0008737370371818542,0.4,9
515,1.0,1.0,1.0,1.0,0.0012425817549228668,0.4,2
516,1.0,1.0,1.0,1.0,0.0009700758382678032,0.06666666666666667,5
517,1.0,1.0,1.0,1.0,0.0009068185463547707,0.2,1
518,1.0,1.0,1.0,1.0,0.0009473860263824463,0.3333333333333333,7
519,1.0,1.0,1.0,1.0,0.0009673386812210083,0.0,2
520,1.0,1.0,1.0,1.0,0.0008742539212107658,0.6666666666666666,7
521,1.0,1.0,1.0,1.0,0.0007616737857460976,0.2,2
522,1.0,1.0,1.0,1.0,0.0009725438430905342,0.4,5
523,1.0,1.0,1.0,1.0,0.0006936732679605484,0.0,3
524,1.0,1.0,1.0,1.0,0.0014525456354022026,0.3333333333333333,3
525,1.0,1.0,1.0,1.0,0.0009333062916994095,0.06666666666666667,2
526,0.8,0.8,0.884725385799259,0.945226021908164,0.0007312558591365814,0.13333333333333333,2
527,1.0,1.0,1.0,1.0,0.0009424453601241112,0.5333333333333333,0
528,1.0,1.0,1.0,1.0,0.0010023228824138641,0.2,7
529,1.0,1.0,1.0,1.0,0.0010072682052850723,0.13333333333333333,0
530,1.0,1.0,1.0,1.0,0.0009568957611918449,0.4666666666666667,1
531,1.0,1.0,1.0,1.0,0.0008446285501122475,0.4666666666666667,6
532,1.0,1.0,1.0,1.0,0.0009159371256828308,0.13333333333333333,9
533,1.0,1.0,1.0,1.0,0.000988922081887722,0.2,6
534,1.0,1.0,1.0,1.0,0.0009244130924344063,0.4,1
535,1.0,1.0,1.0,1.0,0.000703747384250164,0.26666666666666666,7
536,0.9333333333333333,0.9333333333333333,0.9585007337440397,0.98053943798887,0.0009366162121295929,0.2,5
537,1.0,1.0,1.0,1.0,0.0010319706052541733,0.06666666666666667,7
538,1.0,1.0,1.0,1.0,0.0010175956413149834,0.2,6
539,1.0,1.0,1.0,1.0,0.0009589139372110367,0.4666666666666667,1
540,1.0,1.0,1.0,1.0,0.001079983077943325,0.2,0
541,1.0,1.0,1.0,1.0,0.0007118908688426018,0.2,2
542,1.0,1.0,1.0,1.0,0.001107306219637394,0.4666666666666667,6
543,0.8,0.8,0.8328052713307169,0.9076064841861663,0.0011871857568621635,0.0,3
544,0.9333333333333333,0.9333333333333333,0.9772582811835724,0.9904058386983744,0.0010709865018725395,0.26666666666666666,5
545,1.0,1.0,1.0,1.0,0.00108293816447258,0.4666666666666667,6
546,0.9333333333333333,0.9333333333333333,0.9745029526798493,0.9886439726468597,0.0013687480241060257,0.2,5
547,1.0,1.0,1.0,1.0,0.0010942593216896057,0.3333333333333333,6
548,1.0,1.0,1.0,1.0,0.0012465454638004303,0.2,6
549,1.0,1.0,1.0,1.0,0.0010909438133239746,0.4666666666666667,0
550,0.9333333333333333,0.9333333333333333,0.9729607857943529,0.9880143123216019,0.0006011528894305229,0.3333333333333333,5
551,1.0,1.0,1.0,1.0,0.0011529913172125816,0.5333333333333333,6
552,1.0,1.0,1.0,1.0,0.0011818893253803253,0.13333333333333333,0
553,1.0,1.0,1.0,1.0,0.0008693905547261238,0.13333333333333333,3
554,1.0,1.0,1.0,1.0,0.0010325415059924126,0.26666666666666666,1
555,1.0,1.0,1.0,1.0,0.0008780919015407562,0.2,7
556,1.0,1.0,1.0,1.0,0.0008650217205286026,0.26666666666666666,6
557,1.0,1.0,1.0,1.0,0.0011937487870454788,0.3333333333333333,7
558,1.0,1.0,1.0,1.0,0.0008686427026987076,0.2,1
559,1.0,1.0,1.0,1.0,0.0008652731776237488,0.4,0
560,1.0,1.0,1.0,1.0,0.001192767173051834,0.13333333333333333,4
561,1.0,1.0,1.0,1.0,0.0008745305240154266,0.2,3
562,1.0,1.0,1.0,1.0,0.0008744420483708382,0.3333333333333333,1
563,1.0,1.0,1.0,1.0,0.0010489411652088165,0.2,9
564,1.0,1.0,1.0,1.0,0.0009124204516410828,0.26666666666666666,3
565,0.9333333333333333,0.9333333333333333,0.9381420374824853,0.9681011765958806,0.0009703505784273148,0.26666666666666666,2
566,1.0,1.0,1.0,1.0,0.0010435180738568306,0.26666666666666666,6
567,1.0,1.0,1.0,1.0,0.0009172149002552032,0.13333333333333333,4
568,1.0,1.0,1.0,1.0,0.0010452838614583015,0.13333333333333333,9
569,1.0,1.0,1.0,1.0,0.0011134250089526176,0.26666666666666666,9
570,0.9333333333333333,0.9333333333333333,0.9565364361091632,0.9792388815489288,0.0008915551006793976,0.4,5
571,1.0,1.0,1.0,1.0,0.0008697956800460815,0.26666666666666666,2
572,1.0,1.0,1.0,1.0,0.0008339351043105125,0.0,3
573,1.0,1.0,1.0,1.0,0.0011168811470270157,0.0,8
574,1.0,1.0,1.0,1.0,0.0007367338985204697,0.2,6
575,0.7333333333333333,0.7333333333333333,0.8715278214608716,0.9404223424400268,0.0013906639069318771,0.06666666666666667,2
576,1.0,1.0,1.0,1.0,0.0006483606994152069,0.4,4
577,1.0,1.0,1.0,1.0,0.0009465767070651054,0.2,8
578,0.8666666666666667,0.8666666666666667,0.9219500594321705,0.9613260160627776,0.0010433029383420944,0.06666666666666667,8
579,1.0,1.0,1.0,1.0,0.0010120691731572151,0.06666666666666667,8
580,1.0,1.0,1.0,1.0,0.001003677025437355,0.3333333333333333,1
581,1.0,1.0,1.0,1.0,0.0009529190137982368,0.2,8
582,1.0,1.0,1.0,1.0,0.000654175877571106,0.4,1
583,0.7333333333333333,0.7333333333333333,0.8463791282502018,0.9260715319446853,0.0009437594562768936,0.13333333333333333,0
584,1.0,1.0,1.0,1.0,0.0010455818846821785,0.2,5
585,1.0,1.0,1.0,1.0,0.0010519353672862053,0.26666666666666666,5
586,1.0,1.0,1.0,1.0,0.0010032011196017265,0.4666666666666667,1
587,0.8666666666666667,0.8666666666666667,0.9245420765909853,0.964507407908948,0.0007995981723070145,0.2,8
588,1.0,1.0,1.0,1.0,0.0010212045162916183,0.4666666666666667,1
589,1.0,1.0,1.0,1.0,0.0010099830105900764,0.4666666666666667,6
590,1.0,1.0,1.0,1.0,0.0009486088529229164,0.4,3
591,1.0,1.0,1.0,0.999999996638987,0.0009570643305778503,0.6,1
592,1.0,1.0,1.0,1.0,0.0007779747247695923,0.3333333333333333,4
593,1.0,1.0,1.0,1.0,0.0009352769702672958,0.2,8
594,0.8,0.8,0.835050659658819,0.8983133467556318,0.001010814681649208,0.2,5
595,1.0,1.0,1.0,1.0,0.001027851365506649,0.4666666666666667,9
596,1.0,1.0,1.0,1.0,0.0009423196315765381,0.4,6
597,1.0,1.0,1.0,1.0,0.0010162610560655594,0.0,8
598,1.0,1.0,1.0,1.0,0.001037471927702427,0.0,3
599,1.0,1.0,1.0,1.0,0.0009756144136190414,0.26666666666666666,6
600,1.0,1.0,1.0,1.0,0.0012356461957097054,0.5333333333333333,5
601,1.0,1.0,1.0,1.0,0.0014321552589535713,0.06666666666666667,0
602,0.8666666666666667,0.8666666666666667,0.9796293467669992,0.9913037989748812,0.0010888660326600075,0.0,7
603,1.0,1.0,1.0,1.0,0.0013707922771573067,0.06666666666666667,4
604,1.0,1.0,1.0,1.0,0.0010891063138842583,0.13333333333333333,0
605,1.0,1.0,1.0,1.0,0.001254701055586338,0.4,9
606,1.0,1.0,1.0,1.0,0.0010577766224741936,0.4,7
607,1.0,1.0,1.0,1.0,0.0007602069526910782,0.4666666666666667,4
608,1.0,1.0,1.0,1.0,0.0008988361805677414,0.26666666666666666,7
609,1.0,1.0,1.0,1.0,0.0009329123422503471,0.3333333333333333,5
610,1.0,1.0,1.0,1.0,0.0008864216506481171,0.2,3
611,1.0,1.0,1.0,1.0,0.0011483151465654373,0.4666666666666667,4
612,1.0,1.0,1.0,1.0,0.0009321831166744232,0.26666666666666666,4
613,1.0,1.0,1.0,1.0,0.000883457250893116,0.3333333333333333,0
614,0.8666666666666667,0.8666666666666667,0.9326291008607249,0.9689447752732883,0.0013081151992082596,0.2,8
615,1.0,1.0,1.0,1.0,0.0009709084406495094,0.2,3
616,1.0,1.0,1.0,1.0,0.0008715279400348663,0.4,6
617,1.0,1.0,1.0,1.0,0.0010037794709205627,0.3333333333333333,1
618,1.0,1.0,1.0,1.0,0.0010343054309487343,0.06666666666666667,6
619,0.8,0.8,0.9119934359584956,0.9589909680960239,0.0008949330076575279,0.13333333333333333,9
620,1.0,1.0,1.0,1.0,0.0010181460529565811,0.26666666666666666,6
621,0.8666666666666667,0.8666666666666667,0.9178837173701094,0.9613924600140978,0.0010562846437096596,0.2,5
622,1.0,1.0,1.0,1.0,0.0008826600387692451,0.06666666666666667,8
623,1.0,1.0,1.0,1.0,0.001333329826593399,0.2,9
624,1.0,1.0,1.0,1.0,0.0009741457179188728,0.4666666666666667,0
625,1.0,1.0,1.0,1.0,0.000869065523147583,0.4,2
626,1.0,1.0,1.0,1.0,0.0009775310754776,0.4,3
627,1.0,1.0,1.0,1.0,0.001050550490617752,0.4,1
628,0.9333333333333333,0.9333333333333333,0.9591455856929071,0.9807364905826538,0.0008202977478504181,0.26666666666666666,8
629,0.9333333333333333,0.9333333333333333,0.9621237015365214,0.9827935618223214,0.0008667483925819397,0.4,6
630,1.0,1.0,1.0,1.0,0.0011743679642677307,0.4,6
631,1.0,1.0,1.0,1.0,0.001176930032670498,0.0,2
632,0.9333333333333333,0.9333333333333333,0.9515906304688201,0.976783897526326,0.0008828034624457359,0.0,9
633,1.0,1.0,1.0,1.0,0.001325700432062149,0.0,5
634,1.0,1.0,1.0,1.0,0.0008962377905845642,0.3333333333333333,7
635,1.0,1.0,1.0,1.0,0.0006449585780501366,0.3333333333333333,6
636,0.9333333333333333,0.9333333333333333,0.9695362106625992,0.986264766156678,0.0005623120814561844,0.3333333333333333,7
637,1.0,1.0,1.0,1.0,0.0009053684771060944,0.0,3
638,1.0,1.0,1.0,1.0,0.0008789515122771263,0.3333333333333333,8
639,1.0,1.0,1.0,1.0,0.0010303789749741554,0.3333333333333333,3
640,1.0,1.0,1.0,1.0,0.0009544277563691139,0.2,6
641,0.9333333333333333,0.9333333333333333,0.9736456840420568,0.9886491954573621,0.0007765870541334152,0.26666666666666666,8
642,1.0,1.0,1.0,1.0,0.0009858682751655579,0.6666666666666666,2
643,1.0,1.0,1.0,1.0,0.0009311111643910408,0.26666666666666666,3
644,1.0,1.0,1.0,1.0,0.0010258937254548073,0.5333333333333333,1
645,1.0,1.0,1.0,1.0,0.0009828479960560799,0.0,4
646,1.0,1.0,1.0,1.0,0.0010539088398218155,0.3333333333333333,5
647,1.0,1.0,1.0,1.0,0.0008099768310785294,0.4666666666666667,2
648,1.0,1.0,1.0,1.0,0.0010333936661481857,0.2,3
649,0.8,0.8,0.8287347946798465,0.9078931473600198,0.0010107159614562988,0.3333333333333333,3
650,1.0,1.0,1.0,1.0,0.0009637884795665741,0.13333333333333333,5
651,1.0,1.0,1.0,1.0,0.000993446446955204,0.06666666666666667,3
652,1.0,1.0,1.0,1.0,0.0007194168865680695,0.3333333333333333,6
653,0.9333333333333333,0.9333333333333333,0.960610696812558,0.9818785066868678,0.0009044930338859558,0.06666666666666667,3
654,1.0,1.0,1.0,1.0,0.0012384839355945587,0.3333333333333333,5
655,1.0,1.0,1.0,1.0,0.0014240993186831474,0.26666666666666666,4
656,1.0,1.0,1.0,1.0,0.001084168441593647,0.6666666666666666,1
657,1.0,1.0,1.0,1.0,0.001377231441438198,0.3333333333333333,5
658,0.8666666666666667,0.8666666666666667,0.9613419563483725,0.9832856737819226,0.0010525546967983246,0.13333333333333333,4
659,1.0,1.0,1.0,1.0,0.0008179070428013802,0.4,7
660,1.0,1.0,1.0,1.0,0.0010188929736614227,0.06666666666666667,5
661,1.0,1.0,1.0,1.0,0.0012431787326931953,0.4666666666666667,7
662,1.0,1.0,1.0,1.0,0.000972461886703968,0.2,3
663,1.0,1.0,1.0,1.0,0.0009418223053216934,0.4,7
664,1.0,1.0,1.0,1.0,0.0009731873869895935,0.26666666666666666,2
665,1.0,1.0,1.0,1.0,0.0010463902726769447,0.2,7
666,1.0,1.0,1.0,1.0,0.0009653996676206589,0.3333333333333333,9
667,1.0,1.0,1.0,1.0,0.0008856728672981262,0.3333333333333333,9
668,1.0,1.0,1.0,1.0,0.000946681946516037,0.4666666666666667,0
669,1.0,1.0,1.0,1.0,0.0012594806030392647,0.4666666666666667,0
670,1.0,1.0,1.0,1.0,0.001079663634300232,0.3333333333333333,0
671,1.0,1.0,1.0,1.0,0.000934709794819355,0.06666666666666667,7
672,1.0,1.0,1.0,1.0,0.0009038783609867096,0.06666666666666667,6
673,1.0,1.0,1.0,1.0,0.0009616995230317116,0.2,7
674,1.0,1.0,1.0,1.0,0.0012752488255500793,0.0,7
675,1.0,1.0,1.0,1.0,0.0009510787203907967,0.2,7
676,0.9333333333333333,0.9333333333333333,0.965088946013422,0.9839447504790486,0.0013158423826098442,0.2,3
677,0.9333333333333333,0.9333333333333333,0.9759270320347473,0.9892496862725456,0.0006504664197564125,0.0,3
678,0.8666666666666667,0.8666666666666667,0.8811010542647125,0.9333992807573844,0.0009143343195319176,0.2,2
679,1.0,1.0,1.0,1.0,0.0008112918585538864,0.3333333333333333,6
680,1.0,1.0,1.0,1.0,0.0010597845539450645,0.5333333333333333,6
681,1.0,1.0,1.0,1.0,0.0010083336383104324,0.06666666666666667,9
682,1.0,1.0,1.0,1.0,0.0009542861953377724,0.06666666666666667,3
683,1.0,1.0,1.0,1.0,0.000707847997546196,0.2,5
684,1.0,1.0,1.0,1.0,0.0009405100718140602,0.13333333333333333,9
685,1.0,1.0,1.0,1.0,0.0010327938944101334,0.2,7
686,1.0,1.0,1.0,1.0,0.0008167745545506477,0.2,9
687,0.7333333333333333,0.7333333333333333,0.7999490897640371,0.898923305091746,0.001005450263619423,0.2,9
688,1.0,1.0,1.0,1.0,0.0010207071900367737,0.26666666666666666,1
689,1.0,1.0,1.0,1.0,0.0010504256933927536,0.2,0
690,1.0,1.0,1.0,1.0,0.0009997934103012085,0.4,0
691,1.0,1.0,1.0,1.0,0.0009476533159613609,0.3333333333333333,2
692,1.0,1.0,1.0,1.0,0.0010354788973927498,0.3333333333333333,1
693,1.0,1.0,1.0,1.0,0.0009752688929438591,0.06666666666666667,9
694,0.9333333333333333,0.9333333333333333,0.9842691070314735,0.9932523319093545,0.0010854639112949371,0.4666666666666667,0
695,1.0,1.0,1.0,1.0,0.0010516121983528137,0.06666666666666667,8
696,0.9333333333333333,0.9333333333333333,0.9676825611071596,0.9856725161486252,0.0011465959250926971,0.3333333333333333,7
697,1.0,1.0,1.0,1.0,0.0012585679069161415,0.4,0
698,1.0,1.0,1.0,1.0,0.0005550030618906021,0.4,2
699,0.8666666666666667,0.8666666666666667,0.9836428305506097,0.9928437664446812,0.0013204105198383331,0.0,9
700,1.0,1.0,1.0,1.0,0.0010443413630127907,0.0,2
701,1.0,1.0,1.0,1.0,0.0009034359827637672,0.26666666666666666,7
702,0.9333333333333333,0.9333333333333333,0.9717062809336366,0.9872798176087328,0.00100807286798954,0.6,3
703,1.0,1.0,1.0,1.0,0.0011338070034980774,0.7333333333333333,7
704,1.0,1.0,1.0,1.0,0.0009252894669771194,0.2,8
705,1.0,1.0,1.0,1.0,0.0008977307006716728,0.13333333333333333,4
706,0.9333333333333333,0.9333333333333333,0.9533511142358753,0.9775376388090674,0.0011373069137334824,0.13333333333333333,3
707,1.0,1.0,1.0,1.0,0.0009138742461800575,0.4666666666666667,2
708,0.9333333333333333,0.9333333333333333,0.9562945024360332,0.9794572245761691,0.0008807079866528511,0.2,8
709,1.0,1.0,1.0,1.0,0.0010430151596665382,0.4,7
710,1.0,1.0,1.0,1.0,0.0010575028136372566,0.3333333333333333,1
711,1.0,1.0,1.0,1.0,0.0011522546410560608,0.26666666666666666,7
712,1.0,1.0,1.0,1.0,0.0008880337700247765,0.3333333333333333,1
713,1.0,1.0,1.0,1.0,0.0008723186329007149,0.13333333333333333,5
714,1.0,1.0,1.0,1.0,0.0011078622192144394,0.4,6
715,1.0,1.0,1.0,1.0,0.0007720207795500755,0.3333333333333333,5
716,1.0,1.0,1.0,1.0,0.0013757562264800072,0.13333333333333333,2
717,1.0,1.0,1.0,1.0,0.0007625976577401161,0.26666666666666666,9
718,1.0,1.0,1.0,1.0,0.0009888224303722382,0.26666666666666666,4
719,1.0,1.0,1.0,1.0,0.0011976109817624092,0.26666666666666666,4
720,0.9333333333333333,0.9333333333333333,0.9640493052327215,0.9834795360913082,0.0010096263140439987,0.0,5
721,1.0,1.0,1.0,1.0,0.0010346071794629097,0.2,6
722,0.8,0.8,0.8793111809641366,0.94283893809379,0.0009556049481034279,0.26666666666666666,2
723,1.0,1.0,1.0,1.0,0.000805288553237915,0.13333333333333333,4
724,1.0,1.0,1.0,1.0,0.0010520434007048607,0.3333333333333333,9
725,1.0,1.0,1.0,1.0,0.0010077254846692085,0.26666666666666666,4
726,1.0,1.0,1.0,1.0,0.0009324923157691956,0.6666666666666666,1
727,1.0,1.0,1.0,1.0,0.0007010530680418015,0.06666666666666667,1
728,1.0,1.0,1.0,1.0,0.0009377086535096169,0.3333333333333333,1
729,1.0,1.0,1.0,1.0,0.001013343222439289,0.13333333333333333,7
730,1.0,1.0,1.0,1.0,0.0010243691504001617,0.3333333333333333,8
731,0.8,0.8,0.890350545853096,0.944678468779225,0.0008062794804573059,0.13333333333333333,2
732,1.0,1.0,1.0,1.0,0.0009718546643853188,0.06666666666666667,9
733,0.8666666666666667,0.8666666666666667,0.9405502984094611,0.9726661379286174,0.0012671258300542831,0.0,9
734,1.0,1.0,1.0,1.0,0.0014471830800175667,0.2,7
735,1.0,1.0,1.0,1.0,0.001143522560596466,0.4,6
736,1.0,1.0,1.0,1.0,0.001284831203520298,0.5333333333333333,6
737,1.0,1.0,1.0,1.0,0.0007371874526143074,0.6,4
738,0.8666666666666667,0.8666666666666667,0.9443480885720178,0.9748294423796721,0.0008929427713155746,0.2,7
739,1.0,1.0,1.0,1.0,0.000938640907406807,0.13333333333333333,8
740,1.0,1.0,1.0,1.0,0.0009043682366609573,0.2,7
741,1.0,1.0,1.0,1.0,0.001289202831685543,0.3333333333333333,4
742,1.0,1.0,1.0,1.0,0.0010177874937653542,0.4666666666666667,5
743,1.0,1.0,1.0,1.0,0.0009154211729764938,0.06666666666666667,9
744,1.0,1.0,1.0,1.0,0.0010177334770560265,0.3333333333333333,9
745,0.8666666666666667,0.8666666666666667,0.9319137870400874,0.9676732030355968,0.001019882969558239,0.3333333333333333,1
746,1.0,1.0,1.0,1.0,0.0009046420454978943,0.26666666666666666,3
747,1.0,1.0,1.0,1.0,0.0011433884501457214,0.3333333333333333,4
748,1.0,1.0,1.0,1.0,0.000942181795835495,0.3333333333333333,0
749,1.0,1.0,1.0,1.0,0.0008749524131417274,0.3333333333333333,6
750,1.0,1.0,1.0,1.0,0.0013302285224199295,0.4,4
751,0.7333333333333333,0.7333333333333333,0.7417869657278989,0.8403628475504815,0.0009776856750249863,0.0,3
752,1.0,1.0,1.0,1.0,0.0008726269006729126,0.0,4
753,1.0,1.0,1.0,1.0,0.0009829923510551453,0.6,8
754,1.0,1.0,1.0,1.0,0.0009385878220200539,0.13333333333333333,5
755,1.0,1.0,1.0,1.0,0.0013006478548049927,0.6666666666666666,4
756,1.0,1.0,1.0,1.0,0.0006558895111083984,0.13333333333333333,8
757,1.0,1.0,1.0,1.0,0.0007640793919563293,0.06666666666666667,4
758,1.0,1.0,1.0,1.0,0.0008275117725133896,0.5333333333333333,4
759,1.0,1.0,1.0,1.0,0.001043243333697319,0.13333333333333333,9
760,0.6666666666666666,0.6666666666666666,0.9441164290883672,0.9754430841245464,0.0010094502940773964,0.2,4
761,1.0,1.0,1.0,1.0,0.0009449059143662453,0.5333333333333333,1
762,1.0,1.0,1.0,1.0,0.000722026452422142,0.13333333333333333,4
763,1.0,1.0,1.0,1.0,0.0009325062856078148,0.06666666666666667,7
764,1.0,1.0,1.0,1.0,0.0012023020535707474,0.26666666666666666,7
765,1.0,1.0,1.0,1.0,0.0010553793981671333,0.2,4
766,0.9333333333333333,0.9333333333333333,0.9682660160271949,0.9858455424332478,0.0010185874998569489,0.26666666666666666,2
767,1.0,1.0,1.0,1.0,0.0009253006428480148,0.0,4
768,1.0,1.0,1.0,1.0,0.0007052645087242126,0.13333333333333333,3
769,1.0,1.0,1.0,1.0,0.0009817713871598244,0.3333333333333333,9
770,1.0,1.0,1.0,1.0,0.0010251179337501526,0.06666666666666667,6
771,1.0,1.0,1.0,1.0,0.0008130278438329697,0.4666666666666667,9
772,1.0,1.0,1.0,1.0,0.0009841090068221092,0.06666666666666667,0
773,1.0,1.0,1.0,1.0,0.0009431568905711174,0.4,2
774,0.9333333333333333,0.9333333333333333,0.967773558561605,0.9852854201058683,0.0010379403829574585,0.3333333333333333,4
775,1.0,1.0,1.0,1.0,0.0010171635076403618,0.0,6
776,0.9333333333333333,0.9333333333333333,0.9875635231487434,0.9946150929465014,0.0009527672082185745,0.13333333333333333,2
777,0.6666666666666666,0.6666666666666666,0.6356471540569372,0.7201972337679963,0.0007858285680413246,0.13333333333333333,3
778,1.0,1.0,1.0,1.0,0.0009420281276106834,0.3333333333333333,3
779,1.0,1.0,1.0,1.0,0.0012484090402722359,0.26666666666666666,3
780,1.0,1.0,1.0,1.0,0.0014144238084554672,0.06666666666666667,3
781,1.0,1.0,1.0,1.0,0.0011436091735959053,0.13333333333333333,3
782,1.0,1.0,1.0,1.0,0.001424010843038559,0.3333333333333333,3
783,1.0,1.0,1.0,1.0,0.001083233393728733,0.13333333333333333,6
784,1.0,1.0,1.0,1.0,0.0013701338320970535,0.2,1
785,1.0,1.0,1.0,1.0,0.0006137965247035027,0.13333333333333333,6
786,1.0,1.0,1.0,1.0,0.0012662960216403008,0.13333333333333333,6
787,1.0,1.0,1.0,1.0,0.0009057652205228806,0.2,9
788,1.0,1.0,1.0,1.0,0.0008623003959655762,0.13333333333333333,8
789,1.0,1.0,1.0,1.0,0.0011613909155130386,0.2,7
790,1.0,1.0,1.0,1.0,0.0011228732764720917,0.3333333333333333,3
791,1.0,1.0,1.0,1.0,0.0008508432656526566,0.4666666666666667,1
792,0.8666666666666667,0.8666666666666667,0.9241902887127095,0.9649546257915781,0.0011466238647699356,0.0,5
793,1.0,1.0,1.0,1.0,0.001115645281970501,0.13333333333333333,8
794,1.0,1.0,1.0,1.0,0.0008546058088541031,0.4,0
795,1.0,1.0,1.0,1.0,0.0009613195434212685,0.06666666666666667,3
796,0.9333333333333333,0.9333333333333333,0.9698603410622677,0.9864688859053642,0.0008574230596423149,0.3333333333333333,5
797,1.0,1.0,1.0,1.0,0.001243583858013153,0.26666666666666666,5
798,1.0,1.0,1.0,1.0,0.001002044416964054,0.3333333333333333,6
799,1.0,1.0,1.0,1.0,0.0009033875539898872,0.26666666666666666,9
800,1.0,1.0,1.0,1.0,0.0011369120329618454,0.26666666666666666,5
801,1.0,1.0,1.0,1.0,0.0009325426071882248,0.13333333333333333,9
802,1.0,1.0,1.0,1.0,0.0011146562173962593,0.13333333333333333,4
803,0.9333333333333333,0.9333333333333333,0.958717327624573,0.9806352343815047,0.001093260943889618,0.3333333333333333,2
804,0.8,0.8,0.8773003394955752,0.9280803887751478,0.0010070260614156723,0.2,2
805,1.0,1.0,1.0,1.0,0.0008686129003763199,0.2,3
806,1.0,1.0,1.0,1.0,0.0008916109800338745,0.26666666666666666,8
807,1.0,1.0,1.0,1.0,0.0010295622050762177,0.13333333333333333,8
808,1.0,1.0,1.0,1.0,0.0008796919137239456,0.4666666666666667,2
809,1.0,1.0,1.0,1.0,0.0011440180242061615,0.26666666666666666,1
810,0.8666666666666667,0.8666666666666667,0.9457829821271442,0.9765319851722968,0.0009538372978568077,0.13333333333333333,5
811,0.9333333333333333,0.9333333333333333,0.9769291037391341,0.989796573064387,0.0006496533751487732,0.26666666666666666,5
812,1.0,1.0,1.0,1.0,0.0005613807588815689,0.26666666666666666,2
813,1.0,1.0,1.0,1.0,0.0009077843278646469,0.2,3
814,1.0,1.0,1.0,1.0,0.0008787196129560471,0.4,1
815,1.0,1.0,1.0,1.0,0.0009672343730926514,0.13333333333333333,5
816,1.0,1.0,1.0,1.0,0.000985785387456417,0.06666666666666667,2
817,1.0,1.0,1.0,1.0,0.0009549371898174286,0.5333333333333333,1
818,1.0,1.0,1.0,1.0,0.0007026325911283493,0.26666666666666666,1
819,1.0,1.0,1.0,1.0,0.0009474111720919609,0.3333333333333333,1
820,1.0,1.0,1.0,1.0,0.0011911541223526,0.26666666666666666,1
821,1.0,1.0,1.0,1.0,0.0010380363091826439,0.4666666666666667,3
822,0.9333333333333333,0.9333333333333333,0.9729398920703624,0.9877579965068595,0.001006878912448883,0.26666666666666666,3
823,1.0,1.0,1.0,1.0,0.0009343670681118965,0.13333333333333333,2
824,1.0,1.0,1.0,1.0,0.0006925323978066444,0.26666666666666666,8
825,1.0,1.0,1.0,1.0,0.0009274277836084366,0.3333333333333333,7
826,1.0,1.0,1.0,1.0,0.001031382940709591,0.2,3
827,1.0,1.0,1.0,1.0,0.000758221372961998,0.3333333333333333,4
828,1.0,1.0,1.0,1.0,0.000954790972173214,0.3333333333333333,0
829,1.0,1.0,1.0,1.0,0.001023559831082821,0.2,0
830,1.0,1.0,1.0,1.0,0.001054174266755581,0.5333333333333333,3
831,1.0,1.0,1.0,1.0,0.0010122749954462051,0.13333333333333333,9
832,0.8666666666666667,0.8666666666666667,0.95565788077279,0.9809415401003573,0.0009506568312644958,0.26666666666666666,2
833,1.0,1.0,1.0,1.0,0.000990457832813263,0.13333333333333333,8
834,0.9333333333333333,0.9333333333333333,0.961471718239797,0.9823096217769568,0.0007198872044682503,0.2,9
835,1.0,1.0,1.0,1.0,0.0010158773511648178,0.06666666666666667,3
836,1.0,1.0,1.0,1.0,0.0011512748897075653,0.4666666666666667,1
837,1.0,1.0,1.0,1.0,0.0013552671298384666,0.3333333333333333,1
838,0.8666666666666667,0.8666666666666667,0.9708889410746144,0.9873652096580778,0.0011000512167811394,0.13333333333333333,0
839,1.0,1.0,1.0,1.0,0.0010800408199429512,0.06666666666666667,3
840,1.0,1.0,1.0,1.0,0.0010728174820542336,0.0,5
841,0.8666666666666667,0.8666666666666667,0.9389296311050689,0.9712037427664393,0.0010898653417825699,0.26666666666666666,8
842,1.0,1.0,1.0,1.0,0.001208767294883728,0.3333333333333333,0
843,1.0,1.0,1.0,1.0,0.0010605426505208015,0.4,1
844,1.0,1.0,1.0,1.0,0.0009195124730467796,0.3333333333333333,2
845,0.9333333333333333,0.9333333333333333,0.9705347222121044,0.9869509194878489,0.0006040800362825394,0.3333333333333333,8
846,0.9333333333333333,0.9333333333333333,0.9759368143377857,0.9893524137220134,0.0013292394578456879,0.4666666666666667,6
847,0.7333333333333333,0.7333333333333333,0.5369553213495127,0.5345138694972686,0.0010318877175450325,0.06666666666666667,6
848,1.0,1.0,1.0,1.0,0.0009264815598726273,0.0,6
849,1.0,1.0,1.0,1.0,0.000982598401606083,0.26666666666666666,3
850,1.0,1.0,1.0,1.0,0.00110621377825737,0.13333333333333333,4
851,1.0,1.0,1.0,1.0,0.0012224214151501656,0.3333333333333333,6
852,1.0,1.0,1.0,1.0,0.0009090537205338478,0.13333333333333333,5
853,1.0,1.0,1.0,1.0,0.0012714294716715813,0.4666666666666667,1
854,0.9333333333333333,0.9333333333333333,0.9754060073565859,0.9888912878458822,0.0011067437008023262,0.13333333333333333,3
855,1.0,1.0,1.0,1.0,0.0011378629133105278,0.4,1
856,0.9333333333333333,0.9333333333333333,0.9822280993538299,0.9924876917212982,0.0008719898760318756,0.4,3
857,1.0,1.0,1.0,1.0,0.001119973137974739,0.2,5
858,1.0,1.0,1.0,1.0,0.0008754627779126167,0.26666666666666666,0
859,1.0,1.0,1.0,1.0,0.0008695339784026146,0.13333333333333333,5
860,0.8666666666666667,0.8666666666666667,0.9652909837387248,0.9848485781518752,0.0013397745788097382,0.13333333333333333,2
861,1.0,1.0,1.0,1.0,0.001028423197567463,0.6666666666666666,1
862,1.0,1.0,1.0,1.0,0.0009157238528132439,0.2,6
863,1.0,1.0,1.0,1.0,0.0009877802804112434,0.2,3
864,1.0,1.0,1.0,1.0,0.001108795404434204,0.2,4
865,1.0,1.0,1.0,1.0,0.0009661512449383736,0.2,8
866,1.0,1.0,1.0,1.0,0.0008781310170888901,0.5333333333333333,3
867,1.0,1.0,1.0,1.0,0.0010736817494034767,0.4,5
868,1.0,1.0,1.0,1.0,0.0010882550850510597,0.6,1
869,1.0,1.0,1.0,1.0,0.0009610205888748169,0.4666666666666667,3
870,0.9333333333333333,0.9333333333333333,0.9554923498174092,0.9792645896832851,0.0008789841085672379,0.2,2
871,0.9333333333333333,0.9333333333333333,0.9821835178715945,0.9925199794477866,0.0008530030027031898,0.3333333333333333,5
872,1.0,1.0,1.0,1.0,0.0011145686730742455,0.4666666666666667,1
873,0.9333333333333333,0.9333333333333333,0.970685398588469,0.9870047823680081,0.0007115593180060387,0.13333333333333333,5
874,1.0,1.0,1.0,1.0,0.0013805422931909561,0.4,7
875,1.0,1.0,1.0,1.0,0.0007755402475595474,0.0,8
876,1.0,1.0,1.0,1.0,0.0009638238698244095,0.4666666666666667,1
877,1.0,1.0,1.0,1.0,0.0010191714391112328,0.3333333333333333,7
878,1.0,1.0,1.0,1.0,0.0010184869170188904,0.4666666666666667,1
879,0.9333333333333333,0.9333333333333333,0.9700917920185531,0.9862728141423232,0.0010158438235521317,0.06666666666666667,8
880,1.0,1.0,1.0,1.0,0.0009493036195635796,0.4666666666666667,2
881,1.0,1.0,1.0,1.0,0.0008791433647274971,0.2,9
882,1.0,1.0,1.0,1.0,0.0007193004712462425,0.3333333333333333,3
883,1.0,1.0,1.0,1.0,0.001120387576520443,0.3333333333333333,6
884,1.0,1.0,1.0,1.0,0.0009586066007614136,0.5333333333333333,1
885,0.9333333333333333,0.9333333333333333,0.966353810322976,0.9841973880345497,0.001028371974825859,0.2,0
886,1.0,1.0,1.0,1.0,0.0009806090965867043,0.26666666666666666,9
887,0.8666666666666667,0.8666666666666667,0.9165240502603981,0.9609187074137743,0.0007619624957442284,0.3333333333333333,2
888,1.0,1.0,1.0,1.0,0.0009370613843202591,0.4666666666666667,1
889,1.0,1.0,1.0,1.0,0.001186588779091835,0.4,0
890,1.0,1.0,1.0,1.0,0.0012350641191005707,0.4,2
891,1.0,1.0,1.0,1.0,0.0011104503646492958,0.2,7
892,1.0,1.0,1.0,1.0,0.0009819921106100082,0.26666666666666666,1
893,0.8666666666666667,0.8666666666666667,0.9223350084158736,0.9642798135130148,0.0010935785248875618,0.13333333333333333,3
894,1.0,1.0,1.0,1.0,0.001067562960088253,0.0,8
895,1.0,1.0,1.0,1.0,0.0010841451585292816,0.4,6
896,1.0,1.0,1.0,1.0,0.0008056042715907097,0.4666666666666667,3
897,1.0,1.0,1.0,1.0,0.0008491603657603264,0.26666666666666666,3
898,1.0,1.0,1.0,1.0,0.0008911155164241791,0.0,2
899,1.0,1.0,1.0,1.0,0.0012546172365546227,0.3333333333333333,3
900,1.0,1.0,1.0,1.0,0.0010381229221820831,0.2,7
901,1.0,1.0,1.0,1.0,0.0009291581809520721,0.0,9
902,1.0,1.0,1.0,1.0,0.0009206226095557213,0.4666666666666667,1
903,1.0,1.0,1.0,1.0,0.001389073207974434,0.2,7
904,1.0,1.0,1.0,1.0,0.0009931037202477455,0.6666666666666666,1
905,1.0,1.0,1.0,1.0,0.0008793659508228302,0.13333333333333333,2
906,1.0,1.0,1.0,1.0,0.0009462889283895493,0.26666666666666666,8
907,0.9333333333333333,0.9333333333333333,0.9239425816409599,0.956459636803842,0.0014009913429617882,0.3333333333333333,8
908,1.0,1.0,1.0,1.0,0.0011032326146960258,0.26666666666666666,6
909,1.0,1.0,1.0,1.0,0.0012655528262257576,0.0,2
910,0.9333333333333333,0.9333333333333333,0.9712423334023126,0.986985080839405,0.0011600377038121223,0.06666666666666667,2
911,1.0,1.0,1.0,1.0,0.0009040785953402519,0.3333333333333333,1
912,1.0,1.0,1.0,1.0,0.0009709671139717102,0.4,0
913,1.0,1.0,1.0,1.0,0.0009631086140871048,0.3333333333333333,7
914,1.0,1.0,1.0,1.0,0.0013214685022830963,0.2,7
915,1.0,1.0,1.0,1.0,0.0006575016304850578,0.13333333333333333,9
916,0.8666666666666667,0.8666666666666667,0.9577296983871928,0.9815959465241157,0.0009069908410310745,0.26666666666666666,0
917,0.7333333333333333,0.7333333333333333,0.9046547979820072,0.955508263845139,0.0008199391886591911,0.3333333333333333,3
918,1.0,1.0,1.0,1.0,0.0010544797405600548,0.4666666666666667,5
919,1.0,1.0,1.0,1.0,0.0010268986225128174,0.06666666666666667,3
920,1.0,1.0,1.0,1.0,0.0009455205872654915,0.13333333333333333,1
921,1.0,1.0,1.0,1.0,0.0007120398804545403,0.06666666666666667,3
922,0.9333333333333333,0.9333333333333333,0.9673006786505443,0.9846391488947945,0.0009626643732190132,0.06666666666666667,2
923,1.0,1.0,1.0,1.0,0.0010286727920174599,0.2,4
924,1.0,1.0,1.0,1.0,0.001056332141160965,0.2,9
925,1.0,1.0,1.0,1.0,0.000948198139667511,0.4,7
926,1.0,1.0,1.0,1.0,0.0008204560726881027,0.6,6
927,1.0,1.0,1.0,1.0,0.0007857251912355423,0.4,4
928,1.0,1.0,1.0,1.0,0.0011069532483816147,0.0,4
929,1.0,1.0,1.0,1.0,0.0009898683056235313,0.4,0
930,0.8666666666666667,0.8666666666666667,0.9542593472799835,0.9774112869526022,0.0010322947055101395,0.06666666666666667,1
931,1.0,1.0,1.0,1.0,0.0007723616436123848,0.2,6
932,1.0,1.0,1.0,1.0,0.0008072210475802422,0.26666666666666666,1
933,1.0,1.0,1.0,1.0,0.0009580375626683235,0.2,7
934,0.9333333333333333,0.9333333333333333,0.9540108877136865,0.9781138098585509,0.001026245765388012,0.3333333333333333,9
935,1.0,1.0,1.0,1.0,0.0010325759649276733,0.2,8
936,1.0,1.0,1.0,1.0,0.0010091429576277733,0.3333333333333333,4
937,1.0,1.0,1.0,1.0,0.0010312842205166817,0.2,2
938,1.0,1.0,1.0,1.0,0.001191362738609314,0.26666666666666666,6
939,1.0,1.0,1.0,1.0,0.0014604311436414719,0.26666666666666666,7
940,1.0,1.0,1.0,1.0,0.001091858372092247,0.4,5
941,1.0,1.0,1.0,1.0,0.0012048594653606415,0.3333333333333333,0
942,1.0,1.0,1.0,1.0,0.0010433560237288475,0.4,4
943,1.0,1.0,1.0,1.0,0.0007940847426652908,0.2,8
944,1.0,1.0,1.0,1.0,0.0008834255859255791,0.6,0
945,0.9333333333333333,0.9333333333333333,0.9873784744249957,0.9944979956201144,0.000879594124853611,0.06666666666666667,2
946,0.7333333333333333,0.7333333333333333,0.8877220789915437,0.9478250369006116,0.0012290002778172493,0.3333333333333333,3
947,1.0,1.0,1.0,1.0,0.0009258929640054703,0.13333333333333333,3
948,1.0,1.0,1.0,1.0,0.000919724814593792,0.26666666666666666,8
949,1.0,1.0,1.0,1.0,0.0010342812165617943,0.13333333333333333,8
950,1.0,1.0,1.0,1.0,0.001083139330148697,0.4,5
951,1.0,1.0,1.0,1.0,0.0009406087920069695,0.26666666666666666,2
952,1.0,1.0,1.0,1.0,0.000879976898431778,0.3333333333333333,0
953,1.0,1.0,1.0,1.0,0.0011569224298000336,0.2,0
954,1.0,1.0,1.0,1.0,0.0009096534922719002,0.4666666666666667,2
955,0.9333333333333333,0.9333333333333333,0.9664303814752349,0.9845031498287398,0.0008841371163725853,0.2,2
956,1.0,1.0,1.0,1.0,0.0013362783938646317,0.3333333333333333,7
957,1.0,1.0,1.0,1.0,0.0011079814285039902,0.26666666666666666,7
958,1.0,1.0,1.0,1.0,0.0009340811520814896,0.2,4
959,1.0,1.0,1.0,1.0,0.0008811503648757935,0.06666666666666667,9
960,1.0,1.0,1.0,1.0,0.0013404274359345436,0.13333333333333333,9
961,1.0,1.0,1.0,1.0,0.0011439574882388115,0.3333333333333333,9
962,1.0,1.0,1.0,1.0,0.0009776102378964424,0.13333333333333333,0
963,1.0,1.0,1.0,1.0,0.0009377086535096169,0.06666666666666667,0
964,0.8666666666666667,0.8666666666666667,0.9377002777488893,0.9721936176637109,0.001079060137271881,0.06666666666666667,2
965,1.0,1.0,1.0,1.0,0.0012442544102668762,0.4,7
966,1.0,1.0,1.0,1.0,0.0010767234489321709,0.5333333333333333,2
967,1.0,1.0,1.0,1.0,0.0008084746077656746,0.3333333333333333,6
968,1.0,1.0,1.0,1.0,0.0005640992894768715,0.3333333333333333,4
969,1.0,1.0,1.0,1.0,0.000917116180062294,0.4,1
970,1.0,1.0,1.0,1.0,0.000888296402990818,0.4,2
971,1.0,1.0,1.0,1.0,0.001010579988360405,0.26666666666666666,6
972,1.0,1.0,1.0,1.0,0.0010049445554614067,0.06666666666666667,6
973,1.0,1.0,1.0,1.0,0.0009556077420711517,0.4666666666666667,7
974,1.0,1.0,1.0,1.0,0.000784984789788723,0.26666666666666666,6
975,1.0,1.0,1.0,1.0,0.000821930356323719,0.4666666666666667,4
976,0.9333333333333333,0.9333333333333333,0.9726403249834878,0.9879019512888931,0.0009340280666947365,0.13333333333333333,4
977,1.0,1.0,1.0,1.0,0.0010212436318397522,0.0,2
978,1.0,1.0,1.0,1.0,0.0010745897889137268,0.13333333333333333,5
979,1.0,1.0,1.0,1.0,0.0008084354922175407,0.3333333333333333,8
980,1.0,1.0,1.0,1.0,0.0010239752009510994,0.26666666666666666,3
981,1.0,1.0,1.0,1.0,0.0009467089548707008,0.6,2
982,0.9333333333333333,0.9333333333333333,0.9836036688175693,0.9927000215679991,0.0010316697880625725,0.2,4
983,1.0,1.0,1.0,1.0,0.0010194070637226105,0.5333333333333333,4
984,0.9333333333333333,0.9333333333333333,0.9660089061461646,0.9845273667699633,0.0009521599858999252,0.13333333333333333,3
985,1.0,1.0,1.0,1.0,0.0009556664153933525,0.4666666666666667,1
986,1.0,1.0,1.0,1.0,0.0007625389844179153,0.2,9
987,1.0,1.0,1.0,1.0,0.0009481282904744148,0.13333333333333333,2
988,1.0,1.0,1.0,1.0,0.0012306654825806618,0.5333333333333333,8
989,1.0,1.0,1.0,1.0,0.0011083288118243217,0.3333333333333333,1
990,1.0,1.0,1.0,1.0,0.0009777257218956947,0.0,9
991,1.0,1.0,1.0,1.0,0.0012426730245351791,0.4,1
992,1.0,1.0,1.0,1.0,0.0014312630519270897,0.3333333333333333,0
993,1.0,1.0,1.0,1.0,0.001128396950662136,0.4,4
994,0.9333333333333333,0.9333333333333333,0.9817433308621019,0.9922136500551476,0.0010886779054999352,0.13333333333333333,5
995,1.0,1.0,1.0,1.0,0.0007497202605009079,0.26666666666666666,1
996,1.0,1.0,1.0,1.0,0.0013235937803983688,0.13333333333333333,2
997,1.0,1.0,1.0,1.0,0.0009941346943378448,0.06666666666666667,9
998,1.0,1.0,1.0,1.0,0.0008819596841931343,0.06666666666666667,9
999,1.0,1.0,1.0,1.0,0.0012794844806194305,0.26666666666666666,0
1000,1.0,1.0,1.0,1.0,0.0011806488037109375,0.3333333333333333,2
1001,1.0,1.0,1.0,1.0,0.0009550247341394424,0.13333333333333333,8
1002,0.8666666666666667,0.8666666666666667,0.947841847492504,0.9763912690947453,0.0008867848664522171,0.06666666666666667,9
1003,1.0,1.0,1.0,1.0,0.000951831229031086,0.5333333333333333,6
1004,0.9333333333333333,0.9333333333333333,0.9678340816269997,0.9853127735735795,0.0012337490916252136,0.2,8
1005,1.0,1.0,1.0,1.0,0.001177108846604824,0.2,4
1006,0.9333333333333333,0.9333333333333333,0.9595530367376045,0.9812741695996958,0.0008886530995368958,0.0,9
1007,1.0,1.0,1.0,1.0,0.0013833362609148026,0.3333333333333333,9
1008,0.7333333333333333,0.7333333333333333,0.8281629972559706,0.9147089163673912,0.001104339025914669,0.13333333333333333,4
1009,1.0,1.0,1.0,1.0,0.0009007500484585762,0.26666666666666666,6
1010,1.0,1.0,1.0,1.0,0.0008817166090011597,0.26666666666666666,2
1011,1.0,1.0,1.0,1.0,0.0013360371813178062,0.26666666666666666,2
1012,1.0,1.0,1.0,1.0,0.0011503230780363083,0.26666666666666666,1
1013,1.0,1.0,1.0,1.0,0.0009232340380549431,0.4,5
1014,1.0,1.0,1.0,1.0,0.0009048013016581535,0.06666666666666667,3
1015,0.9333333333333333,0.9333333333333333,0.9770559916518076,0.9897120330019892,0.0008764872327446938,0.06666666666666667,2
1016,1.0,1.0,1.0,1.0,0.001219138503074646,0.4,2
1017,0.6666666666666666,0.6666666666666666,0.8321693158292086,0.9204111280287015,0.0008897185325622559,0.06666666666666667,3
1018,1.0,1.0,1.0,1.0,0.0015233485028147697,0.4666666666666667,4
1019,1.0,1.0,1.0,1.0,0.0009229481220245361,0.2,7
1020,1.0,1.0,1.0,1.0,0.0007371334359049797,0.3333333333333333,6
1021,1.0,1.0,1.0,1.0,0.0009442409500479698,0.4666666666666667,7
1022,1.0,1.0,1.0,1.0,0.0010158130899071693,0.13333333333333333,1
1023,1.0,1.0,1.0,1.0,0.0010122256353497505,0.0,6
1024,1.0,1.0,1.0,1.0,0.0009538773447275162,0.3333333333333333,0
1025,1.0,1.0,1.0,1.0,0.00081603042781353,0.0,3
1026,1.0,1.0,1.0,1.0,0.0010448358952999115,0.3333333333333333,1
1027,0.9333333333333333,0.9333333333333333,0.9740614333676934,0.9884637780911725,0.001013302244246006,0.13333333333333333,8
1028,1.0,1.0,1.0,1.0,0.0009162472561001778,0.13333333333333333,9
1029,1.0,1.0,1.0,1.0,0.0007081246003508568,0.5333333333333333,8
1030,1.0,1.0,1.0,1.0,0.00111381895840168,0.2,8
1031,1.0,1.0,1.0,1.0,0.001184714026749134,0.2,6
1032,1.0,1.0,1.0,1.0,0.0010626530274748802,0.3333333333333333,0
1033,1.0,1.0,1.0,1.0,0.0010791067034006119,0.4666666666666667,9
1034,0.7333333333333333,0.7333333333333333,0.836886891103361,0.9208546330142915,0.001370701938867569,0.2,8
1035,1.0,1.0,1.0,1.0,0.0010583242401480675,0.4,0
1036,1.0,1.0,1.0,1.0,0.0007862281054258347,0.3333333333333333,6
1037,1.0,1.0,1.0,1.0,0.0008890321478247643,0.2,8
1038,1.0,1.0,1.0,1.0,0.00119069404900074,0.26666666666666666,6
1039,1.0,1.0,1.0,1.0,0.0008781850337982178,0.06666666666666667,3
1040,1.0,1.0,1.0,1.0,0.0008811280131340027,0.26666666666666666,7
1041,1.0,1.0,1.0,1.0,0.0013339994475245476,0.4,2
1042,1.0,1.0,1.0,1.0,0.000895332545042038,0.6666666666666666,1
1043,1.0,1.0,1.0,1.0,0.0008792541921138763,0.26666666666666666,2
1044,0.8,0.8,0.8778867277694062,0.9408435092290882,0.001329493708908558,0.06666666666666667,2
1045,1.0,1.0,1.0,1.0,0.001020117662847042,0.13333333333333333,0
1046,1.0,1.0,1.0,1.0,0.0009349910542368889,0.5333333333333333,1
1047,1.0,1.0,1.0,1.0,0.0010403739288449287,0.26666666666666666,6
1048,1.0,1.0,1.0,1.0,0.0011117607355117798,0.2,9
1049,1.0,1.0,1.0,1.0,0.0008926913142204285,0.4,6
1050,0.9333333333333333,0.9333333333333333,0.9675794524406695,0.985240004251129,0.0007800599560141563,0.0,8
1051,1.0,1.0,1.0,1.0,0.0005634743720293045,0.3333333333333333,2
1052,0.9333333333333333,0.9333333333333333,0.9925341751379966,0.9969420318047174,0.0009171636775135994,0.0,8
1053,1.0,1.0,1.0,1.0,0.0008754776790738106,0.2,4
1054,1.0,1.0,1.0,1.0,0.000977829098701477,0.4,6
1055,1.0,1.0,1.0,1.0,0.0009911134839057922,0.4,9
1056,0.9333333333333333,0.9333333333333333,0.9902056212872847,0.9958833345799244,0.0009485781192779541,0.2,5
1057,1.0,1.0,1.0,1.0,0.0007197977975010872,0.2,6
1058,1.0,1.0,1.0,1.0,0.0009378278627991676,0.4,8
1059,1.0,1.0,1.0,1.0,0.001040751114487648,0.26666666666666666,9
1060,1.0,1.0,1.0,1.0,0.0010604988783597946,0.26666666666666666,7
1061,1.0,1.0,1.0,1.0,0.0010127536952495575,0.6,1
1062,1.0,1.0,1.0,1.0,0.0008108047768473625,0.3333333333333333,5
1063,1.0,1.0,1.0,1.0,0.0010666614398360252,0.3333333333333333,0
1064,1.0,1.0,1.0,1.0,0.0010215435177087784,0.3333333333333333,8
1065,1.0,1.0,1.0,1.0,0.0009494796395301819,0.06666666666666667,3
1066,1.0,1.0,1.0,1.0,0.0007082885131239891,0.4,8
1067,1.0,1.0,1.0,1.0,0.0009383782744407654,0.06666666666666667,7
1068,0.9333333333333333,0.9333333333333333,0.9369078737237941,0.9656664749328912,0.001025971956551075,0.3333333333333333,5
1069,1.0,1.0,1.0,1.0,0.0010924413800239563,0.4666666666666667,2
1070,1.0,1.0,1.0,1.0,0.0012088026851415634,0.4,9
1071,1.0,1.0,1.0,1.0,0.0010642744600772858,0.26666666666666666,9
1072,1.0,1.0,1.0,1.0,0.0010835519060492516,0.4,9
1073,1.0,1.0,1.0,1.0,0.0011984137818217278,0.4666666666666667,1
1074,1.0,1.0,1.0,1.0,0.0007680822163820267,0.2,8
1075,1.0,1.0,1.0,1.0,0.001138082705438137,0.4,3
1076,1.0,1.0,1.0,1.0,0.0008154790848493576,0.26666666666666666,1
1077,1.0,1.0,1.0,1.0,0.0008719488978385925,0.3333333333333333,7
1078,0.7333333333333333,0.7333333333333333,0.8454957630760844,0.924268936519478,0.0011666137725114822,0.06666666666666667,8
1079,1.0,1.0,1.0,1.0,0.0011338656768202782,0.4666666666666667,2
1080,1.0,1.0,1.0,1.0,0.00110732764005661,0.4666666666666667,1
1081,1.0,1.0,1.0,1.0,0.0013146325945854187,0.2,5
1082,1.0,1.0,1.0,1.0,0.0011891424655914307,0.2,8
1083,1.0,1.0,1.0,1.0,0.0008642841130495071,0.13333333333333333,7
1084,1.0,1.0,1.0,1.0,0.001182681880891323,0.06666666666666667,3
1085,1.0,1.0,1.0,1.0,0.0008881259709596634,0.4,2
1086,1.0,1.0,1.0,1.0,0.0011152047663927078,0.06666666666666667,8
1087,1.0,1.0,1.0,1.0,0.0011427449062466621,0.0,3
1088,1.0,1.0,1.0,1.0,0.0010157125070691109,0.13333333333333333,3
1089,0.6,0.6,0.740370102143634,0.8572770464736428,0.0008809948340058327,0.06666666666666667,8
1090,1.0,1.0,1.0,1.0,0.001223045401275158,0.4,1
1091,0.9333333333333333,0.9333333333333333,0.9499214171001095,0.9758767826553896,0.0011013057082891464,0.2,9
1092,1.0,1.0,1.0,1.0,0.0008952431380748749,0.0,9
1093,1.0,1.0,1.0,1.0,0.0007476778700947762,0.4,3
1094,0.9333333333333333,0.9333333333333333,0.9911859557563425,0.9963339500054684,0.0005655540153384209,0.2,6
1095,1.0,1.0,1.0,1.0,0.000680604949593544,0.4,7
1096,0.9333333333333333,0.9333333333333333,0.9782790973239626,0.9908448552049722,0.001520955003798008,0.2,0
1097,0.8666666666666667,0.8666666666666667,0.9728369775293942,0.9883868181864448,0.0009174812585115433,0.4,5
1098,1.0,1.0,1.0,1.0,0.000734332948923111,0.3333333333333333,0
1099,0.9333333333333333,0.9333333333333333,0.9642380816772846,0.9836166328995088,0.00093806441873312,0.26666666666666666,8
1100,1.0,1.0,1.0,1.0,0.0009966976940631866,0.26666666666666666,7
1101,0.9333333333333333,0.9333333333333333,0.9796874316267696,0.9912071511093643,0.0010347524657845497,0.26666666666666666,2
1102,0.8666666666666667,0.8666666666666667,0.9251727558216181,0.9648940731172927,0.0009519625455141068,0.26666666666666666,2
1103,1.0,1.0,1.0,1.0,0.0007988158613443375,0.4,4
1104,1.0,1.0,1.0,1.0,0.0010124193504452705,0.13333333333333333,0
1105,1.0,1.0,1.0,1.0,0.0009596468880772591,0.2,4
1106,1.0,1.0,1.0,1.0,0.0009072534739971161,0.2,6
1107,1.0,1.0,1.0,1.0,0.0007166760042309761,0.4,7
1108,1.0,1.0,1.0,1.0,0.0009385747835040092,0.4,1
1109,0.9333333333333333,0.9333333333333333,0.9778699870180696,0.9900049577624949,0.0010346006602048874,0.13333333333333333,4
1110,1.0,1.0,1.0,1.0,0.0010132966563105583,0.13333333333333333,3
1111,1.0,1.0,1.0,1.0,0.0009484691545367241,0.13333333333333333,8
1112,1.0,1.0,1.0,1.0,0.0008170865476131439,0.5333333333333333,3
1113,1.0,1.0,1.0,1.0,0.0009932350367307663,0.4,5
1114,1.0,1.0,1.0,1.0,0.0010934974998235703,0.2,4
1115,1.0,1.0,1.0,1.0,0.001056930050253868,0.26666666666666666,5
1116,1.0,1.0,1.0,1.0,0.0009987903758883476,0.13333333333333333,1
1117,1.0,1.0,1.0,1.0,0.0010898187756538391,0.2,4
1118,0.9333333333333333,0.9333333333333333,0.9602199546945241,0.9813139875714355,0.0010619936510920525,0.26666666666666666,9
1119,1.0,1.0,1.0,1.0,0.000817607156932354,0.06666666666666667,9
1120,1.0,1.0,1.0,1.0,0.0010813698172569275,0.13333333333333333,5
1121,0.9333333333333333,0.9333333333333333,0.9823019432432732,0.9924397131769368,0.0011245328933000565,0.06666666666666667,3
1122,1.0,1.0,1.0,1.0,0.0010139159858226776,0.06666666666666667,4
1123,1.0,1.0,1.0,1.0,0.0008948324248194695,0.0,4
1124,1.0,1.0,1.0,1.0,0.0011194134131073952,0.3333333333333333,0
1125,1.0,1.0,1.0,1.0,0.0008777808398008347,0.26666666666666666,6
1126,1.0,1.0,1.0,1.0,0.0008551804348826408,0.26666666666666666,0
1127,1.0,1.0,1.0,1.0,0.0010768864303827286,0.06666666666666667,3
1128,1.0,1.0,1.0,1.0,0.0011205747723579407,0.13333333333333333,7
1129,1.0,1.0,1.0,1.0,0.0008545918390154839,0.06666666666666667,8
1130,1.0,1.0,1.0,1.0,0.0009567299857735634,0.2,8
1131,0.9333333333333333,0.9333333333333333,0.9622882725977304,0.9822869115637762,0.0008519673720002174,0.0,5
1132,1.0,1.0,1.0,1.0,0.0012444350868463516,0.3333333333333333,1
1133,1.0,1.0,1.0,1.0,0.0009922990575432777,0.2,6
1134,1.0,1.0,1.0,1.0,0.0008693477138876915,0.26666666666666666,3
1135,1.0,1.0,1.0,1.0,0.0010710880160331726,0.06666666666666667,5
1136,0.8,0.8,0.8731896018257462,0.9391555751544771,0.0010045990347862244,0.06666666666666667,2
1137,1.0,1.0,1.0,1.0,0.0008937958627939224,0.4,6
1138,1.0,1.0,1.0,1.0,0.0012764493003487587,0.0,3
1139,0.8666666666666667,0.8666666666666667,0.8592260024235557,0.9125213517767982,0.001003648154437542,0.4,8
1140,1.0,1.0,1.0,1.0,0.0006536589935421944,0.3333333333333333,9
1141,1.0,1.0,1.0,1.0,0.0005909036844968796,0.3333333333333333,0
1142,1.0,1.0,1.0,1.0,0.0009168125689029694,0.4,9
1143,1.0,1.0,1.0,1.0,0.0008785165846347809,0.3333333333333333,8
1144,1.0,1.0,1.0,1.0,0.0010161995887756348,0.2,7
1145,1.0,1.0,1.0,1.0,0.0009404104202985764,0.0,3
1146,1.0,1.0,1.0,1.0,0.0010063480585813522,0.2,9
1147,0.9333333333333333,0.9333333333333333,0.9662604492218951,0.9845389015299132,0.0007634768262505531,0.26666666666666666,4
1148,1.0,1.0,1.0,1.0,0.000942455604672432,0.26666666666666666,7
1149,1.0,1.0,1.0,1.0,0.001025681383907795,0.4666666666666667,7
1150,1.0,1.0,1.0,1.0,0.001051393337547779,0.3333333333333333,7
1151,1.0,1.0,1.0,1.0,0.000944419763982296,0.26666666666666666,6
1152,1.0,1.0,1.0,1.0,0.0009990846738219261,0.4,3
1153,1.0,1.0,1.0,1.0,0.0007024640217423439,0.13333333333333333,1
1154,1.0,1.0,1.0,1.0,0.0009399130940437317,0.8666666666666667,1
1155,1.0,1.0,1.0,1.0,0.0009964033961296082,0.4,1
1156,1.0,1.0,1.0,1.0,0.0007585529237985611,0.26666666666666666,3
1157,0.8666666666666667,0.8666666666666667,0.9091877736414103,0.9562693790212169,0.000965937040746212,0.06666666666666667,9
1158,1.0,1.0,1.0,1.0,0.0010241270065307617,0.3333333333333333,6
1159,1.0,1.0,1.0,1.0,0.0010231677442789078,0.5333333333333333,4
1160,1.0,1.0,1.0,1.0,0.0010060062631964684,0.0,8
1161,0.9333333333333333,0.9333333333333333,0.9762327384673591,0.9892417481208794,0.0009557772427797318,0.26666666666666666,5
1162,1.0,1.0,1.0,1.0,0.0007042922079563141,0.6666666666666666,7
1163,1.0,1.0,1.0,1.0,0.000937044620513916,0.2,7
1164,1.0,1.0,1.0,1.0,0.0010377466678619385,0.26666666666666666,1
1165,1.0,1.0,1.0,1.0,0.0010346053168177605,0.3333333333333333,7
1166,1.0,1.0,1.0,1.0,0.0007974393665790558,0.0,3
1167,1.0,1.0,1.0,1.0,0.0009834403172135353,0.6,0
1168,1.0,1.0,1.0,1.0,0.0012314682826399803,0.4666666666666667,6
1169,1.0,1.0,1.0,1.0,0.0014210734516382217,0.5333333333333333,7
1170,1.0,1.0,1.0,1.0,0.001079862006008625,0.6,9
1171,1.0,1.0,1.0,1.0,0.0012171491980552673,0.6666666666666666,0
1172,1.0,1.0,1.0,1.0,0.0010721050202846527,0.06666666666666667,9
1173,1.0,1.0,1.0,1.0,0.0010673636570572853,0.13333333333333333,9
1174,1.0,1.0,1.0,1.0,0.0006776675581932068,0.2,9
1175,1.0,1.0,1.0,1.0,0.0006998460739850998,0.13333333333333333,3
1176,1.0,1.0,1.0,1.0,0.0011935578659176826,0.26666666666666666,8
1177,1.0,1.0,1.0,1.0,0.0010677482932806015,0.2,6
1178,1.0,1.0,1.0,1.0,0.0011215480044484138,0.06666666666666667,2
1179,1.0,1.0,1.0,1.0,0.0008634934201836586,0.06666666666666667,2
1180,1.0,1.0,1.0,1.0,0.0011416198685765266,0.3333333333333333,6
1181,1.0,1.0,1.0,1.0,0.0011006444692611694,0.3333333333333333,6
1182,1.0,1.0,1.0,1.0,0.0011214381083846092,0.4666666666666667,9
1183,1.0,1.0,1.0,1.0,0.0011429516598582268,0.26666666666666666,6
1184,1.0,1.0,1.0,1.0,0.0010855663567781448,0.4,9
1185,1.0,1.0,1.0,1.0,0.0008878074586391449,0.06666666666666667,2
1186,1.0,1.0,1.0,1.0,0.0010205432772636414,0.0,4
1187,1.0,1.0,1.0,1.0,0.0008904002606868744,0.2,5
1188,1.0,1.0,1.0,1.0,0.001048928126692772,0.06666666666666667,6
1189,1.0,1.0,1.0,1.0,0.001168951392173767,0.4,8
1190,1.0,1.0,1.0,1.0,0.0008753808215260506,0.2,6
1191,1.0,1.0,1.0,1.0,0.0011379914358258247,0.13333333333333333,7
1192,0.9333333333333333,0.9333333333333333,0.9871630135918452,0.9943197528167996,0.0011281250044703484,0.2,8
1193,0.9333333333333333,0.9333333333333333,0.9584563357325487,0.980613399442306,0.0008619343861937523,0.26666666666666666,7
1194,1.0,1.0,1.0,1.0,0.0010523060336709023,0.4666666666666667,1
1195,0.8,0.8,0.8570854788253289,0.9298209101907985,0.0008882889524102211,0.2,8
1196,1.0,1.0,1.0,1.0,0.0008630063384771347,0.26666666666666666,2
1197,1.0,1.0,1.0,1.0,0.0010620895773172379,0.6,1
1198,0.8666666666666667,0.8666666666666667,0.8951373067580239,0.9442826031812822,0.0008824216201901436,0.06666666666666667,3
1199,1.0,1.0,1.0,1.0,0.0008656391873955727,0.06666666666666667,8
1200,1.0,1.0,1.0,1.0,0.0011636605486273766,0.6666666666666666,1
1201,1.0,1.0,1.0,1.0,0.0009523304179310799,0.2,4
1202,1.0,1.0,1.0,1.0,0.0009548841044306755,0.3333333333333333,7
1203,1.0,1.0,1.0,1.0,0.0008619725704193115,0.4,0
1204,1.0,1.0,1.0,1.0,0.001098000444471836,0.5333333333333333,1
1205,1.0,1.0,1.0,1.0,0.0007120119407773018,0.13333333333333333,0
1206,1.0,1.0,1.0,1.0,0.001371762715280056,0.3333333333333333,5
1207,1.0,1.0,1.0,1.0,0.0007723905146121979,0.5333333333333333,1
1208,1.0,1.0,1.0,1.0,0.00096091628074646,0.3333333333333333,7
1209,1.0,1.0,1.0,1.0,0.0010276036337018013,0.3333333333333333,8
1210,1.0,1.0,1.0,1.0,0.0010185930877923965,0.06666666666666667,0
1211,1.0,1.0,1.0,1.0,0.0010255547240376472,0.26666666666666666,5
1212,1.0,1.0,1.0,1.0,0.0009452151134610176,0.4,1
1213,1.0,1.0,1.0,1.0,0.0008568232879042625,0.4,8
1214,1.0,1.0,1.0,1.0,0.0007690442726016045,0.13333333333333333,8
1215,1.0,1.0,1.0,1.0,0.0009503364562988281,0.5333333333333333,9
1216,1.0,1.0,1.0,1.0,0.0010260632261633873,0.06666666666666667,9
1217,1.0,1.0,1.0,1.0,0.001034637913107872,0.6,1
1218,1.0,1.0,1.0,1.0,0.0008317166939377785,0.26666666666666666,0
1219,0.9333333333333333,0.9333333333333333,0.9810886351323476,0.992173875150054,0.0009435797110199928,0.13333333333333333,6
1220,1.0,1.0,1.0,1.0,0.0010382039472460747,0.5333333333333333,7
1221,1.0,1.0,1.0,1.0,0.0010468140244483948,0.5333333333333333,1
1222,1.0,1.0,1.0,1.0,0.001023540273308754,0.13333333333333333,4
1223,1.0,1.0,1.0,1.0,0.0008396338671445847,0.13333333333333333,6
1224,1.0,1.0,1.0,1.0,0.0007256064563989639,0.5333333333333333,5
1225,1.0,1.0,1.0,1.0,0.0009246701374650002,0.13333333333333333,5
1226,1.0,1.0,1.0,1.0,0.0011929571628570557,0.2,7
1227,1.0,1.0,1.0,1.0,0.00115926843136549,0.4666666666666667,0
1228,1.0,1.0,1.0,1.0,0.0014673350378870964,0.13333333333333333,5
1229,1.0,1.0,1.0,1.0,0.0010762382298707962,0.2,3
1230,0.9333333333333333,0.9333333333333333,0.9901455949418074,0.9958023050640139,0.0012126127257943153,0.06666666666666667,2
1231,1.0,1.0,1.0,1.0,0.0010550078004598618,0.5333333333333333,1
1232,1.0,1.0,1.0,1.0,0.0010859724134206772,0.4,3
1233,1.0,1.0,1.0,1.0,0.0013756407424807549,0.0,3
1234,1.0,1.0,1.0,1.0,0.000801590271294117,0.26666666666666666,8
1235,1.0,1.0,1.0,1.0,0.0013899216428399086,0.4666666666666667,4
1236,1.0,1.0,1.0,1.0,0.0010324511677026749,0.2,9
1237,1.0,1.0,1.0,1.0,0.001180998980998993,0.4666666666666667,1
1238,1.0,1.0,1.0,1.0,0.0008844640105962753,0.13333333333333333,1
1239,1.0,1.0,1.0,1.0,0.0013429466634988785,0.26666666666666666,1
1240,1.0,1.0,1.0,1.0,0.0011302931234240532,0.4,9
1241,1.0,1.0,1.0,1.0,0.0009706569835543633,0.2,7
1242,1.0,1.0,1.0,1.0,0.0011321604251861572,0.0,3
1243,1.0,1.0,1.0,1.0,0.0011344905942678452,0.26666666666666666,2
1244,1.0,1.0,1.0,1.0,0.0011913646012544632,0.26666666666666666,7
1245,1.0,1.0,1.0,1.0,0.0010898755863308907,0.4,1
1246,1.0,1.0,1.0,1.0,0.0012371893972158432,0.06666666666666667,9
1247,1.0,1.0,1.0,1.0,0.0008775284513831139,0.13333333333333333,0
1248,1.0,1.0,1.0,1.0,0.0009349659085273743,0.4,4
1249,1.0,1.0,1.0,1.0,0.0011851368471980095,0.2,9
1250,1.0,1.0,1.0,1.0,0.0010807113721966743,0.13333333333333333,9
1251,1.0,1.0,1.0,1.0,0.0012627840042114258,0.2,7
1252,1.0,1.0,1.0,1.0,0.0009029470384120941,0.7333333333333333,0
1253,1.0,1.0,1.0,1.0,0.0009418074041604996,0.13333333333333333,5
1254,1.0,1.0,1.0,1.0,0.0012043360620737076,0.2,7
1255,1.0,1.0,1.0,1.0,0.0008483408018946648,0.13333333333333333,2
1256,1.0,1.0,1.0,1.0,0.0007366286590695381,0.4,8
1257,1.0,1.0,1.0,1.0,0.0005528246983885765,0.3333333333333333,1
1258,1.0,1.0,1.0,1.0,0.0009003328159451485,0.06666666666666667,9
1259,1.0,1.0,1.0,1.0,0.0008805245161056519,0.26666666666666666,4
1260,1.0,1.0,1.0,1.0,0.0009847134351730347,0.2,3
1261,1.0,1.0,1.0,1.0,0.0010011419653892517,0.13333333333333333,9
1262,1.0,1.0,1.0,1.0,0.0009571891278028488,0.4666666666666667,1
1263,1.0,1.0,1.0,1.0,0.0007139025256037712,0.3333333333333333,2
1264,1.0,1.0,1.0,1.0,0.0009433412924408913,0.26666666666666666,5
1265,1.0,1.0,1.0,1.0,0.0010409429669380188,0.2,6
1266,1.0,1.0,1.0,1.0,0.001047767698764801,0.3333333333333333,1
1267,1.0,1.0,1.0,1.0,0.0010138396173715591,0.2,7
1268,1.0,1.0,1.0,1.0,0.0008431188762187958,0.4666666666666667,7
1269,0.8666666666666667,0.8666666666666667,0.8800749990636931,0.9355783795316427,0.0009726826101541519,0.13333333333333333,3
1270,1.0,1.0,1.0,1.0,0.0010248376056551933,0.13333333333333333,0
1271,1.0,1.0,1.0,1.0,0.0010572727769613266,0.2,4
1272,0.9333333333333333,0.9333333333333333,0.9854246964983804,0.9938035667780256,0.0010133283212780952,0.26666666666666666,5
1273,1.0,1.0,1.0,1.0,0.0009562624618411064,0.2,9
1274,1.0,1.0,1.0,1.0,0.0008082371205091476,0.26666666666666666,0
1275,1.0,1.0,1.0,1.0,0.0009896261617541313,0.13333333333333333,1
1276,1.0,1.0,1.0,1.0,0.0012610312551259995,0.4666666666666667,1
1277,1.0,1.0,1.0,1.0,0.001104714348912239,0.4666666666666667,0
1278,0.8666666666666667,0.8666666666666667,0.9664936638032666,0.9857558357975901,0.0009866133332252502,0.0,2
1279,1.0,1.0,1.0,1.0,0.0007807426154613495,0.2,5
1280,1.0,1.0,1.0,1.0,0.0010003289207816124,0.5333333333333333,2
1281,1.0,1.0,1.0,1.0,0.0009143855422735214,0.6,1
1282,1.0,1.0,1.0,1.0,0.0011415081098675728,0.3333333333333333,1
1283,1.0,1.0,1.0,1.0,0.001097789965569973,0.2,6
1284,1.0,1.0,1.0,1.0,0.0011647148057818413,0.4,8
1285,1.0,1.0,1.0,1.0,0.0009002834558486938,0.3333333333333333,0
1286,1.0,1.0,1.0,1.0,0.001078096218407154,0.26666666666666666,1
1287,1.0,1.0,1.0,1.0,0.0009539835155010223,0.4,1
1288,1.0,1.0,1.0,1.0,0.0009212922304868698,0.26666666666666666,6
1289,1.0,1.0,1.0,1.0,0.0010288944467902184,0.13333333333333333,0
1290,1.0,1.0,1.0,1.0,0.0011425036936998367,0.06666666666666667,9
1291,1.0,1.0,1.0,1.0,0.0009023463353514671,0.3333333333333333,4
1292,1.0,1.0,1.0,1.0,0.0008911434561014175,0.26666666666666666,7
1293,1.0,1.0,1.0,1.0,0.0010868227109313011,0.3333333333333333,4
1294,1.0,1.0,1.0,1.0,0.001067853532731533,0.26666666666666666,2
1295,1.0,1.0,1.0,1.0,0.0009083617478609085,0.13333333333333333,0
1296,1.0,1.0,1.0,1.0,0.0008989507332444191,0.13333333333333333,4
1297,1.0,1.0,1.0,1.0,0.000914059579372406,0.2,9
1298,1.0,1.0,1.0,1.0,0.0010792473331093788,0.4,0
1299,1.0,1.0,1.0,1.0,0.0007325857877731323,0.6,1
1300,1.0,1.0,1.0,1.0,0.001368710771203041,0.4,1
1301,0.9333333333333333,0.9333333333333333,0.9658719974913775,0.9842495720023302,0.0007580732926726341,0.0,8
1302,1.0,1.0,1.0,1.0,0.0009584678336977959,0.3333333333333333,5
1303,1.0,1.0,1.0,1.0,0.0010236818343400955,0.13333333333333333,3
1304,1.0,1.0,1.0,1.0,0.0010131234303116798,0.26666666666666666,4
1305,1.0,1.0,1.0,1.0,0.0009810999035835266,0.2,5
1306,1.0,1.0,1.0,1.0,0.000954565592110157,0.3333333333333333,0
1307,1.0,1.0,1.0,1.0,0.0008058827370405197,0.4666666666666667,1
1308,1.0,1.0,1.0,1.0,0.0010444065555930138,0.26666666666666666,0
1309,1.0,1.0,1.0,1.0,0.0010194480419158936,0.2,9
1310,1.0,1.0,1.0,1.0,0.0009244577959179878,0.2,3
1311,1.0,1.0,1.0,1.0,0.0009958986192941666,0.26666666666666666,8
1312,1.0,1.0,1.0,1.0,0.0007348814979195595,0.4,9
1313,1.0,1.0,1.0,1.0,0.000935855321586132,0.26666666666666666,4
1314,1.0,1.0,1.0,1.0,0.0012260721996426582,0.4666666666666667,4
1315,1.0,1.0,1.0,1.0,0.0014637093991041183,0.3333333333333333,1
1316,1.0,1.0,1.0,1.0,0.0011096708476543427,0.3333333333333333,6
1317,1.0,1.0,1.0,1.0,0.001437346450984478,0.4,1
1318,1.0,1.0,1.0,1.0,0.0009218351915478706,0.5333333333333333,5
1319,0.8,0.8,0.895912920764018,0.9516106658366404,0.000981885939836502,0.06666666666666667,4
1320,1.0,1.0,1.0,1.0,0.0009206747636198997,0.4,2
1321,1.0,1.0,1.0,1.0,0.0012629469856619835,0.2,4
1322,1.0,1.0,1.0,1.0,0.0011092489585280418,0.06666666666666667,7
1323,1.0,1.0,1.0,1.0,0.0009091133251786232,0.2,3
1324,1.0,1.0,1.0,1.0,0.0008693328127264977,0.5333333333333333,0
1325,1.0,1.0,1.0,1.0,0.0011987630277872086,0.26666666666666666,2
1326,1.0,1.0,1.0,1.0,0.0009320033714175224,0.4,7
1327,1.0,1.0,1.0,1.0,0.0010002199560403824,0.3333333333333333,2
1328,1.0,1.0,1.0,1.0,0.0011389469727873802,0.4666666666666667,0
1329,1.0,1.0,1.0,1.0,0.0008937260136008263,0.3333333333333333,5
1330,1.0,1.0,1.0,1.0,0.0008786199614405632,0.4666666666666667,2
1331,1.0,1.0,1.0,1.0,0.0011946223676204681,0.3333333333333333,2
1332,1.0,1.0,1.0,1.0,0.000987144187092781,0.06666666666666667,2
1333,1.0,1.0,1.0,1.0,0.0009096646681427956,0.26666666666666666,7
1334,1.0,1.0,1.0,1.0,0.0008754590526223183,0.3333333333333333,9
1335,1.0,1.0,1.0,1.0,0.0010911477729678154,0.5333333333333333,1
1336,1.0,1.0,1.0,1.0,0.0007617194205522537,0.6,0
1337,1.0,1.0,1.0,1.0,0.001372343860566616,0.3333333333333333,3
1338,1.0,1.0,1.0,1.0,0.0007669683545827866,0.06666666666666667,4
1339,1.0,1.0,1.0,1.0,0.0009591048583388329,0.3333333333333333,7
1340,0.5333333333333333,0.5333333333333333,0.6597715875844554,0.7989523916647856,0.0010288050398230553,0.06666666666666667,4
1341,1.0,1.0,1.0,1.0,0.001010878011584282,0.06666666666666667,6
1342,1.0,1.0,1.0,1.0,0.001013968139886856,0.13333333333333333,9
1343,0.9333333333333333,0.9333333333333333,0.9819327822850432,0.9920169134886657,0.0009510396048426628,0.13333333333333333,2
1344,1.0,1.0,1.0,1.0,0.0006672283634543419,0.26666666666666666,2
1345,1.0,1.0,1.0,1.0,0.0009183399379253387,0.26666666666666666,2
1346,0.8666666666666667,0.8666666666666667,0.9583997899851693,0.9818628875006534,0.0010198913514614105,0.26666666666666666,8
1347,1.0,1.0,1.0,1.0,0.0010186880826950073,0.5333333333333333,1
1348,0.8666666666666667,0.8666666666666667,0.9487456868929087,0.9772436375083866,0.0010142643004655838,0.4,2
1349,1.0,1.0,1.0,1.0,0.0009413361549377441,0.26666666666666666,0
1350,1.0,1.0,1.0,1.0,0.00070921890437603,0.13333333333333333,9
1351,1.0,1.0,1.0,1.0,0.0009429324418306351,0.4,1
1352,1.0,1.0,1.0,1.0,0.0010188538581132889,0.4,8
1353,1.0,1.0,1.0,1.0,0.0010599466040730476,0.4,4
1354,1.0,1.0,1.0,1.0,0.0009352089837193489,0.13333333333333333,2
1355,1.0,1.0,1.0,1.0,0.0009775124490261078,0.3333333333333333,8
1356,0.8666666666666667,0.8666666666666667,0.9371058089773534,0.9711622157023923,0.0010095993056893349,0.0,6
1357,1.0,1.0,1.0,1.0,0.0010191267356276512,0.2,4
1358,1.0,1.0,1.0,1.0,0.0009392360225319862,0.13333333333333333,5
1359,1.0,1.0,1.0,1.0,0.0009560743346810341,0.5333333333333333,6
1360,0.9333333333333333,0.9333333333333333,0.9814980909211424,0.9920813730940001,0.0007710494101047516,0.0,8
1361,1.0,1.0,1.0,1.0,0.0009506503120064735,0.4,2
1362,1.0,1.0,1.0,1.0,0.0010197795927524567,0.2,9
1363,1.0,1.0,1.0,1.0,0.0010216645896434784,0.2,6
1364,1.0,1.0,1.0,1.0,0.0009556589648127556,0.3333333333333333,1
1365,1.0,1.0,1.0,1.0,0.000865638256072998,0.3333333333333333,9
1366,1.0,1.0,1.0,1.0,0.000956234522163868,0.26666666666666666,8
1367,0.7333333333333333,0.7333333333333333,0.8964040044816487,0.9530586665632512,0.0014402959495782852,0.4,2
1368,1.0,1.0,1.0,1.0,0.001054232008755207,0.4666666666666667,7
1369,1.0,1.0,1.0,1.0,0.0012117112055420876,0.5333333333333333,1
1370,1.0,1.0,1.0,1.0,0.001314546912908554,0.2,2
1371,1.0,1.0,1.0,1.0,0.0010757958516478539,0.3333333333333333,2
1372,0.9333333333333333,0.9333333333333333,0.9879784543306903,0.9947209494372197,0.0012068022042512894,0.13333333333333333,4
1373,0.8666666666666667,0.8666666666666667,0.9432170113019496,0.9747367311095906,0.0010931352153420448,0.3333333333333333,9
1374,1.0,1.0,1.0,1.0,0.001074463129043579,0.26666666666666666,2
1375,1.0,1.0,1.0,1.0,0.0012078601866960526,0.06666666666666667,3
1376,1.0,1.0,1.0,1.0,0.0013062963262200356,0.06666666666666667,9
1377,1.0,1.0,1.0,1.0,0.0005947211757302284,0.3333333333333333,1
1378,1.0,1.0,1.0,1.0,0.0010998314246535301,0.13333333333333333,3
1379,1.0,1.0,1.0,1.0,0.0010723089799284935,0.26666666666666666,4
1380,1.0,1.0,1.0,1.0,0.0012432588264346123,0.3333333333333333,1
1381,1.0,1.0,1.0,1.0,0.0010752547532320023,0.13333333333333333,3
1382,1.0,1.0,1.0,1.0,0.0011261580511927605,0.26666666666666666,0
1383,0.9333333333333333,0.9333333333333333,0.9638088895683202,0.9829920389973759,0.0010927598923444748,0.4666666666666667,4
1384,1.0,1.0,1.0,1.0,0.0011276211589574814,0.26666666666666666,0
1385,1.0,1.0,1.0,1.0,0.0008875476196408272,0.26666666666666666,2
1386,1.0,1.0,1.0,1.0,0.0008669048547744751,0.26666666666666666,5
1387,1.0,1.0,1.0,1.0,0.001123560592532158,0.4666666666666667,1
1388,0.9333333333333333,0.9333333333333333,0.9826574619378624,0.9921001172509684,0.0009288368746638298,0.2,4
1389,1.0,1.0,1.0,1.0,0.0010868450626730919,0.2,9
1390,1.0,1.0,1.0,1.0,0.00107647106051445,0.6,1
1391,1.0,1.0,1.0,1.0,0.0009828507900238037,0.3333333333333333,7
1392,1.0,1.0,1.0,1.0,0.0008734520524740219,0.4666666666666667,3
1393,1.0,1.0,1.0,1.0,0.001155187375843525,0.2,2
1394,1.0,1.0,1.0,1.0,0.000911434181034565,0.2,5
1395,1.0,1.0,1.0,1.0,0.0009008040651679039,0.5333333333333333,4
1396,1.0,1.0,1.0,1.0,0.0010812124237418175,0.26666666666666666,0
1397,1.0,1.0,1.0,1.0,0.001139933243393898,0.6,0
1398,1.0,1.0,1.0,1.0,0.001105775125324726,0.26666666666666666,3
1399,1.0,1.0,1.0,1.0,0.0011591147631406784,0.26666666666666666,7
1400,1.0,1.0,1.0,1.0,0.000928032211959362,0.4,0
1401,0.9333333333333333,0.9333333333333333,0.9873787888883887,0.994603156743043,0.0009060250595211983,0.26666666666666666,7
1402,1.0,1.0,1.0,1.0,0.0012581627815961838,0.2,8
1403,1.0,1.0,1.0,1.0,0.001053408719599247,0.26666666666666666,1
1404,1.0,1.0,1.0,1.0,0.0011330591514706612,0.06666666666666667,0
1405,0.9333333333333333,0.9333333333333333,0.9727338634731579,0.9877409180240697,0.0008917888626456261,0.13333333333333333,2
1406,1.0,1.0,1.0,1.0,0.0010293647646903992,0.13333333333333333,4
1407,0.9333333333333333,0.9333333333333333,0.97046530648228,0.9867650432827187,0.0012700511142611504,0.0,8
1408,1.0,1.0,1.0,1.0,0.0013263039290904999,0.13333333333333333,2
1409,1.0,1.0,1.0,1.0,0.0011363932862877846,0.26666666666666666,3
1410,1.0,1.0,1.0,1.0,0.00085404422134161,0.6,2
1411,1.0,1.0,1.0,1.0,0.000847366638481617,0.2,3
1412,1.0,1.0,1.0,1.0,0.0005551893264055252,0.4666666666666667,9
1413,0.8666666666666667,0.8666666666666667,0.9767537979520705,0.9901345015877733,0.000703916884958744,0.4,9
1414,1.0,1.0,1.0,1.0,0.0014628786593675613,0.06666666666666667,9
1415,1.0,1.0,1.0,1.0,0.0009145475924015045,0.26666666666666666,1
1416,1.0,1.0,1.0,1.0,0.0007392708212137222,0.0,3
1417,1.0,1.0,1.0,1.0,0.0009531239047646523,0.5333333333333333,5
1418,1.0,1.0,1.0,1.0,0.0009840112179517746,0.4,0
1419,1.0,1.0,1.0,1.0,0.0010193586349487305,0.6,0
1420,1.0,1.0,1.0,1.0,0.000950666144490242,0.6,0
1421,1.0,1.0,1.0,1.0,0.0008037956431508064,0.4,1
1422,1.0,1.0,1.0,1.0,0.0009533856064081192,0.26666666666666666,9
1423,1.0,1.0,1.0,1.0,0.0009406767785549164,0.13333333333333333,7
1424,0.9333333333333333,0.9333333333333333,0.9712631463485368,0.9873011913273434,0.001009923405945301,0.06666666666666667,8
1425,1.0,1.0,1.0,1.0,0.0010179588571190834,0.13333333333333333,0
1426,1.0,1.0,1.0,1.0,0.000845491886138916,0.4666666666666667,5
1427,1.0,1.0,1.0,1.0,0.0009455913677811623,0.26666666666666666,6
1428,1.0,1.0,1.0,1.0,0.0010243318974971771,0.2,8
1429,1.0,1.0,1.0,1.0,0.0010528750717639923,0.2,6
1430,1.0,1.0,1.0,1.0,0.0008946163579821587,0.26666666666666666,6
1431,1.0,1.0,1.0,1.0,0.0007825111970305443,0.2,1
1432,1.0,1.0,1.0,1.0,0.0008027404546737671,0.7333333333333333,1
1433,1.0,1.0,1.0,1.0,0.000936923548579216,0.3333333333333333,6
1434,1.0,1.0,1.0,1.0,0.001037062145769596,0.3333333333333333,0
1435,1.0,1.0,1.0,1.0,0.0010646218433976173,0.3333333333333333,2
1436,1.0,1.0,1.0,1.0,0.0011965734884142876,0.13333333333333333,9
1437,1.0,1.0,1.0,1.0,0.0010921750217676163,0.5333333333333333,2
1438,1.0,1.0,1.0,1.0,0.0010567987337708473,0.06666666666666667,5
1439,1.0,1.0,1.0,1.0,0.0012170877307653427,0.26666666666666666,7
1440,1.0,1.0,1.0,1.0,0.0010544313117861748,0.26666666666666666,7
1441,0.9333333333333333,0.9333333333333333,0.9719610959349123,0.9875042841943942,0.0010717501863837242,0.13333333333333333,7
1442,1.0,1.0,1.0,1.0,0.0007706917822360992,0.4,4
1443,1.0,1.0,1.0,1.0,0.000960618257522583,0.26666666666666666,3
1444,1.0,1.0,1.0,1.0,0.0011596186086535454,0.6666666666666666,1
1445,1.0,1.0,1.0,1.0,0.0009961389005184174,0.4,1
1446,1.0,1.0,1.0,1.0,0.0014136610552668571,0.26666666666666666,6
1447,1.0,1.0,1.0,1.0,0.0013456987217068672,0.26666666666666666,3
1448,1.0,1.0,1.0,1.0,0.001383541151881218,0.26666666666666666,3
1449,0.9333333333333333,0.9333333333333333,0.9708575349701418,0.9869695615093744,0.0013582771643996239,0.06666666666666667,4
1450,1.0,1.0,1.0,1.0,0.0013288473710417747,0.5333333333333333,4
1451,1.0,1.0,1.0,1.0,0.0011043353006243706,0.3333333333333333,5
1452,0.8,0.8,0.9501025905065847,0.9779123034463506,0.0009833518415689468,0.2,2
1453,1.0,1.0,1.0,1.0,0.0009054439142346382,0.2,8
1454,1.0,1.0,1.0,1.0,0.0012368187308311462,0.0,9
1455,0.9333333333333333,0.9333333333333333,0.9902083318271747,0.9958330235344323,0.0009594345465302467,0.26666666666666666,2
1456,1.0,1.0,1.0,1.0,0.0009982110932469368,0.6,0
1457,1.0,1.0,1.0,1.0,0.0012705055996775627,0.2,5
1458,1.0,1.0,1.0,1.0,0.0010664155706763268,0.0,4
1459,1.0,1.0,1.0,1.0,0.0011769654229283333,0.13333333333333333,5
1460,0.9333333333333333,0.9333333333333333,0.9670816711167254,0.9852780775301654,0.0012260442599654198,0.4666666666666667,4
1461,1.0,1.0,1.0,1.0,0.000927390530705452,0.06666666666666667,9
1462,1.0,1.0,1.0,1.0,0.000764225609600544,0.13333333333333333,5
1463,1.0,1.0,1.0,1.0,0.00101472157984972,0.3333333333333333,5
1464,1.0,1.0,1.0,1.0,0.0006890976801514626,0.4666666666666667,1
1465,0.9333333333333333,0.9333333333333333,0.9687651961386572,0.9854864598448201,0.0015224777162075043,0.13333333333333333,8
1466,1.0,1.0,1.0,1.0,0.0009764200076460838,0.5333333333333333,9
1467,0.8666666666666667,0.8666666666666667,0.8892961771190987,0.9422063650562024,0.0007391506806015968,0.2,2
1468,0.8666666666666667,0.8666666666666667,0.9165500266233669,0.9606855009351888,0.0009626178070902824,0.06666666666666667,5
1469,1.0,1.0,1.0,1.0,0.0009992988780140877,0.26666666666666666,3
1470,1.0,1.0,1.0,1.0,0.0009904559701681137,0.4,2
1471,1.0,1.0,1.0,1.0,0.0009386958554387093,0.13333333333333333,4
1472,1.0,1.0,1.0,1.0,0.0009018126875162125,0.13333333333333333,3
1473,1.0,1.0,1.0,1.0,0.0009376080706715584,0.2,0
1474,0.9333333333333333,0.9333333333333333,0.9849718332326172,0.9934883118490622,0.000863121822476387,0.06666666666666667,2
1475,1.0,1.0,1.0,1.0,0.0007604397833347321,0.26666666666666666,4
1476,0.9333333333333333,0.9333333333333333,0.9877899338829842,0.9949575479219431,0.0009831776842474937,0.2,8
1477,1.0,1.0,1.0,1.0,0.001022697426378727,0.26666666666666666,6
1478,1.0,1.0,1.0,1.0,0.001015298068523407,0.2,6
1479,1.0,1.0,1.0,1.0,0.0009826608002185822,0.06666666666666667,3
1480,1.0,1.0,1.0,1.0,0.0011388305574655533,0.3333333333333333,9
1481,1.0,1.0,1.0,1.0,0.0014171693474054337,0.26666666666666666,1
1482,1.0,1.0,1.0,1.0,0.0010847188532352448,0.5333333333333333,1
1483,1.0,1.0,1.0,1.0,0.0012119729071855545,0.26666666666666666,8
1484,1.0,1.0,1.0,1.0,0.000687149353325367,0.6,9
1485,1.0,1.0,1.0,1.0,0.001150207594037056,0.06666666666666667,0
1486,1.0,1.0,1.0,1.0,0.0010907035320997238,0.3333333333333333,1
1487,1.0,1.0,1.0,1.0,0.0009292401373386383,0.13333333333333333,5
1488,0.9333333333333333,0.9333333333333333,0.9722631256159164,0.9879555169848347,0.0011546136811375618,0.3333333333333333,3
1489,1.0,1.0,1.0,1.0,0.0009515630081295967,0.5333333333333333,4
1490,1.0,1.0,1.0,1.0,0.0009745704010128975,0.4,1
1491,0.7333333333333333,0.7333333333333333,0.8609737452982076,0.9342562826321663,0.0011699311435222626,0.0,8
1492,1.0,1.0,1.0,1.0,0.001018468290567398,0.3333333333333333,3
1493,1.0,1.0,1.0,1.0,0.0011837678030133247,0.2,9
1494,1.0,1.0,1.0,1.0,0.0009217299520969391,0.13333333333333333,9
1495,1.0,1.0,1.0,1.0,0.0009575355798006058,0.3333333333333333,4
1496,1.0,1.0,1.0,1.0,0.0011272607371211052,0.2,1
1497,1.0,1.0,1.0,1.0,0.0006645964458584785,0.4666666666666667,9
1498,1.0,1.0,1.0,1.0,0.001272737979888916,0.2,3
1499,1.0,1.0,1.0,1.0,0.0007216138765215874,0.2,0
1500,1.0,1.0,1.0,1.0,0.0009109918028116226,0.4,7
1501,1.0,1.0,1.0,1.0,0.0009589716792106628,0.06666666666666667,8
1502,0.8666666666666667,0.8666666666666667,0.91857773250604,0.959959423681645,0.0010191164910793304,0.4,3
1503,1.0,1.0,1.0,1.0,0.0009913062676787376,0.06666666666666667,5
1504,1.0,1.0,1.0,1.0,0.0009380551055073738,0.06666666666666667,3
1505,1.0,1.0,1.0,1.0,0.0007271263748407364,0.06666666666666667,2
1506,1.0,1.0,1.0,1.0,0.0009633200243115425,0.4,1
1507,0.8,0.8,0.888415331172911,0.9409273256620962,0.0010307449847459793,0.06666666666666667,2
1508,1.0,1.0,1.0,1.0,0.0010029198601841927,0.13333333333333333,4
1509,1.0,1.0,1.0,1.0,0.0009612282738089561,0.2,9
1510,1.0,1.0,1.0,1.0,0.0009935218840837479,0.4666666666666667,1
1511,1.0,1.0,1.0,1.0,0.0010296013206243515,0.13333333333333333,3
1512,1.0,1.0,1.0,1.0,0.0009972034022212029,0.26666666666666666,5
1513,0.9333333333333333,0.9333333333333333,0.9765952579368792,0.9898135044215929,0.0009456286206841469,0.3333333333333333,7
1514,1.0,1.0,1.0,1.0,0.0007361453026533127,0.4666666666666667,1
1515,1.0,1.0,1.0,1.0,0.0009482447057962418,0.3333333333333333,0
1516,0.9333333333333333,0.9333333333333333,0.9528297181081459,0.9774945792130046,0.0010395152494311333,0.13333333333333333,6
1517,1.0,1.0,1.0,1.0,0.001023351214826107,0.4666666666666667,9
1518,1.0,1.0,1.0,1.0,0.001025581732392311,0.4666666666666667,4
1519,1.0,1.0,1.0,1.0,0.001112738624215126,0.6,2
1520,0.9333333333333333,0.9333333333333333,0.9706664039840431,0.9872516368835091,0.001436120830476284,0.13333333333333333,8
1521,1.0,1.0,1.0,1.0,0.000927983783185482,0.4,0
1522,0.6666666666666666,0.6666666666666666,0.6083798638208567,0.7182469385691977,0.0011021727696061134,0.0,4
1523,1.0,1.0,1.0,1.0,0.001439548097550869,0.4666666666666667,6
1524,1.0,1.0,1.0,1.0,0.0009380746632814407,0.26666666666666666,7
1525,1.0,1.0,1.0,1.0,0.0008554086089134216,0.4666666666666667,2
1526,1.0,1.0,1.0,1.0,0.0011115921661257744,0.4,0
1527,1.0,1.0,1.0,1.0,0.0011972011998295784,0.2,3
1528,1.0,1.0,1.0,1.0,0.0009839488193392754,0.3333333333333333,5
1529,1.0,1.0,1.0,1.0,0.0008896831423044205,0.13333333333333333,7
1530,1.0,1.0,1.0,1.0,0.0009840652346611023,0.0,9
1531,1.0,1.0,1.0,1.0,0.0012440960854291916,0.6,1
1532,1.0,1.0,1.0,1.0,0.0009488016366958618,0.2,7
1533,1.0,1.0,1.0,1.0,0.0011541005223989487,0.13333333333333333,8
1534,0.8666666666666667,0.8666666666666667,0.9127170103444916,0.9585498424551943,0.0010221311822533607,0.06666666666666667,8
1535,1.0,1.0,1.0,1.0,0.0011073388159275055,0.26666666666666666,2
1536,1.0,1.0,1.0,1.0,0.0012414027005434036,0.13333333333333333,4
1537,1.0,1.0,1.0,1.0,0.0011287648230791092,0.3333333333333333,1
1538,1.0,1.0,1.0,1.0,0.0008887797594070435,0.6,4
1539,1.0,1.0,1.0,1.0,0.0013350145891308784,0.06666666666666667,9
1540,1.0,1.0,1.0,1.0,0.001109754666686058,0.4,6
1541,1.0,1.0,1.0,1.0,0.0010629650205373764,0.3333333333333333,9
1542,1.0,1.0,1.0,1.0,0.0011859219521284103,0.26666666666666666,9
1543,1.0,1.0,1.0,1.0,0.0007731383666396141,0.3333333333333333,1
1544,1.0,1.0,1.0,1.0,0.0005631102249026299,0.13333333333333333,4
1545,1.0,1.0,1.0,1.0,0.0007162364199757576,0.3333333333333333,1
1546,1.0,1.0,1.0,1.0,0.0015200022608041763,0.4,9
1547,1.0,1.0,1.0,1.0,0.00097739789634943,0.13333333333333333,0
1548,1.0,1.0,1.0,1.0,0.0007584206759929657,0.3333333333333333,0
1549,1.0,1.0,1.0,1.0,0.000971546396613121,0.2,5
1550,1.0,1.0,1.0,1.0,0.0009911460801959038,0.3333333333333333,5
1551,1.0,1.0,1.0,1.0,0.0010021235793828964,0.4666666666666667,1
1552,1.0,1.0,1.0,1.0,0.0009354222565889359,0.26666666666666666,5
1553,1.0,1.0,1.0,1.0,0.0007603093981742859,0.5333333333333333,0
1554,1.0,1.0,1.0,1.0,0.0011241510510444641,0.4,7
1555,1.0,1.0,1.0,1.0,0.0008443212136626244,0.26666666666666666,1
1556,1.0,1.0,1.0,1.0,0.0008118189871311188,0.2,1
1557,1.0,1.0,1.0,1.0,0.001130472868680954,0.0,2
1558,1.0,1.0,1.0,1.0,0.0010238774120807648,0.26666666666666666,8
1559,1.0,1.0,1.0,1.0,0.0009963484480977058,0.26666666666666666,2
1560,0.9333333333333333,0.9333333333333333,0.9672967207666209,0.9851923128047094,0.0010231724008917809,0.4666666666666667,2
1561,1.0,1.0,1.0,1.0,0.0009053768590092659,0.2,6
1562,1.0,1.0,1.0,1.0,0.0012685013934969902,0.5333333333333333,1
1563,1.0,1.0,1.0,1.0,0.000977909192442894,0.4,3
1564,1.0,1.0,1.0,1.0,0.000923394225537777,0.0,2
1565,1.0,1.0,1.0,1.0,0.0010949335992336273,0.3333333333333333,2
1566,0.8666666666666667,0.8666666666666667,0.9605704504874851,0.9823319376940417,0.0011777589097619057,0.13333333333333333,0
1567,1.0,1.0,1.0,1.0,0.0012450041249394417,0.13333333333333333,3
1568,1.0,1.0,1.0,1.0,0.0010969480499625206,0.4,4
1569,1.0,1.0,1.0,1.0,0.0008477075025439262,0.26666666666666666,7
1570,0.9333333333333333,0.9333333333333333,0.9972430941445082,0.9988290345881949,0.0011987974867224693,0.4666666666666667,5
1571,1.0,1.0,1.0,1.0,0.0011215778067708015,0.2,3
1572,1.0,1.0,1.0,1.0,0.0008701393380761147,0.3333333333333333,3
1573,1.0,1.0,1.0,1.0,0.0008710892871022224,0.4666666666666667,9
1574,1.0,1.0,1.0,1.0,0.0012687752023339272,0.4,1
1575,1.0,1.0,1.0,1.0,0.0010965708643198013,0.2,6
1576,1.0,1.0,1.0,1.0,0.0009464165195822716,0.2,9
1577,1.0,1.0,1.0,1.0,0.0012335916981101036,0.06666666666666667,8
1578,1.0,1.0,1.0,1.0,0.001110888086259365,0.5333333333333333,2
1579,1.0,1.0,1.0,1.0,0.0008979486301541328,0.4666666666666667,0
1580,1.0,1.0,1.0,1.0,0.0008823173120617867,0.3333333333333333,9
1581,1.0,1.0,1.0,1.0,0.0011269748210906982,0.0,4
1582,1.0,1.0,1.0,1.0,0.0010106712579727173,0.2,7
1583,1.0,1.0,1.0,1.0,0.001109100878238678,0.3333333333333333,9
1584,1.0,1.0,1.0,1.0,0.0008943984284996986,0.13333333333333333,9
1585,1.0,1.0,1.0,1.0,0.0008851010352373123,0.2,9
1586,1.0,1.0,1.0,1.0,0.001088673248887062,0.0,8
1587,0.9333333333333333,0.9333333333333333,0.9740861507920978,0.9888000077847655,0.0007063522934913635,0.0,8
1588,1.0,1.0,1.0,1.0,0.0008945232257246971,0.5333333333333333,6
1589,0.8,0.8,0.9266168516060795,0.967347600125507,0.0008126702159643173,0.2,9
1590,0.8666666666666667,0.8666666666666667,0.9426930667330787,0.9735273419426321,0.0010446282103657722,0.13333333333333333,5
1591,1.0,1.0,1.0,1.0,0.0009877067059278488,0.4,0
1592,1.0,1.0,1.0,1.0,0.0009439568966627121,0.4,3
1593,1.0,1.0,1.0,1.0,0.0007471367716789246,0.3333333333333333,1
1594,1.0,1.0,1.0,1.0,0.0009710798040032387,0.4666666666666667,4
1595,1.0,1.0,1.0,1.0,0.0010354779660701752,0.26666666666666666,1
1596,1.0,1.0,1.0,1.0,0.0009720604866743088,0.3333333333333333,7
1597,1.0,1.0,1.0,1.0,0.0010009650141000748,0.13333333333333333,9
1598,1.0,1.0,1.0,1.0,0.0007086731493473053,0.4,3
1599,1.0,1.0,1.0,1.0,0.0011404920369386673,0.13333333333333333,3
1600,1.0,1.0,1.0,1.0,0.0008901450783014297,0.3333333333333333,0
1601,0.8666666666666667,0.8666666666666667,0.9224231428024785,0.9601644118314044,0.0007842686027288437,0.06666666666666667,3
1602,1.0,1.0,1.0,1.0,0.0010934863239526749,0.2,2
1603,1.0,1.0,1.0,1.0,0.001017458736896515,0.2,2
1604,1.0,1.0,1.0,1.0,0.0009794747456908226,0.4666666666666667,8
1605,1.0,1.0,1.0,1.0,0.0009814295917749405,0.4666666666666667,3
1606,1.0,1.0,1.0,1.0,0.0007196040824055672,0.4,3
1607,1.0,1.0,1.0,1.0,0.0009838705882430077,0.26666666666666666,4
1608,1.0,1.0,1.0,1.0,0.0009798137471079826,0.26666666666666666,0
1609,1.0,1.0,1.0,1.0,0.0009801778942346573,0.06666666666666667,7
1610,1.0,1.0,1.0,1.0,0.0010750843212008476,0.5333333333333333,1
1611,1.0,1.0,1.0,1.0,0.0011841002851724625,0.2,0
1612,1.0,1.0,1.0,1.0,0.0012721549719572067,0.4666666666666667,6
1613,0.9333333333333333,0.9333333333333333,0.9703323248481213,0.9867966378053825,0.0009881220757961273,0.26666666666666666,7
1614,1.0,1.0,1.0,1.0,0.0009273411706089973,0.3333333333333333,4
1615,1.0,1.0,1.0,1.0,0.001100289635360241,0.5333333333333333,2
1616,0.6666666666666666,0.6666666666666666,0.7369750408657597,0.849868062225919,0.0006814189255237579,0.13333333333333333,8
1617,1.0,1.0,1.0,1.0,0.0006853332743048668,0.06666666666666667,6
1618,1.0,1.0,1.0,1.0,0.0011413656175136566,0.0,2
1619,1.0,1.0,1.0,1.0,0.0010901829227805138,0.5333333333333333,9
1620,1.0,1.0,1.0,1.0,0.0009800028055906296,0.06666666666666667,7
1621,1.0,1.0,1.0,1.0,0.0010973941534757614,0.26666666666666666,9
1622,1.0,1.0,1.0,1.0,0.0011126119643449783,0.13333333333333333,7
1623,0.8666666666666667,0.8666666666666667,0.8476781742030375,0.9001914770094775,0.0009039035066962242,0.26666666666666666,7
1624,0.9333333333333333,0.9333333333333333,0.9795095340440174,0.9910570182369133,0.0011428548023104668,0.0,5
1625,1.0,1.0,1.0,1.0,0.001006697304546833,0.26666666666666666,2
1626,1.0,1.0,1.0,1.0,0.0010182391852140427,0.4,2
1627,0.7333333333333333,0.7333333333333333,0.8083517400855734,0.9043711879946559,0.0008791126310825348,0.26666666666666666,8
1628,1.0,1.0,1.0,1.0,0.0013076495379209518,0.2,3
1629,1.0,1.0,1.0,1.0,0.0010386230424046516,0.2,9
1630,1.0,1.0,1.0,1.0,0.001076051965355873,0.6666666666666666,1
1631,1.0,1.0,1.0,1.0,0.0008737407624721527,0.3333333333333333,2
1632,1.0,1.0,1.0,1.0,0.0012090923264622688,0.3333333333333333,7
1633,0.9333333333333333,0.9333333333333333,0.99813343350866,0.9991839286480725,0.000884675420820713,0.06666666666666667,3
1634,1.0,1.0,1.0,1.0,0.0008820211514830589,0.06666666666666667,4
1635,1.0,1.0,1.0,1.0,0.0013278834521770477,0.13333333333333333,4
1636,0.7333333333333333,0.7333333333333333,0.9240033221284629,0.9658406595827432,0.0010430645197629929,0.06666666666666667,7
1637,1.0,1.0,1.0,1.0,0.0011404408141970634,0.4666666666666667,1
1638,1.0,1.0,1.0,1.0,0.0011267103254795074,0.4666666666666667,1
1639,0.6666666666666666,0.6666666666666666,0.7878416965257052,0.8950300592996063,0.0009192526340484619,0.06666666666666667,7
1640,1.0,1.0,1.0,1.0,0.0011051101610064507,0.4666666666666667,0
1641,1.0,1.0,1.0,1.0,0.0006982255727052689,0.3333333333333333,0
1642,1.0,1.0,1.0,1.0,0.0009015407413244247,0.3333333333333333,1
1643,0.8666666666666667,0.8666666666666667,0.9320584074636531,0.9680571068811336,0.0008217459544539452,0.3333333333333333,2
1644,1.0,1.0,1.0,1.0,0.0010264329612255096,0.2,7
1645,0.9333333333333333,0.9333333333333333,0.9755036057501444,0.9891920253902252,0.0009986842051148415,0.4,8
1646,0.9333333333333333,0.9333333333333333,0.975369484948647,0.9892487279015814,0.0009600808843970299,0.4666666666666667,2
1647,0.9333333333333333,0.9333333333333333,0.9762003725368092,0.9894967139679816,0.0007424885407090187,0.0,3
1648,1.0,1.0,1.0,1.0,0.0009628236293792725,0.3333333333333333,6
1649,1.0,1.0,1.0,1.0,0.0010354360565543175,0.3333333333333333,4
1650,1.0,1.0,1.0,1.0,0.0009986106306314468,0.4666666666666667,6
1651,1.0,1.0,1.0,1.0,0.0009692087769508362,0.26666666666666666,3
1652,1.0,1.0,1.0,1.0,0.0007103048264980316,0.13333333333333333,0
1653,1.0,1.0,1.0,1.0,0.0010184254497289658,0.26666666666666666,7
1654,0.9333333333333333,0.9333333333333333,0.9973622017832758,0.9988969722310195,0.0010237833485007286,0.06666666666666667,3
1655,1.0,1.0,1.0,1.0,0.0007894858717918396,0.8,1
1656,1.0,1.0,1.0,1.0,0.000910760834813118,0.3333333333333333,5
1657,0.9333333333333333,0.9333333333333333,0.9751633082471752,0.9892897946070602,0.0009956387802958488,0.26666666666666666,2
1658,1.0,1.0,1.0,1.0,0.0009317100048065186,0.13333333333333333,8
1659,0.9333333333333333,0.9333333333333333,0.9715314466243041,0.9867380175584166,0.0007327161729335785,0.13333333333333333,5
1660,1.0,1.0,1.0,1.0,0.0011297110468149185,0.26666666666666666,1
1661,1.0,1.0,1.0,1.0,0.001028137281537056,0.0,2
1662,1.0,1.0,1.0,1.0,0.0009792204946279526,0.3333333333333333,9
1663,1.0,1.0,1.0,1.0,0.0009764004498720169,0.26666666666666666,7
1664,1.0,1.0,1.0,1.0,0.0009197108447551727,0.26666666666666666,5
1665,1.0,1.0,1.0,1.0,0.0012578284367918968,0.4,4
1666,1.0,1.0,1.0,1.0,0.0009647104889154434,0.5333333333333333,1
1667,1.0,1.0,1.0,1.0,0.0009284457191824913,0.4,4
1668,1.0,1.0,1.0,1.0,0.0010688826441764832,0.3333333333333333,2
1669,1.0,1.0,1.0,1.0,0.001195516437292099,0.4666666666666667,1
1670,1.0,1.0,1.0,1.0,0.001248026266694069,0.26666666666666666,0
1671,1.0,1.0,1.0,1.0,0.0009621214121580124,0.26666666666666666,6
1672,0.9333333333333333,0.9333333333333333,0.9708641270957256,0.9870256929519241,0.0009296052157878876,0.06666666666666667,8
1673,1.0,1.0,1.0,1.0,0.0008303085342049599,0.4,5
1674,1.0,1.0,1.0,1.0,0.0008309781551361084,0.13333333333333333,3
1675,1.0,1.0,1.0,1.0,0.0012419791892170906,0.4,6
1676,1.0,1.0,1.0,1.0,0.0010828925296664238,0.2,2
1677,1.0,1.0,1.0,1.0,0.0011488879099488258,0.26666666666666666,1
1678,1.0,1.0,1.0,1.0,0.0010974667966365814,0.13333333333333333,9
1679,1.0,1.0,1.0,1.0,0.0012089395895600319,0.2,2
1680,1.0,1.0,1.0,1.0,0.0010599950328469276,0.2,0
1681,1.0,1.0,1.0,1.0,0.0011745449155569077,0.13333333333333333,6
1682,1.0,1.0,1.0,1.0,0.0011026542633771896,0.5333333333333333,6
1683,1.0,1.0,1.0,1.0,0.0013249386101961136,0.2,2
1684,1.0,1.0,1.0,1.0,0.0009933141991496086,0.4,7
1685,1.0,1.0,1.0,1.0,0.0011182231828570366,0.26666666666666666,0
1686,1.0,1.0,1.0,1.0,0.0012123798951506615,0.3333333333333333,7
1687,0.8,0.8,0.8642898951053808,0.9339130158453078,0.0010335221886634827,0.06666666666666667,3
1688,1.0,1.0,1.0,1.0,0.0010940618813037872,0.26666666666666666,1
1689,0.9333333333333333,0.9333333333333333,0.9752770701905301,0.988761859085886,0.0012464821338653564,0.26666666666666666,2
1690,1.0,1.0,1.0,1.0,0.001161370426416397,0.13333333333333333,8
1691,1.0,1.0,1.0,1.0,0.0009041521698236465,0.0,3
1692,1.0,1.0,1.0,1.0,0.0009131943807005882,0.26666666666666666,9
1693,1.0,1.0,1.0,1.0,0.001266677863895893,0.26666666666666666,1
1694,1.0,1.0,1.0,1.0,0.0010265884920954704,0.4666666666666667,1
1695,0.8666666666666667,0.8666666666666667,0.9528167721033333,0.9786273865146194,0.0011376384645700455,0.26666666666666666,0
1696,1.0,1.0,1.0,1.0,0.0009194770827889442,0.06666666666666667,9
1697,1.0,1.0,1.0,1.0,0.0007225628942251205,0.4,3
1698,1.0,1.0,1.0,1.0,0.0007058922201395035,0.5333333333333333,7
1699,1.0,1.0,1.0,1.0,0.0005972180515527725,0.5333333333333333,6
1700,1.0,1.0,1.0,1.0,0.0008992776274681091,0.2,8
1701,1.0,1.0,1.0,1.0,0.0008852919563651085,0.3333333333333333,9
1702,1.0,1.0,1.0,1.0,0.000999576412141323,0.2,7
1703,1.0,1.0,1.0,1.0,0.0008263280615210533,0.3333333333333333,8
1704,1.0,1.0,1.0,1.0,0.0007746899500489235,0.3333333333333333,6
1705,0.9333333333333333,0.9333333333333333,0.9779221861523892,0.9902211173228894,0.0008929064497351646,0.2,5
1706,1.0,1.0,1.0,1.0,0.0010161325335502625,0.3333333333333333,1
1707,1.0,1.0,1.0,1.0,0.0009854016825556755,0.2,7
1708,1.0,1.0,1.0,1.0,0.0009506214410066605,0.2,3
1709,0.9333333333333333,0.9333333333333333,0.9672473879396849,0.9851936186141346,0.0007227826863527298,0.06666666666666667,8
1710,1.0,1.0,1.0,1.0,0.001139759086072445,0.2,1
1711,1.0,1.0,1.0,1.0,0.0011912239715456963,0.26666666666666666,6
1712,0.8,0.8,0.6959087660238343,0.7059612797475154,0.0010258015245199203,0.26666666666666666,8
1713,1.0,1.0,1.0,1.0,0.0007360568270087242,0.3333333333333333,1
1714,1.0,1.0,1.0,1.0,0.0011020060628652573,0.26666666666666666,5
1715,0.6666666666666666,0.6666666666666666,0.7804068913496371,0.8891605946671982,0.0009850552305579185,0.26666666666666666,3
1716,1.0,1.0,1.0,1.0,0.0012565040960907936,0.13333333333333333,3
1717,0.9333333333333333,0.9333333333333333,0.9781582715860502,0.9906286816661,0.0009177252650260925,0.13333333333333333,5
1718,1.0,1.0,1.0,1.0,0.0007386133074760437,0.2,8
1719,1.0,1.0,1.0,1.0,0.001109972596168518,0.4666666666666667,5
1720,1.0,1.0,1.0,1.0,0.0011159759014844894,0.5333333333333333,1
1721,1.0,1.0,1.0,1.0,0.0012752348557114601,0.26666666666666666,7
1722,1.0,1.0,1.0,1.0,0.001010105013847351,0.6666666666666666,1
1723,0.9333333333333333,0.9333333333333333,0.9733815991788667,0.9883212039343481,0.0009588738903403282,0.2,7
1724,0.9333333333333333,0.9333333333333333,0.9825827543431633,0.9925335807274489,0.0010837959125638008,0.4,1
1725,0.8666666666666667,0.8666666666666667,0.9573136265140032,0.9811526310640121,0.0011588716879487038,0.06666666666666667,4
1726,1.0,1.0,1.0,1.0,0.0012826398015022278,0.4,7
1727,1.0,1.0,1.0,1.0,0.0007483446970582008,0.8,0
1728,1.0,1.0,1.0,1.0,0.0009877094998955727,0.13333333333333333,3
1729,1.0,1.0,1.0,1.0,0.0010713832452893257,0.3333333333333333,1
1730,1.0,1.0,1.0,1.0,0.0011934973299503326,0.2,7
1731,1.0,1.0,1.0,1.0,0.001022552140057087,0.2,5
1732,1.0,1.0,1.0,1.0,0.00103859044611454,0.3333333333333333,2
1733,1.0,1.0,1.0,1.0,0.0012293718755245209,0.4666666666666667,3
1734,0.9333333333333333,0.9333333333333333,0.9645810796363199,0.9838294107546117,0.0010858122259378433,0.2,5
1735,1.0,1.0,1.0,1.0,0.0011510131880640984,0.06666666666666667,8
1736,1.0,1.0,1.0,1.0,0.0010868925601243973,0.4,5
1737,1.0,1.0,1.0,1.0,0.0012280894443392754,0.4666666666666667,7
1738,1.0,1.0,1.0,1.0,0.0008669579401612282,0.6666666666666666,1
1739,1.0,1.0,1.0,1.0,0.0011099819093942642,0.3333333333333333,7
1740,1.0,1.0,1.0,1.0,0.001148163340985775,0.2,9
1741,1.0,1.0,1.0,1.0,0.0008901329711079597,0.7333333333333333,0
1742,1.0,1.0,1.0,1.0,0.0010852767154574394,0.26666666666666666,2
1743,1.0,1.0,1.0,1.0,0.0011461786925792694,0.13333333333333333,3
1744,1.0,1.0,1.0,1.0,0.0010430775582790375,0.2,9
1745,1.0,1.0,1.0,1.0,0.0011196937412023544,0.13333333333333333,4
1746,1.0,1.0,1.0,1.0,0.0010782545432448387,0.4,9
1747,1.0,1.0,1.0,1.0,0.0011558886617422104,0.3333333333333333,0
1748,1.0,1.0,1.0,1.0,0.001015966758131981,0.5333333333333333,6
1749,0.9333333333333333,0.9333333333333333,0.9823961044433478,0.9925478247016332,0.0008574891835451126,0.3333333333333333,3
1750,1.0,1.0,1.0,1.0,0.0009914580732584,0.0,3
1751,1.0,1.0,1.0,1.0,0.0007068030536174774,0.2,9
1752,1.0,1.0,1.0,1.0,0.0015266891568899155,0.3333333333333333,6
1753,1.0,1.0,1.0,1.0,0.000989627093076706,0.2,6
1754,1.0,1.0,1.0,1.0,0.0007702196016907692,0.2,7
1755,0.9333333333333333,0.9333333333333333,0.9762393283055046,0.9894777485039257,0.0009828517213463783,0.26666666666666666,4
1756,1.0,1.0,1.0,1.0,0.000958101823925972,0.4,5
1757,1.0,1.0,1.0,1.0,0.0009949039667844772,0.4,7
1758,0.9333333333333333,0.9333333333333333,0.9964456865045105,0.9985335956199705,0.0009259805083274841,0.06666666666666667,7
1759,1.0,1.0,1.0,1.0,0.0007754294201731682,0.26666666666666666,7
1760,1.0,1.0,1.0,1.0,0.0010855291038751602,0.26666666666666666,5
1761,1.0,1.0,1.0,1.0,0.0010850317776203156,0.2,7
1762,1.0,1.0,1.0,1.0,0.0009421659633517265,0.2,5
1763,1.0,1.0,1.0,1.0,0.0009950334206223488,0.26666666666666666,8
1764,1.0,1.0,1.0,1.0,0.0009432230144739151,0.7333333333333333,1
1765,1.0,1.0,1.0,1.0,0.0012645665556192398,0.2,1
1766,1.0,1.0,1.0,1.0,0.0009308364242315292,0.2,5
1767,1.0,1.0,1.0,1.0,0.0009837858378887177,0.3333333333333333,0
1768,1.0,1.0,1.0,1.0,0.0009845541790127754,0.4,5
1769,1.0,1.0,1.0,1.0,0.0009814640507102013,0.3333333333333333,7
1770,1.0,1.0,1.0,1.0,0.0011374149471521378,0.6666666666666666,1
1771,0.8666666666666667,0.8666666666666667,0.965447504498225,0.9847820325783219,0.0011986838653683662,0.2,2
1772,1.0,1.0,1.0,1.0,0.0012065572664141655,0.3333333333333333,3
1773,1.0,1.0,1.0,1.0,0.0012093018740415573,0.4666666666666667,9
1774,1.0,1.0,1.0,1.0,0.0009091785177588463,0.3333333333333333,4
1775,1.0,1.0,1.0,1.0,0.001222856342792511,0.26666666666666666,7
1776,1.0,1.0,1.0,1.0,0.0009369822219014168,0.3333333333333333,7
1777,1.0,1.0,1.0,1.0,0.0011232811957597733,0.4,1
1778,1.0,1.0,1.0,1.0,0.001125427894294262,0.2,9
1779,0.9333333333333333,0.9333333333333333,0.9600753234413594,0.9811037948825577,0.001277117058634758,0.6666666666666666,4
1780,1.0,1.0,1.0,1.0,0.001362105831503868,0.13333333333333333,8
1781,1.0,1.0,1.0,1.0,0.0009240973740816116,0.2,2
1782,1.0,1.0,1.0,1.0,0.0009129969403147697,0.06666666666666667,3
1783,0.8,0.8,0.827969163086477,0.9062298145673282,0.0014322036877274513,0.13333333333333333,9
1784,1.0,1.0,1.0,1.0,0.001078498549759388,0.3333333333333333,0
1785,1.0,1.0,1.0,1.0,0.0011068852618336678,0.4,6
1786,1.0,1.0,1.0,1.0,0.0008540181443095207,0.06666666666666667,2
1787,1.0,1.0,1.0,1.0,0.0009332504123449326,0.26666666666666666,6
1788,1.0,1.0,1.0,1.0,0.0008808905258774757,0.26666666666666666,5
1789,1.0,1.0,1.0,1.0,0.0012777270749211311,0.4666666666666667,0
1790,1.0,1.0,1.0,1.0,0.0010746726766228676,0.3333333333333333,4
1791,0.7333333333333333,0.7333333333333333,0.7713778890205921,0.8701296253743341,0.0012823333963751793,0.26666666666666666,8
1792,0.9333333333333333,0.9333333333333333,0.9735294172053608,0.9881282245651273,0.001292419619858265,0.3333333333333333,6
1793,1.0,1.0,1.0,1.0,0.001040804199874401,0.4666666666666667,2
1794,1.0,1.0,1.0,1.0,0.0011873533949255943,0.26666666666666666,4
1795,0.9333333333333333,0.9333333333333333,0.9717149292341407,0.9874307097242627,0.001017681322991848,0.06666666666666667,3
1796,1.0,1.0,1.0,1.0,0.0010289447382092476,0.3333333333333333,1
1797,1.0,1.0,1.0,1.0,0.0011989874765276909,0.2,6
1798,1.0,1.0,1.0,1.0,0.0013445951044559479,0.2,4
1799,0.8666666666666667,0.8666666666666667,0.9340053317856148,0.9696025663330032,0.0009084204211831093,0.13333333333333333,6
1800,1.0,1.0,1.0,1.0,0.0012381784617900848,0.3333333333333333,0
1801,1.0,1.0,1.0,1.0,0.0009657368063926697,0.13333333333333333,3
1802,1.0,1.0,1.0,1.0,0.0010853549465537071,0.4,4
1803,0.9333333333333333,0.9333333333333333,0.9889572119998395,0.995340353957507,0.001257551833987236,0.13333333333333333,2
1804,1.0,1.0,1.0,1.0,0.0010126261040568352,0.4,6
1805,0.8666666666666667,0.8666666666666667,0.9032318684921808,0.9532288153245352,0.0010647661983966827,0.0,2
1806,1.0,1.0,1.0,1.0,0.001216074451804161,0.06666666666666667,1
1807,1.0,1.0,1.0,1.0,0.001065107062458992,0.06666666666666667,1
1808,1.0,1.0,1.0,1.0,0.000881989486515522,0.6,2
1809,1.0,1.0,1.0,1.0,0.0011060042306780815,0.26666666666666666,5
1810,1.0,1.0,1.0,1.0,0.0013140048831701279,0.4,2
1811,0.8666666666666667,0.8666666666666667,0.9972395663839362,0.9988247685887628,0.0010552164167165756,0.3333333333333333,6
1812,1.0,1.0,1.0,1.0,0.0011112131178379059,0.3333333333333333,4
1813,1.0,1.0,1.0,1.0,0.0011333469301462173,0.2,2
1814,1.0,1.0,1.0,1.0,0.0013011740520596504,0.4,9
1815,1.0,1.0,1.0,1.0,0.0008138343691825867,0.5333333333333333,6
1816,1.0,1.0,1.0,1.0,0.0008764481171965599,0.13333333333333333,4
1817,0.7333333333333333,0.7333333333333333,0.779549667967991,0.8700814933224809,0.0006001600995659828,0.2,3
1818,1.0,1.0,1.0,1.0,0.001054607331752777,0.4666666666666667,0
1819,1.0,1.0,1.0,1.0,0.0009714122861623764,0.2,6
1820,1.0,1.0,1.0,1.0,0.0010046157985925674,0.2,3
1821,1.0,1.0,1.0,1.0,0.0009452886879444122,0.4666666666666667,4
1822,1.0,1.0,1.0,1.0,0.0010064393281936646,0.06666666666666667,2
1823,1.0,1.0,1.0,1.0,0.0010472042486071587,0.3333333333333333,3
1824,1.0,1.0,1.0,1.0,0.000738280825316906,0.3333333333333333,6
1825,0.9333333333333333,0.9333333333333333,0.9873609003296973,0.9946857681120075,0.001137102022767067,0.13333333333333333,2
1826,1.0,1.0,1.0,1.0,0.0012503890320658684,0.2,5
1827,0.9333333333333333,0.9333333333333333,0.9884168781327963,0.9951890649999185,0.0009625041857361794,0.06666666666666667,9
1828,1.0,1.0,1.0,1.0,0.0008184947073459625,0.13333333333333333,7
1829,1.0,1.0,1.0,1.0,0.0009745592251420021,0.13333333333333333,3
1830,1.0,1.0,1.0,1.0,0.0011932598426938057,0.26666666666666666,7
1831,0.9333333333333333,0.9333333333333333,0.9711032627816484,0.9872926924897998,0.0009327223524451256,0.2,7
1832,1.0,1.0,1.0,1.0,0.0010796813294291496,0.2,8
1833,1.0,1.0,1.0,1.0,0.0009962590411305428,0.13333333333333333,3
1834,1.0,1.0,1.0,1.0,0.001142985187470913,0.3333333333333333,0
1835,1.0,1.0,1.0,1.0,0.0011833487078547478,0.06666666666666667,2
1836,1.0,1.0,1.0,1.0,0.001163373701274395,0.2,2
1837,0.9333333333333333,0.9333333333333333,0.953514740124162,0.977505045987479,0.000988244079053402,0.3333333333333333,5
1838,1.0,1.0,1.0,1.0,0.0010018814355134964,0.5333333333333333,9
1839,1.0,1.0,1.0,1.0,0.001295807771384716,0.4,9
1840,1.0,1.0,1.0,1.0,0.0012050243094563484,0.26666666666666666,7
1841,1.0,1.0,1.0,1.0,0.001240842044353485,0.3333333333333333,2
1842,0.8666666666666667,0.8666666666666667,0.949094212323187,0.9764030324244308,0.0010224534198641777,0.26666666666666666,8
1843,1.0,1.0,1.0,1.0,0.0013030050322413445,0.13333333333333333,9
1844,1.0,1.0,1.0,1.0,0.0006566932424902916,0.06666666666666667,4
1845,1.0,1.0,1.0,1.0,0.0008955588564276695,0.06666666666666667,9
1846,1.0,1.0,1.0,1.0,0.001129351556301117,0.3333333333333333,6
1847,1.0,1.0,1.0,1.0,0.0010321540758013725,0.13333333333333333,9
1848,1.0,1.0,1.0,1.0,0.0011022891849279404,0.2,0
1849,1.0,1.0,1.0,1.0,0.0010915370658040047,0.4,8
1850,1.0,1.0,1.0,1.0,0.0011460473760962486,0.2,2
1851,1.0,1.0,1.0,1.0,0.0010180333629250526,0.2,1
1852,1.0,1.0,1.0,1.0,0.0010681059211492538,0.06666666666666667,7
1853,1.0,1.0,1.0,1.0,0.0011156052350997925,0.3333333333333333,8
1854,1.0,1.0,1.0,1.0,0.0013798121362924576,0.3333333333333333,0
1855,1.0,1.0,1.0,1.0,0.000983462668955326,0.3333333333333333,7
1856,1.0,1.0,1.0,1.0,0.0010691946372389793,0.6666666666666666,1
1857,1.0,1.0,1.0,1.0,0.0011714845895767212,0.13333333333333333,0
1858,1.0,1.0,1.0,1.0,0.0011857608333230019,0.06666666666666667,6
1859,1.0,1.0,1.0,1.0,0.0009675165638327599,0.3333333333333333,1
1860,1.0,1.0,1.0,1.0,0.0010746773332357407,0.4,9
1861,1.0,1.0,1.0,1.0,0.0011605387553572655,0.4,1
1862,1.0,1.0,1.0,1.0,0.001176556572318077,0.13333333333333333,3
1863,1.0,1.0,1.0,1.0,0.0009344564750790596,0.06666666666666667,6
1864,1.0,1.0,1.0,1.0,0.0011198725551366806,0.3333333333333333,7
1865,1.0,1.0,1.0,1.0,0.0008366061374545097,0.4,3
1866,1.0,1.0,1.0,1.0,0.0010328581556677818,0.2,8
1867,0.13333333333333333,0.13333333333333333,0.31610226851122825,0.548259506123842,0.0009798211976885796,0.06666666666666667,7
1868,1.0,1.0,1.0,1.0,0.0015421034768223763,0.6,7
1869,1.0,1.0,1.0,1.0,0.0010775886476039886,0.06666666666666667,3
1870,1.0,1.0,1.0,1.0,0.0009527439251542091,0.4666666666666667,4
1871,1.0,1.0,1.0,1.0,0.0010326243937015533,0.26666666666666666,1
1872,1.0,1.0,1.0,1.0,0.0011638374999165535,0.26666666666666666,2
1873,1.0,1.0,1.0,1.0,0.0012217694893479347,0.6,3
1874,1.0,1.0,1.0,1.0,0.001195681281387806,0.3333333333333333,7
1875,0.9333333333333333,0.9333333333333333,0.9736530402363607,0.9878855692048432,0.0010640481486916542,0.4666666666666667,8
1876,0.9333333333333333,0.9333333333333333,0.9750921277131146,0.9888037080486141,0.0009948424994945526,0.0,8
1877,1.0,1.0,1.0,1.0,0.001037396490573883,0.4,3
1878,1.0,1.0,1.0,1.0,0.0011139791458845139,0.13333333333333333,6
1879,1.0,1.0,1.0,1.0,0.0011806134134531021,0.26666666666666666,4
1880,1.0,1.0,1.0,1.0,0.0008729379624128342,0.26666666666666666,5
1881,1.0,1.0,1.0,1.0,0.001048787496984005,0.4,8
1882,1.0,1.0,1.0,1.0,0.0011574383825063705,0.4666666666666667,9
1883,1.0,1.0,1.0,1.0,0.0011932821944355965,0.4666666666666667,9
1884,1.0,1.0,1.0,1.0,0.0009859586134552956,0.4,4
1885,1.0,1.0,1.0,1.0,0.0009664082899689674,0.26666666666666666,0
1886,1.0,1.0,1.0,1.0,0.0010759001597762108,0.5333333333333333,3
1887,1.0,1.0,1.0,1.0,0.0011408207938075066,0.13333333333333333,9
1888,1.0,1.0,1.0,1.0,0.0011792071163654327,0.26666666666666666,0
1889,1.0,1.0,1.0,1.0,0.0009298892691731453,0.4,9
1890,1.0,1.0,1.0,1.0,0.0011816136538982391,0.5333333333333333,7
1891,1.0,1.0,1.0,1.0,0.0011684102937579155,0.06666666666666667,4
1892,1.0,1.0,1.0,1.0,0.0009039426222443581,0.5333333333333333,9
1893,1.0,1.0,1.0,1.0,0.0009154267609119415,0.3333333333333333,6
1894,1.0,1.0,1.0,1.0,0.0012978743761777878,0.06666666666666667,3
1895,1.0,1.0,1.0,1.0,0.0013213204219937325,0.3333333333333333,0
1896,1.0,1.0,1.0,1.0,0.001081918366253376,0.3333333333333333,0
1897,1.0,1.0,1.0,1.0,0.001092555932700634,0.0,3
1898,1.0,1.0,1.0,1.0,0.0007190247997641563,0.26666666666666666,5
1899,0.9333333333333333,0.9333333333333333,0.9582462388933546,0.9803372397612807,0.0009333193302154541,0.3333333333333333,8
1900,1.0,1.0,1.0,1.0,0.001043795607984066,0.26666666666666666,6
1901,0.8,0.8,0.8653557625553749,0.9322365385715479,0.0010055415332317352,0.26666666666666666,8
1902,1.0,1.0,1.0,1.0,0.0010483954101800919,0.4666666666666667,1
1903,1.0,1.0,1.0,1.0,0.0010363981127738953,0.2,3
1904,1.0,1.0,1.0,1.0,0.0013099974021315575,0.2,3
1905,1.0,1.0,1.0,1.0,0.0010938802734017372,0.06666666666666667,1
1906,0.9333333333333333,0.9333333333333333,0.9215476427420691,0.9558395377418334,0.0011120829731225967,0.06666666666666667,8
1907,1.0,1.0,1.0,1.0,0.0011540483683347702,0.5333333333333333,7
1908,1.0,1.0,1.0,1.0,0.0012016287073493004,0.4,3
1909,1.0,1.0,1.0,1.0,0.0011510606855154037,0.2,5
1910,1.0,1.0,1.0,1.0,0.0013062283396720886,0.2,5
1911,1.0,1.0,1.0,1.0,0.0010412903502583504,0.06666666666666667,0
1912,0.9333333333333333,0.9333333333333333,0.9679715648335856,0.9854304023754568,0.0010937191545963287,0.4,5
1913,1.0,1.0,1.0,1.0,0.0011277319863438606,0.13333333333333333,3
1914,0.9333333333333333,0.9333333333333333,0.9719043752588526,0.9878035618328888,0.0013336846604943275,0.0,2
1915,1.0,1.0,1.0,1.0,0.0010277796536684036,0.06666666666666667,0
1916,1.0,1.0,1.0,1.0,0.0010965671390295029,0.4,6
1917,0.7333333333333333,0.7333333333333333,0.8428472570887403,0.9263024556913837,0.0011093607172369957,0.06666666666666667,5
1918,1.0,1.0,1.0,1.0,0.0012701423838734627,0.3333333333333333,0
1919,1.0,1.0,1.0,1.0,0.001105806790292263,0.2,1
1920,1.0,1.0,1.0,1.0,0.000920378603041172,0.26666666666666666,7
1921,1.0,1.0,1.0,1.0,0.0011322535574436188,0.13333333333333333,2
1922,1.0,1.0,1.0,1.0,0.0008768122643232346,0.0,2
1923,1.0,1.0,1.0,1.0,0.0013058437034487724,0.2,6
1924,1.0,1.0,1.0,1.0,0.0008191773667931557,0.26666666666666666,0
1925,1.0,1.0,1.0,1.0,0.0012402413412928581,0.2,8
1926,1.0,1.0,1.0,1.0,0.0010466231033205986,0.7333333333333333,5
1927,1.0,1.0,1.0,1.0,0.0010334691032767296,0.4,9
1928,1.0,1.0,1.0,1.0,0.0012341607362031937,0.26666666666666666,2
1929,1.0,1.0,1.0,1.0,0.0011631622910499573,0.4,6
1930,1.0,1.0,1.0,1.0,0.0010619647800922394,0.3333333333333333,1
1931,1.0,1.0,1.0,1.0,0.0012306040152907372,0.6,9
1932,0.8,0.8,0.8796339145661797,0.9418679199568202,0.0008077993988990784,0.3333333333333333,7
1933,0.9333333333333333,0.9333333333333333,0.9780202741359779,0.9906294826925625,0.0011210562661290169,0.13333333333333333,7
1934,1.0,1.0,1.0,1.0,0.001166834495961666,0.0,9
1935,1.0,1.0,1.0,1.0,0.001164776273071766,0.3333333333333333,2
1936,1.0,1.0,1.0,1.0,0.0008690869435667992,0.3333333333333333,4
1937,1.0,1.0,1.0,1.0,0.0010459506884217262,0.26666666666666666,8
1938,1.0,1.0,1.0,1.0,0.001149541698396206,0.13333333333333333,2
1939,1.0,1.0,1.0,1.0,0.001177462749183178,0.26666666666666666,4
1940,0.9333333333333333,0.9333333333333333,0.9720828980904692,0.9879735869983912,0.001216021366417408,0.4,4
1941,1.0,1.0,1.0,1.0,0.0011905701830983162,0.26666666666666666,0
1942,0.7333333333333333,0.7333333333333333,0.92230535364078,0.9646963907909414,0.0007726829499006271,0.0,9
1943,1.0,1.0,1.0,1.0,0.0010428419336676598,0.26666666666666666,6
1944,1.0,1.0,1.0,1.0,0.0011123083531856537,0.4,5
1945,1.0,1.0,1.0,1.0,0.0012462306767702103,0.13333333333333333,2
1946,1.0,1.0,1.0,1.0,0.001330612227320671,0.2,4
1947,0.9333333333333333,0.9333333333333333,0.9782991546271951,0.9901381865989136,0.001282472163438797,0.2,9
1948,1.0,1.0,1.0,1.0,0.0013046106323599815,0.2,5
1949,1.0,1.0,1.0,1.0,0.0011845305562019348,0.13333333333333333,0
1950,1.0,1.0,1.0,1.0,0.0011698193848133087,0.2,7
1951,1.0,1.0,1.0,1.0,0.000972772017121315,0.4,0
1952,1.0,1.0,1.0,1.0,0.000718219205737114,0.3333333333333333,5
1953,1.0,1.0,1.0,1.0,0.0012534288689494133,0.2,5
1954,0.9333333333333333,0.9333333333333333,0.9673555266828519,0.9853912535027606,0.001118105836212635,0.26666666666666666,7
1955,1.0,1.0,1.0,1.0,0.0011211177334189415,0.3333333333333333,8
1956,0.4666666666666667,0.4666666666666667,0.4073628807777098,0.4312739151630916,0.0013283099979162216,0.3333333333333333,4
1957,0.8666666666666667,0.8666666666666667,0.8991878647152084,0.9482179609687009,0.001323385164141655,0.13333333333333333,8
1958,1.0,1.0,1.0,1.0,0.0012036003172397614,0.13333333333333333,8
1959,1.0,1.0,1.0,1.0,0.0010914094746112823,0.2,2
1960,0.9333333333333333,0.9333333333333333,0.9737589815530143,0.9881268344528854,0.0011864472180604935,0.2,4
1961,1.0,1.0,1.0,1.0,0.0010486366227269173,0.7333333333333333,1
1962,1.0,1.0,1.0,1.0,0.0011209025979042053,0.4,3
1963,1.0,1.0,1.0,1.0,0.0012133987620472908,0.2,0
1964,1.0,1.0,1.0,1.0,0.0010737357661128044,0.06666666666666667,5
1965,1.0,1.0,1.0,1.0,0.0011782441288232803,0.5333333333333333,4
1966,0.8666666666666667,0.8666666666666667,0.9517123003719237,0.9780896245008539,0.0010985489934682846,0.26666666666666666,7
1967,1.0,1.0,1.0,1.0,0.0012423442676663399,0.4,3
1968,1.0,1.0,1.0,1.0,0.0011068396270275116,0.26666666666666666,7
1969,1.0,1.0,1.0,1.0,0.0008938275277614594,0.2,9
1970,1.0,1.0,1.0,1.0,0.0010772328823804855,0.4666666666666667,6
1971,0.9333333333333333,0.9333333333333333,0.9695087214659491,0.9859070408388994,0.0012861145660281181,0.26666666666666666,1
1972,1.0,1.0,1.0,1.0,0.001217542216181755,0.3333333333333333,8
1973,1.0,1.0,1.0,1.0,0.000910821370780468,0.26666666666666666,2
1974,1.0,1.0,1.0,1.0,0.0007307380437850952,0.3333333333333333,2
1975,1.0,1.0,1.0,1.0,0.0006322618573904037,0.4,7
1976,1.0,1.0,1.0,1.0,0.0010632239282131195,0.4,1
1977,1.0,1.0,1.0,1.0,0.0010185213759541512,0.4,7
1978,1.0,1.0,1.0,1.0,0.0011775754392147064,0.3333333333333333,8
1979,1.0,1.0,1.0,1.0,0.001084042713046074,0.3333333333333333,7
1980,1.0,1.0,1.0,1.0,0.0012235408648848534,0.4666666666666667,4
1981,1.0,1.0,1.0,1.0,0.0009689806029200554,0.06666666666666667,0
1982,1.0,1.0,1.0,1.0,0.0009175213053822517,0.13333333333333333,5
1983,1.0,1.0,1.0,1.0,0.001067248173058033,0.4666666666666667,6
1984,1.0,1.0,1.0,1.0,0.001200040802359581,0.13333333333333333,9
1985,0.9333333333333333,0.9333333333333333,0.9647328138310654,0.9839017059864479,0.0011864854022860527,0.26666666666666666,5
1986,1.0,1.0,1.0,1.0,0.001152203418314457,0.26666666666666666,9
1987,0.8666666666666667,0.8666666666666667,0.9373552396326841,0.9716905061691771,0.0012550214305520058,0.3333333333333333,2
1988,1.0,1.0,1.0,1.0,0.0012156851589679718,0.5333333333333333,6
1989,1.0,1.0,1.0,1.0,0.0009286031126976013,0.13333333333333333,8
1990,0.9333333333333333,0.9333333333333333,0.9851098800208876,0.9936277806221918,0.0012060776352882385,0.0,3
1991,1.0,1.0,1.0,1.0,0.0010608667507767677,0.3333333333333333,4
1992,1.0,1.0,1.0,1.0,0.0011433064937591553,0.3333333333333333,2
1993,0.8666666666666667,0.8666666666666667,0.9583788239446073,0.9817821923629894,0.0009717345237731934,0.3333333333333333,5
1994,1.0,1.0,1.0,1.0,0.001059788279235363,0.7333333333333333,1
1995,1.0,1.0,1.0,1.0,0.0011140890419483185,0.0,6
1996,1.0,1.0,1.0,1.0,0.0011526970192790031,0.4,4
1997,1.0,1.0,1.0,1.0,0.0011782161891460419,0.2,1
1998,1.0,1.0,1.0,1.0,0.0010569877922534943,0.3333333333333333,5
1999,1.0,1.0,1.0,1.0,0.0012296782806515694,0.0,7
