method,query_index,recall_at_5,recall_at_10,recall_at_15,recall_at_30,ndcg,fuzzy_weighted_mse,fuzzy_weighted_bce,local_displacement,repulsion_accumulation_score,periphery_percentile,label
ours_full,0,1.0,0.8,0.8,0.7,0.778262096507974,0.013441299631920308,0.05900958515994505,0.037729258514726575,0.025535225868225098,20.37037037037037,10
ours_full,1,0.8,0.8,1.0,0.8666666666666667,0.9105497664576809,0.010318503409393848,0.08448662546192305,0.17882274012255803,0.07720223814249039,46.2962962962963,10
ours_full,2,0.6,0.9,1.0,0.7666666666666667,0.8408680982465206,0.003896422965184799,0.0470951197941044,0.11199775129902127,0.19929566979408264,61.111111111111114,10
ours_full,3,0.6,0.9,1.0,0.8,0.8604528644340792,0.0049093937752203096,0.05366025739861279,0.14592680633236718,0.2118595838546753,59.25925925925925,10
ours_full,4,0.6,0.9,0.9333333333333333,0.8333333333333334,0.8848677765439246,0.03640173447959764,0.17474009889850775,0.15856374252587788,0.25253918766975403,29.629629629629626,10
ours_full,5,0.4,0.8,0.8666666666666667,0.8,0.8546693777287842,0.043589687992762874,0.17499461184771556,0.2295463656708358,0.2776351869106293,12.962962962962962,10
ours_full,6,0.8,0.9,0.8666666666666667,0.5333333333333333,0.6650299968256701,0.02746393231250764,0.14383490525901443,0.11257310649243675,0.2459091693162918,90.74074074074075,10
ours_full,7,0.8,0.9,0.8,0.4,0.5558800838969039,0.048710101584029504,0.2431540293231974,0.1589781902079727,0.45485740900039673,96.29629629629629,10
ours_full,8,0.8,0.9,0.8666666666666667,0.6666666666666666,0.7632993469909252,0.01859034781640489,0.08302552185443657,0.10561684835315845,0.2770951986312866,22.22222222222222,10
ours_full,9,0.6,1.0,0.8,0.4,0.5558800838969039,0.04337303956839276,0.20759911274717247,0.14251659053496138,0.4158773422241211,92.5925925925926,10
ours_full,10,0.4,0.6,0.4666666666666667,0.5666666666666667,0.6422696319758959,0.1641986981841121,0.48257195806381675,0.3767784712589635,0.2676353454589844,0.0,10
ours_full,11,0.4,0.9,1.0,0.8333333333333334,0.8860322555906873,0.010075430669853277,0.08585705003508667,0.11749956396038401,0.1776033490896225,50.0,10
ours_full,12,0.6,0.9,0.9333333333333333,0.7666666666666667,0.8408680982465206,0.002775345042704037,0.03555056398693095,0.13270572443546202,0.10872814059257507,68.51851851851852,10
ours_full,13,0.4,0.9,0.8666666666666667,0.8,0.8624285860765342,0.005633255570827715,0.05812533461513431,0.12687895607770913,0.28496915102005005,57.407407407407405,10
ours_full,14,0.6,0.9,0.8666666666666667,0.8666666666666667,0.9060893881865321,0.03743110587603153,0.18169700108169812,0.1803990390956407,0.09808928519487381,16.666666666666664,10
ours_full,15,0.8,0.8,0.9333333333333333,0.7,0.7842947899633219,0.023499940991087355,0.1162743947143761,0.12121749556842873,0.21466964483261108,0.0,10
ours_full,16,0.8,0.9,0.8666666666666667,0.7,0.7815803676349545,0.015582775574324366,0.09844106738338701,0.026349008744660406,0.1091483011841774,9.25925925925926,10
ours_full,17,0.6,0.8,0.8666666666666667,0.7333333333333333,0.8063837049470918,0.039050313265155054,0.15229773372479055,0.2760923956044681,0.12263176590204239,20.37037037037037,10
ours_full,18,0.6,0.7,0.8666666666666667,0.9666666666666667,0.9767784564059682,0.01444758366134183,0.09331241796289201,0.2887625435795116,0.1176091879606247,35.18518518518518,11
ours_full,19,0.8,0.7,0.8666666666666667,0.8666666666666667,0.9105497664576809,0.047485380854251094,0.18228862397906498,0.19835348667974703,0.24380046129226685,1.8518518518518516,11
ours_full,20,0.8,0.9,0.6666666666666666,0.4,0.5558800838969039,0.10491365474901676,0.41551083397281346,0.26990117973948685,0.2603731155395508,88.88888888888889,11
ours_full,21,0.6,0.7,0.6666666666666666,0.4,0.5454622008450868,0.08750503734551253,0.36885880335207843,0.150777463011997,0.2931795120239258,88.88888888888889,11
ours_full,22,1.0,1.0,0.9333333333333333,0.6,0.7179098443622273,0.02311396886548138,0.12315752600064073,0.14017478980325795,0.27506473660469055,74.07407407407408,11
ours_full,23,0.8,1.0,0.9333333333333333,0.9,0.9285595687588636,0.027169713648853563,0.14486491836060988,0.21999941580169535,0.3567703664302826,46.2962962962963,11
ours_full,24,0.6,1.0,0.9333333333333333,0.9333333333333333,0.9537904129451286,0.015052834676780874,0.10294542148107412,0.2172837093770951,0.3168739378452301,29.629629629629626,11
ours_full,25,0.6,0.8,0.8666666666666667,0.9,0.9314805852101772,0.014730037931533,0.09886944240487687,0.18814510971260887,0.07342714816331863,29.629629629629626,11
ours_full,26,0.6,0.9,0.8666666666666667,0.9666666666666667,0.9772949017504176,0.005768282259099764,0.05257797585361029,0.40001285467842956,0.4926539957523346,53.70370370370371,11
ours_full,27,0.8,0.9,0.8,0.9666666666666667,0.9777554718820064,0.006016615532520085,0.047891422280075674,0.4210280471431611,0.34623098373413086,50.0,11
ours_full,28,0.6,1.0,0.8666666666666667,0.9333333333333333,0.955262778074356,0.014480267704247034,0.10477234354987153,0.21314273515288332,0.3923020660877228,25.925925925925924,11
ours_full,29,0.8,0.9,0.8666666666666667,0.7333333333333333,0.8040372533325849,0.049843097157097734,0.22112453591581202,0.08688501872829575,0.07950194925069809,5.555555555555555,11
ours_full,30,0.8,0.9,0.6666666666666666,0.3333333333333333,0.4948313437077516,0.10675893864368802,0.40108909623142347,0.27660647265622357,0.18697305023670197,96.29629629629629,11
ours_full,31,1.0,1.0,0.8,0.43333333333333335,0.5803070460934492,0.09182573146054977,0.3895661659209685,0.2057948841134592,0.2056831419467926,87.03703703703704,11
ours_full,32,0.8,0.9,0.9333333333333333,0.6666666666666666,0.7659838292661014,0.025841218393866904,0.11947232513592321,0.18170344293140578,0.38333120942115784,74.07407407407408,11
ours_full,33,0.8,0.9,0.8666666666666667,0.8333333333333334,0.8811174964175819,0.021581405914337583,0.12794410555148736,0.2092132824146863,0.437817245721817,46.2962962962963,11
ours_full,34,0.8,0.9,0.9333333333333333,0.9,0.9299840097719808,0.01514868164017483,0.10214310663090359,0.2171899824662257,0.32257771492004395,29.629629629629626,11
ours_full,35,0.8,1.0,0.9333333333333333,0.9,0.9323071422625164,0.00894282464753295,0.07164248734813859,0.17840307527989727,0.4323725700378418,35.18518518518518,11
ours_full,36,0.4,0.8,0.9333333333333333,0.9333333333333333,0.9548264182517361,0.006782733820253994,0.05231784493060883,0.5209833741984164,0.2692039906978607,87.03703703703704,12
ours_full,37,0.6,0.9,0.8,0.8333333333333334,0.884956059405785,0.018003428750386304,0.08918627198027075,0.22284961615874765,0.3588598370552063,31.48148148148148,12
ours_full,38,0.8,0.8,0.8,0.8333333333333334,0.8866171151698032,0.015286193011593098,0.07746806739045971,0.18309989166321042,0.3247295022010803,25.925925925925924,12
ours_full,39,1.0,0.9,0.8,0.7333333333333333,0.8131391427515215,0.01111030337782395,0.06685218800649632,0.08733527318839544,0.32732436060905457,20.37037037037037,12
ours_full,40,0.6,1.0,0.9333333333333333,0.7,0.7872129653731906,0.015720111316245,0.09054065337518839,0.11811034148828777,0.25380221009254456,7.4074074074074066,12
ours_full,41,1.0,0.9,0.8,0.7666666666666667,0.8100308339175688,0.03867840828371903,0.1718171265470173,0.13385789235200354,0.2905218005180359,12.962962962962962,12
ours_full,42,0.6,0.8,0.6666666666666666,0.7333333333333333,0.8122352187621281,0.0358581626362007,0.14079106043108355,0.18913516157207697,0.27112773060798645,46.2962962962963,12
ours_full,43,0.8,0.7,0.7333333333333333,0.7333333333333333,0.8137092809650057,0.012011310871591314,0.05046113754795557,0.1466766238745826,0.2271157205104828,53.70370370370371,12
ours_full,44,0.6,0.7,0.7333333333333333,1.0,1.0,0.014216513217903586,0.06957499788097399,0.5122250861058875,0.4966132938861847,87.03703703703704,12
ours_full,45,1.0,0.8,0.9333333333333333,0.7333333333333333,0.8108314392939058,0.0009882630531611242,0.01904113702056839,0.3344346456185033,0.19197514653205872,68.51851851851852,12
ours_full,46,0.4,0.8,0.9333333333333333,0.8333333333333334,0.8808783309493612,0.0007859797023392338,0.01606914230645172,0.4995451728637058,0.5465013980865479,81.48148148148148,12
ours_full,47,0.6,0.9,0.9333333333333333,0.8333333333333334,0.8808783309493612,0.0013713491893302834,0.022411777999145458,0.4948383246177153,0.4835425913333893,79.62962962962963,12
ours_full,48,0.8,0.9,0.9333333333333333,0.8333333333333334,0.8824859720506245,0.00246454114046647,0.03227017735592701,0.3699416432264837,0.6810435652732849,62.96296296296296,12
ours_full,49,1.0,1.0,0.9333333333333333,0.9333333333333333,0.954339265938578,0.01620797649210241,0.1002579670145247,0.2834759422636175,0.4163926839828491,40.74074074074074,12
ours_full,50,1.0,0.9,0.8666666666666667,0.8333333333333334,0.8849881173936083,0.022667891446071856,0.10561204111980962,0.2620271572839016,0.5930384397506714,25.925925925925924,12
ours_full,51,0.6,0.5,0.4,0.5666666666666667,0.6552118762423693,0.2327394779471202,0.6200558773752178,0.5210373181296465,0.3011139929294586,12.962962962962962,12
ours_full,52,0.8,0.8,0.9333333333333333,0.8666666666666667,0.9075155262732993,0.008226449196759947,0.04560214063390442,0.5083146848927088,0.8840184211730957,100.0,12
ours_full,53,0.6,0.5,0.6666666666666666,0.9666666666666667,0.9777554718820064,0.014481009573905041,0.08781686120661353,0.25517668299257695,0.34391117095947266,51.85185185185185,12
ours_full,54,1.0,1.0,0.8666666666666667,0.7,0.783015786073895,0.04571648434373333,0.1855419989819124,0.149076193496109,0.4296187460422516,98.14814814814815,13
ours_full,55,0.8,0.8,0.7333333333333333,0.9,0.9230001321023782,0.022872387937873762,0.12520606266464293,0.6341556630608537,0.639561653137207,44.44444444444444,13
ours_full,56,0.8,0.9,0.8666666666666667,0.9,0.9286239538209231,0.010873114049328668,0.09481805411971736,0.8166087028529028,0.7168040871620178,29.629629629629626,13
ours_full,57,0.6,0.9,0.9333333333333333,0.9,0.9332548647072635,0.0047354056899838876,0.05610588563579759,0.7082207754434457,0.7318671345710754,12.962962962962962,13
ours_full,58,0.4,0.8,0.8,0.9666666666666667,0.9772949017504176,0.004442306604699422,0.0499704965909608,0.4233997712069538,0.3741615414619446,12.962962962962962,13
ours_full,59,1.0,0.9,0.8666666666666667,0.8,0.8505743150045305,0.021320075360171165,0.12183119915516617,0.34902469859597046,0.5116355419158936,44.44444444444444,13
ours_full,60,1.0,0.8,0.8,0.8333333333333334,0.8779262680206201,0.025363573201450662,0.10336384802808982,0.4201465791862642,0.6945896744728088,88.88888888888889,13
ours_full,61,1.0,1.0,0.8666666666666667,0.8333333333333334,0.884158795384737,0.013172293321712719,0.06260970464106896,0.37912020892199577,0.822087287902832,98.14814814814815,13
ours_full,62,1.0,0.9,0.7333333333333333,0.7,0.7755217967152047,0.056939039025745104,0.2622121637904719,0.14173572993521447,0.3568822145462036,77.77777777777779,13
ours_full,63,0.6,0.8,1.0,0.8666666666666667,0.9087783225915025,0.016099971967113096,0.08300609367494105,0.36443496681579196,0.637033224105835,88.88888888888889,13
ours_full,64,0.8,0.7,0.8,0.8333333333333334,0.8851909126334763,0.032873287185943977,0.1567452245592959,0.28942000665595263,0.5361080765724182,55.55555555555556,13
ours_full,65,0.4,0.6,0.8,0.9333333333333333,0.9541614731507907,0.021874429568637353,0.1302081002589671,0.5937712765972655,0.5836831331253052,44.44444444444444,13
ours_full,66,0.4,0.7,0.8666666666666667,0.9666666666666667,0.9777554718820064,0.006821032793340047,0.07539296929139716,0.7657360950243559,0.5648327469825745,9.25925925925926,13
ours_full,67,0.6,0.6,0.8666666666666667,0.9333333333333333,0.9545339282879746,0.0020892302847622555,0.03355991541147331,0.36428298239481344,0.17881372570991516,3.7037037037037033,13
ours_full,68,0.8,0.7,0.8,0.9333333333333333,0.9540733581563857,0.0036685350028571435,0.04311709415694243,0.1395826586842024,0.3715156018733978,27.77777777777778,13
ours_full,69,1.0,0.7,0.6666666666666666,0.8666666666666667,0.9006086510407129,0.01940151625449421,0.11423047361658367,0.3552343810498183,0.4512767195701599,46.2962962962963,13
ours_full,70,0.6,0.9,0.8,0.8,0.8489635857490474,0.02241670670892525,0.10072137817813535,0.30996262587673906,0.33313047885894775,77.77777777777779,13
ours_full,71,1.0,0.8,0.7333333333333333,0.6,0.7090610296637552,0.07887858183178785,0.3437576190575875,0.24448726615409697,0.5965576171875,66.66666666666666,13
ours_full,72,0.4,0.8,0.9333333333333333,0.8333333333333334,0.8870776853013921,0.014297839865136762,0.10141110414178756,0.3096499740400318,0.40907996892929077,85.18518518518519,14
ours_full,73,0.4,0.9,0.9333333333333333,0.9333333333333333,0.9554993928252571,0.016992194821298174,0.11760485655817211,0.14744541739672407,0.06084125116467476,16.666666666666664,14
ours_full,74,0.4,0.7,0.8666666666666667,0.9333333333333333,0.9534913342081776,0.010890606156693143,0.07568226351840528,0.09288196369519379,0.24609486758708954,74.07407407407408,14
ours_full,75,0.6,0.8,0.9333333333333333,0.9,0.9319169450327971,0.02852607045468499,0.15243519999197486,0.2092707646411153,0.3389681875705719,40.74074074074074,14
ours_full,76,0.2,0.5,0.9333333333333333,0.9666666666666667,0.9775315165013186,0.013442034592953808,0.10545657970260106,0.29667761874710635,0.2068421095609665,44.44444444444444,14
ours_full,77,0.4,0.8,0.8666666666666667,1.0,1.0,0.016106192922843297,0.1020389009249574,0.29576081236934737,0.08470261842012405,31.48148148148148,14
ours_full,78,0.4,0.8,0.8,0.9,0.9290985273386317,0.06930998235350469,0.28544656112945177,0.15153254742473032,0.2535805106163025,12.962962962962962,14
ours_full,79,0.2,0.8,0.8,0.8666666666666667,0.9098386587638351,0.013579870491570126,0.09848220338174696,0.24791059364661194,0.3575299382209778,85.18518518518519,14
ours_full,80,0.4,0.7,0.8,0.9,0.9283082752247858,0.05061464976856633,0.20209636039897594,0.2645913924573516,0.2917732000350952,38.88888888888889,14
ours_full,81,0.6,0.8,0.8,0.9,0.9319169450327971,0.05292651008346762,0.21653637737963438,0.22038004922054047,0.2811264097690582,29.629629629629626,14
ours_full,82,0.2,0.7,0.9333333333333333,1.0,1.0,0.013673504067145369,0.09922629332703235,0.3710818477123999,0.4282720983028412,64.81481481481481,14
ours_full,83,0.4,0.8,0.9333333333333333,0.9666666666666667,0.9775315165013186,0.01800717280306164,0.11134680467164074,0.20605494509141078,0.11340945959091187,31.48148148148148,14
ours_full,84,0.4,0.8,0.8666666666666667,0.9333333333333333,0.9554993928252571,0.015896285504493176,0.10496730550914937,0.22896103223454006,0.4159102737903595,64.81481481481481,14
ours_full,85,0.6,0.8,0.9333333333333333,0.9,0.9320947378205844,0.040691205489563,0.18654529325498234,0.2846946844672908,0.2608010470867157,55.55555555555556,14
ours_full,86,0.0,0.7,0.8,0.9666666666666667,0.9779678763239384,0.023234840971040067,0.1320039775717069,0.30964013800231177,0.1350594311952591,51.85185185185185,14
ours_full,87,0.2,0.8,0.8666666666666667,1.0,1.0,0.013611784520658404,0.1005134238240094,0.26104317256448606,0.13133326172828674,38.88888888888889,14
ours_full,88,0.6,0.8,0.8666666666666667,0.7333333333333333,0.8170616950733729,0.07076613158515249,0.2733636135811128,0.22439218037785572,0.11506369709968567,0.0,14
ours_full,89,0.2,0.6,0.8666666666666667,1.0,1.0,0.02294740800182669,0.12962374308082858,0.4015650593861427,0.37423571944236755,64.81481481481481,14
ours_full,90,0.6,0.9,0.8666666666666667,0.6333333333333333,0.7322991367792333,0.010222190253639055,0.07427316556167432,0.1685960519677475,0.12947987020015717,66.66666666666666,15
ours_full,91,0.8,0.9,0.9333333333333333,0.9333333333333333,0.9547998360701668,0.03676056738262205,0.15288989424382518,0.03217661239313254,0.045854490250349045,3.7037037037037033,15
ours_full,92,1.0,0.9,0.9333333333333333,0.9666666666666667,0.9779678763239384,0.021577106846533203,0.09544084499475308,0.12940217360712591,0.24283646047115326,9.25925925925926,15
ours_full,93,0.8,1.0,1.0,0.8333333333333334,0.8870776853013921,0.027049558959301324,0.11074606796596848,0.11359879639690339,0.2770721912384033,16.666666666666664,15
ours_full,94,0.8,0.7,1.0,0.8333333333333334,0.8864047107278712,0.0431043102188367,0.19083111624651083,0.13046293979163567,0.2713736593723297,37.03703703703704,15
ours_full,95,0.8,0.9,0.8666666666666667,0.8666666666666667,0.9082590416161453,0.026179301918216387,0.12975391723164978,0.17419768237507824,0.34051892161369324,72.22222222222221,15
ours_full,96,0.8,0.9,0.9333333333333333,0.8333333333333334,0.8844847671051966,0.006613766574385159,0.06000521621720045,0.08998195252005982,0.4610234797000885,94.44444444444444,15
ours_full,97,0.6,0.9,1.0,0.9333333333333333,0.9540733581563857,0.013268153822236672,0.07159376431090285,0.2157585416739557,0.237435981631279,90.74074074074075,15
ours_full,98,0.8,0.9,0.9333333333333333,0.7666666666666667,0.8312655700040152,0.01258359772110103,0.08156555049294459,0.20667941580911817,0.2522333562374115,48.148148148148145,15
ours_full,99,0.6,0.9,0.9333333333333333,0.8666666666666667,0.9097503759019745,0.01996222923518913,0.11435099561344722,0.34733858549963714,0.06733225286006927,72.22222222222221,15
ours_full,100,1.0,0.9,0.8666666666666667,0.9333333333333333,0.9557233482059448,0.01028969512458798,0.06591719167142578,0.07063653784669605,0.07462326437234879,42.592592592592595,15
ours_full,101,0.8,0.8,1.0,0.9333333333333333,0.9554993928252571,0.014045927238954446,0.0734642720233891,0.21140872129215418,0.20908576250076294,31.48148148148148,15
ours_full,102,0.8,0.9,1.0,0.8333333333333334,0.8864928257222762,0.03411835865016366,0.13087828289616937,0.0936887081866449,0.25245431065559387,11.11111111111111,15
ours_full,103,0.4,0.8,0.8666666666666667,0.9333333333333333,0.9531173349537116,0.07046280196994739,0.2702467580205373,0.17935112588017527,0.10613740235567093,0.0,15
ours_full,104,0.6,0.9,0.9333333333333333,0.7333333333333333,0.812472817453513,0.01827146389130155,0.12401616171210872,0.18736345947668853,0.4402462840080261,42.592592592592595,15
ours_full,105,0.8,0.8,0.8666666666666667,0.6333333333333333,0.738823329527859,0.011916325094489165,0.08606441855098994,0.25362046932390414,0.17580202221870422,66.66666666666666,15
ours_full,106,0.6,0.9,0.8666666666666667,0.6,0.7026483241746951,0.0072527669370455496,0.05275447225678728,0.14598241296753267,0.06889598816633224,72.22222222222221,15
ours_full,107,0.6,1.0,0.8666666666666667,0.8333333333333334,0.8801170531513267,0.02083094253399203,0.11620463696609763,0.09158491693822321,0.32277771830558777,37.03703703703704,15
ours_full,108,1.0,0.6,0.6666666666666666,0.9,0.9167067316928541,0.009745103194407911,0.0778603200535486,0.4302123887364091,0.6727792620658875,66.66666666666666,16
ours_full,109,0.6,0.8,0.8666666666666667,0.7666666666666667,0.8310215783344637,0.0019387614435688104,0.025269067558242972,0.1514969259744155,0.35640496015548706,50.0,16
ours_full,110,0.2,0.9,0.9333333333333333,0.7333333333333333,0.8042472706898627,0.0013188477181302646,0.022213245922546497,0.46379646289005266,0.2932993173599243,35.18518518518518,16
ours_full,111,0.4,0.9,0.8,0.6,0.7081149259171098,0.01185299049517977,0.0652333530441303,0.21804485999394663,0.3412768542766571,20.37037037037037,16
ours_full,112,0.8,0.7,0.8666666666666667,0.6333333333333333,0.7308607870708191,0.0035094425255701835,0.04515229314283862,0.5369346599791142,0.5020636916160583,20.37037037037037,16
ours_full,113,1.0,0.6,0.6666666666666666,0.7,0.744829494025462,0.014418554435920857,0.09839483849046562,0.1732825605304579,0.40598103404045105,3.7037037037037033,16
ours_full,114,0.6,0.5,0.4666666666666667,0.7333333333333333,0.7576156467553106,0.04899847623107185,0.19397157447884505,0.1440331941581758,0.22748121619224548,3.7037037037037033,16
ours_full,115,0.8,0.8,0.8666666666666667,0.8666666666666667,0.9093222134193858,0.005546137568990601,0.03529510257874101,0.01994411062283733,0.3513702154159546,81.48148148148148,16
ours_full,116,0.8,0.8,0.7333333333333333,0.8333333333333334,0.8837839970815561,0.00946706075078152,0.06304820975036415,0.609331881985432,0.8092281222343445,79.62962962962963,16
ours_full,117,0.4,1.0,0.9333333333333333,0.9,0.9325437570134175,0.000737426627529546,0.00990681749646277,0.1840855634663984,0.33720067143440247,83.33333333333334,16
ours_full,118,0.6,1.0,1.0,0.9333333333333333,0.9554993928252571,0.0010896021842489857,0.009838998277214739,0.19869437656409658,0.3389233946800232,83.33333333333334,16
ours_full,119,0.0,0.9,1.0,0.9333333333333333,0.9554993928252571,0.0010516934474009247,0.010770599832510948,0.2508074494274755,0.3086516857147217,83.33333333333334,16
ours_full,120,0.4,0.7,0.8666666666666667,0.9333333333333333,0.9554993928252571,0.013875865287201,0.061654904091171775,0.17084421468445266,0.3494172692298889,81.48148148148148,16
ours_full,121,1.0,0.6,0.5333333333333333,0.9,0.9330182499563624,0.037102512983791316,0.1665937954672804,0.12628106840712144,0.46958157420158386,48.148148148148145,16
ours_full,122,1.0,0.7,0.7333333333333333,0.8333333333333334,0.8739092769831773,0.025292336984577345,0.1093943597488837,0.13978323737022708,0.3993769884109497,20.37037037037037,16
ours_full,123,0.8,0.7,0.7333333333333333,0.7666666666666667,0.8152178363197016,0.027448239538184788,0.13794681632129882,0.23071958336318887,0.5138286352157593,5.555555555555555,16
ours_full,124,1.0,0.8,0.8666666666666667,0.8666666666666667,0.9100626141445228,0.009420026084190515,0.06982899825388676,0.3236503109539854,0.6018358469009399,25.925925925925924,16
ours_full,125,1.0,0.8,1.0,0.8,0.8560316032237388,0.0017591073060822927,0.03235842312684357,0.24737088244517502,0.5059055685997009,62.96296296296296,16
ours_full,126,0.8,1.0,1.0,0.6666666666666666,0.7609248433313626,0.007208387115856805,0.04125271420857811,0.2041450851577234,0.39961063861846924,74.07407407407408,17
ours_full,127,0.8,1.0,0.8,0.8333333333333334,0.8812807186430458,0.029628862211697027,0.1325871139531571,0.1823310868931743,0.3694911599159241,48.148148148148145,17
ours_full,128,0.8,0.9,0.8,0.8333333333333334,0.8785900583899463,0.013023968221020393,0.07382359001223623,0.16492043595314643,0.3732677698135376,48.148148148148145,17
ours_full,129,0.4,0.8,0.7333333333333333,0.7333333333333333,0.8075326798916805,0.018831637402806738,0.0903397962624021,0.17065099130720623,0.2588047683238983,40.74074074074074,17
ours_full,130,0.8,0.9,0.9333333333333333,0.8333333333333334,0.8860322555906873,0.0062615571387471414,0.04273626777003198,0.18382935305894688,0.40393394231796265,64.81481481481481,17
ours_full,131,0.8,0.9,0.7333333333333333,0.8666666666666667,0.9046290785763141,0.014570862970140213,0.058586660443624,0.1952231848460179,0.4273848235607147,64.81481481481481,17
ours_full,132,0.6,0.7,0.8,0.9,0.9297334722097237,0.061388618559781546,0.23250214543458528,0.2686047402506746,0.23489074409008026,27.77777777777778,17
ours_full,133,0.8,1.0,0.7333333333333333,0.6333333333333333,0.7387055045267958,0.01435791159591033,0.0438493947680284,0.1127480801967351,0.4302734136581421,94.44444444444444,17
ours_full,134,0.8,0.9,0.9333333333333333,0.8,0.8583656335612779,0.006729153898457008,0.04250058979627002,0.1647109872823355,0.09093374758958817,68.51851851851852,17
ours_full,135,0.8,0.7,0.8,0.9,0.9309934328970191,0.04636162430444799,0.21538497840923226,0.18065569431319473,0.10406072437763214,48.148148148148145,17
ours_full,136,0.6,0.8,0.7333333333333333,0.9333333333333333,0.9538383370612389,0.042990071985029035,0.17161863551578338,0.0884949067028529,0.03140180930495262,7.4074074074074066,17
ours_full,137,1.0,0.9,0.8666666666666667,0.9333333333333333,0.9538383370612389,0.019975825167836213,0.0929344424168792,0.050345020666497986,0.1992027461528778,5.555555555555555,17
ours_full,138,0.8,0.8,0.8666666666666667,0.8666666666666667,0.9077394816539871,0.020929311293515523,0.10777773960549367,0.07503247499077556,0.07846730947494507,0.0,17
ours_full,139,0.8,0.7,1.0,0.7666666666666667,0.8381217654389626,0.012989726429097353,0.09134352071181377,0.12481723980786762,0.24366874992847443,3.7037037037037033,17
ours_full,140,0.6,0.9,0.8666666666666667,0.7333333333333333,0.8083871727379562,0.012465883432056814,0.06311814575919462,0.36681820802735887,0.36818838119506836,22.22222222222222,17
ours_full,141,1.0,0.8,0.9333333333333333,0.8333333333333334,0.8755928781622817,0.00890003401439382,0.04910117572020999,0.28305560404772956,0.6321454644203186,27.77777777777778,17
ours_full,142,0.8,0.6,0.8,0.9333333333333333,0.9552869883833249,0.017858793118746996,0.10701976846434244,0.11238993387690115,0.15053261816501617,61.111111111111114,17
ours_full,143,1.0,0.8,0.9333333333333333,0.9333333333333333,0.9554993928252571,0.021708872009826727,0.12582240211671314,0.13533175264588027,0.32787033915519714,57.407407407407405,17
ours_full,144,0.8,0.8,0.9333333333333333,0.7,0.787404349540794,0.009832280634907837,0.04115957926904099,0.23688912213578758,0.5161004066467285,79.62962962962963,18
ours_full,145,0.4,0.5,0.6666666666666666,0.9333333333333333,0.9545339282879746,0.00778867748232546,0.07470378840014613,0.30639056196214565,0.5303363800048828,53.70370370370371,18
ours_full,146,0.8,0.7,0.8666666666666667,0.9,0.9280958707828536,0.004611486109554581,0.04062032092694515,0.4683034744992419,0.4930225908756256,77.77777777777779,18
ours_full,147,0.6,0.6,0.7333333333333333,0.9,0.9283580460387308,0.008742673216505011,0.06473524937278137,0.4567942144274851,0.5011217594146729,77.77777777777779,18
ours_full,148,0.2,0.5,0.8,0.9333333333333333,0.9526489171432685,0.016531054038758132,0.09361725549914261,0.5881589604235077,0.2795114517211914,55.55555555555556,18
ours_full,149,0.6,0.6,0.8,0.7666666666666667,0.8402832386674047,0.01268782481710494,0.07470946698947858,0.36424100337835685,0.22327768802642822,51.85185185185185,18
ours_full,150,0.8,1.0,0.8666666666666667,0.8666666666666667,0.9016063713456928,0.007501533117320665,0.03459566261235185,0.3865435602268058,0.8234433531761169,90.74074074074075,18
ours_full,151,0.8,0.8,0.8666666666666667,0.8666666666666667,0.9079995935806908,0.00956659699479638,0.04209093938016564,0.4154863156150283,0.8681051135063171,94.44444444444444,18
ours_full,152,0.6,0.9,0.9333333333333333,0.7,0.7878850038275794,0.0077183418258694415,0.04398640695585259,0.13962002652319297,0.1382976770401001,59.25925925925925,18
ours_full,153,0.6,0.8,0.9333333333333333,0.8,0.8598894789140034,0.0062972671742590955,0.040180795098091096,0.4280377990477325,0.342408686876297,64.81481481481481,18
ours_full,154,0.2,0.4,0.7333333333333333,0.9,0.9258638567850863,0.02843601054041272,0.15655290324954285,0.26074698718571526,0.30661827325820923,3.7037037037037033,18
ours_full,155,0.4,0.9,0.7333333333333333,0.9,0.9320947378205844,0.0013857822541998761,0.03148303258859381,0.2527393882504842,0.19939248263835907,29.629629629629626,18
ours_full,156,1.0,0.9,0.7333333333333333,0.9333333333333333,0.9552869883833249,0.001347478715634922,0.030214222188653845,0.2912629321502079,0.2241445928812027,25.925925925925924,18
ours_full,157,0.6,1.0,0.8,0.9333333333333333,0.9554993928252571,0.0014175582354189614,0.036002966012108666,0.35719998275750847,0.2740165889263153,20.37037037037037,18
ours_full,158,0.6,0.8,0.8,0.9333333333333333,0.9557233482059448,0.003659505917191788,0.04465968078214469,0.3702680606141892,0.5484222769737244,12.962962962962962,18
ours_full,159,0.6,0.8,0.9333333333333333,0.6,0.7174291900754418,0.01753746100691057,0.11366830256825883,0.13558701841604848,0.3743768632411957,27.77777777777778,18
ours_full,160,0.4,0.8,0.9333333333333333,0.7,0.7866750937910528,0.005921419919735327,0.04154709383627166,0.14003926776812664,0.27899038791656494,59.25925925925925,18
ours_full,161,0.6,0.9,0.9333333333333333,0.8333333333333334,0.8797880789232648,0.023418398393400295,0.15322907693634572,0.037373670734457715,0.2148428112268448,11.11111111111111,18
ours_full,162,0.6,0.5,0.6,0.9,0.9273597464230995,0.04264867106527734,0.178924070994703,0.15089242060699767,0.09084323048591614,75.92592592592592,19
ours_full,163,0.6,0.6,0.6,0.6,0.708837168716302,0.1608667922112491,0.4411411805257246,0.3797946256941973,0.19989581406116486,31.48148148148148,19
ours_full,164,0.2,0.4,0.6,0.5333333333333333,0.5143595850310556,0.30529028078732817,1.4088910141725928,0.7112414741778635,0.15859639644622803,100.0,19
ours_full,165,0.6,0.7,0.7333333333333333,0.5,0.6359798190205295,0.22532143388721768,1.0538143460167102,0.5497277814082023,0.2480064332485199,22.22222222222222,19
ours_full,166,0.4,0.5,0.7333333333333333,0.7333333333333333,0.8070956886138816,0.10326096130172516,0.30761042017201357,0.3136564292619618,0.33524757623672485,0.0,19
ours_full,167,0.4,0.5,0.4666666666666667,0.8666666666666667,0.8978022014949758,0.1274510375409002,0.3899000545720973,0.3690064936034564,0.17515897750854492,22.22222222222222,19
ours_full,168,0.0,0.3,0.5333333333333333,0.8333333333333334,0.8754329370668755,0.11221483393328596,0.3895497511609201,0.14819071321147603,0.24221175909042358,51.85185185185185,19
ours_full,169,0.4,0.6,0.6666666666666666,0.8333333333333334,0.8843613054129877,0.03124064166778144,0.14053344234310267,0.15024664711054267,0.10991935431957245,64.81481481481481,19
ours_full,170,0.2,0.5,0.6666666666666666,0.7333333333333333,0.8075467328562531,0.036543190874517247,0.17842387362935266,0.1397662938511756,0.081997811794281,74.07407407407408,19
ours_full,171,0.4,0.5,0.5333333333333333,0.8333333333333334,0.8852791954953368,0.04732199222416243,0.2089830543181187,0.11472975880183793,0.19596204161643982,64.81481481481481,19
ours_full,172,0.4,0.3,0.5333333333333333,0.8333333333333334,0.878360432691533,0.09783669327654262,0.31669160264024976,0.39901867670941205,0.17676270008087158,55.55555555555556,19
ours_full,173,0.6,0.5,0.4666666666666667,0.7666666666666667,0.8220961030898136,0.29337575948501604,0.7841040530332426,0.48981650994963244,0.19561253488063812,22.22222222222222,19
ours_full,174,0.0,0.4,0.6,0.5666666666666667,0.5684852854768297,0.08175018742389376,0.3995542060392167,0.3540474008888998,0.5543255805969238,100.0,19
ours_full,175,0.2,0.5,0.4,0.23333333333333334,0.39226102087540937,0.6367359386952741,2.880661032205461,0.8166167694733509,0.4581119120121002,42.592592592592595,19
ours_full,176,0.4,0.5,0.6666666666666666,0.7333333333333333,0.7918966616325215,0.11301268461903216,0.3892959822229934,0.21914350022468795,0.2142430692911148,0.0,19
ours_full,177,0.4,0.5,0.4666666666666667,0.8666666666666667,0.8972183003258061,0.1299674579215383,0.38928571701839654,0.37474933591923865,0.16933956742286682,22.22222222222222,19
ours_full,178,0.2,0.4,0.4666666666666667,0.8666666666666667,0.8988007490783156,0.11494125745868855,0.3796854557627697,0.17644972114916493,0.22541959583759308,59.25925925925925,19
ours_full,179,0.4,0.5,0.6,0.8333333333333334,0.8770159438231226,0.08338402035726004,0.2718345974069926,0.40233880374311004,0.1434003710746765,64.81481481481481,19
ours_full,180,0.8,1.0,0.8666666666666667,0.4666666666666667,0.6124868592426146,0.0076241209789981845,0.0339673280784372,0.04927540124515761,0.41855332255363464,74.07407407407408,1
ours_full,181,0.6,0.5,0.8,0.7,0.7833955963573666,0.027718496613564524,0.12159236544664945,0.15805552705633333,0.2258729338645935,33.33333333333333,1
ours_full,182,0.6,0.6,0.5333333333333333,0.4,0.5418241370416352,0.10912033931331876,0.38675097702497424,0.13570125579381578,0.21719521284103394,12.962962962962962,1
ours_full,183,0.8,0.6,0.6,0.43333333333333335,0.5716443082947426,0.09534041205039609,0.3399276761995011,0.11324625740792782,0.20895865559577942,9.25925925925926,1
ours_full,184,0.6,0.6,0.8,0.7333333333333333,0.808687678279109,0.033764908955737014,0.15179182707800506,0.13396463917814821,0.2937634289264679,35.18518518518518,1
ours_full,185,0.8,0.6,0.8,0.7333333333333333,0.8167385589838211,0.03761342190776706,0.19065525232167385,0.2646834838896145,0.32320281863212585,62.96296296296296,1
ours_full,186,0.6,0.8,0.9333333333333333,0.7,0.7918880176135943,0.006699519148839874,0.04553499230321834,0.37551723787588953,0.534457802772522,92.5925925925926,1
ours_full,187,1.0,0.9,0.8666666666666667,0.6333333333333333,0.7423863864779882,0.007759424682853574,0.0463628397124127,0.08835803986879917,0.917816698551178,100.0,1
ours_full,188,0.6,0.8,0.8666666666666667,0.6333333333333333,0.7389978771774772,0.002445578477787972,0.03221739212019001,0.2709431099967344,0.11358524858951569,64.81481481481481,1
ours_full,189,0.6,1.0,0.9333333333333333,0.6666666666666666,0.7680816144404465,0.005596191707516214,0.039031327594756415,0.1388758900299392,0.6928110718727112,96.29629629629629,1
ours_full,190,0.6,0.6,0.9333333333333333,0.7,0.7925851529576119,0.014908581060038483,0.09290739655118418,0.33587028392694673,0.3307678699493408,81.48148148148148,1
ours_full,191,0.6,0.7,0.8,0.5666666666666667,0.6829620407180157,0.06528417173308115,0.3410074271248563,0.21263564189205192,0.041523244231939316,22.22222222222222,1
ours_full,192,0.4,0.8,0.8,0.4666666666666667,0.604291803273507,0.0953102608115527,0.4325525937131869,0.1932017559998213,0.1059638261795044,0.0,1
ours_full,193,0.6,0.8,0.7333333333333333,0.5,0.6327821638736604,0.03926808642302593,0.17450253459969078,0.16264706626907804,0.24457617104053497,20.37037037037037,1
ours_full,194,0.6,0.8,0.8,0.6333333333333333,0.7367226688030519,0.01766054665747065,0.08265852957448279,0.14290489654723187,0.3167073428630829,35.18518518518518,1
ours_full,195,0.4,0.7,0.9333333333333333,0.7333333333333333,0.8163915561307596,0.0031187452202572734,0.03814980638872892,0.29469555608343706,0.06919386982917786,62.96296296296296,1
ours_full,196,0.8,0.9,0.8666666666666667,0.4666666666666667,0.6124868592426146,0.005471011791646512,0.02599450316056101,0.03323467112633044,0.430225670337677,72.22222222222221,1
ours_full,197,0.6,0.8,0.8,0.6333333333333333,0.7386737826779792,0.005843868042133018,0.04007696031039929,0.2789905654757504,0.3160371482372284,50.0,1
ours_full,198,0.8,0.9,0.9333333333333333,0.9,0.9313543370954472,0.006635606112626606,0.04108876475073293,0.18864439720623585,0.3095223605632782,94.44444444444444,20
ours_full,199,0.8,1.0,0.8666666666666667,0.7,0.7883333837771319,0.01785658610994291,0.09782470662132335,0.2175531342831056,0.32282400131225586,46.2962962962963,20
ours_full,200,0.6,1.0,1.0,0.6666666666666666,0.7630753916102373,0.024105686866355187,0.11786000403849807,0.1723505326972706,0.2470349371433258,22.22222222222222,20
ours_full,201,0.8,0.9,0.9333333333333333,0.9,0.9305688693510967,0.019734291102856877,0.10356081218838281,0.3146192527269922,0.43027380108833313,46.2962962962963,20
ours_full,202,0.8,0.9,1.0,0.9666666666666667,0.9775315165013186,0.030156541233992938,0.13359612001305704,0.32748285828098334,0.4473455548286438,61.111111111111114,20
ours_full,203,1.0,1.0,0.9333333333333333,0.9333333333333333,0.9554993928252571,0.02401959036715325,0.12186573205606942,0.26840322911682835,0.4209003746509552,75.92592592592592,20
ours_full,204,1.0,0.9,0.9333333333333333,0.9,0.9332548647072635,0.02233855073913698,0.11876121445305957,0.22746758615924956,0.3391874432563782,75.92592592592592,20
ours_full,205,0.8,0.9,0.8666666666666667,0.9,0.9301804336445871,0.016075708478839733,0.09264937514865833,0.20078519131879366,0.24265757203102112,74.07407407407408,20
ours_full,206,1.0,0.9,0.9333333333333333,0.8333333333333334,0.8857397656269257,0.008479906626295075,0.06074570247323247,0.16913247480226096,0.3137395977973938,85.18518518518519,20
ours_full,207,1.0,0.9,0.9333333333333333,0.7666666666666667,0.8393471919425992,0.005547589450017258,0.03751762350284167,0.1851543470775563,0.33848264813423157,75.92592592592592,20
ours_full,208,1.0,0.8,0.8666666666666667,0.7,0.7925851529576119,0.004965530926946729,0.03705325866648648,0.09830622476022229,0.21700403094291687,75.92592592592592,20
ours_full,209,0.8,0.8,0.8666666666666667,0.7333333333333333,0.8148076468397673,0.008054553066508856,0.05252251500832111,0.15415416511249466,0.28719207644462585,57.407407407407405,20
ours_full,210,0.8,0.9,0.8,0.6666666666666666,0.7643353522975328,0.023176565536053732,0.10543805349283054,0.16475028261351898,0.30642902851104736,25.925925925925924,20
ours_full,211,1.0,1.0,0.8666666666666667,0.7333333333333333,0.8070777100829873,0.030291212191570157,0.13980075701065264,0.17728819489709916,0.32400062680244446,9.25925925925926,20
ours_full,212,1.0,0.8,0.8,0.9666666666666667,0.9772949017504176,0.02946594794332752,0.12483543732287017,0.22253510898708062,0.41437533497810364,25.925925925925924,20
ours_full,213,0.8,0.9,1.0,0.9,0.9320947378205844,0.010847675545690416,0.07337718685962631,0.20693781342339634,0.42980366945266724,59.25925925925925,20
ours_full,214,1.0,1.0,0.9333333333333333,0.8666666666666667,0.9090392682081286,0.00980227521311893,0.06310120783160002,0.17421209129712067,0.24246644973754883,85.18518518518519,20
ours_full,215,1.0,0.9,0.8666666666666667,0.7,0.7827437396598025,0.008858632080329545,0.06353164433044328,0.12680549024549354,0.30694580078125,64.81481481481481,20
ours_full,216,0.8,0.9,0.8666666666666667,0.43333333333333335,0.5838182774948055,0.01339584714030479,0.07497938536942986,0.10487225227653925,0.7711513638496399,85.18518518518519,2
ours_full,217,0.6,0.3,0.2,0.16666666666666666,0.32182863475352097,0.5602960268160531,2.0622935445279027,1.0735395888944206,0.6406711339950562,57.407407407407405,2
ours_full,218,0.6,0.8,0.8,0.6,0.7127533111687157,0.012085774552922752,0.09651555273854599,0.19225786566773376,0.36748698353767395,55.55555555555556,2
ours_full,219,0.6,0.5,0.4,0.4,0.4932040888520184,0.42291029546863457,1.3602594630975224,0.3777394618229527,0.23460528254508972,48.148148148148145,2
ours_full,220,0.8,0.7,0.6666666666666666,0.7333333333333333,0.809044630844367,0.049780625149809465,0.196204237318289,0.21882810216971976,0.45603281259536743,22.22222222222222,2
ours_full,221,0.6,0.8,0.8666666666666667,0.7,0.783081066282191,0.016369239047242683,0.08648003128704466,0.2894159316183765,0.23136332631111145,14.814814814814813,2
ours_full,222,0.6,1.0,0.9333333333333333,0.7,0.7750540962571982,0.006750560332346822,0.05693580755807201,0.13734735423679384,0.3566046953201294,14.814814814814813,2
ours_full,223,1.0,1.0,0.8,0.6666666666666666,0.7404794445875492,0.014230196502174022,0.06077242317364069,0.26336150498098687,0.4851272702217102,14.814814814814813,2
ours_full,224,0.8,0.9,0.8666666666666667,0.5,0.6374285131812701,0.012689074350525057,0.07869709829939767,0.14606871645487396,0.4881162941455841,74.07407407407408,2
ours_full,225,1.0,1.0,0.8666666666666667,0.6333333333333333,0.7215139982673698,0.009813298600416086,0.05375207917283621,0.16244180784576992,0.4196600914001465,12.962962962962962,2
ours_full,226,0.8,0.8,1.0,0.6666666666666666,0.7529336551486064,0.016122565425569762,0.09557862210532923,0.21953997344612491,0.6102100014686584,5.555555555555555,2
ours_full,227,0.6,0.3,0.2,0.16666666666666666,0.30282462737902593,0.5300644574854132,2.053933089394174,0.3440740186315998,0.5064187049865723,3.7037037037037033,2
ours_full,228,0.0,0.2,0.4666666666666667,0.6333333333333333,0.6377583097296771,0.17223409727470548,0.6780669882313439,0.5877851366297515,0.3333223760128021,66.66666666666666,2
ours_full,229,0.4,0.2,0.2,0.3,0.38006462777890726,0.6032411691442481,2.401356131878881,1.1149062840687889,0.6541702747344971,70.37037037037037,2
ours_full,230,0.4,0.6,0.6,0.3,0.4581417334952231,0.4490344427832545,1.4679308544054122,0.7710073480495782,0.2611311674118042,44.44444444444444,2
ours_full,231,1.0,0.9,0.9333333333333333,0.5,0.6397747256990975,0.013819598835652765,0.07278771551077334,0.13139819460218524,0.4934876263141632,79.62962962962963,2
ours_full,232,0.8,1.0,0.8666666666666667,0.43333333333333335,0.5845486656447131,0.021813333515501538,0.11010001346121553,0.1386684613265276,0.35939523577690125,94.44444444444444,2
ours_full,233,1.0,0.9,0.6,0.36666666666666664,0.5254330524972798,0.1160145765416911,0.43037607609772877,0.26421505386021893,0.2507268786430359,61.111111111111114,2
ours_full,234,0.2,0.4,0.6666666666666666,0.8666666666666667,0.9085007390893687,0.06275749678705364,0.22200923601738332,0.269291795880722,0.08651864528656006,57.407407407407405,3
ours_full,235,0.2,0.5,0.5333333333333333,0.8,0.8235490530689356,0.10723123386570389,0.3405766794362304,0.38822829656891106,0.18435293436050415,61.111111111111114,3
ours_full,236,0.4,0.3,0.26666666666666666,0.4,0.5275160622804598,0.43309363068302137,2.0237565548390446,0.6971400732963864,0.40668368339538574,98.14814814814815,3
ours_full,237,0.0,0.3,0.6,0.6,0.6237709379046265,0.22767913552733512,0.9677532578640269,0.7819914191847975,0.10972292721271515,22.22222222222222,3
ours_full,238,0.0,0.4,0.6,0.7333333333333333,0.7915291022954772,0.06319537892056068,0.242127947338031,0.10114888040582838,0.2491580694913864,0.0,3
ours_full,239,0.2,0.5,0.6,0.8666666666666667,0.9060923272353357,0.06701918491434745,0.24707805945342623,0.1495143881970237,0.17075838148593903,22.22222222222222,3
ours_full,240,0.2,0.6,0.5333333333333333,0.7666666666666667,0.8328708872157533,0.0702891728336425,0.26498692570854543,0.10299891279675118,0.21326878666877747,33.33333333333333,3
ours_full,241,0.6,0.7,0.7333333333333333,0.8333333333333334,0.882958898635709,0.0372357096745501,0.16470130928111243,0.17547476812315488,0.20262467861175537,50.0,3
ours_full,242,0.4,0.6,0.7333333333333333,0.7333333333333333,0.8070010732178937,0.03078780085850782,0.16222035094190085,0.10734049365396928,0.30002719163894653,74.07407407407408,3
ours_full,243,0.4,0.5,0.6666666666666666,0.7666666666666667,0.8200869338966348,0.03902690149572775,0.18826829753347402,0.21655644447287417,0.09831108897924423,55.55555555555556,3
ours_full,244,0.2,0.3,0.4,0.7666666666666667,0.8104554818587529,0.12985748064223113,0.40283384918545206,0.30111730803495274,0.013272146694362164,57.407407407407405,3
ours_full,245,0.6,0.7,0.6,0.6,0.7071025509658914,0.22080420086480615,0.5948630415832787,0.5475036329382942,0.1953292042016983,61.111111111111114,3
ours_full,246,0.0,0.2,0.3333333333333333,0.5,0.40202409769422015,0.4406073824096182,2.049579087396768,0.8283258110210306,0.16826306283473969,90.74074074074075,3
ours_full,247,0.6,0.5,0.6666666666666666,0.4666666666666667,0.6045517534982556,0.28992561446560394,1.3119965431775389,0.6607366706703154,0.3043527901172638,57.407407407407405,3
ours_full,248,0.6,0.5,0.6666666666666666,0.8,0.8608179532153474,0.09247870475827331,0.2938339786059749,0.3159754844710692,0.14628544449806213,3.7037037037037033,3
ours_full,249,0.2,0.4,0.4666666666666667,0.8333333333333334,0.7907549879965798,0.11823726614536835,0.3877758858146007,0.2428507501293263,0.06402198225259781,20.37037037037037,3
ours_full,250,0.4,0.5,0.5333333333333333,0.8666666666666667,0.8884963440947777,0.09244543221728437,0.32802012797914654,0.11902795054059366,0.11595403403043747,38.88888888888889,3
ours_full,251,0.0,0.5,0.6,0.7666666666666667,0.8264353867870471,0.03606288898258837,0.16160405199125713,0.16617372125074936,0.22370488941669464,70.37037037037037,3
ours_full,252,0.8,0.8,0.7333333333333333,0.5,0.6205287227097862,0.06082733525161578,0.22458308564400603,0.17059719102221457,0.22437702119350433,94.44444444444444,4
ours_full,253,1.0,0.9,0.6,0.6333333333333333,0.711351755427499,0.057945342403277623,0.17602465983933566,0.22245100440763668,0.23077796399593353,62.96296296296296,4
ours_full,254,0.8,0.8,0.6,0.5333333333333333,0.6365885895104142,0.052675625043572344,0.17269930553874294,0.13591218275243275,0.3734637498855591,44.44444444444444,4
ours_full,255,1.0,0.9,0.6666666666666666,0.5,0.6305553924922888,0.05440135859516279,0.19763651563935875,0.14089781204397359,0.33911287784576416,25.925925925925924,4
ours_full,256,1.0,0.9,0.6,0.5666666666666667,0.6845131867807601,0.06436832155148729,0.2277764707009336,0.20127592035987715,0.2101169228553772,35.18518518518518,4
ours_full,257,1.0,0.8,0.8666666666666667,0.6333333333333333,0.7424793404608124,0.006721335387810289,0.052829045730873866,0.03741170090412891,0.3323068916797638,51.85185185185185,4
ours_full,258,1.0,1.0,1.0,0.7,0.7912391003926741,0.002991211381324482,0.025365112184416127,0.13742174391009715,0.25496378540992737,62.96296296296296,4
ours_full,259,0.6,1.0,1.0,0.6666666666666666,0.7673298818310393,0.00035514565081978783,0.008270572150802782,0.08211442575913588,0.2470361441373825,62.96296296296296,4
ours_full,260,0.6,0.4,0.5333333333333333,0.6,0.6689038661687309,0.18738129520060295,0.560101367629501,0.14225118144351973,0.5600178241729736,38.88888888888889,4
ours_full,261,1.0,0.9,0.8666666666666667,0.6666666666666666,0.7684556136949123,0.0057986320661768806,0.04655776926443622,0.04969457090382219,0.3427901268005371,42.592592592592595,4
ours_full,262,1.0,0.9,0.6666666666666666,0.36666666666666664,0.5263831932190675,0.10934872830587918,0.34238320570267544,0.22941706460213523,0.3265126645565033,9.25925925925926,4
ours_full,263,1.0,1.0,0.8,0.5,0.6397747256990975,0.04333445758939017,0.17297634925860048,0.1144471612802739,0.28449949622154236,3.7037037037037033,4
ours_full,264,1.0,0.9,0.8,0.43333333333333335,0.5825840491842171,0.021145495468316497,0.09256182987179082,0.08267858501460706,0.28434503078460693,9.25925925925926,4
ours_full,265,1.0,0.9,0.8666666666666667,0.5,0.638182087205073,0.023022736089160886,0.10324250649444927,0.05653622394465741,0.2607417106628418,16.666666666666664,4
ours_full,266,1.0,0.8,0.6666666666666666,0.5333333333333333,0.6382096209725375,0.07310901638814198,0.2641465258664875,0.1928089071644935,0.3422575891017914,42.592592592592595,4
ours_full,267,0.8,0.8,0.8,0.4,0.5482789541103212,0.07356886094552752,0.2714368813759504,0.2254656172921947,0.25190702080726624,88.88888888888889,4
ours_full,268,1.0,1.0,0.8,0.5,0.6324846080805605,0.052383696637897895,0.21634175858030558,0.19319282695451037,0.3442949950695038,98.14814814814815,4
ours_full,269,0.8,0.6,0.6,0.7333333333333333,0.7969425021988991,0.046176769090822425,0.1854545020816975,0.20742849579077216,0.19719907641410828,79.62962962962963,4
ours_full,270,0.8,0.9,0.9333333333333333,0.8333333333333334,0.8873282228636491,0.02590017570523361,0.1424914348554492,0.10718632288623142,0.15656283497810364,12.962962962962962,5
ours_full,271,0.4,0.8,0.6666666666666666,0.6,0.7016188747712683,0.06357727482913192,0.2652435572304975,0.09592335749018649,0.10212863981723785,55.55555555555556,5
ours_full,272,0.2,0.7,0.8666666666666667,0.6333333333333333,0.7409375185245632,0.28131574518136493,1.2296008039111335,0.8775536611415122,0.2689167261123657,88.88888888888889,5
ours_full,273,0.4,0.4,0.4,0.36666666666666664,0.49680301522455145,0.47684826332670854,2.1783221842074707,0.8601802265745128,0.4775581359863281,88.88888888888889,5
ours_full,274,1.0,0.8,0.8,0.6,0.7094978085244215,0.11363512218943841,0.3955952847421586,0.0791135298906985,0.16433767974376678,77.77777777777779,5
ours_full,275,0.6,0.9,0.8,0.5,0.6343276875453202,0.06729049364598455,0.23577377525495255,0.14991843530967874,0.11526774615049362,59.25925925925925,5
ours_full,276,0.6,0.8,0.8,0.7333333333333333,0.8077458940583011,0.030252862473545746,0.1453816596382949,0.06036578547326384,0.08907411247491837,33.33333333333333,5
ours_full,277,0.4,0.7,0.8,0.8666666666666667,0.9071906931100974,0.031192768133832066,0.1487694071360619,0.06583080573822236,0.07525040209293365,7.4074074074074066,5
ours_full,278,0.8,0.9,0.8666666666666667,0.6,0.7119185492513103,0.016221914555503945,0.08519723190147395,0.09155673218038507,0.23166517913341522,12.962962962962962,5
ours_full,279,0.4,0.9,0.8,0.5666666666666667,0.6850122788521589,0.031119772633197075,0.12709068850793334,0.02316521365729442,0.21040287613868713,12.962962962962962,5
ours_full,280,0.4,0.8,0.7333333333333333,0.6333333333333333,0.7301811407106759,0.08628515409611716,0.28199032389075745,0.2519152342421423,0.14743821322917938,33.33333333333333,5
ours_full,281,0.4,0.8,0.6,0.5666666666666667,0.670992813382756,0.08855525151333785,0.3193412691654522,0.15337029857944642,0.12205243855714798,53.70370370370371,5
ours_full,282,0.2,0.4,0.4666666666666667,0.5,0.5717197940423604,0.4092977522469917,1.7775463058253989,0.8539911564024252,0.4806616008281708,94.44444444444444,5
ours_full,283,0.6,0.3,0.5333333333333333,0.4666666666666667,0.5915720621640543,0.48401032166504826,2.2288951949061584,0.9038152544118764,0.3146399259567261,88.88888888888889,5
ours_full,284,0.8,0.9,0.7333333333333333,0.5,0.6374285131812701,0.12995171220440682,0.41104375550994193,0.15155704301793146,0.18078938126564026,77.77777777777779,5
ours_full,285,0.6,0.9,0.8,0.5333333333333333,0.6627303615109371,0.06635910385517686,0.24045579624186827,0.15387000013395993,0.03303639963269234,55.55555555555556,5
ours_full,286,0.6,0.9,1.0,0.7666666666666667,0.8393922804278018,0.022829253693967086,0.11933274851285092,0.08555429395696788,0.14054054021835327,33.33333333333333,5
ours_full,287,0.6,0.8,0.8,0.7333333333333333,0.8140919208160268,0.08200648896907435,0.2782453586156246,0.24823235847094108,0.13760729134082794,33.33333333333333,5
ours_full,288,0.0,0.4,0.4666666666666667,0.9,0.9317824995780359,0.11154520628598316,0.37334912212664306,0.21457677683431028,0.32877254486083984,38.88888888888889,6
ours_full,289,0.6,0.7,0.8,0.6666666666666666,0.7651905848616708,0.13615282276352694,0.36973981169373366,0.5222464113148582,0.44955456256866455,40.74074074074074,6
ours_full,290,0.6,0.6,0.6,0.3333333333333333,0.49593616181944333,0.25888156268033874,1.2303354086625258,0.5658702498142931,0.4409978985786438,79.62962962962963,6
ours_full,291,0.4,0.8,0.7333333333333333,0.43333333333333335,0.5770356175840722,0.2142131839020473,1.0034622909998485,0.5396172577406713,0.2642325758934021,20.37037037037037,6
ours_full,292,0.4,0.7,0.7333333333333333,0.7666666666666667,0.8340175341493807,0.10707151685782687,0.31235309710433445,0.3917242238338788,0.2692759037017822,0.0,6
ours_full,293,0.2,0.5,0.5333333333333333,0.9,0.9215514379416374,0.12998319255000948,0.4047336621366612,0.37829738288203546,0.10707200318574905,18.51851851851852,6
ours_full,294,0.2,0.5,0.6,0.9333333333333333,0.949207644738228,0.09255056062642657,0.333571689709741,0.18477344589281844,0.28329402208328247,29.629629629629626,6
ours_full,295,0.2,0.4,0.6,0.9,0.9291046081077087,0.07446593701548022,0.27817572472151253,0.24762024185157236,0.3079134523868561,38.88888888888889,6
ours_full,296,0.6,0.7,0.8,0.9,0.9292485712124099,0.022145815281562002,0.148472298152003,0.09519998841598028,0.21936407685279846,64.81481481481481,6
ours_full,297,0.2,0.5,0.7333333333333333,0.8333333333333334,0.883571592639624,0.04745779100023656,0.21973995276485875,0.11000473327890616,0.26974841952323914,51.85185185185185,6
ours_full,298,0.6,0.6,0.6666666666666666,0.7666666666666667,0.83128299761852,0.09415294325160553,0.28619519945050675,0.44218687297602804,0.22549770772457123,50.0,6
ours_full,299,0.6,0.7,0.6666666666666666,0.5,0.6320292793609295,0.20837234942088864,0.5597759779051827,0.5262811706603617,0.29139286279678345,29.629629629629626,6
ours_full,300,0.8,0.5,0.5333333333333333,0.4,0.5497261838999197,0.2677095470312223,1.2876653832489635,0.5570082547558128,0.411670446395874,83.33333333333334,6
ours_full,301,0.2,0.6,0.4,0.4,0.5462002272422399,0.44437051812015377,2.0242498381512686,0.7872322767531882,0.20963165163993835,27.77777777777778,6
ours_full,302,0.4,0.6,0.6,0.8333333333333334,0.84809970061731,0.1196714244382086,0.35812918666380006,0.37147386055715187,0.16876129806041718,0.0,6
ours_full,303,0.2,0.5,0.4666666666666667,0.8333333333333334,0.8163016669740879,0.12756402334391156,0.4165687555565426,0.308554518011627,0.08895022422075272,14.814814814814813,6
ours_full,304,0.2,0.4,0.6,0.9,0.927724374055616,0.10782432188264719,0.3813514901020222,0.1598713387350272,0.210112065076828,35.18518518518518,6
ours_full,305,0.4,0.5,0.6666666666666666,0.8666666666666667,0.9059356945883682,0.0801785384856298,0.2707319511634934,0.39717899992195366,0.22986038029193878,53.70370370370371,6
ours_full,306,0.6,0.6,0.7333333333333333,0.7,0.787676413030252,0.09576260773236164,0.30320583303363674,0.3626466532699215,0.30679047107696533,48.148148148148145,7
ours_full,307,0.8,0.7,0.7333333333333333,0.8,0.8594495220781175,0.022346327674403994,0.12529452909591682,0.11302561814818118,0.24054376780986786,31.48148148148148,7
ours_full,308,0.4,0.8,0.8666666666666667,0.9333333333333333,0.955012240512099,0.019600713305703815,0.110390296496918,0.07812635724825417,0.20527516305446625,44.44444444444444,7
ours_full,309,0.6,0.8,0.8666666666666667,0.8333333333333334,0.8755434174619467,0.008232764921508103,0.05031658870858041,0.12579981345960017,0.282761812210083,70.37037037037037,7
ours_full,310,1.0,1.0,0.8,0.7666666666666667,0.8245053945105731,0.003243540204916889,0.016052531407889887,0.09282579685512965,0.4061907231807709,77.77777777777779,7
ours_full,311,0.8,0.9,0.8,0.7,0.7801673533356865,0.003134036197183477,0.02153616496604878,0.05568265076496957,0.3350263237953186,70.37037037037037,7
ours_full,312,0.4,0.5,0.8,0.8333333333333334,0.8802404666259098,0.014438895837685779,0.10587277014906718,0.12046303227863477,0.231145977973938,53.70370370370371,7
ours_full,313,1.0,0.8,0.8666666666666667,0.7,0.7893378447366041,0.018930336178284234,0.0959765216132818,0.19202023823280853,0.4759090840816498,35.18518518518518,7
ours_full,314,0.4,0.7,0.9333333333333333,0.6333333333333333,0.7432003425683398,0.012363100099372453,0.07758945258438922,0.16470192078614715,0.3594669699668884,3.7037037037037033,7
ours_full,315,0.2,0.6,0.6666666666666666,0.7333333333333333,0.8146796372018275,0.02970161221446635,0.1482244340903177,0.21029630211749784,0.1860971599817276,3.7037037037037033,7
ours_full,316,0.6,0.9,0.8,0.5333333333333333,0.6664786909864109,0.03439208465088649,0.10709372656654338,0.15258037011870687,0.31356415152549744,12.962962962962962,7
ours_full,317,0.4,0.3,0.3333333333333333,0.7,0.7316712145690913,0.16177534413719685,0.47986818529600533,0.2289334010875719,0.21500954031944275,35.18518518518518,7
ours_full,318,0.6,0.7,0.8666666666666667,0.6333333333333333,0.7415713447921446,0.009955955396714535,0.0825767211565163,0.20321134161811838,0.19597165286540985,64.81481481481481,7
ours_full,319,0.6,0.7,1.0,0.7,0.7876538633109056,0.005156123466955155,0.05944594221789336,0.20521251561385312,0.25957104563713074,75.92592592592592,7
ours_full,320,0.6,0.9,0.8,0.6333333333333333,0.7271246205645314,0.003698944192619242,0.028043383232098647,0.07187418328224103,0.552324652671814,94.44444444444444,7
ours_full,321,0.8,0.9,0.8,0.6333333333333333,0.7271246205645314,0.00235689880360146,0.019204226345029697,0.04564323438583933,0.542040228843689,94.44444444444444,7
ours_full,322,0.4,0.7,0.9333333333333333,0.7,0.7876538633109056,0.010362354464458977,0.08643214362010032,0.17793568817961852,0.09391013532876968,75.92592592592592,7
ours_full,323,0.4,0.8,0.8666666666666667,0.7,0.7925851529576119,0.004797732129285045,0.03278223675085714,0.2682751945965621,0.1850377321243286,18.51851851851852,7
ours_full,324,0.2,0.6,0.8,0.8,0.8590952671552016,0.017338045367496842,0.08648595559943298,0.05806905510113114,0.2561470866203308,31.48148148148148,8
ours_full,325,0.4,0.5,0.4666666666666667,0.6,0.682913580958251,0.1325936705602054,0.4080450010673985,0.44824560983179423,0.23049309849739075,38.88888888888889,8
ours_full,326,0.4,0.8,0.9333333333333333,0.7333333333333333,0.8111972155085461,0.007114879156625571,0.06376226921645554,0.22524610446323476,0.23742397129535675,90.74074074074075,8
ours_full,327,0.6,0.6,0.8,0.6333333333333333,0.7094478714836462,0.023696418985067656,0.14145163436743574,0.2632436984570404,0.304373562335968,81.48148148148148,8
ours_full,328,0.6,0.8,0.8,0.6333333333333333,0.7354331807850454,0.03134797952828393,0.14745366994226283,0.29876089315325194,0.18390649557113647,5.555555555555555,8
ours_full,329,1.0,0.7,0.6,0.7,0.7655223164942888,0.0200112580631237,0.09694474340550847,0.29283432656140496,0.3941459655761719,3.7037037037037033,8
ours_full,330,0.6,0.7,0.6,0.7333333333333333,0.8020493847173056,0.017399980505139787,0.09118887496562358,0.14545414074493293,0.11493809521198273,22.22222222222222,8
ours_full,331,1.0,0.6,0.6666666666666666,0.7666666666666667,0.7989300841425433,0.018480394717253906,0.08223074456492781,0.1363409054814294,0.36619770526885986,37.03703703703704,8
ours_full,332,0.6,0.6,0.7333333333333333,0.7333333333333333,0.8101657889661708,0.008606840016954932,0.06859782188746293,0.5936090704464048,0.6135708093643188,38.88888888888889,8
ours_full,333,0.4,0.6,0.7333333333333333,0.7333333333333333,0.8124463006541427,0.02216066096518281,0.11944524277094797,0.4771316476293434,0.4556710422039032,31.48148148148148,8
ours_full,334,0.8,0.8,0.8,0.7,0.7828591060293426,0.021264827858841873,0.10612064152985558,0.20506726107648057,0.49536046385765076,38.88888888888889,8
ours_full,335,0.6,0.5,0.6,0.6,0.7008660037108561,0.09077506556395733,0.29793002672331126,0.3402302446844249,0.0502944141626358,70.37037037037037,8
ours_full,336,0.6,0.9,0.8666666666666667,0.7,0.7861367722236153,0.010107762486323673,0.07440900044476254,0.4270195476476469,0.1425797939300537,87.03703703703704,8
ours_full,337,0.6,0.6,0.7333333333333333,0.7666666666666667,0.8279510708095742,0.01855888342526456,0.10646475651712936,0.2605257764130518,0.2844061255455017,87.03703703703704,8
ours_full,338,0.4,0.8,0.6,0.6,0.703769900792386,0.06160108924053338,0.23705899777010675,0.38902982126601265,0.34314045310020447,3.7037037037037033,8
ours_full,339,0.4,0.4,0.6,0.8,0.8234260055965619,0.021695988953250554,0.13114128901942187,0.46222213698354214,0.3482425808906555,12.962962962962962,8
ours_full,340,0.2,0.5,0.7333333333333333,0.7,0.7406129446742108,0.010416150483337123,0.09321607979543671,0.45015378132143957,0.2069183886051178,22.22222222222222,8
ours_full,341,0.6,0.5,0.6666666666666666,0.7,0.7046327545026773,0.011865807301426697,0.09015193778672666,0.6288808133908328,0.6304369568824768,37.03703703703704,8
ours_full,342,0.4,0.5,0.7333333333333333,0.8666666666666667,0.9033620245355755,0.07947829973076684,0.2737512900263214,0.30272096835446605,0.24365121126174927,18.51851851851852,9
ours_full,343,0.8,0.6,0.6,0.7333333333333333,0.7981541822599599,0.10285731707240814,0.36364269334452604,0.09247508596715892,0.21254697442054749,66.66666666666666,9
ours_full,344,0.4,0.2,0.4,0.43333333333333335,0.5161025857542045,0.285317692743941,0.9882913480931403,0.6931667020457803,0.1524840146303177,90.74074074074075,9
ours_full,345,0.4,0.2,0.13333333333333333,0.13333333333333333,0.2670275598921755,0.6634175726090182,3.022328420366505,1.4312604047613855,0.7510741353034973,88.88888888888889,9
ours_full,346,0.8,0.8,0.8666666666666667,0.6666666666666666,0.7625650862369634,0.11295201861344177,0.38324411221483157,0.11336187819004753,0.21625716984272003,66.66666666666666,9
ours_full,347,0.6,1.0,0.8,0.5333333333333333,0.6626953133352168,0.04103786608293038,0.15949339836131599,0.13387190973746854,0.18362629413604736,51.85185185185185,9
ours_full,348,0.8,1.0,0.9333333333333333,0.5666666666666667,0.6891837892359933,0.008771442764621952,0.04851839063049419,0.15076091348014375,0.3249703347682953,37.03703703703704,9
ours_full,349,0.8,0.6,0.8,0.9,0.9256986906590812,0.06019710476509389,0.19451370749038188,0.32796797781296794,0.49658775329589844,22.22222222222222,9
ours_full,350,0.8,1.0,0.8,0.5,0.6347313873606082,0.04183313893670841,0.1484603570856202,0.14465448317788174,0.2243974804878235,11.11111111111111,9
ours_full,351,0.8,0.9,0.8666666666666667,0.6333333333333333,0.7258697440728114,0.03731903822963289,0.14509599515040622,0.1442870781414982,0.1569800227880478,11.11111111111111,9
ours_full,352,0.8,1.0,0.8,0.5666666666666667,0.6877106681349449,0.06721597977770073,0.2502856734830914,0.11522742833165932,0.1894313395023346,29.629629629629626,9
ours_full,353,0.8,0.5,0.6,0.7,0.7728747364003662,0.10308042313105327,0.36108332541303745,0.1094377185020241,0.22283293306827545,66.66666666666666,9
ours_full,354,0.2,0.1,0.2,0.36666666666666664,0.3349025047697937,0.4965640830800176,1.879643457754819,0.803010341825972,0.1924303025007248,90.74074074074075,9
ours_full,355,0.4,0.3,0.2,0.1,0.23259410617441625,0.6056302944453604,2.7599387004180924,0.7039753143633638,0.5329975485801697,88.88888888888889,9
ours_full,356,1.0,0.8,0.8666666666666667,0.7,0.7860106719665473,0.12227634085778886,0.4083486266378784,0.11124010588575414,0.19231931865215302,66.66666666666666,9
ours_full,357,0.6,0.9,0.6666666666666666,0.5,0.6332157033380812,0.05934591108645186,0.20063052708166274,0.19542390988967803,0.21043065190315247,51.85185185185185,9
ours_full,358,0.8,0.9,0.9333333333333333,0.4666666666666667,0.6093276942994734,0.019914686191320176,0.07177400455799551,0.20122278480144112,0.272092342376709,35.18518518518518,9
ours_full,359,0.8,1.0,0.7333333333333333,0.6,0.7059594141598126,0.07582574850852986,0.26575249663470457,0.1388525798837834,0.20033682882785797,29.629629629629626,9
oracle_neighbors,0,1.0,0.8,0.8,0.7,0.778262096507974,0.013441299631920308,0.05900958515994505,0.037729258514726575,0.025535225868225098,20.37037037037037,10
oracle_neighbors,1,0.8,0.8,1.0,0.8666666666666667,0.9105497664576809,0.010318484650002669,0.08448644575836872,0.17881933860782878,0.07720174640417099,46.2962962962963,10
oracle_neighbors,2,0.6,0.9,1.0,0.7666666666666667,0.8408680982465206,0.003896422965184799,0.0470951197941044,0.11199775129902127,0.19929566979408264,61.111111111111114,10
oracle_neighbors,3,0.6,0.9,1.0,0.8,0.8604528644340792,0.0049093937752203096,0.05366025739861279,0.14592680633236718,0.2118595838546753,59.25925925925925,10
oracle_neighbors,4,0.6,0.9,0.9333333333333333,0.8333333333333334,0.8848677765439246,0.03640173447959764,0.17474009889850775,0.15856374252587788,0.25253918766975403,29.629629629629626,10
oracle_neighbors,5,0.4,0.8,0.8666666666666667,0.8,0.8546693777287842,0.043589687992762874,0.17499461184771556,0.2295463656708358,0.2776351869106293,12.962962962962962,10
oracle_neighbors,6,0.8,0.9,0.8666666666666667,0.5333333333333333,0.6650299968256701,0.02746393231250764,0.14383490525901443,0.11257310649243675,0.2459091693162918,90.74074074074075,10
oracle_neighbors,7,0.8,0.9,0.8,0.4,0.5558800838969039,0.048710101584029504,0.2431540293231974,0.1589781902079727,0.45485740900039673,96.29629629629629,10
oracle_neighbors,8,0.8,0.9,0.8666666666666667,0.6666666666666666,0.7632993469909252,0.01859034781640489,0.08302552185443657,0.10561684835315845,0.2770951986312866,22.22222222222222,10
oracle_neighbors,9,0.6,1.0,0.8,0.4,0.5558800838969039,0.04337303956839276,0.20759911274717247,0.14251659053496138,0.4158773422241211,92.5925925925926,10
oracle_neighbors,10,0.4,0.6,0.4666666666666667,0.5666666666666667,0.6422696319758959,0.16419829840668937,0.4825718685369312,0.3767725681897077,0.2676366865634918,0.0,10
oracle_neighbors,11,0.4,0.9,1.0,0.8333333333333334,0.8860322555906873,0.01007541174797046,0.08585703631114375,0.11749799933178041,0.17760440707206726,50.0,10
oracle_neighbors,12,0.6,0.9,0.9333333333333333,0.7666666666666667,0.8408680982465206,0.002775345042704037,0.03555056398693095,0.13270572443546202,0.10872814059257507,68.51851851851852,10
oracle_neighbors,13,0.4,0.9,0.8666666666666667,0.8,0.8624285860765342,0.005633255570827715,0.05812533461513431,0.12687895607770913,0.28496915102005005,57.407407407407405,10
oracle_neighbors,14,0.6,0.9,0.8666666666666667,0.8666666666666667,0.9060893881865321,0.03743110587603153,0.18169700108169812,0.1803990390956407,0.09808928519487381,16.666666666666664,10
oracle_neighbors,15,0.8,0.8,0.9333333333333333,0.7,0.7842947899633219,0.023499940991087355,0.1162743947143761,0.12121749556842873,0.21466964483261108,0.0,10
oracle_neighbors,16,0.8,0.9,0.8666666666666667,0.7,0.7815803676349545,0.015582775574324366,0.09844106738338701,0.026349008744660406,0.1091483011841774,9.25925925925926,10
oracle_neighbors,17,0.6,0.8,0.8666666666666667,0.7333333333333333,0.8063837049470918,0.039050313265155054,0.15229773372479055,0.2760923956044681,0.12263176590204239,20.37037037037037,10
oracle_neighbors,18,0.6,0.7,0.8666666666666667,0.9666666666666667,0.9767784564059682,0.01444758366134183,0.09331241796289201,0.2887625435795116,0.1176091879606247,35.18518518518518,11
oracle_neighbors,19,0.8,0.7,0.8666666666666667,0.8666666666666667,0.9105497664576809,0.047485380854251094,0.18228862397906498,0.19835348667974703,0.24380046129226685,1.8518518518518516,11
oracle_neighbors,20,0.8,0.9,0.6666666666666666,0.4,0.5558800838969039,0.10491365474901676,0.41551083397281346,0.26990117973948685,0.2603731155395508,88.88888888888889,11
oracle_neighbors,21,0.6,0.7,0.6666666666666666,0.4,0.5454622008450868,0.08750507515577755,0.3688587627373531,0.15077719920150337,0.2931794822216034,88.88888888888889,11
oracle_neighbors,22,1.0,1.0,0.9333333333333333,0.6,0.7179098443622273,0.02311396886548138,0.12315752600064073,0.14017478980325795,0.27506473660469055,74.07407407407408,11
oracle_neighbors,23,0.8,1.0,0.9333333333333333,0.9,0.9285595687588636,0.027169713648853563,0.14486491836060988,0.21999941580169535,0.3567703664302826,46.2962962962963,11
oracle_neighbors,24,0.6,1.0,0.9333333333333333,0.9333333333333333,0.9537904129451286,0.015052829566359907,0.10294543710923927,0.21728352819539068,0.31687474250793457,29.629629629629626,11
oracle_neighbors,25,0.6,0.8,0.8666666666666667,0.9,0.9314805852101772,0.014730037931533,0.09886944240487687,0.18814510971260887,0.07342714816331863,29.629629629629626,11
oracle_neighbors,26,0.6,0.9,0.8666666666666667,0.9666666666666667,0.9772949017504176,0.005768282259099764,0.05257797585361029,0.40001285467842956,0.4926539957523346,53.70370370370371,11
oracle_neighbors,27,0.8,0.9,0.8,0.9666666666666667,0.9777554718820064,0.006016612315554323,0.04789143322498538,0.42102820578576533,0.34623125195503235,50.0,11
oracle_neighbors,28,0.6,1.0,0.8666666666666667,0.9333333333333333,0.955262778074356,0.014480267704247034,0.10477234354987153,0.21314273515288332,0.3923020660877228,25.925925925925924,11
oracle_neighbors,29,0.8,0.9,0.8666666666666667,0.7333333333333333,0.8040372533325849,0.049843097157097734,0.22112453591581202,0.08688501872829575,0.07950194925069809,5.555555555555555,11
oracle_neighbors,30,0.8,0.9,0.6666666666666666,0.3333333333333333,0.4948313437077516,0.10675893864368802,0.40108909623142347,0.27660647265622357,0.18697305023670197,96.29629629629629,11
oracle_neighbors,31,1.0,1.0,0.8,0.43333333333333335,0.5803070460934492,0.09182570625078858,0.3895661854628584,0.20579457924959435,0.20568294823169708,87.03703703703704,11
oracle_neighbors,32,0.8,0.9,0.9333333333333333,0.6666666666666666,0.7659838292661014,0.025841218393866904,0.11947232513592321,0.18170344293140578,0.38333120942115784,74.07407407407408,11
oracle_neighbors,33,0.8,0.9,0.8666666666666667,0.8333333333333334,0.8811174964175819,0.021581405914337583,0.12794410555148736,0.2092132824146863,0.437817245721817,46.2962962962963,11
oracle_neighbors,34,0.8,0.9,0.9333333333333333,0.9,0.9299840097719808,0.01514868164017483,0.10214310663090359,0.2171899824662257,0.32257771492004395,29.629629629629626,11
oracle_neighbors,35,0.8,1.0,0.9333333333333333,0.9,0.9323071422625164,0.008942810421790971,0.07164242617625174,0.17840136952161623,0.4323716461658478,35.18518518518518,11
oracle_neighbors,36,0.4,0.8,0.9333333333333333,0.9333333333333333,0.9548264182517361,0.006782733820253994,0.05231784493060883,0.5209833741984164,0.2692039906978607,87.03703703703704,12
oracle_neighbors,37,0.6,0.9,0.8,0.8333333333333334,0.884956059405785,0.018003458675872826,0.0891863128877616,0.22285139457636208,0.35886260867118835,31.48148148148148,12
oracle_neighbors,38,0.8,0.8,0.8,0.8333333333333334,0.8866171151698032,0.015286166352481948,0.07746802323588016,0.1830984239684263,0.32472822070121765,25.925925925925924,12
oracle_neighbors,39,1.0,0.9,0.8,0.7333333333333333,0.8131391427515215,0.011110394626770916,0.0668522997571807,0.08734554599674373,0.32732632756233215,20.37037037037037,12
oracle_neighbors,40,0.6,1.0,0.9333333333333333,0.7,0.7872129653731906,0.015720263559659536,0.09054117986698869,0.11812223566942491,0.2538098692893982,7.4074074074074066,12
oracle_neighbors,41,1.0,0.9,0.8,0.7666666666666667,0.8100308339175688,0.03867832853398474,0.17181664327678062,0.13385443416660806,0.2905192971229553,12.962962962962962,12
oracle_neighbors,42,0.6,0.8,0.6666666666666666,0.7333333333333333,0.8122352187621281,0.035857873954107715,0.14079098839474669,0.18912835874486164,0.2711259424686432,46.2962962962963,12
oracle_neighbors,43,0.8,0.7,0.7333333333333333,0.7333333333333333,0.8137092809650057,0.012011332739962178,0.05046122099257844,0.1466787718312682,0.2271207720041275,53.70370370370371,12
oracle_neighbors,44,0.6,0.7,0.7333333333333333,1.0,1.0,0.014216562138041929,0.06957513598336319,0.5122283144245964,0.49661386013031006,87.03703703703704,12
oracle_neighbors,45,1.0,0.8,0.9333333333333333,0.7333333333333333,0.8108314392939058,0.0009882558416862404,0.019041050353316297,0.33443078203457177,0.191974937915802,68.51851851851852,12
oracle_neighbors,46,0.4,0.8,0.9333333333333333,0.8333333333333334,0.8808783309493612,0.0007859883918411526,0.016069285082770134,0.4995514335404806,0.5465038418769836,81.48148148148148,12
oracle_neighbors,47,0.6,0.9,0.9333333333333333,0.8333333333333334,0.8808783309493612,0.0013713533429100169,0.02241184332189382,0.4948405675862948,0.4835401177406311,79.62962962962963,12
oracle_neighbors,48,0.8,0.9,0.9333333333333333,0.8333333333333334,0.8824859720506245,0.0024645336346590316,0.03227012487895081,0.36993950335971626,0.6810422539710999,62.96296296296296,12
oracle_neighbors,49,1.0,1.0,0.9333333333333333,0.9333333333333333,0.954339265938578,0.016207977465924516,0.10025805795646707,0.28347623380193065,0.4163936674594879,40.74074074074074,12
oracle_neighbors,50,1.0,0.9,0.8666666666666667,0.8333333333333334,0.8849881173936083,0.022667812126768404,0.10561173431809052,0.26202455168928346,0.5930379033088684,25.925925925925924,12
oracle_neighbors,51,0.6,0.5,0.4,0.5666666666666667,0.6552118762423693,0.23273956077209967,0.6200558980664327,0.5210386501376206,0.30111438035964966,12.962962962962962,12
oracle_neighbors,52,0.8,0.8,0.9333333333333333,0.8666666666666667,0.9075155262732993,0.008226449196759947,0.04560214063390442,0.5083146848927088,0.8840184211730957,100.0,12
oracle_neighbors,53,0.6,0.5,0.6666666666666666,0.9666666666666667,0.9777554718820064,0.014481009573905041,0.08781686120661353,0.25517668299257695,0.34391117095947266,51.85185185185185,12
oracle_neighbors,54,1.0,1.0,0.8666666666666667,0.7,0.783015786073895,0.04571648434373333,0.1855419989819124,0.149076193496109,0.4296187460422516,98.14814814814815,13
oracle_neighbors,55,0.8,0.8,0.7333333333333333,0.9,0.9230001321023782,0.022872387937873762,0.12520606266464293,0.6341556630608537,0.639561653137207,44.44444444444444,13
oracle_neighbors,56,0.8,0.9,0.8666666666666667,0.9,0.9286239538209231,0.010873020272647596,0.09481757396577152,0.8166037521949052,0.7168027758598328,29.629629629629626,13
oracle_neighbors,57,0.6,0.9,0.9333333333333333,0.9,0.9332548647072635,0.0047354056899838876,0.05610588563579759,0.7082207754434457,0.7318671345710754,12.962962962962962,13
oracle_neighbors,58,0.4,0.8,0.8,0.9666666666666667,0.9772949017504176,0.004442306604699422,0.0499704965909608,0.4233997712069538,0.3741615414619446,12.962962962962962,13
oracle_neighbors,59,1.0,0.9,0.8666666666666667,0.8,0.8505743150045305,0.021320075360171165,0.12183119915516617,0.34902469859597046,0.5116355419158936,44.44444444444444,13
oracle_neighbors,60,1.0,0.8,0.8,0.8333333333333334,0.8779262680206201,0.025363573201450662,0.10336384802808982,0.4201465791862642,0.6945896744728088,88.88888888888889,13
oracle_neighbors,61,1.0,1.0,0.8666666666666667,0.8333333333333334,0.884158795384737,0.013172293321712719,0.06260970464106896,0.37912020892199577,0.822087287902832,98.14814814814815,13
oracle_neighbors,62,1.0,0.9,0.7333333333333333,0.7,0.7755217967152047,0.05693907338921751,0.2622122505834537,0.14173537522020352,0.3568829596042633,77.77777777777779,13
oracle_neighbors,63,0.6,0.8,1.0,0.8666666666666667,0.9087783225915025,0.016099971967113096,0.08300609367494105,0.36443496681579196,0.637033224105835,88.88888888888889,13
oracle_neighbors,64,0.8,0.7,0.8,0.8333333333333334,0.8851909126334763,0.032873287185943977,0.1567452245592959,0.28942000665595263,0.5361080765724182,55.55555555555556,13
oracle_neighbors,65,0.4,0.6,0.8,0.9333333333333333,0.9541614731507907,0.021874512605764087,0.13020840522380653,0.5937739340720304,0.5836846828460693,44.44444444444444,13
oracle_neighbors,66,0.4,0.7,0.8666666666666667,0.9666666666666667,0.9777554718820064,0.006821032793340047,0.07539296929139716,0.7657360950243559,0.5648327469825745,9.25925925925926,13
oracle_neighbors,67,0.6,0.6,0.8666666666666667,0.9333333333333333,0.9545339282879746,0.0020892302847622555,0.03355991541147331,0.36428298239481344,0.17881372570991516,3.7037037037037033,13
oracle_neighbors,68,0.8,0.7,0.8,0.9333333333333333,0.9540733581563857,0.0036685350028571435,0.04311709415694243,0.1395826586842024,0.3715156018733978,27.77777777777778,13
oracle_neighbors,69,1.0,0.7,0.6666666666666666,0.8666666666666667,0.9006086510407129,0.01940151625449421,0.11423047361658367,0.3552343810498183,0.4512767195701599,46.2962962962963,13
oracle_neighbors,70,0.6,0.9,0.8,0.8,0.8489635857490474,0.02241670670892525,0.10072137817813535,0.30996262587673906,0.33313047885894775,77.77777777777779,13
oracle_neighbors,71,1.0,0.8,0.7333333333333333,0.6,0.7090610296637552,0.07887858183178785,0.3437576190575875,0.24448726615409697,0.5965576171875,66.66666666666666,13
oracle_neighbors,72,0.4,0.8,0.9333333333333333,0.8333333333333334,0.8870776853013921,0.014297839865136762,0.10141110414178756,0.3096499740400318,0.40907996892929077,85.18518518518519,14
oracle_neighbors,73,0.4,0.9,0.9333333333333333,0.9333333333333333,0.9554993928252571,0.016992194821298174,0.11760485655817211,0.14744541739672407,0.06084125116467476,16.666666666666664,14
oracle_neighbors,74,0.4,0.7,0.8666666666666667,0.9333333333333333,0.9534913342081776,0.010890606156693143,0.07568226351840528,0.09288196369519379,0.24609486758708954,74.07407407407408,14
oracle_neighbors,75,0.6,0.8,0.9333333333333333,0.9,0.9319169450327971,0.02852607045468499,0.15243519999197486,0.2092707646411153,0.3389681875705719,40.74074074074074,14
oracle_neighbors,76,0.2,0.5,0.9333333333333333,0.9666666666666667,0.9775315165013186,0.013441984170277785,0.10545636056040425,0.2966737387813613,0.20684097707271576,44.44444444444444,14
oracle_neighbors,77,0.4,0.8,0.8666666666666667,1.0,1.0,0.01610611708390008,0.10203874368949944,0.29575675013837166,0.08470168709754944,31.48148148148148,14
oracle_neighbors,78,0.4,0.8,0.8,0.9,0.9290985273386317,0.06930998235350469,0.28544656112945177,0.15153254742473032,0.2535805106163025,12.962962962962962,14
oracle_neighbors,79,0.2,0.8,0.8,0.8666666666666667,0.9098386587638351,0.013579870491570126,0.09848220338174696,0.24791059364661194,0.3575299382209778,85.18518518518519,14
oracle_neighbors,80,0.4,0.7,0.8,0.9,0.9283082752247858,0.05061464976856633,0.20209636039897594,0.2645913924573516,0.2917732000350952,38.88888888888889,14
oracle_neighbors,81,0.6,0.8,0.8,0.9,0.9319169450327971,0.05292651008346762,0.21653637737963438,0.22038004922054047,0.2811264097690582,29.629629629629626,14
oracle_neighbors,82,0.2,0.7,0.9333333333333333,1.0,1.0,0.013673504067145369,0.09922629332703235,0.3710818477123999,0.4282720983028412,64.81481481481481,14
oracle_neighbors,83,0.4,0.8,0.9333333333333333,0.9666666666666667,0.9775315165013186,0.01800717280306164,0.11134680467164074,0.20605494509141078,0.11340945959091187,31.48148148148148,14
oracle_neighbors,84,0.4,0.8,0.8666666666666667,0.9333333333333333,0.9554993928252571,0.015896285504493176,0.10496730550914937,0.22896103223454006,0.4159102737903595,64.81481481481481,14
oracle_neighbors,85,0.6,0.8,0.9333333333333333,0.9,0.9320947378205844,0.040691205489563,0.18654529325498234,0.2846946844672908,0.2608010470867157,55.55555555555556,14
oracle_neighbors,86,0.0,0.7,0.8,0.9666666666666667,0.9779678763239384,0.023234840971040067,0.1320039775717069,0.30964013800231177,0.1350594311952591,51.85185185185185,14
oracle_neighbors,87,0.2,0.8,0.8666666666666667,1.0,1.0,0.013611784520658404,0.1005134238240094,0.26104317256448606,0.13133326172828674,38.88888888888889,14
oracle_neighbors,88,0.6,0.8,0.8666666666666667,0.7333333333333333,0.8170616950733729,0.07076613158515249,0.2733636135811128,0.22439218037785572,0.11506369709968567,0.0,14
oracle_neighbors,89,0.2,0.6,0.8666666666666667,1.0,1.0,0.02294740800182669,0.12962374308082858,0.4015650593861427,0.37423571944236755,64.81481481481481,14
oracle_neighbors,90,0.6,0.9,0.8666666666666667,0.6333333333333333,0.7322991367792333,0.010222190253639055,0.07427316556167432,0.1685960519677475,0.12947987020015717,66.66666666666666,15
oracle_neighbors,91,0.8,0.9,0.9333333333333333,0.9333333333333333,0.9547998360701668,0.03676056640325035,0.15288994439021905,0.03217850061999013,0.045855097472667694,3.7037037037037033,15
oracle_neighbors,92,1.0,0.9,0.9333333333333333,0.9666666666666667,0.9779678763239384,0.02157713314696978,0.09544088547034249,0.1294036474753104,0.24283647537231445,9.25925925925926,15
oracle_neighbors,93,0.8,1.0,1.0,0.8333333333333334,0.8870776853013921,0.027049556527733772,0.11074606715887941,0.11359868959913605,0.2770719528198242,16.666666666666664,15
oracle_neighbors,94,0.8,0.7,1.0,0.8333333333333334,0.8864047107278712,0.043104478090915194,0.19083113019862985,0.13046711509357695,0.2713732421398163,37.03703703703704,15
oracle_neighbors,95,0.8,0.9,0.8666666666666667,0.8666666666666667,0.9082590416161453,0.026179559434599296,0.12975464135787051,0.17420724541992613,0.34052038192749023,72.22222222222221,15
oracle_neighbors,96,0.8,0.9,0.9333333333333333,0.8333333333333334,0.8844847671051966,0.006613765851059131,0.06000530552697153,0.08998324024286466,0.4610252380371094,94.44444444444444,15
oracle_neighbors,97,0.6,0.9,1.0,0.9333333333333333,0.9540733581563857,0.013268153223355762,0.07159395961647352,0.2157598376360007,0.23743394017219543,90.74074074074075,15
oracle_neighbors,98,0.8,0.9,0.9333333333333333,0.7666666666666667,0.8312655700040152,0.012583621676511817,0.08156563690797133,0.20668133186984866,0.2522345781326294,48.148148148148145,15
oracle_neighbors,99,0.6,0.9,0.9333333333333333,0.8666666666666667,0.9097503759019745,0.019962276878110367,0.11435108379086975,0.34733963658739575,0.06733115017414093,72.22222222222221,15
oracle_neighbors,100,1.0,0.9,0.8666666666666667,0.9333333333333333,0.9557233482059448,0.010289576126346034,0.06591694249739183,0.07062166019745073,0.07462277263402939,42.592592592592595,15
oracle_neighbors,101,0.8,0.8,1.0,0.9333333333333333,0.9554993928252571,0.014045957049168483,0.0734643897206183,0.21141044356306984,0.20908570289611816,31.48148148148148,15
oracle_neighbors,102,0.8,0.9,1.0,0.8333333333333334,0.8864928257222762,0.03411834482070818,0.1308782509422658,0.09368783535355349,0.2524535059928894,11.11111111111111,15
oracle_neighbors,103,0.4,0.8,0.8666666666666667,0.9333333333333333,0.9531173349537116,0.07046279454849386,0.27024674630483286,0.17935111713440466,0.10613714903593063,0.0,15
oracle_neighbors,104,0.6,0.9,0.9333333333333333,0.7333333333333333,0.812472817453513,0.0182714165592841,0.12401528041305607,0.1873535170500496,0.44024911522865295,42.592592592592595,15
oracle_neighbors,105,0.8,0.8,0.8666666666666667,0.6333333333333333,0.738823329527859,0.011916319409472563,0.08606446518241596,0.2536206721910565,0.1758030503988266,66.66666666666666,15
oracle_neighbors,106,0.6,0.9,0.8666666666666667,0.6,0.7026483241746951,0.007252757369346375,0.05275489029215559,0.14599023215361448,0.06889064610004425,72.22222222222221,15
oracle_neighbors,107,0.6,1.0,0.8666666666666667,0.8333333333333334,0.8801170531513267,0.02083091293587542,0.11620458209340943,0.09158239205861932,0.32277753949165344,37.03703703703704,15
oracle_neighbors,108,1.0,0.6,0.6666666666666666,0.9,0.9167067316928541,0.009745119859991186,0.0778604395671798,0.43021352823151954,0.6727800965309143,66.66666666666666,16
oracle_neighbors,109,0.6,0.8,0.8666666666666667,0.7666666666666667,0.8310215783344637,0.0019387614435688104,0.025269067558242972,0.1514969259744155,0.35640496015548706,50.0,16
oracle_neighbors,110,0.2,0.9,0.9333333333333333,0.7333333333333333,0.8042472706898627,0.0013188463584931638,0.022213317510174017,0.463800872885278,0.29329168796539307,35.18518518518518,16
oracle_neighbors,111,0.4,0.9,0.8,0.6,0.7081149259171098,0.011852979352294686,0.06523380919629124,0.21804988560105865,0.34127727150917053,20.37037037037037,16
oracle_neighbors,112,0.8,0.7,0.8666666666666667,0.6333333333333333,0.7308607870708191,0.0035094303863868006,0.04515210491741243,0.5369318044732727,0.5020622611045837,20.37037037037037,16
oracle_neighbors,113,1.0,0.6,0.6666666666666666,0.7,0.744829494025462,0.014418064367063802,0.09839293094064094,0.17325972514924393,0.40597206354141235,3.7037037037037033,16
oracle_neighbors,114,0.6,0.5,0.4666666666666667,0.7333333333333333,0.7576156467553106,0.04899847623107185,0.19397157447884505,0.1440331941581758,0.22748121619224548,3.7037037037037033,16
oracle_neighbors,115,0.8,0.8,0.8666666666666667,0.8666666666666667,0.9093222134193858,0.005546118580199854,0.035295178352060835,0.01994277554009062,0.3513704836368561,81.48148148148148,16
oracle_neighbors,116,0.8,0.8,0.7333333333333333,0.8333333333333334,0.8837839970815561,0.009466987551548678,0.06304788801979887,0.6093270585434704,0.8092195987701416,79.62962962962963,16
oracle_neighbors,117,0.4,1.0,0.9333333333333333,0.9,0.9325437570134175,0.0007374222175947837,0.009907144941396658,0.1840986619563988,0.33718541264533997,83.33333333333334,16
oracle_neighbors,118,0.6,1.0,1.0,0.9333333333333333,0.9554993928252571,0.0010895978551800835,0.009839113921497035,0.19869896337167894,0.33891960978507996,83.33333333333334,16
oracle_neighbors,119,0.0,0.9,1.0,0.9333333333333333,0.9554993928252571,0.0010516952306296437,0.010770682867762088,0.2508102665429178,0.3086557984352112,83.33333333333334,16
oracle_neighbors,120,0.4,0.7,0.8666666666666667,0.9333333333333333,0.9554993928252571,0.01387604665764203,0.06165475233046778,0.1708550246929738,0.3494113087654114,81.48148148148148,16
oracle_neighbors,121,1.0,0.6,0.5333333333333333,0.9,0.9330182499563624,0.03710184108555517,0.16659363188158613,0.12625999376297237,0.46958038210868835,48.148148148148145,16
oracle_neighbors,122,1.0,0.7,0.7333333333333333,0.8333333333333334,0.8739092769831773,0.02529255038242345,0.10939445352431741,0.13979201982484618,0.3993946611881256,20.37037037037037,16
oracle_neighbors,123,0.8,0.7,0.7333333333333333,0.7666666666666667,0.8152178363197016,0.027448309448790363,0.13794695436110174,0.2307223094031215,0.5138310194015503,5.555555555555555,16
oracle_neighbors,124,1.0,0.8,0.8666666666666667,0.8666666666666667,0.9100626141445228,0.009420062803438127,0.06982916082591097,0.3236525805720153,0.6018402576446533,25.925925925925924,16
oracle_neighbors,125,1.0,0.8,1.0,0.8,0.8560316032237388,0.0017590855700486293,0.03235831671900698,0.24736341160632996,0.5059023499488831,62.96296296296296,16
oracle_neighbors,126,0.8,1.0,1.0,0.6666666666666666,0.7609248433313626,0.007208411330747649,0.04125280870316518,0.2041503800673331,0.3996184170246124,74.07407407407408,17
oracle_neighbors,127,0.8,1.0,0.8,0.8333333333333334,0.8812807186430458,0.029628779838686434,0.1325868986473186,0.18232763136745694,0.3694860339164734,48.148148148148145,17
oracle_neighbors,128,0.8,0.9,0.8,0.8333333333333334,0.8785900583899463,0.013023980872926211,0.07382369533858796,0.16492132253585193,0.37326881289482117,48.148148148148145,17
oracle_neighbors,129,0.4,0.8,0.7333333333333333,0.7333333333333333,0.8075326798916805,0.01883161743839377,0.09033935831007235,0.1706471544523874,0.2588053345680237,40.74074074074074,17
oracle_neighbors,130,0.8,0.9,0.9333333333333333,0.8333333333333334,0.8860322555906873,0.006261576025112785,0.04273639058211141,0.18383159569000612,0.4039398431777954,64.81481481481481,17
oracle_neighbors,131,0.8,0.9,0.7333333333333333,0.8666666666666667,0.9046290785763141,0.014570866364349748,0.05858668711379861,0.1952233760192558,0.427383691072464,64.81481481481481,17
oracle_neighbors,132,0.6,0.7,0.8,0.9,0.9297334722097237,0.061388282409312586,0.23250203621423626,0.26859973089495837,0.23489102721214294,27.77777777777778,17
oracle_neighbors,133,0.8,1.0,0.7333333333333333,0.6333333333333333,0.7387055045267958,0.014357893310809522,0.04384933745033799,0.11274638485735432,0.43026602268218994,94.44444444444444,17
oracle_neighbors,134,0.8,0.9,0.9333333333333333,0.8,0.8583656335612779,0.006729180029216522,0.042500649052229084,0.1647153323292459,0.0909322053194046,68.51851851851852,17
oracle_neighbors,135,0.8,0.7,0.8,0.9,0.9309934328970191,0.04636157977699856,0.21538494081260728,0.18065405531472392,0.10406067222356796,48.148148148148145,17
oracle_neighbors,136,0.6,0.8,0.7333333333333333,0.9333333333333333,0.9538383370612389,0.04299005628769931,0.17161858482707942,0.08849319586267276,0.031399205327034,7.4074074074074066,17
oracle_neighbors,137,1.0,0.9,0.8666666666666667,0.9333333333333333,0.9538383370612389,0.0199757766948111,0.09293418740946251,0.050337333645204846,0.1991996020078659,5.555555555555555,17
oracle_neighbors,138,0.8,0.8,0.8666666666666667,0.8666666666666667,0.9077394816539871,0.020929312372368166,0.1077777319654078,0.07503282486325345,0.07846742123365402,0.0,17
oracle_neighbors,139,0.8,0.7,1.0,0.7666666666666667,0.8381217654389626,0.012989819785888713,0.09134367620747495,0.12482638441463893,0.2436509132385254,3.7037037037037033,17
oracle_neighbors,140,0.6,0.9,0.8666666666666667,0.7333333333333333,0.8083871727379562,0.012465707241658422,0.06311752371448846,0.3668073273972548,0.36817342042922974,22.22222222222222,17
oracle_neighbors,141,1.0,0.8,0.9333333333333333,0.8333333333333334,0.8755928781622817,0.008900117283365906,0.04910151594284448,0.28306273257563697,0.6321573257446289,27.77777777777778,17
oracle_neighbors,142,0.8,0.6,0.8,0.9333333333333333,0.9552869883833249,0.01785875033002936,0.10701977053235626,0.11238737272142973,0.15053170919418335,61.111111111111114,17
oracle_neighbors,143,1.0,0.8,0.9333333333333333,0.9333333333333333,0.9554993928252571,0.021708947543686487,0.12582268385795728,0.13533755453921636,0.3278712034225464,57.407407407407405,17
oracle_neighbors,144,0.8,0.8,0.9333333333333333,0.7,0.787404349540794,0.009832280634907837,0.04115957926904099,0.23688912213578758,0.5161004066467285,79.62962962962963,18
oracle_neighbors,145,0.4,0.5,0.6666666666666666,0.9333333333333333,0.9545339282879746,0.00778867748232546,0.07470378840014613,0.30639056196214565,0.5303363800048828,53.70370370370371,18
oracle_neighbors,146,0.8,0.7,0.8666666666666667,0.9,0.9280958707828536,0.004611486109554581,0.04062032092694515,0.4683034744992419,0.4930225908756256,77.77777777777779,18
oracle_neighbors,147,0.6,0.6,0.7333333333333333,0.9,0.9283580460387308,0.008742673216505011,0.06473524937278137,0.4567942144274851,0.5011217594146729,77.77777777777779,18
oracle_neighbors,148,0.2,0.5,0.8,0.9333333333333333,0.9526489171432685,0.01653104847258721,0.09361720968924507,0.5881583553480887,0.27950963377952576,55.55555555555556,18
oracle_neighbors,149,0.6,0.6,0.8,0.7666666666666667,0.8402832386674047,0.012687891084592994,0.07470962716933699,0.3642454228804573,0.22327785193920135,51.85185185185185,18
oracle_neighbors,150,0.8,1.0,0.8666666666666667,0.8666666666666667,0.9016063713456928,0.007501564456019609,0.034595894385110904,0.38654891514043094,0.8234503269195557,90.74074074074075,18
oracle_neighbors,151,0.8,0.8,0.8666666666666667,0.8666666666666667,0.9079995935806908,0.00956659699479638,0.04209093938016564,0.4154863156150283,0.8681051135063171,94.44444444444444,18
oracle_neighbors,152,0.6,0.9,0.9333333333333333,0.7,0.7878850038275794,0.0077183418258694415,0.04398640695585259,0.13962002652319297,0.1382976770401001,59.25925925925925,18
oracle_neighbors,153,0.6,0.8,0.9333333333333333,0.8,0.8598894789140034,0.0062972671742590955,0.040180795098091096,0.4280377990477325,0.342408686876297,64.81481481481481,18
oracle_neighbors,154,0.2,0.4,0.7333333333333333,0.9,0.9258638567850863,0.02843605343991762,0.15655296625934173,0.2607484942480635,0.3066176772117615,3.7037037037037033,18
oracle_neighbors,155,0.4,0.9,0.7333333333333333,0.9,0.9320947378205844,0.0013857861827371706,0.03148312001381978,0.252742040779435,0.19939221441745758,29.629629629629626,18
oracle_neighbors,156,1.0,0.9,0.7333333333333333,0.9333333333333333,0.9552869883833249,0.0013474778477225284,0.030214300444158883,0.29126393155858055,0.224147766828537,25.925925925925924,18
oracle_neighbors,157,0.6,1.0,0.8,0.9333333333333333,0.9554993928252571,0.0014175360549213128,0.03600262020259128,0.3571923700783256,0.2740112245082855,20.37037037037037,18
oracle_neighbors,158,0.6,0.8,0.8,0.9333333333333333,0.9557233482059448,0.003659514016729871,0.04465982017085984,0.3702701130266115,0.5484191179275513,12.962962962962962,18
oracle_neighbors,159,0.6,0.8,0.9333333333333333,0.6,0.7174291900754418,0.01753746100691057,0.11366830256825883,0.13558701841604848,0.3743768632411957,27.77777777777778,18
oracle_neighbors,160,0.4,0.8,0.9333333333333333,0.7,0.7866750937910528,0.005921405296284947,0.04154708382021133,0.1400369843005464,0.27898937463760376,59.25925925925925,18
oracle_neighbors,161,0.6,0.9,0.9333333333333333,0.8333333333333334,0.8797880789232648,0.023418398393400295,0.15322907693634572,0.037373670734457715,0.2148428112268448,11.11111111111111,18
oracle_neighbors,162,0.6,0.5,0.6,0.9,0.9273597464230995,0.04264872808538879,0.17892417663049995,0.15089491025719645,0.09084400534629822,75.92592592592592,19
oracle_neighbors,163,0.6,0.6,0.6,0.6,0.708837168716302,0.1608667922112491,0.4411411805257246,0.3797946256941973,0.19989581406116486,31.48148148148148,19
oracle_neighbors,164,0.2,0.4,0.6,0.5333333333333333,0.5143595850310556,0.3052902830619511,1.4088910248148288,0.7112414691654363,0.1585964411497116,100.0,19
oracle_neighbors,165,0.6,0.7,0.7333333333333333,0.5,0.6359798190205295,0.22532143181046654,1.0538143388964205,0.5497277864585719,0.24800638854503632,22.22222222222222,19
oracle_neighbors,166,0.4,0.5,0.7333333333333333,0.7333333333333333,0.8070956886138816,0.10326096130172516,0.30761042017201357,0.3136564292619618,0.33524757623672485,0.0,19
oracle_neighbors,167,0.4,0.5,0.4666666666666667,0.8666666666666667,0.8978022014949758,0.12744993037242885,0.38989948691174275,0.36899449806145307,0.17516015470027924,22.22222222222222,19
oracle_neighbors,168,0.0,0.3,0.5333333333333333,0.8333333333333334,0.8754329370668755,0.11221483443245102,0.3895497156640639,0.14819024688025112,0.2422114759683609,51.85185185185185,19
oracle_neighbors,169,0.4,0.6,0.6666666666666666,0.8333333333333334,0.8843613054129877,0.031240672511722332,0.14053350158415306,0.1502485476574484,0.10991984605789185,64.81481481481481,19
oracle_neighbors,170,0.2,0.5,0.6666666666666666,0.7333333333333333,0.8075467328562531,0.03654313811543425,0.17842379111325732,0.13976347884616167,0.081997811794281,74.07407407407408,19
oracle_neighbors,171,0.4,0.5,0.5333333333333333,0.8333333333333334,0.8852791954953368,0.04732199222416243,0.2089830543181187,0.11472975880183793,0.19596204161643982,64.81481481481481,19
oracle_neighbors,172,0.4,0.3,0.5333333333333333,0.8333333333333334,0.878360432691533,0.09783653566203082,0.31669148186848695,0.39901674833917977,0.17676298320293427,55.55555555555556,19
oracle_neighbors,173,0.6,0.5,0.4666666666666667,0.7666666666666667,0.8220961030898136,0.29337573044239634,0.7841040011145655,0.48981627561106295,0.19561219215393066,22.22222222222222,19
oracle_neighbors,174,0.0,0.5,0.6,0.5666666666666667,0.5723412224799894,0.08103891183566707,0.39804955440138123,0.36042452109961115,0.5463374257087708,100.0,19
oracle_neighbors,175,0.2,0.5,0.4,0.23333333333333334,0.39226102087540937,0.6360991823449147,2.880838719018575,0.8191159916652647,0.46436673402786255,42.592592592592595,19
oracle_neighbors,176,0.4,0.5,0.6666666666666666,0.7333333333333333,0.7918966616325215,0.11301235497257599,0.3892958225763929,0.21913741608781273,0.21424348652362823,0.0,19
oracle_neighbors,177,0.4,0.5,0.4666666666666667,0.8666666666666667,0.8972183003258061,0.12996694794174707,0.3892855226767914,0.3747439943824693,0.1693403273820877,22.22222222222222,19
oracle_neighbors,178,0.2,0.4,0.4666666666666667,0.8666666666666667,0.8988007490783156,0.11494118433074806,0.3796854889710598,0.1764485438891448,0.22541937232017517,59.25925925925925,19
oracle_neighbors,179,0.4,0.5,0.6,0.8333333333333334,0.8770159438231226,0.08338423913507619,0.2718347910411821,0.4023422935272403,0.14339901506900787,64.81481481481481,19
oracle_neighbors,180,0.8,1.0,0.8666666666666667,0.4666666666666667,0.6124868592426146,0.007624121381686801,0.033967329464902066,0.04927546602267475,0.4185546934604645,74.07407407407408,1
oracle_neighbors,181,0.6,0.5,0.8,0.7,0.7833955963573666,0.027718504377884676,0.12159240603611454,0.15805588607239618,0.22587254643440247,33.33333333333333,1
oracle_neighbors,182,0.6,0.6,0.5333333333333333,0.4,0.5418241370416352,0.1091203564288051,0.3867509983980911,0.13570126472441044,0.21719525754451752,12.962962962962962,1
oracle_neighbors,183,0.8,0.6,0.6,0.43333333333333335,0.5716443082947426,0.09534040992133816,0.33992767484781605,0.11324625016651917,0.20895865559577942,9.25925925925926,1
oracle_neighbors,184,0.6,0.6,0.8,0.7333333333333333,0.808687678279109,0.03376491178316001,0.1517918337197628,0.13396483306493323,0.2937637269496918,35.18518518518518,1
oracle_neighbors,185,0.8,0.6,0.8,0.7333333333333333,0.8167385589838211,0.03761342621580432,0.1906552726886661,0.26468373382420723,0.32320261001586914,62.96296296296296,1
oracle_neighbors,186,0.6,0.8,0.9333333333333333,0.7,0.7918880176135943,0.006699519148839874,0.04553499230321834,0.37551723787588953,0.534457802772522,92.5925925925926,1
oracle_neighbors,187,1.0,0.9,0.8666666666666667,0.6333333333333333,0.7423863864779882,0.007771298954351004,0.04652323538684849,0.08878045228765455,0.9183548092842102,100.0,1
oracle_neighbors,188,0.6,0.8,0.8666666666666667,0.6333333333333333,0.7389978771774772,0.0024455799854617576,0.03221739055122249,0.2709438513477338,0.11358551681041718,64.81481481481481,1
oracle_neighbors,189,0.6,1.0,0.9333333333333333,0.6666666666666666,0.7680816144404465,0.0056151806752442815,0.0392037672002587,0.1398624226087511,0.7028864622116089,96.29629629629629,1
oracle_neighbors,190,0.6,0.6,0.9333333333333333,0.7,0.7925851529576119,0.014908581060038483,0.09290739655118418,0.33587028392694673,0.3307678699493408,81.48148148148148,1
oracle_neighbors,191,0.6,0.7,0.8,0.5666666666666667,0.6829620407180157,0.06528417991332161,0.3410074584450291,0.21263562016077106,0.041523277759552,22.22222222222222,1
oracle_neighbors,192,0.4,0.8,0.8,0.4666666666666667,0.604291803273507,0.09531027027676728,0.4325526254374791,0.19320183420702666,0.10596366971731186,0.0,1
oracle_neighbors,193,0.6,0.8,0.7333333333333333,0.5,0.6327821638736604,0.039268089574944126,0.17450251684141563,0.162647053696484,0.2445763796567917,20.37037037037037,1
oracle_neighbors,194,0.6,0.8,0.8,0.6333333333333333,0.7367226688030519,0.017660545618408414,0.08265852690035023,0.1429048186709077,0.3167068660259247,35.18518518518518,1
oracle_neighbors,195,0.4,0.7,0.9333333333333333,0.7333333333333333,0.8163915561307596,0.0031187530022194583,0.03814985455280243,0.29469682282316423,0.06919374316930771,62.96296296296296,1
oracle_neighbors,196,0.8,0.9,0.8666666666666667,0.4666666666666667,0.6124868592426146,0.0054710116706927995,0.025994500071968962,0.03323466548986281,0.43022528290748596,72.22222222222221,1
oracle_neighbors,197,0.6,0.8,0.8,0.6333333333333333,0.7386737826779792,0.005843867286697813,0.040076933311003114,0.27899008157633987,0.31603682041168213,50.0,1
oracle_neighbors,198,0.8,0.9,0.9333333333333333,0.9,0.9313543370954472,0.0066356064577020035,0.04108876723666968,0.18864451289097614,0.3095223903656006,94.44444444444444,20
oracle_neighbors,199,0.8,1.0,0.8666666666666667,0.7,0.7883333837771319,0.017856584174011408,0.09782470059281131,0.21755314824109218,0.322823703289032,46.2962962962963,20
oracle_neighbors,200,0.6,1.0,1.0,0.6666666666666666,0.7630753916102373,0.02410568892889133,0.1178600075847929,0.1723505530495737,0.24703510105609894,22.22222222222222,20
oracle_neighbors,201,0.8,0.9,0.9333333333333333,0.9,0.9305688693510967,0.01973429563333559,0.10356083835210943,0.3146195730434496,0.43027424812316895,46.2962962962963,20
oracle_neighbors,202,0.8,0.9,1.0,0.9666666666666667,0.9775315165013186,0.0301565438867785,0.13359612531862816,0.3274830044256523,0.4473458528518677,61.111111111111114,20
oracle_neighbors,203,1.0,1.0,0.9333333333333333,0.9333333333333333,0.9554993928252571,0.024019595621129264,0.12186577257329817,0.2684035528280387,0.4209008514881134,75.92592592592592,20
oracle_neighbors,204,1.0,0.9,0.9333333333333333,0.9,0.9332548647072635,0.022338546219452228,0.11876121453878857,0.22746729277405023,0.33918723464012146,75.92592592592592,20
oracle_neighbors,205,0.8,0.9,0.8666666666666667,0.9,0.9301804336445871,0.016075707926001374,0.09264942135898115,0.20078578177424578,0.24265815317630768,74.07407407407408,20
oracle_neighbors,206,1.0,0.9,0.9333333333333333,0.8333333333333334,0.8857397656269257,0.008479904332062783,0.06074572717422996,0.16913282460611964,0.3137395679950714,85.18518518518519,20
oracle_neighbors,207,1.0,0.9,0.9333333333333333,0.7666666666666667,0.8393471919425992,0.005547609592839308,0.03751772981965398,0.18515814155974644,0.33848610520362854,75.92592592592592,20
oracle_neighbors,208,1.0,0.8,0.8666666666666667,0.7,0.7925851529576119,0.004965529558959826,0.03705325821985237,0.09830628498167043,0.21700473129749298,75.92592592592592,20
oracle_neighbors,209,0.8,0.8,0.8666666666666667,0.7333333333333333,0.8148076468397673,0.008054553066508856,0.05252251500832111,0.15415416511249466,0.28719207644462585,57.407407407407405,20
oracle_neighbors,210,0.8,0.9,0.8,0.6666666666666666,0.7643353522975328,0.023176560033912625,0.10543799492095035,0.1647498481735933,0.3064281642436981,25.925925925925924,20
oracle_neighbors,211,1.0,1.0,0.8666666666666667,0.7333333333333333,0.8070777100829873,0.030291212191570157,0.13980075701065264,0.17728819489709916,0.32400062680244446,9.25925925925926,20
oracle_neighbors,212,1.0,0.8,0.8,0.9666666666666667,0.9772949017504176,0.02946594794332752,0.12483543732287017,0.22253510898708062,0.41437533497810364,25.925925925925924,20
oracle_neighbors,213,0.8,0.9,1.0,0.9,0.9320947378205844,0.010847675545690416,0.07337718685962631,0.20693781342339634,0.42980366945266724,59.25925925925925,20
oracle_neighbors,214,1.0,1.0,0.9333333333333333,0.8666666666666667,0.9090392682081286,0.00980227654281166,0.06310121137537512,0.17421200303623574,0.24246615171432495,85.18518518518519,20
oracle_neighbors,215,1.0,0.9,0.8666666666666667,0.7,0.7827437396598025,0.008858633407191573,0.0635316444811512,0.1268058240405538,0.3069462180137634,64.81481481481481,20
oracle_neighbors,216,0.8,0.9,0.8666666666666667,0.43333333333333335,0.5838182774948055,0.01339584714030479,0.07497938536942986,0.10487225227653925,0.7711513638496399,85.18518518518519,2
oracle_neighbors,217,0.6,0.3,0.2,0.16666666666666666,0.32182863475352097,0.5602960268160531,2.0622935445279027,1.0735395888944206,0.6406711339950562,57.407407407407405,2
oracle_neighbors,218,0.6,0.8,0.8,0.6,0.7127533111687157,0.012085786419590152,0.09651559974969387,0.19225867008456585,0.36748597025871277,55.55555555555556,2
oracle_neighbors,219,0.6,0.5,0.4,0.4,0.4932040888520184,0.42291029546863457,1.3602594630975224,0.3777394618229527,0.23460528254508972,48.148148148148145,2
oracle_neighbors,220,0.8,0.7,0.6666666666666666,0.7333333333333333,0.809044630844367,0.049780590499164654,0.19620416755824066,0.2188270653718931,0.45603275299072266,22.22222222222222,2
oracle_neighbors,221,0.6,0.8,0.8666666666666667,0.7,0.783081066282191,0.016369239047242683,0.08648003128704466,0.28941588091443854,0.23136307299137115,14.814814814814813,2
oracle_neighbors,222,0.6,1.0,0.9333333333333333,0.7,0.7750540962571982,0.0067505714408616834,0.05693599565631707,0.1373478353462567,0.35660600662231445,14.814814814814813,2
oracle_neighbors,223,1.0,1.0,0.8,0.6666666666666666,0.7404794445875492,0.01423020049556543,0.06077246515501328,0.2633615750730075,0.4851272404193878,14.814814814814813,2
oracle_neighbors,224,0.8,0.9,0.8666666666666667,0.5,0.6374285131812701,0.012689074350525057,0.07869709829939767,0.14606871645487396,0.4881162941455841,74.07407407407408,2
oracle_neighbors,225,1.0,1.0,0.8666666666666667,0.6333333333333333,0.7215139982673698,0.009813298600416086,0.05375207917283621,0.16244180784576992,0.4196600914001465,12.962962962962962,2
oracle_neighbors,226,0.8,0.8,1.0,0.6666666666666666,0.7529336551486064,0.01612256419953737,0.09557862067545164,0.21953988467670557,0.6102100610733032,5.555555555555555,2
oracle_neighbors,227,0.6,0.3,0.2,0.16666666666666666,0.30282462737902593,0.5300644574854132,2.05393309319389,0.3440740298629523,0.5064184069633484,3.7037037037037033,2
oracle_neighbors,228,0.0,0.2,0.4666666666666667,0.6333333333333333,0.6377583097296771,0.17223417017365183,0.6780669497992506,0.5877838948458046,0.33332452178001404,66.66666666666666,2
oracle_neighbors,229,0.2,0.1,0.3333333333333333,0.3333333333333333,0.3028389197767023,0.49956469560985206,1.9654051064231635,0.8685199823933043,0.5260171294212341,38.88888888888889,2
oracle_neighbors,230,0.4,0.6,0.6,0.3,0.4581417334952231,0.449134080483757,1.4681654651933251,0.7704612204805845,0.26124829053878784,44.44444444444444,2
oracle_neighbors,231,1.0,0.9,0.9333333333333333,0.5,0.6397747256990975,0.013819598835652765,0.07278771551077334,0.13139819460218524,0.4934876263141632,79.62962962962963,2
oracle_neighbors,232,0.8,1.0,0.8666666666666667,0.43333333333333335,0.5845486656447131,0.021813333515501538,0.11010001346121553,0.1386684613265276,0.35939523577690125,94.44444444444444,2
oracle_neighbors,233,1.0,0.9,0.6,0.36666666666666664,0.5254330524972798,0.1160145765416911,0.43037607609772877,0.26421505386021893,0.2507268786430359,61.111111111111114,2
oracle_neighbors,234,0.2,0.4,0.6666666666666666,0.8666666666666667,0.9085007390893687,0.06275749678705364,0.22200923601738332,0.269291795880722,0.08651864528656006,57.407407407407405,3
oracle_neighbors,235,0.2,0.5,0.5333333333333333,0.8,0.8235490530689356,0.10723129340858796,0.34057676526895336,0.3882298359117301,0.18435315787792206,61.111111111111114,3
oracle_neighbors,236,0.4,0.3,0.2,0.4,0.5118050061930584,0.4337622922480226,2.0243656546981548,0.6936265599127681,0.3858793377876282,96.29629629629629,3
oracle_neighbors,237,0.0,0.3,0.6,0.6,0.6237709379046265,0.22767913552733512,0.9677532578640269,0.7819914191847975,0.10972292721271515,22.22222222222222,3
oracle_neighbors,238,0.0,0.4,0.6,0.7333333333333333,0.7915291022954772,0.0631952958277908,0.2421278708858399,0.10114502182869554,0.24915790557861328,0.0,3
oracle_neighbors,239,0.2,0.5,0.6,0.8666666666666667,0.9060923272353357,0.06701919645758443,0.24707808200535986,0.14951508626181076,0.1707577258348465,22.22222222222222,3
oracle_neighbors,240,0.2,0.6,0.5333333333333333,0.7666666666666667,0.8328708872157533,0.07028916434273151,0.2649869184232602,0.1029985859579979,0.2132696509361267,33.33333333333333,3
oracle_neighbors,241,0.6,0.7,0.7333333333333333,0.8333333333333334,0.882958898635709,0.03723558069446245,0.16470112362162387,0.17546904115289816,0.20262616872787476,50.0,3
oracle_neighbors,242,0.4,0.6,0.7333333333333333,0.7333333333333333,0.8070010732178937,0.030787800704953527,0.1622203576197833,0.1073397285334623,0.30002713203430176,74.07407407407408,3
oracle_neighbors,243,0.4,0.5,0.6666666666666666,0.7666666666666667,0.8200869338966348,0.039026886089115975,0.18826834537875264,0.21655572067131204,0.09831075370311737,55.55555555555556,3
oracle_neighbors,244,0.2,0.3,0.4,0.7666666666666667,0.8104554818587529,0.12985735009642121,0.40283377755809713,0.3011157942986177,0.013272811658680439,57.407407407407405,3
oracle_neighbors,245,0.6,0.7,0.6,0.6,0.7071025509658914,0.22080420086480615,0.5948630415832787,0.5475036329382942,0.1953292042016983,61.111111111111114,3
oracle_neighbors,246,0.0,0.2,0.3333333333333333,0.5,0.40202409769422015,0.4406073824096182,2.049579087396768,0.8283258110210306,0.16826306283473969,90.74074074074075,3
oracle_neighbors,247,0.6,0.5,0.6666666666666666,0.4666666666666667,0.6045517534982556,0.28992561446560394,1.3119965431775389,0.6607366706703154,0.3043527901172638,57.407407407407405,3
oracle_neighbors,248,0.6,0.5,0.6666666666666666,0.8,0.8608179532153474,0.09247876646666818,0.29383393554773646,0.3159769636721922,0.14628449082374573,3.7037037037037033,3
oracle_neighbors,249,0.2,0.4,0.4666666666666667,0.8333333333333334,0.7907549879965798,0.11823706806335428,0.3877757874381883,0.2428481422108897,0.06402190029621124,20.37037037037037,3
oracle_neighbors,250,0.4,0.5,0.5333333333333333,0.8666666666666667,0.8884963440947777,0.09244534660545844,0.3280199380446963,0.11902167873422154,0.11595410108566284,38.88888888888889,3
oracle_neighbors,251,0.0,0.5,0.6,0.7666666666666667,0.8264353867870471,0.03606292164232636,0.16160406149660128,0.1661751770812297,0.2237044721841812,70.37037037037037,3
oracle_neighbors,252,0.8,0.8,0.7333333333333333,0.5,0.6205287227097862,0.06082733525161578,0.22458308564400603,0.17059719102221457,0.22437702119350433,94.44444444444444,4
oracle_neighbors,253,1.0,0.9,0.6,0.6333333333333333,0.711351755427499,0.057945342403277623,0.17602465983933566,0.22245100440763668,0.23077796399593353,62.96296296296296,4
oracle_neighbors,254,0.8,0.8,0.6,0.5333333333333333,0.6365885895104142,0.052675625043572344,0.17269930553874294,0.13591218275243275,0.3734637498855591,44.44444444444444,4
oracle_neighbors,255,1.0,0.9,0.6666666666666666,0.5,0.6305553924922888,0.05440136156833404,0.1976365272314158,0.14089786433883264,0.339112788438797,25.925925925925924,4
oracle_neighbors,256,1.0,0.9,0.6,0.5666666666666667,0.6845131867807601,0.06436831988192986,0.22777646776953586,0.20127595810190443,0.21011687815189362,35.18518518518518,4
oracle_neighbors,257,1.0,0.8,0.8666666666666667,0.6333333333333333,0.7424793404608124,0.006721337819483252,0.0528290680785552,0.037412014855549,0.33230704069137573,51.85185185185185,4
oracle_neighbors,258,1.0,1.0,1.0,0.7,0.7912391003926741,0.0029911982486202342,0.025365134312262002,0.13742069011146088,0.2549581527709961,62.96296296296296,4
oracle_neighbors,259,0.6,1.0,1.0,0.6666666666666666,0.7673298818310393,0.0003551456639488566,0.008270572692598,0.08211377129405494,0.24703703820705414,62.96296296296296,4
oracle_neighbors,260,0.6,0.4,0.5333333333333333,0.6,0.6689038661687309,0.18738129520060295,0.560101367629501,0.14225118144351973,0.5600178241729736,38.88888888888889,4
oracle_neighbors,261,1.0,0.9,0.8666666666666667,0.6666666666666666,0.7684556136949123,0.005798631947784235,0.04655777650529987,0.049693614161102635,0.3427894413471222,42.592592592592595,4
oracle_neighbors,262,1.0,0.9,0.6666666666666666,0.36666666666666664,0.5263831932190675,0.10934872830587918,0.34238320570267544,0.22941706460213523,0.3265126645565033,9.25925925925926,4
oracle_neighbors,263,1.0,1.0,0.8,0.5,0.6397747256990975,0.04333445758939017,0.17297634925860048,0.1144471612802739,0.28449949622154236,3.7037037037037033,4
oracle_neighbors,264,1.0,0.9,0.8,0.43333333333333335,0.5825840491842171,0.021145495468316497,0.09256182987179082,0.08267858501460706,0.28434503078460693,9.25925925925926,4
oracle_neighbors,265,1.0,0.9,0.8666666666666667,0.5,0.638182087205073,0.023022736089160886,0.10324250649444927,0.05653622394465741,0.2607417106628418,16.666666666666664,4
oracle_neighbors,266,1.0,0.8,0.6666666666666666,0.5333333333333333,0.6382096209725375,0.07310901638814198,0.2641465258664875,0.1928089071644935,0.3422575891017914,42.592592592592595,4
oracle_neighbors,267,0.8,0.8,0.8,0.4,0.5482789541103212,0.07356886094552752,0.2714368813759504,0.2254656172921947,0.25190702080726624,88.88888888888889,4
oracle_neighbors,268,1.0,1.0,0.8,0.5,0.6324846080805605,0.052383696637897895,0.21634175858030558,0.19319282695451037,0.3442949950695038,98.14814814814815,4
oracle_neighbors,269,0.8,0.6,0.6,0.7333333333333333,0.7969425021988991,0.046176769090822425,0.1854545020816975,0.20742848641760084,0.1971990168094635,79.62962962962963,4
oracle_neighbors,270,0.8,0.9,0.9333333333333333,0.8333333333333334,0.8873282228636491,0.02590017570523361,0.1424914348554492,0.10718632288623142,0.15656283497810364,12.962962962962962,5
oracle_neighbors,271,0.4,0.8,0.6666666666666666,0.6,0.7016188747712683,0.06357729022367117,0.2652435350851954,0.09592372163024922,0.10212840884923935,55.55555555555556,5
oracle_neighbors,272,0.2,0.7,0.8666666666666667,0.6333333333333333,0.7409375185245632,0.28131574518136493,1.2296008039111335,0.8775536611415122,0.2689167261123657,88.88888888888889,5
oracle_neighbors,273,0.4,0.3,0.4,0.36666666666666664,0.4936777534384772,0.4773866033083941,2.1805916323608927,0.8598508723608459,0.47386524081230164,88.88888888888889,5
oracle_neighbors,274,1.0,0.8,0.8,0.6,0.7094978085244215,0.1136351217105901,0.3955952815844627,0.07911358539917081,0.16433769464492798,77.77777777777779,5
oracle_neighbors,275,0.6,0.9,0.8,0.5,0.6343276875453202,0.06729049376681762,0.23577378783835723,0.149919247056696,0.11526810377836227,59.25925925925925,5
oracle_neighbors,276,0.6,0.8,0.8,0.7333333333333333,0.8077458940583011,0.030252862473545746,0.1453816596382949,0.06036578547326384,0.08907411247491837,33.33333333333333,5
oracle_neighbors,277,0.4,0.7,0.8,0.8666666666666667,0.9071906931100974,0.031192768133832066,0.1487694071360619,0.06583080573822236,0.07525040209293365,7.4074074074074066,5
oracle_neighbors,278,0.8,0.9,0.8666666666666667,0.6,0.7119185492513103,0.01622190997170389,0.08519724587984692,0.09155593478179844,0.2316647619009018,12.962962962962962,5
oracle_neighbors,279,0.4,0.9,0.8,0.5666666666666667,0.6850122788521589,0.0311197550401884,0.12709067074574257,0.023163994141276033,0.21040283143520355,12.962962962962962,5
oracle_neighbors,280,0.4,0.8,0.7333333333333333,0.6333333333333333,0.7301811407106759,0.08628515409611716,0.28199032389075745,0.2519152342421423,0.14743821322917938,33.33333333333333,5
oracle_neighbors,281,0.4,0.8,0.6,0.5666666666666667,0.670992813382756,0.08855524100815101,0.31934126090605,0.153370220327229,0.1220526397228241,53.70370370370371,5
oracle_neighbors,282,0.2,0.4,0.4666666666666667,0.5,0.5717197940423604,0.4092977516615232,1.777546304654462,0.8539911477558197,0.4806615114212036,94.44444444444444,5
oracle_neighbors,283,0.6,0.3,0.5333333333333333,0.4666666666666667,0.5915720621640543,0.4840103130135579,2.2288951923925495,0.9038153488806064,0.3146412670612335,88.88888888888889,5
oracle_neighbors,284,0.8,0.9,0.7333333333333333,0.5,0.6374285131812701,0.12995170713582108,0.4110437262296262,0.15155707645067076,0.18078921735286713,77.77777777777779,5
oracle_neighbors,285,0.6,0.9,0.8,0.5333333333333333,0.6627303615109371,0.06635910099422238,0.24045578880213295,0.15386923458417084,0.03303562477231026,55.55555555555556,5
oracle_neighbors,286,0.6,0.9,1.0,0.7666666666666667,0.8393922804278018,0.02282925815087482,0.11933276336905495,0.08555557983503949,0.14054086804389954,33.33333333333333,5
oracle_neighbors,287,0.6,0.8,0.8,0.7333333333333333,0.8140919208160268,0.08200648896907435,0.2782453586156246,0.24823235847094108,0.13760729134082794,33.33333333333333,5
oracle_neighbors,288,0.0,0.4,0.4666666666666667,0.9,0.9317824995780359,0.11154524566064465,0.3733491705873609,0.21457813226069775,0.32877257466316223,38.88888888888889,6
oracle_neighbors,289,0.6,0.7,0.8,0.6666666666666666,0.7651905848616708,0.1361528176469086,0.36973986735632725,0.5222458809485133,0.44955557584762573,40.74074074074074,6
oracle_neighbors,290,0.6,0.6,0.6,0.3333333333333333,0.49593616181944333,0.25888156268033874,1.2303354086625258,0.5658702498142931,0.4409978985786438,79.62962962962963,6
oracle_neighbors,291,0.4,0.8,0.7333333333333333,0.43333333333333335,0.5770356175840722,0.214237522754547,1.0035680570555703,0.5395141634478486,0.2649868130683899,20.37037037037037,6
oracle_neighbors,292,0.4,0.7,0.7333333333333333,0.7666666666666667,0.8340175341493807,0.10707151064350923,0.31235304986494744,0.39172444842984205,0.26927563548088074,0.0,6
oracle_neighbors,293,0.2,0.5,0.5333333333333333,0.9,0.9215514379416374,0.12998283798453983,0.4047335322351892,0.3782932216552416,0.10707146674394608,18.51851851851852,6
oracle_neighbors,294,0.2,0.5,0.6,0.9333333333333333,0.949207644738228,0.09255052675494324,0.33357159259625063,0.18477245919344412,0.2832929790019989,29.629629629629626,6
oracle_neighbors,295,0.2,0.4,0.6,0.9,0.9291046081077087,0.07446606200900341,0.27817582523664275,0.2476236677502174,0.30791181325912476,38.88888888888889,6
oracle_neighbors,296,0.6,0.7,0.8,0.9,0.9292485712124099,0.022145815281562002,0.148472298152003,0.09519998841598028,0.21936407685279846,64.81481481481481,6
oracle_neighbors,297,0.2,0.5,0.7333333333333333,0.8333333333333334,0.883571592639624,0.047457782690849555,0.21973998111029183,0.11000572498179098,0.269748717546463,51.85185185185185,6
oracle_neighbors,298,0.6,0.6,0.6666666666666666,0.7666666666666667,0.83128299761852,0.09415294325160553,0.28619519945050675,0.44218687297602804,0.22549770772457123,50.0,6
oracle_neighbors,299,0.6,0.7,0.6666666666666666,0.5,0.6320292793609295,0.20837234942088864,0.5597759779051827,0.5262811706603617,0.29139286279678345,29.629629629629626,6
oracle_neighbors,300,0.8,0.5,0.5333333333333333,0.4,0.5497261838999197,0.2677095470312223,1.2876653832489635,0.5570082547558128,0.411670446395874,83.33333333333334,6
oracle_neighbors,301,0.2,0.6,0.4,0.4,0.5462002272422399,0.44425696814849797,2.0249179206557257,0.7883852781359538,0.22535228729248047,27.77777777777778,6
oracle_neighbors,302,0.4,0.6,0.6,0.8333333333333334,0.84809970061731,0.1196714244382086,0.35812918666380006,0.37147386055715187,0.16876129806041718,0.0,6
oracle_neighbors,303,0.2,0.5,0.4666666666666667,0.8333333333333334,0.8163016669740879,0.12756430740291605,0.4165688784113736,0.30855880955706316,0.08895056694746017,14.814814814814813,6
oracle_neighbors,304,0.2,0.4,0.6,0.9,0.927724374055616,0.10782426626882659,0.3813515283287673,0.15987033248113544,0.2101127803325653,35.18518518518518,6
oracle_neighbors,305,0.4,0.5,0.6666666666666666,0.8666666666666667,0.9059356945883682,0.08017837710879697,0.2707318319546833,0.39717650426351625,0.2298593670129776,53.70370370370371,6
oracle_neighbors,306,0.6,0.6,0.7333333333333333,0.7,0.787676413030252,0.09576260773236164,0.30320583303363674,0.3626466532699215,0.30679047107696533,48.148148148148145,7
oracle_neighbors,307,0.8,0.7,0.7333333333333333,0.8,0.8594495220781175,0.022346327674403994,0.12529452909591682,0.11302561814818118,0.24054376780986786,31.48148148148148,7
oracle_neighbors,308,0.4,0.8,0.8666666666666667,0.9333333333333333,0.955012240512099,0.019600712819955658,0.11039029595407468,0.07812647180652865,0.20527532696723938,44.44444444444444,7
oracle_neighbors,309,0.6,0.8,0.8666666666666667,0.8333333333333334,0.8755434174619467,0.008232764921508103,0.05031658870858041,0.12579981345960017,0.282761812210083,70.37037037037037,7
oracle_neighbors,310,1.0,1.0,0.8,0.7666666666666667,0.8245053945105731,0.003243533791549945,0.01605253049230629,0.09282463886578066,0.406188428401947,77.77777777777779,7
oracle_neighbors,311,0.8,0.9,0.8,0.7,0.7801673533356865,0.0031340370505151837,0.021536166802375727,0.05568278704743509,0.33503469824790955,70.37037037037037,7
oracle_neighbors,312,0.4,0.5,0.8,0.8333333333333334,0.8802404666259098,0.014438889264905237,0.10587273358222625,0.12046306668796357,0.23114602267742157,53.70370370370371,7
oracle_neighbors,313,1.0,0.8,0.8666666666666667,0.7,0.7893378447366041,0.018930348243512942,0.09597655319123438,0.19202116117610382,0.475909560918808,35.18518518518518,7
oracle_neighbors,314,0.4,0.7,0.9333333333333333,0.6333333333333333,0.7432003425683398,0.012363100099372453,0.07758945258438922,0.16470192078614715,0.3594669699668884,3.7037037037037033,7
oracle_neighbors,315,0.2,0.6,0.6666666666666666,0.7333333333333333,0.8146796372018275,0.029701615308668262,0.1482244480572063,0.21029648475236407,0.18609736859798431,3.7037037037037033,7
oracle_neighbors,316,0.6,0.9,0.8,0.5333333333333333,0.6664786909864109,0.03439208313452099,0.10709373453203885,0.15258068336322628,0.3135645389556885,12.962962962962962,7
oracle_neighbors,317,0.4,0.3,0.3333333333333333,0.7,0.7316712145690913,0.16177526135739664,0.4798681460739994,0.22893243380325717,0.2150094360113144,35.18518518518518,7
oracle_neighbors,318,0.6,0.7,0.8666666666666667,0.6333333333333333,0.7415713447921446,0.00995596087945241,0.08257670670900887,0.2032109955191802,0.1959713101387024,64.81481481481481,7
oracle_neighbors,319,0.6,0.7,1.0,0.7,0.7876538633109056,0.005156111600445075,0.05944589028832176,0.20521020430087508,0.25957274436950684,75.92592592592592,7
oracle_neighbors,320,0.6,0.9,0.8,0.6333333333333333,0.7271246205645314,0.003698944192619242,0.028043383232098647,0.07187418328224103,0.552324652671814,94.44444444444444,7
oracle_neighbors,321,0.8,0.9,0.8,0.6333333333333333,0.7271246205645314,0.00235689880360146,0.019204226345029697,0.04564323438583933,0.542040228843689,94.44444444444444,7
oracle_neighbors,322,0.4,0.7,0.9333333333333333,0.7,0.7876538633109056,0.010362354464458977,0.08643214362010032,0.17793568817961852,0.09391013532876968,75.92592592592592,7
oracle_neighbors,323,0.4,0.8,0.8666666666666667,0.7,0.7925851529576119,0.004797732129285045,0.03278223675085714,0.2682751945965621,0.1850377321243286,18.51851851851852,7
oracle_neighbors,324,0.2,0.6,0.8,0.8,0.8590952671552016,0.01733804535447222,0.08648592314261858,0.05806904577969947,0.2561473548412323,31.48148148148148,8
oracle_neighbors,325,0.4,0.5,0.4666666666666667,0.6,0.682913580958251,0.13259415500775923,0.40804551779310283,0.44825017178662374,0.23049558699131012,38.88888888888889,8
oracle_neighbors,326,0.4,0.8,0.9333333333333333,0.7333333333333333,0.8111972155085461,0.00711487862891831,0.06376225148302006,0.22524586758812065,0.23742403090000153,90.74074074074075,8
oracle_neighbors,327,0.6,0.6,0.8,0.6333333333333333,0.7094478714836462,0.02369636687082508,0.14145152758808519,0.2632414549686073,0.3043743371963501,81.48148148148148,8
oracle_neighbors,328,0.6,0.8,0.8,0.6333333333333333,0.7354331807850454,0.031347958401416354,0.14745360154961715,0.2987602344525465,0.18390624225139618,5.555555555555555,8
oracle_neighbors,329,1.0,0.7,0.6,0.7,0.7655223164942888,0.020011246761376417,0.0969446619998292,0.2928337374179222,0.39414548873901367,3.7037037037037033,8
oracle_neighbors,330,0.6,0.7,0.6,0.7333333333333333,0.8020493847173056,0.017399974144989522,0.09118881987903288,0.1454531880970881,0.1149381771683693,22.22222222222222,8
oracle_neighbors,331,1.0,0.6,0.6666666666666666,0.7666666666666667,0.7989300841425433,0.018480392127661796,0.08223073322169502,0.13634068323937637,0.36619752645492554,37.03703703703704,8
oracle_neighbors,332,0.6,0.6,0.7333333333333333,0.7333333333333333,0.8101657889661708,0.008606885678203295,0.06859790333599369,0.5936113944445268,0.6135726571083069,38.88888888888889,8
oracle_neighbors,333,0.4,0.6,0.7333333333333333,0.7333333333333333,0.8124463006541427,0.022160660418662922,0.11944524058486841,0.4771315653752924,0.4556710422039032,31.48148148148148,8
oracle_neighbors,334,0.8,0.8,0.8,0.7,0.7828591060293426,0.0212648644174263,0.10612063930095783,0.20506869440180975,0.4953620433807373,38.88888888888889,8
oracle_neighbors,335,0.6,0.5,0.6,0.6,0.7008660037108561,0.09077505727164405,0.2979300534703058,0.3402301780072789,0.05029439926147461,70.37037037037037,8
oracle_neighbors,336,0.6,0.9,0.8666666666666667,0.7,0.7861367722236153,0.010107770908384488,0.07440897766087687,0.4270191893521944,0.1425803303718567,87.03703703703704,8
oracle_neighbors,337,0.6,0.6,0.7333333333333333,0.7666666666666667,0.8279510708095742,0.01855888342526456,0.10646475651712936,0.2605257764130518,0.2844061255455017,87.03703703703704,8
oracle_neighbors,338,0.4,0.8,0.6,0.6,0.703769900792386,0.06160104863598642,0.2370589110972401,0.3890291166869646,0.34313973784446716,3.7037037037037033,8
oracle_neighbors,339,0.4,0.4,0.6,0.8,0.8234260055965619,0.021696029471070487,0.13114155598309735,0.46222357780103734,0.34824395179748535,12.962962962962962,8
oracle_neighbors,340,0.2,0.5,0.7333333333333333,0.7,0.7406129446742108,0.01041616232773221,0.09321616243828047,0.4501544724093355,0.2069188356399536,22.22222222222222,8
oracle_neighbors,341,0.6,0.5,0.6666666666666666,0.7,0.7046327545026773,0.011865806155515394,0.0901519297991473,0.6288806839715182,0.630436897277832,37.03703703703704,8
oracle_neighbors,342,0.4,0.5,0.7333333333333333,0.8666666666666667,0.9033620245355755,0.07947830144890089,0.2737512997285346,0.3027209061688173,0.24365119636058807,18.51851851851852,9
oracle_neighbors,343,0.8,0.6,0.6,0.7333333333333333,0.7981541822599599,0.10285730873348839,0.36364269329470517,0.09247486247346581,0.21254685521125793,66.66666666666666,9
oracle_neighbors,344,0.4,0.2,0.4,0.43333333333333335,0.5161025857542045,0.285317692743941,0.9882913480931403,0.6931667020457803,0.1524840146303177,90.74074074074075,9
oracle_neighbors,345,0.4,0.2,0.13333333333333333,0.13333333333333333,0.2670275598921755,0.6634175726090182,3.022328420366505,1.4312604047613855,0.7510741353034973,88.88888888888889,9
oracle_neighbors,346,0.8,0.8,0.8666666666666667,0.6666666666666666,0.7625650862369634,0.1129520205213573,0.3832441160306626,0.11336190478752907,0.21625718474388123,66.66666666666666,9
oracle_neighbors,347,0.6,1.0,0.8,0.5333333333333333,0.6626953133352168,0.0410378667573376,0.15949340038453763,0.133871858165848,0.1836261749267578,51.85185185185185,9
oracle_neighbors,348,0.8,1.0,0.9333333333333333,0.5666666666666667,0.6891837892359933,0.008771430126306979,0.04851837160502831,0.1507597410327112,0.3249683082103729,37.03703703703704,9
oracle_neighbors,349,0.8,0.6,0.8,0.9,0.9256986906590812,0.06019710370936507,0.19451369035989555,0.3279680545597355,0.4965878129005432,22.22222222222222,9
oracle_neighbors,350,0.8,1.0,0.8,0.5,0.6347313873606082,0.04183314093536872,0.14846036116365724,0.14465433990401555,0.22439727187156677,11.11111111111111,9
oracle_neighbors,351,0.8,0.9,0.8666666666666667,0.6333333333333333,0.7258697440728114,0.03731903822963289,0.14509599515040622,0.1442870781414982,0.1569800227880478,11.11111111111111,9
oracle_neighbors,352,0.8,1.0,0.8,0.5666666666666667,0.6877106681349449,0.06721597977770073,0.2502856734830914,0.11522742833165932,0.1894313395023346,29.629629629629626,9
oracle_neighbors,353,0.8,0.5,0.6,0.7,0.7728747364003662,0.10308041932677149,0.3610833135319493,0.1094376552485684,0.22283309698104858,66.66666666666666,9
oracle_neighbors,354,0.2,0.1,0.2,0.36666666666666664,0.3349025047697937,0.4965641090387518,1.8796434452630688,0.8030103738944131,0.1924302726984024,90.74074074074075,9
oracle_neighbors,355,0.4,0.3,0.2,0.1,0.23259410617441625,0.6056302944453604,2.7599387004180924,0.7039753116233335,0.5329975485801697,88.88888888888889,9
oracle_neighbors,356,1.0,0.8,0.8666666666666667,0.7,0.7860106719665473,0.12227633883347254,0.4083486212397015,0.11124009260907086,0.19231930375099182,66.66666666666666,9
oracle_neighbors,357,0.6,0.9,0.6666666666666666,0.5,0.6332157033380812,0.05934590759960384,0.2006305196122868,0.19542374306310278,0.21043018996715546,51.85185185185185,9
oracle_neighbors,358,0.8,0.9,0.9333333333333333,0.4666666666666667,0.6093276942994734,0.019914686191320176,0.07177400455799551,0.20122278480144112,0.272092342376709,35.18518518518518,9
oracle_neighbors,359,0.8,1.0,0.7333333333333333,0.6,0.7059594141598126,0.07582575994421284,0.26575252063609545,0.13885243632307082,0.20033672451972961,29.629629629629626,9
no_repulsion,0,1.0,0.8,0.8,0.7,0.7791978371434142,0.012974313473289225,0.06263562382336381,0.08165049387161011,0.06292565912008286,18.51851851851852,10
no_repulsion,1,0.8,0.8,1.0,0.8666666666666667,0.9105497664576809,0.010074134468613246,0.08305402889763201,0.14096472531245297,0.1419842690229416,46.2962962962963,10
no_repulsion,2,0.6,0.9,1.0,0.7666666666666667,0.8408680982465206,0.003980469532500709,0.050734169444921845,0.24428276899694185,0.27216532826423645,59.25925925925925,10
no_repulsion,3,0.6,0.9,1.0,0.8,0.860826863688545,0.005091706404475879,0.057955017683351526,0.2556260443867722,0.23620516061782837,53.70370370370371,10
no_repulsion,4,0.6,0.9,0.9333333333333333,0.8333333333333334,0.8838448600685385,0.03452421338906742,0.1726486705598068,0.07002835083573886,0.18691132962703705,20.37037037037037,10
no_repulsion,5,0.4,0.8,0.8666666666666667,0.8,0.8511881732896921,0.04241742066363114,0.17194840737525222,0.19289314562429513,0.1725832223892212,12.962962962962962,10
no_repulsion,6,0.6,0.9,0.8666666666666667,0.5333333333333333,0.6650299968256701,0.025667895116857804,0.13669720357582116,0.12388784171979296,0.13861919939517975,88.88888888888889,10
no_repulsion,7,0.8,0.9,0.8,0.4,0.5558800838969039,0.047160481979237584,0.23600643790300935,0.16680149088338533,0.3360641300678253,96.29629629629629,10
no_repulsion,8,0.6,0.9,0.8666666666666667,0.7,0.7864534694610191,0.017960656262398976,0.0847342536449752,0.07152227636472497,0.24010325968265533,18.51851851851852,10
no_repulsion,9,0.6,1.0,0.8,0.4,0.5558800838969039,0.04174865753006635,0.2013826095924359,0.1543512759834454,0.34988000988960266,90.74074074074075,10
no_repulsion,10,0.2,0.2,0.26666666666666666,0.5333333333333333,0.5596482160109607,0.15676522914792274,0.484453985843542,0.23503995707830702,0.29794740676879883,0.0,10
no_repulsion,11,0.6,1.0,1.0,0.8333333333333334,0.8860322555906873,0.009747167219754915,0.08587454456486499,0.09246074818324994,0.21638987958431244,46.2962962962963,10
no_repulsion,12,0.6,0.9,0.9333333333333333,0.7666666666666667,0.8408680982465206,0.0027962423869016487,0.03952695013345274,0.24914163570436604,0.129497691988945,61.111111111111114,10
no_repulsion,13,0.4,0.9,0.8666666666666667,0.8,0.8624285860765342,0.0057780298027030825,0.06280003776521523,0.25926716534736627,0.3424747586250305,53.70370370370371,10
no_repulsion,14,0.6,0.9,0.8666666666666667,0.8666666666666667,0.9066572103365832,0.03498183431333327,0.17842763254640887,0.08779281269802518,0.07240249961614609,12.962962962962962,10
no_repulsion,15,0.8,0.8,0.9333333333333333,0.7333333333333333,0.8054305556643359,0.023233231689263664,0.11520700923256683,0.09782112383599938,0.22249804437160492,0.0,10
no_repulsion,16,1.0,0.9,0.8666666666666667,0.7,0.7815803676349545,0.015506488897484384,0.099925123908799,0.06494810928199349,0.10819178074598312,9.25925925925926,10
no_repulsion,17,0.4,0.8,0.8,0.7333333333333333,0.8042505075182174,0.03773580128939128,0.14980811460667162,0.2235748687607351,0.19943252205848694,18.51851851851852,10
no_repulsion,18,0.6,0.7,0.8666666666666667,0.9666666666666667,0.9767784564059682,0.012988362449383657,0.09177493876679878,0.224787304658785,0.1694565713405609,29.629629629629626,11
no_repulsion,19,0.8,0.7,0.8666666666666667,0.8666666666666667,0.9105497664576809,0.04807936796813698,0.18233655973185692,0.21033461291455155,0.2023562490940094,1.8518518518518516,11
no_repulsion,20,0.8,0.9,0.6666666666666666,0.4,0.5558800838969039,0.10411720678882422,0.4129769673435676,0.27605522007272104,0.2913690209388733,88.88888888888889,11
no_repulsion,21,0.6,0.7,0.6666666666666666,0.4,0.5454622008450868,0.08649925468242804,0.36573275554641865,0.15869404975104096,0.2952847182750702,88.88888888888889,11
no_repulsion,22,1.0,0.9,0.9333333333333333,0.6,0.7179098443622273,0.022672710197990064,0.12004500946561233,0.08337319654719258,0.18842273950576782,57.407407407407405,11
no_repulsion,23,0.8,1.0,0.9333333333333333,0.9,0.9285595687588636,0.0258776945300738,0.14068450724861914,0.1479588564276973,0.30503231287002563,40.74074074074074,11
no_repulsion,24,0.6,1.0,0.9333333333333333,0.9333333333333333,0.9545758806894791,0.01407898440757299,0.09896562478964172,0.14249898163796845,0.2744917869567871,24.074074074074073,11
no_repulsion,25,0.6,0.9,0.8666666666666667,0.9,0.9314805852101772,0.013994020699589167,0.09816258332395468,0.15056518357957147,0.06734730303287506,24.074074074074073,11
no_repulsion,26,0.6,0.9,0.8666666666666667,0.9666666666666667,0.9775315165013186,0.005060374088602935,0.04753740301610827,0.3046950017515518,0.3739599287509918,46.2962962962963,11
no_repulsion,27,0.8,0.9,0.8666666666666667,0.9666666666666667,0.9779678763239384,0.005237762193739499,0.04304971244110385,0.32696137955297,0.2885799705982208,46.2962962962963,11
no_repulsion,28,0.6,1.0,0.8666666666666667,0.9666666666666667,0.9772949017504176,0.013709549201319206,0.1015274080721868,0.1300891351044494,0.3024614453315735,24.074074074074073,11
no_repulsion,29,0.8,0.9,0.8666666666666667,0.7333333333333333,0.805448837909385,0.04893809397704307,0.22177560297452537,0.0371012359642234,0.06753857433795929,1.8518518518518516,11
no_repulsion,30,0.8,0.9,0.6666666666666666,0.3333333333333333,0.4948313437077516,0.1062679367868802,0.3990975542282198,0.28278029268140437,0.2884785830974579,90.74074074074075,11
no_repulsion,31,1.0,1.0,0.8,0.43333333333333335,0.5803070460934492,0.09049754041186253,0.3850571747188865,0.2140369300145285,0.17592677474021912,85.18518518518519,11
no_repulsion,32,0.8,1.0,0.9333333333333333,0.6666666666666666,0.7656606931765496,0.02524271689669784,0.11584208929042177,0.1186215030578896,0.264670729637146,57.407407407407405,11
no_repulsion,33,0.6,0.9,0.8666666666666667,0.8333333333333334,0.8816128460707712,0.021416457855954734,0.12364128041500758,0.1647767745694182,0.3619522750377655,40.74074074074074,11
no_repulsion,34,0.8,0.9,0.9333333333333333,0.9,0.9313543370954472,0.014075208953548728,0.09831280207235375,0.14258151602715857,0.279305100440979,24.074074074074073,11
no_repulsion,35,0.8,1.0,0.9333333333333333,0.9333333333333333,0.954339265938578,0.008365182682948065,0.06936039831455743,0.1045376481482469,0.3911665976047516,29.629629629629626,11
no_repulsion,36,0.6,0.9,0.9333333333333333,0.9333333333333333,0.9548264182517361,0.005201688165852635,0.04510568784765958,0.2653469205696312,0.25458651781082153,87.03703703703704,12
no_repulsion,37,0.6,0.9,0.8666666666666667,0.8333333333333334,0.885515810246238,0.01667509247446093,0.08855872406649709,0.13316214668060136,0.12695689499378204,25.925925925925924,12
no_repulsion,38,0.8,0.8,0.8666666666666667,0.8333333333333334,0.8866171151698032,0.014215536213842337,0.07709401732154884,0.12372970457996747,0.2066565454006195,22.22222222222222,12
no_repulsion,39,0.8,0.9,0.8,0.7333333333333333,0.8128732349693293,0.01083102571281083,0.06676226746770682,0.05706819849632981,0.2765207290649414,16.666666666666664,12
no_repulsion,40,0.6,1.0,0.9333333333333333,0.7,0.7867323110864052,0.01527973249347346,0.08895558032902293,0.06565982650916652,0.13837991654872894,5.555555555555555,12
no_repulsion,41,1.0,0.9,0.7333333333333333,0.7666666666666667,0.8090069759125136,0.037448080341291885,0.16556232911962127,0.05154889294790545,0.18921858072280884,12.962962962962962,12
no_repulsion,42,0.6,0.8,0.6666666666666666,0.7333333333333333,0.8119120826725763,0.03393911876883325,0.1385357082539562,0.12159763608950164,0.13538512587547302,42.592592592592595,12
no_repulsion,43,0.8,0.8,0.7333333333333333,0.7333333333333333,0.8137092809650057,0.011433195036944187,0.04961517234428863,0.08837597850747808,0.1026572436094284,51.85185185185185,12
no_repulsion,44,0.8,0.7,0.7333333333333333,1.0,1.0,0.011536592820273117,0.05985323153297831,0.30017838572949485,0.4338963031768799,87.03703703703704,12
no_repulsion,45,1.0,0.9,0.9333333333333333,0.7333333333333333,0.8115073529162306,0.0007895181972176599,0.01715718387959693,0.21899176828173367,0.16361024975776672,62.96296296296296,12
no_repulsion,46,0.6,0.8,0.9333333333333333,0.8333333333333334,0.8815489684878991,0.0005305911086797145,0.012864134874400713,0.3232069232103588,0.24727186560630798,70.37037037037037,12
no_repulsion,47,0.6,0.9,0.9333333333333333,0.8333333333333334,0.8815489684878991,0.0010126105973870154,0.019116718408186375,0.31039810742684776,0.2863055467605591,70.37037037037037,12
no_repulsion,48,0.8,0.9,0.9333333333333333,0.8333333333333334,0.8832647010614361,0.0020732663823815004,0.02866263541630535,0.22157344811983934,0.5512451529502869,55.55555555555556,12
no_repulsion,49,1.0,1.0,0.9333333333333333,0.9333333333333333,0.9545758806894791,0.014501588376989146,0.09445325673703689,0.17679533909796463,0.3417185842990875,38.88888888888889,12
no_repulsion,50,1.0,0.9,0.8666666666666667,0.8333333333333334,0.8857091195011354,0.020793055777940786,0.09897634445560256,0.18255916736253855,0.5305702686309814,25.925925925925924,12
no_repulsion,51,0.6,0.5,0.4,0.5666666666666667,0.6501994754168803,0.23089111624875608,0.6121573243991828,0.5242150693217545,0.20948335528373718,7.4074074074074066,12
no_repulsion,52,0.8,0.8,0.9333333333333333,0.8666666666666667,0.9075155262732993,0.006677626497352004,0.03835378950579319,0.3353015184807663,0.49154502153396606,92.5925925925926,12
no_repulsion,53,0.8,0.6,0.7333333333333333,0.9666666666666667,0.9777554718820064,0.01255381666007988,0.08328504096922072,0.0804605393453204,0.33459970355033875,51.85185185185185,12
no_repulsion,54,1.0,1.0,0.8666666666666667,0.7,0.7836727305396181,0.04384378967444622,0.18141058767612864,0.14739064079116762,0.21926237642765045,94.44444444444444,13
no_repulsion,55,1.0,0.9,0.8,0.9,0.9279100913611454,0.015503166066701655,0.10017772735132384,0.3748052950959269,0.5513976812362671,40.74074074074074,13
no_repulsion,56,0.8,0.9,0.9333333333333333,0.9333333333333333,0.9534913342081776,0.007519459265742391,0.07518298384561653,0.5955034083941425,0.6420297026634216,22.22222222222222,13
no_repulsion,57,0.6,0.9,0.9333333333333333,0.9333333333333333,0.9552869883833249,0.003960020655992671,0.04982866442153606,0.6143052556062085,0.6707522869110107,11.11111111111111,13
no_repulsion,58,0.4,0.8,0.8,0.9666666666666667,0.9775315165013186,0.004267584553931846,0.051756100410428475,0.45130000735685116,0.3069155812263489,9.25925925925926,13
no_repulsion,59,0.6,0.9,0.9333333333333333,0.8333333333333334,0.8875941306458415,0.01626336104756453,0.1064588378305359,0.05338233238865148,0.4292139410972595,40.74074074074074,13
no_repulsion,60,1.0,0.8,0.8,0.8333333333333334,0.8779262680206201,0.02010930177582397,0.08427974001199609,0.19206806295013734,0.4078821837902069,77.77777777777779,13
no_repulsion,61,1.0,1.0,0.8666666666666667,0.8333333333333334,0.8844607097525957,0.010607746249966797,0.04549476249047998,0.15949303177881788,0.5229125022888184,87.03703703703704,13
no_repulsion,62,1.0,0.9,0.7333333333333333,0.7,0.7755217967152047,0.05443678888093518,0.2575865865177781,0.17293672317107492,0.2720230519771576,75.92592592592592,13
no_repulsion,63,0.8,0.8,1.0,0.8666666666666667,0.9087783225915025,0.012235457309934849,0.07084031187062237,0.1432642101200871,0.39455369114875793,77.77777777777779,13
no_repulsion,64,0.8,0.7,0.8,0.9,0.930535698396338,0.03126103892176622,0.15164281267966784,0.23712762757528638,0.37384477257728577,48.148148148148145,13
no_repulsion,65,0.4,0.6,0.8666666666666667,0.9333333333333333,0.9557233482059448,0.016242321176223696,0.11092140986574488,0.3914548361604141,0.41809412837028503,40.74074074074074,13
no_repulsion,66,0.4,0.7,0.8666666666666667,0.9666666666666667,0.9779678763239384,0.005464710641318451,0.06579035784581824,0.6268653427183375,0.5143219828605652,5.555555555555555,13
no_repulsion,67,0.6,0.6,0.8666666666666667,0.9333333333333333,0.955012240512099,0.0021902027741097104,0.0353068493125489,0.415060292567653,0.22308924794197083,1.8518518518518516,13
no_repulsion,68,0.6,0.7,0.8,0.9,0.9323071422625164,0.003440937004978017,0.043995972489001285,0.15315606351678776,0.2353735864162445,22.22222222222222,13
no_repulsion,69,0.8,0.7,0.8,0.8666666666666667,0.9065979858521271,0.015428914484593225,0.10648184019382931,0.19371669220251628,0.4308505356311798,44.44444444444444,13
no_repulsion,70,0.8,0.9,0.8,0.8,0.8502954591634543,0.019614994288964457,0.09473995013165461,0.1976378360076254,0.24135532975196838,75.92592592592592,13
no_repulsion,71,0.8,0.8,0.7333333333333333,0.6,0.7092505143195829,0.06858977081589189,0.31919717775998546,0.24041429248885565,0.4531131088733673,57.407407407407405,13
no_repulsion,72,0.4,0.8,0.9333333333333333,0.8333333333333334,0.8870776853013921,0.01326527704612171,0.0971844835210432,0.20085100715134419,0.3336437940597534,79.62962962962963,14
no_repulsion,73,0.2,0.9,0.9333333333333333,0.9333333333333333,0.9552869883833249,0.016238190483795954,0.11759850725757623,0.09304375283946902,0.16090786457061768,7.4074074074074066,14
no_repulsion,74,0.4,0.7,0.8666666666666667,0.9333333333333333,0.9532789297662454,0.01036998249114554,0.07695960587460045,0.08267079639802462,0.3177626430988312,64.81481481481481,14
no_repulsion,75,0.6,0.8,0.9333333333333333,0.9333333333333333,0.9539490687088586,0.026119816745913474,0.14669984063878602,0.08770471374904394,0.21290159225463867,27.77777777777778,14
no_repulsion,76,0.4,0.5,0.9333333333333333,0.9666666666666667,0.9779678763239384,0.011803759307050654,0.09799691432119653,0.030002605308030433,0.23424333333969116,31.48148148148148,14
no_repulsion,77,0.2,0.8,0.8666666666666667,1.0,1.0,0.013757305549995815,0.09863351499011408,0.13695159363033038,0.19881212711334229,22.22222222222222,14
no_repulsion,78,0.4,0.8,0.8,0.9,0.9290985273386317,0.06729508706111047,0.28115512472530774,0.03495144198312863,0.17756304144859314,0.0,14
no_repulsion,79,0.4,0.8,0.8,0.8666666666666667,0.9098386587638351,0.01269658273838941,0.09453278929855247,0.1285384126305242,0.22634069621562958,81.48148148148148,14
no_repulsion,80,0.4,0.7,0.8,0.9,0.9278719154021658,0.047731398082653455,0.19773452126759336,0.1388899415209697,0.05907467007637024,20.37037037037037,14
no_repulsion,81,0.6,0.8,0.7333333333333333,0.9,0.9319169450327971,0.05045049325717495,0.21228574356849747,0.09825806364960181,0.04619717225432396,14.814814814814813,14
no_repulsion,82,0.2,0.7,0.9333333333333333,0.9666666666666667,0.9779678763239384,0.011619162427744831,0.09075205951288715,0.08294050619102188,0.24884946644306183,51.85185185185185,14
no_repulsion,83,0.2,0.8,0.9333333333333333,0.9666666666666667,0.9775315165013186,0.016450937441539967,0.11079657177992515,0.09544173757843856,0.05141031742095947,18.51851851851852,14
no_repulsion,84,0.4,0.8,0.8666666666666667,0.9333333333333333,0.9557233482059448,0.014903647708256782,0.10250795727124154,0.11988600241992026,0.37144479155540466,59.25925925925925,14
no_repulsion,85,0.6,0.8,0.8666666666666667,0.8666666666666667,0.9102992288954239,0.03710972364462652,0.17924301577496174,0.14476758248027644,0.12311761826276779,40.74074074074074,14
no_repulsion,86,0.2,0.7,0.8,0.9666666666666667,0.9779678763239384,0.020318278419616843,0.12364646232682923,0.07864835806766127,0.08691368997097015,31.48148148148148,14
no_repulsion,87,0.2,0.8,0.8666666666666667,1.0,1.0,0.011929992747779861,0.09708646009649227,0.09661252187391249,0.0985870286822319,27.77777777777778,14
no_repulsion,88,0.6,0.8,0.8666666666666667,0.7666666666666667,0.8384236798068213,0.06807018273367385,0.27100913172860097,0.13850528784943147,0.06262906640768051,0.0,14
no_repulsion,89,0.0,0.6,0.8,1.0,1.0,0.019051791537405858,0.12247770200583656,0.1323065428672007,0.13399429619312286,44.44444444444444,14
no_repulsion,90,0.8,0.9,0.8666666666666667,0.6333333333333333,0.7313630900544278,0.009903610983917914,0.07199778020400782,0.10199855467059456,0.07982973754405975,66.66666666666666,15
no_repulsion,91,0.8,1.0,0.8666666666666667,0.9333333333333333,0.9545339282879746,0.037465217207970296,0.15966244461247484,0.1402177816115268,0.0910668894648552,3.7037037037037033,15
no_repulsion,92,1.0,1.0,0.9333333333333333,0.9666666666666667,0.9775315165013186,0.020153540029052074,0.09581991670398775,0.014365737798961073,0.1285497546195984,3.7037037037037033,15
no_repulsion,93,0.8,0.9,1.0,0.9,0.9325818901337425,0.02636199710896893,0.11141500337060113,0.09556411001819434,0.176968052983284,9.25925925925926,15
no_repulsion,94,0.8,0.7,0.9333333333333333,0.8333333333333334,0.886841070550491,0.045103293862908206,0.19095393465309127,0.17158537012144764,0.20716367661952972,16.666666666666664,15
no_repulsion,95,0.8,0.9,0.8666666666666667,0.8666666666666667,0.9085609559840042,0.024607844803435478,0.1253747130099888,0.10514268042551828,0.2676813006401062,72.22222222222221,15
no_repulsion,96,0.8,0.9,0.9333333333333333,0.8333333333333334,0.8844847671051966,0.006227230845013406,0.05865171091304484,0.03222096243020574,0.27348625659942627,88.88888888888889,15
no_repulsion,97,0.8,0.9,1.0,0.9333333333333333,0.9540733581563857,0.012205088713288945,0.07071852379714691,0.1748561051067582,0.15704825520515442,88.88888888888889,15
no_repulsion,98,1.0,0.8,0.9333333333333333,0.7666666666666667,0.8306132087261978,0.01190607543376077,0.07806078617904916,0.1409220323511714,0.2133401781320572,48.148148148148145,15
no_repulsion,99,0.6,0.9,0.9333333333333333,0.8666666666666667,0.9097503759019745,0.017656382794294174,0.10848469363271558,0.2788691833219742,0.08427533507347107,72.22222222222221,15
no_repulsion,100,1.0,0.9,0.8666666666666667,0.9333333333333333,0.9557233482059448,0.010716433135659793,0.06803841690834185,0.1259946605182587,0.12315391004085541,37.03703703703704,15
no_repulsion,101,0.8,0.8,1.0,0.9333333333333333,0.9554993928252571,0.01441378462412281,0.07534624500174375,0.23473979106211754,0.2145737111568451,22.22222222222222,15
no_repulsion,102,0.8,0.9,1.0,0.8333333333333334,0.8867947400901349,0.03409140978966609,0.13137804181860832,0.08605594722048414,0.23179298639297485,9.25925925925926,15
no_repulsion,103,0.6,0.8,0.9333333333333333,0.9333333333333333,0.9531173349537116,0.0680601366245696,0.2701677649342946,0.13609006143332134,0.09179244935512543,0.0,15
no_repulsion,104,0.6,0.9,0.9333333333333333,0.7333333333333333,0.812472817453513,0.01810847906971241,0.12276792118961492,0.16970897035315868,0.43483394384384155,42.592592592592595,15
no_repulsion,105,0.8,0.8,0.8666666666666667,0.6333333333333333,0.739278922449119,0.011580896796638991,0.08380410842603513,0.2066195826587674,0.13435474038124084,66.66666666666666,15
no_repulsion,106,0.6,0.9,0.8666666666666667,0.6,0.7038814101077399,0.007316737906155064,0.05056047405732299,0.10177453791066213,0.10119684040546417,72.22222222222221,15
no_repulsion,107,0.6,1.0,0.8666666666666667,0.8,0.8572084076877057,0.02022969816539678,0.11608573130295227,0.05115555205489519,0.3047284483909607,37.03703703703704,15
no_repulsion,108,1.0,0.6,0.6666666666666666,0.9,0.9184778332147211,0.007752391285190955,0.06907247073981512,0.2870867765440741,0.580473005771637,62.96296296296296,16
no_repulsion,109,0.6,0.8,0.8666666666666667,0.7666666666666667,0.8310215783344637,0.0019312372691875157,0.025702400390595927,0.18875333754669166,0.3534228205680847,48.148148148148145,16
no_repulsion,110,0.2,0.9,0.9333333333333333,0.7333333333333333,0.8042472706898627,0.0013295293752162204,0.02255977109164461,0.4805901450281379,0.3291662931442261,35.18518518518518,16
no_repulsion,111,0.4,0.9,0.8,0.6,0.7081149259171098,0.011882383281991107,0.06503868733171514,0.21849018735275252,0.35013076663017273,20.37037037037037,16
no_repulsion,112,0.8,0.7,0.8666666666666667,0.6333333333333333,0.7313007439067049,0.003486123923098443,0.04469315428056601,0.5286963979550785,0.5023812651634216,20.37037037037037,16
no_repulsion,113,1.0,0.6,0.7333333333333333,0.7,0.744829494025462,0.014261489656074159,0.09804968270136095,0.16891291983509518,0.40513530373573303,3.7037037037037033,16
no_repulsion,114,0.6,0.5,0.4666666666666667,0.7333333333333333,0.7549083702802184,0.04917797621370381,0.1947569926332615,0.1631972212097598,0.23677632212638855,3.7037037037037033,16
no_repulsion,115,0.6,0.8,0.8666666666666667,0.8666666666666667,0.9093222134193858,0.005215962092353773,0.03743806590149579,0.10759687693924477,0.3670105040073395,81.48148148148148,16
no_repulsion,116,0.8,0.8,0.7333333333333333,0.8333333333333334,0.8845627260923676,0.007151176765401551,0.05273166782385748,0.4345059648373984,0.5994435548782349,75.92592592592592,16
no_repulsion,117,0.4,1.0,0.9333333333333333,0.9,0.9325437570134175,0.0007267522631194702,0.012021123139017105,0.26347873922117604,0.2907450497150421,83.33333333333334,16
no_repulsion,118,0.6,1.0,1.0,0.9333333333333333,0.9554993928252571,0.0010268782400467457,0.011862169713340991,0.26693332679807946,0.28447964787483215,83.33333333333334,16
no_repulsion,119,0.0,0.9,1.0,0.9333333333333333,0.9554993928252571,0.0009864441090362127,0.012626834183153803,0.30379181601294747,0.27240490913391113,83.33333333333334,16
no_repulsion,120,0.4,0.7,0.8666666666666667,0.9333333333333333,0.9554993928252571,0.012918679990842593,0.06281482274271402,0.11286985099219003,0.37493592500686646,79.62962962962963,16
no_repulsion,121,0.8,0.6,0.5333333333333333,0.9,0.9330182499563624,0.038974711927422606,0.166876890590622,0.17588291580560206,0.46623602509498596,44.44444444444444,16
no_repulsion,122,1.0,0.7,0.7333333333333333,0.8333333333333334,0.8731788888332699,0.024766674909526915,0.1092989703221516,0.117645198027561,0.35021525621414185,16.666666666666664,16
no_repulsion,123,0.8,0.7,0.7333333333333333,0.7666666666666667,0.818276952136132,0.0261422254362097,0.1356651801076635,0.17478572327433303,0.4524165987968445,5.555555555555555,16
no_repulsion,124,1.0,0.8,0.8666666666666667,0.8666666666666667,0.9102992288954239,0.008653849642105605,0.06741781207635245,0.27363007310888043,0.5132864713668823,25.925925925925924,16
no_repulsion,125,0.8,0.7,1.0,0.8,0.8560316032237388,0.0015935064218740073,0.03110138322494682,0.14822508301715975,0.47021013498306274,62.96296296296296,16
no_repulsion,126,0.6,1.0,1.0,0.6666666666666666,0.7609248433313626,0.0064106149905023245,0.042810162854671874,0.1771649058761353,0.2521650493144989,70.37037037037037,17
no_repulsion,127,0.8,1.0,0.8,0.8333333333333334,0.8809892503558775,0.02837510244569948,0.12808640767658522,0.11393878261206794,0.23555441200733185,33.33333333333333,17
no_repulsion,128,0.8,0.9,0.8,0.8333333333333334,0.8785900583899463,0.012195711153840947,0.06921738893504098,0.0927135247961349,0.2237309217453003,33.33333333333333,17
no_repulsion,129,0.4,0.8,0.7333333333333333,0.7333333333333333,0.805339312654926,0.01802726145451171,0.08646510175203181,0.09476150918862998,0.13159267604351044,27.77777777777778,17
no_repulsion,130,0.8,0.9,0.9333333333333333,0.8333333333333334,0.8857663478084951,0.005808041085324411,0.0399484169411087,0.10811037487508451,0.16942022740840912,51.85185185185185,17
no_repulsion,131,0.8,0.9,0.7333333333333333,0.8666666666666667,0.9049309929441729,0.013699168095853989,0.05581715112647041,0.11725161298484242,0.18370996415615082,50.0,17
no_repulsion,132,0.6,0.7,0.8,0.9,0.9299840097719808,0.05797304798704514,0.2297164176176251,0.20807326525883674,0.15682624280452728,27.77777777777778,17
no_repulsion,133,0.6,1.0,0.7333333333333333,0.6333333333333333,0.7387055045267958,0.013954901266401601,0.043539710872195554,0.061370113010033756,0.2539822459220886,90.74074074074075,17
no_repulsion,134,0.8,0.9,0.9333333333333333,0.8,0.8583656335612779,0.006186227589749772,0.046225679008534325,0.21545646882031497,0.20563074946403503,64.81481481481481,17
no_repulsion,135,0.8,0.8,0.8,0.9,0.9309934328970191,0.04496672311949852,0.21506114132370105,0.11487256220424809,0.12378894537687302,27.77777777777778,17
no_repulsion,136,0.6,0.8,0.7333333333333333,0.9333333333333333,0.9536259326193067,0.04342363661402711,0.17358295787421557,0.1230496352495701,0.08961742371320724,5.555555555555555,17
no_repulsion,137,1.0,0.9,0.8666666666666667,0.9333333333333333,0.9541614731507907,0.020227916789163754,0.0944645808112688,0.08910652138107397,0.20283305644989014,5.555555555555555,17
no_repulsion,138,0.8,0.8,0.8666666666666667,0.8666666666666667,0.9097967063623306,0.020926028527379573,0.10937219467985543,0.08720671878747947,0.14597827196121216,0.0,17
no_repulsion,139,0.8,0.8,1.0,0.8,0.8626652008274353,0.012303392567699327,0.09181640355636736,0.0854310670237035,0.3133872449398041,0.0,17
no_repulsion,140,0.6,0.9,0.9333333333333333,0.7333333333333333,0.8115309960489958,0.010490345950236114,0.0576060112567291,0.23438610468016216,0.2392972707748413,20.37037037037037,17
no_repulsion,141,1.0,0.8,1.0,0.8333333333333334,0.8755928781622817,0.008233543428439613,0.04338490970728715,0.16724655266086133,0.4809052646160126,25.925925925925924,17
no_repulsion,142,0.8,0.6,0.8,0.9333333333333333,0.9552869883833249,0.016414691325118858,0.10870847002456684,0.038761829262861154,0.054469335824251175,48.148148148148145,17
no_repulsion,143,1.0,0.8,0.9333333333333333,0.9333333333333333,0.9554993928252571,0.021994502169224238,0.12846821220818494,0.17267813824737369,0.33215197920799255,42.592592592592595,17
no_repulsion,144,0.6,0.8,0.9333333333333333,0.7,0.7867540223993754,0.008418144425395574,0.04164349739890223,0.11581072179130479,0.19371965527534485,59.25925925925925,18
no_repulsion,145,0.4,0.5,0.6666666666666666,0.9333333333333333,0.955262778074356,0.0062403456337862045,0.07388031596693218,0.2152974091933636,0.5047078728675842,44.44444444444444,18
no_repulsion,146,0.6,0.7,0.8666666666666667,0.9,0.9307275251148268,0.0029598602664144347,0.04173072104586366,0.4002455415577064,0.3117179572582245,57.407407407407405,18
no_repulsion,147,0.2,0.6,0.7333333333333333,0.9,0.9307275251148268,0.0055196930713681674,0.06385854274071244,0.329149045172426,0.4492049813270569,55.55555555555556,18
no_repulsion,148,0.2,0.5,0.8,0.9333333333333333,0.9532739676006792,0.012850385247922319,0.09214280386546352,0.438690174698014,0.3954242169857025,48.148148148148145,18
no_repulsion,149,0.6,0.8,0.8,0.7666666666666667,0.8399601025778528,0.00880171398899465,0.0726070462003621,0.14882957237844566,0.14444124698638916,33.33333333333333,18
no_repulsion,150,0.6,1.0,0.8666666666666667,0.8333333333333334,0.8793502922889435,0.005380772063535904,0.030841279655527697,0.04343263593939439,0.24738001823425293,59.25925925925925,18
no_repulsion,151,0.4,0.8,0.8666666666666667,0.8666666666666667,0.9077629788297897,0.0068336154650505895,0.038219221910776584,0.03715161515101684,0.3457402288913727,59.25925925925925,18
no_repulsion,152,0.6,0.9,0.9333333333333333,0.7333333333333333,0.8092477825820648,0.006824072593907712,0.04548831010189979,0.08437018119125328,0.06084601208567619,53.70370370370371,18
no_repulsion,153,0.6,0.8,0.9333333333333333,0.8,0.8598894789140034,0.0039283735636410026,0.03738597342983308,0.09015944097959941,0.2399216592311859,53.70370370370371,18
no_repulsion,154,0.0,0.4,0.7333333333333333,0.9,0.9214808836361174,0.03145320764725713,0.1677344341575406,0.3920902161981412,0.31058335304260254,3.7037037037037033,18
no_repulsion,155,0.4,0.9,0.8,0.9,0.9323313525714855,0.0022695420207452526,0.04396106428008293,0.5196520491529628,0.20402367413043976,25.925925925925924,18
no_repulsion,156,0.8,0.9,0.8,0.9333333333333333,0.9554993928252571,0.0019029324636397893,0.038368365586021934,0.47077074825823984,0.34799322485923767,24.074074074074073,18
no_repulsion,157,0.6,1.0,0.8666666666666667,0.9333333333333333,0.9554993928252571,0.00220591216034775,0.041264127612111595,0.47303014905798085,0.344000905752182,20.37037037037037,18
no_repulsion,158,0.6,0.8,0.7333333333333333,0.9333333333333333,0.9557233482059448,0.0038800269490461953,0.04591875910982554,0.3941509799859327,0.6514813899993896,11.11111111111111,18
no_repulsion,159,0.6,0.8,0.9333333333333333,0.6666666666666666,0.7639923628809883,0.016052468198885738,0.11488081629650569,0.07289266121737396,0.3490246832370758,25.925925925925924,18
no_repulsion,160,0.4,0.8,0.9333333333333333,0.7,0.7875830894597207,0.0052471364951667395,0.04295464459035121,0.11681172177067486,0.0679054707288742,53.70370370370371,18
no_repulsion,161,0.6,0.7,0.9333333333333333,0.8333333333333334,0.8816128460707712,0.024051687707099832,0.15614234266674412,0.12812137011442262,0.22722667455673218,11.11111111111111,18
no_repulsion,162,0.6,0.6,0.6,0.9,0.9273597464230995,0.04185174903060587,0.17763650863698666,0.1142180800271212,0.06425279378890991,66.66666666666666,19
no_repulsion,163,0.6,0.6,0.6,0.6,0.708837168716302,0.16074823826933626,0.4417234795606369,0.37014384913299786,0.18737579882144928,27.77777777777778,19
no_repulsion,164,0.0,0.5,0.6,0.5333333333333333,0.5490291025849918,0.30300289557664223,1.4093377452714797,0.7237404851940632,0.13087183237075806,100.0,19
no_repulsion,165,0.6,0.7,0.7333333333333333,0.5,0.6359798190205295,0.22503133083372504,1.051824333880336,0.5503112583352464,0.22406670451164246,22.22222222222222,19
no_repulsion,166,0.4,0.5,0.7333333333333333,0.7333333333333333,0.8074188247034334,0.10189545508492551,0.30842679565518827,0.28284761668692354,0.32758623361587524,0.0,19
no_repulsion,167,0.4,0.5,0.4666666666666667,0.8666666666666667,0.8978022014949758,0.12598527908373364,0.38990103695794903,0.3535960489338077,0.17773592472076416,20.37037037037037,19
no_repulsion,168,0.0,0.3,0.5333333333333333,0.8333333333333334,0.8764910799264415,0.1112134581508395,0.3865429490742581,0.12158046991728147,0.19598592817783356,40.74074074074074,19
no_repulsion,169,0.4,0.6,0.6666666666666666,0.8333333333333334,0.883956575656642,0.03063696421445983,0.13984951126705103,0.11305006431258369,0.06750720739364624,64.81481481481481,19
no_repulsion,170,0.4,0.5,0.6666666666666666,0.7333333333333333,0.8077833476071543,0.03628050969375012,0.17787040618973937,0.12244771095953624,0.058331605046987534,64.81481481481481,19
no_repulsion,171,0.4,0.5,0.5333333333333333,0.8333333333333334,0.884956059405785,0.046902396086458784,0.20817952604427034,0.09224626430631955,0.16358263790607452,61.111111111111114,19
no_repulsion,172,0.4,0.3,0.5333333333333333,0.8333333333333334,0.878360432691533,0.10107551007304542,0.3192193812847419,0.4394564502081518,0.16217519342899323,46.2962962962963,19
no_repulsion,173,0.6,0.5,0.5333333333333333,0.8,0.8511773564789605,0.29585063862211347,0.7873571257845396,0.2830356850772195,0.18149928748607635,20.37037037037037,19
no_repulsion,174,0.0,0.5,0.6,0.6,0.5990545425429673,0.08075238546144459,0.398729268844457,0.37747157918876567,0.5356729626655579,100.0,19
no_repulsion,175,0.4,0.2,0.2,0.1,0.19101506519538067,0.5752539244093227,2.539629274163997,0.7737728058645856,0.44950735569000244,92.5925925925926,19
no_repulsion,176,0.4,0.4,0.7333333333333333,0.7333333333333333,0.7842710092223123,0.10886898796196472,0.3875280457644643,0.12697031432908257,0.21282124519348145,0.0,19
no_repulsion,177,0.4,0.5,0.4666666666666667,0.8666666666666667,0.8972183003258061,0.12878110737322387,0.3898494364884577,0.3632924873942457,0.17241966724395752,20.37037037037037,19
no_repulsion,178,0.2,0.3,0.4,0.8666666666666667,0.8974228570888841,0.11555256367497076,0.3741891533098012,0.18358919923284392,0.16605499386787415,44.44444444444444,19
no_repulsion,179,0.4,0.5,0.6,0.8333333333333334,0.8774965981099082,0.08513195277659652,0.2731258977716278,0.4286833143670943,0.0949670597910881,62.96296296296296,19
no_repulsion,180,0.8,1.0,0.8666666666666667,0.4666666666666667,0.6124868592426146,0.007523622535490507,0.03374205352301076,0.04462941952892516,0.24646133184432983,70.37037037037037,1
no_repulsion,181,0.6,0.5,0.8,0.7,0.7833955963573666,0.027729027564315136,0.12159863449339686,0.16016664560011548,0.22291207313537598,33.33333333333333,1
no_repulsion,182,0.6,0.6,0.5333333333333333,0.4,0.5411249790201953,0.10782031225385219,0.386033940024808,0.15247813057044154,0.23343972861766815,12.962962962962962,1
no_repulsion,183,0.8,0.6,0.6,0.43333333333333335,0.5711162252566732,0.09543776609335515,0.34001932568939375,0.1286527690460086,0.2385142743587494,5.555555555555555,1
no_repulsion,184,0.6,0.5,0.8,0.7333333333333333,0.8080373511376906,0.033211478036519665,0.1504512220851696,0.1052495160953688,0.2715722918510437,35.18518518518518,1
no_repulsion,185,0.8,0.6,0.8,0.7333333333333333,0.8167385589838211,0.03684360568842207,0.1852885803693054,0.2276277590041801,0.2832537591457367,61.111111111111114,1
no_repulsion,186,0.8,0.8,0.8666666666666667,0.7,0.7918880176135943,0.005551083181529706,0.03903550434091999,0.2052402910664262,0.405050665140152,90.74074074074075,1
no_repulsion,187,1.0,0.9,0.8666666666666667,0.6333333333333333,0.7423863864779882,0.007248809203957306,0.03922446716026705,0.06094099368653628,0.7203090786933899,98.14814814814815,1
no_repulsion,188,0.6,0.8,0.8666666666666667,0.6333333333333333,0.7389978771774772,0.002110799073666222,0.030744040917235975,0.17129602357289464,0.09088506549596786,62.96296296296296,1
no_repulsion,189,0.6,1.0,0.9333333333333333,0.6666666666666666,0.7680816144404465,0.004843812067031137,0.032788113316835184,0.08970764075400828,0.4766901135444641,92.5925925925926,1
no_repulsion,190,0.6,0.6,0.9333333333333333,0.7,0.7925851529576119,0.012442342207383123,0.08939113265997281,0.1899917465372889,0.42018070816993713,74.07407407407408,1
no_repulsion,191,0.6,0.7,0.8,0.5666666666666667,0.6829620407180157,0.06522572191044926,0.34093896661967593,0.21042599575005144,0.05826060473918915,22.22222222222222,1
no_repulsion,192,0.4,0.8,0.8,0.4666666666666667,0.6045920291654648,0.0954335380039646,0.43265396714755106,0.1907129730733406,0.12314146757125854,0.0,1
no_repulsion,193,0.6,0.8,0.7333333333333333,0.5,0.6324081646191945,0.03928994273411088,0.17303833171926342,0.14943733382021096,0.24206720292568207,20.37037037037037,1
no_repulsion,194,0.4,0.8,0.8,0.6333333333333333,0.7373065699722215,0.01758713990842754,0.08217202432719847,0.14249396536630807,0.297685444355011,35.18518518518518,1
no_repulsion,195,0.4,0.7,0.9333333333333333,0.7333333333333333,0.8163915561307596,0.002734912590784051,0.03647125245075033,0.20032114526145484,0.1335298866033554,62.96296296296296,1
no_repulsion,196,0.8,0.9,0.8666666666666667,0.4666666666666667,0.6124868592426146,0.005383608196582025,0.025712992099476688,0.025570293143301805,0.27718669176101685,70.37037037037037,1
no_repulsion,197,0.6,0.8,0.8,0.6333333333333333,0.7397179208750584,0.005691824092390473,0.038808073205361865,0.23606371118336836,0.23426289856433868,48.148148148148145,1
no_repulsion,198,0.8,0.9,0.9333333333333333,0.9,0.9311177223445462,0.006315047835192964,0.04159017458065299,0.17191071150850934,0.20432806015014648,87.03703703703704,20
no_repulsion,199,0.8,1.0,0.8666666666666667,0.7,0.7883333837771319,0.01716072850507479,0.09518163262395082,0.17033432247438482,0.15910568833351135,37.03703703703704,20
no_repulsion,200,0.6,1.0,1.0,0.6666666666666666,0.7614001138570335,0.023578386750062488,0.11754149845439821,0.14968364481516752,0.06196808069944382,9.25925925925926,20
no_repulsion,201,0.8,0.9,0.9333333333333333,0.9,0.9305688693510967,0.017519116513417213,0.09377926908604997,0.19548985512801,0.22435683012008667,25.925925925925924,20
no_repulsion,202,0.8,0.9,1.0,0.9666666666666667,0.9775315165013186,0.027758077951839842,0.1257819592418039,0.21926999196522323,0.17899927496910095,38.88888888888889,20
no_repulsion,203,1.0,1.0,0.9333333333333333,0.9333333333333333,0.9554993928252571,0.022297204903479834,0.11458087373631948,0.1764261369521739,0.28795158863067627,50.0,20
no_repulsion,204,1.0,0.9,0.9333333333333333,0.9,0.9332548647072635,0.021106099642110906,0.11393971190565103,0.15098157494281794,0.23310191929340363,59.25925925925925,20
no_repulsion,205,0.8,0.9,0.8666666666666667,0.9,0.9301804336445871,0.015417995403717806,0.09209463435454297,0.1567587571006736,0.1134418323636055,57.407407407407405,20
no_repulsion,206,1.0,0.9,0.9333333333333333,0.8333333333333334,0.8857397656269257,0.008000799928720903,0.060994882048881816,0.1434635990565744,0.22010578215122223,75.92592592592592,20
no_repulsion,207,1.0,0.9,0.9333333333333333,0.7666666666666667,0.8393471919425992,0.005378454814497033,0.03828416250023309,0.19068483557557833,0.3564058542251587,66.66666666666666,20
no_repulsion,208,1.0,0.8,0.8666666666666667,0.7,0.7925851529576119,0.004807356097948596,0.03714363047558344,0.06894285426957082,0.04137255996465683,62.96296296296296,20
no_repulsion,209,0.8,0.8,0.8666666666666667,0.7333333333333333,0.8144606439867059,0.007891406207271155,0.05150931703284794,0.12005806358445179,0.10507804155349731,44.44444444444444,20
no_repulsion,210,1.0,0.9,0.7333333333333333,0.6666666666666666,0.7636784078318096,0.02246797213806914,0.10238089564170758,0.10899156130439991,0.15944381058216095,11.11111111111111,20
no_repulsion,211,1.0,1.0,0.8666666666666667,0.7,0.783357501263363,0.028897584028349466,0.13484804743374681,0.09596592271243305,0.16917647421360016,0.0,20
no_repulsion,212,1.0,0.8,0.8,0.9666666666666667,0.9772949017504176,0.02760103462788231,0.1170223318706069,0.11375384496520514,0.25008630752563477,9.25925925925926,20
no_repulsion,213,0.8,0.9,1.0,0.8666666666666667,0.9100626141445228,0.009967687826085833,0.06965208442562146,0.0638687808722016,0.3329131007194519,44.44444444444444,20
no_repulsion,214,0.8,1.0,0.9333333333333333,0.8666666666666667,0.9088026534572274,0.00951534506712903,0.06181493444271941,0.11248282048498992,0.034317586570978165,72.22222222222221,20
no_repulsion,215,1.0,0.9,0.8666666666666667,0.7,0.7827437396598025,0.008478635559238418,0.061435733647347335,0.0555332153408248,0.20805571973323822,48.148148148148145,20
no_repulsion,216,1.0,0.9,0.8666666666666667,0.43333333333333335,0.5838182774948055,0.013308289430810926,0.07483458767866281,0.10204157967552104,0.7271443605422974,81.48148148148148,2
no_repulsion,217,0.6,0.3,0.2,0.16666666666666666,0.32182863475352097,0.5599248835775171,2.0560012197594806,1.055586613187043,0.5445048213005066,55.55555555555556,2
no_repulsion,218,0.6,0.7,0.8666666666666667,0.6,0.711648493057024,0.013058539571742913,0.09986857360401616,0.27048243945781864,0.24816127121448517,55.55555555555556,2
no_repulsion,219,0.6,0.6,0.4666666666666667,0.4,0.4981533785440095,0.42010937766561374,1.3554686655205446,0.41039926650870207,0.10149671137332916,55.55555555555556,2
no_repulsion,220,0.8,0.7,0.7333333333333333,0.7666666666666667,0.8333020297846572,0.04829442159511791,0.193219660936069,0.16589875478763275,0.45135682821273804,31.48148148148148,2
no_repulsion,221,0.6,0.8,0.8666666666666667,0.7,0.783081066282191,0.015636191248089158,0.0837893754867973,0.2510436669763149,0.2657747268676758,14.814814814814813,2
no_repulsion,222,0.6,1.0,0.9333333333333333,0.7,0.7750540962571982,0.006555510027626253,0.05371209224304979,0.12689162021133854,0.3311820924282074,14.814814814814813,2
no_repulsion,223,1.0,1.0,0.8,0.6666666666666666,0.7404794445875492,0.013980761541949688,0.05777207187871175,0.23369497144419868,0.4312553107738495,14.814814814814813,2
no_repulsion,224,0.8,0.9,0.8666666666666667,0.5,0.6374285131812701,0.012571433896026503,0.08095072214177398,0.14268392316285297,0.4905349016189575,70.37037037037037,2
no_repulsion,225,1.0,1.0,0.8666666666666667,0.6333333333333333,0.7215139982673698,0.009590718989530272,0.05228070846305597,0.12806627170106444,0.37305063009262085,12.962962962962962,2
no_repulsion,226,0.8,0.8,1.0,0.6666666666666666,0.7529336551486064,0.015174892775554843,0.0931662921298171,0.15294572552159746,0.5690416693687439,7.4074074074074066,2
no_repulsion,227,0.6,0.3,0.2,0.2,0.32544161063420357,0.5289535462570477,2.0520508944422042,0.33459630743827445,0.48587891459465027,3.7037037037037033,2
no_repulsion,228,0.0,0.2,0.4,0.6333333333333333,0.6364230485511492,0.17242036592549512,0.6784810943568799,0.5838176399654812,0.3496860861778259,64.81481481481481,2
no_repulsion,229,0.4,0.2,0.2,0.3,0.37983557787481037,0.5955451257535237,2.370710055672743,1.1247255423722327,0.6004704833030701,70.37037037037037,2
no_repulsion,230,0.4,0.6,0.6,0.3,0.4581417334952231,0.44474691229572316,1.4582799869103893,0.7959560368743903,0.23419144749641418,44.44444444444444,2
no_repulsion,231,1.0,0.9,0.9333333333333333,0.5,0.6397747256990975,0.013669498131066367,0.07206297064753939,0.10358929644659522,0.4492672383785248,79.62962962962963,2
no_repulsion,232,0.8,1.0,0.8666666666666667,0.43333333333333335,0.5845486656447131,0.021722301741660826,0.10925369547610597,0.1428736501315875,0.1848600208759308,88.88888888888889,2
no_repulsion,233,1.0,0.9,0.6,0.36666666666666664,0.5254330524972798,0.11659700195382006,0.43078510198884046,0.254782554501318,0.28142571449279785,61.111111111111114,2
no_repulsion,234,0.2,0.4,0.6666666666666666,0.8666666666666667,0.9087373538402698,0.06189869517505312,0.22156060665333457,0.23466432990813577,0.08949864655733109,55.55555555555556,3
no_repulsion,235,0.2,0.5,0.6,0.8,0.8179326659907655,0.10820704249804759,0.34226258306080537,0.4155762836507019,0.191319078207016,57.407407407407405,3
no_repulsion,236,0.4,0.3,0.3333333333333333,0.4,0.5438515202599272,0.4317464503625023,2.02505029055946,0.7055557954432078,0.5162889957427979,100.0,3
no_repulsion,237,0.0,0.5,0.6,0.6,0.5673842979319002,0.22790936057528355,0.9686760492215256,0.7726598208410577,0.10324843227863312,24.074074074074073,3
no_repulsion,238,0.0,0.4,0.6,0.7333333333333333,0.7946030041514239,0.06222941966362096,0.24095394833686828,0.04607397455422041,0.22195035219192505,1.8518518518518516,3
no_repulsion,239,0.2,0.5,0.6,0.8666666666666667,0.9060923272353357,0.06708322217831605,0.2469382273329656,0.1467190897748202,0.18354809284210205,22.22222222222222,3
no_repulsion,240,0.2,0.6,0.5333333333333333,0.7666666666666667,0.8326814679421247,0.07047906958005765,0.264267655599286,0.11909187111884632,0.23816774785518646,31.48148148148148,3
no_repulsion,241,0.4,0.7,0.7333333333333333,0.8333333333333334,0.8833059014887703,0.03658836685835965,0.16382890241960002,0.14350787507522303,0.21178807318210602,48.148148148148145,3
no_repulsion,242,0.4,0.5,0.8,0.7333333333333333,0.8078891020444449,0.03050357202760198,0.16206165612509948,0.08652645528346378,0.2579399049282074,70.37037037037037,3
no_repulsion,243,0.4,0.5,0.6666666666666666,0.7666666666666667,0.8223843049739141,0.03863852983484157,0.18717558530796893,0.2006026205066974,0.1166832372546196,55.55555555555556,3
no_repulsion,244,0.4,0.3,0.4,0.7666666666666667,0.8116384920862993,0.1352426724538713,0.4053332029567126,0.3590542641622952,0.032852157950401306,57.407407407407405,3
no_repulsion,245,0.6,0.7,0.6,0.6,0.7075897032790495,0.22031947749296388,0.5949561979960154,0.535747955629464,0.18527793884277344,61.111111111111114,3
no_repulsion,246,0.4,0.4,0.3333333333333333,0.5,0.47216232028627264,0.43665846933721253,2.034604310161254,0.8487466492043525,0.3725248873233795,90.74074074074075,3
no_repulsion,247,0.6,0.5,0.6666666666666666,0.4666666666666667,0.6045517534982556,0.28949968660205944,1.3104485266809325,0.6608532641346048,0.28793901205062866,57.407407407407405,3
no_repulsion,248,0.6,0.5,0.6666666666666666,0.8333333333333334,0.8831970797444704,0.09085358588514757,0.2941872702126492,0.2773567498976427,0.17158310115337372,3.7037037037037033,3
no_repulsion,249,0.2,0.4,0.4666666666666667,0.8333333333333334,0.7912977602209524,0.1172060059823706,0.3874433481404158,0.2274178586618841,0.083225779235363,20.37037037037037,3
no_repulsion,250,0.4,0.5,0.5333333333333333,0.8666666666666667,0.8918908647884307,0.09279144013961733,0.32851041273373865,0.1404576086180586,0.08616697788238525,35.18518518518518,3
no_repulsion,251,0.0,0.4,0.6,0.7666666666666667,0.8269947940820404,0.036276565511216816,0.16191268527319663,0.17629383201227852,0.18353673815727234,68.51851851851852,3
no_repulsion,252,0.8,0.8,0.7333333333333333,0.5,0.6205287227097862,0.06004714968776778,0.22226033788250488,0.16365215158875424,0.17265452444553375,90.74074074074075,4
no_repulsion,253,1.0,0.9,0.6,0.6333333333333333,0.7110187961506607,0.05670235610584628,0.17317442726998894,0.16720888583839777,0.18636326491832733,62.96296296296296,4
no_repulsion,254,0.8,0.8,0.6,0.5333333333333333,0.6349080606387193,0.05228365773627677,0.17224237756079377,0.09061547316751037,0.3368707597255707,42.592592592592595,4
no_repulsion,255,0.8,0.9,0.6666666666666666,0.5,0.6293530843077954,0.0539272326288008,0.1966947261798136,0.09929890111848937,0.32543572783470154,20.37037037037037,4
no_repulsion,256,1.0,0.9,0.6,0.5666666666666667,0.6849531436166458,0.06343420485898736,0.2256120471315592,0.16528815194517613,0.19923973083496094,33.33333333333333,4
no_repulsion,257,1.0,0.8,0.8666666666666667,0.6333333333333333,0.7424793404608124,0.006528517225023675,0.05374089381276825,0.05898204700914321,0.3125419616699219,50.0,4
no_repulsion,258,0.8,1.0,1.0,0.7,0.7912391003926741,0.002843363523363425,0.02674317091148352,0.17211823187226458,0.22932912409305573,62.96296296296296,4
no_repulsion,259,0.6,1.0,1.0,0.6666666666666666,0.7673298818310393,0.0003399547181896476,0.00951127734930714,0.13748441421762475,0.135819673538208,61.111111111111114,4
no_repulsion,260,0.6,0.4,0.4666666666666667,0.5666666666666667,0.6312262291635211,0.18507629413674012,0.5291083387577793,0.1738650746036768,0.5106610655784607,42.592592592592595,4
no_repulsion,261,1.0,0.9,0.8666666666666667,0.6666666666666666,0.7684556136949123,0.005667201481626084,0.04735336111643824,0.06847142749242227,0.30975428223609924,42.592592592592595,4
no_repulsion,262,1.0,0.9,0.6666666666666666,0.36666666666666664,0.5263831932190675,0.10982958369931539,0.3417973395964934,0.202923929235495,0.26011499762535095,7.4074074074074066,4
no_repulsion,263,1.0,1.0,0.8,0.5,0.6397747256990975,0.04315828163379716,0.17219340176007003,0.08072575485452607,0.22707493603229523,0.0,4
no_repulsion,264,1.0,0.9,0.8,0.43333333333333335,0.5825840491842171,0.02093344222115201,0.09176487050114578,0.049313830328825144,0.2104843556880951,9.25925925925926,4
no_repulsion,265,1.0,0.9,0.8666666666666667,0.5,0.638182087205073,0.022954744566866293,0.10351559250092411,0.01710414956630979,0.21168947219848633,14.814814814814813,4
no_repulsion,266,1.0,0.8,0.6666666666666666,0.5333333333333333,0.6403439456755464,0.07262839008294018,0.2640434176153576,0.14391471917078594,0.30890047550201416,40.74074074074074,4
no_repulsion,267,0.8,0.8,0.8,0.4,0.5482789541103212,0.07288909065321716,0.27024083693313355,0.21919302089294912,0.14200527966022491,88.88888888888889,4
no_repulsion,268,1.0,1.0,0.8,0.5,0.6324846080805605,0.052014322728147724,0.2150294999234405,0.19232044902318082,0.14264951646327972,94.44444444444444,4
no_repulsion,269,1.0,0.6,0.6,0.7333333333333333,0.7898132378014928,0.04330007540796839,0.18360051425349802,0.12902455335131607,0.23217055201530457,79.62962962962963,4
no_repulsion,270,0.8,0.9,0.9333333333333333,0.8333333333333334,0.8873282228636491,0.02605536125742486,0.14176639762416215,0.10465653657027707,0.12488500028848648,12.962962962962962,5
no_repulsion,271,0.6,0.7,0.6666666666666666,0.6,0.6974343061337632,0.06448386732890339,0.26506047900664687,0.11679802307097079,0.09319444745779037,55.55555555555556,5
no_repulsion,272,0.2,0.6,0.7333333333333333,0.6333333333333333,0.7413115177790293,0.27863985042798717,1.2267502799933987,0.8702852400284296,0.29312649369239807,88.88888888888889,5
no_repulsion,273,0.4,0.4,0.4,0.36666666666666664,0.49727378554632146,0.47582392934038975,2.17453514534491,0.8609654283265498,0.488817423582077,88.88888888888889,5
no_repulsion,274,0.8,0.8,0.8,0.6,0.7073540003076578,0.11392545914017899,0.39802083761286455,0.10222479680536957,0.1595631241798401,77.77777777777779,5
no_repulsion,275,0.6,0.9,0.8,0.5,0.6343276875453202,0.06710086224801405,0.2345504284195123,0.1477030653323532,0.1268121302127838,59.25925925925925,5
no_repulsion,276,0.4,0.8,0.8,0.7333333333333333,0.8074439796904422,0.0301588120309043,0.14504904575956917,0.05161424406918713,0.06638823449611664,33.33333333333333,5
no_repulsion,277,0.4,0.7,0.8,0.8666666666666667,0.9074273078609985,0.031299006715059,0.14802509708018627,0.060568474490090125,0.08644011616706848,7.4074074074074066,5
no_repulsion,278,0.8,0.9,0.8666666666666667,0.6,0.7119185492513103,0.01606677532181095,0.08473373421532408,0.06076359914931047,0.20708084106445312,12.962962962962962,5
no_repulsion,279,0.4,0.9,0.8,0.5666666666666667,0.6854929331389444,0.030902787015856574,0.1263334573104376,0.033103102995966846,0.208892822265625,11.11111111111111,5
no_repulsion,280,0.4,0.8,0.7333333333333333,0.6333333333333333,0.7301811407106759,0.08627089766638173,0.2815236386586547,0.2645634627417861,0.17470525205135345,33.33333333333333,5
no_repulsion,281,0.4,0.7,0.6,0.5333333333333333,0.6488810029680537,0.0894218786324122,0.3192839096343418,0.16366459700110417,0.10471648722887039,53.70370370370371,5
no_repulsion,282,0.2,0.3,0.4666666666666667,0.5,0.569308960157687,0.40951726237076447,1.7751176212885564,0.8458112262723121,0.4012390971183777,94.44444444444444,5
no_repulsion,283,0.6,0.3,0.5333333333333333,0.4666666666666667,0.5862766795818821,0.48323487005150245,2.2238733900870717,0.9046895642670869,0.2865675687789917,88.88888888888889,5
no_repulsion,284,1.0,0.9,0.7333333333333333,0.5,0.6360477978899439,0.12855680360571115,0.4129607293098175,0.13620001844804436,0.1987818479537964,77.77777777777779,5
no_repulsion,285,0.6,0.9,0.8,0.5333333333333333,0.6627303615109371,0.06615583881741835,0.23934489025880984,0.15162946242258052,0.06895485520362854,55.55555555555556,5
no_repulsion,286,0.6,0.9,1.0,0.7666666666666667,0.8387947400124834,0.022825187163422828,0.11912752508218591,0.0818862084748889,0.10438872873783112,33.33333333333333,5
no_repulsion,287,0.6,0.8,0.8,0.7333333333333333,0.8140919208160268,0.08197443348744535,0.27767833571796613,0.2618728223502861,0.1512097418308258,33.33333333333333,5
no_repulsion,288,0.0,0.4,0.4666666666666667,0.9,0.9316048746577043,0.11060257714508459,0.37284075080669105,0.16279170149353003,0.327126145362854,35.18518518518518,6
no_repulsion,289,0.4,0.7,0.8,0.6666666666666666,0.7651905848616708,0.1356701997530368,0.36690768830705917,0.5101460967285514,0.2609400153160095,35.18518518518518,6
no_repulsion,290,0.4,0.6,0.6,0.3333333333333333,0.4948313437077516,0.2588540364482179,1.2303186074809684,0.5603977136632041,0.38647934794425964,75.92592592592592,6
no_repulsion,291,0.4,0.8,0.7333333333333333,0.43333333333333335,0.5770356175840722,0.21399108415597093,1.0020843539615432,0.5389018828030833,0.22018735110759735,20.37037037037037,6
no_repulsion,292,0.4,0.6,0.7333333333333333,0.7666666666666667,0.8344981884361662,0.1055220016138658,0.31277491553945436,0.3597567071094142,0.3017263412475586,0.0,6
no_repulsion,293,0.2,0.5,0.5333333333333333,0.9,0.9212283018520855,0.12963478871076137,0.40546115179089454,0.373989676873687,0.05970302224159241,16.666666666666664,6
no_repulsion,294,0.2,0.6,0.6,0.9333333333333333,0.9494905899494852,0.09036606822361001,0.332079347270962,0.059644484487364424,0.17045234143733978,25.925925925925924,6
no_repulsion,295,0.2,0.4,0.6,0.9,0.9293206095629064,0.07280850559230836,0.276788730009335,0.18912595361595444,0.2573009729385376,35.18518518518518,6
no_repulsion,296,0.4,0.7,0.7333333333333333,0.9,0.9286379572070429,0.02219081881703455,0.1484747053296712,0.09857586459004965,0.10368193686008453,57.407407407407405,6
no_repulsion,297,0.2,0.6,0.6666666666666666,0.8333333333333334,0.8837104146137773,0.04694702016950681,0.21886821040222093,0.07870276819808605,0.24851550161838531,38.88888888888889,6
no_repulsion,298,0.6,0.6,0.6666666666666666,0.7666666666666667,0.8310177646898593,0.09568975002943535,0.28739296369679473,0.4651014880833009,0.048747655004262924,38.88888888888889,6
no_repulsion,299,0.6,0.7,0.6666666666666666,0.5,0.6320292793609295,0.2079390020447632,0.5587965636310089,0.5147693501744839,0.2519550323486328,29.629629629629626,6
no_repulsion,300,0.6,0.5,0.6,0.4,0.5487344966356276,0.26774491526286837,1.2879782053949702,0.5519471680418554,0.3524317741394043,77.77777777777779,6
no_repulsion,301,0.2,0.6,0.4,0.4,0.5462002272422399,0.44404875234821684,2.021455781422057,0.7875671346626468,0.19573833048343658,25.925925925925924,6
no_repulsion,302,0.4,0.6,0.6,0.8333333333333334,0.84809970061731,0.11759358823059186,0.3586037739951465,0.3383967459261153,0.18075262010097504,0.0,6
no_repulsion,303,0.2,0.5,0.4666666666666667,0.8333333333333334,0.7732374487038222,0.12746297273476878,0.4177156604464687,0.3057567334808472,0.05786431208252907,14.814814814814813,6
no_repulsion,304,0.2,0.4,0.6,0.9,0.9278299630006613,0.10850817219319671,0.37727523779206884,0.17401964100784814,0.11551538854837418,27.77777777777778,6
no_repulsion,305,0.4,0.5,0.6666666666666666,0.8666666666666667,0.9059356945883682,0.08281585696276922,0.2725037318475282,0.4367361886514736,0.15000547468662262,50.0,6
no_repulsion,306,0.6,0.6,0.7333333333333333,0.7,0.7865081021808578,0.0912180176332024,0.2997307876186306,0.298989718967394,0.34893736243247986,46.2962962962963,7
no_repulsion,307,0.8,0.7,0.8,0.8,0.8594495220781175,0.02197444087908197,0.12468879475230087,0.08692671524969316,0.22056736052036285,31.48148148148148,7
no_repulsion,308,0.4,0.8,0.8666666666666667,0.9333333333333333,0.955012240512099,0.01959080384224644,0.11029963181364968,0.07381695034453066,0.21697001159191132,44.44444444444444,7
no_repulsion,309,0.4,0.8,0.8666666666666667,0.8333333333333334,0.8757939550242038,0.00801736443208816,0.05036480066129563,0.1002419893055701,0.27223312854766846,70.37037037037037,7
no_repulsion,310,0.8,1.0,0.8,0.7666666666666667,0.8250007441637621,0.003075468387770297,0.01593904793656593,0.039476199515468116,0.3372623026371002,75.92592592592592,7
no_repulsion,311,0.8,0.9,0.8,0.7,0.7801673533356865,0.0029753315353882696,0.02180559222998392,0.00492990135219817,0.19679152965545654,70.37037037037037,7
no_repulsion,312,0.4,0.5,0.8,0.8333333333333334,0.8806804234617955,0.0143386184535949,0.10522233091887845,0.10272900820464041,0.22234755754470825,53.70370370370371,7
no_repulsion,313,1.0,0.8,0.8666666666666667,0.7,0.7894099296232113,0.01835216922135724,0.09383427823548499,0.1468147358965394,0.44652798771858215,35.18518518518518,7
no_repulsion,314,0.4,0.7,0.9333333333333333,0.6333333333333333,0.7432003425683398,0.012012691342288221,0.0763882873836997,0.08882419057371928,0.3623183071613312,3.7037037037037033,7
no_repulsion,315,0.2,0.6,0.7333333333333333,0.7333333333333333,0.8149162519527285,0.028873691721629662,0.147909665556735,0.18377604719160304,0.19085349142551422,3.7037037037037033,7
no_repulsion,316,0.6,0.9,0.8,0.5333333333333333,0.6664786909864109,0.034191894702747756,0.10645349166791106,0.12733082394400724,0.23148100078105927,11.11111111111111,7
no_repulsion,317,0.4,0.3,0.4,0.6666666666666666,0.6954729262286742,0.1558618107263008,0.4766754142750003,0.15905324809261984,0.19574567675590515,33.33333333333333,7
no_repulsion,318,0.6,0.8,0.8666666666666667,0.6666666666666666,0.7636034684682063,0.009582896649732997,0.07926596772414206,0.10803163463299774,0.24892094731330872,62.96296296296296,7
no_repulsion,319,0.4,0.7,1.0,0.7,0.7886626006357607,0.004772984345278527,0.0574803034874823,0.12032573546121114,0.24017491936683655,74.07407407407408,7
no_repulsion,320,0.6,0.9,0.8666666666666667,0.6333333333333333,0.7288869319131892,0.0033003781299245478,0.028587927280527916,0.027107494900180776,0.4019753038883209,92.5925925925926,7
no_repulsion,321,0.8,0.9,0.8666666666666667,0.6333333333333333,0.7288869319131892,0.0021435853312081862,0.02006355654396787,0.06617116950569289,0.4424654245376587,92.5925925925926,7
no_repulsion,322,0.4,0.7,0.9333333333333333,0.7,0.7881819463489752,0.009390761861651411,0.08581655319251433,0.07732357446150248,0.18622435629367828,74.07407407407408,7
no_repulsion,323,0.4,0.8,0.8666666666666667,0.7,0.7922620168680602,0.004624934059502066,0.03170083236758016,0.2250147851687787,0.038681965321302414,14.814814814814813,7
no_repulsion,324,0.8,0.6,0.7333333333333333,0.7666666666666667,0.8337399886735682,0.017927362037533937,0.08576631524338399,0.10108514556493653,0.34876203536987305,31.48148148148148,8
no_repulsion,325,0.2,0.4,0.5333333333333333,0.6,0.6718562482546784,0.12062026232979661,0.4030234124977687,0.3169391348392621,0.22669583559036255,31.48148148148148,8
no_repulsion,326,0.6,0.8,0.9333333333333333,0.7333333333333333,0.8111972155085461,0.006926991651158122,0.0663220992023571,0.24757078195028798,0.21343597769737244,90.74074074074075,8
no_repulsion,327,0.8,0.7,0.7333333333333333,0.6333333333333333,0.7167174267120525,0.021096226222257503,0.13590631815622486,0.13888598637738483,0.2761625051498413,81.48148148148148,8
no_repulsion,328,0.8,0.7,0.8,0.6333333333333333,0.7344611274745734,0.027113783468922598,0.13833814028911245,0.16179861893486772,0.14825439453125,3.7037037037037033,8
no_repulsion,329,1.0,0.8,0.6666666666666666,0.6666666666666666,0.7418894543707215,0.017521373040292637,0.09007170000656581,0.17543752794780942,0.2833392322063446,3.7037037037037033,8
no_repulsion,330,0.6,0.7,0.6666666666666666,0.7333333333333333,0.7997986260719055,0.01590575175289225,0.09239093211008656,0.06669669021489061,0.055342335253953934,22.22222222222222,8
no_repulsion,331,1.0,0.6,0.6666666666666666,0.7666666666666667,0.7996931770679808,0.017569813983890955,0.08263616744078604,0.07706248034614226,0.23363953828811646,33.33333333333333,8
no_repulsion,332,0.8,0.7,0.8,0.7333333333333333,0.8148709559162036,0.00520707112882109,0.05372701874713026,0.28538720552480296,0.3152529299259186,37.03703703703704,8
no_repulsion,333,0.2,0.5,0.8,0.7666666666666667,0.8358480546457087,0.015841335359150718,0.11040274575010052,0.1823408778271315,0.328370064496994,31.48148148148148,8
no_repulsion,334,0.6,0.8,0.7333333333333333,0.7,0.7831219670854033,0.018922792956647352,0.10275568863143539,0.06758381683637543,0.35915490984916687,31.48148148148148,8
no_repulsion,335,0.4,0.5,0.6,0.6,0.6933987754340754,0.08861066966051899,0.3042847087380397,0.3224672301512263,0.11774647235870361,46.2962962962963,8
no_repulsion,336,0.6,0.9,0.8666666666666667,0.7,0.7861367722236153,0.009817056656751042,0.07674695820353172,0.4361907199470547,0.13595959544181824,87.03703703703704,8
no_repulsion,337,0.4,0.7,0.7333333333333333,0.7666666666666667,0.8292186847853067,0.016633046898325402,0.10447667503928049,0.1611053288836485,0.2329660952091217,85.18518518518519,8
no_repulsion,338,0.2,0.7,0.6666666666666666,0.5666666666666667,0.6797614768830228,0.05319832382499803,0.22343596283395467,0.23764130977849515,0.24788425862789154,3.7037037037037033,8
no_repulsion,339,0.6,0.6,0.5333333333333333,0.8333333333333334,0.8434361680476622,0.017246461741865973,0.10675730025888668,0.2604159412880535,0.19701150059700012,12.962962962962962,8
no_repulsion,340,0.2,0.6,0.7333333333333333,0.7,0.6973326738799016,0.008607025103927107,0.08126492897477108,0.2595225223038589,0.06272751837968826,31.48148148148148,8
no_repulsion,341,0.6,0.5,0.6666666666666666,0.7,0.7573218692178868,0.00784173024115471,0.06968662306656849,0.36621499330087065,0.45483630895614624,31.48148148148148,8
no_repulsion,342,0.4,0.5,0.7333333333333333,0.8666666666666667,0.9029572947792297,0.07960004369664772,0.27253784076999416,0.30253608093367984,0.22289450466632843,18.51851851851852,9
no_repulsion,343,0.8,0.6,0.6,0.7333333333333333,0.7981541822599599,0.10246961892213889,0.3631929043114171,0.07432433421508351,0.1993025839328766,66.66666666666666,9
no_repulsion,344,0.4,0.2,0.3333333333333333,0.43333333333333335,0.5140760433576496,0.2849311403132163,0.9876202700169262,0.6706988521101315,0.09660657495260239,90.74074074074075,9
no_repulsion,345,0.4,0.2,0.13333333333333333,0.13333333333333333,0.2670275598921755,0.6634100385269036,3.020803213281488,1.4330976315176156,0.7420215606689453,85.18518518518519,9
no_repulsion,346,0.8,0.8,0.8666666666666667,0.6666666666666666,0.7633055737169647,0.11232069018039298,0.3846233294943654,0.0807691341399925,0.19607189297676086,66.66666666666666,9
no_repulsion,347,0.6,1.0,0.8,0.5333333333333333,0.6626953133352168,0.04109467466691633,0.15982689266151034,0.112946308213009,0.13590803742408752,51.85185185185185,9
no_repulsion,348,0.6,1.0,0.9333333333333333,0.5666666666666667,0.6889471744850922,0.008513420432833155,0.04815187554245018,0.10034245426699982,0.1952413022518158,37.03703703703704,9
no_repulsion,349,0.8,0.6,0.8,0.9,0.9256986906590812,0.06022816964371072,0.1934560102039873,0.32565101871397323,0.4402291774749756,22.22222222222222,9
no_repulsion,350,0.8,1.0,0.8,0.5,0.6345189829186763,0.041740920479528786,0.14855477685603669,0.13116978916553854,0.19818514585494995,11.11111111111111,9
no_repulsion,351,0.6,0.9,0.8666666666666667,0.6333333333333333,0.7258697440728114,0.03740534644661557,0.14540904119880124,0.14048894047078336,0.13479356467723846,11.11111111111111,9
no_repulsion,352,0.8,1.0,0.8,0.5666666666666667,0.6877106681349449,0.06688561467479558,0.24881374338810197,0.10896604735430633,0.1755775660276413,29.629629629629626,9
no_repulsion,353,0.8,0.5,0.6,0.7,0.7731113511512673,0.1027124771872142,0.3606889573757966,0.09686366856953146,0.2073885053396225,66.66666666666666,9
no_repulsion,354,0.0,0.1,0.2,0.3333333333333333,0.29701259983862477,0.498059913924876,1.8783184892032487,0.783911996375642,0.14494402706623077,88.88888888888889,9
no_repulsion,355,0.4,0.3,0.2,0.1,0.23259410617441625,0.6055795007878819,2.7567633122579798,0.7041916565782189,0.46754947304725647,85.18518518518519,9
no_repulsion,356,1.0,0.8,0.8666666666666667,0.7,0.786234627347235,0.12182098101589717,0.4099229240342787,0.07828983172958533,0.1729503571987152,66.66666666666666,9
no_repulsion,357,0.8,0.9,0.7333333333333333,0.5,0.6350580756952279,0.05923221193473824,0.20085119856641415,0.17648141611849144,0.17399215698242188,51.85185185185185,9
no_repulsion,358,0.8,0.9,0.9333333333333333,0.4666666666666667,0.6093276942994734,0.01973899562940365,0.07133884487441802,0.17558890789890838,0.13921137154102325,35.18518518518518,9
no_repulsion,359,0.8,1.0,0.7333333333333333,0.5666666666666667,0.6839272904837509,0.07541461916781853,0.26446427615935975,0.1344489900559717,0.18377968668937683,29.629629629629626,9
repulsion_oracle_diagnostic,0,0.8,1.0,0.9333333333333333,0.9,0.9285595687588636,0.02806596752411029,0.1492221345456465,0.2563193631757836,0.415465772151947,57.407407407407405,11
repulsion_oracle_diagnostic,1,0.8,1.0,0.8,0.4,0.5558800838969039,0.043643033153778876,0.21150087900172537,0.16365549977931806,0.5528981685638428,92.5925925925926,10
repulsion_oracle_diagnostic,2,0.4,0.6,0.7333333333333333,0.6666666666666666,0.6745984678680551,0.008763607157561687,0.07389801807884896,0.10190689064458087,0.031478069722652435,31.48148148148148,8
repulsion_oracle_diagnostic,3,1.0,0.9,0.8,0.43333333333333335,0.5831679503533869,0.02098922166814364,0.09225283655925202,0.06533714415737246,0.23091691732406616,9.25925925925926,4
repulsion_oracle_diagnostic,4,0.0,0.3,0.6,0.6,0.6240728522724853,0.22775664331094353,0.9673262115097323,0.7906156094005601,0.11913223564624786,22.22222222222222,3
repulsion_oracle_diagnostic,5,0.0,0.4,0.4666666666666667,0.9,0.9308054841019978,0.1104650849327754,0.37327671069623375,0.11769940634014336,0.33979666233062744,53.70370370370371,6
repulsion_oracle_diagnostic,6,0.8,0.9,0.6666666666666666,0.3333333333333333,0.4948313437077516,0.10793337534866265,0.4076061916262629,0.26816648325243436,0.2480301707983017,98.14814814814815,11
repulsion_oracle_diagnostic,7,0.6,0.7,0.9333333333333333,0.6,0.7174291900754418,0.01763580983777952,0.1132234759147667,0.13442993361920025,0.3274073004722595,29.629629629629626,18
repulsion_oracle_diagnostic,8,0.8,0.9,0.8666666666666667,0.9666666666666667,0.9779678763239384,0.0059645278513988115,0.046141976370048826,0.39621118610094197,0.5723702907562256,75.92592592592592,11
repulsion_oracle_diagnostic,9,0.6,0.8,0.9333333333333333,0.9333333333333333,0.9552869883833249,0.017057001829108995,0.11141202890367144,0.3430194001935856,0.48795783519744873,62.96296296296296,14
repulsion_oracle_diagnostic,10,0.6,0.6,0.6,0.8666666666666667,0.9053276227470379,0.041989155921194427,0.17804149244946807,0.12041305198535339,0.157456174492836,87.03703703703704,19
repulsion_oracle_diagnostic,11,0.8,0.4,0.5333333333333333,0.6,0.6666515835766539,0.18569784508831025,0.5536164404890742,0.10063642019673104,0.5570597052574158,38.88888888888889,4
repulsion_oracle_diagnostic,12,0.0,0.4,0.5333333333333333,0.8666666666666667,0.896089691548498,0.11318555977319811,0.38585131971652176,0.1412525861912102,0.22722244262695312,59.25925925925925,19
repulsion_oracle_diagnostic,13,1.0,0.8,0.9333333333333333,0.9333333333333333,0.9547998360701668,0.0370635733203341,0.15146072672691835,0.0574786434473994,0.178320050239563,3.7037037037037033,15
repulsion_oracle_diagnostic,14,0.6,1.0,1.0,0.6666666666666666,0.7670067457414876,0.0006190467563944525,0.014338434394786138,0.2895970420832655,0.773993730545044,79.62962962962963,4
repulsion_oracle_diagnostic,15,0.6,0.7,0.8666666666666667,0.9,0.930810446267564,0.05563717121670916,0.2338647581687598,0.1823607583298676,0.27066949009895325,33.33333333333333,17
repulsion_oracle_diagnostic,16,0.6,0.9,0.9333333333333333,0.7666666666666667,0.8408680982465206,0.0031842177050912536,0.03532494829567039,0.1694384699268544,0.3336586654186249,74.07407407407408,10
repulsion_oracle_diagnostic,17,0.8,0.9,0.8,0.4,0.5558800838969039,0.04968687854856243,0.2488348894695414,0.15373733961471195,0.525321900844574,100.0,10
repulsion_oracle_diagnostic,18,1.0,0.8,0.8666666666666667,0.7,0.7925851529576119,0.005194824888340828,0.03864146502407423,0.17795946597532236,0.3782632350921631,81.48148148148148,20
repulsion_oracle_diagnostic,19,0.0,0.5,0.6,0.7333333333333333,0.7966597296251712,0.06440002014481276,0.24829490904335744,0.19571470422208287,0.3954450786113739,0.0,3
repulsion_oracle_diagnostic,20,0.4,0.8,0.8666666666666667,0.7666666666666667,0.8338607234011154,0.04145428655361094,0.17914147171804487,0.23103236981783334,0.4367826282978058,25.925925925925924,10
repulsion_oracle_diagnostic,21,1.0,0.9,0.8666666666666667,0.6333333333333333,0.7423863864779882,0.00850219680651197,0.057266399111428896,0.11654549173988313,0.927986741065979,100.0,1
repulsion_oracle_diagnostic,22,0.8,0.9,0.9333333333333333,0.8333333333333334,0.8873282228636491,0.026493672659308153,0.14292791711640235,0.14175509287829655,0.16866403818130493,12.962962962962962,5
repulsion_oracle_diagnostic,23,0.8,0.9,0.9333333333333333,0.9,0.9311177223445462,0.007302247237273162,0.044898170679997504,0.2997487644530495,0.5537936091423035,100.0,20
repulsion_oracle_diagnostic,24,1.0,1.0,0.9333333333333333,0.5,0.6397747256990975,0.014768621185007692,0.08098825386372327,0.16906018398063535,0.5583213567733765,79.62962962962963,2
repulsion_oracle_diagnostic,25,1.0,1.0,0.9333333333333333,0.9666666666666667,0.9775315165013186,0.020462952095589192,0.09566930306724403,0.05939126576200608,0.21151620149612427,7.4074074074074066,15
repulsion_oracle_diagnostic,26,0.8,0.9,0.8666666666666667,0.4666666666666667,0.6124868592426146,0.006901103661892333,0.0482064678514127,0.1377251610323506,0.886603832244873,83.33333333333334,1
repulsion_oracle_diagnostic,27,0.8,0.8,1.0,0.8666666666666667,0.9105497664576809,0.010349793875307557,0.08153090187075358,0.12803041634334894,0.23344096541404724,51.85185185185185,10
repulsion_oracle_diagnostic,28,0.8,0.8,0.7333333333333333,0.9,0.9215066510270331,0.025770385979459447,0.1322799193987124,0.7006347511839208,0.6620465517044067,44.44444444444444,13
repulsion_oracle_diagnostic,29,0.2,0.5,0.5333333333333333,0.9,0.9233030700066214,0.12092911690368224,0.40434842307300445,0.2471866870267897,0.14953239262104034,18.51851851851852,6
repulsion_oracle_diagnostic,30,0.8,0.8,0.7333333333333333,0.7333333333333333,0.8141456407876255,0.0118350580499573,0.06133872261254925,0.237225952052957,0.5385997295379639,53.70370370370371,12
repulsion_oracle_diagnostic,31,0.6,0.9,0.9333333333333333,0.8,0.8628516807478882,0.010267598599580626,0.08555172410042601,0.1221912905760138,0.24912473559379578,51.85185185185185,10
repulsion_oracle_diagnostic,32,1.0,0.8,0.8,0.7333333333333333,0.8029306578487836,0.014070830660822427,0.06123279478581385,0.1185304121947331,0.37154921889305115,31.48148148148148,10
repulsion_oracle_diagnostic,33,0.6,0.8,0.8666666666666667,0.9666666666666667,0.9777554718820064,0.020798928915495257,0.11687561076500792,0.20456368431366634,0.38540396094322205,46.2962962962963,7
repulsion_oracle_diagnostic,34,1.0,0.9,0.9333333333333333,0.8666666666666667,0.9074163455644353,0.0066023965337439925,0.06345523745296872,0.1344711681942695,0.482414186000824,94.44444444444444,15
repulsion_oracle_diagnostic,35,1.0,0.8,0.8,0.8666666666666667,0.9013756772314659,0.023242785401540154,0.0997409942712117,0.3640243115189079,0.6430721282958984,77.77777777777779,13
repulsion_oracle_diagnostic,36,0.4,0.6,0.7333333333333333,0.7333333333333333,0.8154326972971779,0.027783211158447244,0.14786554553650497,0.14377986636900028,0.19605788588523865,3.7037037037037033,7
repulsion_oracle_diagnostic,37,0.6,0.8,0.8666666666666667,0.7,0.7836091493202603,0.014482035302796889,0.07938675723494604,0.164317936562411,0.34561461210250854,31.48148148148148,2
repulsion_oracle_diagnostic,38,1.0,0.8,1.0,0.8333333333333334,0.8755928781622817,0.011112209026239873,0.060520925152932434,0.4519931660076402,0.7907536029815674,27.77777777777778,17
repulsion_oracle_diagnostic,39,0.6,0.7,0.8666666666666667,0.9,0.9308054841019978,0.02332719711214948,0.15404301762924671,0.21611785720636498,0.34796375036239624,77.77777777777779,6
repulsion_oracle_diagnostic,40,0.8,0.8,0.9333333333333333,0.7,0.7918880176135943,0.0067296105558631285,0.05098315501787475,0.4414881208710851,0.6280879378318787,92.5925925925926,1
repulsion_oracle_diagnostic,41,0.4,0.6,0.6666666666666666,0.9,0.9278299630006613,0.014085639447737804,0.08674551320767207,0.7775293984751113,0.7580883502960205,96.29629629629629,18
repulsion_oracle_diagnostic,42,0.6,0.5,0.6666666666666666,0.8333333333333334,0.8834503720726593,0.08640027578629052,0.30483778911959186,0.1377409630226983,0.27727702260017395,12.962962962962962,3
repulsion_oracle_diagnostic,43,1.0,0.9,0.9333333333333333,0.8333333333333334,0.885515810246238,0.008573646093660653,0.06304989006802175,0.2181883523799407,0.34343230724334717,88.88888888888889,20
repulsion_oracle_diagnostic,44,0.6,0.9,1.0,0.7666666666666667,0.8408680982465206,0.004123448264065643,0.04610600338394512,0.0864224214487838,0.20686154067516327,70.37037037037037,10
repulsion_oracle_diagnostic,45,0.8,0.9,0.9333333333333333,0.7666666666666667,0.837108015333004,0.021964574732212333,0.11666836415375255,0.22707541220377955,0.5322080254554749,38.88888888888889,15
repulsion_oracle_diagnostic,46,1.0,0.8,0.8666666666666667,0.7,0.7857065443091656,0.12251772510020024,0.4122269123352965,0.10863542662866255,0.19863717257976532,68.51851851851852,9
repulsion_oracle_diagnostic,47,0.8,1.0,0.8,0.6666666666666666,0.7404794445875492,0.014790716168837943,0.0668712289734751,0.31459082024428653,0.5315229296684265,14.814814814814813,2
repulsion_oracle_diagnostic,48,0.6,0.6,0.8,0.7333333333333333,0.8089692135698678,0.033845693818135715,0.15533370216657177,0.1566801142595467,0.3637829124927521,35.18518518518518,1
repulsion_oracle_diagnostic,49,0.4,0.5,0.4666666666666667,0.8333333333333334,0.8765646368636826,0.11613028495212921,0.3870977664193596,0.21907139611275203,0.19334998726844788,20.37037037037037,19
spectral_only,0,0.4,0.8,0.7333333333333333,0.7333333333333333,0.7935857113821106,3.844909002363425e-05,0.003511063113285235,0.572497817614373,0.6597530841827393,51.85185185185185,10
spectral_only,1,0.4,0.3,0.3333333333333333,0.6333333333333333,0.6632800966355208,0.00014450255333559197,0.008755775523094016,0.10585786514211726,0.28621184825897217,37.03703703703704,10
spectral_only,2,0.2,0.7,0.8666666666666667,0.7,0.7876400537480817,5.4952639270925765e-05,0.005970070588554711,1.1195230827685883,0.7693691253662109,79.62962962962963,10
spectral_only,3,0.2,0.4,0.5333333333333333,0.7333333333333333,0.789567662832443,0.00017512139299110397,0.009700070863803225,1.3589646935908049,0.7789514064788818,51.85185185185185,10
spectral_only,4,0.4,0.4,0.5333333333333333,0.6,0.6492035957651224,0.00033422812946935077,0.01279118288397016,0.7499466640964382,0.733486533164978,44.44444444444444,10
spectral_only,5,0.0,0.2,0.3333333333333333,0.5666666666666667,0.5782566521133486,0.00015139410907180905,0.006777523759639403,0.4513278364802239,0.5635088682174683,18.51851851851852,10
spectral_only,6,0.2,0.4,0.4666666666666667,0.4666666666666667,0.5369555318287103,0.003380695952806552,0.022377422245005,0.24045987868543872,0.20466436445713043,61.111111111111114,10
spectral_only,7,0.8,0.8,0.5333333333333333,0.36666666666666664,0.5041328010071341,0.00648121190197528,0.03053502806595916,0.15950040144577762,0.4348151981830597,92.5925925925926,10
spectral_only,8,0.0,0.4,0.4666666666666667,0.9,0.9287954275379439,0.0008522513918582224,0.026681231446107175,3.0072303756979055,0.9740126729011536,88.88888888888889,10
spectral_only,9,0.6,0.8,0.5333333333333333,0.43333333333333335,0.5437297409047097,0.004412693184968651,0.022926624284384634,0.1554231557371922,0.1123853325843811,79.62962962962963,10
spectral_only,10,0.2,0.4,0.4,0.5333333333333333,0.6278881824617186,0.0004515901194748893,0.013336557447992878,0.42693306569413697,0.07966608554124832,7.4074074074074066,10
spectral_only,11,0.0,0.3,0.6666666666666666,0.7666666666666667,0.832604288727197,0.0009198440022827719,0.01898077786994299,0.9847028241554765,0.44024771451950073,75.92592592592592,10
spectral_only,12,0.6,0.7,0.8,0.6666666666666666,0.7615489570256553,0.00048796490367234205,0.020055607503388004,2.3983023061891355,0.9675595164299011,96.29629629629629,10
spectral_only,13,0.6,0.8,0.9333333333333333,0.7666666666666667,0.8311952529524254,0.0003758675454418374,0.01667516203898246,2.0391306688854116,0.950263261795044,94.44444444444444,10
spectral_only,14,0.2,0.5,0.6,0.6333333333333333,0.6924609664153425,0.0007459949692309825,0.02144364758971614,0.9907107496476322,0.7137756943702698,44.44444444444444,10
spectral_only,15,0.0,0.1,0.26666666666666666,0.5666666666666667,0.46881273460339534,0.001105740358235149,0.02707384067564589,1.950629335869888,0.9504141807556152,53.70370370370371,10
spectral_only,16,0.2,0.7,0.6666666666666666,0.7,0.761450006552628,0.004429407046417925,0.0675416240008038,4.566723294521427,0.9858002066612244,94.44444444444444,10
spectral_only,17,0.2,0.3,0.26666666666666666,0.5,0.557372555414864,0.0015149611802837478,0.0306155252604262,1.5511812391167439,0.9037072062492371,62.96296296296296,10
spectral_only,18,0.0,0.0,0.06666666666666667,0.03333333333333333,0.1091514658259318,0.0016893925477812748,0.03576896531754428,2.3257486601717194,0.8765934705734253,90.74074074074075,11
spectral_only,19,0.0,0.0,0.0,0.06666666666666667,0.04755563961980934,0.003376992687674895,0.05401650294031172,1.5760647381862618,0.7562025785446167,61.111111111111114,11
spectral_only,20,0.0,0.0,0.06666666666666667,0.1,0.07674066671206775,0.01549143279206551,0.07836257811793823,0.9605196851957617,0.7607653141021729,62.96296296296296,11
spectral_only,21,0.4,0.3,0.26666666666666666,0.16666666666666666,0.25208450533103866,0.01461047791957213,0.10736188666806427,1.4467970191138888,0.9221892952919006,98.14814814814815,11
spectral_only,22,0.0,0.0,0.0,0.13333333333333333,0.09828053905686082,0.0003315136018786176,0.01278707312736616,0.5128106358680792,0.5419763922691345,7.4074074074074066,11
spectral_only,23,0.0,0.3,0.3333333333333333,0.5666666666666667,0.5296385824295209,0.00012111944216509203,0.009964078896159717,2.228911894526936,0.8726181387901306,46.2962962962963,11
spectral_only,24,0.0,0.1,0.2,0.5,0.5550085418851963,0.00016020648783189137,0.011312743309448535,1.5138129431402527,0.6698752045631409,57.407407407407405,11
spectral_only,25,0.0,0.2,0.2,0.4,0.3681530838500092,0.0003969617988219929,0.014448203105094688,0.9867759635742068,0.5847324728965759,62.96296296296296,11
spectral_only,26,0.0,0.0,0.0,0.06666666666666667,0.05095049908903097,0.0013365039388263274,0.0339694785211861,2.3606335003618795,0.849705696105957,81.48148148148148,11
spectral_only,27,0.0,0.1,0.06666666666666667,0.03333333333333333,0.036383821941977264,0.004090077798296771,0.0551532527919047,2.790742097976876,0.9888371825218201,98.14814814814815,11
spectral_only,28,0.0,0.2,0.4,0.5666666666666667,0.5862514112240439,0.0002932778452222552,0.009653390401677677,0.11262104060365709,0.28886905312538147,18.51851851851852,11
spectral_only,29,0.0,0.0,0.0,0.16666666666666666,0.12135557232913476,0.0016261728987354898,0.029467915087461213,0.8975923551458035,0.626680850982666,57.407407407407405,11
spectral_only,30,0.2,0.2,0.2,0.3,0.27264193132517,0.004866322317933936,0.030791510680814566,0.15582984332549724,0.3509088158607483,90.74074074074075,11
spectral_only,31,0.6,0.4,0.26666666666666666,0.13333333333333333,0.2748196571429431,0.004284808738168739,0.045977635277321814,0.587732971470916,0.6812610030174255,77.77777777777779,11
spectral_only,32,0.0,0.0,0.0,0.1,0.08163529850454629,0.0017308043587108484,0.03609635292443374,2.5311755854745486,0.9891741275787354,88.88888888888889,11
spectral_only,33,0.6,0.8,0.6666666666666666,0.5,0.6228750898113131,8.311415747774739e-05,0.006309693432039203,1.4473464138941599,0.8695081472396851,62.96296296296296,11
spectral_only,34,0.2,0.1,0.13333333333333333,0.4,0.33498920522947934,0.0001979360305214369,0.009361352130832022,1.200123007767546,0.6717413067817688,62.96296296296296,11
spectral_only,35,0.0,0.1,0.13333333333333333,0.16666666666666666,0.1495138831053203,0.005658258093673327,0.06632155671169683,2.315573392165444,0.9963628053665161,98.14814814814815,11
spectral_only,36,0.0,0.3,0.5333333333333333,0.8,0.8295583356756313,0.006609412049450917,0.06605329801919697,1.6096675476364322,0.5980401039123535,53.70370370370371,12
spectral_only,37,0.4,0.4,0.6666666666666666,0.8666666666666667,0.9057647439520157,0.0044334965810744085,0.04631018737091457,1.134685829505616,0.7173049449920654,61.111111111111114,12
spectral_only,38,1.0,0.9,0.8,0.8666666666666667,0.9078548104557245,0.009303163207900835,0.0772377621271243,1.3847893491048986,0.9945111870765686,100.0,12
spectral_only,39,0.6,0.9,0.8,0.8333333333333334,0.8838117925316756,0.0008573661620860857,0.018686546234996423,0.1923961590002255,0.4359758794307709,83.33333333333334,12
spectral_only,40,0.6,0.7,0.6666666666666666,0.7333333333333333,0.8106985379564268,0.0013339774620755192,0.02210552306861677,0.22615873884821963,0.40161001682281494,72.22222222222221,12
spectral_only,41,0.4,0.3,0.26666666666666666,0.5333333333333333,0.5123630626178839,0.002734286437764525,0.035575045777999595,0.0295157838122755,0.09922945499420166,38.88888888888889,12
spectral_only,42,0.4,0.6,0.4666666666666667,0.6,0.6830822651030439,0.002503897999076325,0.03174236305372633,0.09320327822822227,0.1903476119041443,14.814814814814813,12
spectral_only,43,0.2,0.5,0.6,0.6,0.6580880197650685,0.0008675852824965974,0.018367035194996183,0.41948834497405363,0.49607953429222107,14.814814814814813,12
spectral_only,44,0.4,0.5,0.5333333333333333,0.8,0.854616816221698,0.005223830202214652,0.04302118506124632,0.054216283869920015,0.09363725781440735,29.629629629629626,12
spectral_only,45,0.6,0.7,0.8666666666666667,0.6333333333333333,0.725826172402443,0.00017674228456486803,0.006895209393887561,0.171579227144784,0.3939363956451416,38.88888888888889,12
spectral_only,46,0.2,0.5,0.7333333333333333,0.6,0.6890826327658592,0.000610180767392901,0.01575502476285251,0.9924127970781577,0.8422499895095825,18.51851851851852,12
spectral_only,47,0.2,0.5,0.4666666666666667,0.7,0.763307214914158,0.0018353663080158573,0.035782562243071324,0.8310077219517671,0.6196058392524719,66.66666666666666,12
spectral_only,48,0.2,0.5,0.6,0.6666666666666666,0.7462721837470948,0.0017911709012262166,0.031813225226234525,0.5565969200238818,0.4725082516670227,38.88888888888889,12
spectral_only,49,0.4,0.7,0.6666666666666666,0.7,0.7770406283124667,0.002391357858716908,0.03327492209650795,0.20303565921532662,0.41865336894989014,79.62962962962963,12
spectral_only,50,0.6,0.8,0.7333333333333333,0.6666666666666666,0.7361501865078413,0.002293787416959503,0.027657467091171957,0.37225800067897774,0.6269121766090393,83.33333333333334,12
spectral_only,51,0.0,0.0,0.06666666666666667,0.3333333333333333,0.2599965409614314,0.02228086936515996,0.1345504330209003,0.46239438968914093,0.4627050757408142,62.96296296296296,12
spectral_only,52,0.2,0.5,0.6,0.5666666666666667,0.6392810770706201,0.0019033934637634488,0.02433903018273826,0.24025799320995078,0.5116100311279297,1.8518518518518516,12
spectral_only,53,0.8,0.6,0.5333333333333333,0.9,0.9327942945756746,0.003398879132480317,0.0345635715503028,0.6086879807241603,0.6014884114265442,48.148148148148145,12
spectral_only,54,0.2,0.3,0.4,0.3,0.3741342526314772,0.012722139633036731,0.043279365524237584,0.0778757155099233,0.565446674823761,77.77777777777779,13
spectral_only,55,0.0,0.2,0.13333333333333333,0.13333333333333333,0.11895098222810663,0.0015405455747882302,0.02400236233196063,0.8097717423085656,0.777256429195404,72.22222222222221,13
spectral_only,56,0.0,0.3,0.6,0.5333333333333333,0.6356631323969468,0.001055853910850413,0.029370816699330015,1.1860828980154912,0.3507140278816223,85.18518518518519,13
spectral_only,57,0.2,0.4,0.7333333333333333,0.5333333333333333,0.612937907408925,0.0002244204720985915,0.011798199547064448,0.479337904826813,0.13950391113758087,77.77777777777779,13
spectral_only,58,0.4,0.5,0.6666666666666666,0.5666666666666667,0.6427336484288143,0.0003335369329280942,0.00974334860471515,0.23525685834411247,0.027842046692967415,72.22222222222221,13
spectral_only,59,0.0,0.2,0.2,0.3,0.2555433194450814,0.0024766674661839687,0.027878176641381206,0.8348009473531846,0.9632220268249512,72.22222222222221,13
spectral_only,60,0.4,0.4,0.5333333333333333,0.5,0.48648037177207587,0.0001296665226624416,0.0044113243845027555,0.4148468280316891,0.5888403654098511,48.148148148148145,13
spectral_only,61,0.2,0.3,0.4666666666666667,0.5,0.4754280044487957,9.738190049733198e-05,0.0054010860690703565,0.8632407798488736,0.7878332734107971,74.07407407407408,13
spectral_only,62,0.0,0.0,0.0,0.06666666666666667,0.048980080632926436,0.019758397049178807,0.09902269104715489,0.6718488557875898,0.8442960977554321,88.88888888888889,13
spectral_only,63,0.4,0.2,0.6,0.43333333333333335,0.4588016220340111,1.4122660136710543e-05,0.001691227881629139,0.5474851738893367,0.7695921063423157,72.22222222222221,13
spectral_only,64,0.0,0.1,0.13333333333333333,0.2,0.22973050331941583,0.00130796916514472,0.01594147316155388,0.4240598464375266,0.7359812259674072,70.37037037037037,13
spectral_only,65,0.0,0.0,0.0,0.06666666666666667,0.04798103092104989,0.001747042856272935,0.031443673110052694,0.8215027194042361,0.7141463160514832,72.22222222222221,13
spectral_only,66,0.8,0.6,0.5333333333333333,0.4,0.5149587738511282,0.00112302820088595,0.022948488021863504,0.749145382887145,0.8213667869567871,94.44444444444444,13
spectral_only,67,0.2,0.4,0.5333333333333333,0.4666666666666667,0.570323883684169,0.00042869582576982897,0.01860379324268666,0.583876523638122,0.461036741733551,81.48148148148148,13
spectral_only,68,0.2,0.1,0.13333333333333333,0.43333333333333335,0.4924365835962586,0.001529556286033251,0.021215424614935828,0.46867736857550946,0.5985410809516907,18.51851851851852,13
spectral_only,69,0.4,0.6,0.4,0.36666666666666664,0.4741826583882576,0.0012342826366819792,0.01635491739880962,0.6109015039478457,0.8249566555023193,77.77777777777779,13
spectral_only,70,0.0,0.2,0.3333333333333333,0.3,0.28708029295714627,0.0009971611417464222,0.02068257140177975,1.4237878497554337,0.9398194551467896,83.33333333333334,13
spectral_only,71,0.2,0.2,0.13333333333333333,0.1,0.12742990041597738,0.02989851534025721,0.14621553891736272,0.7272215173051012,0.8668051362037659,100.0,13
spectral_only,72,0.0,0.0,0.4,0.5666666666666667,0.46439936399963333,0.0035048894346420946,0.06057361467988513,5.109676358105732,0.976119339466095,100.0,14
spectral_only,73,0.0,0.1,0.13333333333333333,0.36666666666666664,0.2980628122004005,0.000205743755820414,0.010293746387216264,0.48531251928075575,0.5465230345726013,44.44444444444444,14
spectral_only,74,0.2,0.4,0.6,0.8666666666666667,0.9040792129984982,0.00042241941265491035,0.016401277112132736,1.9326735963272537,0.9389463663101196,96.29629629629629,14
spectral_only,75,0.0,0.1,0.13333333333333333,0.6333333333333333,0.5263708384439691,0.0019788497320746244,0.04477401389038138,3.3785396372159497,0.95293790102005,96.29629629629629,14
spectral_only,76,0.4,0.4,0.6666666666666666,0.9,0.9325818901337425,3.48671255997516e-05,0.004171025706744474,0.26382892534876157,0.22319944202899933,74.07407407407408,14
spectral_only,77,0.2,0.2,0.4666666666666667,0.7333333333333333,0.8102660075776639,0.00018147409576805,0.008698645489164061,0.9439888430025266,0.685704231262207,16.666666666666664,14
spectral_only,78,0.2,0.3,0.4,0.7333333333333333,0.8002652058223316,0.00021445328024308354,0.011117067661237072,1.1661726501233065,0.6122153401374817,7.4074074074074066,14
spectral_only,79,0.6,0.6,0.5333333333333333,0.5,0.5855034301993853,0.0004706309732636721,0.018061563849484243,2.2476534458138175,0.9744505286216736,75.92592592592592,14
spectral_only,80,0.0,0.3,0.4,0.5,0.6016663389737219,0.00033895084106175927,0.015235912845507349,1.3926073720736174,0.7434166669845581,48.148148148148145,14
spectral_only,81,0.2,0.5,0.4,0.6333333333333333,0.6689625491576113,9.245436975103433e-05,0.006778772714152576,0.5154565516158902,0.5378667116165161,14.814814814814813,14
spectral_only,82,0.4,0.8,0.8,0.9666666666666667,0.9777554718820064,6.359823781675117e-05,0.007204546758733583,1.2543618423197096,0.803302526473999,81.48148148148148,14
spectral_only,83,0.2,0.3,0.3333333333333333,0.7666666666666667,0.7706488303705894,0.0005307242193932244,0.018929966540587644,1.2894840228748357,0.7475287914276123,68.51851851851852,14
spectral_only,84,0.4,0.2,0.13333333333333333,0.3333333333333333,0.28973334260959405,0.0006868368069817982,0.02158983070435013,2.488923102056983,0.9844934344291687,38.88888888888889,14
spectral_only,85,0.4,0.4,0.4666666666666667,0.7666666666666667,0.7117778251020348,0.00026448169079007033,0.013212409031069664,1.4452832845112589,0.8753744959831238,81.48148148148148,14
spectral_only,86,0.0,0.0,0.0,0.43333333333333335,0.3442928219717218,0.0016812302811893415,0.03820098804074479,2.8908572729327977,0.9516899585723877,51.85185185185185,14
spectral_only,87,0.0,0.4,0.5333333333333333,0.9333333333333333,0.9548264182517361,0.00010645439862567139,0.009362377324624438,0.8445133272522134,0.6459718346595764,79.62962962962963,14
spectral_only,88,0.0,0.4,0.4,0.6,0.604408285403062,0.0009934608612760245,0.029168479720450967,2.4739903438578428,0.9372242093086243,79.62962962962963,14
spectral_only,89,0.2,0.5,0.5333333333333333,0.9,0.9323071422625164,6.0820104992849725e-05,0.005536931014996064,0.7306180119612793,0.6270145177841187,61.111111111111114,14
spectral_only,90,0.0,0.2,0.2,0.3333333333333333,0.2786307057308767,0.00027899172537846354,0.014687009319177277,1.8714943565545101,0.9483084082603455,94.44444444444444,15
spectral_only,91,0.2,0.2,0.26666666666666666,0.5,0.4390719222720077,0.0002210960199500528,0.009365779455932664,0.48338596615622714,0.508342981338501,38.88888888888889,15
spectral_only,92,0.4,0.4,0.26666666666666666,0.3,0.30407459820282723,0.0001708774028985666,0.007757070384470728,0.3973157649805248,0.5748337507247925,22.22222222222222,15
spectral_only,93,0.2,0.2,0.26666666666666666,0.26666666666666666,0.2467704771406956,0.0007161471899322495,0.021964424473372542,0.8234187018728278,0.7457688450813293,38.88888888888889,15
spectral_only,94,0.4,0.4,0.4,0.4,0.46723623171036954,0.0007361145124759926,0.021596399003924863,1.0365668534940236,0.684208333492279,1.8518518518518516,15
spectral_only,95,0.6,0.5,0.4,0.3,0.3803618656176769,0.00010444209073488323,0.006016358854959874,0.23818742773463153,0.4041462242603302,5.555555555555555,15
spectral_only,96,0.0,0.2,0.26666666666666666,0.43333333333333335,0.3432223833462197,0.00023096185130226367,0.014768178000020562,1.0902958917736707,0.7208212018013,44.44444444444444,15
spectral_only,97,0.6,0.7,0.6666666666666666,0.5333333333333333,0.6150811521408227,6.059451807117107e-05,0.005231230617456797,0.40206949439928497,0.34136098623275757,53.70370370370371,15
spectral_only,98,0.4,0.6,0.5333333333333333,0.5,0.5338273097371233,2.954064688773057e-05,0.003997081087978625,0.7302515341046186,0.6532405614852905,57.407407407407405,15
spectral_only,99,0.8,0.7,0.6,0.5666666666666667,0.6440949434277176,2.3961443096241776e-05,0.002606355165331872,0.05725126915521444,0.079188771545887,59.25925925925925,15
spectral_only,100,0.6,0.6,0.4666666666666667,0.36666666666666664,0.49114544268523985,7.603631672093083e-05,0.0065047646974863964,0.9024195869202646,0.828222930431366,94.44444444444444,15
spectral_only,101,0.2,0.3,0.4,0.23333333333333334,0.24675655878015523,0.0002178511175119857,0.0090970727141286,0.8920966602371772,0.9612980484962463,100.0,15
spectral_only,102,0.4,0.5,0.4666666666666667,0.36666666666666664,0.46068476347139586,0.0019473612298241787,0.028391019562197202,0.8647837293408424,0.7884117960929871,90.74074074074075,15
spectral_only,103,0.2,0.1,0.06666666666666667,0.13333333333333333,0.12216494049274815,0.0018778692965228556,0.03262906635408349,0.257648440550438,0.28170764446258545,12.962962962962962,15
spectral_only,104,0.2,0.2,0.13333333333333333,0.36666666666666664,0.4085685414292109,0.0008874976360729503,0.022028028561657306,0.7658508117703748,0.8249571323394775,29.629629629629626,15
spectral_only,105,0.2,0.3,0.26666666666666666,0.4,0.47248053675461604,0.0005132991030368831,0.019516302198016488,1.1907758229686252,0.6728538274765015,38.88888888888889,15
spectral_only,106,0.6,0.3,0.4666666666666667,0.5333333333333333,0.5955361409666112,3.5054551562065315e-05,0.004557102239222357,0.42323888418845307,0.4515937268733978,50.0,15
spectral_only,107,0.2,0.3,0.5333333333333333,0.5,0.5235447961198615,7.004459731531694e-05,0.005617881457411101,0.7937273420861732,0.5551063418388367,77.77777777777779,15
spectral_only,108,0.4,0.3,0.4,0.4666666666666667,0.5757174317287336,0.021676655535710455,0.08406774497162271,0.15240406254345995,0.32825806736946106,61.111111111111114,16
spectral_only,109,0.2,0.2,0.2,0.5,0.512499499014425,0.028954201910759286,0.12476286406487419,0.4314004341610892,0.5946006178855896,3.7037037037037033,16
spectral_only,110,0.4,0.2,0.3333333333333333,0.5333333333333333,0.621250856083901,0.01657643629227954,0.09609091067319446,0.40308854002035066,0.14845071732997894,48.148148148148145,16
spectral_only,111,0.2,0.6,0.6,0.8,0.8407745580897622,0.008418765743074406,0.08199185010394808,0.11401907886077826,0.16221807897090912,81.48148148148148,16
spectral_only,112,0.8,1.0,0.8666666666666667,0.6333333333333333,0.7315746958249031,0.004075437107701148,0.03148537831963124,0.19504118270312695,0.5159845948219299,92.5925925925926,16
spectral_only,113,0.8,0.6,0.7333333333333333,0.8333333333333334,0.8745040695587029,0.0025468381311758125,0.037172484044936914,0.06292549599922719,0.17013928294181824,85.18518518518519,16
spectral_only,114,0.6,0.5,0.6,0.8333333333333334,0.8758714234241537,0.006452334987172018,0.05629034829807662,0.25014605178123145,0.12962621450424194,61.111111111111114,16
spectral_only,115,0.2,0.2,0.2,0.43333333333333335,0.4547198973534625,0.0035309325953735067,0.047021726866025654,0.9055942012674024,0.7479137182235718,59.25925925925925,16
spectral_only,116,0.4,0.4,0.4666666666666667,0.43333333333333335,0.4619536929322439,0.024754882299158173,0.08849185689028659,0.1461891104691695,0.33790838718414307,50.0,16
spectral_only,117,0.6,0.4,0.4,0.5666666666666667,0.6597234374768265,0.00116472429443944,0.021779942787805266,0.5520431264645616,0.7256274819374084,42.592592592592595,16
spectral_only,118,0.4,0.4,0.4,0.6,0.6853018446929509,0.0021030133710151803,0.03870512698991301,0.14895144815887482,0.7243660688400269,42.592592592592595,16
spectral_only,119,0.4,0.5,0.6666666666666666,0.7666666666666667,0.8304231529391066,0.0007552382968000046,0.016376846409881164,0.26755072382704037,0.21225516498088837,5.555555555555555,16
spectral_only,120,0.4,0.4,0.6,0.7333333333333333,0.8006615408325989,0.0008612085639469133,0.01716342874956355,0.09062422885445844,0.14026682078838348,5.555555555555555,16
spectral_only,121,0.4,0.6,0.8,0.7,0.7600320627502017,0.0001770266366728645,0.010692398522095622,0.4480878843880405,0.4312669634819031,1.8518518518518516,16
spectral_only,122,0.6,0.4,0.3333333333333333,0.6,0.6234298241310355,0.006283011523620147,0.044482196780301096,0.14214835318634184,0.5117083191871643,9.25925925925926,16
spectral_only,123,0.2,0.3,0.4,0.36666666666666664,0.3459717016686459,0.05125861685497453,0.1599051067700044,0.50536449774653,0.607888400554657,61.111111111111114,16
spectral_only,124,0.2,0.5,0.4,0.4666666666666667,0.5226123341694396,0.03518035597003087,0.10905879054537818,0.3525462211139457,0.8306741118431091,79.62962962962963,16
spectral_only,125,0.0,0.2,0.26666666666666666,0.4666666666666667,0.5209639000976911,0.04486336249357626,0.14720797907329744,0.7424942957189722,0.9595697522163391,75.92592592592592,16
spectral_only,126,0.2,0.1,0.06666666666666667,0.43333333333333335,0.40554853976304234,0.45854030661117345,1.1648521126154057,2.8988395122561097,0.9999771118164062,100.0,17
spectral_only,127,0.0,0.2,0.2,0.5,0.44418014940837686,0.0594804117752121,0.25022557860786904,1.5138627490966843,0.8667567372322083,51.85185185185185,17
spectral_only,128,0.0,0.4,0.4,0.6,0.6610825003714456,0.014411767798685932,0.09769904040666344,0.8205366099095233,0.33402329683303833,50.0,17
spectral_only,129,0.2,0.4,0.4666666666666667,0.7,0.641664362013554,0.005798528971866084,0.052764435257474665,0.5258649422150456,0.6007335186004639,1.8518518518518516,17
spectral_only,130,0.2,0.1,0.2,0.5,0.4383890033067066,0.061414642622497864,0.21306187039661928,1.104995478663567,0.8760042786598206,51.85185185185185,17
spectral_only,131,0.4,0.3,0.4,0.7,0.7527704259754927,0.10429779361772394,0.3161722663512846,1.1472768733322536,0.8740390539169312,88.88888888888889,17
spectral_only,132,0.0,0.1,0.3333333333333333,0.6666666666666666,0.7081451367198491,0.029003903019450335,0.14801740296258584,0.08360081047603612,0.11789285391569138,9.25925925925926,17
spectral_only,133,0.0,0.2,0.3333333333333333,0.5333333333333333,0.43732265721774666,0.1088656678083741,0.3800077044006907,0.7628867643117104,0.8666637539863586,90.74074074074075,17
spectral_only,134,0.0,0.1,0.26666666666666666,0.5666666666666667,0.5057090741651268,0.03235829341558045,0.16118418382625258,0.9245909979140443,0.6788524985313416,11.11111111111111,17
spectral_only,135,0.2,0.2,0.2,0.5333333333333333,0.514251306404186,0.14434696349698986,0.4433666583907706,2.3333316979564196,0.9997056126594543,88.88888888888889,17
spectral_only,136,0.0,0.3,0.2,0.4666666666666667,0.3824587845943315,0.032402352992546415,0.1568073987763671,0.07050867508205846,0.3318144381046295,51.85185185185185,17
spectral_only,137,0.2,0.3,0.26666666666666666,0.5333333333333333,0.5368468558951804,0.05994283164179359,0.2199126962019927,0.9296709064588516,0.7012138962745667,74.07407407407408,17
spectral_only,138,0.4,0.5,0.3333333333333333,0.5666666666666667,0.6252561961472043,0.0691306762612469,0.24636030407389364,0.993185850402987,0.8667024374008179,88.88888888888889,17
spectral_only,139,0.2,0.3,0.26666666666666666,0.5,0.5244889797861786,0.200494233175339,0.5671971296311165,1.4493028930469862,0.49746906757354736,75.92592592592592,17
spectral_only,140,0.0,0.1,0.2,0.4666666666666667,0.38166766636896693,0.10714562803516699,0.3455755388027446,0.17714558319946858,0.46569252014160156,16.666666666666664,17
spectral_only,141,0.2,0.2,0.2,0.4666666666666667,0.49432313003265965,0.10727011320257981,0.34490725018654306,0.2405935191665866,0.728821873664856,83.33333333333334,17
spectral_only,142,0.2,0.2,0.2,0.6333333333333333,0.6503149055132841,0.05755240658143274,0.19949761755488327,0.25284106473101375,0.45579254627227783,38.88888888888889,17
spectral_only,143,0.4,0.4,0.5333333333333333,0.6333333333333333,0.6835478737756001,0.005398542941342404,0.0515492732593664,0.16395197312631687,0.227840855717659,51.85185185185185,17
spectral_only,144,0.4,0.5,0.4,0.6666666666666666,0.6812047692586247,0.0006708108191855634,0.010228098493323403,0.07163487919289992,0.11113603413105011,16.666666666666664,18
spectral_only,145,0.2,0.5,0.4,0.43333333333333335,0.5447694964156502,0.008129866561955463,0.08825952970481797,0.656238375920704,0.38471704721450806,59.25925925925925,18
spectral_only,146,0.0,0.4,0.4666666666666667,0.5,0.5990286131805627,0.0068646061644367625,0.05657346357492254,0.46209664013668666,0.533842921257019,75.92592592592592,18
spectral_only,147,0.2,0.4,0.3333333333333333,0.43333333333333335,0.5244067063296987,0.013694283228811922,0.09585569272989526,1.136332096042927,0.8907994031906128,81.48148148148148,18
spectral_only,148,0.4,0.3,0.3333333333333333,0.5,0.6120967273868703,0.004892454787853105,0.06647890378308746,0.2966908234618371,0.17508898675441742,44.44444444444444,18
spectral_only,149,0.2,0.5,0.6,0.6333333333333333,0.714264877960737,0.0024754890492721103,0.03813365069456465,1.1748800904077061,0.7577468156814575,70.37037037037037,18
spectral_only,150,0.2,0.3,0.6,0.8333333333333334,0.8833020878441658,0.0005078438804775362,0.007479435958555327,0.31797963555838327,0.5354118943214417,12.962962962962962,18
spectral_only,151,0.4,0.6,0.6666666666666666,0.8333333333333334,0.8714020776862521,0.0006009500688865166,0.008866649576161846,0.2655340320018885,0.5382469892501831,44.44444444444444,18
spectral_only,152,0.0,0.4,0.4666666666666667,0.6666666666666666,0.626855150479823,0.0005470594694804525,0.017691648563562284,0.5625883724251767,0.306401789188385,46.2962962962963,18
spectral_only,153,0.2,0.6,0.6666666666666666,0.7,0.7863395325947845,0.0015864418392892315,0.03944159733186806,1.9031062016510252,0.7860777378082275,79.62962962962963,18
spectral_only,154,0.4,0.5,0.6666666666666666,0.6333333333333333,0.7190825332760874,0.007930702128508904,0.07757140277242118,1.8629408040194262,0.8210753202438354,87.03703703703704,18
spectral_only,155,0.6,0.8,0.8,0.5,0.6357084028366463,0.00014993457617582532,0.006549965368863649,0.22134774395070694,0.4260168671607971,68.51851851851852,18
spectral_only,156,0.4,0.9,0.8,0.5,0.6370918032277686,0.00011340766946326684,0.007088062207877775,0.4134769060378026,0.21517540514469147,55.55555555555556,18
spectral_only,157,0.4,0.9,0.8666666666666667,0.4666666666666667,0.6124868592426146,5.165617344761158e-05,0.00622893879645608,0.16607475957819845,0.11109558492898941,57.407407407407405,18
spectral_only,158,0.4,0.6,0.8,0.5333333333333333,0.6499741729089342,0.0005129815567069086,0.01910106781304092,1.0242753961650928,0.7707723379135132,72.22222222222221,18
spectral_only,159,0.6,0.5,0.4666666666666667,0.7,0.7773391931209653,0.04580391622274487,0.22508524312284298,3.2781792300502386,0.994625449180603,100.0,18
spectral_only,160,0.2,0.4,0.4666666666666667,0.6666666666666666,0.664642994201641,0.00040824157661179477,0.012970332273437716,0.11001569259519854,0.29785388708114624,46.2962962962963,18
spectral_only,161,0.0,0.1,0.06666666666666667,0.5,0.40767463306953045,0.0051351526727072645,0.057137331140532814,0.4378182702245488,0.5787990689277649,24.074074074074073,18
spectral_only,162,0.2,0.2,0.3333333333333333,0.5333333333333333,0.6085228243937856,0.0020536868744544423,0.03310253912644929,1.105425217589223,0.6491111516952515,38.88888888888889,19
spectral_only,163,0.2,0.2,0.2,0.23333333333333334,0.3173796657269588,0.015964576642883973,0.11742887138107563,0.8914869621847906,0.501116931438446,27.77777777777778,19
spectral_only,164,0.0,0.0,0.0,0.0,0.0,0.060850792040445426,0.2513721547473247,0.39412904094471635,0.6126928329467773,88.88888888888889,19
spectral_only,165,0.0,0.0,0.06666666666666667,0.1,0.08708854253587801,0.14491529870555864,0.4677198193523609,1.1336301615788063,0.6678822040557861,88.88888888888889,19
spectral_only,166,0.0,0.1,0.2,0.3,0.23753604376507556,0.005048089812854439,0.06082264825104648,0.5871674699562611,0.08188562840223312,5.555555555555555,19
spectral_only,167,0.4,0.2,0.3333333333333333,0.3333333333333333,0.3296906348248378,0.005769573835910022,0.04556291159881382,0.632295542311001,0.7483444809913635,59.25925925925925,19
spectral_only,168,0.2,0.6,0.4666666666666667,0.5333333333333333,0.5132141000080245,0.001943705246426112,0.020216575516615237,0.2593128088576719,0.5628435611724854,77.77777777777779,19
spectral_only,169,0.4,0.4,0.3333333333333333,0.6,0.6593934717107999,0.000986734289096116,0.020313035396458012,0.25431495997173736,0.4059499502182007,59.25925925925925,19
spectral_only,170,0.4,0.5,0.5333333333333333,0.5333333333333333,0.6056786170555587,0.0019568252242737295,0.020529114912373907,0.1944029106957401,0.35781922936439514,48.148148148148145,19
spectral_only,171,0.2,0.4,0.4,0.4666666666666667,0.5155840352560431,0.002619624511159044,0.030363249704643155,0.38389439752690485,0.8210793137550354,77.77777777777779,19
spectral_only,172,0.4,0.4,0.4,0.36666666666666664,0.41031810735697766,0.0029830761868289445,0.03107181318084758,0.26535452760312883,0.12020598351955414,31.48148148148148,19
spectral_only,173,0.2,0.1,0.06666666666666667,0.1,0.1615506590757034,0.013232087985011047,0.09551388550913992,0.6460253385807302,0.5166138410568237,3.7037037037037033,19
spectral_only,174,0.0,0.0,0.0,0.03333333333333333,0.025695227962458354,0.11795366484872684,0.41401599592462524,3.238773675908829,0.8655357956886292,88.88888888888889,19
spectral_only,175,0.0,0.0,0.0,0.0,0.0,0.14763994572562408,0.4767976584984504,0.7820093549007541,0.5883985757827759,88.88888888888889,19
spectral_only,176,0.4,0.3,0.2,0.3333333333333333,0.33699832656672335,0.0040348413762709935,0.047965875757874275,0.47965317734177343,0.26327261328697205,5.555555555555555,19
spectral_only,177,0.0,0.2,0.13333333333333333,0.23333333333333334,0.19903390802836635,0.001377775116502699,0.027652995781452184,0.2922589516438404,0.29120612144470215,37.03703703703704,19
spectral_only,178,0.4,0.5,0.6,0.5,0.576487270911412,0.0009651812707756026,0.019783793217435217,0.8666877588369536,0.6797909140586853,79.62962962962963,19
spectral_only,179,0.6,0.5,0.4,0.3333333333333333,0.4457135931163143,0.006643174709786555,0.048963645674539105,0.6483769067302655,0.6442732810974121,42.592592592592595,19
spectral_only,180,0.4,0.5,0.5333333333333333,0.3333333333333333,0.4461644942786866,0.0019493728702739467,0.006696064524505951,0.08929498060929007,0.29050371050834656,83.33333333333334,1
spectral_only,181,0.0,0.2,0.13333333333333333,0.23333333333333334,0.2025028149296292,0.0015475494415492091,0.012655023305066633,0.12341117401663852,0.3725038170814514,38.88888888888889,1
spectral_only,182,0.8,0.5,0.4,0.26666666666666666,0.3955766258271324,0.004847579952210262,0.025793206622567903,0.089138388095869,0.13156865537166595,96.29629629629629,1
spectral_only,183,0.8,0.5,0.4,0.26666666666666666,0.39615362723580183,0.0066094870104145866,0.028639134160238066,0.06755779139993752,0.2145332545042038,94.44444444444444,1
spectral_only,184,0.2,0.3,0.4,0.4,0.35686583759332474,0.00012263732769828838,0.008879175375738518,0.797922999735654,0.6544149518013,83.33333333333334,1
spectral_only,185,0.4,0.2,0.2,0.36666666666666664,0.3372241914709314,5.6756220616331454e-05,0.00574303733624529,0.7042800628129766,0.6138187646865845,20.37037037037037,1
spectral_only,186,0.6,0.8,0.9333333333333333,0.6,0.7073420321592294,5.620917202825449e-06,0.001481830638038041,0.5853376484092443,0.7598886489868164,59.25925925925925,1
spectral_only,187,0.6,0.9,0.7333333333333333,0.5,0.6302135398446553,0.0011898656778972477,0.0045662159713699664,0.11268924853708633,0.5484998226165771,51.85185185185185,1
spectral_only,188,0.0,0.2,0.4666666666666667,0.5,0.45520671720856215,1.3375108404303339e-05,0.002992187597993237,0.384477964712143,0.2945908308029175,66.66666666666666,1
spectral_only,189,0.0,0.0,0.13333333333333333,0.3333333333333333,0.28746831722025185,7.689458685382293e-05,0.006916216918720226,1.4517661636410049,0.8445526361465454,0.0,1
spectral_only,190,0.0,0.2,0.4,0.5666666666666667,0.5392385342147881,0.002235587518163894,0.04688697713554455,5.651862688898699,0.9954152703285217,100.0,1
spectral_only,191,0.0,0.0,0.0,0.26666666666666666,0.21848718794174238,0.001328785112602336,0.029738189743892723,1.0594697804699613,0.706961452960968,90.74074074074075,1
spectral_only,192,0.2,0.4,0.4,0.3,0.32070389193228627,0.0018839331626974872,0.013442216661189093,0.1896510734751422,0.16672179102897644,0.0,1
spectral_only,193,0.8,0.6,0.5333333333333333,0.43333333333333335,0.5402588513120944,0.00021937126889076916,0.00492814066867106,0.2163967925146479,0.3216455280780792,7.4074074074074066,1
spectral_only,194,0.6,0.6,0.6666666666666666,0.5333333333333333,0.6262326659482673,0.00019742242987781975,0.003744369582602349,0.309322178823515,0.34991347789764404,40.74074074074074,1
spectral_only,195,0.2,0.3,0.4,0.43333333333333335,0.4088704549633447,2.4493776014296737e-05,0.0040160944157602825,0.9015224429533746,0.6062976717948914,59.25925925925925,1
spectral_only,196,0.0,0.1,0.13333333333333333,0.23333333333333334,0.17894536661548982,0.0013071761344435801,0.006023381796503869,0.1346926834177445,0.6248849630355835,94.44444444444444,1
spectral_only,197,0.0,0.0,0.26666666666666666,0.4,0.3602008902946313,0.00025602828814580653,0.01097575600429873,1.1329586142421326,0.6739308834075928,70.37037037037037,1
spectral_only,198,0.2,0.2,0.2,0.5666666666666667,0.5912478826247193,0.031339071577947235,0.15209963570274357,0.03664973720662425,0.13279367983341217,7.4074074074074066,20
spectral_only,199,0.6,0.5,0.5333333333333333,0.7,0.7064214444522969,0.012776970408057626,0.06006250350115954,0.19343615565150982,0.4180469512939453,38.88888888888889,20
spectral_only,200,0.2,0.3,0.3333333333333333,0.7,0.7263917916151635,0.013065709731323767,0.08641178761942099,1.063735898936211,0.7602047920227051,61.111111111111114,20
spectral_only,201,0.2,0.5,0.6,0.6666666666666666,0.6436810395873261,0.0007987976504757984,0.015730436726772476,0.3043852909539834,0.3935529887676239,9.25925925925926,20
spectral_only,202,0.0,0.2,0.26666666666666666,0.5666666666666667,0.4831183297297832,0.014572176816736157,0.11651466403589658,2.858557076758714,0.9907527565956116,75.92592592592592,20
spectral_only,203,0.4,0.3,0.4666666666666667,0.5333333333333333,0.5927395179480828,0.003283502624567643,0.03142676736187313,0.6309730023806095,0.7228432893753052,57.407407407407405,20
spectral_only,204,0.0,0.1,0.13333333333333333,0.6666666666666666,0.6323552519343479,0.019754564575114295,0.1168550904275593,1.2325155973544684,0.7341232895851135,55.55555555555556,20
spectral_only,205,0.2,0.3,0.26666666666666666,0.6,0.5529967311600487,0.049718908983061055,0.19098748914146127,1.0607261700902497,0.7341662049293518,90.74074074074075,20
spectral_only,206,0.4,0.3,0.4,0.5666666666666667,0.5926874078495896,0.09075024806608667,0.30557447088479184,1.0104856802709936,0.866601824760437,98.14814814814815,20
spectral_only,207,0.2,0.2,0.2,0.4666666666666667,0.4511583639361763,0.0917106502725558,0.30109541521785704,1.3629181031070996,0.7574105262756348,90.74074074074075,20
spectral_only,208,0.2,0.7,0.5333333333333333,0.7,0.7541210437268397,0.014879689231530291,0.0784907977354596,0.6741313279144009,0.8581098914146423,90.74074074074075,20
spectral_only,209,0.2,0.6,0.5333333333333333,0.7,0.757570172735072,0.015996538594043184,0.09041195868332275,0.9919293758399335,0.9955999255180359,94.44444444444444,20
spectral_only,210,0.2,0.2,0.2,0.5333333333333333,0.4970052812772085,0.01144251936682476,0.0705510565645411,0.36328803034431406,0.20385098457336426,9.25925925925926,20
spectral_only,211,0.2,0.3,0.4,0.43333333333333335,0.4992699035546176,0.008498693244424142,0.04713840841133336,0.23341983419563686,0.21506237983703613,31.48148148148148,20
spectral_only,212,0.4,0.3,0.3333333333333333,0.5333333333333333,0.5567584163511977,0.00937539871952061,0.055250427492621296,0.10529102446268201,0.3324330151081085,55.55555555555556,20
spectral_only,213,0.2,0.7,0.5333333333333333,0.4666666666666667,0.46424689376815176,0.10266635050424165,0.37155572059126224,2.142539468113627,0.9999282956123352,98.14814814814815,20
spectral_only,214,0.2,0.5,0.5333333333333333,0.4666666666666667,0.46424689376815176,0.057264887558891246,0.19672681590761434,1.138143499323561,0.9955784678459167,94.44444444444444,20
spectral_only,215,0.6,0.6,0.6,0.6666666666666666,0.6748548839176689,0.008956855766603706,0.03802857278650778,0.18106906466169567,0.13568124175071716,42.592592592592595,20
spectral_only,216,0.2,0.3,0.4,0.36666666666666664,0.34160691198010645,0.006646079643787625,0.03865906247456763,0.5500024216105627,0.867405354976654,55.55555555555556,2
spectral_only,217,0.0,0.0,0.0,0.1,0.08153413493370747,0.03207026406500041,0.13867392767273928,0.14389765679407066,0.5411255359649658,11.11111111111111,2
spectral_only,218,0.0,0.2,0.13333333333333333,0.1,0.1272828530535574,0.060794342012123886,0.23424350485315598,0.6484230428969296,0.7336527109146118,87.03703703703704,2
spectral_only,219,0.2,0.1,0.13333333333333333,0.1,0.0965413721850544,0.13411532998656592,0.4235498828894904,0.22580965196881825,0.45376649498939514,81.48148148148148,2
spectral_only,220,0.0,0.6,0.4666666666666667,0.6,0.6754564304414595,0.0020521753909711828,0.033384207459799725,0.5031296226794402,0.4081888198852539,1.8518518518518516,2
spectral_only,221,0.4,0.2,0.4,0.5666666666666667,0.6349179772702741,0.00025795023276640956,0.012381208901937477,0.8833358151784195,0.48125937581062317,29.629629629629626,2
spectral_only,222,0.6,0.6,0.4666666666666667,0.6,0.6956415514499681,0.0028780412400820753,0.011679921411776841,0.23845074255013105,0.8554486632347107,9.25925925925926,2
spectral_only,223,0.2,0.1,0.26666666666666666,0.36666666666666664,0.31221088650927986,0.0005661334430203482,0.020187075738344225,2.661705281538288,0.9562559723854065,37.03703703703704,2
spectral_only,224,0.0,0.1,0.3333333333333333,0.4,0.40205399398184044,0.0002766631965127115,0.011795213765979229,0.7668638986805083,0.6614943742752075,66.66666666666666,2
spectral_only,225,0.4,0.6,0.6,0.5666666666666667,0.6411648420742243,3.621780079182751e-05,0.003973754587100037,0.6031840303693806,0.4301595091819763,18.51851851851852,2
spectral_only,226,0.2,0.2,0.3333333333333333,0.3,0.28529048501819076,0.001099413412361222,0.02730045600675698,1.668174411144628,0.9284796118736267,38.88888888888889,2
spectral_only,227,0.0,0.0,0.0,0.0,0.0,0.12109801722060691,0.4059483336401502,0.6839596263993021,0.7868335843086243,44.44444444444444,2
spectral_only,228,0.0,0.1,0.06666666666666667,0.03333333333333333,0.03443345371775926,0.13715389919237136,0.3828104254561529,0.8115875027311639,0.7229660749435425,98.14814814814815,2
spectral_only,229,0.0,0.0,0.0,0.0,0.0,0.22438509970109172,0.6424179986449924,0.07350963330017073,0.06837862730026245,77.77777777777779,2
spectral_only,230,0.4,0.2,0.26666666666666666,0.3,0.3552852064245982,0.004157860700257468,0.035113592625226425,0.4235621280293704,0.5919188261032104,57.407407407407405,2
spectral_only,231,0.4,0.2,0.3333333333333333,0.4666666666666667,0.4597941790061107,0.0002660564877446707,0.007479065320794714,0.42873570181642756,0.5426904559135437,66.66666666666666,2
spectral_only,232,0.4,0.4,0.4,0.3333333333333333,0.3312658549615098,0.009827607974928036,0.02824695533322282,0.021422882230631553,0.5031090378761292,77.77777777777779,2
spectral_only,233,0.2,0.3,0.2,0.13333333333333333,0.16060898206195945,0.001967502577362077,0.026937637339209147,0.22165492954705948,0.40718430280685425,50.0,2
spectral_only,234,0.6,0.5,0.5333333333333333,0.5666666666666667,0.6680726812471589,0.0016884506777202707,0.02540978466504318,0.27243388096446114,0.5318717360496521,75.92592592592592,3
spectral_only,235,0.0,0.0,0.0,0.23333333333333334,0.17166672665973973,0.0120171657049246,0.09319709523153294,0.48927935970516906,0.5897923111915588,18.51851851851852,3
spectral_only,236,0.0,0.0,0.0,0.0,0.0,0.08057615685477701,0.31163187805281817,0.6888913448571878,0.3979642391204834,90.74074074074075,3
spectral_only,237,0.0,0.1,0.06666666666666667,0.16666666666666666,0.21951734719921923,0.015993555104034583,0.10721026592680753,0.5431029766864442,0.6775819063186646,46.2962962962963,3
spectral_only,238,0.2,0.2,0.26666666666666666,0.23333333333333334,0.33489093429795036,0.011846392622083878,0.06949448603126697,0.552423609110275,0.6291727423667908,14.814814814814813,3
spectral_only,239,0.6,0.4,0.3333333333333333,0.3,0.4065255616500469,0.016374482290028258,0.08109700349819474,0.555440093250525,0.6750767230987549,27.77777777777778,3
spectral_only,240,0.2,0.2,0.4,0.5333333333333333,0.6493354572412505,0.005055714014413169,0.058967352075390486,0.2769094903093307,0.4181394577026367,77.77777777777779,3
spectral_only,241,0.0,0.0,0.0,0.03333333333333333,0.023504488805288947,0.020496071945822054,0.13102128814802363,1.8444466632448757,0.9969393610954285,27.77777777777778,3
spectral_only,242,0.4,0.3,0.2,0.5333333333333333,0.5877542072436196,0.002388923070903294,0.03675604752874413,0.3841583265141945,0.08921786397695541,77.77777777777779,3
spectral_only,243,0.6,0.4,0.3333333333333333,0.43333333333333335,0.5506642613728818,0.00457773245793821,0.03536337738141049,0.4243367512519257,0.46643590927124023,53.70370370370371,3
spectral_only,244,0.2,0.1,0.13333333333333333,0.26666666666666666,0.3866021084020802,0.008800510673863381,0.06931407219732019,0.6991460533124317,0.5852847695350647,18.51851851851852,3
spectral_only,245,0.0,0.0,0.06666666666666667,0.06666666666666667,0.09557087272283175,0.021100478795748015,0.11446355185652454,0.9347909261951287,0.6137476563453674,29.629629629629626,3
spectral_only,246,0.2,0.3,0.26666666666666666,0.13333333333333333,0.23124385968933397,0.07204440322146395,0.2513876350508911,0.7971510393766164,0.6516684293746948,98.14814814814815,3
spectral_only,247,0.0,0.1,0.06666666666666667,0.13333333333333333,0.10667403148642307,0.08147096137015761,0.32187480159222687,0.917443011436124,0.6557447910308838,90.74074074074075,3
spectral_only,248,0.0,0.0,0.0,0.03333333333333333,0.02670396528731324,0.004741401721467337,0.050160128989281974,0.40705704370475776,0.33145594596862793,14.814814814814813,3
spectral_only,249,0.0,0.1,0.13333333333333333,0.2,0.20835875808334894,0.003240058955978869,0.0374290894340175,0.25404461945299445,0.30866435170173645,46.2962962962963,3
spectral_only,250,0.2,0.2,0.2,0.5,0.5844926377751201,0.0016322112856224952,0.029123109504234985,0.17466117813979348,0.20118574798107147,83.33333333333334,3
spectral_only,251,0.2,0.2,0.26666666666666666,0.43333333333333335,0.5046039527314143,0.004465306459139872,0.053634151129169784,0.16578474626223835,0.33931413292884827,55.55555555555556,3
spectral_only,252,0.4,0.7,0.6,0.4,0.5288586623596724,0.011687386611788246,0.04238211035788958,0.22511612027391903,0.16867192089557648,87.03703703703704,4
spectral_only,253,0.4,0.2,0.13333333333333333,0.16666666666666666,0.23660834343208223,0.019663109398061956,0.06789119313925633,0.19094833748729415,0.4681805670261383,7.4074074074074066,4
spectral_only,254,0.2,0.4,0.26666666666666666,0.3,0.38510459214981035,0.02495844933339522,0.07579340162899754,0.1345860916863979,0.3581465482711792,25.925925925925924,4
spectral_only,255,0.0,0.1,0.13333333333333333,0.26666666666666666,0.35580874148951164,0.01935301579856421,0.06420713716000315,0.38962125459380464,0.8561716079711914,5.555555555555555,4
spectral_only,256,0.0,0.0,0.2,0.3333333333333333,0.37479243245506877,0.01421694009238917,0.06221703306341418,0.15489270678458267,0.23684686422348022,66.66666666666666,4
spectral_only,257,0.4,0.5,0.6,0.43333333333333335,0.5648390386958694,0.00041899608498326276,0.0124229384075998,0.565140858261012,0.17973007261753082,70.37037037037037,4
spectral_only,258,0.4,0.7,0.6,0.4,0.506948519463604,0.0006186943959542187,0.016193103236346703,1.123709200805861,0.9861305952072144,85.18518518518519,4
spectral_only,259,0.0,0.2,0.3333333333333333,0.36666666666666664,0.4494042616404736,0.0003834312464713765,0.017969609756393487,1.3686730115792176,0.5109763741493225,62.96296296296296,4
spectral_only,260,0.2,0.2,0.26666666666666666,0.2,0.18807543494814044,0.0388368341601816,0.12569571087987746,0.13921693253466408,0.4057811200618744,53.70370370370371,4
spectral_only,261,0.4,0.5,0.6,0.4,0.5193531759356258,0.0016385868570301828,0.02962637625277203,1.4589043581951595,0.9875046014785767,85.18518518518519,4
spectral_only,262,0.0,0.2,0.2,0.23333333333333334,0.21964291393219298,0.014519652640191826,0.07388179183556268,0.24669568957945567,0.2785508632659912,66.66666666666666,4
spectral_only,263,0.2,0.2,0.4,0.36666666666666664,0.41237568997317314,0.00622925659460228,0.026389848002340822,0.23256234005485135,0.6451799273490906,53.70370370370371,4
spectral_only,264,0.0,0.1,0.2,0.36666666666666664,0.3457733728252397,0.0037901288205211487,0.017681282665582547,0.2517199549404573,0.5965738892555237,25.925925925925924,4
spectral_only,265,0.2,0.2,0.26666666666666666,0.3333333333333333,0.3429304737382374,0.001028990302317429,0.010950440548711235,0.18263048564942272,0.04392782226204872,25.925925925925924,4
spectral_only,266,0.0,0.0,0.06666666666666667,0.23333333333333334,0.19336051158220727,0.007331317927260104,0.07051914945687682,1.0501730069332522,0.6918190121650696,27.77777777777778,4
spectral_only,267,0.2,0.4,0.4,0.2,0.3427051192505625,0.02811327468335386,0.11878574095926026,0.3952486561717204,0.5531358122825623,96.29629629629629,4
spectral_only,268,0.4,0.6,0.5333333333333333,0.36666666666666664,0.3748815547437866,0.017780673783563822,0.07243068235304422,0.3414597404513678,0.6396175622940063,96.29629629629629,4
spectral_only,269,0.0,0.0,0.13333333333333333,0.16666666666666666,0.12664299411971836,0.026329227232756252,0.0914724601021835,0.352926273537503,0.5309550762176514,27.77777777777778,4
spectral_only,270,0.0,0.0,0.06666666666666667,0.36666666666666664,0.28353719525330695,0.00029726881232966084,0.01541148340532281,0.7675561970655106,0.6414270997047424,68.51851851851852,5
spectral_only,271,0.0,0.1,0.2,0.36666666666666664,0.3506296168139424,0.007298199018574009,0.06300405868967666,0.5516785412437647,0.5260505080223083,1.8518518518518516,5
spectral_only,272,0.0,0.0,0.0,0.03333333333333333,0.025255271126572616,0.12487030890141856,0.42947951009622826,1.2357454272409885,0.8874203562736511,88.88888888888889,5
spectral_only,273,0.0,0.0,0.0,0.03333333333333333,0.022955635811839507,0.11776033015185854,0.40081002509295843,0.23568176855916284,0.03863689303398132,88.88888888888889,5
spectral_only,274,0.0,0.0,0.06666666666666667,0.2,0.1541974986610414,0.004684123980558606,0.05156917283109131,0.6547839433860551,0.7116295099258423,59.25925925925925,5
spectral_only,275,0.0,0.0,0.0,0.06666666666666667,0.04620958705487142,0.003616410254073331,0.05736465090944606,1.2630226594059262,0.630172073841095,87.03703703703704,5
spectral_only,276,0.0,0.0,0.0,0.0,0.0,0.01160592323763616,0.10935975122804285,3.978733388506774,0.9915775060653687,88.88888888888889,5
spectral_only,277,0.0,0.0,0.0,0.0,0.0,0.0024029171503584315,0.044878021977761744,2.223840806209708,0.9628894329071045,88.88888888888889,5
spectral_only,278,0.0,0.0,0.0,0.13333333333333333,0.09501843312861838,0.0011990472869976038,0.03366672637245038,1.4209145246693469,0.8310694098472595,75.92592592592592,5
spectral_only,279,0.0,0.3,0.3333333333333333,0.23333333333333334,0.2838413432643304,0.0010044333713878945,0.023012186398705402,1.000878198761348,0.8242964744567871,87.03703703703704,5
spectral_only,280,0.0,0.1,0.13333333333333333,0.3,0.25354610423356627,0.0038104295514491786,0.0494500045549587,0.7918321061153123,0.6655188202857971,87.03703703703704,5
spectral_only,281,0.0,0.1,0.26666666666666666,0.3333333333333333,0.3126101019783534,0.008809176695796905,0.07981980359748236,1.0563724608646468,0.6708970665931702,5.555555555555555,5
spectral_only,282,0.0,0.0,0.0,0.03333333333333333,0.025695227962458354,0.15806583160029886,0.48596216106435597,0.16722805879455568,0.49515536427497864,88.88888888888889,5
spectral_only,283,0.0,0.0,0.13333333333333333,0.1,0.1087302977848201,0.11195556829835528,0.394525581419947,0.3835124331354189,0.4200058877468109,88.88888888888889,5
spectral_only,284,0.0,0.0,0.0,0.03333333333333333,0.02224452811799355,0.006200997774527362,0.0712259732403449,1.156143441682595,0.6856251358985901,87.03703703703704,5
spectral_only,285,0.0,0.0,0.0,0.03333333333333333,0.02412953926269958,0.009770934759026881,0.07621364512002218,1.7220961247423852,0.9934985041618347,20.37037037037037,5
spectral_only,286,0.0,0.0,0.0,0.03333333333333333,0.022468483498681423,0.0024877289770555144,0.050579654309555744,2.987443385438097,0.9202869534492493,87.03703703703704,5
spectral_only,287,0.0,0.1,0.13333333333333333,0.3,0.29779950769467384,0.003573036916540153,0.046728823578017685,0.43964568652047625,0.05456819012761116,62.96296296296296,5
spectral_only,288,0.0,0.3,0.3333333333333333,0.4,0.47371410799064717,0.008152208260992664,0.05289005713937377,0.45123170214500485,0.23052790760993958,75.92592592592592,6
spectral_only,289,0.2,0.2,0.26666666666666666,0.23333333333333334,0.31166917092054197,0.011161256735492227,0.07900561968652728,0.4077094721483644,0.5432025194168091,7.4074074074074066,6
spectral_only,290,0.0,0.3,0.2,0.1,0.10617185561262929,0.13749490123003272,0.42941127231901566,1.3068985581843395,0.5082756280899048,92.5925925925926,6
spectral_only,291,0.0,0.0,0.0,0.1,0.07340580367345322,0.08081759554604696,0.3225746235626007,1.1397148207771557,0.7347376346588135,88.88888888888889,6
spectral_only,292,0.0,0.0,0.0,0.06666666666666667,0.044987759487901124,0.006124786386121433,0.05440307173711891,0.29403638654550385,0.46490931510925293,9.25925925925926,6
spectral_only,293,0.2,0.3,0.26666666666666666,0.26666666666666666,0.2815715607892951,0.005892699824745512,0.05480341286696315,0.1313462053571309,0.31128954887390137,50.0,6
spectral_only,294,0.0,0.1,0.26666666666666666,0.4,0.4193543576647228,0.004135289204222568,0.04898628238032664,0.1472035541524745,0.24265126883983612,87.03703703703704,6
spectral_only,295,0.6,0.3,0.2,0.3333333333333333,0.38490268535172256,0.005653275298615148,0.03829425130867554,0.41330857684001576,0.4413527250289917,79.62962962962963,6
spectral_only,296,0.0,0.1,0.26666666666666666,0.36666666666666664,0.38841861862155513,0.0057556656413721196,0.03924839063912241,0.3471865634285755,0.42259106040000916,79.62962962962963,6
spectral_only,297,0.2,0.1,0.13333333333333333,0.4,0.42810467866080315,0.003730812606945757,0.04462080179763831,0.24963230861150948,0.3154970109462738,88.88888888888889,6
spectral_only,298,0.0,0.1,0.06666666666666667,0.26666666666666666,0.2506591494127026,0.007564702236713055,0.06367122774505951,0.7035257084800476,0.6977661848068237,38.88888888888889,6
spectral_only,299,0.0,0.0,0.0,0.0,0.0,0.01849166448193697,0.11272076648577105,0.8380194500663386,0.5762344002723694,9.25925925925926,6
spectral_only,300,0.2,0.1,0.13333333333333333,0.2,0.18424958928900714,0.04161709928248801,0.1885475383550238,0.3790705303935394,0.499129056930542,88.88888888888889,6
spectral_only,301,0.0,0.0,0.0,0.06666666666666667,0.04542411931052093,0.09249052420727603,0.3537960703410318,0.626808266248555,0.586927592754364,88.88888888888889,6
spectral_only,302,0.2,0.2,0.2,0.2,0.2918330099081278,0.008209945971730206,0.06377109180737446,0.5223975797063931,0.5135583877563477,7.4074074074074066,6
spectral_only,303,0.0,0.1,0.26666666666666666,0.3333333333333333,0.38133938909731724,0.008217194079943674,0.05905207389556045,0.5551810254438944,0.4928046464920044,33.33333333333333,6
spectral_only,304,0.0,0.1,0.06666666666666667,0.4,0.44425932548416086,0.0035482399081419617,0.049549394368299644,0.15241477133690495,0.17316536605358124,88.88888888888889,6
spectral_only,305,0.2,0.2,0.26666666666666666,0.36666666666666664,0.35116987127175014,0.005680973644045807,0.04891099775713124,0.548088038508786,0.4320463538169861,33.33333333333333,6
spectral_only,306,0.4,0.3,0.2,0.3333333333333333,0.40574136631759605,0.0021360420727365745,0.026467369444856535,0.7358347094363317,0.6991219520568848,64.81481481481481,7
spectral_only,307,0.0,0.2,0.2,0.3333333333333333,0.26376582451340663,0.0016981810405116947,0.028375492820490348,0.7302495198246663,0.7425464987754822,64.81481481481481,7
spectral_only,308,0.2,0.7,0.8,0.5666666666666667,0.6834400154778698,0.0011699166389799718,0.028735867169620948,0.8224844056629546,0.7161217331886292,94.44444444444444,7
spectral_only,309,0.6,0.5,0.4,0.5666666666666667,0.6477294509882754,0.0005644419658842887,0.013078854926047268,0.19135783849282023,0.24967075884342194,55.55555555555556,7
spectral_only,310,0.2,0.3,0.2,0.16666666666666666,0.17629642023022754,0.0005719759649513499,0.011532551550827677,0.37423327074117624,0.8333536386489868,14.814814814814813,7
spectral_only,311,0.0,0.0,0.06666666666666667,0.1,0.07890595421473219,0.002195965235057846,0.032107758685104695,0.9034390977591962,0.955226719379425,44.44444444444444,7
spectral_only,312,0.6,0.4,0.6,0.6,0.7084251178195468,0.0013618818506966465,0.02257757596434185,0.456533757494617,0.31160131096839905,88.88888888888889,7
spectral_only,313,0.8,0.8,0.9333333333333333,0.5333333333333333,0.6653667067791716,0.002886569470652641,0.03212417802893087,0.6926758818764829,0.7955027222633362,98.14814814814815,7
spectral_only,314,0.0,0.1,0.2,0.4,0.397666181205499,0.00036469988088268343,0.013799766921014218,0.8210019173813725,0.7293307781219482,16.666666666666664,7
spectral_only,315,0.0,0.0,0.0,0.36666666666666664,0.3667426408545343,0.003801380831465856,0.05633887937275498,0.5016534054903575,0.4620025157928467,37.03703703703704,7
spectral_only,316,0.6,0.6,0.5333333333333333,0.5333333333333333,0.6278506009492929,9.838078298396175e-05,0.006555534789717165,0.9903419743386603,0.8393794298171997,62.96296296296296,7
spectral_only,317,0.6,0.4,0.5333333333333333,0.5333333333333333,0.6035513357746282,0.00012122440960276688,0.007074052215372627,0.6914488574238938,0.7659946084022522,37.03703703703704,7
spectral_only,318,0.4,0.3,0.2,0.36666666666666664,0.3651053187343457,0.00019609808746828762,0.00974383427854001,0.5454864329062922,0.7136666178703308,9.25925925925926,7
spectral_only,319,0.2,0.3,0.26666666666666666,0.23333333333333334,0.28738625038092386,0.0008864991882132836,0.020907047905897796,1.1124717841152805,0.9569072723388672,16.666666666666664,7
spectral_only,320,0.2,0.7,0.6666666666666666,0.7333333333333333,0.8074173950061531,0.00012763697319436096,0.008457509375427587,0.09893422735757475,0.23394621908664703,66.66666666666666,7
spectral_only,321,0.8,0.7,0.4666666666666667,0.6,0.6662469183502783,0.0001449507119704057,0.0058249617484844455,0.3530742046196589,0.8170341849327087,88.88888888888889,7
spectral_only,322,0.2,0.5,0.4666666666666667,0.4666666666666667,0.5443953736785185,0.0005155615109729429,0.017215197772347233,1.092751911883706,0.6451985239982605,81.48148148148148,7
spectral_only,323,0.0,0.2,0.2,0.3,0.2512956979499168,0.00017926450407543785,0.009570338068809182,0.8360632972754275,0.7588034272193909,9.25925925925926,7
spectral_only,324,0.2,0.1,0.06666666666666667,0.23333333333333334,0.22302301902991895,0.048348230548521984,0.14893088217365363,0.4524905824175882,0.6195589303970337,44.44444444444444,8
spectral_only,325,0.4,0.3,0.3333333333333333,0.5,0.5801244208542695,0.0160134523173111,0.10336397093190769,0.02539355068876025,0.4654490351676941,61.111111111111114,8
spectral_only,326,0.4,0.3,0.2,0.36666666666666664,0.3627539133572569,0.0034606139952724994,0.02670531381635011,0.39660203107215974,0.6669730544090271,11.11111111111111,8
spectral_only,327,0.0,0.2,0.13333333333333333,0.1,0.1009595865150082,0.004448451767008008,0.0454752771766508,0.8612154913957715,0.6290361285209656,70.37037037037037,8
spectral_only,328,0.0,0.0,0.06666666666666667,0.26666666666666666,0.31087050143173484,0.04068628589038837,0.12746271811900903,0.400460705713869,0.56678706407547,61.111111111111114,8
spectral_only,329,0.0,0.2,0.13333333333333333,0.2,0.19635777595731121,0.03437780755339815,0.12213512375777373,0.10813197500137096,0.07822917401790619,5.555555555555555,8
spectral_only,330,0.2,0.1,0.13333333333333333,0.2,0.20493569273863543,0.0386407528090886,0.11535935253845936,0.43854217062144824,0.49252083897590637,59.25925925925925,8
spectral_only,331,0.0,0.0,0.0,0.06666666666666667,0.04546607171202533,0.012550275806149641,0.05224942832196375,0.37082812138071175,0.6006299257278442,74.07407407407408,8
spectral_only,332,0.0,0.1,0.13333333333333333,0.16666666666666666,0.14507435728178775,0.05397476076847332,0.16738719602778396,0.31123751777764025,0.35780155658721924,33.33333333333333,8
spectral_only,333,0.2,0.3,0.2,0.1,0.13601816424130306,0.054725608202140855,0.17411685427210927,0.8091312331599204,0.9516724944114685,85.18518518518519,8
spectral_only,334,0.2,0.2,0.13333333333333333,0.23333333333333334,0.2488261577426893,0.028273017759058543,0.10609525155930043,0.16091564979073872,0.42701753973960876,5.555555555555555,8
spectral_only,335,0.2,0.3,0.26666666666666666,0.4666666666666667,0.5104703893685629,0.008588799440925452,0.058901746968281196,0.23960486819140261,0.3368416726589203,20.37037037037037,8
spectral_only,336,0.0,0.2,0.26666666666666666,0.3333333333333333,0.4261543919511656,0.0015752335744272238,0.016915980550633838,0.08828112558215541,0.31735703349113464,29.629629629629626,8
spectral_only,337,0.2,0.2,0.26666666666666666,0.3333333333333333,0.3021305400843876,0.0009002316885550672,0.017121459021657636,0.330254286659755,0.45281603932380676,22.22222222222222,8
spectral_only,338,0.0,0.0,0.0,0.26666666666666666,0.24345356013676187,0.04952384531566624,0.23195636831305338,0.06567097529107663,0.09565999358892441,35.18518518518518,8
spectral_only,339,0.6,0.4,0.3333333333333333,0.23333333333333334,0.3587803455173634,0.03864156892716404,0.13059211809387758,0.4677376680579003,0.8351781368255615,98.14814814814815,8
spectral_only,340,0.0,0.3,0.4,0.43333333333333335,0.5556241054499946,0.03576815710981256,0.19020625679476855,0.21829536689965529,0.1935211420059204,77.77777777777779,8
spectral_only,341,0.2,0.4,0.4666666666666667,0.3333333333333333,0.4417174234621068,0.05214866315327269,0.19274358039517453,0.6101300772003742,0.46984413266181946,92.5925925925926,8
spectral_only,342,0.4,0.6,0.6666666666666666,0.5666666666666667,0.6237922271225415,4.211235759196971e-05,0.004010989266728454,0.21378567670446075,0.46107563376426697,40.74074074074074,9
spectral_only,343,0.0,0.2,0.3333333333333333,0.3333333333333333,0.40332654475853613,0.005850662196822423,0.06680151624152372,0.5763259057516352,0.42851704359054565,5.555555555555555,9
spectral_only,344,0.2,0.1,0.06666666666666667,0.06666666666666667,0.09095955485494316,0.2121317499087753,0.6002009483011039,3.0004095436061022,0.9419888854026794,88.88888888888889,9
spectral_only,345,0.2,0.1,0.2,0.16666666666666666,0.19839027892285155,0.10062766707618112,0.34541392846234975,1.067208447778692,0.8002508282661438,90.74074074074075,9
spectral_only,346,0.0,0.0,0.13333333333333333,0.2,0.15698642212683392,0.016230144003373588,0.12151980827665762,1.4117261947978599,0.8482920527458191,18.51851851851852,9
spectral_only,347,0.2,0.2,0.2,0.4,0.39463768637864777,0.000160961799239737,0.0071875076789442195,0.3642818648747275,0.38240817189216614,61.111111111111114,9
spectral_only,348,0.0,0.0,0.0,0.06666666666666667,0.04807208496425863,0.003217360556587315,0.05724823393568405,3.5001460130547084,0.9624151587486267,85.18518518518519,9
spectral_only,349,0.0,0.5,0.4,0.7,0.7338037940673896,0.00010311018893550145,0.0075269434281864675,0.4034539358109139,0.5635125041007996,35.18518518518518,9
spectral_only,350,0.0,0.0,0.13333333333333333,0.2,0.19770466647634313,0.00044827302947097157,0.01954301044489376,1.2977593745265223,0.6642013788223267,83.33333333333334,9
spectral_only,351,0.0,0.2,0.4666666666666667,0.43333333333333335,0.36128615343703585,0.0005104889952275778,0.009860372223471948,0.8407890641654289,0.7140135765075684,29.629629629629626,9
spectral_only,352,0.0,0.0,0.0,0.13333333333333333,0.10632304612415332,0.002749279398922377,0.05104318593862899,1.8109500775782676,0.8827964067459106,68.51851851851852,9
spectral_only,353,0.0,0.3,0.3333333333333333,0.43333333333333335,0.4866591902678769,0.019228052815925885,0.12867720762510068,1.2779888562708122,0.7963517308235168,20.37037037037037,9
spectral_only,354,0.0,0.0,0.0,0.03333333333333333,0.030447031399624055,0.09976510368469385,0.3668160982651953,0.8369711591080645,0.7960866689682007,88.88888888888889,9
spectral_only,355,0.0,0.0,0.0,0.0,0.0,0.05179474144355622,0.23973764149497248,0.7342228044678714,0.6777895092964172,88.88888888888889,9
spectral_only,356,0.2,0.2,0.26666666666666666,0.26666666666666666,0.29460176731108734,0.017361287988256712,0.11868929759386984,1.4712013796559555,0.7344386577606201,1.8518518518518516,9
spectral_only,357,0.0,0.0,0.0,0.1,0.07391221566994728,0.0034891844616729037,0.056830794673054914,3.7709173746218316,0.9862349033355713,87.03703703703704,9
spectral_only,358,0.0,0.0,0.0,0.0,0.0,0.01156889494316432,0.11302573218229804,4.786481008366837,0.9708657264709473,87.03703703703704,9
spectral_only,359,0.0,0.0,0.06666666666666667,0.23333333333333334,0.19082712918549014,0.0015096358994916132,0.037781528427702604,1.6473130235257023,0.8350054025650024,27.77777777777778,9
standard_umap,0,0.8,0.9,0.8,0.9333333333333333,0.9522726483614803,0.006643239821471155,0.05436283779983944,0.695453572681033,0.845242440700531,68.51851851851852,10
standard_umap,1,0.6,0.9,0.9333333333333333,0.8666666666666667,0.9105497664576809,0.0033672035254123807,0.04951164773620675,0.23179072397953918,0.4018680155277252,64.81481481481481,10
standard_umap,2,0.6,0.9,0.8666666666666667,0.7666666666666667,0.8408680982465206,0.0028122291755028972,0.03825266694471427,0.6442470805805363,0.6837953925132751,96.29629629629629,10
standard_umap,3,0.4,0.9,0.9333333333333333,0.8,0.862162678294342,0.00585428911720314,0.07078548615298433,0.5900041724667584,0.6580864787101746,94.44444444444444,10
standard_umap,4,0.4,1.0,0.9333333333333333,0.8666666666666667,0.908997315806624,0.008412796160202927,0.07236523824116775,0.23514202257569103,0.34464406967163086,31.48148148148148,10
standard_umap,5,0.8,0.9,0.7333333333333333,0.7666666666666667,0.8348721876906321,0.011614724422618078,0.0891324401974698,0.5292122803142952,0.6306429505348206,55.55555555555556,10
standard_umap,6,0.4,1.0,0.8,0.5333333333333333,0.6594660227616342,0.019534133386301125,0.13338297793732104,0.19519027182044113,0.639487624168396,94.44444444444444,10
standard_umap,7,0.8,0.9,0.7333333333333333,0.4,0.5530871585063807,0.046900964475557264,0.25524415945033363,0.14076643044146073,0.5934921503067017,100.0,10
standard_umap,8,0.8,1.0,0.8666666666666667,0.9,0.9304043890252749,0.005843704196335049,0.05893463937265096,0.2549313595834739,0.3179408013820648,11.11111111111111,10
standard_umap,9,0.6,0.9,0.7333333333333333,0.4,0.5530871585063807,0.039002433727499224,0.20970900935984804,0.10736672634202071,0.574023425579071,98.14814814814815,10
standard_umap,10,0.2,0.7,0.5333333333333333,0.5,0.6065511995196647,0.04001997414614221,0.1827957938213771,0.33810997741994936,0.25047826766967773,0.0,10
standard_umap,11,0.4,0.8,0.8666666666666667,0.8333333333333334,0.8849881173936083,0.005146509243282836,0.054648525923826886,0.6904761302450241,0.7619072198867798,94.44444444444444,10
standard_umap,12,0.6,0.9,0.9333333333333333,0.7666666666666667,0.8408680982465206,0.005597791931022174,0.07153757275706916,1.338766567421224,0.8671941161155701,100.0,10
standard_umap,13,0.6,0.8,0.8666666666666667,0.8,0.8624285860765342,0.004924634024201711,0.04973655138169853,0.44276476294081274,0.6230074763298035,87.03703703703704,10
standard_umap,14,0.6,0.8,0.8666666666666667,0.8333333333333334,0.8867433632845332,0.0102808831022216,0.07152425600149832,0.22415559231303928,0.28399038314819336,24.074074074074073,10
standard_umap,15,0.4,0.6,0.6,0.7,0.7710124324588417,0.016929580956766024,0.11479003043719818,0.6351288576146306,0.459137886762619,35.18518518518518,10
standard_umap,16,0.4,0.9,0.7333333333333333,0.8,0.8450793864988746,0.005452296086726808,0.04390054840216807,0.22667731858563425,0.034945882856845856,35.18518518518518,10
standard_umap,17,0.4,0.7,0.8666666666666667,0.7666666666666667,0.8349934736397958,0.017466931077535167,0.1059962576415898,0.535712509867109,0.4909156560897827,46.2962962962963,10
standard_umap,18,0.6,0.8,0.8666666666666667,0.9333333333333333,0.955012240512099,0.02092338222398754,0.14086025895979232,0.966753782636132,0.7024373412132263,87.03703703703704,11
standard_umap,19,0.8,0.7,0.8666666666666667,0.8666666666666667,0.9102992288954239,0.015645984019326955,0.09544065778142044,0.5083181802234863,0.572265625,77.77777777777779,11
standard_umap,20,0.8,0.9,0.6666666666666666,0.4,0.5558800838969039,0.10119295777999407,0.35879245804765253,0.21847437347599427,0.36370259523391724,100.0,11
standard_umap,21,0.8,0.9,0.7333333333333333,0.4,0.5558800838969039,0.06888958025594898,0.28337865808382734,0.044013692703798006,0.16105212271213531,100.0,11
standard_umap,22,0.8,0.9,0.9333333333333333,0.6333333333333333,0.7401342883250243,0.009778135984098626,0.08185803937367546,0.6890624816389861,0.735894501209259,94.44444444444444,11
standard_umap,23,0.8,0.9,0.8,0.8666666666666667,0.8989092455250309,0.009185773983354201,0.07145661282135936,0.5935003418618892,0.6127816438674927,61.111111111111114,11
standard_umap,24,0.8,0.9,0.8666666666666667,0.9,0.9293138708293676,0.007600137931771636,0.07434959410590067,0.5768679683063835,0.659153938293457,68.51851851851852,11
standard_umap,25,0.8,0.8,0.8666666666666667,0.9,0.9323071422625164,0.01306478196549097,0.10717935137512681,0.6929092639015645,0.6665428280830383,87.03703703703704,11
standard_umap,26,0.6,1.0,0.8666666666666667,0.9333333333333333,0.9547463327299066,0.0035710104343633364,0.04656468838993266,0.513769714474451,0.6236065030097961,79.62962962962963,11
standard_umap,27,0.6,0.8,0.8,0.9333333333333333,0.9543099729072868,0.005169294007631015,0.05080188112020401,0.524553965129042,0.5864574909210205,75.92592592592592,11
standard_umap,28,0.4,0.8,0.8666666666666667,0.9333333333333333,0.9547998360701668,0.009897509376478333,0.08741682614033952,1.0414495777130466,0.7810401916503906,88.88888888888889,11
standard_umap,29,0.8,0.9,0.8666666666666667,0.8,0.8612632235111648,0.015446569973786722,0.10987843796880731,0.15139693876491236,0.28197765350341797,40.74074074074074,11
standard_umap,30,0.8,1.0,0.6666666666666666,0.3333333333333333,0.49593616181944333,0.10724954120338728,0.3952886749371005,0.23227737594948886,0.4200803339481354,100.0,11
standard_umap,31,1.0,0.9,0.7333333333333333,0.43333333333333335,0.579424884241076,0.06205587971479736,0.2577473283834331,0.1510535661952867,0.051474202424287796,87.03703703703704,11
standard_umap,32,1.0,0.9,0.9333333333333333,0.6666666666666666,0.7663101705742681,0.006544283880539635,0.057397117949821656,0.4435010384949969,0.5709712505340576,87.03703703703704,11
standard_umap,33,0.6,0.9,0.9333333333333333,0.8333333333333334,0.8801404809415436,0.005388568658382867,0.05585241398504609,0.4391805551676399,0.5501047372817993,51.85185185185185,11
standard_umap,34,0.6,0.9,0.8,0.7666666666666667,0.8327379463410215,0.007112302263683747,0.06458018814371055,0.3849719938245812,0.4267681837081909,31.48148148148148,11
standard_umap,35,0.4,0.8,0.9333333333333333,0.9,0.9320947378205844,0.007707969525312112,0.07697584395012387,1.0309728750115468,0.8174368739128113,92.5925925925926,11
standard_umap,36,0.4,0.9,0.9333333333333333,0.9333333333333333,0.9548264182517361,0.010390279781515625,0.095919555153588,1.7996458968239712,0.9116544127464294,100.0,12
standard_umap,37,0.0,0.4,0.8,0.9,0.9322778492312253,0.018572952325184203,0.1182699339251091,1.4494128116929639,0.7342014312744141,53.70370370370371,12
standard_umap,38,0.6,0.9,0.9333333333333333,0.8666666666666667,0.9095137611510734,0.0020318750072487956,0.029237621257427848,0.3832449537037753,0.5608216524124146,57.407407407407405,12
standard_umap,39,0.0,0.7,1.0,0.8,0.8602190853140858,0.007575433343672494,0.08112398150349147,1.345272760496282,0.734798014163971,57.407407407407405,12
standard_umap,40,0.8,0.8,0.9333333333333333,0.6666666666666666,0.765434976272652,0.0027100997591993185,0.031404025726674084,0.3025381828529698,0.1878790557384491,12.962962962962962,12
standard_umap,41,1.0,0.8,0.6666666666666666,0.7,0.7873395292840664,0.01412704484586547,0.0755804833525644,0.17900421907680147,0.31330835819244385,12.962962962962962,12
standard_umap,42,0.6,0.7,0.7333333333333333,0.7,0.7880123559288972,0.04029104093128837,0.20177835094277025,0.7143275894328222,0.3202802836894989,5.555555555555555,12
standard_umap,43,0.6,0.8,0.8,0.7666666666666667,0.8367117608778891,0.01071878174809976,0.07329086205031624,0.3619424992726349,0.49312281608581543,33.33333333333333,12
standard_umap,44,0.4,0.7,0.7333333333333333,0.9666666666666667,0.9777554718820064,0.03046496117985099,0.16850401858541497,1.6556218395368787,0.9342461228370667,100.0,12
standard_umap,45,0.6,0.9,1.0,0.7666666666666667,0.8318366200203072,0.0025718988556308465,0.0385464654505757,0.2799467261361881,0.25466033816337585,61.111111111111114,12
standard_umap,46,0.8,0.8,0.8666666666666667,0.8666666666666667,0.8943327774849112,0.003573293463414233,0.053537074280333205,0.9029501518695139,0.7672946453094482,100.0,12
standard_umap,47,0.8,0.8,0.8666666666666667,0.8666666666666667,0.8976219646289789,0.004359974555394371,0.05299186205076593,0.8075124974589781,0.7038178443908691,94.44444444444444,12
standard_umap,48,0.0,0.7,0.8666666666666667,0.8666666666666667,0.884495252583932,0.010597922895506814,0.09138899365617786,1.3489919954900722,0.8772404789924622,100.0,12
standard_umap,49,0.0,0.4,0.7333333333333333,0.9,0.9233916621717391,0.01060781434820523,0.09278378838550672,0.8844381688260878,0.3149937391281128,74.07407407407408,12
standard_umap,50,0.6,0.9,0.8666666666666667,0.8333333333333334,0.8732178708055249,0.01126960672865453,0.08429024049897778,0.5722295122376215,0.7194121479988098,74.07407407407408,12
standard_umap,51,0.8,0.8,0.8,0.8333333333333334,0.8826678205339803,0.036224193103769474,0.19319858547167418,0.1547051431075257,0.25156664848327637,0.0,12
standard_umap,52,0.4,0.7,0.9333333333333333,0.8666666666666667,0.9077394816539871,0.0021183363399630405,0.028425197437039633,0.3928323124589407,0.32912543416023254,66.66666666666666,12
standard_umap,53,0.4,0.5,0.6,1.0,1.0,0.012181970051476827,0.08259613309238326,0.5072027399841131,0.5669966340065002,75.92592592592592,12
standard_umap,54,0.8,0.9,0.8,0.6666666666666666,0.7588271115756824,0.04054541576093269,0.23871812116529345,0.22217672447563924,0.7040193676948547,98.14814814814815,13
standard_umap,55,0.6,0.7,0.8,0.8333333333333334,0.8479132953395321,0.012917726054777852,0.10224255896027036,1.9309622399878839,0.9860435128211975,62.96296296296296,13
standard_umap,56,0.2,0.4,0.7333333333333333,0.9,0.9325818901337425,0.008784584877340126,0.08801193503296939,1.6303539675815006,0.6720553040504456,5.555555555555555,13
standard_umap,57,0.4,0.9,0.8666666666666667,0.8333333333333334,0.878565336801396,0.0025386460063982516,0.042423570633004906,0.6322590875102234,0.579806923866272,9.25925925925926,13
standard_umap,58,0.4,0.7,0.7333333333333333,0.9,0.9320412344803242,0.0049825594026528626,0.06476073146174595,0.6992746771273372,0.49290555715560913,7.4074074074074066,13
standard_umap,59,0.8,0.9,0.6666666666666666,0.7333333333333333,0.7964054360049095,0.013461034099304587,0.10108282836373426,0.7547126083208454,0.7282558679580688,57.407407407407405,13
standard_umap,60,1.0,0.8,0.8,0.8333333333333334,0.8774061571168844,0.004122729980690213,0.029566322831033887,0.13535590816836604,0.24062024056911469,74.07407407407408,13
standard_umap,61,0.8,1.0,0.9333333333333333,0.8666666666666667,0.9020779584971564,0.003472566168890356,0.026461544273643556,0.38765052288746477,0.7927436232566833,96.29629629629629,13
standard_umap,62,0.8,0.7,0.6666666666666666,0.7666666666666667,0.8161800846412437,0.03674294713165808,0.20433443350995198,0.2926118092714577,0.2692415714263916,74.07407407407408,13
standard_umap,63,0.0,0.7,0.9333333333333333,0.8333333333333334,0.885515810246238,0.007471839195041091,0.06580548613175832,0.7184296910412851,0.621645450592041,79.62962962962963,13
standard_umap,64,1.0,0.8,0.8,0.8333333333333334,0.8848583521398272,0.01628695573486102,0.11744171276064853,0.7681644180168302,0.7623727321624756,70.37037037037037,13
standard_umap,65,0.2,0.5,0.8,0.8666666666666667,0.902382930537799,0.014736378431671086,0.11276309576660588,1.507615871610791,0.9121372699737549,62.96296296296296,13
standard_umap,66,0.4,0.7,0.8666666666666667,0.9333333333333333,0.9552869883833249,0.0029023608849989744,0.04720163486229965,0.6629001157556711,0.4123408794403076,0.0,13
standard_umap,67,0.0,0.3,0.6666666666666666,0.7333333333333333,0.8075005512294817,0.012039294395114732,0.10842675401285926,1.3642616709575939,0.8537932634353638,25.925925925925924,13
standard_umap,68,0.2,0.6,0.8,0.8666666666666667,0.909626254321903,0.005060210620247336,0.0646371550269125,0.5162400811682881,0.3460802435874939,9.25925925925926,13
standard_umap,69,1.0,0.6,0.6666666666666666,0.8333333333333334,0.8581644746577726,0.013632135595450182,0.08164225121641328,0.4071691020170528,0.6088413000106812,62.96296296296296,13
standard_umap,70,0.6,0.9,0.8666666666666667,0.7666666666666667,0.828099295962548,0.014701813617486506,0.0822873739959999,0.7687972955569699,0.8399962782859802,98.14814814814815,13
standard_umap,71,0.8,0.8,0.6666666666666666,0.6333333333333333,0.7330233871665087,0.04063317781366775,0.237640401726075,0.28227167391098007,0.7694612145423889,74.07407407407408,13
standard_umap,72,0.2,0.7,0.8666666666666667,0.8,0.8643725870518096,0.01062889482167219,0.08659753165180788,1.1983913826637866,0.8552354574203491,100.0,14
standard_umap,73,0.4,0.7,0.7333333333333333,0.9333333333333333,0.9531653624877179,0.01951691169920902,0.12391832990464682,0.5009372021482938,0.3082837760448456,37.03703703703704,14
standard_umap,74,0.4,0.7,0.9333333333333333,0.9333333333333333,0.9534913342081776,0.006297175548453098,0.0660735756921564,0.7477897163654235,0.673244297504425,98.14814814814815,14
standard_umap,75,0.6,0.9,0.8666666666666667,0.9333333333333333,0.9534884985772698,0.015122923830366014,0.10522791011227063,0.25321516881931155,0.275103896856308,22.22222222222222,14
standard_umap,76,0.4,0.7,0.9333333333333333,0.9666666666666667,0.9779678763239384,0.0026732520054085513,0.0442892662401629,0.7192642064992203,0.665282666683197,70.37037037037037,14
standard_umap,77,0.0,0.6,0.8666666666666667,1.0,1.0,0.0033538825134311013,0.049014891149736096,0.29394124785304115,0.2530715763568878,40.74074074074074,14
standard_umap,78,0.4,0.8,0.8,0.8666666666666667,0.9064442922539633,0.04356812193173119,0.2169460436506347,0.4417047557534498,0.4644218683242798,55.55555555555556,14
standard_umap,79,0.2,0.8,0.9333333333333333,0.8666666666666667,0.9098386587638351,0.00461145724793948,0.06111586496462175,0.6177032264530946,0.5473029613494873,79.62962962962963,14
standard_umap,80,0.6,0.7,0.9333333333333333,0.9,0.9281340906580431,0.014380445487165707,0.10359789090051669,0.6601995401888022,0.6783714890480042,44.44444444444444,14
standard_umap,81,0.6,0.8,0.9333333333333333,0.9,0.9316048746577043,0.019428495888380873,0.1265912849127085,0.6361581913587859,0.6234040260314941,40.74074074074074,14
standard_umap,82,0.4,0.5,0.8,0.9666666666666667,0.9779678763239384,0.013439922947957091,0.10769396993299517,2.0314746052737784,0.9418986439704895,98.14814814814815,14
standard_umap,83,0.2,0.8,0.9333333333333333,1.0,1.0,0.010185048473666537,0.09547315130059039,0.43065581382643364,0.44516268372535706,38.88888888888889,14
standard_umap,84,0.4,0.7,0.8,0.9333333333333333,0.9557233482059448,0.01068754833038429,0.07368370261834707,0.5144951191205483,0.3996189534664154,94.44444444444444,14
standard_umap,85,0.6,0.7,0.7333333333333333,0.8333333333333334,0.8864928257222762,0.022391766813110028,0.12999213488854744,0.6051364384249917,0.47979530692100525,74.07407407407408,14
standard_umap,86,0.4,0.7,0.8,0.9333333333333333,0.9557233482059448,0.004417554211152777,0.05306309444075486,0.6000176731757022,0.5107393860816956,55.55555555555556,14
standard_umap,87,0.2,0.7,0.8,1.0,1.0,0.005796199637889939,0.0633284348115611,1.057289932779066,0.8314626812934875,81.48148148148148,14
standard_umap,88,0.4,0.7,0.8,0.7333333333333333,0.8035870379235575,0.04098758781109701,0.20722980559861023,0.48830647496794105,0.47105687856674194,64.81481481481481,14
standard_umap,89,0.4,0.6,0.8,1.0,1.0,0.014415465950222112,0.10326825293117084,1.8044357006905802,0.9351487159729004,85.18518518518519,14
standard_umap,90,0.2,0.6,0.8666666666666667,0.8,0.8626138240218336,0.009677471161832527,0.08319989196902605,0.9281444641452842,0.39033156633377075,55.55555555555556,15
standard_umap,91,0.8,1.0,0.8666666666666667,0.9333333333333333,0.9545339282879746,0.0179837103917815,0.09885762021334607,0.1127947576116236,0.2635672688484192,24.074074074074073,15
standard_umap,92,1.0,1.0,0.9333333333333333,0.9,0.9312439704592761,0.014725802151942923,0.09052822807835709,0.23045513662526823,0.37015876173973083,14.814814814814813,15
standard_umap,93,0.8,0.9,0.8666666666666667,0.8,0.8612632235111648,0.017352118279808454,0.08311292603340778,0.16039271426633325,0.2484857738018036,5.555555555555555,15
standard_umap,94,0.8,0.9,0.9333333333333333,0.7666666666666667,0.839658188209994,0.012600295820314137,0.0934111880913415,0.1870643130663622,0.3438487946987152,18.51851851851852,15
standard_umap,95,1.0,0.9,1.0,0.8333333333333334,0.8875941306458415,0.0067477120262714844,0.05482370608967595,0.4146325783650398,0.6191936731338501,37.03703703703704,15
standard_umap,96,1.0,0.9,0.9333333333333333,0.8333333333333334,0.884236754371908,0.0012525383557251057,0.02683885132721917,0.11274141880723412,0.2719455659389496,48.148148148148145,15
standard_umap,97,1.0,0.9,0.9333333333333333,0.9333333333333333,0.9526891080215633,0.0039180420994751036,0.03420851685792385,0.17918369593571612,0.40091821551322937,85.18518518518519,15
standard_umap,98,0.4,0.9,0.8666666666666667,0.9,0.9327942945756746,0.009220246761037745,0.07093085194790005,0.7633381499277123,0.6908964514732361,44.44444444444444,15
standard_umap,99,0.8,0.9,0.9333333333333333,0.8666666666666667,0.9094484615341157,0.004659931655423856,0.05277290639689356,0.10353090775262068,0.21449606120586395,85.18518518518519,15
standard_umap,100,0.8,0.8,0.8666666666666667,0.8333333333333334,0.8867947400901349,0.01287504013366526,0.10758078367982175,0.9753887638173357,0.8127594590187073,100.0,15
standard_umap,101,0.8,0.9,1.0,0.8,0.8631126263645141,0.0038571449828110377,0.03605992945193941,0.2255243146855047,0.4101825952529907,72.22222222222221,15
standard_umap,102,0.8,0.9,0.8,0.6666666666666666,0.7617832775802279,0.032254648229206886,0.13998468338365308,0.4457000760980392,0.6655282974243164,42.592592592592595,15
standard_umap,103,0.6,0.8,0.8,0.6666666666666666,0.7588062452986002,0.08570532386116145,0.3309857274175858,0.04472160960690904,0.09276825934648514,0.0,15
standard_umap,104,0.6,0.9,0.9333333333333333,0.7333333333333333,0.8150455035658218,0.009492051405202541,0.08255541809822742,0.09168174085204855,0.4379207491874695,38.88888888888889,15
standard_umap,105,0.0,0.4,0.6,0.8666666666666667,0.9095461688000734,0.02512470128178657,0.16495659475561786,1.5719569364434214,0.7877033948898315,29.629629629629626,15
standard_umap,106,0.4,0.8,0.8,0.7333333333333333,0.8163915561307596,0.0054807037131214004,0.07108144491946583,0.8534554965150281,0.5193487405776978,42.592592592592595,15
standard_umap,107,0.8,0.9,0.8666666666666667,0.9,0.9327942945756746,0.01065374669759853,0.0804286382218471,0.6535887094264219,0.7271749973297119,61.111111111111114,15
standard_umap,108,0.4,0.7,0.8,0.8666666666666667,0.9077423172848949,0.0026342342589218094,0.04882049663283154,0.4681822092566501,0.20665475726127625,40.74074074074074,16
standard_umap,109,0.8,0.8,0.7333333333333333,0.7666666666666667,0.8277565495012221,0.010463469845137921,0.08927266433633187,1.2401244677046188,0.877747118473053,75.92592592592592,16
standard_umap,110,0.4,0.8,1.0,0.7333333333333333,0.8100635930853348,0.018092119087583496,0.1425750150429283,2.082479589340911,0.8759931921958923,55.55555555555556,16
standard_umap,111,0.4,0.9,0.8,0.6666666666666666,0.7523327148458451,0.009776154420289982,0.07424917453531121,0.4545636759987201,0.3705998957157135,25.925925925925924,16
standard_umap,112,0.8,0.8,0.9333333333333333,0.7333333333333333,0.804587348301188,0.006127602017826023,0.0712792587390846,0.917895164484773,0.7039278745651245,29.629629629629626,16
standard_umap,113,0.6,0.7,0.6666666666666666,0.7,0.756898204298647,0.0078430886296373,0.06192901277630412,0.1391336510374375,0.27998337149620056,12.962962962962962,16
standard_umap,114,0.8,0.6,0.6,0.7666666666666667,0.808852924844839,0.030636117939745137,0.15949231985378243,0.4139904654249322,0.48253771662712097,14.814814814814813,16
standard_umap,115,0.6,0.8,0.8666666666666667,0.8333333333333334,0.8866171151698032,0.002924389176684097,0.02774483451303655,0.14216477445250975,0.3491973578929901,83.33333333333334,16
standard_umap,116,0.8,0.8,0.7333333333333333,0.8333333333333334,0.8836501977191419,0.011528368674170068,0.09449488757269292,1.215071236206992,0.9269086122512817,85.18518518518519,16
standard_umap,117,0.6,1.0,0.9333333333333333,0.9,0.931828830038392,0.00046064983607715834,0.008089504582585668,0.025304988503921075,0.12125243991613388,87.03703703703704,16
standard_umap,118,0.6,1.0,1.0,0.9,0.9327942945756746,0.0012256539766847567,0.01794205024051372,0.5578895591739104,0.8700613975524902,98.14814814814815,16
standard_umap,119,0.6,0.9,1.0,0.9333333333333333,0.9550503736324238,0.002842733565631415,0.04108520068937944,1.040940644938811,0.9881329536437988,100.0,16
standard_umap,120,0.2,0.7,0.8666666666666667,0.9,0.9327942945756746,0.004098206328435229,0.05544677126592634,0.6109321060228855,0.4741339087486267,77.77777777777779,16
standard_umap,121,0.0,0.4,0.7333333333333333,0.9,0.9327942945756746,0.027223499399753836,0.1592329105594674,0.9429022224134228,0.0672999918460846,77.77777777777779,16
standard_umap,122,0.8,0.7,0.7333333333333333,0.8,0.8569315432455252,0.009013500562611774,0.07346032505902315,0.18582575359132067,0.24827225506305695,11.11111111111111,16
standard_umap,123,0.0,0.7,0.8666666666666667,0.7,0.7866959628872701,0.009430209394318793,0.0933334974250937,0.672357869233029,0.3463146388530731,12.962962962962962,16
standard_umap,124,0.4,0.6,0.8,0.8333333333333334,0.8832227486599317,0.0027714023953646725,0.04982950697454178,0.3770580687249636,0.12883351743221283,25.925925925925924,16
standard_umap,125,1.0,0.8,0.7333333333333333,0.8,0.8475747487352469,0.0032415147366130536,0.033705841319671075,0.39101142992096327,0.564291775226593,75.92592592592592,16
standard_umap,126,1.0,1.0,0.9333333333333333,0.7,0.7886648701630833,0.004846332057245454,0.03366494309482699,0.3455925029880703,0.5568351149559021,92.5925925925926,17
standard_umap,127,0.8,0.9,0.7333333333333333,0.8333333333333334,0.875218519849185,0.01248851898049375,0.07197990675047544,0.3130095965343594,0.4905533790588379,53.70370370370371,17
standard_umap,128,0.8,1.0,0.8666666666666667,0.8333333333333334,0.8767356933710306,0.005944710690125335,0.05035832792634045,0.3228713366086074,0.5242064595222473,55.55555555555556,17
standard_umap,129,0.6,0.4,0.7333333333333333,0.9333333333333333,0.9415840543819611,0.01161665440970873,0.06866689875506211,0.4166188873250374,0.3905535042285919,50.0,17
standard_umap,130,0.8,0.9,0.9333333333333333,0.7333333333333333,0.8144556818211396,0.0021138503957028026,0.021876515361315282,0.10826972554905762,0.12854145467281342,59.25925925925925,17
standard_umap,131,1.0,0.9,0.8,0.6666666666666666,0.7627052785357146,0.010903746492875992,0.05526499078441702,0.21469948544461137,0.5135996341705322,55.55555555555556,17
standard_umap,132,0.8,0.7,0.6666666666666666,0.8,0.8600510356908402,0.03207840437144125,0.15885232709937433,0.2227493599970594,0.2613581717014313,12.962962962962962,17
standard_umap,133,0.8,1.0,0.8,0.6666666666666666,0.7621864961562824,0.005963362104165568,0.02544355789635575,0.18002038326146388,0.4962294101715088,88.88888888888889,17
standard_umap,134,0.4,0.9,0.9333333333333333,0.8333333333333334,0.8853621166480742,0.003914392001586599,0.034998565482640555,0.5183885943353438,0.5767159461975098,92.5925925925926,17
standard_umap,135,1.0,0.8,0.8666666666666667,0.9666666666666667,0.9779678763239384,0.012490174448718049,0.10850849221494219,0.29779182878658417,0.30210208892822266,62.96296296296296,17
standard_umap,136,0.6,1.0,0.7333333333333333,0.9666666666666667,0.9747447288734273,0.009592956684826334,0.07796423909327678,0.23126733575339078,0.35044002532958984,33.33333333333333,17
standard_umap,137,1.0,0.9,0.7333333333333333,0.9333333333333333,0.9500296827260368,0.008205395939656353,0.07073006711369734,0.502480418604103,0.5547394156455994,44.44444444444444,17
standard_umap,138,0.4,0.7,0.8666666666666667,0.9666666666666667,0.9758704607373003,0.006896076423717884,0.06414311677857724,0.5402093322365881,0.38241779804229736,11.11111111111111,17
standard_umap,139,0.8,0.8,1.0,0.8666666666666667,0.906511928615692,0.00219637609739047,0.03674855800825194,0.5652557256927231,0.6998364329338074,66.66666666666666,17
standard_umap,140,0.8,1.0,0.9333333333333333,0.8,0.8631986836009496,0.002731737691926941,0.031193139059340923,0.44762606659213405,0.708742082118988,48.148148148148145,17
standard_umap,141,1.0,0.8,0.8666666666666667,0.8,0.8597908583819375,0.007752688687638241,0.06812534832345837,0.672190687299194,0.7101483345031738,66.66666666666666,17
standard_umap,142,0.8,0.7,0.8,0.9333333333333333,0.954339265938578,0.016352400730933744,0.10049152860328313,0.19372168948519145,0.26743215322494507,40.74074074074074,17
standard_umap,143,0.8,0.7,0.9333333333333333,0.9333333333333333,0.9557233482059448,0.010064329748307713,0.08571780164527788,0.5892613469165757,0.6300671696662903,88.88888888888889,17
standard_umap,144,0.6,0.9,0.9333333333333333,0.6,0.7161590620409436,0.006302191292640601,0.04630912722647917,1.0275116585072996,0.982515811920166,92.5925925925926,18
standard_umap,145,0.8,0.5,0.6,0.9333333333333333,0.9231797389690405,0.0012752061905684663,0.024978552120109302,0.44559865452548864,0.3351499140262604,61.111111111111114,18
standard_umap,146,0.4,0.7,0.7333333333333333,0.9,0.9253029453923304,0.00820974691881329,0.08050655556234279,1.6024276209393828,0.9394049644470215,100.0,18
standard_umap,147,0.6,0.7,0.6,0.9,0.9240868968883506,0.0036191856824225677,0.043205306785383736,0.6694315003836482,0.7349216938018799,92.5925925925926,18
standard_umap,148,0.4,0.6,0.6666666666666666,0.9333333333333333,0.947547473510324,0.012951035948167917,0.07917419522429694,1.1225041546955223,0.6940740346908569,87.03703703703704,18
standard_umap,149,0.8,0.8,0.8,0.7,0.7881693675535256,0.008607805453468856,0.057750883680309256,0.1387103421986136,0.16386519372463226,35.18518518518518,18
standard_umap,150,0.6,1.0,0.8666666666666667,0.9,0.9265957346900728,0.014898149394254667,0.08981151522387756,1.074191330252208,0.9782114028930664,100.0,18
standard_umap,151,0.8,0.8,0.8666666666666667,0.8666666666666667,0.9058197554372404,0.009827341093335974,0.04501985466553396,0.3825412978495751,0.6995062232017517,94.44444444444444,18
standard_umap,152,0.4,0.9,0.9333333333333333,0.6,0.7167841124983543,0.004211268937514644,0.025855117867203875,0.5617780897614445,0.9575722217559814,77.77777777777779,18
standard_umap,153,0.6,0.7,0.9333333333333333,0.7666666666666667,0.8335631197250575,0.003840934207563082,0.04641178359484564,0.2292073917855359,0.22669145464897156,46.2962962962963,18
standard_umap,154,0.0,0.3,0.6666666666666666,0.8,0.8415172206267669,0.029537210700227638,0.17506149318703995,0.16548444249584798,0.47285255789756775,3.7037037037037033,18
standard_umap,155,0.2,0.6,0.6,0.9,0.9001705998169407,0.002977995990524924,0.051942548545099276,1.240060600030926,0.7785518765449524,46.2962962962963,18
standard_umap,156,0.4,0.7,0.7333333333333333,0.9333333333333333,0.948470985646102,0.0012267930803252494,0.029184930851425615,0.8358355844386836,0.7104446291923523,27.77777777777778,18
standard_umap,157,0.2,0.7,0.6666666666666666,0.9333333333333333,0.9475208449243144,0.0067810671735830655,0.08390980637990639,1.57268135945163,0.8355501890182495,22.22222222222222,18
standard_umap,158,0.8,0.6,0.8,0.9333333333333333,0.9520602439195481,0.002714925795825904,0.04855058008671859,0.6417545100031937,0.7209879755973816,7.4074074074074066,18
standard_umap,159,0.4,0.7,0.8666666666666667,0.6,0.7171311153514155,0.008266812544266693,0.06158463963129706,0.12269181878759587,0.38956961035728455,33.33333333333333,18
standard_umap,160,0.6,0.9,0.8666666666666667,0.6,0.7146424024475505,0.00987292803990952,0.08719842065173344,1.6312015243832718,0.9912071824073792,100.0,18
standard_umap,161,0.6,0.8,0.6666666666666666,0.7666666666666667,0.8204858752909284,0.03286653522627087,0.1911260509857067,0.24608533424463064,0.3376849889755249,11.11111111111111,18
standard_umap,162,0.4,0.5,0.5333333333333333,0.8333333333333334,0.8791985107609288,0.03225157131711394,0.17711857519398544,0.29249960331168695,0.3445385694503784,88.88888888888889,19
standard_umap,163,0.4,0.6,0.7333333333333333,0.7,0.7847328446700749,0.0535199642526455,0.23357984240173382,0.36800605241270223,0.43240073323249817,25.925925925925924,19
standard_umap,164,0.0,0.4,0.5333333333333333,0.6666666666666666,0.7577196717086201,0.2975442969178382,1.4721993118690095,0.7508320985671566,0.42804524302482605,100.0,19
standard_umap,165,0.6,0.6,0.7333333333333333,0.5,0.6283325576957758,0.22061682686728895,1.1093780667990296,0.5588214406804107,0.24508516490459442,25.925925925925924,19
standard_umap,166,0.4,0.5,0.6666666666666666,0.7333333333333333,0.8074288015541171,0.048201670798944024,0.1800162618871514,0.36274860995116803,0.2834300994873047,37.03703703703704,19
standard_umap,167,0.2,0.3,0.6,0.8,0.8387724786183006,0.052935968248998294,0.2504719509515826,0.2964839136965996,0.27012449502944946,48.148148148148145,19
standard_umap,168,0.2,0.4,0.6,0.8333333333333334,0.8810480396105601,0.028054966387754454,0.1665671798582211,0.4080168941634585,0.42288464307785034,85.18518518518519,19
standard_umap,169,0.6,0.6,0.6666666666666666,0.8,0.8573807286735144,0.029979499401596,0.16298442443877253,0.4279409776660083,0.23845002055168152,81.48148148148148,19
standard_umap,170,0.4,0.6,0.6666666666666666,0.8,0.8566498091784739,0.028029816380383626,0.1679898318740762,0.20682275540579012,0.2351342737674713,62.96296296296296,19
standard_umap,171,0.2,0.5,0.6,0.9333333333333333,0.9526891080215633,0.02895864009039051,0.17081952455143212,0.09485856522507098,0.18737298250198364,57.407407407407405,19
standard_umap,172,0.0,0.3,0.6,0.8666666666666667,0.9061937546917063,0.04156288852539537,0.2151118229996587,0.20174579350286753,0.3086545467376709,42.592592592592595,19
standard_umap,173,0.2,0.5,0.6,0.8,0.8505481083017286,0.058979986355756076,0.26632716269974516,0.08268468960061438,0.06499971449375153,0.0,19
standard_umap,174,0.2,0.7,0.8666666666666667,0.6666666666666666,0.7577199592292662,0.0895194510203059,0.4172279410484917,0.5154852631328535,0.2040780931711197,100.0,19
standard_umap,175,0.2,0.1,0.2,0.1,0.10039102339417244,0.7628182725035563,2.854044535107429,0.6209694761137091,0.31338241696357727,88.88888888888889,19
standard_umap,176,0.4,0.3,0.5333333333333333,0.7,0.7564129468614997,0.05248309948533788,0.24636064095367421,0.4861183005357955,0.44335150718688965,40.74074074074074,19
standard_umap,177,0.0,0.4,0.5333333333333333,0.8,0.8596673966897286,0.05160567505494392,0.24838194317147153,0.13539449404919715,0.22381095588207245,48.148148148148145,19
standard_umap,178,0.2,0.4,0.4,0.8666666666666667,0.9007420189092297,0.031097425243453162,0.16657884088301872,0.30844606571327177,0.3605792224407196,85.18518518518519,19
standard_umap,179,0.2,0.3,0.6,0.8,0.8587001821731799,0.04284123563685837,0.21722661394767082,0.4840462477437848,0.48004671931266785,46.2962962962963,19
standard_umap,180,0.8,1.0,0.8666666666666667,0.4666666666666667,0.6124868592426146,0.015531971842206473,0.12205003912475426,0.1433423917527988,0.8710575699806213,100.0,1
standard_umap,181,0.4,0.5,0.7333333333333333,0.7,0.7704184022425966,0.04070295501499633,0.1861385133746583,0.34602704500003695,0.525098443031311,16.666666666666664,1
standard_umap,182,0.6,0.6,0.5333333333333333,0.4,0.5445344236268682,0.07436243492782349,0.2651812136722123,0.1415051284053637,0.2750343382358551,9.25925925925926,1
standard_umap,183,0.8,0.6,0.5333333333333333,0.43333333333333335,0.5564778545269669,0.07238941026384178,0.28220841078513137,0.03550575978284128,0.1760067641735077,27.77777777777778,1
standard_umap,184,0.4,0.6,0.7333333333333333,0.7333333333333333,0.8077171420580261,0.007683473592516819,0.055792113346177466,0.04610557946081253,0.11636673659086227,42.592592592592595,1
standard_umap,185,0.4,0.5,0.7333333333333333,0.7333333333333333,0.8170616950733729,0.021690666353816675,0.11026000154501941,0.13932338906326705,0.15905947983264923,57.407407407407405,1
standard_umap,186,0.6,0.9,0.9333333333333333,0.7,0.7925851529576119,0.017483929789861838,0.1298547188478929,2.304618693295934,0.9968065023422241,100.0,1
standard_umap,187,0.8,1.0,0.8666666666666667,0.6333333333333333,0.7432003425683398,0.006133854372474786,0.030876113695296296,0.0426392811094806,0.6655221581459045,83.33333333333334,1
standard_umap,188,0.6,0.8,0.8666666666666667,0.6333333333333333,0.7389978771774772,0.002920647649521339,0.04468443443337151,0.4203492046658192,0.2422802448272705,66.66666666666666,1
standard_umap,189,0.4,0.9,0.8666666666666667,0.6666666666666666,0.7684556136949123,0.005270487576956917,0.048136440863914554,0.3203291355301909,0.8542661666870117,92.5925925925926,1
standard_umap,190,0.2,0.6,0.8666666666666667,0.7,0.7922111537031461,0.02139200423137232,0.131858881288695,1.3076023709154163,0.8544413447380066,74.07407407407408,1
standard_umap,191,0.8,0.6,0.8,0.5666666666666667,0.6765632046011741,0.043490925272433,0.20135041453696198,0.28009882960331384,0.5371881723403931,24.074074074074073,1
standard_umap,192,0.4,0.8,0.7333333333333333,0.4666666666666667,0.5832908396629428,0.045205138282390644,0.21649192631224895,0.31574066123676886,0.5175279378890991,3.7037037037037033,1
standard_umap,193,0.6,0.9,0.8666666666666667,0.5666666666666667,0.6845627666999758,0.025857639284574803,0.13138418054426929,0.1372396780779349,0.08347329497337341,14.814814814814813,1
standard_umap,194,0.4,0.8,0.8,0.6333333333333333,0.7383718683101204,0.020703415156405558,0.09938804050538527,0.09606300842166036,0.23311661183834076,31.48148148148148,1
standard_umap,195,0.4,0.7,0.9333333333333333,0.7333333333333333,0.8163915561307596,0.008894293274225588,0.0585108681065478,0.45340599645245805,0.19921442866325378,81.48148148148148,1
standard_umap,196,0.4,0.9,0.8666666666666667,0.4666666666666667,0.6124868592426146,0.005588387652348212,0.031871439261375735,0.03957875736785615,0.11084582656621933,85.18518518518519,1
standard_umap,197,0.4,0.8,0.8,0.6333333333333333,0.7316794353890608,0.011130243939939914,0.07441752215017178,0.43078297061018955,0.20525597035884857,53.70370370370371,1
standard_umap,198,0.8,0.9,1.0,0.8666666666666667,0.909626254321903,0.011153854125579503,0.1006631492968987,1.466936006478165,0.892104983329773,100.0,20
standard_umap,199,1.0,1.0,0.8666666666666667,0.7,0.7919601025002013,0.00582516006612789,0.04826386466951089,0.22293031926373386,0.37977340817451477,48.148148148148145,20
standard_umap,200,0.8,0.8,0.9333333333333333,0.6666666666666666,0.7684556136949123,0.007032247922244878,0.06670281805235535,0.47701067841311245,0.5210685729980469,61.111111111111114,20
standard_umap,201,1.0,0.9,1.0,0.8,0.862318197974374,0.005761602651612463,0.05499020584984076,0.5507463209489357,0.6589400768280029,77.77777777777779,20
standard_umap,202,0.6,0.9,1.0,0.9333333333333333,0.9550503736324238,0.007967301155587511,0.06248472715516872,0.23826512741535455,0.19434978067874908,33.33333333333333,20
standard_umap,203,1.0,1.0,0.9333333333333333,0.9666666666666667,0.9777554718820064,0.007715928838097235,0.05799509973598346,0.2477660938688419,0.4114629626274109,61.111111111111114,20
standard_umap,204,0.8,0.9,0.9333333333333333,0.9333333333333333,0.9552869883833249,0.011267104162288115,0.09292647844828818,0.5386389264699626,0.5681880712509155,98.14814814814815,20
standard_umap,205,0.8,0.9,0.9333333333333333,0.9333333333333333,0.9547463327299066,0.016094896062676296,0.11847973808052287,1.0111365712506573,0.756588876247406,100.0,20
standard_umap,206,0.6,0.8,0.8666666666666667,0.8333333333333334,0.8860416799947846,0.004409498424686383,0.0465510314506318,0.21025956581185432,0.3006916642189026,72.22222222222221,20
standard_umap,207,0.2,0.8,0.8666666666666667,0.7666666666666667,0.8345329035082069,0.02251494658738098,0.15280946167685308,1.6708200494680814,0.8926165699958801,100.0,20
standard_umap,208,0.4,0.9,0.9333333333333333,0.7,0.7915410147605328,0.007256339674863998,0.0754580003222753,1.0322998056458765,0.7125675678253174,100.0,20
standard_umap,209,0.8,1.0,0.9333333333333333,0.7333333333333333,0.8170616950733729,0.006646517126698941,0.0660414235749372,0.6636527511593263,0.6300898790359497,85.18518518518519,20
standard_umap,210,0.8,0.9,0.9333333333333333,0.7,0.7899214128020943,0.013947888602722633,0.09375953585976696,0.5186814070226785,0.6163865327835083,72.22222222222221,20
standard_umap,211,1.0,1.0,0.8666666666666667,0.7666666666666667,0.8285150093320173,0.01210512307013235,0.07483277206900632,0.20636260281966237,0.33319002389907837,9.25925925925926,20
standard_umap,212,0.8,0.6,0.6666666666666666,0.9333333333333333,0.955262778074356,0.013196034681104685,0.07526968263785647,0.3590324125534429,0.35973501205444336,31.48148148148148,20
standard_umap,213,0.8,0.9,1.0,0.9333333333333333,0.9545339282879746,0.004262544768997885,0.051628018980774786,0.7912205260097892,0.7146886587142944,90.74074074074075,20
standard_umap,214,0.6,0.8,0.9333333333333333,0.9333333333333333,0.955262778074356,0.013063410655288678,0.10797213684052931,1.6034277884690535,0.8783969879150391,100.0,20
standard_umap,215,0.6,1.0,0.8666666666666667,0.6666666666666666,0.7641502603091962,0.0037936455617457406,0.04259502819975458,0.3581973533426703,0.42085400223731995,48.148148148148145,20
standard_umap,216,0.8,0.9,0.8666666666666667,0.6333333333333333,0.7231932639466486,0.01950803326533153,0.1492631535053748,0.18154596481551372,0.967761218547821,7.4074074074074066,2
standard_umap,217,0.6,0.5,0.6666666666666666,0.8333333333333334,0.8818210269496791,0.12610128036212093,0.5876426402020626,0.4811205350885079,0.5383138060569763,11.11111111111111,2
standard_umap,218,0.4,0.9,0.9333333333333333,0.6,0.7145317608205307,0.003999388034527142,0.05206769784459329,0.8936206905006314,0.73895663022995,81.48148148148148,2
standard_umap,219,0.6,0.5,0.4,0.4,0.4867569423364613,0.5012035807598886,2.3745867933894877,0.6528121675741817,0.3119232952594757,83.33333333333334,2
standard_umap,220,0.8,0.5,0.6666666666666666,0.8,0.8629481460386925,0.03826097290855372,0.18924245742050777,0.3080889035686421,0.482713520526886,46.2962962962963,2
standard_umap,221,1.0,0.8,0.8666666666666667,0.7,0.7860517973774569,0.013155727223874585,0.07594369496199146,0.07215113595937338,0.33383241295814514,51.85185185185185,2
standard_umap,222,1.0,1.0,0.9333333333333333,0.7333333333333333,0.8011006463185851,0.005213620818534079,0.03504589774940305,0.051454816801831976,0.27425384521484375,57.407407407407405,2
standard_umap,223,0.4,0.9,0.8,0.6666666666666666,0.7427744111516287,0.021456762434961973,0.12527884203647316,0.8394992737492882,0.9175535440444946,70.37037037037037,2
standard_umap,224,0.4,0.8,0.8666666666666667,0.7,0.7760731114832056,0.012580148824222953,0.07309649715902229,0.33866851677695986,0.8811210989952087,14.814814814814813,2
standard_umap,225,0.4,0.9,0.8666666666666667,0.6333333333333333,0.7246965623548182,0.006779581915919385,0.03101934057609461,0.14407758985714772,0.13969984650611877,62.96296296296296,2
standard_umap,226,0.6,0.8,1.0,0.6,0.7082288408719625,0.01729010971695473,0.10459784380188059,0.13574363926476268,0.5955601334571838,74.07407407407408,2
standard_umap,227,0.6,0.4,0.6,0.4666666666666667,0.5905214012683884,0.4068260315888904,1.5594760499187803,0.7147836653651128,0.06312128901481628,79.62962962962963,2
standard_umap,228,0.0,0.0,0.13333333333333333,0.4666666666666667,0.48298610803939224,0.09962061865772585,0.3718612292061827,2.097656912028571,0.8652007579803467,88.88888888888889,2
standard_umap,229,0.0,0.0,0.2,0.3333333333333333,0.36372792314481417,0.6686259657883817,2.785526512610441,0.9220704518775643,0.5979436635971069,100.0,2
standard_umap,230,0.4,0.6,0.6,0.43333333333333335,0.5543079650519874,0.05216957448423134,0.23191089647714272,0.1747065415352939,0.4077020287513733,37.03703703703704,2
standard_umap,231,0.8,0.8,0.9333333333333333,0.7333333333333333,0.8050838969269614,0.004005200452483649,0.028601635636971524,0.18278942789645714,0.5267020463943481,31.48148148148148,2
standard_umap,232,0.6,0.9,0.8666666666666667,0.5666666666666667,0.6792106404798812,0.0209956660718117,0.10366273047986568,0.15642251344020605,0.5438732504844666,14.814814814814813,2
standard_umap,233,0.6,0.6,0.5333333333333333,0.6666666666666666,0.6983807147795167,0.03138190683832345,0.15592203782652844,0.3599276769523215,0.28319111466407776,3.7037037037037033,2
standard_umap,234,0.2,0.5,0.6666666666666666,0.8666666666666667,0.9077423172848949,0.038435959368107654,0.19474820077592653,0.42580473118817475,0.5175382494926453,87.03703703703704,3
standard_umap,235,0.4,0.5,0.6,0.8,0.8382485563031632,0.05604666102156628,0.2092483558685853,0.6393799470644921,0.325842946767807,29.629629629629626,3
standard_umap,236,0.0,0.0,0.0,0.06666666666666667,0.04735108285673136,0.9405602053421794,3.5740315833618137,0.10351530244788795,0.043035488575696945,88.88888888888889,3
standard_umap,237,0.2,0.6,0.6,0.6,0.6773966401214624,0.18796439305985083,0.8653836193265425,0.8125598072157262,0.5070801973342896,0.0,3
standard_umap,238,0.2,0.5,0.6,0.7333333333333333,0.7672752560719035,0.04333622613699232,0.18666533947541997,0.8681144775996428,0.57602858543396,14.814814814814813,3
standard_umap,239,0.0,0.4,0.6,0.8,0.8593419910728541,0.048715382784032125,0.1978643510608905,0.7662410923153172,0.6070329546928406,61.111111111111114,3
standard_umap,240,0.4,0.6,0.6,0.7666666666666667,0.8380092722681328,0.01877502145993567,0.12220410989896031,0.27377584505669106,0.2691786289215088,59.25925925925925,3
standard_umap,241,0.6,0.5,0.7333333333333333,0.7666666666666667,0.8336740310921485,0.029590299182880975,0.15505060719338135,0.3615275809351017,0.058059412986040115,75.92592592592592,3
standard_umap,242,0.2,0.5,0.6666666666666666,0.8333333333333334,0.8814130204242885,0.03018945664454095,0.1729288083033122,0.6221544260896529,0.5711736083030701,61.111111111111114,3
standard_umap,243,0.2,0.5,0.6666666666666666,0.8,0.8268463059520601,0.03041582472281467,0.17924595896977621,0.04311400048146433,0.18618044257164001,57.407407407407405,3
standard_umap,244,0.4,0.3,0.4,0.7333333333333333,0.7949264274791702,0.05721512374239887,0.22413825873880197,0.20425315228975793,0.13560797274112701,37.03703703703704,3
standard_umap,245,0.6,0.6,0.6666666666666666,0.7666666666666667,0.8367243396733386,0.05603680407526704,0.23129074774559202,0.20036206482447375,0.2677975594997406,29.629629629629626,3
standard_umap,246,0.0,0.0,0.0,0.1,0.06842170752386484,0.8712987984623973,3.370363708948737,0.7509628350770875,0.07533890753984451,88.88888888888889,3
standard_umap,247,0.4,0.6,0.6666666666666666,0.4666666666666667,0.6056118971392375,0.28378373766614323,1.3926239804414968,0.5965805342035241,0.38974660634994507,14.814814814814813,3
standard_umap,248,0.4,0.5,0.6666666666666666,0.8333333333333334,0.8833293558259184,0.03672058457753774,0.18693529959405558,0.275271814246161,0.4123055934906006,12.962962962962962,3
standard_umap,249,0.2,0.3,0.6,0.8,0.8346533507367166,0.05127741370492057,0.24578402353093481,0.28309686934538203,0.18882539868354797,37.03703703703704,3
standard_umap,250,0.2,0.4,0.5333333333333333,0.8666666666666667,0.8934857934799925,0.02839967572730105,0.17232895153140468,0.3548524766940523,0.35224494338035583,79.62962962962963,3
standard_umap,251,0.2,0.4,0.6,0.6666666666666666,0.7600031216528893,0.03960472611152822,0.1954270588757224,0.7139429968034303,0.6998306512832642,61.111111111111114,3
standard_umap,252,1.0,0.9,0.8666666666666667,0.4666666666666667,0.6102778350212611,0.06430707863605231,0.3248191755571812,0.10804789807604342,0.6363757252693176,100.0,4
standard_umap,253,1.0,0.9,0.6,0.4666666666666667,0.5959556482092646,0.03663624387464294,0.13511356942511213,0.12921150460423886,0.17940734326839447,53.70370370370371,4
standard_umap,254,0.8,0.9,0.6666666666666666,0.5666666666666667,0.6736518817355265,0.022567648638887758,0.11551920992434006,0.17981166944301435,0.23682713508605957,57.407407407407405,4
standard_umap,255,1.0,0.9,0.6666666666666666,0.5333333333333333,0.6462784145409403,0.027791863465141575,0.10146220896340515,0.1758334794684051,0.3360396921634674,35.18518518518518,4
standard_umap,256,0.8,0.9,0.7333333333333333,0.5666666666666667,0.6926545732356546,0.042786896715007336,0.17198533566510965,0.07368379897177549,0.2385619431734085,40.74074074074074,4
standard_umap,257,1.0,0.8,0.9333333333333333,0.6333333333333333,0.7436050723246855,0.006810764080397722,0.06219842149980841,0.6560324367303336,0.7509210109710693,100.0,4
standard_umap,258,0.6,1.0,1.0,0.7,0.7915410147605328,0.002660089086278166,0.027311234600723634,0.36633959903013347,0.5610962510108948,94.44444444444444,4
standard_umap,259,1.0,0.9,1.0,0.6666666666666666,0.764937292533482,0.001242032508689878,0.03147995350759208,0.6371494158203436,0.7491917014122009,87.03703703703704,4
standard_umap,260,0.6,0.6,0.6,0.6666666666666666,0.7346955683339967,0.059013393242799056,0.22289380636030348,0.1663441697920125,0.43835294246673584,85.18518518518519,4
standard_umap,261,0.8,0.9,0.8666666666666667,0.6666666666666666,0.7676768846841008,0.0062766138440560545,0.0437535181483711,0.19181651155572169,0.3888790011405945,61.111111111111114,4
standard_umap,262,1.0,0.8,0.6666666666666666,0.36666666666666664,0.5225497847337731,0.08520737227906834,0.2739548752300187,0.21712045623098536,0.2165989726781845,3.7037037037037033,4
standard_umap,263,1.0,0.8,0.7333333333333333,0.5,0.6374285131812701,0.02534603678152077,0.09478974240279787,0.2059552823290207,0.503502607345581,7.4074074074074066,4
standard_umap,264,1.0,1.0,0.8,0.43333333333333335,0.5838182774948055,0.012425187553473884,0.0537464446220175,0.2234820821213996,0.7411677241325378,20.37037037037037,4
standard_umap,265,1.0,1.0,0.9333333333333333,0.5,0.6397747256990975,0.006839748748295998,0.03247826029095563,0.04571014373302215,0.12426643073558807,11.11111111111111,4
standard_umap,266,0.6,0.9,0.8666666666666667,0.5333333333333333,0.6659506079483414,0.04618825763269187,0.1715036252936612,0.40940855732404774,0.4852185845375061,27.77777777777778,4
standard_umap,267,0.8,0.9,0.8,0.4,0.5511622218738279,0.06666175331174878,0.30302396385798097,0.25018951137345324,0.23821032047271729,51.85185185185185,4
standard_umap,268,0.8,1.0,0.8,0.4666666666666667,0.609025207760474,0.05401643784954109,0.26807956749579903,0.17473414928911196,0.3959774971008301,94.44444444444444,4
standard_umap,269,0.6,0.5,0.5333333333333333,0.6333333333333333,0.712819040398136,0.02072717095412901,0.12974682589097875,0.2356563185351664,0.06067360192537308,100.0,4
standard_umap,270,0.6,0.9,0.9333333333333333,0.8333333333333334,0.8875941306458415,0.009510751325423913,0.07476488186497043,0.2503264189025536,0.16914580762386322,18.51851851851852,5
standard_umap,271,1.0,0.7,0.6666666666666666,0.5666666666666667,0.6735134003528924,0.04151168239088221,0.2052003953260879,0.16098032357726777,0.18066050112247467,77.77777777777779,5
standard_umap,272,0.4,0.6,0.8,0.6,0.7109376235391457,0.2810926050462303,1.4217681042830779,0.9017210243137975,0.5527032613754272,100.0,5
standard_umap,273,0.0,0.0,0.0,0.06666666666666667,0.04798103092104989,0.9378938546968308,3.589236428478954,0.21631756227898954,0.050394121557474136,88.88888888888889,5
standard_umap,274,0.6,0.8,0.8,0.6,0.7044700193422612,0.046266308707213585,0.2303771132971887,0.2589360987349933,0.23960772156715393,66.66666666666666,5
standard_umap,275,0.6,0.9,0.8,0.5,0.6340617797631279,0.03961193531759655,0.15036552934303438,0.08395057154936761,0.07039405405521393,25.925925925925924,5
standard_umap,276,0.2,0.5,0.7333333333333333,0.7333333333333333,0.7886111859646022,0.0318253514929734,0.16167487013521517,1.0398175475411753,0.5770809650421143,20.37037037037037,5
standard_umap,277,0.6,0.7,0.7333333333333333,0.8666666666666667,0.9092118467832145,0.010971764985136648,0.07477064128543642,0.09742807814904851,0.23632197082042694,16.666666666666664,5
standard_umap,278,0.6,0.9,0.8666666666666667,0.6,0.7151503247160885,0.0065984002860498435,0.047453120444923176,0.13101023975795897,0.23218367993831635,50.0,5
standard_umap,279,0.4,0.9,0.8,0.5666666666666667,0.6852475146576911,0.018022476103674693,0.09603030548170452,0.4039537847892423,0.574097216129303,35.18518518518518,5
standard_umap,280,0.4,0.8,0.7333333333333333,0.6666666666666666,0.7511487777011092,0.04216748023966614,0.179825331509248,0.11610129353485457,0.16665291786193848,68.51851851851852,5
standard_umap,281,0.4,0.7,0.6,0.5666666666666667,0.6846986616642416,0.05868941591533459,0.25380896467356207,0.1542057168630174,0.13303673267364502,74.07407407407408,5
standard_umap,282,0.2,0.3,0.4,0.5,0.5230826241010335,0.38629340041535054,1.9972698660449935,0.843546537122759,0.23922859132289886,88.88888888888889,5
standard_umap,283,0.6,0.3,0.6,0.4666666666666667,0.6026263861583845,0.48019811732006945,2.3980233076816098,0.9229487635240622,0.3368981182575226,59.25925925925925,5
standard_umap,284,0.8,0.8,0.8666666666666667,0.5,0.6314444197818135,0.05864419187239938,0.25293480215518016,0.18188076938199677,0.14426884055137634,61.111111111111114,5
standard_umap,285,0.8,0.9,0.8,0.5333333333333333,0.66247982394868,0.04140341907227633,0.16859651489435729,0.25400920638300545,0.32854267954826355,35.18518518518518,5
standard_umap,286,0.4,0.9,0.9333333333333333,0.7666666666666667,0.8398960449360486,0.008314810973674763,0.0690538586727093,0.35252882426017834,0.16309131681919098,16.666666666666664,5
standard_umap,287,1.0,1.0,0.8,0.8,0.8564890372716297,0.03663173684854665,0.16214879515989739,0.012705796974879788,0.1727120280265808,68.51851851851852,5
standard_umap,288,0.2,0.5,0.5333333333333333,0.8666666666666667,0.8977459931784358,0.07186917139404779,0.29280321723726066,0.29249107864041907,0.3982515037059784,83.33333333333334,6
standard_umap,289,0.4,0.9,0.8,0.8333333333333334,0.8800723516204653,0.04441947016465547,0.16378745877456383,0.25161393728016873,0.29610511660575867,0.0,6
standard_umap,290,0.8,0.6,0.5333333333333333,0.3333333333333333,0.4897822618224591,0.2808153859494422,1.411560119228105,0.5433163407704739,0.7046234607696533,46.2962962962963,6
standard_umap,291,0.0,0.4,0.6666666666666666,0.43333333333333335,0.4775149713579993,0.20906804850871064,1.0344687212655668,0.5588209686921848,0.6712089776992798,0.0,6
standard_umap,292,0.6,0.7,0.7333333333333333,0.8,0.8567261321947923,0.040318439682198635,0.1923848089615957,0.36991205868533505,0.5508555769920349,35.18518518518518,6
standard_umap,293,0.4,0.5,0.6,0.8666666666666667,0.8822232022373757,0.04187895649087618,0.22052818480102038,0.28429822374882957,0.27073177695274353,46.2962962962963,6
standard_umap,294,0.2,0.5,0.6666666666666666,0.9,0.9316929896521093,0.03204817549282899,0.1824301077966148,0.3612619854071628,0.35552647709846497,68.51851851851852,6
standard_umap,295,0.4,0.4,0.6666666666666666,0.8666666666666667,0.9087783225915025,0.039434223391784505,0.20107913613142187,0.31213780922187284,0.5222628712654114,83.33333333333334,6
standard_umap,296,0.4,0.4,0.7333333333333333,0.9,0.9268790921363139,0.035362113826096365,0.17644984487103074,0.4528387903155246,0.3571566939353943,66.66666666666666,6
standard_umap,297,0.4,0.5,0.6,0.9333333333333333,0.9488402628080665,0.039247787055732876,0.19154005691974604,0.33859964243080726,0.3401516377925873,68.51851851851852,6
standard_umap,298,0.6,0.5,0.6,0.8333333333333334,0.8717838866441582,0.031371851742697854,0.17493603202456348,0.20765726884190408,0.38027074933052063,44.44444444444444,6
standard_umap,299,0.6,0.7,0.7333333333333333,0.7,0.7387488824463464,0.05491021454567886,0.25000955116273926,0.2930208317594415,0.4224156439304352,22.22222222222222,6
standard_umap,300,0.8,0.4,0.6,0.4,0.5503100850690894,0.2766879585224081,1.4000909654083837,0.5160768212869357,0.7246835827827454,44.44444444444444,6
standard_umap,301,0.4,0.6,0.4666666666666667,0.4,0.5389859920267234,0.4442428013072315,2.1751148863341694,0.7348425486689184,0.36311742663383484,40.74074074074074,6
standard_umap,302,0.4,0.7,0.6666666666666666,0.8,0.7932339239313574,0.07132477076169985,0.3071332860872598,0.7808520402907106,0.6352155804634094,44.44444444444444,6
standard_umap,303,0.2,0.5,0.6,0.8333333333333334,0.7635947955156389,0.048081961628422806,0.24239303323101877,0.304830165684491,0.3228016793727875,50.0,6
standard_umap,304,0.0,0.4,0.6666666666666666,0.9,0.9254928914029815,0.030569212966820643,0.18358145502384096,0.37868088537785877,0.4097769260406494,77.77777777777779,6
standard_umap,305,0.4,0.6,0.6666666666666666,0.8666666666666667,0.9039589396337009,0.02975806265665005,0.17043336837468812,0.35594230520200193,0.46797555685043335,46.2962962962963,6
standard_umap,306,0.8,0.7,0.8,0.8,0.8577719831272284,0.01956666300788172,0.1047939205362905,0.44829546060552317,0.6458091735839844,38.88888888888889,7
standard_umap,307,0.8,0.6,0.6666666666666666,0.7333333333333333,0.8122448585087737,0.025738148488815258,0.1478504359218619,0.23693302012631706,0.36156055331230164,29.629629629629626,7
standard_umap,308,0.6,0.9,0.8,0.8,0.8537731160894976,0.012918253640423979,0.0929277292378816,0.48864819975762536,0.563373327255249,46.2962962962963,7
standard_umap,309,0.4,0.6,0.8,0.7333333333333333,0.7976245247920843,0.01142717501568002,0.08658579747353287,1.3746859413899437,0.9706229567527771,100.0,7
standard_umap,310,1.0,0.8,0.8,0.7333333333333333,0.7896780226660274,0.0011449579610188529,0.01119010950764223,0.22632015635443176,0.6851351857185364,96.29629629629629,7
standard_umap,311,0.6,0.8,0.7333333333333333,0.6333333333333333,0.708840953025724,0.00965858196923851,0.09102631332650275,1.4727237751572544,0.9866635799407959,100.0,7
standard_umap,312,0.4,0.6,0.6666666666666666,0.7,0.7780393090569099,0.009354004783547202,0.07341391438685532,0.7330696102734611,0.5917844772338867,81.48148148148148,7
standard_umap,313,0.6,0.8,0.8,0.6666666666666666,0.7575146891157004,0.008346114288242478,0.08208922336344265,0.5935132254296777,0.27740415930747986,50.0,7
standard_umap,314,0.6,0.5,0.9333333333333333,0.7666666666666667,0.8347525396430276,0.015646756221082997,0.09104788550321485,0.8405663358368403,0.7787126302719116,31.48148148148148,7
standard_umap,315,0.2,0.5,0.6666666666666666,0.7,0.7899214128020943,0.03887143908574594,0.17389330287503454,0.3789671558599238,0.3576180636882782,11.11111111111111,7
standard_umap,316,0.4,0.8,0.8,0.6333333333333333,0.7397295585686785,0.01650140014235916,0.08513756851322847,0.6393923558694039,0.7453476786613464,31.48148148148148,7
standard_umap,317,0.6,0.6,0.6,0.8666666666666667,0.9017315164621487,0.02594345706191314,0.1553378452266391,0.33983414074376656,0.3931911587715149,38.88888888888889,7
standard_umap,318,0.0,0.4,0.8,0.6666666666666666,0.752820412440728,0.004412173590493437,0.05178820735234706,1.137283995399296,0.7089183330535889,72.22222222222221,7
standard_umap,319,0.6,0.6,0.9333333333333333,0.7333333333333333,0.8001591562132424,0.0011530248357056346,0.024827444860991404,0.7362049698612834,0.2091803252696991,68.51851851851852,7
standard_umap,320,0.6,0.7,0.8,0.6,0.5880252837423949,0.021819607996755655,0.15158819021882763,2.5139590118253263,0.9829220175743103,100.0,7
standard_umap,321,0.6,0.8,0.8666666666666667,0.6,0.6174751859793284,0.002590736417160445,0.04389329618892341,1.0523529704467274,0.9152929186820984,85.18518518518519,7
standard_umap,322,0.4,0.8,0.8,0.7,0.7640008882588497,0.00513654148236241,0.05497177881476976,1.1899783230763672,0.5900014042854309,79.62962962962963,7
standard_umap,323,0.4,0.8,0.9333333333333333,0.7333333333333333,0.8144029170834216,0.006450099601622901,0.05064267044577209,0.5893949648328489,0.7253245711326599,31.48148148148148,7
standard_umap,324,0.6,0.6,0.6,0.7333333333333333,0.7793697628859181,0.007928174586226105,0.04282120527699377,0.2961885475065105,0.4186903238296509,12.962962962962962,8
standard_umap,325,0.4,0.9,0.7333333333333333,0.6333333333333333,0.7251591377078901,0.03542756706109562,0.18811644461376828,0.2528155189614286,0.20005778968334198,27.77777777777778,8
standard_umap,326,0.4,0.7,0.8666666666666667,0.7666666666666667,0.8321290160120087,0.0026462981539928823,0.02808790323392764,0.5803191808820981,0.7181961536407471,100.0,8
standard_umap,327,1.0,0.8,0.9333333333333333,0.6666666666666666,0.7506359926564082,0.015881636554802098,0.12060070879463732,0.8706476595484405,0.7639562487602234,88.88888888888889,8
standard_umap,328,0.4,0.8,0.7333333333333333,0.5666666666666667,0.6882524988296482,0.04170192825114248,0.1914119627369632,0.7025042704833919,0.5870127081871033,62.96296296296296,8
standard_umap,329,1.0,0.7,0.6,0.6333333333333333,0.7182177653096539,0.014522580439156342,0.09110865700165288,0.8277385238378143,0.884381890296936,74.07407407407408,8
standard_umap,330,0.4,0.6,0.5333333333333333,0.6333333333333333,0.7233302607647537,0.055291811785066654,0.2511984077061359,2.14532138464294,0.9682221412658691,83.33333333333334,8
standard_umap,331,0.0,0.3,0.3333333333333333,0.6666666666666666,0.6885144486640483,0.03561044419410285,0.1842938858832708,1.4871751450900437,0.9493420720100403,74.07407407407408,8
standard_umap,332,0.4,0.7,0.7333333333333333,0.5666666666666667,0.6697607721799604,0.013438325549809444,0.113241672784619,1.7421123734601307,0.917423665523529,81.48148148148148,8
standard_umap,333,0.6,0.5,0.6,0.6666666666666666,0.7434124588216997,0.009370868791084994,0.07279478560477165,0.47769509172811864,0.5701351165771484,66.66666666666666,8
standard_umap,334,0.8,0.8,0.6,0.6666666666666666,0.7460478766210765,0.011281361556734901,0.07228837846602787,0.14519291034907167,0.409058541059494,33.33333333333333,8
standard_umap,335,0.8,0.7,0.7333333333333333,0.6666666666666666,0.7290344233265649,0.027336357456128956,0.1496552225439497,0.2843628914969753,0.4000858962535858,74.07407407407408,8
standard_umap,336,0.4,0.6,0.8,0.8333333333333334,0.8611278699163736,0.004081319389416901,0.04719682144774349,0.47890808615589936,0.630499541759491,88.88888888888889,8
standard_umap,337,0.4,0.7,0.8,0.8,0.8512052733972688,0.004611108419477076,0.05277079748662588,0.3154682430611865,0.3332693576812744,88.88888888888889,8
standard_umap,338,0.2,0.5,0.4666666666666667,0.6666666666666666,0.7148667888799133,0.03723659238177,0.19328335466810054,0.27129038646880926,0.2804831266403198,5.555555555555555,8
standard_umap,339,0.0,0.3,0.4,0.6666666666666666,0.7153824808942768,0.03038689436235255,0.1740971861529115,1.1347651252084274,0.48415976762771606,7.4074074074074066,8
standard_umap,340,0.2,0.4,0.5333333333333333,0.7,0.6377854720427806,0.008675972892246671,0.06718912905315767,0.9508781234633087,0.7498451471328735,66.66666666666666,8
standard_umap,341,0.0,0.2,0.3333333333333333,0.6,0.520578364164318,0.011548566984831428,0.10135169773176815,0.8916231830470182,0.48498842120170593,18.51851851851852,8
standard_umap,342,0.6,0.8,0.9333333333333333,0.8666666666666667,0.9095137611510734,0.05350482478515473,0.245200322454334,0.25095921251434533,0.32153013348579407,3.7037037037037033,9
standard_umap,343,0.4,0.6,0.6,0.7,0.7726249270249294,0.05050506217483647,0.23644140359278196,0.2039071010286506,0.23028825223445892,77.77777777777779,9
standard_umap,344,0.4,0.5,0.5333333333333333,0.5666666666666667,0.6235267339004972,0.24184041795083847,1.0559199562219816,0.8288635689829409,0.5009967088699341,100.0,9
standard_umap,345,0.0,0.1,0.2,0.23333333333333334,0.21819264861844004,0.592101976245991,2.4439186481315627,0.8113282851224802,0.25881025195121765,88.88888888888889,9
standard_umap,346,0.8,0.7,0.6666666666666666,0.7333333333333333,0.7963933626676286,0.05632368450915041,0.23510862436780938,0.1412872707291137,0.1958579123020172,53.70370370370371,9
standard_umap,347,0.6,0.9,0.8,0.6666666666666666,0.7525737093601248,0.021799717621698547,0.0898754144540706,0.1271328943006809,0.09958884865045547,27.77777777777778,9
standard_umap,348,0.8,0.8,0.9333333333333333,0.5333333333333333,0.6664786909864109,0.0060667945139735655,0.06333618363878003,0.45927322030246975,0.5414514541625977,11.11111111111111,9
standard_umap,349,0.8,0.6,0.8,0.9,0.9241989595407423,0.04884530339850754,0.1713132950864104,0.29271646037445337,0.29838624596595764,9.25925925925926,9
standard_umap,350,0.8,1.0,0.8,0.6333333333333333,0.7258697440728114,0.02783916418759013,0.0937066203776484,0.1290365764495983,0.06722084432840347,44.44444444444444,9
standard_umap,351,0.8,0.8,0.8666666666666667,0.6333333333333333,0.7260821485147433,0.02606523886726605,0.1086602851056989,0.4171580762171009,0.4592849314212799,33.33333333333333,9
standard_umap,352,0.8,1.0,0.8,0.5666666666666667,0.6845119476247417,0.032199243346378345,0.12811673942179352,0.32946795902744375,0.4448173940181732,55.55555555555556,9
standard_umap,353,1.0,0.8,0.7333333333333333,0.8,0.8537691905806628,0.049014224381593974,0.23380362809029473,0.1643778861378833,0.19899088144302368,77.77777777777779,9
standard_umap,354,0.2,0.3,0.3333333333333333,0.5,0.4657053421372365,0.4320494073521829,2.0125050917168847,0.9061321819969317,0.3102213740348816,100.0,9
standard_umap,355,0.0,0.2,0.26666666666666666,0.36666666666666664,0.31054532728286,0.7032057023969533,2.828562180578944,0.76698162464062,0.21963217854499817,88.88888888888889,9
standard_umap,356,0.2,0.5,0.7333333333333333,0.7666666666666667,0.8014004977672284,0.078425718021156,0.3031165180184061,0.37812190546884306,0.30247244238853455,57.407407407407405,9
standard_umap,357,0.4,0.8,0.7333333333333333,0.6333333333333333,0.7256457886921235,0.03634759274516311,0.1460415732974902,0.2971919209695038,0.2875846028327942,37.03703703703704,9
standard_umap,358,0.8,0.8,0.9333333333333333,0.5,0.6258593872558017,0.01332113338181583,0.0631671746184861,0.3057714860201924,0.38164448738098145,11.11111111111111,9
standard_umap,359,0.8,1.0,0.7333333333333333,0.6666666666666666,0.751967151074296,0.03703286381084825,0.14186207923097122,0.09675092611967152,0.06994954496622086,55.55555555555556,9
