step,loss
1,0.0006319849635474384
2,0.0018152461852878332
3,0.0008979340782389045
4,0.0009333181660622358
5,0.0010035827290266752
6,0.0009449136559851468
7,0.0007783834589645267
8,0.0007021083729341626
9,0.0006013684323988855
10,0.0007968716672621667
11,0.0007138247019611299
12,0.00075181620195508
13,0.0008459569653496146
14,0.0007580583333037794
15,0.0006497861468233168
16,0.0006516104913316667
17,0.0009080376476049423
18,0.0007222253479994833
19,0.0007037498871795833
20,0.0006731969770044088
21,0.0006851814687252045
22,0.0007710953941568732
23,0.0007180366665124893
24,0.0008044152054935694
25,0.0006580775370821357
26,0.0005954171647317708
27,0.0006532597471959889
28,0.0005811648443341255
29,0.0006346945883706212
30,0.0006172364810481668
31,0.0005595688708126545
32,0.0006702913087792695
33,0.0007232314674183726
34,0.0008922532433643937
35,0.0007413897546939552
36,0.0007074035238474607
37,0.0005925935693085194
38,0.0008347216644324362
39,0.000658939708955586
40,0.0006904543843120337
41,0.0007043481455184519
42,0.0007473992882296443
43,0.0006842761067673564
44,0.0007925159297883511
45,0.0008514506043866277
46,0.0007686750032007694
47,0.0005935793742537498
48,0.0006273037288337946
49,0.0007118547800928354
50,0.0006627200054936111
51,0.0007377635920420289
52,0.000805998279247433
53,0.0005871143657714128
54,0.0007536777411587536
55,0.0008084116852842271
56,0.0007258652476593852
57,0.0005072186468169093
58,0.0006343874847516418
59,0.000702631426975131
60,0.0007513479795306921
61,0.0006598397740162909
62,0.0006792166386730969
63,0.0006666651461273432
64,0.0007157132495194674
65,0.0006513986736536026
66,0.0007703962619416416
67,0.0006955480203032494
68,0.0006277564680203795
69,0.0006620081258006394
70,0.0006282172980718315
71,0.0007560600060969591
72,0.0007304252358153462
73,0.0007156608626246452
74,0.0007783485925756395
75,0.0007959353970363736
76,0.0005815671174786985
77,0.000544284819625318
78,0.0006481418386101723
79,0.0006242415402084589
80,0.0006426462205126882
81,0.0006282005342654884
82,0.0006894516409374774
83,0.0006351742777042091
84,0.0006691807648167014
85,0.0006352595519274473
86,0.0006157999159768224
87,0.0007586496649309993
88,0.0006034645484760404
89,0.0006017769919708371
90,0.0007272842340171337
91,0.0006406017346307635
92,0.0005965466843917966
93,0.0007325292681343853
94,0.0007055442547425628
95,0.0006242672097869217
96,0.0006021792651154101
97,0.0005384428659453988
98,0.0006569838733412325
99,0.0006957912119105458
100,0.0007577418582513928
101,0.0006336606456898153
102,0.0007344598998315632
103,0.0006131301634013653
104,0.0005853694747202098
105,0.0005778413033112884
106,0.0006354037905111909
107,0.0006019897409714758
108,0.0005718637257814407
109,0.0007012163405306637
110,0.0007150450837798417
111,0.0007042656652629375
112,0.0006676557241007686
113,0.0005845386767759919
114,0.0006463443860411644
115,0.000737964001018554
116,0.0006499337032437325
117,0.0006403442239388824
118,0.0006365009467117488
119,0.0006472286768257618
120,0.000737740658223629
121,0.000622162944637239
122,0.0007341679302044213
123,0.0009136275621131063
124,0.0007968294085003436
125,0.0007515844190493226
126,0.0007780427113175392
127,0.0007621545228175819
128,0.0007681014249101281
129,0.000772474508266896
130,0.0006649976712651551
131,0.0006253119790926576
132,0.0007191398763097823
133,0.0006797443493269384
134,0.0006760719697922468
135,0.0006597497267648578
136,0.000728506245650351
137,0.0008903666166588664
138,0.000788114732131362
139,0.0005949741462245584
140,0.0006196629256010056
141,0.0006603233050554991
142,0.000638448225799948
143,0.0007038845214992762
144,0.0006851706421002746
145,0.0005586192710325122
146,0.0006340375985018909
147,0.0007984039839357138
148,0.0006491644307971001
149,0.0006754311616532505
150,0.0006503800977952778
151,0.000701029144693166
152,0.000667181215249002
153,0.000693855865392834
154,0.0006175056914798915
155,0.0006655763136222959
156,0.0006158812902867794
157,0.0005830518202856183
158,0.0005580720026046038
159,0.0007126761483959854
160,0.0007898260373622179
161,0.0006081662722863257
162,0.0005972103681415319
163,0.0006023126770742238
164,0.0007368758087977767
165,0.0005636803107336164
166,0.0006369684706442058
167,0.0007611571927554905
168,0.000628327950835228
169,0.000854320649523288
170,0.0007936808979138732
171,0.000736290356144309
172,0.0005990082863718271
173,0.0007696726825088263
174,0.0005853534094057977
175,0.0006906348862685263
176,0.0005935721565037966
177,0.0006965405773371458
178,0.000663437822367996
179,0.0007656438974663615
180,0.0006712353206239641
181,0.0006988563109189272
182,0.0007540632504969835
183,0.0007413970888592303
184,0.0006329152965918183
185,0.0007192364428192377
186,0.0007566827116534114
187,0.0006309678428806365
188,0.0008894762140698731
189,0.0007871991256251931
190,0.0005924355355091393
191,0.0006941347382962704
192,0.0007012449786998332
193,0.0006992550333961844
194,0.0006618783809244633
195,0.0006997901946306229
196,0.000547533854842186
197,0.0007214148063212633
198,0.0007223433931358159
199,0.000610115472227335
200,0.0006011268706060946
201,0.0007276808610185981
202,0.0006942879408597946
203,0.0007676587556488812
204,0.0007076872861944139
205,0.0006987574743106961
206,0.0006391191272996366
207,0.0006010387442074716
208,0.0008043518173508346
209,0.0005785287357866764
210,0.0007971572922542691
211,0.0006988729001022875
212,0.0006093884585425258
213,0.0007155190105549991
214,0.0006640994106419384
215,0.0008483751444146037
216,0.0006958427838981152
217,0.0005431595491245389
218,0.0006770828040316701
219,0.0006699434015899897
220,0.0005836183554492891
221,0.0007590443128719926
222,0.000892109062988311
223,0.0006677802884951234
224,0.0006459466530941427
225,0.0006556367152370512
226,0.0006703073740936816
227,0.0007673233048990369
228,0.000619372061919421
229,0.0006475315894931555
230,0.0006208546692505479
231,0.000622534251306206
232,0.0007105625700205564
233,0.0006626426475122571
234,0.0006498988950625062
235,0.0007757084094919264
236,0.0006157509051263332
237,0.000592858181335032
238,0.0007896912284195423
239,0.00057035475037992
240,0.0005223086918704212
241,0.0009324431885033846
242,0.0007262133876793087
243,0.0006228619022294879
244,0.0006717211799696088
245,0.0007045249221846461
246,0.0006934481207281351
247,0.0006388475885614753
248,0.0006241286173462868
249,0.0006533387349918485
250,0.0007393300766125321
251,0.0006530946120619774
252,0.0007208046736195683
253,0.0006190129788592458
254,0.0006349481991492212
255,0.0007935931207612157
256,0.0006865522591397166
257,0.0007122530369088054
258,0.0006324234418570995
259,0.0006469499785453081
260,0.0006664084503427148
261,0.0008205873309634626
262,0.0006363213760778308
263,0.000676037510856986
264,0.0007323359604924917
265,0.0007698970730416477
266,0.0006601955974474549
267,0.0005163404275663197
268,0.0007101396913640201
269,0.0006314822821877897
270,0.0006153561407700181
271,0.0007152090547606349
272,0.0007201852858997881
273,0.0006374242948368192
274,0.0006675368640571833
275,0.0006923583569005132
276,0.0007358015282079577
277,0.0007068554405122995
278,0.0006903016474097967
279,0.0007096233312040567
280,0.000672810070682317
281,0.0007135655032470822
282,0.0009340548422187567
283,0.0007705475436523557
284,0.0007345469784922898
285,0.0006528992671519518
286,0.0006115055293776095
287,0.0006251456215977669
288,0.0006618287297897041
289,0.0007549466099590063
290,0.0006742024561390281
291,0.0006650949944742024
292,0.0007658138056285679
293,0.0006657055928371847
294,0.0006441846489906311
295,0.0007737722480669618
296,0.0006665277178399265
297,0.000786357675679028
298,0.0007959231734275818
299,0.0006320247775875032
300,0.0007612756453454494
301,0.0008863874245435
302,0.0005251094698905945
303,0.0006620465428568423
304,0.0006407083128578961
305,0.0006467036437243223
306,0.000884282635524869
307,0.0006136058364063501
308,0.0006392106879502535
309,0.0006587550160475075
310,0.0008411105372942984
311,0.0007393719279207289
312,0.0006857157568447292
313,0.0006185330566950142
314,0.0005603114259429276
315,0.0006745244027115405
316,0.0005807620473206043
317,0.0006868679192848504
318,0.000713582499884069
319,0.0005936141242273152
320,0.0007887861574999988
321,0.0008095278753899038
322,0.0005767082329839468
323,0.0006729982560500503
324,0.0007572859758511186
325,0.0007871979614719748
326,0.0007924351957626641
327,0.0006451518274843693
328,0.0005084402509965003
329,0.0006376367527991533
330,0.0006044438341632485
331,0.0006155295995995402
332,0.0006833811639808118
333,0.0005968681070953608
334,0.0006321569671854377
335,0.0007838837336748838
336,0.0007196707301773131
337,0.000529954326339066
338,0.0006860795547254384
339,0.0007702542352490127
340,0.0006748669547960162
341,0.0007040980271995068
342,0.0006351288757286966
343,0.0007090135477483273
344,0.0007162601687014103
345,0.0005599139258265495
346,0.0006574803846888244
347,0.000696683709975332
348,0.0007647124584764242
349,0.0006715942872688174
350,0.0006928099319338799
351,0.0005408314173109829
352,0.0007158180233091116
353,0.0006991217378526926
354,0.00068351422669366
355,0.0005898335366509855
356,0.0008808045531623065
357,0.0007876025629229844
358,0.0006190559361129999
359,0.0006989270332269371
360,0.0006153960130177438
361,0.0009327023290097713
362,0.0006746926810592413
363,0.0006905884365551174
364,0.0008352928562089801
365,0.0006817633984610438
366,0.000678211625199765
367,0.0005386091070249677
368,0.0005988467601127923
369,0.0005427129217423499
370,0.0006647751433774829
371,0.0006611704011447728
372,0.0007395475404337049
373,0.0006378957186825573
374,0.0007138969376683235
375,0.0005800679791718721
376,0.0007031950517557561
377,0.0006761535769328475
378,0.0006633992306888103
379,0.0006478903233073652
380,0.000783375115133822
381,0.0007543726824223995
382,0.0006916469428688288
383,0.0007625451544299722
384,0.0007104153046384454
385,0.0006937620928511024
386,0.0006621143547818065
387,0.0006455845432356
388,0.000676593161188066
389,0.0006380242994055152
390,0.0006145930383354425
391,0.0007518906495533884
392,0.0005409761797636747
393,0.0006848193006590009
394,0.0007765035843476653
395,0.0006831143982708454
396,0.0007320120930671692
397,0.0007695019012317061
398,0.0007154700579121709
399,0.000589496863540262
400,0.0006263910327106714
401,0.000707140367012471
402,0.0006809182814322412
403,0.0006965022766962647
404,0.0006151189445517957
405,0.000805055140517652
406,0.0006460057338699698
407,0.0006500444142147899
408,0.0005763326771557331
409,0.0006831383798271418
410,0.0005845708074048162
411,0.0007975379703566432
412,0.0006997534073889256
413,0.0005613494431599975
414,0.0007264246232807636
415,0.0007464741356670856
416,0.0006865824689157307
417,0.0005895063513889909
418,0.0005607464117929339
419,0.0006642605294473469
420,0.0008579310961067677
421,0.0007692943327128887
422,0.0005545961321331561
423,0.000660331454128027
424,0.0006095400312915444
425,0.0008284595096483827
426,0.0007159496890380979
427,0.0005491047049872577
428,0.0006750243483111262
429,0.0005539935082197189
430,0.0007082715746946633
431,0.0007094013853929937
432,0.0006784966681152582
433,0.0007078765775077045
434,0.0007200258551165462
435,0.0006892264354974031
436,0.0006700644735246897
437,0.0006625151727348566
438,0.0006727992440573871
439,0.0005946297314949334
440,0.0006428664200939238
441,0.0007272430812008679
442,0.000603583874180913
443,0.0006525819189846516
444,0.0006731133908033371
445,0.0005984389572404325
446,0.000612765783444047
447,0.0007086486439220607
448,0.000734038301743567
449,0.0008117384277284145
450,0.000690891407430172
451,0.0008031587931327522
452,0.0006189711857587099
453,0.0006192814325913787
454,0.0005205915658734739
455,0.0007421800983138382
456,0.0005244250642135739
457,0.0006893877871334553
458,0.0005882522673346102
459,0.0007215048535726964
460,0.0006327086011879146
461,0.0005814562900923193
462,0.000501874485053122
463,0.0006053418619558215
464,0.0006629154086112976
465,0.0006639515049755573
466,0.0005588169442489743
467,0.0006911893142387271
468,0.0007368844817392528
469,0.0005564578459598124
470,0.0006518123554997146
471,0.0006187206599861383
472,0.0008034988422878087
473,0.0007777675054967403
474,0.000662968959659338
475,0.0006731990724802017
476,0.0006039353320375085
477,0.0006736614741384983
478,0.0007403643103316426
479,0.0006472441018559039
480,0.0007388550438918173
481,0.0006627610418945551
482,0.000587288464885205
483,0.0007247898611240089
484,0.0006928933435119689
485,0.0006651072180829942
486,0.0006605004891753197
487,0.0006066901842132211
488,0.0006873026140965521
489,0.0006970340618863702
490,0.0007226992165669799
491,0.0007078159251250327
492,0.0006732158362865448
493,0.0006524343625642359
494,0.0006021410226821899
495,0.0006274903425946832
496,0.0006735958741046488
497,0.0008534013759344816
498,0.0005981461727060378
499,0.0005915467627346516
500,0.000688331201672554
501,0.000702965771779418
502,0.0007010376430116594
503,0.00070455193053931
504,0.0006260317168198526
505,0.0006077644065953791
506,0.0007499301573261619
507,0.0007458337349817157
508,0.0007030167616903782
509,0.0006223965901881456
510,0.0006856917170807719
511,0.000581319909542799
512,0.0006581892957910895
513,0.000668299850076437
514,0.0008328979020006955
515,0.0007035206072032452
516,0.0006218995549716055
517,0.0007089693681336939
518,0.0006822838331572711
519,0.0007420007023029029
520,0.0006652773008681834
521,0.000844327500090003
522,0.0007054648594930768
523,0.0007545219850726426
524,0.0005619066068902612
525,0.0006580532062798738
526,0.0007392719271592796
527,0.0007663782453164458
528,0.0005892090848647058
529,0.0005770426359958947
530,0.0006166092935018241
531,0.0007169509190134704
532,0.000789871730376035
533,0.0007236930541694164
534,0.0006135863368399441
535,0.0007535404874943197
536,0.0006873001111671329
537,0.0007501516956835985
538,0.0006126594380475581
539,0.0005899937241338193
540,0.0005929835606366396
541,0.0008663773769512773
542,0.0007043835939839482
543,0.0007641302072443068
544,0.0006139494944363832
545,0.0006671551382169127
546,0.0006609372794628143
547,0.0006238666246645153
548,0.0006233401363715529
549,0.0007316776318475604
550,0.0007829611422494054
551,0.0007420020992867649
552,0.0006027417257428169
553,0.0006669981521554291
554,0.0006152439163997769
555,0.0006411317735910416
556,0.0007351706735789776
557,0.0007034619338810444
558,0.0008115425007417798
559,0.0006311432225629687
560,0.0006842658622190356
561,0.00057664152700454
562,0.0006275828927755356
563,0.0005675820866599679
564,0.0006734552443958819
565,0.0006765268044546247
566,0.0008226605132222176
567,0.0005801785737276077
568,0.000730799394659698
569,0.0006380424601957202
570,0.0005804464453831315
571,0.0007058195769786835
572,0.0005674342392012477
573,0.0006140646291896701
574,0.0007153823971748352
575,0.0006502718897536397
576,0.0007285169558599591
577,0.0006115536671131849
578,0.000650193658657372
579,0.0006969465175643563
580,0.0006222107331268489
581,0.000864373636431992
582,0.0007335671689361334
583,0.0006714942865073681
584,0.0007603807607665658
585,0.0006220704526640475
586,0.0006621236097998917
587,0.0006020526634529233
588,0.0006821973947808146
589,0.000716416456270963
590,0.0006487726350314915
591,0.0007199507672339678
592,0.0006287337746471167
593,0.0006294146878644824
594,0.000727633130736649
595,0.0007805236964486539
596,0.0007562265382148325
597,0.0007329066284000874
598,0.0007211916381493211
599,0.0004650161135941744
600,0.0006833053193986416
601,0.0006672829622402787
602,0.0006752479821443558
603,0.000704545178450644
604,0.000564165529794991
605,0.0006623778026551008
606,0.0006273589679040015
607,0.0007538913050666451
608,0.0007963241660036147
609,0.0006449687061831355
610,0.0007638558745384216
611,0.0008642705506645143
612,0.0008962746360339224
613,0.000626994704362005
614,0.0007313893875107169
615,0.0006065857596695423
616,0.0006661582738161087
617,0.0007530247676186264
618,0.0006048238719813526
619,0.00062296207761392
620,0.0006461753509938717
621,0.0005267321830615401
622,0.0006482253666035831
623,0.0005831425078213215
624,0.0007486098911613226
625,0.0007638481329195201
626,0.0008396016201004386
627,0.000679720425978303
628,0.0006176611641421914
629,0.0005772769800387323
630,0.0007825368084013462
631,0.0007716979598626494
632,0.0007342326571233571
633,0.0006510468665510416
634,0.0008817761554382741
635,0.000777551787905395
636,0.0007287465268746018
637,0.000767568068113178
638,0.0006285900599323213
639,0.0006529371021315455
640,0.000659738841932267
641,0.0007259143167175353
642,0.0005650775274261832
643,0.0006027722265571356
644,0.0006268281140364707
645,0.0006704581901431084
646,0.0006734012858942151
647,0.0006724148406647146
648,0.0007012054556980729
649,0.000692334957420826
650,0.0006299722008407116
651,0.0006853463128209114
652,0.0006541243055835366
653,0.0007160696550272405
654,0.0007726864423602819
655,0.0008556426037102938
656,0.000635142030660063
657,0.0007547612185589969
658,0.0006213042652234435
659,0.0007546975393779576
660,0.0007410148973576725
661,0.0006079670274630189
662,0.0007498854538425803
663,0.0006750794127583504
664,0.0006906260969117284
665,0.0007051758584566414
666,0.000662274775095284
667,0.0005697488086298108
668,0.0007378951995633543
669,0.0007665632292628288
670,0.0006559917237609625
671,0.0006170687265694141
672,0.0007259939447976649
673,0.000695323571562767
674,0.0007136566564440727
675,0.0007710346835665405
676,0.0007611851906403899
677,0.0006566247320733964
678,0.0007913206936791539
679,0.0007333187968470156
680,0.0005761618376709521
681,0.0006254150066524744
682,0.0006072797696106136
683,0.0007393684354610741
684,0.0005248616216704249
685,0.0007779150037094951
686,0.0006586964009329677
687,0.0007131686434149742
688,0.0007863775826990604
689,0.0005971366772428155
690,0.000592301192227751
691,0.0006462532328441739
692,0.0007199435494840145
693,0.0006373104406520724
694,0.0006375396624207497
695,0.0006728063453920186
696,0.0005731699056923389
697,0.0006808019243180752
698,0.0005090103368274868
699,0.0006779165705665946
700,0.0006430321373045444
701,0.0007362973410636187
702,0.0007043678779155016
703,0.0006291188765317202
704,0.0006202670047059655
705,0.0008192613604478538
706,0.0005698687164112926
707,0.0007010397966951132
708,0.0006929225055500865
709,0.0008325452799908817
710,0.0006398598197847605
711,0.0007276123506017029
712,0.000743180513381958
713,0.0005774896708317101
714,0.0007899825577624142
715,0.0006903271423652768
716,0.0008114971569739282
717,0.0006507797515951097
718,0.0006469068466685712
719,0.0007058157352730632
720,0.0006700250669382513
721,0.0006876271218061447
722,0.0005999752902425826
723,0.0006439139833673835
724,0.0009051946690306067
725,0.0006432740483433008
726,0.0006538783782161772
727,0.0006594749866053462
728,0.0007745037437416613
729,0.0006470547523349524
730,0.0006254882318899035
731,0.0006504249176941812
732,0.0006562387570738792
733,0.0006840789574198425
734,0.0007680637645535171
735,0.0006766211590729654
736,0.0008486417355015874
737,0.0006342200795188546
738,0.0006058503640815616
739,0.0007205097936093807
740,0.0006304280832409859
741,0.0007627008599229157
742,0.0006941062165424228
743,0.0008053353521972895
744,0.0007345551857724786
745,0.0005151800578460097
746,0.0004950785078108311
747,0.0006793802022002637
748,0.000638385012280196
749,0.0006460971781052649
750,0.0006058674771338701
751,0.0006240363582037389
752,0.0005815767217427492
753,0.0007110517472028732
754,0.0007122062379494309
755,0.0007196739898063242
756,0.0007609229651279747
757,0.0007774777477607131
758,0.0005644354969263077
759,0.0006577234016731381
760,0.0008566312026232481
761,0.0006368857575580478
762,0.0007384835625998676
763,0.0007210453040897846
764,0.0006378500256687403
765,0.0007298653363250196
766,0.0005914372741244733
767,0.0006949012167751789
768,0.0006650121067650616
769,0.0007838680176064372
770,0.0008035487262532115
771,0.0005990741774439812
772,0.0006698300130665302
773,0.0006882949965074658
774,0.0007163670379668474
775,0.000615931348875165
776,0.0006368639296852052
777,0.0006834568921476603
778,0.0006450812215916812
779,0.0007715285755693913
780,0.0007672790670767426
781,0.0007015703013166785
782,0.0007065126555971801
783,0.0007867247331887484
784,0.000688412634190172
785,0.0007592308684252203
786,0.0007013718131929636
787,0.0005515599041245878
788,0.0007592297624796629
789,0.0006930611561983824
790,0.0006063391920179129
791,0.0006448334315791726
792,0.0005995072424411774
793,0.0005721471388824284
794,0.0006593936122953892
795,0.0006047990173101425
796,0.000748271937482059
797,0.0006925739580765367
798,0.0007191073382273316
799,0.000630279362667352
800,0.0007910071290098131
801,0.0007274209056049585
802,0.0009059305302798748
803,0.0007104403339326382
804,0.0006193808512762189
805,0.0005998424021527171
806,0.0006399524863809347
807,0.0006570132682099938
808,0.0007434660219587386
809,0.0006690715672448277
810,0.0005360295763239264
811,0.0006568515673279762
812,0.0006771433399990201
813,0.000726208440028131
814,0.0007105461554601789
815,0.0008191406959667802
816,0.0005832182359881699
817,0.0005745383095927536
818,0.0006175676244311035
819,0.0006556230364367366
820,0.000777100445702672
821,0.0006183214136399329
822,0.0005979768466204405
823,0.0008061743574216962
824,0.0006605027592740953
825,0.0006057358114048839
826,0.0007424469222314656
827,0.0006440143333747983
828,0.000756705878302455
829,0.0007121635717339814
830,0.0006899719010107219
831,0.0007010491681285203
832,0.0006288614822551608
833,0.000703497149515897
834,0.0006698638899251819
835,0.000788735575042665
836,0.0007242676801979542
837,0.0007518928032368422
838,0.0006984489737078547
839,0.0006895150290802121
840,0.0006230823928490281
841,0.000705026788637042
842,0.0006341400439850986
843,0.0006974316202104092
844,0.0007858694298192859
845,0.0007436486193910241
846,0.0006459979340434074
847,0.0005697509623132646
848,0.0005940794944763184
849,0.0006923695909790695
850,0.0006746660801582038
851,0.0007641181000508368
852,0.0006709081935696304
853,0.0007376149296760559
854,0.0006376453675329685
855,0.0006635532481595874
856,0.0006385131855495274
857,0.0006652583833783865
858,0.000549532298464328
859,0.0005752271390520036
860,0.0006583588547073305
861,0.00067193026188761
862,0.0005768929840996861
863,0.0006936512654647231
864,0.0006132691632956266
865,0.0007514555472880602
866,0.0006354443612508476
867,0.0006299799424596131
868,0.0006384191801771522
869,0.0006600362830795348
870,0.0005919273826293647
871,0.0006619241903536022
872,0.0007677534013055265
873,0.0007307622581720352
874,0.0006300286622717977
875,0.000757041503675282
876,0.0007721594301983714
877,0.0006843702867627144
878,0.0007607529405504465
879,0.0007249496411532164
880,0.0007404621574096382
881,0.000587231304962188
882,0.0006535426946356893
883,0.0006120578618720174
884,0.0005955276428721845
885,0.0005983541486784816
886,0.0007960827206261456
887,0.0008080553961917758
888,0.0006669021677225828
889,0.0007628054590895772
890,0.000737033027689904
891,0.0006312762852758169
892,0.000665612518787384
893,0.0007934911991469562
894,0.0005414889310486615
895,0.0006978417513892055
896,0.0006531641120091081
897,0.0006558463792316616
898,0.0006704087136313319
899,0.0005966637399978936
900,0.0006944541237317026
901,0.0005119508132338524
902,0.0008406492997892201
903,0.0007410224061459303
904,0.0006866366602480412
905,0.0007150521269068122
906,0.0007286699838005006
907,0.0006256795022636652
908,0.0006751301698386669
909,0.0006642383523285389
910,0.0007687921170145273
911,0.0007250121561810374
912,0.0006309278542175889
913,0.0005992805818095803
914,0.0006254182080738246
915,0.0006856581312604249
916,0.0007453432190231979
917,0.0008746146922931075
918,0.0007108006393536925
919,0.0006002369918860495
920,0.0006556272273883224
921,0.0006033392855897546
922,0.0005985507741570473
923,0.0005981294088996947
924,0.0007561127422377467
925,0.0006534404819831252
926,0.0006912829703651369
927,0.0006569438264705241
928,0.000715903821401298
929,0.0006352515192702413
930,0.000693171052262187
931,0.0006634250748902559
932,0.0007183823618106544
933,0.0006295603816397488
934,0.0006073404219932854
935,0.0008360982174053788
936,0.0007135097403079271
937,0.0006827546167187393
938,0.0006612542201764882
939,0.0006221404764801264
940,0.0006322996341623366
941,0.0005813034949824214
942,0.0006108266534283757
943,0.000676262890920043
944,0.0007272278890013695
945,0.0007256518583744764
946,0.0006135551957413554
947,0.0006018554558977485
948,0.0007432166603393853
949,0.0007716984255239367
950,0.0005931567866355181
951,0.0007346337661147118
952,0.000642917410004884
953,0.000609522801823914
954,0.0008206719649024308
955,0.0007049054838716984
956,0.0007383126066997647
957,0.0006588852847926319
958,0.0006966929649934173
959,0.0007449834956787527
960,0.0006662174710072577
961,0.0007249847985804081
962,0.000821149442344904
963,0.0005484409048222005
964,0.0006511884857900441
965,0.0006566699594259262
966,0.0005830671871080995
967,0.0006824571173638105
968,0.0006749790627509356
969,0.0006427220650948584
970,0.0005758863990195096
971,0.0006783620920032263
972,0.000741210300475359
973,0.0006179133779369295
974,0.0007172782206907868
975,0.0006870992947369814
976,0.0005610836087726057
977,0.000725535792298615
978,0.0006771068437956274
979,0.0007233830401673913
980,0.000797192333266139
981,0.0006323272245936096
982,0.0005869204178452492
983,0.0006877330015413463
984,0.000760575057938695
985,0.0006302682450041175
986,0.0006636584876105189
987,0.0006227646372281015
988,0.0007045682286843657
989,0.0006858927081339061
990,0.0006311227334663272
991,0.0007889724802225828
992,0.0005993194645270705
993,0.000599670980591327
994,0.0006923069013282657
995,0.0007061262149363756
996,0.0007147142896428704
997,0.000752077205106616
998,0.0006282951217144728
999,0.0006784257711842656
1000,0.0007145921117626131
1001,0.0006348724127747118
1002,0.000636804848909378
1003,0.0005770898424088955
1004,0.0006901822052896023
1005,0.000628734240308404
1006,0.000811952049843967
1007,0.0005834761541336775
1008,0.0007769580115564167
1009,0.0007136697531677783
1010,0.0006381218554452062
1011,0.0005721405614167452
1012,0.0005586452898569405
1013,0.0007310082437470555
1014,0.000698198564350605
1015,0.000637774879578501
1016,0.0008682425832375884
1017,0.0006902932655066252
1018,0.0007422691560350358
1019,0.0005928826867602766
1020,0.0007904660888016224
1021,0.0007013467838987708
1022,0.0006887641502544284
1023,0.0006251550512388349
1024,0.0006408165791071951
1025,0.0007506303954869509
1026,0.0006420227000489831
1027,0.0006756952498108149
1028,0.0007893422734923661
1029,0.0008113040239550173
1030,0.0007035994785837829
1031,0.0006463819881901145
1032,0.0007318333955481648
1033,0.000616595265455544
1034,0.0006533862324431539
1035,0.0008847808931022882
1036,0.0007064132951200008
1037,0.0011056367075070739
1038,0.0006316934013739228
1039,0.0006853641243651509
1040,0.0006976412842050195
1041,0.000699126161634922
1042,0.0006910975789651275
1043,0.0006929525407031178
1044,0.0006880998844280839
1045,0.000579988001845777
1046,0.0006874027894809842
1047,0.0007311650551855564
1048,0.0005896637449041009
1049,0.0005776244215667248
1050,0.0007707757758907974
1051,0.0006759408861398697
1052,0.0006237734341993928
1053,0.000525441428180784
1054,0.0008589219651184976
1055,0.0006560347974300385
1056,0.0005801452789455652
1057,0.00079466647002846
1058,0.0006369574693962932
1059,0.0006970134563744068
1060,0.0005967752076685429
1061,0.0006074924021959305
1062,0.000596260535530746
1063,0.0006326404982246459
1064,0.0006728935404680669
1065,0.0006936497520655394
1066,0.0007497093174606562
1067,0.0006117999437265098
1068,0.0006657299818471074
1069,0.0006753705092705786
1070,0.00070692237932235
1071,0.0005911377957090735
1072,0.0006014563259668648
1073,0.0006410754285752773
1074,0.0006889501819387078
1075,0.0005826621782034636
1076,0.0005038172821514308
1077,0.0006037348648533225
1078,0.0006107605877332389
1079,0.0006898461142554879
1080,0.0006463909521698952
1081,0.0007123661343939602
1082,0.0006488667568191886
1083,0.0005789609858766198
1084,0.0008277988526970148
1085,0.0006086309440433979
1086,0.0006969429086893797
1087,0.0007452999707311392
1088,0.0007065495592541993
1089,0.0008184788748621941
1090,0.0006467895582318306
1091,0.0006328348536044359
1092,0.0007762301829643548
1093,0.0008336815517395735
1094,0.0006404946325346828
1095,0.0006785520818084478
1096,0.0008363154483959079
1097,0.000689433072693646
1098,0.0006342476699501276
1099,0.0007539671496488154
1100,0.0005809152498841286
1101,0.0007329323561862111
1102,0.0007177230436354876
1103,0.0005534094525501132
1104,0.0006111524999141693
1105,0.0008262402843683958
1106,0.0005340607604011893
1107,0.0006671064766123891
1108,0.0006965766660869122
1109,0.0007467862451449037
1110,0.0006523024057969451
1111,0.0005989912897348404
1112,0.0006189378909766674
1113,0.000678122160024941
1114,0.0007016074378043413
1115,0.0005432202015072107
1116,0.0006938290898688138
1117,0.0006591891869902611
1118,0.0006363934953697026
1119,0.0006997437449172139
1120,0.0006589098484255373
1121,0.00058458570856601
1122,0.0006630267016589642
1123,0.0006908976356498897
1124,0.0006737333023920655
1125,0.0007790478994138539
1126,0.0005758084589615464
1127,0.0007930469000712037
1128,0.0006656931946054101
1129,0.0006766933365724981
1130,0.0006278827204369009
1131,0.0007164328126236796
1132,0.0007937403861433268
1133,0.000608253525570035
1134,0.0008344074594788253
1135,0.0006674829637631774
1136,0.0006553820567205548
1137,0.0007251229253597558
1138,0.0007008571992628276
1139,0.0007726870244368911
1140,0.0006836059037595987
1141,0.0007389966631308198
1142,0.0007399123860523105
1143,0.0006551410187967122
1144,0.0007261130958795547
1145,0.0006684134714305401
1146,0.0006468927022069693
1147,0.0007592557813040912
1148,0.0006778814131394029
1149,0.0007617276278324425
1150,0.000514262996148318
1151,0.0006571245612576604
1152,0.000627370085567236
1153,0.0007204573485068977
1154,0.0007005368825048208
1155,0.0006007521296851337
1156,0.0005500548286363482
1157,0.0007713396335020661
1158,0.0006913367542438209
1159,0.0006798662361688912
1160,0.0006923325126990676
1161,0.0007416869048029184
1162,0.0008934843353927135
1163,0.0007494839373975992
1164,0.0005561239086091518
1165,0.0006712558679282665
1166,0.0007061302894726396
1167,0.0008249077945947647
1168,0.0006476801936514676
1169,0.0006059290608391166
1170,0.0006596860475838184
1171,0.0005651569808833301
1172,0.000666623585857451
1173,0.00071289564948529
1174,0.0007379420567303896
1175,0.0007675905944779515
1176,0.0006303184200078249
1177,0.0006471708184108138
1178,0.0006879994762130082
1179,0.0008605601033195853
1180,0.0006449026986956596
1181,0.0007421473856084049
1182,0.0007018193718977273
1183,0.0006133627612143755
1184,0.0006820946000516415
1185,0.0005619784351438284
1186,0.0008033702033571899
1187,0.000574088073335588
1188,0.0007639317773282528
1189,0.0006485444610007107
1190,0.000845221511553973
1191,0.0007062067743390799
1192,0.000714610330760479
1193,0.0006352568743750453
1194,0.0007103165844455361
1195,0.0007248980109579861
1196,0.000640676764305681
1197,0.0007238014368340373
1198,0.0006703047547489405
1199,0.0006710884626954794
1200,0.0007091970182955265
1201,0.0007652885979041457
1202,0.0009593783761374652
1203,0.0007156064966693521
1204,0.0007284122402779758
1205,0.0006751648616045713
1206,0.0007096421322785318
1207,0.0006289053708314896
1208,0.0008124018204398453
1209,0.0006464328616857529
1210,0.0006360376137308776
1211,0.0006346199661493301
1212,0.0007073069573380053
1213,0.0007698197732679546
1214,0.0008236713474616408
1215,0.0006921548047102988
1216,0.0006074641714803874
1217,0.0006166696548461914
1218,0.0005740855704061687
1219,0.0006488863728009164
1220,0.0007130284793674946
1221,0.0007266543689183891
1222,0.0006540642934851348
1223,0.0006804525037296116
1224,0.0006608824478462338
1225,0.0005438673542812467
1226,0.0006214975728653371
1227,0.0007563183316960931
1228,0.0006408515619114041
1229,0.0007548198336735368
1230,0.000489216938149184
1231,0.0008218036964535713
1232,0.0007090643048286438
1233,0.0005810707807540894
1234,0.0006636287434957922
1235,0.0007383205811493099
1236,0.0006295038620010018
1237,0.0007301528821699321
1238,0.0006543953204527497
1239,0.0007673695217818022
1240,0.0008004609844647348
1241,0.0008016421343199909
1242,0.000875247991643846
1243,0.0007137811626307666
1244,0.0006055088015273213
1245,0.0007325015030801296
1246,0.0006610636482946575
1247,0.0006215618923306465
1248,0.0005624147597700357
1249,0.0006246148841455579
1250,0.0006299142260104418
1251,0.0006551560945808887
1252,0.0006112349801696837
1253,0.0006464378675445914
1254,0.0007966664852574468
1255,0.0006063457112759352
1256,0.0007807526853866875
1257,0.000507081625983119
1258,0.0008107078028842807
1259,0.0007011606940068305
1260,0.0006916600978001952
1261,0.0006950679235160351
1262,0.0007071121362969279
1263,0.0005803508684039116
1264,0.0005950601771473885
1265,0.0007309183711186051
1266,0.0007724752649664879
1267,0.0005886038998141885
1268,0.0006140689947642386
1269,0.0006349798059090972
1270,0.0007108909194357693
1271,0.000548818614333868
1272,0.0006176246097311378
1273,0.0006438393611460924
1274,0.0007290652138181031
1275,0.0005374820320867002
1276,0.0006449935608543456
1277,0.00067340605892241
1278,0.0006021714652888477
1279,0.0006397583056241274
1280,0.0006005148752592504
1281,0.0006692378083243966
1282,0.0006552885752171278
1283,0.0005664731143042445
1284,0.0007114752661436796
1285,0.0007009829278104007
1286,0.0005963272997178137
1287,0.0007041143253445625
1288,0.0005401942180469632
1289,0.0007148998556658626
1290,0.0007734192768111825
1291,0.0006675144541077316
1292,0.0006147760432213545
1293,0.0005660300957970321
1294,0.0006846511387266219
1295,0.0006529259844683111
1296,0.0006932455580681562
1297,0.0006924722692929208
1298,0.0009034081595018506
1299,0.0007555136107839644
1300,0.000702187477145344
1301,0.0006244773394428194
1302,0.0006378657417371869
1303,0.00072640017606318
1304,0.0007558988872915506
1305,0.0005981982103548944
1306,0.0007433368591591716
1307,0.0008090880000963807
1308,0.0005273852730169892
1309,0.0005783488741144538
1310,0.0007202305132523179
1311,0.0007096012122929096
1312,0.0006412150687538087
1313,0.0007241579005494714
1314,0.0007387988152913749
1315,0.0008090281626209617
1316,0.0006314634811133146
1317,0.0006695963675156236
1318,0.000649532419629395
1319,0.0007471532444469631
1320,0.0007764192414470017
1321,0.0006933752447366714
1322,0.0006180624477565289
1323,0.0007395818829536438
1324,0.0005741096683777869
1325,0.0005672136903740466
1326,0.0006632135482504964
1327,0.0007302388548851013
1328,0.0006834887899458408
1329,0.0007249194895848632
1330,0.0005542354192584753
1331,0.0007006507366895676
1332,0.0006646521505899727
1333,0.0005954668158665299
1334,0.0006059228326193988
1335,0.0006665457622148097
1336,0.0006526874494738877
1337,0.0006895028636790812
1338,0.000758329697418958
1339,0.000678446376696229
1340,0.0006975673604756594
1341,0.0007254135562106967
1342,0.0007468978292308748
1343,0.0007627439917996526
1344,0.0007005316438153386
1345,0.0006190651329234242
1346,0.0005940874107182026
1347,0.0007058998453430831
1348,0.0007453126017935574
1349,0.0007220202824100852
1350,0.0005503164720721543
1351,0.0006135521689429879
1352,0.0006536761648021638
1353,0.0006247821729630232
1354,0.0007919925847090781
1355,0.000703269790392369
1356,0.0007206662558019161
1357,0.0007129125879146159
1358,0.0006240892689675093
1359,0.0006420688005164266
1360,0.000727156875655055
1361,0.0006715405033901334
1362,0.0006261929520405829
1363,0.000550032127648592
1364,0.0006363291759043932
1365,0.0005834028706885874
1366,0.0007181578548625112
1367,0.0007569317240267992
1368,0.0007388456724584103
1369,0.0007471643621101975
1370,0.0006029432988725603
1371,0.000644145009573549
1372,0.0006848365301266313
1373,0.0008043140405789018
1374,0.0007098339847289026
1375,0.0007195030339062214
1376,0.0006731203175149858
1377,0.0006696608033962548
1378,0.0007958386559039354
1379,0.0007439015316776931
1380,0.0007113452302291989
1381,0.000638689030893147
1382,0.0007016703602857888
1383,0.0007383350748568773
1384,0.0006212767912074924
1385,0.0006530071259476244
1386,0.0006835405947640538
1387,0.0006876570987515152
1388,0.0005693149287253618
1389,0.0005768183036707342
1390,0.0005393901374191046
1391,0.0006801654235459864
1392,0.0007265115855261683
1393,0.0006601392524316907
1394,0.0008098616381175816
1395,0.0007360671879723668
1396,0.0006431578658521175
1397,0.0006180668715387583
1398,0.0007877188036218286
1399,0.0006216955371201038
1400,0.0005892188055440784
1401,0.0007019207696430385
1402,0.0006488044746220112
1403,0.0006780304829590023
1404,0.0006517316214740276
1405,0.0006747504812665284
1406,0.0006708400906063616
1407,0.0008050789474509656
1408,0.0007403548806905746
1409,0.0007426949450746179
1410,0.0007783058099448681
1411,0.0005878087249584496
1412,0.000615837168879807
1413,0.0006544347852468491
1414,0.0006548524252139032
1415,0.000782931165304035
1416,0.0005455698119476438
1417,0.0007464464288204908
1418,0.0006978310411795974
1419,0.0006520345923490822
1420,0.0006273415638133883
1421,0.0006811201456002891
1422,0.000723007251508534
1423,0.0006999141769483685
1424,0.0006442551384679973
1425,0.0008630094234831631
1426,0.0006842368748039007
1427,0.0007097627967596054
1428,0.0007123405812308192
1429,0.000636897690128535
1430,0.0006838634144514799
1431,0.0007003709906712174
1432,0.0007518589845858514
1433,0.0006561197806149721
1434,0.000715535890776664
1435,0.0007045677630230784
1436,0.0005552503280341625
1437,0.0006608349503949285
1438,0.0007513865130022168
1439,0.0006428897031582892
1440,0.0006449953652918339
1441,0.0005396866472437978
1442,0.0006563153583556414
1443,0.0008474815986119211
1444,0.0007428297540172935
1445,0.0007289948989637196
1446,0.0006506733479909599
1447,0.000676393392495811
1448,0.0007707716431468725
1449,0.0007310538203455508
1450,0.0006671433220617473
1451,0.000745082856155932
1452,0.0006886351038701832
1453,0.0007736618863418698
1454,0.0007754412945359945
1455,0.0006451824447140098
1456,0.000581355590838939
1457,0.0006182622164487839
1458,0.0008013747865334153
1459,0.0006390534690581262
1460,0.000701303593814373
1461,0.0007211451302282512
1462,0.0006654436583630741
1463,0.0007219134131446481
1464,0.000771293300203979
1465,0.0006065842462703586
1466,0.0008036476210691035
1467,0.0006207421538420022
1468,0.0006713803741149604
1469,0.0007079777424223721
1470,0.0006304803537204862
1471,0.0006779358955100179
1472,0.0006174325826577842
1473,0.0006694301846437156
1474,0.0007150878664106131
1475,0.0006693266332149506
1476,0.0006673768511973321
1477,0.0006773770437575877
1478,0.0006498653092421591
1479,0.0006677116034552455
1480,0.0006946091307327151
1481,0.0007731008809059858
1482,0.0007964846445247531
1483,0.000824617687612772
1484,0.0005015098140574992
1485,0.0007136171334423125
1486,0.0006289526354521513
1487,0.0006583039648830891
1488,0.0007065781974233687
1489,0.0007413909770548344
1490,0.0007255632663145661
1491,0.0006122382474131882
1492,0.0006740120006725192
1493,0.0006733680493198335
1494,0.0005574250826612115
1495,0.0008814354659989476
1496,0.0005828645080327988
1497,0.0006468154024332762
1498,0.000582661887165159
1499,0.0006530267419293523
1500,0.0005782877560704947
1501,0.0007188634481281042
1502,0.0006404367741197348
1503,0.000766008859500289
1504,0.0006902605528011918
1505,0.0007000096375122666
1506,0.0005936071975156665
1507,0.0005482978885993361
1508,0.0007043680525384843
1509,0.0006944496999494731
1510,0.0006636266480199993
1511,0.0006976161384955049
1512,0.0007058886694721878
1513,0.0006519949529320002
1514,0.0005652639665640891
1515,0.000625598942860961
1516,0.000617722631432116
1517,0.0006040637381374836
1518,0.0007149247103370726
1519,0.000717725430149585
1520,0.0006991298287175596
1521,0.0006770575419068336
1522,0.0005589246284216642
1523,0.0006763127166777849
1524,0.0007185727590695024
1525,0.0006298692896962166
1526,0.0008381952065974474
1527,0.0006497034337371588
1528,0.0007472365396097302
1529,0.000657360244076699
1530,0.0005725759547203779
1531,0.0007648319005966187
1532,0.0006778344977647066
1533,0.0005869381129741669
1534,0.0006332779303193092
1535,0.0006137012387625873
1536,0.0007211943157017231
1537,0.0006717544165439904
1538,0.0005826391861774027
1539,0.0005108743789605796
1540,0.0006278034998103976
1541,0.0006107173394411802
1542,0.0005416228668764234
1543,0.0007904164376668632
1544,0.0006522983312606812
1545,0.0005206792848184705
1546,0.0006318837404251099
1547,0.0008309894474223256
1548,0.0006861002184450626
1549,0.0007697208784520626
1550,0.0005342343938536942
1551,0.0006479837466031313
1552,0.0007291219662874937
1553,0.0007185015128925443
1554,0.000657849945127964
1555,0.0007022160571068525
1556,0.0008068145834840834
1557,0.0007720222347415984
1558,0.0007308600470423698
1559,0.0007548046414740384
1560,0.0006757228984497488
1561,0.0007303700549528003
1562,0.0006305749411694705
1563,0.000763443938922137
1564,0.0006391588249243796
1565,0.0005898321978747845
1566,0.0006508027436211705
1567,0.0006821932620368898
1568,0.0007000485784374177
1569,0.000726684054825455
1570,0.0006708254804834723
1571,0.0006105257198214531
1572,0.0007112928433343768
1573,0.0005407970165833831
1574,0.0007438275497406721
1575,0.0007874274160712957
1576,0.0006229355931282043
1577,0.0006824134616181254
1578,0.0007005439838394523
1579,0.0007039729971438646
1580,0.0006342966808006167
1581,0.000743481214158237
1582,0.0007986681885086
1583,0.0007202415727078915
1584,0.0006444007158279419
1585,0.0007204236462712288
1586,0.0006777577218599617
1587,0.0007252625655382872
1588,0.0006142323836684227
1589,0.0006752319168299437
1590,0.0006416909745894372
1591,0.0007352894172072411
1592,0.0007157467771321535
1593,0.0006938713486306369
1594,0.0007141259266063571
1595,0.0006691356538794935
1596,0.0007686798926442862
1597,0.0007360127056017518
1598,0.0005966377793811262
1599,0.0006582547212019563
1600,0.0008960600243881345
1601,0.0006917623104527593
1602,0.0006919283769093454
1603,0.0006553890416398644
1604,0.0005695142317563295
1605,0.0006443120073527098
1606,0.0006192229338921607
1607,0.0007064657402224839
1608,0.000640178332105279
1609,0.0007029590778984129
1610,0.0006032746750861406
1611,0.0005986627656966448
1612,0.0006493120454251766
1613,0.0007949161226861179
1614,0.0007059816853143275
1615,0.000792723149061203
1616,0.0006759429816156626
1617,0.0007174875354394317
1618,0.0006264055264182389
1619,0.0007041204953566194
1620,0.0005537538090720773
1621,0.0007603877456858754
1622,0.0006578851607628167
1623,0.0006702210521325469
1624,0.0006428139167837799
1625,0.0005870980676263571
1626,0.0006592516438104212
1627,0.0006964497151784599
1628,0.0006768708117306232
1629,0.0007115798071026802
1630,0.0005972550134174526
1631,0.0006510969251394272
1632,0.0007293466478586197
1633,0.0006986380903981626
1634,0.0008059391984716058
1635,0.0006422834703698754
1636,0.000934545008931309
1637,0.0006475695408880711
1638,0.0006960437167435884
1639,0.0006580728222616017
1640,0.0006983497296459973
1641,0.0006357551319524646
1642,0.0005977046675980091
1643,0.0007509867427870631
1644,0.0007187396986410022
1645,0.0007270444184541702
1646,0.0005646049394272268
1647,0.0007088643033057451
1648,0.000724076759070158
1649,0.0005616975831799209
1650,0.0009557179873809218
1651,0.0006514835404232144
1652,0.0007377771544270217
1653,0.0006279278313741088
1654,0.0006659502978436649
1655,0.0007788805523887277
1656,0.000705786922480911
1657,0.0007559459190815687
1658,0.0008020965033210814
1659,0.0008253392297774553
1660,0.0006261079688556492
1661,0.0006652572192251682
1662,0.0008717990713194013
1663,0.0005806056433357298
1664,0.0007789715891703963
1665,0.0007123816758394241
1666,0.0007242198917083442
1667,0.0006619427585974336
1668,0.0006984670180827379
1669,0.0007281862199306488
1670,0.0005913072964176536
1671,0.0006516894791275263
1672,0.0007345660123974085
1673,0.0006906820926815271
1674,0.000670417386572808
1675,0.0005665491335093975
1676,0.0005832636961713433
1677,0.0007366382633335888
1678,0.000598053215071559
1679,0.0006512814434245229
1680,0.0006369372713379562
1681,0.0007427235832437873
1682,0.000614923657849431
1683,0.0006624547531828284
1684,0.000670477980747819
1685,0.0006730714230798185
1686,0.0006277843494899571
1687,0.0005990369245409966
1688,0.0006032342789694667
1689,0.0005431625759229064
1690,0.0007222694111987948
1691,0.0005884653073735535
1692,0.0006481632008217275
1693,0.0006857537082396448
1694,0.000618357677012682
1695,0.0005869038286618888
1696,0.0005747602554038167
1697,0.0008408322464674711
1698,0.000681004545185715
1699,0.0007935096509754658
1700,0.0006473300745710731
1701,0.0007420198526233435
1702,0.0007272167131304741
1703,0.0006488870130851865
1704,0.0005725948722101748
1705,0.000675380986649543
1706,0.000660778780002147
1707,0.0006651555886492133
1708,0.0007122474489733577
1709,0.0007076695328578353
1710,0.0005995129467919469
1711,0.0007451631245203316
1712,0.0007082667434588075
1713,0.000619084807112813
1714,0.0006457791896536946
1715,0.0006279732333496213
1716,0.0006576077430509031
1717,0.0007065492682158947
1718,0.000860808533616364
1719,0.0005968700279481709
1720,0.0006197092006914318
1721,0.000674269744195044
1722,0.0007060064817778766
1723,0.0006153876893222332
1724,0.0008014229242689908
1725,0.0008767875842750072
1726,0.0006516125285997987
1727,0.0007264846935868263
1728,0.0006472762324847281
1729,0.0006789036560803652
1730,0.0007213376229628921
1731,0.0005768922856077552
1732,0.0007052412256598473
1733,0.0007652661297470331
1734,0.0006178275216370821
1735,0.0006638016784563661
1736,0.0006186397513374686
1737,0.0006279903464019299
1738,0.0006984734209254384
1739,0.0005639968439936638
1740,0.000633407267741859
1741,0.0006590940174646676
1742,0.0007214993238449097
1743,0.000696570728905499
1744,0.0007841732585802674
1745,0.000722997123375535
1746,0.0006366524612531066
1747,0.0006016186671331525
1748,0.0007537201163358986
1749,0.0006265108240768313
1750,0.0007628657040186226
1751,0.0006348692113533616
1752,0.0007158746011555195
1753,0.0006467805942520499
1754,0.00047026039101183414
1755,0.0007368060760200024
1756,0.0006322531844489276
1757,0.0005466275615617633
1758,0.0007674159132875502
1759,0.0007154198247008026
1760,0.0006963989580981433
1761,0.0006578985485248268
1762,0.0007711319485679269
1763,0.0006043362664058805
1764,0.0007184240384958684
1765,0.0005784647655673325
1766,0.0006506037316285074
1767,0.0007230332703329623
1768,0.0007266292814165354
1769,0.0007427885429933667
1770,0.0008689954411238432
1771,0.0006166946841403842
1772,0.0007071720901876688
1773,0.0007961494266055524
1774,0.0006200984353199601
1775,0.0006352461641654372
1776,0.0007852117414586246
1777,0.0006848128396086395
1778,0.0006842667935416102
1779,0.0006136493757367134
1780,0.0006335003417916596
1781,0.000709815532900393
1782,0.0007914745947346091
1783,0.0006163707002997398
1784,0.0005252689588814974
1785,0.0006233124295249581
1786,0.0005160504369996488
1787,0.0006760245305486023
1788,0.0006367480382323265
1789,0.0006467626662924886
1790,0.0006442265002988279
1791,0.0007006869418546557
1792,0.0008877128129824996
1793,0.0006354506476782262
1794,0.0008101538405753672
1795,0.0007028380641713738
1796,0.0007538856007158756
1797,0.0007195537909865379
1798,0.000643030449282378
1799,0.0006802644347772002
1800,0.000807729724328965
1801,0.0006465780315920711
1802,0.0007401424809359014
1803,0.0006728406297042966
1804,0.0005368689307942986
1805,0.0007566863787360489
1806,0.0007731544319540262
1807,0.0007008310058154166
1808,0.0007132028695195913
1809,0.0005831060698255897
1810,0.0006555478321388364
1811,0.0005419119843281806
1812,0.0006249656435102224
1813,0.0006493126857094467
1814,0.0005791030707769096
1815,0.0006451816880144179
1816,0.0008709356770850718
1817,0.0007999340887181461
1818,0.00071340351132676
1819,0.0006474746624007821
1820,0.0006605915259569883
1821,0.000598483718931675
1822,0.000766812707297504
1823,0.0006813573418185115
1824,0.0006585371447727084
1825,0.0005635474226437509
1826,0.000562315050046891
1827,0.0007939478382468224
1828,0.0007161595276556909
1829,0.0006064281915314496
1830,0.000728638144209981
1831,0.0006049787625670433
1832,0.0007029264234006405
1833,0.0006641015061177313
1834,0.0006652334704995155
1835,0.001059447880834341
1836,0.0006872424273751676
1837,0.0007682316354475915
1838,0.0007069684797897935
1839,0.0006631289143115282
1840,0.0006872947560623288
1841,0.0006056277779862285
1842,0.0005822308594360948
1843,0.000761797244194895
1844,0.0006418353877961636
1845,0.0007472774013876915
1846,0.000756138819269836
1847,0.000683459744323045
1848,0.0005170520162209868
1849,0.0007993784383870661
1850,0.0007890551351010799
1851,0.0006687389104627073
1852,0.0006476194830611348
1853,0.0006145723164081573
1854,0.0006628280389122665
1855,0.0006115454016253352
1856,0.0007297720294445753
1857,0.000768579775467515
1858,0.0006737174117006361
1859,0.0005974937812425196
1860,0.000637310731690377
1861,0.0007017600582912564
1862,0.0006706482963636518
1863,0.0008300923509523273
1864,0.0005799416685476899
1865,0.0007491169963032007
1866,0.0006796579691581428
1867,0.0006120544858276844
1868,0.000628512934781611
1869,0.0007851012633182108
1870,0.000703834870364517
1871,0.0005925470031797886
1872,0.0006539297755807638
1873,0.0007663044380024076
1874,0.0007141338428482413
1875,0.0005757727776654065
1876,0.0006575222359970212
1877,0.0005851309979334474
1878,0.0006294924532994628
1879,0.0005873844493180513
1880,0.0006366181187331676
1881,0.0008120042039081454
1882,0.0008963313302956522
1883,0.0006629803101532161
1884,0.0005450843018479645
1885,0.0007364079356193542
1886,0.0007178295636549592
1887,0.0005689028184860945
1888,0.0006874683313071728
1889,0.000575195939745754
1890,0.0007249704212881625
1891,0.0007382160983979702
1892,0.0008018114604055882
1893,0.0006717118085362017
1894,0.0007851563859730959
1895,0.0006680141668766737
1896,0.0007600873941555619
1897,0.0006522726034745574
1898,0.0007008520187810063
1899,0.0005936435190960765
1900,0.00074275943916291
1901,0.0007476556929759681
1902,0.0006217153277248144
1903,0.0005709665711037815
1904,0.0006951357936486602
1905,0.0006477372953668237
1906,0.0006111874245107174
1907,0.0007501903455704451
1908,0.0007873163558542728
1909,0.0006175077869556844
1910,0.0006345526198856533
1911,0.0006538757006637752
1912,0.0007301060250028968
1913,0.0005733408033847809
1914,0.0006645407411269844
1915,0.0006356930243782699
1916,0.0006299033993855119
1917,0.0005991762736812234
1918,0.0006285249255597591
1919,0.0005808608839288354
1920,0.0007962750387378037
1921,0.0006802406278438866
1922,0.0006101785693317652
1923,0.0007112025050446391
1924,0.0007414573337882757
1925,0.0006450130604207516
1926,0.0008761293138377368
1927,0.0006919726729393005
1928,0.0008101686835289001
1929,0.0006154170841909945
1930,0.0007224647561088204
1931,0.0008168785134330392
1932,0.0007396505679935217
1933,0.0007291208021342754
1934,0.0008889410528354347
1935,0.0007003397331573069
1936,0.0006177470204420388
1937,0.0007564023835584521
1938,0.000570633914321661
1939,0.0007602815749123693
1940,0.0006242216913960874
1941,0.0005599447758868337
1942,0.0005404823459684849
1943,0.000640795798972249
1944,0.000712842564098537
1945,0.0007211669581010938
1946,0.0006287116557359695
1947,0.0006245782133191824
1948,0.0006587017560377717
1949,0.0006473977118730545
1950,0.0007609513704665005
1951,0.0006027723429724574
1952,0.0005811321316286922
1953,0.0006080843158997595
1954,0.0007529087597504258
1955,0.000729482970200479
1956,0.0006172980065457523
1957,0.0006920892046764493
1958,0.00056261639110744
1959,0.0006948643713258207
1960,0.0005447157891467214
1961,0.0006652947049587965
1962,0.0006583607755601406
1963,0.0006667968118563294
1964,0.0006421852158382535
1965,0.0007701603462919593
1966,0.000744451826903969
1967,0.0005781216896139085
1968,0.0007508012931793928
1969,0.0006948917871341109
1970,0.0006297503132373095
1971,0.0006453822716139257
1972,0.0007464122609235346
1973,0.0007771235541440547
1974,0.0006517039146274328
1975,0.0007642624550499022
1976,0.0007551356684416533
1977,0.0005334465531632304
1978,0.0005946177407167852
1979,0.0007205331930890679
1980,0.0007362761534750462
1981,0.0006268254364840686
1982,0.0006176867173053324
1983,0.0007518958300352097
1984,0.0006701212842017412
1985,0.0007094246102496982
1986,0.0005208192742429674
1987,0.0007077754708006978
1988,0.0007607758743688464
1989,0.0007523450767621398
1990,0.0006384128937497735
1991,0.0006169994012452662
1992,0.0005538784898817539
1993,0.0006990372785367072
1994,0.0006110653048381209
1995,0.0007457421743310988
1996,0.0007400721660815179
1997,0.0006113701383583248
1998,0.0007880378980189562
1999,0.000706043210811913
2000,0.0007325928891077638
2001,0.0006297149229794741
2002,0.0006356136873364449
2003,0.0006478390423581004
2004,0.0005919289542362094
2005,0.0005875140195712447
2006,0.0005869390442967415
2007,0.0005680588074028492
2008,0.0006781707052141428
2009,0.000719712465070188
2010,0.0007037505856715143
2011,0.0006630888674408197
2012,0.0005753557197749615
2013,0.0006402677390724421
2014,0.0005960157723166049
2015,0.0005226727807894349
2016,0.0006793803186155856
2017,0.000634782831184566
2018,0.0007485007517971098
2019,0.0006621534703299403
2020,0.0007038743351586163
2021,0.0006830893689766526
2022,0.0007203409913927317
2023,0.0007321147713810205
2024,0.0007840989856049418
2025,0.0005837985663674772
2026,0.0005546814645640552
2027,0.0006115227588452399
2028,0.0006687038112431765
2029,0.0007418285822495818
2030,0.0006939807208254933
2031,0.0007460810011252761
2032,0.0007742862217128277
2033,0.0008268531528301537
2034,0.0005716513260267675
2035,0.0007033213623799384
2036,0.0008305796654894948
2037,0.0006639466155320406
2038,0.0007426927331835032
2039,0.0005792881711386144
2040,0.0006478762370534241
2041,0.0007148644072003663
2042,0.0007536412449553609
2043,0.0007224565488286316
2044,0.0006533896084874868
2045,0.0007648703758604825
2046,0.0006550713442265987
2047,0.0006304374546743929
2048,0.0007408561650663614
2049,0.0005833659670315683
2050,0.0006984975771047175
2051,0.000606512650847435
2052,0.0007342153694480658
2053,0.0006930889212526381
2054,0.0007149270968511701
2055,0.0005782252410426736
2056,0.0006289209704846144
2057,0.0007606992730870843
2058,0.0006979187019169331
2059,0.0006785584846511483
2060,0.0006655764882452786
2061,0.0006340433610603213
2062,0.0006345476140268147
2063,0.0006772099295631051
2064,0.0006330881733447313
2065,0.0006183644291013479
2066,0.0006339536048471928
2067,0.0006623062072321773
2068,0.0007609309395775199
2069,0.000641130143776536
2070,0.000688496045768261
2071,0.0007675096858292818
2072,0.0006101722829043865
2073,0.00074616982601583
2074,0.0007210983894765377
2075,0.0007164677372202277
2076,0.0006381918210536242
2077,0.0006570172845385969
2078,0.0005742126377299428
2079,0.0006920542218722403
2080,0.0007992420578375459
2081,0.0007540457881987095
2082,0.0007131081074476242
2083,0.00065844930941239
2084,0.0006722292746417224
2085,0.0006466482300311327
2086,0.0006353126373142004
2087,0.0005669966340065002
2088,0.0006238293717615306
2089,0.0006989125395193696
2090,0.0006074794218875468
2091,0.0006309525342658162
2092,0.0007313277455978096
2093,0.0006441514706239104
2094,0.0006738664815202355
2095,0.0006453237147070467
2096,0.0007174016209319234
2097,0.0005780808278359473
2098,0.0005470552714541554
2099,0.0005979384877718985
2100,0.0006848632474429905
2101,0.0007866680971346796
2102,0.0006850012578070164
2103,0.0005746724200434983
2104,0.0007714943494647741
2105,0.000728295708540827
2106,0.0006908193463459611
2107,0.000613180105574429
2108,0.0006624757079407573
2109,0.000608273025136441
2110,0.0007364909397438169
2111,0.0006752983899787068
2112,0.0006925505585968494
2113,0.000827378302346915
2114,0.0006247510318644345
2115,0.0006053464021533728
2116,0.000746177916880697
2117,0.0005738603649660945
2118,0.0006946357898414135
2119,0.0006215896573849022
2120,0.0006609130650758743
2121,0.0006505504716187716
2122,0.0005098986439406872
2123,0.0007296462426893413
2124,0.0006408753688447177
2125,0.0005347136175259948
2126,0.000680756289511919
2127,0.0005873562768101692
2128,0.000826652511022985
2129,0.0006542162736877799
2130,0.0005940060946159065
2131,0.0007198589737527072
2132,0.0006896194536238909
2133,0.0006557558663189411
2134,0.0007122730603441596
2135,0.0007524840184487402
2136,0.0006379062542691827
2137,0.0007174931233748794
2138,0.000610498886089772
2139,0.0006907362258061767
2140,0.0006215455359779298
2141,0.0008041245746426284
2142,0.0006481234449893236
2143,0.000693906971719116
2144,0.0006748480373062193
2145,0.0005999542190693319
2146,0.0006059731240384281
2147,0.0006748813902959228
2148,0.0006947357906028628
2149,0.0006405293243005872
2150,0.0006085098721086979
2151,0.0005851662717759609
2152,0.0006977893644943833
2153,0.0008597670821473002
2154,0.0007258895202539861
2155,0.0006904073525220156
2156,0.0006599207990802824
2157,0.0006944462656974792
2158,0.0007219286635518074
2159,0.00065069948323071
2160,0.0005484249559231102
2161,0.0007116567576304078
2162,0.0006868155905976892
2163,0.0006462427554652095
2164,0.0007609779131598771
2165,0.0006034254329279065
2166,0.0005779120838269591
2167,0.0005688309320248663
2168,0.0007063304074108601
2169,0.0006630814750678837
2170,0.000611918861977756
2171,0.0006446975748986006
2172,0.0007442791829816997
2173,0.000718042952939868
2174,0.0006240177899599075
2175,0.0005662133335135877
2176,0.0007667980389669538
2177,0.0005816537886857986
2178,0.0006228188285604119
2179,0.0008073919452726841
2180,0.0006654805620200932
2181,0.0006729476153850555
2182,0.0006020183209329844
2183,0.0007139256922528148
2184,0.0005633742548525333
2185,0.0007370761013589799
2186,0.0007504324894398451
2187,0.0006897803395986557
2188,0.0007294084061868489
2189,0.0005793187883682549
2190,0.0006209394196048379
2191,0.0005647757789120078
2192,0.000730343977920711
2193,0.0006465261685661972
2194,0.0006483979523181915
2195,0.0005999179556965828
2196,0.0006196298636496067
2197,0.0005047882441431284
2198,0.0006747785373590887
2199,0.000680222874507308
2200,0.000733244582079351
2201,0.0006574640283361077
2202,0.0007422827184200287
2203,0.000651502632535994
2204,0.000619713042397052
2205,0.0006946671055629849
2206,0.0006963093765079975
2207,0.0006040334701538086
2208,0.0006791178602725267
2209,0.0006942449836060405
2210,0.0006352636264637113
2211,0.0009092918480746448
2212,0.0006676530465483665
2213,0.0006877380074001849
2214,0.0007228712784126401
2215,0.0006285824347287416
2216,0.0005455707432702184
2217,0.0006986052030697465
2218,0.0006368897156789899
2219,0.0006992121925577521
2220,0.0007652854546904564
2221,0.0007638853276148438
2222,0.0006085246568545699
2223,0.0006840578862465918
2224,0.0006255425396375358
2225,0.0007209480972960591
2226,0.000679930264595896
2227,0.0007471605204045773
2228,0.0007671549683436751
2229,0.0006574158323928714
2230,0.0006698400247842073
2231,0.0005728387041017413
2232,0.0005630792584270239
2233,0.000750087492633611
2234,0.0006103417836129665
2235,0.0007418933091685176
2236,0.0006441552541218698
2237,0.0006390507915057242
2238,0.0005804302054457366
2239,0.0007668365724384785
2240,0.0006947146030142903
2241,0.0006899659638293087
2242,0.0007536556804552674
2243,0.0006812242791056633
2244,0.0006766035221517086
2245,0.0006483299657702446
2246,0.0005558290285989642
2247,0.0007987868739292026
2248,0.000647947599645704
2249,0.0006177783361636102
2250,0.0006113043637014925
2251,0.000669212662614882
2252,0.0006311920005828142
2253,0.0005927166785113513
2254,0.0006539979949593544
2255,0.0006424736930057406
2256,0.0006365526933223009
2257,0.0006321732071228325
2258,0.0006842165603302419
2259,0.00059000204782933
2260,0.0007266663014888763
2261,0.000767422141507268
2262,0.000770936778280884
2263,0.0006978113669902086
2264,0.0007261071004904807
2265,0.0005671484977938235
2266,0.0007447719108313322
2267,0.0006355642690323293
2268,0.0006360199768096209
2269,0.0006896001286804676
2270,0.00059059530030936
2271,0.0006945656496100128
2272,0.0006724204868078232
2273,0.000615627272054553
2274,0.0007434264407493174
2275,0.0007206802256405354
2276,0.0005907817976549268
2277,0.0007270306814461946
2278,0.0006625787355005741
2279,0.0005812215385958552
2280,0.0007576270145364106
2281,0.0006647661793977022
2282,0.0006005094619467854
2283,0.0007426262018270791
2284,0.0007535686017945409
2285,0.0006265391130000353
2286,0.0009072394459508359
2287,0.0006524209748022258
2288,0.0008045166614465415
2289,0.0006500221788883209
2290,0.0006171615677885711
2291,0.0007021288038231432
2292,0.0006249924772419035
2293,0.0006661516963504255
2294,0.0005670743412338197
2295,0.0008306152303703129
2296,0.000672787195071578
2297,0.0008077840320765972
2298,0.0007076156325638294
2299,0.0008066053269430995
2300,0.0005459160311147571
2301,0.0006669199792668223
2302,0.0006895780097693205
2303,0.0006186009850353003
2304,0.0005743193905800581
2305,0.0006301857647486031
2306,0.0006523925694637001
2307,0.0006669061258435249
2308,0.0007423092611134052
2309,0.0006389011396095157
2310,0.000898582162335515
2311,0.0006988528184592724
2312,0.0008739820914343
2313,0.0007034041918814182
2314,0.0006130986730568111
2315,0.0006792980711907148
2316,0.0006785335717722774
2317,0.0007778201252222061
2318,0.0006155791925266385
2319,0.0005522377323359251
2320,0.0007556754862889647
2321,0.0007224447326734662
2322,0.0005668545491062105
2323,0.0007077981717884541
2324,0.0006661572260782123
2325,0.0006585484952665865
2326,0.0007819983875378966
2327,0.0007560522644780576
2328,0.000668060383759439
2329,0.0007024331134743989
2330,0.0007922428194433451
2331,0.000820113462395966
2332,0.0005636216374114156
2333,0.0007804729393683374
2334,0.0006624540546908975
2335,0.0006850284989923239
2336,0.0006791300838813186
2337,0.0006361878477036953
2338,0.0006004463066346943
2339,0.0007575969211757183
2340,0.0006342678098008037
2341,0.0006861983565613627
2342,0.000622422609012574
2343,0.0007453870493918657
2344,0.0006504726479761302
2345,0.0006085911300033331
2346,0.0006807665340602398
2347,0.0006946602370589972
2348,0.0006456062546931207
2349,0.0007480556378141046
2350,0.0005057848757132888
2351,0.000644825107883662
2352,0.0007401637267321348
2353,0.0007542941020801663
2354,0.0006114605348557234
2355,0.000618122227024287
2356,0.0006181115750223398
2357,0.0005669384263455868
2358,0.0006712400354444981
2359,0.0005674095591530204
2360,0.0007268247427418828
2361,0.0007197007071226835
2362,0.0007656249799765646
2363,0.0006216649198904634
2364,0.0006961050676181912
2365,0.0007535488693974912
2366,0.0006993593415245414
2367,0.0006262662936933339
2368,0.0006254112813621759
2369,0.0005624823970720172
2370,0.0005794634344056249
2371,0.0006774705834686756
2372,0.0007532122544944286
2373,0.0006239167414605618
2374,0.0006967260269448161
2375,0.0005713844439014792
2376,0.0007500684587284923
2377,0.0007844667416065931
2378,0.0006363348220475018
2379,0.0006043165922164917
2380,0.0007190168835222721
2381,0.0007040644995868206
2382,0.0006905089830979705
2383,0.000622021034359932
2384,0.0006565236253663898
2385,0.0008110017515718937
2386,0.0007966691628098488
2387,0.0006766722653992474
2388,0.0007302557351067662
2389,0.0006853888626210392
2390,0.0007382640615105629
2391,0.0005259311874397099
2392,0.0006581480847671628
2393,0.000677193165756762
2394,0.0008703874773345888
2395,0.0006554219289682806
2396,0.0006755250506103039
2397,0.0006902249297127128
2398,0.0008667464717291296
2399,0.0008636716520413756
2400,0.0008115055970847607
2401,0.0006314240745268762
2402,0.0006636428879573941
2403,0.0007084329845383763
2404,0.0007665824959985912
2405,0.0008549188496544957
2406,0.0006539614405483007
2407,0.0007574003539048135
2408,0.0008876053616404533
2409,0.0007433262653648853
2410,0.0007171837496571243
2411,0.0007783860201016068
2412,0.0007335407426580787
2413,0.0006701500969938934
2414,0.000653270457405597
2415,0.0006656346376985312
2416,0.000762428215239197
2417,0.0007251850329339504
2418,0.0006030427757650614
2419,0.0005841262172907591
2420,0.0007181124528869987
2421,0.0005890118191018701
2422,0.0006998908356763422
2423,0.000625423330347985
2424,0.0005892793997190893
2425,0.0005549698835238814
2426,0.0006748276646248996
2427,0.0006094409036450088
2428,0.0005683578201569617
2429,0.0006649696733802557
2430,0.0006574838189408183
2431,0.0005651537794619799
2432,0.0006699204677715898
2433,0.0005745859234593809
2434,0.0005976620595902205
2435,0.0005369387217797339
2436,0.0006091600516811013
2437,0.0006421175203286111
2438,0.0005352970911189914
2439,0.0006565351504832506
2440,0.0005933273350819945
2441,0.000696760427672416
2442,0.0006635059835389256
2443,0.0006757603259757161
2444,0.0006013938691467047
2445,0.0007027692045085132
2446,0.0007766149938106537
2447,0.0006110346876084805
2448,0.0006439504213631153
2449,0.0006402269355021417
2450,0.000542669091373682
2451,0.0006598958862014115
2452,0.0007177682127803564
2453,0.0006198177579790354
2454,0.0006966447690501809
2455,0.0007603548583574593
2456,0.0006898400606587529
2457,0.0008044253336265683
2458,0.0007174080237746239
2459,0.0007413490093313158
2460,0.0006150599801912904
2461,0.0006602444918826222
2462,0.0006881333538331091
2463,0.0008042593253776431
2464,0.0006852868245914578
2465,0.000599469116423279
2466,0.0006184937083162367
2467,0.0006818706169724464
2468,0.000620078353676945
2469,0.0007495679310522974
2470,0.0006242534145712852
2471,0.0008846863056533039
2472,0.0007352465763688087
2473,0.0006635359604842961
2474,0.0007205074653029442
2475,0.0006622179644182324
2476,0.000790471734944731
2477,0.0008188534411601722
2478,0.0007366189965978265
2479,0.0007824531057849526
2480,0.0005050146719440818
2481,0.0006386418826878071
2482,0.0006524475174956024
2483,0.0006820157286711037
2484,0.0006522548501379788
2485,0.0008971982169896364
2486,0.0006397604010999203
2487,0.0006859804852865636
2488,0.0007045279489830136
2489,0.0007200009422376752
2490,0.000677418545819819
2491,0.0005939517868682742
2492,0.0006016814149916172
2493,0.0007185438880696893
2494,0.0006126855150796473
2495,0.000562429369892925
2496,0.0006039926083758473
2497,0.0005831652670167387
2498,0.0006195776513777673
2499,0.0006499565788544714
2500,0.000772523635532707
2501,0.0007425389485433698
2502,0.000713104207534343
2503,0.0007198042003437877
2504,0.0007255865493789315
2505,0.0006757789524272084
2506,0.0006599864573217928
2507,0.000602591666392982
2508,0.0006775617366656661
2509,0.0006501431344076991
2510,0.0007643040735274553
2511,0.0006514099077321589
2512,0.0007289421046152711
2513,0.0006660629878751934
2514,0.0005630409577861428
2515,0.0006920703453943133
2516,0.000862675835378468
2517,0.0005844400729984045
2518,0.0007391320541501045
2519,0.0005283516366034746
2520,0.0006888563511893153
2521,0.0006774173816666007
2522,0.0006040919688530266
2523,0.0006961429608054459
2524,0.0006564391660504043
2525,0.0006374433287419379
2526,0.0006228197016753256
2527,0.0007077633636072278
2528,0.0007305629551410675
2529,0.0005692369304597378
2530,0.0008022815454751253
2531,0.0007516234763897955
2532,0.0006457292474806309
2533,0.0007605994469486177
2534,0.0007202569395303726
2535,0.0006378665566444397
2536,0.000688013678882271
2537,0.000600277679041028
2538,0.0007001860067248344
2539,0.000823725713416934
2540,0.0006289536831900477
2541,0.0005601169541478157
2542,0.0006656151381321251
2543,0.0007800135063007474
2544,0.0007238294929265976
2545,0.0005139590357430279
2546,0.0006730324239470065
2547,0.0007055557798594236
2548,0.0007789832889102399
2549,0.0008029079181142151
2550,0.0006441656732931733
2551,0.0006739943637512624
2552,0.0006187784019857645
2553,0.0008613960817456245
2554,0.0007395954453386366
2555,0.0007044798694550991
2556,0.0007650146726518869
2557,0.0006179583724588156
2558,0.000572947203181684
2559,0.0006959624006412923
2560,0.0007824082858860493
2561,0.0006658521597273648
2562,0.0007226193556562066
2563,0.0008492714259773493
2564,0.0007085461402311921
2565,0.0008014460909180343
2566,0.0009064809419214725
2567,0.0007077209302224219
2568,0.0007288602646440268
2569,0.0004985408158972859
2570,0.0006962686311453581
2571,0.0006915897829458117
2572,0.0007569217123091221
2573,0.0007249038899317384
2574,0.000683595659211278
2575,0.0006319321691989899
2576,0.0006829323247075081
2577,0.0006218396592885256
2578,0.000644701300188899
2579,0.0006387461326085031
2580,0.0005981174181215465
2581,0.0007036746828816831
2582,0.0006402404396794736
2583,0.0007238067919388413
2584,0.0006599111948162317
2585,0.0006112851551733911
2586,0.0006230957224033773
2587,0.0006614410085603595
2588,0.0007099722279235721
2589,0.0005889000603929162
2590,0.0005966785829514265
2591,0.0006397753022611141
2592,0.0006829262711107731
2593,0.0005944919539615512
2594,0.0007818893063813448
2595,0.0007163028931245208
2596,0.0008353841258212924
2597,0.0007198245730251074
2598,0.0008262571645900607
2599,0.0006071151583455503
2600,0.0006263026152737439
2601,0.0006771655171178281
2602,0.0006541373440995812
2603,0.0006913663819432259
2604,0.0007016063900664449
2605,0.0006835926906205714
2606,0.0006792929489165545
2607,0.0006566466763615608
2608,0.0006267095450311899
2609,0.0006238449132069945
2610,0.000649120775051415
2611,0.0007030469132587314
2612,0.0007015805458649993
2613,0.0005912012420594692
2614,0.0006221086950972676
2615,0.0007043523364700377
2616,0.0006781071424484253
2617,0.0006698265788145363
2618,0.0007703242590650916
2619,0.0006319687818177044
2620,0.0006692067836411297
2621,0.0006496360874734819
2622,0.0008139547426253557
2623,0.0007377710426226258
2624,0.0006918170256540179
2625,0.0007477651815861464
2626,0.0006991767440922558
2627,0.0008620810694992542
2628,0.0006011657533235848
2629,0.0006932963151484728
2630,0.0006287014111876488
2631,0.0005677337758243084
2632,0.0006591552519239485
2633,0.000603733875323087
2634,0.0006344090215861797
2635,0.0007240741979330778
2636,0.0008259252645075321
2637,0.0006692279130220413
2638,0.0006325888680294156
2639,0.0006578491302207112
2640,0.0006200054194778204
2641,0.000626284396275878
2642,0.0006156776798889041
2643,0.0006898493738844991
2644,0.000561726454179734
2645,0.0006763226119801402
2646,0.0006887803319841623
2647,0.0006896359263919294
2648,0.0006755087524652481
2649,0.0007173094199970365
2650,0.0006708584842272103
2651,0.0006352842319756746
2652,0.0006242981180548668
2653,0.0006282407557591796
2654,0.0006940155290067196
2655,0.000710260181222111
2656,0.0006759361131116748
2657,0.0007165380520746112
2658,0.0006772132473997772
2659,0.0006170469569042325
2660,0.0006806928431615233
2661,0.0006579973269253969
2662,0.0007517648045904934
2663,0.0007960273651406169
2664,0.0006810706108808517
2665,0.0006919002626091242
2666,0.0007325448095798492
2667,0.0007043820223771036
2668,0.0006479622679762542
2669,0.0007882771315053105
2670,0.0007255446398630738
2671,0.0006702844984829426
2672,0.0007299340795725584
2673,0.0006507289363071322
2674,0.0006948460941202939
2675,0.0005753659643232822
2676,0.0006967372610233724
2677,0.0006871239165775478
2678,0.0007300334400497377
2679,0.0006577130407094955
2680,0.000723315286450088
2681,0.0006964726489968598
2682,0.0006588770775124431
2683,0.0006137093296274543
2684,0.0005954791558906436
2685,0.0006704581901431084
2686,0.0006825963500887156
2687,0.0007123923860490322
2688,0.0007706435862928629
2689,0.000752535997889936
2690,0.0006478266441263258
2691,0.0006728919688612223
2692,0.0006817531539127231
2693,0.0005181469023227692
2694,0.0008107838220894337
2695,0.0006775445654056966
2696,0.0006663077510893345
2697,0.0005921621341258287
2698,0.0005624655168503523
2699,0.0006530963582918048
2700,0.0006164163933135569
2701,0.0006678026402369142
2702,0.0005792550509795547
2703,0.0006483725737780333
2704,0.0005438559455797076
2705,0.0008013767655938864
2706,0.0006642266525886953
2707,0.0007045413367450237
2708,0.0006412678631022573
2709,0.0006278607179410756
2710,0.0006668040296062827
2711,0.0006084489868953824
2712,0.0007094942848198116
2713,0.0006091714021749794
2714,0.0006752037443220615
2715,0.0007493341690860689
2716,0.0007181327091529965
2717,0.0006916189449839294
2718,0.0006533076521009207
2719,0.0007659462280571461
2720,0.0007126002456061542
2721,0.0007059440249577165
2722,0.0006490311352536082
2723,0.0006046643247827888
2724,0.0007289735949598253
2725,0.0006954089039936662
2726,0.0006752642802894115
2727,0.000629190995823592
2728,0.0005842312821187079
2729,0.0007801776519045234
2730,0.0006231394945643842
2731,0.0007958327187225223
2732,0.0007312861271202564
2733,0.0006660557119175792
2734,0.0006818784167990088
2735,0.0006522597977891564
2736,0.0006994663272053003
2737,0.0006161383935250342
2738,0.0007566476124338806
2739,0.0006300539243966341
2740,0.0005676410510204732
2741,0.0006780331605114043
2742,0.0007209526374936104
2743,0.0006479144212789834
2744,0.0006815982633270323
2745,0.0007040543714538217
2746,0.0006890292861498892
2747,0.0005785207031294703
2748,0.0007488012779504061
2749,0.0006718260119669139
2750,0.0006476010894402862
2751,0.0007421333575621247
2752,0.0007669007172808051
2753,0.0006075062556192279
2754,0.000679319491609931
2755,0.0005182368913665414
2756,0.0007059704512357712
2757,0.0007129760924726725
2758,0.00069990917108953
2759,0.0006685990374535322
2760,0.0006232295418158174
2761,0.0005034051719121635
2762,0.0007280910504050553
2763,0.0007621896802447736
2764,0.0006437049014493823
2765,0.00063493219204247
2766,0.0007756270351819694
2767,0.0007917379844002426
2768,0.0006836688844487071
2769,0.0007610432803630829
2770,0.000572466291487217
2771,0.000598396232817322
2772,0.0006974556017667055
2773,0.0006328154704533517
2774,0.0007816478610038757
2775,0.0007700345013290644
2776,0.0007336420239880681
2777,0.0006908455397933722
2778,0.0007439365144819021
2779,0.0005865168059244752
2780,0.0005729616386815906
2781,0.0006934410193935037
2782,0.0005728262476623058
2783,0.0006334949866868556
2784,0.0007009938126429915
2785,0.0006601571221835911
2786,0.00068900384940207
2787,0.000718005932867527
2788,0.0006673041498288512
2789,0.0005457515362650156
2790,0.0007120762020349503
2791,0.0005977075779810548
2792,0.0006639849161729217
2793,0.0007452003774233162
2794,0.0005534319207072258
2795,0.0007053634617477655
2796,0.0005331018473953009
2797,0.0007498494815081358
2798,0.000639384554233402
2799,0.00063982984283939
2800,0.0006370249902829528
2801,0.0007277448894456029
2802,0.0006017103441990912
2803,0.000744030112400651
2804,0.0005862959660589695
2805,0.0006345040164887905
2806,0.0006829623016528785
2807,0.0007951228762976825
2808,0.0006231520674191415
2809,0.0006904187612235546
2810,0.0007279959390871227
2811,0.0007161239627748728
2812,0.0007112563471309841
2813,0.0007185527356341481
2814,0.0005938465474173427
2815,0.0006399457342922688
2816,0.0008332616998814046
2817,0.0007767097558826208
2818,0.0006479265866801143
2819,0.0007316053379327059
2820,0.0006491260137408972
2821,0.0006928357761353254
2822,0.0006708867731504142
2823,0.0006049811490811408
2824,0.0006253744941204786
2825,0.0005389293073676527
2826,0.000831507844850421
2827,0.0006602195790037513
2828,0.0006699023651890457
2829,0.0008572941878810525
2830,0.0006535814609378576
2831,0.0007579982629977167
2832,0.0007603465928696096
2833,0.0007445921655744314
2834,0.0005918388487771153
2835,0.0009057918796315789
2836,0.0006658458150923252
2837,0.0006449776119552553
2838,0.0006494203698821366
2839,0.000680293538607657
2840,0.0007440252229571342
2841,0.0006435731775127351
2842,0.0006765869329683483
2843,0.0006295886123552918
2844,0.0007065848913043737
2845,0.0005454530473798513
2846,0.0007946144323796034
2847,0.0007497954647988081
2848,0.0005910983309149742
2849,0.0006600413471460342
2850,0.0007047211402095854
2851,0.0006508409278467298
2852,0.0006683241808786988
2853,0.0007807350484654307
2854,0.0006290061865001917
2855,0.0007143484544940293
2856,0.0005684142815880477
2857,0.0007872406858950853
2858,0.0006597921019420028
2859,0.0006999906036071479
2860,0.0006945129134692252
2861,0.0007021987112239003
2862,0.0007139053195714951
2863,0.0006728728185407817
2864,0.0006470106891356409
2865,0.0006826114840805531
2866,0.0007624668069183826
2867,0.0006228702841326594
2868,0.0007159329834394157
2869,0.0007202587439678609
2870,0.0006775798392482102
2871,0.0005290108965709805
2872,0.0006964768981561065
2873,0.0005622745957225561
2874,0.0005913889617659152
2875,0.0007022295030765235
2876,0.0006406614556908607
2877,0.0006377566023729742
2878,0.0008345717214979231
2879,0.0005461230757646263
2880,0.0007200585678219795
2881,0.000725019141100347
2882,0.0006133679999038577
2883,0.0006931086536496878
2884,0.0006522259209305048
2885,0.0007257214747369289
2886,0.0007300900761038065
2887,0.0006361426203511655
2888,0.0008397079654969275
2889,0.0006607200484722853
2890,0.0005695564905181527
2891,0.0007964225951582193
2892,0.0007278420380316675
2893,0.0007314392132684588
2894,0.0006097262958064675
2895,0.0006057840073481202
2896,0.000637869699858129
2897,0.0009953421540558338
2898,0.0006273367325775325
2899,0.0006790064508095384
2900,0.0006194619345478714
2901,0.0006224790122359991
2902,0.0005963691510260105
2903,0.0006699863588437438
2904,0.0006386772729456425
2905,0.0007336274138651788
2906,0.0005546744214370847
2907,0.0006795205408707261
2908,0.0006833202205598354
2909,0.0006473345565609634
2910,0.0006522922776639462
2911,0.0007011572597548366
2912,0.0006736506475135684
2913,0.0006071915850043297
2914,0.0008515104418620467
2915,0.0006500159506686032
2916,0.0006185158854350448
2917,0.0007163711125031114
2918,0.0007269100751727819
2919,0.0006871256628073752
2920,0.0008318267646245658
2921,0.0008670486859045923
2922,0.0007812711410224438
2923,0.0008404282853007317
2924,0.0006437235861085355
2925,0.0005999845452606678
2926,0.0005819203215651214
2927,0.0007585352868773043
2928,0.0006895202677696943
2929,0.0007197126979008317
2930,0.000698581978213042
2931,0.0006009690696373582
2932,0.0006039364379830658
2933,0.0005682241171598434
2934,0.0005633471882902086
2935,0.0006789414910599589
2936,0.0006200807401910424
2937,0.000735109846573323
2938,0.0006815587403252721
2939,0.0006410811329260468
2940,0.0007955307955853641
2941,0.0006380030536092818
2942,0.0007118781795725226
2943,0.0007110015721991658
2944,0.0006699084769934416
2945,0.0006328289164230227
2946,0.0005126334726810455
2947,0.0006521535106003284
2948,0.0007446253439411521
2949,0.0006602248176932335
2950,0.0007669493206776679
2951,0.0006758453673683107
2952,0.0007019751355983317
2953,0.0008150989306159317
2954,0.0008538947440683842
2955,0.0006796630914323032
2956,0.000664129969663918
2957,0.0006862159352749586
2958,0.0007513254531659186
2959,0.000623623956926167
2960,0.000703966710716486
2961,0.0006809192709624767
2962,0.0006368128815665841
2963,0.0006387806497514248
2964,0.000648771645501256
2965,0.0006912116659805179
2966,0.0006336024962365627
2967,0.0007207357557490468
2968,0.0006150986300781369
2969,0.0008253909181803465
2970,0.00047022945364005864
2971,0.0007579812663607299
2972,0.0006953813135623932
2973,0.0006257896311581135
2974,0.0006061350577510893
2975,0.0006750284810550511
2976,0.0006829252815805376
2977,0.0005290840636007488
2978,0.0007791699026711285
2979,0.0008152250666171312
2980,0.0006363182328641415
2981,0.0006218969356268644
2982,0.0005525755695998669
2983,0.0007776074344292283
2984,0.0006678226636722684
2985,0.0007113884203135967
2986,0.0008081710548140109
2987,0.0005872742040082812
2988,0.0007099293870851398
2989,0.0006610392592847347
2990,0.0006600281922146678
2991,0.0005245354841463268
2992,0.0006858259439468384
2993,0.0008773811277933419
2994,0.0006458049174398184
2995,0.0006458283751271665
2996,0.0008787245023995638
2997,0.000753165630158037
2998,0.0005219944287091494
2999,0.0006524432101286948
3000,0.0006419640849344432
3001,0.0006111065158620477
3002,0.0006771153421141207
3003,0.0006237106863409281
3004,0.0006776621448807418
3005,0.0006306048016995192
3006,0.0005360116483643651
3007,0.0007165326969698071
3008,0.0006078758742660284
3009,0.0006306868745014071
3010,0.0006841395515948534
3011,0.0008248297963291407
3012,0.0007442578207701445
3013,0.0006383775034919381
3014,0.0005945292068645358
3015,0.0006862212321721017
3016,0.0006088840891607106
3017,0.000679904711432755
3018,0.0005721764173358679
3019,0.0007454850128851831
3020,0.0007751925149932504
3021,0.000714049325324595
3022,0.00072390993591398
3023,0.0006212902953848243
3024,0.0005849369335919619
3025,0.0006521589821204543
3026,0.0007200096733868122
3027,0.0007319218129850924
3028,0.00066457997309044
3029,0.0007210853509604931
3030,0.0006304375128820539
3031,0.0006549541722051799
3032,0.0006650257855653763
3033,0.0006608396652154624
3034,0.000739780196454376
3035,0.0007047193357720971
3036,0.0006365524022839963
3037,0.0006781655829399824
3038,0.0006967774825170636
3039,0.0008472267654724419
3040,0.0006233127787709236
3041,0.0006523719639517367
3042,0.0007305575418286026
3043,0.0006905302288942039
3044,0.0007059184135869145
3045,0.0005745716043747962
3046,0.0006652739248238504
3047,0.0007503784145228565
3048,0.0008462261175736785
3049,0.0008057646919041872
3050,0.0006443076999858022
3051,0.0007411125116050243
3052,0.0006040695589035749
3053,0.0006177944596856833
3054,0.0006842730799689889
3055,0.0006946478970348835
3056,0.000744129647500813
3057,0.000702320714481175
3058,0.0006584225920960307
3059,0.000673983187880367
3060,0.00059284339658916
3061,0.0006563654751516879
3062,0.0006853466620668769
3063,0.0007370308740064502
3064,0.0006592190475203097
3065,0.0007440493209287524
3066,0.0006626565591432154
3067,0.0007159037049859762
3068,0.0006388501496985555
3069,0.0007256133249029517
3070,0.0008522361749783158
3071,0.0006888667121529579
3072,0.0006050639785826206
3073,0.0007521716179326177
3074,0.0006544783827848732
3075,0.000495785498060286
3076,0.0006342720007523894
3077,0.0007126594427973032
3078,0.0006237151683308184
3079,0.0005980851128697395
3080,0.0007781320018693805
3081,0.0006126032094471157
3082,0.0006424455787055194
3083,0.0007523564854636788
3084,0.0006389589980244637
3085,0.0007926758844405413
3086,0.0005903310375288129
3087,0.0006195242167450488
3088,0.0006631487631238997
3089,0.0005970345810055733
3090,0.0006801647832617164
3091,0.0006653934251517057
3092,0.0007345856283791363
3093,0.0005484576686285436
3094,0.000630625756457448
3095,0.0006172987632453442
3096,0.0005874222842976451
3097,0.0007538626668974757
3098,0.0006309316959232092
3099,0.0006224441458471119
3100,0.0006872327066957951
3101,0.0006050895899534225
3102,0.0007164798444136977
3103,0.0007391555700451136
3104,0.0006833849474787712
3105,0.0006884931935928762
3106,0.0007854506839066744
3107,0.0006431295769289136
3108,0.0007599411765113473
3109,0.0007009634282439947
3110,0.0005941199488006532
3111,0.0007143887341953814
3112,0.0006480867741629481
3113,0.0006189539562910795
3114,0.0007897536852397025
3115,0.0006895403494127095
3116,0.0006227821577340364
3117,0.0006041254964657128
3118,0.0007429537363350391
3119,0.0006499625742435455
3120,0.000699120108038187
3121,0.0006463588215410709
3122,0.0005626046913675964
3123,0.0006850253557786345
3124,0.000628072302788496
3125,0.0006078715086914599
3126,0.0006719052325934172
3127,0.0007536233169957995
3128,0.0007020308403298259
3129,0.0005627019563689828
3130,0.000791713478974998
3131,0.0006312415353022516
3132,0.0007527762209065259
3133,0.0007467594696208835
3134,0.0006830614292994142
3135,0.0006377064273692667
3136,0.0006380759296007454
3137,0.0007373744156211615
3138,0.0006916930433362722
3139,0.0006381170824170113
3140,0.0006156992167234421
3141,0.0006377290119417012
3142,0.0007763172616250813
3143,0.0006359778926707804
3144,0.0007032167632132769
3145,0.0006666036788374186
3146,0.000653091527055949
3147,0.0007030011038295925
3148,0.0007535027107223868
3149,0.0006159460754133761
3150,0.000695472932420671
3151,0.0006233968306332827
3152,0.0007067144033499062
3153,0.0006584795191884041
3154,0.0006303141126409173
3155,0.0007216476369649172
3156,0.0007008148822933435
3157,0.0007834378629922867
3158,0.0007520842482335865
3159,0.0008068243623711169
3160,0.0006584038492292166
3161,0.0006045196787454188
3162,0.0006948449881747365
3163,0.0007920832140371203
3164,0.0006745996652171016
3165,0.0007886924431659281
3166,0.0006623415392823517
3167,0.0005357068730518222
3168,0.0007572295144200325
3169,0.0008383872336708009
3170,0.000798011024016887
3171,0.0005759138148277998
3172,0.0009254786418750882
3173,0.0006703387480229139
3174,0.0006433924427255988
3175,0.0007024703663773835
3176,0.0007072612643241882
3177,0.00046101174666546285
3178,0.0005758866318501532
3179,0.000827643321827054
3180,0.0005407361313700676
3181,0.0006438646232709289
3182,0.0007358909351751208
3183,0.0006357895908877254
3184,0.0006537338485941291
3185,0.0005660599563270807
3186,0.0006420820136554539
3187,0.0006195346941240132
3188,0.0005719639593735337
3189,0.0007379367598332465
3190,0.0005668650846928358
3191,0.0007255746750161052
3192,0.0006792805506847799
3193,0.0006088166846893728
3194,0.0006464750622399151
3195,0.0006085968343541026
3196,0.000596391037106514
3197,0.0007930479478091002
3198,0.0005792065639980137
3199,0.0008020311361178756
3200,0.0007036675233393908
3201,0.000628648791462183
3202,0.0007139538647606969
3203,0.0006388169131241739
3204,0.0005718547618016601
3205,0.0005773761076852679
3206,0.0006148960674181581
3207,0.0007838814053684473
3208,0.000776040309574455
3209,0.0006389089394360781
3210,0.0006864790339022875
3211,0.0005877303192391992
3212,0.0008087738533504307
3213,0.0007759605068713427
3214,0.0007630600011907518
3215,0.0007326953345909715
3216,0.0006255264743231237
3217,0.0007387143559753895
3218,0.0006580839399248362
3219,0.0006946983048692346
3220,0.0008704647189006209
3221,0.0007038796320557594
3222,0.0005867150612175465
3223,0.0005807848065160215
3224,0.0006115827709436417
3225,0.0005975585663691163
3226,0.0006341069238260388
3227,0.0007799832383170724
3228,0.0009418210829608142
3229,0.0007053660810925066
3230,0.0006910859374329448
3231,0.0007206130539998412
3232,0.0006448384374380112
3233,0.0007448242977261543
3234,0.0004863178764935583
3235,0.0006153056747280061
3236,0.0008105398737825453
3237,0.0007251797360368073
3238,0.0005498753162100911
3239,0.0007618701783940196
3240,0.0006899138679727912
3241,0.0006461299490183592
3242,0.0006282506510615349
3243,0.0007425881922245026
3244,0.0006755990325473249
3245,0.0006748025771230459
3246,0.0006787056336179376
3247,0.0007317570270970464
3248,0.0006299861706793308
3249,0.0007776144193485379
3250,0.0006457189447246492
3251,0.0007590102031826973
3252,0.0007017688476480544
3253,0.0007173369522206485
3254,0.0006995204603299499
3255,0.0006420048885047436
3256,0.0005894182249903679
3257,0.0005057415692135692
3258,0.0005599808646366
3259,0.0006541875191032887
3260,0.0005897068185731769
3261,0.0006872644880786538
3262,0.0006741176475770772
3263,0.00068039377219975
3264,0.000683806196320802
3265,0.0007025871309451759
3266,0.0007681353017687798
3267,0.0006868533091619611
3268,0.000645071966573596
3269,0.0006678227800875902
3270,0.0007013435242697597
3271,0.0007537897326983511
3272,0.000553340301848948
3273,0.0006692939205095172
3274,0.0005470315227285028
3275,0.0005851306486874819
3276,0.0006894399994052947
3277,0.0006526493234559894
3278,0.0006393397925421596
3279,0.0005724253715015948
3280,0.0006977933226153255
3281,0.0007163315895013511
3282,0.0007122880779206753
3283,0.0005828222492709756
3284,0.0006003751768730581
3285,0.0006691445014439523
3286,0.0006506204372271895
3287,0.0006030908552929759
3288,0.0006957104196771979
3289,0.0006758805247955024
3290,0.0007156298379413784
3291,0.0006898560095578432
3292,0.0007576621137559414
3293,0.0007095227483659983
3294,0.0006737667717970908
3295,0.0006514257984235883
3296,0.0006837164983153343
3297,0.000710357679054141
3298,0.000652739719953388
3299,0.0007743238238617778
3300,0.0006606729584746063
3301,0.0007314110407605767
3302,0.0006314601632766426
3303,0.0006240882794372737
3304,0.0005136349936947227
3305,0.0007406326476484537
3306,0.0006696461350657046
3307,0.0005442045512609184
3308,0.0007454315200448036
3309,0.0007469885749742389
3310,0.000783361669164151
3311,0.0006841708673164248
3312,0.0006701497477479279
3313,0.0006590283010154963
3314,0.0006206344114616513
3315,0.0007545757107436657
3316,0.0006798146641813219
3317,0.0006474369438365102
3318,0.0006305490387603641
3319,0.0007972124149091542
3320,0.0006361763225868344
3321,0.0006381272105500102
3322,0.0006454146932810545
3323,0.000665796862449497
3324,0.0006533293053507805
3325,0.0007346755592152476
3326,0.0006393315270543098
3327,0.0006911506061442196
3328,0.0005508929607458413
3329,0.0006751243490725756
3330,0.0006328268791548908
3331,0.0007208185852505267
3332,0.0007762375171296299
3333,0.0007346948841586709
3334,0.0007289248751476407
3335,0.0006258756620809436
3336,0.0006869047065265477
3337,0.0006419335259124637
3338,0.0006671651499345899
3339,0.000719362054951489
3340,0.0006132618291303515
3341,0.0007581312675029039
3342,0.0006435841205529869
3343,0.000664858496747911
3344,0.0008202180033549666
3345,0.0007257881807163358
3346,0.0006283905822783709
3347,0.0007337282877415419
3348,0.0005745969247072935
3349,0.0007070463034324348
3350,0.0006349848117679358
3351,0.0007069361163303256
3352,0.0005659307935275137
3353,0.0007700591813772917
3354,0.0006063570035621524
3355,0.0006404031300917268
3356,0.0008914949139580131
3357,0.0005856010247953236
3358,0.0007107221754267812
3359,0.0009386265883222222
3360,0.0006585302762687206
3361,0.0006609855336137116
3362,0.0007398086600005627
3363,0.0007262074504978955
3364,0.0006232036394067109
3365,0.0006906845374032855
3366,0.0007209047907963395
3367,0.0005829689907841384
3368,0.0006944728083908558
3369,0.0006648023845627904
3370,0.0006127678207121789
3371,0.0006766295409761369
3372,0.0007493571611121297
3373,0.0007187401060946286
3374,0.0007418228196911514
3375,0.0006561441114172339
3376,0.0007002584170550108
3377,0.0005597549024969339
3378,0.0006483210599981248
3379,0.0007176639046519995
3380,0.0006645385874435306
3381,0.0007794148987159133
3382,0.0005970917991362512
3383,0.0006926895002834499
3384,0.0006590141565538943
3385,0.0007539017242379487
3386,0.0005942582502029836
3387,0.0006658683414570987
3388,0.0006584568182006478
3389,0.0006072858232073486
3390,0.0006157238385640085
3391,0.0006524951313622296
3392,0.0006310266326181591
3393,0.00059637485537678
3394,0.000598083483055234
3395,0.0007666945457458496
3396,0.0007112992461770773
3397,0.00062713393708691
3398,0.000602379092015326
3399,0.0005795362521894276
3400,0.0007507234113290906
3401,0.0006708150613121688
3402,0.0008601460722275078
3403,0.0006128039094619453
3404,0.0006511994870379567
3405,0.0006692245369777083
3406,0.0007498743943870068
3407,0.0006106529617682099
3408,0.000811588135547936
3409,0.000594557321164757
3410,0.0006244247197173536
3411,0.0007921693613752723
3412,0.0006535853026434779
3413,0.0006594958831556141
3414,0.0007177421939559281
3415,0.0006373387877829373
3416,0.00065708311740309
3417,0.0007330497028306127
3418,0.0008229445666074753
3419,0.0006667884299531579
3420,0.0005798354977741838
3421,0.0007705712923780084
3422,0.0005630406085401773
3423,0.0005478046950884163
3424,0.0007007865933701396
3425,0.0006369908805936575
3426,0.0006703910185024142
3427,0.0007209064206108451
3428,0.0007028927793726325
3429,0.0006492611719295382
3430,0.0007111994782462716
3431,0.0007217432139441371
3432,0.0005729818367399275
3433,0.0006822454161010683
3434,0.0006701552192680538
3435,0.000557389750611037
3436,0.0006662588566541672
3437,0.0005602211458608508
3438,0.0006985227228142321
3439,0.0006251187296584249
3440,0.0006900710286572576
3441,0.0007977160857990384
3442,0.0008698595920577645
3443,0.0006876603001728654
3444,0.0007316159317269921
3445,0.0007506769616156816
3446,0.0007353986147791147
3447,0.0007134648622013628
3448,0.0006641173386014998
3449,0.0005577717092819512
3450,0.0006383889121934772
3451,0.0005925188306719065
3452,0.0007630804320797324
3453,0.000621975224930793
3454,0.0007519781356677413
3455,0.0006814406951889396
3456,0.0006422215374186635
3457,0.0007772172102704644
3458,0.0004792152903974056
3459,0.0006619030027650297
3460,0.0007738694548606873
3461,0.000686200219206512
3462,0.000715889735147357
3463,0.0006385627784766257
3464,0.000609753595199436
3465,0.0006421960424631834
3466,0.0005808698479086161
3467,0.0006548482924699783
3468,0.0006205766694620252
3469,0.000724876532331109
3470,0.0006629304843954742
3471,0.0006086656940169632
3472,0.0008113086805678904
3473,0.0007079674396663904
3474,0.0007717224070802331
3475,0.000732528802473098
3476,0.0006474293186329305
3477,0.0006539839087054133
3478,0.0006606449605897069
3479,0.0007617886294610798
3480,0.0005674242274835706
3481,0.0006806338205933571
3482,0.0008608107455074787
3483,0.0007724824245087802
3484,0.0008215419948101044
3485,0.0006379513652063906
3486,0.0007614828646183014
3487,0.000599839142523706
3488,0.0007702159928157926
3489,0.0007582158432342112
3490,0.0006541304173879325
3491,0.00072031922172755
3492,0.0006241416558623314
3493,0.0005046016303822398
3494,0.0006548940436914563
3495,0.0006434409879148006
3496,0.0007064861129038036
3497,0.0005990981590002775
3498,0.0006100994069129229
3499,0.0006757024675607681
3500,0.0006381866987794638
3501,0.0007150495075620711
3502,0.0008142759324982762
3503,0.000710301857907325
3504,0.0006573103601112962
3505,0.0006070974050089717
3506,0.0006227411213330925
3507,0.0006733267800882459
3508,0.0005785301909781992
3509,0.0006322921835817397
3510,0.0006834970554336905
3511,0.0006291948957368731
3512,0.0006909479852765799
3513,0.0005934585351496935
3514,0.000587380607612431
3515,0.0006611377466470003
3516,0.0006941945757716894
3517,0.0005390976439230144
3518,0.0005646559875458479
3519,0.0008108927286230028
3520,0.0006491935346275568
3521,0.0005692863487638533
3522,0.000708439911250025
3523,0.000563601846806705
3524,0.0007368567166849971
3525,0.0006792393978685141
3526,0.0007570400484837592
3527,0.0006573073333129287
3528,0.0006957566365599632
3529,0.000717411283403635
3530,0.000603720429353416
3531,0.0006859618006274104
3532,0.0006522475159727037
3533,0.0007267540204338729
3534,0.0006865890463814139
3535,0.0007359672454185784
3536,0.0007384662749245763
3537,0.000737226742785424
3538,0.0007181417313404381
3539,0.0007349245715886354
3540,0.0006162370555102825
3541,0.000704817590303719
3542,0.0007393004489131272
3543,0.0006542617338709533
3544,0.0007228481117635965
3545,0.0006294500781223178
3546,0.0006450815126299858
3547,0.0006162180798128247
3548,0.0006590525154024363
3549,0.0007903523510321975
3550,0.0005837595090270042
3551,0.0007326183840632439
3552,0.0007513795280829072
3553,0.0006948969676159322
3554,0.0007801008759997785
3555,0.0005788909620605409
3556,0.0006437089177779853
3557,0.000685717910528183
3558,0.0006427996559068561
3559,0.0007088339189067483
3560,0.0006261903326958418
3561,0.0007762924069538713
3562,0.0006615588208660483
3563,0.0007496830075979233
3564,0.0005772284930571914
3565,0.000629603979177773
3566,0.0006493162363767624
3567,0.0005728528485633433
3568,0.0005910404142923653
3569,0.0007680644630454481
3570,0.0008671911200508475
3571,0.0007128387806005776
3572,0.0006696568452753127
3573,0.0007183208363130689
3574,0.0007359299343079329
3575,0.0006211076397448778
3576,0.0006208078120835125
3577,0.0006527312798425555
3578,0.0006493461551144719
3579,0.0007113666506484151
3580,0.0006259907968342304
3581,0.0006664582178927958
3582,0.0006182544748298824
3583,0.00068748026387766
3584,0.0006372510106302798
3585,0.0006512808613479137
3586,0.0006249335128813982
3587,0.0005748595576733351
3588,0.0007954814936965704
3589,0.000673046859446913
3590,0.000887317699380219
3591,0.0008358441409654915
3592,0.0007007085951045156
3593,0.0006425596075132489
3594,0.0006062236498109996
3595,0.0005980879650451243
3596,0.0008886987343430519
3597,0.0006581436027772725
3598,0.0005381922237575054
3599,0.0007432670099660754
3600,0.0007112744497135282
3601,0.0006496970891021192
3602,0.0007134396000765264
3603,0.000627258385065943
3604,0.0005199298029765487
3605,0.00078534462954849
3606,0.000817318563349545
3607,0.0006097720470279455
3608,0.0006567295640707016
3609,0.0006361663108691573
3610,0.0007267284672707319
3611,0.000619966012891382
3612,0.0006725962157361209
3613,0.0005789979477412999
3614,0.0006430064095184207
3615,0.0005368978600017726
3616,0.0005810166476294398
3617,0.0007404445204883814
3618,0.0007910120766609907
3619,0.0006354011711664498
3620,0.0007565721170976758
3621,0.000581911823246628
3622,0.0006146354135125875
3623,0.0008776221657171845
3624,0.0007874488364905119
3625,0.0006862754817120731
3626,0.000630544382147491
3627,0.0006788501050323248
3628,0.0005626584170386195
3629,0.0006524164928123355
3630,0.0006578944157809019
3631,0.0007903346559032798
3632,0.0007198336534202099
3633,0.0005779716302640736
3634,0.0007196638034656644
3635,0.0006302024703472853
3636,0.0007089461432769895
3637,0.0006775204674340785
3638,0.0006492550601251423
3639,0.0006580583867616951
3640,0.0007439723121933639
3641,0.0007152804755605757
3642,0.0005967137985862792
3643,0.0005559404380619526
3644,0.0006879352731630206
3645,0.0005370775470510125
3646,0.0006431833025999367
3647,0.0005561963771469891
3648,0.0007340532611124218
3649,0.0006093013798817992
3650,0.0008128156187012792
3651,0.0005960724083706737
3652,0.0005784507375210524
3653,0.0006453344249166548
3654,0.0006315881037153304
3655,0.0006614353624172509
3656,0.0007269876659847796
3657,0.0006565905059687793
3658,0.00067092728568241
3659,0.0007088951533660293
3660,0.0007872169953770936
3661,0.0008324898080900311
3662,0.0008570928475819528
3663,0.0007103296229615808
3664,0.0006453549722209573
3665,0.0006343631539493799
3666,0.0007478483021259308
3667,0.0007126046693883836
3668,0.0007541277445852757
3669,0.0006549305398948491
3670,0.0005818334175273776
3671,0.0006395239033736289
3672,0.0005937700043432415
3673,0.0006069474620744586
3674,0.0006049912190064788
3675,0.0005529363988898695
3676,0.0006705111591145396
3677,0.0006823470466770232
3678,0.000622296123765409
3679,0.000655046256724745
3680,0.0006180913187563419
3681,0.0007389052188955247
3682,0.0008646076312288642
3683,0.0006725846906192601
3684,0.0006918092258274555
3685,0.0007262083236128092
3686,0.000636928016319871
3687,0.0007055354071781039
3688,0.0006150432163849473
3689,0.0006531720282509923
3690,0.0006743111298419535
3691,0.0007607772131450474
3692,0.0005899392999708652
3693,0.0007141655078157783
3694,0.0007882832433097064
3695,0.000541214132681489
3696,0.0006675097974948585
3697,0.0005272083799354732
3698,0.0006512175314128399
3699,0.0007237051613628864
3700,0.0005998156848363578
3701,0.0006849776837043464
3702,0.0005810432485304773
3703,0.0006214148015715182
3704,0.0005864149425178766
3705,0.0007219875697046518
3706,0.0007143323891796172
3707,0.0006956718862056732
3708,0.0007030023261904716
3709,0.0007966618286445737
3710,0.0008173944661393762
3711,0.000751568702980876
3712,0.0006410562782548368
3713,0.0006583146750926971
3714,0.0007054797024466097
3715,0.0006671530427411199
3716,0.0006764262216165662
3717,0.0006784619181416929
3718,0.000695963273756206
3719,0.0007137536304071546
3720,0.0007865438237786293
3721,0.0007377549773082137
3722,0.0007334052352234721
3723,0.0007471356075257063
3724,0.0006649648421443999
3725,0.0005397204076871276
3726,0.0006819195114076138
3727,0.0007478850311599672
3728,0.0006202570511959493
3729,0.0005836669588461518
3730,0.0006340919062495232
3731,0.0007473899750038981
3732,0.000634829921182245
3733,0.0006663285312242806
3734,0.0006151681300252676
3735,0.0005635240813717246
3736,0.0006671575829386711
3737,0.0005723645444959402
3738,0.0006461333832703531
3739,0.000643219449557364
3740,0.0006382015999406576
3741,0.0006184398662298918
3742,0.0005791524308733642
3743,0.0007036058232188225
3744,0.000563371111638844
3745,0.0005399385700002313
3746,0.000706771039403975
3747,0.0006199904019013047
3748,0.0007511131698265672
3749,0.0006950961542315781
3750,0.0007439767941832542
3751,0.0006285829585976899
3752,0.0007330940570682287
3753,0.0006888294010423124
3754,0.0005811341106891632
3755,0.0006965784123167396
3756,0.0007283837767317891
3757,0.0006465527694672346
3758,0.0008616725681349635
3759,0.0006266626296564937
3760,0.0007049706764519215
3761,0.0007363726617768407
3762,0.0008827498531900346
3763,0.0006169658154249191
3764,0.0006203477969393134
3765,0.0007775851408950984
3766,0.0006416648393496871
3767,0.0005994133534841239
3768,0.0006951355026103556
3769,0.0006965597858652472
3770,0.0006336372462101281
3771,0.0006805851589888334
3772,0.0007209018804132938
3773,0.0007077677873894572
3774,0.0007233746582642198
3775,0.0006384761072695255
3776,0.0006051681120879948
3777,0.0006622367654927075
3778,0.0006601145723834634
3779,0.0006024462054483593
3780,0.0007083670352585614
3781,0.0006872705416753888
3782,0.0006457169074565172
3783,0.0006454183021560311
3784,0.0007297329138964415
3785,0.0006645866087637842
3786,0.0008435987983830273
3787,0.0008193805115297437
3788,0.0006610575946979225
3789,0.0007629195461049676
3790,0.0006025169277563691
3791,0.000549537013284862
3792,0.0005627560894936323
3793,0.0007376116700470448
3794,0.0005569807253777981
3795,0.0006430786452256143
3796,0.0007866060477681458
3797,0.0006957658915780485
3798,0.0006892235833220184
3799,0.0005926067824475467
3800,0.0007270135101862252
3801,0.0005840609082952142
3802,0.0007208451279439032
3803,0.0007285592728294432
3804,0.0006641410291194916
3805,0.0007724103052169085
3806,0.0005531406495720148
3807,0.0006804597796872258
3808,0.0006227993289940059
3809,0.00073910754872486
3810,0.0007056412287056446
3811,0.0006915638223290443
3812,0.0006817436078563333
3813,0.0006262939423322678
3814,0.0005676390137523413
3815,0.0007733122329227626
3816,0.0005635978886857629
3817,0.000629798392765224
3818,0.0005994312232360244
3819,0.0006600957131013274
3820,0.0006122549530118704
3821,0.0006775375222787261
3822,0.0006227513658814132
3823,0.0008648057701066136
3824,0.0006956072757020593
3825,0.0005747136892750859
3826,0.0006246562115848064
3827,0.0006177600589580834
3828,0.0005764474044553936
3829,0.000721867079846561
3830,0.0006872934172861278
3831,0.0006741831311956048
3832,0.0005896578659303486
3833,0.0006621849024668336
3834,0.0005527731846086681
3835,0.0006883156020194292
3836,0.0008489488973282278
3837,0.00068827805807814
3838,0.000586051435675472
3839,0.0006037285784259439
3840,0.0007491958094760776
3841,0.0007214891957119107
3842,0.0005526243476197124
3843,0.0006630655843764544
3844,0.0006664523389190435
3845,0.0007246986497193575
3846,0.0006219737697392702
3847,0.0006784021970815957
3848,0.0007992055616341531
3849,0.0006653894670307636
3850,0.0006815830711275339
3851,0.0007158548105508089
3852,0.0006202578078955412
3853,0.0007605644641444087
3854,0.0006852573715150356
3855,0.0007552418392151594
3856,0.0006559125613421202
3857,0.0005472131888382137
3858,0.0006440539145842195
3859,0.0006825159071013331
3860,0.0007612688932567835
3861,0.0006505267811007798
3862,0.0005937449168413877
3863,0.0006868045311421156
3864,0.0007418511086143553
3865,0.0007207069429568946
3866,0.0006401313003152609
3867,0.0006187005201354623
3868,0.0007636943482793868
3869,0.0006851870566606522
3870,0.0006682901876047254
3871,0.0006781399133615196
3872,0.0006300414679571986
3873,0.0006021824083290994
3874,0.0006263372488319874
3875,0.0007804165361449122
3876,0.0006445659091696143
3877,0.0006789258331991732
3878,0.0005430371966212988
3879,0.0006556475418619812
3880,0.0007547934073954821
3881,0.0006607326213270426
3882,0.0005704526556655765
3883,0.0005791689036414027
3884,0.0007611737819388509
3885,0.0007025781087577343
3886,0.0007384632481262088
3887,0.0007229524198919535
3888,0.0006022218149155378
3889,0.0005799264181405306
3890,0.0007817290024831891
3891,0.0007822024053893983
3892,0.0006600025808438659
3893,0.0007621072581969202
3894,0.0006762305274605751
3895,0.0006420917343348265
3896,0.0006481806049123406
3897,0.000614988908637315
3898,0.0006896801060065627
3899,0.0006949091330170631
3900,0.0005199714796617627
3901,0.0007015218143351376
3902,0.0009232212323695421
3903,0.0007195379585027695
3904,0.0006311119068413973
3905,0.0006224375101737678
3906,0.0007228900212794542
3907,0.0008531833300366998
3908,0.0007055369787849486
3909,0.000714535650331527
3910,0.0007383054471574724
3911,0.0007374471169896424
3912,0.0006384173175320029
3913,0.0006319570820778608
3914,0.0005853635375387967
3915,0.0006567087839357555
3916,0.0005871193716302514
3917,0.0006483235047198832
3918,0.0007018515607342124
3919,0.000609773735050112
3920,0.0006525525241158903
3921,0.0006494144909083843
3922,0.000702645571436733
3923,0.0007063609082251787
3924,0.0006618541665375233
3925,0.000605622713919729
3926,0.000784395495429635
3927,0.0006237610359676182
3928,0.0006628641858696938
3929,0.0007019004551693797
3930,0.0005902580451220274
3931,0.0007697164546698332
3932,0.0006407450418919325
3933,0.0006281210226006806
3934,0.000641017802990973
3935,0.0006945428904145956
3936,0.0005348699050955474
3937,0.000680659431964159
3938,0.0006350791081786156
3939,0.000632015522569418
3940,0.000649594294372946
3941,0.0006061908788979053
3942,0.0007517502526752651
3943,0.0006387262837961316
3944,0.000727881386410445
3945,0.0006732971523888409
3946,0.0006427597254514694
3947,0.0006619258201681077
3948,0.0007538560312241316
3949,0.0006539409514516592
3950,0.0007081343210302293
3951,0.0005428016884252429
3952,0.0006974158459343016
3953,0.0007040990167297423
3954,0.0007083692471496761
3955,0.0007319065043702722
3956,0.0007873342838138342
3957,0.0006117048906162381
3958,0.0008405669359490275
3959,0.0006483868346549571
3960,0.0005930403713136911
3961,0.0006412422517314553
3962,0.0006873295642435551
3963,0.0006637399201281369
3964,0.0006821856368333101
3965,0.0007110714795999229
3966,0.0007662281859666109
3967,0.0007275808602571487
3968,0.0005805590189993382
3969,0.0005388424615375698
3970,0.0007573298644274473
3971,0.0006726653082296252
3972,0.0005538290715776384
3973,0.0006565718213096261
3974,0.0007185284048318863
3975,0.0006767043378204107
3976,0.0006040551234036684
3977,0.0007968848804011941
3978,0.0007036644965410233
3979,0.0007116839988157153
3980,0.0007403434719890356
3981,0.0006922852480784059
3982,0.0008160485303960741
3983,0.0005884568672627211
3984,0.0007364230696111917
3985,0.0007837058510631323
3986,0.0006612427532672882
3987,0.0007059505442157388
3988,0.0006194589659571648
3989,0.0008201405871659517
3990,0.0007193258497864008
3991,0.0006805646698921919
3992,0.0007332052337005734
3993,0.0007428120588883758
3994,0.0006851800717413425
3995,0.0008735595620237291
3996,0.0006719030207023025
3997,0.0007151930476538837
3998,0.000718316063284874
3999,0.0006959090824238956
4000,0.0006977380835451186
