step,loss
1,0.0004177060618530959
2,0.0022691329941153526
3,0.0005809975555166602
4,0.0008482442353852093
5,0.0008403926622122526
6,0.0007877453463152051
7,0.0006027657655067742
8,0.00043461029417812824
9,0.0005467425798997283
10,0.0005089252954348922
11,0.00051708216778934
12,0.00037430672091431916
13,0.0006193049484863877
14,0.00046496171853505075
15,0.0004449463449418545
16,0.000512726663146168
17,0.0004952647723257542
18,0.0005190410302020609
19,0.00046048371586948633
20,0.0005000686505809426
21,0.0005093044019304216
22,0.0004728540370706469
23,0.0005284867365844548
24,0.00044412416173145175
25,0.0004657865792978555
26,0.0005098720430396497
27,0.0004756358976010233
28,0.000571371172554791
29,0.0004447135142982006
30,0.00040023744804784656
31,0.00048208635416813195
32,0.0005571742076426744
33,0.0005322161596268415
34,0.0005273364367894828
35,0.0005170624353922904
36,0.00046245864359661937
37,0.00038013511220924556
38,0.00048394937766715884
39,0.0012650152202695608
40,0.0007364837219938636
41,0.0004408182867337018
42,0.00045901714474894106
43,0.0004817209264729172
44,0.0006261228700168431
45,0.00043791497591882944
46,0.0004722914891317487
47,0.00043654185719788074
48,0.0011709221871569753
49,0.0006243481766432524
50,0.0008534193621017039
51,0.0005251729162409902
52,0.0006012999219819903
53,0.0005742080975323915
54,0.00036743551027029753
55,0.0005263580824248493
56,0.0005666309734806418
57,0.0005982822622172534
58,0.00040671639726497233
59,0.0004886218812316656
60,0.0004609889001585543
61,0.0005254754796624184
62,0.0004323712200857699
63,0.0004508285201154649
64,0.0005891439504921436
65,0.0004554968327283859
66,0.0004342659667599946
67,0.000490066478960216
68,0.0004475452296901494
69,0.0005282467463985085
70,0.0004958681529387832
71,0.0004157724033575505
72,0.0006509300437755883
73,0.0005481929983943701
74,0.0005329770501703024
75,0.0004398032324388623
76,0.0004585179267451167
77,0.00048323688679374754
78,0.0006418147822842002
79,0.0006043630419299006
80,0.0005088727921247482
81,0.0004596196231432259
82,0.0005064532742835581
83,0.0004715713730547577
84,0.0005266088992357254
85,0.0005828443681821227
86,0.0005192287499085069
87,0.000409632280934602
88,0.0005241991602815688
89,0.0005018760566599667
90,0.00045427479199133813
91,0.0005048625753261149
92,0.0006057190475985408
93,0.0004089942085556686
94,0.0005155863473191857
95,0.0005658925510942936
96,0.0005164040485396981
97,0.0007252728100866079
98,0.0005672414554283023
99,0.0004908127593807876
100,0.0004170507309027016
101,0.0004588312585838139
102,0.0005119825364090502
103,0.0005450118333101273
104,0.00038012099685147405
105,0.0003899532021023333
106,0.0004148049629293382
107,0.0005282001802697778
108,0.0005325554520823061
109,0.000511622813064605
110,0.0005143603193573654
111,0.0005413608159869909
112,0.000570687057916075
113,0.00042647134978324175
114,0.0005112874787300825
115,0.00053073198068887
116,0.00047349499072879553
117,0.0005298963515087962
118,0.000486913719214499
119,0.00048601554590277374
120,0.0008043578127399087
121,0.00045394673361442983
122,0.00047799147432669997
123,0.0005064899451099336
124,0.0006050467491149902
125,0.0004985051928088069
126,0.0005341039504855871
127,0.0004858190077356994
128,0.0006636508041992784
129,0.0005494821234606206
130,0.00046776962699368596
131,0.0004941723891533911
132,0.0004927496192976832
133,0.00042594465776346624
134,0.0004857369349338114
135,0.0004784298944287002
136,0.0005174147663637996
137,0.0006006271578371525
138,0.0005723473150283098
139,0.00046590104466304183
140,0.0008822032832540572
141,0.0005071061314083636
142,0.000655759999062866
143,0.0005499133840203285
144,0.0006159385666251183
145,0.00043961170013062656
146,0.00047692382941022515
147,0.0004981958772987127
148,0.0003647435223683715
149,0.000493833445943892
150,0.00044044351670891047
151,0.00045347079867497087
152,0.000410873384680599
153,0.0004546895797830075
154,0.00047292449744418263
155,0.00038454559398815036
156,0.0005027317092753947
157,0.0004577002255246043
158,0.0004510315484367311
159,0.0005869686137884855
160,0.00044501485535874963
161,0.0005604559555649757
162,0.0003818054683506489
163,0.0006232754094526172
164,0.00041705049807205796
165,0.000496695633046329
166,0.00042987021151930094
167,0.0007164729759097099
168,0.00046703603584319353
169,0.0005269027315080166
170,0.0005399946239776909
171,0.0005316482856869698
172,0.0004967100103385746
173,0.0004027116228826344
174,0.0003423119487706572
175,0.0004314817488193512
176,0.0004925167886540294
177,0.00040903815533965826
178,0.00048555232933722436
179,0.00044587452430278063
180,0.0004813221166841686
181,0.0003970549441874027
182,0.0004400666512083262
183,0.0005929463659413159
184,0.0008045033900998533
185,0.00048121705185621977
186,0.0004819847526960075
187,0.0003804663720075041
188,0.0006019702414050698
189,0.0005070860497653484
190,0.0005719148321077228
191,0.0005317000322975218
192,0.00045060610864311457
193,0.00044791767140850425
194,0.0004952509189024568
195,0.0004017854807898402
196,0.0006045863265171647
197,0.0005566031322814524
198,0.0006360495463013649
199,0.0004959869547747076
200,0.00047581386752426624
201,0.0004452869179658592
202,0.0005075566004961729
203,0.0004444497753866017
204,0.000502743583638221
205,0.00044665863970294595
206,0.00044172260095365345
207,0.0005175911355763674
208,0.0005218589794822037
209,0.0005075106164440513
210,0.0004211732593830675
211,0.0005355540197342634
212,0.0005386431002989411
213,0.0005771854193881154
214,0.0006320838583633304
215,0.0005862035322934389
216,0.00042153443791903555
217,0.0005461469991132617
218,0.0004291015211492777
219,0.0005119864945299923
220,0.00044149518362246454
221,0.0005737553583458066
222,0.0005392353632487357
223,0.0006671608425676823
224,0.0006374733638949692
225,0.0004843068600166589
226,0.00057266338262707
227,0.000472653831820935
228,0.0004804154741577804
229,0.0004663424624595791
230,0.0004244557931087911
231,0.00048132226220332086
232,0.000538320280611515
233,0.00047268689377233386
234,0.0003900004376191646
235,0.0005835606134496629
236,0.0004567081923596561
237,0.0004427471139933914
238,0.0004967603017576039
239,0.0004793628759216517
240,0.0003862815210595727
241,0.0004139671800658107
242,0.0004696249379776418
243,0.0005399023648351431
244,0.00039958168053999543
245,0.00044671574141830206
246,0.0005197422578930855
247,0.0004402981139719486
248,0.0005006247665733099
249,0.0004260692512616515
250,0.00046759634278714657
251,0.0004358830628916621
252,0.0004904396482743323
253,0.0004404906649142504
254,0.00048137575504370034
255,0.00045078160474076867
256,0.0005074006621725857
257,0.0004859526816289872
258,0.0005276041920296848
259,0.00045445404248312116
260,0.0004906353424303234
261,0.0004772826505359262
262,0.00041786543442867696
263,0.00047414330765604973
264,0.0005124513409100473
265,0.0005386921111494303
266,0.0005529240006580949
267,0.0003666885895654559
268,0.0005972610088065267
269,0.0008007900323718786
270,0.000453172717243433
271,0.0005103160510770977
272,0.0007084017852321267
273,0.0004453414003364742
274,0.000483481417177245
275,0.0008880033856257796
276,0.00046156314783729613
277,0.0005374765023589134
278,0.0005587806226685643
279,0.0004540758382063359
280,0.0005815119948238134
281,0.0005542755825445056
282,0.00041127658914774656
283,0.0004701852158177644
284,0.0005324925296008587
285,0.0005091244820505381
286,0.0005266430089250207
287,0.00044151366455480456
288,0.00038975427742116153
289,0.000530949211679399
290,0.0005452298210002482
291,0.0005086053279228508
292,0.0006642949883826077
293,0.00046654921607114375
294,0.0005080628325231373
295,0.00035260821459814906
296,0.00046410103095695376
297,0.0004694972885772586
298,0.0004957370110787451
299,0.0004846795927733183
300,0.0005009195301681757
301,0.0004981858073733747
302,0.0004954561009071767
303,0.0005086173769086599
304,0.0006288269069045782
305,0.0005201927851885557
306,0.0005498034879565239
307,0.000538086227606982
308,0.00046906847273930907
309,0.0005783090018667281
310,0.0005338835762813687
311,0.000729464809410274
312,0.0005518010002560914
313,0.0005378674250096083
314,0.000676813127938658
315,0.0004473698791116476
316,0.0006394847296178341
317,0.000570752948988229
318,0.000631439674180001
319,0.0003970497637055814
320,0.0005365930264815688
321,0.0006170860724523664
322,0.0004546451091300696
323,0.0005123749724589288
324,0.0006748179439455271
325,0.0004886005772277713
326,0.0004953391035087407
327,0.0004257481195963919
328,0.0005765348323620856
329,0.00043793951044790447
330,0.000520448200404644
331,0.000503780203871429
332,0.0004997221985831857
333,0.00040546254604123533
334,0.0005039995885454118
335,0.0008533523650839925
336,0.0004256004758644849
337,0.000434976740507409
338,0.00048823663382790983
339,0.0005488259484991431
340,0.00042834473424591124
341,0.000414807815104723
342,0.00039315602043643594
343,0.0004497745248954743
344,0.0004900959320366383
345,0.0004900406929664314
346,0.0005318608600646257
347,0.0006248863064683974
348,0.00045983365271240473
349,0.0004218131070956588
350,0.0006067203357815742
351,0.00045193498954176903
352,0.0004801530158147216
353,0.0004288726195227355
354,0.00046261638635769486
355,0.0004831298138014972
356,0.0005357273621484637
357,0.0003880203003063798
358,0.0004663325089495629
359,0.0005193455144762993
360,0.0005510526243597269
361,0.00042842328548431396
362,0.0006860978319309652
363,0.00041991312173195183
364,0.0005886417347937822
365,0.0004490810679271817
366,0.0005261262413114309
367,0.0004773522377945483
368,0.0004711688088718802
369,0.0004567391879390925
370,0.00049858313286677
371,0.0004713213420473039
372,0.0004914167802780867
373,0.00046048901276662946
374,0.0004551950260065496
375,0.0004888676921837032
376,0.0005720783956348896
377,0.0003851471992675215
378,0.00047769228694960475
379,0.00045130454236641526
380,0.00046402690350078046
381,0.0006473944522440434
382,0.0003792544302996248
383,0.0006393684889189899
384,0.0005490613402798772
385,0.0005988426273688674
386,0.00045245321234688163
387,0.0004410480032674968
388,0.0005391088197939098
389,0.0004981026868335903
390,0.0005262800259515643
391,0.00044688256457448006
392,0.00037016934948042035
393,0.0005222683539614081
394,0.0005593271926045418
395,0.0004554387414827943
396,0.0006133110728114843
397,0.0004703656886704266
398,0.0010834007989615202
399,0.00042842308175750077
400,0.00052494095871225
401,0.0005364883108995855
402,0.0005733717116527259
403,0.0005296387244015932
404,0.0004949289723299444
405,0.0005320311174727976
406,0.0004916247562505305
407,0.0005145560717210174
408,0.0006130104884505272
409,0.0005307869287207723
410,0.0005040197283960879
411,0.0003694178012665361
412,0.00043957753223367035
413,0.00045569214853458107
414,0.0005134468665346503
415,0.0005044096033088863
416,0.000531164463609457
417,0.0005855397321283817
418,0.0004427657986525446
419,0.00043877848656848073
420,0.0004646908782888204
421,0.0005697975866496563
422,0.0005033191991969943
423,0.0004451664281077683
424,0.00048723872168920934
425,0.0004658962716348469
426,0.0005238576559349895
427,0.00040142814395949244
428,0.00043475229176692665
429,0.0004808659723494202
430,0.0009440956637263298
431,0.00046884434414096177
432,0.00047969602746888995
433,0.00048316645552404225
434,0.0004614897770807147
435,0.0005436807405203581
436,0.0004263673909008503
437,0.0004119319492019713
438,0.0004032190190628171
439,0.0006266849813982844
440,0.000636884942650795
441,0.00044332584366202354
442,0.00047236698446795344
443,0.00047325470950454473
444,0.00045787045382894576
445,0.0004970120498910546
446,0.0005283593782223761
447,0.0004296823462937027
448,0.0005238926387391984
449,0.0005045237485319376
450,0.0005000469973310828
451,0.0003784524742513895
452,0.00044996890937909484
453,0.00039946319884620607
454,0.00044364394852891564
455,0.0005502361455000937
456,0.00040627384441904724
457,0.0004343451000750065
458,0.0004293123784009367
459,0.0004467759863473475
460,0.00046546105295419693
461,0.0005662133917212486
462,0.0004268964403308928
463,0.0004948897403664887
464,0.00040884054033085704
465,0.0005239463644102216
466,0.0004557513166218996
467,0.0006231130100786686
468,0.0004641110426746309
469,0.000706730003003031
470,0.0004328609211370349
471,0.0005795825854875147
472,0.00039121805457398295
473,0.0004473698791116476
474,0.00044924288522452116
475,0.0005276683950796723
476,0.0005470131291076541
477,0.000433245615568012
478,0.0004690822388511151
479,0.0004783825424965471
480,0.0005349162383936346
481,0.0005240721511654556
482,0.0004162717377766967
483,0.000497514265589416
484,0.00048593926476314664
485,0.000514607410877943
486,0.00056877126917243
487,0.00046791142085567117
488,0.00044609789620153606
489,0.0005742668872699142
490,0.0006596739985980093
491,0.0004663552390411496
492,0.00045036408118903637
493,0.00039993453538045287
494,0.00046567112440243363
495,0.00047847017413005233
496,0.0006440702709369361
497,0.0005599198048003018
498,0.0005329034756869078
499,0.000591496005654335
500,0.00046168247354216874
501,0.0005648734513670206
502,0.0005585867911577225
503,0.000517276581376791
504,0.0006137067684903741
505,0.0004301699227653444
506,0.0003925152122974396
507,0.0005389665020629764
508,0.000428406783612445
509,0.00048778869677335024
510,0.0005132842343300581
511,0.0004210674960631877
512,0.00048345746472477913
513,0.0007101757219061255
514,0.0005856118514202535
515,0.00045712548308074474
516,0.0004634083015844226
517,0.0004547754069790244
518,0.0009339259122498333
519,0.00039346516132354736
520,0.0004873165744356811
521,0.0004964033723808825
522,0.0005196925485506654
523,0.000484457821585238
524,0.0005193882388994098
525,0.0004044833476655185
526,0.00047859433107078075
527,0.00044961430830881
528,0.0004976005293428898
529,0.0004850309924222529
530,0.00039592868415638804
531,0.00045890541514381766
532,0.0007531874580308795
533,0.000490593200083822
534,0.00038444792153313756
535,0.00047078606439754367
536,0.0004908058326691389
537,0.0007746315677650273
538,0.00043180061038583517
539,0.0004953007446601987
540,0.000400713732233271
541,0.00043574220035225153
542,0.0005465032299980521
543,0.0003770818002521992
544,0.0005894183996133506
545,0.0004500983050093055
546,0.0005063628195784986
547,0.0005230195820331573
548,0.0004106758860871196
549,0.000511451973579824
550,0.00047466554678976536
551,0.0004704318707808852
552,0.0005085263401269913
553,0.000377367134205997
554,0.0006253084284253418
555,0.00043786881724372506
556,0.00045523646986112
557,0.0005662589683197439
558,0.00046587036922574043
559,0.0010265472810715437
560,0.0004954772302880883
561,0.0005099954432807863
562,0.0005607606144621968
563,0.0005953187355771661
564,0.0005767525872215629
565,0.0004979769000783563
566,0.0005306701059453189
567,0.0005846756394021213
568,0.0004492767620831728
569,0.0004985236446373165
570,0.0004159308155067265
571,0.0005027775187045336
572,0.000508916680701077
573,0.0004641300765797496
574,0.000466262485133484
575,0.00046712186303921044
576,0.00046152388677001
577,0.0004561367677524686
578,0.00043103424832224846
579,0.00038279383443295956
580,0.0005362728261388838
581,0.0005183619214221835
582,0.00041122862603515387
583,0.0006213246379047632
584,0.00039802753599360585
585,0.0005331878201104701
586,0.0003916083078365773
587,0.0005939577240496874
588,0.0004902626387774944
589,0.0005295855225995183
590,0.0006228099809959531
591,0.0004491829895414412
592,0.0004924090462736785
593,0.000473968917503953
594,0.0004472993896342814
595,0.0004980742814950645
596,0.0005292541463859379
597,0.0004106741398572922
598,0.0005575367249548435
599,0.0005664944183081388
600,0.0006835872191004455
601,0.0005068766768090427
602,0.0005018553347326815
603,0.0005024569691158831
604,0.0005356394103728235
605,0.00050727667985484
606,0.0005009575979784131
607,0.00046584499068558216
608,0.0005128977354615927
609,0.0005591436056420207
610,0.00042957282857969403
611,0.0006934552220627666
612,0.0004459319170564413
613,0.0005144161987118423
614,0.0005553234950639307
615,0.0007825227221474051
616,0.0005993213271722198
617,0.0004410769324749708
618,0.0004204434808343649
619,0.00048186234198510647
620,0.00045515986857935786
621,0.0005951413186267018
622,0.0006995659205131233
623,0.00048261883785016835
624,0.0005094789667055011
625,0.0004681950667873025
626,0.000580543652176857
627,0.0005305057857185602
628,0.00046396159450523555
629,0.0005726299714297056
630,0.000422761746449396
631,0.000550410826690495
632,0.0004929913557134569
633,0.0004659107653424144
634,0.0005088213365525007
635,0.0004757941351272166
636,0.00048412970500066876
637,0.0005727804964408278
638,0.0005635806592181325
639,0.0004281413566786796
640,0.0005001818644814193
641,0.000667160376906395
642,0.0007173536578193307
643,0.0005778736085630953
644,0.00045214800047688186
645,0.00046151323476806283
646,0.0004009931581094861
647,0.0003689537988975644
648,0.0005355957546271384
649,0.0004749163053929806
650,0.000485001306515187
651,0.0004738955176435411
652,0.00047100853407755494
653,0.0004129372537136078
654,0.0004944285610690713
655,0.00041674997191876173
656,0.0005235405405983329
657,0.0005934910732321441
658,0.000519914145115763
659,0.0005488676833920181
660,0.0005012407200410962
661,0.0005836751661263406
662,0.00038592820055782795
663,0.0005246237851679325
664,0.00039676547748968005
665,0.00042204500641673803
666,0.000522980815730989
667,0.00048519205302000046
668,0.0005125090247020125
669,0.0004913936136290431
670,0.0005057925591245294
671,0.0005363090895116329
672,0.0004400997422635555
673,0.0005302178906276822
674,0.0005214104894548655
675,0.0006770147010684013
676,0.0004997765645384789
677,0.0005989260389469564
678,0.0003958052257075906
679,0.0004489365965127945
680,0.0005125561729073524
681,0.0008395800250582397
682,0.0005073677748441696
683,0.0005328115657903254
684,0.0004283734888304025
685,0.0006496061105281115
686,0.0004165459831710905
687,0.00043785685556940734
688,0.0005554103991016746
689,0.0004108478897251189
690,0.0005584796308539808
691,0.0006044093752279878
692,0.0004780942981597036
693,0.0005847624270245433
694,0.00041204356239177287
695,0.0005533254588954151
696,0.0005715259467251599
697,0.0004954510368406773
698,0.0008709195535629988
699,0.0005499303224496543
700,0.0004759664589073509
701,0.00045345339458435774
702,0.0004143158148508519
703,0.0004560439847409725
704,0.000545393384527415
705,0.0004470103594940156
706,0.0004699178971350193
707,0.000518644752446562
708,0.00044484922545962036
709,0.0005621227901428938
710,0.0004093856259714812
711,0.0004548671131487936
712,0.0005246579530648887
713,0.0005066302255727351
714,0.00044037768384441733
715,0.0005096412496641278
716,0.0005246156943030655
717,0.0004966496489942074
718,0.00045632768888026476
719,0.00047686067409813404
720,0.0005530088674277067
721,0.00048164132749661803
722,0.000505865435115993
723,0.000534511636942625
724,0.0004821822512894869
725,0.0005581182194873691
726,0.0004455230664461851
727,0.0004981020465493202
728,0.0004968608263880014
729,0.0005195104167796671
730,0.00047089706640690565
731,0.00044102035462856293
732,0.00044850396807305515
733,0.00040118955075740814
734,0.0005690017133019865
735,0.0004328622599132359
736,0.0005199360311962664
737,0.0004944484680891037
738,0.0005222802283242345
739,0.0005240584723651409
740,0.0004464882949832827
741,0.00041789800161495805
742,0.0009288207511417568
743,0.0004081967053934932
744,0.0005411810707300901
745,0.0005248140660114586
746,0.0004234979278407991
747,0.0006200412753969431
748,0.0004646375891752541
749,0.00048316820175386965
750,0.00046515476424247026
751,0.0005151356454007328
752,0.0005433763144537807
753,0.00042628610390238464
754,0.00044907344272360206
755,0.0006018951535224915
756,0.0004570296732708812
757,0.0006279138033278286
758,0.0005308447871357203
759,0.00048177101416513324
760,0.0005586870247498155
761,0.00044297517160885036
762,0.00047504776739515364
763,0.0005103350849822164
764,0.0007125489064492285
765,0.0005206466885283589
766,0.0005280360928736627
767,0.0005212358082644641
768,0.00046634519821964204
769,0.00047978360089473426
770,0.000407622690545395
771,0.0009320236276835203
772,0.0005325703532435
773,0.0005330195417627692
774,0.000522998976521194
775,0.0005119937122799456
776,0.0005237336736172438
777,0.0004371364484541118
778,0.000538020336534828
779,0.0004188055172562599
780,0.00047516089398413897
781,0.0004588481970131397
782,0.0004998103249818087
783,0.0005616230191662908
784,0.000618963036686182
785,0.0004652772331610322
786,0.000463986856630072
787,0.0005318368785083294
788,0.0004551432793959975
789,0.0004322808235883713
790,0.0004140243399888277
791,0.0003801307175308466
792,0.00048434294876642525
793,0.0004426992672961205
794,0.0006437469273805618
795,0.0004374109557829797
796,0.0005209749797359109
797,0.0005066809826530516
798,0.0004353575350251049
799,0.0005356327746994793
800,0.0003699177468661219
801,0.0006045983172953129
802,0.0006339358515106142
803,0.000505636737216264
804,0.0005579224671237171
805,0.0005281026824377477
806,0.0005310396663844585
807,0.0005079629481770098
808,0.0007868818938732147
809,0.0004254268133081496
810,0.0005799709470011294
811,0.00042120771831832826
812,0.0004997467622160912
813,0.000541673565749079
814,0.0006900897715240717
815,0.000636765209492296
816,0.00047645578160881996
817,0.0004517914494499564
818,0.0004145718412473798
819,0.0003929024678654969
820,0.0003976331208832562
821,0.0003619548515416682
822,0.00045255731674842536
823,0.0004451076383702457
824,0.0005578208947554231
825,0.00046592886792495847
826,0.000585406378377229
827,0.0006008815253153443
828,0.0005267312517389655
829,0.00046038973960094154
830,0.0004380610480438918
831,0.0005327742546796799
832,0.00048586667980998755
833,0.00045296421740204096
834,0.0007220566039904952
835,0.0005210032686591148
836,0.00045392991160042584
837,0.0004842404159717262
838,0.00044672537478618324
839,0.0005145823815837502
840,0.000417997915064916
841,0.0005756594473496079
842,0.00042733640293590724
843,0.0006043329485692084
844,0.0006564629729837179
845,0.00046825819299556315
846,0.0006451761582866311
847,0.0005768997361883521
848,0.0004914781311526895
849,0.0003960623871535063
850,0.000462359661469236
851,0.0005131612997502089
852,0.0004452293796930462
853,0.0005142951849848032
854,0.0005799164064228535
855,0.0005200812593102455
856,0.0005752550787292421
857,0.00043417129199951887
858,0.0005098669207654893
859,0.0005537961842492223
860,0.0004595461650751531
861,0.0004344192275311798
862,0.00044145702850073576
863,0.0005064299912191927
864,0.0005779813509434462
865,0.0004915022291243076
866,0.0004739750293083489
867,0.0004759908188134432
868,0.0004675211675930768
869,0.0005170132499188185
870,0.0005327176186256111
871,0.0004776297719217837
872,0.00045629730448126793
873,0.0005228107329457998
874,0.0005852336762472987
875,0.0004197439120616764
876,0.0004925181856378913
877,0.0005273286369629204
878,0.00044918397907167673
879,0.00048038855311460793
880,0.000547416799236089
881,0.0004903076915070415
882,0.0004739459545817226
883,0.00045757615589536726
884,0.000517378794029355
885,0.0006408441695384681
886,0.0006418991251848638
887,0.000401881814468652
888,0.00047981180250644684
889,0.000489354133605957
890,0.00043343123979866505
891,0.0005354455788619816
892,0.00039221160113811493
893,0.0005003036931157112
894,0.0004917267942801118
895,0.0005033454508520663
896,0.0004902019863948226
897,0.0004980681696906686
898,0.0005100646521896124
899,0.0003973803832195699
900,0.0005659869639202952
901,0.0005088376929052174
902,0.0005118534900248051
903,0.0004944626125507057
904,0.00047443603398278356
905,0.0005298061296343803
906,0.0004030075797345489
907,0.0005026477156206965
908,0.0005016818176954985
909,0.0007108365534804761
910,0.00044570170575752854
911,0.0005277929012663662
912,0.0005407468415796757
913,0.0004532302846200764
914,0.0005426896386779845
915,0.0005223624175414443
916,0.0004026976239401847
917,0.0003789187758229673
918,0.0004883402143605053
919,0.0004333773395046592
920,0.0007553355535492301
921,0.0004694938543252647
922,0.0004768777871504426
923,0.0004917336627840996
924,0.0004505236865952611
925,0.0004959444049745798
926,0.0004545801202766597
927,0.0005074742948636413
928,0.00055270129814744
929,0.0005256013246253133
930,0.00046525796642526984
931,0.0005859519587829709
932,0.0005559417186304927
933,0.00044545490527525544
934,0.000568621966522187
935,0.0005456410581246018
936,0.0005166842602193356
937,0.0004690901841968298
938,0.0004945824621245265
939,0.0005620347801595926
940,0.0007430205587297678
941,0.00045075075468048453
942,0.0004387181834317744
943,0.00046191661385819316
944,0.0005179618019610643
945,0.0004993993206880987
946,0.0006650816649198532
947,0.0005022311815991998
948,0.00046219845535233617
949,0.0005946832243353128
950,0.0004232943756505847
951,0.0006720599485561252
952,0.00042273441795259714
953,0.0004915852332487702
954,0.0005709102260880172
955,0.000420914962887764
956,0.00047096129856072366
957,0.0005791658768430352
958,0.0005070248735137284
959,0.000528462347574532
960,0.0004922664375044405
961,0.000542233872693032
962,0.0004895007004961371
963,0.0005390812875702977
964,0.0006417351542040706
965,0.0004472067521419376
966,0.0004847259842790663
967,0.0005696471780538559
968,0.0004903022199869156
969,0.0004733691457659006
970,0.0005570072098635137
971,0.0004345385532360524
972,0.0005870273453183472
973,0.0005101290298625827
974,0.00063683046028018
975,0.00045963760931044817
976,0.0005360973300412297
977,0.0004945790278725326
978,0.0005337567999958992
979,0.00045565032633021474
980,0.00048446754226461053
981,0.00045469115138985217
982,0.0004502320662140846
983,0.0005028832820244133
984,0.000602755113504827
985,0.0006187335820868611
986,0.0005345259560272098
987,0.0005647733341902494
988,0.0004069021379109472
989,0.0005081772105768323
990,0.0004773266555275768
991,0.0004685325548052788
992,0.00043528492096811533
993,0.0004520562069956213
994,0.0003806972526945174
995,0.00047082125092856586
996,0.0005844656843692064
997,0.000517651904374361
998,0.0005178594728931785
999,0.0005210018716752529
1000,0.00047197341336868703
1001,0.000686614541336894
1002,0.0004837852029595524
1003,0.0005803068052046001
1004,0.0006482528988271952
1005,0.0004579040396492928
1006,0.000488343823235482
1007,0.0005061771953478456
1008,0.000566832022741437
1009,0.0005087550380267203
1010,0.00046151343849487603
1011,0.0007540055084973574
1012,0.00046791619388386607
1013,0.00048587395576760173
1014,0.0005401562666520476
1015,0.0005721346824429929
1016,0.000483603507746011
1017,0.0005185751942917705
1018,0.0004508255806285888
1019,0.0004793759435415268
1020,0.00044890708522871137
1021,0.00048122950829565525
1022,0.0006156922318041325
1023,0.0004899981431663036
1024,0.0004414200084283948
1025,0.0005420510424301028
1026,0.0004099382786080241
1027,0.00042344877147115767
1028,0.0004991691675968468
1029,0.0005022971890866756
1030,0.0005354717141017318
1031,0.0005642228061333299
1032,0.0005202522734180093
1033,0.0004838576714973897
1034,0.00042335299076512456
1035,0.0006509989616461098
1036,0.0005516173550859094
1037,0.00042455532820895314
1038,0.00045411655446514487
1039,0.000872099946718663
1040,0.00045348049025051296
1041,0.0004604270216077566
1042,0.00041820103069767356
1043,0.0005418198998086154
1044,0.0004035846795886755
1045,0.0004342429165262729
1046,0.000539609114639461
1047,0.0004650763003155589
1048,0.00046502117766067386
1049,0.0004542087554000318
1050,0.0007965172408148646
1051,0.0004774301196448505
1052,0.0005663456977345049
1053,0.0004267080221325159
1054,0.0006511450628750026
1055,0.0005051017506048083
1056,0.0004858773900195956
1057,0.0004481884534470737
1058,0.0008048483869060874
1059,0.0006101179169490933
1060,0.0004749608924612403
1061,0.00046134283184073865
1062,0.0004957408527843654
1063,0.00046728606685064733
1064,0.00043770557385869324
1065,0.0004463550285436213
1066,0.0006532533443532884
1067,0.0004578782827593386
1068,0.000568707415368408
1069,0.0006320462562143803
1070,0.00048587511992082
1071,0.0005140770226716995
1072,0.0005536993267014623
1073,0.0007386942743323743
1074,0.0005419942317530513
1075,0.00042769868741743267
1076,0.0007026270031929016
1077,0.0004571251047309488
1078,0.0005804788088425994
1079,0.00048482607235200703
1080,0.0005446451832540333
1081,0.0005904022254981101
1082,0.0004954244359396398
1083,0.00041433738078922033
1084,0.0004986061248928308
1085,0.0004247619363013655
1086,0.0005046339938417077
1087,0.0003871559747494757
1088,0.00046491643297486007
1089,0.0005426220595836639
1090,0.0005573640810325742
1091,0.0005228176014497876
1092,0.0006543744821101427
1093,0.0003970219404436648
1094,0.0005024746060371399
1095,0.0005421758396551013
1096,0.0004857060848735273
1097,0.0005970443598926067
1098,0.0005248976522125304
1099,0.0004072783049196005
1100,0.0004596706130541861
1101,0.0005316613242030144
1102,0.00048594054533168674
1103,0.0006435756804421544
1104,0.0003791256167460233
1105,0.00041662954026833177
1106,0.0005359023925848305
1107,0.0006684070103801787
1108,0.0006121720070950687
1109,0.0003913474502041936
1110,0.000544016424100846
1111,0.0004751837986987084
1112,0.00046199411735869944
1113,0.0005058848182670772
1114,0.00043034946429543197
1115,0.0004566484712995589
1116,0.0004549238656181842
1117,0.0005541640566661954
1118,0.0004921162035316229
1119,0.0005092342616990209
1120,0.00048780444194562733
1121,0.0005827135173603892
1122,0.0006528063677251339
1123,0.00040117098251357675
1124,0.0006235329783521593
1125,0.0006420950521714985
1126,0.00046274892520159483
1127,0.00046690800809301436
1128,0.0005623266333714128
1129,0.0005640422459691763
1130,0.0005034971982240677
1131,0.00047876237658783793
1132,0.00044373003765940666
1133,0.00044048979179933667
1134,0.0005094345542602241
1135,0.0007621788536198437
1136,0.0005450131720863283
1137,0.0005180634907446802
1138,0.0005092605715617537
1139,0.0006253094179555774
1140,0.00039272979483939707
1141,0.0006351955817081034
1142,0.0004956558695994318
1143,0.0005413282196968794
1144,0.0005786052206531167
1145,0.0005371100269258022
1146,0.0004344384069554508
1147,0.0005515568191185594
1148,0.0005328403785824776
1149,0.0005605984479188919
1150,0.0006239920621737838
1151,0.00041342515032738447
1152,0.000502376293297857
1153,0.0004502254887484014
1154,0.0004864425864070654
1155,0.0005243897903710604
1156,0.0007565785199403763
1157,0.0004828707315027714
1158,0.0004375942226033658
1159,0.0004985586274415255
1160,0.00045296200551092625
1161,0.0005611780798062682
1162,0.0006590933189727366
1163,0.0005084255244582891
1164,0.0005751004791818559
1165,0.000520445522852242
1166,0.00046343269059434533
1167,0.0005175747792236507
1168,0.0004008188843727112
1169,0.0005149224889464676
1170,0.0004635484074242413
1171,0.00045492430217564106
1172,0.0007649966282770038
1173,0.0005180618027225137
1174,0.0005196824204176664
1175,0.0005028888117522001
1176,0.0005079190013930202
1177,0.00047867553075775504
1178,0.0004497556365095079
1179,0.0005009420565329492
1180,0.00048218885785900056
1181,0.0005412431200966239
1182,0.00048298269393853843
1183,0.0005755765596404672
1184,0.0003784125146921724
1185,0.0005221478058956563
1186,0.00050935527542606
1187,0.0005304486840032041
1188,0.0005764058441855013
1189,0.0004248417099006474
1190,0.0007250937051139772
1191,0.00044009738485328853
1192,0.0004579438245855272
1193,0.0004897144390270114
1194,0.000478659407235682
1195,0.0005075267981737852
1196,0.0005000523524358869
1197,0.0005764419329352677
1198,0.00046930325333960354
1199,0.00040280548273585737
1200,0.0004884254303760827
1201,0.0004599178791977465
1202,0.0005043202545493841
1203,0.0004642336571123451
1204,0.0004857621097471565
1205,0.00047959195217117667
1206,0.0005205831839703023
1207,0.0004455842135939747
1208,0.0004738887073472142
1209,0.0004329631628934294
1210,0.0005723750218749046
1211,0.000481629918795079
1212,0.000456295907497406
1213,0.00046938739251345396
1214,0.0006539130117744207
1215,0.000631597766187042
1216,0.0004697460972238332
1217,0.00048109813360497355
1218,0.0005116834072396159
1219,0.0005075072403997183
1220,0.000555200909730047
1221,0.0004386533983051777
1222,0.00042690313421189785
1223,0.00046076299622654915
1224,0.0005325890961103141
1225,0.000438784365542233
1226,0.0004623573913704604
1227,0.0005197888240218163
1228,0.0005467325681820512
1229,0.0004760724550578743
1230,0.0005075293593108654
1231,0.0005129978526383638
1232,0.0004455671296454966
1233,0.0004988792352378368
1234,0.0004566795250866562
1235,0.0005406514392234385
1236,0.0005228847730904818
1237,0.0005479335668496788
1238,0.00045806850539520383
1239,0.0004468520055525005
1240,0.0005259807803668082
1241,0.0006927712820470333
1242,0.00044727709610015154
1243,0.0004948404966853559
1244,0.0008869459270499647
1245,0.00046707969158887863
1246,0.00047654524678364396
1247,0.0005074142245575786
1248,0.00047912014997564256
1249,0.0005727033130824566
1250,0.000584365101531148
1251,0.0005381276132538915
1252,0.00044097757199779153
1253,0.0005094283842481673
1254,0.00047174410428851843
1255,0.00047444470692425966
1256,0.0004774914705194533
1257,0.0005009187734685838
1258,0.0007309214561246336
1259,0.0005514654912985861
1260,0.00039956337423063815
1261,0.0005516452947631478
1262,0.000836835359223187
1263,0.0005002444959245622
1264,0.0006015776889398694
1265,0.00038398109609261155
1266,0.0005345034878700972
1267,0.0005429082666523755
1268,0.0004206091398373246
1269,0.00048501897254027426
1270,0.0005227875080890954
1271,0.00042807459249161184
1272,0.00046251743333414197
1273,0.00044392229756340384
1274,0.0006059824372641742
1275,0.0004861273046117276
1276,0.0004070644499734044
1277,0.0004938294878229499
1278,0.0005778988124802709
1279,0.0005100697744637728
1280,0.0005109087796881795
1281,0.0005252414266578853
1282,0.00047805102076381445
1283,0.0005282902857288718
1284,0.000528284814208746
1285,0.0005312528228387237
1286,0.0005157822160981596
1287,0.0005615075351670384
1288,0.0004308043862693012
1289,0.0005053146742284298
1290,0.0004888148396275938
1291,0.00047243566950783134
1292,0.0004899145569652319
1293,0.0005614697001874447
1294,0.00040379795245826244
1295,0.0005187863716855645
1296,0.0005254950374364853
1297,0.00043910444946959615
1298,0.0004605792055372149
1299,0.0004975101910531521
1300,0.0004738685383927077
1301,0.0004844375653192401
1302,0.0005905578145757318
1303,0.00047793463454581797
1304,0.0006328831077553332
1305,0.0005001662648282945
1306,0.0005685283103957772
1307,0.0005332424188964069
1308,0.000511910708155483
1309,0.0006968792295083404
1310,0.00048185233026742935
1311,0.0004622198757715523
1312,0.0003960618923883885
1313,0.0005791684379801154
1314,0.0008076875819824636
1315,0.0005012204055674374
1316,0.0004464215599000454
1317,0.0006701695965602994
1318,0.0005812708986923099
1319,0.0004498913767747581
1320,0.0005418236833065748
1321,0.0004317202838137746
1322,0.0005415306659415364
1323,0.0007703853771090508
1324,0.00044215889647603035
1325,0.0004295912222005427
1326,0.0003920378803741187
1327,0.0005045438301749527
1328,0.00046505933278240263
1329,0.0005999901914037764
1330,0.00044855213491246104
1331,0.0004155223723500967
1332,0.000567345938179642
1333,0.0004717716947197914
1334,0.000557853898499161
1335,0.0004384448111522943
1336,0.0005378855857998133
1337,0.0006247960263863206
1338,0.0004995777271687984
1339,0.0006344239227473736
1340,0.0005613803514279425
1341,0.00041028857231140137
1342,0.0004906196263618767
1343,0.00040686389547772706
1344,0.0005785867106169462
1345,0.0004362074250821024
1346,0.00047150510363280773
1347,0.00040887686191126704
1348,0.00043851969530805945
1349,0.0005149854114279151
1350,0.00044540618546307087
1351,0.0004889804986305535
1352,0.0005347717669792473
1353,0.000646130065433681
1354,0.0005464694695547223
1355,0.0008824107935652137
1356,0.00043044445919804275
1357,0.000490906648337841
1358,0.0005850195302627981
1359,0.00040225579869002104
1360,0.00041434558806940913
1361,0.0005264609353616834
1362,0.0004202213021926582
1363,0.0006909954827278852
1364,0.0003911819076165557
1365,0.00037335435627028346
1366,0.0006633724551647902
1367,0.00045010249596089125
1368,0.0006082453182898462
1369,0.000494475185405463
1370,0.0004886143142357469
1371,0.0004995428025722504
1372,0.0005496384110301733
1373,0.0005213661352172494
1374,0.0005116870161145926
1375,0.0005124213057570159
1376,0.0004672289069276303
1377,0.00042681299964897335
1378,0.0005326155223883688
1379,0.000599277438595891
1380,0.0005452948389574885
1381,0.0005828053690493107
1382,0.00039461819687858224
1383,0.0005100044654682279
1384,0.0004410634865052998
1385,0.0005665128701366484
1386,0.0005501554114744067
1387,0.00047037156764417887
1388,0.00041762340697459877
1389,0.0005399904912337661
1390,0.0005524326115846634
1391,0.0005700262845493853
1392,0.0005366010591387749
1393,0.0004127224092371762
1394,0.000513675098773092
1395,0.00047340942546725273
1396,0.00043646321864798665
1397,0.0005166743649169803
1398,0.0004886483075097203
1399,0.0005469348980113864
1400,0.0005341517389751971
1401,0.0004719013813883066
1402,0.00047103792894631624
1403,0.0004484271921683103
1404,0.00038644784945063293
1405,0.00044105530832894146
1406,0.00048358645290136337
1407,0.0005977046675980091
1408,0.00041191797936335206
1409,0.00040627733687870204
1410,0.000573202793020755
1411,0.00046625384129583836
1412,0.0004885530797764659
1413,0.0004315903643146157
1414,0.00040413776878267527
1415,0.00043446861673146486
1416,0.0005698346067219973
1417,0.0006376718520186841
1418,0.0006143704522401094
1419,0.0004739214200526476
1420,0.00040152473957277834
1421,0.0005108916666358709
1422,0.0005233001429587603
1423,0.0005321376956999302
1424,0.0004701672587543726
1425,0.0005142762674950063
1426,0.00044032096047885716
1427,0.0004680183483287692
1428,0.00041420961497351527
1429,0.000587468093726784
1430,0.0007164003327488899
1431,0.00042953502270393074
1432,0.0004442711069714278
1433,0.00045264107757247984
1434,0.00044159861863590777
1435,0.0004600886022672057
1436,0.0005035343929193914
1437,0.0005605003098025918
1438,0.00047834258293733
1439,0.0004596498911269009
1440,0.0005271121626719832
1441,0.0006235704640857875
1442,0.00043556373566389084
1443,0.00047198880929499865
1444,0.000543034344445914
1445,0.0005238329176791012
1446,0.0005048802122473717
1447,0.000650814501568675
1448,0.0005531689384952188
1449,0.00045837456127628684
1450,0.0004911600262857974
1451,0.000546325696632266
1452,0.000508342869579792
1453,0.000387603766284883
1454,0.0005226829089224339
1455,0.0004970079171471298
1456,0.0005566391628235579
1457,0.0004735647817142308
1458,0.0004810192040167749
1459,0.0005597535637207329
1460,0.000459792441688478
1461,0.0005337061011232436
1462,0.000621012703049928
1463,0.00040376425022259355
1464,0.0005300721386447549
1465,0.00043129659024998546
1466,0.0004977692733518779
1467,0.0005382195231504738
1468,0.0004436498275026679
1469,0.0004326544585637748
1470,0.0004891080316156149
1471,0.00043272844050079584
1472,0.0005570148932747543
1473,0.00042980321450158954
1474,0.0007055724272504449
1475,0.0004957276396453381
1476,0.0004502692900132388
1477,0.0004207604215480387
1478,0.0004583724366966635
1479,0.0005772252916358411
1480,0.0004858111497014761
1481,0.0005551785579882562
1482,0.00044593849452212453
1483,0.00046328979078680277
1484,0.0005283572245389223
1485,0.0005392014281824231
1486,0.0005291760317049921
1487,0.0005019732052460313
1488,0.00046938765444792807
1489,0.0004020573105663061
1490,0.0005161499138921499
1491,0.0005022656405344605
1492,0.0006257407367229462
1493,0.00045622349716722965
1494,0.0004494681488722563
1495,0.000685487873852253
1496,0.00042371125891804695
1497,0.0008159623830579221
1498,0.00046626137918792665
1499,0.0004872889257967472
1500,0.0005040966207161546
1501,0.0005050559993833303
1502,0.0005049672327004373
1503,0.0005664333002641797
1504,0.00046219356590881944
1505,0.0004104260297026485
1506,0.0005954623920843005
1507,0.00048479862743988633
1508,0.0004266790929250419
1509,0.0005598293500952423
1510,0.0004958425415679812
1511,0.0004293926467653364
1512,0.0004487399710342288
1513,0.0004450325504876673
1514,0.0004628999449778348
1515,0.000552664278075099
1516,0.00044726909254677594
1517,0.00044178281677886844
1518,0.00039969818317331374
1519,0.0005219462909735739
1520,0.0005236839642748237
1521,0.0005432995967566967
1522,0.00047765832277946174
1523,0.00047389138489961624
1524,0.0004894219455309212
1525,0.0005146029288880527
1526,0.0004193945787847042
1527,0.0005482200649566948
1528,0.000465270655695349
1529,0.00045022935955785215
1530,0.0005211581592448056
1531,0.0005664590280503035
1532,0.0005517308018170297
1533,0.000477103516459465
1534,0.0004927067784592509
1535,0.0004391503462102264
1536,0.00043401733273640275
1537,0.0005165936890989542
1538,0.00042841045069508255
1539,0.0004814588464796543
1540,0.0005896829534322023
1541,0.00043314509093761444
1542,0.0003927047364413738
1543,0.0004911217838525772
1544,0.0005182272288948298
1545,0.0005259112222120166
1546,0.00045393285108730197
1547,0.0005047363229095936
1548,0.0006205515237525105
1549,0.0004366481152828783
1550,0.00047310898662544787
1551,0.0005160418222658336
1552,0.0004925395478494465
1553,0.00047850856208242476
1554,0.0004015522717963904
1555,0.0004515484906733036
1556,0.000496710417792201
1557,0.00041203488945029676
1558,0.0005577362608164549
1559,0.0005406755371950567
1560,0.0005423791008070111
1561,0.00039218858000822365
1562,0.0005014103371649981
1563,0.0005622952012345195
1564,0.00043519705650396645
1565,0.0004762539465446025
1566,0.0005443008849397302
1567,0.0004850016557611525
1568,0.00042072200449183583
1569,0.0006273905164562166
1570,0.00042364498949609697
1571,0.0004661575658246875
1572,0.0004812959232367575
1573,0.0005383560201153159
1574,0.00047296713455580175
1575,0.0005220756866037846
1576,0.0004246527096256614
1577,0.0005014708149246871
1578,0.00040786564932204783
1579,0.00042837916407734156
1580,0.000667943328153342
1581,0.00046187412226572633
1582,0.0005936677334830165
1583,0.0005088598700240254
1584,0.0005498789832927287
1585,0.0006055568810552359
1586,0.0004949878784827888
1587,0.00041885991231538355
1588,0.0005218007136136293
1589,0.0005028685554862022
1590,0.0005154776736162603
1591,0.0011166547192260623
1592,0.00048444399726577103
1593,0.0005593993701040745
1594,0.0007187413284555078
1595,0.000557678984478116
1596,0.0004999356460757554
1597,0.0004349278169684112
1598,0.0004010587581433356
1599,0.0005615350091829896
1600,0.0006627820548601449
1601,0.0005050170584581792
1602,0.0005840507801622152
1603,0.00033894964144565165
1604,0.0005695503787137568
1605,0.000404880556743592
1606,0.0005192356184124947
1607,0.00049817148828879
1608,0.0005011354805901647
1609,0.00048610218800604343
1610,0.00045806390698999166
1611,0.0005188518553040922
1612,0.0005635738489218056
1613,0.0005067470483481884
1614,0.0005724020302295685
1615,0.0005040643736720085
1616,0.0005628722719848156
1617,0.0005646305507980287
1618,0.0008241204777732491
1619,0.00048263854114338756
1620,0.00052872602827847
1621,0.00043947406811639667
1622,0.0005274299765005708
1623,0.0005885482532903552
1624,0.00046982167987152934
1625,0.0003782635321840644
1626,0.0004624866705853492
1627,0.0004920447827316821
1628,0.0005013790796510875
1629,0.00050609081517905
1630,0.0005909776082262397
1631,0.0005966013995930552
1632,0.0006201450014486909
1633,0.00048046131269074976
1634,0.00046755484072491527
1635,0.0004651548806577921
1636,0.0005175840924493968
1637,0.0005158489220775664
1638,0.0004705734027083963
1639,0.0005078862886875868
1640,0.00047208002069965005
1641,0.0004829237295780331
1642,0.0004096637130714953
1643,0.0005393825122155249
1644,0.00048128346679732203
1645,0.0004308230127207935
1646,0.0004581345128826797
1647,0.0004847731033805758
1648,0.0005370446015149355
1649,0.0005837664357386529
1650,0.000432642555097118
1651,0.00037473515840247273
1652,0.0005228777881711721
1653,0.00048679206520318985
1654,0.0004473389417398721
1655,0.0004979536170139909
1656,0.000462191499536857
1657,0.000577092869207263
1658,0.000428685249062255
1659,0.0004517141787800938
1660,0.0004048287810292095
1661,0.0004960517981089652
1662,0.0005508194444701076
1663,0.00046518578892573714
1664,0.0004919343627989292
1665,0.0005404242547228932
1666,0.0005791112198494375
1667,0.0005307742394506931
1668,0.0004550673475023359
1669,0.0004672059149015695
1670,0.00043773045763373375
1671,0.00040764984441921115
1672,0.0005221968749538064
1673,0.0003940976457670331
1674,0.0005211582174524665
1675,0.00045588327338919044
1676,0.00040718793752603233
1677,0.0004637640668079257
1678,0.000432219123467803
1679,0.0004366947687231004
1680,0.0005141322617419064
1681,0.0004674365045502782
1682,0.0005725190858356655
1683,0.00046071226825006306
1684,0.0005082094576209784
1685,0.0004699788405559957
1686,0.0005183670436963439
1687,0.00046936149010434747
1688,0.0005337323527783155
1689,0.0004425481893122196
1690,0.0005729286931455135
1691,0.0005011131288483739
1692,0.00041291373781859875
1693,0.0004904011148028076
1694,0.00045075363595969975
1695,0.0004882436478510499
1696,0.0004061946820002049
1697,0.0004441334749571979
1698,0.0005104708252474666
1699,0.0005104534211568534
1700,0.000508503639139235
1701,0.0004720647120848298
1702,0.00045464670984074473
1703,0.0005446519935503602
1704,0.00048780080396682024
1705,0.0003867733757942915
1706,0.0005780290812253952
1707,0.0004053022712469101
1708,0.0006597141036763787
1709,0.00047445265226997435
1710,0.00050239113625139
1711,0.0005094302468933165
1712,0.00046017259592190385
1713,0.00037609043647535145
1714,0.0004713025700766593
1715,0.0005207615322433412
1716,0.0005620475276373327
1717,0.00046664456021972
1718,0.0005229137605056167
1719,0.000434329267591238
1720,0.000366000720532611
1721,0.0005297772004269063
1722,0.00047797535080462694
1723,0.0004310979275032878
1724,0.0004740751173812896
1725,0.000550662400200963
1726,0.0004880288615822792
1727,0.0004094839096069336
1728,0.0005357901100069284
1729,0.0006018811254762113
1730,0.0003642663941718638
1731,0.00043940861360169947
1732,0.0004645919834729284
1733,0.0005513437790796161
1734,0.0003974089049734175
1735,0.00047037843614816666
1736,0.0006394428783096373
1737,0.000728546641767025
1738,0.0004973341128788888
1739,0.0006364243454299867
1740,0.0006198604824021459
1741,0.0004633910721167922
1742,0.0004351291572675109
1743,0.00045669241808354855
1744,0.00045311471330933273
1745,0.0004589612362906337
1746,0.0007172777550294995
1747,0.00044990828610025346
1748,0.00047944390098564327
1749,0.00042529497295618057
1750,0.0004972503520548344
1751,0.0004731477820314467
1752,0.00037625612458214164
1753,0.000839443237055093
1754,0.0004020305350422859
1755,0.0004446131642907858
1756,0.0005159794818609953
1757,0.00041582691483199596
1758,0.0004715420654974878
1759,0.000535922241397202
1760,0.0005907072918489575
1761,0.0004570242599584162
1762,0.0004490887513384223
1763,0.0004837681190110743
1764,0.0004999020602554083
1765,0.00041371688712388277
1766,0.0005322488723322749
1767,0.0005590128130279481
1768,0.0005023307749070227
1769,0.0006954374257475138
1770,0.00045901292469352484
1771,0.000673899776302278
1772,0.00046042673056945205
1773,0.0005030123284086585
1774,0.0005486157024279237
1775,0.00046884280163794756
1776,0.0005155863473191857
1777,0.0005597909912467003
1778,0.0003800662816502154
1779,0.0004687730106525123
1780,0.0004188365419395268
1781,0.0004534981562756002
1782,0.0004759232106152922
1783,0.0004124784900341183
1784,0.0006122220074757934
1785,0.0006376178353093565
1786,0.00043941044714301825
1787,0.0005176255945116282
1788,0.0005507230525836349
1789,0.0005050959880463779
1790,0.00045128565398044884
1791,0.00039394357008859515
1792,0.0004503584932535887
1793,0.0004383674240671098
1794,0.0004590144380927086
1795,0.0006723911501467228
1796,0.0005641838652081788
1797,0.00048187730135396123
1798,0.0006052358075976372
1799,0.0005516990786418319
1800,0.0004260115383658558
1801,0.00046803985605947673
1802,0.0004494980094023049
1803,0.00046517635928466916
1804,0.0004514741594903171
1805,0.0004880311025772244
1806,0.0005251809488981962
1807,0.000493318191729486
1808,0.0005191803211346269
1809,0.0004932007868774235
1810,0.0005162723828107119
1811,0.0004963823594152927
1812,0.00046686152927577496
1813,0.0004933113814331591
1814,0.0004317530256230384
1815,0.0003887573257088661
1816,0.0004682852595578879
1817,0.0004115269985049963
1818,0.0005149315111339092
1819,0.00046553820720873773
1820,0.0005163638852536678
1821,0.0004411045811139047
1822,0.0007134180050343275
1823,0.0005883469711989164
1824,0.000490390055347234
1825,0.0008091921918094158
1826,0.0005048448801971972
1827,0.0006099336314946413
1828,0.0005209799855947495
1829,0.0005356805631890893
1830,0.0003986918309237808
1831,0.0005992350052110851
1832,0.00044219280243851244
1833,0.0005362373776733875
1834,0.00041236079414375126
1835,0.0004283713351469487
1836,0.0005771035212092102
1837,0.0004554677288979292
1838,0.0005137877305969596
1839,0.000449785846285522
1840,0.000455269415397197
1841,0.0005500362021848559
1842,0.00046202342491596937
1843,0.0005105508607812226
1844,0.0004707177577074617
1845,0.00045439647510647774
1846,0.0004769404185935855
1847,0.0004243727889843285
1848,0.00047660208656452596
1849,0.0006000746507197618
1850,0.0005533192306756973
1851,0.0004533325554803014
1852,0.00048400048399344087
1853,0.0005216898862272501
1854,0.00045110005885362625
1855,0.0005233277333900332
1856,0.0004788954684045166
1857,0.0004875136073678732
1858,0.0007388620870187879
1859,0.0005127105978317559
1860,0.0005736399907618761
1861,0.00045532180229201913
1862,0.0005683429772034287
1863,0.00044582205009646714
1864,0.0004897782346233726
1865,0.0006060048472136259
1866,0.0004633152566384524
1867,0.0005158634739927948
1868,0.000598971382714808
1869,0.0005204338813200593
1870,0.0004584310809150338
1871,0.0007070908322930336
1872,0.0004642654093913734
1873,0.0005500164115801454
1874,0.000527149997651577
1875,0.000471042119897902
1876,0.0004528457939159125
1877,0.0005790325230918825
1878,0.00046374433441087604
1879,0.0005235421122051775
1880,0.00047938001807779074
1881,0.0004400251782499254
1882,0.0005367975682020187
1883,0.0004768782528117299
1884,0.000495628803037107
1885,0.0005072636995464563
1886,0.000427786901127547
1887,0.0005181570304557681
1888,0.00046910159289836884
1889,0.00045177305582910776
1890,0.0005180825246497989
1891,0.00046606746036559343
1892,0.0005360470386222005
1893,0.00045021227560937405
1894,0.0004450735286809504
1895,0.0004350780218373984
1896,0.0005082080606371164
1897,0.0005627003847621381
1898,0.0005232647527009249
1899,0.0004846635856665671
1900,0.0005708746029995382
1901,0.0005974140949547291
1902,0.0005542455473914742
1903,0.00047217815881595016
1904,0.0005290854023769498
1905,0.000541357381734997
1906,0.0005124680465087295
1907,0.0005261802580207586
1908,0.00047995091881603
1909,0.0007355466950684786
1910,0.0005855686613358557
1911,0.0005866321153007448
1912,0.0007039025076664984
1913,0.0005410353187471628
1914,0.0004366174398455769
1915,0.000454610533779487
1916,0.0005092716892249882
1917,0.0005290681147016585
1918,0.00048315536696463823
1919,0.0004664437146857381
1920,0.00055051373783499
1921,0.0004427995008882135
1922,0.00045339748612605035
1923,0.0004260470741428435
1924,0.0005393233150243759
1925,0.00046155459131114185
1926,0.0006580525659956038
1927,0.0004829848767258227
1928,0.0005374984466470778
1929,0.0005903029814362526
1930,0.0005741928471252322
1931,0.0005595848197117448
1932,0.00048639861051924527
1933,0.0004499293863773346
1934,0.000517748761922121
1935,0.0005607957718893886
1936,0.00043683353578671813
1937,0.0005410027224570513
1938,0.0004932450246997178
1939,0.0004345429770182818
1940,0.0005704319919459522
1941,0.0004535465850494802
1942,0.0003585521480999887
1943,0.0004908769624307752
1944,0.0005984089220874012
1945,0.0005314868758432567
1946,0.0006155436276458204
1947,0.0005366081604734063
1948,0.0007367930375039577
1949,0.0006288723670877516
1950,0.0005110669881105423
1951,0.000487818440888077
1952,0.000492484716232866
1953,0.000566118978895247
1954,0.0004846908850595355
1955,0.0004344764456618577
1956,0.0004515464825090021
1957,0.00042633965495042503
1958,0.0004013048019260168
1959,0.0004143951809965074
1960,0.0005243648192845285
1961,0.0005850917659699917
1962,0.0005293051362968981
1963,0.0005126403411850333
1964,0.0005750132841058075
1965,0.00035817574826069176
1966,0.0006008978234604001
1967,0.0007591522298753262
1968,0.0004643633437808603
1969,0.00046204510726965964
1970,0.0004543613758869469
1971,0.0005457303486764431
1972,0.0004716345574706793
1973,0.0005005010752938688
1974,0.0006799824768677354
1975,0.0006199688650667667
1976,0.00048015330685302615
1977,0.0005661525065079331
1978,0.0005257681477814913
1979,0.0006387685425579548
1980,0.0005295119481161237
1981,0.000539718777872622
1982,0.00046653542085550725
1983,0.0004913072916679084
1984,0.0005469569587148726
1985,0.0005153103265911341
1986,0.00046515450230799615
1987,0.00042264448711648583
1988,0.00041533017065376043
1989,0.00047787351650185883
1990,0.0005806050612591207
1991,0.0005100372945889831
1992,0.0004418379976414144
1993,0.00042483105789870024
1994,0.0005084048607386649
1995,0.0004633828648366034
1996,0.0005532306968234479
1997,0.00042846566066145897
1998,0.0004468721162993461
1999,0.00044574186904355884
2000,0.0006602257490158081
2001,0.0004462547367438674
2002,0.0006076614954508841
2003,0.00047967699356377125
2004,0.0006484762998297811
2005,0.00036777136847376823
2006,0.0003965330251958221
2007,0.0004297107516322285
2008,0.0005635078996419907
2009,0.00047860905760899186
2010,0.00048652509576641023
2011,0.00046544778160750866
2012,0.0005651882383972406
2013,0.000533632468432188
2014,0.0004665894666686654
2015,0.0005640856688842177
2016,0.0004440664197318256
2017,0.0006253295578062534
2018,0.00046935875434428453
2019,0.0005146928015165031
2020,0.0004893975565209985
2021,0.0005649402155540884
2022,0.0005824620020575821
2023,0.000573385157622397
2024,0.00041056296322494745
2025,0.00046234618639573455
2026,0.0004983459366485476
2027,0.00045038459938950837
2028,0.0004773136752191931
2029,0.000496505293995142
2030,0.0004255461390130222
2031,0.0005341998185031116
2032,0.0005324101075530052
2033,0.0005272307898849249
2034,0.0005256321164779365
2035,0.0005449774325825274
2036,0.0004304306348785758
2037,0.0004623407730832696
2038,0.000493708997964859
2039,0.0004736301489174366
2040,0.0004590575990732759
2041,0.0005478387465700507
2042,0.0006164524238556623
2043,0.0004524721880443394
2044,0.00047879511839710176
2045,0.0004374069394543767
2046,0.0005063990829512477
2047,0.00042905661393888295
2048,0.0004895156598649919
2049,0.0005064303404651582
2050,0.000640959944576025
2051,0.0004352420219220221
2052,0.0006369018228724599
2053,0.0004366318753454834
2054,0.0004870528937317431
2055,0.0003793446230702102
2056,0.0004717693664133549
2057,0.0004338261787779629
2058,0.0004701797151938081
2059,0.00049318972742185
2060,0.0004433223220985383
2061,0.0004661523853428662
2062,0.0005109845660626888
2063,0.0004138991644140333
2064,0.0005900173564441502
2065,0.00047387363156303763
2066,0.000542714144103229
2067,0.0005186007474549115
2068,0.0005806375411339104
2069,0.0004859960754401982
2070,0.0005070589249953628
2071,0.0005158469430170953
2072,0.0005430349847301841
2073,0.0005222522304393351
2074,0.0005854845512658358
2075,0.0005179365398362279
2076,0.0005625218036584556
2077,0.0005237666191533208
2078,0.00041358088492415845
2079,0.00045416573993861675
2080,0.0004797328729182482
2081,0.0006263653049245477
2082,0.0005539229605346918
2083,0.0005103048169985414
2084,0.00038756418507546186
2085,0.0004815508145838976
2086,0.0005178581341169775
2087,0.00044365524081513286
2088,0.00048802897799760103
2089,0.00047388000530190766
2090,0.0005148409400135279
2091,0.0005745146190747619
2092,0.0004895298625342548
2093,0.0005028445739299059
2094,0.0005735611775889993
2095,0.0005953732179477811
2096,0.0005485537694767118
2097,0.0005277474410831928
2098,0.0005396811757236719
2099,0.0006038217106834054
2100,0.0005013314075767994
2101,0.00047202775022014976
2102,0.0003857023548334837
2103,0.0005589420907199383
2104,0.0004804031632374972
2105,0.000581049476750195
2106,0.0005119920242577791
2107,0.0005581129807978868
2108,0.00048495049122720957
2109,0.00044092946336604655
2110,0.0004830498655792326
2111,0.0007302159210667014
2112,0.00039082602597773075
2113,0.000471119157737121
2114,0.00046214397298172116
2115,0.0005087460740469396
2116,0.0004780091985594481
2117,0.0005633904947899282
2118,0.000459390168543905
2119,0.0005233796546235681
2120,0.0005222149193286896
2121,0.00043637031922116876
2122,0.0006628958508372307
2123,0.0004582999390549958
2124,0.0006077917059883475
2125,0.00047163391718640924
2126,0.0012154938885942101
2127,0.00043050688691437244
2128,0.00045208664960227907
2129,0.0004280088469386101
2130,0.0005753563600592315
2131,0.0004350222006905824
2132,0.0005288342945277691
2133,0.0006146198720671237
2134,0.0005012853653170168
2135,0.0004675180243793875
2136,0.0004733070090878755
2137,0.0004753826360683888
2138,0.0004550484591163695
2139,0.0004682348226197064
2140,0.000509859761223197
2141,0.0005087132449261844
2142,0.0004753703251481056
2143,0.00037709332536906004
2144,0.0006262051174417138
2145,0.0004756236739922315
2146,0.000545246060937643
2147,0.0004481460200622678
2148,0.0004061629297211766
2149,0.0006077202269807458
2150,0.0004816089349333197
2151,0.0005011407192796469
2152,0.0005545635940507054
2153,0.00042362528620287776
2154,0.0006868692580610514
2155,0.00046193989692255855
2156,0.0005383339594118297
2157,0.000451994885224849
2158,0.0003906019264832139
2159,0.00047404394717887044
2160,0.00048561289440840483
2161,0.0006283130496740341
2162,0.0004152435576543212
2163,0.000475022301543504
2164,0.0004500177747104317
2165,0.000522553629707545
2166,0.0005488982424139977
2167,0.00048385612899437547
2168,0.0005434288759715855
2169,0.0005789835122413933
2170,0.0005490815965458751
2171,0.0004705896135419607
2172,0.0004118767683394253
2173,0.0005192127428017557
2174,0.00045787286944687366
2175,0.0005081294802948833
2176,0.00036527522024698555
2177,0.000930978509131819
2178,0.0004661607090383768
2179,0.0005006269202567637
2180,0.0004889130941592157
2181,0.00048741826321929693
2182,0.0005311336717568338
2183,0.0004534619802143425
2184,0.0004729782813228667
2185,0.0007393104024231434
2186,0.0005618003779090941
2187,0.0005532337236218154
2188,0.00042935507372021675
2189,0.0005584299797192216
2190,0.0004612252814695239
2191,0.0004946608678437769
2192,0.0004747389175463468
2193,0.0005599437863565981
2194,0.0005997084081172943
2195,0.0005451668403111398
2196,0.0003351100313011557
2197,0.0005175877595320344
2198,0.0004921284271404147
2199,0.0006480819429270923
2200,0.0005645762430503964
2201,0.0005727906245738268
2202,0.00039209434180520475
2203,0.0005589603679254651
2204,0.0006015563849359751
2205,0.0004260955611243844
2206,0.0004349360242486
2207,0.000516447878908366
2208,0.0004421231569722295
2209,0.0003958823508583009
2210,0.0005202969186939299
2211,0.00039606192149221897
2212,0.0004444557707756758
2213,0.0005176771664991975
2214,0.0008038515225052834
2215,0.0004549398145172745
2216,0.0005264368373900652
2217,0.0006077861180528998
2218,0.0005005151033401489
2219,0.00042851566104218364
2220,0.00044461130164563656
2221,0.0005175044643692672
2222,0.0004996168427169323
2223,0.0005715504521504045
2224,0.0004610001342371106
2225,0.0004691019712481648
2226,0.0004720152937807143
2227,0.0005704244831576943
2228,0.00045226470683701336
2229,0.00045759580098092556
2230,0.0007154530612751842
2231,0.00045810401206836104
2232,0.0005177183775231242
2233,0.0003877901181112975
2234,0.0004446394741535187
2235,0.0004404238425195217
2236,0.0005034399800933897
2237,0.0004243901348672807
2238,0.000467135279905051
2239,0.0005650786915794015
2240,0.0004863024805672467
2241,0.0004913976299576461
2242,0.0006251154118217528
2243,0.0004089080903213471
2244,0.0005377307534217834
2245,0.0005615445552393794
2246,0.0004140873206779361
2247,0.000426809856435284
2248,0.0005308471736498177
2249,0.00045640149619430304
2250,0.0004660331178456545
2251,0.0005656002904288471
2252,0.000531210913322866
2253,0.000522549613378942
2254,0.0005211314419284463
2255,0.0009772921912372112
2256,0.0005661346367560327
2257,0.0005012309411540627
2258,0.00040952686686068773
2259,0.000462048890767619
2260,0.0006690971204079688
2261,0.0005378451896831393
2262,0.0005566785694099963
2263,0.000815546780359
2264,0.0004241854476276785
2265,0.0005684146308340132
2266,0.0005328012630343437
2267,0.00043691665632650256
2268,0.0006127809174358845
2269,0.00047374324640259147
2270,0.0005330206477083266
2271,0.0005012418841943145
2272,0.0003978461027145386
2273,0.000402626465074718
2274,0.0005139949498698115
2275,0.0004239473200868815
2276,0.0005095787928439677
2277,0.0005290635162964463
2278,0.0005179382860660553
2279,0.0006427144398912787
2280,0.0004497159388847649
2281,0.0004950137808918953
2282,0.0004900809144601226
2283,0.0006237829802557826
2284,0.000579632178414613
2285,0.00045023721759207547
2286,0.0004319273284636438
2287,0.0005459264502860606
2288,0.0006460401345975697
2289,0.0006400155834853649
2290,0.00043793205986730754
2291,0.000575606245547533
2292,0.0006178332259878516
2293,0.0004951236769556999
2294,0.0005281597841531038
2295,0.0005062287673354149
2296,0.00046547752572223544
2297,0.0006442093290388584
2298,0.0006300377426669002
2299,0.0005372796440497041
2300,0.0005527358734980226
2301,0.0004996364586986601
2302,0.000434423447586596
2303,0.0005503003485500813
2304,0.00048014018102549016
2305,0.0004800748429261148
2306,0.000444976263679564
2307,0.0003828708431683481
2308,0.0004531834274530411
2309,0.0006342263659462333
2310,0.0005612738896161318
2311,0.0005390163860283792
2312,0.00038680885336361825
2313,0.0005205647321417928
2314,0.0005037222290411592
2315,0.000476890621939674
2316,0.000520971545483917
2317,0.0004202118725515902
2318,0.0005088275065645576
2319,0.001036298694089055
2320,0.0005241098697297275
2321,0.0005348896374925971
2322,0.0005489017930813134
2323,0.0003824169689323753
2324,0.0004059095517732203
2325,0.0004967267159372568
2326,0.00045078620314598083
2327,0.000427595223300159
2328,0.0004486363322939724
2329,0.0005093481158837676
2330,0.0004148040316067636
2331,0.0005307254614308476
2332,0.0004873997822869569
2333,0.000558969157282263
2334,0.0005144671886228025
2335,0.000495441141538322
2336,0.0005079904804006219
2337,0.00042636520811356604
2338,0.0005488235619850457
2339,0.0010070283897221088
2340,0.0005687830271199346
2341,0.0004942495143041015
2342,0.00046598067274317145
2343,0.0005678215529769659
2344,0.00044703768799081445
2345,0.0004837960877921432
2346,0.00041389098623767495
2347,0.0005125973839312792
2348,0.0005373013555072248
2349,0.00044637653627432883
2350,0.0004523166862782091
2351,0.0004982289392501116
2352,0.00042964681051671505
2353,0.0005083806463517249
2354,0.0005322189535945654
2355,0.0005112772923894227
2356,0.0003877761191688478
2357,0.0004485864774324
2358,0.0004909699782729149
2359,0.00045198886073194444
2360,0.0005449266172945499
2361,0.0007704593590460718
2362,0.0004774198750965297
2363,0.00039165973430499434
2364,0.0006493533728644252
2365,0.0004956722259521484
2366,0.0005598968709819019
2367,0.000587635557167232
2368,0.000509590026922524
2369,0.0005577286938205361
2370,0.0005309510743245482
2371,0.00043352835928089917
2372,0.000541502726264298
2373,0.0004631763731595129
2374,0.0005682859919033945
2375,0.0004968051798641682
2376,0.0005141892470419407
2377,0.0005162280285730958
2378,0.000562681641895324
2379,0.0004871100536547601
2380,0.0007307840278372169
2381,0.0005923009593971074
2382,0.0003813898656517267
2383,0.0005991954822093248
2384,0.00045639104791916907
2385,0.0005402612150646746
2386,0.0005045266589149833
2387,0.0005006009014323354
2388,0.0006450738292187452
2389,0.0005635040579363704
2390,0.00046807038597762585
2391,0.0006044383044354618
2392,0.0007375865243375301
2393,0.0009185619419440627
2394,0.0004933591699227691
2395,0.0005514702061191201
2396,0.00048045028233900666
2397,0.0006539019523188472
2398,0.0005601410521194339
2399,0.00044305785559117794
2400,0.0004920158535242081
2401,0.00040723622078076005
2402,0.0005020630778744817
2403,0.0004364577471278608
2404,0.0004153344489168376
2405,0.00044434182927943766
2406,0.0004772489483002573
2407,0.00044935563346371055
2408,0.0005010468303225935
2409,0.0005461681284941733
2410,0.00045672294800169766
2411,0.0006093071424402297
2412,0.0004448367399163544
2413,0.0005836894270032644
2414,0.0004675776290241629
2415,0.0003701034002006054
2416,0.0005211163661442697
2417,0.0004450347041711211
2418,0.0005257750162854791
2419,0.0006626828690059483
2420,0.000494279433041811
2421,0.00045394874177873135
2422,0.0005060246330685914
2423,0.0004363174084573984
2424,0.000543994246982038
2425,0.0005240498576313257
2426,0.0004135493654757738
2427,0.00043050770182162523
2428,0.0005497890524566174
2429,0.0005448381416499615
2430,0.000516780186444521
2431,0.00037532986607402563
2432,0.000965067301876843
2433,0.0004887856775894761
2434,0.0005250296671874821
2435,0.0005108392797410488
2436,0.0004970566369593143
2437,0.0006257402710616589
2438,0.0005000635865144432
2439,0.0004036889295093715
2440,0.0005110726342536509
2441,0.0005801210063509643
2442,0.0005135113024152815
2443,0.0005265441723167896
2444,0.0004872189019806683
2445,0.00045031390618532896
2446,0.0005157609120942652
2447,0.0006590771372430027
2448,0.0004157749644946307
2449,0.00045152456732466817
2450,0.0005102059803903103
2451,0.00045434216735884547
2452,0.0005646786885336041
2453,0.0005381087539717555
2454,0.0006614583544433117
2455,0.00045807677088305354
2456,0.0004809738020412624
2457,0.00045692783896811306
2458,0.0004716562689282
2459,0.0004326252965256572
2460,0.0005022933473810554
2461,0.0006677109631709754
2462,0.0005673511186614633
2463,0.0006461806478910148
2464,0.000770672457292676
2465,0.0005683929193764925
2466,0.00039858301170170307
2467,0.0007846177904866636
2468,0.0005136611289344728
2469,0.000604255823418498
2470,0.0006009227363392711
2471,0.0004847956879530102
2472,0.0004613483906723559
2473,0.0006127193919382989
2474,0.0004774095141328871
2475,0.0005028288578614593
2476,0.0004789965460076928
2477,0.0004804867203347385
2478,0.0005076646339148283
2479,0.00041576242074370384
2480,0.00046532184933312237
2481,0.0004858328611589968
2482,0.000441422569565475
2483,0.0004870224802289158
2484,0.0004742412711493671
2485,0.00039400291279889643
2486,0.000497307744808495
2487,0.000524774775840342
2488,0.00040710880421102047
2489,0.0004546995915006846
2490,0.0005725062219426036
2491,0.00039800579543225467
2492,0.0004026821115985513
2493,0.000494261970743537
2494,0.0005272640846669674
2495,0.0005283117643557489
2496,0.000720749725587666
2497,0.000476622226415202
2498,0.0005697011365555227
2499,0.0004705592873506248
2500,0.0004217380774207413
2501,0.0004168482846580446
2502,0.0005012194160372019
2503,0.00043912004912272096
2504,0.0004224473377689719
2505,0.0004574772319756448
2506,0.0005057713715359569
2507,0.00046021619345992804
2508,0.0004089007852599025
2509,0.0004901342326775193
2510,0.0004942431696690619
2511,0.000527587253600359
2512,0.0005166473565623164
2513,0.0005083571304567158
2514,0.0004775020352099091
2515,0.0005512110656127334
2516,0.0004298277199268341
2517,0.0005109902122057974
2518,0.00039244169602170587
2519,0.00043068823288194835
2520,0.00043414183892309666
2521,0.0005539554404094815
2522,0.0004363034095149487
2523,0.00045875459909439087
2524,0.00048617838183417916
2525,0.0005328109837137163
2526,0.0005467156879603863
2527,0.0005393294850364327
2528,0.0005260931793600321
2529,0.00038710885564796627
2530,0.0004107860440853983
2531,0.0004659102705772966
2532,0.0004840345063712448
2533,0.0005529996706172824
2534,0.0005294501315802336
2535,0.0005251378752291203
2536,0.0004922564839944243
2537,0.0004624236607924104
2538,0.00047774537233635783
2539,0.0004812565166503191
2540,0.000495873624458909
2541,0.0005644067423418164
2542,0.0006443538004532456
2543,0.0006137879681773484
2544,0.0007204647990874946
2545,0.0005091916536912322
2546,0.0005665671196766198
2547,0.0006488218205049634
2548,0.0005180611624382436
2549,0.0004683648585341871
2550,0.0005424931878224015
2551,0.0005069324979558587
2552,0.00039220371400006115
2553,0.0004614110221154988
2554,0.00043069105595350266
2555,0.00044314138358458877
2556,0.0005673084524460137
2557,0.0005570873036049306
2558,0.0005375879700295627
2559,0.00043823308078572154
2560,0.0004669365007430315
2561,0.0004373805713839829
2562,0.0006954794516786933
2563,0.0004597755614668131
2564,0.0004945058026351035
2565,0.00045862747356295586
2566,0.00046939466847106814
2567,0.0004864763468503952
2568,0.0005515541415661573
2569,0.0004644624423235655
2570,0.00040364550659433007
2571,0.000511951046064496
2572,0.0005175162805244327
2573,0.0005379799986258149
2574,0.0004040973726660013
2575,0.00048342644004151225
2576,0.0004375346761662513
2577,0.0004654237418435514
2578,0.000519373978022486
2579,0.0006386539898812771
2580,0.0005733128054998815
2581,0.0004900009953416884
2582,0.0004103911924175918
2583,0.0005268878303468227
2584,0.0004837721062358469
2585,0.0009153884602710605
2586,0.00042748244595713913
2587,0.0008524052100256085
2588,0.0005778771010227501
2589,0.0006122905761003494
2590,0.0004498560738284141
2591,0.0005756127065978944
2592,0.0006040846928954124
2593,0.00044997630175203085
2594,0.0005803471431136131
2595,0.0005894007044844329
2596,0.0004773383552674204
2597,0.0005774336168542504
2598,0.000549793301615864
2599,0.0005755198071710765
2600,0.0005486796726472676
2601,0.0005346006946638227
2602,0.000511525955516845
2603,0.0004669304471462965
2604,0.0006832796498201787
2605,0.0005990486824885011
2606,0.00047536884085275233
2607,0.000462562806205824
2608,0.00048573678941465914
2609,0.0005131552461534739
2610,0.000394628121284768
2611,0.000513235223479569
2612,0.000487389275804162
2613,0.0005156629486009479
2614,0.0006139031611382961
2615,0.00043601414654403925
2616,0.00047276291297748685
2617,0.000433563778642565
2618,0.0004530284204520285
2619,0.00048811727901920676
2620,0.0005246330401860178
2621,0.0004865110677201301
2622,0.00047151377657428384
2623,0.000539609172847122
2624,0.0004843511851504445
2625,0.0005593691603280604
2626,0.0004627075104508549
2627,0.0005469888565130532
2628,0.0004961394588463008
2629,0.00048274293658323586
2630,0.000552714744117111
2631,0.0004525819967966527
2632,0.0006005295435898006
2633,0.00048385662375949323
2634,0.000502091133967042
2635,0.00040410502697341144
2636,0.0004656211531255394
2637,0.0006260178051888943
2638,0.0005153614329174161
2639,0.00040293060010299087
2640,0.0004171618493273854
2641,0.000577931699808687
2642,0.00046987010864540935
2643,0.0005222199251875281
2644,0.000552200130186975
2645,0.0004733727837447077
2646,0.0004946307744830847
2647,0.0005015004426240921
2648,0.00039464730070903897
2649,0.0004240593407303095
2650,0.000606169574894011
2651,0.00039812520844861865
2652,0.0005645598284900188
2653,0.0004638633399736136
2654,0.0004737139097414911
2655,0.0005163156893104315
2656,0.0005444538546726108
2657,0.0004461089556571096
2658,0.0006139749311842024
2659,0.000441794894868508
2660,0.0005099165719002485
2661,0.0005613570683635771
2662,0.00048165745101869106
2663,0.000545576389413327
2664,0.00046777588431723416
2665,0.0006322510889731348
2666,0.0005799237987957895
2667,0.0004932291922159493
2668,0.0005036339862272143
2669,0.0005115753738209605
2670,0.0004941780352964997
2671,0.0004804464115295559
2672,0.0004898326005786657
2673,0.00047702371375635266
2674,0.00047300008009187877
2675,0.0004609669849742204
2676,0.0004667503817472607
2677,0.0005511536728590727
2678,0.0005307102110236883
2679,0.0005337747861631215
2680,0.000460506824310869
2681,0.000494113250169903
2682,0.00045018820674158633
2683,0.00044232941581867635
2684,0.0005027316510677338
2685,0.0005030487664043903
2686,0.0005140453577041626
2687,0.0004881841887254268
2688,0.0005408106371760368
2689,0.0005271456902846694
2690,0.0005127937183715403
2691,0.00039356001070700586
2692,0.0004925704561173916
2693,0.0004596018698066473
2694,0.0006548914825543761
2695,0.0005519883707165718
2696,0.000511232006829232
2697,0.000507584773004055
2698,0.0005178842693567276
2699,0.00040458166040480137
2700,0.0005065799923613667
2701,0.00057510647457093
2702,0.0005500265979208052
2703,0.0004896472091786563
2704,0.0005519494879990816
2705,0.00041545857675373554
2706,0.000475575216114521
2707,0.0006462028832174838
2708,0.0007618146482855082
2709,0.0004089114663656801
2710,0.0004621904226951301
2711,0.0004612296470440924
2712,0.00046168145490810275
2713,0.0005730130360461771
2714,0.0005153523525223136
2715,0.0004917514743283391
2716,0.0005256244330666959
2717,0.00051381706725806
2718,0.0005273882416076958
2719,0.00045937381219118834
2720,0.0005656315479427576
2721,0.0004241160349920392
2722,0.00046638803905807436
2723,0.0005393616738729179
2724,0.0004825050418730825
2725,0.0005091817583888769
2726,0.0004896165919490159
2727,0.0005100606358610094
2728,0.0006001935689710081
2729,0.00044802867341786623
2730,0.0006962260231375694
2731,0.0004169328312855214
2732,0.0005483267013914883
2733,0.0004871825221925974
2734,0.0004086284898221493
2735,0.0005140633438713849
2736,0.0004588729061651975
2737,0.0005769730778411031
2738,0.000520494591910392
2739,0.0004583795671351254
2740,0.0006043333560228348
2741,0.0004525684053078294
2742,0.0005326899117790163
2743,0.000509349163621664
2744,0.00045885262079536915
2745,0.0004935456672683358
2746,0.00036209335667081177
2747,0.000444090022938326
2748,0.0004093906027264893
2749,0.0004966978449374437
2750,0.0005366049008443952
2751,0.0005391269223764539
2752,0.0005131811485625803
2753,0.000535564380697906
2754,0.0008038277155719697
2755,0.0004285493341740221
2756,0.00047729240031912923
2757,0.000520208734087646
2758,0.0005371078150346875
2759,0.000801609770860523
2760,0.0005651748506352305
2761,0.00040597841143608093
2762,0.0004765073535963893
2763,0.0005187836941331625
2764,0.0004156962095294148
2765,0.0005031691398471594
2766,0.00043724599527195096
2767,0.0004824876959901303
2768,0.0005750735872425139
2769,0.0004589773016050458
2770,0.00044051872100681067
2771,0.0004738598072435707
2772,0.00042449324973858893
2773,0.00047026321408338845
2774,0.0005151768564246595
2775,0.00033019689726643264
2776,0.0005780610372312367
2777,0.00044718137360177934
2778,0.0004692936490755528
2779,0.0005654694978147745
2780,0.0004354188858997077
2781,0.0005477327504195273
2782,0.0004468865809030831
2783,0.0004743823083117604
2784,0.00047025270760059357
2785,0.0004563467809930444
2786,0.0005988971097394824
2787,0.0004358105070423335
2788,0.0004934373428113759
2789,0.0003787045425269753
2790,0.00057126150932163
2791,0.0005062820855528116
2792,0.0004822684859391302
2793,0.0005706122028641403
2794,0.0005753145087510347
2795,0.00044354211422614753
2796,0.0004112612805329263
2797,0.00037781818537041545
2798,0.0004317697894293815
2799,0.0006732484325766563
2800,0.0004413754213601351
2801,0.0005154357641004026
2802,0.0006340047111734748
2803,0.000481815921375528
2804,0.00047337712021544576
2805,0.0004710136563517153
2806,0.00044761254684999585
2807,0.0004637023084796965
2808,0.0005075811059214175
2809,0.0004510322178248316
2810,0.00043138713226653636
2811,0.00047500041546300054
2812,0.0005069267936050892
2813,0.00047903432277962565
2814,0.0005746140377596021
2815,0.00043577776523306966
2816,0.0005611363449133933
2817,0.0004978016950190067
2818,0.0005161956651136279
2819,0.0005018864758312702
2820,0.00041978800436481833
2821,0.00047283308231271803
2822,0.0004618021775968373
2823,0.00045668199891224504
2824,0.00041774549754336476
2825,0.00042904066503979266
2826,0.0004765875346492976
2827,0.00047803716734051704
2828,0.0004881175409536809
2829,0.000613686628639698
2830,0.0006265366682782769
2831,0.0005020499229431152
2832,0.0004259234410710633
2833,0.0004458057228475809
2834,0.0004708435444626957
2835,0.00041321892058476806
2836,0.0007431219564750791
2837,0.0004952000454068184
2838,0.0005119878333061934
2839,0.00048730464186519384
2840,0.0005102204158902168
2841,0.0005231557879596949
2842,0.0005512544885277748
2843,0.00046880391892045736
2844,0.00046992680290713906
2845,0.00041233256342820823
2846,0.0005424331175163388
2847,0.00040840517613105476
2848,0.0005669539095833898
2849,0.0005637154099531472
2850,0.0006341719999909401
2851,0.0005452953046187758
2852,0.0008693014970049262
2853,0.00051122932927683
2854,0.00046850432408973575
2855,0.000649188703391701
2856,0.0004837217857129872
2857,0.0004463647783268243
2858,0.0004421102930791676
2859,0.0004829654353670776
2860,0.0006088012596592307
2861,0.0005855641211383045
2862,0.0005364321987144649
2863,0.0005060028051957488
2864,0.0006344709545373917
2865,0.0004512718296609819
2866,0.00045312027214094996
2867,0.0005406178534030914
2868,0.0004606745787896216
2869,0.00047829237882979214
2870,0.00047706373152323067
2871,0.0005001144018024206
2872,0.0005256956210359931
2873,0.0005973370280116796
2874,0.00047931712470017374
2875,0.00043688356527127326
2876,0.0004382306360639632
2877,0.0006040146108716726
2878,0.0003868318162858486
2879,0.0005945122102275491
2880,0.0005299083422869444
2881,0.0005487032467499375
2882,0.0005119334091432393
2883,0.0005619994481094182
2884,0.0005335633759386837
2885,0.0006078127189539373
2886,0.000698287389241159
2887,0.0005759904161095619
2888,0.0005183247267268598
2889,0.0004744676989503205
2890,0.000446753459982574
2891,0.0004500695504248142
2892,0.000360102450940758
2893,0.00047103315591812134
2894,0.0005475033540278673
2895,0.000538766966201365
2896,0.0005912742344662547
2897,0.0005096447421237826
2898,0.0004444395308382809
2899,0.0006266155396588147
2900,0.0007477235049009323
2901,0.0005234542768448591
2902,0.0006209924467839301
2903,0.00045562259037978947
2904,0.00043408683268353343
2905,0.0004900890635326505
2906,0.0004855249426327646
2907,0.000437622657045722
2908,0.0005068908212706447
2909,0.0005802576197311282
2910,0.0005184201872907579
2911,0.000528189935721457
2912,0.00046344019938260317
2913,0.000459872157080099
2914,0.00042536912951618433
2915,0.0005469605675898492
2916,0.00042452599154785275
2917,0.00045306398533284664
2918,0.0004233152139931917
2919,0.0005494589568115771
2920,0.0005251241382211447
2921,0.0005837487988173962
2922,0.0004490771680139005
2923,0.0005444923299364746
2924,0.0005256851436570287
2925,0.000590221956372261
2926,0.0005833063623867929
2927,0.0004808283702004701
2928,0.0005231335526332259
2929,0.0005759375635534525
2930,0.0005128610064275563
2931,0.000515990424901247
2932,0.0005620407755486667
2933,0.0006027281633578241
2934,0.0004194091889075935
2935,0.00043735274812206626
2936,0.0004621726111508906
2937,0.0005250359536148608
2938,0.0004615203069988638
2939,0.0005479824030771852
2940,0.00044320779852569103
2941,0.0004570790333673358
2942,0.00048769719433039427
2943,0.0005275625735521317
2944,0.0004437645839061588
2945,0.0005710080731660128
2946,0.0004532313614618033
2947,0.0005194315453991294
2948,0.0004962266539223492
2949,0.00044697796693071723
2950,0.00039635668508708477
2951,0.0004038849729113281
2952,0.0004093405441381037
2953,0.0005220671882852912
2954,0.0004859005275648087
2955,0.0005187956849113107
2956,0.00042407435830682516
2957,0.000540774199180305
2958,0.00045082299038767815
2959,0.00045924552250653505
2960,0.0005040873656980693
2961,0.0005218295846134424
2962,0.0003322970005683601
2963,0.0004451227141544223
2964,0.0005032775225117803
2965,0.00044404680375009775
2966,0.0005673660198226571
2967,0.000540218607056886
2968,0.0005607575294561684
2969,0.00045496365055441856
2970,0.00038880304782651365
2971,0.00041720172157511115
2972,0.00042465998558327556
2973,0.0004950284492224455
2974,0.0005761330248787999
2975,0.0005103647708892822
2976,0.000353029347024858
2977,0.0005151618970558047
2978,0.000505493488162756
2979,0.0008835267508402467
2980,0.0004534139297902584
2981,0.0005115542444400489
2982,0.0005137523403391242
2983,0.0006217073532752693
2984,0.000493534142151475
2985,0.00048597020213492215
2986,0.0005535924574360251
2987,0.00046133832074701786
2988,0.0004595892387442291
2989,0.0005089473561383784
2990,0.0005454638740047812
2991,0.00042776745976880193
2992,0.0005202607135288417
2993,0.000739284441806376
2994,0.0004201384726911783
2995,0.0005658165900968015
2996,0.00048013479681685567
2997,0.0005136574618518353
2998,0.00047817459562793374
2999,0.0004900586209259927
3000,0.000492625345941633
3001,0.0004954211763106287
3002,0.0004392205737531185
3003,0.00048627553042024374
3004,0.0005628418875858188
3005,0.0006821977440267801
3006,0.00041565470746718347
3007,0.00043289049062877893
3008,0.00048713022260926664
3009,0.00039948540506884456
3010,0.00043152866419404745
3011,0.0004607313603628427
3012,0.0005217068246565759
3013,0.0005736168241128325
3014,0.0004575832572299987
3015,0.0005835042102262378
3016,0.0005103678558953106
3017,0.00042548010242171586
3018,0.0006058781291358173
3019,0.000584674533456564
3020,0.00048613030230626464
3021,0.0005236651049926877
3022,0.0004861146444454789
3023,0.0005325310630723834
3024,0.00047720782458782196
3025,0.000489216239657253
3026,0.0004509101272560656
3027,0.0005382179515436292
3028,0.00047400459880009294
3029,0.000509397650603205
3030,0.0006670000730082393
3031,0.0005346843390725553
3032,0.00044107413850724697
3033,0.0004544187686406076
3034,0.00042687071254476905
3035,0.0006977471057325602
3036,0.00045930189662612975
3037,0.0004864382208324969
3038,0.0005309326807036996
3039,0.00046081593609414995
3040,0.0005626542260870337
3041,0.00047478056512773037
3042,0.0006574062863364816
3043,0.0004927205154672265
3044,0.0006558969616889954
3045,0.0005054925568401814
3046,0.0004137291689403355
3047,0.0006118437740951777
3048,0.0005061548436060548
3049,0.0005006357096135616
3050,0.0004354167031124234
3051,0.000447327911388129
3052,0.0005975105450488627
3053,0.0004760359588544816
3054,0.000506076670717448
3055,0.0004215321969240904
3056,0.0004755018453579396
3057,0.0004482113872654736
3058,0.0005478719831444323
3059,0.00044607854215428233
3060,0.0004314358811825514
3061,0.0005808045389130712
3062,0.00033892455394379795
3063,0.0005156326224096119
3064,0.0004342844767961651
3065,0.0006644459790550172
3066,0.0005124279414303601
3067,0.0004914694000035524
3068,0.00044916331535205245
3069,0.0005842752289026976
3070,0.0004928309936076403
3071,0.0005892049521207809
3072,0.0007132035680115223
3073,0.00043815205572173
3074,0.00041622607386671007
3075,0.00046303303679451346
3076,0.000470051629235968
3077,0.0005566558102145791
3078,0.0005379205686040223
3079,0.00038770580431446433
3080,0.0006870606448501348
3081,0.00045666328514926136
3082,0.0006030057556927204
3083,0.0004635532386600971
3084,0.0005459274398162961
3085,0.00046310696052387357
3086,0.0004971743910573423
3087,0.0005706009105779231
3088,0.0004823752969969064
3089,0.0004982426762580872
3090,0.0004755068803206086
3091,0.0005488102324306965
3092,0.0005512140924111009
3093,0.0004267308977432549
3094,0.0004793409607373178
3095,0.0004607674782164395
3096,0.00047658925177529454
3097,0.0008109550108201802
3098,0.000415389658883214
3099,0.0005263509228825569
3100,0.0006072667893022299
3101,0.000457310292404145
3102,0.0005356613546609879
3103,0.00044611800694838166
3104,0.0004726560728158802
3105,0.0005097186076454818
3106,0.0006340235704556108
3107,0.0005424101836979389
3108,0.00046750972978770733
3109,0.0005034967907704413
3110,0.0004598652885761112
3111,0.0004886559909209609
3112,0.0005840248777531087
3113,0.0006853658123873174
3114,0.000844671216327697
3115,0.00055631750728935
3116,0.0005883222329430282
3117,0.0004727092746179551
3118,0.0005721416091546416
3119,0.0004531083395704627
3120,0.0005012108013033867
3121,0.0005407496355473995
3122,0.0004150187596678734
3123,0.0005599229480139911
3124,0.0005822216044180095
3125,0.0004631439514923841
3126,0.00047743829782120883
3127,0.00040654194890521467
3128,0.0005272385315038264
3129,0.00038673507515341043
3130,0.0004903931985609233
3131,0.0006064267363399267
3132,0.0004530192236416042
3133,0.0004886885290034115
3134,0.0008930112817324698
3135,0.0005316109163686633
3136,0.0005102338036522269
3137,0.0005945010343566537
3138,0.00044729275396093726
3139,0.0005408037104643881
3140,0.00048745935782790184
3141,0.0004330341180320829
3142,0.00045575996045954525
3143,0.0004762813332490623
3144,0.00042948173359036446
3145,0.0005029282765462995
3146,0.0007487032562494278
3147,0.000489207508508116
3148,0.00044933348544873297
3149,0.0006514957640320063
3150,0.00037884805351495743
3151,0.0004924690001644194
3152,0.0004631166812032461
3153,0.0006774174980819225
3154,0.0005118657136335969
3155,0.000495579675771296
3156,0.0006331155309453607
3157,0.0004476566391531378
3158,0.0005205695633776486
3159,0.0005276893498376012
3160,0.00046771051711402833
3161,0.0005930721526965499
3162,0.00042736681643873453
3163,0.0005071057239547372
3164,0.0004951327573508024
3165,0.0005953648942522705
3166,0.0005480422987602651
3167,0.0004682494909502566
3168,0.00044874087325297296
3169,0.00063546490855515
3170,0.0005267260130494833
3171,0.0005170999793335795
3172,0.00044375823927111924
3173,0.0005471269832924008
3174,0.00045221380423754454
3175,0.0006592145655304193
3176,0.0005049575120210648
3177,0.000538932450581342
3178,0.00043286540312692523
3179,0.000460553215816617
3180,0.00045950349885970354
3181,0.0005610966472886503
3182,0.0005067115416750312
3183,0.0005913338391110301
3184,0.0004988613072782755
3185,0.0004739273863378912
3186,0.0005266381776891649
3187,0.0004073695163242519
3188,0.0005348927807062864
3189,0.0004957393975928426
3190,0.0004604706773534417
3191,0.0005239815218374133
3192,0.00045097447582520545
3193,0.0006012714002281427
3194,0.0005324290250428021
3195,0.0005166861228644848
3196,0.0004726256593130529
3197,0.0006200341740623116
3198,0.0005898166564293206
3199,0.0005031370674259961
3200,0.00044633878860622644
3201,0.0004463273799046874
3202,0.0004604679998010397
3203,0.0005271640839055181
3204,0.0005316035822033882
3205,0.00044212344801053405
3206,0.0004698793636634946
3207,0.0005039394600316882
3208,0.0005292472196742892
3209,0.0004266597970854491
3210,0.0005107828183099627
3211,0.00044211564818397164
3212,0.0006537819281220436
3213,0.000535295344889164
3214,0.00040059868479147553
3215,0.00046143235522322357
3216,0.0004755599074997008
3217,0.00048272006097249687
3218,0.0005338904447853565
3219,0.0004919230123050511
3220,0.00046882100286893547
3221,0.0004877098253928125
3222,0.0004901541396975517
3223,0.0005278189200907946
3224,0.000526485382579267
3225,0.0004993018810637295
3226,0.0004585690039675683
3227,0.0004666564636863768
3228,0.0005440102540887892
3229,0.0005172943929210305
3230,0.0004524242540355772
3231,0.0006342249689623713
3232,0.0004216385423205793
3233,0.00045797921484336257
3234,0.0004897370818071067
3235,0.00048772653099149466
3236,0.0004450759442988783
3237,0.0004924293607473373
3238,0.0005303290672600269
3239,0.0004668606852646917
3240,0.000541186542250216
3241,0.001038946327753365
3242,0.0005819430807605386
3243,0.0004510113794822246
3244,0.0004938546917401254
3245,0.0005007678410038352
3246,0.00044611439807340503
3247,0.00037439417792484164
3248,0.0005166241899132729
3249,0.00040946167428046465
3250,0.00041235898970626295
3251,0.0005997734842821956
3252,0.00048094504745677114
3253,0.0004350790404714644
3254,0.0005693548009730875
3255,0.000538695661816746
3256,0.0005132179358042777
3257,0.0005817249184474349
3258,0.0005511389463208616
3259,0.0003659327048808336
3260,0.0004343995242379606
3261,0.0004914100281894207
3262,0.0005651155952364206
3263,0.0004354448174126446
3264,0.0005696696462109685
3265,0.00045760610373690724
3266,0.0004389134992379695
3267,0.0005430880701169372
3268,0.000568019226193428
3269,0.0006552920676767826
3270,0.0004673852236010134
3271,0.0004894675221294165
3272,0.00038394564762711525
3273,0.0006216902402229607
3274,0.0006242814706638455
3275,0.000586533104069531
3276,0.0005650064558722079
3277,0.0004824339412152767
3278,0.00046167729306034744
3279,0.0004067197151016444
3280,0.00045317085459828377
3281,0.0007037707255221903
3282,0.0004722003941424191
3283,0.00043056660797446966
3284,0.0006065289489924908
3285,0.00047701154835522175
3286,0.000398574979044497
3287,0.0004619481915142387
3288,0.0005607539787888527
3289,0.000502992479596287
3290,0.0005060850526206195
3291,0.0003844143357127905
3292,0.0006263501709327102
3293,0.0004545632400549948
3294,0.0005753589211963117
3295,0.0006484438199549913
3296,0.0004359713348094374
3297,0.000418690440710634
3298,0.000491601531393826
3299,0.0004221397393848747
3300,0.0006641156505793333
3301,0.0004374506534077227
3302,0.00044702933519147336
3303,0.000507304968778044
3304,0.0005759898340329528
3305,0.0005009871092624962
3306,0.0004331980599090457
3307,0.0004653304349631071
3308,0.0004459941410459578
3309,0.0006057940190657973
3310,0.0004634585347957909
3311,0.00045835215132683516
3312,0.0005240586469881237
3313,0.0004261451249476522
3314,0.0005375518230721354
3315,0.0005054799257777631
3316,0.0005697633605450392
3317,0.0004711683723144233
3318,0.0003980142355430871
3319,0.0005389994475990534
3320,0.0004662789579015225
3321,0.0006056324928067625
3322,0.0003958416054956615
3323,0.0004916965845040977
3324,0.00043568864930421114
3325,0.00040756206726655364
3326,0.0005015343776904047
3327,0.00045208726078271866
3328,0.0005377296474762261
3329,0.00047875550808385015
3330,0.00044786985381506383
3331,0.0004487500118557364
3332,0.00040774917579256
3333,0.0005316202295944095
3334,0.00043952552368864417
3335,0.0004895632155239582
3336,0.00046959781320765615
3337,0.0004775776469614357
3338,0.0005639981245622039
3339,0.0005460717948153615
3340,0.00048107196926139295
3341,0.0006502837059088051
3342,0.0005124467425048351
3343,0.0004107806598767638
3344,0.0003791139752138406
3345,0.00048875214997679
3346,0.0007774695404805243
3347,0.0005275665316730738
3348,0.0004800575552508235
3349,0.0005123356240801513
3350,0.0004999579396098852
3351,0.0005331322317942977
3352,0.0004557775682769716
3353,0.00044175810762681067
3354,0.0004946427652612329
3355,0.0004684966697823256
3356,0.000488310819491744
3357,0.0004716835683211684
3358,0.0005524172447621822
3359,0.00045552197843790054
3360,0.0005380652146413922
3361,0.0009684272226877511
3362,0.00047561933752149343
3363,0.0005012545734643936
3364,0.00048067705938592553
3365,0.0005748533876612782
3366,0.0005540151614695787
3367,0.00044187306775711477
3368,0.0005750453565269709
3369,0.000497480621561408
3370,0.0005544607993215322
3371,0.00046447745990008116
3372,0.0005931934574618936
3373,0.0005018827505409718
3374,0.0005028463783673942
3375,0.00045045147999189794
3376,0.0005219611921347678
3377,0.00046465921332128346
3378,0.0004970150766894221
3379,0.0005202837055549026
3380,0.000450159830506891
3381,0.00042253758874721825
3382,0.0004368894442450255
3383,0.00040536923916079104
3384,0.0005959018017165363
3385,0.000439513853052631
3386,0.00040754975634627044
3387,0.00042931234929710627
3388,0.0005953393410891294
3389,0.0005171293159946799
3390,0.0004619140236172825
3391,0.0005691801197826862
3392,0.0009652224252931774
3393,0.0004982694517821074
3394,0.0004470976418815553
3395,0.0005114991217851639
3396,0.0005917369271628559
3397,0.000622070743702352
3398,0.0005493101780302823
3399,0.0005285081570036709
3400,0.0004970668815076351
3401,0.0006459064898081124
3402,0.0005259113386273384
3403,0.000564096961170435
3404,0.0005130721256136894
3405,0.00043368188198655844
3406,0.0004881658242084086
3407,0.0005428253207355738
3408,0.0006346197333186865
3409,0.00043222325621172786
3410,0.00044360419269651175
3411,0.0004124278202652931
3412,0.0008872454054653645
3413,0.000504251685924828
3414,0.0005049682222306728
3415,0.0006071191746741533
3416,0.0004989610170014203
3417,0.0005241594626568258
3418,0.0007151884492486715
3419,0.0004642561252694577
3420,0.0005466461880132556
3421,0.00038752314867451787
3422,0.0006017666310071945
3423,0.00039302429649978876
3424,0.0005330740241333842
3425,0.000553618767298758
3426,0.0003951030084863305
3427,0.00044420911581255496
3428,0.0005682302871719003
3429,0.0005253312410786748
3430,0.0004720179131254554
3431,0.000490088714286685
3432,0.0004145338316448033
3433,0.0004853352438658476
3434,0.0005704779177904129
3435,0.0005292129935696721
3436,0.00041046590195037425
3437,0.00047566479770466685
3438,0.0005002162070013583
3439,0.0005603393074125051
3440,0.00040058750892058015
3441,0.0004607192240655422
3442,0.0005974654341116548
3443,0.0006825355812907219
3444,0.0005159987485967577
3445,0.0004083190578967333
3446,0.0007556659984402359
3447,0.0005285490769892931
3448,0.0004459760384634137
3449,0.0004932692390866578
3450,0.0004950389848090708
3451,0.0005150013021193445
3452,0.00045508210314437747
3453,0.0004155851202085614
3454,0.0005843424587510526
3455,0.0005554432282224298
3456,0.00047390966210514307
3457,0.0004322122549638152
3458,0.0005809103604406118
3459,0.0004939411883242428
3460,0.00039650307735428214
3461,0.0005025133141316473
3462,0.0008709161775186658
3463,0.0004966525593772531
3464,0.000518578221090138
3465,0.0005223724292591214
3466,0.0005102388095110655
3467,0.00047405032091774046
3468,0.000481867347843945
3469,0.0008988656336441636
3470,0.0005292311543598771
3471,0.0004709695349447429
3472,0.000522563757840544
3473,0.0005087205790914595
3474,0.0004892893484793603
3475,0.0004847301170229912
3476,0.0004730545624624938
3477,0.000607709982432425
3478,0.00040254066698253155
3479,0.0005515355733223259
3480,0.0005302229546941817
3481,0.0005009591113775969
3482,0.0006053118268027902
3483,0.00042545271571725607
3484,0.000491490529384464
3485,0.0005371931474655867
3486,0.0004890999989584088
3487,0.0005275774747133255
3488,0.0005684327334165573
3489,0.0005016688955947757
3490,0.0004796624998562038
3491,0.0005309098633006215
3492,0.00041308821528218687
3493,0.0005413244944065809
3494,0.0004464439698494971
3495,0.0005621773307211697
3496,0.0004474663292057812
3497,0.0005174644757062197
3498,0.0005335206515155733
3499,0.0004930630093440413
3500,0.000804661016445607
3501,0.0004417861346155405
3502,0.000504255061969161
3503,0.0005359513452276587
3504,0.0004633174685295671
3505,0.0005613146349787712
3506,0.00046415248652920127
3507,0.0003593711298890412
3508,0.0004152832552790642
3509,0.0005724787479266524
3510,0.000547196133993566
3511,0.0005502133863046765
3512,0.0004636944504454732
3513,0.0004840723122470081
3514,0.0005018529482185841
3515,0.0004417619202286005
3516,0.0005330880521796644
3517,0.00042370654409751296
3518,0.0003944467753171921
3519,0.0005273852730169892
3520,0.00048311203136108816
3521,0.0006346572772599757
3522,0.0005867497529834509
3523,0.00041043502278625965
3524,0.00042293977458029985
3525,0.0005813102470710874
3526,0.0004597790539264679
3527,0.000502615817822516
3528,0.0005488950992003083
3529,0.00045597265125252306
3530,0.0005350492428988218
3531,0.0005476095830090344
3532,0.0007113426690921187
3533,0.0005209940718486905
3534,0.00048583687748759985
3535,0.0005138391279615462
3536,0.0004034689045511186
3537,0.0005290459957905114
3538,0.0006862860755063593
3539,0.00042021178524009883
3540,0.0005963852163404226
3541,0.0005396642372943461
3542,0.0004919024067930877
3543,0.0005237532313913107
3544,0.0005149777280166745
3545,0.000502005685120821
3546,0.0004964934778399765
3547,0.0005280748009681702
3548,0.0004378249868750572
3549,0.0005650971434079111
3550,0.0004680028941947967
3551,0.00047011105925776064
3552,0.000591955438721925
3553,0.0005365241668187082
3554,0.0004908457049168646
3555,0.00045753936865366995
3556,0.0005422997055575252
3557,0.000456377980299294
3558,0.00045952232903800905
3559,0.0005450904136523604
3560,0.00047018774785101414
3561,0.0005388548015616834
3562,0.0004924441454932094
3563,0.0003998373867943883
3564,0.0004023975052405149
3565,0.0005267721135169268
3566,0.00043402693700045347
3567,0.0005132356309331954
3568,0.0004883015062659979
3569,0.0006117363809607923
3570,0.0005503396969288588
3571,0.000372928858269006
3572,0.0004161559627391398
3573,0.0005515257362276316
3574,0.0005023488774895668
3575,0.0005844466504640877
3576,0.0004947889829054475
3577,0.0005389769794419408
3578,0.0004966190317645669
3579,0.000772531726397574
3580,0.0004834954161196947
3581,0.0005132081569172442
3582,0.00038085487904027104
3583,0.0004515873151831329
3584,0.00048444457934238017
3585,0.0005539479898288846
3586,0.0006021690787747502
3587,0.00043782973079942167
3588,0.0004374801355879754
3589,0.00045903120189905167
3590,0.000528384349308908
3591,0.0006303640548139811
3592,0.0004850964469369501
3593,0.0005178181454539299
3594,0.0004914249293506145
3595,0.0005188467912375927
3596,0.0005690692341886461
3597,0.0005086609162390232
3598,0.00043611921137198806
3599,0.00046863369061611593
3600,0.0006222337251529098
3601,0.0006383993313647807
3602,0.0004311561060603708
3603,0.0005823012907058001
3604,0.0004998288932256401
3605,0.0006185302045196295
3606,0.0004609386087395251
3607,0.0004678000113926828
3608,0.0005674306303262711
3609,0.0005259587778709829
3610,0.0009036839473992586
3611,0.0006391526549123228
3612,0.0005789731512777507
3613,0.00042241436312906444
3614,0.0006596523453481495
3615,0.0005793024902231991
3616,0.00045941793359816074
3617,0.0005445266142487526
3618,0.0005287840031087399
3619,0.0004737061681225896
3620,0.0005775971803814173
3621,0.00047206797171384096
3622,0.0005867397412657738
3623,0.0005103358998894691
3624,0.0005342531949281693
3625,0.0005365445977076888
3626,0.00047711379011161625
3627,0.00045498827239498496
3628,0.0005376012995839119
3629,0.0005077420501038432
3630,0.00045861321268603206
3631,0.0004676224780268967
3632,0.0005395565531216562
3633,0.0005083282012492418
3634,0.000518869434017688
3635,0.0005023794947192073
3636,0.00046087446389719844
3637,0.00044546829303726554
3638,0.0006547345547005534
3639,0.0005370950093492866
3640,0.0005938992253504694
3641,0.0003383513248991221
3642,0.0006686443230137229
3643,0.0004902968648821115
3644,0.0005582455778494477
3645,0.0005091778002679348
3646,0.0005818511126562953
3647,0.0004999831435270607
3648,0.0005266782827675343
3649,0.0005753084551542997
3650,0.0005440973327495158
3651,0.0005645392229780555
3652,0.00046859655412845314
3653,0.0004312341334298253
3654,0.000763936375733465
3655,0.0005122763686813414
3656,0.0004497486515901983
3657,0.0004907280090264976
3658,0.00047028460539877415
3659,0.0004536712949629873
3660,0.0006213209126144648
3661,0.00042220501927658916
3662,0.0005066787707619369
3663,0.0005299834301695228
3664,0.0005799307255074382
3665,0.0007579345256090164
3666,0.0005172051023691893
3667,0.0004308366042096168
3668,0.0005077581154182553
3669,0.0004413540009409189
3670,0.0005476034712046385
3671,0.0005096024833619595
3672,0.00047020972124300897
3673,0.00038827912067063153
3674,0.00047057346091605723
3675,0.00049918721197173
3676,0.00048408543807454407
3677,0.0004807052027899772
3678,0.0004348563961684704
3679,0.00046655850019305944
3680,0.0003987304517067969
3681,0.0005112182116135955
3682,0.0005017421208322048
3683,0.0004409406683407724
3684,0.0004570901219267398
3685,0.00046942062908783555
3686,0.0004324047768022865
3687,0.0005342041258700192
3688,0.0005852248868905008
3689,0.000496234162710607
3690,0.000447794736828655
3691,0.00038386083906516433
3692,0.00039230677066370845
3693,0.00044147338485345244
3694,0.0004958466161042452
3695,0.0005183907924219966
3696,0.0004387248773127794
3697,0.0006068504881113768
3698,0.0005432916223071516
3699,0.00043534624273888767
3700,0.0005604184116236866
3701,0.0005500183324329555
3702,0.0005004318081773818
3703,0.0003936575958505273
3704,0.0005686772638000548
3705,0.00047832599375396967
3706,0.0005755476304329932
3707,0.0004504926037043333
3708,0.0005044354475103319
3709,0.0004246797179803252
3710,0.0004615750222001225
3711,0.0004093871102668345
3712,0.0003909586521331221
3713,0.0005133174126967788
3714,0.0004650905029848218
3715,0.0006631100550293922
3716,0.0004579158849082887
3717,0.0004970554145984352
3718,0.0004936844925396144
3719,0.0004746199701912701
3720,0.0005705389194190502
3721,0.00048706759116612375
3722,0.0004211063787806779
3723,0.000494770472869277
3724,0.0005026377039030194
3725,0.0005116415559314191
3726,0.0005974240484647453
3727,0.0005410370067693293
3728,0.0006141285412013531
3729,0.0005145850591361523
3730,0.0005074699874967337
3731,0.00048587893252260983
3732,0.0005439744563773274
3733,0.0005097514949738979
3734,0.0004692203365266323
3735,0.00040352781070396304
3736,0.00045593222603201866
3737,0.0005256792064756155
3738,0.00051788060227409
3739,0.0004677291144616902
3740,0.0005402762326411903
3741,0.0004910103743895888
3742,0.0005690616089850664
3743,0.0003996411105617881
3744,0.0005091569619253278
3745,0.0005388061981648207
3746,0.000473598251119256
3747,0.000530698336660862
3748,0.0005597344716079533
3749,0.0006900196895003319
3750,0.0005282100755721331
3751,0.0004054885939694941
3752,0.0004358359728939831
3753,0.0004478268383536488
3754,0.0004577294166665524
3755,0.00041273958049714565
3756,0.0005343177472241223
3757,0.0004953298484906554
3758,0.0005041094264015555
3759,0.00044822008931078017
3760,0.00043639185605570674
3761,0.0005051863263361156
3762,0.0005380283109843731
3763,0.00040534703293815255
3764,0.0005314897280186415
3765,0.0004108977154828608
3766,0.00047026260290294886
3767,0.0005331520806066692
3768,0.0004179627285338938
3769,0.0004389189707580954
3770,0.00047922704834491014
3771,0.00046232633758336306
3772,0.0004555546911433339
3773,0.0005389049183577299
3774,0.000529132375959307
3775,0.00044346280628815293
3776,0.00044214093941263855
3777,0.00037829484790563583
3778,0.0004954296164214611
3779,0.00048657538718543947
3780,0.0004799533053301275
3781,0.0006804201402701437
3782,0.0004951914306730032
3783,0.0005010495660826564
3784,0.0005473513156175613
3785,0.0005795718170702457
3786,0.0005030494648963213
3787,0.0005770529387518764
3788,0.0005195668782107532
3789,0.0004908590926788747
3790,0.0005583559977822006
3791,0.00047866691602393985
3792,0.0004658794205170125
3793,0.00038152618799358606
3794,0.000695911468937993
3795,0.0005192857934162021
3796,0.00045270693954080343
3797,0.0007392081315629184
3798,0.0005019145901314914
3799,0.0006853070808574557
3800,0.0006580703193321824
3801,0.0005031012697145343
3802,0.0004256741958670318
3803,0.0003437768609728664
3804,0.0005084964213892817
3805,0.0005134802777320147
3806,0.0004641376144718379
3807,0.0004911336582154036
3808,0.00038978864904493093
3809,0.0005014663911424577
3810,0.0005258251912891865
3811,0.0005343264201655984
3812,0.00037506414810195565
3813,0.0004362303880043328
3814,0.0004872733843512833
3815,0.0005102071445435286
3816,0.0004865446826443076
3817,0.0005064975121058524
3818,0.0004578008083626628
3819,0.0005502694984897971
3820,0.0004367435467429459
3821,0.0004926527035422623
3822,0.00036047465982846916
3823,0.00040104344952851534
3824,0.000523544498719275
3825,0.0005626579513773322
3826,0.0004886099486611784
3827,0.0005459458334371448
3828,0.0006987311644479632
3829,0.0006024469039402902
3830,0.0005045800935477018
3831,0.0005057612434029579
3832,0.00048284156946465373
3833,0.0004418410826474428
3834,0.0005442645051516593
3835,0.000533202663064003
3836,0.00046078884042799473
3837,0.0005051742191426456
3838,0.0005483254790306091
3839,0.0005566308391280472
3840,0.0004979949444532394
3841,0.0004254670930095017
3842,0.0004051538126077503
3843,0.00047931907465681434
3844,0.0006230502622202039
3845,0.0004686037136707455
3846,0.0005040930118411779
3847,0.0005080744158476591
3848,0.0004954890464432538
3849,0.0004804797063115984
3850,0.0003970428660977632
3851,0.0005379047943279147
3852,0.0005553741939365864
3853,0.0004328412760514766
3854,0.0004959505749866366
3855,0.0005452522891573608
3856,0.0005429622251540422
3857,0.00041396194137632847
3858,0.0005461390828713775
3859,0.00045984546886757016
3860,0.0004666539025492966
3861,0.0005281203193590045
3862,0.0005677575245499611
3863,0.00048684835201129317
3864,0.0004858782631345093
3865,0.0004581924295052886
3866,0.0004870020493399352
3867,0.00040685880230739713
3868,0.00047921802615746856
3869,0.00046424815081991255
3870,0.0006570621626451612
3871,0.0005812029121443629
3872,0.0007681723218411207
3873,0.0004979738732799888
3874,0.0005469608004204929
3875,0.000417013477999717
3876,0.0005236211000010371
3877,0.0004464289522729814
3878,0.0005185608752071857
3879,0.00058138114400208
3880,0.0005954686785116792
3881,0.00044438932673074305
3882,0.0004838684690184891
3883,0.0006103315972723067
3884,0.0004621345142368227
3885,0.0005263175116851926
3886,0.0003940651658922434
3887,0.0006263450486585498
3888,0.0005456608487293124
3889,0.0005037402734160423
3890,0.00040579040069133043
3891,0.0004692350048571825
3892,0.0005342877702787519
3893,0.00045227105147205293
3894,0.0005657143192365766
3895,0.00038332512485794723
3896,0.0005045642610639334
3897,0.0005364553071558475
3898,0.00039247696986421943
3899,0.0006610577111132443
3900,0.0004737827694043517
3901,0.0005533804651349783
3902,0.0005780187202617526
3903,0.00042558059794828296
3904,0.0005848715081810951
3905,0.00060956587549299
3906,0.0004904380184598267
3907,0.0004040850035380572
3908,0.0005711204721592367
3909,0.0006150975241325796
3910,0.000608758651651442
3911,0.000619130558334291
3912,0.00047694717068225145
3913,0.00047492532758042216
3914,0.0007113380706869066
3915,0.00045887037413194776
3916,0.0005876123323105276
3917,0.0005731535493396223
3918,0.00044883950613439083
3919,0.000503899238537997
3920,0.00043800706043839455
3921,0.0005905547877773643
3922,0.0004673228831961751
3923,0.0005238230805844069
3924,0.00041164987487718463
3925,0.0006082772160880268
3926,0.0004417568270582706
3927,0.00046525729703716934
3928,0.000563990673981607
3929,0.0005119516281411052
3930,0.0003753695054911077
3931,0.00047108461149036884
3932,0.0006518071750178933
3933,0.000427410239353776
3934,0.0005683075287379324
3935,0.0005178990541025996
3936,0.0005053585628047585
3937,0.00040563035872764885
3938,0.0004669278278015554
3939,0.0005329281557351351
3940,0.0005704218056052923
3941,0.0006291106110438704
3942,0.00045798905193805695
3943,0.0005411076126620173
3944,0.0005181095912121236
3945,0.000446451420430094
3946,0.0005148920463398099
3947,0.00043501987238414586
3948,0.0005425668205134571
3949,0.0007381959003396332
3950,0.0005239304155111313
3951,0.0004917712649330497
3952,0.00043720565736293793
3953,0.0004950349684804678
3954,0.00037828925997018814
3955,0.0006196706090122461
3956,0.0005822372622787952
3957,0.0005335875321179628
3958,0.0005872424226254225
3959,0.00045271351700648665
3960,0.0004910214920528233
3961,0.000531432859133929
3962,0.00043933186680078506
3963,0.0005658584414049983
3964,0.00044847698882222176
3965,0.0004301170411054045
3966,0.000486009637825191
3967,0.0005509484326466918
3968,0.0006390366470441222
3969,0.0004539804649539292
3970,0.0004832279519177973
3971,0.0005176851409487426
3972,0.00044796831207349896
3973,0.0004371849645394832
3974,0.0005303676589392126
3975,0.0006364629953168333
3976,0.0005102523136883974
3977,0.0006049268413335085
3978,0.0003874039393849671
3979,0.000508101424202323
3980,0.0004790979437530041
3981,0.0004219658439978957
3982,0.00040631520096212626
3983,0.0005962509894743562
3984,0.0007114644395187497
3985,0.000507748918607831
3986,0.0003867165360134095
3987,0.0004972895258106291
3988,0.00044873752631247044
3989,0.00047247542534023523
3990,0.0005238770390860736
3991,0.0004322300083003938
3992,0.0005384163232520223
3993,0.0005329641280695796
3994,0.0004439912736415863
3995,0.0004375501594040543
3996,0.000584303867071867
3997,0.0005921852425672114
3998,0.0004349516239017248
3999,0.00078374840086326
4000,0.0004430482513271272
