reference_index,celltype,tech,x,y
0,gamma,celseq,10.837066,19.626244
1,gamma,celseq,10.774104,19.792965
2,gamma,celseq,10.681342,19.660685
3,gamma,celseq,10.792591,19.753208
4,gamma,celseq,10.646157,19.525532
5,gamma,celseq,11.016735,19.806887
6,gamma,celseq,10.896671,19.815357
7,gamma,celseq,10.970056,19.807972
8,gamma,celseq,10.817177,19.813093
9,gamma,celseq,10.514442,19.568897
10,gamma,celseq,10.63191,19.492441
11,gamma,celseq,10.718538,19.64665
12,gamma,celseq,10.620761,19.622086
13,gamma,celseq,10.874105,19.850834
14,gamma,celseq,10.85237,19.541729
15,gamma,celseq,10.80335,19.636986
16,gamma,celseq,10.761831,19.78038
17,gamma,celseq,10.634042,19.749191
18,gamma,fluidigmc1,10.759529,19.916475
19,gamma,fluidigmc1,10.897775,19.771036
20,gamma,fluidigmc1,10.82191,19.947283
21,gamma,fluidigmc1,10.767383,19.781864
22,gamma,fluidigmc1,10.822671,19.85944
23,gamma,fluidigmc1,10.534031,19.76362
24,gamma,fluidigmc1,10.89442,19.967106
25,gamma,fluidigmc1,10.922111,20.027933
26,gamma,fluidigmc1,10.900865,19.86678
27,gamma,fluidigmc1,10.83385,19.996557
28,gamma,fluidigmc1,10.519079,19.734667
29,gamma,fluidigmc1,10.857061,19.728687
30,gamma,fluidigmc1,10.899892,19.917097
31,gamma,fluidigmc1,10.903603,19.933868
32,gamma,fluidigmc1,10.907586,19.929853
33,gamma,fluidigmc1,10.520398,19.809141
34,gamma,fluidigmc1,10.5399475,19.57328
35,gamma,fluidigmc1,10.905842,19.838001
36,acinar,celseq,5.5638256,1.2905141
37,acinar,celseq,6.3671565,0.4757386
38,acinar,celseq,6.5944943,0.45763087
39,acinar,celseq,7.0891104,0.07633161
40,acinar,celseq,6.116515,0.28587887
41,acinar,celseq,7.0574017,0.34893093
42,acinar,celseq,6.1779885,0.75603896
43,acinar,celseq,5.7544727,1.1774069
44,acinar,celseq,6.360481,0.47115204
45,acinar,celseq,6.948144,0.44163296
46,acinar,celseq,6.394561,0.86375207
47,acinar,celseq,6.5452332,1.1366285
48,acinar,celseq,5.620502,1.1882197
49,acinar,celseq,7.063018,0.42126268
50,acinar,celseq,6.636242,0.89982545
51,acinar,celseq,6.832796,0.7243531
52,acinar,celseq,6.7717934,0.80362594
53,acinar,celseq,7.062199,0.39129886
54,acinar,celseq,6.3789287,1.2033566
55,acinar,celseq,6.169352,0.48151442
56,acinar,celseq,6.20116,0.6869822
57,acinar,celseq,7.0905027,0.54770106
58,acinar,celseq,6.9660287,0.5763343
59,acinar,celseq,6.6723237,0.47639224
60,acinar,celseq,7.118703,0.6523274
61,acinar,celseq,5.951959,-0.000705296
62,acinar,celseq,6.3655477,1.069756
63,acinar,celseq,6.565203,0.12055007
64,acinar,celseq,6.2583556,0.23511094
65,acinar,celseq,6.0249867,0.07802988
66,acinar,celseq,6.317725,0.017080737
67,acinar,celseq,6.1384797,0.051588234
68,acinar,celseq,6.1477246,0.1747689
69,acinar,celseq,6.7658367,0.054183196
70,acinar,celseq,5.9716763,-0.06807186
71,acinar,celseq,6.695354,0.631508
72,acinar,celseq,6.3729386,0.24128023
73,acinar,celseq,6.476466,0.49424678
74,acinar,celseq,6.298335,0.27060097
75,acinar,celseq,6.926058,0.53287965
76,acinar,celseq,6.2906127,0.24673706
77,acinar,celseq,5.555436,0.10793572
78,acinar,celseq,6.35207,0.24823152
79,acinar,celseq,6.633807,0.31268826
80,acinar,celseq,5.5055914,1.3877475
81,acinar,celseq,6.099599,0.14803523
82,acinar,celseq,6.681732,0.050027773
83,acinar,celseq,6.9170156,0.18027283
84,acinar,celseq,6.3714294,0.02834988
85,acinar,celseq,6.532179,0.23891108
86,acinar,celseq,6.3894033,0.6804593
87,acinar,celseq,5.961295,0.9289223
88,acinar,celseq,5.95391,1.0437384
89,acinar,celseq,6.665986,0.30435932
90,acinar,celseq,6.171585,0.22250141
91,acinar,celseq,5.60888,1.0530311
92,acinar,celseq,5.9191346,0.07067851
93,acinar,celseq,5.492248,1.3361176
94,acinar,celseq,6.4209948,0.18191777
95,acinar,celseq,6.451713,0.17873934
96,acinar,celseq,6.3769903,0.13443276
97,acinar,celseq,5.478784,1.3273001
98,acinar,celseq,6.710255,0.3762564
99,acinar,celseq,6.18589,0.20040001
100,acinar,celseq,6.419565,0.07671333
101,acinar,celseq,5.6199274,0.54792553
102,acinar,celseq,6.7233706,0.57885915
103,acinar,celseq,6.4494066,0.10362393
104,acinar,celseq,6.5909123,0.79219055
105,acinar,celseq,5.467871,1.3199797
106,acinar,celseq,5.5581546,1.0825554
107,acinar,celseq,6.794527,0.20621048
108,acinar,celseq,6.5419664,0.30042532
109,acinar,celseq,5.9371924,0.5743863
110,acinar,celseq,6.6134167,0.24572471
111,acinar,celseq,6.2264853,1.2604965
112,acinar,celseq,6.258722,1.2135956
113,acinar,celseq,5.708807,1.2566204
114,acinar,celseq,6.113214,0.16227822
115,acinar,celseq,6.6218033,0.27020326
116,acinar,celseq,6.5183105,0.07424153
117,acinar,celseq,5.50321,1.3380322
118,acinar,celseq,6.714257,0.4360342
119,acinar,celseq,5.7377305,0.025990525
120,acinar,celseq,6.767502,0.29382378
121,acinar,celseq,6.6823134,0.72574097
122,acinar,celseq,6.563742,0.09466087
123,acinar,celseq,6.2291584,-0.00798305
124,acinar,celseq,6.2994957,0.19658811
125,acinar,celseq,6.4556093,0.22440484
126,acinar,celseq,5.494087,1.3739164
127,acinar,celseq,6.431537,0.020505283
128,acinar,celseq,6.796192,0.7372517
129,acinar,celseq,5.5166454,1.4016186
130,acinar,celseq,6.595316,0.61970186
131,acinar,celseq,5.491495,1.3965093
132,acinar,celseq,5.882617,0.05190649
133,acinar,celseq,5.4232163,0.37811682
134,acinar,celseq,6.134896,0.98493654
135,acinar,celseq,5.953112,0.687247
136,acinar,celseq,6.228002,-0.10305321
137,acinar,celseq,5.411327,0.66405296
138,acinar,celseq,5.680914,0.13081048
139,acinar,celseq,6.5936203,0.56334203
140,acinar,celseq,6.831916,0.65579885
141,acinar,celseq,5.7256813,0.7626175
142,acinar,celseq,5.1610546,0.92950565
143,acinar,celseq,10.712356,0.81658435
144,acinar,celseq,5.9878473,0.30388373
145,acinar,celseq,5.477905,1.3889402
146,acinar,celseq,5.4479933,1.1702329
147,acinar,celseq,5.139252,0.23528731
148,acinar,celseq,5.9104457,1.1358635
149,acinar,celseq,6.448805,0.67611295
150,acinar,celseq,5.550087,0.40626922
151,acinar,celseq,10.835158,0.8063121
152,acinar,celseq,6.231923,1.0364524
153,acinar,celseq,5.5708914,0.058926903
154,acinar,celseq,6.0467887,-0.19830403
155,acinar,celseq,6.5637856,0.6824734
156,acinar,celseq,5.6059475,0.3440189
157,acinar,celseq,5.89566,0.37498608
158,acinar,celseq,5.8333807,0.57467514
159,acinar,celseq,5.496663,1.036492
160,acinar,celseq,6.247529,-0.0072839437
161,acinar,celseq,6.456337,1.0247359
162,acinar,celseq,6.1767483,0.17459773
163,acinar,celseq,6.42382,0.74055934
164,acinar,celseq,6.5767198,0.94750893
165,acinar,celseq,6.018206,0.17471977
166,acinar,celseq,5.9204044,0.14155221
167,acinar,celseq,6.60115,0.92128474
168,acinar,celseq,6.3447776,1.3172436
169,acinar,celseq,6.3895097,1.1939906
170,acinar,celseq,6.133466,0.56434625
171,acinar,celseq,5.9261384,0.927251
172,acinar,celseq,6.0586524,0.49477732
173,acinar,celseq,6.5710993,1.2491963
174,acinar,celseq,6.3277073,0.5302252
175,acinar,celseq,6.621544,0.4039109
176,acinar,celseq,5.4720454,1.1999443
177,acinar,celseq,6.6644454,0.73314434
178,acinar,celseq,6.5882745,0.92741185
179,acinar,celseq,6.62773,0.9205812
180,acinar,celseq,6.211661,0.53136235
181,acinar,celseq,5.6261606,-0.17557761
182,acinar,celseq,6.05571,0.2385208
183,acinar,celseq,6.6160746,0.85956895
184,acinar,celseq,6.2747145,1.0821723
185,acinar,celseq,6.5664024,0.9793866
186,acinar,celseq,6.5593114,0.21532255
187,acinar,celseq,6.425917,1.1175865
188,acinar,celseq,6.6642303,1.1044116
189,acinar,celseq,6.689219,0.8301401
190,acinar,celseq,6.9479756,0.417524
191,acinar,celseq,6.572659,0.9926995
192,acinar,celseq,5.6487403,0.95726967
193,acinar,celseq,6.3857565,1.3136895
194,acinar,celseq,6.599618,0.94837934
195,acinar,celseq,6.157744,0.31743956
196,acinar,celseq,6.7572603,0.6583804
197,acinar,celseq,6.1717067,0.87988377
198,acinar,celseq,6.1339517,0.23021719
199,acinar,celseq,5.8736777,1.2461841
200,acinar,celseq,6.56527,1.0905447
201,acinar,celseq,6.8558807,0.59615767
202,acinar,celseq,6.5042105,0.9838434
203,acinar,celseq,6.6752777,0.8451404
204,acinar,celseq,6.571711,1.091504
205,acinar,celseq,6.5353966,1.0087744
206,acinar,celseq,6.661892,0.8670358
207,acinar,celseq,6.6522098,0.5887956
208,acinar,celseq,6.6427674,0.71763515
209,acinar,celseq,6.4136977,0.9761925
210,acinar,celseq,6.4746523,0.64717126
211,acinar,celseq,6.506473,1.0954679
212,acinar,celseq,6.615529,1.0906938
213,acinar,celseq,6.148066,0.7436403
214,acinar,celseq,6.3346047,0.9124419
215,acinar,celseq,6.6183786,0.6346439
216,acinar,celseq,6.2609873,1.3194375
217,acinar,celseq,6.076351,0.40495765
218,acinar,celseq,6.630906,0.8338654
219,acinar,celseq,6.6298513,1.2543947
220,acinar,celseq,6.4067807,1.2436154
221,acinar,celseq,6.554912,1.0523186
222,acinar,celseq,6.5834665,0.61011726
223,acinar,celseq,6.256646,1.2882342
224,acinar,celseq,6.6720634,1.300405
225,acinar,celseq,6.537835,1.083058
226,acinar,celseq,6.636343,1.0812162
227,acinar,celseq,6.608883,1.2528292
228,acinar,celseq,6.5332127,0.9249663
229,acinar,celseq,6.5566783,1.1745708
230,acinar,celseq,6.624447,0.8961539
231,acinar,celseq,6.0780783,0.10534214
232,acinar,celseq,6.1916614,0.16768365
233,acinar,celseq,5.985817,0.58310497
234,acinar,celseq,6.114767,0.5545578
235,acinar,celseq,6.7126274,0.95159
236,acinar,celseq,6.456875,0.36282745
237,acinar,celseq,6.010572,0.4224917
238,acinar,celseq,6.8332877,0.61170435
239,acinar,celseq,6.9667444,0.46926275
240,acinar,celseq,6.892934,0.518189
241,acinar,celseq,6.9527106,0.47323757
242,acinar,celseq,6.3861966,0.024318436
243,acinar,celseq,6.8330245,-0.03051669
244,acinar,celseq,5.5990953,0.530861
245,acinar,celseq,5.91103,1.08192
246,acinar,celseq,7.0051713,0.45637748
247,acinar,celseq,6.987132,0.42947298
248,acinar,celseq,6.9560204,0.47947958
249,acinar,celseq,6.4120493,-0.06295545
250,acinar,celseq,7.070633,0.3012146
251,acinar,celseq,6.7283435,0.53856176
252,acinar,celseq,12.602515,1.2181151
253,acinar,celseq,6.5922613,0.71234757
254,acinar,celseq,6.911438,0.61322063
255,acinar,celseq,7.004557,0.37918347
256,acinar,celseq,7.011153,0.6529546
257,acinar,celseq,6.367006,0.12866227
258,acinar,celseq,7.015768,0.5516853
259,acinar,celseq,5.8338733,1.232957
260,acinar,celseq,6.885925,0.35372925
261,acinar,celseq,6.873749,0.41422468
262,acinar,celseq,6.9343996,0.31105012
263,acinar,celseq,6.960265,0.35106906
264,acinar,fluidigmc1,6.8498263,0.66094303
265,acinar,fluidigmc1,6.224577,0.15525801
266,acinar,fluidigmc1,6.6866436,0.69510365
267,acinar,fluidigmc1,6.920626,0.68286234
268,acinar,fluidigmc1,6.411649,1.2587825
269,acinar,fluidigmc1,6.2687445,0.40142146
270,acinar,fluidigmc1,5.8126283,1.2809159
271,acinar,fluidigmc1,6.594606,1.1208372
272,acinar,fluidigmc1,7.0636544,0.4772532
273,acinar,fluidigmc1,5.847677,0.35321134
274,acinar,fluidigmc1,6.1999693,0.48832253
275,acinar,fluidigmc1,5.5951414,0.7739562
276,acinar,fluidigmc1,-1.0016288,6.2209873
277,acinar,fluidigmc1,5.6030593,-0.48965448
278,acinar,fluidigmc1,5.8604803,0.36328802
279,acinar,fluidigmc1,6.340236,0.18418828
280,acinar,fluidigmc1,5.5121903,-0.20252085
281,acinar,fluidigmc1,5.51508,-0.35967976
282,acinar,fluidigmc1,5.98935,0.21625425
283,acinar,fluidigmc1,5.6518707,0.7648389
284,acinar,fluidigmc1,5.5855613,0.89204526
285,alpha,celseq,15.738583,6.382182
286,alpha,celseq,16.33081,6.874116
287,alpha,celseq,6.4472895,0.46851164
288,alpha,celseq,11.381903,0.31453055
289,alpha,celseq,16.08767,6.7385826
290,alpha,celseq,15.305789,6.5299144
291,alpha,celseq,16.422602,7.4102154
292,alpha,celseq,16.222958,6.3937373
293,alpha,celseq,11.498385,-0.08432317
294,alpha,celseq,16.139578,6.968947
295,alpha,celseq,6.4245334,0.4756664
296,alpha,celseq,16.077326,7.3042636
297,alpha,celseq,16.370125,7.7983065
298,alpha,celseq,16.24905,7.7056313
299,alpha,celseq,-1.2893174,5.7930694
300,alpha,celseq,16.24208,7.6606283
301,alpha,celseq,15.479292,7.147976
302,alpha,celseq,15.856489,7.3879757
303,alpha,celseq,15.282618,6.99403
304,alpha,celseq,15.972065,7.1077576
305,alpha,celseq,14.507838,6.819033
306,alpha,celseq,14.7595215,7.677904
307,alpha,celseq,15.589935,6.785563
308,alpha,celseq,15.550839,6.8287406
309,alpha,celseq,15.278423,6.6417
310,alpha,celseq,14.8789215,6.9292045
311,alpha,celseq,15.034431,8.525011
312,alpha,celseq,15.357297,8.556792
313,alpha,celseq,15.573651,7.100074
314,alpha,celseq,15.017489,8.550579
315,alpha,celseq,15.343802,6.6337833
316,alpha,celseq,14.641281,6.7433715
317,alpha,celseq,15.627868,7.0888796
318,alpha,celseq,16.265068,7.4226117
319,alpha,celseq,15.553825,7.3559546
320,alpha,celseq,15.550171,7.1839137
321,alpha,celseq,15.70902,8.182131
322,alpha,celseq,16.072668,7.9242325
323,alpha,celseq,15.125256,6.4403644
324,alpha,celseq,15.314159,8.636648
325,alpha,celseq,15.641619,7.1907244
326,alpha,celseq,15.00789,8.309819
327,alpha,celseq,16.243097,7.6815357
328,alpha,celseq,14.892859,7.500094
329,alpha,celseq,14.21931,8.363126
330,alpha,celseq,15.174791,7.1884456
331,alpha,celseq,15.475407,7.168665
332,alpha,celseq,14.782764,6.8710947
333,alpha,celseq,15.453928,6.9717965
334,alpha,celseq,15.854284,8.05735
335,alpha,celseq,14.136706,8.480632
336,alpha,celseq,16.243052,7.252522
337,alpha,celseq,14.683877,6.9010115
338,alpha,celseq,15.754471,7.8965073
339,alpha,celseq,15.721401,7.921672
340,alpha,celseq,14.689578,7.0598526
341,alpha,celseq,15.108496,7.3224382
342,alpha,celseq,15.710142,7.153588
343,alpha,celseq,16.12161,8.458423
344,alpha,celseq,15.682184,7.444756
345,alpha,celseq,15.636932,7.2516494
346,alpha,celseq,15.718615,6.869597
347,alpha,celseq,16.144316,7.8926067
348,alpha,celseq,15.983632,8.089655
349,alpha,celseq,15.461846,6.899064
350,alpha,celseq,15.818686,6.9036794
351,alpha,celseq,15.527376,7.2457676
352,alpha,celseq,15.646467,6.944436
353,alpha,celseq,15.895325,7.3927646
354,alpha,celseq,14.817412,6.6296806
355,alpha,celseq,15.937902,7.3905215
356,alpha,celseq,15.939006,7.084015
357,alpha,celseq,15.677353,6.4552135
358,alpha,celseq,15.745383,6.8168797
359,alpha,celseq,14.620715,8.131501
360,alpha,celseq,15.575541,8.016374
361,alpha,celseq,15.104096,6.7265806
362,alpha,celseq,14.537572,7.8293753
363,alpha,celseq,15.629453,6.935606
364,alpha,celseq,15.505011,6.7914405
365,alpha,celseq,15.908611,7.61935
366,alpha,celseq,15.402539,7.6645203
367,alpha,celseq,16.002556,6.5772066
368,alpha,celseq,15.634586,6.683223
369,alpha,celseq,15.512579,7.344918
370,alpha,celseq,15.414582,6.506838
371,alpha,celseq,15.448826,6.8772063
372,alpha,celseq,15.573826,6.824673
373,alpha,celseq,15.5205,6.573622
374,alpha,celseq,15.156153,6.4710054
375,alpha,celseq,16.125202,8.086227
376,alpha,celseq,15.224827,6.712491
377,alpha,celseq,15.613665,8.542276
378,alpha,celseq,16.087978,7.9585414
379,alpha,celseq,15.397726,6.896653
380,alpha,celseq,16.157587,7.881673
381,alpha,celseq,15.552287,6.7163777
382,alpha,celseq,16.110695,7.978803
383,alpha,celseq,15.487179,6.7455873
384,alpha,celseq,15.475414,6.374502
385,alpha,celseq,15.560484,6.919218
386,alpha,celseq,16.167425,6.964991
387,alpha,celseq,16.138136,7.865654
388,alpha,celseq,16.240913,8.258773
389,alpha,celseq,16.31511,7.113133
390,alpha,celseq,15.742653,8.510251
391,alpha,celseq,14.739601,6.934103
392,alpha,celseq,15.6107235,7.047984
393,alpha,celseq,15.388971,6.64244
394,alpha,celseq,8.576587,1.3939391
395,alpha,celseq,15.867589,7.447238
396,alpha,celseq,16.119503,6.3034883
397,alpha,celseq,15.947954,6.4897976
398,alpha,celseq,16.00958,6.304931
399,alpha,celseq,16.042315,6.425776
400,alpha,celseq,10.423114,19.568977
401,alpha,celseq,16.00058,6.3408756
402,alpha,celseq,16.0646,6.549717
403,alpha,celseq,15.729906,7.055836
404,alpha,celseq,15.311835,8.503441
405,alpha,celseq,8.491422,1.3311121
406,alpha,celseq,16.096876,6.258958
407,alpha,celseq,16.072527,6.267919
408,alpha,celseq,15.6465845,6.8435454
409,alpha,celseq,15.99925,6.660209
410,alpha,celseq,15.631586,7.002852
411,alpha,celseq,16.106796,7.2679844
412,alpha,celseq,16.044863,7.5487647
413,alpha,celseq,15.215855,6.6640835
414,alpha,celseq,15.958171,6.5431156
415,alpha,celseq,16.045776,6.56249
416,alpha,celseq,15.534928,7.386944
417,alpha,celseq,16.01981,6.2265944
418,alpha,celseq,12.972398,-0.08835984
419,alpha,celseq,15.866771,6.404973
420,alpha,celseq,16.094534,6.9149694
421,alpha,celseq,15.859436,6.514236
422,alpha,celseq,15.933243,6.802722
423,alpha,celseq,15.060227,8.197339
424,alpha,celseq,16.180206,6.4896374
425,alpha,celseq,16.304552,6.972442
426,alpha,celseq,15.861873,6.972971
427,alpha,celseq,15.956415,6.8862166
428,alpha,celseq,16.070782,6.9613924
429,alpha,celseq,15.90154,7.131143
430,alpha,celseq,-1.3067749,5.944556
431,alpha,celseq,16.167873,6.9192414
432,alpha,celseq,15.9105215,7.1145496
433,alpha,celseq,13.869739,8.859446
434,alpha,celseq,16.101643,7.4017806
435,alpha,celseq,15.764037,6.75299
436,alpha,celseq,15.834491,6.6808357
437,alpha,celseq,15.920754,7.353688
438,alpha,celseq,15.875451,7.835378
439,alpha,celseq,16.186207,6.3499045
440,alpha,celseq,15.591119,7.1161942
441,alpha,celseq,16.025312,7.2087216
442,alpha,celseq,15.968727,7.3092527
443,alpha,celseq,16.098997,7.0595555
444,alpha,celseq,15.802742,6.639642
445,alpha,celseq,16.09617,7.053119
446,alpha,celseq,15.909013,7.325643
447,alpha,celseq,15.634403,7.1297135
448,alpha,celseq,15.978194,6.839203
449,alpha,celseq,16.427895,6.832339
450,alpha,celseq,15.873693,6.71236
451,alpha,celseq,15.78552,6.6863246
452,alpha,celseq,16.013714,7.030226
453,alpha,celseq,15.604432,6.9780393
454,alpha,celseq,15.955429,6.9851003
455,alpha,celseq,16.149405,7.8765187
456,alpha,celseq,16.015203,7.582649
457,alpha,celseq,16.286888,7.577364
458,alpha,celseq,15.937982,7.1347623
459,alpha,celseq,16.094439,7.3340054
460,alpha,celseq,16.064266,7.2678003
461,alpha,celseq,15.742226,7.3278494
462,alpha,celseq,15.88054,6.784069
463,alpha,celseq,16.032166,6.592612
464,alpha,celseq,16.111994,6.650024
465,alpha,celseq,15.808842,7.6914277
466,alpha,celseq,15.9644165,6.703279
467,alpha,celseq,15.043521,7.922438
468,alpha,celseq,16.23096,6.8142076
469,alpha,celseq,16.19336,7.130282
470,alpha,celseq,16.205708,6.945015
471,alpha,celseq,16.106607,7.4764366
472,alpha,celseq,16.012547,7.1264987
473,alpha,celseq,16.07863,7.3331065
474,alpha,celseq,16.126808,6.829835
475,alpha,celseq,16.316856,6.775934
476,alpha,fluidigmc1,15.342233,7.1780624
477,alpha,fluidigmc1,15.186992,6.789627
478,alpha,fluidigmc1,14.883349,7.999853
479,alpha,fluidigmc1,13.978071,9.115968
480,alpha,fluidigmc1,15.240289,6.2457967
481,alpha,fluidigmc1,15.518507,6.911894
482,alpha,fluidigmc1,16.040537,8.052873
483,alpha,fluidigmc1,15.084332,8.703862
484,alpha,fluidigmc1,16.300995,7.4411345
485,alpha,fluidigmc1,15.754875,7.110778
486,alpha,fluidigmc1,15.320959,6.367827
487,alpha,fluidigmc1,14.746734,8.017054
488,alpha,fluidigmc1,15.584191,7.931204
489,alpha,fluidigmc1,15.45575,6.8824525
490,alpha,fluidigmc1,14.7771015,7.286699
491,alpha,fluidigmc1,15.442227,8.025818
492,alpha,fluidigmc1,14.553156,7.319262
493,alpha,fluidigmc1,11.989702,-0.11321965
494,alpha,fluidigmc1,14.758122,8.825888
495,alpha,fluidigmc1,14.639366,8.039456
496,alpha,fluidigmc1,15.893492,7.8903832
497,alpha,fluidigmc1,14.204284,7.2431483
498,alpha,fluidigmc1,15.01836,7.5217643
499,alpha,fluidigmc1,15.696446,6.360359
500,alpha,fluidigmc1,14.945952,7.0660396
501,alpha,fluidigmc1,15.150593,8.120842
502,alpha,fluidigmc1,15.105124,6.6725616
503,alpha,fluidigmc1,15.227035,8.080408
504,alpha,fluidigmc1,5.456622,13.989213
505,alpha,fluidigmc1,15.364254,6.354945
506,alpha,fluidigmc1,15.480446,6.418026
507,alpha,fluidigmc1,16.065088,8.383549
508,alpha,fluidigmc1,15.985049,8.391551
509,alpha,fluidigmc1,15.391833,7.771425
510,alpha,fluidigmc1,15.923969,7.089421
511,alpha,fluidigmc1,14.170921,8.398894
512,alpha,fluidigmc1,15.742707,8.279455
513,alpha,fluidigmc1,15.363553,7.962132
514,alpha,fluidigmc1,16.303112,7.0370107
515,alpha,fluidigmc1,15.778907,6.6843843
516,alpha,fluidigmc1,14.206131,9.343948
517,alpha,fluidigmc1,15.028721,7.1911263
518,alpha,fluidigmc1,14.716769,7.606789
519,alpha,fluidigmc1,15.02227,8.399281
520,alpha,fluidigmc1,13.81423,7.925245
521,alpha,fluidigmc1,16.104074,7.7184677
522,alpha,fluidigmc1,14.931373,7.548764
523,alpha,fluidigmc1,16.112194,7.2398596
524,alpha,fluidigmc1,15.6148615,7.0381966
525,alpha,fluidigmc1,14.789793,6.5916624
526,alpha,fluidigmc1,15.204705,7.4631543
527,alpha,fluidigmc1,14.744352,8.068548
528,alpha,fluidigmc1,15.204872,7.616735
529,alpha,fluidigmc1,14.180094,8.410854
530,alpha,fluidigmc1,15.073005,6.5855837
531,alpha,fluidigmc1,15.645665,8.261126
532,alpha,fluidigmc1,16.138332,8.382357
533,alpha,fluidigmc1,16.255686,7.396867
534,alpha,fluidigmc1,15.992429,6.3676305
535,alpha,fluidigmc1,15.657421,7.844914
536,alpha,fluidigmc1,15.323755,7.517787
537,alpha,fluidigmc1,15.436849,6.2055874
538,alpha,fluidigmc1,15.4061165,6.9839754
539,alpha,fluidigmc1,14.69545,7.3292923
540,alpha,fluidigmc1,14.206482,8.46634
541,alpha,fluidigmc1,14.245751,8.908391
542,alpha,fluidigmc1,16.380398,8.70365
543,alpha,fluidigmc1,14.44501,9.079035
544,alpha,fluidigmc1,15.88593,9.05199
545,alpha,fluidigmc1,15.534887,9.023863
546,alpha,fluidigmc1,14.57061,8.84022
547,alpha,fluidigmc1,15.676031,7.7522345
548,alpha,fluidigmc1,15.586038,8.690118
549,alpha,fluidigmc1,16.11099,8.434138
550,alpha,fluidigmc1,16.02778,7.046742
551,alpha,fluidigmc1,16.325676,8.192968
552,alpha,fluidigmc1,15.310513,7.239223
553,alpha,fluidigmc1,15.081615,7.376905
554,alpha,fluidigmc1,16.180906,8.053551
555,alpha,fluidigmc1,16.114286,7.889025
556,alpha,fluidigmc1,16.30101,8.406382
557,alpha,fluidigmc1,16.113642,8.444469
558,alpha,fluidigmc1,15.255841,8.765466
559,alpha,fluidigmc1,16.314287,8.421875
560,alpha,fluidigmc1,15.898128,8.332346
561,alpha,fluidigmc1,16.336937,7.6354947
562,alpha,fluidigmc1,16.311634,8.43763
563,alpha,fluidigmc1,16.02427,7.509265
564,alpha,fluidigmc1,15.054455,8.581256
565,alpha,fluidigmc1,15.917515,7.910259
566,alpha,fluidigmc1,15.895554,8.378928
567,alpha,fluidigmc1,14.449139,7.605442
568,alpha,fluidigmc1,16.263697,7.7016745
569,alpha,fluidigmc1,14.31659,9.179673
570,alpha,fluidigmc1,16.427801,8.108102
571,alpha,fluidigmc1,15.256848,8.369271
572,alpha,fluidigmc1,16.19232,8.571731
573,alpha,fluidigmc1,15.198738,7.7268143
574,alpha,fluidigmc1,15.277857,6.8195753
575,alpha,fluidigmc1,15.488494,7.112137
576,alpha,fluidigmc1,16.108002,8.155825
577,alpha,fluidigmc1,14.8078,7.1119986
578,alpha,fluidigmc1,16.038887,8.08662
579,alpha,fluidigmc1,14.365269,8.1213255
580,alpha,fluidigmc1,14.41255,7.972719
581,alpha,fluidigmc1,5.6296487,13.22461
582,alpha,fluidigmc1,15.57283,6.570116
583,alpha,fluidigmc1,15.770965,8.315449
584,alpha,fluidigmc1,15.168444,7.5758343
585,alpha,fluidigmc1,15.577437,8.376534
586,alpha,fluidigmc1,14.754921,8.690881
587,alpha,fluidigmc1,15.778297,7.1415234
588,alpha,fluidigmc1,16.194319,8.228076
589,alpha,fluidigmc1,16.534885,8.619825
590,alpha,fluidigmc1,15.730517,8.035798
591,alpha,fluidigmc1,14.540368,8.343922
592,alpha,fluidigmc1,16.258335,8.278471
593,alpha,fluidigmc1,16.043833,7.0044837
594,alpha,fluidigmc1,16.552916,8.709672
595,alpha,fluidigmc1,15.692633,8.692497
596,alpha,fluidigmc1,16.342976,8.74742
597,alpha,fluidigmc1,14.474179,8.97764
598,alpha,fluidigmc1,15.768576,7.9402976
599,alpha,fluidigmc1,16.393805,8.473732
600,alpha,fluidigmc1,16.512691,8.586929
601,alpha,fluidigmc1,16.174864,7.9319696
602,alpha,fluidigmc1,15.401189,8.478912
603,alpha,fluidigmc1,15.162868,8.158325
604,alpha,fluidigmc1,15.211046,8.232403
605,alpha,fluidigmc1,15.644397,8.361154
606,alpha,fluidigmc1,15.840543,8.403764
607,alpha,fluidigmc1,16.228422,8.291226
608,alpha,fluidigmc1,14.957909,6.862812
609,alpha,fluidigmc1,15.37664,7.358127
610,alpha,fluidigmc1,15.065333,8.789969
611,alpha,fluidigmc1,15.799542,7.672871
612,alpha,fluidigmc1,15.116949,6.955798
613,alpha,fluidigmc1,16.217373,7.8578014
614,alpha,fluidigmc1,13.665867,7.387257
615,alpha,fluidigmc1,16.260899,7.9571233
616,alpha,fluidigmc1,15.605189,8.276416
617,alpha,fluidigmc1,14.8731,6.9494805
618,alpha,fluidigmc1,15.514154,6.858083
619,alpha,fluidigmc1,14.323814,7.359292
620,alpha,fluidigmc1,14.209397,8.616822
621,alpha,fluidigmc1,15.704682,6.886054
622,alpha,fluidigmc1,-2.661703,9.807979
623,alpha,fluidigmc1,15.590828,7.1954217
624,alpha,fluidigmc1,15.954237,8.179099
625,alpha,fluidigmc1,14.825912,9.101784
626,alpha,fluidigmc1,15.610142,8.461954
627,alpha,fluidigmc1,15.349424,7.491982
628,alpha,fluidigmc1,15.042908,8.525012
629,alpha,fluidigmc1,14.373584,8.857513
630,alpha,fluidigmc1,14.654013,6.4928613
631,alpha,fluidigmc1,15.040103,6.7263985
632,alpha,fluidigmc1,16.340332,8.049265
633,alpha,fluidigmc1,6.3166018,13.292811
634,alpha,fluidigmc1,14.354299,8.5409
635,alpha,fluidigmc1,16.43569,8.434804
636,alpha,fluidigmc1,15.8016405,8.260941
637,alpha,fluidigmc1,15.639905,8.212316
638,alpha,fluidigmc1,15.567116,8.200659
639,alpha,fluidigmc1,13.390241,8.280681
640,alpha,fluidigmc1,14.829384,7.193398
641,alpha,fluidigmc1,14.1860895,7.2782674
642,alpha,fluidigmc1,14.055927,9.052284
643,alpha,fluidigmc1,14.337123,8.40234
644,alpha,fluidigmc1,13.535019,8.759062
645,alpha,fluidigmc1,13.9883795,8.982733
646,alpha,fluidigmc1,13.843089,8.606611
647,alpha,fluidigmc1,13.947003,8.949726
648,alpha,fluidigmc1,14.075983,8.515184
649,alpha,fluidigmc1,14.341224,9.041609
650,alpha,fluidigmc1,13.515081,8.75351
651,alpha,fluidigmc1,14.076744,9.054568
652,alpha,fluidigmc1,13.878465,9.106704
653,alpha,fluidigmc1,13.807926,7.9874797
654,alpha,fluidigmc1,14.255562,9.084094
655,alpha,fluidigmc1,15.754736,7.097683
656,alpha,fluidigmc1,16.140697,7.569293
657,alpha,fluidigmc1,15.978466,7.602928
658,alpha,fluidigmc1,11.188744,0.35147828
659,alpha,fluidigmc1,14.481897,9.042603
660,alpha,fluidigmc1,16.578112,7.259842
661,alpha,fluidigmc1,16.342575,7.737286
662,alpha,fluidigmc1,14.296851,8.280769
663,alpha,fluidigmc1,15.604377,7.8947945
664,alpha,fluidigmc1,16.470003,8.031843
665,alpha,fluidigmc1,15.328399,8.179569
666,alpha,fluidigmc1,15.464848,6.9398623
667,alpha,fluidigmc1,15.621109,6.257847
668,alpha,fluidigmc1,16.506136,7.5498667
669,alpha,fluidigmc1,14.919856,8.418189
670,alpha,fluidigmc1,15.941274,7.6211987
671,alpha,fluidigmc1,16.128063,6.8192177
672,alpha,fluidigmc1,16.441534,7.6297708
673,alpha,fluidigmc1,16.295439,6.9553976
674,alpha,fluidigmc1,15.201524,7.1166673
675,alpha,fluidigmc1,15.219889,6.4811883
676,alpha,fluidigmc1,15.367972,6.70508
677,alpha,fluidigmc1,16.212282,7.720741
678,alpha,fluidigmc1,15.033936,8.783986
679,alpha,fluidigmc1,15.265058,8.695424
680,alpha,fluidigmc1,15.010199,7.336737
681,alpha,fluidigmc1,15.757261,6.6341677
682,alpha,fluidigmc1,15.517451,6.327482
683,alpha,fluidigmc1,14.748709,6.516119
684,alpha,fluidigmc1,15.947978,8.168531
685,alpha,fluidigmc1,16.138716,8.221985
686,alpha,fluidigmc1,15.133848,6.477938
687,alpha,fluidigmc1,15.399985,7.274998
688,alpha,fluidigmc1,15.601107,6.1655717
689,alpha,fluidigmc1,15.484262,8.399822
690,alpha,fluidigmc1,15.331482,6.8523736
691,alpha,fluidigmc1,15.774613,7.5029283
692,alpha,fluidigmc1,15.923303,7.9319124
693,alpha,fluidigmc1,15.166943,8.399982
694,alpha,fluidigmc1,14.7640705,8.44412
695,alpha,fluidigmc1,15.606834,7.760583
696,alpha,fluidigmc1,15.693103,7.820232
697,alpha,fluidigmc1,15.094747,7.011045
698,alpha,fluidigmc1,15.053627,7.885558
699,alpha,fluidigmc1,15.098309,6.4827642
700,alpha,fluidigmc1,6.815808,13.375286
701,alpha,fluidigmc1,16.199411,8.627751
702,alpha,fluidigmc1,14.56667,6.8691416
703,alpha,fluidigmc1,15.736789,8.232775
704,alpha,fluidigmc1,15.248877,7.0257187
705,alpha,fluidigmc1,15.557054,7.8381023
706,alpha,fluidigmc1,16.120811,6.7665462
707,alpha,fluidigmc1,15.235394,7.2099123
708,alpha,fluidigmc1,15.768232,8.047761
709,alpha,fluidigmc1,15.753392,7.9904222
710,alpha,fluidigmc1,15.06379,7.554232
711,alpha,fluidigmc1,14.742331,7.7516007
712,alpha,fluidigmc1,14.2229805,8.579552
713,alpha,fluidigmc1,16.003624,7.9280324
714,alpha,fluidigmc1,14.880636,7.680504
715,delta,celseq,16.366852,17.738453
716,delta,celseq,16.263996,17.772738
717,delta,celseq,17.00002,17.75325
718,delta,celseq,16.930025,17.62695
719,delta,celseq,16.366125,17.750874
720,delta,celseq,16.298567,17.524588
721,delta,celseq,16.211767,17.526617
722,delta,celseq,16.059608,17.542528
723,delta,celseq,16.484352,17.424263
724,delta,celseq,16.204668,17.69316
725,delta,celseq,16.927143,17.34469
726,delta,celseq,16.210217,17.389408
727,delta,celseq,16.258814,17.620796
728,delta,celseq,15.834654,17.585623
729,delta,celseq,17.067596,17.606825
730,delta,celseq,16.81161,17.631311
731,delta,celseq,16.442364,17.460997
732,delta,celseq,16.593067,17.790377
733,delta,celseq,16.560051,17.68955
734,delta,celseq,16.07874,17.473478
735,delta,celseq,16.647802,17.774355
736,delta,celseq,16.568567,17.607191
737,delta,celseq,16.81326,17.677416
738,delta,celseq,16.51422,17.750433
739,delta,celseq,16.510029,17.782928
740,delta,celseq,16.525454,17.11623
741,delta,celseq,16.681858,17.564737
742,delta,celseq,16.263391,17.447485
743,delta,celseq,16.972109,17.627304
744,delta,celseq,17.014557,17.562805
745,delta,celseq,16.441486,17.538687
746,delta,celseq,17.072704,17.623198
747,delta,celseq,16.784239,17.637417
748,delta,celseq,16.963135,17.599257
749,delta,celseq,16.251406,17.062119
750,delta,celseq,16.74306,17.52945
751,delta,celseq,16.53478,17.445852
752,delta,celseq,16.852493,17.789162
753,delta,celseq,16.947567,17.5847
754,delta,celseq,17.040762,17.64759
755,delta,celseq,16.763412,17.716383
756,delta,celseq,17.042934,17.633728
757,delta,celseq,17.08493,17.65655
758,delta,celseq,17.03103,17.539913
759,delta,celseq,16.831038,17.681017
760,delta,celseq,16.590515,17.571579
761,delta,celseq,16.250723,16.997513
762,delta,celseq,16.902214,17.743956
763,delta,celseq,16.891024,17.496834
764,delta,celseq,16.979164,17.5645
765,delta,fluidigmc1,16.904226,17.79464
766,delta,fluidigmc1,16.638721,17.34276
767,delta,fluidigmc1,16.25197,17.292402
768,delta,fluidigmc1,14.511164,7.682425
769,delta,fluidigmc1,16.536793,17.62441
770,delta,fluidigmc1,16.456944,17.524124
771,delta,fluidigmc1,16.946089,17.28806
772,delta,fluidigmc1,16.747381,17.713285
773,delta,fluidigmc1,17.016682,17.784828
774,delta,fluidigmc1,5.6295266,13.70057
775,delta,fluidigmc1,16.775076,17.62436
776,delta,fluidigmc1,16.211502,17.09951
777,delta,fluidigmc1,16.901512,17.357422
778,delta,fluidigmc1,6.271446,13.533876
779,delta,fluidigmc1,16.667591,17.299423
780,delta,fluidigmc1,16.16167,17.416998
781,delta,fluidigmc1,5.9885635,14.77088
782,delta,fluidigmc1,16.78017,17.324678
783,delta,fluidigmc1,16.975657,17.362764
784,delta,fluidigmc1,16.709536,17.357397
785,delta,fluidigmc1,4.0161977,15.758745
786,delta,fluidigmc1,16.588503,17.140408
787,delta,fluidigmc1,16.72292,17.581377
788,delta,fluidigmc1,16.974922,17.219055
789,delta,fluidigmc1,16.386644,17.215935
790,beta,celseq,5.725937,14.62079
791,beta,celseq,4.4946666,14.424813
792,beta,celseq,4.2119036,14.644545
793,beta,celseq,16.305763,5.912278
794,beta,celseq,5.4090543,14.255683
795,beta,celseq,5.5882697,14.601367
796,beta,celseq,5.2294707,14.59014
797,beta,celseq,5.426861,14.389689
798,beta,celseq,5.626926,15.153614
799,beta,celseq,5.4414067,14.837037
800,beta,celseq,5.265001,14.253375
801,beta,celseq,4.4395394,14.934766
802,beta,celseq,5.167728,14.834105
803,beta,celseq,5.043438,15.186577
804,beta,celseq,5.4339385,14.391291
805,beta,celseq,5.088983,14.20035
806,beta,celseq,5.5798674,14.682641
807,beta,celseq,5.663091,14.242704
808,beta,celseq,4.1216855,14.545347
809,beta,celseq,4.229707,14.458777
810,beta,celseq,4.0651793,14.593582
811,beta,celseq,4.076608,14.5484295
812,beta,celseq,4.609641,14.25359
813,beta,celseq,4.9002295,14.176401
814,beta,celseq,4.352739,14.512027
815,beta,celseq,4.617999,14.221592
816,beta,celseq,4.155492,14.685337
817,beta,celseq,4.170016,14.530428
818,beta,celseq,5.8400292,14.104632
819,beta,celseq,4.1447124,14.54324
820,beta,celseq,4.194797,14.516301
821,beta,celseq,4.0860353,14.605972
822,beta,celseq,4.401643,14.726021
823,beta,celseq,4.1688595,14.541526
824,beta,celseq,4.3968873,14.436657
825,beta,celseq,4.7318487,14.606799
826,beta,celseq,4.200906,14.477748
827,beta,celseq,4.8347306,14.232045
828,beta,celseq,4.174901,14.620868
829,beta,celseq,5.6710687,13.9423275
830,beta,celseq,4.3075495,14.51343
831,beta,celseq,4.017167,14.657595
832,beta,celseq,4.121395,14.556917
833,beta,celseq,4.2471056,14.841985
834,beta,celseq,7.0206547,15.220028
835,beta,celseq,4.350614,14.479426
836,beta,celseq,4.2526174,14.440252
837,beta,celseq,5.1944904,14.147341
838,beta,celseq,4.5582376,14.302996
839,beta,celseq,6.0321455,14.643669
840,beta,celseq,4.0332522,14.544802
841,beta,celseq,7.06184,14.15877
842,beta,celseq,5.6849785,14.406109
843,beta,celseq,4.755167,14.578836
844,beta,celseq,3.8673139,14.692133
845,beta,celseq,6.9862404,13.63429
846,beta,celseq,4.318852,14.548537
847,beta,celseq,4.280928,14.493098
848,beta,celseq,4.602913,14.339277
849,beta,celseq,4.156177,14.481762
850,beta,celseq,16.387009,17.82327
851,beta,celseq,4.0833707,14.571811
852,beta,celseq,4.108223,14.522875
853,beta,celseq,5.454684,15.065035
854,beta,celseq,4.075435,14.5536585
855,beta,celseq,3.5551505,15.091345
856,beta,celseq,5.694178,13.988176
857,beta,celseq,3.9917617,14.554948
858,beta,celseq,4.6706533,14.302898
859,beta,celseq,5.145954,14.901496
860,beta,celseq,4.057011,14.590286
861,beta,celseq,4.680392,14.1313095
862,beta,celseq,4.0868287,14.664877
863,beta,celseq,4.3063335,14.560415
864,beta,celseq,4.215283,14.430236
865,beta,celseq,5.117749,14.121665
866,beta,celseq,4.497943,15.161816
867,beta,celseq,4.0748067,14.629667
868,beta,celseq,4.468631,14.643551
869,beta,celseq,4.8105764,14.162439
870,beta,celseq,4.31296,14.510864
871,beta,celseq,7.118713,14.18551
872,beta,celseq,4.5325937,14.5549555
873,beta,celseq,5.1453137,14.553275
874,beta,celseq,4.021892,14.5893
875,beta,celseq,6.2530003,14.028315
876,beta,celseq,5.3800607,14.001389
877,beta,celseq,5.3879976,13.914827
878,beta,celseq,4.8161163,14.175676
879,beta,celseq,5.6746573,15.405493
880,beta,celseq,5.67567,14.505159
881,beta,celseq,6.639478,15.012404
882,beta,celseq,5.0223904,14.077207
883,beta,celseq,5.1928406,14.33783
884,beta,celseq,4.7624564,14.11281
885,beta,celseq,4.4867983,14.273067
886,beta,celseq,5.1834083,14.218046
887,beta,celseq,4.821518,14.06799
888,beta,celseq,4.704846,14.135153
889,beta,celseq,4.289747,14.398928
890,beta,celseq,4.666279,14.238703
891,beta,celseq,4.853561,14.097321
892,beta,celseq,4.6950154,14.209708
893,beta,celseq,5.0457115,14.35537
894,beta,celseq,4.541247,14.289748
895,beta,celseq,5.06152,14.579836
896,beta,celseq,6.0958643,16.02377
897,beta,celseq,5.056793,14.5030575
898,beta,celseq,4.9755063,14.121738
899,beta,celseq,4.6695724,14.115118
900,beta,celseq,6.9664555,14.374496
901,beta,celseq,4.768425,14.09771
902,beta,celseq,4.5477676,14.357395
903,beta,celseq,4.9274864,14.406465
904,beta,celseq,4.8001614,14.204424
905,beta,celseq,4.136544,14.458021
906,beta,celseq,4.7563334,14.232074
907,beta,celseq,5.0276055,14.118092
908,beta,celseq,5.0148168,14.144665
909,beta,celseq,4.5226827,14.258184
910,beta,celseq,6.937014,15.055467
911,beta,celseq,4.225691,14.384565
912,beta,celseq,5.1004925,14.053146
913,beta,celseq,4.6450334,14.381621
914,beta,celseq,5.2465615,14.500668
915,beta,celseq,5.1613855,14.691237
916,beta,celseq,4.3391695,14.443607
917,beta,celseq,4.651886,14.1522875
918,beta,celseq,4.601945,14.24257
919,beta,celseq,6.8806705,14.958104
920,beta,celseq,4.669414,14.186127
921,beta,celseq,4.4877315,14.321278
922,beta,celseq,4.580941,14.375165
923,beta,celseq,4.5882373,14.229111
924,beta,celseq,5.138961,14.311451
925,beta,celseq,5.071457,14.394427
926,beta,celseq,4.6489687,14.757602
927,beta,celseq,4.4607644,14.308481
928,beta,celseq,4.6677313,14.128094
929,beta,celseq,4.7712626,14.141555
930,beta,celseq,4.797524,14.246448
931,beta,celseq,4.4674153,14.288207
932,beta,celseq,4.335758,14.439865
933,beta,celseq,6.3469076,14.558689
934,beta,celseq,4.987565,14.133173
935,beta,celseq,4.4156795,14.479028
936,beta,celseq,4.6419735,14.251244
937,beta,celseq,4.71044,14.180914
938,beta,celseq,4.755352,14.496238
939,beta,celseq,5.054792,14.135912
940,beta,celseq,5.479992,14.766346
941,beta,celseq,4.805493,14.319271
942,beta,celseq,4.6455555,14.316455
943,beta,celseq,4.72179,14.214392
944,beta,celseq,4.614391,14.185607
945,beta,celseq,5.0225945,14.092252
946,beta,celseq,4.6935916,14.149399
947,beta,celseq,4.6672363,14.1420555
948,beta,celseq,5.002071,14.166938
949,beta,celseq,4.343808,14.475126
950,beta,celseq,5.0050282,14.136358
951,beta,fluidigmc1,6.2357273,13.799818
952,beta,fluidigmc1,6.0038414,13.975257
953,beta,fluidigmc1,6.107212,14.486594
954,beta,fluidigmc1,5.572553,14.589718
955,beta,fluidigmc1,6.0206714,13.411712
956,beta,fluidigmc1,5.8141165,13.326803
957,beta,fluidigmc1,5.841332,13.149879
958,beta,fluidigmc1,13.845284,7.567928
959,beta,fluidigmc1,6.8120785,14.487292
960,beta,fluidigmc1,7.2564707,14.277103
961,beta,fluidigmc1,5.5827584,14.532088
962,beta,fluidigmc1,5.795522,13.205554
963,beta,fluidigmc1,6.168492,13.523883
964,beta,fluidigmc1,5.742055,13.0899935
965,beta,fluidigmc1,5.7671537,13.084383
966,beta,fluidigmc1,6.495013,14.127148
967,beta,fluidigmc1,7.0888276,13.742355
968,beta,fluidigmc1,7.017141,14.952739
969,beta,fluidigmc1,7.2778487,13.817544
970,beta,fluidigmc1,6.312486,13.55353
971,beta,fluidigmc1,5.080377,13.832118
972,beta,fluidigmc1,5.830917,13.786206
973,beta,fluidigmc1,5.68563,13.283549
974,beta,fluidigmc1,5.053168,15.06252
975,beta,fluidigmc1,5.710463,13.099794
976,beta,fluidigmc1,6.2624106,13.372361
977,beta,fluidigmc1,6.0285287,14.918263
978,beta,fluidigmc1,5.567277,13.982023
979,beta,fluidigmc1,6.521833,14.529156
980,beta,fluidigmc1,4.719643,14.364644
981,beta,fluidigmc1,6.012265,16.15214
982,beta,fluidigmc1,5.6470046,15.074542
983,beta,fluidigmc1,6.643476,14.528429
984,beta,fluidigmc1,6.493103,14.106479
985,beta,fluidigmc1,6.6875687,13.784185
986,beta,fluidigmc1,6.2682858,14.161337
987,beta,fluidigmc1,6.8265586,14.349875
988,beta,fluidigmc1,5.4387794,15.031883
989,beta,fluidigmc1,5.9541297,14.176316
990,beta,fluidigmc1,5.8514166,14.378637
991,beta,fluidigmc1,6.1076965,14.203695
992,beta,fluidigmc1,6.23206,14.027823
993,beta,fluidigmc1,5.716599,13.600541
994,beta,fluidigmc1,5.9959254,14.331124
995,beta,fluidigmc1,6.1264067,14.125439
996,beta,fluidigmc1,4.6290817,15.181304
997,beta,fluidigmc1,6.3478456,14.951803
998,beta,fluidigmc1,5.9355354,14.03242
999,beta,fluidigmc1,5.6539674,14.613662
1000,beta,fluidigmc1,5.5965548,14.132555
1001,beta,fluidigmc1,6.0778027,13.953683
1002,beta,fluidigmc1,6.0171857,14.233114
1003,beta,fluidigmc1,6.389378,14.747424
1004,beta,fluidigmc1,6.797208,14.80586
1005,beta,fluidigmc1,6.9768543,14.944366
1006,beta,fluidigmc1,6.1345687,14.997431
1007,beta,fluidigmc1,4.1846642,15.313652
1008,beta,fluidigmc1,6.2993073,14.067269
1009,beta,fluidigmc1,6.145344,15.90789
1010,beta,fluidigmc1,6.5509214,15.171763
1011,beta,fluidigmc1,6.1393476,13.994754
1012,beta,fluidigmc1,5.641947,13.209675
1013,beta,fluidigmc1,5.8110247,14.170068
1014,beta,fluidigmc1,6.3777895,13.639048
1015,beta,fluidigmc1,6.1447916,14.088563
1016,beta,fluidigmc1,6.611321,14.258716
1017,beta,fluidigmc1,5.868676,14.210932
1018,beta,fluidigmc1,7.028654,13.74406
1019,beta,fluidigmc1,5.7709985,13.567528
1020,beta,fluidigmc1,5.6995893,14.072593
1021,beta,fluidigmc1,6.7099032,13.87335
1022,beta,fluidigmc1,5.6585116,15.95254
1023,beta,fluidigmc1,6.152621,13.904067
1024,beta,fluidigmc1,5.1113825,15.386589
1025,beta,fluidigmc1,6.5172963,16.223
1026,beta,fluidigmc1,6.380322,14.133497
1027,beta,fluidigmc1,6.5872254,15.184488
1028,beta,fluidigmc1,6.342285,14.073586
1029,beta,fluidigmc1,6.4629297,14.250562
1030,beta,fluidigmc1,6.596155,14.229235
1031,beta,fluidigmc1,5.9240813,14.174169
1032,beta,fluidigmc1,5.9961543,14.016415
1033,beta,fluidigmc1,6.20372,13.92741
1034,beta,fluidigmc1,4.478312,15.069492
1035,beta,fluidigmc1,5.788311,14.298691
1036,beta,fluidigmc1,5.1552196,15.176999
1037,beta,fluidigmc1,4.94896,15.051468
1038,beta,fluidigmc1,5.200485,15.1488695
1039,beta,fluidigmc1,5.467085,13.647906
1040,beta,fluidigmc1,5.448691,13.76413
1041,beta,fluidigmc1,5.5044594,13.597583
1042,beta,fluidigmc1,6.588317,15.5573635
1043,beta,fluidigmc1,5.488897,13.876886
1044,beta,fluidigmc1,6.7347045,15.503483
1045,beta,fluidigmc1,5.355531,14.566299
1046,beta,fluidigmc1,5.4019256,14.244386
1047,beta,fluidigmc1,6.431468,14.527431
1048,beta,fluidigmc1,6.1431675,14.384186
1049,beta,fluidigmc1,4.8199863,14.940104
1050,beta,fluidigmc1,5.9445057,14.664056
1051,beta,fluidigmc1,5.363285,14.85474
1052,beta,fluidigmc1,4.957348,14.760362
1053,beta,fluidigmc1,7.062907,14.159123
1054,beta,fluidigmc1,6.735037,14.381462
1055,beta,fluidigmc1,6.174816,14.310877
1056,beta,fluidigmc1,5.353983,14.106699
1057,beta,fluidigmc1,5.3650537,14.539231
1058,beta,fluidigmc1,6.0597715,13.645699
1059,beta,fluidigmc1,6.115933,14.481342
1060,beta,fluidigmc1,5.811909,14.5415125
1061,beta,fluidigmc1,5.3274736,15.2173
1062,beta,fluidigmc1,5.7138214,13.935761
1063,beta,fluidigmc1,5.483879,14.144062
1064,beta,fluidigmc1,6.365901,15.578187
1065,beta,fluidigmc1,5.8491526,14.146894
1066,beta,fluidigmc1,5.073988,14.889121
1067,beta,fluidigmc1,5.761892,14.196671
1068,beta,fluidigmc1,5.5598235,14.367413
1069,beta,fluidigmc1,5.6786613,14.028524
1070,beta,fluidigmc1,5.692175,14.56006
1071,beta,fluidigmc1,6.057783,14.982997
1072,beta,fluidigmc1,5.4112024,15.081477
1073,beta,fluidigmc1,5.722588,14.477376
1074,beta,fluidigmc1,5.3129544,15.367007
1075,beta,fluidigmc1,6.2488027,15.170074
1076,beta,fluidigmc1,5.3810515,14.87286
1077,beta,fluidigmc1,5.5693283,14.426755
1078,beta,fluidigmc1,5.3380423,14.264395
1079,beta,fluidigmc1,6.1189685,14.165235
1080,beta,fluidigmc1,5.1854024,13.940885
1081,beta,fluidigmc1,5.501576,14.983841
1082,beta,fluidigmc1,4.9364934,15.093321
1083,beta,fluidigmc1,5.988952,14.075554
1084,beta,fluidigmc1,5.624161,13.990223
1085,beta,fluidigmc1,4.751656,14.605009
1086,beta,fluidigmc1,5.092113,14.019293
1087,beta,fluidigmc1,5.8712473,13.882731
1088,beta,fluidigmc1,5.8052125,13.936533
1089,beta,fluidigmc1,5.2397194,13.407812
1090,beta,fluidigmc1,5.9111333,14.391523
1091,beta,fluidigmc1,5.5332046,13.965159
1092,beta,fluidigmc1,5.4154544,13.678014
1093,beta,fluidigmc1,6.111016,13.87199
1094,beta,fluidigmc1,8.440801,1.2898457
1095,beta,fluidigmc1,13.358736,8.918602
1096,beta,fluidigmc1,3.5724914,15.1149435
1097,beta,fluidigmc1,5.4672055,15.519594
1098,beta,fluidigmc1,3.6513197,15.084238
1099,beta,fluidigmc1,5.343639,13.843478
1100,beta,fluidigmc1,4.872479,15.340406
1101,beta,fluidigmc1,3.8656824,15.131557
1102,beta,fluidigmc1,6.1524997,15.635931
1103,beta,fluidigmc1,3.5535326,15.047918
1104,beta,fluidigmc1,5.3782063,14.236511
1105,beta,fluidigmc1,5.954731,15.211488
1106,beta,fluidigmc1,5.3213253,14.809791
1107,beta,fluidigmc1,5.0774007,15.087798
1108,beta,fluidigmc1,5.8856745,14.900927
1109,beta,fluidigmc1,6.4258738,14.607819
1110,beta,fluidigmc1,5.273105,14.734436
1111,beta,fluidigmc1,6.098875,15.617195
1112,beta,fluidigmc1,7.0239954,14.640837
1113,beta,fluidigmc1,6.260917,13.752483
1114,beta,fluidigmc1,6.926414,15.002607
1115,beta,fluidigmc1,7.072905,15.04205
1116,beta,fluidigmc1,5.6293015,15.179922
1117,beta,fluidigmc1,5.861309,14.685273
1118,beta,fluidigmc1,6.022156,14.848552
1119,beta,fluidigmc1,5.719475,14.537265
1120,beta,fluidigmc1,6.6928096,14.655329
1121,beta,fluidigmc1,5.864231,15.230466
1122,beta,fluidigmc1,6.465174,13.664854
1123,beta,fluidigmc1,7.2207575,14.524998
1124,beta,fluidigmc1,6.4202724,14.918237
1125,beta,fluidigmc1,5.201946,14.412763
1126,beta,fluidigmc1,4.94489,14.28621
1127,beta,fluidigmc1,5.808959,14.60398
1128,beta,fluidigmc1,5.898797,14.602481
1129,beta,fluidigmc1,5.5554214,14.564987
1130,beta,fluidigmc1,7.1834264,14.172057
1131,beta,fluidigmc1,6.711594,15.276297
1132,beta,fluidigmc1,4.980295,14.895433
1133,beta,fluidigmc1,5.8587465,15.025285
1134,beta,fluidigmc1,5.2589717,14.141279
1135,beta,fluidigmc1,5.067947,14.775872
1136,beta,fluidigmc1,5.765222,15.096685
1137,beta,fluidigmc1,4.528916,14.632349
1138,beta,fluidigmc1,5.7359257,14.50836
1139,beta,fluidigmc1,6.7843513,13.790395
1140,beta,fluidigmc1,6.529518,14.674457
1141,beta,fluidigmc1,6.561369,14.92582
1142,beta,fluidigmc1,5.8996754,15.267615
1143,beta,fluidigmc1,5.9850287,14.431078
1144,beta,fluidigmc1,5.3917418,15.523312
1145,beta,fluidigmc1,5.547811,14.606595
1146,beta,fluidigmc1,6.52663,14.63049
1147,beta,fluidigmc1,5.639221,15.23943
1148,beta,fluidigmc1,5.6377635,14.404207
1149,beta,fluidigmc1,5.9745326,15.290437
1150,beta,fluidigmc1,5.7577405,14.595749
1151,beta,fluidigmc1,6.001004,14.321532
1152,beta,fluidigmc1,5.547829,14.816948
1153,beta,fluidigmc1,6.9374766,14.9449215
1154,beta,fluidigmc1,5.6756883,14.684736
1155,beta,fluidigmc1,5.430441,15.438523
1156,beta,fluidigmc1,5.9459715,14.455805
1157,beta,fluidigmc1,6.029394,14.708458
1158,beta,fluidigmc1,6.4221992,14.775404
1159,beta,fluidigmc1,5.6672025,14.599971
1160,beta,fluidigmc1,6.348353,14.755171
1161,beta,fluidigmc1,5.5654736,14.639305
1162,beta,fluidigmc1,5.565975,14.682663
1163,beta,fluidigmc1,5.6642237,14.572208
1164,beta,fluidigmc1,6.411175,14.564718
1165,beta,fluidigmc1,5.6060066,14.6181965
1166,beta,fluidigmc1,5.3722157,14.797628
1167,beta,fluidigmc1,5.9072456,15.141683
1168,beta,fluidigmc1,5.582236,14.527769
1169,beta,fluidigmc1,6.8847475,14.362838
1170,beta,fluidigmc1,5.4038763,14.622806
1171,beta,fluidigmc1,5.390578,14.212715
1172,beta,fluidigmc1,5.9284906,15.814066
1173,beta,fluidigmc1,5.2030034,14.629304
1174,beta,fluidigmc1,5.416802,13.842229
1175,beta,fluidigmc1,4.1379695,14.588343
1176,beta,fluidigmc1,4.8653865,14.65835
1177,beta,fluidigmc1,6.891118,14.042371
1178,beta,fluidigmc1,5.6270027,14.457944
1179,beta,fluidigmc1,5.211807,15.313879
1180,beta,fluidigmc1,5.79873,13.753321
1181,beta,fluidigmc1,7.018138,15.426833
1182,beta,fluidigmc1,4.881967,15.07631
1183,beta,fluidigmc1,5.7823477,13.606146
1184,beta,fluidigmc1,5.5111575,14.623701
1185,beta,fluidigmc1,6.318493,13.709146
1186,beta,fluidigmc1,4.4467278,14.545342
1187,beta,fluidigmc1,5.5967093,14.702444
1188,beta,fluidigmc1,5.102713,14.559318
1189,beta,fluidigmc1,5.159008,15.392372
1190,beta,fluidigmc1,4.5036,14.271274
1191,beta,fluidigmc1,5.2563176,13.358244
1192,beta,fluidigmc1,5.402865,13.919541
1193,beta,fluidigmc1,5.1170626,14.627265
1194,beta,fluidigmc1,5.2173123,14.305644
1195,beta,fluidigmc1,14.780362,7.0543294
1196,beta,fluidigmc1,6.2978826,16.406618
1197,beta,fluidigmc1,5.252119,14.217457
1198,beta,fluidigmc1,4.9603033,15.332688
1199,beta,fluidigmc1,5.253647,15.121589
1200,beta,fluidigmc1,4.934804,14.951665
1201,beta,fluidigmc1,5.3187213,14.364776
1202,beta,fluidigmc1,5.7705693,13.232287
1203,beta,fluidigmc1,6.5303273,14.862558
1204,beta,fluidigmc1,5.806777,15.5945425
1205,beta,fluidigmc1,5.014323,14.474305
1206,beta,fluidigmc1,4.729616,14.96413
1207,beta,fluidigmc1,5.134696,13.500129
1208,beta,fluidigmc1,6.598505,14.887185
1209,ductal,celseq,11.876098,-0.2990581
1210,ductal,celseq,11.215487,0.00011095762
1211,ductal,celseq,11.299645,0.15642807
1212,ductal,celseq,11.888027,-0.35143003
1213,ductal,celseq,7.085067,0.09923876
1214,ductal,celseq,11.044726,0.26843387
1215,ductal,celseq,11.314862,0.60928804
1216,ductal,celseq,11.21587,0.04047589
1217,ductal,celseq,11.423739,0.6777847
1218,ductal,celseq,11.481862,1.0222118
1219,ductal,celseq,11.308296,0.83062434
1220,ductal,celseq,10.995793,0.14411727
1221,ductal,celseq,11.158462,0.23085101
1222,ductal,celseq,6.702098,1.0656157
1223,ductal,celseq,11.241569,0.015797567
1224,ductal,celseq,8.517294,1.3312161
1225,ductal,celseq,11.407433,0.8477345
1226,ductal,celseq,11.537093,0.90370613
1227,ductal,celseq,11.431392,-0.09198866
1228,ductal,celseq,11.196317,0.18426488
1229,ductal,celseq,11.496129,0.86770093
1230,ductal,celseq,11.502287,0.8825094
1231,ductal,celseq,11.366508,0.75560975
1232,ductal,celseq,8.575203,1.2997142
1233,ductal,celseq,11.476249,1.0263182
1234,ductal,celseq,11.548433,1.0110164
1235,ductal,celseq,11.475973,0.86732
1236,ductal,celseq,11.3242,0.62109643
1237,ductal,celseq,12.505959,-0.39694417
1238,ductal,celseq,12.57637,-0.13156968
1239,ductal,celseq,12.42626,0.15711303
1240,ductal,celseq,8.557568,1.2943723
1241,ductal,celseq,12.223605,-0.012911827
1242,ductal,celseq,11.494794,0.6032077
1243,ductal,celseq,11.352372,0.7674336
1244,ductal,celseq,12.476074,0.14038733
1245,ductal,celseq,11.41775,0.7545901
1246,ductal,celseq,11.460996,0.025202688
1247,ductal,celseq,11.363184,-0.07732646
1248,ductal,celseq,11.495768,0.72199523
1249,ductal,celseq,11.60165,1.0892165
1250,ductal,celseq,11.649849,0.45867446
1251,ductal,celseq,12.425318,0.14850457
1252,ductal,celseq,12.637136,0.14605844
1253,ductal,celseq,11.587217,0.8985572
1254,ductal,celseq,11.764761,0.9542947
1255,ductal,celseq,11.416293,0.85535604
1256,ductal,celseq,11.428465,-0.06657202
1257,ductal,celseq,11.615007,0.995773
1258,ductal,celseq,8.764225,1.2338555
1259,ductal,celseq,11.218866,0.3916212
1260,ductal,celseq,11.21855,0.39983025
1261,ductal,celseq,11.30415,-0.9451661
1262,ductal,celseq,11.54653,0.759745
1263,ductal,celseq,11.497963,0.8859741
1264,ductal,celseq,11.365702,0.58811975
1265,ductal,celseq,11.2182255,0.55496883
1266,ductal,celseq,11.944683,-0.24234362
1267,ductal,celseq,11.7294,1.0197501
1268,ductal,celseq,12.207406,-1.0222108
1269,ductal,celseq,11.57557,-0.17718157
1270,ductal,celseq,11.421044,-0.48599803
1271,ductal,celseq,11.136326,0.1525105
1272,ductal,celseq,12.681123,0.1302508
1273,ductal,celseq,11.527125,0.8541712
1274,ductal,celseq,12.627041,0.083959706
1275,ductal,celseq,11.292359,0.61318463
1276,ductal,celseq,12.569404,0.08262544
1277,ductal,celseq,11.523548,0.37236634
1278,ductal,celseq,11.120438,-0.87173367
1279,ductal,celseq,12.537823,0.2177728
1280,ductal,celseq,11.073215,0.29666826
1281,ductal,celseq,12.024953,-0.65927905
1282,ductal,celseq,11.356413,0.502965
1283,ductal,celseq,12.158448,-0.4257897
1284,ductal,celseq,8.602465,1.3185558
1285,ductal,celseq,12.581842,0.22324057
1286,ductal,celseq,12.6976185,0.048310585
1287,ductal,celseq,11.543895,0.045994617
1288,ductal,celseq,11.310334,-0.06887418
1289,ductal,celseq,11.572175,0.81109816
1290,ductal,celseq,11.430145,0.38295838
1291,ductal,celseq,11.413852,-0.9286106
1292,ductal,celseq,11.498537,0.20292717
1293,ductal,celseq,11.561714,0.81644136
1294,ductal,celseq,11.097718,0.25968176
1295,ductal,celseq,12.6987295,0.1743001
1296,ductal,celseq,11.280156,0.3158056
1297,ductal,celseq,11.0386505,-0.10917288
1298,ductal,celseq,11.066189,-0.06698009
1299,ductal,celseq,11.502208,0.6896515
1300,ductal,celseq,11.17734,0.33336353
1301,ductal,celseq,11.3149805,-0.19899409
1302,ductal,celseq,11.725227,-0.81202376
1303,ductal,celseq,11.55256,0.87323725
1304,ductal,celseq,11.586854,0.054535966
1305,ductal,celseq,11.208895,0.48888874
1306,ductal,celseq,11.005787,-0.010123774
1307,ductal,celseq,11.10964,-0.73010373
1308,ductal,celseq,11.540395,0.68970025
1309,ductal,celseq,12.500131,0.14921777
1310,ductal,celseq,11.1922455,-0.79290396
1311,ductal,celseq,11.141558,0.4370676
1312,ductal,celseq,11.991525,0.17567877
1313,ductal,celseq,11.656683,-0.6346663
1314,ductal,celseq,11.310489,-0.1811231
1315,ductal,celseq,11.238279,0.053471666
1316,ductal,celseq,11.568424,-0.26986548
1317,ductal,celseq,11.673765,-0.057176765
1318,ductal,celseq,11.445998,0.210976
1319,ductal,celseq,11.3857355,-0.12688524
1320,ductal,celseq,8.591371,1.3155936
1321,ductal,celseq,11.28034,0.5401244
1322,ductal,celseq,11.126789,0.07899161
1323,ductal,celseq,11.261983,-0.031642288
1324,ductal,celseq,11.563705,0.635508
1325,ductal,celseq,11.62646,0.014550083
1326,ductal,celseq,11.2600155,0.6493216
1327,ductal,celseq,11.429267,-0.06912021
1328,ductal,celseq,11.093442,0.24781731
1329,ductal,celseq,12.763724,0.08374074
1330,ductal,celseq,12.628598,-0.00073261297
1331,ductal,celseq,11.1204815,-0.82200015
1332,ductal,celseq,12.76499,0.10906038
1333,ductal,celseq,11.026682,0.39164257
1334,ductal,celseq,8.334613,1.2532067
1335,ductal,celseq,12.5637455,0.04650578
1336,ductal,celseq,8.506601,1.3198531
1337,ductal,celseq,6.7870564,0.7934365
1338,ductal,celseq,8.402177,1.2779027
1339,ductal,celseq,8.198458,1.2229986
1340,ductal,celseq,12.434993,-0.05269036
1341,ductal,celseq,8.196569,1.2164567
1342,ductal,celseq,12.561265,-0.06461226
1343,ductal,celseq,12.5741625,0.066412404
1344,ductal,celseq,12.584251,0.054282427
1345,ductal,celseq,11.579787,-0.04246859
1346,ductal,celseq,12.55087,0.070512176
1347,ductal,celseq,12.353366,0.03740891
1348,ductal,celseq,11.487322,0.7352163
1349,ductal,celseq,11.846409,0.9453198
1350,ductal,celseq,11.386009,-0.8136587
1351,ductal,celseq,11.198911,-0.91536087
1352,ductal,celseq,12.691211,-0.02681447
1353,ductal,celseq,11.401842,0.5304583
1354,ductal,celseq,8.611355,1.2885102
1355,ductal,celseq,11.245085,0.13532832
1356,ductal,celseq,11.133174,0.17359138
1357,ductal,celseq,11.026522,0.06242238
1358,ductal,celseq,11.4203825,0.35381553
1359,ductal,celseq,11.668775,0.9963871
1360,ductal,celseq,11.212543,0.09977122
1361,ductal,celseq,11.306704,0.1960865
1362,ductal,celseq,11.155288,0.19006717
1363,ductal,celseq,11.1429615,-0.10632832
1364,ductal,celseq,11.9723215,-0.5912463
1365,ductal,celseq,11.263281,0.27699512
1366,ductal,celseq,11.447323,0.37759084
1367,ductal,celseq,11.3736315,0.78251374
1368,ductal,celseq,11.4730625,0.33829796
1369,ductal,celseq,11.371576,0.3788823
1370,ductal,celseq,11.334853,0.86392194
1371,ductal,celseq,12.587862,0.10909112
1372,ductal,celseq,11.81891,-0.106549956
1373,ductal,celseq,11.206954,-0.12982187
1374,ductal,celseq,11.282536,0.22002181
1375,ductal,celseq,11.277642,0.11982
1376,ductal,celseq,11.2617655,0.3224133
1377,ductal,celseq,8.58891,1.2785316
1378,ductal,celseq,11.7549515,-0.10361696
1379,ductal,celseq,11.640957,0.68790907
1380,ductal,celseq,10.76923,0.7561481
1381,ductal,celseq,11.228845,0.6858997
1382,ductal,celseq,11.301465,0.28682643
1383,ductal,celseq,8.583558,1.3111734
1384,ductal,celseq,11.303213,0.5724779
1385,ductal,celseq,11.127804,-0.18968761
1386,ductal,celseq,12.453637,0.2866082
1387,ductal,celseq,11.400735,0.64277315
1388,ductal,celseq,10.849158,0.7845192
1389,ductal,celseq,11.37138,0.47944883
1390,ductal,celseq,11.295306,0.9111346
1391,ductal,celseq,11.281876,-0.014357959
1392,ductal,celseq,11.181392,0.13796936
1393,ductal,celseq,5.7240753,0.75743926
1394,ductal,celseq,8.569344,1.3076001
1395,ductal,celseq,11.195021,0.09728136
1396,ductal,celseq,11.4386,0.9782399
1397,ductal,celseq,8.548426,1.2934315
1398,ductal,celseq,11.55848,0.9561696
1399,ductal,celseq,11.102422,0.071502864
1400,ductal,celseq,11.28089,0.60996616
1401,ductal,celseq,11.402473,0.9748048
1402,ductal,celseq,11.430994,0.87028337
1403,ductal,celseq,8.585256,1.3143877
1404,ductal,celseq,11.933074,0.036824
1405,ductal,celseq,11.392933,0.71265304
1406,ductal,celseq,8.587426,1.3149359
1407,ductal,celseq,11.856897,-0.072349295
1408,ductal,celseq,11.360678,0.6457867
1409,ductal,celseq,11.127334,0.04471771
1410,ductal,celseq,11.660219,1.0246804
1411,ductal,celseq,11.414718,0.85164595
1412,ductal,celseq,8.567746,1.3046374
1413,ductal,celseq,12.729398,-0.1787501
1414,ductal,celseq,11.393868,0.9382375
1415,ductal,celseq,11.316487,0.9364409
1416,ductal,celseq,11.545169,0.77432644
1417,ductal,celseq,11.53567,1.0124257
1418,ductal,celseq,11.61967,0.32571545
1419,ductal,celseq,11.537346,1.0484039
1420,ductal,celseq,11.281916,0.7850013
1421,ductal,celseq,8.255207,1.2280288
1422,ductal,celseq,8.572986,1.309126
1423,ductal,celseq,11.071871,0.2156137
1424,ductal,celseq,11.924938,-0.060858343
1425,ductal,celseq,6.0125837,1.0423334
1426,ductal,celseq,11.602608,0.58172005
1427,ductal,celseq,11.547404,-0.26160327
1428,ductal,celseq,11.358128,-0.54211587
1429,ductal,celseq,11.067788,-0.06844515
1430,ductal,celseq,11.547676,0.8481639
1431,ductal,celseq,11.138504,-0.7740297
1432,ductal,celseq,11.079927,-0.13819113
1433,ductal,celseq,11.227199,0.5742272
1434,ductal,celseq,11.674606,-0.92247516
1435,ductal,celseq,11.082381,-0.06902313
1436,ductal,celseq,12.820108,-0.030235056
1437,ductal,celseq,11.897242,-0.7594494
1438,ductal,celseq,11.181098,0.13761614
1439,ductal,celseq,11.557863,0.4617745
1440,ductal,celseq,11.38974,-0.1362061
1441,ductal,celseq,11.7302265,0.5977582
1442,ductal,celseq,11.667195,0.75704765
1443,ductal,celseq,11.096367,0.07549557
1444,ductal,celseq,11.321685,0.15719198
1445,ductal,celseq,11.168576,-0.13459948
1446,ductal,celseq,12.643113,0.0444428
1447,ductal,celseq,11.308443,0.22259153
1448,ductal,celseq,5.651393,0.3278951
1449,ductal,celseq,11.865657,0.3946654
1450,ductal,celseq,11.402244,0.8561943
1451,ductal,celseq,6.9968348,0.5341128
1452,ductal,celseq,11.535127,0.9149283
1453,ductal,celseq,11.7124,0.6386541
1454,ductal,celseq,11.413215,-0.5771683
1455,ductal,celseq,11.781745,0.5223186
1456,ductal,celseq,11.503372,0.8460249
1457,ductal,celseq,11.371379,0.2426386
1458,ductal,celseq,11.4652815,-0.333766
1459,ductal,celseq,11.541353,0.838822
1460,ductal,celseq,11.348252,-0.30176684
1461,ductal,celseq,11.550166,0.54696524
1462,ductal,celseq,11.349352,-0.19777861
1463,ductal,celseq,11.70944,0.69238514
1464,ductal,celseq,11.440614,0.28308517
1465,ductal,celseq,12.115936,-0.27229124
1466,ductal,celseq,11.355036,-0.7154269
1467,ductal,celseq,11.328783,-0.6516422
1468,ductal,celseq,11.742871,-0.60465646
1469,ductal,celseq,12.590163,-0.11300232
1470,ductal,celseq,11.224859,0.0099903075
1471,ductal,celseq,8.592788,1.3178401
1472,ductal,celseq,11.275562,0.046160333
1473,ductal,celseq,11.159659,0.50388485
1474,ductal,celseq,11.358636,-0.56853473
1475,ductal,celseq,11.895316,0.26140776
1476,ductal,celseq,11.652666,-0.67364347
1477,ductal,celseq,11.86533,0.42062083
1478,ductal,celseq,12.154102,0.26745972
1479,ductal,celseq,11.177063,0.50619423
1480,ductal,celseq,12.672157,0.089293964
1481,ductal,celseq,11.430812,0.72389704
1482,ductal,celseq,11.447837,0.7675469
1483,ductal,celseq,11.159092,0.6930048
1484,ductal,celseq,7.125214,-0.016060133
1485,ductal,celseq,11.56337,0.12586623
1486,ductal,celseq,11.164517,-0.062196314
1487,ductal,celseq,8.759833,1.2167362
1488,ductal,celseq,11.7003975,0.7853946
1489,ductal,celseq,11.386079,-0.5991798
1490,ductal,celseq,11.760532,1.0110657
1491,ductal,celseq,11.493691,0.6748439
1492,ductal,celseq,11.30307,0.7072903
1493,ductal,celseq,11.083043,0.31951097
1494,ductal,celseq,11.4096365,0.8177468
1495,ductal,celseq,11.483156,-0.5321363
1496,ductal,celseq,11.478711,0.41186336
1497,ductal,celseq,11.414106,-0.5933352
1498,ductal,celseq,11.109574,0.4689238
1499,ductal,celseq,11.507721,-0.502841
1500,ductal,celseq,11.584334,0.08310278
1501,ductal,celseq,11.8329935,0.5141278
1502,ductal,celseq,11.16306,-0.68703884
1503,ductal,celseq,11.185762,-0.91262776
1504,ductal,celseq,11.49764,-0.14651082
1505,ductal,celseq,12.192927,-0.6677451
1506,ductal,celseq,11.495754,0.8767531
1507,ductal,celseq,11.979115,0.6720375
1508,ductal,celseq,8.593575,1.3080047
1509,ductal,celseq,11.177873,-0.11310582
1510,ductal,celseq,11.107186,0.1152444
1511,ductal,celseq,11.8553295,-0.40490633
1512,ductal,celseq,11.305763,0.20968452
1513,ductal,celseq,11.667414,0.0055303345
1514,ductal,celseq,11.864981,0.42099488
1515,ductal,celseq,11.729023,0.24720232
1516,ductal,celseq,11.553746,0.9305288
1517,ductal,celseq,11.976958,-0.17619008
1518,ductal,celseq,12.745465,0.178208
1519,ductal,celseq,12.1443,0.5477788
1520,ductal,celseq,11.686697,0.57096523
1521,ductal,celseq,11.669931,0.74688095
1522,ductal,celseq,11.297039,0.18094319
1523,ductal,celseq,11.288441,-0.69108355
1524,ductal,celseq,11.749056,-0.22482471
1525,ductal,celseq,11.646855,0.7533548
1526,ductal,celseq,11.424107,0.082928225
1527,ductal,celseq,11.591043,0.8067881
1528,ductal,celseq,11.679688,-0.28541654
1529,ductal,celseq,11.703835,0.64132255
1530,ductal,celseq,12.296657,0.3344027
1531,ductal,celseq,11.549121,-0.5558418
1532,ductal,celseq,11.099508,-0.07091162
1533,ductal,celseq,8.6698265,1.2780983
1534,ductal,celseq,11.53877,0.6097397
1535,ductal,celseq,11.839532,-1.0541266
1536,ductal,fluidigmc1,11.300647,0.5714521
1537,ductal,fluidigmc1,11.308556,0.18914114
1538,ductal,fluidigmc1,11.487599,0.86639196
1539,ductal,fluidigmc1,11.273217,0.4427605
1540,ductal,fluidigmc1,11.855463,-0.49650082
1541,ductal,fluidigmc1,11.353752,-1.0492762
1542,ductal,fluidigmc1,11.229801,0.15383269
1543,ductal,fluidigmc1,11.501328,0.96725565
1544,ductal,fluidigmc1,11.121789,0.26639578
1545,ductal,fluidigmc1,11.638467,0.45726797
1546,ductal,fluidigmc1,11.192806,0.26044372
1547,ductal,fluidigmc1,11.233666,-0.7561887
1548,ductal,fluidigmc1,11.305062,-0.9512238
1549,ductal,fluidigmc1,11.09469,0.2760977
1550,ductal,fluidigmc1,11.758487,0.9315393
1551,ductal,fluidigmc1,12.563415,1.1736734
1552,ductal,fluidigmc1,11.641992,0.03336124
1553,ductal,fluidigmc1,11.635377,0.6910069
1554,ductal,fluidigmc1,11.389572,0.64637023
1555,ductal,fluidigmc1,11.479695,0.6741444
1556,ductal,fluidigmc1,11.165606,0.3032928
1557,ductal,fluidigmc1,8.58228,1.3122944
1558,ductal,fluidigmc1,11.535375,0.93890554
1559,ductal,fluidigmc1,12.024983,-0.9409171
1560,ductal,fluidigmc1,12.82109,0.1002059
1561,ductal,fluidigmc1,11.627827,-0.68658316
1562,ductal,fluidigmc1,12.788823,0.17798801
1563,ductal,fluidigmc1,12.202936,-0.83216614
1564,ductal,fluidigmc1,8.572598,1.3094047
1565,ductal,fluidigmc1,11.148427,0.39751813
1566,ductal,fluidigmc1,11.74697,0.22980194
1567,ductal,fluidigmc1,11.057065,0.24258721
1568,ductal,fluidigmc1,11.1136465,0.44237098
1569,ductal,fluidigmc1,11.7427635,-0.5343794
1570,ductal,fluidigmc1,11.468456,0.9360407
1571,ductal,fluidigmc1,11.967278,0.15210702
1572,endothelial,celseq,-2.8212721,9.943211
1573,endothelial,celseq,-2.8146768,9.610232
1574,endothelial,celseq,-2.8219333,9.747117
1575,endothelial,celseq,-2.8053248,9.668539
1576,endothelial,celseq,-2.839951,9.702362
1577,endothelial,fluidigmc1,-2.8234005,9.854955
1578,endothelial,fluidigmc1,-2.915551,10.019607
1579,endothelial,fluidigmc1,-2.8221157,10.019088
1580,endothelial,fluidigmc1,-2.774433,9.884217
1581,endothelial,fluidigmc1,-2.7030418,9.898186
1582,endothelial,fluidigmc1,-2.7268445,9.738475
1583,endothelial,fluidigmc1,-2.8294482,9.928212
1584,endothelial,fluidigmc1,-2.7858655,9.910223
1585,endothelial,fluidigmc1,-2.8911834,9.945797
1586,endothelial,fluidigmc1,-2.8112538,9.767444
1587,endothelial,fluidigmc1,-2.70875,9.628873
1588,endothelial,fluidigmc1,-2.8744924,9.982293
1589,endothelial,fluidigmc1,-2.87273,9.963495
1590,endothelial,fluidigmc1,-2.6297576,9.977885
1591,activated_stellate,celseq,-1.2688622,5.836348
1592,activated_stellate,celseq,-1.3011018,5.5831933
1593,activated_stellate,celseq,-1.2738088,5.805631
1594,activated_stellate,celseq,-1.2562604,5.7412667
1595,activated_stellate,celseq,-1.2307663,5.813409
1596,activated_stellate,celseq,-1.2794673,5.7169557
1597,activated_stellate,celseq,-0.96446216,5.4837446
1598,activated_stellate,celseq,-1.010445,6.1882033
1599,activated_stellate,celseq,-0.94737875,6.2426133
1600,activated_stellate,celseq,-1.2536503,5.594974
1601,activated_stellate,celseq,-1.2673157,5.870825
1602,activated_stellate,celseq,-1.2736514,5.684248
1603,activated_stellate,celseq,-0.9647409,5.3224583
1604,activated_stellate,celseq,-1.0778841,5.2818885
1605,activated_stellate,celseq,-1.2123221,5.9174967
1606,activated_stellate,celseq,-1.203914,5.5532146
1607,activated_stellate,celseq,-1.1795183,5.527873
1608,activated_stellate,celseq,-1.1569357,5.585044
1609,activated_stellate,celseq,-1.1189705,5.518641
1610,activated_stellate,fluidigmc1,-1.0245987,5.9842825
1611,activated_stellate,fluidigmc1,-0.89705116,5.3652134
1612,activated_stellate,fluidigmc1,-1.1541474,5.498873
1613,activated_stellate,fluidigmc1,-1.2977612,5.5848966
1614,activated_stellate,fluidigmc1,-1.2655771,5.667766
1615,activated_stellate,fluidigmc1,-1.0163648,5.401811
1616,activated_stellate,fluidigmc1,-1.0512277,5.3818297
1617,activated_stellate,fluidigmc1,-1.1302315,5.4809275
1618,activated_stellate,fluidigmc1,-1.0057505,5.3598285
1619,activated_stellate,fluidigmc1,-0.99250317,5.3596935
1620,activated_stellate,fluidigmc1,-1.1144481,5.4627533
1621,activated_stellate,fluidigmc1,-1.0801467,5.3759027
1622,activated_stellate,fluidigmc1,-1.0745939,5.4203844
1623,activated_stellate,fluidigmc1,-0.2528669,5.319367
1624,activated_stellate,fluidigmc1,-1.0382117,5.429952
1625,activated_stellate,fluidigmc1,-1.0982617,5.3520885
1626,schwann,celseq,-0.39329037,7.316826
1627,schwann,fluidigmc1,-0.39370254,7.3143206
1628,schwann,fluidigmc1,-0.38763976,7.3047743
1629,schwann,fluidigmc1,-0.38996443,7.320348
1630,schwann,fluidigmc1,-0.39496514,7.3129263
1631,schwann,fluidigmc1,-0.39270675,7.3165884
1632,mast,celseq,11.667442,1.0502497
1633,mast,fluidigmc1,9.687468,5.890532
1634,mast,fluidigmc1,9.700647,5.8940387
1635,mast,fluidigmc1,9.707931,5.8951454
1636,macrophage,celseq,6.1607456,0.059273064
1637,macrophage,fluidigmc1,8.443874,-5.8340545
1638,epsilon,celseq,15.339003,13.671388
1639,epsilon,fluidigmc1,15.351245,13.6393
1640,quiescent_stellate,celseq,0.17999083,5.2881675
1641,quiescent_stellate,fluidigmc1,0.41001204,5.228415
1642,acinar,inDrop1,5.980207,0.80516076
1643,acinar,inDrop1,6.154913,0.7403924
1644,acinar,inDrop1,5.5225735,0.944253
1645,acinar,inDrop1,6.086548,1.072287
1646,acinar,inDrop1,6.2156057,0.4165665
1647,acinar,inDrop1,5.2400575,1.0335616
1648,beta,inDrop1,5.2682853,14.9539175
1649,acinar,inDrop1,5.8659477,1.0171262
1650,acinar,inDrop1,6.2957454,0.45121995
1651,acinar,inDrop1,6.1731997,0.4289477
1652,acinar,inDrop1,6.0485787,0.3450964
1653,acinar,inDrop1,5.6550484,1.2468468
1654,delta,inDrop1,16.008257,17.739466
1655,delta,inDrop1,16.961159,17.901978
1656,beta,inDrop1,3.8704386,14.704487
1657,activated_stellate,inDrop1,-1.3185666,5.739772
1658,beta,inDrop1,5.426694,15.006565
1659,acinar,inDrop1,5.644173,-0.19513965
1660,ductal,inDrop1,12.0780945,-0.95729715
1661,beta,inDrop1,6.9644847,15.243185
1662,beta,inDrop1,6.747787,15.183926
1663,alpha,inDrop1,16.172997,7.6896853
1664,ductal,inDrop1,11.547229,-0.31849295
1665,beta,inDrop1,6.53393,14.462743
1666,delta,inDrop1,16.130379,17.547134
1667,alpha,inDrop1,16.503988,7.5366364
1668,beta,inDrop1,6.9219303,15.357275
1669,acinar,inDrop1,6.04841,-0.26452103
1670,acinar,inDrop1,5.707824,1.2923552
1671,beta,inDrop1,6.7172127,15.301534
1672,delta,inDrop1,15.912697,17.867271
1673,delta,inDrop1,16.901348,17.488045
1674,delta,inDrop1,16.65142,17.243538
1675,delta,inDrop1,16.871967,17.14025
1676,beta,inDrop1,6.907977,15.41945
1677,acinar,inDrop1,6.1787806,0.35114494
1678,beta,inDrop1,6.1509743,15.179025
1679,beta,inDrop1,5.2212467,14.664106
1680,beta,inDrop1,4.398707,15.214568
1681,delta,inDrop1,16.075476,17.740597
1682,activated_stellate,inDrop1,-1.1440647,5.4350924
1683,beta,inDrop1,6.6528077,14.770274
1684,delta,inDrop1,16.787462,17.501513
1685,activated_stellate,inDrop1,-0.9944914,5.877777
1686,activated_stellate,inDrop1,-1.2640941,5.9097037
1687,activated_stellate,inDrop1,-1.0611539,5.4504743
1688,acinar,inDrop1,6.0084014,0.5748606
1689,activated_stellate,inDrop1,-1.2371216,5.341318
1690,delta,inDrop1,16.387527,17.697657
1691,beta,inDrop1,6.2735376,14.222725
1692,delta,inDrop1,16.976942,17.456701
1693,beta,inDrop1,5.9846907,15.330293
1694,acinar,inDrop1,6.1406345,0.4296268
1695,beta,inDrop1,6.9958634,15.339387
1696,beta,inDrop1,5.18691,15.060197
1697,activated_stellate,inDrop1,-1.1098936,5.612743
1698,beta,inDrop1,6.7814994,15.378407
1699,beta,inDrop1,6.0026274,15.454457
1700,beta,inDrop1,5.3001423,15.528646
1701,beta,inDrop1,3.4022756,14.956839
1702,ductal,inDrop1,11.144681,-0.10850521
1703,alpha,inDrop1,15.990795,7.781935
1704,beta,inDrop1,3.3953164,14.946962
1705,ductal,inDrop1,11.428016,-0.52569413
1706,ductal,inDrop1,12.504814,-0.14186421
1707,acinar,inDrop1,5.891841,0.6455905
1708,alpha,inDrop1,16.014101,8.165942
1709,beta,inDrop1,5.919942,15.364941
1710,delta,inDrop1,16.757719,17.539572
1711,alpha,inDrop1,16.006767,8.155287
1712,beta,inDrop1,3.6187994,15.262232
1713,beta,inDrop1,3.4353065,14.915154
1714,beta,inDrop1,4.4494762,15.362891
1715,delta,inDrop1,15.970469,17.838804
1716,beta,inDrop1,5.652329,15.910296
1717,beta,inDrop1,6.570485,15.319193
1718,delta,inDrop1,16.219976,17.558277
1719,beta,inDrop1,5.262474,14.794243
1720,beta,inDrop1,7.0311494,14.970318
1721,beta,inDrop1,6.6835675,15.503233
1722,beta,inDrop1,6.892851,14.448189
1723,beta,inDrop1,5.3851004,15.243896
1724,beta,inDrop1,6.814333,14.415265
1725,acinar,inDrop1,6.0453115,0.59191054
1726,activated_stellate,inDrop1,-1.1959988,5.6929436
1727,delta,inDrop1,16.14141,17.71054
1728,delta,inDrop1,16.960073,17.55495
1729,beta,inDrop1,7.0360813,15.22809
1730,beta,inDrop1,3.5805464,15.225353
1731,beta,inDrop1,6.0813336,15.47827
1732,beta,inDrop1,6.1347303,14.111825
1733,beta,inDrop1,6.1841335,14.914508
1734,beta,inDrop1,6.8225703,15.242068
1735,beta,inDrop1,5.435699,15.950499
1736,beta,inDrop1,6.208869,15.262246
1737,beta,inDrop1,3.3888915,14.935825
1738,beta,inDrop1,5.9258857,15.497369
1739,delta,inDrop1,16.50181,17.993769
1740,delta,inDrop1,15.917534,17.849873
1741,beta,inDrop1,6.609891,15.350697
1742,delta,inDrop1,16.608128,17.48657
1743,alpha,inDrop1,14.807976,9.056476
1744,alpha,inDrop1,15.313925,7.602397
1745,delta,inDrop1,16.881544,17.270727
1746,beta,inDrop1,6.8927,14.695869
1747,beta,inDrop1,6.9360814,15.269262
1748,beta,inDrop1,3.7754257,15.286913
1749,beta,inDrop1,5.5454383,14.765367
1750,acinar,inDrop1,6.539214,0.7210478
1751,delta,inDrop1,16.128668,17.538204
1752,beta,inDrop1,6.7853513,14.760089
1753,beta,inDrop1,3.8857765,15.055953
1754,delta,inDrop1,16.515173,17.612577
1755,beta,inDrop1,6.4270496,15.227584
1756,beta,inDrop1,6.929146,14.799388
1757,beta,inDrop1,6.9429684,14.981986
1758,delta,inDrop1,16.366722,17.76406
1759,beta,inDrop1,6.736586,15.283295
1760,delta,inDrop1,16.34727,17.378355
1761,beta,inDrop1,6.836895,15.497315
1762,beta,inDrop1,6.406189,15.449089
1763,beta,inDrop1,5.136462,14.895373
1764,epsilon,inDrop1,16.986225,17.328527
1765,beta,inDrop1,6.8392506,14.830145
1766,beta,inDrop1,6.2761497,15.113598
1767,beta,inDrop1,5.5946507,15.005592
1768,delta,inDrop1,16.011938,17.729366
1769,beta,inDrop1,6.6425533,15.366193
1770,delta,inDrop1,16.816628,17.534513
1771,beta,inDrop1,7.0414915,15.089661
1772,alpha,inDrop1,15.3728285,6.659338
1773,alpha,inDrop1,15.280279,8.688955
1774,beta,inDrop1,6.939175,14.799602
1775,acinar,inDrop1,5.8343525,1.0746272
1776,alpha,inDrop1,14.857328,8.865461
1777,beta,inDrop1,5.312955,14.928534
1778,beta,inDrop1,6.7345753,15.305041
1779,alpha,inDrop1,14.596522,7.8487067
1780,beta,inDrop1,6.9409795,15.019353
1781,delta,inDrop1,16.900398,17.522285
1782,beta,inDrop1,3.4024684,14.943321
1783,beta,inDrop1,6.1397233,14.546431
1784,beta,inDrop1,6.9901285,15.346771
1785,beta,inDrop1,5.0040207,15.068973
1786,beta,inDrop1,6.7743506,15.076043
1787,delta,inDrop1,16.677359,17.46169
1788,beta,inDrop1,3.4772382,14.910354
1789,ductal,inDrop1,11.515673,-0.7475343
1790,ductal,inDrop1,11.5532255,-0.70382106
1791,beta,inDrop1,4.8266797,15.193085
1792,beta,inDrop1,4.4664845,15.120418
1793,beta,inDrop1,6.4131684,15.581589
1794,beta,inDrop1,6.8666883,15.023714
1795,delta,inDrop1,16.928871,17.73317
1796,beta,inDrop1,5.913744,15.833368
1797,activated_stellate,inDrop1,-1.1797357,5.5942335
1798,beta,inDrop1,6.8323903,14.32281
1799,beta,inDrop1,5.1304374,14.999629
1800,alpha,inDrop1,15.839477,8.230652
1801,beta,inDrop1,5.2727413,14.73836
1802,alpha,inDrop1,16.12071,7.3517036
1803,beta,inDrop1,7.0084214,14.559463
1804,gamma,inDrop1,10.725004,19.605507
1805,beta,inDrop1,6.416934,15.164212
1806,beta,inDrop1,6.997992,15.258707
1807,beta,inDrop1,4.366846,15.251678
1808,beta,inDrop1,3.6024485,15.1553545
1809,beta,inDrop1,6.8223395,14.897406
1810,beta,inDrop1,6.12441,14.732815
1811,beta,inDrop1,4.7373667,14.970513
1812,acinar,inDrop1,5.578774,0.9359309
1813,beta,inDrop1,3.3482556,14.967927
1814,acinar,inDrop1,5.999186,0.67441744
1815,beta,inDrop1,5.6125307,15.079458
1816,beta,inDrop1,7.0103507,15.349513
1817,beta,inDrop1,6.6394978,15.240854
1818,acinar,inDrop1,5.505833,1.1699556
1819,delta,inDrop1,16.133091,17.440842
1820,beta,inDrop1,7.0556703,15.013419
1821,delta,inDrop1,15.948083,17.869999
1822,beta,inDrop1,6.039713,15.117002
1823,acinar,inDrop1,5.9671106,0.48684585
1824,alpha,inDrop1,15.926555,8.216148
1825,beta,inDrop1,7.0336003,14.926433
1826,alpha,inDrop1,14.968071,9.063117
1827,beta,inDrop1,6.834734,15.119019
1828,alpha,inDrop1,15.631914,8.466877
1829,endothelial,inDrop1,-2.547086,9.872644
1830,beta,inDrop1,4.05022,14.612477
1831,beta,inDrop1,7.007833,15.219287
1832,alpha,inDrop1,16.016228,7.584306
1833,delta,inDrop1,16.853134,17.956186
1834,beta,inDrop1,6.8097644,14.81082
1835,beta,inDrop1,6.634885,15.341271
1836,delta,inDrop1,16.743624,17.221447
1837,beta,inDrop1,6.660028,14.881993
1838,gamma,inDrop1,10.982696,19.67803
1839,alpha,inDrop1,15.99812,7.516745
1840,beta,inDrop1,6.562153,14.9885025
1841,beta,inDrop1,6.741331,14.820628
1842,delta,inDrop1,16.626492,17.646233
1843,alpha,inDrop1,16.079119,7.5724025
1844,ductal,inDrop1,11.474383,1.0498791
1845,beta,inDrop1,6.955078,14.436569
1846,alpha,inDrop1,14.609952,9.237039
1847,beta,inDrop1,6.4396462,14.816702
1848,ductal,inDrop1,11.115798,0.59987134
1849,alpha,inDrop1,15.836911,8.170407
1850,ductal,inDrop1,11.146992,0.23595865
1851,beta,inDrop1,6.542669,14.828099
1852,beta,inDrop1,7.1221933,14.39957
1853,alpha,inDrop1,15.732283,7.358629
1854,beta,inDrop1,6.634124,15.105471
1855,beta,inDrop1,5.800167,15.327226
1856,quiescent_stellate,inDrop1,0.0845844,5.522765
1857,ductal,inDrop1,11.120992,0.5695346
1858,ductal,inDrop1,12.676771,-0.32937258
1859,endothelial,inDrop1,0.25861794,5.3345156
1860,activated_stellate,inDrop1,-1.3329347,5.6194057
1861,beta,inDrop1,6.760557,15.170918
1862,delta,inDrop1,16.85962,17.86518
1863,gamma,inDrop1,10.569518,19.860804
1864,beta,inDrop1,6.826816,14.4767
1865,beta,inDrop1,4.870089,15.053082
1866,beta,inDrop1,6.1313386,14.477855
1867,alpha,inDrop1,15.586441,7.2038016
1868,beta,inDrop1,6.623887,14.953473
1869,beta,inDrop1,5.822529,15.120689
1870,delta,inDrop1,16.72586,17.713652
1871,ductal,inDrop1,11.892934,-0.5674939
1872,beta,inDrop1,5.344647,15.100601
1873,delta,inDrop1,15.999579,17.738134
1874,delta,inDrop1,16.963247,17.317709
1875,beta,inDrop1,5.393856,15.095547
1876,delta,inDrop1,16.763193,17.358839
1877,beta,inDrop1,4.7276535,14.647015
1878,activated_stellate,inDrop1,-1.1240836,5.4810276
1879,beta,inDrop1,5.0489097,15.047728
1880,beta,inDrop1,5.8585544,14.122623
1881,delta,inDrop1,16.19469,17.727043
1882,beta,inDrop1,6.37285,14.90666
1883,quiescent_stellate,inDrop1,0.33408648,5.459786
1884,beta,inDrop1,6.08069,14.724349
1885,acinar,inDrop1,5.6879244,0.52726746
1886,alpha,inDrop1,16.18731,6.964851
1887,delta,inDrop1,16.234118,17.634659
1888,beta,inDrop1,6.728069,14.516968
1889,alpha,inDrop1,16.116898,7.966042
1890,beta,inDrop1,6.7700915,14.942526
1891,endothelial,inDrop1,-2.719645,9.676427
1892,delta,inDrop1,15.94005,17.763277
1893,delta,inDrop1,16.87306,17.621643
1894,beta,inDrop1,6.175047,15.915022
1895,beta,inDrop1,6.6289115,14.497305
1896,delta,inDrop1,16.841103,17.234154
1897,gamma,inDrop1,10.845854,19.659208
1898,alpha,inDrop1,14.619359,9.114738
1899,beta,inDrop1,6.3269687,14.950064
1900,beta,inDrop1,5.9866285,14.705123
1901,beta,inDrop1,5.398233,15.259471
1902,ductal,inDrop1,12.13411,-0.83466953
1903,delta,inDrop1,15.974566,17.705244
1904,alpha,inDrop1,16.404524,7.405741
1905,beta,inDrop1,6.968399,15.430693
1906,gamma,inDrop1,10.626727,19.643757
1907,beta,inDrop1,6.3926144,15.641465
1908,beta,inDrop1,6.1728516,15.242124
1909,beta,inDrop1,6.726278,14.846332
1910,quiescent_stellate,inDrop1,0.29803294,5.344565
1911,alpha,inDrop1,14.336575,9.113348
1912,delta,inDrop1,16.802437,17.391785
1913,alpha,inDrop1,15.515171,7.2625957
1914,endothelial,inDrop1,-2.6700435,9.608724
1915,alpha,inDrop1,14.548118,9.216388
1916,delta,inDrop1,16.418945,17.27144
1917,beta,inDrop1,6.6151776,15.109299
1918,gamma,inDrop1,10.782749,19.599506
1919,ductal,inDrop1,10.931159,0.10420679
1920,alpha,inDrop1,16.30607,7.750085
1921,alpha,inDrop1,14.930459,8.979989
1922,delta,inDrop1,16.819315,17.859753
1923,beta,inDrop1,5.14925,14.340316
1924,beta,inDrop1,5.40538,14.600896
1925,ductal,inDrop1,11.307119,-0.25093833
1926,alpha,inDrop1,15.319938,6.572533
1927,beta,inDrop1,5.1903715,15.508393
1928,delta,inDrop1,16.546621,17.5982
1929,macrophage,inDrop1,8.479699,-5.7894154
1930,endothelial,inDrop1,-2.6229908,9.225662
1931,beta,inDrop1,6.3932676,14.913562
1932,beta,inDrop1,6.8620267,14.351125
1933,beta,inDrop1,4.820094,15.310752
1934,beta,inDrop1,3.3851655,14.920792
1935,beta,inDrop1,5.80371,14.824815
1936,beta,inDrop1,6.785938,15.413133
1937,beta,inDrop1,5.9533563,14.842816
1938,beta,inDrop1,5.044403,15.150186
1939,beta,inDrop1,6.60372,14.800658
1940,beta,inDrop1,6.0242066,15.170614
1941,beta,inDrop1,5.2430906,15.400673
1942,gamma,inDrop1,10.751316,19.739016
1943,endothelial,inDrop1,-2.151344,9.778075
1944,beta,inDrop1,6.850157,15.250731
1945,beta,inDrop1,6.75017,15.464069
1946,beta,inDrop1,3.966652,15.318417
1947,delta,inDrop1,16.02015,17.734297
1948,beta,inDrop1,6.3630056,14.644531
1949,gamma,inDrop1,10.979698,19.640781
1950,epsilon,inDrop1,15.352108,13.6452465
1951,delta,inDrop1,17.051838,17.17237
1952,beta,inDrop1,5.279866,15.039958
1953,beta,inDrop1,6.253627,14.828241
1954,gamma,inDrop1,10.602622,19.526115
1955,beta,inDrop1,5.915857,15.500857
1956,beta,inDrop1,15.3422985,13.650921
1957,beta,inDrop1,5.620644,15.083061
1958,beta,inDrop1,7.0101,15.309365
1959,beta,inDrop1,4.9854774,15.205254
1960,endothelial,inDrop1,-2.5940287,10.014195
1961,beta,inDrop1,6.9408236,15.34747
1962,delta,inDrop1,17.094837,17.76265
1963,alpha,inDrop1,14.542709,6.903376
1964,epsilon,inDrop1,15.352586,13.631943
1965,alpha,inDrop1,16.064917,7.531516
1966,quiescent_stellate,inDrop1,0.29701388,5.294707
1967,alpha,inDrop1,15.061144,8.082554
1968,alpha,inDrop1,15.945301,8.198714
1969,beta,inDrop1,6.8628583,15.161509
1970,beta,inDrop1,6.8006873,15.0548115
1971,ductal,inDrop1,12.606009,-0.36181447
1972,beta,inDrop1,3.6592624,15.31654
1973,alpha,inDrop1,14.333813,9.2766285
1974,beta,inDrop1,5.809505,14.843126
1975,alpha,inDrop1,14.546115,9.239362
1976,beta,inDrop1,3.9530957,14.770633
1977,beta,inDrop1,3.7399218,15.326249
1978,delta,inDrop1,16.966402,17.922743
1979,delta,inDrop1,17.04687,17.647535
1980,beta,inDrop1,6.735856,15.023266
1981,beta,inDrop1,3.7066295,15.020483
1982,beta,inDrop1,7.1860986,13.908699
1983,ductal,inDrop1,12.838369,0.15629949
1984,acinar,inDrop1,5.8642297,0.8994082
1985,beta,inDrop1,5.8857746,14.750842
1986,alpha,inDrop1,16.150068,8.086001
1987,beta,inDrop1,6.942028,14.282806
1988,beta,inDrop1,6.517196,14.266806
1989,alpha,inDrop1,15.098657,8.964111
1990,beta,inDrop1,5.2764254,15.708026
1991,quiescent_stellate,inDrop1,0.24504495,5.345737
1992,beta,inDrop1,6.859588,15.466806
1993,gamma,inDrop1,10.675172,19.51657
1994,beta,inDrop1,7.020263,14.073555
1995,gamma,inDrop1,10.799484,19.596111
1996,endothelial,inDrop1,-2.68075,9.911112
1997,beta,inDrop1,5.453966,14.799754
1998,alpha,inDrop1,15.882435,7.9643135
1999,schwann,inDrop1,-0.39452744,7.312221
2000,beta,inDrop1,6.7074203,14.491007
2001,quiescent_stellate,inDrop1,0.49000314,5.0989842
2002,endothelial,inDrop1,-2.6839738,9.815685
2003,gamma,inDrop1,10.862898,19.86318
2004,beta,inDrop1,7.0022798,14.600879
2005,beta,inDrop1,6.964307,15.499342
2006,alpha,inDrop1,16.0646,6.8021927
2007,alpha,inDrop1,15.847773,7.0213304
2008,gamma,inDrop1,10.82904,19.761793
2009,beta,inDrop1,6.4573016,14.599676
2010,beta,inDrop1,3.6081414,14.986095
2011,delta,inDrop1,16.845661,17.914427
2012,acinar,inDrop1,5.802617,1.0779879
2013,acinar,inDrop1,5.679357,1.0328417
2014,gamma,inDrop1,10.593718,19.73049
2015,ductal,inDrop1,11.866378,0.29438868
2016,ductal,inDrop1,11.819231,-1.0122108
2017,endothelial,inDrop1,-2.383481,9.856494
2018,delta,inDrop1,16.616049,17.65764
2019,beta,inDrop1,5.5801,15.283657
2020,beta,inDrop1,7.0116377,13.814527
2021,endothelial,inDrop1,-2.6400204,10.074796
2022,alpha,inDrop1,16.030645,7.2409515
2023,acinar,inDrop1,5.8405523,0.89225084
2024,endothelial,inDrop1,-2.64564,9.887321
2025,endothelial,inDrop1,-2.511697,9.522381
2026,alpha,inDrop1,15.42765,7.986956
2027,beta,inDrop1,3.575531,15.252669
2028,beta,inDrop1,4.8919754,15.23659
2029,gamma,inDrop1,10.9032955,19.531176
2030,beta,inDrop1,6.6188874,15.150446
2031,alpha,inDrop1,14.8995695,6.4788933
2032,beta,inDrop1,4.583321,14.829998
2033,beta,inDrop1,5.709132,15.407066
2034,beta,inDrop1,6.197229,14.8788
2035,beta,inDrop1,3.6592886,15.288982
2036,beta,inDrop1,5.501714,15.893343
2037,delta,inDrop1,16.709764,18.010366
2038,beta,inDrop1,3.896264,15.303826
2039,quiescent_stellate,inDrop1,0.2893613,5.220993
2040,activated_stellate,inDrop1,-1.1134545,5.7546806
2041,beta,inDrop1,6.122757,14.428631
2042,alpha,inDrop1,14.569317,8.847724
2043,beta,inDrop1,3.5083616,14.977642
2044,gamma,inDrop1,10.600413,19.78697
2045,quiescent_stellate,inDrop1,0.21784246,5.3132725
2046,beta,inDrop1,7.0216494,15.512689
2047,alpha,inDrop1,16.29744,7.734289
2048,quiescent_stellate,inDrop1,0.2373297,5.409095
2049,endothelial,inDrop1,-2.663061,10.0612955
2050,beta,inDrop1,6.717571,15.240046
2051,ductal,inDrop1,11.196505,-0.19209906
2052,endothelial,inDrop1,-2.597154,9.670739
2053,ductal,inDrop1,12.825558,0.18286419
2054,acinar,inDrop1,6.1168776,0.28405657
2055,alpha,inDrop1,14.495135,7.340963
2056,delta,inDrop1,16.573225,17.496582
2057,beta,inDrop1,16.662178,17.622854
2058,macrophage,inDrop1,8.492112,-5.7914066
2059,ductal,inDrop1,12.569223,1.1718335
2060,endothelial,inDrop1,-2.6214194,10.055283
2061,endothelial,inDrop1,-2.5914795,9.987425
2062,gamma,inDrop1,10.961825,19.91458
2063,endothelial,inDrop1,-2.6752362,10.103226
2064,endothelial,inDrop1,-2.6158373,9.905629
2065,beta,inDrop1,5.1439643,15.5087185
2066,beta,inDrop1,5.0742345,15.214422
2067,gamma,inDrop1,10.682638,19.655354
2068,beta,inDrop1,16.153074,7.286711
2069,mast,inDrop1,9.699049,5.8892293
2070,beta,inDrop1,3.7450106,15.295496
2071,endothelial,inDrop1,-2.6073928,9.682397
2072,gamma,inDrop1,10.828102,19.557741
2073,quiescent_stellate,inDrop1,0.21789642,5.290303
2074,alpha,inDrop1,16.212664,7.5017443
2075,beta,inDrop1,5.870439,15.887665
2076,alpha,inDrop1,16.126713,7.5937343
2077,acinar,inDrop1,6.0939813,0.70242447
2078,ductal,inDrop1,12.6914,0.03580837
2079,beta,inDrop1,5.4349356,15.727849
2080,beta,inDrop1,3.7936075,15.346815
2081,ductal,inDrop1,12.833667,0.1713172
2082,beta,inDrop1,6.943862,14.341549
2083,beta,inDrop1,5.364953,15.811944
2084,ductal,inDrop1,11.237174,0.47609648
2085,acinar,inDrop1,6.1624637,0.2675824
2086,endothelial,inDrop1,-2.5075154,9.685552
2087,beta,inDrop1,5.4449306,15.985236
2088,beta,inDrop1,16.642092,18.047764
2089,beta,inDrop1,5.5916023,15.224485
2090,ductal,inDrop1,11.785924,0.4558942
2091,activated_stellate,inDrop1,-1.114318,5.786554
2092,beta,inDrop1,5.930685,15.656908
2093,quiescent_stellate,inDrop1,0.2018921,5.377483
2094,acinar,inDrop1,6.1527367,0.37093765
2095,gamma,inDrop1,10.899998,19.822
2096,quiescent_stellate,inDrop1,0.17798162,5.398785
2097,endothelial,inDrop1,-2.661014,10.01914
2098,endothelial,inDrop1,-2.6731396,9.586681
2099,alpha,inDrop1,15.230151,6.738484
2100,quiescent_stellate,inDrop1,0.3495046,5.2450213
2101,beta,inDrop1,4.733428,15.220655
2102,acinar,inDrop1,6.31461,0.4269439
2103,beta,inDrop1,5.395793,14.852852
2104,endothelial,inDrop1,-2.6937172,9.582972
2105,endothelial,inDrop1,-2.6270049,9.854332
2106,beta,inDrop1,5.988656,15.176399
2107,acinar,inDrop1,5.8746834,0.6150882
2108,delta,inDrop1,16.837322,17.436049
2109,beta,inDrop1,6.3582582,15.476875
2110,beta,inDrop1,6.900981,15.422943
2111,beta,inDrop1,5.132716,15.55592
2112,beta,inDrop1,6.984047,15.479968
2113,beta,inDrop1,3.8070831,15.376004
2114,beta,inDrop1,6.932041,14.711577
2115,beta,inDrop1,5.940228,13.769576
2116,beta,inDrop1,5.902401,15.82523
2117,gamma,inDrop1,10.8320465,19.59665
2118,ductal,inDrop1,11.206652,0.102562845
2119,beta,inDrop1,6.625996,15.194808
2120,gamma,inDrop1,10.595365,19.74317
2121,beta,inDrop1,5.4331603,15.883773
2122,delta,inDrop1,16.535929,17.78152
2123,beta,inDrop1,5.326267,15.466534
2124,beta,inDrop1,6.5187445,15.664498
2125,gamma,inDrop1,10.855264,19.63063
2126,quiescent_stellate,inDrop1,0.34948385,5.26362
2127,delta,inDrop1,16.632551,18.06036
2128,beta,inDrop1,6.998684,15.573447
2129,delta,inDrop1,16.713202,17.907167
2130,quiescent_stellate,inDrop1,0.19691174,5.439693
2131,delta,inDrop1,16.568052,17.975103
2132,beta,inDrop1,6.371051,15.077741
2133,alpha,inDrop1,15.37729,8.119992
2134,delta,inDrop1,16.70275,17.320417
2135,alpha,inDrop1,16.373919,7.0632234
2136,quiescent_stellate,inDrop1,0.27643758,5.2984548
2137,quiescent_stellate,inDrop1,0.48577225,5.1072645
2138,beta,inDrop1,3.7732441,15.378668
2139,endothelial,inDrop1,-2.5829237,9.9944725
2140,endothelial,inDrop1,-2.6848016,9.849165
2141,activated_stellate,inDrop1,-1.1226336,5.8043118
2142,beta,inDrop1,5.7486544,15.732402
2143,alpha,inDrop1,16.201279,7.1334558
2144,delta,inDrop1,16.78567,17.580837
2145,beta,inDrop1,6.556682,15.384602
2146,endothelial,inDrop1,-2.575451,10.087519
2147,alpha,inDrop1,15.6122,7.122023
2148,quiescent_stellate,inDrop1,0.3354359,5.2837443
2149,beta,inDrop1,5.620551,16.04023
2150,endothelial,inDrop1,-2.6065025,10.143615
2151,activated_stellate,inDrop1,-1.1486912,5.718922
2152,gamma,inDrop1,10.694878,19.671263
2153,beta,inDrop1,7.0002594,14.289068
2154,quiescent_stellate,inDrop1,0.35518104,5.3197074
2155,beta,inDrop1,6.5361123,15.249432
2156,endothelial,inDrop1,-2.797423,9.682531
2157,gamma,inDrop1,10.843307,19.779617
2158,beta,inDrop1,5.324567,15.84311
2159,beta,inDrop1,5.3877554,15.722978
2160,alpha,inDrop1,14.973012,8.712329
2161,endothelial,inDrop1,-2.6817849,9.845166
2162,gamma,inDrop1,10.87522,19.66514
2163,beta,inDrop1,5.229017,14.9156685
2164,beta,inDrop1,6.401391,14.777728
2165,beta,inDrop1,3.609268,14.987241
2166,beta,inDrop1,16.670223,18.244074
2167,endothelial,inDrop1,-2.7118092,9.596191
2168,mast,inDrop1,9.712936,5.896291
2169,beta,inDrop1,6.460609,14.803094
2170,beta,inDrop1,5.5945954,15.767707
2171,endothelial,inDrop1,-2.6442726,9.618244
2172,beta,inDrop1,6.122896,14.909572
2173,endothelial,inDrop1,-2.6994958,9.5792265
2174,beta,inDrop1,6.542652,14.477667
2175,endothelial,inDrop1,-2.6075802,10.033223
2176,beta,inDrop1,5.796809,15.196077
2177,quiescent_stellate,inDrop1,0.27504292,5.3663225
2178,endothelial,inDrop1,-2.5930078,10.110982
2179,endothelial,inDrop1,-2.6549416,9.904004
2180,beta,inDrop1,5.2993546,16.018202
2181,endothelial,inDrop1,-2.5978284,10.055206
2182,quiescent_stellate,inDrop1,0.20322543,5.315781
2183,beta,inDrop1,5.264134,15.826213
2184,alpha,inDrop1,15.746547,7.9471226
2185,ductal,inDrop1,11.846603,-0.8766717
2186,endothelial,inDrop1,-2.6285865,9.615803
2187,beta,inDrop1,3.5280845,14.964581
2188,beta,inDrop1,5.321211,15.817946
2189,endothelial,inDrop1,-2.5895562,10.02014
2190,beta,inDrop1,5.21688,15.252349
2191,beta,inDrop1,5.2996454,15.804785
2192,beta,inDrop1,5.890934,15.725387
2193,endothelial,inDrop1,-2.6095243,9.620927
2194,macrophage,inDrop1,8.438592,-5.8144093
2195,endothelial,inDrop1,-2.6501708,9.927159
2196,ductal,inDrop1,11.535608,-0.6344929
2197,beta,inDrop1,5.3679514,15.650577
2198,ductal,inDrop1,11.459675,-0.12091833
2199,endothelial,inDrop1,-2.5375242,9.749015
2200,quiescent_stellate,inDrop1,0.30223024,5.400898
2201,beta,inDrop1,5.3725586,15.572256
2202,endothelial,inDrop1,-2.5208995,10.063953
2203,endothelial,inDrop1,-2.495756,9.966323
2204,beta,inDrop1,5.4744625,15.668601
2205,endothelial,inDrop1,-2.5468216,9.593506
2206,endothelial,inDrop1,-2.6027386,10.107592
2207,alpha,inDrop1,16.309835,17.571083
2208,ductal,inDrop1,11.616263,-0.6047946
2209,beta,inDrop1,5.211184,14.948387
2210,delta,inDrop1,16.233751,17.600775
2211,delta,inDrop1,16.094202,17.66755
2212,delta,inDrop1,16.782087,17.080713
2213,acinar,inDrop1,10.830289,-0.032246586
2214,acinar,inDrop1,5.594901,-0.2270586
2215,acinar,inDrop1,6.196907,0.42425412
2216,acinar,inDrop1,5.69319,1.2381052
2217,delta,inDrop1,16.279356,17.58622
2218,acinar,inDrop1,5.937015,0.55376565
2219,ductal,inDrop1,7.1194687,0.4612448
2220,alpha,inDrop1,16.105303,7.358938
2221,delta,inDrop1,16.256355,17.59965
2222,delta,inDrop1,16.20352,17.68586
2223,delta,inDrop1,16.728565,17.33611
2224,delta,inDrop1,16.779696,17.687574
2225,acinar,inDrop1,6.269553,0.23777518
2226,beta,inDrop1,6.3456144,15.253353
2227,acinar,inDrop1,6.137713,0.34018806
2228,endothelial,inDrop1,-2.516747,9.836626
2229,delta,inDrop1,16.680285,17.042389
2230,beta,inDrop1,5.1012564,14.595085
2231,delta,inDrop1,16.29804,17.426306
2232,alpha,inDrop1,15.717882,8.296917
2233,ductal,inDrop1,12.184147,-0.796052
2234,delta,inDrop1,15.9925375,17.782019
2235,delta,inDrop1,16.193987,17.563503
2236,beta,inDrop1,6.4694786,15.0108385
2237,delta,inDrop1,16.774181,17.383137
2238,beta,inDrop1,6.2495146,15.20743
2239,beta,inDrop1,3.5899818,15.26496
2240,delta,inDrop1,16.27896,17.704584
2241,gamma,inDrop1,10.919283,19.870775
2242,beta,inDrop1,7.1020966,15.109888
2243,delta,inDrop1,16.915842,17.276608
2244,beta,inDrop1,6.170023,15.441558
2245,delta,inDrop1,16.056103,17.773186
2246,beta,inDrop1,5.538514,14.700294
2247,alpha,inDrop1,16.285885,7.8341327
2248,beta,inDrop1,5.9491277,14.90908
2249,delta,inDrop1,16.81691,17.248213
2250,delta,inDrop1,15.989818,17.611788
2251,beta,inDrop1,6.7308636,15.072426
2252,delta,inDrop1,16.312962,17.401531
2253,delta,inDrop1,17.042364,17.66137
2254,ductal,inDrop1,12.711265,-0.18351288
2255,beta,inDrop1,6.6016235,14.971669
2256,delta,inDrop1,16.095732,17.732924
2257,delta,inDrop1,15.890158,17.53588
2258,alpha,inDrop1,15.037121,8.998773
2259,beta,inDrop1,5.678869,14.614547
2260,alpha,inDrop1,14.206605,9.247108
2261,alpha,inDrop1,15.447737,7.639418
2262,beta,inDrop1,6.3036594,15.205554
2263,acinar,inDrop1,5.9466157,0.21643174
2264,beta,inDrop1,6.633169,15.499573
2265,beta,inDrop1,4.5378747,15.214959
2266,beta,inDrop1,5.2348156,15.129054
2267,delta,inDrop1,16.191326,17.72212
2268,activated_stellate,inDrop1,-1.152879,5.406547
2269,beta,inDrop1,6.313964,14.9820385
2270,beta,inDrop1,7.165741,15.172689
2271,beta,inDrop1,6.560109,15.443657
2272,delta,inDrop1,16.117287,17.531988
2273,beta,inDrop1,7.1277423,15.057561
2274,alpha,inDrop1,16.424187,7.721068
2275,ductal,inDrop1,11.395629,-0.16223492
2276,acinar,inDrop1,5.958041,0.80988604
2277,delta,inDrop1,16.737848,17.563803
2278,beta,inDrop1,5.8290133,15.369122
2279,beta,inDrop1,5.705745,14.733209
2280,beta,inDrop1,5.5597835,15.055708
2281,acinar,inDrop1,5.640761,1.1776779
2282,beta,inDrop1,7.068116,15.551113
2283,delta,inDrop1,16.523266,17.523409
2284,beta,inDrop1,6.3690953,15.414224
2285,beta,inDrop1,6.9564896,15.26061
2286,beta,inDrop1,5.706005,15.44471
2287,delta,inDrop1,16.750914,17.225782
2288,delta,inDrop1,16.032904,17.710644
2289,beta,inDrop1,5.7824674,15.275767
2290,delta,inDrop1,16.582623,17.56105
2291,beta,inDrop1,6.877034,14.899751
2292,beta,inDrop1,6.3650036,14.816085
2293,beta,inDrop1,7.0017962,15.311112
2294,beta,inDrop1,6.198063,14.854292
2295,beta,inDrop1,6.5819464,15.408746
2296,beta,inDrop1,5.2499714,15.006507
2297,acinar,inDrop1,6.561461,0.18683045
2298,beta,inDrop1,6.596182,15.529988
2299,beta,inDrop1,6.046341,15.147461
2300,beta,inDrop1,7.072441,15.518581
2301,alpha,inDrop1,16.278503,7.43438
2302,endothelial,inDrop1,-2.5584857,9.653031
2303,beta,inDrop1,5.263447,14.883468
2304,delta,inDrop1,16.58877,17.492477
2305,beta,inDrop1,7.015058,15.419396
2306,delta,inDrop1,16.887209,17.718851
2307,beta,inDrop1,6.6863956,15.215342
2308,delta,inDrop1,15.966374,17.78366
2309,beta,inDrop1,5.347488,15.527206
2310,beta,inDrop1,6.8646064,15.567424
2311,delta,inDrop1,15.948742,17.875479
2312,ductal,inDrop1,11.469646,-0.8998566
2313,beta,inDrop1,6.097306,15.209476
2314,beta,inDrop1,5.15552,14.48729
2315,ductal,inDrop1,11.22364,-0.29951388
2316,beta,inDrop1,6.961765,14.69929
2317,beta,inDrop1,6.2651544,14.33954
2318,beta,inDrop1,6.651319,15.487886
2319,beta,inDrop1,6.0027866,15.246276
2320,acinar,inDrop1,6.133524,0.37134922
2321,acinar,inDrop1,6.0182405,0.754619
2322,beta,inDrop1,5.5245447,14.07093
2323,alpha,inDrop1,15.48802,8.323856
2324,beta,inDrop1,6.348059,15.051687
2325,delta,inDrop1,16.404066,17.85967
2326,beta,inDrop1,5.597607,14.984796
2327,beta,inDrop1,6.015114,15.205283
2328,beta,inDrop1,5.1402316,15.330842
2329,beta,inDrop1,6.979768,14.698078
2330,beta,inDrop1,3.7287729,15.106156
2331,ductal,inDrop1,11.631404,-0.8259936
2332,beta,inDrop1,7.0405426,13.904099
2333,acinar,inDrop1,5.770886,0.93393934
2334,beta,inDrop1,6.881055,15.234314
2335,acinar,inDrop1,5.7467213,1.1331161
2336,beta,inDrop1,7.1059957,15.525457
2337,ductal,inDrop1,11.0771885,0.49739808
2338,beta,inDrop1,6.2280188,14.779169
2339,activated_stellate,inDrop1,-1.263859,5.570615
2340,alpha,inDrop1,15.938813,7.3380356
2341,beta,inDrop1,5.563973,14.672848
2342,delta,inDrop1,16.033558,17.685505
2343,delta,inDrop1,16.078762,17.726746
2344,beta,inDrop1,6.082013,14.954983
2345,beta,inDrop1,5.644103,15.68197
2346,beta,inDrop1,6.1919146,15.3750105
2347,beta,inDrop1,3.4613588,14.979116
2348,acinar,inDrop1,6.0320964,0.81543297
2349,beta,inDrop1,3.380179,14.922932
2350,beta,inDrop1,6.3898206,14.85782
2351,beta,inDrop1,7.097028,15.117728
2352,delta,inDrop1,16.910131,17.513008
2353,beta,inDrop1,4.787235,15.200186
2354,ductal,inDrop1,11.12653,0.20553032
2355,beta,inDrop1,6.859487,15.5696535
2356,beta,inDrop1,6.075583,15.522137
2357,ductal,inDrop1,11.477221,-0.65057117
2358,macrophage,inDrop1,8.441975,-5.842318
2359,beta,inDrop1,6.9680023,15.090655
2360,delta,inDrop1,16.96184,17.318533
2361,beta,inDrop1,6.9308147,15.298849
2362,beta,inDrop1,7.029202,15.525012
2363,beta,inDrop1,6.9596615,15.543699
2364,beta,inDrop1,6.2705574,15.442413
2365,beta,inDrop1,6.244132,15.0640745
2366,activated_stellate,inDrop1,-1.1434711,5.947208
2367,beta,inDrop1,5.7938843,14.779153
2368,beta,inDrop1,6.397973,15.90115
2369,ductal,inDrop1,11.765259,-0.82955
2370,beta,inDrop1,6.196575,14.9429
2371,beta,inDrop1,7.0804324,15.481112
2372,beta,inDrop1,5.52344,15.030988
2373,beta,inDrop1,7.01342,15.1095085
2374,beta,inDrop1,5.1908684,15.189806
2375,delta,inDrop1,16.07944,17.511646
2376,beta,inDrop1,6.9604425,15.186381
2377,beta,inDrop1,6.364217,14.1322
2378,delta,inDrop1,16.127182,17.830532
2379,beta,inDrop1,6.815907,14.709071
2380,beta,inDrop1,5.551153,15.212556
2381,beta,inDrop1,7.1408105,15.097593
2382,beta,inDrop1,7.119041,14.423859
2383,alpha,inDrop1,16.47699,7.1815557
2384,beta,inDrop1,3.528994,15.068884
2385,beta,inDrop1,6.8405986,14.966124
2386,acinar,inDrop1,5.1206875,0.8317877
2387,beta,inDrop1,3.5637176,15.069534
2388,beta,inDrop1,3.4704804,15.030524
2389,beta,inDrop1,6.5684423,14.399551
2390,beta,inDrop1,6.106279,14.940866
2391,ductal,inDrop1,12.975546,-0.20765927
2392,beta,inDrop1,5.145357,15.17327
2393,delta,inDrop1,16.84753,17.853092
2394,beta,inDrop1,6.821549,14.874602
2395,alpha,inDrop1,15.126402,8.86089
2396,beta,inDrop1,3.5420742,14.920596
2397,beta,inDrop1,5.8137064,15.73573
2398,beta,inDrop1,6.213889,14.961446
2399,beta,inDrop1,5.015569,15.373094
2400,delta,inDrop1,16.74241,17.717983
2401,beta,inDrop1,6.8559923,14.539437
2402,beta,inDrop1,6.891668,14.9798355
2403,delta,inDrop1,16.717707,18.073833
2404,beta,inDrop1,6.492884,14.483876
2405,beta,inDrop1,5.6888614,15.092621
2406,beta,inDrop1,6.838736,15.137008
2407,beta,inDrop1,7.031028,15.160541
2408,beta,inDrop1,3.6348433,15.115781
2409,beta,inDrop1,7.0464244,15.438121
2410,beta,inDrop1,4.1233835,15.341606
2411,gamma,inDrop1,10.880203,19.626818
2412,beta,inDrop1,5.4366164,15.338213
2413,beta,inDrop1,5.877171,15.430761
2414,delta,inDrop1,16.798891,17.695318
2415,ductal,inDrop1,11.134275,0.22310103
2416,beta,inDrop1,6.881938,15.046671
2417,beta,inDrop1,6.806124,15.12855
2418,beta,inDrop1,3.3934653,14.949012
2419,delta,inDrop1,16.748926,17.812307
2420,beta,inDrop1,6.013413,14.714638
2421,ductal,inDrop1,11.119052,-0.01594377
2422,beta,inDrop1,4.68431,15.127082
2423,beta,inDrop1,6.1103163,15.027441
2424,beta,inDrop1,7.028989,14.562887
2425,beta,inDrop1,7.0686283,15.430847
2426,ductal,inDrop1,11.623677,0.63223416
2427,activated_stellate,inDrop1,-1.2057986,5.5864134
2428,beta,inDrop1,3.578113,15.038513
2429,alpha,inDrop1,14.54972,9.028687
2430,beta,inDrop1,5.325859,15.593977
2431,beta,inDrop1,6.8139467,14.826427
2432,activated_stellate,inDrop1,6.9369874,1.0789534
2433,alpha,inDrop1,15.1116495,8.770927
2434,acinar,inDrop1,5.7055173,0.8447837
2435,gamma,inDrop1,10.877924,19.656496
2436,beta,inDrop1,6.4728723,14.8203335
2437,beta,inDrop1,6.8748817,15.258874
2438,beta,inDrop1,5.381913,15.397159
2439,delta,inDrop1,16.661324,17.41987
2440,alpha,inDrop1,16.329847,7.581327
2441,endothelial,inDrop1,-2.5729976,9.025273
2442,gamma,inDrop1,10.704158,19.58726
2443,beta,inDrop1,6.7459655,15.468604
2444,alpha,inDrop1,15.395078,8.351
2445,beta,inDrop1,5.2683043,14.715644
2446,beta,inDrop1,6.3024206,15.023561
2447,beta,inDrop1,6.3034563,15.288185
2448,beta,inDrop1,15.928439,17.87131
2449,beta,inDrop1,3.7263007,15.199307
2450,endothelial,inDrop1,-2.4377913,9.762662
2451,beta,inDrop1,5.3224344,15.195129
2452,delta,inDrop1,16.602764,17.764769
2453,beta,inDrop1,6.587147,14.94907
2454,alpha,inDrop1,15.069587,8.008723
2455,beta,inDrop1,6.8706665,15.574588
2456,alpha,inDrop1,15.724328,6.9230824
2457,alpha,inDrop1,16.489965,7.398974
2458,delta,inDrop1,16.680035,18.123075
2459,alpha,inDrop1,14.764266,9.01293
2460,ductal,inDrop1,11.028104,0.37390122
2461,beta,inDrop1,5.0940533,15.077255
2462,alpha,inDrop1,14.752861,6.5460176
2463,endothelial,inDrop1,-2.5759134,10.1165695
2464,beta,inDrop1,5.509219,14.820245
2465,beta,inDrop1,5.3003078,15.13678
2466,ductal,inDrop1,12.841004,0.13038237
2467,delta,inDrop1,16.805584,17.36238
2468,beta,inDrop1,4.023548,15.779816
2469,beta,inDrop1,6.073079,14.844543
2470,alpha,inDrop1,15.105316,8.4958515
2471,alpha,inDrop1,15.664548,8.191704
2472,delta,inDrop1,15.909424,17.876005
2473,gamma,inDrop1,10.661802,19.567812
2474,alpha,inDrop1,16.520668,7.5850134
2475,beta,inDrop1,6.732134,14.862942
2476,alpha,inDrop1,14.967943,9.055143
2477,ductal,inDrop1,11.728891,-1.1169132
2478,beta,inDrop1,6.982758,14.99065
2479,gamma,inDrop1,10.583862,19.56036
2480,beta,inDrop1,5.9386926,15.3482275
2481,schwann,inDrop1,-0.39254102,7.315773
2482,delta,inDrop1,16.100904,17.697468
2483,beta,inDrop1,5.427127,15.088043
2484,alpha,inDrop1,14.660085,7.6407747
2485,delta,inDrop1,16.059305,17.62427
2486,beta,inDrop1,6.378275,15.39787
2487,acinar,inDrop1,5.663305,1.202382
2488,beta,inDrop1,6.624496,14.341314
2489,beta,inDrop1,6.330294,14.794366
2490,beta,inDrop1,5.8651805,14.966915
2491,beta,inDrop1,6.5415745,14.741924
2492,beta,inDrop1,6.0322227,15.477672
2493,alpha,inDrop1,15.3356905,8.620992
2494,beta,inDrop1,6.824364,15.087577
2495,beta,inDrop1,5.2786193,15.137365
2496,macrophage,inDrop1,8.481288,-5.800995
2497,gamma,inDrop1,10.891239,19.577896
2498,beta,inDrop1,3.4082487,14.958608
2499,beta,inDrop1,4.3657465,15.263669
2500,alpha,inDrop1,14.855726,8.581401
2501,acinar,inDrop1,5.7971764,0.16647817
2502,endothelial,inDrop1,-2.6640577,9.576414
2503,alpha,inDrop1,15.581514,8.1016445
2504,beta,inDrop1,5.5285087,15.529303
2505,alpha,inDrop1,16.237566,7.713196
2506,alpha,inDrop1,14.679343,9.179708
2507,alpha,inDrop1,15.593915,8.3304405
2508,beta,inDrop1,3.9513998,15.364106
2509,beta,inDrop1,6.569134,15.256251
2510,alpha,inDrop1,14.722931,9.076348
2511,alpha,inDrop1,16.388094,7.058816
2512,macrophage,inDrop1,8.455153,-5.8384585
2513,alpha,inDrop1,16.309486,7.0292654
2514,beta,inDrop1,4.5590777,15.458651
2515,beta,inDrop1,6.35597,14.658956
2516,beta,inDrop1,16.633274,18.04019
2517,alpha,inDrop1,15.327702,7.561901
2518,activated_stellate,inDrop1,-0.99016637,5.941281
2519,delta,inDrop1,16.356506,17.337736
2520,alpha,inDrop1,15.660157,6.8926907
2521,alpha,inDrop1,14.6566305,8.722043
2522,endothelial,inDrop1,-2.5614076,9.728511
2523,beta,inDrop1,6.3174167,15.064592
2524,delta,inDrop1,16.168724,17.554028
2525,beta,inDrop1,6.969963,15.319843
2526,beta,inDrop1,6.9548473,15.528242
2527,beta,inDrop1,4.8707485,15.389872
2528,ductal,inDrop1,11.022402,0.54714036
2529,beta,inDrop1,3.4944322,15.049655
2530,ductal,inDrop1,11.039676,0.5527802
2531,beta,inDrop1,7.0531225,14.310719
2532,beta,inDrop1,7.057307,14.486456
2533,activated_stellate,inDrop1,-0.9426468,6.333307
2534,beta,inDrop1,5.343307,14.588295
2535,ductal,inDrop1,11.023772,0.40850857
2536,beta,inDrop1,5.156044,15.186145
2537,beta,inDrop1,6.0891857,15.261771
2538,delta,inDrop1,16.1226,17.520885
2539,ductal,inDrop1,11.064976,0.37905088
2540,alpha,inDrop1,14.625032,9.225083
2541,ductal,inDrop1,11.081263,0.5476235
2542,beta,inDrop1,4.8642163,15.332951
2543,gamma,inDrop1,10.852141,19.59906
2544,ductal,inDrop1,11.255703,0.16450748
2545,beta,inDrop1,5.8422184,15.255123
2546,gamma,inDrop1,10.811337,19.558533
2547,delta,inDrop1,16.238745,17.60416
2548,alpha,inDrop1,15.810931,7.1247954
2549,gamma,inDrop1,10.769239,19.984669
2550,alpha,inDrop1,15.598182,8.295164
2551,beta,inDrop1,5.3599405,15.3415785
2552,macrophage,inDrop1,8.448253,-5.829587
2553,beta,inDrop1,6.389555,15.26305
2554,beta,inDrop1,7.0564427,15.21822
2555,quiescent_stellate,inDrop1,0.26052317,5.350875
2556,delta,inDrop1,16.869028,17.229912
2557,beta,inDrop1,6.230543,14.937542
2558,alpha,inDrop1,15.738495,8.276256
2559,beta,inDrop1,6.7486906,14.928895
2560,alpha,inDrop1,14.697135,9.141605
2561,beta,inDrop1,6.3381453,15.246569
2562,beta,inDrop1,6.4914975,15.660461
2563,gamma,inDrop1,10.635533,19.449703
2564,alpha,inDrop1,15.314439,8.850563
2565,beta,inDrop1,6.6103883,15.387542
2566,beta,inDrop1,6.5853066,15.371752
2567,beta,inDrop1,5.887104,15.028122
2568,beta,inDrop1,3.91721,15.31394
2569,macrophage,inDrop1,8.455423,-5.8335996
2570,beta,inDrop1,5.764823,15.417563
2571,delta,inDrop1,16.249523,17.659466
2572,beta,inDrop1,6.7825584,15.858731
2573,gamma,inDrop1,10.814595,19.572653
2574,epsilon,inDrop1,15.356369,13.635247
2575,delta,inDrop1,16.98963,17.651464
2576,alpha,inDrop1,14.454449,9.138561
2577,beta,inDrop1,4.5172706,15.283076
2578,beta,inDrop1,6.411418,14.766541
2579,delta,inDrop1,16.237097,17.621948
2580,alpha,inDrop1,16.059547,7.4298005
2581,endothelial,inDrop1,-2.6354344,9.759185
2582,beta,inDrop1,3.5887034,15.241387
2583,activated_stellate,inDrop1,-0.75132823,5.8929195
2584,acinar,inDrop1,6.1289425,0.4131061
2585,beta,inDrop1,5.7885404,15.569499
2586,acinar,inDrop1,5.7537684,0.016483176
2587,alpha,inDrop1,15.461256,8.409599
2588,gamma,inDrop1,10.465543,19.540028
2589,macrophage,inDrop1,8.401349,-5.8007975
2590,beta,inDrop1,5.749872,15.459017
2591,beta,inDrop1,6.7365665,14.3977785
2592,acinar,inDrop1,5.916302,0.7629718
2593,beta,inDrop1,5.8608356,15.194361
2594,beta,inDrop1,6.571054,15.743973
2595,alpha,inDrop1,15.415643,6.9754906
2596,delta,inDrop1,16.686047,17.975445
2597,beta,inDrop1,6.5248075,14.817197
2598,ductal,inDrop1,12.981259,-0.17325923
2599,alpha,inDrop1,15.07249,8.764016
2600,beta,inDrop1,6.3818636,14.771942
2601,delta,inDrop1,16.5168,17.469738
2602,beta,inDrop1,3.3796477,14.929856
2603,beta,inDrop1,4.0343056,15.299399
2604,acinar,inDrop1,5.5265975,0.39502698
2605,beta,inDrop1,6.6034646,15.344563
2606,beta,inDrop1,6.1833367,14.082451
2607,beta,inDrop1,5.310319,15.90668
2608,alpha,inDrop1,16.253918,6.9652195
2609,alpha,inDrop1,15.224721,6.8589535
2610,alpha,inDrop1,16.380632,7.7501307
2611,ductal,inDrop1,11.350917,0.79456323
2612,alpha,inDrop1,14.593019,9.219449
2613,acinar,inDrop1,6.083912,0.69528246
2614,acinar,inDrop1,5.5501657,0.6691239
2615,beta,inDrop1,6.5657954,15.595926
2616,delta,inDrop1,17.02768,17.809235
2617,quiescent_stellate,inDrop1,0.48381388,5.085712
2618,alpha,inDrop1,15.252423,7.8037915
2619,delta,inDrop1,16.920818,17.407541
2620,beta,inDrop1,3.7713463,15.152512
2621,ductal,inDrop1,11.615473,-0.7592287
2622,beta,inDrop1,3.9300978,14.874699
2623,beta,inDrop1,6.403461,14.799272
2624,beta,inDrop1,5.6072373,15.265158
2625,beta,inDrop1,6.8236523,15.064519
2626,quiescent_stellate,inDrop1,0.37748507,5.257032
2627,endothelial,inDrop1,-2.7704022,9.854826
2628,acinar,inDrop1,5.4998755,0.75947005
2629,activated_stellate,inDrop1,-1.2085477,5.6155334
2630,delta,inDrop1,16.01456,17.624876
2631,beta,inDrop1,4.563626,15.148195
2632,alpha,inDrop1,14.150641,9.037091
2633,endothelial,inDrop1,-2.680901,9.571141
2634,endothelial,inDrop1,-2.6303022,9.831094
2635,alpha,inDrop1,16.31078,7.4759445
2636,beta,inDrop1,5.8771496,14.940404
2637,gamma,inDrop1,10.926251,19.670488
2638,beta,inDrop1,5.8509665,15.124196
2639,ductal,inDrop1,12.830214,0.17119227
2640,activated_stellate,inDrop1,-0.8857469,6.1278167
2641,alpha,inDrop1,14.461148,9.04907
2642,beta,inDrop1,5.5790715,15.737429
2643,beta,inDrop1,4.610139,14.697881
2644,alpha,inDrop1,15.209557,8.520673
2645,acinar,inDrop1,5.74533,0.89887524
2646,quiescent_stellate,inDrop1,0.53500944,5.07671
2647,beta,inDrop1,6.880923,15.308435
2648,alpha,inDrop1,14.44128,9.1949625
2649,beta,inDrop1,6.388016,15.356937
2650,ductal,inDrop1,12.787806,-0.1423192
2651,beta,inDrop1,6.3900814,15.479561
2652,delta,inDrop1,16.669949,17.595905
2653,beta,inDrop1,5.638836,15.696748
2654,beta,inDrop1,4.038388,15.689442
2655,beta,inDrop1,5.6064177,14.632741
2656,beta,inDrop1,4.7453437,15.43895
2657,quiescent_stellate,inDrop1,0.2923743,5.3225784
2658,beta,inDrop1,6.110573,14.9783745
2659,beta,inDrop1,7.011459,15.275835
2660,schwann,inDrop1,-0.39924628,7.299129
2661,endothelial,inDrop1,-2.619661,9.984489
2662,beta,inDrop1,5.936427,15.799792
2663,beta,inDrop1,6.640404,14.698983
2664,ductal,inDrop1,10.968089,-0.023246014
2665,gamma,inDrop1,10.817,19.746822
2666,alpha,inDrop1,15.998744,7.9942093
2667,gamma,inDrop1,10.830634,19.654192
2668,alpha,inDrop1,15.009919,7.5711765
2669,quiescent_stellate,inDrop1,-0.97862554,5.8725023
2670,endothelial,inDrop1,-2.5004346,9.701037
2671,quiescent_stellate,inDrop1,0.4673744,5.106765
2672,delta,inDrop1,16.60747,18.08758
2673,beta,inDrop1,6.8572783,15.415687
2674,ductal,inDrop1,11.817168,-0.81719714
2675,endothelial,inDrop1,-2.7441354,9.783392
2676,beta,inDrop1,3.9712186,15.304161
2677,delta,inDrop1,16.616148,17.446825
2678,activated_stellate,inDrop1,-1.0423661,5.7631
2679,endothelial,inDrop1,-2.693087,9.868148
2680,acinar,inDrop1,5.7858467,0.69950306
2681,endothelial,inDrop1,-2.594277,9.594725
2682,delta,inDrop1,16.376474,17.376207
2683,gamma,inDrop1,10.841564,19.607864
2684,activated_stellate,inDrop1,-1.1081446,5.5465193
2685,endothelial,inDrop1,-2.7824187,9.7229395
2686,beta,inDrop1,6.7225237,14.988076
2687,ductal,inDrop1,12.914865,-0.15707473
2688,beta,inDrop1,7.0560493,15.484716
2689,beta,inDrop1,6.134228,14.6675825
2690,alpha,inDrop1,14.254572,9.109314
2691,alpha,inDrop1,15.0420065,8.914875
2692,beta,inDrop1,4.0846353,15.331346
2693,ductal,inDrop1,12.776549,0.14986831
2694,beta,inDrop1,4.214239,15.3351965
2695,alpha,inDrop1,14.722663,6.4663544
2696,endothelial,inDrop1,-2.691956,9.632176
2697,endothelial,inDrop1,-2.5614586,10.088208
2698,beta,inDrop1,5.760512,15.790582
2699,endothelial,inDrop1,-2.1203053,9.79001
2700,endothelial,inDrop1,-2.6050067,9.600861
2701,alpha,inDrop1,15.439775,8.526021
2702,quiescent_stellate,inDrop1,0.19590352,5.3749433
2703,ductal,inDrop1,11.597071,-0.8456772
2704,beta,inDrop1,6.7446856,14.737508
2705,quiescent_stellate,inDrop1,0.5076726,5.09464
2706,epsilon,inDrop1,15.380407,13.65737
2707,delta,inDrop1,16.854126,17.195684
2708,macrophage,inDrop1,8.433187,-5.8287754
2709,gamma,inDrop1,10.95918,19.655912
2710,ductal,inDrop1,11.112125,0.40408245
2711,alpha,inDrop1,14.9112,8.878129
2712,beta,inDrop1,6.030454,14.970401
2713,alpha,inDrop1,15.107033,8.641913
2714,endothelial,inDrop1,-2.6008294,9.828224
2715,beta,inDrop1,5.5817947,15.109585
2716,gamma,inDrop1,10.9499235,19.670343
2717,beta,inDrop1,6.4516525,14.3599415
2718,beta,inDrop1,6.706506,13.962858
2719,quiescent_stellate,inDrop1,0.11232298,5.410873
2720,alpha,inDrop1,15.951095,7.529828
2721,beta,inDrop1,5.3921576,15.814677
2722,gamma,inDrop1,10.744663,19.531096
2723,alpha,inDrop1,14.450284,6.785513
2724,alpha,inDrop1,14.624743,9.163071
2725,beta,inDrop1,3.7340877,15.253575
2726,endothelial,inDrop1,-2.6050618,9.599484
2727,beta,inDrop1,3.564652,15.201858
2728,quiescent_stellate,inDrop1,0.26616374,5.4238434
2729,endothelial,inDrop1,-2.5465238,10.077109
2730,beta,inDrop1,3.4942708,15.014282
2731,beta,inDrop1,6.6632595,15.5212755
2732,beta,inDrop1,3.9511354,15.335325
2733,beta,inDrop1,5.2367625,15.903062
2734,ductal,inDrop1,11.091549,0.5208708
2735,beta,inDrop1,-0.76752114,5.865998
2736,alpha,inDrop1,14.787398,9.091706
2737,quiescent_stellate,inDrop1,0.2727295,5.4044843
2738,beta,inDrop1,5.631999,15.6732025
2739,endothelial,inDrop1,-2.5713308,9.967227
2740,beta,inDrop1,5.8933372,15.68614
2741,ductal,inDrop1,12.8926735,-0.06961241
2742,ductal,inDrop1,11.176977,0.038889393
2743,beta,inDrop1,3.9514613,15.407267
2744,activated_stellate,inDrop1,-0.9881071,5.73475
2745,beta,inDrop1,6.7537174,15.440014
2746,ductal,inDrop1,11.146182,0.2252876
2747,beta,inDrop1,6.5349827,15.202041
2748,endothelial,inDrop1,-2.5297472,9.636194
2749,beta,inDrop1,4.094471,15.727974
2750,beta,inDrop1,5.2435517,15.985471
2751,acinar,inDrop1,6.1185956,0.2703307
2752,alpha,inDrop1,14.843189,9.120427
2753,schwann,inDrop1,-0.39341477,7.3169546
2754,beta,inDrop1,5.379667,15.919657
2755,beta,inDrop1,5.9502106,14.627751
2756,quiescent_stellate,inDrop1,0.1801679,5.4759073
2757,beta,inDrop1,5.3265123,15.679007
2758,gamma,inDrop1,10.941276,19.878584
2759,endothelial,inDrop1,-2.6942325,9.805674
2760,beta,inDrop1,6.653306,14.145098
2761,mast,inDrop1,9.694996,5.887787
2762,beta,inDrop1,5.7540803,15.466175
2763,gamma,inDrop1,10.851488,19.598352
2764,quiescent_stellate,inDrop1,0.3087438,5.3432965
2765,beta,inDrop1,5.255191,15.823013
2766,beta,inDrop1,4.8618264,15.191845
2767,beta,inDrop1,5.44322,15.754497
2768,endothelial,inDrop1,-2.6389556,9.675847
2769,beta,inDrop1,6.883075,15.430998
2770,alpha,inDrop1,15.262818,8.797767
2771,quiescent_stellate,inDrop1,0.27909032,5.336026
2772,activated_stellate,inDrop1,-0.98058087,5.953834
2773,beta,inDrop1,6.846262,15.172242
2774,alpha,inDrop1,14.481161,6.816095
2775,endothelial,inDrop1,-2.6861467,9.533594
2776,quiescent_stellate,inDrop1,0.2671981,5.357687
2777,endothelial,inDrop1,-2.5925276,9.944521
2778,endothelial,inDrop1,-2.5869386,10.076185
2779,endothelial,inDrop1,-2.6399372,10.082866
2780,endothelial,inDrop1,-2.480802,9.629694
2781,ductal,inDrop1,11.450764,-0.74719054
2782,beta,inDrop1,5.284714,15.822417
2783,ductal,inDrop1,11.055308,0.53243506
2784,quiescent_stellate,inDrop1,0.243037,5.3100863
2785,beta,inDrop1,5.300843,15.925159
2786,endothelial,inDrop1,-2.6098816,10.000968
2787,endothelial,inDrop1,-2.7305186,9.665944
2788,alpha,inDrop1,14.707296,9.099947
2789,quiescent_stellate,inDrop1,0.26375547,5.246687
2790,alpha,inDrop1,14.450773,8.802768
2791,acinar,inDrop1,5.650824,0.6371903
2792,gamma,inDrop1,10.930536,19.701002
2793,endothelial,inDrop1,-2.5837736,10.064039
2794,beta,inDrop1,6.5737395,15.735853
2795,quiescent_stellate,inDrop1,0.25677451,5.408235
2796,activated_stellate,inDrop1,-1.1156429,5.5153112
2797,beta,inDrop1,5.7147493,16.042028
2798,beta,inDrop1,6.4563456,15.420356
2799,endothelial,inDrop1,-2.624524,9.564188
2800,alpha,inDrop1,14.869669,8.293978
2801,quiescent_stellate,inDrop1,0.36025473,5.4044647
2802,quiescent_stellate,inDrop1,0.13133094,5.3433976
2803,quiescent_stellate,inDrop1,0.415152,5.224194
2804,quiescent_stellate,inDrop1,0.16958846,5.3497353
2805,endothelial,inDrop1,-2.5596576,9.581403
2806,beta,inDrop1,5.736323,15.146702
2807,quiescent_stellate,inDrop1,0.3171416,5.275384
2808,beta,inDrop1,6.472512,14.730063
2809,quiescent_stellate,inDrop1,0.46506628,5.130438
2810,quiescent_stellate,inDrop1,0.35400745,5.3625336
2811,beta,inDrop1,5.7221766,15.7401705
2812,beta,inDrop1,5.949164,14.993753
2813,beta,inDrop1,5.3776374,15.836376
2814,beta,inDrop1,5.847906,15.039674
2815,beta,inDrop1,6.7876015,15.32759
2816,endothelial,inDrop1,-2.633025,9.542019
2817,alpha,inDrop1,16.418926,7.5181346
2818,beta,inDrop1,5.4740486,15.026289
2819,endothelial,inDrop1,-2.5404189,9.635679
2820,endothelial,inDrop1,-2.6297677,9.827659
2821,activated_stellate,inDrop1,-0.961115,5.9018855
2822,alpha,inDrop1,15.880821,8.107468
2823,beta,inDrop1,6.666814,14.95383
2824,beta,inDrop1,5.3327694,15.698488
2825,acinar,inDrop1,6.012354,0.35735416
2826,quiescent_stellate,inDrop1,0.32543918,5.3913994
2827,endothelial,inDrop1,-2.6475215,9.835368
2828,endothelial,inDrop1,-2.5635774,9.6372385
2829,endothelial,inDrop1,-2.5033474,10.106583
2830,delta,inDrop1,5.28682,15.927851
2831,endothelial,inDrop1,-2.535493,10.009284
2832,alpha,inDrop1,16.544538,7.483219
2833,beta,inDrop1,5.1717033,15.83574
2834,quiescent_stellate,inDrop1,0.27721417,5.3982325
2835,endothelial,inDrop1,-2.5448039,9.884908
2836,quiescent_stellate,inDrop1,0.40460914,5.236074
2837,alpha,inDrop1,14.918203,8.533226
2838,quiescent_stellate,inDrop1,0.37106863,5.2994137
2839,acinar,inDrop1,5.676713,1.2769419
2840,acinar,inDrop1,6.876739,0.32180363
2841,delta,inDrop1,16.714766,17.316069
2842,acinar,inDrop1,5.555499,1.2236809
2843,activated_stellate,inDrop1,-1.160629,5.3845644
2844,acinar,inDrop1,6.0966096,0.39772284
2845,acinar,inDrop1,5.965796,0.48642817
2846,delta,inDrop1,16.515142,17.566446
2847,delta,inDrop1,16.240602,17.645004
2848,delta,inDrop1,16.074402,17.688429
2849,acinar,inDrop1,5.8958015,1.1055831
2850,beta,inDrop1,6.95719,14.682665
2851,activated_stellate,inDrop1,-1.1984907,5.6104674
2852,delta,inDrop1,16.293528,17.447874
2853,delta,inDrop1,16.362137,17.85995
2854,delta,inDrop1,16.071613,17.765581
2855,delta,inDrop1,17.047903,17.802206
2856,beta,inDrop1,6.955986,14.946956
2857,delta,inDrop1,16.299805,17.722744
2858,acinar,inDrop1,5.894213,0.65578306
2859,activated_stellate,inDrop1,-1.3201939,5.6767397
2860,activated_stellate,inDrop1,-1.1171789,5.5307713
2861,delta,inDrop1,16.525705,18.121382
2862,beta,inDrop1,6.7279396,15.070002
2863,acinar,inDrop1,6.0207806,0.6257395
2864,delta,inDrop1,16.14666,17.834501
2865,beta,inDrop1,5.9045563,15.293519
2866,delta,inDrop1,16.497406,17.59414
2867,ductal,inDrop1,6.9014087,0.4999474
2868,acinar,inDrop1,6.1821394,0.6265445
2869,acinar,inDrop1,6.174186,0.29229617
2870,delta,inDrop1,16.864332,17.38457
2871,beta,inDrop1,6.842138,15.203154
2872,beta,inDrop1,3.6421304,14.840952
2873,beta,inDrop1,5.4038553,15.950358
2874,delta,inDrop1,16.385296,17.625383
2875,beta,inDrop1,6.629046,13.96716
2876,beta,inDrop1,6.858907,15.075286
2877,beta,inDrop1,7.0556655,15.417169
2878,delta,inDrop1,16.58823,17.46414
2879,delta,inDrop1,16.287764,17.615753
2880,delta,inDrop1,16.767942,17.955675
2881,acinar,inDrop1,6.340196,0.27796897
2882,ductal,inDrop1,11.44312,-0.649965
2883,delta,inDrop1,16.719988,17.545877
2884,activated_stellate,inDrop1,-1.2316631,5.612053
2885,beta,inDrop1,6.8637857,15.220505
2886,activated_stellate,inDrop1,16.485008,17.15429
2887,alpha,inDrop1,16.264256,7.5769253
2888,delta,inDrop1,16.870018,17.510124
2889,beta,inDrop1,4.4859166,14.991713
2890,beta,inDrop1,5.7209935,14.91442
2891,beta,inDrop1,6.9977374,15.226422
2892,acinar,inDrop1,5.8127675,0.6775216
2893,delta,inDrop1,16.633469,17.49464
2894,ductal,inDrop1,11.806957,-0.7253594
2895,macrophage,inDrop1,8.406517,-5.8536296
2896,delta,inDrop1,16.767925,18.02848
2897,beta,inDrop1,3.4259648,14.953887
2898,beta,inDrop1,6.283453,14.754978
2899,delta,inDrop1,16.261665,17.690683
2900,delta,inDrop1,16.26058,17.836872
2901,beta,inDrop1,5.2071085,14.438037
2902,delta,inDrop1,16.992025,17.65184
2903,beta,inDrop1,6.5012364,14.996037
2904,delta,inDrop1,17.083979,17.407652
2905,acinar,inDrop1,5.8675046,0.46813148
2906,delta,inDrop1,16.325855,17.209196
2907,beta,inDrop1,5.7407207,15.232989
2908,acinar,inDrop1,6.3492594,0.47438252
2909,beta,inDrop1,6.3876133,15.035583
2910,beta,inDrop1,6.2757244,15.25962
2911,ductal,inDrop1,13.006098,-0.18657243
2912,delta,inDrop1,16.557884,17.74594
2913,delta,inDrop1,16.823206,17.521824
2914,beta,inDrop1,5.6126895,14.620356
2915,delta,inDrop1,16.346622,17.837793
2916,delta,inDrop1,16.712317,17.598011
2917,beta,inDrop1,5.6241097,14.7071
2918,alpha,inDrop1,16.316889,7.79577
2919,beta,inDrop1,6.8579173,14.928185
2920,acinar,inDrop1,6.0249043,0.42951897
2921,alpha,inDrop1,14.221645,9.166025
2922,alpha,inDrop1,16.388395,7.549309
2923,beta,inDrop1,5.878692,15.411672
2924,beta,inDrop1,6.6687064,14.818102
2925,beta,inDrop1,6.3045263,15.001075
2926,beta,inDrop1,6.9756527,15.45593
2927,beta,inDrop1,6.5359793,14.940533
2928,beta,inDrop1,7.1137357,14.675992
2929,beta,inDrop1,5.0521708,13.972824
2930,beta,inDrop1,7.089592,15.203807
2931,delta,inDrop1,16.586662,17.559063
2932,beta,inDrop1,6.953317,14.90854
2933,beta,inDrop1,5.728702,14.516142
2934,delta,inDrop1,16.344736,17.677065
2935,beta,inDrop1,5.1640368,14.369959
2936,beta,inDrop1,5.073214,14.737166
2937,beta,inDrop1,5.707252,14.554743
2938,alpha,inDrop1,16.232975,7.903643
2939,delta,inDrop1,16.038277,17.645378
2940,alpha,inDrop1,15.505274,6.623217
2941,beta,inDrop1,4.951954,15.094911
2942,delta,inDrop1,16.82016,17.45272
2943,beta,inDrop1,6.5687957,14.4518585
2944,activated_stellate,inDrop1,-1.1924682,5.4988976
2945,beta,inDrop1,6.571868,15.428917
2946,beta,inDrop1,3.3774738,14.95355
2947,delta,inDrop1,16.700596,17.649149
2948,delta,inDrop1,17.024906,17.814896
2949,ductal,inDrop1,12.996188,-0.18654804
2950,acinar,inDrop1,6.4328027,0.25893542
2951,acinar,inDrop1,5.7612267,0.5811687
2952,delta,inDrop1,17.178158,17.838387
2953,ductal,inDrop1,11.266523,-0.29567572
2954,delta,inDrop1,16.593073,17.86892
2955,beta,inDrop1,5.3569713,15.057976
2956,ductal,inDrop1,11.206084,0.24241978
2957,beta,inDrop1,4.538021,15.18371
2958,beta,inDrop1,6.3956027,14.900974
2959,beta,inDrop1,6.9918184,15.431018
2960,beta,inDrop1,6.801333,15.178919
2961,alpha,inDrop1,16.067583,8.102513
2962,beta,inDrop1,6.152819,15.179751
2963,beta,inDrop1,4.8525405,15.035359
2964,beta,inDrop1,3.5158455,15.033126
2965,beta,inDrop1,6.966843,15.288195
2966,beta,inDrop1,5.794566,15.397005
2967,alpha,inDrop1,16.339975,7.7451973
2968,acinar,inDrop1,5.8561645,0.71157163
2969,beta,inDrop1,7.027141,15.534354
2970,beta,inDrop1,5.452515,14.595719
2971,beta,inDrop1,6.569537,14.703152
2972,beta,inDrop1,6.289157,15.094277
2973,delta,inDrop1,16.902128,17.209276
2974,beta,inDrop1,6.9811954,15.151139
2975,beta,inDrop1,6.9518747,15.235504
2976,beta,inDrop1,6.9311905,14.809752
2977,activated_stellate,inDrop1,-1.034005,5.8122725
2978,beta,inDrop1,6.7220373,15.100717
2979,delta,inDrop1,17.018614,17.271477
2980,beta,inDrop1,5.5691805,14.50449
2981,acinar,inDrop1,6.2218766,0.8667175
2982,beta,inDrop1,5.894597,15.711377
2983,beta,inDrop1,7.0100617,15.04999
2984,activated_stellate,inDrop1,-1.1913244,5.6531286
2985,alpha,inDrop1,14.667886,9.02334
2986,beta,inDrop1,6.0253334,15.622085
2987,beta,inDrop1,6.469639,14.71469
2988,quiescent_stellate,inDrop1,11.440707,0.31405994
2989,activated_stellate,inDrop1,-1.296371,5.6669297
2990,acinar,inDrop1,6.5191674,0.6418341
2991,beta,inDrop1,6.4210744,15.467016
2992,alpha,inDrop1,16.269434,7.5175815
2993,delta,inDrop1,15.999597,17.746185
2994,acinar,inDrop1,5.545135,1.2756187
2995,beta,inDrop1,6.6973686,15.144748
2996,beta,inDrop1,5.169528,15.070537
2997,beta,inDrop1,7.0873404,15.465759
2998,beta,inDrop1,6.8120456,15.387746
2999,ductal,inDrop1,11.009234,0.41054502
3000,beta,inDrop1,5.5511494,15.29403
3001,acinar,inDrop1,5.8094635,0.51200324
3002,beta,inDrop1,6.886305,15.192068
3003,beta,inDrop1,3.3381562,14.920688
3004,beta,inDrop1,3.7795517,15.378758
3005,beta,inDrop1,6.7423463,15.127152
3006,beta,inDrop1,7.139374,14.037418
3007,beta,inDrop1,6.64121,15.029615
3008,alpha,inDrop1,14.6725025,9.2717495
3009,acinar,inDrop1,5.857646,0.7775731
3010,beta,inDrop1,6.622267,15.247545
3011,beta,inDrop1,3.3816028,14.947145
3012,alpha,inDrop1,15.852667,7.8928475
3013,beta,inDrop1,5.3066306,15.181472
3014,beta,inDrop1,5.0163836,15.020182
3015,gamma,inDrop1,10.751718,19.796083
3016,delta,inDrop1,16.788296,17.302307
3017,macrophage,inDrop1,8.444078,-5.8285594
3018,alpha,inDrop1,16.123035,7.5051785
3019,delta,inDrop1,16.027369,17.765972
3020,beta,inDrop1,6.1901636,15.263544
3021,ductal,inDrop1,11.109811,-0.034348365
3022,ductal,inDrop1,11.508549,-0.5720511
3023,alpha,inDrop1,16.101505,7.864039
3024,beta,inDrop1,6.565716,15.291318
3025,beta,inDrop1,3.487682,14.891499
3026,acinar,inDrop1,6.1863365,0.7899507
3027,endothelial,inDrop1,-2.38207,9.791361
3028,alpha,inDrop1,13.473646,8.397559
3029,gamma,inDrop1,10.850027,19.651402
3030,beta,inDrop1,6.9262094,15.457784
3031,quiescent_stellate,inDrop1,16.305864,17.516539
3032,beta,inDrop1,7.1038284,14.603045
3033,delta,inDrop1,16.407654,17.659666
3034,beta,inDrop1,6.1554375,14.588501
3035,ductal,inDrop1,11.01302,0.50431395
3036,beta,inDrop1,6.9971404,14.626443
3037,alpha,inDrop1,15.996205,7.4655657
3038,beta,inDrop1,5.0412755,15.283366
3039,delta,inDrop1,16.175396,17.650059
3040,beta,inDrop1,3.4004114,14.930642
3041,alpha,inDrop1,14.648338,9.200373
3042,quiescent_stellate,inDrop1,0.6680834,5.5656033
3043,ductal,inDrop1,11.246113,0.08644082
3044,delta,inDrop1,16.803606,17.217747
3045,beta,inDrop1,7.0530796,14.484545
3046,beta,inDrop1,6.594278,14.6242485
3047,delta,inDrop1,16.328306,17.891352
3048,alpha,inDrop1,14.624384,6.508627
3049,beta,inDrop1,6.33184,14.799306
3050,beta,inDrop1,6.8361654,14.858294
3051,delta,inDrop1,17.080507,17.473625
3052,beta,inDrop1,6.4572306,14.880075
3053,beta,inDrop1,5.284455,15.15786
3054,delta,inDrop1,16.186974,17.50423
3055,ductal,inDrop1,11.060312,0.23893128
3056,ductal,inDrop1,11.803296,-0.6333983
3057,beta,inDrop1,6.2569175,15.087749
3058,beta,inDrop1,6.668879,14.981852
3059,beta,inDrop1,6.184679,15.019066
3060,beta,inDrop1,6.9516683,14.992449
3061,endothelial,inDrop1,-2.7096179,9.676004
3062,beta,inDrop1,6.327704,15.155093
3063,beta,inDrop1,6.69628,15.530439
3064,alpha,inDrop1,16.193192,7.9704814
3065,beta,inDrop1,5.254674,15.063986
3066,beta,inDrop1,6.2726383,14.837526
3067,alpha,inDrop1,15.857995,8.255116
3068,beta,inDrop1,7.024882,15.359404
3069,acinar,inDrop1,5.8831763,0.36101222
3070,delta,inDrop1,17.015087,17.940552
3071,beta,inDrop1,6.9167533,15.330269
3072,beta,inDrop1,7.0294337,14.7545
3073,ductal,inDrop1,10.998413,0.57269317
3074,ductal,inDrop1,11.422083,0.97892237
3075,beta,inDrop1,6.896346,15.386734
3076,alpha,inDrop1,15.33966,8.424767
3077,beta,inDrop1,6.411383,14.843186
3078,beta,inDrop1,5.092519,14.706244
3079,ductal,inDrop1,11.473439,-0.59595716
3080,alpha,inDrop1,16.00314,8.160243
3081,activated_stellate,inDrop1,-1.2294915,5.507037
3082,beta,inDrop1,6.970497,14.803186
3083,alpha,inDrop1,14.560911,9.089045
3084,ductal,inDrop1,11.025919,-0.03387695
3085,delta,inDrop1,16.934668,17.526943
3086,alpha,inDrop1,16.14381,7.567686
3087,gamma,inDrop1,10.951573,19.847765
3088,beta,inDrop1,7.0821614,14.502534
3089,activated_stellate,inDrop1,-0.9624198,6.1733184
3090,ductal,inDrop1,12.896869,-0.21143419
3091,beta,inDrop1,14.906274,9.31576
3092,beta,inDrop1,7.107693,14.569872
3093,activated_stellate,inDrop1,-1.2024894,5.5895505
3094,beta,inDrop1,6.2312274,14.603098
3095,delta,inDrop1,16.868565,17.251135
3096,activated_stellate,inDrop1,-0.93653965,5.9485908
3097,beta,inDrop1,6.3502417,14.824679
3098,gamma,inDrop1,10.939847,19.832005
3099,beta,inDrop1,6.2847896,15.0377035
3100,beta,inDrop1,6.287885,15.438756
3101,beta,inDrop1,6.4791255,14.895379
3102,delta,inDrop1,16.974224,17.394247
3103,beta,inDrop1,5.590902,14.520848
3104,beta,inDrop1,7.1132107,15.593164
3105,alpha,inDrop1,14.718184,6.595462
3106,beta,inDrop1,4.928109,15.20115
3107,alpha,inDrop1,16.25957,7.9044366
3108,epsilon,inDrop1,16.529442,17.832691
3109,activated_stellate,inDrop1,-0.94441,5.9814134
3110,beta,inDrop1,7.257439,13.939248
3111,alpha,inDrop1,15.594358,7.8154263
3112,ductal,inDrop1,12.660586,-0.30028135
3113,alpha,inDrop1,15.521281,6.4698453
3114,beta,inDrop1,6.3638806,15.393547
3115,beta,inDrop1,6.7429996,15.256918
3116,delta,inDrop1,16.822618,17.57998
3117,ductal,inDrop1,11.050975,0.48748934
3118,beta,inDrop1,6.6393523,15.001783
3119,alpha,inDrop1,16.07648,8.140047
3120,delta,inDrop1,16.946352,17.933603
3121,beta,inDrop1,6.9841294,14.834724
3122,beta,inDrop1,4.0201406,15.794755
3123,beta,inDrop1,6.7182264,15.4228115
3124,beta,inDrop1,5.1784787,15.070914
3125,beta,inDrop1,5.2089453,15.731642
3126,activated_stellate,inDrop1,-1.1965617,5.4820695
3127,alpha,inDrop1,16.216946,7.5800123
3128,beta,inDrop1,4.4056964,15.20704
3129,ductal,inDrop1,11.15242,0.5663947
3130,delta,inDrop1,15.972768,17.815105
3131,alpha,inDrop1,15.820254,7.634365
3132,alpha,inDrop1,14.915495,8.958571
3133,beta,inDrop1,3.5380194,14.972199
3134,beta,inDrop1,6.263068,14.819576
3135,beta,inDrop1,5.3994875,14.703826
3136,delta,inDrop1,16.285757,17.325565
3137,alpha,inDrop1,14.418901,8.950718
3138,beta,inDrop1,3.7238789,15.366718
3139,beta,inDrop1,6.432182,14.835568
3140,beta,inDrop1,5.1580596,14.89605
3141,beta,inDrop1,5.9414716,15.074962
3142,beta,inDrop1,6.3617797,15.84707
3143,delta,inDrop1,16.824207,17.375896
3144,beta,inDrop1,7.0048623,15.288782
3145,beta,inDrop1,6.8821692,14.19344
3146,beta,inDrop1,6.72898,15.256806
3147,alpha,inDrop1,16.408867,7.9783335
3148,beta,inDrop1,6.4623275,15.649382
3149,gamma,inDrop1,10.877454,19.532825
3150,beta,inDrop1,5.2572103,15.881519
3151,activated_stellate,inDrop1,-1.2635903,5.60838
3152,beta,inDrop1,5.1350117,14.7880125
3153,alpha,inDrop1,15.4181595,6.9485316
3154,alpha,inDrop1,15.965552,7.544414
3155,beta,inDrop1,6.6603093,13.914393
3156,beta,inDrop1,7.278274,13.893758
3157,delta,inDrop1,15.993826,17.762548
3158,beta,inDrop1,6.9261823,15.27336
3159,beta,inDrop1,4.828818,15.205951
3160,beta,inDrop1,6.707775,15.292416
3161,beta,inDrop1,6.209028,15.581211
3162,beta,inDrop1,5.6926003,14.210893
3163,beta,inDrop1,6.5415907,15.26169
3164,quiescent_stellate,inDrop1,0.13424832,5.4720607
3165,ductal,inDrop1,11.210785,0.5521544
3166,ductal,inDrop1,12.653844,-0.19302286
3167,delta,inDrop1,17.101036,17.872505
3168,alpha,inDrop1,14.905417,9.139168
3169,beta,inDrop1,6.5417113,14.069113
3170,beta,inDrop1,3.3869555,14.914003
3171,beta,inDrop1,6.874238,15.287506
3172,beta,inDrop1,6.7307425,14.888892
3173,beta,inDrop1,7.0938625,14.499336
3174,beta,inDrop1,5.920564,14.811275
3175,gamma,inDrop1,10.741006,19.443134
3176,beta,inDrop1,6.532572,14.8298855
3177,beta,inDrop1,4.5869136,14.90696
3178,gamma,inDrop1,10.958962,19.712204
3179,alpha,inDrop1,15.622419,7.805517
3180,beta,inDrop1,6.337573,14.741964
3181,alpha,inDrop1,14.958844,8.891088
3182,alpha,inDrop1,14.600963,7.232291
3183,beta,inDrop1,6.8153872,14.664136
3184,delta,inDrop1,16.945286,17.82795
3185,beta,inDrop1,6.835896,14.782684
3186,beta,inDrop1,6.1692576,14.60383
3187,beta,inDrop1,3.6255088,15.2978525
3188,beta,inDrop1,6.7388124,14.2968
3189,endothelial,inDrop1,-2.6931949,9.565192
3190,beta,inDrop1,6.0750756,15.353105
3191,quiescent_stellate,inDrop1,0.053484373,5.426032
3192,beta,inDrop1,6.806312,14.761054
3193,beta,inDrop1,6.9065957,15.000563
3194,alpha,inDrop1,15.222755,7.4169664
3195,ductal,inDrop1,11.103524,0.33845794
3196,beta,inDrop1,7.329537,13.8860855
3197,beta,inDrop1,6.484527,15.684663
3198,gamma,inDrop1,10.979328,19.887402
3199,alpha,inDrop1,14.823947,9.128999
3200,gamma,inDrop1,10.861442,19.92841
3201,beta,inDrop1,6.605528,15.368843
3202,beta,inDrop1,7.0854363,14.549478
3203,alpha,inDrop1,14.666692,6.781572
3204,alpha,inDrop1,16.236753,6.082998
3205,ductal,inDrop1,11.596689,-0.33067966
3206,beta,inDrop1,5.861734,14.636666
3207,alpha,inDrop1,14.445483,6.8952565
3208,beta,inDrop1,4.831118,14.976234
3209,delta,inDrop1,16.239084,17.520271
3210,ductal,inDrop1,10.9951935,0.34970975
3211,beta,inDrop1,5.5911036,15.101545
3212,beta,inDrop1,6.2019634,14.94193
3213,beta,inDrop1,5.6646943,14.863922
3214,beta,inDrop1,5.8903756,14.850318
3215,beta,inDrop1,6.0916557,15.659194
3216,beta,inDrop1,7.0822453,14.997467
3217,ductal,inDrop1,12.667415,-0.21375126
3218,beta,inDrop1,5.633659,15.128008
3219,alpha,inDrop1,15.091527,8.846472
3220,beta,inDrop1,5.20539,14.9872265
3221,beta,inDrop1,5.8397617,14.725033
3222,alpha,inDrop1,15.745861,7.6468472
3223,acinar,inDrop1,5.5380116,0.7888119
3224,acinar,inDrop1,6.08981,0.44023293
3225,beta,inDrop1,4.7835383,14.203326
3226,beta,inDrop1,5.492869,15.187798
3227,beta,inDrop1,3.4238713,14.9046335
3228,alpha,inDrop1,16.122751,7.544897
3229,alpha,inDrop1,16.062794,8.056843
3230,alpha,inDrop1,14.966694,9.122258
3231,alpha,inDrop1,15.635189,6.9104986
3232,beta,inDrop1,5.6738057,14.9544525
3233,alpha,inDrop1,15.102405,8.869671
3234,beta,inDrop1,5.126414,14.764257
3235,alpha,inDrop1,15.407071,6.477825
3236,beta,inDrop1,6.7608323,15.476488
3237,beta,inDrop1,3.7320235,15.067656
3238,beta,inDrop1,6.1727796,14.996495
3239,alpha,inDrop1,15.168684,8.857688
3240,delta,inDrop1,16.99767,17.391376
3241,alpha,inDrop1,14.852441,9.129443
3242,beta,inDrop1,6.5066237,15.486938
3243,beta,inDrop1,6.7345386,14.8753805
3244,beta,inDrop1,4.8243475,14.644712
3245,alpha,inDrop1,14.580651,6.8349276
3246,gamma,inDrop1,10.984174,19.61038
3247,acinar,inDrop1,6.0962343,0.2934197
3248,beta,inDrop1,5.8722944,14.609055
3249,ductal,inDrop1,12.869477,-0.11288977
3250,delta,inDrop1,16.884014,17.920462
3251,beta,inDrop1,5.0777736,14.873993
3252,ductal,inDrop1,10.99204,0.54662013
3253,gamma,inDrop1,10.885295,19.625956
3254,beta,inDrop1,6.856203,14.311811
3255,quiescent_stellate,inDrop1,0.105662934,5.4800606
3256,ductal,inDrop1,11.173751,-0.56011564
3257,delta,inDrop1,16.826784,17.31469
3258,gamma,inDrop1,10.972483,19.761627
3259,beta,inDrop1,6.964578,14.920019
3260,beta,inDrop1,6.9131174,14.412811
3261,beta,inDrop1,6.8488765,14.975772
3262,gamma,inDrop1,14.492416,7.304696
3263,ductal,inDrop1,11.008767,0.39168298
3264,alpha,inDrop1,15.401161,8.101878
3265,acinar,inDrop1,5.4559608,1.3511095
3266,ductal,inDrop1,11.055918,0.28432968
3267,endothelial,inDrop1,-2.622919,9.89512
3268,alpha,inDrop1,15.3379755,8.732217
3269,endothelial,inDrop1,-2.7514298,9.582499
3270,beta,inDrop1,4.890705,15.185857
3271,beta,inDrop1,6.139815,15.325866
3272,beta,inDrop1,4.5003695,14.988916
3273,beta,inDrop1,6.5347695,14.878521
3274,alpha,inDrop1,14.7843895,9.307273
3275,beta,inDrop1,4.02837,15.468387
3276,ductal,inDrop1,11.10487,-0.30245778
3277,ductal,inDrop1,12.908646,-0.14028934
3278,beta,inDrop1,6.4612665,14.747868
3279,beta,inDrop1,6.9006376,15.59058
3280,gamma,inDrop1,10.557209,19.646326
3281,beta,inDrop1,5.6425853,15.426457
3282,quiescent_stellate,inDrop1,0.45196265,5.152913
3283,ductal,inDrop1,11.501064,0.5259173
3284,beta,inDrop1,4.6585207,15.037685
3285,acinar,inDrop1,5.54446,1.1718919
3286,ductal,inDrop1,11.167471,0.39534694
3287,endothelial,inDrop1,-2.7060397,9.797445
3288,acinar,inDrop1,5.981465,0.65585655
3289,gamma,inDrop1,10.645729,19.564459
3290,beta,inDrop1,3.808075,15.353612
3291,beta,inDrop1,6.7546673,14.44103
3292,quiescent_stellate,inDrop1,0.06522501,5.579622
3293,beta,inDrop1,6.85668,15.231942
3294,beta,inDrop1,6.6514435,14.790919
3295,epsilon,inDrop1,15.386941,13.587742
3296,beta,inDrop1,5.767025,15.163675
3297,alpha,inDrop1,14.609182,9.1940975
3298,alpha,inDrop1,14.916536,8.661661
3299,delta,inDrop1,16.38962,17.2393
3300,beta,inDrop1,5.029802,15.185978
3301,epsilon,inDrop1,15.352162,13.6332245
3302,beta,inDrop1,6.6031847,15.496951
3303,alpha,inDrop1,16.302269,7.790859
3304,beta,inDrop1,4.3502297,15.354404
3305,beta,inDrop1,3.7648833,15.246816
3306,gamma,inDrop1,10.9445715,19.891218
3307,acinar,inDrop1,6.390125,-0.3753796
3308,beta,inDrop1,3.6597059,15.287637
3309,alpha,inDrop1,14.934483,9.143549
3310,beta,inDrop1,7.0678368,14.838938
3311,alpha,inDrop1,14.631557,9.119574
3312,ductal,inDrop1,11.398961,-0.6201273
3313,alpha,inDrop1,14.571895,9.204239
3314,beta,inDrop1,3.436467,14.893396
3315,beta,inDrop1,3.7860131,15.233143
3316,gamma,inDrop1,10.903647,19.632586
3317,beta,inDrop1,7.1662254,14.337621
3318,beta,inDrop1,6.593063,15.079592
3319,delta,inDrop1,16.463675,17.32344
3320,delta,inDrop1,16.01198,17.660809
3321,delta,inDrop1,16.510206,17.525774
3322,quiescent_stellate,inDrop1,0.5126612,5.112804
3323,beta,inDrop1,5.86483,14.796129
3324,beta,inDrop1,6.337946,15.065826
3325,alpha,inDrop1,15.190689,8.801144
3326,beta,inDrop1,7.265716,13.863495
3327,alpha,inDrop1,15.403791,7.088906
3328,alpha,inDrop1,15.0686455,8.494035
3329,beta,inDrop1,5.6499095,15.247716
3330,beta,inDrop1,6.2214217,15.879868
3331,beta,inDrop1,6.174634,15.627233
3332,alpha,inDrop1,14.37162,6.817907
3333,beta,inDrop1,3.9516072,15.564175
3334,beta,inDrop1,3.424959,14.9269705
3335,quiescent_stellate,inDrop1,0.45234418,5.156271
3336,alpha,inDrop1,15.077251,6.337941
3337,endothelial,inDrop1,-2.6348357,10.076318
3338,gamma,inDrop1,10.726219,19.503256
3339,beta,inDrop1,6.1320415,15.199891
3340,beta,inDrop1,6.9199176,15.404587
3341,quiescent_stellate,inDrop1,0.3291067,5.309272
3342,beta,inDrop1,6.8264427,15.227027
3343,alpha,inDrop1,14.935441,9.047334
3344,delta,inDrop1,16.15662,17.556854
3345,beta,inDrop1,7.2726717,13.897092
3346,acinar,inDrop1,6.0698266,0.23583218
3347,beta,inDrop1,7.1002135,14.55557
3348,endothelial,inDrop1,-2.66792,9.544612
3349,endothelial,inDrop1,-2.5943828,9.606483
3350,beta,inDrop1,5.2216606,14.818451
3351,beta,inDrop1,3.8895552,15.4665575
3352,alpha,inDrop1,14.353375,9.180171
3353,beta,inDrop1,6.6889296,15.165454
3354,mast,inDrop1,9.707794,5.897346
3355,beta,inDrop1,5.6145415,15.208581
3356,alpha,inDrop1,14.968851,7.260124
3357,endothelial,inDrop1,-2.3680687,9.824955
3358,beta,inDrop1,6.70099,14.72667
3359,beta,inDrop1,5.269047,15.691241
3360,beta,inDrop1,5.3663054,15.289398
3361,endothelial,inDrop1,-2.7360172,9.580811
3362,alpha,inDrop1,16.235352,17.749668
3363,beta,inDrop1,6.851928,15.194197
3364,beta,inDrop1,5.9819064,15.761816
3365,beta,inDrop1,6.806267,14.365722
3366,beta,inDrop1,3.4197056,14.950038
3367,alpha,inDrop1,15.992251,6.6697354
3368,mast,inDrop1,9.692656,5.886869
3369,beta,inDrop1,6.2528515,14.365593
3370,epsilon,inDrop1,15.355361,13.637142
3371,endothelial,inDrop1,-2.6662188,10.038224
3372,quiescent_stellate,inDrop1,0.29086706,5.3917108
3373,alpha,inDrop1,16.112774,6.944095
3374,alpha,inDrop1,15.507407,7.674292
3375,beta,inDrop1,16.58541,18.002714
3376,beta,inDrop1,6.8364944,14.954634
3377,acinar,inDrop1,5.610371,0.3375513
3378,delta,inDrop1,16.476667,17.63173
3379,acinar,inDrop1,5.88972,0.13791412
3380,beta,inDrop1,5.184647,15.904338
3381,beta,inDrop1,5.7877665,15.01925
3382,endothelial,inDrop1,-2.4636636,9.513795
3383,beta,inDrop1,6.1498966,15.386377
3384,macrophage,inDrop1,8.458528,-5.83796
3385,acinar,inDrop1,5.636806,1.2599442
3386,quiescent_stellate,inDrop1,0.27413732,5.357885
3387,beta,inDrop1,6.926801,15.098039
3388,beta,inDrop1,5.2299833,15.628592
3389,beta,inDrop1,5.764885,15.286245
3390,endothelial,inDrop1,-2.5874548,10.14712
3391,beta,inDrop1,3.8711736,15.129059
3392,beta,inDrop1,6.311896,15.149846
3393,ductal,inDrop1,11.060318,0.4568482
3394,beta,inDrop1,3.5097663,15.028602
3395,beta,inDrop1,4.01161,15.75787
3396,quiescent_stellate,inDrop1,0.4280127,5.153089
3397,beta,inDrop1,6.21809,14.503643
3398,acinar,inDrop1,5.9462967,1.0242815
3399,beta,inDrop1,4.134699,15.157823
3400,delta,inDrop1,16.503157,17.635366
3401,beta,inDrop1,5.5053854,15.570375
3402,beta,inDrop1,6.5444036,14.809148
3403,beta,inDrop1,5.715855,15.493585
3404,beta,inDrop1,3.8443515,15.199672
3405,quiescent_stellate,inDrop1,0.3042522,5.361682
3406,alpha,inDrop1,14.726108,9.126308
3407,endothelial,inDrop1,-2.724569,9.900057
3408,beta,inDrop1,5.5385995,15.221982
3409,delta,inDrop1,16.635246,18.079521
3410,gamma,inDrop1,10.89766,19.603592
3411,beta,inDrop1,6.283212,15.556207
3412,quiescent_stellate,inDrop1,0.48591965,5.116622
3413,endothelial,inDrop1,-2.6318712,9.550697
3414,alpha,inDrop1,16.264853,7.1073127
3415,beta,inDrop1,6.3317227,15.370817
3416,ductal,inDrop1,12.833985,0.17254122
3417,beta,inDrop1,6.861496,14.899736
3418,beta,inDrop1,6.038426,15.678426
3419,beta,inDrop1,6.1039624,14.6897335
3420,quiescent_stellate,inDrop1,0.21555367,5.456313
3421,beta,inDrop1,5.070096,15.531188
3422,epsilon,inDrop1,15.354197,13.644052
3423,beta,inDrop1,14.313469,9.1667385
3424,beta,inDrop1,5.2472677,16.129337
3425,alpha,inDrop1,14.0435295,8.790012
3426,beta,inDrop1,5.9492884,15.758536
3427,endothelial,inDrop1,-2.4523864,9.865445
3428,endothelial,inDrop1,-2.7364209,9.5616455
3429,quiescent_stellate,inDrop1,0.22438075,5.428847
3430,beta,inDrop1,16.594622,18.013853
3431,beta,inDrop1,5.2279296,15.8711605
3432,epsilon,inDrop1,15.359519,13.622603
3433,quiescent_stellate,inDrop1,0.3771868,5.3404512
3434,beta,inDrop1,6.2243347,14.281112
3435,mast,inDrop1,9.696703,5.891115
3436,ductal,inDrop1,12.847753,0.17426327
3437,alpha,inDrop1,15.033643,8.838193
3438,acinar,inDrop1,6.126069,0.07136308
3439,acinar,inDrop1,5.992366,0.24226262
3440,endothelial,inDrop1,-2.6147258,10.101923
3441,ductal,inDrop1,11.780149,-0.907298
3442,endothelial,inDrop1,-2.1796353,9.778546
3443,alpha,inDrop1,15.501032,6.644856
3444,delta,inDrop1,16.503195,17.249126
3445,beta,inDrop1,5.654013,14.82783
3446,beta,inDrop1,6.299299,15.570233
3447,beta,inDrop1,5.9232645,15.589886
3448,ductal,inDrop1,11.834069,-0.8592211
3449,quiescent_stellate,inDrop1,0.3822083,5.2146873
3450,beta,inDrop1,4.978777,14.337212
3451,macrophage,inDrop1,8.446425,-5.8320155
3452,delta,inDrop1,16.448833,17.48617
3453,endothelial,inDrop1,-2.631711,9.529991
3454,alpha,inDrop1,14.800993,6.7433133
3455,beta,inDrop1,6.14818,14.677394
3456,endothelial,inDrop1,-2.751532,10.079203
3457,beta,inDrop1,5.3239255,15.916705
3458,beta,inDrop1,3.4546793,14.937207
3459,endothelial,inDrop1,-2.5757802,9.928818
3460,delta,inDrop1,16.23997,17.47908
3461,acinar,inDrop1,6.3025656,-0.36432776
3462,acinar,inDrop1,5.416374,0.47276846
3463,endothelial,inDrop1,-2.5977461,9.673902
3464,beta,inDrop1,5.8928022,15.631128
3465,endothelial,inDrop1,-2.606519,9.736437
3466,acinar,inDrop1,5.5749044,0.58442444
3467,beta,inDrop1,6.412858,15.688715
3468,delta,inDrop1,16.434565,17.438824
3469,quiescent_stellate,inDrop1,0.18139303,5.300827
3470,quiescent_stellate,inDrop1,0.3486516,5.222438
3471,beta,inDrop1,5.426277,15.984138
3472,beta,inDrop1,5.4140015,15.926373
3473,quiescent_stellate,inDrop1,0.3038511,5.33429
3474,alpha,inDrop1,14.366305,6.9792504
3475,quiescent_stellate,inDrop1,0.4120471,5.201405
3476,quiescent_stellate,inDrop1,0.16291687,5.39654
3477,beta,inDrop1,6.0414324,15.725255
3478,quiescent_stellate,inDrop1,0.36772153,5.2714596
3479,schwann,inDrop1,-0.3949087,7.3111486
3480,beta,inDrop1,6.453737,15.412677
3481,beta,inDrop1,6.986439,15.3582535
3482,beta,inDrop1,5.438114,14.741246
3483,beta,inDrop1,6.2827435,14.915497
3484,beta,inDrop1,5.6912384,15.404571
3485,beta,inDrop1,5.642961,15.207728
3486,beta,inDrop1,5.8227286,15.098427
3487,endothelial,inDrop1,-2.5328856,10.118093
3488,ductal,inDrop1,12.836175,-0.030494263
3489,beta,inDrop1,6.43048,14.802471
3490,beta,inDrop1,5.3850946,15.377838
3491,beta,inDrop1,5.353416,15.793812
3492,beta,inDrop1,6.04145,14.587056
3493,alpha,inDrop1,14.822388,8.880814
3494,quiescent_stellate,inDrop1,0.31512028,5.356843
3495,quiescent_stellate,inDrop1,0.43962866,5.158021
3496,beta,inDrop1,6.6247663,14.652489
3497,beta,inDrop1,5.548564,15.81179
3498,alpha,inDrop1,14.947819,8.738584
3499,ductal,inDrop1,12.965327,-0.23352113
3500,quiescent_stellate,inDrop1,0.3516595,5.35683
3501,beta,inDrop1,5.467621,16.008522
3502,endothelial,inDrop1,-2.6085665,10.103029
3503,delta,inDrop1,16.91053,17.892365
3504,beta,inDrop1,5.8516626,16.106966
3505,beta,inDrop1,3.9073234,15.397797
3506,alpha,inDrop1,14.396999,9.292468
3507,beta,inDrop1,5.6948543,15.6923065
3508,beta,inDrop1,5.5033703,16.0588
3509,endothelial,inDrop1,-2.4724963,9.69825
3510,beta,inDrop1,5.389812,14.768913
3511,endothelial,inDrop1,-2.6173663,10.068182
3512,alpha,inDrop1,16.351843,6.905177
3513,quiescent_stellate,inDrop1,0.38547632,5.273513
3514,endothelial,inDrop1,-2.519655,9.719128
3515,alpha,inDrop1,16.342741,7.3302054
3516,alpha,inDrop1,15.05904,6.893139
3517,ductal,inDrop1,11.187931,0.34575894
3518,quiescent_stellate,inDrop1,0.30715197,5.3803062
3519,endothelial,inDrop1,-2.662205,9.566176
3520,beta,inDrop1,5.682042,15.392244
3521,gamma,inDrop1,10.902263,19.782684
3522,epsilon,inDrop1,15.355589,13.629886
3523,activated_stellate,inDrop1,-1.0617993,5.705587
3524,alpha,inDrop1,16.09015,7.9475603
3525,activated_stellate,inDrop1,-1.1100034,5.437083
3526,beta,inDrop1,6.752762,15.070865
3527,beta,inDrop1,4.5161133,15.301875
3528,mast,inDrop1,9.692188,5.886246
3529,activated_stellate,inDrop1,-1.0616069,5.6436086
3530,epsilon,inDrop1,15.319603,13.672783
3531,quiescent_stellate,inDrop1,0.24419421,5.3437314
3532,endothelial,inDrop1,-2.5563498,9.625615
3533,gamma,inDrop1,10.950335,19.511002
3534,beta,inDrop1,5.373736,15.754513
3535,quiescent_stellate,inDrop1,0.2947704,5.3910117
3536,quiescent_stellate,inDrop1,0.3144623,5.3910065
3537,alpha,inDrop1,14.288862,9.089774
3538,beta,inDrop1,6.5018644,14.781956
3539,beta,inDrop1,6.3078785,14.529995
3540,beta,inDrop1,5.111106,15.640551
3541,beta,inDrop1,3.7892115,15.080029
3542,t_cell,inDrop1,12.250689,6.987823
3543,beta,inDrop1,5.6328907,16.003304
3544,beta,inDrop1,5.5274024,15.858959
3545,beta,inDrop1,6.5607805,14.172033
3546,alpha,inDrop1,14.592603,9.228196
3547,beta,inDrop1,5.5897603,15.638088
3548,endothelial,inDrop1,-2.672314,9.965359
3549,endothelial,inDrop1,-2.5997424,9.589825
3550,mast,inDrop1,9.682873,5.9025326
3551,beta,inDrop1,5.2551126,15.842955
3552,quiescent_stellate,inDrop1,0.35876265,5.3353868
3553,beta,inDrop1,5.574984,15.715277
3554,beta,inDrop1,6.6082783,15.3219385
3555,beta,inDrop1,5.1096706,15.50332
3556,beta,inDrop1,5.6228814,16.144747
3557,beta,inDrop1,5.686937,15.711778
3558,endothelial,inDrop1,-2.5326817,9.702477
3559,t_cell,inDrop1,12.316125,7.0024853
3560,ductal,inDrop1,11.102813,0.35590366
3561,quiescent_stellate,inDrop1,-1.0149659,5.6715817
3562,beta,inDrop1,6.5438538,15.220567
3563,beta,inDrop1,5.4877334,15.969564
3564,quiescent_stellate,inDrop1,0.37106687,5.2687387
3565,quiescent_stellate,inDrop1,0.27024928,5.3083673
3566,quiescent_stellate,inDrop1,0.22607425,5.430411
3567,beta,inDrop1,5.454922,16.086752
3568,beta,inDrop1,5.2156825,15.845224
3569,alpha,inDrop1,15.036702,9.049257
3570,beta,inDrop1,5.544052,15.873313
3571,beta,inDrop1,4.736611,15.315266
3572,beta,inDrop1,5.245717,15.854578
3573,alpha,inDrop1,15.153705,8.875719
3574,endothelial,inDrop1,-2.5464664,9.682262
3575,beta,inDrop1,5.4135313,16.021156
3576,endothelial,inDrop1,-2.5616174,9.629239
3577,beta,inDrop1,5.5792665,15.932076
3578,quiescent_stellate,inDrop1,0.2792557,5.41322
3579,delta,inDrop2,16.184172,17.439068
3580,delta,inDrop2,16.864065,17.206688
3581,alpha,inDrop2,14.91416,7.386426
3582,delta,inDrop2,16.70397,17.648052
3583,delta,inDrop2,16.429176,17.12266
3584,delta,inDrop2,16.955027,17.197914
3585,delta,inDrop2,16.323282,17.28169
3586,delta,inDrop2,16.94186,17.124516
3587,activated_stellate,inDrop2,-1.238951,5.676696
3588,ductal,inDrop2,7.001306,0.5274703
3589,delta,inDrop2,16.282722,17.289034
3590,delta,inDrop2,16.799414,17.261805
3591,alpha,inDrop2,15.086068,7.779595
3592,delta,inDrop2,16.916174,17.211573
3593,alpha,inDrop2,15.511621,7.016594
3594,alpha,inDrop2,15.603914,7.4375634
3595,beta,inDrop2,7.004584,14.431895
3596,ductal,inDrop2,11.256088,-0.30771476
3597,alpha,inDrop2,15.320572,7.540194
3598,alpha,inDrop2,16.519571,8.619053
3599,ductal,inDrop2,7.050063,0.008419378
3600,alpha,inDrop2,15.018629,6.959
3601,alpha,inDrop2,15.918509,7.011457
3602,delta,inDrop2,17.120897,17.582155
3603,ductal,inDrop2,7.0281324,0.059229303
3604,alpha,inDrop2,14.381327,7.1484823
3605,delta,inDrop2,16.872467,17.095594
3606,ductal,inDrop2,11.154964,-0.6157789
3607,ductal,inDrop2,7.0574985,0.0876929
3608,ductal,inDrop2,6.976173,0.23503022
3609,activated_stellate,inDrop2,-0.08919513,5.3715105
3610,ductal,inDrop2,11.474936,-0.58185107
3611,alpha,inDrop2,15.133006,7.872645
3612,delta,inDrop2,16.730354,17.124836
3613,delta,inDrop2,16.248436,17.685055
3614,delta,inDrop2,16.99712,17.241177
3615,alpha,inDrop2,15.303812,6.8697085
3616,ductal,inDrop2,6.6315866,1.0053706
3617,alpha,inDrop2,14.673155,7.696973
3618,macrophage,inDrop2,8.428424,-5.836813
3619,alpha,inDrop2,14.905815,6.5847783
3620,delta,inDrop2,16.943457,17.428381
3621,ductal,inDrop2,6.3359356,1.2435347
3622,delta,inDrop2,17.048645,17.616457
3623,alpha,inDrop2,15.859669,7.0986495
3624,alpha,inDrop2,16.35353,7.3260984
3625,alpha,inDrop2,14.559961,7.322709
3626,alpha,inDrop2,14.448453,6.853643
3627,ductal,inDrop2,11.6446,-0.15982112
3628,activated_stellate,inDrop2,-1.1998938,5.4221153
3629,ductal,inDrop2,6.979969,0.39308953
3630,alpha,inDrop2,14.995164,8.134592
3631,quiescent_stellate,inDrop2,0.12137346,5.4614997
3632,beta,inDrop2,7.221135,14.146291
3633,alpha,inDrop2,14.497755,7.0772347
3634,beta,inDrop2,6.0041633,14.936337
3635,beta,inDrop2,6.8960233,14.056594
3636,beta,inDrop2,7.013371,14.666397
3637,alpha,inDrop2,15.161328,6.417726
3638,delta,inDrop2,16.118536,17.675022
3639,delta,inDrop2,16.951555,17.364151
3640,alpha,inDrop2,16.413025,8.680738
3641,beta,inDrop2,6.8670015,14.3062525
3642,alpha,inDrop2,13.958756,7.2410207
3643,alpha,inDrop2,15.922371,7.5528026
3644,alpha,inDrop2,15.520766,7.2958603
3645,ductal,inDrop2,11.208397,-0.20532589
3646,beta,inDrop2,5.883042,14.426011
3647,ductal,inDrop2,7.2087064,-0.039498862
3648,activated_stellate,inDrop2,-1.1415408,5.5069613
3649,ductal,inDrop2,7.045473,0.13763824
3650,alpha,inDrop2,16.52677,8.60238
3651,beta,inDrop2,5.7219157,14.675686
3652,ductal,inDrop2,7.063998,0.04847242
3653,alpha,inDrop2,15.584288,6.831985
3654,beta,inDrop2,5.9999127,14.396878
3655,alpha,inDrop2,14.813581,7.105986
3656,ductal,inDrop2,7.0614214,0.049366627
3657,alpha,inDrop2,15.722843,7.623962
3658,beta,inDrop2,6.1931353,14.079499
3659,alpha,inDrop2,14.153083,6.9245515
3660,ductal,inDrop2,11.675356,0.88352084
3661,ductal,inDrop2,6.9747357,0.04734141
3662,alpha,inDrop2,15.5763645,7.1426167
3663,alpha,inDrop2,15.900192,7.578437
3664,ductal,inDrop2,6.7645965,0.8682057
3665,alpha,inDrop2,16.318262,7.0276384
3666,alpha,inDrop2,15.024758,6.3945465
3667,alpha,inDrop2,15.642218,7.6365376
3668,beta,inDrop2,6.2916646,14.015854
3669,alpha,inDrop2,14.772843,7.705584
3670,beta,inDrop2,6.887171,14.275148
3671,alpha,inDrop2,16.536976,8.652455
3672,ductal,inDrop2,6.643523,0.84334826
3673,delta,inDrop2,16.581297,17.831684
3674,gamma,inDrop2,10.775624,19.885302
3675,alpha,inDrop2,15.316316,6.7214437
3676,ductal,inDrop2,11.438136,-0.3990311
3677,alpha,inDrop2,16.654661,8.518808
3678,beta,inDrop2,6.2041965,14.200336
3679,beta,inDrop2,6.3833823,14.555111
3680,gamma,inDrop2,10.555659,19.83144
3681,alpha,inDrop2,15.456891,6.3302593
3682,delta,inDrop2,16.598103,17.442528
3683,beta,inDrop2,6.0554833,14.275091
3684,alpha,inDrop2,14.673819,6.8121924
3685,beta,inDrop2,7.035619,14.274165
3686,alpha,inDrop2,15.612846,7.358251
3687,alpha,inDrop2,15.055389,7.747566
3688,alpha,inDrop2,16.511173,8.625379
3689,beta,inDrop2,7.19983,15.170475
3690,ductal,inDrop2,11.791222,0.3325213
3691,ductal,inDrop2,11.806334,-0.4903216
3692,alpha,inDrop2,15.409492,7.4600563
3693,beta,inDrop2,7.264587,14.299727
3694,alpha,inDrop2,10.532854,19.844067
3695,ductal,inDrop2,7.0663643,0.47771907
3696,alpha,inDrop2,14.622901,6.9864173
3697,beta,inDrop2,7.1613474,14.439233
3698,alpha,inDrop2,15.987111,7.8190727
3699,ductal,inDrop2,11.667684,0.7700293
3700,alpha,inDrop2,15.80223,7.083321
3701,delta,inDrop2,16.911417,17.941912
3702,beta,inDrop2,6.7624865,13.834416
3703,ductal,inDrop2,6.739308,0.05943257
3704,beta,inDrop2,7.1019673,14.478045
3705,alpha,inDrop2,14.401235,8.162235
3706,beta,inDrop2,7.128803,14.229373
3707,ductal,inDrop2,11.140445,-0.6984935
3708,alpha,inDrop2,14.584529,6.7683687
3709,alpha,inDrop2,14.204667,7.2672977
3710,alpha,inDrop2,15.74658,7.5890975
3711,alpha,inDrop2,15.531042,7.9139743
3712,ductal,inDrop2,11.5201845,-0.87413
3713,alpha,inDrop2,15.849615,7.3080287
3714,ductal,inDrop2,11.582628,0.5091953
3715,beta,inDrop2,5.8682218,14.676083
3716,ductal,inDrop2,7.173348,0.46338162
3717,beta,inDrop2,6.5779905,13.86731
3718,alpha,inDrop2,15.880236,7.5976954
3719,beta,inDrop2,5.7135973,14.354408
3720,alpha,inDrop2,15.339124,6.3805695
3721,activated_stellate,inDrop2,-1.090345,5.4627533
3722,alpha,inDrop2,15.169999,6.4116435
3723,beta,inDrop2,5.450404,14.937409
3724,alpha,inDrop2,14.984419,6.911354
3725,alpha,inDrop2,16.635544,8.36208
3726,alpha,inDrop2,15.791225,7.3638163
3727,alpha,inDrop2,14.481945,7.3653336
3728,beta,inDrop2,6.1844463,14.273674
3729,ductal,inDrop2,11.727352,-0.091726586
3730,activated_stellate,inDrop2,-1.1250484,5.4152856
3731,alpha,inDrop2,14.507716,7.9680986
3732,alpha,inDrop2,14.72039,6.8734226
3733,ductal,inDrop2,10.985068,0.050116397
3734,delta,inDrop2,16.941002,17.491852
3735,alpha,inDrop2,16.679163,8.494118
3736,alpha,inDrop2,13.983167,7.1762967
3737,ductal,inDrop2,12.017109,-0.98862976
3738,ductal,inDrop2,11.651909,0.086767465
3739,alpha,inDrop2,16.240007,7.594842
3740,alpha,inDrop2,14.83065,7.118746
3741,alpha,inDrop2,15.519999,7.305615
3742,alpha,inDrop2,15.784437,7.5044985
3743,activated_stellate,inDrop2,-1.1669898,5.5138044
3744,alpha,inDrop2,15.796266,7.7945995
3745,macrophage,inDrop2,8.440418,-5.8242984
3746,alpha,inDrop2,15.563991,7.279121
3747,delta,inDrop2,16.891666,17.05906
3748,alpha,inDrop2,14.785721,6.6495347
3749,activated_stellate,inDrop2,-1.3082141,5.593665
3750,alpha,inDrop2,15.187102,7.6741962
3751,delta,inDrop2,16.236155,17.50343
3752,alpha,inDrop2,15.437099,6.4759564
3753,alpha,inDrop2,16.134605,7.44242
3754,alpha,inDrop2,14.698763,6.7733436
3755,ductal,inDrop2,11.601502,0.6942841
3756,alpha,inDrop2,15.701263,7.679055
3757,alpha,inDrop2,15.422002,6.677852
3758,alpha,inDrop2,15.155429,6.9593134
3759,ductal,inDrop2,6.8195305,0.91666216
3760,beta,inDrop2,6.9926863,14.548245
3761,beta,inDrop2,6.7781043,14.568729
3762,alpha,inDrop2,14.863746,6.832172
3763,gamma,inDrop2,10.721479,19.796492
3764,ductal,inDrop2,7.221617,0.03163887
3765,beta,inDrop2,7.252327,14.415718
3766,endothelial,inDrop2,-2.896219,9.901665
3767,gamma,inDrop2,10.53816,19.84301
3768,ductal,inDrop2,11.196093,-0.6019318
3769,alpha,inDrop2,14.89225,7.6968365
3770,ductal,inDrop2,11.862131,0.5063493
3771,delta,inDrop2,16.999254,17.602911
3772,ductal,inDrop2,6.47621,1.1102884
3773,beta,inDrop2,7.277544,14.300607
3774,beta,inDrop2,5.7785172,14.91274
3775,endothelial,inDrop2,-2.8993328,9.883628
3776,beta,inDrop2,6.581335,13.813231
3777,alpha,inDrop2,15.474357,7.705727
3778,delta,inDrop2,17.099201,17.467438
3779,beta,inDrop2,6.9728093,14.8309965
3780,activated_stellate,inDrop2,-0.98423,5.3104916
3781,alpha,inDrop2,15.702357,6.827219
3782,beta,inDrop2,6.41861,13.605279
3783,ductal,inDrop2,11.207456,-0.85026735
3784,beta,inDrop2,5.6238766,15.188135
3785,gamma,inDrop2,11.0077505,19.962372
3786,alpha,inDrop2,14.9498005,7.4155717
3787,alpha,inDrop2,14.680486,7.0137405
3788,alpha,inDrop2,14.478512,7.4769106
3789,delta,inDrop2,16.807312,17.375853
3790,alpha,inDrop2,14.791555,6.6897974
3791,ductal,inDrop2,6.9641013,0.728684
3792,alpha,inDrop2,15.641935,7.328986
3793,beta,inDrop2,7.119969,14.211103
3794,endothelial,inDrop2,-2.9441369,9.826197
3795,activated_stellate,inDrop2,-1.2746086,5.578166
3796,alpha,inDrop2,15.328964,6.427265
3797,beta,inDrop2,5.7832003,14.24898
3798,alpha,inDrop2,14.933543,6.9836082
3799,alpha,inDrop2,15.584033,7.7098055
3800,alpha,inDrop2,14.996037,6.9170156
3801,beta,inDrop2,6.1409035,14.614857
3802,beta,inDrop2,6.6837983,14.987593
3803,alpha,inDrop2,15.698055,6.98254
3804,gamma,inDrop2,10.89617,19.87531
3805,beta,inDrop2,6.904386,14.477036
3806,alpha,inDrop2,16.116741,7.5317073
3807,alpha,inDrop2,16.033932,6.972078
3808,alpha,inDrop2,16.404411,8.74818
3809,beta,inDrop2,7.1663313,14.387955
3810,ductal,inDrop2,11.469093,0.77729636
3811,beta,inDrop2,6.622943,13.881232
3812,activated_stellate,inDrop2,-1.3475229,5.5770736
3813,alpha,inDrop2,16.00272,7.6840243
3814,beta,inDrop2,6.8698516,13.938397
3815,beta,inDrop2,5.650689,14.92653
3816,gamma,inDrop2,10.761244,19.510044
3817,alpha,inDrop2,16.59665,8.317917
3818,alpha,inDrop2,15.004178,7.3220882
3819,alpha,inDrop2,16.578625,8.599022
3820,beta,inDrop2,6.325861,14.739875
3821,alpha,inDrop2,14.341138,7.166117
3822,endothelial,inDrop2,-2.8714068,9.787675
3823,alpha,inDrop2,15.045527,7.3161454
3824,delta,inDrop2,16.706785,17.6713
3825,activated_stellate,inDrop2,-1.1602004,5.448164
3826,gamma,inDrop2,10.952933,19.72741
3827,beta,inDrop2,6.246597,14.72416
3828,alpha,inDrop2,14.558682,7.5059443
3829,ductal,inDrop2,11.361827,-0.11582211
3830,beta,inDrop2,5.8495216,14.72445
3831,gamma,inDrop2,10.703477,19.6328
3832,beta,inDrop2,5.2797003,14.490232
3833,beta,inDrop2,7.084797,14.364963
3834,ductal,inDrop2,11.819817,-0.3548384
3835,ductal,inDrop2,11.296835,0.12626326
3836,alpha,inDrop2,15.108855,6.2432466
3837,beta,inDrop2,6.7504916,13.84207
3838,beta,inDrop2,4.67197,15.276766
3839,ductal,inDrop2,11.076787,-0.95172626
3840,beta,inDrop2,7.1801114,14.350449
3841,ductal,inDrop2,10.986668,0.026816547
3842,alpha,inDrop2,14.349821,7.14306
3843,alpha,inDrop2,15.125994,7.8488383
3844,activated_stellate,inDrop2,-1.222022,5.516701
3845,delta,inDrop2,17.092299,17.783796
3846,alpha,inDrop2,15.380613,6.4252176
3847,activated_stellate,inDrop2,-1.2192127,5.635487
3848,beta,inDrop2,6.8339214,14.841367
3849,alpha,inDrop2,14.47858,6.77487
3850,delta,inDrop2,17.060873,17.585989
3851,beta,inDrop2,6.104771,13.4844265
3852,beta,inDrop2,5.593095,13.907413
3853,delta,inDrop2,16.85318,17.26686
3854,ductal,inDrop2,10.983428,0.0631352
3855,alpha,inDrop2,15.261928,7.4268317
3856,delta,inDrop2,17.02028,17.627943
3857,alpha,inDrop2,16.046072,7.387688
3858,beta,inDrop2,6.722408,14.069207
3859,ductal,inDrop2,11.415695,0.04267176
3860,beta,inDrop2,6.2501464,14.045116
3861,endothelial,inDrop2,-2.672955,9.559463
3862,ductal,inDrop2,12.957801,-0.19629858
3863,beta,inDrop2,6.258719,14.157541
3864,alpha,inDrop2,15.372222,6.6597414
3865,activated_stellate,inDrop2,-1.0431448,5.4767537
3866,beta,inDrop2,6.7142215,14.372239
3867,alpha,inDrop2,15.3662195,7.6791186
3868,beta,inDrop2,6.553936,13.823278
3869,beta,inDrop2,6.972503,14.411932
3870,alpha,inDrop2,16.5573,8.627998
3871,beta,inDrop2,6.454476,13.873129
3872,alpha,inDrop2,16.615515,8.599534
3873,gamma,inDrop2,10.951077,19.89352
3874,beta,inDrop2,7.1152925,13.884755
3875,ductal,inDrop2,11.733919,0.4189803
3876,beta,inDrop2,6.2570553,13.893729
3877,alpha,inDrop2,15.075807,6.4326253
3878,alpha,inDrop2,15.327755,7.050925
3879,alpha,inDrop2,14.732756,6.555783
3880,alpha,inDrop2,14.696269,7.2112594
3881,ductal,inDrop2,11.620373,0.69968927
3882,beta,inDrop2,6.9903154,13.952374
3883,alpha,inDrop2,16.633953,8.426398
3884,alpha,inDrop2,15.234695,7.4388947
3885,ductal,inDrop2,11.294735,0.7214461
3886,alpha,inDrop2,15.7453375,7.0713677
3887,ductal,inDrop2,11.504717,-0.23389386
3888,alpha,inDrop2,14.569522,6.8140726
3889,alpha,inDrop2,15.948498,8.158635
3890,gamma,inDrop2,10.943695,19.63647
3891,ductal,inDrop2,6.402277,1.2335483
3892,ductal,inDrop2,11.27201,0.098414145
3893,alpha,inDrop2,15.13961,6.419316
3894,alpha,inDrop2,15.318193,7.6159267
3895,ductal,inDrop2,7.0172,0.051494386
3896,beta,inDrop2,7.0837803,13.626662
3897,ductal,inDrop2,11.20781,-0.22254576
3898,alpha,inDrop2,15.21872,6.472267
3899,ductal,inDrop2,11.754422,0.33679205
3900,alpha,inDrop2,16.24181,8.519249
3901,ductal,inDrop2,11.782438,0.4538556
3902,beta,inDrop2,5.0851035,14.04441
3903,beta,inDrop2,6.756523,13.626551
3904,beta,inDrop2,6.4638677,14.10398
3905,ductal,inDrop2,11.497216,-0.07594966
3906,ductal,inDrop2,11.160006,-0.39162076
3907,alpha,inDrop2,14.930959,6.457616
3908,delta,inDrop2,16.5388,17.241833
3909,alpha,inDrop2,14.559216,6.756535
3910,beta,inDrop2,7.1581903,14.22739
3911,beta,inDrop2,6.3886886,14.824872
3912,endothelial,inDrop2,-2.747102,9.860819
3913,alpha,inDrop2,14.762747,7.0225525
3914,alpha,inDrop2,14.037109,7.389833
3915,alpha,inDrop2,14.534471,6.589934
3916,alpha,inDrop2,15.082713,7.1528115
3917,alpha,inDrop2,14.657609,6.8353004
3918,alpha,inDrop2,14.135954,7.4943995
3919,ductal,inDrop2,11.145823,-0.8795726
3920,alpha,inDrop2,14.513439,8.887144
3921,alpha,inDrop2,15.241277,6.7020555
3922,ductal,inDrop2,11.376998,-0.39292952
3923,alpha,inDrop2,14.313508,7.02341
3924,ductal,inDrop2,11.718313,0.6276394
3925,ductal,inDrop2,11.4810505,-0.4938128
3926,ductal,inDrop2,11.908807,-0.11946291
3927,alpha,inDrop2,15.019024,6.6332316
3928,activated_stellate,inDrop2,-1.0781243,5.339058
3929,ductal,inDrop2,11.06554,0.0026427573
3930,alpha,inDrop2,14.914347,6.3172393
3931,alpha,inDrop2,14.439338,7.136683
3932,beta,inDrop2,5.347225,14.014679
3933,delta,inDrop2,16.95677,17.938847
3934,alpha,inDrop2,14.439985,7.0642605
3935,alpha,inDrop2,14.873925,6.6672473
3936,ductal,inDrop2,11.720772,0.05351047
3937,alpha,inDrop2,15.488467,6.52936
3938,alpha,inDrop2,15.062966,7.767873
3939,gamma,inDrop2,10.943493,19.672245
3940,ductal,inDrop2,11.22139,-0.8433157
3941,alpha,inDrop2,15.8085375,7.6377482
3942,delta,inDrop2,16.573908,18.013103
3943,endothelial,inDrop2,-2.932634,10.081592
3944,beta,inDrop2,6.308388,14.006514
3945,alpha,inDrop2,15.589854,7.8866134
3946,beta,inDrop2,6.807229,14.222079
3947,alpha,inDrop2,14.56506,7.3290467
3948,alpha,inDrop2,14.743042,6.824031
3949,alpha,inDrop2,14.913553,6.7823434
3950,gamma,inDrop2,10.868411,19.724531
3951,ductal,inDrop2,11.010693,0.00978285
3952,alpha,inDrop2,14.133665,7.1775756
3953,alpha,inDrop2,15.236002,6.991278
3954,gamma,inDrop2,10.780799,19.744448
3955,alpha,inDrop2,14.746581,6.6096816
3956,quiescent_stellate,inDrop2,0.17408706,5.3032384
3957,beta,inDrop2,5.08231,14.8944845
3958,ductal,inDrop2,7.074159,-0.00084998284
3959,ductal,inDrop2,7.0156116,0.34643114
3960,beta,inDrop2,6.9314594,14.042068
3961,alpha,inDrop2,14.604966,6.7344904
3962,alpha,inDrop2,14.570224,6.495336
3963,alpha,inDrop2,14.820845,7.085098
3964,alpha,inDrop2,14.19684,7.1353836
3965,alpha,inDrop2,15.160781,7.64664
3966,beta,inDrop2,6.7092214,14.2909975
3967,alpha,inDrop2,15.82576,6.897237
3968,beta,inDrop2,6.7422814,13.580938
3969,ductal,inDrop2,11.734569,0.03746388
3970,gamma,inDrop2,10.931613,19.770786
3971,beta,inDrop2,5.958634,14.498086
3972,activated_stellate,inDrop2,-1.0051819,6.1941695
3973,ductal,inDrop2,11.817987,0.41589233
3974,ductal,inDrop2,11.435863,0.5398347
3975,alpha,inDrop2,14.81038,7.73881
3976,gamma,inDrop2,10.88379,19.71047
3977,epsilon,inDrop2,15.35478,13.638831
3978,alpha,inDrop2,15.795588,6.8394337
3979,delta,inDrop2,16.972942,17.227346
3980,alpha,inDrop2,16.569342,8.505789
3981,ductal,inDrop2,6.001896,0.96769446
3982,alpha,inDrop2,16.663864,8.320658
3983,beta,inDrop2,5.7209816,14.2183695
3984,activated_stellate,inDrop2,-1.0825329,5.3279047
3985,gamma,inDrop2,10.857043,19.86096
3986,alpha,inDrop2,15.367258,6.7988267
3987,alpha,inDrop2,14.82257,7.3454695
3988,schwann,inDrop2,-0.39234224,7.318376
3989,ductal,inDrop2,7.0014453,0.35555142
3990,alpha,inDrop2,16.46163,8.753518
3991,alpha,inDrop2,15.076735,6.4678197
3992,gamma,inDrop2,10.95191,19.901281
3993,alpha,inDrop2,15.1659565,7.2330384
3994,alpha,inDrop2,15.0837755,6.615173
3995,alpha,inDrop2,15.67195,7.8987794
3996,alpha,inDrop2,14.44062,7.360351
3997,alpha,inDrop2,14.705937,6.5748377
3998,alpha,inDrop2,14.619887,7.1283035
3999,beta,inDrop2,6.7004247,13.870337
4000,macrophage,inDrop2,8.455263,-5.8336678
4001,ductal,inDrop2,11.785772,0.467201
4002,alpha,inDrop2,14.77747,6.6362
4003,alpha,inDrop2,14.901008,7.270925
4004,ductal,inDrop2,11.8118105,0.6028862
4005,alpha,inDrop2,15.6557455,7.573312
4006,alpha,inDrop2,16.414196,7.2830133
4007,alpha,inDrop2,16.326683,7.1128025
4008,beta,inDrop2,5.9397554,13.658013
4009,ductal,inDrop2,11.79588,0.59345835
4010,gamma,inDrop2,10.7229,19.742075
4011,delta,inDrop2,16.857704,17.18382
4012,ductal,inDrop2,11.5287,0.5933903
4013,delta,inDrop2,16.713972,17.408314
4014,beta,inDrop2,7.2795167,14.321275
4015,alpha,inDrop2,14.445772,6.929875
4016,ductal,inDrop2,11.225203,0.0796604
4017,gamma,inDrop2,10.932927,19.935446
4018,alpha,inDrop2,14.740785,7.227645
4019,alpha,inDrop2,15.188667,7.1465006
4020,alpha,inDrop2,14.989203,6.789511
4021,gamma,inDrop2,10.758862,19.986492
4022,activated_stellate,inDrop2,-1.020434,5.325678
4023,alpha,inDrop2,14.758974,7.3583612
4024,ductal,inDrop2,11.127898,-0.9434239
4025,alpha,inDrop2,15.81327,7.6530895
4026,alpha,inDrop2,14.755883,6.71138
4027,beta,inDrop2,6.8530245,14.0682955
4028,ductal,inDrop2,11.128217,-0.80771285
4029,alpha,inDrop2,15.347933,7.7750115
4030,gamma,inDrop2,10.668064,19.750782
4031,delta,inDrop2,17.033638,17.697084
4032,alpha,inDrop2,15.494038,6.863702
4033,alpha,inDrop2,14.67756,6.86435
4034,ductal,inDrop2,11.678717,0.69740504
4035,activated_stellate,inDrop2,-1.3519012,5.601856
4036,alpha,inDrop2,14.672151,8.6205015
4037,alpha,inDrop2,15.922663,7.0445156
4038,alpha,inDrop2,14.590978,6.978018
4039,gamma,inDrop2,10.926604,19.788433
4040,alpha,inDrop2,16.68247,8.483736
4041,beta,inDrop2,6.840071,14.178824
4042,alpha,inDrop2,15.286663,7.647005
4043,alpha,inDrop2,16.061268,7.694617
4044,beta,inDrop2,5.3758183,15.773386
4045,ductal,inDrop2,11.143647,-0.89750326
4046,schwann,inDrop2,-0.39403108,7.3136463
4047,delta,inDrop2,16.73294,17.317923
4048,gamma,inDrop2,10.834776,19.789188
4049,activated_stellate,inDrop2,-1.0782199,5.396942
4050,alpha,inDrop2,15.617724,6.530619
4051,ductal,inDrop2,6.965622,-0.03964623
4052,beta,inDrop2,5.9240184,14.546993
4053,beta,inDrop2,5.133521,15.69197
4054,alpha,inDrop2,15.658069,6.960557
4055,gamma,inDrop2,10.961209,20.013802
4056,gamma,inDrop2,10.977498,19.966484
4057,ductal,inDrop2,11.058616,0.24320279
4058,alpha,inDrop2,15.214662,6.8463073
4059,activated_stellate,inDrop2,-1.1594929,5.92659
4060,endothelial,inDrop2,-2.946926,10.141581
4061,beta,inDrop2,6.919821,13.725546
4062,beta,inDrop2,7.0686235,13.789663
4063,endothelial,inDrop2,-3.0210893,9.855059
4064,alpha,inDrop2,14.444529,7.2432837
4065,beta,inDrop2,6.228398,14.16981
4066,beta,inDrop2,6.967357,14.273074
4067,alpha,inDrop2,14.788251,7.592974
4068,ductal,inDrop2,12.574409,1.1760432
4069,alpha,inDrop2,14.702211,7.1263337
4070,alpha,inDrop2,15.075991,6.825336
4071,alpha,inDrop2,14.74449,7.160224
4072,gamma,inDrop2,10.894001,19.915771
4073,activated_stellate,inDrop2,-1.0949994,5.3746786
4074,alpha,inDrop2,15.632962,7.755882
4075,beta,inDrop2,4.5182557,14.89145
4076,alpha,inDrop2,14.212459,7.126324
4077,alpha,inDrop2,15.084254,6.5955687
4078,quiescent_stellate,inDrop2,0.17491387,5.258168
4079,gamma,inDrop2,10.739449,19.578203
4080,alpha,inDrop2,15.447456,6.925735
4081,alpha,inDrop2,16.16751,7.063593
4082,alpha,inDrop2,16.31675,8.449287
4083,alpha,inDrop2,16.09861,8.519639
4084,alpha,inDrop2,15.610783,6.3827868
4085,quiescent_stellate,inDrop2,0.2751383,5.2331557
4086,alpha,inDrop2,15.27516,7.073742
4087,alpha,inDrop2,15.353281,8.95253
4088,alpha,inDrop2,15.994467,7.2228403
4089,ductal,inDrop2,11.415451,-0.14981352
4090,alpha,inDrop2,16.352621,7.075498
4091,beta,inDrop2,7.011083,14.136204
4092,beta,inDrop2,5.0514593,14.17722
4093,beta,inDrop2,7.066432,13.7498865
4094,beta,inDrop2,6.9516325,13.815657
4095,ductal,inDrop2,11.15245,-0.8140886
4096,alpha,inDrop2,16.347206,5.9097395
4097,alpha,inDrop2,14.769541,7.252015
4098,ductal,inDrop2,11.458905,-1.0512373
4099,alpha,inDrop2,14.927267,6.4522433
4100,beta,inDrop2,5.825742,15.539789
4101,activated_stellate,inDrop2,-1.0423241,5.6198874
4102,ductal,inDrop2,11.3447275,-0.72753567
4103,mast,inDrop2,9.697773,5.8903503
4104,alpha,inDrop2,15.308377,6.4172697
4105,beta,inDrop2,6.7568645,14.972312
4106,alpha,inDrop2,15.327288,9.590428
4107,alpha,inDrop2,14.546814,6.9234414
4108,beta,inDrop2,5.210995,15.784017
4109,gamma,inDrop2,10.968428,19.687044
4110,beta,inDrop2,5.9223666,14.604584
4111,ductal,inDrop2,7.034274,0.5278454
4112,ductal,inDrop2,11.169892,-0.8841236
4113,ductal,inDrop2,11.213834,0.83553517
4114,ductal,inDrop2,11.521792,-0.0415423
4115,alpha,inDrop2,15.452966,6.6641927
4116,beta,inDrop2,5.456234,15.902321
4117,ductal,inDrop2,11.183415,-0.9404343
4118,beta,inDrop2,5.4560213,15.967899
4119,endothelial,inDrop2,-2.9537144,10.142753
4120,beta,inDrop2,6.583411,14.280691
4121,beta,inDrop2,5.673503,16.049128
4122,macrophage,inDrop2,8.415687,-5.7964945
4123,gamma,inDrop2,10.839688,19.536331
4124,ductal,inDrop2,11.26441,-0.7759843
4125,ductal,inDrop2,11.313458,0.095880635
4126,beta,inDrop2,6.725048,14.467847
4127,quiescent_stellate,inDrop2,0.41626996,5.100197
4128,ductal,inDrop2,7.1370797,0.008452214
4129,alpha,inDrop2,15.371295,9.253253
4130,alpha,inDrop2,15.844112,7.6078277
4131,ductal,inDrop2,11.12172,0.7625644
4132,alpha,inDrop2,15.403651,9.160428
4133,ductal,inDrop2,11.474062,0.3230036
4134,beta,inDrop2,5.4594426,15.826182
4135,alpha,inDrop2,15.257086,9.436721
4136,ductal,inDrop2,7.1078644,0.009147492
4137,beta,inDrop2,5.1835847,15.467604
4138,delta,inDrop2,16.921227,17.131577
4139,alpha,inDrop2,12.361891,7.0187683
4140,alpha,inDrop2,14.768867,6.683324
4141,alpha,inDrop2,14.761682,6.6050043
4142,alpha,inDrop2,16.001173,7.6925025
4143,delta,inDrop2,16.573643,18.031584
4144,ductal,inDrop2,11.03183,-0.75415033
4145,alpha,inDrop2,15.795023,6.6998224
4146,delta,inDrop2,16.702583,17.11851
4147,delta,inDrop2,17.191671,17.584486
4148,delta,inDrop2,16.805943,17.158373
4149,activated_stellate,inDrop2,-1.1344054,5.488291
4150,beta,inDrop2,5.5066094,15.498448
4151,delta,inDrop2,16.65643,17.125721
4152,ductal,inDrop2,6.7649527,0.96127224
4153,ductal,inDrop2,7.0048137,0.18587439
4154,ductal,inDrop2,6.5516033,1.1580895
4155,ductal,inDrop2,11.750159,0.26507518
4156,alpha,inDrop2,14.950821,7.1548357
4157,delta,inDrop2,16.689112,17.098686
4158,macrophage,inDrop2,8.435778,-5.834489
4159,beta,inDrop2,7.093094,14.316405
4160,delta,inDrop2,16.833565,17.143925
4161,ductal,inDrop2,6.8334103,0.90963644
4162,beta,inDrop2,6.8058515,14.651964
4163,delta,inDrop2,16.956516,17.279528
4164,alpha,inDrop2,15.27157,6.9472804
4165,alpha,inDrop2,15.858254,6.9379807
4166,activated_stellate,inDrop2,-1.1510023,5.360326
4167,ductal,inDrop2,7.3148246,0.5028107
4168,beta,inDrop2,6.849677,14.847654
4169,ductal,inDrop2,7.0921025,0.47556654
4170,alpha,inDrop2,16.27018,8.538731
4171,delta,inDrop2,17.0123,17.464918
4172,ductal,inDrop2,11.44636,-0.85950667
4173,ductal,inDrop2,6.217405,1.3311216
4174,beta,inDrop2,7.1893573,14.194913
4175,alpha,inDrop2,16.633919,8.528784
4176,alpha,inDrop2,10.833105,19.86717
4177,beta,inDrop2,6.9284477,14.212764
4178,alpha,inDrop2,15.763478,7.810259
4179,beta,inDrop2,5.543286,14.720422
4180,ductal,inDrop2,6.7683444,0.6885051
4181,ductal,inDrop2,7.039233,0.6674167
4182,ductal,inDrop2,6.7755647,1.0413872
4183,beta,inDrop2,6.115121,14.898763
4184,delta,inDrop2,17.147074,17.571047
4185,beta,inDrop2,6.802346,14.116179
4186,beta,inDrop2,7.0946536,13.817837
4187,ductal,inDrop2,11.264269,0.6563755
4188,alpha,inDrop2,15.952789,7.7016096
4189,ductal,inDrop2,6.7938404,0.62529963
4190,ductal,inDrop2,11.83231,-0.17515169
4191,beta,inDrop2,6.0350256,14.874838
4192,alpha,inDrop2,13.437241,8.368657
4193,beta,inDrop2,5.9171505,14.400544
4194,beta,inDrop2,5.8696957,15.1274185
4195,beta,inDrop2,6.3616285,14.816987
4196,alpha,inDrop2,15.984562,7.674219
4197,alpha,inDrop2,14.4355345,6.9619093
4198,beta,inDrop2,3.5263975,15.224991
4199,beta,inDrop2,6.3930492,14.205915
4200,alpha,inDrop2,14.527937,7.2547603
4201,beta,inDrop2,5.9235816,14.62662
4202,beta,inDrop2,5.1444464,14.666701
4203,beta,inDrop2,5.474918,14.972756
4204,ductal,inDrop2,6.6166525,1.0700879
4205,beta,inDrop2,6.198693,14.031964
4206,activated_stellate,inDrop2,-0.98958087,5.3315263
4207,beta,inDrop2,5.9516687,14.573027
4208,ductal,inDrop2,6.4433675,1.2756536
4209,beta,inDrop2,6.1012077,14.511221
4210,beta,inDrop2,6.282433,13.993055
4211,alpha,inDrop2,16.49427,8.691657
4212,ductal,inDrop2,11.144164,-0.15964532
4213,ductal,inDrop2,7.1986256,0.3790227
4214,beta,inDrop2,7.2988877,14.284396
4215,ductal,inDrop2,7.196319,0.63081825
4216,alpha,inDrop2,15.456314,7.4125385
4217,ductal,inDrop2,11.685094,0.38973188
4218,gamma,inDrop2,10.628457,19.947418
4219,alpha,inDrop2,14.240878,6.9909115
4220,beta,inDrop2,6.5174375,14.036797
4221,beta,inDrop2,6.6063094,14.405382
4222,activated_stellate,inDrop2,-1.2119712,5.5676484
4223,beta,inDrop2,6.9850597,14.326104
4224,beta,inDrop2,7.2418203,14.2330065
4225,alpha,inDrop2,15.188276,7.32625
4226,beta,inDrop2,5.6060333,14.232155
4227,gamma,inDrop2,10.853272,19.888115
4228,beta,inDrop2,7.3204,13.859904
4229,alpha,inDrop2,15.047004,7.623393
4230,ductal,inDrop2,7.0052423,-0.0207766
4231,beta,inDrop2,6.787326,14.088208
4232,alpha,inDrop2,14.979699,6.8182993
4233,alpha,inDrop2,15.826676,7.662755
4234,beta,inDrop2,6.54956,13.854707
4235,alpha,inDrop2,16.44331,7.60388
4236,alpha,inDrop2,15.888625,6.667357
4237,alpha,inDrop2,14.500446,7.0322695
4238,alpha,inDrop2,15.326069,7.4814024
4239,activated_stellate,inDrop2,-1.0189193,5.3314395
4240,alpha,inDrop2,14.810674,6.654591
4241,activated_stellate,inDrop2,-1.231759,5.572697
4242,beta,inDrop2,5.992406,14.7195215
4243,gamma,inDrop2,10.941325,19.970488
4244,alpha,inDrop2,15.446886,7.9189034
4245,beta,inDrop2,6.7951694,15.178667
4246,delta,inDrop2,17.04106,17.753117
4247,ductal,inDrop2,7.160228,0.2030785
4248,alpha,inDrop2,14.683309,7.1423616
4249,activated_stellate,inDrop2,-0.9089818,5.218407
4250,beta,inDrop2,6.945513,14.331841
4251,alpha,inDrop2,14.509557,6.769551
4252,alpha,inDrop2,15.787079,7.9235864
4253,alpha,inDrop2,15.225377,7.8670254
4254,beta,inDrop2,6.4387937,14.308201
4255,beta,inDrop2,6.9790783,14.234952
4256,activated_stellate,inDrop2,-1.0737737,5.3800125
4257,macrophage,inDrop2,8.429559,-5.829637
4258,ductal,inDrop2,7.126043,0.54322
4259,beta,inDrop2,5.501528,14.371158
4260,beta,inDrop2,6.4492803,13.682912
4261,alpha,inDrop2,16.304522,7.225183
4262,beta,inDrop2,7.205787,14.36112
4263,beta,inDrop2,6.6264324,13.886866
4264,ductal,inDrop2,7.08039,0.248927
4265,alpha,inDrop2,14.751616,6.5433044
4266,delta,inDrop2,16.560251,17.662868
4267,beta,inDrop2,6.2549734,14.734065
4268,beta,inDrop2,6.6800117,14.207771
4269,alpha,inDrop2,15.583248,7.472388
4270,beta,inDrop2,6.3945007,13.685318
4271,alpha,inDrop2,14.613683,7.136619
4272,beta,inDrop2,6.3033075,14.562615
4273,ductal,inDrop2,11.095423,0.17345472
4274,beta,inDrop2,6.9929457,14.238003
4275,alpha,inDrop2,16.520885,8.68864
4276,alpha,inDrop2,15.167607,7.3327065
4277,delta,inDrop2,17.098797,17.711653
4278,beta,inDrop2,7.139716,14.392026
4279,beta,inDrop2,6.260125,15.0145235
4280,alpha,inDrop2,14.296603,6.8281403
4281,macrophage,inDrop2,8.43672,-5.831464
4282,activated_stellate,inDrop2,-1.0637066,5.3340907
4283,ductal,inDrop2,7.103272,0.4036057
4284,beta,inDrop2,7.0270495,14.112766
4285,alpha,inDrop2,14.473001,6.8727565
4286,delta,inDrop2,16.704435,17.571543
4287,macrophage,inDrop2,8.4181385,-5.807278
4288,delta,inDrop2,17.07384,17.530201
4289,alpha,inDrop2,14.918668,7.371176
4290,ductal,inDrop2,7.0576625,0.4226196
4291,acinar,inDrop2,6.7876463,0.046095047
4292,delta,inDrop2,16.682316,17.26992
4293,alpha,inDrop2,16.014814,7.2778964
4294,ductal,inDrop2,7.0750175,0.12858993
4295,ductal,inDrop2,11.213117,0.118617415
4296,alpha,inDrop2,14.3724785,6.7269273
4297,beta,inDrop2,6.2334175,13.987008
4298,ductal,inDrop2,11.534691,-0.09917702
4299,ductal,inDrop2,6.8019247,0.42913902
4300,alpha,inDrop2,15.487978,7.52019
4301,alpha,inDrop2,14.701641,6.721986
4302,delta,inDrop2,16.521124,18.089643
4303,delta,inDrop2,17.204079,17.717495
4304,alpha,inDrop2,15.894375,8.590052
4305,alpha,inDrop2,16.524857,8.669862
4306,ductal,inDrop2,7.1529074,0.1450095
4307,alpha,inDrop2,14.993026,7.5439396
4308,alpha,inDrop2,16.167114,7.444939
4309,delta,inDrop2,16.861822,17.231722
4310,alpha,inDrop2,14.088499,7.019322
4311,beta,inDrop2,7.074689,13.665193
4312,beta,inDrop2,5.768299,14.906191
4313,alpha,inDrop2,15.370103,7.4122176
4314,ductal,inDrop2,11.691738,0.56522
4315,delta,inDrop2,16.920843,17.904425
4316,alpha,inDrop2,14.581684,6.5946913
4317,activated_stellate,inDrop2,-1.1249392,5.338719
4318,delta,inDrop2,16.702696,17.333324
4319,beta,inDrop2,6.6955953,14.623924
4320,gamma,inDrop2,10.908195,19.914248
4321,delta,inDrop2,16.899757,17.522804
4322,gamma,inDrop2,10.687546,19.87217
4323,beta,inDrop2,7.129827,14.392616
4324,ductal,inDrop2,11.434297,0.10258804
4325,alpha,inDrop2,14.987073,7.1839175
4326,ductal,inDrop2,11.75464,0.62902236
4327,alpha,inDrop2,15.024128,6.9078727
4328,ductal,inDrop2,12.180714,-0.29131636
4329,beta,inDrop2,5.5808835,15.116309
4330,ductal,inDrop2,11.8085985,0.52035284
4331,alpha,inDrop2,14.27196,7.051287
4332,beta,inDrop2,6.686209,14.433766
4333,beta,inDrop2,6.368096,14.136478
4334,ductal,inDrop2,6.786108,0.03041065
4335,beta,inDrop2,5.0169306,14.987093
4336,alpha,inDrop2,15.961417,7.580783
4337,ductal,inDrop2,11.644406,-0.3487055
4338,activated_stellate,inDrop2,-1.1482823,5.4380865
4339,alpha,inDrop2,14.763257,6.5630565
4340,beta,inDrop2,7.1556783,13.778909
4341,beta,inDrop2,6.4590983,13.707113
4342,ductal,inDrop2,11.606407,0.88171124
4343,alpha,inDrop2,15.758925,7.512306
4344,ductal,inDrop2,11.560729,-0.19924714
4345,alpha,inDrop2,14.631802,6.6985235
4346,alpha,inDrop2,16.575884,8.570946
4347,alpha,inDrop2,15.609531,7.300253
4348,alpha,inDrop2,14.65316,7.687386
4349,alpha,inDrop2,14.473645,7.6845284
4350,beta,inDrop2,5.844005,15.193679
4351,ductal,inDrop2,11.114473,-0.9124627
4352,alpha,inDrop2,15.574615,6.983785
4353,alpha,inDrop2,15.924913,6.7057695
4354,alpha,inDrop2,15.2161,7.5184774
4355,ductal,inDrop2,11.56167,0.08612764
4356,beta,inDrop2,7.0381966,13.53057
4357,ductal,inDrop2,11.117723,0.5826625
4358,activated_stellate,inDrop2,-1.101412,5.3565087
4359,alpha,inDrop2,15.56298,7.0861506
4360,beta,inDrop2,6.2359986,14.127013
4361,alpha,inDrop2,14.671875,6.636779
4362,alpha,inDrop2,14.530738,6.638235
4363,ductal,inDrop2,11.167474,-0.69369286
4364,alpha,inDrop2,15.198071,8.020314
4365,alpha,inDrop2,15.286773,7.697436
4366,beta,inDrop2,6.383563,14.758651
4367,beta,inDrop2,6.0416503,14.391988
4368,beta,inDrop2,7.314302,14.285255
4369,beta,inDrop2,5.8730936,14.262977
4370,ductal,inDrop2,6.7335405,0.8757205
4371,macrophage,inDrop2,8.418862,-5.8110456
4372,alpha,inDrop2,16.057007,7.181246
4373,ductal,inDrop2,7.0754685,0.06549698
4374,alpha,inDrop2,14.72337,7.717342
4375,beta,inDrop2,7.202271,14.226954
4376,beta,inDrop2,6.289631,13.60097
4377,ductal,inDrop2,11.222013,0.2201111
4378,beta,inDrop2,7.11116,14.368856
4379,delta,inDrop2,17.125376,17.570536
4380,quiescent_stellate,inDrop2,0.074258626,5.344578
4381,alpha,inDrop2,14.810729,7.66097
4382,alpha,inDrop2,15.59446,7.0200863
4383,beta,inDrop2,5.908852,14.552666
4384,ductal,inDrop2,11.6071415,0.2255435
4385,beta,inDrop2,6.9652324,13.9599905
4386,alpha,inDrop2,14.547999,6.581813
4387,beta,inDrop2,7.115816,13.861105
4388,alpha,inDrop2,14.544787,6.8545284
4389,beta,inDrop2,6.347464,13.931824
4390,beta,inDrop2,6.115111,14.888791
4391,beta,inDrop2,7.1327796,14.742982
4392,beta,inDrop2,6.15684,15.080911
4393,alpha,inDrop2,15.392858,7.0016985
4394,alpha,inDrop2,14.959275,7.1812525
4395,beta,inDrop2,7.080645,14.261364
4396,alpha,inDrop2,14.716466,6.5872283
4397,delta,inDrop2,16.447678,17.331139
4398,alpha,inDrop2,15.088717,7.0908413
4399,beta,inDrop2,4.731846,15.035212
4400,schwann,inDrop2,-0.39385682,7.3158693
4401,beta,inDrop2,6.5453696,13.55662
4402,beta,inDrop2,5.9638195,14.172808
4403,alpha,inDrop2,16.037603,7.607843
4404,alpha,inDrop2,16.022242,8.336141
4405,alpha,inDrop2,14.794639,7.2282205
4406,beta,inDrop2,6.075251,14.294276
4407,alpha,inDrop2,14.711915,7.498551
4408,beta,inDrop2,5.900568,15.421063
4409,ductal,inDrop2,11.357013,0.25804877
4410,ductal,inDrop2,11.15868,-0.7012394
4411,gamma,inDrop2,10.85702,19.737425
4412,beta,inDrop2,6.002114,14.353718
4413,alpha,inDrop2,14.347638,7.149403
4414,ductal,inDrop2,11.467158,-0.47197267
4415,beta,inDrop2,7.1190567,14.181352
4416,ductal,inDrop2,11.078516,-0.74792504
4417,ductal,inDrop2,11.706405,0.21102847
4418,alpha,inDrop2,15.258086,6.9491367
4419,activated_stellate,inDrop2,-1.122771,5.3778257
4420,delta,inDrop2,17.085766,17.485813
4421,beta,inDrop2,7.148926,14.032829
4422,beta,inDrop2,6.5947185,13.68544
4423,beta,inDrop2,7.1103306,14.283471
4424,alpha,inDrop2,14.427559,6.697545
4425,alpha,inDrop2,14.16191,7.5534873
4426,alpha,inDrop2,14.346544,6.7660675
4427,activated_stellate,inDrop2,-1.3290557,5.712751
4428,alpha,inDrop2,14.437373,6.8675117
4429,alpha,inDrop2,15.26979,6.715071
4430,alpha,inDrop2,14.9867325,7.0944796
4431,alpha,inDrop2,15.418098,6.6802135
4432,alpha,inDrop2,15.231379,7.0936384
4433,delta,inDrop2,16.654247,17.325655
4434,alpha,inDrop2,14.584598,7.4106216
4435,gamma,inDrop2,10.979225,19.893581
4436,alpha,inDrop2,15.041251,6.3848376
4437,alpha,inDrop2,14.921665,6.9418254
4438,gamma,inDrop2,10.974891,19.64048
4439,alpha,inDrop2,14.535058,6.6588235
4440,alpha,inDrop2,16.048975,7.404584
4441,alpha,inDrop2,14.963879,6.5610213
4442,alpha,inDrop2,15.801763,7.3487067
4443,ductal,inDrop2,11.763677,0.46356466
4444,alpha,inDrop2,15.483904,7.346056
4445,activated_stellate,inDrop2,-1.1615888,5.476729
4446,alpha,inDrop2,15.114443,6.301605
4447,delta,inDrop2,16.727789,17.594133
4448,alpha,inDrop2,14.57085,6.5068984
4449,alpha,inDrop2,14.622311,6.788544
4450,alpha,inDrop2,15.061421,7.3468914
4451,ductal,inDrop2,11.200251,-0.82710767
4452,delta,inDrop2,16.602715,17.71247
4453,alpha,inDrop2,14.528072,7.244268
4454,alpha,inDrop2,16.108612,8.374537
4455,alpha,inDrop2,16.413158,7.382223
4456,alpha,inDrop2,14.435011,6.6342044
4457,beta,inDrop2,7.1691437,14.306226
4458,beta,inDrop2,6.6200886,14.274436
4459,alpha,inDrop2,15.095822,7.4272676
4460,activated_stellate,inDrop2,-1.3143467,5.559229
4461,alpha,inDrop2,15.697258,6.876684
4462,beta,inDrop2,7.015497,14.248927
4463,alpha,inDrop2,14.799586,6.6904354
4464,beta,inDrop2,7.0269856,14.057511
4465,beta,inDrop2,6.9830756,14.128647
4466,alpha,inDrop2,15.564291,7.8743877
4467,alpha,inDrop2,15.736181,7.5443516
4468,activated_stellate,inDrop2,-1.0979224,5.303155
4469,beta,inDrop2,5.1816516,14.81072
4470,alpha,inDrop2,15.695833,7.5949187
4471,beta,inDrop2,4.5087495,14.632948
4472,delta,inDrop2,16.98762,17.729858
4473,beta,inDrop2,6.98663,15.435454
4474,alpha,inDrop2,14.568426,6.75855
4475,beta,inDrop2,4.8736553,14.719149
4476,gamma,inDrop2,10.992575,20.014257
4477,alpha,inDrop2,15.513511,7.7861347
4478,alpha,inDrop2,15.348694,7.919316
4479,alpha,inDrop2,14.864371,7.2774577
4480,beta,inDrop2,6.311298,13.507849
4481,beta,inDrop2,5.7350574,15.01905
4482,beta,inDrop2,7.0117216,14.060352
4483,activated_stellate,inDrop2,-1.2394568,5.571286
4484,endothelial,inDrop2,-2.999401,9.789377
4485,macrophage,inDrop2,8.427378,-5.81396
4486,alpha,inDrop2,14.459528,6.8013635
4487,alpha,inDrop2,14.853002,7.358237
4488,gamma,inDrop2,10.890133,19.871923
4489,alpha,inDrop2,14.629258,7.0326905
4490,endothelial,inDrop2,-2.8960738,10.08242
4491,alpha,inDrop2,14.987495,7.2434974
4492,alpha,inDrop2,14.780114,6.798145
4493,alpha,inDrop2,14.485775,6.996927
4494,beta,inDrop2,5.7780967,14.818851
4495,quiescent_stellate,inDrop2,0.44218647,5.0976243
4496,beta,inDrop2,7.1140833,13.756492
4497,alpha,inDrop2,14.818457,6.5696163
4498,ductal,inDrop2,10.922905,0.08085774
4499,ductal,inDrop2,11.088522,0.1719151
4500,alpha,inDrop2,14.974522,7.114934
4501,alpha,inDrop2,13.478651,8.417489
4502,ductal,inDrop2,11.466724,-0.10600574
4503,beta,inDrop2,5.9369974,14.367566
4504,alpha,inDrop2,14.590432,6.690207
4505,alpha,inDrop2,15.036061,7.772574
4506,ductal,inDrop2,11.62856,0.9389836
4507,beta,inDrop2,7.275398,14.32371
4508,endothelial,inDrop2,-2.6232848,9.190429
4509,alpha,inDrop2,14.419923,7.2843356
4510,alpha,inDrop2,14.961766,7.1970406
4511,alpha,inDrop2,14.566797,7.191491
4512,activated_stellate,inDrop2,-0.8186618,5.3622017
4513,ductal,inDrop2,11.106403,-0.9301293
4514,alpha,inDrop2,14.622766,6.8914194
4515,gamma,inDrop2,10.960541,19.652569
4516,alpha,inDrop2,14.75657,7.215159
4517,alpha,inDrop2,14.897315,6.9074283
4518,ductal,inDrop2,11.390906,0.5098037
4519,quiescent_stellate,inDrop2,0.068381175,5.3172474
4520,ductal,inDrop2,7.1587043,0.16511358
4521,ductal,inDrop2,7.111875,0.6310809
4522,alpha,inDrop2,15.814842,6.780214
4523,activated_stellate,inDrop2,-1.059156,5.3374214
4524,gamma,inDrop2,10.905539,19.966057
4525,ductal,inDrop2,11.934104,0.19082482
4526,endothelial,inDrop2,-2.8243294,9.542229
4527,alpha,inDrop2,14.596703,6.9515896
4528,ductal,inDrop2,7.1769686,0.53169656
4529,beta,inDrop2,6.6830053,13.724167
4530,ductal,inDrop2,11.808578,0.81697565
4531,macrophage,inDrop2,8.43083,-5.828459
4532,alpha,inDrop2,14.641288,6.8116627
4533,alpha,inDrop2,14.507316,7.201744
4534,beta,inDrop2,6.420775,13.613009
4535,beta,inDrop2,6.5639367,13.796044
4536,beta,inDrop2,5.8571453,14.7449665
4537,alpha,inDrop2,14.331627,6.989999
4538,activated_stellate,inDrop2,-1.0566099,5.5926485
4539,alpha,inDrop2,15.071103,6.4584126
4540,ductal,inDrop2,6.6243625,1.1258668
4541,alpha,inDrop2,14.892999,6.737224
4542,alpha,inDrop2,16.023853,7.6577325
4543,alpha,inDrop2,14.540432,7.1190515
4544,alpha,inDrop2,15.409597,7.1436605
4545,gamma,inDrop2,10.983558,19.982561
4546,beta,inDrop2,7.0448413,13.676874
4547,ductal,inDrop2,11.153334,0.07359747
4548,beta,inDrop2,7.084758,13.627724
4549,alpha,inDrop2,15.279853,6.3862877
4550,beta,inDrop2,5.7697473,14.801606
4551,alpha,inDrop2,16.1826,7.4230833
4552,alpha,inDrop2,14.963196,7.629274
4553,beta,inDrop2,5.1966286,15.768695
4554,alpha,inDrop2,14.555249,6.6740184
4555,alpha,inDrop2,15.321189,7.2354765
4556,gamma,inDrop2,10.889619,19.83953
4557,ductal,inDrop2,11.498643,0.17497279
4558,beta,inDrop2,6.2902336,14.158435
4559,alpha,inDrop2,15.077582,7.2909303
4560,alpha,inDrop2,16.2848,7.894719
4561,alpha,inDrop2,14.9101515,7.4190335
4562,alpha,inDrop2,14.315931,7.1475577
4563,gamma,inDrop2,10.900609,19.516825
4564,delta,inDrop2,17.024853,17.86933
4565,alpha,inDrop2,15.964914,7.8246136
4566,activated_stellate,inDrop2,-1.3138839,5.7245035
4567,macrophage,inDrop2,8.455262,-5.832123
4568,beta,inDrop2,5.1635966,13.966951
4569,beta,inDrop2,5.8710465,14.345385
4570,alpha,inDrop2,14.476642,7.029508
4571,gamma,inDrop2,10.988188,19.941671
4572,beta,inDrop2,7.0793324,13.60359
4573,alpha,inDrop2,15.313522,7.058939
4574,alpha,inDrop2,15.206093,6.4019184
4575,ductal,inDrop2,7.02172,0.3631692
4576,beta,inDrop2,6.9833813,14.353518
4577,beta,inDrop2,5.9095607,14.200923
4578,alpha,inDrop2,14.935937,7.2844033
4579,alpha,inDrop2,14.324161,7.068106
4580,ductal,inDrop2,7.1228833,0.6201908
4581,alpha,inDrop2,14.3887,7.9270577
4582,alpha,inDrop2,14.27886,7.1044765
4583,alpha,inDrop2,14.799579,6.645294
4584,alpha,inDrop2,15.224407,7.2195115
4585,activated_stellate,inDrop2,-1.1360401,5.449973
4586,alpha,inDrop2,14.141959,8.369015
4587,alpha,inDrop2,15.47577,6.684534
4588,alpha,inDrop2,15.641775,7.3110666
4589,alpha,inDrop2,14.738621,7.335556
4590,gamma,inDrop2,10.922678,20.01148
4591,beta,inDrop2,4.0019755,15.796112
4592,alpha,inDrop2,14.521101,6.8195877
4593,alpha,inDrop2,14.287391,7.1034083
4594,alpha,inDrop2,14.939188,6.470629
4595,beta,inDrop2,6.246867,14.725954
4596,beta,inDrop2,5.740691,14.947628
4597,alpha,inDrop2,15.494847,7.938707
4598,alpha,inDrop2,14.461992,7.693764
4599,quiescent_stellate,inDrop2,0.09150092,5.3787174
4600,ductal,inDrop2,11.745918,0.16920197
4601,alpha,inDrop2,14.818392,6.6934114
4602,beta,inDrop2,6.8728914,13.681729
4603,alpha,inDrop2,15.406269,6.578408
4604,beta,inDrop2,6.9596515,14.4057865
4605,ductal,inDrop2,11.788696,0.8781695
4606,beta,inDrop2,6.188386,13.812079
4607,alpha,inDrop2,14.662259,7.541668
4608,alpha,inDrop2,14.523317,7.143903
4609,gamma,inDrop2,10.781677,19.887512
4610,alpha,inDrop2,14.762378,7.2708197
4611,alpha,inDrop2,16.50032,7.1678896
4612,beta,inDrop2,7.1718726,13.949222
4613,activated_stellate,inDrop2,-1.2412374,5.6306415
4614,alpha,inDrop2,16.23553,8.393929
4615,endothelial,inDrop2,-2.916826,10.119782
4616,alpha,inDrop2,14.643098,7.1867485
4617,alpha,inDrop2,14.436187,6.731619
4618,alpha,inDrop2,16.016352,7.4240026
4619,alpha,inDrop2,15.371744,9.278326
4620,beta,inDrop2,6.8578043,14.04923
4621,alpha,inDrop2,14.825727,6.8264117
4622,beta,inDrop2,6.317953,15.867489
4623,alpha,inDrop2,15.7504635,6.9181013
4624,alpha,inDrop2,14.728893,6.4593487
4625,gamma,inDrop2,10.667455,19.859129
4626,alpha,inDrop2,15.016116,6.8384733
4627,alpha,inDrop2,14.601197,7.095307
4628,alpha,inDrop2,15.225627,6.3247833
4629,alpha,inDrop2,15.559933,7.508946
4630,alpha,inDrop2,15.42477,6.756569
4631,alpha,inDrop2,15.3022175,7.2311783
4632,alpha,inDrop2,15.558094,8.333735
4633,beta,inDrop2,5.3538313,13.966283
4634,alpha,inDrop2,15.742854,7.6739244
4635,alpha,inDrop2,15.366202,7.276963
4636,ductal,inDrop2,11.658482,0.96701676
4637,activated_stellate,inDrop2,-1.2073213,5.592646
4638,ductal,inDrop2,11.187703,-0.4719218
4639,alpha,inDrop2,14.34545,7.5710917
4640,alpha,inDrop2,14.856944,6.610889
4641,mast,inDrop2,9.704124,5.8930306
4642,alpha,inDrop2,14.744499,7.481829
4643,alpha,inDrop2,15.438221,6.6148686
4644,beta,inDrop2,5.17344,15.664064
4645,beta,inDrop2,6.3473725,13.716519
4646,beta,inDrop2,5.281814,14.062477
4647,ductal,inDrop2,11.701664,-0.36223873
4648,beta,inDrop2,7.323593,14.2657175
4649,alpha,inDrop2,16.694895,8.510179
4650,beta,inDrop2,6.967864,13.960564
4651,ductal,inDrop2,12.60407,1.2157764
4652,alpha,inDrop2,14.557175,6.6315904
4653,schwann,inDrop2,-0.39255372,7.3174276
4654,alpha,inDrop2,14.640291,6.5934706
4655,alpha,inDrop2,14.552556,6.795959
4656,beta,inDrop2,6.6390457,13.845706
4657,gamma,inDrop2,10.95302,19.994583
4658,beta,inDrop2,6.3281064,15.273695
4659,ductal,inDrop2,11.523293,0.91184974
4660,ductal,inDrop2,12.019539,0.099394724
4661,alpha,inDrop2,15.075907,7.3791175
4662,gamma,inDrop2,10.811563,19.770628
4663,mast,inDrop2,9.696958,5.8853836
4664,gamma,inDrop2,10.829762,19.630585
4665,mast,inDrop2,9.683206,5.87683
4666,alpha,inDrop2,15.714383,7.221841
4667,ductal,inDrop2,11.91204,-0.046915874
4668,gamma,inDrop2,10.7888975,19.744408
4669,alpha,inDrop2,14.730538,7.0852056
4670,alpha,inDrop2,15.5421295,6.902648
4671,alpha,inDrop2,14.415868,6.9832325
4672,alpha,inDrop2,15.495669,7.138718
4673,ductal,inDrop2,11.287988,-0.705451
4674,alpha,inDrop2,15.283288,7.88719
4675,alpha,inDrop2,15.678527,7.245869
4676,alpha,inDrop2,14.314084,6.673234
4677,mast,inDrop2,9.693602,5.8848176
4678,alpha,inDrop2,15.137483,7.4048643
4679,alpha,inDrop2,15.193214,7.764729
4680,quiescent_stellate,inDrop2,0.19176716,5.2716765
4681,beta,inDrop2,6.81106,13.895994
4682,alpha,inDrop2,14.516679,6.9461637
4683,beta,inDrop2,5.484834,15.4627075
4684,alpha,inDrop2,16.053513,6.951328
4685,alpha,inDrop2,15.307958,9.517951
4686,gamma,inDrop2,10.674866,19.664375
4687,gamma,inDrop2,10.88443,19.708904
4688,ductal,inDrop2,11.494537,-0.19420895
4689,alpha,inDrop2,16.441593,8.688604
4690,activated_stellate,inDrop2,-1.2560706,5.6287537
4691,alpha,inDrop2,14.493156,7.5222607
4692,ductal,inDrop2,11.745342,0.568193
4693,delta,inDrop2,16.838541,17.76203
4694,alpha,inDrop2,14.922513,7.322609
4695,alpha,inDrop2,15.307932,7.0177383
4696,activated_stellate,inDrop2,-1.0062976,5.3445263
4697,beta,inDrop2,5.2491136,15.6085615
4698,alpha,inDrop2,14.600712,7.3850102
4699,quiescent_stellate,inDrop2,0.48475644,5.1107883
4700,ductal,inDrop2,11.337183,0.43747762
4701,alpha,inDrop2,15.431129,9.422206
4702,quiescent_stellate,inDrop2,0.10641327,5.2933116
4703,ductal,inDrop2,6.647098,0.99165463
4704,alpha,inDrop2,15.251249,6.8153987
4705,activated_stellate,inDrop2,-1.1149237,5.5125847
4706,beta,inDrop2,6.3567266,15.638658
4707,beta,inDrop2,6.1503663,15.004878
4708,activated_stellate,inDrop2,-1.0061414,6.055186
4709,alpha,inDrop2,15.970858,7.922112
4710,alpha,inDrop2,15.70479,6.8479476
4711,ductal,inDrop2,11.2676525,-0.44725198
4712,beta,inDrop2,6.6850066,14.360126
4713,beta,inDrop2,6.3975797,14.194792
4714,alpha,inDrop2,15.088177,7.1852565
4715,schwann,inDrop2,-0.41138497,7.281592
4716,gamma,inDrop2,10.9215355,19.914171
4717,ductal,inDrop2,11.746995,-0.37758425
4718,alpha,inDrop2,15.291215,6.7640815
4719,t_cell,inDrop2,12.239051,6.9809875
4720,schwann,inDrop2,-0.4060733,7.289682
4721,beta,inDrop2,7.084181,14.168918
4722,gamma,inDrop2,10.926875,19.730011
4723,beta,inDrop2,5.4112453,15.939547
4724,beta,inDrop2,5.210769,15.615583
4725,beta,inDrop2,5.298672,15.625898
4726,beta,inDrop2,5.7643843,15.962716
4727,t_cell,inDrop2,12.243561,6.9886017
4728,beta,inDrop2,5.5485992,15.438172
4729,beta,inDrop2,5.3471775,15.649256
4730,alpha,inDrop2,15.335377,6.7133827
4731,beta,inDrop2,5.191157,15.849562
4732,alpha,inDrop2,15.428842,9.359696
4733,ductal,inDrop2,11.202357,0.8174775
4734,beta,inDrop2,7.0504694,13.824796
4735,alpha,inDrop2,15.339713,9.417966
4736,ductal,inDrop2,6.854289,0.6078093
4737,alpha,inDrop2,15.441234,9.394756
4738,beta,inDrop2,6.790561,14.611767
4739,delta,inDrop2,16.87149,17.131727
4740,delta,inDrop2,16.957607,17.187883
4741,beta,inDrop2,6.4986434,13.830694
4742,ductal,inDrop2,6.0745535,1.341478
4743,alpha,inDrop2,16.52966,8.505509
4744,beta,inDrop2,6.41631,14.322317
4745,ductal,inDrop2,11.132719,-0.55583525
4746,alpha,inDrop2,15.674194,6.8314924
4747,delta,inDrop2,16.50913,17.200762
4748,ductal,inDrop2,7.079662,0.61296546
4749,alpha,inDrop2,14.732414,6.4904923
4750,ductal,inDrop2,7.0203943,0.26733473
4751,delta,inDrop2,16.42026,17.140827
4752,ductal,inDrop2,11.586977,0.02460772
4753,alpha,inDrop2,16.515745,8.09204
4754,ductal,inDrop2,11.762034,0.06774439
4755,ductal,inDrop2,6.847457,0.19776726
4756,delta,inDrop2,16.802074,17.127499
4757,delta,inDrop2,16.724035,17.394855
4758,alpha,inDrop2,16.709814,8.462537
4759,beta,inDrop2,7.095956,14.4346895
4760,delta,inDrop2,16.940367,17.266666
4761,delta,inDrop2,16.457361,17.520172
4762,beta,inDrop2,6.911297,13.788427
4763,delta,inDrop2,16.870022,17.356524
4764,ductal,inDrop2,6.75684,0.8538868
4765,ductal,inDrop2,7.0715065,0.240442
4766,ductal,inDrop2,7.0509787,0.09633319
4767,ductal,inDrop2,7.0672226,0.7139077
4768,delta,inDrop2,16.744846,17.080435
4769,alpha,inDrop2,15.52378,6.5124354
4770,delta,inDrop2,15.976641,17.77846
4771,alpha,inDrop2,15.66673,6.931038
4772,beta,inDrop2,6.9423957,14.504269
4773,ductal,inDrop2,6.674731,0.94098234
4774,epsilon,inDrop2,17.008295,16.843218
4775,alpha,inDrop2,15.323318,7.699929
4776,delta,inDrop2,16.854952,17.119297
4777,alpha,inDrop2,16.671843,8.398677
4778,delta,inDrop2,16.643204,17.132154
4779,alpha,inDrop2,15.038076,6.270606
4780,delta,inDrop2,16.788801,17.1841
4781,activated_stellate,inDrop2,-1.1079549,5.403645
4782,alpha,inDrop2,16.30578,8.428425
4783,alpha,inDrop2,15.8942375,7.8582664
4784,delta,inDrop2,16.177057,17.433758
4785,delta,inDrop2,16.748466,17.118557
4786,beta,inDrop2,7.06579,14.739885
4787,beta,inDrop2,6.031362,15.161899
4788,alpha,inDrop2,15.657543,7.2610703
4789,alpha,inDrop2,16.065886,7.5368686
4790,beta,inDrop2,5.865085,14.694509
4791,delta,inDrop2,16.469612,17.07826
4792,alpha,inDrop2,15.484331,6.3309584
4793,alpha,inDrop2,15.954888,7.3432813
4794,activated_stellate,inDrop2,-1.2945563,5.4990025
4795,ductal,inDrop2,6.9769926,0.18952757
4796,alpha,inDrop2,14.701389,7.583715
4797,beta,inDrop2,6.8359513,13.593346
4798,alpha,inDrop2,14.688378,7.222096
4799,activated_stellate,inDrop2,-1.1055913,5.295461
4800,alpha,inDrop2,15.262865,7.5160027
4801,ductal,inDrop2,7.0024476,0.38875878
4802,alpha,inDrop2,14.442088,6.647167
4803,acinar,inDrop2,7.042545,0.09785696
4804,alpha,inDrop2,15.407822,7.4139814
4805,beta,inDrop2,6.5151443,15.03429
4806,delta,inDrop2,16.577818,17.315826
4807,alpha,inDrop2,14.465959,6.6324015
4808,alpha,inDrop2,16.370796,7.546805
4809,alpha,inDrop2,15.303059,6.52219
4810,alpha,inDrop2,15.351051,7.6441226
4811,alpha,inDrop2,16.53976,8.663436
4812,alpha,inDrop2,15.637231,6.9542313
4813,macrophage,inDrop2,8.4255905,-5.8398223
4814,macrophage,inDrop2,8.433734,-5.833022
4815,ductal,inDrop2,11.765094,0.52466506
4816,beta,inDrop2,6.0820765,14.604093
4817,ductal,inDrop2,11.195513,-0.70982003
4818,ductal,inDrop2,6.832718,0.22211845
4819,alpha,inDrop2,14.620368,7.8353977
4820,alpha,inDrop2,14.610896,7.154849
4821,alpha,inDrop2,16.22748,6.9786706
4822,alpha,inDrop2,15.234954,6.468842
4823,ductal,inDrop2,7.0263557,0.31509334
4824,delta,inDrop2,16.606585,17.664326
4825,delta,inDrop2,17.1258,17.781548
4826,beta,inDrop2,6.6629887,14.94873
4827,alpha,inDrop2,15.675895,7.2011476
4828,ductal,inDrop2,7.0902042,0.2673654
4829,ductal,inDrop2,10.997058,-0.0639336
4830,beta,inDrop2,5.8674545,14.810394
4831,alpha,inDrop2,14.64255,7.0802526
4832,delta,inDrop2,16.788551,17.076103
4833,beta,inDrop2,6.1723547,14.120237
4834,quiescent_stellate,inDrop2,-0.27956477,5.39122
4835,delta,inDrop2,17.072428,17.565956
4836,quiescent_stellate,inDrop2,0.18875043,5.5295863
4837,activated_stellate,inDrop2,-1.1642274,5.368064
4838,alpha,inDrop2,15.075103,7.6709185
4839,activated_stellate,inDrop2,-1.0628663,5.4799914
4840,ductal,inDrop2,6.815591,0.40967005
4841,alpha,inDrop2,16.19141,7.6175847
4842,alpha,inDrop2,14.710466,6.642803
4843,beta,inDrop2,5.8310137,14.17352
4844,beta,inDrop2,5.3037176,14.409133
4845,activated_stellate,inDrop2,-1.1084906,5.3156266
4846,beta,inDrop2,7.0471673,14.07439
4847,beta,inDrop2,6.6183243,13.968431
4848,ductal,inDrop2,11.832506,0.17263015
4849,ductal,inDrop2,7.025706,0.6609709
4850,alpha,inDrop2,14.684443,6.8158875
4851,ductal,inDrop2,11.888657,0.60475
4852,ductal,inDrop2,7.036148,0.27538437
4853,alpha,inDrop2,15.882094,6.7584834
4854,activated_stellate,inDrop2,-0.9731735,5.3240256
4855,alpha,inDrop2,14.98862,7.712402
4856,ductal,inDrop2,6.989086,0.7910531
4857,beta,inDrop2,7.1659265,14.44998
4858,beta,inDrop2,6.7726097,14.13608
4859,alpha,inDrop2,15.567533,7.3450565
4860,delta,inDrop2,16.55939,17.499838
4861,activated_stellate,inDrop2,-1.0042455,5.336637
4862,ductal,inDrop2,11.143154,0.014496483
4863,beta,inDrop2,5.7508645,14.539945
4864,alpha,inDrop2,15.356843,7.891964
4865,alpha,inDrop2,14.982799,6.846886
4866,alpha,inDrop2,15.301687,7.4304333
4867,alpha,inDrop2,15.999493,7.3249674
4868,activated_stellate,inDrop2,-1.1049055,5.7218337
4869,beta,inDrop2,7.2943153,14.344031
4870,beta,inDrop2,6.862518,14.008581
4871,beta,inDrop2,6.7386346,14.1469145
4872,alpha,inDrop2,14.147075,6.95372
4873,beta,inDrop2,6.7819324,14.709497
4874,delta,inDrop2,17.066105,17.702742
4875,alpha,inDrop2,15.318635,7.4073863
4876,alpha,inDrop2,14.7725725,6.6099553
4877,alpha,inDrop2,14.322027,6.7621703
4878,beta,inDrop2,6.5411024,14.004015
4879,alpha,inDrop2,15.583806,7.804547
4880,alpha,inDrop2,15.811958,8.259037
4881,ductal,inDrop2,11.433888,-0.5672693
4882,beta,inDrop2,6.0838532,14.657207
4883,alpha,inDrop2,14.916653,6.6439686
4884,macrophage,inDrop2,8.452921,-5.831362
4885,ductal,inDrop2,7.009452,0.62195253
4886,delta,inDrop2,16.500957,17.201365
4887,alpha,inDrop2,16.133074,8.466752
4888,beta,inDrop2,6.908667,14.472565
4889,alpha,inDrop2,14.4876175,6.78029
4890,alpha,inDrop2,16.545069,8.575443
4891,alpha,inDrop2,14.375814,6.841251
4892,activated_stellate,inDrop2,-1.1109313,5.432737
4893,ductal,inDrop2,11.099932,-0.6454548
4894,alpha,inDrop2,15.757526,7.5787826
4895,ductal,inDrop2,7.0313296,0.39881366
4896,delta,inDrop2,17.041685,17.442234
4897,beta,inDrop2,6.736506,14.007314
4898,delta,inDrop2,16.874157,17.157495
4899,ductal,inDrop2,7.082875,0.03641614
4900,alpha,inDrop2,15.726728,7.692945
4901,alpha,inDrop2,14.701875,6.6053543
4902,beta,inDrop2,6.2474074,15.142076
4903,activated_stellate,inDrop2,-1.0394896,5.2917247
4904,ductal,inDrop2,7.1245995,0.5789305
4905,ductal,inDrop2,11.35425,-1.0047144
4906,ductal,inDrop2,11.92246,0.4775566
4907,ductal,inDrop2,11.160084,-0.2284588
4908,alpha,inDrop2,16.48257,8.648785
4909,delta,inDrop2,16.870378,17.090422
4910,ductal,inDrop2,7.0944037,0.43293044
4911,alpha,inDrop2,15.413479,8.385021
4912,alpha,inDrop2,14.6603985,6.60891
4913,alpha,inDrop2,16.17603,7.0483627
4914,alpha,inDrop2,15.8095455,6.8340383
4915,alpha,inDrop2,16.521261,8.479374
4916,beta,inDrop2,6.661972,13.902861
4917,alpha,inDrop2,16.668257,8.304946
4918,alpha,inDrop2,15.070924,7.618496
4919,alpha,inDrop2,14.265518,7.7492676
4920,activated_stellate,inDrop2,-1.3458825,5.6091805
4921,alpha,inDrop2,15.482697,7.3817263
4922,beta,inDrop2,6.4692183,13.714331
4923,alpha,inDrop2,14.721476,7.3121295
4924,ductal,inDrop2,11.64862,0.48523915
4925,alpha,inDrop2,16.60648,8.50747
4926,alpha,inDrop2,16.1868,7.7778063
4927,alpha,inDrop2,15.346292,7.4632215
4928,ductal,inDrop2,7.028253,0.064981334
4929,alpha,inDrop2,13.873938,7.3415203
4930,alpha,inDrop2,16.118681,7.351057
4931,acinar,inDrop2,6.810342,0.20222595
4932,beta,inDrop2,6.0949354,14.701412
4933,ductal,inDrop2,6.994253,0.3507712
4934,beta,inDrop2,6.517001,13.550386
4935,ductal,inDrop2,11.569752,-0.6948976
4936,alpha,inDrop2,15.232741,6.32901
4937,beta,inDrop2,5.4222436,14.3356495
4938,alpha,inDrop2,15.909886,6.9628167
4939,delta,inDrop2,16.570036,17.378454
4940,alpha,inDrop2,16.107775,7.4182034
4941,ductal,inDrop2,12.864973,-0.015386901
4942,alpha,inDrop2,16.153477,7.647054
4943,alpha,inDrop2,14.443535,7.021247
4944,alpha,inDrop2,16.034363,6.8612013
4945,endothelial,inDrop2,-2.9488292,10.096541
4946,ductal,inDrop2,6.920953,0.5265851
4947,delta,inDrop2,16.867235,17.651325
4948,beta,inDrop2,6.6291175,14.243305
4949,alpha,inDrop2,15.177699,6.274825
4950,alpha,inDrop2,15.8777075,7.735047
4951,alpha,inDrop2,14.4640665,6.674656
4952,beta,inDrop2,4.880505,14.940556
4953,alpha,inDrop2,15.398236,7.77548
4954,ductal,inDrop2,10.986673,0.13219026
4955,alpha,inDrop2,16.36939,7.6378565
4956,alpha,inDrop2,16.24796,7.685357
4957,beta,inDrop2,7.0050373,14.361057
4958,alpha,inDrop2,14.348619,6.7851768
4959,alpha,inDrop2,15.241528,7.314572
4960,delta,inDrop2,16.929403,17.213999
4961,alpha,inDrop2,15.282154,6.41883
4962,alpha,inDrop2,15.433309,6.3421903
4963,delta,inDrop2,17.096813,17.718317
4964,activated_stellate,inDrop2,-1.1669798,5.501948
4965,alpha,inDrop2,14.919999,6.858868
4966,ductal,inDrop2,11.775488,0.4402122
4967,quiescent_stellate,inDrop2,0.019844599,5.289079
4968,alpha,inDrop2,14.97667,7.344173
4969,alpha,inDrop2,16.121845,8.390585
4970,ductal,inDrop2,11.094874,-0.9436343
4971,beta,inDrop2,7.1169677,14.199641
4972,beta,inDrop2,6.7700257,14.373472
4973,alpha,inDrop2,16.302294,6.8814707
4974,ductal,inDrop2,11.875917,0.20010449
4975,ductal,inDrop2,11.385468,0.029940225
4976,gamma,inDrop2,10.834771,19.649378
4977,activated_stellate,inDrop2,-1.0256608,5.3917427
4978,alpha,inDrop2,14.927733,6.658231
4979,alpha,inDrop2,14.825491,7.5105686
4980,delta,inDrop2,17.078362,17.421898
4981,beta,inDrop2,6.5599566,13.721001
4982,alpha,inDrop2,14.624342,7.1867948
4983,beta,inDrop2,6.324237,13.6244135
4984,activated_stellate,inDrop2,-1.0875163,5.504564
4985,beta,inDrop2,7.195238,14.326502
4986,delta,inDrop2,17.094313,17.725412
4987,delta,inDrop2,17.073347,17.762394
4988,quiescent_stellate,inDrop2,0.15343763,5.4139824
4989,delta,inDrop2,16.77452,17.100899
4990,beta,inDrop2,6.832334,14.254736
4991,ductal,inDrop2,11.27101,0.78756684
4992,alpha,inDrop2,14.503074,7.0058975
4993,beta,inDrop2,6.5919523,14.352454
4994,beta,inDrop2,6.1092205,14.549289
4995,alpha,inDrop2,15.942772,7.743789
4996,alpha,inDrop2,15.372262,8.109313
4997,delta,inDrop2,16.84494,17.783903
4998,beta,inDrop2,7.0528207,13.632769
4999,alpha,inDrop2,15.381538,6.4070234
5000,gamma,inDrop2,10.904109,19.901508
5001,alpha,inDrop2,15.476735,6.8768578
5002,activated_stellate,inDrop2,-1.2394867,5.574481
5003,beta,inDrop2,7.199706,13.929617
5004,alpha,inDrop2,15.148838,6.908012
5005,ductal,inDrop2,11.118138,-0.9742995
5006,ductal,inDrop2,11.817636,0.2913948
5007,beta,inDrop2,6.251015,13.996772
5008,macrophage,inDrop2,8.444203,-5.826998
5009,beta,inDrop2,7.101479,14.385187
5010,activated_stellate,inDrop2,-1.071127,5.4007916
5011,ductal,inDrop2,7.1760254,0.7655938
5012,beta,inDrop2,6.524041,14.487606
5013,alpha,inDrop2,15.615306,7.333032
5014,alpha,inDrop2,15.461398,8.160839
5015,alpha,inDrop2,14.870815,6.974648
5016,activated_stellate,inDrop2,-1.3027551,5.5271525
5017,activated_stellate,inDrop2,-1.2203562,5.472198
5018,ductal,inDrop2,11.476999,0.82444537
5019,alpha,inDrop2,15.949728,8.12636
5020,alpha,inDrop2,15.573264,7.3933697
5021,beta,inDrop2,6.635961,14.019
5022,alpha,inDrop2,14.908738,7.160253
5023,alpha,inDrop2,15.14361,6.5004573
5024,alpha,inDrop2,14.116643,7.4456844
5025,delta,inDrop2,16.81934,17.05817
5026,activated_stellate,inDrop2,-1.1228455,5.4197354
5027,beta,inDrop2,6.283383,13.860547
5028,beta,inDrop2,6.5413733,13.743514
5029,endothelial,inDrop2,-2.9469502,10.148523
5030,beta,inDrop2,6.866262,15.069396
5031,alpha,inDrop2,14.473989,6.8205495
5032,alpha,inDrop2,14.664141,8.693968
5033,alpha,inDrop2,14.169853,6.9245424
5034,ductal,inDrop2,11.363357,-0.9860407
5035,ductal,inDrop2,11.667414,0.7294996
5036,alpha,inDrop2,14.681667,7.3174744
5037,beta,inDrop2,4.9918613,14.761095
5038,beta,inDrop2,6.2195,13.967563
5039,alpha,inDrop2,15.122237,7.0761585
5040,beta,inDrop2,6.5329647,14.42337
5041,alpha,inDrop2,15.860221,7.71298
5042,endothelial,inDrop2,-2.9789703,10.156714
5043,delta,inDrop2,16.704184,17.601131
5044,beta,inDrop2,6.405235,13.956496
5045,ductal,inDrop2,11.472106,0.026480438
5046,alpha,inDrop2,15.251384,7.276947
5047,quiescent_stellate,inDrop2,0.3412282,5.1331396
5048,delta,inDrop2,16.792795,17.355875
5049,ductal,inDrop2,7.0177975,0.6685554
5050,beta,inDrop2,4.9908476,14.817031
5051,delta,inDrop2,16.73802,17.036518
5052,ductal,inDrop2,11.869436,0.48823982
5053,alpha,inDrop2,15.699701,6.7202325
5054,delta,inDrop2,17.08863,17.770351
5055,ductal,inDrop2,11.521897,-0.12209915
5056,beta,inDrop2,6.850637,0.5263726
5057,beta,inDrop2,5.9842415,14.631373
5058,alpha,inDrop2,15.458342,7.1778436
5059,beta,inDrop2,5.220416,14.725605
5060,ductal,inDrop2,7.0905495,0.34919736
5061,beta,inDrop2,7.1641936,13.66799
5062,alpha,inDrop2,16.350878,7.1240535
5063,alpha,inDrop2,14.62795,6.5222387
5064,ductal,inDrop2,11.629791,0.30944452
5065,ductal,inDrop2,11.58457,0.8730796
5066,alpha,inDrop2,15.964117,7.5266314
5067,gamma,inDrop2,10.899122,19.760971
5068,delta,inDrop2,16.95365,17.505224
5069,ductal,inDrop2,11.216764,0.0411791
5070,alpha,inDrop2,16.246136,7.236878
5071,beta,inDrop2,5.68916,14.860411
5072,ductal,inDrop2,7.1193786,0.48708898
5073,alpha,inDrop2,15.483482,6.6746283
5074,alpha,inDrop2,16.436628,6.934713
5075,gamma,inDrop2,10.520178,19.847212
5076,alpha,inDrop2,15.258068,6.878185
5077,alpha,inDrop2,16.624025,8.622913
5078,ductal,inDrop2,11.158778,-0.71466464
5079,gamma,inDrop2,10.9315815,19.965555
5080,alpha,inDrop2,15.415086,7.356157
5081,alpha,inDrop2,16.116076,6.3096275
5082,alpha,inDrop2,15.537802,6.92797
5083,delta,inDrop2,16.761679,17.4031
5084,gamma,inDrop2,10.869417,19.876682
5085,alpha,inDrop2,15.302221,7.466425
5086,endothelial,inDrop2,-2.9038713,10.07736
5087,delta,inDrop2,16.890104,17.154346
5088,alpha,inDrop2,15.490381,7.0489187
5089,ductal,inDrop2,11.712755,0.12209473
5090,gamma,inDrop2,10.994642,20.001646
5091,activated_stellate,inDrop2,-1.0019983,5.2611895
5092,beta,inDrop2,5.836656,14.359229
5093,ductal,inDrop2,11.143229,0.6753108
5094,activated_stellate,inDrop2,-1.0818943,5.326043
5095,gamma,inDrop2,10.879553,19.705856
5096,alpha,inDrop2,14.536748,6.703739
5097,beta,inDrop2,6.480897,13.92975
5098,gamma,inDrop2,10.612649,19.752533
5099,alpha,inDrop2,15.645808,6.796532
5100,gamma,inDrop2,10.755264,19.915901
5101,alpha,inDrop2,16.27065,8.415775
5102,alpha,inDrop2,15.105722,6.590548
5103,beta,inDrop2,5.0329475,14.937242
5104,ductal,inDrop2,11.188561,-0.8679615
5105,alpha,inDrop2,16.353128,5.88429
5106,ductal,inDrop2,7.0971313,0.65161675
5107,delta,inDrop2,16.8486,17.506208
5108,ductal,inDrop2,11.142786,-0.7728746
5109,alpha,inDrop2,14.505322,6.9049745
5110,alpha,inDrop2,15.72647,7.8262935
5111,beta,inDrop2,6.088442,14.289137
5112,alpha,inDrop2,16.159409,7.417657
5113,beta,inDrop2,7.3262944,14.242395
5114,alpha,inDrop2,14.215903,7.106534
5115,ductal,inDrop2,11.757451,0.69922286
5116,gamma,inDrop2,10.6189,19.688633
5117,alpha,inDrop2,15.442069,7.7251005
5118,alpha,inDrop2,15.007894,6.2546706
5119,alpha,inDrop2,15.621938,6.7515445
5120,ductal,inDrop2,5.5628366,1.1618152
5121,alpha,inDrop2,14.481966,6.6519713
5122,gamma,inDrop2,11.003054,20.019358
5123,quiescent_stellate,inDrop2,0.32850727,5.3668065
5124,beta,inDrop2,6.4849105,13.661039
5125,ductal,inDrop2,11.356956,-0.9092417
5126,alpha,inDrop2,14.821424,7.52165
5127,alpha,inDrop2,15.212133,6.5604997
5128,alpha,inDrop2,14.993816,7.8436384
5129,ductal,inDrop2,11.415833,-0.55934125
5130,alpha,inDrop2,15.434668,6.771853
5131,beta,inDrop2,6.9449835,14.482554
5132,ductal,inDrop2,11.8448305,-0.5229271
5133,alpha,inDrop2,16.341454,5.894166
5134,beta,inDrop2,5.881445,14.4238405
5135,alpha,inDrop2,15.094722,7.9110503
5136,gamma,inDrop2,10.933925,19.925726
5137,gamma,inDrop2,10.602121,19.787943
5138,alpha,inDrop2,16.528564,8.522841
5139,beta,inDrop2,6.0462804,14.875311
5140,alpha,inDrop2,14.608107,8.21795
5141,alpha,inDrop2,15.045584,6.4292855
5142,beta,inDrop2,6.662505,14.270293
5143,alpha,inDrop2,14.610486,7.0413055
5144,alpha,inDrop2,16.519997,8.746076
5145,gamma,inDrop2,10.851747,19.753824
5146,alpha,inDrop2,16.5383,8.607147
5147,delta,inDrop2,17.025673,17.540209
5148,alpha,inDrop2,14.453675,6.907722
5149,alpha,inDrop2,14.686552,7.4617553
5150,beta,inDrop2,6.7074304,13.839731
5151,beta,inDrop2,6.3463297,14.036304
5152,alpha,inDrop2,16.454569,8.6639805
5153,alpha,inDrop2,16.12144,6.984735
5154,endothelial,inDrop2,-2.8929265,10.107256
5155,ductal,inDrop2,11.80093,0.7509666
5156,gamma,inDrop2,10.573549,19.773472
5157,alpha,inDrop2,14.277875,6.8057194
5158,endothelial,inDrop2,-2.9644694,10.177277
5159,ductal,inDrop2,11.165962,-0.8444123
5160,gamma,inDrop2,10.811892,19.753279
5161,delta,inDrop2,16.789148,17.470644
5162,gamma,inDrop2,10.897839,19.855827
5163,alpha,inDrop2,14.640731,6.6261926
5164,ductal,inDrop2,7.055227,0.67615896
5165,quiescent_stellate,inDrop2,0.10508213,5.3020434
5166,quiescent_stellate,inDrop2,0.037245546,5.3001842
5167,beta,inDrop2,6.8088403,13.942315
5168,beta,inDrop2,6.5936894,14.048808
5169,gamma,inDrop2,10.900317,19.70157
5170,beta,inDrop2,7.129552,13.965509
5171,alpha,inDrop2,14.503099,7.2971644
5172,ductal,inDrop2,11.116013,-0.8490991
5173,beta,inDrop2,7.248252,14.252978
5174,beta,inDrop2,7.098608,14.059599
5175,delta,inDrop2,16.772053,17.026907
5176,gamma,inDrop2,10.642851,19.860445
5177,ductal,inDrop2,11.254469,-0.4229367
5178,alpha,inDrop2,15.837408,7.5982556
5179,alpha,inDrop2,15.524212,7.3825192
5180,delta,inDrop2,16.630066,17.510435
5181,alpha,inDrop2,15.889185,6.923958
5182,ductal,inDrop2,11.355419,-0.46079713
5183,beta,inDrop2,6.0068645,14.697797
5184,beta,inDrop2,7.012014,13.8234415
5185,ductal,inDrop2,11.590383,0.37661615
5186,alpha,inDrop2,14.341401,7.0240974
5187,ductal,inDrop2,11.106291,-0.43215185
5188,beta,inDrop2,6.861961,13.907257
5189,alpha,inDrop2,14.5700445,6.4762464
5190,alpha,inDrop2,13.771951,7.4085436
5191,alpha,inDrop2,14.922231,7.979656
5192,gamma,inDrop2,10.840123,19.843483
5193,alpha,inDrop2,15.031702,6.689227
5194,delta,inDrop2,16.828714,17.2122
5195,alpha,inDrop2,16.482443,8.731253
5196,beta,inDrop2,6.761076,13.920564
5197,ductal,inDrop2,11.871824,0.3856313
5198,alpha,inDrop2,14.891128,7.4490085
5199,alpha,inDrop2,14.676813,7.751596
5200,beta,inDrop2,6.4290824,13.834001
5201,alpha,inDrop2,14.755111,6.8281946
5202,beta,inDrop2,6.8753853,14.025572
5203,beta,inDrop2,5.7901435,14.363713
5204,ductal,inDrop2,11.153089,-0.5130581
5205,ductal,inDrop2,11.597213,0.85660017
5206,alpha,inDrop2,14.7035,6.872647
5207,gamma,inDrop2,10.768987,19.825687
5208,alpha,inDrop2,15.134833,6.453298
5209,alpha,inDrop2,14.569,6.503891
5210,ductal,inDrop2,11.258627,-0.76170385
5211,ductal,inDrop2,11.76759,0.7194504
5212,beta,inDrop2,6.517857,15.443627
5213,alpha,inDrop2,14.963378,7.036691
5214,gamma,inDrop2,10.877824,19.66272
5215,ductal,inDrop2,7.1223884,0.41970673
5216,beta,inDrop2,7.0185833,13.718288
5217,ductal,inDrop2,11.16492,-0.845879
5218,beta,inDrop2,6.8096657,14.897737
5219,alpha,inDrop2,15.501697,6.7912536
5220,alpha,inDrop2,15.079525,7.590928
5221,beta,inDrop2,6.5307946,14.286911
5222,alpha,inDrop2,15.197258,7.6424646
5223,alpha,inDrop2,15.571549,6.978446
5224,ductal,inDrop2,11.8630085,0.5057776
5225,activated_stellate,inDrop2,-1.0244379,5.4091973
5226,alpha,inDrop2,14.494625,7.139936
5227,ductal,inDrop2,11.912372,0.75725627
5228,delta,inDrop2,17.047977,17.614923
5229,alpha,inDrop2,15.8073845,7.803068
5230,quiescent_stellate,inDrop2,0.08289129,5.287496
5231,gamma,inDrop2,10.800887,19.678604
5232,beta,inDrop2,6.8452387,13.724708
5233,mast,inDrop2,9.700005,5.8912663
5234,alpha,inDrop2,16.348513,5.9051523
5235,quiescent_stellate,inDrop2,0.01596487,5.3028665
5236,alpha,inDrop2,15.496878,6.70816
5237,activated_stellate,inDrop2,-0.91573256,6.259092
5238,alpha,inDrop2,15.190377,7.023301
5239,beta,inDrop2,6.7777004,14.309632
5240,alpha,inDrop2,15.52535,7.1420126
5241,alpha,inDrop2,15.387083,7.1113772
5242,ductal,inDrop2,11.21136,0.3739102
5243,ductal,inDrop2,11.181524,-0.6848715
5244,ductal,inDrop2,11.043077,-0.994812
5245,beta,inDrop2,5.3344164,15.600571
5246,endothelial,inDrop2,-2.8082068,9.835302
5247,ductal,inDrop2,11.801093,0.63031465
5248,beta,inDrop2,5.938456,15.466014
5249,ductal,inDrop2,11.748034,0.0059472863
5250,alpha,inDrop2,15.4576025,7.375497
5251,alpha,inDrop2,14.614135,7.389783
5252,beta,inDrop2,6.7424846,14.156934
5253,gamma,inDrop2,10.862543,19.953749
5254,alpha,inDrop2,16.331747,5.9362397
5255,alpha,inDrop2,16.679466,8.470674
5256,beta,inDrop2,6.7207503,14.394475
5257,alpha,inDrop2,16.337902,5.957337
5258,beta,inDrop2,5.5978575,15.463451
5259,beta,inDrop2,5.754895,15.681989
5260,endothelial,inDrop2,-2.754125,9.924149
5261,beta,inDrop2,4.8157578,15.138994
5262,mast,inDrop2,9.701046,5.890939
5263,gamma,inDrop2,10.936967,19.882298
5264,gamma,inDrop2,10.674912,19.877733
5265,alpha,inDrop2,16.325352,5.896474
5266,ductal,inDrop2,11.131342,0.22171749
5267,mast,inDrop2,9.700936,5.8886733
5268,alpha,inDrop2,15.943467,7.8017435
5269,alpha,inDrop2,15.155434,6.8407702
5270,alpha,inDrop2,16.324966,5.933888
5271,beta,inDrop2,6.20118,15.16033
5272,alpha,inDrop2,16.338072,5.8867702
5273,alpha,inDrop2,15.151092,6.7536654
5274,alpha,inDrop2,16.209936,8.478212
5275,alpha,inDrop2,16.195866,6.9662876
5276,alpha,inDrop2,16.35375,8.24892
5277,ductal,inDrop2,12.57076,1.1579813
5278,alpha,inDrop2,16.321358,5.9202294
5279,beta,inDrop2,5.86656,13.9969635
5280,beta,inDrop2,4.4963555,14.915756
5281,alpha,inDrop2,15.237318,6.4214973
5282,activated_stellate,inDrop2,-1.0552216,5.4670815
5283,mast,inDrop2,9.70027,5.8909755
5284,activated_stellate,inDrop2,10.803584,19.52514
5285,alpha,inDrop2,15.542664,6.4343743
5286,ductal,inDrop2,11.124275,-0.8373607
5287,beta,inDrop2,5.296387,15.591114
5288,alpha,inDrop2,14.818588,7.4183474
5289,ductal,inDrop2,11.558041,-0.22265127
5290,gamma,inDrop2,10.813681,19.862324
5291,beta,inDrop2,5.383093,15.60016
5292,beta,inDrop2,7.0062604,13.765633
5293,alpha,inDrop2,14.663988,7.046986
5294,beta,inDrop2,5.2403073,15.767726
5295,alpha,inDrop2,16.36311,5.873047
5296,gamma,inDrop2,10.966036,19.711071
5297,beta,inDrop2,5.3982477,15.99219
5298,activated_stellate,inDrop2,-0.9832133,5.4418807
5299,macrophage,inDrop2,8.423134,-5.813691
5300,ductal,inDrop2,7.0375447,0.22125603
5301,activated_stellate,inDrop2,-0.96148807,5.8299813
5302,alpha,inDrop2,15.589939,7.3351493
5303,acinar,inDrop3,5.231458,0.2703481
5304,acinar,inDrop3,5.4696603,0.74310356
5305,acinar,inDrop3,5.275718,0.8229778
5306,acinar,inDrop3,6.2407084,0.23993844
5307,acinar,inDrop3,6.189988,0.058306456
5308,acinar,inDrop3,5.7338333,-0.48119694
5309,acinar,inDrop3,5.9832444,-0.12983263
5310,acinar,inDrop3,5.638918,-0.4832487
5311,acinar,inDrop3,5.8102746,-0.43972227
5312,acinar,inDrop3,5.398546,0.91920066
5313,acinar,inDrop3,5.708051,0.28385377
5314,acinar,inDrop3,5.546184,-0.23897965
5315,acinar,inDrop3,5.239885,0.36542743
5316,acinar,inDrop3,5.9668655,-0.0525527
5317,acinar,inDrop3,5.3215513,0.6270478
5318,acinar,inDrop3,5.2999125,0.9479008
5319,acinar,inDrop3,5.5008874,0.97984153
5320,acinar,inDrop3,5.2229414,0.23321354
5321,acinar,inDrop3,5.7300553,-0.42789826
5322,acinar,inDrop3,5.884427,0.4362473
5323,acinar,inDrop3,5.7822566,0.31442505
5324,acinar,inDrop3,5.404586,0.87371516
5325,acinar,inDrop3,5.9930897,0.6604653
5326,acinar,inDrop3,5.497491,1.4168543
5327,acinar,inDrop3,5.712432,0.15045235
5328,acinar,inDrop3,5.187946,0.7301004
5329,acinar,inDrop3,5.6399207,-0.091820106
5330,delta,inDrop3,16.161737,17.396347
5331,acinar,inDrop3,6.073412,0.6249474
5332,delta,inDrop3,16.708279,17.295853
5333,acinar,inDrop3,5.684408,1.0789769
5334,acinar,inDrop3,5.4714313,1.0837514
5335,acinar,inDrop3,5.8387423,0.7223182
5336,acinar,inDrop3,5.7747726,-0.039989647
5337,acinar,inDrop3,5.7118316,0.590803
5338,acinar,inDrop3,5.9268937,-0.23622271
5339,acinar,inDrop3,6.688935,0.7922875
5340,acinar,inDrop3,5.7679687,-0.427683
5341,delta,inDrop3,16.249886,17.938072
5342,acinar,inDrop3,5.421991,0.42258695
5343,acinar,inDrop3,5.852908,-0.20316474
5344,acinar,inDrop3,5.7021317,0.109683916
5345,acinar,inDrop3,4.9784627,0.83483535
5346,acinar,inDrop3,5.892853,-0.23362173
5347,acinar,inDrop3,5.324848,0.8481415
5348,acinar,inDrop3,5.692021,-0.47708282
5349,acinar,inDrop3,5.8961477,-0.23838829
5350,ductal,inDrop3,11.673993,-0.15450238
5351,acinar,inDrop3,6.3390307,0.19705759
5352,acinar,inDrop3,6.060741,1.0481638
5353,acinar,inDrop3,5.7704062,-0.33353603
5354,acinar,inDrop3,6.328421,0.012287172
5355,acinar,inDrop3,5.9830537,0.3099995
5356,acinar,inDrop3,6.0029063,0.66814363
5357,acinar,inDrop3,5.7191567,0.703896
5358,alpha,inDrop3,14.158221,9.082773
5359,acinar,inDrop3,6.06921,0.2254289
5360,acinar,inDrop3,5.217666,0.45884076
5361,acinar,inDrop3,5.7815256,-0.459845
5362,acinar,inDrop3,5.678081,0.9291744
5363,acinar,inDrop3,5.312604,0.14905438
5364,acinar,inDrop3,5.217044,0.942931
5365,acinar,inDrop3,5.4456825,0.14466497
5366,beta,inDrop3,5.2845454,14.759182
5367,ductal,inDrop3,11.829749,0.023143286
5368,acinar,inDrop3,11.892788,-0.67441964
5369,acinar,inDrop3,5.5864654,0.7946416
5370,alpha,inDrop3,14.138771,8.677772
5371,acinar,inDrop3,5.5760813,0.005794708
5372,acinar,inDrop3,5.685964,1.1038548
5373,endothelial,inDrop3,-2.8672988,9.820999
5374,acinar,inDrop3,6.084246,-0.06032708
5375,acinar,inDrop3,5.9919167,-0.30915293
5376,acinar,inDrop3,5.186638,0.79237044
5377,delta,inDrop3,16.270504,17.986248
5378,acinar,inDrop3,6.152083,-0.12395911
5379,acinar,inDrop3,5.636394,0.5274715
5380,acinar,inDrop3,5.4788156,1.0832269
5381,acinar,inDrop3,5.359446,0.5464309
5382,acinar,inDrop3,5.575717,0.96023697
5383,alpha,inDrop3,13.748332,7.227928
5384,acinar,inDrop3,6.1200614,0.06643121
5385,alpha,inDrop3,14.407063,8.404631
5386,acinar,inDrop3,5.1699653,0.5638563
5387,acinar,inDrop3,6.185007,-0.048802733
5388,acinar,inDrop3,5.688476,-0.52056587
5389,acinar,inDrop3,5.2229767,0.92964333
5390,activated_stellate,inDrop3,-1.0036997,6.358871
5391,acinar,inDrop3,5.2772236,0.17016202
5392,acinar,inDrop3,5.7305555,1.0781894
5393,delta,inDrop3,16.164434,17.784395
5394,acinar,inDrop3,5.3386893,0.19318755
5395,acinar,inDrop3,5.177097,0.066937365
5396,acinar,inDrop3,5.9604716,0.86043274
5397,acinar,inDrop3,5.8749638,-0.19156124
5398,acinar,inDrop3,5.7544975,-0.46679097
5399,acinar,inDrop3,5.553373,0.13022067
5400,acinar,inDrop3,5.596447,0.23644686
5401,beta,inDrop3,6.128676,16.451416
5402,beta,inDrop3,5.516541,13.844794
5403,acinar,inDrop3,6.157918,-0.06634593
5404,alpha,inDrop3,15.979012,7.248241
5405,alpha,inDrop3,14.625683,8.526545
5406,delta,inDrop3,16.311636,17.330439
5407,acinar,inDrop3,5.799111,-0.3158472
5408,delta,inDrop3,16.612251,18.018621
5409,acinar,inDrop3,5.4754367,0.26303193
5410,acinar,inDrop3,6.009034,0.8921498
5411,acinar,inDrop3,5.049728,0.8371032
5412,delta,inDrop3,16.809568,18.014875
5413,alpha,inDrop3,16.39306,7.8142257
5414,acinar,inDrop3,5.258395,0.5564283
5415,acinar,inDrop3,5.1625834,0.6359071
5416,delta,inDrop3,16.33093,17.073616
5417,alpha,inDrop3,14.147912,8.478278
5418,acinar,inDrop3,5.8295765,-0.07736659
5419,acinar,inDrop3,5.772658,-0.3416076
5420,alpha,inDrop3,13.843997,7.9768143
5421,acinar,inDrop3,6.015256,0.4909772
5422,acinar,inDrop3,5.859051,1.0388975
5423,acinar,inDrop3,6.876173,0.28014508
5424,beta,inDrop3,5.121953,15.079694
5425,acinar,inDrop3,5.7715874,-0.21324135
5426,acinar,inDrop3,5.646503,0.29647
5427,acinar,inDrop3,5.89257,-0.20641844
5428,beta,inDrop3,5.879016,13.655433
5429,alpha,inDrop3,16.489496,7.290345
5430,delta,inDrop3,16.355667,18.000952
5431,alpha,inDrop3,14.933299,6.7765064
5432,delta,inDrop3,16.634651,18.022667
5433,acinar,inDrop3,5.4321613,0.11605339
5434,beta,inDrop3,5.8128433,14.971339
5435,ductal,inDrop3,11.180088,0.43522707
5436,beta,inDrop3,6.7974586,15.98391
5437,ductal,inDrop3,11.555429,-0.57244354
5438,delta,inDrop3,16.903166,17.963263
5439,beta,inDrop3,5.5230317,14.713027
5440,acinar,inDrop3,5.475296,-0.009346581
5441,alpha,inDrop3,15.177363,8.809186
5442,beta,inDrop3,6.175451,15.800197
5443,delta,inDrop3,16.696737,17.590033
5444,activated_stellate,inDrop3,-0.95053893,6.158171
5445,beta,inDrop3,6.8072114,13.973493
5446,alpha,inDrop3,15.336338,6.4353776
5447,delta,inDrop3,16.376814,17.135513
5448,acinar,inDrop3,5.8525577,0.7533139
5449,beta,inDrop3,6.2717867,16.422674
5450,alpha,inDrop3,14.052576,8.0920105
5451,beta,inDrop3,5.101766,15.053321
5452,acinar,inDrop3,5.710589,-0.3018182
5453,beta,inDrop3,6.2809734,16.400467
5454,alpha,inDrop3,16.263878,8.566394
5455,alpha,inDrop3,13.763384,7.2601476
5456,beta,inDrop3,5.0559483,14.671675
5457,acinar,inDrop3,5.9849052,-0.37601972
5458,alpha,inDrop3,14.22626,8.850268
5459,activated_stellate,inDrop3,-1.1598798,5.6457086
5460,acinar,inDrop3,6.112539,0.42185977
5461,beta,inDrop3,6.503265,15.83958
5462,ductal,inDrop3,12.986024,-0.13201578
5463,acinar,inDrop3,5.5354214,-0.04545683
5464,ductal,inDrop3,11.966717,-0.24914761
5465,beta,inDrop3,6.61774,15.464133
5466,beta,inDrop3,5.029123,14.780462
5467,delta,inDrop3,16.727583,17.688332
5468,beta,inDrop3,5.008819,14.350136
5469,beta,inDrop3,6.519748,16.243668
5470,acinar,inDrop3,5.127039,0.98770034
5471,alpha,inDrop3,14.14356,8.974409
5472,acinar,inDrop3,5.3509483,0.8068372
5473,alpha,inDrop3,14.007243,9.131928
5474,acinar,inDrop3,7.0377913,0.039941866
5475,alpha,inDrop3,15.467467,7.687069
5476,acinar,inDrop3,6.0946007,0.83784425
5477,beta,inDrop3,5.5118876,14.693145
5478,beta,inDrop3,7.193165,14.931863
5479,alpha,inDrop3,14.45469,7.603491
5480,beta,inDrop3,5.4479885,13.859605
5481,acinar,inDrop3,5.358645,0.8201777
5482,beta,inDrop3,6.9399095,14.891672
5483,acinar,inDrop3,5.540983,0.08598133
5484,alpha,inDrop3,14.863464,8.360209
5485,beta,inDrop3,5.1996374,14.639296
5486,alpha,inDrop3,15.672049,8.243532
5487,acinar,inDrop3,6.38814,0.23054413
5488,alpha,inDrop3,14.022156,8.599166
5489,alpha,inDrop3,14.863262,8.696033
5490,delta,inDrop3,16.211647,16.913166
5491,beta,inDrop3,6.280463,1.2602315
5492,acinar,inDrop3,5.5071883,0.7810541
5493,alpha,inDrop3,15.20681,8.0838995
5494,delta,inDrop3,16.230513,17.156591
5495,delta,inDrop3,17.07976,17.71346
5496,delta,inDrop3,16.544731,17.960917
5497,acinar,inDrop3,6.3858604,0.69150984
5498,acinar,inDrop3,5.143493,0.96636134
5499,acinar,inDrop3,5.7293177,-0.007623255
5500,alpha,inDrop3,13.674268,7.6078315
5501,beta,inDrop3,5.954307,16.582056
5502,acinar,inDrop3,5.487644,-0.16807376
5503,acinar,inDrop3,5.2423873,0.60364676
5504,beta,inDrop3,4.954153,15.496886
5505,beta,inDrop3,7.200889,13.909601
5506,acinar,inDrop3,5.822247,-0.054365482
5507,alpha,inDrop3,16.338034,7.674141
5508,ductal,inDrop3,11.894312,-0.7360162
5509,alpha,inDrop3,14.769168,8.066184
5510,beta,inDrop3,5.803741,13.403779
5511,acinar,inDrop3,5.3284016,0.47969925
5512,beta,inDrop3,6.43439,14.530847
5513,acinar,inDrop3,6.231671,0.3042796
5514,acinar,inDrop3,5.5123267,1.1355637
5515,beta,inDrop3,6.731861,15.246984
5516,acinar,inDrop3,5.7277164,0.7502088
5517,acinar,inDrop3,6.0533814,0.74729514
5518,delta,inDrop3,16.28666,17.263618
5519,delta,inDrop3,16.427778,17.86074
5520,beta,inDrop3,6.5273666,13.9111805
5521,beta,inDrop3,6.2970695,14.301144
5522,acinar,inDrop3,5.667777,0.6857215
5523,alpha,inDrop3,15.130711,7.076928
5524,alpha,inDrop3,15.411736,7.7070856
5525,alpha,inDrop3,15.499994,7.1528845
5526,acinar,inDrop3,6.472696,0.3734448
5527,ductal,inDrop3,12.038447,-0.4343268
5528,beta,inDrop3,4.040272,15.777394
5529,alpha,inDrop3,14.341438,8.989556
5530,ductal,inDrop3,12.058233,-0.102394775
5531,alpha,inDrop3,15.089432,6.340919
5532,acinar,inDrop3,5.837818,1.0979458
5533,activated_stellate,inDrop3,-1.114692,5.9978013
5534,alpha,inDrop3,16.432285,7.863501
5535,beta,inDrop3,4.4744034,15.306255
5536,beta,inDrop3,5.5913763,15.286305
5537,beta,inDrop3,5.6848893,15.452983
5538,alpha,inDrop3,14.065918,8.991539
5539,alpha,inDrop3,13.5257635,8.718055
5540,acinar,inDrop3,6.070549,-0.16698918
5541,alpha,inDrop3,15.044621,8.265682
5542,alpha,inDrop3,15.120131,8.270403
5543,beta,inDrop3,6.5467973,16.504793
5544,beta,inDrop3,6.5873156,16.232115
5545,alpha,inDrop3,15.487257,7.9618254
5546,acinar,inDrop3,6.072452,1.0253799
5547,beta,inDrop3,6.7422543,15.015365
5548,acinar,inDrop3,6.164064,0.650361
5549,ductal,inDrop3,11.120801,-0.76222205
5550,beta,inDrop3,6.688326,16.066395
5551,beta,inDrop3,6.6419916,14.677958
5552,alpha,inDrop3,15.1125555,8.883061
5553,alpha,inDrop3,15.497113,7.8360147
5554,alpha,inDrop3,14.202372,7.534576
5555,acinar,inDrop3,5.257175,0.2339474
5556,alpha,inDrop3,14.522629,7.9745417
5557,acinar,inDrop3,5.5471954,1.0303723
5558,alpha,inDrop3,14.772258,7.7348595
5559,beta,inDrop3,6.4993105,16.064249
5560,alpha,inDrop3,16.140064,6.2660084
5561,beta,inDrop3,6.8266172,14.0394745
5562,beta,inDrop3,5.906339,14.59213
5563,delta,inDrop3,16.241888,17.964518
5564,activated_stellate,inDrop3,-0.9690638,6.1197257
5565,alpha,inDrop3,14.324665,8.539498
5566,acinar,inDrop3,5.331821,0.45082313
5567,ductal,inDrop3,12.121427,-0.81689847
5568,alpha,inDrop3,14.268635,8.912999
5569,alpha,inDrop3,14.297526,8.947636
5570,acinar,inDrop3,5.983836,0.62714016
5571,beta,inDrop3,4.6414146,15.269886
5572,acinar,inDrop3,5.8299403,-0.34470206
5573,delta,inDrop3,16.29062,17.09105
5574,delta,inDrop3,16.909288,17.838064
5575,alpha,inDrop3,13.71886,8.251892
5576,delta,inDrop3,16.69925,17.99811
5577,beta,inDrop3,6.4095387,15.218985
5578,activated_stellate,inDrop3,-0.96005225,6.2591867
5579,alpha,inDrop3,15.837195,7.8946524
5580,beta,inDrop3,4.95416,15.063686
5581,acinar,inDrop3,5.8316665,0.040929478
5582,alpha,inDrop3,14.489512,7.0179415
5583,alpha,inDrop3,14.271273,9.027038
5584,acinar,inDrop3,5.9532967,0.7720612
5585,beta,inDrop3,6.643766,14.138203
5586,ductal,inDrop3,13.032349,-0.14548269
5587,alpha,inDrop3,15.281297,7.4118166
5588,alpha,inDrop3,16.114674,7.933251
5589,beta,inDrop3,5.622839,14.12023
5590,ductal,inDrop3,11.700385,-0.35661933
5591,alpha,inDrop3,14.67246,8.609379
5592,quiescent_stellate,inDrop3,0.42681786,5.212051
5593,alpha,inDrop3,14.093733,9.160065
5594,ductal,inDrop3,12.14878,-0.8088775
5595,alpha,inDrop3,14.280888,7.234178
5596,beta,inDrop3,5.6335845,15.267649
5597,alpha,inDrop3,14.43793,8.64445
5598,alpha,inDrop3,15.158443,7.93325
5599,alpha,inDrop3,15.912103,7.4572563
5600,delta,inDrop3,16.092726,17.941788
5601,alpha,inDrop3,14.266476,8.127384
5602,acinar,inDrop3,5.2813587,0.29971984
5603,delta,inDrop3,16.842484,17.901049
5604,acinar,inDrop3,6.010003,0.7929208
5605,alpha,inDrop3,16.144762,8.747285
5606,beta,inDrop3,6.712045,16.422583
5607,ductal,inDrop3,11.97174,-1.0542934
5608,ductal,inDrop3,11.720517,0.21246068
5609,acinar,inDrop3,5.8427176,-0.29429653
5610,ductal,inDrop3,12.171087,-0.602118
5611,ductal,inDrop3,12.996214,-0.1533005
5612,delta,inDrop3,16.2353,17.766436
5613,alpha,inDrop3,14.282568,9.240254
5614,beta,inDrop3,6.426122,15.666418
5615,beta,inDrop3,6.5438585,15.010567
5616,delta,inDrop3,16.617039,17.505348
5617,alpha,inDrop3,15.430586,7.5845256
5618,beta,inDrop3,6.051735,15.98608
5619,beta,inDrop3,5.3144236,14.528364
5620,alpha,inDrop3,14.827954,8.374563
5621,alpha,inDrop3,14.9097595,8.298343
5622,endothelial,inDrop3,-2.7728505,9.745402
5623,alpha,inDrop3,14.0283785,7.839863
5624,beta,inDrop3,6.3219624,15.603117
5625,beta,inDrop3,4.830443,15.071634
5626,alpha,inDrop3,13.715065,8.752069
5627,alpha,inDrop3,15.02978,8.824433
5628,acinar,inDrop3,5.615831,0.38369632
5629,beta,inDrop3,6.5781302,14.3616085
5630,alpha,inDrop3,14.274752,8.127194
5631,beta,inDrop3,4.1343493,15.483755
5632,acinar,inDrop3,5.2234316,0.74248254
5633,acinar,inDrop3,5.6642795,-0.035376575
5634,alpha,inDrop3,13.745755,8.841921
5635,beta,inDrop3,6.665531,15.472173
5636,alpha,inDrop3,13.889365,7.174682
5637,alpha,inDrop3,14.575805,8.392273
5638,alpha,inDrop3,15.05524,8.64874
5639,alpha,inDrop3,15.148144,8.327286
5640,ductal,inDrop3,12.105846,-1.001762
5641,delta,inDrop3,16.947685,17.605593
5642,alpha,inDrop3,14.248217,7.0563507
5643,ductal,inDrop3,11.894643,-0.65901554
5644,ductal,inDrop3,11.91901,-0.48961756
5645,beta,inDrop3,6.1124897,16.025036
5646,beta,inDrop3,6.255736,16.02639
5647,delta,inDrop3,5.993601,16.094307
5648,activated_stellate,inDrop3,-1.0006446,6.3619766
5649,beta,inDrop3,6.6317363,16.173496
5650,beta,inDrop3,5.7888722,13.913174
5651,acinar,inDrop3,5.576727,1.0464909
5652,alpha,inDrop3,13.976694,7.5428824
5653,alpha,inDrop3,13.93259,8.182885
5654,alpha,inDrop3,15.202984,6.488292
5655,acinar,inDrop3,5.541474,0.47345775
5656,alpha,inDrop3,13.98255,8.333169
5657,beta,inDrop3,5.4988694,14.369983
5658,alpha,inDrop3,14.775538,8.671669
5659,beta,inDrop3,6.351175,14.079308
5660,alpha,inDrop3,14.078812,9.236444
5661,delta,inDrop3,16.837727,17.301954
5662,acinar,inDrop3,5.4676394,0.06850262
5663,activated_stellate,inDrop3,-0.9693741,6.347457
5664,acinar,inDrop3,6.426501,0.6993008
5665,alpha,inDrop3,13.534802,8.732211
5666,beta,inDrop3,6.3115435,16.112774
5667,activated_stellate,inDrop3,-0.9733353,6.093031
5668,alpha,inDrop3,14.589545,7.4197707
5669,alpha,inDrop3,15.288079,9.038416
5670,alpha,inDrop3,14.307784,8.972338
5671,alpha,inDrop3,14.667703,8.813951
5672,alpha,inDrop3,13.98656,8.332164
5673,acinar,inDrop3,5.8823256,0.6110323
5674,alpha,inDrop3,15.428842,7.020588
5675,acinar,inDrop3,5.282384,0.64702404
5676,alpha,inDrop3,14.364481,9.1356945
5677,alpha,inDrop3,15.27969,8.469479
5678,ductal,inDrop3,11.77059,-0.33014587
5679,beta,inDrop3,6.4374967,14.080965
5680,alpha,inDrop3,13.991046,9.153382
5681,delta,inDrop3,16.415947,17.984867
5682,beta,inDrop3,6.308803,14.493552
5683,activated_stellate,inDrop3,-1.0210956,5.9217677
5684,ductal,inDrop3,12.22571,-0.6097834
5685,beta,inDrop3,6.7187867,14.769302
5686,alpha,inDrop3,14.387275,8.751784
5687,acinar,inDrop3,6.6416616,0.8665901
5688,alpha,inDrop3,14.276753,8.7611065
5689,alpha,inDrop3,14.322872,9.078589
5690,alpha,inDrop3,14.380507,8.926453
5691,acinar,inDrop3,5.4642086,0.78935134
5692,alpha,inDrop3,13.965303,8.778198
5693,acinar,inDrop3,5.937358,-0.10510766
5694,activated_stellate,inDrop3,-0.9787105,6.3162513
5695,alpha,inDrop3,14.200007,6.958807
5696,beta,inDrop3,6.507009,15.675578
5697,beta,inDrop3,5.6787043,15.27054
5698,beta,inDrop3,5.3397956,14.84317
5699,activated_stellate,inDrop3,-0.91740996,5.9444356
5700,acinar,inDrop3,5.9434614,0.014972405
5701,alpha,inDrop3,15.099006,6.9180193
5702,ductal,inDrop3,12.557311,-0.3873667
5703,alpha,inDrop3,14.595699,9.0646
5704,beta,inDrop3,6.4279103,16.374039
5705,beta,inDrop3,6.7602725,16.172537
5706,beta,inDrop3,4.874485,14.697906
5707,alpha,inDrop3,13.664179,8.733703
5708,delta,inDrop3,16.66059,17.942308
5709,alpha,inDrop3,15.000505,8.524668
5710,beta,inDrop3,6.5054264,16.353516
5711,beta,inDrop3,6.2771535,16.397491
5712,alpha,inDrop3,14.726559,8.788447
5713,beta,inDrop3,5.3507547,15.407455
5714,beta,inDrop3,4.1056633,15.505747
5715,alpha,inDrop3,13.821368,7.8828793
5716,beta,inDrop3,3.58867,14.942391
5717,alpha,inDrop3,16.2398,6.1452904
5718,alpha,inDrop3,13.736645,7.8551774
5719,alpha,inDrop3,15.537904,7.8055825
5720,alpha,inDrop3,13.981707,9.081282
5721,acinar,inDrop3,5.4934845,0.87532014
5722,alpha,inDrop3,14.322444,8.663974
5723,beta,inDrop3,4.7327952,14.949412
5724,acinar,inDrop3,5.445917,0.29640025
5725,beta,inDrop3,4.445098,15.214625
5726,beta,inDrop3,5.3338914,15.097435
5727,alpha,inDrop3,15.560921,6.2443237
5728,delta,inDrop3,16.39863,18.114374
5729,alpha,inDrop3,15.793169,8.809776
5730,alpha,inDrop3,14.022452,8.79806
5731,alpha,inDrop3,13.967722,7.6999974
5732,delta,inDrop3,16.965582,17.899464
5733,beta,inDrop3,6.0291014,15.896602
5734,ductal,inDrop3,11.842939,-0.8696105
5735,ductal,inDrop3,12.077324,-0.3449856
5736,beta,inDrop3,5.7074103,15.828066
5737,ductal,inDrop3,11.804087,-0.58161616
5738,endothelial,inDrop3,-2.8054373,9.459526
5739,ductal,inDrop3,12.206632,-0.853852
5740,alpha,inDrop3,14.180391,8.0309305
5741,acinar,inDrop3,5.6873326,1.1417062
5742,acinar,inDrop3,6.0503573,0.8371377
5743,alpha,inDrop3,13.808154,7.8501205
5744,alpha,inDrop3,14.896096,8.315338
5745,beta,inDrop3,6.7133417,14.382288
5746,alpha,inDrop3,14.174839,8.283864
5747,alpha,inDrop3,14.659406,8.975472
5748,beta,inDrop3,5.2777977,15.22406
5749,acinar,inDrop3,6.147841,0.019018514
5750,alpha,inDrop3,14.653263,7.606375
5751,beta,inDrop3,6.3203382,14.044892
5752,alpha,inDrop3,13.75431,7.344841
5753,alpha,inDrop3,14.916051,8.503532
5754,alpha,inDrop3,14.736885,8.188462
5755,activated_stellate,inDrop3,-0.8844813,5.873715
5756,alpha,inDrop3,15.358013,7.8098483
5757,alpha,inDrop3,13.44899,8.368834
5758,gamma,inDrop3,10.510379,19.811365
5759,beta,inDrop3,6.34254,14.677538
5760,ductal,inDrop3,11.649092,0.0075233364
5761,beta,inDrop3,5.707273,16.246628
5762,beta,inDrop3,6.6224637,14.704602
5763,alpha,inDrop3,14.410889,8.837874
5764,ductal,inDrop3,11.945087,-0.8117328
5765,beta,inDrop3,6.533921,16.004215
5766,alpha,inDrop3,15.245388,9.489169
5767,alpha,inDrop3,15.400572,8.1468315
5768,alpha,inDrop3,15.766854,7.702306
5769,alpha,inDrop3,14.505663,9.059617
5770,alpha,inDrop3,14.0341215,9.102199
5771,ductal,inDrop3,12.166877,-0.92109764
5772,activated_stellate,inDrop3,-0.9761429,6.1448097
5773,alpha,inDrop3,14.903443,8.877679
5774,alpha,inDrop3,14.106084,9.0356655
5775,delta,inDrop3,16.399364,18.12513
5776,beta,inDrop3,6.4302464,16.60262
5777,alpha,inDrop3,14.178695,8.893589
5778,acinar,inDrop3,6.207419,-0.09924753
5779,alpha,inDrop3,15.478792,8.34976
5780,alpha,inDrop3,15.528354,8.057759
5781,beta,inDrop3,5.815035,16.43384
5782,ductal,inDrop3,11.733073,0.28435743
5783,alpha,inDrop3,14.485069,7.349654
5784,delta,inDrop3,16.107738,17.205523
5785,acinar,inDrop3,5.947998,-0.24421334
5786,acinar,inDrop3,5.20199,0.26715422
5787,beta,inDrop3,6.2170057,14.800363
5788,alpha,inDrop3,15.477665,8.221246
5789,alpha,inDrop3,14.757044,8.865825
5790,ductal,inDrop3,11.552055,-0.2059144
5791,macrophage,inDrop3,8.473114,-5.8600416
5792,alpha,inDrop3,16.409012,8.575853
5793,delta,inDrop3,16.213772,17.982382
5794,beta,inDrop3,6.3588247,16.30424
5795,alpha,inDrop3,14.516781,8.489304
5796,beta,inDrop3,5.6822634,15.047789
5797,ductal,inDrop3,11.882895,-0.7315802
5798,ductal,inDrop3,11.320704,0.18997326
5799,alpha,inDrop3,14.51625,9.008532
5800,alpha,inDrop3,14.645385,9.131437
5801,activated_stellate,inDrop3,-0.9632622,5.867961
5802,ductal,inDrop3,11.986262,-1.0974835
5803,endothelial,inDrop3,-2.7694037,9.990152
5804,gamma,inDrop3,10.4105835,19.693834
5805,alpha,inDrop3,14.187512,9.108849
5806,beta,inDrop3,6.4345675,16.080187
5807,acinar,inDrop3,5.468033,0.83366364
5808,alpha,inDrop3,14.737598,7.741481
5809,alpha,inDrop3,15.667401,7.2838235
5810,alpha,inDrop3,15.082808,6.3555927
5811,beta,inDrop3,6.377307,14.345609
5812,alpha,inDrop3,14.632911,9.097368
5813,alpha,inDrop3,15.129905,7.065308
5814,gamma,inDrop3,10.667257,19.836483
5815,beta,inDrop3,6.274496,14.510304
5816,alpha,inDrop3,14.97047,7.521302
5817,ductal,inDrop3,11.742674,0.20211901
5818,delta,inDrop3,7.081671,15.996754
5819,ductal,inDrop3,12.501484,-0.19196485
5820,alpha,inDrop3,14.445856,8.615988
5821,alpha,inDrop3,14.853235,9.07553
5822,endothelial,inDrop3,-2.4615703,10.039923
5823,alpha,inDrop3,16.207697,8.572894
5824,alpha,inDrop3,16.231586,8.731168
5825,beta,inDrop3,6.0591154,15.103164
5826,activated_stellate,inDrop3,-0.9835542,6.044104
5827,alpha,inDrop3,14.263169,8.467754
5828,acinar,inDrop3,5.8485055,-0.22044782
5829,alpha,inDrop3,15.508209,7.3662744
5830,beta,inDrop3,6.454985,16.53877
5831,ductal,inDrop3,11.968614,-1.123296
5832,acinar,inDrop3,5.6363626,0.98820925
5833,beta,inDrop3,5.795484,13.267259
5834,beta,inDrop3,6.101924,16.040552
5835,beta,inDrop3,6.452105,16.516548
5836,alpha,inDrop3,15.7049,9.089563
5837,delta,inDrop3,16.31513,17.936907
5838,acinar,inDrop3,5.2485366,0.85871464
5839,alpha,inDrop3,14.639682,6.4929953
5840,beta,inDrop3,6.782502,14.827389
5841,alpha,inDrop3,13.820365,7.759961
5842,ductal,inDrop3,11.978716,-0.7572833
5843,alpha,inDrop3,14.174755,8.798485
5844,alpha,inDrop3,14.208007,9.1043215
5845,beta,inDrop3,5.7896633,16.404299
5846,alpha,inDrop3,14.1691065,9.034121
5847,acinar,inDrop3,5.4976163,-0.029977316
5848,acinar,inDrop3,5.147997,0.87496346
5849,beta,inDrop3,6.6557403,16.255909
5850,beta,inDrop3,5.5922403,15.003033
5851,alpha,inDrop3,14.750437,8.773224
5852,ductal,inDrop3,12.06402,-0.7896493
5853,ductal,inDrop3,11.918288,-0.97338027
5854,alpha,inDrop3,13.9510765,8.684106
5855,beta,inDrop3,6.899495,15.058667
5856,ductal,inDrop3,11.950932,-0.40901807
5857,alpha,inDrop3,13.912316,7.9807787
5858,macrophage,inDrop3,8.455414,-5.8284874
5859,ductal,inDrop3,12.24741,-0.6820816
5860,acinar,inDrop3,5.950005,0.25192544
5861,beta,inDrop3,5.357256,16.180307
5862,acinar,inDrop3,5.9260178,0.85658944
5863,beta,inDrop3,5.7756824,16.080923
5864,ductal,inDrop3,12.271933,-0.30999777
5865,gamma,inDrop3,10.481132,19.63912
5866,ductal,inDrop3,12.137986,-0.6102262
5867,alpha,inDrop3,15.401016,6.429346
5868,alpha,inDrop3,14.288814,9.122269
5869,ductal,inDrop3,12.261259,-0.39617243
5870,alpha,inDrop3,14.321884,9.16805
5871,alpha,inDrop3,15.287773,6.8779244
5872,delta,inDrop3,16.48457,18.077808
5873,ductal,inDrop3,12.189003,-0.674993
5874,acinar,inDrop3,5.9405193,0.28520566
5875,alpha,inDrop3,13.575241,8.698062
5876,alpha,inDrop3,15.141165,8.057707
5877,alpha,inDrop3,14.623755,9.108752
5878,ductal,inDrop3,11.906188,0.31507477
5879,ductal,inDrop3,12.140629,-0.47052017
5880,ductal,inDrop3,11.937011,-0.6550107
5881,ductal,inDrop3,11.957707,-0.89515024
5882,acinar,inDrop3,5.786096,0.061330363
5883,alpha,inDrop3,13.851037,7.3440323
5884,alpha,inDrop3,15.200823,8.539904
5885,delta,inDrop3,16.80308,17.502539
5886,delta,inDrop3,16.956251,17.291231
5887,alpha,inDrop3,13.734945,7.3806286
5888,alpha,inDrop3,15.346539,7.992388
5889,ductal,inDrop3,12.460047,-0.004686516
5890,acinar,inDrop3,5.8732176,-0.28111696
5891,alpha,inDrop3,15.677469,7.919103
5892,alpha,inDrop3,14.328677,9.157075
5893,beta,inDrop3,6.7981267,14.6186285
5894,alpha,inDrop3,15.0237665,8.347293
5895,activated_stellate,inDrop3,-0.9622404,6.2927756
5896,ductal,inDrop3,11.7571745,-0.59913474
5897,alpha,inDrop3,13.831037,7.605132
5898,activated_stellate,inDrop3,-0.83894736,5.7985883
5899,alpha,inDrop3,16.487446,8.621711
5900,acinar,inDrop3,5.182994,0.94576025
5901,ductal,inDrop3,11.859973,-0.8124006
5902,alpha,inDrop3,14.1606,8.775877
5903,alpha,inDrop3,14.851682,9.188803
5904,alpha,inDrop3,15.106284,8.362465
5905,acinar,inDrop3,5.9717064,0.100010574
5906,activated_stellate,inDrop3,-0.85572356,5.729658
5907,endothelial,inDrop3,-2.555635,9.007214
5908,beta,inDrop3,6.354761,16.366152
5909,alpha,inDrop3,15.117392,8.623826
5910,ductal,inDrop3,12.114455,-0.65582544
5911,alpha,inDrop3,14.152056,7.480836
5912,beta,inDrop3,6.253065,15.584769
5913,alpha,inDrop3,14.926908,8.446093
5914,alpha,inDrop3,15.235948,7.63705
5915,quiescent_stellate,inDrop3,0.17757332,5.4798512
5916,ductal,inDrop3,11.26952,-0.88185936
5917,ductal,inDrop3,12.17778,-0.9047417
5918,alpha,inDrop3,15.979935,8.406488
5919,alpha,inDrop3,15.223516,7.158055
5920,acinar,inDrop3,5.73603,0.520826
5921,acinar,inDrop3,5.9966493,0.65516895
5922,alpha,inDrop3,15.743794,6.6745763
5923,beta,inDrop3,6.231618,16.250751
5924,alpha,inDrop3,14.609506,6.788024
5925,delta,inDrop3,16.477596,17.714361
5926,alpha,inDrop3,14.022037,9.027415
5927,acinar,inDrop3,5.9720616,0.168075
5928,beta,inDrop3,4.790087,15.034932
5929,acinar,inDrop3,5.5628915,-0.11268488
5930,acinar,inDrop3,5.7880406,0.20159115
5931,alpha,inDrop3,14.04941,8.934123
5932,ductal,inDrop3,11.069258,-0.88236755
5933,alpha,inDrop3,13.967043,8.567893
5934,alpha,inDrop3,14.189594,9.159095
5935,endothelial,inDrop3,-2.61862,9.729317
5936,ductal,inDrop3,12.061596,-0.5913501
5937,ductal,inDrop3,11.438153,0.8191841
5938,ductal,inDrop3,12.071567,-0.5029255
5939,alpha,inDrop3,15.057311,8.484882
5940,alpha,inDrop3,14.134794,8.914297
5941,activated_stellate,inDrop3,-0.8952081,5.7267404
5942,beta,inDrop3,4.7165265,15.011997
5943,alpha,inDrop3,13.986519,8.696506
5944,acinar,inDrop3,5.862302,0.5313578
5945,gamma,inDrop3,10.477873,19.58898
5946,alpha,inDrop3,14.418963,7.033084
5947,alpha,inDrop3,14.159308,9.036242
5948,ductal,inDrop3,12.067097,-0.46888307
5949,mast,inDrop3,9.69313,5.889488
5950,ductal,inDrop3,12.484523,-0.30155724
5951,alpha,inDrop3,14.8473425,8.414422
5952,acinar,inDrop3,5.4789248,1.1458163
5953,alpha,inDrop3,14.699341,8.417034
5954,quiescent_stellate,inDrop3,0.44268724,5.205748
5955,activated_stellate,inDrop3,-1.0001216,6.1412954
5956,beta,inDrop3,5.7671633,16.439108
5957,acinar,inDrop3,5.218574,1.0148245
5958,alpha,inDrop3,15.043737,8.203262
5959,alpha,inDrop3,14.335405,6.7993646
5960,alpha,inDrop3,14.2751665,9.179484
5961,ductal,inDrop3,12.1089115,-0.8553114
5962,acinar,inDrop3,5.389715,0.24633577
5963,acinar,inDrop3,6.060178,0.7359383
5964,endothelial,inDrop3,-2.7739162,9.54822
5965,ductal,inDrop3,10.983794,-0.48638856
5966,alpha,inDrop3,14.601467,7.1152997
5967,delta,inDrop3,16.242218,16.946682
5968,alpha,inDrop3,14.098359,8.312456
5969,ductal,inDrop3,12.014053,-0.59417254
5970,alpha,inDrop3,15.291218,9.492656
5971,activated_stellate,inDrop3,-0.9562248,6.0370107
5972,ductal,inDrop3,11.825635,-0.34938136
5973,beta,inDrop3,4.96336,14.989291
5974,ductal,inDrop3,12.18893,-0.90210474
5975,beta,inDrop3,6.6866765,14.824852
5976,alpha,inDrop3,14.106879,8.052841
5977,alpha,inDrop3,15.294917,7.951559
5978,ductal,inDrop3,11.37194,0.43029985
5979,alpha,inDrop3,13.940229,8.573306
5980,alpha,inDrop3,14.678814,8.412918
5981,alpha,inDrop3,13.995293,7.163637
5982,alpha,inDrop3,14.035382,9.061368
5983,alpha,inDrop3,15.192193,8.442658
5984,activated_stellate,inDrop3,-0.97750825,5.9026556
5985,acinar,inDrop3,5.859532,-0.22381563
5986,beta,inDrop3,5.505037,16.131802
5987,alpha,inDrop3,14.721379,8.788557
5988,quiescent_stellate,inDrop3,0.38354185,5.446053
5989,alpha,inDrop3,14.814165,6.7762747
5990,alpha,inDrop3,14.274119,8.419064
5991,alpha,inDrop3,14.88684,8.394883
5992,alpha,inDrop3,14.86901,8.212918
5993,activated_stellate,inDrop3,-0.9877607,5.8374743
5994,alpha,inDrop3,15.531542,9.3305645
5995,alpha,inDrop3,14.393547,7.456246
5996,alpha,inDrop3,13.916056,8.754065
5997,alpha,inDrop3,15.331379,7.7605805
5998,beta,inDrop3,6.300346,16.383465
5999,endothelial,inDrop3,-2.553438,9.771606
6000,acinar,inDrop3,5.4068556,0.57495624
6001,alpha,inDrop3,14.237234,7.3364143
6002,quiescent_stellate,inDrop3,0.3071507,5.2987614
6003,alpha,inDrop3,14.097609,8.493717
6004,ductal,inDrop3,12.2213955,-0.4096352
6005,alpha,inDrop3,15.422388,8.44575
6006,quiescent_stellate,inDrop3,0.41608515,5.228851
6007,alpha,inDrop3,14.024412,8.516188
6008,ductal,inDrop3,12.966799,-0.12558144
6009,beta,inDrop3,5.996619,16.0322
6010,alpha,inDrop3,15.208103,9.442191
6011,ductal,inDrop3,11.824862,-0.7562554
6012,activated_stellate,inDrop3,-1.0344774,6.2214694
6013,ductal,inDrop3,11.8844595,-0.1096373
6014,alpha,inDrop3,13.704504,7.8886013
6015,beta,inDrop3,6.6652994,14.502604
6016,beta,inDrop3,4.610151,15.117002
6017,alpha,inDrop3,15.016165,6.781061
6018,alpha,inDrop3,13.859828,7.1177588
6019,alpha,inDrop3,15.617912,7.7315807
6020,delta,inDrop3,16.967625,17.932617
6021,ductal,inDrop3,12.149517,-0.86034584
6022,endothelial,inDrop3,-2.5559235,8.970919
6023,beta,inDrop3,5.67636,16.216248
6024,alpha,inDrop3,14.673785,7.922927
6025,alpha,inDrop3,12.3382845,7.0106797
6026,ductal,inDrop3,11.779377,-0.070964776
6027,endothelial,inDrop3,-2.7226307,9.52752
6028,alpha,inDrop3,13.685196,8.833185
6029,alpha,inDrop3,14.393757,8.970939
6030,beta,inDrop3,5.777684,16.42689
6031,alpha,inDrop3,15.0683155,8.47409
6032,ductal,inDrop3,12.103227,-0.9324275
6033,alpha,inDrop3,14.097642,9.148968
6034,acinar,inDrop3,5.325775,0.49011806
6035,gamma,inDrop3,10.452297,19.797113
6036,endothelial,inDrop3,-2.8018014,9.557331
6037,alpha,inDrop3,14.122134,8.472789
6038,ductal,inDrop3,11.129897,-0.959811
6039,alpha,inDrop3,13.905896,7.3021426
6040,beta,inDrop3,5.602622,16.111538
6041,endothelial,inDrop3,-2.7102177,9.647935
6042,endothelial,inDrop3,-2.7037172,9.568473
6043,beta,inDrop3,5.5426073,16.195385
6044,alpha,inDrop3,14.5809765,8.994485
6045,ductal,inDrop3,12.046433,-0.12559512
6046,alpha,inDrop3,14.152048,8.371035
6047,alpha,inDrop3,13.612447,7.4430666
6048,alpha,inDrop3,15.128724,8.588013
6049,activated_stellate,inDrop3,-1.006193,6.232619
6050,alpha,inDrop3,15.524673,7.389925
6051,quiescent_stellate,inDrop3,0.49374467,5.1905804
6052,beta,inDrop3,5.7612996,16.181263
6053,delta,inDrop3,6.41374,16.42998
6054,beta,inDrop3,6.1603456,14.817514
6055,activated_stellate,inDrop3,-0.9369768,6.277707
6056,endothelial,inDrop3,-2.77597,9.6263485
6057,delta,inDrop3,6.704832,16.332462
6058,ductal,inDrop3,11.933154,0.38964975
6059,beta,inDrop3,6.3572745,15.803042
6060,beta,inDrop3,4.934424,14.920067
6061,alpha,inDrop3,14.205299,8.469186
6062,endothelial,inDrop3,-2.5396285,8.951681
6063,activated_stellate,inDrop3,-1.0125164,6.246398
6064,alpha,inDrop3,14.598027,7.4784794
6065,alpha,inDrop3,14.064375,9.075495
6066,beta,inDrop3,5.7997923,16.471893
6067,ductal,inDrop3,12.908806,-0.14959338
6068,beta,inDrop3,4.0783987,15.791434
6069,quiescent_stellate,inDrop3,0.3844074,5.3765755
6070,gamma,inDrop3,10.418363,19.653522
6071,alpha,inDrop3,15.319791,9.483703
6072,beta,inDrop3,12.338287,7.0208707
6073,acinar,inDrop3,5.4293437,1.1645281
6074,ductal,inDrop3,11.741168,0.2563276
6075,alpha,inDrop3,14.49001,9.072652
6076,endothelial,inDrop3,-2.7254016,9.53314
6077,beta,inDrop3,5.672384,16.139635
6078,alpha,inDrop3,15.033709,8.348522
6079,acinar,inDrop3,6.2233844,0.7449477
6080,acinar,inDrop3,5.776262,-0.17571007
6081,alpha,inDrop3,13.924758,7.6097364
6082,alpha,inDrop3,14.358631,8.955216
6083,beta,inDrop3,4.9986033,15.538325
6084,beta,inDrop3,6.554023,15.371477
6085,alpha,inDrop3,14.376213,9.175282
6086,quiescent_stellate,inDrop3,0.5071373,5.141537
6087,alpha,inDrop3,14.573862,9.014762
6088,endothelial,inDrop3,-2.601156,9.759936
6089,quiescent_stellate,inDrop3,0.35571086,5.4656353
6090,beta,inDrop3,5.725932,16.121758
6091,beta,inDrop3,5.869912,14.330191
6092,acinar,inDrop3,5.9218836,-0.22313505
6093,beta,inDrop3,5.7559214,16.017887
6094,alpha,inDrop3,14.041085,8.861351
6095,ductal,inDrop3,12.139383,-0.51781166
6096,acinar,inDrop3,5.9932637,0.3370779
6097,beta,inDrop3,6.276827,16.67778
6098,alpha,inDrop3,13.898087,8.971707
6099,alpha,inDrop3,13.876572,9.03186
6100,endothelial,inDrop3,-2.1365376,9.780023
6101,alpha,inDrop3,14.234291,9.020248
6102,alpha,inDrop3,14.399673,8.792744
6103,beta,inDrop3,6.1632137,16.64392
6104,quiescent_stellate,inDrop3,0.3488676,5.2909565
6105,beta,inDrop3,5.9461365,16.403837
6106,beta,inDrop3,5.335859,16.01134
6107,beta,inDrop3,5.782453,15.803583
6108,alpha,inDrop3,14.487004,8.258011
6109,alpha,inDrop3,14.512675,9.307791
6110,alpha,inDrop3,15.953656,6.422639
6111,alpha,inDrop3,13.709357,8.735718
6112,acinar,inDrop3,6.5626097,0.967175
6113,beta,inDrop3,5.4364862,16.079536
6114,acinar,inDrop3,5.5351133,0.78729314
6115,alpha,inDrop3,13.95015,8.926579
6116,ductal,inDrop3,12.107451,-0.7709332
6117,delta,inDrop3,16.167194,16.975012
6118,delta,inDrop3,16.77113,18.055096
6119,beta,inDrop3,5.9200892,15.764196
6120,alpha,inDrop3,14.887634,8.852361
6121,alpha,inDrop3,14.872615,7.5788126
6122,activated_stellate,inDrop3,-0.97043914,6.3410144
6123,beta,inDrop3,5.684287,16.367228
6124,beta,inDrop3,4.845985,15.22503
6125,endothelial,inDrop3,-2.654048,9.795045
6126,endothelial,inDrop3,-2.463297,9.959491
6127,beta,inDrop3,6.114405,16.637323
6128,alpha,inDrop3,14.688872,8.220157
6129,ductal,inDrop3,12.067829,-0.84122336
6130,alpha,inDrop3,15.06098,8.285113
6131,alpha,inDrop3,15.260943,6.340052
6132,alpha,inDrop3,15.339241,9.291055
6133,endothelial,inDrop3,-2.8786502,9.520601
6134,alpha,inDrop3,15.38371,7.0228844
6135,alpha,inDrop3,14.1248665,7.983728
6136,beta,inDrop3,5.8806024,16.001299
6137,ductal,inDrop3,11.522577,-0.13904986
6138,beta,inDrop3,5.448565,16.156336
6139,beta,inDrop3,5.9532704,16.051151
6140,alpha,inDrop3,15.100108,9.723301
6141,alpha,inDrop3,14.343161,8.624635
6142,beta,inDrop3,5.8438735,16.061296
6143,ductal,inDrop3,12.08568,-0.4527296
6144,quiescent_stellate,inDrop3,0.42273885,5.3162456
6145,alpha,inDrop3,15.544271,7.806966
6146,ductal,inDrop3,11.422313,-0.28577963
6147,beta,inDrop3,5.7712345,16.12092
6148,beta,inDrop3,6.190465,15.976205
6149,delta,inDrop3,16.693207,17.907131
6150,quiescent_stellate,inDrop3,0.09905131,5.486046
6151,delta,inDrop3,16.622353,18.09788
6152,beta,inDrop3,6.267386,16.093714
6153,ductal,inDrop3,11.872284,-1.0378921
6154,beta,inDrop3,6.2340436,16.487844
6155,endothelial,inDrop3,-2.1310883,9.771582
6156,beta,inDrop3,5.783552,15.866491
6157,endothelial,inDrop3,-2.7360299,9.548661
6158,beta,inDrop3,5.601813,15.038965
6159,ductal,inDrop3,12.150729,-0.59964174
6160,ductal,inDrop3,11.138718,-0.95114416
6161,alpha,inDrop3,14.265237,7.9100003
6162,alpha,inDrop3,15.391611,9.38637
6163,gamma,inDrop3,10.8004875,19.623081
6164,beta,inDrop3,5.722306,16.153961
6165,endothelial,inDrop3,-2.0942361,9.781945
6166,endothelial,inDrop3,-2.107447,9.767993
6167,beta,inDrop3,6.2806,15.750598
6168,alpha,inDrop3,15.259779,9.472693
6169,beta,inDrop3,5.6293974,16.205025
6170,beta,inDrop3,5.8588624,16.299215
6171,beta,inDrop3,5.9791126,16.151424
6172,beta,inDrop3,6.559372,16.211815
6173,ductal,inDrop3,12.262652,0.07598552
6174,quiescent_stellate,inDrop3,0.3149708,5.399074
6175,beta,inDrop3,6.1037254,15.917478
6176,alpha,inDrop3,14.058256,8.850953
6177,beta,inDrop3,6.203398,16.437696
6178,alpha,inDrop3,15.526056,7.55369
6179,beta,inDrop3,6.16927,15.3963
6180,beta,inDrop3,5.9162006,16.343502
6181,beta,inDrop3,5.3447866,15.889473
6182,beta,inDrop3,5.470422,13.983221
6183,beta,inDrop3,6.22042,15.806249
6184,alpha,inDrop3,16.221886,6.5453677
6185,beta,inDrop3,4.9844947,15.568346
6186,endothelial,inDrop3,-2.1153464,9.785685
6187,quiescent_stellate,inDrop3,0.3731344,5.540787
6188,beta,inDrop3,6.306365,16.26055
6189,beta,inDrop3,5.5860963,15.982281
6190,beta,inDrop3,3.4415567,14.96377
6191,beta,inDrop3,6.3461094,16.458347
6192,quiescent_stellate,inDrop3,0.3992431,5.4618273
6193,endothelial,inDrop3,-2.6281555,9.638079
6194,alpha,inDrop3,13.782402,7.651041
6195,alpha,inDrop3,15.378553,8.300781
6196,beta,inDrop3,5.9481606,15.377285
6197,ductal,inDrop3,11.532271,0.015666116
6198,endothelial,inDrop3,-2.6885438,9.533726
6199,endothelial,inDrop3,-2.811967,9.547672
6200,acinar,inDrop3,5.92463,0.3626159
6201,acinar,inDrop3,5.3095455,0.047198724
6202,acinar,inDrop3,5.561364,0.72766995
6203,acinar,inDrop3,5.628604,0.71064675
6204,acinar,inDrop3,5.753441,-0.27801946
6205,acinar,inDrop3,5.719687,-0.10074641
6206,acinar,inDrop3,5.9661655,-0.3584625
6207,acinar,inDrop3,5.6597652,0.07053571
6208,acinar,inDrop3,5.4433756,0.91479707
6209,acinar,inDrop3,5.311891,0.71815205
6210,acinar,inDrop3,5.0511417,0.38976625
6211,acinar,inDrop3,5.59289,-0.25540936
6212,acinar,inDrop3,5.5195103,1.1104335
6213,acinar,inDrop3,5.9463463,0.68719816
6214,acinar,inDrop3,5.288592,0.51391876
6215,delta,inDrop3,16.92768,17.729912
6216,acinar,inDrop3,5.588064,0.7453205
6217,acinar,inDrop3,6.2869935,0.36834243
6218,acinar,inDrop3,5.2867413,0.8238253
6219,acinar,inDrop3,6.0139127,-0.28250393
6220,acinar,inDrop3,5.084,0.55666035
6221,acinar,inDrop3,5.9937305,-0.23671815
6222,acinar,inDrop3,5.8330483,-0.15388815
6223,acinar,inDrop3,6.3578577,0.605676
6224,acinar,inDrop3,5.0697684,0.5384587
6225,acinar,inDrop3,6.078876,-0.25036418
6226,acinar,inDrop3,5.5207057,-0.30865568
6227,acinar,inDrop3,5.6297364,-0.10218458
6228,acinar,inDrop3,5.211924,0.7365925
6229,beta,inDrop3,6.0176215,15.3060055
6230,acinar,inDrop3,5.5230856,0.73032075
6231,acinar,inDrop3,5.5746074,0.7049586
6232,acinar,inDrop3,5.993085,0.43459705
6233,acinar,inDrop3,5.0492997,0.8562375
6234,acinar,inDrop3,5.6238914,-0.23819989
6235,acinar,inDrop3,5.837631,0.54085493
6236,acinar,inDrop3,5.4622645,0.119693436
6237,acinar,inDrop3,5.573003,0.0054125595
6238,acinar,inDrop3,5.532411,0.7179884
6239,beta,inDrop3,6.9641232,15.738768
6240,acinar,inDrop3,6.0987744,-0.022258831
6241,acinar,inDrop3,5.88426,0.3377297
6242,acinar,inDrop3,6.353124,0.2456092
6243,acinar,inDrop3,5.5457015,-0.3027985
6244,acinar,inDrop3,5.9437113,-0.13546191
6245,acinar,inDrop3,6.0171633,-0.29687992
6246,acinar,inDrop3,6.105271,-0.19816618
6247,acinar,inDrop3,5.9138174,-0.3134622
6248,acinar,inDrop3,5.698404,0.9859253
6249,beta,inDrop3,5.4026904,14.322065
6250,acinar,inDrop3,6.0184917,-0.2703766
6251,acinar,inDrop3,5.8652086,-0.14219366
6252,acinar,inDrop3,5.2031894,0.61170614
6253,acinar,inDrop3,5.3316135,-0.04891203
6254,acinar,inDrop3,5.058665,0.7792668
6255,acinar,inDrop3,6.1050935,-0.08910334
6256,acinar,inDrop3,5.9561553,-0.26261148
6257,acinar,inDrop3,5.4908338,-0.035341356
6258,acinar,inDrop3,5.578241,0.8872875
6259,acinar,inDrop3,6.5777526,0.5251527
6260,acinar,inDrop3,5.4860654,0.485036
6261,acinar,inDrop3,6.6938043,0.23367985
6262,acinar,inDrop3,5.040031,0.63425493
6263,acinar,inDrop3,5.4483476,0.9286171
6264,beta,inDrop3,5.6305175,14.838002
6265,delta,inDrop3,16.195768,16.924093
6266,acinar,inDrop3,5.4078455,0.2547133
6267,ductal,inDrop3,9.707237,5.876045
6268,acinar,inDrop3,5.803042,-0.34272677
6269,delta,inDrop3,16.222626,17.0269
6270,acinar,inDrop3,5.855179,-0.39507565
6271,acinar,inDrop3,5.885238,0.8538563
6272,acinar,inDrop3,5.2510056,0.5078681
6273,acinar,inDrop3,6.7362404,0.5916405
6274,acinar,inDrop3,5.809227,-0.22986855
6275,acinar,inDrop3,6.3271723,0.0132494345
6276,beta,inDrop3,6.408358,16.57933
6277,acinar,inDrop3,6.881168,0.35122797
6278,acinar,inDrop3,6.215627,0.5169777
6279,acinar,inDrop3,4.971415,0.68541974
6280,acinar,inDrop3,5.4517126,-0.18553083
6281,acinar,inDrop3,5.866447,0.5364714
6282,acinar,inDrop3,5.6239214,-0.308135
6283,acinar,inDrop3,5.5914493,0.9320811
6284,beta,inDrop3,12.014662,-0.43364143
6285,acinar,inDrop3,6.197254,0.40420806
6286,delta,inDrop3,16.667328,17.665749
6287,acinar,inDrop3,5.6661696,-0.14805716
6288,beta,inDrop3,3.9403377,15.381492
6289,acinar,inDrop3,6.2661557,0.41975495
6290,acinar,inDrop3,5.2382226,1.1861386
6291,delta,inDrop3,16.85747,17.425838
6292,acinar,inDrop3,6.494854,0.79836893
6293,acinar,inDrop3,5.441037,-0.16038507
6294,delta,inDrop3,16.997808,17.790379
6295,acinar,inDrop3,5.0027366,0.56071025
6296,acinar,inDrop3,5.0347457,0.8796792
6297,acinar,inDrop3,6.3180246,1.132889
6298,acinar,inDrop3,5.642564,0.103745125
6299,acinar,inDrop3,5.5414777,0.03334535
6300,acinar,inDrop3,5.863528,-0.20046777
6301,acinar,inDrop3,5.592485,0.6907463
6302,delta,inDrop3,16.844303,17.083847
6303,acinar,inDrop3,6.1962595,0.031436026
6304,acinar,inDrop3,6.18323,-0.23863833
6305,beta,inDrop3,6.0310216,15.73473
6306,acinar,inDrop3,5.3111906,0.87530303
6307,acinar,inDrop3,6.0895243,0.11743951
6308,acinar,inDrop3,6.699289,0.6730882
6309,acinar,inDrop3,-0.959758,5.88203
6310,alpha,inDrop3,15.326991,7.834971
6311,acinar,inDrop3,6.212072,0.39950356
6312,beta,inDrop3,6.2477255,13.802006
6313,alpha,inDrop3,13.78688,8.777924
6314,acinar,inDrop3,6.049728,-0.11927744
6315,acinar,inDrop3,5.4438586,-0.010388082
6316,acinar,inDrop3,5.876641,-0.39232966
6317,acinar,inDrop3,5.6397877,1.096197
6318,acinar,inDrop3,5.241302,0.8504372
6319,acinar,inDrop3,5.1453443,0.71306145
6320,gamma,inDrop3,10.376118,19.737991
6321,ductal,inDrop3,11.479439,-0.48180103
6322,acinar,inDrop3,5.2822948,0.6370227
6323,acinar,inDrop3,6.252703,0.24307849
6324,acinar,inDrop3,5.6201286,0.38776046
6325,acinar,inDrop3,5.9652963,0.27770773
6326,acinar,inDrop3,5.845142,0.7321868
6327,ductal,inDrop3,12.200247,-0.7363263
6328,acinar,inDrop3,5.571571,0.5158478
6329,acinar,inDrop3,5.5297594,0.9289769
6330,delta,inDrop3,16.776592,17.125772
6331,beta,inDrop3,7.14921,15.097047
6332,alpha,inDrop3,14.020239,8.702391
6333,acinar,inDrop3,5.0879145,0.78905
6334,acinar,inDrop3,5.7999616,-0.40144947
6335,delta,inDrop3,16.716438,17.599434
6336,beta,inDrop3,5.8805475,15.408882
6337,acinar,inDrop3,6.161698,0.723969
6338,beta,inDrop3,4.579956,15.10137
6339,acinar,inDrop3,5.3818955,0.7147676
6340,ductal,inDrop3,11.830563,-0.5160255
6341,alpha,inDrop3,16.26198,6.2352004
6342,ductal,inDrop3,12.214605,-0.55685145
6343,beta,inDrop3,7.024933,15.510244
6344,alpha,inDrop3,13.6399355,8.824028
6345,beta,inDrop3,6.4426074,16.101095
6346,alpha,inDrop3,14.497445,8.118824
6347,acinar,inDrop3,5.264659,0.25899765
6348,delta,inDrop3,16.366428,17.46554
6349,beta,inDrop3,6.4016848,15.920483
6350,beta,inDrop3,5.782235,13.697174
6351,alpha,inDrop3,14.163364,9.00113
6352,beta,inDrop3,5.8956947,13.68915
6353,alpha,inDrop3,15.317816,6.4011307
6354,delta,inDrop3,16.789766,17.344316
6355,alpha,inDrop3,13.843022,7.945105
6356,beta,inDrop3,6.497345,16.246973
6357,acinar,inDrop3,5.277974,0.35150772
6358,acinar,inDrop3,5.4890532,1.0865269
6359,acinar,inDrop3,6.5468345,0.19396605
6360,ductal,inDrop3,11.845849,-0.4752028
6361,ductal,inDrop3,12.199655,-0.616652
6362,beta,inDrop3,5.7792645,14.17513
6363,acinar,inDrop3,5.253174,0.5805351
6364,delta,inDrop3,16.654226,18.044256
6365,beta,inDrop3,6.4736395,15.47564
6366,gamma,inDrop3,10.955148,19.630867
6367,acinar,inDrop3,5.7349224,-0.16629833
6368,beta,inDrop3,6.4354544,16.54538
6369,beta,inDrop3,5.9825206,15.037853
6370,acinar,inDrop3,5.840699,0.7056186
6371,acinar,inDrop3,7.0692644,0.3090957
6372,alpha,inDrop3,14.630339,7.113235
6373,acinar,inDrop3,5.441378,0.25778762
6374,beta,inDrop3,5.1934743,16.045637
6375,alpha,inDrop3,14.2252,9.117569
6376,beta,inDrop3,6.6320844,15.588953
6377,alpha,inDrop3,16.32086,8.305077
6378,gamma,inDrop3,10.366107,19.742903
6379,acinar,inDrop3,5.3618307,0.6414822
6380,alpha,inDrop3,15.912627,6.2759113
6381,beta,inDrop3,6.277749,15.502824
6382,acinar,inDrop3,5.8969336,-0.38074088
6383,acinar,inDrop3,5.586858,-0.22370335
6384,delta,inDrop3,16.212269,17.044767
6385,alpha,inDrop3,15.070937,8.579128
6386,ductal,inDrop3,6.738324,0.7570569
6387,delta,inDrop3,16.292013,17.879396
6388,delta,inDrop3,16.469866,17.790365
6389,alpha,inDrop3,14.181886,8.377986
6390,ductal,inDrop3,11.622953,-0.100812614
6391,beta,inDrop3,6.389708,16.369883
6392,beta,inDrop3,5.0842953,14.514693
6393,delta,inDrop3,16.463982,17.945389
6394,alpha,inDrop3,15.352692,6.691046
6395,beta,inDrop3,6.409238,16.633932
6396,alpha,inDrop3,14.534144,6.5245805
6397,beta,inDrop3,3.633607,15.057132
6398,acinar,inDrop3,5.8086743,0.48268947
6399,beta,inDrop3,6.5403657,15.548793
6400,acinar,inDrop3,6.0187707,-0.15366769
6401,alpha,inDrop3,14.56469,8.457686
6402,beta,inDrop3,6.6974974,15.094192
6403,beta,inDrop3,6.811754,14.024947
6404,alpha,inDrop3,14.443054,8.853398
6405,beta,inDrop3,16.210802,6.0374064
6406,acinar,inDrop3,6.513597,0.5371341
6407,ductal,inDrop3,12.09826,-0.30900493
6408,ductal,inDrop3,11.580862,0.17477597
6409,beta,inDrop3,6.563698,16.592117
6410,alpha,inDrop3,13.886563,7.898221
6411,alpha,inDrop3,14.3513155,8.340629
6412,acinar,inDrop3,5.832959,0.7756661
6413,acinar,inDrop3,5.524402,0.9898902
6414,gamma,inDrop3,10.792327,19.83531
6415,alpha,inDrop3,14.143603,9.0877905
6416,alpha,inDrop3,14.598998,9.085005
6417,acinar,inDrop3,5.3342195,0.050080772
6418,beta,inDrop3,6.6805243,16.017897
6419,delta,inDrop3,16.366112,18.054005
6420,alpha,inDrop3,15.785054,8.264521
6421,ductal,inDrop3,12.206868,-0.79352325
6422,delta,inDrop3,16.425339,17.715023
6423,ductal,inDrop3,11.105094,-0.91814893
6424,delta,inDrop3,16.489882,17.94826
6425,acinar,inDrop3,5.4226074,0.3685821
6426,ductal,inDrop3,11.9482565,-0.2689166
6427,acinar,inDrop3,5.3367343,0.47441134
6428,acinar,inDrop3,6.830121,0.5584348
6429,beta,inDrop3,6.938338,14.830782
6430,alpha,inDrop3,15.500894,6.5981145
6431,ductal,inDrop3,12.087629,-1.0804867
6432,beta,inDrop3,5.689092,15.584824
6433,beta,inDrop3,6.552212,14.505828
6434,acinar,inDrop3,6.312877,-0.07599811
6435,alpha,inDrop3,14.173372,8.642799
6436,acinar,inDrop3,5.3824286,1.0453669
6437,alpha,inDrop3,14.467826,8.989806
6438,activated_stellate,inDrop3,-0.89416665,5.8313828
6439,alpha,inDrop3,15.2846365,8.573278
6440,ductal,inDrop3,11.895732,-0.21615483
6441,beta,inDrop3,6.6418214,13.697086
6442,alpha,inDrop3,14.710564,7.5307884
6443,beta,inDrop3,4.209736,15.297562
6444,delta,inDrop3,16.809753,17.621088
6445,alpha,inDrop3,14.202003,9.020597
6446,acinar,inDrop3,6.514458,0.46699739
6447,alpha,inDrop3,14.583052,9.066135
6448,beta,inDrop3,7.2158957,15.093962
6449,alpha,inDrop3,14.348032,7.1183143
6450,alpha,inDrop3,13.947241,8.567556
6451,activated_stellate,inDrop3,-0.8957994,5.954957
6452,ductal,inDrop3,12.208376,-0.7974874
6453,acinar,inDrop3,11.478903,-0.722375
6454,alpha,inDrop3,13.60947,8.493857
6455,alpha,inDrop3,14.343616,7.4424696
6456,acinar,inDrop3,5.1185102,1.1565007
6457,alpha,inDrop3,15.816732,7.7078056
6458,beta,inDrop3,5.7850394,14.349921
6459,acinar,inDrop3,5.6451583,1.2007123
6460,beta,inDrop3,4.0692987,15.8123045
6461,ductal,inDrop3,12.187219,-0.8743691
6462,beta,inDrop3,6.9146175,16.28086
6463,delta,inDrop3,16.767067,17.78628
6464,beta,inDrop3,5.3542023,14.705075
6465,acinar,inDrop3,5.7468295,0.1830869
6466,acinar,inDrop3,5.1872783,0.36016378
6467,acinar,inDrop3,5.235766,1.006921
6468,acinar,inDrop3,6.5154457,1.1295378
6469,acinar,inDrop3,5.178335,1.0059685
6470,activated_stellate,inDrop3,-0.98182744,6.037666
6471,acinar,inDrop3,5.613344,1.022047
6472,beta,inDrop3,6.1673408,15.876872
6473,ductal,inDrop3,11.820692,0.14380556
6474,alpha,inDrop3,14.178081,8.818602
6475,beta,inDrop3,6.042254,15.93281
6476,acinar,inDrop3,6.3415284,-0.04646524
6477,beta,inDrop3,6.258498,13.499205
6478,beta,inDrop3,4.5968294,15.119216
6479,acinar,inDrop3,5.852421,-0.30513287
6480,ductal,inDrop3,12.092435,-0.8624065
6481,beta,inDrop3,5.5372787,15.131658
6482,acinar,inDrop3,6.035675,-0.26724088
6483,beta,inDrop3,6.500406,14.347362
6484,beta,inDrop3,6.7865896,16.39817
6485,alpha,inDrop3,16.354063,7.920059
6486,beta,inDrop3,6.4754186,14.742747
6487,alpha,inDrop3,14.252296,9.110571
6488,ductal,inDrop3,12.187226,-0.69682604
6489,alpha,inDrop3,14.679807,9.020942
6490,acinar,inDrop3,6.1512012,0.06595659
6491,alpha,inDrop3,15.526497,6.4455705
6492,ductal,inDrop3,11.593605,-0.51542413
6493,activated_stellate,inDrop3,-1.0148754,6.0423446
6494,alpha,inDrop3,14.606128,9.14789
6495,alpha,inDrop3,14.199986,7.9890394
6496,ductal,inDrop3,11.713954,-0.80302954
6497,acinar,inDrop3,5.899093,0.57461476
6498,acinar,inDrop3,5.4674053,0.9820817
6499,acinar,inDrop3,5.9031324,0.8612436
6500,alpha,inDrop3,12.365193,7.010404
6501,alpha,inDrop3,14.947227,8.7874775
6502,alpha,inDrop3,15.11259,8.172894
6503,beta,inDrop3,5.2354827,14.797422
6504,alpha,inDrop3,14.883597,8.193748
6505,beta,inDrop3,6.698272,15.177588
6506,alpha,inDrop3,13.755761,7.9576344
6507,beta,inDrop3,6.546943,16.462873
6508,beta,inDrop3,6.989917,14.371521
6509,alpha,inDrop3,14.766349,8.361881
6510,delta,inDrop3,16.890425,17.24696
6511,alpha,inDrop3,15.308005,8.662469
6512,alpha,inDrop3,13.80599,8.90653
6513,alpha,inDrop3,13.727495,7.0647125
6514,ductal,inDrop3,11.806805,-1.122788
6515,ductal,inDrop3,11.901414,-0.9744484
6516,delta,inDrop3,16.774513,17.917131
6517,alpha,inDrop3,13.931485,7.675823
6518,ductal,inDrop3,12.934595,-0.14463882
6519,ductal,inDrop3,11.733785,-0.043339934
6520,alpha,inDrop3,15.586097,7.7724695
6521,alpha,inDrop3,14.161953,9.157651
6522,ductal,inDrop3,13.01194,-0.15295894
6523,acinar,inDrop3,5.9758477,0.63977665
6524,beta,inDrop3,6.3630543,16.141485
6525,beta,inDrop3,6.716758,15.505288
6526,alpha,inDrop3,13.695997,8.182475
6527,alpha,inDrop3,13.97568,7.078993
6528,alpha,inDrop3,14.845483,6.6759877
6529,alpha,inDrop3,15.10696,7.0040307
6530,beta,inDrop3,4.6414847,15.112118
6531,beta,inDrop3,5.5112715,16.22645
6532,ductal,inDrop3,11.822025,-0.36593384
6533,acinar,inDrop3,5.9052963,-0.26918972
6534,beta,inDrop3,5.8778467,15.699262
6535,beta,inDrop3,6.40343,16.003052
6536,alpha,inDrop3,15.3933935,9.4500885
6537,alpha,inDrop3,14.623616,9.0562935
6538,beta,inDrop3,4.7304587,14.256041
6539,ductal,inDrop3,11.960585,-0.905844
6540,ductal,inDrop3,11.450719,-0.5890717
6541,beta,inDrop3,6.1088142,15.87139
6542,ductal,inDrop3,12.185312,-0.50808257
6543,activated_stellate,inDrop3,-0.9540474,6.35555
6544,ductal,inDrop3,12.017528,-1.1130604
6545,beta,inDrop3,6.6568084,16.129343
6546,beta,inDrop3,7.016318,14.815694
6547,alpha,inDrop3,16.1882,6.0713806
6548,alpha,inDrop3,14.434349,8.985025
6549,alpha,inDrop3,14.515651,7.469495
6550,beta,inDrop3,6.8292894,15.002273
6551,beta,inDrop3,5.3639154,15.743105
6552,alpha,inDrop3,15.85637,7.7053246
6553,beta,inDrop3,16.323349,5.9041586
6554,beta,inDrop3,4.657098,14.730794
6555,alpha,inDrop3,13.74881,7.1933465
6556,alpha,inDrop3,14.278742,8.942678
6557,beta,inDrop3,6.8446817,14.053858
6558,acinar,inDrop3,5.2982764,0.040432826
6559,alpha,inDrop3,14.921476,8.441364
6560,beta,inDrop3,4.6754966,15.20349
6561,alpha,inDrop3,13.908954,7.122582
6562,alpha,inDrop3,15.216763,7.0250173
6563,alpha,inDrop3,14.401835,8.9970045
6564,alpha,inDrop3,15.297025,8.371356
6565,beta,inDrop3,6.6472545,14.33553
6566,beta,inDrop3,6.5741444,13.573362
6567,activated_stellate,inDrop3,-0.988544,6.271954
6568,beta,inDrop3,5.9942346,13.77082
6569,activated_stellate,inDrop3,-0.90574044,6.2364697
6570,beta,inDrop3,4.25618,15.253147
6571,alpha,inDrop3,16.043303,8.733111
6572,endothelial,inDrop3,-2.708152,9.615934
6573,acinar,inDrop3,5.985494,-0.2607349
6574,ductal,inDrop3,11.717627,-0.13458309
6575,alpha,inDrop3,14.89143,8.037333
6576,alpha,inDrop3,15.488731,7.3047194
6577,alpha,inDrop3,15.785917,6.3695107
6578,ductal,inDrop3,12.3076515,-0.23855822
6579,gamma,inDrop3,10.52283,19.78451
6580,beta,inDrop3,5.7232842,14.976293
6581,beta,inDrop3,4.181992,15.3530445
6582,ductal,inDrop3,12.154218,-0.88607186
6583,acinar,inDrop3,5.350381,0.9393939
6584,alpha,inDrop3,14.1715,8.4616585
6585,delta,inDrop3,16.632717,17.838427
6586,delta,inDrop3,16.356813,17.024996
6587,beta,inDrop3,5.604651,16.45457
6588,alpha,inDrop3,13.748653,8.177051
6589,beta,inDrop3,6.304661,16.613405
6590,ductal,inDrop3,11.93719,-0.68341565
6591,alpha,inDrop3,14.55225,7.483773
6592,alpha,inDrop3,13.874069,7.5417914
6593,ductal,inDrop3,11.119415,0.5750156
6594,alpha,inDrop3,15.588363,7.7594037
6595,acinar,inDrop3,5.741407,0.1282628
6596,alpha,inDrop3,14.210423,8.16255
6597,ductal,inDrop3,12.148763,-0.9733697
6598,ductal,inDrop3,12.171833,-0.4446976
6599,alpha,inDrop3,15.906428,6.6872616
6600,alpha,inDrop3,15.250438,6.618232
6601,ductal,inDrop3,12.099845,-0.514875
6602,acinar,inDrop3,5.940648,1.1887057
6603,alpha,inDrop3,15.4519415,7.4855747
6604,alpha,inDrop3,15.100682,7.8737383
6605,ductal,inDrop3,11.546737,-0.41882944
6606,alpha,inDrop3,15.575642,7.7379217
6607,alpha,inDrop3,13.60512,7.570662
6608,ductal,inDrop3,12.007078,-0.8224332
6609,alpha,inDrop3,13.920402,8.209845
6610,acinar,inDrop3,5.229622,0.86367816
6611,beta,inDrop3,6.028762,15.734639
6612,beta,inDrop3,3.8767636,15.245233
6613,ductal,inDrop3,12.04531,-0.30983752
6614,alpha,inDrop3,15.003613,8.267503
6615,activated_stellate,inDrop3,-0.8977401,5.7796574
6616,ductal,inDrop3,12.097659,-0.7763501
6617,beta,inDrop3,6.5206304,16.586435
6618,beta,inDrop3,4.7305675,14.989397
6619,alpha,inDrop3,13.911087,7.223971
6620,acinar,inDrop3,5.1003165,0.61768883
6621,beta,inDrop3,5.759316,16.44376
6622,alpha,inDrop3,14.383466,7.9706464
6623,alpha,inDrop3,14.303523,8.533848
6624,alpha,inDrop3,14.487463,8.15215
6625,acinar,inDrop3,5.0928564,0.94924897
6626,alpha,inDrop3,14.652014,6.833313
6627,beta,inDrop3,6.2788153,16.172949
6628,endothelial,inDrop3,-2.8074079,9.6892395
6629,alpha,inDrop3,14.20008,8.18945
6630,alpha,inDrop3,14.105581,8.906566
6631,gamma,inDrop3,10.394103,19.877813
6632,alpha,inDrop3,13.622347,8.404379
6633,beta,inDrop3,6.6111474,16.46403
6634,beta,inDrop3,5.9193397,15.797219
6635,ductal,inDrop3,12.158127,-0.49359405
6636,delta,inDrop3,16.320557,17.450653
6637,beta,inDrop3,5.7669063,15.9017725
6638,beta,inDrop3,5.0530047,14.73452
6639,alpha,inDrop3,14.759718,8.023023
6640,activated_stellate,inDrop3,-0.94698554,6.178115
6641,alpha,inDrop3,13.977893,9.271604
6642,beta,inDrop3,4.294902,15.330771
6643,alpha,inDrop3,15.257458,6.319285
6644,acinar,inDrop3,5.402827,0.89532435
6645,alpha,inDrop3,14.443853,8.006365
6646,alpha,inDrop3,15.32554,8.589178
6647,alpha,inDrop3,13.850695,7.6332445
6648,alpha,inDrop3,15.315079,9.45228
6649,beta,inDrop3,4.745781,14.860535
6650,alpha,inDrop3,14.139502,8.818389
6651,alpha,inDrop3,15.092342,7.5727563
6652,acinar,inDrop3,5.3561745,1.0225637
6653,beta,inDrop3,4.395572,15.221324
6654,alpha,inDrop3,15.793855,7.5684505
6655,alpha,inDrop3,16.69296,8.350812
6656,alpha,inDrop3,15.098064,6.378367
6657,ductal,inDrop3,12.00904,-0.41856682
6658,ductal,inDrop3,12.591208,-0.068899974
6659,ductal,inDrop3,13.038032,-0.16325034
6660,activated_stellate,inDrop3,-0.9138269,6.306127
6661,acinar,inDrop3,-0.8681889,5.896419
6662,alpha,inDrop3,14.808666,8.503201
6663,beta,inDrop3,6.355367,15.475781
6664,beta,inDrop3,3.531166,15.069572
6665,acinar,inDrop3,6.1019454,-0.22330558
6666,alpha,inDrop3,15.323745,8.36169
6667,alpha,inDrop3,14.296935,9.180361
6668,acinar,inDrop3,5.1002746,0.5497386
6669,alpha,inDrop3,15.327883,6.247683
6670,alpha,inDrop3,14.072446,7.9989395
6671,acinar,inDrop3,5.804819,0.0322925
6672,acinar,inDrop3,5.75249,0.7032521
6673,acinar,inDrop3,5.773141,0.18135998
6674,delta,inDrop3,7.0414877,14.7863035
6675,ductal,inDrop3,11.764828,-0.7540778
6676,acinar,inDrop3,5.63714,1.0693765
6677,alpha,inDrop3,13.993481,8.993556
6678,alpha,inDrop3,10.863625,19.851225
6679,alpha,inDrop3,14.652794,7.7011914
6680,acinar,inDrop3,5.391144,0.57378054
6681,alpha,inDrop3,14.587269,9.037955
6682,alpha,inDrop3,14.478856,9.235229
6683,alpha,inDrop3,13.760562,8.465413
6684,alpha,inDrop3,16.564373,8.582358
6685,acinar,inDrop3,5.3584385,0.122413374
6686,alpha,inDrop3,15.989163,8.452992
6687,alpha,inDrop3,14.59339,7.670841
6688,alpha,inDrop3,15.30151,6.958986
6689,beta,inDrop3,6.5835433,16.38455
6690,acinar,inDrop3,5.4800696,0.9783265
6691,activated_stellate,inDrop3,-0.9924677,6.322083
6692,alpha,inDrop3,15.226724,8.046716
6693,quiescent_stellate,inDrop3,0.393535,5.4798827
6694,alpha,inDrop3,14.939625,8.581404
6695,alpha,inDrop3,14.07997,9.076177
6696,acinar,inDrop3,5.714859,-0.39247504
6697,alpha,inDrop3,14.094079,8.418292
6698,beta,inDrop3,6.6342764,14.637514
6699,alpha,inDrop3,15.524419,7.5687675
6700,alpha,inDrop3,15.007819,8.421214
6701,ductal,inDrop3,11.723499,-0.063794024
6702,alpha,inDrop3,15.8108635,7.595392
6703,ductal,inDrop3,11.954548,-0.36628672
6704,alpha,inDrop3,14.785672,8.993321
6705,acinar,inDrop3,6.09117,0.23636052
6706,alpha,inDrop3,13.755577,7.6764064
6707,beta,inDrop3,5.4509964,15.111192
6708,alpha,inDrop3,13.604902,8.809856
6709,alpha,inDrop3,14.02372,9.189385
6710,beta,inDrop3,6.3233156,16.052046
6711,beta,inDrop3,5.0995526,14.808586
6712,alpha,inDrop3,15.175458,7.450987
6713,alpha,inDrop3,15.072339,7.68402
6714,alpha,inDrop3,14.673635,9.362942
6715,ductal,inDrop3,12.148249,-0.9653894
6716,alpha,inDrop3,15.62426,7.792149
6717,alpha,inDrop3,13.670525,8.776906
6718,alpha,inDrop3,16.55305,7.988261
6719,alpha,inDrop3,15.9239435,7.6490645
6720,alpha,inDrop3,13.852808,7.38717
6721,alpha,inDrop3,13.7946825,7.2295647
6722,beta,inDrop3,5.365195,16.066359
6723,beta,inDrop3,6.91811,14.568579
6724,alpha,inDrop3,14.060045,9.265146
6725,ductal,inDrop3,12.700718,-0.1497853
6726,ductal,inDrop3,11.927023,-0.3089564
6727,ductal,inDrop3,11.68169,0.4311683
6728,beta,inDrop3,6.834129,15.955895
6729,endothelial,inDrop3,-2.552321,8.958271
6730,alpha,inDrop3,14.21523,8.8724785
6731,beta,inDrop3,6.2814503,15.037506
6732,alpha,inDrop3,15.2003,7.9594584
6733,beta,inDrop3,4.130866,15.436786
6734,alpha,inDrop3,13.641719,8.781539
6735,alpha,inDrop3,15.026359,7.166845
6736,alpha,inDrop3,15.678272,8.603195
6737,ductal,inDrop3,12.11766,-0.33925867
6738,beta,inDrop3,6.0560803,15.918048
6739,activated_stellate,inDrop3,-1.020193,6.032659
6740,alpha,inDrop3,15.547346,7.398503
6741,alpha,inDrop3,14.690613,8.783084
6742,alpha,inDrop3,13.9974165,8.918838
6743,endothelial,inDrop3,-2.592435,9.084049
6744,alpha,inDrop3,14.199411,8.904188
6745,beta,inDrop3,5.7818356,16.248945
6746,acinar,inDrop3,6.2665887,0.28662083
6747,alpha,inDrop3,16.070362,7.504321
6748,ductal,inDrop3,11.039777,-0.6547125
6749,alpha,inDrop3,13.847333,8.28435
6750,alpha,inDrop3,14.848247,8.695154
6751,alpha,inDrop3,13.943216,8.060065
6752,beta,inDrop3,6.598001,15.081647
6753,alpha,inDrop3,14.004458,9.098199
6754,alpha,inDrop3,14.047021,8.052879
6755,alpha,inDrop3,14.634412,8.54748
6756,alpha,inDrop3,15.289069,6.241812
6757,quiescent_stellate,inDrop3,14.594369,7.1502376
6758,alpha,inDrop3,13.939268,9.126054
6759,alpha,inDrop3,13.572807,7.4378414
6760,alpha,inDrop3,15.265056,8.768132
6761,beta,inDrop3,6.0197263,15.366365
6762,beta,inDrop3,5.5750933,14.1571455
6763,alpha,inDrop3,15.481865,8.641044
6764,alpha,inDrop3,15.839997,7.5669327
6765,beta,inDrop3,6.3460846,15.01707
6766,alpha,inDrop3,15.343482,9.525222
6767,alpha,inDrop3,13.887691,8.805292
6768,acinar,inDrop3,5.108652,0.49671963
6769,ductal,inDrop3,12.227734,-0.71387374
6770,alpha,inDrop3,14.309034,7.890979
6771,alpha,inDrop3,16.308937,7.6861105
6772,beta,inDrop3,6.0007596,16.160442
6773,beta,inDrop3,6.537877,15.442557
6774,alpha,inDrop3,14.19141,9.109807
6775,acinar,inDrop3,5.6009216,0.20443764
6776,alpha,inDrop3,14.7597475,8.745213
6777,alpha,inDrop3,14.571655,8.682389
6778,alpha,inDrop3,16.359533,8.516683
6779,macrophage,inDrop3,8.472086,-5.83964
6780,beta,inDrop3,6.1824713,16.040537
6781,beta,inDrop3,6.0823774,15.895612
6782,alpha,inDrop3,14.050065,9.220679
6783,alpha,inDrop3,14.422652,7.2352247
6784,ductal,inDrop3,12.124131,-0.5544105
6785,acinar,inDrop3,5.3849716,0.9558681
6786,alpha,inDrop3,12.37529,7.027878
6787,alpha,inDrop3,16.190887,7.907469
6788,alpha,inDrop3,14.827161,8.420203
6789,alpha,inDrop3,14.05932,9.233796
6790,alpha,inDrop3,15.752976,6.4730625
6791,alpha,inDrop3,13.5499,8.65731
6792,activated_stellate,inDrop3,-0.9929109,6.266781
6793,beta,inDrop3,5.8630233,16.079418
6794,alpha,inDrop3,14.753574,7.744981
6795,gamma,inDrop3,10.8444805,19.468977
6796,alpha,inDrop3,16.33833,7.2300916
6797,alpha,inDrop3,16.072464,8.639685
6798,ductal,inDrop3,12.124317,-0.6472894
6799,alpha,inDrop3,15.562584,7.875286
6800,alpha,inDrop3,16.258213,6.45898
6801,alpha,inDrop3,15.006356,6.620135
6802,alpha,inDrop3,14.919801,9.0649395
6803,alpha,inDrop3,14.417489,8.419627
6804,quiescent_stellate,inDrop3,-0.8825689,6.3350015
6805,ductal,inDrop3,12.013519,-0.84688425
6806,ductal,inDrop3,12.031895,-0.35144338
6807,acinar,inDrop3,6.205698,-0.0009842886
6808,delta,inDrop3,7.041277,16.147738
6809,alpha,inDrop3,14.193949,9.217636
6810,ductal,inDrop3,12.363659,-0.67371297
6811,alpha,inDrop3,14.274241,8.502803
6812,alpha,inDrop3,15.002315,9.250664
6813,acinar,inDrop3,5.9910245,0.20910817
6814,delta,inDrop3,16.198275,17.77819
6815,acinar,inDrop3,5.6722574,0.461639
6816,alpha,inDrop3,14.814431,8.665167
6817,alpha,inDrop3,13.805999,7.424656
6818,alpha,inDrop3,14.459984,7.7102566
6819,acinar,inDrop3,6.688582,-0.110641085
6820,activated_stellate,inDrop3,-0.9904151,5.9184833
6821,beta,inDrop3,6.4110475,16.485119
6822,acinar,inDrop3,5.8697844,-0.27804637
6823,beta,inDrop3,4.028701,15.843219
6824,alpha,inDrop3,13.719122,8.720479
6825,acinar,inDrop3,5.0026965,0.61930585
6826,beta,inDrop3,5.4617977,16.204756
6827,alpha,inDrop3,15.35277,6.2307334
6828,alpha,inDrop3,14.113105,8.247951
6829,ductal,inDrop3,11.815963,-0.362868
6830,alpha,inDrop3,12.390667,7.0236087
6831,ductal,inDrop3,11.203403,-0.92431974
6832,alpha,inDrop3,14.200947,8.092989
6833,alpha,inDrop3,14.458361,8.284941
6834,alpha,inDrop3,14.820693,8.180445
6835,acinar,inDrop3,6.2197194,0.30621272
6836,ductal,inDrop3,12.013225,-0.989104
6837,acinar,inDrop3,5.6381392,0.08264079
6838,alpha,inDrop3,15.207435,7.866177
6839,delta,inDrop3,16.43951,18.014565
6840,alpha,inDrop3,14.899453,8.0171795
6841,alpha,inDrop3,16.018635,6.224856
6842,acinar,inDrop3,6.3075147,0.38551
6843,beta,inDrop3,5.6682863,16.562346
6844,alpha,inDrop3,15.84721,8.7414
6845,acinar,inDrop3,6.5588665,0.97284156
6846,endothelial,inDrop3,-2.6125884,9.658699
6847,beta,inDrop3,4.955867,16.096746
6848,alpha,inDrop3,14.661459,7.6587973
6849,activated_stellate,inDrop3,-0.9815803,6.19743
6850,activated_stellate,inDrop3,-1.2501922,5.630804
6851,acinar,inDrop3,5.3861613,0.07940779
6852,alpha,inDrop3,14.410211,9.0303955
6853,alpha,inDrop3,14.588585,9.036511
6854,alpha,inDrop3,14.286966,9.023451
6855,alpha,inDrop3,13.889924,8.265809
6856,ductal,inDrop3,11.98602,-0.6116495
6857,alpha,inDrop3,16.43361,6.973716
6858,endothelial,inDrop3,-2.751432,9.545452
6859,activated_stellate,inDrop3,-1.1022885,5.8894534
6860,alpha,inDrop3,13.74913,8.250984
6861,alpha,inDrop3,14.200033,7.370572
6862,beta,inDrop3,6.137389,16.088474
6863,alpha,inDrop3,15.598658,8.240707
6864,beta,inDrop3,5.551764,16.332724
6865,alpha,inDrop3,13.97521,8.676482
6866,beta,inDrop3,5.7862053,16.505064
6867,quiescent_stellate,inDrop3,0.08425381,5.5045657
6868,alpha,inDrop3,14.591779,8.476475
6869,ductal,inDrop3,11.288901,0.08342022
6870,acinar,inDrop3,5.827221,-0.2561907
6871,beta,inDrop3,6.3221035,15.817025
6872,mast,inDrop3,9.701803,5.8915086
6873,acinar,inDrop3,5.742117,0.8180651
6874,acinar,inDrop3,6.243432,-0.011450896
6875,beta,inDrop3,6.883607,15.226142
6876,beta,inDrop3,6.5607877,15.8287735
6877,beta,inDrop3,5.2706003,15.365082
6878,alpha,inDrop3,13.921784,7.291687
6879,alpha,inDrop3,15.135558,9.425025
6880,activated_stellate,inDrop3,-0.9675029,6.1974125
6881,alpha,inDrop3,13.757901,7.568959
6882,alpha,inDrop3,14.682298,7.7351265
6883,acinar,inDrop3,5.182385,0.24104579
6884,acinar,inDrop3,5.7037783,-0.12702031
6885,ductal,inDrop3,12.993357,-0.14759494
6886,beta,inDrop3,5.285259,14.566172
6887,alpha,inDrop3,15.948821,7.058527
6888,acinar,inDrop3,6.1061606,0.15979661
6889,ductal,inDrop3,12.811031,-0.14369562
6890,beta,inDrop3,4.2330294,15.4777775
6891,alpha,inDrop3,14.32552,7.6512394
6892,ductal,inDrop3,12.17238,-0.54898554
6893,alpha,inDrop3,15.769184,6.385315
6894,ductal,inDrop3,11.976602,-0.16958159
6895,alpha,inDrop3,15.397949,6.3762026
6896,activated_stellate,inDrop3,-1.0040833,5.886766
6897,ductal,inDrop3,12.127624,-0.76661485
6898,beta,inDrop3,5.816414,16.41254
6899,alpha,inDrop3,13.863268,7.294332
6900,quiescent_stellate,inDrop3,0.2820529,5.4648237
6901,delta,inDrop3,5.645848,0.5657726
6902,beta,inDrop3,6.7643905,16.343828
6903,alpha,inDrop3,15.027181,9.210431
6904,ductal,inDrop3,11.5524,-0.26424322
6905,alpha,inDrop3,14.3941345,8.786599
6906,alpha,inDrop3,14.142399,8.932904
6907,beta,inDrop3,6.287258,15.460065
6908,alpha,inDrop3,14.245422,8.270385
6909,acinar,inDrop3,6.1744156,0.56029
6910,alpha,inDrop3,13.713738,8.958514
6911,quiescent_stellate,inDrop3,0.5588512,5.0159087
6912,ductal,inDrop3,11.802082,-0.14480607
6913,alpha,inDrop3,15.35957,6.3160515
6914,ductal,inDrop3,11.784458,-0.7016484
6915,activated_stellate,inDrop3,-0.9155556,6.320701
6916,alpha,inDrop3,14.5502405,6.9311204
6917,beta,inDrop3,6.7141347,13.770088
6918,alpha,inDrop3,14.922803,8.519445
6919,acinar,inDrop3,5.363729,1.0152292
6920,acinar,inDrop3,5.795925,0.09954232
6921,alpha,inDrop3,14.128582,8.856825
6922,alpha,inDrop3,15.072723,9.420695
6923,alpha,inDrop3,14.08743,8.067503
6924,ductal,inDrop3,12.1893635,-1.0587723
6925,beta,inDrop3,4.0818334,15.512673
6926,alpha,inDrop3,16.51837,7.656704
6927,acinar,inDrop3,6.0810933,0.5313037
6928,activated_stellate,inDrop3,-0.8888217,6.340067
6929,alpha,inDrop3,13.632412,8.758666
6930,beta,inDrop3,6.794992,13.85227
6931,alpha,inDrop3,14.498638,9.402968
6932,beta,inDrop3,6.3877773,16.100561
6933,beta,inDrop3,6.218452,16.662409
6934,beta,inDrop3,6.3992743,16.393827
6935,alpha,inDrop3,15.853949,7.3898697
6936,macrophage,inDrop3,8.474541,-5.8394256
6937,ductal,inDrop3,11.974219,-0.33395493
6938,alpha,inDrop3,14.181037,9.271616
6939,beta,inDrop3,7.0112286,13.978073
6940,alpha,inDrop3,14.541405,8.307748
6941,beta,inDrop3,6.0561748,16.41795
6942,ductal,inDrop3,12.068403,-0.6989339
6943,alpha,inDrop3,13.919167,7.2505684
6944,alpha,inDrop3,16.471256,7.027927
6945,alpha,inDrop3,13.99501,8.988549
6946,alpha,inDrop3,14.3136425,7.707157
6947,alpha,inDrop3,15.293668,7.2850356
6948,beta,inDrop3,5.806641,15.439914
6949,alpha,inDrop3,15.151679,7.8937435
6950,beta,inDrop3,6.1842966,16.333033
6951,ductal,inDrop3,11.574322,-0.29051697
6952,ductal,inDrop3,11.836762,-0.55989534
6953,ductal,inDrop3,11.85982,-0.47945395
6954,alpha,inDrop3,15.0236,8.276383
6955,ductal,inDrop3,13.083292,-0.22452593
6956,activated_stellate,inDrop3,-1.1697863,5.796717
6957,alpha,inDrop3,13.743536,7.492492
6958,beta,inDrop3,6.1335363,16.648462
6959,activated_stellate,inDrop3,-0.88889575,5.8868675
6960,alpha,inDrop3,15.240768,8.479236
6961,acinar,inDrop3,5.753194,-0.48637873
6962,acinar,inDrop3,5.6175036,-0.118605606
6963,alpha,inDrop3,14.433736,9.117801
6964,delta,inDrop3,16.488686,18.110954
6965,endothelial,inDrop3,-2.5276136,9.679099
6966,quiescent_stellate,inDrop3,0.19570296,5.498683
6967,beta,inDrop3,5.4107876,16.071342
6968,beta,inDrop3,6.269213,16.093786
6969,alpha,inDrop3,14.106355,8.657108
6970,activated_stellate,inDrop3,-1.1071092,6.0815277
6971,alpha,inDrop3,14.030278,8.974895
6972,beta,inDrop3,5.7140093,16.386372
6973,acinar,inDrop3,5.8858004,-0.020005584
6974,alpha,inDrop3,13.937764,7.8804045
6975,delta,inDrop3,3.7676227,15.34717
6976,acinar,inDrop3,5.5543623,0.39542812
6977,quiescent_stellate,inDrop3,0.5515269,5.5667396
6978,beta,inDrop3,5.913012,16.32518
6979,alpha,inDrop3,13.559809,8.761372
6980,alpha,inDrop3,15.260422,9.516441
6981,ductal,inDrop3,11.602598,-0.8954483
6982,alpha,inDrop3,15.082136,8.526179
6983,alpha,inDrop3,15.215853,8.53799
6984,alpha,inDrop3,13.554961,8.640967
6985,alpha,inDrop3,14.398477,8.50711
6986,alpha,inDrop3,15.286145,9.5573845
6987,gamma,inDrop3,10.471405,19.693888
6988,alpha,inDrop3,15.9237175,8.54882
6989,beta,inDrop3,5.225982,15.925849
6990,beta,inDrop3,5.3934946,16.282322
6991,delta,inDrop3,16.145685,17.215256
6992,alpha,inDrop3,14.593283,8.284979
6993,activated_stellate,inDrop3,-0.98300576,5.6480308
6994,alpha,inDrop3,15.298765,9.496609
6995,quiescent_stellate,inDrop3,0.52467674,5.045945
6996,beta,inDrop3,5.3787436,16.148073
6997,mast,inDrop3,9.709191,5.8959394
6998,alpha,inDrop3,15.5251045,8.429143
6999,acinar,inDrop3,5.885306,-0.11067407
7000,alpha,inDrop3,15.291448,9.509641
7001,alpha,inDrop3,14.0204115,8.140229
7002,endothelial,inDrop3,-2.6777425,9.530247
7003,beta,inDrop3,6.552659,15.6849575
7004,macrophage,inDrop3,8.506973,-5.778611
7005,ductal,inDrop3,11.874432,-0.14105149
7006,beta,inDrop3,6.749247,13.839556
7007,beta,inDrop3,5.362124,15.907445
7008,beta,inDrop3,5.2402573,16.04603
7009,alpha,inDrop3,13.949249,8.821241
7010,beta,inDrop3,5.6726117,15.077006
7011,alpha,inDrop3,14.038395,8.837332
7012,mast,inDrop3,9.6977625,5.891843
7013,alpha,inDrop3,15.238251,9.553749
7014,alpha,inDrop3,14.079984,8.442831
7015,beta,inDrop3,3.9406233,15.107302
7016,endothelial,inDrop3,-2.4564714,9.789475
7017,acinar,inDrop3,5.649672,0.5224092
7018,endothelial,inDrop3,-2.8220868,9.570285
7019,beta,inDrop3,5.5257745,16.222218
7020,beta,inDrop3,6.512731,14.853707
7021,alpha,inDrop3,14.483796,9.271412
7022,quiescent_stellate,inDrop3,0.31649995,5.3945165
7023,ductal,inDrop3,11.750781,-0.2909245
7024,ductal,inDrop3,12.082435,-0.9505426
7025,beta,inDrop3,6.384277,16.244743
7026,beta,inDrop3,5.2869754,15.968204
7027,alpha,inDrop3,15.343679,9.457557
7028,beta,inDrop3,6.5644684,15.913449
7029,beta,inDrop3,5.640257,16.354364
7030,beta,inDrop3,5.9671865,16.410208
7031,quiescent_stellate,inDrop3,0.434191,5.3832016
7032,quiescent_stellate,inDrop3,0.3870087,5.3442082
7033,beta,inDrop3,5.018277,15.679597
7034,alpha,inDrop3,14.521058,7.223303
7035,delta,inDrop3,5.632785,15.962366
7036,alpha,inDrop3,14.571862,9.0117235
7037,ductal,inDrop3,11.980975,-0.7018319
7038,acinar,inDrop3,6.0804048,0.116433196
7039,alpha,inDrop3,14.819929,8.416308
7040,alpha,inDrop3,14.707551,8.412987
7041,alpha,inDrop3,14.23616,7.851799
7042,quiescent_stellate,inDrop3,0.13301404,5.4965277
7043,alpha,inDrop3,14.850261,9.287015
7044,beta,inDrop3,5.684774,16.254175
7045,endothelial,inDrop3,-2.7465734,9.588098
7046,activated_stellate,inDrop3,-0.96173173,6.2810616
7047,alpha,inDrop3,13.6656065,8.783662
7048,alpha,inDrop3,15.121302,9.318848
7049,beta,inDrop3,5.767648,16.381418
7050,alpha,inDrop3,14.8693075,6.8603625
7051,beta,inDrop3,6.1534786,16.63784
7052,beta,inDrop3,5.2019143,15.9969
7053,alpha,inDrop3,13.858654,8.9475975
7054,ductal,inDrop3,11.760925,-0.712054
7055,endothelial,inDrop3,-2.489688,9.703491
7056,endothelial,inDrop3,-2.6828787,9.452961
7057,endothelial,inDrop3,-2.4618235,9.746509
7058,beta,inDrop3,5.8238025,16.428205
7059,beta,inDrop3,5.7722325,16.351658
7060,quiescent_stellate,inDrop3,0.08042098,5.52356
7061,beta,inDrop3,5.6583915,16.318531
7062,beta,inDrop3,4.422857,15.385401
7063,beta,inDrop3,5.94788,16.065096
7064,beta,inDrop3,5.4395094,15.984357
7065,ductal,inDrop3,11.674946,-0.27423766
7066,beta,inDrop3,6.5675406,15.915765
7067,ductal,inDrop3,12.080994,-0.54402786
7068,endothelial,inDrop3,-2.5591142,9.672386
7069,endothelial,inDrop3,-2.510342,9.558563
7070,alpha,inDrop3,15.399101,9.3462515
7071,beta,inDrop3,5.7409964,16.441309
7072,activated_stellate,inDrop3,-0.8268716,5.8693533
7073,beta,inDrop3,5.0037937,15.76399
7074,alpha,inDrop3,15.235737,9.470893
7075,acinar,inDrop3,4.9869914,0.4666493
7076,acinar,inDrop3,5.730369,-0.27585533
7077,acinar,inDrop3,5.0555224,0.891618
7078,acinar,inDrop3,5.521907,1.1473325
7079,acinar,inDrop3,5.0690575,0.34416422
7080,acinar,inDrop3,5.805709,-0.27600008
7081,acinar,inDrop3,5.2661147,0.30738124
7082,acinar,inDrop3,5.282847,0.65568006
7083,acinar,inDrop3,5.1409845,0.26574236
7084,acinar,inDrop3,5.6123056,0.5872029
7085,acinar,inDrop3,-1.0003029,6.051899
7086,acinar,inDrop3,5.39512,0.2504845
7087,acinar,inDrop3,5.288886,0.31916657
7088,acinar,inDrop3,5.394636,0.7263383
7089,acinar,inDrop3,5.718032,0.7460939
7090,acinar,inDrop3,5.825099,1.1337599
7091,acinar,inDrop3,5.1044,0.8773107
7092,acinar,inDrop3,5.145145,0.7874607
7093,acinar,inDrop3,5.174018,0.9440173
7094,acinar,inDrop3,6.0508366,-0.029915415
7095,acinar,inDrop3,5.9714437,-0.07430066
7096,acinar,inDrop3,5.3634167,1.0493525
7097,acinar,inDrop3,5.961424,0.96968967
7098,acinar,inDrop3,5.4597316,0.046849485
7099,acinar,inDrop3,5.2154703,0.15683177
7100,acinar,inDrop3,5.3393946,0.31695697
7101,acinar,inDrop3,5.659139,0.49084398
7102,acinar,inDrop3,5.457829,0.531439
7103,acinar,inDrop3,5.599185,-0.18240424
7104,acinar,inDrop3,5.274013,0.32075274
7105,acinar,inDrop3,5.2254057,0.76939154
7106,alpha,inDrop3,14.057233,9.12738
7107,acinar,inDrop3,5.595476,0.85877687
7108,delta,inDrop3,16.872425,17.916668
7109,acinar,inDrop3,5.9616365,0.56155306
7110,acinar,inDrop3,5.722791,0.40715238
7111,acinar,inDrop3,6.700808,0.36435628
7112,acinar,inDrop3,5.4368143,1.057102
7113,acinar,inDrop3,5.4975295,0.12447152
7114,acinar,inDrop3,5.1639338,0.9251631
7115,acinar,inDrop3,5.7889123,-0.4287048
7116,acinar,inDrop3,5.564342,-0.34049052
7117,acinar,inDrop3,6.0878015,0.53183264
7118,acinar,inDrop3,6.107437,0.103179395
7119,acinar,inDrop3,5.2320476,0.9954174
7120,acinar,inDrop3,5.6228304,0.8877949
7121,acinar,inDrop3,5.270227,0.20293653
7122,acinar,inDrop3,6.2436633,-0.13404426
7123,acinar,inDrop3,5.173439,0.48422343
7124,acinar,inDrop3,5.62348,-0.29231784
7125,acinar,inDrop3,5.8231993,0.3247744
7126,beta,inDrop3,6.1674128,15.465389
7127,acinar,inDrop3,11.477192,-0.14228442
7128,beta,inDrop3,5.9806995,16.138124
7129,acinar,inDrop3,6.0109367,-0.359395
7130,acinar,inDrop3,6.233609,0.47457075
7131,acinar,inDrop3,5.0519624,0.89950716
7132,acinar,inDrop3,5.7119603,0.76517785
7133,acinar,inDrop3,6.1699047,-0.20092106
7134,acinar,inDrop3,5.732177,-0.36166888
7135,acinar,inDrop3,5.5071974,0.40320212
7136,acinar,inDrop3,5.850674,0.3922327
7137,acinar,inDrop3,5.9842396,0.042596437
7138,acinar,inDrop3,5.5939565,-0.3015244
7139,acinar,inDrop3,5.238051,1.0243173
7140,acinar,inDrop3,5.3663917,0.6970207
7141,acinar,inDrop3,6.2560034,0.45307907
7142,acinar,inDrop3,5.8005314,-0.2027692
7143,acinar,inDrop3,5.500386,1.3894286
7144,acinar,inDrop3,5.1290402,0.41739962
7145,acinar,inDrop3,5.163089,0.4812484
7146,acinar,inDrop3,6.182725,0.41006055
7147,acinar,inDrop3,5.21184,0.97994363
7148,acinar,inDrop3,5.043208,0.8787024
7149,acinar,inDrop3,5.5677423,0.34669206
7150,acinar,inDrop3,6.580982,0.6354309
7151,acinar,inDrop3,6.025628,0.5902331
7152,acinar,inDrop3,5.570371,-0.5557581
7153,acinar,inDrop3,5.806963,-0.44191507
7154,acinar,inDrop3,5.441175,0.9536115
7155,acinar,inDrop3,5.582189,0.6880851
7156,acinar,inDrop3,5.3912997,0.8220689
7157,ductal,inDrop3,11.238153,-0.8268622
7158,acinar,inDrop3,5.257961,0.13525201
7159,acinar,inDrop3,5.194555,0.76751226
7160,beta,inDrop3,16.390652,5.8121467
7161,beta,inDrop3,6.0986032,15.817841
7162,acinar,inDrop3,5.7528677,0.0030733
7163,acinar,inDrop3,5.3814244,0.8779798
7164,acinar,inDrop3,5.13357,0.63929135
7165,delta,inDrop3,16.744377,17.38656
7166,acinar,inDrop3,5.2263203,0.9298182
7167,beta,inDrop3,6.242785,15.298453
7168,acinar,inDrop3,5.427519,0.78174025
7169,acinar,inDrop3,5.3057537,0.3502683
7170,acinar,inDrop3,5.1425643,0.40720168
7171,alpha,inDrop3,14.144144,9.142057
7172,acinar,inDrop3,5.198764,0.8109112
7173,acinar,inDrop3,5.889989,-0.0657756
7174,acinar,inDrop3,6.0492015,-0.28620255
7175,acinar,inDrop3,5.15899,0.654206
7176,delta,inDrop3,17.03013,17.577602
7177,acinar,inDrop3,5.627726,0.0307207
7178,alpha,inDrop3,15.533019,7.778995
7179,beta,inDrop3,6.323255,16.013618
7180,acinar,inDrop3,5.5650897,1.2224963
7181,beta,inDrop3,5.065693,15.021499
7182,beta,inDrop3,4.7794743,15.216143
7183,acinar,inDrop3,5.921259,-0.15995385
7184,ductal,inDrop3,11.606042,-0.38853538
7185,acinar,inDrop3,5.9158907,-0.19061586
7186,beta,inDrop3,5.4493866,14.002657
7187,acinar,inDrop3,5.8836703,0.20680194
7188,alpha,inDrop3,13.906479,8.950255
7189,alpha,inDrop3,14.35706,8.224431
7190,alpha,inDrop3,16.02127,8.103204
7191,activated_stellate,inDrop3,-1.0024477,6.2975035
7192,acinar,inDrop3,5.7664504,-0.16401877
7193,acinar,inDrop3,5.4650493,-0.05055648
7194,acinar,inDrop3,5.6457286,0.2574681
7195,beta,inDrop3,4.592953,15.0529375
7196,acinar,inDrop3,5.574151,-0.31499618
7197,acinar,inDrop3,5.1699476,0.36809066
7198,beta,inDrop3,6.8812485,15.632042
7199,alpha,inDrop3,14.670398,7.480387
7200,acinar,inDrop3,5.8252697,0.7785841
7201,alpha,inDrop3,16.589901,8.6689625
7202,acinar,inDrop3,5.84964,0.71676016
7203,acinar,inDrop3,6.341771,-0.010611226
7204,alpha,inDrop3,14.81636,9.211335
7205,beta,inDrop3,5.0902624,14.562362
7206,acinar,inDrop3,6.1935883,-0.08353626
7207,alpha,inDrop3,13.732815,8.697477
7208,activated_stellate,inDrop3,-0.9801329,6.450594
7209,acinar,inDrop3,6.071867,-0.21050496
7210,beta,inDrop3,5.006627,14.855537
7211,beta,inDrop3,5.3178363,14.967102
7212,beta,inDrop3,5.1460133,14.653589
7213,acinar,inDrop3,5.984989,0.09081658
7214,beta,inDrop3,6.372388,15.704539
7215,beta,inDrop3,6.9627686,15.452209
7216,beta,inDrop3,4.4199734,15.080596
7217,acinar,inDrop3,5.00822,0.825165
7218,acinar,inDrop3,5.7305646,0.1720353
7219,acinar,inDrop3,5.8507686,0.65419334
7220,endothelial,inDrop3,-2.5401073,8.931228
7221,alpha,inDrop3,14.736889,9.102768
7222,beta,inDrop3,6.6302357,15.151844
7223,delta,inDrop3,16.795658,17.793251
7224,beta,inDrop3,6.4770517,15.757688
7225,beta,inDrop3,4.4725823,15.149644
7226,acinar,inDrop3,5.8210955,-0.32999417
7227,beta,inDrop3,5.324183,15.398579
7228,activated_stellate,inDrop3,-1.0010233,6.272531
7229,acinar,inDrop3,6.011346,0.7307497
7230,acinar,inDrop3,5.248574,0.7317383
7231,acinar,inDrop3,6.0613112,0.83532655
7232,alpha,inDrop3,15.219842,8.13329
7233,delta,inDrop3,16.660416,17.93679
7234,acinar,inDrop3,5.4836965,0.014033025
7235,beta,inDrop3,6.180785,16.014849
7236,acinar,inDrop3,5.2778516,0.47971535
7237,acinar,inDrop3,6.167048,0.21072425
7238,acinar,inDrop3,5.7783594,-0.44907752
7239,beta,inDrop3,5.1657076,14.862947
7240,acinar,inDrop3,6.287332,0.6855939
7241,beta,inDrop3,6.180103,16.073755
7242,acinar,inDrop3,5.5906653,-0.31969246
7243,beta,inDrop3,5.969111,14.177005
7244,acinar,inDrop3,5.0532136,0.6026167
7245,alpha,inDrop3,14.056063,8.925727
7246,ductal,inDrop3,11.911181,-0.63191915
7247,acinar,inDrop3,5.264722,0.32305592
7248,acinar,inDrop3,6.0877566,-0.31241882
7249,activated_stellate,inDrop3,-0.9605301,5.832619
7250,acinar,inDrop3,5.5688114,-0.3337364
7251,acinar,inDrop3,5.4417067,0.3720687
7252,beta,inDrop3,6.4223804,16.24852
7253,acinar,inDrop3,5.5975947,-0.0944008
7254,acinar,inDrop3,5.482401,0.40001824
7255,beta,inDrop3,5.436662,15.097745
7256,activated_stellate,inDrop3,-1.1055912,5.8765674
7257,alpha,inDrop3,13.928009,8.943359
7258,beta,inDrop3,6.3258605,16.349937
7259,beta,inDrop3,6.459535,13.803479
7260,acinar,inDrop3,6.1389823,0.39807984
7261,beta,inDrop3,4.8057613,15.342496
7262,acinar,inDrop3,6.049317,-0.25115827
7263,alpha,inDrop3,14.488221,6.6368413
7264,beta,inDrop3,5.207921,15.074179
7265,acinar,inDrop3,6.4279704,0.54947454
7266,acinar,inDrop3,5.9285727,1.2561091
7267,beta,inDrop3,6.2343564,14.3304
7268,acinar,inDrop3,6.0025396,-0.37246355
7269,acinar,inDrop3,5.098139,0.8505072
7270,alpha,inDrop3,13.664804,8.046411
7271,beta,inDrop3,7.0364804,15.759921
7272,acinar,inDrop3,5.399249,0.40588257
7273,beta,inDrop3,6.2830844,16.103897
7274,beta,inDrop3,6.4065304,14.892659
7275,acinar,inDrop3,6.38985,0.97650844
7276,beta,inDrop3,3.8486326,14.906767
7277,acinar,inDrop3,6.155982,-0.023203459
7278,acinar,inDrop3,6.9805408,-0.08337411
7279,acinar,inDrop3,5.65975,-0.3619614
7280,beta,inDrop3,6.2664623,15.4665365
7281,acinar,inDrop3,6.790919,0.7464404
7282,acinar,inDrop3,5.582689,0.20087776
7283,beta,inDrop3,4.502191,15.180606
7284,beta,inDrop3,5.5011764,14.442502
7285,delta,inDrop3,16.38876,17.687004
7286,alpha,inDrop3,14.116929,8.964297
7287,endothelial,inDrop3,-2.5815723,9.859877
7288,acinar,inDrop3,6.57929,-0.3259431
7289,beta,inDrop3,6.8934526,14.860618
7290,alpha,inDrop3,15.637739,7.7530966
7291,alpha,inDrop3,16.240374,8.556277
7292,beta,inDrop3,4.369541,15.215569
7293,alpha,inDrop3,5.5528007,15.412117
7294,acinar,inDrop3,5.288925,0.9099647
7295,acinar,inDrop3,6.601884,0.1558545
7296,alpha,inDrop3,13.708134,7.8162513
7297,acinar,inDrop3,5.524046,-0.12744267
7298,ductal,inDrop3,11.673037,0.35568708
7299,beta,inDrop3,7.0132837,13.942252
7300,acinar,inDrop3,6.114619,0.00814011
7301,acinar,inDrop3,6.0363092,0.20930319
7302,acinar,inDrop3,6.0265603,0.6344319
7303,acinar,inDrop3,5.473113,0.62442327
7304,ductal,inDrop3,11.516924,0.18371984
7305,acinar,inDrop3,5.929849,1.1518381
7306,beta,inDrop3,6.5341926,15.827401
7307,acinar,inDrop3,6.25021,0.4609552
7308,alpha,inDrop3,15.307936,8.4493685
7309,acinar,inDrop3,5.302456,0.36230552
7310,beta,inDrop3,6.4442134,16.40888
7311,gamma,inDrop3,10.939256,19.925154
7312,beta,inDrop3,6.171264,15.951759
7313,beta,inDrop3,6.9952903,14.753526
7314,alpha,inDrop3,16.48885,8.092296
7315,acinar,inDrop3,5.363069,0.42860132
7316,alpha,inDrop3,14.316595,8.343931
7317,acinar,inDrop3,5.5664234,0.10557508
7318,ductal,inDrop3,11.705897,-0.42735898
7319,alpha,inDrop3,14.631385,9.028013
7320,beta,inDrop3,6.372127,14.917138
7321,beta,inDrop3,6.538022,15.700831
7322,beta,inDrop3,6.1479278,15.679345
7323,beta,inDrop3,6.3384604,14.582893
7324,ductal,inDrop3,11.749505,-0.4019562
7325,beta,inDrop3,4.2504125,15.270017
7326,ductal,inDrop3,12.014907,-0.8643768
7327,beta,inDrop3,6.9377313,15.833346
7328,beta,inDrop3,5.936809,15.533384
7329,ductal,inDrop3,11.970714,-0.8148874
7330,beta,inDrop3,6.2998767,14.547596
7331,beta,inDrop3,6.5905337,13.960613
7332,acinar,inDrop3,5.738402,-0.46491987
7333,beta,inDrop3,6.782733,16.019594
7334,beta,inDrop3,6.441452,16.531895
7335,alpha,inDrop3,15.425843,7.543237
7336,acinar,inDrop3,5.8587728,-0.17806555
7337,beta,inDrop3,6.4818096,15.019175
7338,delta,inDrop3,16.873917,17.589275
7339,activated_stellate,inDrop3,-0.9995684,6.088501
7340,acinar,inDrop3,-2.6688747,9.576021
7341,ductal,inDrop3,12.104249,-0.7972776
7342,acinar,inDrop3,5.9840193,0.81124425
7343,beta,inDrop3,6.34814,16.438316
7344,beta,inDrop3,6.685156,15.500455
7345,ductal,inDrop3,11.995168,-0.46558887
7346,acinar,inDrop3,5.935335,0.1903651
7347,alpha,inDrop3,14.072437,6.9994583
7348,delta,inDrop3,16.258774,17.18538
7349,beta,inDrop3,5.354538,15.144662
7350,acinar,inDrop3,5.3242817,0.76502264
7351,alpha,inDrop3,14.024286,7.543423
7352,ductal,inDrop3,12.068678,-0.46165308
7353,beta,inDrop3,4.1307216,15.221573
7354,alpha,inDrop3,14.467229,9.025993
7355,alpha,inDrop3,14.333849,9.365511
7356,beta,inDrop3,3.8677351,14.8931
7357,activated_stellate,inDrop3,-0.9620141,6.2320848
7358,acinar,inDrop3,6.2572274,0.6007919
7359,delta,inDrop3,16.593426,18.172745
7360,beta,inDrop3,4.8735685,15.049406
7361,alpha,inDrop3,14.10194,8.695579
7362,ductal,inDrop3,11.128975,-0.90569144
7363,acinar,inDrop3,5.393176,0.13388869
7364,ductal,inDrop3,11.618076,-0.46104282
7365,alpha,inDrop3,14.931791,8.889201
7366,endothelial,inDrop3,-2.5394762,8.939309
7367,acinar,inDrop3,5.7048645,0.8923442
7368,alpha,inDrop3,16.076439,6.8570514
7369,alpha,inDrop3,14.359045,9.030642
7370,acinar,inDrop3,5.8240337,-0.37911648
7371,beta,inDrop3,4.141694,15.277132
7372,beta,inDrop3,6.6888394,13.680142
7373,ductal,inDrop3,11.828702,0.023044871
7374,ductal,inDrop3,12.012229,-0.60384583
7375,acinar,inDrop3,6.296962,0.20239274
7376,ductal,inDrop3,11.950433,-1.113554
7377,delta,inDrop3,16.978928,17.120522
7378,beta,inDrop3,6.189846,15.722152
7379,delta,inDrop3,16.334234,17.420324
7380,acinar,inDrop3,5.541401,0.66625893
7381,delta,inDrop3,16.265768,17.73574
7382,alpha,inDrop3,14.705566,8.564284
7383,alpha,inDrop3,15.356622,8.545446
7384,beta,inDrop3,6.122953,15.985655
7385,endothelial,inDrop3,-2.6337824,9.088149
7386,ductal,inDrop3,11.93125,-0.024933394
7387,beta,inDrop3,6.889361,14.541294
7388,beta,inDrop3,5.8051,14.0023155
7389,alpha,inDrop3,13.823902,8.890119
7390,acinar,inDrop3,6.6467223,0.16957948
7391,alpha,inDrop3,14.349417,8.725026
7392,delta,inDrop3,16.237413,17.949877
7393,alpha,inDrop3,14.3807955,7.4339447
7394,alpha,inDrop3,14.377279,7.693051
7395,beta,inDrop3,5.753576,14.670548
7396,ductal,inDrop3,11.951776,-0.29944766
7397,beta,inDrop3,5.5433264,15.422428
7398,macrophage,inDrop3,8.484952,-5.862616
7399,alpha,inDrop3,14.306056,8.463753
7400,delta,inDrop3,16.341803,17.179327
7401,ductal,inDrop3,12.088946,-1.0872649
7402,beta,inDrop3,5.456864,15.431309
7403,ductal,inDrop3,11.918539,-0.76749957
7404,alpha,inDrop3,13.798674,7.5314765
7405,delta,inDrop3,16.936491,17.893377
7406,beta,inDrop3,6.13562,14.72957
7407,acinar,inDrop3,5.806436,0.5811975
7408,ductal,inDrop3,11.8489,-0.66689533
7409,ductal,inDrop3,11.798187,-0.5421029
7410,beta,inDrop3,6.7317967,15.324454
7411,alpha,inDrop3,14.344662,9.0142145
7412,alpha,inDrop3,15.78305,8.242348
7413,acinar,inDrop3,6.0296617,-0.33443406
7414,beta,inDrop3,6.8609753,16.321953
7415,ductal,inDrop3,11.612772,-0.88408023
7416,ductal,inDrop3,11.859264,0.03136595
7417,beta,inDrop3,5.78891,16.32096
7418,alpha,inDrop3,15.946078,8.722579
7419,delta,inDrop3,16.776081,17.53027
7420,alpha,inDrop3,14.892994,8.224062
7421,alpha,inDrop3,15.388629,8.339077
7422,alpha,inDrop3,14.28543,8.595796
7423,beta,inDrop3,16.816181,17.806934
7424,beta,inDrop3,6.3707767,14.38283
7425,beta,inDrop3,5.8130116,14.054811
7426,alpha,inDrop3,13.72751,7.408244
7427,alpha,inDrop3,14.745203,8.28392
7428,acinar,inDrop3,5.084781,0.6254977
7429,acinar,inDrop3,5.5158553,0.77858955
7430,beta,inDrop3,3.8034685,15.303056
7431,alpha,inDrop3,16.383448,7.6785126
7432,alpha,inDrop3,15.0285015,6.506453
7433,beta,inDrop3,4.951137,14.887744
7434,alpha,inDrop3,15.533399,7.0079894
7435,acinar,inDrop3,5.591645,0.8571715
7436,delta,inDrop3,16.783558,17.836374
7437,acinar,inDrop3,5.26717,0.91100603
7438,beta,inDrop3,4.047981,15.800311
7439,alpha,inDrop3,14.196807,8.49742
7440,ductal,inDrop3,11.966003,-0.56687874
7441,beta,inDrop3,7.085803,15.509577
7442,alpha,inDrop3,14.366667,8.727466
7443,alpha,inDrop3,15.758904,7.978774
7444,alpha,inDrop3,15.166861,7.657155
7445,beta,inDrop3,5.4604464,14.229769
7446,alpha,inDrop3,14.308803,8.57041
7447,gamma,inDrop3,10.356652,19.747713
7448,delta,inDrop3,6.938548,16.354986
7449,endothelial,inDrop3,-2.5684454,8.992494
7450,alpha,inDrop3,14.982503,6.2448354
7451,beta,inDrop3,4.6675863,15.237473
7452,alpha,inDrop3,15.148994,8.32805
7453,delta,inDrop3,16.838892,17.313911
7454,beta,inDrop3,6.6346374,14.842411
7455,delta,inDrop3,16.55419,17.59877
7456,ductal,inDrop3,12.072215,0.066077136
7457,beta,inDrop3,6.163184,16.64371
7458,alpha,inDrop3,14.133763,8.276777
7459,acinar,inDrop3,5.8340206,0.46012235
7460,alpha,inDrop3,14.173271,8.042748
7461,beta,inDrop3,6.2731075,14.30713
7462,ductal,inDrop3,11.169506,0.72443515
7463,beta,inDrop3,5.8827224,15.519471
7464,alpha,inDrop3,14.34526,9.023958
7465,beta,inDrop3,5.3051686,14.496094
7466,ductal,inDrop3,11.829829,-1.0286164
7467,acinar,inDrop3,6.0594907,0.8131555
7468,alpha,inDrop3,15.785119,8.626259
7469,beta,inDrop3,4.041588,15.340762
7470,acinar,inDrop3,5.6146545,0.62160724
7471,alpha,inDrop3,14.174729,8.833755
7472,alpha,inDrop3,15.207621,8.567121
7473,alpha,inDrop3,16.232206,7.710679
7474,alpha,inDrop3,16.208931,6.29846
7475,beta,inDrop3,6.6248736,14.032348
7476,ductal,inDrop3,12.146174,-0.9493754
7477,beta,inDrop3,6.4646845,15.379241
7478,alpha,inDrop3,14.066285,7.4469604
7479,alpha,inDrop3,14.578269,8.737008
7480,acinar,inDrop3,5.720397,0.31523502
7481,ductal,inDrop3,11.6584015,0.49873573
7482,beta,inDrop3,5.5882254,15.238887
7483,ductal,inDrop3,12.206232,-0.79652005
7484,alpha,inDrop3,14.172926,8.791327
7485,beta,inDrop3,4.983017,15.1161
7486,beta,inDrop3,4.8161287,14.904873
7487,macrophage,inDrop3,8.449378,-5.833491
7488,beta,inDrop3,4.9595704,14.937336
7489,acinar,inDrop3,5.642256,-0.035256643
7490,beta,inDrop3,6.337198,16.090403
7491,ductal,inDrop3,12.02539,-0.30321828
7492,beta,inDrop3,5.935687,16.341438
7493,beta,inDrop3,4.590722,15.221709
7494,ductal,inDrop3,11.980792,-0.51612264
7495,alpha,inDrop3,13.78282,7.6081724
7496,beta,inDrop3,6.692361,16.372551
7497,alpha,inDrop3,15.397697,8.486837
7498,alpha,inDrop3,15.516418,7.963555
7499,alpha,inDrop3,15.281275,8.248964
7500,alpha,inDrop3,14.51981,8.585538
7501,alpha,inDrop3,16.31582,7.231371
7502,beta,inDrop3,5.2566934,15.327583
7503,beta,inDrop3,5.2189975,14.629236
7504,alpha,inDrop3,14.350288,8.142523
7505,alpha,inDrop3,13.8516445,7.287468
7506,beta,inDrop3,6.1593685,16.043646
7507,endothelial,inDrop3,-2.5338852,8.914886
7508,alpha,inDrop3,14.058513,8.373379
7509,beta,inDrop3,4.0955486,15.313567
7510,alpha,inDrop3,14.0526905,9.044645
7511,ductal,inDrop3,11.949587,-0.6568367
7512,endothelial,inDrop3,-2.568339,8.974657
7513,alpha,inDrop3,15.648036,6.2733493
7514,acinar,inDrop3,5.954068,1.0138136
7515,ductal,inDrop3,12.203198,-0.77489394
7516,activated_stellate,inDrop3,-1.0386736,6.4150243
7517,alpha,inDrop3,14.580515,7.9557796
7518,beta,inDrop3,6.8922005,16.344616
7519,beta,inDrop3,6.2794466,16.137213
7520,alpha,inDrop3,15.621957,7.5783153
7521,endothelial,inDrop3,-2.6294084,9.092899
7522,alpha,inDrop3,15.272905,8.743072
7523,ductal,inDrop3,12.027675,-0.25125214
7524,delta,inDrop3,16.51503,17.327526
7525,alpha,inDrop3,16.301714,7.494066
7526,alpha,inDrop3,13.861554,8.226526
7527,acinar,inDrop3,5.324793,0.9012893
7528,ductal,inDrop3,11.841487,-0.55478317
7529,alpha,inDrop3,14.670596,9.015388
7530,alpha,inDrop3,16.276245,8.460874
7531,alpha,inDrop3,15.428935,6.4555173
7532,alpha,inDrop3,14.141418,8.856309
7533,ductal,inDrop3,11.836247,-0.89255095
7534,alpha,inDrop3,15.392436,7.6430087
7535,ductal,inDrop3,12.980166,-0.13002415
7536,alpha,inDrop3,14.164927,8.558918
7537,alpha,inDrop3,15.37998,6.477418
7538,beta,inDrop3,4.0650263,15.64964
7539,beta,inDrop3,3.8955188,15.371195
7540,beta,inDrop3,6.0767155,16.511383
7541,acinar,inDrop3,5.41269,0.7195044
7542,alpha,inDrop3,15.4974375,8.354815
7543,alpha,inDrop3,14.597421,8.326362
7544,alpha,inDrop3,13.953691,7.6578894
7545,ductal,inDrop3,12.2336645,-0.80319846
7546,alpha,inDrop3,15.500427,7.1684737
7547,acinar,inDrop3,5.5722713,1.2449527
7548,alpha,inDrop3,14.95347,8.4911995
7549,beta,inDrop3,6.207729,16.155031
7550,beta,inDrop3,4.013177,15.804498
7551,delta,inDrop3,16.758343,17.979994
7552,acinar,inDrop3,6.2040787,0.85802776
7553,alpha,inDrop3,14.700155,7.2837315
7554,alpha,inDrop3,14.052212,9.062851
7555,beta,inDrop3,6.1839952,13.6989
7556,alpha,inDrop3,15.144501,7.7815843
7557,acinar,inDrop3,4.918709,1.114671
7558,gamma,inDrop3,16.590605,8.633171
7559,alpha,inDrop3,14.794604,7.57907
7560,alpha,inDrop3,13.903652,7.962576
7561,beta,inDrop3,4.955429,15.151419
7562,alpha,inDrop3,14.709122,8.112153
7563,beta,inDrop3,6.355759,16.44968
7564,ductal,inDrop3,11.649232,-0.4134948
7565,ductal,inDrop3,12.048709,-0.5038995
7566,alpha,inDrop3,14.34081,8.243665
7567,beta,inDrop3,6.5577707,14.555738
7568,alpha,inDrop3,14.715208,7.6770997
7569,acinar,inDrop3,5.3273444,0.638801
7570,ductal,inDrop3,11.989376,-0.8382915
7571,alpha,inDrop3,14.109014,7.2955146
7572,alpha,inDrop3,15.019194,8.259949
7573,alpha,inDrop3,13.900371,8.761713
7574,alpha,inDrop3,13.540916,8.7198305
7575,beta,inDrop3,6.12129,15.979142
7576,alpha,inDrop3,16.300978,8.656509
7577,beta,inDrop3,6.953313,13.710572
7578,beta,inDrop3,5.171019,14.831927
7579,alpha,inDrop3,13.870169,8.678749
7580,alpha,inDrop3,14.614077,8.82115
7581,beta,inDrop3,6.3622804,15.227274
7582,alpha,inDrop3,14.979919,8.816667
7583,alpha,inDrop3,13.912821,9.166581
7584,alpha,inDrop3,14.91252,8.26252
7585,alpha,inDrop3,13.58816,7.6574926
7586,alpha,inDrop3,14.188287,8.434947
7587,alpha,inDrop3,15.18876,8.0516205
7588,beta,inDrop3,4.518872,15.122663
7589,beta,inDrop3,4.031457,15.7625065
7590,activated_stellate,inDrop3,-0.9807856,6.0396605
7591,endothelial,inDrop3,-2.5656471,8.951226
7592,activated_stellate,inDrop3,-1.0861305,5.8146296
7593,activated_stellate,inDrop3,-0.93543357,6.3092675
7594,beta,inDrop3,3.4301918,15.072038
7595,ductal,inDrop3,12.723548,-0.09847057
7596,ductal,inDrop3,11.930999,-0.4045979
7597,activated_stellate,inDrop3,-1.2593851,5.7304554
7598,ductal,inDrop3,11.523049,-0.18757148
7599,acinar,inDrop3,5.6871405,-0.13669905
7600,alpha,inDrop3,13.493607,8.457723
7601,beta,inDrop3,5.3792686,14.442073
7602,ductal,inDrop3,12.099669,-0.76248467
7603,gamma,inDrop3,10.898767,19.596317
7604,activated_stellate,inDrop3,-0.9806967,6.217099
7605,beta,inDrop3,6.468667,16.392076
7606,delta,inDrop3,16.18648,17.2041
7607,alpha,inDrop3,14.145116,9.182889
7608,beta,inDrop3,6.3313875,16.559246
7609,alpha,inDrop3,15.004514,8.127982
7610,acinar,inDrop3,5.8802533,-0.12894484
7611,acinar,inDrop3,5.301775,0.822813
7612,alpha,inDrop3,14.90824,8.026203
7613,alpha,inDrop3,14.866665,8.933652
7614,ductal,inDrop3,11.858381,-0.09214689
7615,ductal,inDrop3,11.523704,-0.90926063
7616,beta,inDrop3,4.7727838,14.9827
7617,alpha,inDrop3,15.00259,6.5972605
7618,alpha,inDrop3,13.888845,8.790023
7619,alpha,inDrop3,13.556263,8.56428
7620,ductal,inDrop3,12.711865,-0.108534336
7621,ductal,inDrop3,12.154793,-0.72339845
7622,alpha,inDrop3,15.142553,6.7102776
7623,beta,inDrop3,5.259938,14.898564
7624,alpha,inDrop3,13.830922,8.848315
7625,acinar,inDrop3,5.9817104,0.7345733
7626,alpha,inDrop3,14.427832,8.19681
7627,beta,inDrop3,6.0460844,16.036879
7628,activated_stellate,inDrop3,-1.0394418,5.91328
7629,beta,inDrop3,7.130515,15.553121
7630,beta,inDrop3,4.9819884,14.961118
7631,alpha,inDrop3,14.025126,8.238424
7632,ductal,inDrop3,11.816687,-0.7853849
7633,alpha,inDrop3,13.867161,7.596355
7634,acinar,inDrop3,6.100222,-0.04264832
7635,alpha,inDrop3,13.808879,7.6768384
7636,gamma,inDrop3,10.451917,19.6757
7637,delta,inDrop3,16.659554,17.814518
7638,activated_stellate,inDrop3,-1.0094106,6.2828364
7639,alpha,inDrop3,14.244239,9.028769
7640,alpha,inDrop3,14.683173,8.003772
7641,alpha,inDrop3,14.910177,8.497561
7642,alpha,inDrop3,14.496965,8.9384
7643,alpha,inDrop3,15.096798,9.0020895
7644,acinar,inDrop3,6.186473,0.60577714
7645,alpha,inDrop3,15.280473,8.22435
7646,delta,inDrop3,6.9248137,16.395409
7647,alpha,inDrop3,14.1482725,7.2004013
7648,beta,inDrop3,5.353673,16.22707
7649,alpha,inDrop3,13.589837,8.731679
7650,ductal,inDrop3,12.084009,-0.7886598
7651,alpha,inDrop3,14.136102,9.098834
7652,alpha,inDrop3,15.5720825,7.8142133
7653,beta,inDrop3,6.7077956,15.63587
7654,alpha,inDrop3,14.532036,7.703106
7655,quiescent_stellate,inDrop3,0.4906594,5.2122927
7656,alpha,inDrop3,15.016162,7.528166
7657,beta,inDrop3,6.646283,16.406466
7658,delta,inDrop3,16.214201,16.905397
7659,alpha,inDrop3,14.377969,9.214248
7660,acinar,inDrop3,6.269232,0.645261
7661,alpha,inDrop3,16.13413,6.354377
7662,ductal,inDrop3,12.215789,-0.84502345
7663,beta,inDrop3,4.242997,15.560618
7664,alpha,inDrop3,13.792153,7.2526484
7665,beta,inDrop3,6.1504292,14.128501
7666,beta,inDrop3,7.2287426,13.802807
7667,acinar,inDrop3,6.215766,0.6466381
7668,beta,inDrop3,6.128388,15.868375
7669,alpha,inDrop3,14.150241,8.185918
7670,endothelial,inDrop3,-2.115566,9.788486
7671,ductal,inDrop3,12.995657,-0.14888965
7672,alpha,inDrop3,14.3426,7.680002
7673,alpha,inDrop3,14.252654,8.717478
7674,alpha,inDrop3,16.103218,8.465192
7675,alpha,inDrop3,15.915284,7.5206485
7676,delta,inDrop3,16.658667,17.92249
7677,acinar,inDrop3,6.0399847,0.2915887
7678,beta,inDrop3,5.003451,14.713917
7679,beta,inDrop3,6.3957357,16.483685
7680,alpha,inDrop3,15.769237,6.255784
7681,acinar,inDrop3,4.9595447,0.71565795
7682,activated_stellate,inDrop3,-0.9863278,5.903221
7683,alpha,inDrop3,14.528264,6.7392144
7684,acinar,inDrop3,5.7926865,0.22092304
7685,alpha,inDrop3,14.502581,8.08316
7686,alpha,inDrop3,13.808778,8.292638
7687,acinar,inDrop3,5.5752664,-0.32910937
7688,gamma,inDrop3,10.3391485,19.655836
7689,alpha,inDrop3,14.586453,8.954182
7690,alpha,inDrop3,14.295574,8.140816
7691,acinar,inDrop3,4.8883624,1.0482297
7692,alpha,inDrop3,16.154722,7.3800087
7693,alpha,inDrop3,14.900687,8.544773
7694,alpha,inDrop3,6.8902555,16.375345
7695,epsilon,inDrop3,15.354851,13.634554
7696,alpha,inDrop3,14.667487,8.258871
7697,alpha,inDrop3,15.085532,8.080725
7698,alpha,inDrop3,15.1310625,8.695961
7699,delta,inDrop3,16.128422,17.032646
7700,ductal,inDrop3,11.488117,-0.29286048
7701,alpha,inDrop3,14.837804,8.928541
7702,ductal,inDrop3,12.039684,-0.54534715
7703,beta,inDrop3,4.820963,15.401405
7704,alpha,inDrop3,14.481282,9.180609
7705,alpha,inDrop3,14.188646,8.91332
7706,alpha,inDrop3,15.238586,8.343624
7707,alpha,inDrop3,14.838355,8.947773
7708,beta,inDrop3,6.1934443,14.28364
7709,alpha,inDrop3,15.064572,6.458557
7710,alpha,inDrop3,14.178049,8.787243
7711,acinar,inDrop3,5.749357,0.22715859
7712,ductal,inDrop3,12.796753,0.17221427
7713,endothelial,inDrop3,-2.1213567,9.781675
7714,ductal,inDrop3,11.936072,-0.43598333
7715,acinar,inDrop3,5.495198,0.3319376
7716,acinar,inDrop3,5.532069,-0.1510292
7717,alpha,inDrop3,14.256087,8.231095
7718,alpha,inDrop3,14.026479,9.144066
7719,alpha,inDrop3,16.199617,8.571976
7720,acinar,inDrop3,5.4621606,0.09983974
7721,alpha,inDrop3,14.286795,6.7551827
7722,alpha,inDrop3,14.359242,8.99068
7723,activated_stellate,inDrop3,-0.9427766,5.833402
7724,alpha,inDrop3,14.610371,8.346157
7725,acinar,inDrop3,11.356843,-0.37637362
7726,alpha,inDrop3,14.010726,8.789015
7727,beta,inDrop3,6.3403196,16.184616
7728,ductal,inDrop3,12.146996,-0.9099484
7729,alpha,inDrop3,14.309662,9.032517
7730,beta,inDrop3,6.1349354,15.290344
7731,alpha,inDrop3,15.58625,7.9967012
7732,alpha,inDrop3,13.860808,7.407453
7733,alpha,inDrop3,14.225399,8.817296
7734,beta,inDrop3,6.5442643,16.444353
7735,acinar,inDrop3,5.7488756,1.269344
7736,alpha,inDrop3,15.31946,8.288256
7737,alpha,inDrop3,14.108998,9.202215
7738,acinar,inDrop3,5.5621004,1.2439346
7739,delta,inDrop3,16.287636,17.844738
7740,alpha,inDrop3,14.689344,7.9004054
7741,alpha,inDrop3,15.263832,6.4319863
7742,alpha,inDrop3,14.505854,8.261537
7743,activated_stellate,inDrop3,-0.9385972,6.133251
7744,beta,inDrop3,6.640255,15.167002
7745,beta,inDrop3,5.6263833,16.371964
7746,alpha,inDrop3,13.8322115,8.387113
7747,delta,inDrop3,16.18156,17.904745
7748,ductal,inDrop3,12.055024,-0.6386069
7749,beta,inDrop3,6.332693,15.167914
7750,alpha,inDrop3,14.905383,8.721489
7751,ductal,inDrop3,12.159917,-0.9574245
7752,alpha,inDrop3,14.19215,8.253692
7753,alpha,inDrop3,14.519357,7.1066265
7754,acinar,inDrop3,6.1064477,0.19108158
7755,gamma,inDrop3,10.381538,19.747982
7756,activated_stellate,inDrop3,-0.95286113,6.317535
7757,beta,inDrop3,6.811176,14.031135
7758,acinar,inDrop3,6.102676,-0.11064579
7759,acinar,inDrop3,5.3391933,0.18973437
7760,alpha,inDrop3,16.253237,7.342591
7761,beta,inDrop3,6.1763387,16.050867
7762,alpha,inDrop3,15.303697,7.1023135
7763,beta,inDrop3,5.180899,14.816366
7764,beta,inDrop3,5.3360267,15.931218
7765,alpha,inDrop3,14.220279,8.492405
7766,alpha,inDrop3,14.74851,7.7147856
7767,ductal,inDrop3,11.83986,-0.6679939
7768,ductal,inDrop3,12.163001,-0.98842925
7769,activated_stellate,inDrop3,-0.963031,6.3552074
7770,acinar,inDrop3,5.7677193,0.8044246
7771,beta,inDrop3,6.8368564,15.499231
7772,beta,inDrop3,4.0100985,15.789108
7773,acinar,inDrop3,5.9919877,0.24912867
7774,beta,inDrop3,6.592466,16.262724
7775,alpha,inDrop3,14.696841,8.994273
7776,activated_stellate,inDrop3,-0.9761931,5.931609
7777,acinar,inDrop3,5.334761,0.6837006
7778,alpha,inDrop3,14.591823,8.622755
7779,ductal,inDrop3,11.947296,-0.5903627
7780,beta,inDrop3,6.236658,16.182281
7781,alpha,inDrop3,13.865954,7.8158545
7782,alpha,inDrop3,14.889823,8.981828
7783,beta,inDrop3,5.2393155,15.746138
7784,alpha,inDrop3,14.301849,8.974809
7785,alpha,inDrop3,15.785481,8.591727
7786,acinar,inDrop3,5.951166,-0.32158384
7787,alpha,inDrop3,14.829078,8.303959
7788,alpha,inDrop3,15.208591,7.8662825
7789,alpha,inDrop3,15.649179,7.8714547
7790,beta,inDrop3,5.8351064,16.336948
7791,alpha,inDrop3,13.931993,6.9782424
7792,beta,inDrop3,6.0832553,16.041803
7793,ductal,inDrop3,11.918124,-0.2651712
7794,alpha,inDrop3,14.999393,8.253843
7795,alpha,inDrop3,15.060094,9.426149
7796,ductal,inDrop3,11.981774,-0.6227488
7797,acinar,inDrop3,5.967152,0.81725806
7798,ductal,inDrop3,12.136914,-1.0012962
7799,acinar,inDrop3,5.3106194,0.96344745
7800,acinar,inDrop3,5.9728527,0.23907332
7801,beta,inDrop3,6.3328695,14.919709
7802,acinar,inDrop3,5.5969644,0.07971207
7803,alpha,inDrop3,16.178312,6.3515005
7804,alpha,inDrop3,13.54962,8.750809
7805,ductal,inDrop3,11.835315,-0.4952532
7806,alpha,inDrop3,15.625316,8.308845
7807,alpha,inDrop3,15.120068,8.587921
7808,activated_stellate,inDrop3,-1.0437659,6.2368793
7809,acinar,inDrop3,5.7426224,0.26527113
7810,acinar,inDrop3,5.9008675,0.8894739
7811,alpha,inDrop3,13.937828,8.908361
7812,acinar,inDrop3,5.469409,-0.103499584
7813,alpha,inDrop3,14.607048,9.069121
7814,alpha,inDrop3,14.770163,7.1505313
7815,beta,inDrop3,5.4306264,1.369458
7816,alpha,inDrop3,14.434934,7.6430216
7817,ductal,inDrop3,12.944517,-0.067061916
7818,endothelial,inDrop3,-2.7354774,9.549968
7819,acinar,inDrop3,6.1779127,0.46860927
7820,alpha,inDrop3,14.924238,8.392685
7821,ductal,inDrop3,11.27764,0.011820387
7822,ductal,inDrop3,11.186057,-0.7152989
7823,ductal,inDrop3,11.778364,-0.17559388
7824,alpha,inDrop3,14.301942,9.051357
7825,alpha,inDrop3,15.244043,6.3639016
7826,alpha,inDrop3,14.304637,6.9025187
7827,macrophage,inDrop3,8.441105,-5.8319197
7828,ductal,inDrop3,11.694251,0.09546435
7829,alpha,inDrop3,15.039778,8.436792
7830,alpha,inDrop3,15.532825,9.280799
7831,alpha,inDrop3,15.724836,6.564644
7832,alpha,inDrop3,14.014438,9.170355
7833,activated_stellate,inDrop3,-0.82533115,6.354572
7834,alpha,inDrop3,16.098978,8.505065
7835,alpha,inDrop3,14.176791,8.528667
7836,ductal,inDrop3,12.578177,1.1239045
7837,alpha,inDrop3,16.524242,8.343238
7838,alpha,inDrop3,14.57373,8.379236
7839,alpha,inDrop3,14.347039,8.952365
7840,ductal,inDrop3,11.551772,-0.65244794
7841,alpha,inDrop3,13.558685,8.458651
7842,alpha,inDrop3,14.772877,8.22457
7843,alpha,inDrop3,15.0981655,7.6528277
7844,alpha,inDrop3,15.430683,8.110651
7845,alpha,inDrop3,15.030319,8.012629
7846,alpha,inDrop3,14.388113,7.3366327
7847,alpha,inDrop3,14.735405,7.8394327
7848,endothelial,inDrop3,-2.5201378,9.682866
7849,beta,inDrop3,4.4986067,15.200259
7850,beta,inDrop3,6.323485,15.572088
7851,ductal,inDrop3,11.638919,-0.42288333
7852,beta,inDrop3,6.1774526,16.640718
7853,alpha,inDrop3,13.840446,7.779201
7854,beta,inDrop3,5.825754,16.491325
7855,delta,inDrop3,16.43805,17.975424
7856,acinar,inDrop3,5.6157503,-0.27611274
7857,alpha,inDrop3,13.805088,8.151045
7858,acinar,inDrop3,5.61108,0.0002947321
7859,ductal,inDrop3,12.083184,-0.31564057
7860,beta,inDrop3,6.447114,14.690207
7861,ductal,inDrop3,11.68057,0.62437284
7862,gamma,inDrop3,10.558971,19.554955
7863,acinar,inDrop3,6.7508063,0.5592497
7864,beta,inDrop3,5.7985206,14.022494
7865,alpha,inDrop3,15.590039,7.8602934
7866,alpha,inDrop3,15.296464,9.596908
7867,beta,inDrop3,5.855267,16.16669
7868,beta,inDrop3,6.648624,14.562915
7869,acinar,inDrop3,5.9286256,0.04993656
7870,alpha,inDrop3,15.570154,6.770296
7871,alpha,inDrop3,15.061911,8.746177
7872,alpha,inDrop3,14.085796,8.489635
7873,alpha,inDrop3,13.974973,8.966839
7874,delta,inDrop3,16.777393,17.731577
7875,alpha,inDrop3,14.908347,6.984499
7876,mast,inDrop3,9.691925,5.8893647
7877,acinar,inDrop3,5.801241,0.15937828
7878,alpha,inDrop3,14.463264,7.737423
7879,alpha,inDrop3,14.694204,8.063179
7880,activated_stellate,inDrop3,-1.0292008,5.9081464
7881,endothelial,inDrop3,-2.700339,9.474498
7882,beta,inDrop3,6.184161,16.466341
7883,acinar,inDrop3,5.5941525,0.18471764
7884,delta,inDrop3,16.336266,17.22372
7885,beta,inDrop3,6.7201657,14.163332
7886,alpha,inDrop3,14.869761,8.653974
7887,alpha,inDrop3,14.337742,7.8968987
7888,alpha,inDrop3,13.803742,8.265755
7889,beta,inDrop3,6.087585,16.596176
7890,endothelial,inDrop3,-2.804221,9.626548
7891,alpha,inDrop3,6.2174773,15.753736
7892,acinar,inDrop3,6.0660043,0.20681992
7893,mast,inDrop3,9.730495,5.891971
7894,ductal,inDrop3,12.956518,-0.13669762
7895,alpha,inDrop3,13.721586,7.3236475
7896,endothelial,inDrop3,-2.5889843,9.071729
7897,ductal,inDrop3,12.047593,0.32361066
7898,alpha,inDrop3,14.63244,8.424847
7899,alpha,inDrop3,15.2804365,9.531747
7900,alpha,inDrop3,13.994624,8.981357
7901,alpha,inDrop3,13.833117,8.062242
7902,alpha,inDrop3,15.870673,6.739183
7903,delta,inDrop3,16.202442,17.97359
7904,quiescent_stellate,inDrop3,0.3045781,5.414088
7905,alpha,inDrop3,15.499348,6.310491
7906,beta,inDrop3,5.640819,16.344913
7907,ductal,inDrop3,11.041471,-0.96055937
7908,alpha,inDrop3,14.145236,8.496099
7909,endothelial,inDrop3,-2.7110114,10.064194
7910,alpha,inDrop3,14.17183,8.6436405
7911,alpha,inDrop3,15.103727,9.462757
7912,alpha,inDrop3,14.922196,8.812282
7913,alpha,inDrop3,13.81675,8.017084
7914,acinar,inDrop3,5.7048116,0.2758295
7915,endothelial,inDrop3,-2.4898484,9.902106
7916,ductal,inDrop3,11.546476,0.38129655
7917,alpha,inDrop3,16.029865,7.007404
7918,beta,inDrop3,6.6736617,14.42128
7919,beta,inDrop3,5.800858,16.222303
7920,alpha,inDrop3,15.998659,6.8496366
7921,beta,inDrop3,5.3191423,15.642977
7922,alpha,inDrop3,14.170087,8.837409
7923,beta,inDrop3,5.585612,16.116236
7924,beta,inDrop3,5.7966695,16.527227
7925,acinar,inDrop3,5.8043466,0.15395325
7926,beta,inDrop3,5.9096336,16.485401
7927,beta,inDrop3,6.864332,15.779696
7928,beta,inDrop3,5.7988687,16.247898
7929,macrophage,inDrop3,8.454307,-5.8359556
7930,quiescent_stellate,inDrop3,0.28388593,5.4171357
7931,alpha,inDrop3,15.090026,6.4711456
7932,ductal,inDrop3,11.103286,-0.28564945
7933,ductal,inDrop3,11.953688,-0.38153344
7934,endothelial,inDrop3,-2.7203054,9.787206
7935,beta,inDrop3,5.7287006,16.37075
7936,quiescent_stellate,inDrop3,0.4881126,5.2105823
7937,endothelial,inDrop3,-2.854076,9.616114
7938,alpha,inDrop3,14.633785,7.3819227
7939,alpha,inDrop3,14.566107,8.564599
7940,t_cell,inDrop3,12.241643,6.9810076
7941,alpha,inDrop3,6.96364,13.981381
7942,alpha,inDrop3,15.059172,9.401722
7943,beta,inDrop3,5.766686,16.437592
7944,beta,inDrop3,5.7903543,16.470602
7945,beta,inDrop3,5.4925466,16.245543
7946,beta,inDrop3,5.622926,16.173717
7947,beta,inDrop3,6.3030396,15.699103
7948,alpha,inDrop3,14.027181,8.1724
7949,alpha,inDrop3,14.60516,8.669089
7950,acinar,inDrop3,5.9226065,-0.054317396
7951,beta,inDrop3,3.9408681,15.337448
7952,beta,inDrop3,5.9956093,16.441465
7953,beta,inDrop3,5.593756,16.262335
7954,quiescent_stellate,inDrop3,0.2780325,5.3204336
7955,delta,inDrop3,16.47012,18.1243
7956,endothelial,inDrop3,-2.4629889,9.796406
7957,macrophage,inDrop3,8.566874,-5.701556
7958,ductal,inDrop3,11.456883,-0.25787762
7959,mast,inDrop3,9.738963,5.929145
7960,alpha,inDrop3,15.33597,6.243488
7961,acinar,inDrop3,6.260195,0.25574324
7962,beta,inDrop3,6.5735555,16.17997
7963,endothelial,inDrop3,-2.9046526,9.58357
7964,quiescent_stellate,inDrop3,0.5077926,5.0911283
7965,alpha,inDrop3,5.349621,16.174332
7966,beta,inDrop3,6.033603,16.336277
7967,beta,inDrop3,5.8750806,16.392494
7968,quiescent_stellate,inDrop3,0.35876065,5.3869843
7969,acinar,inDrop3,0.4413102,5.413173
7970,t_cell,inDrop3,12.228631,6.9797487
7971,beta,inDrop3,5.6054344,16.185417
7972,endothelial,inDrop3,-2.5779598,9.518337
7973,beta,inDrop3,5.9464517,16.482937
7974,beta,inDrop3,5.670398,15.561566
7975,quiescent_stellate,inDrop3,0.35494477,5.469336
7976,delta,inDrop3,16.690382,17.832298
7977,beta,inDrop3,5.3933897,15.675182
7978,endothelial,inDrop3,-2.8717287,9.475729
7979,beta,inDrop3,5.6534295,16.040833
7980,beta,inDrop3,5.8789806,16.076372
7981,delta,inDrop3,16.71039,18.05068
7982,macrophage,inDrop3,8.456682,-5.828009
7983,beta,inDrop3,5.611997,16.1365
7984,beta,inDrop3,6.1322913,15.904215
7985,beta,inDrop3,5.715871,16.212538
7986,beta,inDrop3,6.5404344,15.729222
7987,endothelial,inDrop3,-2.504984,9.516949
7988,beta,inDrop3,5.59511,16.22453
7989,activated_stellate,inDrop3,-0.9139108,6.3432975
7990,beta,inDrop3,5.593676,16.218834
7991,alpha,inDrop3,15.235453,9.486427
7992,beta,inDrop3,4.869372,15.339745
7993,endothelial,inDrop3,-2.7600486,9.491059
7994,quiescent_stellate,inDrop3,0.56738216,5.5202513
7995,ductal,inDrop3,11.93113,-0.5140489
7996,endothelial,inDrop3,-2.6492317,9.486719
7997,endothelial,inDrop3,-2.67855,9.531508
7998,beta,inDrop3,5.086884,15.576065
7999,endothelial,inDrop3,-2.7647548,9.53215
8000,beta,inDrop3,5.922216,16.212393
8001,beta,inDrop3,6.102614,16.234386
8002,alpha,inDrop3,15.288285,9.542386
8003,beta,inDrop3,6.799153,14.838111
8004,beta,inDrop3,5.5748215,15.6198635
8005,endothelial,inDrop3,-2.6743424,9.521387
8006,beta,inDrop3,5.0531483,15.494216
8007,endothelial,inDrop3,-2.570653,9.69062
8008,beta,inDrop3,5.982787,16.379362
8009,acinar,inDrop3,5.2216177,0.30872616
8010,acinar,inDrop3,6.021663,0.19995685
8011,acinar,inDrop3,5.2091746,1.017269
8012,acinar,inDrop3,5.117275,0.8785557
8013,acinar,inDrop3,5.4631104,1.2514858
8014,acinar,inDrop3,6.1329246,-0.18825889
8015,acinar,inDrop3,5.976991,0.4896332
8016,acinar,inDrop3,5.5375934,-0.27582023
8017,acinar,inDrop3,5.498791,0.80589694
8018,acinar,inDrop3,5.296289,0.3191512
8019,acinar,inDrop3,6.336485,-0.08871423
8020,acinar,inDrop3,5.375102,-0.033895474
8021,acinar,inDrop3,6.0509343,-0.14163738
8022,acinar,inDrop3,6.4997125,0.19909422
8023,acinar,inDrop3,5.3398004,0.8837021
8024,acinar,inDrop3,5.1957393,0.8247424
8025,acinar,inDrop3,6.123468,0.033374567
8026,acinar,inDrop3,6.125149,0.45253024
8027,acinar,inDrop3,6.1955543,0.16078365
8028,acinar,inDrop3,5.245379,0.33078423
8029,acinar,inDrop3,5.9744697,-0.23306268
8030,acinar,inDrop3,5.464779,0.172401
8031,acinar,inDrop3,5.0821576,0.35803822
8032,acinar,inDrop3,5.291258,-0.02000513
8033,acinar,inDrop3,5.8457675,0.42432866
8034,acinar,inDrop3,5.179036,0.9300346
8035,acinar,inDrop3,5.0379534,0.94156593
8036,acinar,inDrop3,6.4048038,0.2836809
8037,acinar,inDrop3,5.8098383,-0.43309474
8038,delta,inDrop3,16.511122,17.138824
8039,acinar,inDrop3,5.185413,0.4140276
8040,acinar,inDrop3,5.990263,-0.34623247
8041,acinar,inDrop3,5.344743,0.04887565
8042,acinar,inDrop3,5.617244,0.5448348
8043,acinar,inDrop3,5.582539,-0.13268626
8044,acinar,inDrop3,5.562038,-0.3113607
8045,acinar,inDrop3,6.6197095,0.5249812
8046,acinar,inDrop3,5.6631117,-0.24006683
8047,acinar,inDrop3,5.7448187,-0.3813346
8048,beta,inDrop3,7.406797,14.970192
8049,acinar,inDrop3,5.6949143,-0.48707125
8050,beta,inDrop3,6.9743686,15.723884
8051,acinar,inDrop3,5.1946754,1.0094564
8052,acinar,inDrop3,6.0996222,-0.1685101
8053,alpha,inDrop3,14.18812,9.329816
8054,acinar,inDrop3,5.34931,0.98202705
8055,delta,inDrop3,16.80226,18.0247
8056,acinar,inDrop3,5.6504335,0.02842149
8057,acinar,inDrop3,5.3927054,-0.0680356
8058,delta,inDrop3,16.716825,17.839762
8059,acinar,inDrop3,5.1686616,0.26322556
8060,ductal,inDrop3,11.813744,-1.0882301
8061,acinar,inDrop3,5.184292,0.27410272
8062,acinar,inDrop3,5.8147974,-0.07437439
8063,acinar,inDrop3,5.968236,-0.40622658
8064,acinar,inDrop3,5.3177705,1.1668049
8065,acinar,inDrop3,5.7002797,1.0650012
8066,beta,inDrop3,6.3971095,16.03621
8067,acinar,inDrop3,5.569198,0.37061697
8068,acinar,inDrop3,5.5794687,0.19447273
8069,acinar,inDrop3,5.543858,1.1252239
8070,acinar,inDrop3,5.9892597,0.3059295
8071,acinar,inDrop3,5.241815,0.8207819
8072,acinar,inDrop3,6.1956024,0.39904875
8073,acinar,inDrop3,6.112103,0.89914817
8074,acinar,inDrop3,6.1871953,0.93994874
8075,delta,inDrop3,16.4127,17.235224
8076,acinar,inDrop3,5.28762,0.93127835
8077,acinar,inDrop3,6.693169,0.8272822
8078,acinar,inDrop3,6.244855,0.22101283
8079,beta,inDrop3,5.7785034,14.861938
8080,acinar,inDrop3,5.332428,0.16486396
8081,acinar,inDrop3,5.3096128,0.21350913
8082,acinar,inDrop3,5.8717537,-0.40374282
8083,acinar,inDrop3,6.645919,0.612952
8084,acinar,inDrop3,5.169262,1.068462
8085,acinar,inDrop3,5.4703484,0.031209044
8086,acinar,inDrop3,5.2624884,0.950516
8087,ductal,inDrop3,12.011583,-0.43681213
8088,acinar,inDrop3,6.415604,0.66862327
8089,acinar,inDrop3,5.4798474,0.8845843
8090,delta,inDrop3,16.178064,17.24791
8091,acinar,inDrop3,6.143227,-0.13289386
8092,alpha,inDrop3,14.697626,9.122197
8093,ductal,inDrop3,12.040492,-0.747525
8094,acinar,inDrop3,6.1683726,0.4159231
8095,acinar,inDrop3,5.5464354,0.5953033
8096,acinar,inDrop3,5.5426407,-0.18570647
8097,alpha,inDrop3,15.526307,8.082567
8098,acinar,inDrop3,5.576018,-0.38583925
8099,acinar,inDrop3,5.384786,0.1346829
8100,beta,inDrop3,6.6047063,15.856152
8101,acinar,inDrop3,5.6078916,0.6621673
8102,beta,inDrop3,6.46283,14.928658
8103,beta,inDrop3,6.4283233,16.422949
8104,beta,inDrop3,5.682765,14.652345
8105,beta,inDrop3,6.344422,14.950091
8106,beta,inDrop3,6.000305,15.616411
8107,delta,inDrop3,16.615927,17.461584
8108,ductal,inDrop3,11.8920555,-0.12627254
8109,acinar,inDrop3,5.6403666,1.0939375
8110,acinar,inDrop3,6.0517774,0.2755825
8111,acinar,inDrop3,5.202701,0.864618
8112,delta,inDrop3,16.65299,17.98043
8113,beta,inDrop3,5.6204815,16.194231
8114,acinar,inDrop3,5.3775544,-0.15701792
8115,alpha,inDrop3,14.311218,8.818649
8116,acinar,inDrop3,5.686785,-0.4137697
8117,acinar,inDrop3,6.0567203,-0.2229432
8118,acinar,inDrop3,5.459297,-0.23326214
8119,acinar,inDrop3,6.3172927,1.1002003
8120,beta,inDrop3,6.2080336,15.9498005
8121,acinar,inDrop3,5.6943684,0.8085886
8122,acinar,inDrop3,6.1501184,0.21948084
8123,acinar,inDrop3,5.937816,0.39745975
8124,alpha,inDrop3,13.847963,6.9916916
8125,beta,inDrop3,3.8377457,14.945204
8126,delta,inDrop3,16.786226,18.098312
8127,activated_stellate,inDrop3,-0.9718243,6.220851
8128,acinar,inDrop3,5.505366,-0.29979792
8129,ductal,inDrop3,12.040165,-1.1097995
8130,acinar,inDrop3,6.1185894,0.22961837
8131,acinar,inDrop3,5.305214,0.77092355
8132,beta,inDrop3,5.76091,14.861567
8133,acinar,inDrop3,5.365341,0.9780731
8134,acinar,inDrop3,5.1411176,0.57217544
8135,acinar,inDrop3,5.9836555,-0.13189913
8136,acinar,inDrop3,5.166847,1.0139709
8137,acinar,inDrop3,5.9914355,-0.38640633
8138,delta,inDrop3,16.103912,17.592373
8139,acinar,inDrop3,5.900267,-0.2853226
8140,beta,inDrop3,6.6104555,14.246289
8141,acinar,inDrop3,6.001368,0.5909736
8142,beta,inDrop3,6.8381143,15.746573
8143,acinar,inDrop3,5.6382008,0.5341717
8144,beta,inDrop3,6.1939144,15.691407
8145,acinar,inDrop3,5.588414,-0.33080953
8146,beta,inDrop3,6.501635,14.400081
8147,acinar,inDrop3,5.282396,1.0160234
8148,beta,inDrop3,6.579428,16.4055
8149,beta,inDrop3,4.652989,15.259314
8150,acinar,inDrop3,5.9641094,0.62723774
8151,acinar,inDrop3,5.539407,0.007580155
8152,delta,inDrop3,16.426132,17.279804
8153,ductal,inDrop3,11.795009,-0.4537362
8154,acinar,inDrop3,6.315403,0.09775929
8155,acinar,inDrop3,5.0253143,0.74046993
8156,acinar,inDrop3,5.962871,0.128687
8157,acinar,inDrop3,5.0603547,1.0769067
8158,ductal,inDrop3,12.090044,-0.055320162
8159,alpha,inDrop3,14.206244,7.2234917
8160,alpha,inDrop3,13.884842,7.330994
8161,alpha,inDrop3,15.400804,6.548409
8162,alpha,inDrop3,15.311001,6.9385552
8163,acinar,inDrop3,5.400492,0.7416757
8164,alpha,inDrop3,14.056165,7.9842906
8165,acinar,inDrop3,5.57791,-0.24069749
8166,delta,inDrop3,16.913393,17.602007
8167,beta,inDrop3,6.81232,14.713837
8168,alpha,inDrop3,14.36537,8.83781
8169,beta,inDrop3,6.50958,16.272015
8170,beta,inDrop3,4.8759437,15.404699
8171,beta,inDrop3,6.3000636,16.165905
8172,acinar,inDrop3,5.1894517,0.7550199
8173,acinar,inDrop3,5.848885,-0.2534318
8174,alpha,inDrop3,14.439017,7.6236734
8175,ductal,inDrop3,11.984107,-1.0756258
8176,alpha,inDrop3,14.168097,7.4162183
8177,beta,inDrop3,6.5870066,16.528532
8178,acinar,inDrop3,5.2059627,0.78274894
8179,acinar,inDrop3,5.721348,0.84634525
8180,alpha,inDrop3,15.559667,7.014095
8181,acinar,inDrop3,5.9794884,-0.3137433
8182,ductal,inDrop3,11.871063,-0.49875608
8183,acinar,inDrop3,5.1582956,0.9850264
8184,acinar,inDrop3,5.377237,1.0507929
8185,acinar,inDrop3,16.362108,5.857249
8186,ductal,inDrop3,12.148595,-0.63806295
8187,acinar,inDrop3,5.10011,0.7136123
8188,delta,inDrop3,16.478954,18.00266
8189,ductal,inDrop3,11.93768,0.08661789
8190,acinar,inDrop3,5.5001264,-0.31949082
8191,delta,inDrop3,16.340376,17.003323
8192,acinar,inDrop3,4.886887,1.1237208
8193,alpha,inDrop3,15.708757,8.262275
8194,alpha,inDrop3,14.938826,8.655772
8195,acinar,inDrop3,6.0272946,0.7493323
8196,beta,inDrop3,16.730211,18.044582
8197,alpha,inDrop3,16.182467,8.77386
8198,acinar,inDrop3,5.5069146,0.1344042
8199,ductal,inDrop3,12.097063,-0.6521659
8200,delta,inDrop3,16.267097,16.88936
8201,beta,inDrop3,6.8312955,15.700942
8202,beta,inDrop3,6.517612,16.346703
8203,acinar,inDrop3,5.3705893,-0.07596788
8204,beta,inDrop3,5.285748,15.397105
8205,acinar,inDrop3,6.517731,0.26774314
8206,acinar,inDrop3,6.001175,0.44044778
8207,acinar,inDrop3,6.3301125,-0.014300636
8208,acinar,inDrop3,6.877578,-0.03238373
8209,beta,inDrop3,6.1251087,15.849107
8210,delta,inDrop3,16.936247,17.984844
8211,delta,inDrop3,16.28154,16.971558
8212,ductal,inDrop3,11.232143,-0.119385794
8213,beta,inDrop3,5.3174334,14.978957
8214,alpha,inDrop3,13.744156,8.000725
8215,acinar,inDrop3,5.232315,0.8408699
8216,beta,inDrop3,6.5242376,14.273949
8217,alpha,inDrop3,16.10389,6.8130655
8218,ductal,inDrop3,12.275625,-0.4542754
8219,acinar,inDrop3,5.6946597,-0.29015672
8220,delta,inDrop3,16.440428,17.904854
8221,acinar,inDrop3,6.0114,0.62951326
8222,acinar,inDrop3,5.913651,0.68120486
8223,beta,inDrop3,6.613505,15.776844
8224,alpha,inDrop3,15.213321,8.092457
8225,alpha,inDrop3,15.785152,6.8601685
8226,beta,inDrop3,4.6908293,14.969486
8227,acinar,inDrop3,5.507893,0.8036052
8228,gamma,inDrop3,10.330753,19.668488
8229,alpha,inDrop3,14.762156,7.6713476
8230,alpha,inDrop3,16.02098,6.339253
8231,beta,inDrop3,6.932185,15.100214
8232,acinar,inDrop3,6.0444374,0.59409076
8233,beta,inDrop3,6.459403,14.883632
8234,beta,inDrop3,4.6830263,15.309702
8235,beta,inDrop3,5.9134154,14.950095
8236,acinar,inDrop3,5.7584224,0.571575
8237,beta,inDrop3,5.610485,14.873581
8238,delta,inDrop3,16.725565,17.947702
8239,alpha,inDrop3,15.68262,7.842962
8240,ductal,inDrop3,11.69834,0.25720564
8241,acinar,inDrop3,5.545238,0.104284815
8242,acinar,inDrop3,6.1177583,0.39661914
8243,delta,inDrop3,16.013962,17.817614
8244,beta,inDrop3,6.129728,16.024988
8245,quiescent_stellate,inDrop3,0.70947945,5.60553
8246,alpha,inDrop3,14.862694,8.142228
8247,ductal,inDrop3,12.347118,-0.3870735
8248,beta,inDrop3,6.6420455,14.647084
8249,alpha,inDrop3,16.605774,8.117943
8250,acinar,inDrop3,5.4339843,0.35310578
8251,beta,inDrop3,5.3694,14.720536
8252,beta,inDrop3,6.5335965,16.551275
8253,alpha,inDrop3,14.950788,8.448241
8254,alpha,inDrop3,15.27486,6.350133
8255,alpha,inDrop3,15.237073,8.069774
8256,alpha,inDrop3,13.698633,8.198097
8257,ductal,inDrop3,12.045853,0.07690326
8258,alpha,inDrop3,16.278053,7.6783752
8259,beta,inDrop3,6.2216806,14.98549
8260,alpha,inDrop3,14.966046,8.405111
8261,alpha,inDrop3,14.261687,8.974944
8262,beta,inDrop3,6.8541265,13.555995
8263,activated_stellate,inDrop3,-0.9678499,5.9172287
8264,alpha,inDrop3,15.573552,6.471903
8265,beta,inDrop3,5.8032165,13.984924
8266,alpha,inDrop3,15.286869,8.479947
8267,alpha,inDrop3,15.426369,8.460475
8268,alpha,inDrop3,13.552345,8.621799
8269,gamma,inDrop3,10.421681,19.717756
8270,ductal,inDrop3,12.159738,-0.5795543
8271,beta,inDrop3,6.1686172,16.722542
8272,beta,inDrop3,5.989173,16.493822
8273,beta,inDrop3,5.1763883,14.866847
8274,ductal,inDrop3,11.921947,-0.10224434
8275,ductal,inDrop3,12.217039,-0.78806347
8276,beta,inDrop3,5.123195,14.718545
8277,acinar,inDrop3,5.6448975,-0.08825511
8278,acinar,inDrop3,5.6286836,-0.29017866
8279,ductal,inDrop3,12.069927,-0.66900873
8280,acinar,inDrop3,5.9722896,-0.16642962
8281,alpha,inDrop3,15.432081,7.5687137
8282,ductal,inDrop3,11.917517,-0.5025904
8283,beta,inDrop3,6.1262946,16.442802
8284,alpha,inDrop3,15.549985,7.5806584
8285,acinar,inDrop3,5.536583,1.2074907
8286,delta,inDrop3,16.179928,17.206846
8287,beta,inDrop3,5.485434,14.279747
8288,alpha,inDrop3,14.455736,8.709411
8289,beta,inDrop3,7.0413203,13.765818
8290,beta,inDrop3,4.0429573,15.272274
8291,epsilon,inDrop3,15.360767,13.636552
8292,ductal,inDrop3,12.166573,-0.7221551
8293,beta,inDrop3,4.2487817,15.309253
8294,beta,inDrop3,6.1600513,15.892675
8295,acinar,inDrop3,5.331057,0.4912747
8296,alpha,inDrop3,16.051834,8.261496
8297,beta,inDrop3,6.157883,15.200587
8298,alpha,inDrop3,14.184389,8.958464
8299,beta,inDrop3,6.1169043,14.172761
8300,acinar,inDrop3,5.1701217,0.73004174
8301,beta,inDrop3,6.451715,14.010123
8302,alpha,inDrop3,14.727299,8.757384
8303,beta,inDrop3,6.3817143,15.770389
8304,delta,inDrop3,16.662565,17.509226
8305,alpha,inDrop3,13.842697,8.994352
8306,beta,inDrop3,4.546016,15.030582
8307,beta,inDrop3,6.3234363,15.115872
8308,acinar,inDrop3,6.22554,-0.18689309
8309,beta,inDrop3,6.825742,15.354857
8310,alpha,inDrop3,14.276759,6.671509
8311,activated_stellate,inDrop3,-0.99920756,6.272865
8312,alpha,inDrop3,15.186865,8.437472
8313,alpha,inDrop3,13.894824,7.938147
8314,beta,inDrop3,4.343365,15.3762865
8315,ductal,inDrop3,12.102236,-1.0117536
8316,beta,inDrop3,5.6799865,16.179768
8317,beta,inDrop3,5.993412,14.012664
8318,alpha,inDrop3,14.349704,8.412701
8319,ductal,inDrop3,12.193101,-0.888523
8320,beta,inDrop3,6.9353166,15.365415
8321,beta,inDrop3,6.12215,15.265204
8322,ductal,inDrop3,12.069541,-0.55129695
8323,ductal,inDrop3,12.106976,-1.0286547
8324,ductal,inDrop3,12.253293,-0.90090215
8325,ductal,inDrop3,12.186221,-0.7893548
8326,acinar,inDrop3,5.0686836,0.5808598
8327,alpha,inDrop3,14.4927225,8.171252
8328,alpha,inDrop3,15.073548,8.612022
8329,beta,inDrop3,5.7755623,16.425983
8330,delta,inDrop3,16.161785,17.763903
8331,beta,inDrop3,6.5005684,14.285988
8332,beta,inDrop3,6.03494,14.022379
8333,alpha,inDrop3,14.513061,8.802974
8334,alpha,inDrop3,13.821985,7.5021048
8335,activated_stellate,inDrop3,-0.83797765,6.2501407
8336,alpha,inDrop3,14.67896,7.75574
8337,beta,inDrop3,4.9204464,14.618223
8338,beta,inDrop3,6.107983,13.710139
8339,alpha,inDrop3,14.002357,7.2979136
8340,ductal,inDrop3,11.505362,-0.051877595
8341,alpha,inDrop3,13.559619,8.669055
8342,alpha,inDrop3,13.897826,7.676137
8343,ductal,inDrop3,11.249715,-0.8426305
8344,alpha,inDrop3,14.210955,8.507827
8345,beta,inDrop3,6.448417,15.22453
8346,alpha,inDrop3,16.120789,6.319201
8347,ductal,inDrop3,11.9890785,-0.2497106
8348,delta,inDrop3,16.806078,17.98219
8349,beta,inDrop3,6.5289235,16.39607
8350,acinar,inDrop3,4.9448485,1.2287332
8351,activated_stellate,inDrop3,-0.95763516,6.3163915
8352,beta,inDrop3,6.1184144,15.252286
8353,acinar,inDrop3,5.490737,0.6962102
8354,beta,inDrop3,4.2426357,15.310191
8355,beta,inDrop3,4.9607162,14.980689
8356,beta,inDrop3,5.073377,15.109772
8357,alpha,inDrop3,14.524102,9.106582
8358,beta,inDrop3,7.024357,15.566525
8359,alpha,inDrop3,14.45821,7.3541355
8360,ductal,inDrop3,12.17912,-0.5634901
8361,delta,inDrop3,16.84882,17.871239
8362,beta,inDrop3,5.4266834,14.023747
8363,acinar,inDrop3,5.446094,1.0218396
8364,acinar,inDrop3,6.3152246,0.36043903
8365,beta,inDrop3,4.808239,15.223474
8366,acinar,inDrop3,5.444013,1.1236238
8367,ductal,inDrop3,11.700922,-0.8808933
8368,alpha,inDrop3,15.72386,6.333188
8369,ductal,inDrop3,11.570854,0.44961983
8370,beta,inDrop3,5.906857,15.452933
8371,alpha,inDrop3,14.52816,7.6362514
8372,beta,inDrop3,6.228727,15.820087
8373,acinar,inDrop3,5.9642315,0.78768414
8374,alpha,inDrop3,14.239424,9.027523
8375,alpha,inDrop3,15.5720415,7.290932
8376,acinar,inDrop3,6.0588284,-0.27900302
8377,alpha,inDrop3,15.71383,6.932209
8378,alpha,inDrop3,14.096094,7.9362497
8379,acinar,inDrop3,6.0344543,0.43009022
8380,alpha,inDrop3,13.806869,7.6654463
8381,beta,inDrop3,5.3768044,16.18445
8382,beta,inDrop3,6.9666433,15.524202
8383,alpha,inDrop3,14.934262,8.560582
8384,alpha,inDrop3,13.553174,7.501461
8385,endothelial,inDrop3,-2.594539,8.980899
8386,alpha,inDrop3,13.995439,7.984398
8387,delta,inDrop3,16.700487,17.776424
8388,beta,inDrop3,6.5126557,16.376736
8389,acinar,inDrop3,5.603305,-0.18486528
8390,alpha,inDrop3,15.258137,8.106017
8391,acinar,inDrop3,5.836447,0.63947093
8392,ductal,inDrop3,11.976708,-0.01663306
8393,beta,inDrop3,5.515395,16.222574
8394,beta,inDrop3,6.4254246,15.851402
8395,beta,inDrop3,6.581441,14.725148
8396,beta,inDrop3,5.9404354,15.512328
8397,alpha,inDrop3,13.708008,7.855759
8398,alpha,inDrop3,15.524125,6.3671885
8399,ductal,inDrop3,12.106493,-0.8381619
8400,beta,inDrop3,4.0801196,15.436111
8401,endothelial,inDrop3,-2.6098466,9.047692
8402,ductal,inDrop3,12.167344,-0.7895152
8403,alpha,inDrop3,14.292636,8.616598
8404,ductal,inDrop3,12.165397,-0.8937145
8405,alpha,inDrop3,14.019223,8.314186
8406,alpha,inDrop3,15.154318,6.2843156
8407,beta,inDrop3,5.0446005,1.0486681
8408,alpha,inDrop3,14.895731,8.25219
8409,alpha,inDrop3,13.800573,8.099678
8410,gamma,inDrop3,5.1748877,0.26867503
8411,ductal,inDrop3,12.112243,-0.36449048
8412,alpha,inDrop3,15.07628,7.3026114
8413,acinar,inDrop3,6.048907,0.7984296
8414,acinar,inDrop3,5.161336,0.8152311
8415,acinar,inDrop3,6.3016405,0.9780963
8416,alpha,inDrop3,15.391215,7.5862827
8417,alpha,inDrop3,14.462107,7.545254
8418,alpha,inDrop3,14.340788,8.344295
8419,ductal,inDrop3,12.073994,-1.0095512
8420,ductal,inDrop3,11.698792,-0.08970299
8421,delta,inDrop3,16.208302,17.445196
8422,acinar,inDrop3,5.1850233,0.2841683
8423,alpha,inDrop3,14.636022,7.4053354
8424,alpha,inDrop3,15.364597,8.169315
8425,alpha,inDrop3,15.845718,7.8318496
8426,acinar,inDrop3,5.325383,0.43899652
8427,alpha,inDrop3,14.514218,7.4686356
8428,beta,inDrop3,5.811097,16.236208
8429,alpha,inDrop3,16.123146,6.438079
8430,beta,inDrop3,5.006139,15.256003
8431,alpha,inDrop3,15.269376,7.306332
8432,ductal,inDrop3,11.790862,0.3147053
8433,alpha,inDrop3,14.176052,8.83427
8434,ductal,inDrop3,11.762449,-0.38060915
8435,beta,inDrop3,6.2145047,15.709508
8436,alpha,inDrop3,15.085269,8.058567
8437,beta,inDrop3,5.908197,14.870163
8438,beta,inDrop3,6.5378933,16.460781
8439,alpha,inDrop3,16.029842,7.288422
8440,alpha,inDrop3,14.118197,7.7065125
8441,alpha,inDrop3,14.922973,8.49743
8442,ductal,inDrop3,12.996439,-0.15754202
8443,delta,inDrop3,16.150223,17.377388
8444,alpha,inDrop3,12.36212,7.002435
8445,alpha,inDrop3,16.054691,6.2724023
8446,alpha,inDrop3,13.84645,8.192601
8447,alpha,inDrop3,13.622101,7.4883375
8448,alpha,inDrop3,13.77992,7.5599
8449,alpha,inDrop3,14.353435,9.385249
8450,ductal,inDrop3,11.431622,-0.6460115
8451,ductal,inDrop3,11.925962,0.12414732
8452,ductal,inDrop3,12.141616,-0.35982555
8453,acinar,inDrop3,5.4108057,0.21215904
8454,alpha,inDrop3,15.563555,6.270127
8455,ductal,inDrop3,11.500057,-0.78334457
8456,alpha,inDrop3,14.029913,9.285075
8457,activated_stellate,inDrop3,-1.0326046,6.226918
8458,beta,inDrop3,6.549226,15.844494
8459,gamma,inDrop3,10.544952,19.652107
8460,beta,inDrop3,6.54834,16.579325
8461,alpha,inDrop3,14.916339,7.8586698
8462,alpha,inDrop3,14.956292,8.603369
8463,activated_stellate,inDrop3,-0.9138144,6.2691393
8464,alpha,inDrop3,15.357572,8.205319
8465,quiescent_stellate,inDrop3,0.5113631,5.0906687
8466,alpha,inDrop3,14.900227,6.369448
8467,acinar,inDrop3,5.251055,0.7005637
8468,alpha,inDrop3,14.098309,9.269478
8469,alpha,inDrop3,15.21226,6.5940046
8470,beta,inDrop3,4.801927,14.81989
8471,beta,inDrop3,5.929471,16.5114
8472,alpha,inDrop3,16.071892,6.2486806
8473,beta,inDrop3,4.600778,14.976981
8474,acinar,inDrop3,5.411314,0.10323121
8475,beta,inDrop3,4.560947,15.128425
8476,ductal,inDrop3,11.842924,-0.057429127
8477,ductal,inDrop3,12.171028,-0.48168823
8478,beta,inDrop3,5.854606,16.477955
8479,alpha,inDrop3,14.873818,8.8548975
8480,beta,inDrop3,6.600855,16.53148
8481,beta,inDrop3,6.0468097,14.004822
8482,ductal,inDrop3,12.02556,-0.013158113
8483,beta,inDrop3,6.6941843,14.83258
8484,beta,inDrop3,7.0096827,15.876207
8485,alpha,inDrop3,15.455977,7.166792
8486,ductal,inDrop3,12.0182495,-0.29228598
8487,alpha,inDrop3,14.79494,8.619801
8488,macrophage,inDrop3,8.4935665,-5.8693633
8489,beta,inDrop3,6.1883383,15.997389
8490,beta,inDrop3,5.462216,16.183784
8491,alpha,inDrop3,14.013109,8.81747
8492,alpha,inDrop3,15.208721,7.124465
8493,alpha,inDrop3,13.679604,7.4737883
8494,alpha,inDrop3,15.708779,8.460647
8495,ductal,inDrop3,12.149856,-0.7323335
8496,alpha,inDrop3,14.712654,8.984983
8497,ductal,inDrop3,12.154375,-0.6098892
8498,quiescent_stellate,inDrop3,0.48394677,5.109698
8499,ductal,inDrop3,12.931145,-0.085822634
8500,alpha,inDrop3,14.847662,8.563122
8501,alpha,inDrop3,15.853705,7.670127
8502,acinar,inDrop3,5.365177,1.1496756
8503,alpha,inDrop3,14.942472,8.526033
8504,alpha,inDrop3,16.058558,8.818695
8505,beta,inDrop3,4.02087,15.79463
8506,alpha,inDrop3,15.229715,7.3285537
8507,ductal,inDrop3,12.197432,-0.23308845
8508,alpha,inDrop3,15.054003,8.61459
8509,beta,inDrop3,5.4609327,14.286766
8510,acinar,inDrop3,6.1223845,0.5972492
8511,alpha,inDrop3,13.969352,7.9849973
8512,beta,inDrop3,4.2034388,15.48115
8513,acinar,inDrop3,6.106088,0.36455992
8514,beta,inDrop3,6.5991697,15.924646
8515,ductal,inDrop3,12.156811,-0.5788025
8516,beta,inDrop3,6.20791,16.602324
8517,alpha,inDrop3,14.543343,8.403985
8518,alpha,inDrop3,14.212852,7.155777
8519,alpha,inDrop3,14.343487,8.005449
8520,acinar,inDrop3,5.4190288,0.68512994
8521,ductal,inDrop3,11.622092,-0.13799295
8522,alpha,inDrop3,14.84849,7.075006
8523,ductal,inDrop3,11.942685,-0.36530334
8524,alpha,inDrop3,14.341097,9.147016
8525,ductal,inDrop3,12.143014,-0.36209816
8526,acinar,inDrop3,5.460382,0.3886623
8527,acinar,inDrop3,5.716321,0.5462716
8528,ductal,inDrop3,12.255555,-0.08826938
8529,quiescent_stellate,inDrop3,0.6708627,5.5629435
8530,alpha,inDrop3,14.652476,8.8862505
8531,alpha,inDrop3,13.973817,8.971575
8532,ductal,inDrop3,11.177291,-0.9764361
8533,beta,inDrop3,6.0489254,15.757398
8534,beta,inDrop3,4.7186294,14.979273
8535,alpha,inDrop3,15.758799,8.046004
8536,beta,inDrop3,6.0986,15.573927
8537,delta,inDrop3,16.325336,17.759892
8538,activated_stellate,inDrop3,-0.99425393,6.127089
8539,delta,inDrop3,16.570133,18.104065
8540,beta,inDrop3,5.845468,13.633505
8541,acinar,inDrop3,5.5733066,0.017386558
8542,ductal,inDrop3,11.811299,0.067014456
8543,alpha,inDrop3,15.095812,8.165983
8544,activated_stellate,inDrop3,-0.963508,6.1070566
8545,acinar,inDrop3,5.2441645,0.7647599
8546,ductal,inDrop3,11.933171,-0.4589912
8547,alpha,inDrop3,14.305259,8.709443
8548,ductal,inDrop3,12.04129,-0.44231343
8549,beta,inDrop3,6.5442524,14.348195
8550,alpha,inDrop3,15.682557,8.388288
8551,beta,inDrop3,6.9219475,15.734565
8552,beta,inDrop3,4.401568,15.178613
8553,alpha,inDrop3,14.257128,8.051763
8554,alpha,inDrop3,14.136939,9.265215
8555,beta,inDrop3,4.592517,15.196759
8556,acinar,inDrop3,6.021276,0.7252025
8557,acinar,inDrop3,6.0173826,-0.10008063
8558,endothelial,inDrop3,-2.7111876,9.694355
8559,beta,inDrop3,6.1491494,15.973246
8560,activated_stellate,inDrop3,-0.90464276,6.009136
8561,alpha,inDrop3,14.399551,9.166956
8562,alpha,inDrop3,13.6550665,7.5845695
8563,acinar,inDrop3,6.6280355,16.069923
8564,alpha,inDrop3,14.563564,8.771441
8565,alpha,inDrop3,15.054927,8.346416
8566,alpha,inDrop3,13.867448,8.140165
8567,alpha,inDrop3,14.173447,9.300341
8568,beta,inDrop3,6.2074065,16.144754
8569,acinar,inDrop3,5.257678,1.0437596
8570,alpha,inDrop3,14.139301,7.519148
8571,beta,inDrop3,6.955915,15.952565
8572,ductal,inDrop3,11.984937,-0.20867807
8573,ductal,inDrop3,12.17261,-0.67289007
8574,ductal,inDrop3,12.119618,-0.95716375
8575,alpha,inDrop3,15.3777485,6.7815394
8576,gamma,inDrop3,10.623726,19.802649
8577,alpha,inDrop3,13.688733,7.4547544
8578,beta,inDrop3,6.882229,16.34055
8579,alpha,inDrop3,15.449253,8.80705
8580,endothelial,inDrop3,-2.5806577,9.082884
8581,alpha,inDrop3,13.842438,7.234866
8582,macrophage,inDrop3,8.41678,-5.843615
8583,acinar,inDrop3,5.1928706,1.0217104
8584,activated_stellate,inDrop3,-1.0559088,6.1635585
8585,beta,inDrop3,5.8007884,16.180784
8586,alpha,inDrop3,13.973942,7.485345
8587,alpha,inDrop3,16.281633,5.9219313
8588,alpha,inDrop3,16.273281,6.986128
8589,ductal,inDrop3,12.1827755,-1.012902
8590,alpha,inDrop3,15.400775,8.463318
8591,beta,inDrop3,6.4508233,16.547785
8592,alpha,inDrop3,15.857889,7.395178
8593,beta,inDrop3,6.784158,14.895163
8594,beta,inDrop3,6.1239924,15.899684
8595,alpha,inDrop3,14.022846,8.288673
8596,beta,inDrop3,4.8923345,15.490249
8597,delta,inDrop3,6.7858796,16.316942
8598,alpha,inDrop3,14.000959,7.490576
8599,activated_stellate,inDrop3,-0.9293423,6.278356
8600,alpha,inDrop3,14.632467,8.034835
8601,activated_stellate,inDrop3,-0.93999374,6.1014924
8602,alpha,inDrop3,15.24405,8.426869
8603,beta,inDrop3,5.9046335,15.112952
8604,alpha,inDrop3,14.876289,8.291046
8605,ductal,inDrop3,11.79073,-0.6451458
8606,beta,inDrop3,7.1067395,14.212888
8607,beta,inDrop3,5.3032064,15.845094
8608,alpha,inDrop3,16.258608,5.9183764
8609,acinar,inDrop3,5.9159827,-0.17513977
8610,alpha,inDrop3,16.147484,8.506533
8611,endothelial,inDrop3,-2.5564346,8.978029
8612,beta,inDrop3,5.5633616,16.335705
8613,alpha,inDrop3,14.199895,9.177697
8614,alpha,inDrop3,14.082587,9.192305
8615,alpha,inDrop3,14.154976,8.984022
8616,beta,inDrop3,6.54205,14.181128
8617,ductal,inDrop3,11.604607,0.042251218
8618,acinar,inDrop3,6.180093,0.48079014
8619,acinar,inDrop3,5.861106,0.338413
8620,alpha,inDrop3,14.416241,8.459864
8621,endothelial,inDrop3,-2.857044,9.57319
8622,ductal,inDrop3,12.123552,-0.9513031
8623,acinar,inDrop3,12.306063,6.9969873
8624,beta,inDrop3,5.3938394,16.141752
8625,beta,inDrop3,6.603508,16.126366
8626,beta,inDrop3,6.785498,15.764499
8627,ductal,inDrop3,11.937725,-0.1895701
8628,alpha,inDrop3,13.7670965,8.779147
8629,alpha,inDrop3,13.94664,8.455204
8630,acinar,inDrop3,5.4517765,-0.059137054
8631,gamma,inDrop3,10.904117,19.631168
8632,alpha,inDrop3,14.286445,8.568639
8633,alpha,inDrop3,14.594153,9.072543
8634,acinar,inDrop3,5.01231,0.4151256
8635,alpha,inDrop3,15.638223,8.427666
8636,alpha,inDrop3,14.32017,8.946299
8637,alpha,inDrop3,14.134331,9.033993
8638,beta,inDrop3,5.762268,16.47796
8639,beta,inDrop3,4.455348,15.268155
8640,beta,inDrop3,5.7408543,15.58198
8641,acinar,inDrop3,5.8401194,0.39248702
8642,alpha,inDrop3,13.459024,8.832038
8643,beta,inDrop3,5.9032774,16.477621
8644,acinar,inDrop3,6.5133805,0.2925401
8645,alpha,inDrop3,14.834529,8.686944
8646,ductal,inDrop3,11.323393,0.041774914
8647,alpha,inDrop3,15.386176,8.469481
8648,alpha,inDrop3,15.612068,7.2207236
8649,alpha,inDrop3,15.954699,8.773156
8650,beta,inDrop3,6.480552,14.429598
8651,acinar,inDrop3,5.3745317,0.10371246
8652,beta,inDrop3,4.2607384,15.262244
8653,beta,inDrop3,4.558576,14.984811
8654,alpha,inDrop3,14.267878,9.068515
8655,acinar,inDrop3,5.2788324,0.93347365
8656,activated_stellate,inDrop3,-0.9667887,6.2464204
8657,alpha,inDrop3,14.190756,9.183546
8658,alpha,inDrop3,14.331146,8.895245
8659,alpha,inDrop3,15.362498,8.598905
8660,alpha,inDrop3,15.598126,7.973238
8661,ductal,inDrop3,12.136227,-0.689753
8662,alpha,inDrop3,14.361052,8.809058
8663,acinar,inDrop3,5.378381,0.95866925
8664,alpha,inDrop3,16.017618,6.5275865
8665,beta,inDrop3,5.268443,14.882123
8666,alpha,inDrop3,14.7811575,8.649464
8667,alpha,inDrop3,14.788004,7.3949447
8668,alpha,inDrop3,16.159372,7.5248246
8669,alpha,inDrop3,15.596845,8.153631
8670,acinar,inDrop3,5.5067444,-0.2936364
8671,beta,inDrop3,6.0041904,15.372192
8672,alpha,inDrop3,13.542642,8.763761
8673,acinar,inDrop3,5.3340034,0.7280457
8674,alpha,inDrop3,15.2175045,7.905249
8675,acinar,inDrop3,10.876118,-0.5893292
8676,alpha,inDrop3,14.8723,8.65316
8677,alpha,inDrop3,14.6655035,9.08897
8678,ductal,inDrop3,12.159543,-0.88523126
8679,beta,inDrop3,6.10826,16.431376
8680,beta,inDrop3,6.347757,15.77536
8681,acinar,inDrop3,5.5979085,-0.00028403013
8682,alpha,inDrop3,14.188649,9.343277
8683,activated_stellate,inDrop3,-1.2306225,5.719572
8684,alpha,inDrop3,14.549948,8.555676
8685,alpha,inDrop3,14.147453,9.034025
8686,alpha,inDrop3,13.930693,8.969893
8687,beta,inDrop3,6.036932,16.140667
8688,beta,inDrop3,6.219235,16.67318
8689,gamma,inDrop3,10.453098,19.633654
8690,alpha,inDrop3,14.208976,8.938262
8691,beta,inDrop3,5.917738,16.500013
8692,activated_stellate,inDrop3,0.17668597,5.3246207
8693,acinar,inDrop3,5.9162164,0.26960173
8694,ductal,inDrop3,11.213663,0.036283962
8695,alpha,inDrop3,14.206412,8.428618
8696,alpha,inDrop3,14.178653,8.158323
8697,beta,inDrop3,6.9232125,15.422233
8698,ductal,inDrop3,12.007272,-0.9683196
8699,beta,inDrop3,6.5595703,14.694656
8700,delta,inDrop3,16.275833,17.079203
8701,ductal,inDrop3,10.875679,-0.80016917
8702,acinar,inDrop3,5.562656,0.1662815
8703,ductal,inDrop3,12.90833,-0.12930071
8704,acinar,inDrop3,5.205013,1.0534987
8705,alpha,inDrop3,15.326709,6.320921
8706,ductal,inDrop3,11.414699,0.11658409
8707,alpha,inDrop3,14.688579,8.908933
8708,beta,inDrop3,5.891058,16.305696
8709,beta,inDrop3,6.419297,15.832962
8710,alpha,inDrop3,13.916735,8.494345
8711,alpha,inDrop3,13.883081,9.12793
8712,alpha,inDrop3,14.560242,8.834796
8713,endothelial,inDrop3,-2.8111417,9.507689
8714,acinar,inDrop3,5.704715,0.5145706
8715,ductal,inDrop3,12.150057,-0.8440714
8716,alpha,inDrop3,15.335531,9.169531
8717,beta,inDrop3,5.44834,14.345208
8718,ductal,inDrop3,11.967076,-0.4392813
8719,alpha,inDrop3,14.636759,8.527595
8720,alpha,inDrop3,13.584084,7.639592
8721,beta,inDrop3,6.4417872,16.499672
8722,alpha,inDrop3,14.225212,9.132304
8723,ductal,inDrop3,11.990431,-0.26757866
8724,beta,inDrop3,5.6848774,16.330317
8725,ductal,inDrop3,12.0049,-0.9478532
8726,ductal,inDrop3,11.857033,-0.016718524
8727,ductal,inDrop3,11.729236,0.3454081
8728,alpha,inDrop3,14.128103,8.393975
8729,alpha,inDrop3,14.397395,9.333575
8730,alpha,inDrop3,15.017958,8.285433
8731,beta,inDrop3,5.8462024,16.424107
8732,ductal,inDrop3,12.303725,-0.604402
8733,alpha,inDrop3,16.160704,6.309593
8734,endothelial,inDrop3,-2.5583036,8.988845
8735,alpha,inDrop3,15.1814995,7.392275
8736,quiescent_stellate,inDrop3,0.3519063,5.470865
8737,beta,inDrop3,6.370187,16.497578
8738,delta,inDrop3,16.350307,17.841599
8739,alpha,inDrop3,14.088207,8.043989
8740,acinar,inDrop3,5.4857106,0.020649748
8741,alpha,inDrop3,14.744916,8.381423
8742,beta,inDrop3,5.6650248,16.516975
8743,beta,inDrop3,5.8135495,16.240448
8744,alpha,inDrop3,14.057141,8.071043
8745,quiescent_stellate,inDrop3,0.039406687,5.595397
8746,alpha,inDrop3,13.611491,8.75401
8747,beta,inDrop3,5.725252,15.04379
8748,alpha,inDrop3,14.026236,8.992452
8749,quiescent_stellate,inDrop3,0.44612765,5.192305
8750,acinar,inDrop3,6.1441913,0.15546966
8751,alpha,inDrop3,13.93183,8.308079
8752,alpha,inDrop3,13.7078905,8.05384
8753,beta,inDrop3,6.317148,15.934791
8754,acinar,inDrop3,5.3681784,0.6605736
8755,delta,inDrop3,16.609554,17.974213
8756,acinar,inDrop3,5.7618847,0.22360088
8757,alpha,inDrop3,14.813577,8.799111
8758,alpha,inDrop3,14.029893,7.5658693
8759,ductal,inDrop3,12.115336,-0.86102104
8760,gamma,inDrop3,10.344759,19.654398
8761,endothelial,inDrop3,-2.699176,9.58218
8762,beta,inDrop3,5.6679916,16.398407
8763,alpha,inDrop3,14.114037,8.973866
8764,alpha,inDrop3,14.650444,8.539107
8765,ductal,inDrop3,11.011302,0.36187947
8766,alpha,inDrop3,14.618263,9.234088
8767,alpha,inDrop3,14.079068,8.024466
8768,alpha,inDrop3,14.129669,9.219385
8769,beta,inDrop3,5.8415976,15.61571
8770,acinar,inDrop3,5.758018,0.14595771
8771,alpha,inDrop3,13.9084835,8.922704
8772,beta,inDrop3,6.3369427,14.34627
8773,alpha,inDrop3,15.921732,7.7941294
8774,alpha,inDrop3,15.237781,9.532825
8775,alpha,inDrop3,15.031759,9.353841
8776,ductal,inDrop3,12.870051,-0.056390937
8777,delta,inDrop3,16.755108,18.089003
8778,alpha,inDrop3,15.229096,7.8865724
8779,alpha,inDrop3,15.744502,6.920382
8780,alpha,inDrop3,13.906538,8.868053
8781,acinar,inDrop3,5.84824,0.04284146
8782,ductal,inDrop3,12.187769,-0.46348155
8783,ductal,inDrop3,11.5668955,-0.2326739
8784,alpha,inDrop3,15.296222,9.14792
8785,alpha,inDrop3,16.23157,8.4918165
8786,alpha,inDrop3,13.651082,7.438219
8787,acinar,inDrop3,5.175663,0.9026644
8788,beta,inDrop3,5.5700164,16.243925
8789,alpha,inDrop3,15.255041,9.5263405
8790,gamma,inDrop3,10.535175,19.508047
8791,acinar,inDrop3,5.634283,-0.33868226
8792,alpha,inDrop3,14.472895,8.490206
8793,gamma,inDrop3,10.352065,19.737171
8794,gamma,inDrop3,10.456744,19.575716
8795,beta,inDrop3,6.1600432,16.632599
8796,beta,inDrop3,5.581254,16.204304
8797,alpha,inDrop3,14.342345,8.55118
8798,beta,inDrop3,6.3517804,16.2998
8799,beta,inDrop3,5.5587416,16.259546
8800,acinar,inDrop3,5.7990212,1.0676321
8801,acinar,inDrop3,5.8861136,-0.19406441
8802,acinar,inDrop3,5.277042,0.36351404
8803,quiescent_stellate,inDrop3,0.4989906,5.106197
8804,quiescent_stellate,inDrop3,0.37919372,5.4652567
8805,ductal,inDrop3,12.167614,-0.38611013
8806,beta,inDrop3,5.197857,15.881619
8807,alpha,inDrop3,14.967035,7.016241
8808,beta,inDrop3,6.0358367,16.224794
8809,alpha,inDrop3,15.446643,8.508691
8810,ductal,inDrop3,11.259905,-0.872663
8811,alpha,inDrop3,14.545785,8.619142
8812,alpha,inDrop3,15.365934,9.402728
8813,alpha,inDrop3,14.267152,8.70278
8814,alpha,inDrop3,15.056318,8.734393
8815,alpha,inDrop3,15.27122,9.556575
8816,beta,inDrop3,5.713082,15.355719
8817,beta,inDrop3,16.036346,18.032564
8818,beta,inDrop3,4.306494,15.3886
8819,acinar,inDrop3,5.824324,0.46685076
8820,alpha,inDrop3,14.393505,8.928817
8821,beta,inDrop3,5.2282143,15.989026
8822,beta,inDrop3,5.55076,14.5747175
8823,beta,inDrop3,6.4460974,13.470988
8824,beta,inDrop3,6.59476,15.769579
8825,gamma,inDrop3,10.673308,19.605051
8826,endothelial,inDrop3,-2.7870438,9.529402
8827,quiescent_stellate,inDrop3,0.4599825,5.5185294
8828,alpha,inDrop3,14.059101,7.97421
8829,alpha,inDrop3,15.396787,8.155977
8830,beta,inDrop3,5.6323647,16.148617
8831,beta,inDrop3,6.3953414,16.233135
8832,beta,inDrop3,6.1783795,16.564898
8833,ductal,inDrop3,11.849677,-0.9489586
8834,ductal,inDrop3,12.033886,-0.28827375
8835,beta,inDrop3,5.6708784,16.383043
8836,quiescent_stellate,inDrop3,0.46836898,5.264162
8837,alpha,inDrop3,15.117073,9.486603
8838,alpha,inDrop3,15.318369,9.553058
8839,alpha,inDrop3,16.157831,8.440847
8840,activated_stellate,inDrop3,0.50081205,5.1425323
8841,acinar,inDrop3,6.326013,1.1332246
8842,beta,inDrop3,6.228707,16.634167
8843,alpha,inDrop3,14.827455,8.907198
8844,alpha,inDrop3,13.803122,9.094765
8845,ductal,inDrop3,12.862673,-0.10855184
8846,alpha,inDrop3,15.358377,6.888698
8847,beta,inDrop3,5.799885,16.248379
8848,alpha,inDrop3,16.409288,7.0836234
8849,beta,inDrop3,6.5744734,16.225853
8850,endothelial,inDrop3,-2.7317386,9.526607
8851,ductal,inDrop3,11.100092,0.40839332
8852,endothelial,inDrop3,-2.824479,9.512832
8853,beta,inDrop3,5.634271,16.235607
8854,quiescent_stellate,inDrop3,0.5105036,5.081197
8855,endothelial,inDrop3,-2.8368206,9.60288
8856,alpha,inDrop3,14.455974,9.1730995
8857,alpha,inDrop3,13.981361,8.04964
8858,beta,inDrop3,4.940479,15.399241
8859,alpha,inDrop3,14.119413,7.506333
8860,activated_stellate,inDrop3,-0.99614584,5.8010397
8861,quiescent_stellate,inDrop3,0.55856586,5.0561643
8862,alpha,inDrop3,15.146603,8.708672
8863,beta,inDrop3,5.985272,16.306313
8864,alpha,inDrop3,14.116384,7.5152936
8865,alpha,inDrop3,15.278054,6.8943315
8866,beta,inDrop3,5.519077,16.308722
8867,activated_stellate,inDrop3,0.30622008,5.432426
8868,beta,inDrop3,6.211778,15.901236
8869,alpha,inDrop3,13.699029,8.406946
8870,beta,inDrop3,5.68519,16.355108
8871,delta,inDrop3,16.782871,17.80306
8872,quiescent_stellate,inDrop3,0.4697235,5.447351
8873,alpha,inDrop3,14.582532,8.056381
8874,beta,inDrop3,5.1928473,15.943446
8875,beta,inDrop3,5.214541,15.985611
8876,alpha,inDrop3,14.31314,8.241799
8877,beta,inDrop3,12.3163185,7.0228143
8878,alpha,inDrop3,14.411813,9.301898
8879,beta,inDrop3,5.6150165,15.29238
8880,delta,inDrop3,16.295437,17.215578
8881,ductal,inDrop3,12.783505,-0.037123162
8882,alpha,inDrop3,15.322772,9.601491
8883,beta,inDrop3,6.641466,16.321371
8884,endothelial,inDrop3,-2.605936,9.664547
8885,beta,inDrop3,5.796989,15.719944
8886,beta,inDrop3,13.656294,7.776036
8887,alpha,inDrop3,14.229335,8.698796
8888,alpha,inDrop3,14.41912,9.389681
8889,alpha,inDrop3,14.603241,8.53229
8890,alpha,inDrop3,15.132109,8.405117
8891,schwann,inDrop3,-0.9570564,6.3703313
8892,alpha,inDrop3,14.258449,8.558564
8893,beta,inDrop3,5.836408,16.128767
8894,macrophage,inDrop3,8.44399,-5.819916
8895,endothelial,inDrop3,-2.4553275,9.894304
8896,ductal,inDrop3,11.646415,0.5134554
8897,beta,inDrop3,6.0215616,15.134097
8898,alpha,inDrop3,15.297077,9.509589
8899,alpha,inDrop3,13.653772,8.667562
8900,quiescent_stellate,inDrop3,0.43092433,5.4406624
8901,acinar,inDrop3,5.75695,-0.2026374
8902,ductal,inDrop3,11.717373,0.5862153
8903,alpha,inDrop3,14.572294,9.182229
8904,beta,inDrop3,6.1464486,15.53577
8905,alpha,inDrop3,15.437093,9.185257
8906,beta,inDrop3,4.464515,15.370131
8907,alpha,inDrop3,14.960368,9.054498
8908,ductal,inDrop4,6.705382,0.51376414
8909,delta,inDrop4,16.798445,17.04537
8910,delta,inDrop4,16.285156,17.25719
8911,ductal,inDrop4,6.8500724,0.19541183
8912,ductal,inDrop4,11.989383,-0.5365855
8913,ductal,inDrop4,12.048014,-0.5609097
8914,ductal,inDrop4,6.5647473,0.61096513
8915,alpha,inDrop4,15.644452,6.9882193
8916,ductal,inDrop4,6.3728,0.029536871
8917,ductal,inDrop4,6.455605,0.6896186
8918,alpha,inDrop4,16.096226,7.522723
8919,ductal,inDrop4,11.174335,-1.005711
8920,ductal,inDrop4,12.718568,0.017281536
8921,ductal,inDrop4,6.295982,0.7302326
8922,delta,inDrop4,16.669184,17.484152
8923,activated_stellate,inDrop4,-1.2988198,5.741302
8924,beta,inDrop4,6.0276413,13.740419
8925,ductal,inDrop4,6.4012923,-0.37163535
8926,ductal,inDrop4,11.372431,-0.56839526
8927,beta,inDrop4,6.3159504,13.53523
8928,beta,inDrop4,5.404509,13.851325
8929,delta,inDrop4,16.76191,17.749062
8930,ductal,inDrop4,6.877219,0.33993143
8931,delta,inDrop4,16.403042,17.574198
8932,alpha,inDrop4,14.614518,7.678716
8933,beta,inDrop4,6.506922,13.541364
8934,beta,inDrop4,6.067269,14.184063
8935,delta,inDrop4,16.926708,17.297384
8936,ductal,inDrop4,6.6115494,0.2905917
8937,activated_stellate,inDrop4,-1.1817298,5.881984
8938,ductal,inDrop4,5.470256,-0.1676175
8939,ductal,inDrop4,6.58341,0.85550946
8940,ductal,inDrop4,12.610904,0.02695227
8941,beta,inDrop4,5.861885,13.8484335
8942,macrophage,inDrop4,8.428942,-5.830445
8943,alpha,inDrop4,16.153278,7.7670345
8944,beta,inDrop4,5.8461876,15.316822
8945,beta,inDrop4,5.2565994,13.793022
8946,alpha,inDrop4,14.952233,7.4645667
8947,ductal,inDrop4,11.850531,0.8225953
8948,beta,inDrop4,7.044271,14.591153
8949,beta,inDrop4,6.0514584,14.044875
8950,alpha,inDrop4,15.126461,6.5050764
8951,ductal,inDrop4,11.722535,0.23608789
8952,ductal,inDrop4,10.938435,-0.08932369
8953,beta,inDrop4,5.631524,12.9920845
8954,beta,inDrop4,5.085931,14.773015
8955,alpha,inDrop4,16.028519,8.1623125
8956,beta,inDrop4,5.624905,14.936974
8957,alpha,inDrop4,15.456132,7.226496
8958,beta,inDrop4,7.1503735,14.331576
8959,ductal,inDrop4,12.295777,-0.32111892
8960,beta,inDrop4,6.0796804,14.323009
8961,ductal,inDrop4,11.458692,0.939479
8962,alpha,inDrop4,15.731013,7.3774095
8963,beta,inDrop4,5.880177,13.218848
8964,delta,inDrop4,9.667812,5.859268
8965,beta,inDrop4,6.3329215,13.5603695
8966,beta,inDrop4,6.3894978,13.545865
8967,ductal,inDrop4,11.64606,-0.30257016
8968,beta,inDrop4,5.3670874,13.384344
8969,ductal,inDrop4,6.752286,1.014805
8970,beta,inDrop4,6.718403,14.107665
8971,ductal,inDrop4,11.313592,-0.18725812
8972,ductal,inDrop4,6.5112815,0.5030435
8973,activated_stellate,inDrop4,-1.3599378,5.786405
8974,alpha,inDrop4,16.201477,7.63695
8975,alpha,inDrop4,16.489962,7.6363873
8976,delta,inDrop4,16.57578,17.60541
8977,activated_stellate,inDrop4,-1.2320046,5.7372956
8978,activated_stellate,inDrop4,-1.1872259,5.5156927
8979,beta,inDrop4,6.1477923,13.997641
8980,activated_stellate,inDrop4,-1.319782,5.6735725
8981,alpha,inDrop4,16.34871,7.6530023
8982,beta,inDrop4,5.8368354,14.370362
8983,ductal,inDrop4,11.829602,-0.46044573
8984,quiescent_stellate,inDrop4,11.398015,0.14936759
8985,beta,inDrop4,6.076978,13.87891
8986,ductal,inDrop4,6.779612,0.826894
8987,beta,inDrop4,6.8345494,13.990284
8988,beta,inDrop4,5.817468,13.362591
8989,activated_stellate,inDrop4,-1.0549245,5.9795995
8990,delta,inDrop4,16.804773,17.028269
8991,beta,inDrop4,6.548675,13.508178
8992,beta,inDrop4,6.0197425,13.488193
8993,beta,inDrop4,5.311419,13.435394
8994,beta,inDrop4,5.261236,13.433101
8995,delta,inDrop4,10.873568,-0.12216049
8996,beta,inDrop4,6.0279107,13.385996
8997,delta,inDrop4,16.511372,17.897753
8998,alpha,inDrop4,11.824926,-0.071868405
8999,ductal,inDrop4,11.667167,0.78725
9000,alpha,inDrop4,14.6157875,6.6791925
9001,alpha,inDrop4,15.627891,7.313853
9002,alpha,inDrop4,15.705477,6.6161013
9003,macrophage,inDrop4,8.445219,-5.8304386
9004,delta,inDrop4,16.180136,17.498705
9005,ductal,inDrop4,11.366662,-0.015306483
9006,ductal,inDrop4,11.336241,0.8808165
9007,beta,inDrop4,6.6177197,13.613276
9008,ductal,inDrop4,11.544811,0.38688734
9009,beta,inDrop4,6.628884,13.769423
9010,beta,inDrop4,6.279094,15.1049
9011,alpha,inDrop4,14.974905,8.713237
9012,beta,inDrop4,6.8841987,15.266828
9013,delta,inDrop4,15.990336,17.727953
9014,alpha,inDrop4,16.39258,7.0793896
9015,alpha,inDrop4,15.360602,13.544881
9016,delta,inDrop4,16.181541,17.541021
9017,beta,inDrop4,6.1122017,13.73115
9018,ductal,inDrop4,11.489306,-0.6570234
9019,beta,inDrop4,4.406213,15.02114
9020,beta,inDrop4,6.5914116,13.578092
9021,delta,inDrop4,16.452417,17.851583
9022,acinar,inDrop4,6.8731604,-0.13568243
9023,ductal,inDrop4,12.060621,-0.46386513
9024,alpha,inDrop4,16.06458,7.8830476
9025,ductal,inDrop4,11.841646,0.4887879
9026,ductal,inDrop4,11.394569,0.80157554
9027,beta,inDrop4,6.440306,14.270563
9028,beta,inDrop4,6.5989966,13.833229
9029,gamma,inDrop4,10.622187,19.96484
9030,alpha,inDrop4,16.230549,7.381098
9031,beta,inDrop4,4.7013507,14.171068
9032,beta,inDrop4,5.220376,13.543304
9033,beta,inDrop4,6.0253735,13.509461
9034,ductal,inDrop4,6.6971636,0.26600987
9035,activated_stellate,inDrop4,-1.3143531,5.741935
9036,delta,inDrop4,16.273512,17.778656
9037,beta,inDrop4,6.704534,13.992485
9038,ductal,inDrop4,11.192111,-0.37078062
9039,beta,inDrop4,6.4104238,13.442544
9040,ductal,inDrop4,6.0567055,-0.30358505
9041,ductal,inDrop4,6.563097,1.0052159
9042,beta,inDrop4,6.7532034,13.797278
9043,alpha,inDrop4,15.77689,6.751773
9044,ductal,inDrop4,11.575764,0.9146256
9045,delta,inDrop4,16.343885,17.258402
9046,beta,inDrop4,5.557706,13.878058
9047,delta,inDrop4,16.153742,17.318613
9048,delta,inDrop4,16.825602,16.987625
9049,alpha,inDrop4,14.74563,7.0790963
9050,alpha,inDrop4,14.112237,7.0445795
9051,ductal,inDrop4,11.716351,0.2887317
9052,macrophage,inDrop4,8.442248,-5.8302374
9053,alpha,inDrop4,14.492239,7.1259837
9054,ductal,inDrop4,6.5562043,0.8338567
9055,ductal,inDrop4,11.396556,-0.07985076
9056,ductal,inDrop4,11.58096,0.574237
9057,beta,inDrop4,5.3359585,13.519394
9058,beta,inDrop4,5.5366926,14.015163
9059,alpha,inDrop4,16.231474,7.7225986
9060,beta,inDrop4,6.675806,13.804719
9061,alpha,inDrop4,14.538361,8.647668
9062,beta,inDrop4,6.2474265,13.606342
9063,beta,inDrop4,6.2747874,13.520323
9064,ductal,inDrop4,11.597147,-0.42172027
9065,ductal,inDrop4,11.612929,-0.5877281
9066,beta,inDrop4,6.3946185,14.046934
9067,beta,inDrop4,5.793214,13.235368
9068,alpha,inDrop4,14.2551565,6.884154
9069,alpha,inDrop4,16.022444,7.3960686
9070,beta,inDrop4,6.3623486,13.687617
9071,beta,inDrop4,5.1353498,13.378296
9072,alpha,inDrop4,15.831926,7.830892
9073,beta,inDrop4,6.468186,13.599482
9074,beta,inDrop4,7.0802174,14.539891
9075,alpha,inDrop4,13.977268,8.70589
9076,delta,inDrop4,16.907852,17.856813
9077,beta,inDrop4,4.74511,14.567927
9078,alpha,inDrop4,15.802847,7.614712
9079,beta,inDrop4,6.319384,13.521226
9080,beta,inDrop4,6.0361733,13.948707
9081,beta,inDrop4,5.256709,14.027954
9082,beta,inDrop4,5.1795483,13.534031
9083,delta,inDrop4,16.849545,17.398748
9084,beta,inDrop4,5.630664,13.143547
9085,ductal,inDrop4,11.069871,-0.03229329
9086,gamma,inDrop4,10.487232,19.508417
9087,delta,inDrop4,16.939602,17.154644
9088,ductal,inDrop4,12.818717,-0.03289459
9089,alpha,inDrop4,14.690544,6.451127
9090,ductal,inDrop4,5.0563045,0.7223927
9091,alpha,inDrop4,15.327375,6.462538
9092,alpha,inDrop4,14.233614,7.60137
9093,delta,inDrop4,15.905915,17.794077
9094,alpha,inDrop4,16.12835,7.656243
9095,beta,inDrop4,5.6255746,13.285344
9096,delta,inDrop4,16.527098,17.28418
9097,alpha,inDrop4,15.025366,7.128433
9098,alpha,inDrop4,15.011926,6.466578
9099,delta,inDrop4,16.850609,17.300343
9100,beta,inDrop4,6.185728,14.235648
9101,beta,inDrop4,5.690019,13.451426
9102,alpha,inDrop4,15.236909,6.2232275
9103,gamma,inDrop4,10.658588,19.650482
9104,beta,inDrop4,5.769615,13.1460705
9105,beta,inDrop4,7.1322594,14.42737
9106,gamma,inDrop4,10.86981,19.9734
9107,delta,inDrop4,16.84,17.033667
9108,ductal,inDrop4,11.5414915,0.6112016
9109,beta,inDrop4,5.9057155,13.184725
9110,alpha,inDrop4,14.357509,8.531219
9111,delta,inDrop4,16.211332,17.529623
9112,beta,inDrop4,5.8405013,13.617849
9113,beta,inDrop4,5.708989,13.030553
9114,alpha,inDrop4,14.981902,7.0126853
9115,ductal,inDrop4,6.539563,0.8593812
9116,ductal,inDrop4,11.518049,0.24376526
9117,beta,inDrop4,5.5428824,13.445954
9118,alpha,inDrop4,16.269213,7.8136206
9119,ductal,inDrop4,11.530003,-0.3828808
9120,activated_stellate,inDrop4,-1.2118592,5.483896
9121,alpha,inDrop4,14.878809,6.25786
9122,beta,inDrop4,5.8167634,13.573024
9123,alpha,inDrop4,16.282701,7.490802
9124,ductal,inDrop4,11.926911,-0.38723555
9125,beta,inDrop4,6.2570424,13.650883
9126,beta,inDrop4,5.8278756,13.688886
9127,ductal,inDrop4,11.393443,0.0556612
9128,beta,inDrop4,5.5292597,15.233881
9129,beta,inDrop4,5.6145234,13.185274
9130,ductal,inDrop4,11.456942,-0.4757489
9131,beta,inDrop4,5.5081725,13.078344
9132,beta,inDrop4,7.213158,14.257368
9133,beta,inDrop4,6.7799225,13.931445
9134,beta,inDrop4,5.9489465,13.610208
9135,alpha,inDrop4,15.490557,6.939837
9136,delta,inDrop4,16.24497,17.398848
9137,alpha,inDrop4,15.140916,7.935757
9138,macrophage,inDrop4,8.435293,-5.8289127
9139,alpha,inDrop4,16.343058,7.6374917
9140,alpha,inDrop4,15.372696,6.522265
9141,beta,inDrop4,6.6781864,13.441125
9142,activated_stellate,inDrop4,-1.3114668,5.7943125
9143,beta,inDrop4,5.7739334,14.283553
9144,beta,inDrop4,5.1602826,13.437006
9145,ductal,inDrop4,11.543184,0.7129884
9146,ductal,inDrop4,11.965003,0.8399516
9147,gamma,inDrop4,10.767499,19.663197
9148,beta,inDrop4,5.6557865,13.209682
9149,ductal,inDrop4,11.905701,0.8409464
9150,beta,inDrop4,5.4833856,13.1881075
9151,beta,inDrop4,6.259687,13.425146
9152,beta,inDrop4,5.194721,14.846635
9153,beta,inDrop4,5.8363276,13.581371
9154,beta,inDrop4,5.5710487,13.445405
9155,alpha,inDrop4,16.033926,8.054809
9156,delta,inDrop4,16.293758,17.226807
9157,alpha,inDrop4,15.810846,6.585676
9158,ductal,inDrop4,12.013375,0.5209356
9159,ductal,inDrop4,5.495248,0.042537566
9160,beta,inDrop4,5.6925154,13.097432
9161,alpha,inDrop4,15.100124,6.409587
9162,alpha,inDrop4,16.429562,7.706981
9163,ductal,inDrop4,5.102027,0.6368178
9164,ductal,inDrop4,12.04477,-0.5517934
9165,alpha,inDrop4,15.584706,6.409497
9166,alpha,inDrop4,16.286848,6.9118686
9167,ductal,inDrop4,11.693783,0.5527115
9168,beta,inDrop4,6.5907173,13.769546
9169,beta,inDrop4,6.6666746,14.840045
9170,alpha,inDrop4,15.505523,7.23247
9171,ductal,inDrop4,5.052206,0.68203044
9172,gamma,inDrop4,10.621271,19.677244
9173,beta,inDrop4,6.7339177,14.336001
9174,delta,inDrop4,16.714083,17.091
9175,gamma,inDrop4,10.890975,19.865297
9176,beta,inDrop4,7.268775,14.422661
9177,ductal,inDrop4,11.397184,-0.3987423
9178,ductal,inDrop4,11.534376,-0.06149005
9179,beta,inDrop4,4.783176,14.176168
9180,ductal,inDrop4,11.173837,-0.028738242
9181,beta,inDrop4,5.7594714,13.0750065
9182,alpha,inDrop4,16.002949,7.9402323
9183,beta,inDrop4,5.4947925,13.586572
9184,beta,inDrop4,6.5822797,13.7608795
9185,beta,inDrop4,6.26584,13.914169
9186,alpha,inDrop4,15.65129,6.4861703
9187,beta,inDrop4,6.1076813,13.328506
9188,alpha,inDrop4,15.706127,6.5066648
9189,beta,inDrop4,6.195656,13.7830715
9190,beta,inDrop4,6.0421343,13.588476
9191,alpha,inDrop4,14.902838,7.1440673
9192,ductal,inDrop4,11.439188,0.28940964
9193,alpha,inDrop4,14.677171,6.987243
9194,ductal,inDrop4,11.81536,0.87637424
9195,beta,inDrop4,6.332943,13.49257
9196,alpha,inDrop4,16.164118,7.406048
9197,beta,inDrop4,5.82278,13.330513
9198,beta,inDrop4,6.553112,14.069335
9199,beta,inDrop4,5.7453833,13.083894
9200,beta,inDrop4,5.5477085,13.203265
9201,alpha,inDrop4,15.893774,7.5716553
9202,macrophage,inDrop4,8.435773,-5.832055
9203,alpha,inDrop4,14.370696,6.953643
9204,delta,inDrop4,16.701569,17.154963
9205,gamma,inDrop4,10.552543,19.502548
9206,beta,inDrop4,5.480206,13.256597
9207,beta,inDrop4,5.5504704,13.136814
9208,delta,inDrop4,16.500898,17.676205
9209,ductal,inDrop4,6.266871,0.91219103
9210,ductal,inDrop4,11.168837,0.05436637
9211,beta,inDrop4,5.525144,13.423956
9212,beta,inDrop4,5.682936,13.100305
9213,alpha,inDrop4,16.438341,7.539045
9214,beta,inDrop4,5.5634313,14.006142
9215,alpha,inDrop4,14.488617,7.1138535
9216,activated_stellate,inDrop4,-2.5273628,8.894512
9217,alpha,inDrop4,15.877734,6.6026716
9218,gamma,inDrop4,10.542138,19.69416
9219,delta,inDrop4,16.019173,17.674908
9220,beta,inDrop4,6.974275,13.728992
9221,alpha,inDrop4,16.207266,7.21716
9222,alpha,inDrop4,16.266811,7.6791277
9223,beta,inDrop4,5.669638,15.240397
9224,delta,inDrop4,17.023804,17.783121
9225,delta,inDrop4,9.689487,5.8834124
9226,delta,inDrop4,16.283895,17.257607
9227,alpha,inDrop4,15.882198,7.3987765
9228,beta,inDrop4,6.0923505,13.67118
9229,beta,inDrop4,5.7886214,14.594004
9230,activated_stellate,inDrop4,-1.1888969,5.799542
9231,ductal,inDrop4,10.983142,0.04891837
9232,beta,inDrop4,5.9162765,13.102947
9233,epsilon,inDrop4,15.357288,13.629425
9234,alpha,inDrop4,14.913775,6.3470683
9235,gamma,inDrop4,10.565471,19.652077
9236,gamma,inDrop4,10.81338,19.795517
9237,beta,inDrop4,6.367163,13.557083
9238,gamma,inDrop4,10.660394,19.581482
9239,alpha,inDrop4,14.164124,6.6889925
9240,alpha,inDrop4,15.015392,6.471573
9241,beta,inDrop4,5.3986177,13.613026
9242,alpha,inDrop4,16.207006,6.8622155
9243,ductal,inDrop4,11.582099,0.7774135
9244,delta,inDrop4,16.186586,17.370226
9245,alpha,inDrop4,14.541714,7.0427866
9246,beta,inDrop4,5.662549,13.292122
9247,beta,inDrop4,5.8654733,13.688729
9248,alpha,inDrop4,15.238623,6.910794
9249,beta,inDrop4,5.7579694,13.327421
9250,ductal,inDrop4,11.283343,0.92529666
9251,alpha,inDrop4,16.461117,7.562153
9252,alpha,inDrop4,15.938396,7.3458705
9253,ductal,inDrop4,11.713807,0.53397804
9254,delta,inDrop4,17.092163,17.791555
9255,beta,inDrop4,6.619817,13.657986
9256,macrophage,inDrop4,8.44603,-5.830384
9257,alpha,inDrop4,14.507213,6.7810497
9258,ductal,inDrop4,11.282605,0.5282543
9259,beta,inDrop4,6.0505877,13.562746
9260,alpha,inDrop4,16.412233,7.351754
9261,activated_stellate,inDrop4,-1.1319379,5.951996
9262,ductal,inDrop4,11.220287,-0.8043626
9263,beta,inDrop4,7.019369,14.892221
9264,alpha,inDrop4,16.15817,6.7221093
9265,beta,inDrop4,5.5649652,13.020859
9266,beta,inDrop4,6.6099973,13.725961
9267,ductal,inDrop4,12.734487,0.174646
9268,endothelial,inDrop4,-2.558303,9.2273655
9269,ductal,inDrop4,11.1456785,-0.85873014
9270,alpha,inDrop4,15.367092,6.300385
9271,ductal,inDrop4,11.477645,0.8621586
9272,gamma,inDrop4,10.69694,19.8813
9273,beta,inDrop4,6.2638617,13.502478
9274,activated_stellate,inDrop4,-1.2080462,5.7281737
9275,beta,inDrop4,6.969409,13.597014
9276,alpha,inDrop4,15.25899,6.461539
9277,alpha,inDrop4,15.427596,6.5585012
9278,activated_stellate,inDrop4,-0.92256945,6.352054
9279,ductal,inDrop4,11.73258,0.759862
9280,alpha,inDrop4,16.29761,7.0355587
9281,beta,inDrop4,5.7828383,14.300967
9282,beta,inDrop4,5.6339197,13.203606
9283,alpha,inDrop4,15.1923485,7.755245
9284,delta,inDrop4,16.247448,17.483112
9285,beta,inDrop4,6.0117903,14.940796
9286,ductal,inDrop4,11.565168,-0.30461863
9287,beta,inDrop4,5.6510158,13.1067095
9288,beta,inDrop4,5.7009726,13.265791
9289,beta,inDrop4,4.721792,14.532257
9290,beta,inDrop4,6.5045733,14.787817
9291,alpha,inDrop4,14.325367,7.533625
9292,beta,inDrop4,6.612141,13.784005
9293,alpha,inDrop4,15.202353,6.3221316
9294,delta,inDrop4,16.190277,17.505144
9295,gamma,inDrop4,10.731053,19.5397
9296,beta,inDrop4,6.727452,13.556773
9297,beta,inDrop4,5.788914,14.381565
9298,alpha,inDrop4,15.58966,6.375192
9299,alpha,inDrop4,15.945581,7.5249085
9300,delta,inDrop4,16.6725,17.023012
9301,alpha,inDrop4,15.415532,6.319026
9302,gamma,inDrop4,10.751333,19.8873
9303,beta,inDrop4,6.4106517,13.729217
9304,beta,inDrop4,6.342976,13.956379
9305,beta,inDrop4,6.7398467,14.072351
9306,ductal,inDrop4,11.518773,0.018646311
9307,activated_stellate,inDrop4,-1.279495,5.5849323
9308,beta,inDrop4,5.498072,13.595569
9309,ductal,inDrop4,6.5413823,0.5392144
9310,beta,inDrop4,6.39723,13.494896
9311,beta,inDrop4,5.64187,13.365235
9312,beta,inDrop4,6.71557,13.621165
9313,delta,inDrop4,16.63697,18.01955
9314,beta,inDrop4,6.2892003,14.0957
9315,alpha,inDrop4,16.30539,7.3061867
9316,beta,inDrop4,7.0638824,13.953238
9317,beta,inDrop4,5.6569204,13.386573
9318,beta,inDrop4,4.968369,13.781219
9319,beta,inDrop4,5.6167245,13.611356
9320,ductal,inDrop4,11.490306,0.629507
9321,beta,inDrop4,6.7530117,15.375425
9322,beta,inDrop4,5.530494,13.927001
9323,alpha,inDrop4,14.8380575,6.78462
9324,beta,inDrop4,6.9805293,14.588394
9325,beta,inDrop4,5.946193,14.4111
9326,delta,inDrop4,16.142618,17.767572
9327,ductal,inDrop4,11.882125,0.9563444
9328,alpha,inDrop4,14.861104,7.581508
9329,ductal,inDrop4,11.750525,0.18828127
9330,beta,inDrop4,5.740487,13.506873
9331,alpha,inDrop4,15.226062,6.449513
9332,endothelial,inDrop4,-2.8671472,9.741218
9333,beta,inDrop4,5.577522,13.192209
9334,beta,inDrop4,6.8900466,14.805325
9335,alpha,inDrop4,15.707531,7.1352515
9336,beta,inDrop4,5.8048306,13.196038
9337,beta,inDrop4,5.6456013,14.871984
9338,beta,inDrop4,6.6625423,13.6395855
9339,beta,inDrop4,5.678419,12.953856
9340,beta,inDrop4,7.1030064,13.6279745
9341,beta,inDrop4,5.483817,13.42693
9342,alpha,inDrop4,14.950201,8.498212
9343,beta,inDrop4,5.7694387,14.393016
9344,beta,inDrop4,10.485894,19.430443
9345,ductal,inDrop4,11.70205,0.12955181
9346,ductal,inDrop4,11.6986885,0.67160034
9347,activated_stellate,inDrop4,-1.3885664,5.550847
9348,alpha,inDrop4,15.787815,7.6996346
9349,alpha,inDrop4,16.017845,7.7511005
9350,alpha,inDrop4,14.773735,7.545498
9351,beta,inDrop4,5.3549814,13.56212
9352,beta,inDrop4,4.073537,15.803491
9353,ductal,inDrop4,11.937147,-0.46136308
9354,activated_stellate,inDrop4,-0.90706366,6.355914
9355,alpha,inDrop4,15.915445,7.717097
9356,gamma,inDrop4,10.510542,19.48478
9357,quiescent_stellate,inDrop4,0.057198822,5.3023434
9358,beta,inDrop4,6.3439007,13.489723
9359,ductal,inDrop4,12.857511,-0.066300415
9360,delta,inDrop4,16.262856,17.029999
9361,beta,inDrop4,5.614778,13.435537
9362,ductal,inDrop4,6.9163656,0.5204604
9363,beta,inDrop4,6.194865,14.49798
9364,alpha,inDrop4,16.276516,6.9045196
9365,gamma,inDrop4,10.492783,19.84881
9366,beta,inDrop4,5.997226,14.0201025
9367,alpha,inDrop4,14.255681,6.88985
9368,beta,inDrop4,5.53357,13.0692425
9369,ductal,inDrop4,11.275139,0.88005346
9370,beta,inDrop4,7.0647435,14.630629
9371,gamma,inDrop4,10.78195,19.550207
9372,beta,inDrop4,6.3804283,13.604752
9373,ductal,inDrop4,12.9218235,-0.12424567
9374,beta,inDrop4,5.5532866,13.63581
9375,ductal,inDrop4,11.2665205,-0.52746415
9376,ductal,inDrop4,5.641441,-0.0030608706
9377,gamma,inDrop4,10.558127,19.517
9378,activated_stellate,inDrop4,-1.2030653,5.8963413
9379,alpha,inDrop4,15.381451,7.2347093
9380,alpha,inDrop4,15.861222,8.040395
9381,beta,inDrop4,5.9170165,14.1330185
9382,beta,inDrop4,5.665009,13.010555
9383,beta,inDrop4,5.5658665,13.179333
9384,alpha,inDrop4,15.015753,7.72268
9385,beta,inDrop4,5.649568,13.487843
9386,alpha,inDrop4,15.83469,7.6086707
9387,alpha,inDrop4,14.616593,8.653579
9388,alpha,inDrop4,16.227297,7.6599593
9389,beta,inDrop4,5.700647,13.061062
9390,alpha,inDrop4,14.36375,6.4254785
9391,gamma,inDrop4,10.890778,19.893877
9392,endothelial,inDrop4,-2.876709,9.645466
9393,beta,inDrop4,4.301162,14.325702
9394,alpha,inDrop4,14.866947,8.28535
9395,gamma,inDrop4,10.746798,19.736849
9396,beta,inDrop4,5.35349,13.447257
9397,beta,inDrop4,5.8596897,13.640389
9398,beta,inDrop4,5.260496,13.760396
9399,ductal,inDrop4,11.904453,0.5739406
9400,activated_stellate,inDrop4,-0.9596902,6.023082
9401,delta,inDrop4,16.033947,17.642754
9402,activated_stellate,inDrop4,-1.216675,5.4496546
9403,ductal,inDrop4,11.157393,0.2964113
9404,beta,inDrop4,5.925594,14.438643
9405,alpha,inDrop4,15.146964,6.4371476
9406,beta,inDrop4,6.5296116,15.430351
9407,beta,inDrop4,5.575099,13.512456
9408,beta,inDrop4,5.6091304,13.831874
9409,beta,inDrop4,10.56456,19.520803
9410,beta,inDrop4,5.730715,14.270918
9411,beta,inDrop4,6.5044465,14.90776
9412,gamma,inDrop4,10.551092,19.65282
9413,activated_stellate,inDrop4,0.2195539,5.375465
9414,ductal,inDrop4,11.328687,-0.56731135
9415,alpha,inDrop4,14.502233,7.196685
9416,beta,inDrop4,5.5283213,13.646405
9417,beta,inDrop4,5.596983,12.998689
9418,alpha,inDrop4,15.212355,6.3682227
9419,beta,inDrop4,6.632535,13.995683
9420,beta,inDrop4,10.852787,19.721743
9421,beta,inDrop4,5.6011214,12.992582
9422,beta,inDrop4,5.869184,13.280873
9423,beta,inDrop4,6.468572,14.179359
9424,gamma,inDrop4,10.851642,19.773897
9425,alpha,inDrop4,15.645543,7.000293
9426,alpha,inDrop4,15.174575,7.0289154
9427,ductal,inDrop4,11.366455,0.9290614
9428,beta,inDrop4,5.660042,13.913673
9429,beta,inDrop4,5.52445,13.70208
9430,beta,inDrop4,5.6032705,14.44103
9431,beta,inDrop4,6.807264,14.362382
9432,beta,inDrop4,6.6840825,14.307849
9433,ductal,inDrop4,11.550229,0.9692298
9434,beta,inDrop4,6.283624,13.555976
9435,ductal,inDrop4,11.93182,0.9003383
9436,beta,inDrop4,5.657273,13.427284
9437,delta,inDrop4,16.640896,17.65442
9438,beta,inDrop4,5.3854623,13.585102
9439,beta,inDrop4,5.996458,15.92676
9440,delta,inDrop4,16.555058,17.9883
9441,ductal,inDrop4,11.2951565,0.8276786
9442,beta,inDrop4,5.630119,13.775539
9443,alpha,inDrop4,14.747395,7.7999125
9444,beta,inDrop4,5.5946503,14.572441
9445,beta,inDrop4,6.084769,13.576807
9446,beta,inDrop4,5.7911725,14.442399
9447,ductal,inDrop4,11.682308,0.45205027
9448,alpha,inDrop4,14.814205,7.6767025
9449,beta,inDrop4,5.7838635,14.307516
9450,beta,inDrop4,5.4796352,13.238826
9451,ductal,inDrop4,12.754923,0.20149773
9452,alpha,inDrop4,16.187752,6.9977045
9453,beta,inDrop4,5.1445756,13.495779
9454,alpha,inDrop4,14.526814,6.333059
9455,activated_stellate,inDrop4,-1.0164735,6.156077
9456,activated_stellate,inDrop4,-1.1322172,5.53624
9457,delta,inDrop4,16.761662,17.445019
9458,beta,inDrop4,5.993123,15.354971
9459,beta,inDrop4,6.007757,14.957326
9460,beta,inDrop4,6.5668464,13.817406
9461,ductal,inDrop4,11.645095,-0.8707867
9462,beta,inDrop4,5.3595643,13.985598
9463,ductal,inDrop4,11.269377,0.2857751
9464,beta,inDrop4,6.7196217,14.028027
9465,alpha,inDrop4,15.280023,9.433336
9466,ductal,inDrop4,11.223295,0.19486746
9467,alpha,inDrop4,15.838029,7.288887
9468,gamma,inDrop4,10.6140585,19.692286
9469,alpha,inDrop4,15.456278,6.2627497
9470,beta,inDrop4,7.0490003,15.448233
9471,ductal,inDrop4,12.57426,1.171811
9472,beta,inDrop4,5.126755,13.469834
9473,ductal,inDrop4,11.725483,0.95759946
9474,beta,inDrop4,5.3889756,13.601891
9475,t_cell,inDrop4,12.3113985,7.048192
9476,alpha,inDrop4,16.09697,6.6195
9477,gamma,inDrop4,10.519495,19.533304
9478,delta,inDrop4,16.498415,17.857357
9479,endothelial,inDrop4,-2.800945,9.54574
9480,alpha,inDrop4,14.809179,7.7223024
9481,alpha,inDrop4,15.422895,9.446488
9482,gamma,inDrop4,10.5761795,19.67124
9483,beta,inDrop4,6.411516,13.3344555
9484,beta,inDrop4,5.39241,13.542615
9485,quiescent_stellate,inDrop4,0.21736412,5.297592
9486,macrophage,inDrop4,8.4367895,-5.833617
9487,gamma,inDrop4,10.8252,19.62193
9488,alpha,inDrop4,14.923778,6.972383
9489,beta,inDrop4,5.4473176,13.889919
9490,beta,inDrop4,5.6792555,16.157112
9491,ductal,inDrop4,6.4958763,0.8289688
9492,ductal,inDrop4,11.330427,-0.6395448
9493,beta,inDrop4,5.720873,13.034217
9494,beta,inDrop4,5.8964047,13.674867
9495,alpha,inDrop4,16.067032,7.8877625
9496,beta,inDrop4,6.443246,13.61557
9497,ductal,inDrop4,11.513653,0.9969799
9498,alpha,inDrop4,15.276786,6.487842
9499,ductal,inDrop4,11.28672,-0.6683176
9500,alpha,inDrop4,16.27305,6.9868407
9501,activated_stellate,inDrop4,-1.2989634,5.7814493
9502,ductal,inDrop4,11.287404,-0.6268672
9503,ductal,inDrop4,11.555787,0.791075
9504,beta,inDrop4,5.6503153,13.043834
9505,beta,inDrop4,5.788829,14.207604
9506,ductal,inDrop4,11.278732,-0.65426326
9507,ductal,inDrop4,12.72598,0.24092619
9508,ductal,inDrop4,11.597913,0.9047526
9509,ductal,inDrop4,11.614522,0.7683023
9510,beta,inDrop4,5.987169,13.95037
9511,delta,inDrop4,16.896687,17.316835
9512,delta,inDrop4,16.55913,17.17327
9513,beta,inDrop4,5.786378,13.135378
9514,ductal,inDrop4,6.8972015,0.5784802
9515,ductal,inDrop4,6.6116004,0.8605626
9516,beta,inDrop4,5.1031737,13.666439
9517,ductal,inDrop4,6.7391477,0.4099442
9518,ductal,inDrop4,16.347733,17.077173
9519,beta,inDrop4,6.5304074,14.79054
9520,ductal,inDrop4,11.696657,0.95264256
9521,beta,inDrop4,6.02065,13.525216
9522,ductal,inDrop4,5.5930066,-0.27904823
9523,ductal,inDrop4,5.3768115,0.14861743
9524,ductal,inDrop4,6.499813,0.4188137
9525,beta,inDrop4,6.136085,13.843781
9526,ductal,inDrop4,11.106616,0.96642816
9527,delta,inDrop4,16.319195,17.46254
9528,alpha,inDrop4,15.861011,7.091795
9529,ductal,inDrop4,6.238761,0.13525094
9530,ductal,inDrop4,6.484025,0.3748603
9531,ductal,inDrop4,11.711656,0.90537345
9532,activated_stellate,inDrop4,-1.2906579,5.798023
9533,beta,inDrop4,5.787439,13.351988
9534,beta,inDrop4,6.0742702,13.444316
9535,delta,inDrop4,16.32546,17.304007
9536,beta,inDrop4,5.56893,14.535502
9537,ductal,inDrop4,6.8387423,0.91776735
9538,beta,inDrop4,5.3709035,13.414734
9539,delta,inDrop4,15.956112,17.539934
9540,ductal,inDrop4,6.6751437,0.6899723
9541,alpha,inDrop4,16.321407,7.3682323
9542,delta,inDrop4,16.736525,17.01842
9543,beta,inDrop4,6.179956,13.837751
9544,ductal,inDrop4,6.908594,0.496635
9545,delta,inDrop4,16.30208,17.15362
9546,beta,inDrop4,6.128759,13.567669
9547,ductal,inDrop4,7.097141,0.18480851
9548,delta,inDrop4,16.379566,17.511618
9549,beta,inDrop4,6.2955227,13.502839
9550,beta,inDrop4,6.3910894,14.106215
9551,beta,inDrop4,5.2856965,13.678425
9552,ductal,inDrop4,11.492356,-0.79802793
9553,ductal,inDrop4,6.407011,1.2942924
9554,ductal,inDrop4,11.509705,0.1554049
9555,ductal,inDrop4,11.557421,-0.21151687
9556,delta,inDrop4,16.569403,17.849752
9557,alpha,inDrop4,15.752679,6.5472403
9558,ductal,inDrop4,6.8790355,0.3396431
9559,delta,inDrop4,16.21221,17.390873
9560,beta,inDrop4,6.257073,14.871655
9561,beta,inDrop4,5.7956376,13.427262
9562,delta,inDrop4,16.809752,17.360863
9563,ductal,inDrop4,11.415465,-0.4166503
9564,ductal,inDrop4,11.158249,-0.28350693
9565,delta,inDrop4,15.943294,17.610226
9566,ductal,inDrop4,7.0581636,0.32002646
9567,delta,inDrop4,16.381855,17.357529
9568,activated_stellate,inDrop4,-1.2804936,5.745988
9569,alpha,inDrop4,15.72039,7.797634
9570,beta,inDrop4,6.065602,13.580634
9571,ductal,inDrop4,11.736285,1.0384219
9572,ductal,inDrop4,6.579444,0.35861072
9573,macrophage,inDrop4,8.434466,-5.828718
9574,beta,inDrop4,6.370569,13.51314
9575,beta,inDrop4,5.5976005,13.10459
9576,beta,inDrop4,6.014961,13.60257
9577,beta,inDrop4,6.094109,13.682602
9578,ductal,inDrop4,11.843435,-0.33569345
9579,delta,inDrop4,16.39393,17.415058
9580,ductal,inDrop4,7.0049796,0.2750858
9581,activated_stellate,inDrop4,-1.1287552,5.8401318
9582,alpha,inDrop4,15.481006,7.079312
9583,delta,inDrop4,16.265932,17.361958
9584,ductal,inDrop4,6.475967,0.3524026
9585,ductal,inDrop4,6.8911724,-0.27049434
9586,beta,inDrop4,7.060708,13.641753
9587,beta,inDrop4,5.7227693,14.659915
9588,ductal,inDrop4,6.645195,0.647754
9589,delta,inDrop4,16.354706,17.247618
9590,beta,inDrop4,6.2917657,15.707781
9591,alpha,inDrop4,16.123938,7.313468
9592,delta,inDrop4,16.278223,17.245682
9593,gamma,inDrop4,10.506931,19.500774
9594,beta,inDrop4,6.2938538,14.465793
9595,ductal,inDrop4,12.00285,-0.46599418
9596,alpha,inDrop4,16.165768,7.130135
9597,alpha,inDrop4,15.400587,7.4450784
9598,beta,inDrop4,5.420201,13.689399
9599,activated_stellate,inDrop4,-1.2714667,5.8055053
9600,beta,inDrop4,6.1037436,14.395272
9601,beta,inDrop4,6.07319,14.609426
9602,delta,inDrop4,16.632572,17.368048
9603,beta,inDrop4,5.7396173,13.212286
9604,alpha,inDrop4,16.19654,7.5932426
9605,ductal,inDrop4,11.572334,1.0337496
9606,beta,inDrop4,6.213152,14.88033
9607,alpha,inDrop4,15.911609,7.514682
9608,beta,inDrop4,6.413897,13.632341
9609,ductal,inDrop4,11.312347,0.273041
9610,beta,inDrop4,6.146031,16.08052
9611,alpha,inDrop4,16.060102,7.3195195
9612,beta,inDrop4,6.5204005,13.80994
9613,ductal,inDrop4,6.704822,0.74735284
9614,beta,inDrop4,5.792567,13.791069
9615,ductal,inDrop4,11.626001,0.8140149
9616,delta,inDrop4,16.833767,17.132565
9617,beta,inDrop4,5.902007,13.202747
9618,alpha,inDrop4,15.186529,7.397643
9619,delta,inDrop4,16.175957,17.12429
9620,delta,inDrop4,16.217955,17.350098
9621,beta,inDrop4,5.8151464,13.566985
9622,ductal,inDrop4,11.564379,0.011195348
9623,alpha,inDrop4,15.332717,7.2763033
9624,delta,inDrop4,16.784674,17.086317
9625,beta,inDrop4,7.1241503,14.144865
9626,beta,inDrop4,5.116737,13.456025
9627,alpha,inDrop4,14.627163,7.3965793
9628,quiescent_stellate,inDrop4,0.19743334,5.296558
9629,alpha,inDrop4,16.354385,7.0920353
9630,beta,inDrop4,6.8230815,15.24242
9631,activated_stellate,inDrop4,-1.3560429,5.831056
9632,ductal,inDrop4,11.3956785,0.7885296
9633,alpha,inDrop4,15.346669,6.4385743
9634,ductal,inDrop4,6.616382,0.43113858
9635,beta,inDrop4,5.1706963,13.471817
9636,alpha,inDrop4,14.970475,7.7207165
9637,alpha,inDrop4,15.101225,6.5594926
9638,ductal,inDrop4,11.84591,-0.505911
9639,ductal,inDrop4,11.699023,0.034852277
9640,ductal,inDrop4,6.711722,0.47807944
9641,alpha,inDrop4,15.530566,6.941492
9642,alpha,inDrop4,15.314797,6.5197535
9643,alpha,inDrop4,15.046408,7.0460243
9644,beta,inDrop4,6.2110896,13.669067
9645,beta,inDrop4,6.357374,1.2181125
9646,delta,inDrop4,16.007666,17.581831
9647,ductal,inDrop4,10.920212,0.08834478
9648,beta,inDrop4,5.8224974,13.116008
9649,beta,inDrop4,6.722795,13.827203
9650,ductal,inDrop4,11.6099615,0.7698681
9651,beta,inDrop4,6.184022,13.401869
9652,beta,inDrop4,5.831597,13.446702
9653,ductal,inDrop4,11.2258835,-0.58282
9654,gamma,inDrop4,10.543931,19.839113
9655,ductal,inDrop4,11.49304,0.8041076
9656,alpha,inDrop4,14.9810295,7.922734
9657,delta,inDrop4,16.716793,17.032074
9658,beta,inDrop4,6.3298626,13.48906
9659,beta,inDrop4,6.2927566,14.500277
9660,beta,inDrop4,7.1354766,13.718516
9661,beta,inDrop4,5.378849,13.662032
9662,alpha,inDrop4,14.455907,6.824382
9663,delta,inDrop4,16.214178,17.698366
9664,beta,inDrop4,5.787594,13.352691
9665,beta,inDrop4,6.6932554,14.166961
9666,beta,inDrop4,5.6031756,13.695939
9667,ductal,inDrop4,6.676715,0.4916109
9668,ductal,inDrop4,11.738465,1.0035559
9669,ductal,inDrop4,6.1188865,0.31533653
9670,delta,inDrop4,16.566355,17.60298
9671,beta,inDrop4,14.484167,6.8346677
9672,alpha,inDrop4,15.864125,7.9669747
9673,alpha,inDrop4,16.02293,8.08951
9674,delta,inDrop4,16.328503,17.381933
9675,ductal,inDrop4,11.638273,-0.10213472
9676,ductal,inDrop4,11.852193,0.6855824
9677,beta,inDrop4,5.5513015,12.973159
9678,beta,inDrop4,6.414166,13.917508
9679,alpha,inDrop4,14.808343,7.5783715
9680,gamma,inDrop4,10.806897,19.740458
9681,beta,inDrop4,5.391505,13.2764435
9682,alpha,inDrop4,15.633059,6.650556
9683,delta,inDrop4,16.827316,17.145105
9684,alpha,inDrop4,16.073977,7.444594
9685,beta,inDrop4,6.3584194,13.807873
9686,delta,inDrop4,16.00658,17.658773
9687,ductal,inDrop4,5.442187,-0.2931371
9688,ductal,inDrop4,11.496706,-0.5927737
9689,beta,inDrop4,5.9752707,14.766282
9690,ductal,inDrop4,11.262532,-0.7265493
9691,beta,inDrop4,5.875879,13.532571
9692,alpha,inDrop4,16.155396,7.5833535
9693,alpha,inDrop4,15.529172,6.688962
9694,ductal,inDrop4,11.552229,0.87795997
9695,beta,inDrop4,5.509866,13.345905
9696,gamma,inDrop4,10.482956,19.528751
9697,alpha,inDrop4,14.846121,7.794173
9698,beta,inDrop4,5.668713,14.68677
9699,delta,inDrop4,16.814888,17.695744
9700,ductal,inDrop4,12.054395,-0.74497676
9701,beta,inDrop4,6.126086,13.330656
9702,alpha,inDrop4,15.1202345,6.2725167
9703,ductal,inDrop4,11.94783,0.8590799
9704,alpha,inDrop4,15.249876,6.43404
9705,gamma,inDrop4,10.9499035,19.946396
9706,beta,inDrop4,6.654948,15.509646
9707,beta,inDrop4,5.6145973,13.10395
9708,beta,inDrop4,6.083422,14.391899
9709,ductal,inDrop4,11.301812,0.6467034
9710,ductal,inDrop4,11.441841,0.9568438
9711,beta,inDrop4,5.884831,14.344788
9712,gamma,inDrop4,10.547954,19.554348
9713,ductal,inDrop4,11.609771,-0.6415452
9714,alpha,inDrop4,14.351711,7.761861
9715,activated_stellate,inDrop4,-1.293788,5.722871
9716,ductal,inDrop4,11.8466215,0.4868522
9717,gamma,inDrop4,10.513686,19.836058
9718,ductal,inDrop4,6.5762334,0.8547607
9719,alpha,inDrop4,14.364508,6.843069
9720,activated_stellate,inDrop4,-1.2589941,5.598659
9721,alpha,inDrop4,14.546298,8.712908
9722,beta,inDrop4,6.032217,13.353655
9723,beta,inDrop4,6.078543,15.356697
9724,macrophage,inDrop4,8.443132,-5.830801
9725,ductal,inDrop4,5.6980934,0.5194476
9726,alpha,inDrop4,14.847691,7.3899236
9727,delta,inDrop4,16.880932,17.673498
9728,beta,inDrop4,16.260868,17.283474
9729,ductal,inDrop4,11.757512,0.79169935
9730,ductal,inDrop4,6.814153,0.42143637
9731,ductal,inDrop4,11.475856,0.9483536
9732,beta,inDrop4,6.5614038,13.564967
9733,delta,inDrop4,16.984026,17.345362
9734,beta,inDrop4,5.6684895,14.387279
9735,alpha,inDrop4,16.029333,7.2344236
9736,ductal,inDrop4,11.636072,1.0002499
9737,beta,inDrop4,5.5968113,12.925668
9738,ductal,inDrop4,12.248678,-0.8214928
9739,activated_stellate,inDrop4,-1.2268045,5.979274
9740,alpha,inDrop4,15.843207,6.793636
9741,beta,inDrop4,5.8565593,13.297001
9742,delta,inDrop4,16.687824,17.044024
9743,beta,inDrop4,7.1843157,14.335278
9744,beta,inDrop4,5.482563,15.286431
9745,delta,inDrop4,16.676085,17.559427
9746,beta,inDrop4,6.909312,13.47432
9747,alpha,inDrop4,14.134832,6.9083414
9748,alpha,inDrop4,14.690053,7.7546763
9749,alpha,inDrop4,16.305351,7.735704
9750,ductal,inDrop4,11.844847,-0.0069477437
9751,alpha,inDrop4,15.683257,6.9098067
9752,alpha,inDrop4,15.91745,7.7570596
9753,beta,inDrop4,5.468717,13.650796
9754,ductal,inDrop4,5.397251,-0.2541816
9755,ductal,inDrop4,11.948261,0.8469947
9756,ductal,inDrop4,6.86341,-0.31536025
9757,alpha,inDrop4,14.507256,6.6858225
9758,beta,inDrop4,14.138592,7.7184052
9759,delta,inDrop4,16.80259,17.283016
9760,beta,inDrop4,5.5162573,13.295726
9761,ductal,inDrop4,11.40175,-0.34930566
9762,beta,inDrop4,6.898663,15.523111
9763,ductal,inDrop4,11.484688,0.23100728
9764,beta,inDrop4,5.7581973,13.213119
9765,alpha,inDrop4,15.96707,7.0652966
9766,beta,inDrop4,6.9901752,14.490206
9767,beta,inDrop4,5.9662037,14.410299
9768,ductal,inDrop4,11.908405,0.81328684
9769,activated_stellate,inDrop4,-1.2946043,5.8254504
9770,ductal,inDrop4,11.91261,0.8970592
9771,beta,inDrop4,6.911914,13.592205
9772,ductal,inDrop4,11.168372,-0.73819023
9773,activated_stellate,inDrop4,-0.82138324,6.4720645
9774,ductal,inDrop4,11.86509,-0.46067837
9775,beta,inDrop4,6.4476957,15.514574
9776,beta,inDrop4,6.105843,13.535873
9777,beta,inDrop4,5.5506444,13.058724
9778,delta,inDrop4,16.295774,16.998205
9779,alpha,inDrop4,14.316794,6.949177
9780,delta,inDrop4,16.88497,17.863571
9781,alpha,inDrop4,16.092123,6.5780272
9782,ductal,inDrop4,11.66828,0.86642194
9783,gamma,inDrop4,10.454577,19.820549
9784,gamma,inDrop4,10.405526,19.656725
9785,alpha,inDrop4,16.237751,7.0552506
9786,ductal,inDrop4,6.707788,-0.26265877
9787,beta,inDrop4,5.083614,13.61576
9788,alpha,inDrop4,15.8785305,7.6729484
9789,alpha,inDrop4,15.512589,6.892713
9790,alpha,inDrop4,15.913858,7.067585
9791,ductal,inDrop4,12.523063,-0.25133505
9792,ductal,inDrop4,11.157145,0.3518097
9793,beta,inDrop4,5.939939,13.604649
9794,beta,inDrop4,6.0431514,13.350847
9795,ductal,inDrop4,11.126625,-0.846185
9796,activated_stellate,inDrop4,-1.2941711,5.769391
9797,beta,inDrop4,5.587073,13.016618
9798,ductal,inDrop4,11.612967,0.97474694
9799,ductal,inDrop4,11.836491,0.44852117
9800,ductal,inDrop4,11.962603,0.82673246
9801,acinar,inDrop4,6.4485927,0.36934638
9802,ductal,inDrop4,11.642595,1.0334834
9803,gamma,inDrop4,10.582818,19.650637
9804,alpha,inDrop4,14.948024,6.199042
9805,ductal,inDrop4,11.26656,0.5006697
9806,beta,inDrop4,5.494296,13.072317
9807,ductal,inDrop4,11.510816,0.4495948
9808,gamma,inDrop4,10.51821,19.798815
9809,beta,inDrop4,5.5376987,14.581693
9810,beta,inDrop4,7.02947,15.438946
9811,beta,inDrop4,6.3219914,13.684577
9812,delta,inDrop4,16.800196,17.491096
9813,alpha,inDrop4,14.998172,7.764437
9814,beta,inDrop4,6.5415964,13.648558
9815,beta,inDrop4,6.382095,13.532116
9816,beta,inDrop4,5.752989,14.376728
9817,activated_stellate,inDrop4,-1.1518196,5.9210453
9818,ductal,inDrop4,11.280731,0.29261017
9819,beta,inDrop4,6.3459554,13.5091915
9820,ductal,inDrop4,11.519003,0.9499998
9821,beta,inDrop4,6.954297,13.795705
9822,beta,inDrop4,6.314942,14.177555
9823,gamma,inDrop4,10.509886,19.903631
9824,beta,inDrop4,7.0650268,14.601459
9825,gamma,inDrop4,10.908535,19.851166
9826,ductal,inDrop4,11.617592,-0.42397657
9827,ductal,inDrop4,11.935205,0.87476283
9828,beta,inDrop4,5.635846,12.896143
9829,beta,inDrop4,5.8323054,13.392749
9830,alpha,inDrop4,16.391422,7.704258
9831,delta,inDrop4,15.99029,17.642326
9832,beta,inDrop4,6.5553145,13.674344
9833,alpha,inDrop4,16.16231,7.127206
9834,ductal,inDrop4,11.367293,-0.30684435
9835,delta,inDrop4,16.998568,17.189655
9836,alpha,inDrop4,15.904379,6.6571546
9837,ductal,inDrop4,11.792774,-0.67670584
9838,alpha,inDrop4,15.571539,7.7029696
9839,ductal,inDrop4,11.529332,0.7224552
9840,delta,inDrop4,16.200647,17.283653
9841,alpha,inDrop4,15.863397,8.155755
9842,alpha,inDrop4,15.882097,6.7083435
9843,beta,inDrop4,5.355647,13.214237
9844,ductal,inDrop4,5.3400564,-0.3745256
9845,ductal,inDrop4,5.557523,-0.075741924
9846,ductal,inDrop4,12.632646,-0.1244388
9847,beta,inDrop4,5.5820875,13.712451
9848,ductal,inDrop4,11.070499,-0.66827303
9849,alpha,inDrop4,13.776005,7.287871
9850,beta,inDrop4,6.5352206,13.505524
9851,ductal,inDrop4,11.386086,0.32094344
9852,alpha,inDrop4,15.162932,6.486611
9853,beta,inDrop4,3.998647,15.782393
9854,gamma,inDrop4,10.538878,19.530188
9855,delta,inDrop4,16.538887,17.5496
9856,alpha,inDrop4,14.9042425,7.9196076
9857,ductal,inDrop4,11.593353,-0.8329024
9858,gamma,inDrop4,10.460375,19.552002
9859,ductal,inDrop4,11.197074,0.12600204
9860,beta,inDrop4,6.3608203,13.60654
9861,beta,inDrop4,5.23724,14.118457
9862,beta,inDrop4,5.801035,14.281247
9863,ductal,inDrop4,6.032322,0.3122748
9864,alpha,inDrop4,14.593364,7.7083135
9865,beta,inDrop4,6.909007,13.465847
9866,beta,inDrop4,6.24589,13.7937565
9867,beta,inDrop4,5.554393,14.375151
9868,alpha,inDrop4,14.827836,7.562397
9869,alpha,inDrop4,14.893996,7.7633834
9870,beta,inDrop4,5.770613,13.760268
9871,alpha,inDrop4,15.571911,7.5635924
9872,alpha,inDrop4,15.786985,6.6463337
9873,beta,inDrop4,7.0218678,14.566672
9874,beta,inDrop4,15.8433075,6.8565025
9875,alpha,inDrop4,15.107978,6.789474
9876,beta,inDrop4,5.2233725,13.496248
9877,beta,inDrop4,5.5871086,13.015309
9878,alpha,inDrop4,14.652904,7.4007697
9879,beta,inDrop4,6.456256,13.654244
9880,alpha,inDrop4,14.922322,6.839654
9881,delta,inDrop4,16.38234,17.697308
9882,beta,inDrop4,7.133521,14.396605
9883,beta,inDrop4,5.8143635,13.45485
9884,alpha,inDrop4,15.875257,7.3411875
9885,activated_stellate,inDrop4,-1.1809492,5.3779874
9886,beta,inDrop4,6.222308,13.535421
9887,gamma,inDrop4,10.399407,19.723743
9888,alpha,inDrop4,16.12028,7.4065304
9889,beta,inDrop4,6.3096027,14.156637
9890,beta,inDrop4,5.6207385,14.491482
9891,alpha,inDrop4,15.363415,7.3351464
9892,alpha,inDrop4,15.130567,7.7778044
9893,activated_stellate,inDrop4,-0.99569774,6.1940885
9894,activated_stellate,inDrop4,-1.2029283,5.8867807
9895,alpha,inDrop4,16.299746,7.402348
9896,beta,inDrop4,6.2949195,13.513109
9897,alpha,inDrop4,16.051245,7.9457793
9898,ductal,inDrop4,11.029532,0.19641802
9899,ductal,inDrop4,12.023801,0.18857312
9900,beta,inDrop4,6.3565893,14.004193
9901,beta,inDrop4,6.6505246,13.59678
9902,gamma,inDrop4,10.572807,19.766495
9903,gamma,inDrop4,10.630757,19.626741
9904,beta,inDrop4,5.7748446,13.625973
9905,activated_stellate,inDrop4,-1.1510423,5.5936017
9906,ductal,inDrop4,11.266626,0.006677875
9907,beta,inDrop4,6.5034623,13.597933
9908,alpha,inDrop4,16.0228,6.6900573
9909,ductal,inDrop4,11.55422,0.1464985
9910,alpha,inDrop4,15.475518,7.8255115
9911,beta,inDrop4,5.7696996,13.605455
9912,beta,inDrop4,5.473582,13.096228
9913,alpha,inDrop4,14.727135,7.4516563
9914,ductal,inDrop4,5.365097,-0.2608933
9915,beta,inDrop4,5.154111,13.46724
9916,alpha,inDrop4,16.311552,6.983062
9917,alpha,inDrop4,15.471683,8.67708
9918,gamma,inDrop4,10.570102,19.524351
9919,delta,inDrop4,15.928509,17.542547
9920,alpha,inDrop4,16.401339,7.342321
9921,beta,inDrop4,6.4334893,13.427179
9922,ductal,inDrop4,11.429753,-0.42671952
9923,beta,inDrop4,15.649407,7.91225
9924,beta,inDrop4,5.710286,13.187925
9925,ductal,inDrop4,11.738189,-0.760437
9926,beta,inDrop4,6.036421,13.376141
9927,ductal,inDrop4,11.751701,0.36656702
9928,beta,inDrop4,5.619592,13.209726
9929,beta,inDrop4,5.8421073,13.072475
9930,ductal,inDrop4,11.810985,0.28185347
9931,alpha,inDrop4,15.155881,6.331827
9932,ductal,inDrop4,11.991211,0.8241768
9933,ductal,inDrop4,5.39652,0.6647656
9934,gamma,inDrop4,10.814984,20.027454
9935,alpha,inDrop4,15.204685,6.521147
9936,endothelial,inDrop4,-2.5713203,9.523233
9937,ductal,inDrop4,11.930839,0.794286
9938,beta,inDrop4,5.5600104,13.606981
9939,gamma,inDrop4,10.502939,19.487106
9940,beta,inDrop4,5.439063,13.849028
9941,ductal,inDrop4,11.677542,0.81971973
9942,alpha,inDrop4,15.132223,7.7365513
9943,ductal,inDrop4,5.896666,1.0021601
9944,activated_stellate,inDrop4,-1.2437042,5.5265117
9945,gamma,inDrop4,10.673177,19.797588
9946,beta,inDrop4,5.6807127,14.442557
9947,alpha,inDrop4,15.002861,6.957191
9948,ductal,inDrop4,11.571044,0.96480757
9949,beta,inDrop4,5.706697,13.100517
9950,ductal,inDrop4,11.469049,0.9832394
9951,activated_stellate,inDrop4,-1.0698389,5.797638
9952,gamma,inDrop4,10.512363,19.46272
9953,ductal,inDrop4,6.6415405,0.74899536
9954,alpha,inDrop4,15.278489,6.811346
9955,beta,inDrop4,6.2244234,13.989439
9956,beta,inDrop4,6.939479,14.382591
9957,ductal,inDrop4,6.511155,0.8576229
9958,beta,inDrop4,5.864737,14.78254
9959,beta,inDrop4,5.122958,13.625574
9960,delta,inDrop4,16.761623,17.433935
9961,gamma,inDrop4,10.606421,19.582245
9962,ductal,inDrop4,11.939361,0.42830065
9963,beta,inDrop4,4.705221,14.608228
9964,beta,inDrop4,7.2203803,13.8429165
9965,beta,inDrop4,6.093499,13.834073
9966,beta,inDrop4,6.5851045,13.629389
9967,beta,inDrop4,5.8644967,15.3019
9968,activated_stellate,inDrop4,-1.0977297,5.3565397
9969,beta,inDrop4,5.5878024,12.967343
9970,alpha,inDrop4,16.134666,7.2291636
9971,ductal,inDrop4,11.918795,0.8411004
9972,beta,inDrop4,5.591387,13.05368
9973,gamma,inDrop4,10.617874,19.74836
9974,ductal,inDrop4,11.075222,-0.81566715
9975,beta,inDrop4,5.559875,13.015583
9976,beta,inDrop4,5.6367173,14.527423
9977,alpha,inDrop4,16.145996,7.554972
9978,activated_stellate,inDrop4,-1.2162766,5.7132697
9979,beta,inDrop4,5.592907,13.137741
9980,alpha,inDrop4,15.918621,7.8426914
9981,beta,inDrop4,6.8922186,13.808422
9982,beta,inDrop4,7.0982714,13.6119585
9983,alpha,inDrop4,15.259765,7.300423
9984,ductal,inDrop4,11.327197,0.44239065
9985,beta,inDrop4,6.5485644,13.456093
9986,alpha,inDrop4,15.88509,7.4801507
9987,beta,inDrop4,6.5540967,13.552429
9988,ductal,inDrop4,11.535395,0.34750748
9989,beta,inDrop4,6.5529337,13.458892
9990,delta,inDrop4,17.069761,17.891535
9991,alpha,inDrop4,15.110051,7.679225
9992,beta,inDrop4,6.3795147,13.315247
9993,alpha,inDrop4,16.29562,7.7007923
9994,alpha,inDrop4,16.009699,7.4425917
9995,ductal,inDrop4,11.66629,-0.18713276
9996,beta,inDrop4,6.115206,13.435909
9997,alpha,inDrop4,15.098649,6.7278457
9998,beta,inDrop4,6.659331,13.576102
9999,beta,inDrop4,5.587599,13.465093
10000,beta,inDrop4,6.4510036,13.6571865
10001,beta,inDrop4,6.7051682,14.103633
10002,beta,inDrop4,6.6543913,13.568473
10003,beta,inDrop4,5.369448,13.228561
10004,alpha,inDrop4,16.256466,7.6265655
10005,ductal,inDrop4,12.168438,-0.44114098
10006,endothelial,inDrop4,-2.9320846,9.6577425
10007,alpha,inDrop4,15.643509,7.264216
10008,delta,inDrop4,17.051682,17.446426
10009,beta,inDrop4,6.9101067,13.797275
10010,alpha,inDrop4,14.9532175,7.31648
10011,beta,inDrop4,5.4424944,13.215542
10012,beta,inDrop4,5.5771646,12.912858
10013,alpha,inDrop4,15.068168,7.784468
10014,beta,inDrop4,5.53285,13.319275
10015,beta,inDrop4,5.534498,13.670457
10016,ductal,inDrop4,6.26255,0.42760003
10017,beta,inDrop4,4.9941063,13.699555
10018,alpha,inDrop4,15.539632,7.0199847
10019,ductal,inDrop4,11.6043625,1.0092235
10020,beta,inDrop4,5.4627414,13.405396
10021,beta,inDrop4,4.1378703,15.621595
10022,gamma,inDrop4,10.5852785,19.568527
10023,beta,inDrop4,5.916169,13.288412
10024,beta,inDrop4,6.5987396,13.389399
10025,ductal,inDrop4,10.987283,-0.0034979146
10026,ductal,inDrop4,12.167045,-0.7880211
10027,beta,inDrop4,6.5745606,13.827556
10028,beta,inDrop4,6.3327384,13.802893
10029,alpha,inDrop4,15.4686775,6.3342524
10030,alpha,inDrop4,14.936555,7.8049164
10031,alpha,inDrop4,15.735233,7.82755
10032,alpha,inDrop4,14.60679,7.5361934
10033,activated_stellate,inDrop4,-1.3798409,5.8350058
10034,alpha,inDrop4,14.341252,7.6832643
10035,alpha,inDrop4,14.894107,7.7551417
10036,alpha,inDrop4,15.287618,6.5131507
10037,alpha,inDrop4,13.498033,8.413094
10038,gamma,inDrop4,10.869604,19.928299
10039,ductal,inDrop4,11.5760355,0.8296439
10040,alpha,inDrop4,14.941649,7.2625327
10041,alpha,inDrop4,15.878313,7.630842
10042,beta,inDrop4,5.5836687,13.039831
10043,beta,inDrop4,5.5289426,13.159065
10044,beta,inDrop4,6.670826,13.878808
10045,ductal,inDrop4,10.994037,-0.8328648
10046,alpha,inDrop4,15.9745455,7.0884657
10047,alpha,inDrop4,14.319647,6.4912252
10048,beta,inDrop4,5.806567,13.002575
10049,alpha,inDrop4,16.592794,7.5252657
10050,alpha,inDrop4,14.613814,7.5162086
10051,beta,inDrop4,5.595536,12.940986
10052,beta,inDrop4,5.787681,13.131174
10053,delta,inDrop4,16.846554,17.478941
10054,ductal,inDrop4,11.651259,1.0146426
10055,alpha,inDrop4,14.557794,7.3920274
10056,beta,inDrop4,6.8636823,15.189982
10057,beta,inDrop4,6.753612,14.029295
10058,ductal,inDrop4,12.85833,-0.04368073
10059,beta,inDrop4,5.8496594,13.094796
10060,beta,inDrop4,6.5733633,13.696779
10061,beta,inDrop4,7.0395293,14.168272
10062,beta,inDrop4,16.139566,17.480309
10063,beta,inDrop4,6.0616884,13.435651
10064,beta,inDrop4,6.134888,13.483227
10065,ductal,inDrop4,11.885449,0.8282405
10066,beta,inDrop4,6.0694256,14.279712
10067,alpha,inDrop4,15.928168,8.129701
10068,alpha,inDrop4,14.199382,6.9118385
10069,alpha,inDrop4,14.444785,6.736147
10070,alpha,inDrop4,15.5716095,6.8864536
10071,beta,inDrop4,5.9043064,13.379402
10072,alpha,inDrop4,15.594071,6.4830384
10073,beta,inDrop4,6.644171,13.562687
10074,alpha,inDrop4,16.199331,7.5504384
10075,gamma,inDrop4,10.541293,19.487064
10076,beta,inDrop4,6.9150076,14.865045
10077,gamma,inDrop4,10.699743,19.856333
10078,beta,inDrop4,5.421775,13.672141
10079,gamma,inDrop4,10.883518,19.963337
10080,beta,inDrop4,6.5840673,13.7098675
10081,beta,inDrop4,7.0371957,14.040954
10082,alpha,inDrop4,16.335117,7.4579268
10083,macrophage,inDrop4,8.447622,-5.831454
10084,ductal,inDrop4,5.959892,0.8564263
10085,beta,inDrop4,5.556242,13.520641
10086,alpha,inDrop4,14.8222885,6.36871
10087,alpha,inDrop4,15.702292,6.9062843
10088,beta,inDrop4,6.2242146,13.384129
10089,beta,inDrop4,4.5935493,14.799308
10090,delta,inDrop4,16.211967,17.59471
10091,beta,inDrop4,6.5088816,13.473284
10092,beta,inDrop4,6.715747,13.426375
10093,beta,inDrop4,6.731744,14.367636
10094,beta,inDrop4,6.297312,13.611322
10095,alpha,inDrop4,15.910616,6.969339
10096,ductal,inDrop4,11.067694,0.27987605
10097,alpha,inDrop4,15.332657,6.944851
10098,alpha,inDrop4,15.706251,6.7034736
10099,activated_stellate,inDrop4,-1.331596,5.65539
10100,gamma,inDrop4,10.502254,19.928682
10101,beta,inDrop4,6.474915,13.713552
10102,beta,inDrop4,5.42215,13.693377
10103,ductal,inDrop4,11.039981,0.38681817
10104,ductal,inDrop4,6.7305307,0.76979035
10105,alpha,inDrop4,15.143807,7.726765
10106,beta,inDrop4,5.6233587,14.053722
10107,alpha,inDrop4,14.97301,6.2374697
10108,delta,inDrop4,14.807483,7.228488
10109,activated_stellate,inDrop4,-1.278475,5.7618303
10110,beta,inDrop4,6.8732357,13.98709
10111,ductal,inDrop4,12.105607,-0.51112425
10112,alpha,inDrop4,14.748617,6.575687
10113,endothelial,inDrop4,-2.5750587,9.514327
10114,beta,inDrop4,4.4405227,15.248389
10115,beta,inDrop4,5.574346,13.1482315
10116,ductal,inDrop4,6.3690724,-0.2502309
10117,alpha,inDrop4,14.810554,7.4937444
10118,beta,inDrop4,5.7363706,16.076242
10119,beta,inDrop4,5.757332,14.302896
10120,ductal,inDrop4,6.0421844,-0.16665387
10121,beta,inDrop4,6.09044,15.479839
10122,ductal,inDrop4,11.472329,0.12153371
10123,alpha,inDrop4,15.680764,8.060007
10124,alpha,inDrop4,15.622257,6.7693467
10125,alpha,inDrop4,14.745223,8.574221
10126,gamma,inDrop4,10.550728,19.74277
10127,beta,inDrop4,5.5825768,12.98176
10128,beta,inDrop4,6.5206466,13.537027
10129,alpha,inDrop4,14.6757965,7.635392
10130,beta,inDrop4,5.248302,13.350517
10131,gamma,inDrop4,10.634584,19.770123
10132,beta,inDrop4,6.130803,13.4317665
10133,beta,inDrop4,5.3784328,14.948261
10134,beta,inDrop4,5.845621,13.735173
10135,beta,inDrop4,5.746578,14.365524
10136,beta,inDrop4,6.5207696,13.96359
10137,ductal,inDrop4,11.427038,-0.34121206
10138,alpha,inDrop4,15.968003,7.8816576
10139,beta,inDrop4,5.3293242,13.648164
10140,beta,inDrop4,6.546428,13.69821
10141,beta,inDrop4,5.885186,14.934663
10142,beta,inDrop4,5.393503,13.944346
10143,beta,inDrop4,5.199421,13.484979
10144,alpha,inDrop4,14.558311,8.367042
10145,beta,inDrop4,6.0168705,13.468559
10146,gamma,inDrop4,10.546936,19.410292
10147,beta,inDrop4,3.7697423,15.080674
10148,ductal,inDrop4,5.2993393,-0.01417856
10149,alpha,inDrop4,14.461739,6.3015876
10150,alpha,inDrop4,16.26092,6.8865666
10151,ductal,inDrop4,11.201632,-1.0255715
10152,gamma,inDrop4,10.447466,19.714691
10153,activated_stellate,inDrop4,-1.1714934,5.9808626
10154,alpha,inDrop4,14.965446,8.113845
10155,alpha,inDrop4,14.644048,7.3597527
10156,alpha,inDrop4,16.07098,7.499184
10157,alpha,inDrop4,14.99064,7.410363
10158,alpha,inDrop4,14.906872,7.541096
10159,ductal,inDrop4,11.825307,1.0111147
10160,beta,inDrop4,5.67645,13.668705
10161,alpha,inDrop4,15.332507,6.5451307
10162,beta,inDrop4,5.7909007,14.299978
10163,activated_stellate,inDrop4,-1.1832508,5.9910793
10164,delta,inDrop4,17.142323,17.374968
10165,ductal,inDrop4,12.493481,-0.1325898
10166,beta,inDrop4,6.3518586,14.110256
10167,alpha,inDrop4,14.972845,7.273006
10168,gamma,inDrop4,10.9418745,19.913958
10169,alpha,inDrop4,15.447409,6.380503
10170,beta,inDrop4,5.2988396,15.721425
10171,mast,inDrop4,9.694359,5.8885136
10172,beta,inDrop4,5.350567,13.617762
10173,ductal,inDrop4,11.964405,0.8603417
10174,beta,inDrop4,5.2517653,13.3776455
10175,ductal,inDrop4,11.870055,-0.20681927
10176,beta,inDrop4,6.297326,15.575695
10177,beta,inDrop4,3.495954,15.025786
10178,beta,inDrop4,6.0503154,13.199531
10179,schwann,inDrop4,-0.39817545,7.3124146
10180,alpha,inDrop4,15.874884,7.2000394
10181,ductal,inDrop4,12.801718,0.028408963
10182,beta,inDrop4,15.175145,6.5117493
10183,beta,inDrop4,6.731958,14.009579
10184,beta,inDrop4,5.8694115,14.575026
10185,ductal,inDrop4,11.485243,0.5963123
10186,ductal,inDrop4,6.6312265,0.3677912
10187,beta,inDrop4,7.190434,14.270178
10188,ductal,inDrop4,11.979933,0.80463624
10189,delta,inDrop4,17.077421,17.86784
10190,alpha,inDrop4,16.14957,7.824546
10191,alpha,inDrop4,15.301979,9.485478
10192,quiescent_stellate,inDrop4,0.51330537,5.096029
10193,beta,inDrop4,5.6947565,13.682676
10194,beta,inDrop4,6.62554,13.5697775
10195,activated_stellate,inDrop4,-1.2552053,5.907535
10196,beta,inDrop4,6.7547917,14.357257
10197,beta,inDrop4,5.74281,15.774758
10198,alpha,inDrop4,14.413319,9.005933
10199,beta,inDrop4,5.7111487,13.228929
10200,beta,inDrop4,5.658273,13.107439
10201,beta,inDrop4,5.793594,14.608666
10202,beta,inDrop4,6.0852294,13.864112
10203,alpha,inDrop4,16.269934,7.236796
10204,beta,inDrop4,6.0171986,13.78601
10205,beta,inDrop4,6.5206294,13.550595
10206,activated_stellate,inDrop4,-1.2550356,5.411045
10207,alpha,inDrop4,15.950771,7.47417
10208,beta,inDrop4,5.832809,15.203765
10209,beta,inDrop4,6.1028314,14.465809
10210,ductal,inDrop4,6.6250505,0.26290736
10211,beta,smarter,3.5973327,15.155656
10212,beta,smarter,4.519141,14.84648
10213,beta,smarter,4.6188817,14.574775
10214,beta,smarter,4.3980417,14.639944
10215,beta,smarter,6.7476363,15.214454
10216,beta,smarter,5.0494933,15.023658
10217,beta,smarter,5.0013194,15.097387
10218,beta,smarter,5.737026,0.8106069
10219,beta,smarter,5.3594937,14.835903
10220,beta,smarter,4.887738,15.1558
10221,beta,smarter,5.1523457,14.81538
10222,beta,smarter,4.3802,14.761004
10223,beta,smarter,5.4745426,14.381722
10224,beta,smarter,3.9388542,14.847407
10225,beta,smarter,3.7103677,14.743301
10226,beta,smarter,5.0821915,15.987954
10227,beta,smarter,4.4745016,14.549896
10228,beta,smarter,3.9003227,14.672514
10229,beta,smarter,5.7700305,16.371584
10230,beta,smarter,4.0517015,14.621512
10231,beta,smarter,5.4082813,16.144222
10232,beta,smarter,4.0313377,14.565842
10233,beta,smarter,4.876034,15.40222
10234,beta,smarter,5.0547776,15.047557
10235,beta,smarter,5.1863627,15.922921
10236,beta,smarter,5.82157,14.424785
10237,beta,smarter,5.5867796,15.042957
10238,beta,smarter,5.9991384,16.035637
10239,beta,smarter,7.1389694,14.349635
10240,beta,smarter,3.7788162,15.062796
10241,beta,smarter,5.33271,14.103735
10242,beta,smarter,6.022695,13.922068
10243,beta,smarter,6.004536,14.170375
10244,beta,smarter,6.0148025,15.189683
10245,beta,smarter,5.3805037,15.512512
10246,beta,smarter,6.026701,14.858185
10247,beta,smarter,5.474077,14.7326765
10248,beta,smarter,5.3019977,15.442357
10249,beta,smarter,5.436744,15.618831
10250,beta,smarter,5.2530146,15.770052
10251,beta,smarter,6.5495253,15.501834
10252,beta,smarter,5.881043,14.333039
10253,beta,smarter,5.8170576,14.886694
10254,beta,smarter,5.9061856,14.540681
10255,beta,smarter,7.0465226,14.377854
10256,beta,smarter,5.6321707,15.851596
10257,beta,smarter,5.621029,14.877408
10258,beta,smarter,4.068472,14.590276
10259,beta,smarter,6.2765913,14.682097
10260,beta,smarter,5.6206355,14.285819
10261,beta,smarter,4.960025,14.133149
10262,beta,smarter,7.0622463,14.308317
10263,beta,smarter,6.0266833,14.025742
10264,beta,smarter,6.3142715,14.704808
10265,beta,smarter,5.3779597,15.150362
10266,beta,smarter,5.008618,15.15643
10267,beta,smarter,5.344126,15.720279
10268,beta,smarter,5.6167483,15.161695
10269,beta,smarter,5.7609744,15.605768
10270,beta,smarter,5.355087,15.394188
10271,beta,smarter,5.9899397,14.602089
10272,beta,smarter,5.672319,15.072173
10273,beta,smarter,5.5711255,15.358453
10274,beta,smarter,5.697372,14.94278
10275,beta,smarter,5.2849083,14.829784
10276,beta,smarter,5.689928,14.919345
10277,beta,smarter,5.5283155,15.133114
10278,beta,smarter,5.2509446,14.713261
10279,beta,smarter,5.7332106,15.009897
10280,beta,smarter,7.1294804,14.761094
10281,beta,smarter,5.481737,15.118021
10282,beta,smarter,5.41975,14.855256
10283,beta,smarter,7.123311,14.4276495
10284,beta,smarter,6.3862743,13.713822
10285,beta,smarter,4.6730227,14.209847
10286,beta,smarter,5.5425615,14.289964
10287,beta,smarter,7.195029,14.500363
10288,beta,smarter,4.5034137,14.321413
10289,beta,smarter,5.404553,14.412144
10290,beta,smarter,5.568149,14.356589
10291,beta,smarter,5.69377,14.330619
10292,beta,smarter,6.3587523,14.336019
10293,beta,smarter,6.8726406,14.43443
10294,beta,smarter,4.6794868,14.418809
10295,beta,smarter,6.7205963,14.36744
10296,beta,smarter,5.047855,14.88122
10297,beta,smarter,6.4815803,14.227337
10298,beta,smarter,5.641236,15.919228
10299,beta,smarter,5.1085706,14.660937
10300,beta,smarter,6.230925,13.373203
10301,beta,smarter,6.2847676,13.417712
10302,beta,smarter,6.120778,13.500207
10303,beta,smarter,6.0134315,13.967649
10304,beta,smarter,5.333154,14.57595
10305,beta,smarter,5.984341,15.835742
10306,beta,smarter,4.655507,14.909763
10307,beta,smarter,5.412828,15.293067
10308,beta,smarter,4.075203,14.657707
10309,beta,smarter,5.886137,13.895388
10310,beta,smarter,6.625523,14.517327
10311,beta,smarter,5.4719286,15.107869
10312,beta,smarter,5.741132,15.430531
10313,beta,smarter,5.5260525,15.286818
10314,beta,smarter,4.7114887,15.085086
10315,beta,smarter,5.6548057,15.338127
10316,beta,smarter,4.5510893,15.253281
10317,beta,smarter,5.0245237,15.688178
10318,beta,smarter,5.8168283,15.789342
10319,beta,smarter,6.04552,15.862942
10320,beta,smarter,3.5840745,15.127946
10321,beta,smarter,6.6222196,14.756423
10322,beta,smarter,6.090583,15.857558
10323,beta,smarter,5.544478,15.922031
10324,beta,smarter,3.6805508,15.065153
10325,beta,smarter,6.491466,15.314197
10326,beta,smarter,6.3486166,15.494837
10327,beta,smarter,5.3762646,15.640411
10328,beta,smarter,4.6025515,15.165635
10329,beta,smarter,6.301001,15.38914
10330,beta,smarter,5.8337216,13.479588
10331,beta,smarter,6.56204,15.181002
10332,beta,smarter,5.771636,15.851621
10333,beta,smarter,5.182573,15.189094
10334,beta,smarter,5.7467284,16.155752
10335,beta,smarter,6.530217,15.379666
10336,beta,smarter,6.7217455,14.975791
10337,beta,smarter,6.0381255,15.574248
10338,beta,smarter,5.95424,13.494614
10339,beta,smarter,6.706377,15.279994
10340,beta,smarter,6.465567,14.04745
10341,beta,smarter,6.098687,13.891973
10342,beta,smarter,5.4747353,13.997023
10343,beta,smarter,5.2149982,14.031377
10344,beta,smarter,5.4634957,13.954946
10345,beta,smarter,6.048926,14.006312
10346,beta,smarter,5.3335185,14.346554
10347,beta,smarter,4.9421782,15.279226
10348,beta,smarter,5.3521833,15.692244
10349,beta,smarter,6.5262723,13.5464525
10350,beta,smarter,16.382198,17.10362
10351,beta,smarter,4.669534,15.347263
10352,beta,smarter,6.5453053,13.6996975
10353,beta,smarter,5.998031,14.126738
10354,beta,smarter,6.008636,14.552833
10355,beta,smarter,6.0139813,14.079901
10356,beta,smarter,5.275673,15.267847
10357,beta,smarter,6.180813,14.490603
10358,beta,smarter,5.827022,14.911885
10359,beta,smarter,5.0394115,15.298935
10360,beta,smarter,5.1216917,15.535243
10361,beta,smarter,5.5259256,15.253482
10362,beta,smarter,5.2295423,14.792716
10363,beta,smarter,6.4863696,14.297016
10364,beta,smarter,5.704062,15.92065
10365,beta,smarter,5.900826,16.437902
10366,beta,smarter,8.444612,-5.834243
10367,beta,smarter,6.039525,14.3308525
10368,beta,smarter,5.705213,14.174825
10369,beta,smarter,6.0690413,14.826176
10370,beta,smarter,5.9076495,14.57292
10371,beta,smarter,5.297037,14.848989
10372,beta,smarter,5.6587276,15.384721
10373,beta,smarter,5.5219226,15.057169
10374,beta,smarter,5.4055243,14.14411
10375,beta,smarter,6.63815,13.643584
10376,beta,smarter,5.0874424,14.923586
10377,beta,smarter,6.371885,13.609607
10378,beta,smarter,5.4946284,15.0331335
10379,beta,smarter,6.032277,14.1676655
10380,beta,smarter,5.637667,14.742674
10381,beta,smarter,5.4637403,15.646068
10382,beta,smarter,5.7917986,14.191156
10383,beta,smarter,5.4610286,15.397973
10384,beta,smarter,6.238454,15.335125
10385,beta,smarter,6.197545,14.016207
10386,beta,smarter,4.9483895,14.916601
10387,beta,smarter,5.1477714,15.619614
10388,beta,smarter,5.314432,15.685027
10389,beta,smarter,5.480582,15.474189
10390,beta,smarter,5.132762,14.312771
10391,beta,smarter,6.1411295,13.862813
10392,beta,smarter,5.5232735,15.458232
10393,beta,smarter,5.327141,14.555884
10394,beta,smarter,15.470068,9.426903
10395,beta,smarter,5.343454,14.889947
10396,beta,smarter,6.867741,13.59782
10397,beta,smarter,6.7637134,14.294234
10398,beta,smarter,7.145828,14.390921
10399,beta,smarter,6.0661225,14.526077
10400,beta,smarter,5.0044093,15.436617
10401,beta,smarter,4.5623937,15.609639
10402,beta,smarter,5.392142,15.0164585
10403,beta,smarter,5.0293937,14.76535
10404,beta,smarter,6.088024,14.661928
10405,alpha,smarter,15.808921,9.050664
10406,alpha,smarter,15.628759,8.047116
10407,alpha,smarter,15.8492365,9.014229
10408,alpha,smarter,15.859151,8.856793
10409,alpha,smarter,14.989456,8.453791
10410,alpha,smarter,15.635352,8.26929
10411,alpha,smarter,15.311731,8.308584
10412,alpha,smarter,16.274042,6.8113804
10413,alpha,smarter,16.122953,8.135765
10414,alpha,smarter,15.321515,9.055691
10415,alpha,smarter,15.325415,8.401248
10416,alpha,smarter,15.845078,8.987255
10417,alpha,smarter,14.262534,9.032195
10418,alpha,smarter,15.839084,8.624929
10419,alpha,smarter,14.869421,8.550096
10420,alpha,smarter,3.625656,14.909638
10421,alpha,smarter,15.80702,8.8101015
10422,alpha,smarter,14.647835,9.015525
10423,alpha,smarter,15.890346,8.973984
10424,alpha,smarter,14.91992,9.064025
10425,alpha,smarter,15.81233,8.876448
10426,alpha,smarter,15.801852,8.984261
10427,alpha,smarter,15.86263,9.026699
10428,alpha,smarter,15.6515,8.232698
10429,alpha,smarter,16.006075,7.5218115
10430,alpha,smarter,15.939533,8.689988
10431,alpha,smarter,14.21662,9.160275
10432,alpha,smarter,14.542878,8.067923
10433,alpha,smarter,16.135374,7.8705063
10434,alpha,smarter,15.915643,9.074324
10435,alpha,smarter,15.864601,9.073797
10436,alpha,smarter,15.772349,8.891818
10437,alpha,smarter,15.926546,9.081015
10438,alpha,smarter,16.133871,7.8847113
10439,alpha,smarter,15.7656355,9.064291
10440,alpha,smarter,15.581739,8.423454
10441,alpha,smarter,15.423781,8.468334
10442,alpha,smarter,15.846957,9.006319
10443,alpha,smarter,14.649327,6.552221
10444,alpha,smarter,15.507179,8.576442
10445,alpha,smarter,15.883119,9.038155
10446,alpha,smarter,15.292259,8.891172
10447,alpha,smarter,15.849984,9.075791
10448,alpha,smarter,15.654669,8.705668
10449,alpha,smarter,15.165238,8.067689
10450,alpha,smarter,15.501492,9.000984
10451,alpha,smarter,15.850213,9.073876
10452,alpha,smarter,15.400123,7.3427997
10453,alpha,smarter,15.882844,9.109619
10454,alpha,smarter,15.567453,6.9353557
10455,alpha,smarter,15.802936,9.054874
10456,alpha,smarter,15.778617,8.840915
10457,alpha,smarter,15.921945,9.093171
10458,alpha,smarter,14.386773,8.737296
10459,alpha,smarter,15.0525,8.808053
10460,alpha,smarter,16.149836,8.5264635
10461,alpha,smarter,15.563675,8.64828
10462,alpha,smarter,16.354412,6.9819665
10463,alpha,smarter,16.413086,7.495704
10464,alpha,smarter,15.533715,7.4432235
10465,alpha,smarter,15.367396,7.180934
10466,alpha,smarter,16.187944,7.1132283
10467,alpha,smarter,14.632761,6.970458
10468,alpha,smarter,16.096382,7.1069818
10469,alpha,smarter,16.274168,7.593859
10470,alpha,smarter,16.302214,7.9138594
10471,alpha,smarter,15.589953,8.525896
10472,alpha,smarter,15.685288,8.083965
10473,alpha,smarter,16.247692,7.608479
10474,alpha,smarter,15.247599,8.779874
10475,alpha,smarter,16.562029,7.532577
10476,alpha,smarter,16.30081,7.8693123
10477,alpha,smarter,15.783465,7.435884
10478,alpha,smarter,15.328102,7.840427
10479,alpha,smarter,15.687818,7.225121
10480,alpha,smarter,16.667896,7.4850187
10481,alpha,smarter,16.620356,7.453808
10482,alpha,smarter,16.431301,7.6991467
10483,alpha,smarter,14.590098,8.263697
10484,alpha,smarter,14.990807,8.6555195
10485,alpha,smarter,15.885478,7.705945
10486,alpha,smarter,15.290558,9.523814
10487,alpha,smarter,16.500648,7.065844
10488,alpha,smarter,16.409319,7.5786324
10489,alpha,smarter,15.895307,7.9392123
10490,alpha,smarter,14.210595,7.3582325
10491,alpha,smarter,15.050323,7.8969684
10492,alpha,smarter,16.266363,7.444636
10493,alpha,smarter,16.535065,7.486699
10494,alpha,smarter,16.43146,7.5951276
10495,alpha,smarter,16.613222,7.4980497
10496,alpha,smarter,16.372982,7.7633195
10497,alpha,smarter,16.579649,7.506107
10498,alpha,smarter,16.421122,7.272609
10499,alpha,smarter,15.170436,7.1649594
10500,alpha,smarter,15.346458,6.857189
10501,alpha,smarter,16.517485,7.499646
10502,alpha,smarter,15.766662,7.4887357
10503,alpha,smarter,14.397508,7.314908
10504,alpha,smarter,16.306969,7.832943
10505,alpha,smarter,14.917047,6.4760613
10506,alpha,smarter,16.641361,7.4363923
10507,alpha,smarter,15.786798,7.4987764
10508,alpha,smarter,16.046705,7.671738
10509,alpha,smarter,16.152416,6.618533
10510,alpha,smarter,16.39383,7.079233
10511,alpha,smarter,16.296398,6.6249
10512,alpha,smarter,16.1998,7.617486
10513,alpha,smarter,16.089556,6.6050105
10514,alpha,smarter,16.58688,7.591392
10515,alpha,smarter,14.755117,9.386033
10516,alpha,smarter,16.223415,7.157816
10517,alpha,smarter,16.52134,7.320196
10518,alpha,smarter,14.451484,6.589576
10519,alpha,smarter,16.135233,7.565884
10520,alpha,smarter,14.931704,7.660129
10521,alpha,smarter,16.022121,7.630154
10522,alpha,smarter,15.988309,7.6840014
10523,alpha,smarter,16.414303,7.428452
10524,alpha,smarter,16.62682,7.5199637
10525,alpha,smarter,15.74735,7.7170887
10526,alpha,smarter,15.811081,7.1572323
10527,alpha,smarter,14.653663,7.0045223
10528,alpha,smarter,16.273079,7.6127687
10529,alpha,smarter,16.055874,7.8183393
10530,alpha,smarter,15.85164,7.889158
10531,alpha,smarter,16.16006,7.921537
10532,alpha,smarter,16.411304,7.6844506
10533,alpha,smarter,15.889646,7.857833
10534,alpha,smarter,14.709494,6.61358
10535,alpha,smarter,16.237446,7.697503
10536,alpha,smarter,16.346817,6.86295
10537,alpha,smarter,16.1895,6.5886073
10538,alpha,smarter,16.454666,7.593088
10539,alpha,smarter,15.640195,7.31807
10540,alpha,smarter,15.301232,7.1108327
10541,alpha,smarter,16.174763,7.2883477
10542,alpha,smarter,16.083323,7.243578
10543,alpha,smarter,15.660084,7.339775
10544,alpha,smarter,15.10212,6.524516
10545,alpha,smarter,15.880855,6.8832536
10546,alpha,smarter,16.217623,6.932082
10547,alpha,smarter,-2.7448552,9.667754
10548,alpha,smarter,15.148813,8.684667
10549,alpha,smarter,14.669645,7.094804
10550,alpha,smarter,15.529146,6.6550126
10551,alpha,smarter,15.29093,7.737516
10552,alpha,smarter,14.561204,6.5138927
10553,alpha,smarter,14.5240135,6.985347
10554,alpha,smarter,15.886555,6.777973
10555,alpha,smarter,15.936287,7.0005183
10556,alpha,smarter,16.111183,6.9764285
10557,alpha,smarter,16.162222,6.977425
10558,alpha,smarter,16.232508,7.7348986
10559,alpha,smarter,14.654314,6.4825983
10560,alpha,smarter,16.191217,7.1689796
10561,alpha,smarter,15.693531,7.215298
10562,alpha,smarter,14.328408,7.0721064
10563,alpha,smarter,16.193144,7.9388733
10564,alpha,smarter,16.066545,7.4585366
10565,alpha,smarter,14.386931,6.5552506
10566,alpha,smarter,16.513466,7.3647556
10567,alpha,smarter,15.754352,7.6835165
10568,alpha,smarter,15.800917,6.9242883
10569,alpha,smarter,15.7159,7.2019954
10570,alpha,smarter,15.674653,6.619396
10571,alpha,smarter,15.418164,8.217164
10572,alpha,smarter,15.815417,6.3828325
10573,alpha,smarter,16.029465,7.301243
10574,alpha,smarter,14.891429,7.07011
10575,alpha,smarter,14.722187,7.2615604
10576,alpha,smarter,14.390358,9.385575
10577,alpha,smarter,15.293799,6.559105
10578,alpha,smarter,16.043497,7.618205
10579,alpha,smarter,15.838271,7.789167
10580,alpha,smarter,15.023113,7.147549
10581,alpha,smarter,14.974863,6.8471117
10582,alpha,smarter,14.352838,6.9590845
10583,alpha,smarter,15.420599,6.0968585
10584,alpha,smarter,15.53596,6.232196
10585,alpha,smarter,15.523813,6.421424
10586,alpha,smarter,16.027416,7.9141765
10587,alpha,smarter,15.410666,6.6213408
10588,alpha,smarter,15.753654,6.2611184
10589,alpha,smarter,15.743433,6.2982216
10590,alpha,smarter,15.6853285,8.607924
10591,alpha,smarter,14.317296,6.8780665
10592,alpha,smarter,15.454218,7.493357
10593,alpha,smarter,15.734784,7.263702
10594,alpha,smarter,14.760924,6.9648137
10595,alpha,smarter,14.756038,7.719903
10596,alpha,smarter,14.858856,9.072156
10597,alpha,smarter,15.217459,7.491807
10598,alpha,smarter,15.483169,6.350225
10599,alpha,smarter,14.566903,6.933296
10600,alpha,smarter,14.806572,9.14956
10601,alpha,smarter,14.885852,8.991861
10602,alpha,smarter,14.518877,9.2050905
10603,alpha,smarter,14.925123,8.857823
10604,alpha,smarter,14.7525835,9.2478895
10605,alpha,smarter,16.234701,6.3644786
10606,alpha,smarter,15.031356,9.201146
10607,alpha,smarter,12.038903,-0.65275395
10608,alpha,smarter,14.761896,9.140725
10609,alpha,smarter,15.450183,6.279798
10610,alpha,smarter,14.828009,9.162862
10611,alpha,smarter,13.846845,8.050299
10612,alpha,smarter,16.210794,6.7554297
10613,alpha,smarter,14.605299,8.992164
10614,alpha,smarter,8.482895,-5.82631
10615,alpha,smarter,14.890828,8.494257
10616,alpha,smarter,14.345017,7.591318
10617,alpha,smarter,14.572081,7.7219133
10618,alpha,smarter,14.416284,7.66167
10619,alpha,smarter,14.555513,7.863175
10620,alpha,smarter,13.898298,7.178431
10621,alpha,smarter,14.528926,7.517073
10622,alpha,smarter,14.403096,7.2800813
10623,alpha,smarter,15.934911,7.1316504
10624,alpha,smarter,13.702573,7.3562713
10625,alpha,smarter,15.601005,8.9159
10626,alpha,smarter,13.765682,7.180426
10627,alpha,smarter,13.517403,7.501393
10628,alpha,smarter,14.016369,7.3803225
10629,alpha,smarter,14.320571,7.578993
10630,alpha,smarter,13.699963,7.2447996
10631,alpha,smarter,14.180073,8.9562235
10632,alpha,smarter,13.941021,8.040871
10633,alpha,smarter,14.430839,7.413315
10634,alpha,smarter,15.483771,7.044181
10635,alpha,smarter,15.79964,7.053359
10636,alpha,smarter,13.766505,7.2778587
10637,alpha,smarter,13.5417185,7.462861
10638,alpha,smarter,15.190587,7.887844
10639,alpha,smarter,15.31997,9.4674225
10640,alpha,smarter,13.679908,7.214399
10641,alpha,smarter,13.687628,7.2361355
10642,alpha,smarter,16.24149,6.243739
10643,alpha,smarter,13.819894,7.321788
10644,alpha,smarter,16.169456,6.1661396
10645,alpha,smarter,13.921709,7.480394
10646,alpha,smarter,14.14891,7.5752287
10647,alpha,smarter,13.852633,7.8707376
10648,alpha,smarter,14.345846,7.14639
10649,alpha,smarter,14.031858,8.9821205
10650,alpha,smarter,13.738456,7.2398376
10651,alpha,smarter,14.483729,8.547567
10652,alpha,smarter,14.659375,8.374239
10653,alpha,smarter,11.952976,-0.6511199
10654,alpha,smarter,13.824167,7.193361
10655,alpha,smarter,14.620982,7.320484
10656,alpha,smarter,14.5834875,8.310101
10657,alpha,smarter,15.59572,6.8778973
10658,alpha,smarter,16.323229,6.024757
10659,alpha,smarter,15.363972,7.2794824
10660,alpha,smarter,15.040251,6.933387
10661,alpha,smarter,14.708102,6.5620775
10662,alpha,smarter,15.512703,7.430994
10663,alpha,smarter,15.04135,7.4856377
10664,alpha,smarter,16.058153,7.5183096
10665,alpha,smarter,14.928375,7.0460725
10666,alpha,smarter,15.553936,7.6902833
10667,alpha,smarter,15.676756,8.470121
10668,alpha,smarter,14.87467,7.412409
10669,alpha,smarter,14.536582,9.461803
10670,alpha,smarter,14.630755,8.702836
10671,alpha,smarter,15.311462,7.542035
10672,alpha,smarter,14.318887,9.185571
10673,alpha,smarter,16.166548,7.2264667
10674,alpha,smarter,15.194095,6.5187116
10675,alpha,smarter,15.668146,7.455204
10676,alpha,smarter,14.688593,7.901348
10677,alpha,smarter,14.903632,7.355793
10678,alpha,smarter,14.491788,6.9575863
10679,alpha,smarter,15.223332,9.305896
10680,alpha,smarter,14.667369,6.4916024
10681,alpha,smarter,14.596981,7.5704412
10682,alpha,smarter,15.604254,7.5222335
10683,alpha,smarter,15.5181465,7.622773
10684,alpha,smarter,16.096874,8.102826
10685,alpha,smarter,16.31506,7.057868
10686,alpha,smarter,15.149348,6.30874
10687,alpha,smarter,14.651987,6.4525695
10688,alpha,smarter,14.145747,8.385722
10689,alpha,smarter,15.584423,9.289724
10690,alpha,smarter,15.996045,7.41822
10691,alpha,smarter,16.10696,8.121513
10692,alpha,smarter,14.823294,6.3824935
10693,alpha,smarter,11.762986,1.0946018
10694,alpha,smarter,14.949228,7.8901606
10695,alpha,smarter,15.057069,9.520198
10696,alpha,smarter,5.6111097,14.167816
10697,alpha,smarter,15.291711,7.57742
10698,alpha,smarter,15.476981,6.847228
10699,alpha,smarter,15.379172,6.8151236
10700,alpha,smarter,13.886713,7.135664
10701,alpha,smarter,16.48321,8.700598
10702,alpha,smarter,14.859687,7.271963
10703,alpha,smarter,15.155353,6.714013
10704,alpha,smarter,14.902082,7.1282883
10705,alpha,smarter,14.773125,9.254752
10706,alpha,smarter,15.547434,7.226879
10707,alpha,smarter,15.706109,6.85833
10708,alpha,smarter,14.0772085,8.732428
10709,alpha,smarter,16.24812,7.4211426
10710,alpha,smarter,16.26131,6.672072
10711,alpha,smarter,14.645718,6.525542
10712,alpha,smarter,16.436117,8.584211
10713,alpha,smarter,15.492182,9.392127
10714,alpha,smarter,9.703922,5.8944564
10715,alpha,smarter,14.575229,6.560157
10716,alpha,smarter,16.568092,8.663175
10717,alpha,smarter,14.668656,6.593445
10718,alpha,smarter,15.97668,7.9630785
10719,alpha,smarter,15.648841,7.253369
10720,alpha,smarter,14.774611,6.699844
10721,alpha,smarter,14.798512,6.4075584
10722,alpha,smarter,11.429368,0.6307548
10723,alpha,smarter,14.421075,6.6692567
10724,alpha,smarter,14.537073,6.473984
10725,alpha,smarter,16.518219,8.646705
10726,alpha,smarter,16.513197,8.722374
10727,alpha,smarter,14.810193,6.485095
10728,alpha,smarter,15.565665,8.103819
10729,alpha,smarter,14.428138,6.6016526
10730,alpha,smarter,14.256829,6.9893384
10731,alpha,smarter,14.433747,6.6703196
10732,alpha,smarter,15.159497,6.828953
10733,alpha,smarter,15.594464,6.209834
10734,alpha,smarter,14.82034,7.1243463
10735,alpha,smarter,14.722056,6.6289177
10736,alpha,smarter,14.417863,6.920531
10737,alpha,smarter,14.742916,8.9744625
10738,alpha,smarter,15.495293,8.402378
10739,alpha,smarter,14.824226,6.595986
10740,alpha,smarter,14.476458,6.692381
10741,alpha,smarter,14.55281,6.4922485
10742,alpha,smarter,14.566576,6.465681
10743,alpha,smarter,14.528232,6.4604597
10744,alpha,smarter,14.487553,6.4335027
10745,alpha,smarter,15.432891,6.762707
10746,alpha,smarter,14.209005,7.3391256
10747,alpha,smarter,14.6092,7.2532263
10748,alpha,smarter,15.950391,6.616177
10749,alpha,smarter,15.613454,6.359858
10750,alpha,smarter,14.192589,7.28995
10751,alpha,smarter,15.349727,7.2029586
10752,alpha,smarter,15.977096,7.560636
10753,alpha,smarter,14.943717,6.347809
10754,alpha,smarter,14.477944,6.5094466
10755,alpha,smarter,14.963008,6.418494
10756,alpha,smarter,15.328325,7.1869864
10757,alpha,smarter,14.695161,6.3349457
10758,alpha,smarter,15.627923,7.742081
10759,delta,smarter,16.551107,17.79575
10760,delta,smarter,16.98906,17.63064
10761,delta,smarter,16.890133,17.256407
10762,delta,smarter,16.990404,17.751135
10763,delta,smarter,15.808593,9.085412
10764,delta,smarter,16.869392,17.210314
10765,delta,smarter,16.675516,17.796577
10766,delta,smarter,16.762705,17.32675
10767,delta,smarter,16.87929,18.02776
10768,delta,smarter,16.046993,17.691511
10769,delta,smarter,16.482784,17.834105
10770,delta,smarter,16.994186,18.005278
10771,delta,smarter,16.623564,17.460518
10772,delta,smarter,17.039646,17.84875
10773,delta,smarter,16.827618,17.096628
10774,delta,smarter,17.13173,17.651648
10775,delta,smarter,17.06487,17.312
10776,delta,smarter,17.008774,17.442278
10777,delta,smarter,17.045202,17.274197
10778,delta,smarter,16.799248,17.29125
10779,delta,smarter,17.071405,17.393517
10780,delta,smarter,17.039114,17.306246
10781,delta,smarter,16.94713,17.315622
10782,delta,smarter,16.649227,17.763042
10783,delta,smarter,15.957934,17.774996
10784,delta,smarter,17.02982,17.689203
10785,delta,smarter,17.003458,17.276323
10786,delta,smarter,16.686964,17.357765
10787,gamma,smarter,10.907359,19.867153
10788,gamma,smarter,10.838073,20.02445
10789,gamma,smarter,15.861793,9.118772
10790,gamma,smarter,14.119896,7.7871757
10791,gamma,smarter,10.731249,19.788677
10792,gamma,smarter,10.730998,19.590017
10793,gamma,smarter,10.958595,19.726963
10794,gamma,smarter,10.638765,19.897589
10795,gamma,smarter,11.059596,19.858744
10796,gamma,smarter,10.960704,19.677324
10797,gamma,smarter,10.984614,19.913607
10798,gamma,smarter,14.828037,7.3264203
10799,gamma,smarter,11.026263,19.970366
10800,gamma,smarter,10.920811,19.905943
10801,gamma,smarter,10.948476,19.956066
10802,gamma,smarter,11.019217,19.62509
10803,gamma,smarter,10.52653,19.62076
10804,gamma,smarter,10.812106,19.726402
10805,gamma,smarter,10.798796,19.817514
10806,gamma,smarter,10.868016,19.845686
10807,gamma,smarter,10.415988,19.743446
10808,gamma,smarter,10.747885,19.895065
10809,gamma,smarter,10.954445,19.914307
10810,gamma,smarter,10.651632,19.698074
10811,gamma,smarter,10.528766,19.700207
10812,gamma,smarter,10.640821,19.629366
10813,gamma,smarter,10.967155,19.980755
10814,gamma,smarter,10.934138,19.85281
10815,gamma,smarter,10.731814,19.748909
10816,gamma,smarter,10.738608,19.625193
10817,gamma,smarter,10.787012,19.750814
10818,gamma,smarter,10.869857,19.946093
10819,gamma,smarter,11.106656,19.884933
10820,beta,smarter,7.161304,13.640482
10821,beta,smarter,6.533229,13.971994
10822,beta,smarter,5.230432,15.784445
10823,beta,smarter,5.913935,15.99291
10824,beta,smarter,6.442539,13.5812845
10825,beta,smarter,7.122751,13.690148
10826,beta,smarter,6.345262,14.168732
10827,beta,smarter,6.3625517,14.910626
10828,beta,smarter,5.846667,15.616598
10829,beta,smarter,7.064306,13.592459
10830,beta,smarter,5.8791895,13.504958
10831,beta,smarter,6.272666,13.526401
10832,beta,smarter,6.080957,13.625482
10833,beta,smarter,5.6977754,13.147188
10834,beta,smarter,9.731536,5.914953
10835,beta,smarter,7.124091,14.024848
10836,beta,smarter,5.859858,15.368577
10837,beta,smarter,7.026882,13.755386
10838,beta,smarter,6.7618947,14.458023
10839,beta,smarter,6.830966,13.842251
10840,beta,smarter,7.1112804,13.592265
10841,beta,smarter,7.128192,13.745402
10842,beta,smarter,5.2906995,15.011884
10843,beta,smarter,6.318114,14.32639
10844,beta,smarter,5.875768,13.656787
10845,beta,smarter,5.9112797,14.208462
10846,beta,smarter,7.395938,13.79918
10847,beta,smarter,7.075871,13.832827
10848,beta,smarter,9.692874,5.8876987
10849,beta,smarter,7.044486,13.743777
10850,beta,smarter,5.6043406,13.856393
10851,beta,smarter,7.157401,13.7448
10852,beta,smarter,5.3726716,13.462903
10853,beta,smarter,7.0579143,13.802253
10854,beta,smarter,6.919856,14.465163
10855,beta,smarter,7.4688644,13.83192
10856,beta,smarter,7.310316,14.0320835
10857,beta,smarter,7.315309,13.838597
10858,beta,smarter,5.9034095,13.277189
10859,beta,smarter,7.097712,13.869175
10860,beta,smarter,5.962275,14.262765
10861,beta,smarter,6.6535254,13.840594
10862,beta,smarter,6.2797036,14.440132
10863,beta,smarter,5.5742254,16.140429
10864,beta,smarter,5.7720737,15.191769
10865,beta,smarter,5.9535913,14.157507
10866,beta,smarter,6.262747,14.367156
10867,beta,smarter,6.169159,15.197723
10868,beta,smarter,5.107976,14.594091
10869,beta,smarter,5.7196193,13.915522
10870,beta,smarter,7.1478987,14.731803
10871,beta,smarter,5.787514,16.159893
10872,beta,smarter,6.1340885,13.983474
10873,beta,smarter,6.281231,14.541955
10874,beta,smarter,5.138352,14.950571
10875,beta,smarter,6.8560867,13.905861
10876,beta,smarter,6.114776,15.418621
10877,beta,smarter,5.3856516,15.917153
10878,beta,smarter,6.9267325,14.523702
10879,beta,smarter,11.284474,0.26117772
10880,beta,smarter,5.3598304,13.406245
10881,beta,smarter,5.72267,14.157699
10882,beta,smarter,5.3421235,13.668039
10883,beta,smarter,6.1840186,14.0734215
10884,beta,smarter,4.6137195,15.262164
10885,beta,smarter,5.44076,13.438725
10886,beta,smarter,4.0115447,15.788063
10887,beta,smarter,6.426915,13.994505
10888,beta,smarter,5.602918,14.214207
10889,beta,smarter,5.6647334,13.775512
10890,beta,smarter,5.7219367,13.519372
10891,beta,smarter,5.622977,14.285938
10892,beta,smarter,4.630965,15.291289
10893,beta,smarter,5.506748,15.918123
10894,beta,smarter,5.656989,14.254723
10895,beta,smarter,6.1731205,14.030463
10896,beta,smarter,6.112734,13.92418
10897,beta,smarter,5.5665827,14.653516
10898,beta,smarter,6.5502496,15.78056
10899,beta,smarter,6.925615,14.616662
10900,beta,smarter,5.6185102,14.216675
10901,beta,smarter,5.709476,14.296357
10902,beta,smarter,5.85489,14.183778
10903,beta,smarter,6.1365075,13.867182
10904,beta,smarter,6.93768,15.442708
10905,beta,smarter,5.9672866,14.607872
10906,beta,smarter,5.826592,13.716925
10907,beta,smarter,5.6606016,13.898662
10908,beta,smarter,6.140932,14.372399
10909,beta,smarter,5.6039486,14.318223
10910,beta,smarter,7.070295,13.887758
10911,beta,smarter,6.108378,15.27879
10912,beta,smarter,5.9245224,14.680954
10913,beta,smarter,6.2007546,14.094931
10914,beta,smarter,6.331279,13.986244
10915,beta,smarter,6.2522736,14.361383
10916,beta,smarter,4.2265577,15.332614
10917,beta,smarter,5.206545,14.909417
10918,beta,smarter,5.9810157,13.981577
10919,beta,smarter,6.0590987,13.788928
10920,beta,smarter,5.750882,14.234606
10921,beta,smarter,5.7087054,13.098407
10922,beta,smarter,5.7852182,13.098707
10923,beta,smarter,5.796692,13.966019
10924,beta,smarter,4.0717688,15.894061
10925,beta,smarter,5.6515045,14.1330385
10926,beta,smarter,5.040762,15.037011
10927,beta,smarter,5.7928476,13.31065
10928,beta,smarter,5.324519,14.044374
10929,beta,smarter,6.727788,13.911377
10930,beta,smarter,5.687185,14.846542
10931,beta,smarter,5.8558774,16.371487
10932,beta,smarter,7.0794787,14.586593
10933,beta,smarter,5.247874,13.48158
10934,beta,smarter,4.7632713,14.978972
10935,beta,smarter,5.663945,15.446614
10936,beta,smarter,5.4172544,14.397815
10937,beta,smarter,5.869251,14.944377
10938,beta,smarter,5.354397,13.414771
10939,beta,smarter,6.333287,16.21818
10940,beta,smarter,5.6344233,14.601249
10941,beta,smarter,6.3974957,14.582879
10942,beta,smarter,11.3843975,-0.37076724
10943,beta,smarter,4.649767,15.362187
10944,beta,smarter,5.223895,15.11461
10945,beta,smarter,5.863964,14.133931
10946,beta,smarter,5.921789,14.312834
10947,beta,smarter,6.522765,14.070121
10948,beta,smarter,4.3209867,14.742581
10949,beta,smarter,5.894287,14.146757
10950,beta,smarter,6.198992,14.110126
10951,beta,smarter,6.936266,14.844863
10952,beta,smarter,5.8787847,14.31827
10953,beta,smarter,6.0553207,14.38184
10954,beta,smarter,6.0061255,14.083966
10955,beta,smarter,5.435808,14.927918
10956,beta,smarter,4.643408,15.325905
10957,beta,smarter,5.5706787,14.146713
10958,beta,smarter,5.425168,14.814166
10959,beta,smarter,5.9860053,14.03557
10960,beta,smarter,3.7733464,14.850281
10961,beta,smarter,6.5200496,13.986988
10962,beta,smarter,5.28816,14.38087
10963,beta,smarter,5.617499,14.257256
10964,beta,smarter,5.3910294,14.948525
10965,beta,smarter,6.1030903,14.566407
10966,beta,smarter,5.570621,14.426231
10967,beta,smarter,14.110083,7.047235
10968,beta,smarter,5.7611284,14.362836
10969,beta,smarter,9.69639,5.8900476
10970,beta,smarter,6.050367,13.921443
10971,beta,smarter,5.869956,14.518467
10972,beta,smarter,6.1871142,14.427063
10973,beta,smarter,5.964517,13.620562
10974,beta,smarter,5.635761,14.338126
10975,beta,smarter,5.494083,14.402326
10976,beta,smarter,6.2281466,16.114914
10977,beta,smarter,4.9660697,15.255994
10978,beta,smarter,3.9638271,15.392368
10979,beta,smarter,5.510534,14.69903
10980,beta,smarter,5.9839725,13.913127
10981,beta,smarter,6.386974,13.558607
10982,beta,smarter,6.1934314,15.954683
10983,beta,smarter,5.418072,14.040721
10984,beta,smarter,7.013631,14.245628
10985,beta,smarter,5.221394,14.382474
10986,beta,smarter,6.2753015,13.609969
10987,beta,smarter,5.4305973,14.164991
10988,beta,smarter,5.161753,15.242558
10989,beta,smarter,4.5947194,14.263275
10990,beta,smarter,6.8294525,13.8737545
10991,beta,smarter,4.472633,15.282566
10992,beta,smarter,4.9573,14.893102
10993,beta,smarter,5.5881476,14.368097
10994,beta,smarter,5.315952,14.759454
10995,beta,smarter,4.601515,15.0219755
10996,beta,smarter,4.362089,15.470163
10997,beta,smarter,7.1686783,13.943533
10998,beta,smarter,6.7490883,14.378924
10999,beta,smarter,5.419962,14.821047
11000,beta,smarter,5.050825,14.297157
11001,beta,smarter,5.559623,13.98654
11002,beta,smarter,7.105583,13.7861185
11003,beta,smarter,6.077074,13.59759
11004,beta,smarter,4.020555,15.78189
11005,beta,smarter,5.9434237,13.905134
11006,beta,smarter,5.2742376,14.048731
11007,beta,smarter,5.773893,13.571651
11008,beta,smarter,4.1604533,14.765913
11009,beta,smarter,6.480703,13.394148
11010,beta,smarter,5.977032,13.800932
11011,beta,smarter,6.0287294,15.550378
11012,beta,smarter,6.2247334,14.661296
11013,beta,smarter,11.318063,0.5345264
11014,beta,smarter,6.129899,14.387664
11015,beta,smarter,6.5754175,0.1909668
11016,beta,smarter,6.4870505,15.001318
11017,beta,smarter,7.015327,13.8272705
11018,beta,smarter,7.0076146,13.58853
11019,beta,smarter,6.53426,13.608005
11020,beta,smarter,7.082107,15.107342
11021,beta,smarter,6.7038255,13.434982
11022,beta,smarter,6.2418404,13.303538
11023,beta,smarter,6.9811068,14.181543
11024,beta,smarter,4.925088,15.019749
11025,beta,smarter,7.061189,13.744435
11026,beta,smarter,6.970381,13.55255
11027,beta,smarter,6.971479,13.549433
11028,beta,smarter,6.302294,14.308174
11029,beta,smarter,7.096187,13.777889
11030,beta,smarter,4.693149,15.322628
11031,beta,smarter,6.9796767,13.562719
11032,beta,smarter,6.6002493,13.77438
11033,beta,smarter,6.2775435,13.283274
11034,beta,smarter,6.2991858,15.859594
11035,beta,smarter,7.034359,13.483079
11036,beta,smarter,6.890969,13.651091
11037,beta,smarter,7.106587,13.693048
11038,beta,smarter,4.1533203,15.246922
11039,beta,smarter,6.4038367,13.488022
11040,beta,smarter,6.5567384,13.778113
11041,beta,smarter,6.2847195,15.667738
11042,beta,smarter,5.728016,16.206663
11043,beta,smarter,7.046612,13.500453
11044,beta,smarter,7.093001,13.724418
11045,beta,smarter,5.98145,15.296401
11046,beta,smarter,7.1846256,14.125371
11047,beta,smarter,6.617749,13.443402
11048,beta,smarter,7.12982,13.646249
11049,beta,smarter,7.2023673,14.294941
11050,beta,smarter,7.132234,13.690543
11051,beta,smarter,7.0744624,13.619096
11052,beta,smarter,6.5841665,13.653798
11053,beta,smarter,7.0916677,13.701144
11054,beta,smarter,6.7382956,13.590877
11055,beta,smarter,6.840121,14.6749325
11056,beta,smarter,7.0226383,13.463355
11057,beta,smarter,7.0457687,13.801714
11058,beta,smarter,6.8729444,13.749936
11059,beta,smarter,6.606758,13.964094
11060,beta,smarter,7.083644,13.799518
11061,beta,smarter,6.931494,14.083803
11062,beta,smarter,6.9161973,13.443226
11063,beta,smarter,6.4078,15.572131
11064,beta,smarter,7.113246,13.689864
11065,beta,smarter,7.2131805,13.607929
11066,beta,smarter,6.518151,13.423722
11067,beta,smarter,6.8243346,13.507893
11068,beta,smarter,7.0191617,13.749224
11069,beta,smarter,7.2364225,13.632598
11070,beta,smarter,5.2938833,16.047756
11071,beta,smarter,4.311382,15.220017
11072,beta,smarter,7.079934,13.429778
11073,beta,smarter,6.8040524,13.602715
11074,beta,smarter,6.5552983,14.009308
11075,beta,smarter,6.9635124,13.594873
11076,beta,smarter,7.0533733,13.739548
11077,beta,smarter,5.790241,14.007614
11078,beta,smarter,5.0127196,14.6551285
11079,beta,smarter,6.5464034,13.436684
11080,beta,smarter,6.813001,13.48897
11081,beta,smarter,6.6396666,13.310269
11082,beta,smarter,6.821208,14.082606
11083,beta,smarter,7.0858097,13.4847555
11084,beta,smarter,6.783542,13.559037
11085,beta,smarter,6.986128,13.494623
11086,beta,smarter,6.5801306,15.984918
11087,beta,smarter,7.223963,13.662169
11088,beta,smarter,6.416454,13.691176
11089,beta,smarter,6.8619003,13.705638
11090,beta,smarter,4.918828,15.307558
11091,beta,smarter,6.79661,15.043002
11092,beta,smarter,6.9334345,13.665631
11093,beta,smarter,4.652941,15.432201
11094,beta,smarter,7.1131525,13.469861
11095,beta,smarter,6.095641,14.69157
11096,beta,smarter,6.988148,13.408581
11097,beta,smarter,6.5292373,13.875967
11098,alpha,smarter,15.039464,9.030273
11099,alpha,smarter,15.367049,7.8153634
11100,alpha,smarter,14.827794,6.4192095
11101,alpha,smarter,14.934076,6.4261394
11102,alpha,smarter,14.256902,7.6383634
11103,alpha,smarter,14.866679,6.3093667
11104,alpha,smarter,15.781154,7.5158806
11105,alpha,smarter,14.626577,6.778472
11106,alpha,smarter,15.411748,6.9829264
11107,alpha,smarter,14.529101,6.5420413
11108,alpha,smarter,14.487218,6.5287895
11109,alpha,smarter,15.370354,8.812064
11110,alpha,smarter,15.354783,7.204904
11111,alpha,smarter,15.220289,7.0684896
11112,alpha,smarter,15.061657,6.3663797
11113,alpha,smarter,14.568561,6.459337
11114,alpha,smarter,16.205027,7.6249638
11115,alpha,smarter,15.745227,7.2735786
11116,alpha,smarter,14.556823,6.4406614
11117,alpha,smarter,15.808209,6.736924
11118,alpha,smarter,14.976222,9.1390505
11119,alpha,smarter,14.105538,6.7721906
11120,alpha,smarter,15.153941,6.331237
11121,alpha,smarter,14.995566,7.214961
11122,alpha,smarter,15.431981,7.21723
11123,alpha,smarter,15.465393,8.065927
11124,alpha,smarter,15.223299,6.748053
11125,alpha,smarter,7.6143804,13.820505
11126,alpha,smarter,14.694016,7.3186827
11127,alpha,smarter,14.510513,7.6534343
11128,alpha,smarter,14.424069,8.021788
11129,alpha,smarter,13.768534,7.5066957
11130,alpha,smarter,15.407428,6.3712063
11131,alpha,smarter,16.24888,6.30123
11132,alpha,smarter,16.114891,6.2277913
11133,alpha,smarter,14.840424,7.574701
11134,alpha,smarter,16.29642,6.6259737
11135,alpha,smarter,16.308279,6.118166
11136,alpha,smarter,16.287691,7.0084934
11137,alpha,smarter,15.419587,8.136874
11138,alpha,smarter,14.422862,6.4332495
11139,alpha,smarter,16.284285,6.352019
11140,alpha,smarter,16.182074,6.553876
11141,alpha,smarter,16.292965,6.409581
11142,alpha,smarter,16.347353,6.607287
11143,alpha,smarter,16.102339,8.640172
11144,alpha,smarter,16.01227,8.551642
11145,alpha,smarter,14.692607,9.208523
11146,alpha,smarter,14.986708,9.1792
11147,alpha,smarter,16.5217,8.667618
11148,alpha,smarter,14.72554,9.250896
11149,alpha,smarter,15.24115,7.676117
11150,alpha,smarter,15.7020645,9.128741
11151,alpha,smarter,15.001214,9.076472
11152,alpha,smarter,16.110373,8.50746
11153,alpha,smarter,14.253242,7.9301753
11154,alpha,smarter,15.467456,6.537857
11155,alpha,smarter,14.64002,9.096685
11156,alpha,smarter,14.636637,7.7572637
11157,alpha,smarter,15.116043,9.163522
11158,alpha,smarter,16.214956,8.709495
11159,alpha,smarter,15.147143,8.284877
11160,alpha,smarter,10.946185,-1.0491415
11161,alpha,smarter,16.240025,6.4576654
11162,alpha,smarter,16.203009,6.310647
11163,alpha,smarter,16.240889,6.2925653
11164,alpha,smarter,16.461683,6.6775656
11165,alpha,smarter,13.728029,7.1780763
11166,alpha,smarter,15.920431,7.777613
11167,alpha,smarter,16.077854,6.4465785
11168,alpha,smarter,16.295868,6.0925245
11169,alpha,smarter,16.296856,6.096107
11170,alpha,smarter,15.26032,6.554191
11171,alpha,smarter,16.246542,6.1272335
11172,alpha,smarter,15.036727,6.4373083
11173,alpha,smarter,15.181461,7.470346
11174,alpha,smarter,15.197833,6.587719
11175,alpha,smarter,15.445986,6.5734115
11176,alpha,smarter,15.451422,6.8225517
11177,alpha,smarter,14.658445,7.8440847
11178,alpha,smarter,14.445001,9.142672
11179,alpha,smarter,15.169794,7.820843
11180,alpha,smarter,14.621302,7.822228
11181,alpha,smarter,15.995689,7.9746966
11182,alpha,smarter,15.033391,8.05928
11183,alpha,smarter,15.174749,7.7325096
11184,alpha,smarter,15.450653,7.6795807
11185,alpha,smarter,14.927686,7.7833714
11186,alpha,smarter,14.623103,7.883126
11187,alpha,smarter,15.490538,7.14365
11188,alpha,smarter,15.108147,9.217354
11189,alpha,smarter,15.484119,6.234635
11190,alpha,smarter,14.022766,9.054536
11191,alpha,smarter,15.798303,7.823988
11192,alpha,smarter,14.204999,8.407155
11193,alpha,smarter,14.570842,7.32334
11194,alpha,smarter,14.613443,7.1789308
11195,alpha,smarter,16.004154,8.603163
11196,alpha,smarter,16.34788,8.321721
11197,alpha,smarter,13.590816,8.742465
11198,alpha,smarter,15.162818,9.05092
11199,alpha,smarter,15.754086,8.26668
11200,alpha,smarter,14.027844,8.687188
11201,alpha,smarter,14.16151,7.8119326
11202,alpha,smarter,16.232769,8.6189375
11203,alpha,smarter,14.593534,8.540168
11204,alpha,smarter,14.078775,7.4449496
11205,alpha,smarter,15.189583,7.947671
11206,alpha,smarter,15.12432,6.7884293
11207,alpha,smarter,14.840517,6.952966
11208,alpha,smarter,14.359625,8.15743
11209,alpha,smarter,15.386835,7.167595
11210,alpha,smarter,16.339205,8.666044
11211,alpha,smarter,14.691317,7.3858504
11212,alpha,smarter,15.158581,6.577554
11213,alpha,smarter,15.371996,6.328708
11214,alpha,smarter,14.701753,8.323739
11215,alpha,smarter,15.962293,6.7547975
11216,alpha,smarter,14.783554,7.563467
11217,alpha,smarter,15.34313,6.1572447
11218,alpha,smarter,15.080942,7.1816015
11219,alpha,smarter,16.561306,8.609438
11220,alpha,smarter,14.103891,7.074387
11221,alpha,smarter,15.206033,6.2759795
11222,alpha,smarter,15.077818,7.1610084
11223,alpha,smarter,14.215605,7.683903
11224,alpha,smarter,15.443847,7.830877
11225,alpha,smarter,14.634055,7.9164257
11226,alpha,smarter,15.216347,8.276739
11227,alpha,smarter,16.249983,8.323466
11228,alpha,smarter,14.628333,7.9796677
11229,alpha,smarter,14.946878,6.44309
11230,alpha,smarter,14.305073,7.144492
11231,alpha,smarter,15.1692,7.805456
11232,alpha,smarter,15.02302,6.3119965
11233,alpha,smarter,14.868865,7.5307393
11234,alpha,smarter,15.404861,6.8431997
11235,alpha,smarter,6.49759,-0.0644646
11236,alpha,smarter,14.464392,7.1064377
11237,alpha,smarter,14.730911,7.1716666
11238,alpha,smarter,15.139231,7.017219
11239,alpha,smarter,11.183009,-0.372362
11240,alpha,smarter,14.404741,8.625914
11241,alpha,smarter,14.849633,6.5637155
11242,alpha,smarter,15.019552,6.769442
11243,alpha,smarter,14.637767,6.497892
11244,alpha,smarter,15.435513,7.542796
11245,alpha,smarter,14.139868,6.9336557
11246,alpha,smarter,14.678681,8.049419
11247,alpha,smarter,14.48423,7.12326
11248,alpha,smarter,14.817456,8.575922
11249,alpha,smarter,15.167423,6.474554
11250,alpha,smarter,14.650825,7.4480166
11251,alpha,smarter,15.4402895,7.7481747
11252,alpha,smarter,15.070765,6.2263713
11253,alpha,smarter,14.49744,8.122141
11254,alpha,smarter,15.060761,8.1533985
11255,alpha,smarter,15.3102665,6.319338
11256,alpha,smarter,15.24861,9.547953
11257,alpha,smarter,16.003513,7.0915694
11258,alpha,smarter,15.705084,6.464766
11259,alpha,smarter,15.815965,6.403349
11260,alpha,smarter,14.994309,7.4491777
11261,alpha,smarter,14.802121,7.7588224
11262,alpha,smarter,15.18343,6.5909824
11263,alpha,smarter,14.785201,7.29783
11264,alpha,smarter,11.416787,-0.6767909
11265,alpha,smarter,14.992147,8.224217
11266,alpha,smarter,15.482347,7.662829
11267,alpha,smarter,14.37954,8.209363
11268,alpha,smarter,15.684346,6.800247
11269,alpha,smarter,15.756159,6.5979123
11270,alpha,smarter,14.979916,7.637525
11271,alpha,smarter,14.760085,6.6333475
11272,alpha,smarter,15.679262,6.386845
11273,alpha,smarter,14.57922,7.927611
11274,alpha,smarter,13.689049,7.354835
11275,alpha,smarter,14.433966,7.025984
11276,alpha,smarter,14.216619,8.215357
11277,alpha,smarter,15.371389,6.3492317
11278,alpha,smarter,14.348413,8.532993
11279,alpha,smarter,13.935251,7.2611885
11280,alpha,smarter,14.856334,6.4470625
11281,alpha,smarter,15.429381,6.2922564
11282,alpha,smarter,15.263305,6.313137
11283,alpha,smarter,16.17601,7.8054895
11284,alpha,smarter,15.533745,6.895169
11285,alpha,smarter,15.072104,6.31868
11286,alpha,smarter,15.305785,7.0987253
11287,alpha,smarter,14.246186,8.55484
11288,alpha,smarter,14.723564,8.794068
11289,alpha,smarter,14.605442,6.712519
11290,alpha,smarter,14.028506,8.794804
11291,alpha,smarter,16.184673,8.046387
11292,alpha,smarter,14.689187,7.386647
11293,alpha,smarter,14.233367,7.0710483
11294,alpha,smarter,14.7513685,7.6519384
11295,alpha,smarter,15.115238,6.851205
11296,alpha,smarter,15.126331,7.341252
11297,alpha,smarter,15.330555,7.9153247
11298,alpha,smarter,15.50655,6.4431505
11299,alpha,smarter,14.799536,8.402188
11300,alpha,smarter,14.695739,7.407102
11301,alpha,smarter,15.281828,6.4644275
11302,alpha,smarter,14.934975,8.2303505
11303,alpha,smarter,15.7706585,7.85265
11304,alpha,smarter,15.403276,6.6858916
11305,alpha,smarter,14.816167,6.7720623
11306,alpha,smarter,14.743119,7.0197716
11307,alpha,smarter,16.24165,7.1003885
11308,alpha,smarter,14.841247,6.862783
11309,alpha,smarter,15.315112,6.3956633
11310,alpha,smarter,15.1899805,6.322473
11311,alpha,smarter,14.524859,6.994502
11312,alpha,smarter,15.584509,6.3795295
11313,alpha,smarter,14.824876,6.5672393
11314,alpha,smarter,15.920048,7.526384
11315,alpha,smarter,14.752911,7.500602
11316,alpha,smarter,15.156723,7.390316
11317,alpha,smarter,15.534854,6.4466767
11318,alpha,smarter,15.374531,6.40832
11319,alpha,smarter,15.401448,7.1531134
11320,alpha,smarter,15.644197,6.578404
11321,alpha,smarter,15.089395,7.1470776
11322,alpha,smarter,15.040873,6.4187055
11323,alpha,smarter,15.027855,6.351415
11324,alpha,smarter,15.849548,7.8544393
11325,alpha,smarter,16.113602,8.2321825
11326,alpha,smarter,14.89376,6.227932
11327,alpha,smarter,15.538648,8.129325
11328,alpha,smarter,14.530535,6.4062166
11329,alpha,smarter,14.67361,6.2764215
11330,alpha,smarter,14.332175,7.5352583
11331,alpha,smarter,14.239478,7.55151
11332,alpha,smarter,14.218351,7.2937865
11333,alpha,smarter,14.511099,6.6969357
11334,alpha,smarter,14.131071,7.5717163
11335,alpha,smarter,14.281049,7.508805
11336,alpha,smarter,14.949625,9.223364
11337,alpha,smarter,14.281294,7.5448627
11338,alpha,smarter,13.934014,7.4211483
11339,alpha,smarter,14.190596,7.483672
11340,alpha,smarter,14.379513,7.2725263
11341,alpha,smarter,14.257104,7.482362
11342,alpha,smarter,14.572896,7.2812037
11343,alpha,smarter,14.852228,7.666667
11344,alpha,smarter,15.579034,7.9951344
11345,alpha,smarter,13.95975,7.511097
11346,alpha,smarter,14.530142,7.6502113
11347,alpha,smarter,14.936698,7.6197124
11348,alpha,smarter,13.693036,7.330474
11349,alpha,smarter,15.854851,6.3237433
11350,alpha,smarter,14.205629,7.516265
11351,alpha,smarter,14.225563,7.6266246
11352,alpha,smarter,14.695762,6.710408
11353,alpha,smarter,14.677156,8.674891
11354,alpha,smarter,15.377584,8.488386
11355,alpha,smarter,15.4102335,8.659027
11356,alpha,smarter,14.06978,8.27522
11357,alpha,smarter,13.678906,8.441655
11358,alpha,smarter,14.480105,7.3215337
11359,alpha,smarter,13.831451,8.763875
11360,alpha,smarter,14.429723,9.067613
11361,alpha,smarter,13.8046665,8.405598
11362,alpha,smarter,13.947511,9.303513
11363,alpha,smarter,15.788543,8.974941
11364,alpha,smarter,15.666008,8.496132
11365,alpha,smarter,14.054547,9.080286
11366,alpha,smarter,15.709647,8.0681
11367,alpha,smarter,15.958718,7.1029444
11368,alpha,smarter,15.018757,8.322552
11369,alpha,smarter,14.762584,8.360315
11370,alpha,smarter,14.427768,8.54909
11371,alpha,smarter,16.00886,6.50151
11372,alpha,smarter,14.263189,8.0355425
11373,alpha,smarter,16.034878,7.0224457
11374,alpha,smarter,15.410462,8.332672
11375,alpha,smarter,15.436492,8.814101
11376,alpha,smarter,16.176573,8.606164
11377,alpha,smarter,15.66783,8.084479
11378,alpha,smarter,15.162106,8.722579
11379,alpha,smarter,15.032503,8.78705
11380,alpha,smarter,16.357805,8.65544
11381,alpha,smarter,15.1397295,7.6545315
11382,alpha,smarter,15.9958725,8.338817
11383,alpha,smarter,14.388891,9.237421
11384,alpha,smarter,14.537225,8.052595
11385,alpha,smarter,14.3113,7.9421577
11386,alpha,smarter,15.503893,8.346812
11387,alpha,smarter,15.714778,8.260695
11388,alpha,smarter,14.74324,8.964894
11389,alpha,smarter,15.675696,8.463226
11390,alpha,smarter,16.447826,8.716435
11391,alpha,smarter,14.480135,7.944039
11392,alpha,smarter,15.509612,8.704398
11393,alpha,smarter,14.418364,9.328336
11394,alpha,smarter,14.928091,8.757638
11395,alpha,smarter,15.404704,8.812555
11396,alpha,smarter,16.43287,7.08263
11397,alpha,smarter,15.851297,7.2603874
11398,alpha,smarter,13.756257,8.867554
11399,alpha,smarter,16.400312,8.19417
11400,alpha,smarter,15.691546,7.8281894
11401,alpha,smarter,16.035248,8.392809
11402,alpha,smarter,14.288135,8.844951
11403,alpha,smarter,15.65661,8.358969
11404,alpha,smarter,14.079174,7.9363213
11405,alpha,smarter,15.783825,8.552569
11406,alpha,smarter,15.479398,8.757449
11407,alpha,smarter,14.16752,8.418739
11408,alpha,smarter,14.253312,9.111084
11409,alpha,smarter,13.9851,8.809952
11410,alpha,smarter,14.728259,8.866198
11411,alpha,smarter,15.333222,8.695201
11412,alpha,smarter,15.871405,8.055753
11413,alpha,smarter,15.400304,8.824754
11414,alpha,smarter,14.009702,8.515889
11415,alpha,smarter,14.836422,8.912635
11416,alpha,smarter,14.293648,8.444878
11417,alpha,smarter,14.261672,8.48668
11418,alpha,smarter,15.19433,8.921253
11419,alpha,smarter,14.2021675,8.686
11420,alpha,smarter,15.657448,8.494828
11421,alpha,smarter,15.081804,7.8653502
11422,alpha,smarter,14.183589,8.8875675
11423,alpha,smarter,14.559673,7.4300575
11424,alpha,smarter,15.17167,7.4348373
11425,alpha,smarter,15.625764,8.490165
11426,alpha,smarter,15.7151985,8.69678
11427,alpha,smarter,14.547484,8.843213
11428,alpha,smarter,16.622122,8.268701
11429,alpha,smarter,15.614399,8.66784
11430,alpha,smarter,14.411373,8.924384
11431,alpha,smarter,14.844554,8.857006
11432,alpha,smarter,15.862228,8.5157585
11433,alpha,smarter,14.714465,7.487659
11434,alpha,smarter,16.31774,8.320471
11435,alpha,smarter,15.239018,6.501923
11436,alpha,smarter,15.47429,7.491654
11437,alpha,smarter,14.384784,7.9652214
11438,alpha,smarter,14.748512,8.288231
11439,alpha,smarter,16.58772,7.364793
11440,alpha,smarter,16.196022,8.202295
11441,alpha,smarter,15.949205,7.247023
11442,alpha,smarter,15.865709,8.502089
11443,alpha,smarter,16.321344,8.079318
11444,alpha,smarter,15.060346,8.3787
11445,alpha,smarter,16.215876,7.582174
11446,alpha,smarter,14.9914255,7.1612515
11447,alpha,smarter,15.60629,7.2225738
11448,alpha,smarter,16.51928,7.894456
11449,alpha,smarter,15.712855,7.7407413
11450,alpha,smarter,9.7055435,5.895245
11451,alpha,smarter,15.618328,7.6238337
11452,alpha,smarter,15.899706,7.6514163
11453,alpha,smarter,15.720091,8.439655
11454,alpha,smarter,16.718477,8.190754
11455,alpha,smarter,16.158354,8.233876
11456,alpha,smarter,16.421305,8.569552
11457,alpha,smarter,16.242887,7.656864
11458,alpha,smarter,15.679099,8.366221
11459,alpha,smarter,15.630854,6.930153
11460,alpha,smarter,16.492008,7.647958
11461,alpha,smarter,15.652766,6.468899
11462,alpha,smarter,16.340797,6.886586
11463,alpha,smarter,14.692088,8.370629
11464,alpha,smarter,14.324169,7.8417387
11465,alpha,smarter,15.763039,7.3924336
11466,alpha,smarter,15.751239,6.599825
11467,alpha,smarter,16.65599,8.275905
11468,alpha,smarter,16.120892,8.242746
11469,alpha,smarter,15.799325,7.797227
11470,alpha,smarter,15.017562,8.794987
11471,alpha,smarter,16.1269,8.07724
11472,alpha,smarter,15.142025,6.5812964
11473,alpha,smarter,15.525393,7.4814544
11474,alpha,smarter,16.247644,7.831923
11475,alpha,smarter,14.127639,8.93421
11476,alpha,smarter,14.978675,8.700004
11477,alpha,smarter,16.318222,7.136757
11478,alpha,smarter,16.20676,8.311934
11479,alpha,smarter,16.43452,8.31412
11480,alpha,smarter,15.736746,7.158908
11481,alpha,smarter,16.47913,6.9440446
11482,alpha,smarter,15.313267,7.512872
11483,alpha,smarter,15.831042,7.6525655
11484,alpha,smarter,15.75177,7.570398
11485,alpha,smarter,16.068394,8.17367
11486,alpha,smarter,15.755042,7.496148
11487,alpha,smarter,14.8717375,6.8872495
11488,alpha,smarter,16.029537,8.113622
11489,alpha,smarter,16.201645,7.865251
11490,alpha,smarter,16.382027,6.768392
11491,alpha,smarter,15.425978,7.2129397
11492,alpha,smarter,14.999004,8.204598
11493,alpha,smarter,15.806405,7.684021
11494,alpha,smarter,14.956574,7.2496285
11495,alpha,smarter,16.102333,8.273876
11496,alpha,smarter,16.121754,6.801303
11497,alpha,smarter,16.643328,8.5703
11498,alpha,smarter,16.546822,8.686477
11499,alpha,smarter,14.278999,9.182293
11500,alpha,smarter,15.695611,7.990355
11501,alpha,smarter,15.669055,7.673686
11502,alpha,smarter,15.249156,7.9088836
11503,alpha,smarter,15.404465,6.128168
11504,alpha,smarter,16.437052,7.362291
11505,alpha,smarter,16.102959,7.9910064
11506,alpha,smarter,14.873961,7.2151904
11507,alpha,smarter,16.125532,7.005451
11508,alpha,smarter,16.38581,7.1347876
11509,alpha,smarter,16.258762,8.437567
11510,alpha,smarter,15.207152,6.4147067
11511,alpha,smarter,16.615934,7.1883945
11512,alpha,smarter,15.793862,6.839696
11513,alpha,smarter,15.737162,6.8942237
11514,alpha,smarter,16.19691,7.8703666
11515,alpha,smarter,14.173731,9.252001
11516,alpha,smarter,16.479996,8.246137
11517,alpha,smarter,15.48373,7.8261433
11518,alpha,smarter,16.370192,6.9582853
11519,alpha,smarter,15.604476,7.2975545
11520,alpha,smarter,15.034161,7.800666
11521,alpha,smarter,15.388727,6.368064
11522,alpha,smarter,14.30661,8.417659
11523,alpha,smarter,14.9015255,6.3821063
11524,alpha,smarter,15.245386,6.725033
11525,alpha,smarter,16.40961,7.3322573
11526,alpha,smarter,16.289217,7.621815
11527,alpha,smarter,15.439807,7.982089
11528,alpha,smarter,15.989697,7.019447
11529,alpha,smarter,15.927577,6.9605293
11530,alpha,smarter,16.152954,6.8622355
11531,alpha,smarter,15.579588,6.976281
11532,alpha,smarter,15.938999,7.1456203
11533,alpha,smarter,16.392376,7.3174334
11534,alpha,smarter,15.912657,6.8780737
11535,alpha,smarter,15.78463,6.9268775
11536,alpha,smarter,16.275097,7.0687513
11537,alpha,smarter,15.657117,7.71736
11538,alpha,smarter,12.610908,6.9651237
11539,alpha,smarter,16.567799,8.50267
11540,alpha,smarter,16.47293,7.3385286
11541,alpha,smarter,15.1449175,8.436463
11542,alpha,smarter,16.403513,7.3667154
11543,alpha,smarter,15.256256,7.546428
11544,alpha,smarter,15.965304,7.327859
11545,alpha,smarter,16.265554,7.6433644
11546,alpha,smarter,11.388298,-0.7410795
11547,alpha,smarter,15.639162,6.5203104
11548,alpha,smarter,16.046938,6.7748685
11549,alpha,smarter,16.703566,7.500324
11550,alpha,smarter,15.033174,6.5203323
11551,alpha,smarter,15.7373,6.589996
11552,alpha,smarter,16.54178,7.517664
11553,alpha,smarter,16.279224,7.1819525
11554,alpha,smarter,15.450515,6.4513526
11555,alpha,smarter,15.2276,6.220163
11556,alpha,smarter,16.510239,7.5465016
11557,alpha,smarter,14.73523,6.663223
11558,alpha,smarter,16.227264,6.984438
11559,alpha,smarter,16.010637,6.729779
11560,alpha,smarter,15.897989,6.8417463
11561,alpha,smarter,16.097162,7.2679234
11562,alpha,smarter,15.508312,7.355477
11563,alpha,smarter,16.122337,7.277994
11564,alpha,smarter,16.385067,6.917022
11565,alpha,smarter,16.333357,7.0705028
11566,alpha,smarter,16.03768,7.2001667
11567,alpha,smarter,14.036502,8.4781
11568,alpha,smarter,15.769402,6.8158917
11569,alpha,smarter,14.82891,6.950689
11570,alpha,smarter,15.374473,6.4874306
11571,alpha,smarter,16.258057,6.809841
11572,alpha,smarter,16.099327,7.181668
11573,alpha,smarter,15.931514,6.3914723
11574,alpha,smarter,15.179807,8.99977
11575,alpha,smarter,15.734376,6.6558566
11576,alpha,smarter,16.625025,7.2311106
11577,alpha,smarter,16.168571,7.0111566
11578,alpha,smarter,15.244919,6.576334
11579,alpha,smarter,14.946323,6.875433
11580,alpha,smarter,15.908404,6.8349795
11581,alpha,smarter,15.580051,7.787303
11582,alpha,smarter,15.269999,7.339243
11583,alpha,smarter,14.524076,6.725192
11584,alpha,smarter,15.500347,7.8332334
11585,alpha,smarter,15.168819,6.2382092
11586,alpha,smarter,15.505489,7.643205
11587,alpha,smarter,15.505134,7.318781
11588,alpha,smarter,15.016827,6.2279935
11589,alpha,smarter,15.803665,7.02865
11590,alpha,smarter,15.66948,6.4890294
11591,alpha,smarter,15.199916,6.821291
11592,alpha,smarter,15.131133,6.6100082
11593,alpha,smarter,15.748472,6.803744
11594,alpha,smarter,15.204393,7.189761
11595,alpha,smarter,15.162036,7.685432
11596,alpha,smarter,16.472403,7.453166
11597,alpha,smarter,15.465745,7.702972
11598,alpha,smarter,16.011831,7.947279
11599,alpha,smarter,16.365334,7.206285
11600,alpha,smarter,15.689147,8.106605
11601,alpha,smarter,15.940411,7.6649847
11602,alpha,smarter,14.612803,9.106071
11603,alpha,smarter,16.195265,6.90129
11604,alpha,smarter,15.912949,6.965559
11605,alpha,smarter,13.607613,8.49383
11606,alpha,smarter,15.650126,7.0401616
11607,alpha,smarter,15.627306,7.7264776
11608,alpha,smarter,16.583622,8.106574
11609,alpha,smarter,16.015057,7.2885704
11610,alpha,smarter,16.242985,6.8878107
11611,alpha,smarter,15.809171,7.8881288
11612,alpha,smarter,15.141662,6.9643354
11613,alpha,smarter,15.947633,6.721852
11614,alpha,smarter,16.552261,7.42027
11615,alpha,smarter,15.828289,6.388962
11616,alpha,smarter,15.9485,7.0474725
11617,alpha,smarter,15.980843,8.122894
11618,alpha,smarter,14.833611,8.7691345
11619,alpha,smarter,16.484411,7.37621
11620,alpha,smarter,15.35328,6.1472545
11621,alpha,smarter,14.920498,6.5714827
11622,alpha,smarter,16.532887,7.463747
11623,alpha,smarter,15.825846,6.871179
11624,alpha,smarter,16.400684,7.1299953
11625,alpha,smarter,14.980551,6.613216
11626,alpha,smarter,16.015041,6.939562
11627,alpha,smarter,16.089434,6.920607
11628,alpha,smarter,14.98061,7.438089
11629,alpha,smarter,15.825172,6.7884912
11630,delta,smarter,16.953348,17.364662
11631,delta,smarter,17.123285,17.579998
11632,delta,smarter,17.08544,17.472298
11633,delta,smarter,16.192528,17.651001
11634,delta,smarter,13.49399,8.795122
11635,delta,smarter,9.685285,5.8820815
11636,delta,smarter,16.395115,17.747536
11637,delta,smarter,16.038704,17.59555
11638,delta,smarter,16.271214,17.387527
11639,delta,smarter,16.05381,17.592579
11640,delta,smarter,16.891521,17.0637
11641,delta,smarter,16.911253,17.381536
11642,delta,smarter,16.793337,17.106037
11643,delta,smarter,16.802479,17.99534
11644,delta,smarter,16.53491,17.977001
11645,delta,smarter,16.616306,17.183544
11646,delta,smarter,17.036873,17.432156
11647,delta,smarter,17.097776,17.37228
11648,delta,smarter,14.431974,8.803839
11649,delta,smarter,17.061451,17.277222
11650,delta,smarter,16.933243,17.47351
11651,gamma,smarter,10.572378,19.83348
11652,gamma,smarter,10.882536,19.785812
11653,gamma,smarter,10.597871,19.765419
11654,gamma,smarter,10.837027,19.959743
11655,gamma,smarter,11.016086,19.782602
11656,gamma,smarter,10.823056,19.948946
11657,gamma,smarter,10.674941,19.867775
11658,gamma,smarter,10.626193,19.783657
11659,gamma,smarter,10.569393,19.860504
11660,gamma,smarter,10.663946,19.985435
11661,gamma,smarter,10.334103,19.616182
11662,gamma,smarter,10.285471,19.66218
11663,gamma,smarter,10.470198,19.4981
11664,gamma,smarter,10.543304,19.622538
11665,gamma,smarter,10.7518835,19.574217
11666,gamma,smarter,10.927202,19.957912
11667,gamma,smarter,10.577085,19.64377
11668,gamma,smarter,10.849443,19.74349
11669,gamma,smarter,10.860036,19.770348
11670,gamma,smarter,10.725713,19.6729
11671,gamma,smarter,10.502516,19.696175
11672,gamma,smarter,10.579433,19.718971
11673,gamma,smarter,10.5663185,19.793453
11674,gamma,smarter,10.634304,19.93381
11675,gamma,smarter,10.919525,19.925508
11676,gamma,smarter,10.919548,19.884007
11677,gamma,smarter,10.754042,19.74373
11678,gamma,smarter,11.018035,19.827875
11679,gamma,smarter,10.978723,19.881897
11680,gamma,smarter,10.976115,19.924278
11681,gamma,smarter,10.671331,19.60448
11682,gamma,smarter,10.902384,19.92752
11683,gamma,smarter,10.9091625,20.017923
11684,gamma,smarter,10.932801,20.092474
11685,gamma,smarter,11.0203285,19.9643
11686,gamma,smarter,11.064559,19.821793
11687,gamma,smarter,10.635031,19.520187
11688,gamma,smarter,10.770849,19.786633
11689,gamma,smarter,11.009717,19.783323
11690,gamma,smarter,11.001308,19.797985
11691,gamma,smarter,10.886585,19.828619
11692,gamma,smarter,11.029774,19.999325
11693,gamma,smarter,10.926446,19.895273
11694,gamma,smarter,10.794599,19.589184
11695,gamma,smarter,10.827098,19.849014
11696,gamma,smarter,10.892653,19.802858
11697,gamma,smarter,11.027701,19.998495
11698,gamma,smarter,11.022016,19.906597
11699,gamma,smarter,10.889654,19.700851
11700,gamma,smarter,10.612903,19.89873
11701,gamma,smarter,10.463991,19.838608
11702,gamma,smarter,10.939919,20.006708
