reference_index,celltype,tech,x,y
0,gamma,celseq,-5.9311604,0.059715122
1,gamma,celseq,-5.5948806,0.13224314
2,gamma,celseq,-5.714654,0.35072765
3,gamma,celseq,-5.7753787,0.22825408
4,gamma,celseq,-5.478644,0.38202983
5,gamma,celseq,-5.9601555,-0.16074222
6,gamma,celseq,-5.5213447,0.028821979
7,gamma,celseq,-5.59794,-0.1487031
8,gamma,celseq,-5.5825677,0.10161901
9,gamma,celseq,-5.6839113,0.51140773
10,gamma,celseq,-5.708503,0.33970422
11,gamma,celseq,-5.7699265,0.2038354
12,gamma,celseq,-5.7413373,0.38129967
13,gamma,celseq,-5.546448,-0.00023068395
14,gamma,celseq,-6.1251574,-0.12222866
15,gamma,celseq,-5.961232,-0.030619206
16,gamma,celseq,-5.523751,0.032679208
17,gamma,celseq,-5.5167694,0.34935242
18,gamma,fluidigmc1,-5.317791,0.13862342
19,gamma,fluidigmc1,-5.823773,-0.09134871
20,gamma,fluidigmc1,-5.3128877,0.014857614
21,gamma,fluidigmc1,-5.584493,0.1234528
22,gamma,fluidigmc1,-5.5469084,0.04210599
23,gamma,fluidigmc1,-5.59058,0.4827709
24,gamma,fluidigmc1,-5.204612,-0.20154741
25,gamma,fluidigmc1,-5.17714,-0.28146082
26,gamma,fluidigmc1,-5.3100796,-0.03560481
27,gamma,fluidigmc1,-5.197955,-0.018193066
28,gamma,fluidigmc1,-5.6254544,0.5562216
29,gamma,fluidigmc1,-5.760524,-0.031167945
30,gamma,fluidigmc1,-5.424487,-0.22083458
31,gamma,fluidigmc1,-5.2031393,-0.23857217
32,gamma,fluidigmc1,-5.197081,-0.2403948
33,gamma,fluidigmc1,-5.5273013,0.47769555
34,gamma,fluidigmc1,-5.741907,0.47970298
35,gamma,fluidigmc1,-5.608165,-0.28386736
36,acinar,celseq,10.730983,-3.6022694
37,acinar,celseq,11.903495,-2.5963364
38,acinar,celseq,11.617064,-2.0991504
39,acinar,celseq,12.234896,-1.404957
40,acinar,celseq,12.412266,-2.7380953
41,acinar,celseq,11.847815,-1.5945053
42,acinar,celseq,11.190315,-2.7392845
43,acinar,celseq,10.906979,-3.4440036
44,acinar,celseq,11.805923,-2.5208323
45,acinar,celseq,11.734762,-1.8188437
46,acinar,celseq,11.379486,-2.4951067
47,acinar,celseq,11.113759,-2.2621713
48,acinar,celseq,10.78825,-3.5664597
49,acinar,celseq,11.754635,-1.6544344
50,acinar,celseq,11.219213,-2.1832137
51,acinar,celseq,11.348846,-2.0827696
52,acinar,celseq,11.316241,-2.1018968
53,acinar,celseq,11.694202,-1.5940928
54,acinar,celseq,10.948104,-2.4646053
55,acinar,celseq,11.798216,-2.698506
56,acinar,celseq,11.489738,-2.6173298
57,acinar,celseq,11.622321,-1.7524663
58,acinar,celseq,11.453722,-1.8471667
59,acinar,celseq,11.71253,-2.1892874
60,acinar,celseq,11.446213,-1.7927265
61,acinar,celseq,12.545073,-3.0030167
62,acinar,celseq,11.051901,-2.4655883
63,acinar,celseq,12.37311,-2.3202467
64,acinar,celseq,12.305385,-2.4584036
65,acinar,celseq,12.608372,-2.8438706
66,acinar,celseq,12.629367,-2.5646706
67,acinar,celseq,12.606734,-2.7394788
68,acinar,celseq,12.37454,-2.7782102
69,acinar,celseq,12.433019,-1.9545035
70,acinar,celseq,12.725873,-2.9689214
71,acinar,celseq,11.423581,-2.228066
72,acinar,celseq,12.232849,-2.4726627
73,acinar,celseq,11.905803,-2.3442788
74,acinar,celseq,12.225317,-2.6457887
75,acinar,celseq,11.629795,-2.006438
76,acinar,celseq,12.205594,-2.4214332
77,acinar,celseq,12.827579,-3.842457
78,acinar,celseq,12.333168,-2.6052914
79,acinar,celseq,12.098451,-2.2916842
80,acinar,celseq,10.623467,-3.751279
81,acinar,celseq,12.41408,-2.6745224
82,acinar,celseq,12.510853,-2.129444
83,acinar,celseq,12.004919,-1.675244
84,acinar,celseq,12.496577,-2.4138498
85,acinar,celseq,12.222251,-2.3339803
86,acinar,celseq,11.662167,-2.6182723
87,acinar,celseq,11.0764475,-2.9325492
88,acinar,celseq,11.108118,-2.9703536
89,acinar,celseq,12.09233,-2.257762
90,acinar,celseq,12.364698,-2.7665322
91,acinar,celseq,10.76787,-3.6410358
92,acinar,celseq,12.588266,-2.9964125
93,acinar,celseq,10.665964,-3.7405674
94,acinar,celseq,12.381352,-2.4521093
95,acinar,celseq,12.397601,-2.41186
96,acinar,celseq,12.485057,-2.4656782
97,acinar,celseq,10.6864195,-3.7149737
98,acinar,celseq,12.006501,-2.16751
99,acinar,celseq,12.301665,-2.5677962
100,acinar,celseq,12.531861,-2.5173225
101,acinar,celseq,11.964373,-3.589531
102,acinar,celseq,11.586748,-2.087454
103,acinar,celseq,12.433916,-2.383588
104,acinar,celseq,11.346024,-2.3474042
105,acinar,celseq,10.7323065,-3.6674824
106,acinar,celseq,10.976615,-3.5968497
107,acinar,celseq,12.235058,-2.065729
108,acinar,celseq,11.992177,-2.3038151
109,acinar,celseq,11.900091,-3.0983186
110,acinar,celseq,11.979297,-2.2411516
111,acinar,celseq,10.880203,-2.6844683
112,acinar,celseq,10.915194,-2.7305863
113,acinar,celseq,10.772974,-3.476982
114,acinar,celseq,12.342471,-2.8435273
115,acinar,celseq,11.949195,-2.211122
116,acinar,celseq,12.452974,-2.4779716
117,acinar,celseq,10.630024,-3.7060769
118,acinar,celseq,11.873092,-2.0338643
119,acinar,celseq,12.7270975,-3.1769
120,acinar,celseq,12.042393,-2.1590805
121,acinar,celseq,11.358163,-2.2861235
122,acinar,celseq,12.520469,-2.3720357
123,acinar,celseq,12.561446,-2.6161416
124,acinar,celseq,12.129841,-2.4223769
125,acinar,celseq,11.983517,-2.2820299
126,acinar,celseq,10.617093,-3.7425632
127,acinar,celseq,12.533389,-2.4648886
128,acinar,celseq,11.305755,-2.1579287
129,acinar,celseq,10.635097,-3.7305422
130,acinar,celseq,11.430843,-2.2538593
131,acinar,celseq,10.605055,-3.743541
132,acinar,celseq,12.481799,-3.1853843
133,acinar,celseq,12.11349,-3.8269236
134,acinar,celseq,11.12628,-2.7824156
135,acinar,celseq,12.353734,-2.786221
136,acinar,celseq,12.83209,-2.4917216
137,acinar,celseq,11.355358,-3.3916297
138,acinar,celseq,12.44117,-3.5706534
139,acinar,celseq,11.548978,-2.4038076
140,acinar,celseq,11.390812,-1.9860287
141,acinar,celseq,12.227959,-2.8998241
142,acinar,celseq,11.1274185,-4.0616612
143,acinar,celseq,9.842637,6.105482
144,acinar,celseq,12.312564,-2.8938146
145,acinar,celseq,10.622171,-3.7463334
146,acinar,celseq,10.773365,-3.7346795
147,acinar,celseq,12.2917185,-4.154814
148,acinar,celseq,10.933369,-3.117364
149,acinar,celseq,11.411371,-2.4332285
150,acinar,celseq,12.06004,-3.547282
151,acinar,celseq,9.744326,6.1544495
152,acinar,celseq,11.080238,-2.7091632
153,acinar,celseq,12.797159,-3.576556
154,acinar,celseq,13.089898,-2.7765105
155,acinar,celseq,11.423263,-2.3722851
156,acinar,celseq,12.160991,-3.6175508
157,acinar,celseq,12.231459,-3.1423788
158,acinar,celseq,12.32253,-2.824028
159,acinar,celseq,10.996146,-3.6148858
160,acinar,celseq,12.58457,-2.5600784
161,acinar,celseq,11.0683775,-2.492159
162,acinar,celseq,12.150158,-2.6883128
163,acinar,celseq,11.3324175,-2.507209
164,acinar,celseq,11.18883,-2.306795
165,acinar,celseq,12.429566,-2.7541611
166,acinar,celseq,12.309112,-3.10842
167,acinar,celseq,11.270131,-2.3674343
168,acinar,celseq,10.871342,-2.6046023
169,acinar,celseq,10.969949,-2.5078585
170,acinar,celseq,11.561548,-2.6657703
171,acinar,celseq,11.167411,-3.1090894
172,acinar,celseq,11.837773,-2.7433794
173,acinar,celseq,10.777057,-2.4359758
174,acinar,celseq,11.8506155,-2.5341866
175,acinar,celseq,11.684662,-2.037987
176,acinar,celseq,10.796764,-3.636166
177,acinar,celseq,11.312644,-2.1203895
178,acinar,celseq,11.186181,-2.302951
179,acinar,celseq,11.216914,-2.3084912
180,acinar,celseq,11.80761,-2.6774375
181,acinar,celseq,13.097143,-3.8277323
182,acinar,celseq,11.93807,-2.784868
183,acinar,celseq,11.22533,-2.2638316
184,acinar,celseq,11.087895,-2.7195876
185,acinar,celseq,11.221916,-2.429748
186,acinar,celseq,12.194604,-2.3787298
187,acinar,celseq,11.087924,-2.4467
188,acinar,celseq,11.084772,-2.3308003
189,acinar,celseq,11.287841,-2.2299867
190,acinar,celseq,11.765374,-1.8164418
191,acinar,celseq,11.215763,-2.340943
192,acinar,celseq,11.115403,-3.4957304
193,acinar,celseq,10.94156,-2.4749575
194,acinar,celseq,11.2446,-2.357322
195,acinar,celseq,11.990048,-2.6828713
196,acinar,celseq,11.335756,-2.0777822
197,acinar,celseq,11.267066,-2.738023
198,acinar,celseq,12.187015,-2.7592816
199,acinar,celseq,10.776087,-3.2069242
200,acinar,celseq,11.176072,-2.316622
201,acinar,celseq,11.510786,-1.9984001
202,acinar,celseq,11.099294,-2.4551132
203,acinar,celseq,11.155155,-2.3445911
204,acinar,celseq,11.165649,-2.3112543
205,acinar,celseq,11.118147,-2.396013
206,acinar,celseq,11.283553,-2.3651721
207,acinar,celseq,11.574651,-2.0900688
208,acinar,celseq,11.382042,-2.3306293
209,acinar,celseq,11.193083,-2.513804
210,acinar,celseq,11.527557,-2.42752
211,acinar,celseq,11.038922,-2.485385
212,acinar,celseq,11.136677,-2.3211737
213,acinar,celseq,11.457272,-2.6984634
214,acinar,celseq,11.348252,-2.4935136
215,acinar,celseq,11.385003,-2.3328118
216,acinar,celseq,10.84392,-2.7067773
217,acinar,celseq,11.930954,-2.8016899
218,acinar,celseq,11.2893505,-2.3268225
219,acinar,celseq,10.731078,-2.4045832
220,acinar,celseq,10.82245,-2.590656
221,acinar,celseq,11.177343,-2.3216043
222,acinar,celseq,11.443592,-2.343399
223,acinar,celseq,10.838976,-2.7187908
224,acinar,celseq,10.734884,-2.411431
225,acinar,celseq,11.1686125,-2.3229926
226,acinar,celseq,11.203595,-2.2823238
227,acinar,celseq,10.743139,-2.40472
228,acinar,celseq,11.202664,-2.4427104
229,acinar,celseq,11.017884,-2.419493
230,acinar,celseq,11.207532,-2.3278904
231,acinar,celseq,12.453815,-2.740809
232,acinar,celseq,11.957735,-2.5785818
233,acinar,celseq,11.857128,-3.0229888
234,acinar,celseq,11.788393,-2.671369
235,acinar,celseq,11.22496,-2.3259337
236,acinar,celseq,11.993534,-2.405664
237,acinar,celseq,11.914443,-3.0145304
238,acinar,celseq,11.465299,-2.0406668
239,acinar,celseq,11.674432,-1.9257305
240,acinar,celseq,11.488767,-1.9381213
241,acinar,celseq,11.642443,-1.85408
242,acinar,celseq,12.615343,-2.55496
243,acinar,celseq,12.576137,-1.8519089
244,acinar,celseq,11.91017,-3.5186827
245,acinar,celseq,10.986065,-3.0000677
246,acinar,celseq,11.701632,-1.7869139
247,acinar,celseq,11.606982,-1.7561274
248,acinar,celseq,11.626963,-1.8356135
249,acinar,celseq,12.66861,-2.354418
250,acinar,celseq,11.851954,-1.6070648
251,acinar,celseq,11.518976,-2.1088033
252,acinar,celseq,5.4542685,6.4246063
253,acinar,celseq,11.418367,-2.3680265
254,acinar,celseq,11.420011,-1.937273
255,acinar,celseq,11.696121,-1.8055468
256,acinar,celseq,11.475723,-1.9245365
257,acinar,celseq,12.389759,-2.4754975
258,acinar,celseq,11.450931,-1.8461852
259,acinar,celseq,10.870953,-3.0138218
260,acinar,celseq,11.93114,-1.9052188
261,acinar,celseq,11.688518,-1.9797827
262,acinar,celseq,11.91452,-1.8561178
263,acinar,celseq,11.926899,-1.7490174
264,acinar,fluidigmc1,11.388828,-2.0109148
265,acinar,fluidigmc1,12.429733,-2.6894135
266,acinar,fluidigmc1,11.393498,-2.2256234
267,acinar,fluidigmc1,11.364543,-2.0145874
268,acinar,fluidigmc1,10.932142,-2.4529757
269,acinar,fluidigmc1,11.880374,-2.6182947
270,acinar,fluidigmc1,10.806841,-3.204569
271,acinar,fluidigmc1,11.078942,-2.3470016
272,acinar,fluidigmc1,11.689263,-1.7554122
273,acinar,fluidigmc1,11.963965,-3.1551843
274,acinar,fluidigmc1,11.96034,-2.8666444
275,acinar,fluidigmc1,11.364632,-3.5547483
276,acinar,fluidigmc1,4.7974405,-3.9475226
277,acinar,fluidigmc1,13.615291,-3.4268513
278,acinar,fluidigmc1,11.877607,-3.2282255
279,acinar,fluidigmc1,12.441515,-2.6118891
280,acinar,fluidigmc1,13.200378,-3.7744179
281,acinar,fluidigmc1,13.372935,-3.6141942
282,acinar,fluidigmc1,12.115057,-3.0684505
283,acinar,fluidigmc1,11.430225,-3.4009604
284,acinar,fluidigmc1,11.351634,-3.355021
285,alpha,celseq,-4.2236466,7.992075
286,alpha,celseq,-5.028863,7.805455
287,alpha,celseq,11.798737,-2.4334583
288,alpha,celseq,9.056787,5.325355
289,alpha,celseq,-4.144086,7.368516
290,alpha,celseq,-4.0428805,9.2342825
291,alpha,celseq,-5.562063,7.3721704
292,alpha,celseq,-1.6688001,8.77198
293,alpha,celseq,9.198307,4.8220944
294,alpha,celseq,-5.14899,7.7285185
295,alpha,celseq,11.838426,-2.396289
296,alpha,celseq,-5.4133377,7.6247244
297,alpha,celseq,-5.310054,6.7123084
298,alpha,celseq,-5.6131306,7.354927
299,alpha,celseq,4.6504664,-3.3977196
300,alpha,celseq,-5.7438917,7.6839795
301,alpha,celseq,-4.6631603,8.17822
302,alpha,celseq,-4.553259,7.1667895
303,alpha,celseq,-4.2426915,8.026865
304,alpha,celseq,-4.840016,8.11527
305,alpha,celseq,-2.9998012,8.383358
306,alpha,celseq,-3.4984305,7.076319
307,alpha,celseq,-4.639167,8.251193
308,alpha,celseq,-4.6913543,8.453273
309,alpha,celseq,-4.24369,8.44011
310,alpha,celseq,-3.540477,8.119704
311,alpha,celseq,-3.4060519,6.0914555
312,alpha,celseq,-3.8963335,5.7567887
313,alpha,celseq,-4.696287,8.158636
314,alpha,celseq,-3.5332913,5.724551
315,alpha,celseq,-4.4351044,8.888591
316,alpha,celseq,-3.190652,8.119031
317,alpha,celseq,-4.859974,8.396728
318,alpha,celseq,-5.0538454,7.4452815
319,alpha,celseq,-4.672644,7.294926
320,alpha,celseq,-4.6169977,8.43002
321,alpha,celseq,-5.895122,7.1946225
322,alpha,celseq,-5.9758654,7.6202493
323,alpha,celseq,-3.827586,9.176697
324,alpha,celseq,-3.7656472,5.7456856
325,alpha,celseq,-5.336529,8.344552
326,alpha,celseq,-3.632637,6.267744
327,alpha,celseq,-5.645448,7.7545485
328,alpha,celseq,-2.7671275,6.624879
329,alpha,celseq,-2.5330448,6.3578463
330,alpha,celseq,-4.391397,8.153647
331,alpha,celseq,-5.126288,8.361695
332,alpha,celseq,-3.2476947,8.167871
333,alpha,celseq,-4.659839,8.410303
334,alpha,celseq,-5.7063346,7.631783
335,alpha,celseq,-2.1948445,6.2781672
336,alpha,celseq,-5.1699476,7.434804
337,alpha,celseq,-3.3062527,8.367874
338,alpha,celseq,-4.953507,7.0092697
339,alpha,celseq,-5.60144,7.5015264
340,alpha,celseq,-3.2700882,7.9584894
341,alpha,celseq,-3.9083233,7.74672
342,alpha,celseq,-5.40474,8.100653
343,alpha,celseq,-4.7777157,5.9380345
344,alpha,celseq,-5.082637,7.1169233
345,alpha,celseq,-4.821935,8.129953
346,alpha,celseq,-4.952111,8.24069
347,alpha,celseq,-5.9954414,7.5165033
348,alpha,celseq,-5.5701547,7.084091
349,alpha,celseq,-4.4003987,8.040982
350,alpha,celseq,-4.660535,8.219472
351,alpha,celseq,-5.283693,8.686706
352,alpha,celseq,-4.404192,8.076385
353,alpha,celseq,-5.166565,7.4615636
354,alpha,celseq,-3.2916436,8.293763
355,alpha,celseq,-5.804392,8.04063
356,alpha,celseq,-5.60949,7.861893
357,alpha,celseq,-4.076167,7.9979525
358,alpha,celseq,-4.609297,8.380248
359,alpha,celseq,-3.2086983,6.4203873
360,alpha,celseq,-5.7615266,7.209428
361,alpha,celseq,-3.7675111,8.715361
362,alpha,celseq,-2.5243976,7.1579247
363,alpha,celseq,-4.8494277,8.468369
364,alpha,celseq,-4.4375944,8.802687
365,alpha,celseq,-5.5588765,7.605489
366,alpha,celseq,-5.43783,8.546687
367,alpha,celseq,-4.2943363,7.747056
368,alpha,celseq,-4.523642,8.75241
369,alpha,celseq,-5.113836,8.161947
370,alpha,celseq,-4.4743843,8.646447
371,alpha,celseq,-4.216373,8.133159
372,alpha,celseq,-3.9771752,7.9636927
373,alpha,celseq,-4.283415,8.365778
374,alpha,celseq,-3.881516,9.227681
375,alpha,celseq,-5.682435,7.1331635
376,alpha,celseq,-4.318822,8.830555
377,alpha,celseq,-4.3423066,5.4333553
378,alpha,celseq,-5.6321225,7.361077
379,alpha,celseq,-4.913348,8.708721
380,alpha,celseq,-5.812552,7.5418916
381,alpha,celseq,-4.474512,8.5904
382,alpha,celseq,-5.752428,7.1890726
383,alpha,celseq,-4.3835807,8.452087
384,alpha,celseq,-4.440317,9.066255
385,alpha,celseq,-4.628347,8.5136595
386,alpha,celseq,-4.851722,7.6643434
387,alpha,celseq,-5.692661,7.257632
388,alpha,celseq,-4.76905,6.3434496
389,alpha,celseq,-4.7407584,6.6989207
390,alpha,celseq,-4.507155,5.769684
391,alpha,celseq,-2.805837,7.7798047
392,alpha,celseq,-5.2082863,8.364018
393,alpha,celseq,-4.493893,8.869151
394,alpha,celseq,9.48453,0.36546525
395,alpha,celseq,-5.5435452,8.079689
396,alpha,celseq,-3.8150108,7.3656373
397,alpha,celseq,-4.3147917,8.019318
398,alpha,celseq,-3.7745967,7.4284225
399,alpha,celseq,-3.8943717,7.4381065
400,alpha,celseq,-5.577049,0.6760867
401,alpha,celseq,-3.861266,7.492981
402,alpha,celseq,-3.9375324,7.4026427
403,alpha,celseq,-4.3507824,7.782506
404,alpha,celseq,-3.6222398,6.320208
405,alpha,celseq,9.664774,0.2326404
406,alpha,celseq,-3.737006,7.3492675
407,alpha,celseq,-3.7602766,7.3689437
408,alpha,celseq,-4.2890935,8.070318
409,alpha,celseq,-3.838789,7.373816
410,alpha,celseq,-3.9342656,7.4978676
411,alpha,celseq,-5.1871977,7.850486
412,alpha,celseq,-5.7096114,7.865499
413,alpha,celseq,-3.91625,9.0176115
414,alpha,celseq,-4.3231206,7.9603896
415,alpha,celseq,-3.919486,7.336613
416,alpha,celseq,-3.3988707,6.8060074
417,alpha,celseq,-3.7575185,7.4299026
418,alpha,celseq,9.1817465,3.1938138
419,alpha,celseq,-4.267927,8.118956
420,alpha,celseq,-4.9351587,8.071508
421,alpha,celseq,-4.250419,8.464112
422,alpha,celseq,-4.3489485,7.7744126
423,alpha,celseq,-3.601485,6.4586835
424,alpha,celseq,-4.1043897,7.644256
425,alpha,celseq,-5.0155787,7.300221
426,alpha,celseq,-4.6509094,7.1600027
427,alpha,celseq,-4.391122,7.2957487
428,alpha,celseq,-4.7057595,7.2427945
429,alpha,celseq,-4.9146,6.91289
430,alpha,celseq,4.5248723,-3.5335016
431,alpha,celseq,-5.326117,7.3916144
432,alpha,celseq,-4.3512516,7.2830844
433,alpha,celseq,-1.8584269,5.798225
434,alpha,celseq,-5.3863845,7.621447
435,alpha,celseq,-4.0135736,7.6767225
436,alpha,celseq,-4.136014,7.6140585
437,alpha,celseq,-4.8338695,7.105742
438,alpha,celseq,-5.1211658,6.881645
439,alpha,celseq,-3.7880154,7.5413513
440,alpha,celseq,-4.555593,7.2295766
441,alpha,celseq,-5.052809,6.963065
442,alpha,celseq,-4.842204,7.1460943
443,alpha,celseq,-4.744886,7.41321
444,alpha,celseq,-4.1210227,7.5887322
445,alpha,celseq,-4.573762,7.0335183
446,alpha,celseq,-4.8241625,7.059078
447,alpha,celseq,-4.334684,7.2591395
448,alpha,celseq,-4.5736,7.2054534
449,alpha,celseq,-4.816826,6.958374
450,alpha,celseq,-4.1466346,7.4422326
451,alpha,celseq,-4.048182,7.5718417
452,alpha,celseq,-4.833731,7.2526197
453,alpha,celseq,-4.429545,7.399778
454,alpha,celseq,-4.6618953,7.2382836
455,alpha,celseq,-4.82855,6.6610966
456,alpha,celseq,-5.3462763,7.2528205
457,alpha,celseq,-5.217585,6.826525
458,alpha,celseq,-5.121957,7.099264
459,alpha,celseq,-5.2225556,7.089769
460,alpha,celseq,-5.0852118,6.9916954
461,alpha,celseq,-4.852884,6.9042068
462,alpha,celseq,-4.686188,7.7683625
463,alpha,celseq,-4.119723,7.4941087
464,alpha,celseq,-4.195492,7.5072618
465,alpha,celseq,-5.4755177,7.259604
466,alpha,celseq,-4.182306,7.5716276
467,alpha,celseq,-3.8280838,6.873639
468,alpha,celseq,-5.015818,7.70145
469,alpha,celseq,-5.213687,7.5338383
470,alpha,celseq,-5.1439066,7.526904
471,alpha,celseq,-5.2835007,7.083466
472,alpha,celseq,-4.8766255,7.032378
473,alpha,celseq,-4.926172,7.244862
474,alpha,celseq,-4.3774343,6.891484
475,alpha,celseq,-4.1243663,7.201139
476,alpha,fluidigmc1,-3.6753237,7.246908
477,alpha,fluidigmc1,-3.597231,7.8750772
478,alpha,fluidigmc1,-3.8239846,6.6316624
479,alpha,fluidigmc1,-2.0256562,5.2925396
480,alpha,fluidigmc1,-4.245533,9.192579
481,alpha,fluidigmc1,-3.9246104,7.2724767
482,alpha,fluidigmc1,-4.7905684,6.055459
483,alpha,fluidigmc1,-3.714463,5.506245
484,alpha,fluidigmc1,-5.528434,7.767307
485,alpha,fluidigmc1,-4.055152,7.8885884
486,alpha,fluidigmc1,-4.140873,9.057101
487,alpha,fluidigmc1,-3.3982437,6.7490845
488,alpha,fluidigmc1,-6.0241866,8.453393
489,alpha,fluidigmc1,-5.046437,8.985203
490,alpha,fluidigmc1,-2.8236825,7.954961
491,alpha,fluidigmc1,-3.991809,6.7451677
492,alpha,fluidigmc1,-3.16792,7.4037704
493,alpha,fluidigmc1,7.657498,5.0023985
494,alpha,fluidigmc1,-3.040048,5.3952727
495,alpha,fluidigmc1,-2.676251,7.00092
496,alpha,fluidigmc1,-6.002621,7.4554996
497,alpha,fluidigmc1,-2.1253211,8.041213
498,alpha,fluidigmc1,-3.626499,6.5851088
499,alpha,fluidigmc1,-4.0118713,7.9294677
500,alpha,fluidigmc1,-2.0241702,8.298923
501,alpha,fluidigmc1,-3.7235088,6.156649
502,alpha,fluidigmc1,-3.9591427,7.932015
503,alpha,fluidigmc1,-4.059918,6.5597525
504,alpha,fluidigmc1,-4.4907336,-7.2410955
505,alpha,fluidigmc1,-4.028071,9.065772
506,alpha,fluidigmc1,-4.6407957,9.2420635
507,alpha,fluidigmc1,-4.854648,5.9845223
508,alpha,fluidigmc1,-4.7228293,5.9965425
509,alpha,fluidigmc1,-3.8302252,6.5781183
510,alpha,fluidigmc1,-5.0151706,8.096095
511,alpha,fluidigmc1,-2.3553152,6.311643
512,alpha,fluidigmc1,-4.420534,5.906244
513,alpha,fluidigmc1,-3.9788814,6.4986153
514,alpha,fluidigmc1,-5.1641517,7.7106314
515,alpha,fluidigmc1,-4.3101864,8.012971
516,alpha,fluidigmc1,-2.3546581,5.661724
517,alpha,fluidigmc1,-3.5550041,8.032318
518,alpha,fluidigmc1,-3.002677,7.631306
519,alpha,fluidigmc1,-3.122904,6.4159703
520,alpha,fluidigmc1,-1.6031436,6.9228272
521,alpha,fluidigmc1,-5.690231,7.746275
522,alpha,fluidigmc1,-3.2061682,7.220617
523,alpha,fluidigmc1,-5.3002505,7.8359523
524,alpha,fluidigmc1,-5.2387238,8.600683
525,alpha,fluidigmc1,-3.3797367,9.153191
526,alpha,fluidigmc1,-3.9367988,7.1162786
527,alpha,fluidigmc1,-3.1031117,6.628306
528,alpha,fluidigmc1,-3.0573094,7.6128883
529,alpha,fluidigmc1,-2.190214,6.503307
530,alpha,fluidigmc1,-4.0412445,8.853226
531,alpha,fluidigmc1,-4.911883,6.5818334
532,alpha,fluidigmc1,-4.950301,6.0432534
533,alpha,fluidigmc1,-5.366124,7.6535335
534,alpha,fluidigmc1,-4.0224724,7.652811
535,alpha,fluidigmc1,-4.1243525,6.7323017
536,alpha,fluidigmc1,-4.3830705,6.4695253
537,alpha,fluidigmc1,-4.3882065,9.263682
538,alpha,fluidigmc1,-4.977547,8.71701
539,alpha,fluidigmc1,-3.3009796,7.332577
540,alpha,fluidigmc1,-2.4210985,6.2738376
541,alpha,fluidigmc1,-2.2540126,5.7466583
542,alpha,fluidigmc1,-5.215053,5.6583853
543,alpha,fluidigmc1,-2.5772994,5.2396393
544,alpha,fluidigmc1,-4.5183253,4.8316135
545,alpha,fluidigmc1,-4.017335,5.525415
546,alpha,fluidigmc1,-3.0319293,5.569748
547,alpha,fluidigmc1,-4.791819,6.609325
548,alpha,fluidigmc1,-4.377779,5.7838235
549,alpha,fluidigmc1,-5.0116973,6.153095
550,alpha,fluidigmc1,-4.579895,7.022429
551,alpha,fluidigmc1,-5.2975855,6.2281547
552,alpha,fluidigmc1,-3.834493,7.7620344
553,alpha,fluidigmc1,-3.7886477,7.327957
554,alpha,fluidigmc1,-5.2932973,6.6112013
555,alpha,fluidigmc1,-4.3003197,7.041457
556,alpha,fluidigmc1,-5.170387,6.1167717
557,alpha,fluidigmc1,-5.028919,6.030387
558,alpha,fluidigmc1,-4.069385,6.073654
559,alpha,fluidigmc1,-5.16646,6.0888233
560,alpha,fluidigmc1,-4.9555917,6.0795484
561,alpha,fluidigmc1,-5.1746435,6.8133597
562,alpha,fluidigmc1,-5.1498837,6.2141666
563,alpha,fluidigmc1,-4.9653125,6.8973556
564,alpha,fluidigmc1,-3.8093576,5.7364464
565,alpha,fluidigmc1,-4.8865356,6.6996207
566,alpha,fluidigmc1,-4.812656,6.1757565
567,alpha,fluidigmc1,-3.726073,6.686382
568,alpha,fluidigmc1,-5.148277,6.7613716
569,alpha,fluidigmc1,-2.5349042,5.075679
570,alpha,fluidigmc1,-5.337126,5.961448
571,alpha,fluidigmc1,-3.930027,6.294865
572,alpha,fluidigmc1,-5.071125,5.8501287
573,alpha,fluidigmc1,-4.2827907,6.3133965
574,alpha,fluidigmc1,-3.9515305,8.646158
575,alpha,fluidigmc1,-4.8797827,7.3412085
576,alpha,fluidigmc1,-5.01406,6.289711
577,alpha,fluidigmc1,-3.45721,7.807829
578,alpha,fluidigmc1,-5.094531,6.4201665
579,alpha,fluidigmc1,-3.2235336,6.6438093
580,alpha,fluidigmc1,-2.3137991,7.0861897
581,alpha,fluidigmc1,-4.412135,4.420638
582,alpha,fluidigmc1,-4.3648925,8.101181
583,alpha,fluidigmc1,-5.7265644,7.3892074
584,alpha,fluidigmc1,-5.081741,8.11298
585,alpha,fluidigmc1,-4.2296557,5.788994
586,alpha,fluidigmc1,-3.0810115,5.918751
587,alpha,fluidigmc1,-5.1717677,8.409395
588,alpha,fluidigmc1,-5.1166115,6.2318187
589,alpha,fluidigmc1,-5.416426,5.7447534
590,alpha,fluidigmc1,-4.864601,6.6766367
591,alpha,fluidigmc1,-2.9980335,6.355421
592,alpha,fluidigmc1,-5.1470227,6.3903747
593,alpha,fluidigmc1,-5.565899,7.8321776
594,alpha,fluidigmc1,-5.3507333,5.645587
595,alpha,fluidigmc1,-4.196103,5.3730154
596,alpha,fluidigmc1,-5.213298,5.6398497
597,alpha,fluidigmc1,-2.8561559,5.176547
598,alpha,fluidigmc1,-5.609343,7.0506454
599,alpha,fluidigmc1,-5.2736144,5.9531255
600,alpha,fluidigmc1,-5.38501,5.7428493
601,alpha,fluidigmc1,-5.991831,7.6244535
602,alpha,fluidigmc1,-3.8027823,5.8168993
603,alpha,fluidigmc1,-3.7830431,6.0404196
604,alpha,fluidigmc1,-3.780832,6.3168397
605,alpha,fluidigmc1,-4.545543,5.949807
606,alpha,fluidigmc1,-4.2761145,5.908767
607,alpha,fluidigmc1,-5.185806,6.067616
608,alpha,fluidigmc1,-2.1358678,7.5528274
609,alpha,fluidigmc1,-5.596628,8.9532995
610,alpha,fluidigmc1,-3.5593457,5.5688233
611,alpha,fluidigmc1,-5.031528,7.1408453
612,alpha,fluidigmc1,-3.5280728,8.7132845
613,alpha,fluidigmc1,-5.2024136,6.87985
614,alpha,fluidigmc1,-1.4893907,7.4511585
615,alpha,fluidigmc1,-5.7758555,7.2954445
616,alpha,fluidigmc1,-4.4407644,6.016479
617,alpha,fluidigmc1,-3.5839353,8.281947
618,alpha,fluidigmc1,-3.4842591,7.378414
619,alpha,fluidigmc1,-2.2841275,7.801406
620,alpha,fluidigmc1,-2.7772243,5.1342864
621,alpha,fluidigmc1,-5.008068,8.391912
622,alpha,fluidigmc1,4.5634217,-6.7524157
623,alpha,fluidigmc1,-4.3276644,8.031561
624,alpha,fluidigmc1,-5.0473423,6.264818
625,alpha,fluidigmc1,-3.344998,5.3349395
626,alpha,fluidigmc1,-4.441162,5.633
627,alpha,fluidigmc1,-4.320842,7.9277864
628,alpha,fluidigmc1,-3.7418432,6.25419
629,alpha,fluidigmc1,-2.7674096,5.7334805
630,alpha,fluidigmc1,-4.104021,9.600638
631,alpha,fluidigmc1,-3.8000858,9.065992
632,alpha,fluidigmc1,-5.1011024,6.595478
633,alpha,fluidigmc1,-3.927102,6.6122284
634,alpha,fluidigmc1,-2.9445362,6.171541
635,alpha,fluidigmc1,-5.298852,6.045992
636,alpha,fluidigmc1,-4.401644,5.899035
637,alpha,fluidigmc1,-4.341037,5.926647
638,alpha,fluidigmc1,-4.2592626,5.984452
639,alpha,fluidigmc1,-0.9902105,6.0021334
640,alpha,fluidigmc1,-3.8437796,6.855308
641,alpha,fluidigmc1,-2.4324436,7.785829
642,alpha,fluidigmc1,-2.0029807,5.300485
643,alpha,fluidigmc1,-2.854591,6.311474
644,alpha,fluidigmc1,-1.412196,5.8642726
645,alpha,fluidigmc1,-2.3741364,5.5829473
646,alpha,fluidigmc1,-1.7541645,6.010426
647,alpha,fluidigmc1,-1.9546242,5.4313273
648,alpha,fluidigmc1,-2.1626258,5.8252945
649,alpha,fluidigmc1,-2.5591958,5.394554
650,alpha,fluidigmc1,-1.3731533,5.8505707
651,alpha,fluidigmc1,-2.1435304,5.2494473
652,alpha,fluidigmc1,-1.8931397,5.3272347
653,alpha,fluidigmc1,-1.6091197,6.8126264
654,alpha,fluidigmc1,-2.6826243,5.706235
655,alpha,fluidigmc1,-4.634994,8.018057
656,alpha,fluidigmc1,-5.847207,8.288738
657,alpha,fluidigmc1,-5.253498,7.451945
658,alpha,fluidigmc1,9.080411,5.614132
659,alpha,fluidigmc1,-2.9639535,5.2874265
660,alpha,fluidigmc1,-5.2268248,7.1951847
661,alpha,fluidigmc1,-5.405757,7.1292095
662,alpha,fluidigmc1,-2.6298923,6.535618
663,alpha,fluidigmc1,-6.0286555,7.619094
664,alpha,fluidigmc1,-5.4801583,6.54478
665,alpha,fluidigmc1,-3.8091657,6.3935785
666,alpha,fluidigmc1,-4.1873593,8.183556
667,alpha,fluidigmc1,-4.4430594,9.172312
668,alpha,fluidigmc1,-5.7217565,7.45899
669,alpha,fluidigmc1,-3.761582,5.83029
670,alpha,fluidigmc1,-5.9454756,7.857306
671,alpha,fluidigmc1,-4.6819577,7.6655254
672,alpha,fluidigmc1,-5.6626487,7.373558
673,alpha,fluidigmc1,-5.179586,7.7258186
674,alpha,fluidigmc1,-3.9095232,6.828927
675,alpha,fluidigmc1,-3.5852814,8.243142
676,alpha,fluidigmc1,-4.3765693,8.466811
677,alpha,fluidigmc1,-5.8001323,7.692089
678,alpha,fluidigmc1,-3.4001973,5.6798186
679,alpha,fluidigmc1,-2.9904451,6.1260023
680,alpha,fluidigmc1,-3.3073046,6.6228905
681,alpha,fluidigmc1,-4.3790164,8.497999
682,alpha,fluidigmc1,-3.6736996,7.443831
683,alpha,fluidigmc1,-3.1982098,8.762239
684,alpha,fluidigmc1,-4.736568,6.3159456
685,alpha,fluidigmc1,-5.050249,6.2351294
686,alpha,fluidigmc1,-3.856585,8.988765
687,alpha,fluidigmc1,-4.3264527,6.5925674
688,alpha,fluidigmc1,-3.7398984,8.195218
689,alpha,fluidigmc1,-4.0526795,6.316393
690,alpha,fluidigmc1,-4.2636824,8.436236
691,alpha,fluidigmc1,-4.24308,7.3157434
692,alpha,fluidigmc1,-4.8217053,6.735602
693,alpha,fluidigmc1,-3.7370734,5.942406
694,alpha,fluidigmc1,-3.352909,5.9221673
695,alpha,fluidigmc1,-4.6942644,6.6622972
696,alpha,fluidigmc1,-4.7290254,6.6848807
697,alpha,fluidigmc1,-4.003289,7.826091
698,alpha,fluidigmc1,-4.035115,6.8840923
699,alpha,fluidigmc1,-3.6270423,8.819439
700,alpha,fluidigmc1,-5.313025,-9.178274
701,alpha,fluidigmc1,-5.012954,5.749927
702,alpha,fluidigmc1,-3.0301998,8.611446
703,alpha,fluidigmc1,-4.36482,5.913826
704,alpha,fluidigmc1,-3.8791847,7.7667885
705,alpha,fluidigmc1,-4.679925,6.65304
706,alpha,fluidigmc1,-4.38358,7.7417545
707,alpha,fluidigmc1,-5.3746257,9.02168
708,alpha,fluidigmc1,-4.9480557,6.2986093
709,alpha,fluidigmc1,-4.83586,6.646976
710,alpha,fluidigmc1,-3.8732111,6.7425847
711,alpha,fluidigmc1,-2.5902817,6.933381
712,alpha,fluidigmc1,-2.6928008,6.526355
713,alpha,fluidigmc1,-5.2974195,6.8609686
714,alpha,fluidigmc1,-3.1927183,7.3407335
715,delta,celseq,0.59568614,0.24918349
716,delta,celseq,0.49239245,0.25875562
717,delta,celseq,1.3008715,0.15632848
718,delta,celseq,1.385183,0.111815654
719,delta,celseq,0.6277971,0.28407666
720,delta,celseq,0.4277847,-0.025582787
721,delta,celseq,0.31061774,-0.14002824
722,delta,celseq,0.28388566,-0.0755905
723,delta,celseq,0.8235116,-0.43821242
724,delta,celseq,0.40146556,0.074688524
725,delta,celseq,1.4791662,-0.43039587
726,delta,celseq,0.31920296,-0.24954286
727,delta,celseq,0.42901096,-0.12769794
728,delta,celseq,-3.5121224,-4.638981
729,delta,celseq,1.517112,0.042173427
730,delta,celseq,1.2289399,0.03190393
731,delta,celseq,0.9017575,-0.46864054
732,delta,celseq,1.0774785,0.14113489
733,delta,celseq,0.8820326,0.57759947
734,delta,celseq,0.28678578,-0.27151063
735,delta,celseq,1.1156789,0.4157241
736,delta,celseq,0.9104947,-0.05054725
737,delta,celseq,1.2637933,0.23608726
738,delta,celseq,0.7182834,0.2301802
739,delta,celseq,0.7354596,0.2722136
740,delta,celseq,1.0216117,-0.59448683
741,delta,celseq,1.1871375,-0.043254845
742,delta,celseq,0.4258966,-0.23883839
743,delta,celseq,1.6691905,0.06837787
744,delta,celseq,1.6003485,0.011850895
745,delta,celseq,0.73544985,-0.060894895
746,delta,celseq,1.7396392,0.008619962
747,delta,celseq,1.4253705,0.10663813
748,delta,celseq,1.5859319,0.07607266
749,delta,celseq,0.6321796,-0.7853294
750,delta,celseq,1.2744501,-0.119658425
751,delta,celseq,0.8720415,0.032553945
752,delta,celseq,1.366581,0.33196473
753,delta,celseq,1.6069182,0.098550834
754,delta,celseq,1.6552962,0.024998283
755,delta,celseq,1.4606798,0.077982344
756,delta,celseq,1.6775968,0.0691472
757,delta,celseq,1.7272707,0.06550651
758,delta,celseq,1.5549483,-0.19187897
759,delta,celseq,1.4618986,0.098552495
760,delta,celseq,1.0639074,0.13093667
761,delta,celseq,0.6292377,-0.8039736
762,delta,celseq,1.5595993,0.21091615
763,delta,celseq,1.4088714,-0.1264169
764,delta,celseq,1.6439327,-0.05900225
765,delta,fluidigmc1,1.4420154,0.22319958
766,delta,fluidigmc1,1.0381193,-0.2783871
767,delta,fluidigmc1,0.55652124,-0.39283815
768,delta,fluidigmc1,-3.911269,6.59037
769,delta,fluidigmc1,0.7878114,-0.029547967
770,delta,fluidigmc1,0.59189427,0.0033292556
771,delta,fluidigmc1,1.3135691,-0.52435035
772,delta,fluidigmc1,1.2630538,0.10680205
773,delta,fluidigmc1,1.4623815,0.28989646
774,delta,fluidigmc1,-4.096824,-7.453277
775,delta,fluidigmc1,1.297844,0.052950792
776,delta,fluidigmc1,0.55513924,-0.6179462
777,delta,fluidigmc1,1.2229598,-0.5467847
778,delta,fluidigmc1,-5.194827,-9.080171
779,delta,fluidigmc1,1.1163453,-0.47483647
780,delta,fluidigmc1,0.28395036,-0.3158573
781,delta,fluidigmc1,-3.815825,-7.595301
782,delta,fluidigmc1,1.1508217,-0.5769738
783,delta,fluidigmc1,1.2294598,-0.59318525
784,delta,fluidigmc1,1.0969931,-0.4287404
785,delta,fluidigmc1,-1.9542518,-4.9009147
786,delta,fluidigmc1,1.015684,-0.67462826
787,delta,fluidigmc1,1.1928201,-0.042204317
788,delta,fluidigmc1,1.2961063,-0.58521104
789,delta,fluidigmc1,0.80978477,-0.54435307
790,beta,celseq,-3.9220324,-7.166134
791,beta,celseq,-3.7814426,-5.748451
792,beta,celseq,-3.5260155,-5.4873557
793,beta,celseq,-1.38605,8.865965
794,beta,celseq,-4.0146203,-6.939145
795,beta,celseq,-3.674662,-7.26619
796,beta,celseq,-3.6185737,-6.5818415
797,beta,celseq,-3.9435499,-6.9798565
798,beta,celseq,-3.0427516,-7.4602146
799,beta,celseq,-3.3862493,-6.7182317
800,beta,celseq,-4.079299,-6.8828106
801,beta,celseq,-3.0707815,-5.71783
802,beta,celseq,-3.5322652,-6.8661146
803,beta,celseq,-2.7298355,-6.5081377
804,beta,celseq,-3.9182823,-6.9887505
805,beta,celseq,-4.123739,-6.676607
806,beta,celseq,-3.7345524,-7.199928
807,beta,celseq,-4.0160584,-7.1466265
808,beta,celseq,-3.6650066,-5.3091784
809,beta,celseq,-3.6726816,-5.491838
810,beta,celseq,-3.5526211,-5.202779
811,beta,celseq,-3.615702,-5.277359
812,beta,celseq,-3.9185898,-5.838576
813,beta,celseq,-3.9316325,-5.914294
814,beta,celseq,-3.6656787,-5.592007
815,beta,celseq,-3.9406755,-5.855809
816,beta,celseq,-3.394894,-5.256942
817,beta,celseq,-3.679866,-5.3790083
818,beta,celseq,-4.453584,-7.5048113
819,beta,celseq,-3.6336408,-5.295525
820,beta,celseq,-3.6688623,-5.3851104
821,beta,celseq,-3.4488387,-5.192671
822,beta,celseq,-3.4330804,-5.3594184
823,beta,celseq,-3.6423056,-5.3697815
824,beta,celseq,-3.7468815,-5.659879
825,beta,celseq,-3.6471007,-5.948678
826,beta,celseq,-3.6627853,-5.334839
827,beta,celseq,-3.8569956,-6.022597
828,beta,celseq,-3.6010058,-5.2869015
829,beta,celseq,-4.208208,-7.1285515
830,beta,celseq,-3.63293,-5.5498557
831,beta,celseq,-3.470279,-5.103649
832,beta,celseq,-3.5896523,-5.341599
833,beta,celseq,-3.201683,-5.5167427
834,beta,celseq,-2.3865666,-9.700096
835,beta,celseq,-3.6957154,-5.5705867
836,beta,celseq,-3.750201,-5.5844235
837,beta,celseq,-3.9627109,-6.197961
838,beta,celseq,-3.8801763,-5.85024
839,beta,celseq,-3.646636,-7.910661
840,beta,celseq,-3.5477288,-5.1759973
841,beta,celseq,-4.0668044,-9.208053
842,beta,celseq,-3.7276044,-7.245441
843,beta,celseq,-3.5863264,-6.2334194
844,beta,celseq,-3.5516818,-4.839122
845,beta,celseq,-4.6577964,-9.54711
846,beta,celseq,-3.583185,-5.599317
847,beta,celseq,-3.6543949,-5.589063
848,beta,celseq,-3.7664611,-5.911897
849,beta,celseq,-3.7144098,-5.3918247
850,beta,celseq,0.62334496,0.7316927
851,beta,celseq,-3.5215857,-5.166112
852,beta,celseq,-3.5982313,-5.2364306
853,beta,celseq,-3.2882972,-7.2906814
854,beta,celseq,-3.5265594,-5.251619
855,beta,celseq,-3.0053692,-4.220061
856,beta,celseq,-4.177458,-7.046156
857,beta,celseq,-3.5271695,-5.1374593
858,beta,celseq,-3.869379,-5.938158
859,beta,celseq,-3.510281,-6.761011
860,beta,celseq,-3.4926424,-5.21292
861,beta,celseq,-4.062063,-6.027797
862,beta,celseq,-3.3861413,-5.263644
863,beta,celseq,-3.5825422,-5.429767
864,beta,celseq,-3.758478,-5.5247827
865,beta,celseq,-4.1091332,-6.702405
866,beta,celseq,-2.7649844,-5.519035
867,beta,celseq,-3.5532377,-5.220644
868,beta,celseq,-3.5962708,-5.6323514
869,beta,celseq,-4.0035357,-6.1619987
870,beta,celseq,-3.6976252,-5.549452
871,beta,celseq,-3.9462214,-10.248076
872,beta,celseq,-3.5925753,-5.8119235
873,beta,celseq,-3.7053173,-6.537444
874,beta,celseq,-3.608558,-5.2127604
875,beta,celseq,-5.607637,0.81178916
876,beta,celseq,-4.215873,-6.9888935
877,beta,celseq,-4.2584295,-6.8352036
878,beta,celseq,-4.00716,-6.210259
879,beta,celseq,-1.946342,-8.0738945
880,beta,celseq,-3.826261,-7.442488
881,beta,celseq,-2.89354,-9.145469
882,beta,celseq,-4.1844335,-6.676455
883,beta,celseq,-4.0208325,-6.7588415
884,beta,celseq,-4.145373,-6.2025175
885,beta,celseq,-3.8815904,-5.7608395
886,beta,celseq,-4.103506,-6.7226534
887,beta,celseq,-4.172024,-6.3060837
888,beta,celseq,-4.0047827,-6.1157856
889,beta,celseq,-3.7670028,-5.5602055
890,beta,celseq,-3.969348,-6.0842137
891,beta,celseq,-4.159075,-6.3834743
892,beta,celseq,-4.0234394,-6.086883
893,beta,celseq,-3.9957678,-6.661215
894,beta,celseq,-3.9839303,-5.9833326
895,beta,celseq,-3.8395321,-6.6204844
896,beta,celseq,-1.425256,-6.4997888
897,beta,celseq,-3.7456384,-6.466598
898,beta,celseq,-4.1830955,-6.585143
899,beta,celseq,-4.0907493,-6.141308
900,beta,celseq,-3.6644988,-10.016103
901,beta,celseq,-4.165014,-6.295703
902,beta,celseq,-3.8185608,-5.857516
903,beta,celseq,-4.011525,-6.50233
904,beta,celseq,-4.0901346,-6.3608327
905,beta,celseq,-3.7004936,-5.4274936
906,beta,celseq,-3.9746122,-6.163638
907,beta,celseq,-4.174608,-6.629061
908,beta,celseq,-4.1800656,-6.6985917
909,beta,celseq,-3.947921,-5.8920684
910,beta,celseq,-2.6648016,-9.46537
911,beta,celseq,-3.755411,-5.5249934
912,beta,celseq,-4.181611,-6.7065144
913,beta,celseq,-3.8566277,-5.993443
914,beta,celseq,-3.8865373,-6.8227363
915,beta,celseq,-3.7318392,-6.651498
916,beta,celseq,-3.7375324,-5.6572633
917,beta,celseq,-4.039434,-6.034992
918,beta,celseq,-3.9089441,-5.9912834
919,beta,celseq,-3.03177,-9.491371
920,beta,celseq,-4.0836277,-6.083346
921,beta,celseq,-3.8643494,-5.8200955
922,beta,celseq,-3.8380027,-5.906103
923,beta,celseq,-3.9295707,-5.885494
924,beta,celseq,-4.0375695,-6.6957173
925,beta,celseq,-3.8446243,-6.4413395
926,beta,celseq,-3.170649,-5.823887
927,beta,celseq,-3.8446906,-5.7752957
928,beta,celseq,-4.066568,-6.06919
929,beta,celseq,-4.0895953,-6.2022676
930,beta,celseq,-3.9536476,-6.2134767
931,beta,celseq,-3.8898332,-5.847705
932,beta,celseq,-3.7629006,-5.664818
933,beta,celseq,-3.2976015,-9.040754
934,beta,celseq,-4.0828342,-6.383185
935,beta,celseq,-3.7213054,-5.7002754
936,beta,celseq,-3.9513342,-6.0721483
937,beta,celseq,-3.9303536,-6.227465
938,beta,celseq,-3.6039598,-6.1049576
939,beta,celseq,-4.112616,-6.6423554
940,beta,celseq,-3.5468004,-7.2384605
941,beta,celseq,-3.8575397,-6.1048965
942,beta,celseq,-3.8874247,-6.028876
943,beta,celseq,-4.0947285,-6.2883396
944,beta,celseq,-3.9588459,-5.9951344
945,beta,celseq,-4.151924,-6.46865
946,beta,celseq,-4.0972476,-6.1177735
947,beta,celseq,-4.040138,-6.0729127
948,beta,celseq,-4.1288943,-6.654949
949,beta,celseq,-3.7336867,-5.67237
950,beta,celseq,-4.150812,-6.6252074
951,beta,fluidigmc1,-5.1494794,-7.903856
952,beta,fluidigmc1,-4.342746,-8.132556
953,beta,fluidigmc1,-3.6902509,-7.453376
954,beta,fluidigmc1,-3.2084408,-7.401462
955,beta,fluidigmc1,-5.4402604,-7.7667503
956,beta,fluidigmc1,-5.4255323,-7.791559
957,beta,fluidigmc1,-5.6547565,-7.5554543
958,beta,fluidigmc1,-2.4350228,6.840739
959,beta,fluidigmc1,-3.2512267,-8.883081
960,beta,fluidigmc1,-3.7819722,-10.34296
961,beta,fluidigmc1,-3.7918935,-7.05109
962,beta,fluidigmc1,-5.6741924,-7.818405
963,beta,fluidigmc1,-4.216834,-6.70401
964,beta,fluidigmc1,-5.877871,-7.6787806
965,beta,fluidigmc1,-5.8286734,-7.675658
966,beta,fluidigmc1,-4.29164,-7.988881
967,beta,fluidigmc1,-4.9418716,-9.900587
968,beta,fluidigmc1,-2.8433478,-9.89277
969,beta,fluidigmc1,-4.2168107,-7.1017184
970,beta,fluidigmc1,-5.1533537,-8.820547
971,beta,fluidigmc1,-4.4649997,-6.673848
972,beta,fluidigmc1,-4.9618564,-7.4820833
973,beta,fluidigmc1,-5.3093066,-7.393865
974,beta,fluidigmc1,-2.8307598,-6.3986006
975,beta,fluidigmc1,-5.669635,-7.6247454
976,beta,fluidigmc1,-5.5257564,-7.9803543
977,beta,fluidigmc1,-3.0963824,-7.587086
978,beta,fluidigmc1,-4.388431,-7.3771105
979,beta,fluidigmc1,-3.444382,-8.941299
980,beta,fluidigmc1,-3.883788,-6.0391407
981,beta,fluidigmc1,-1.4463614,-7.2774596
982,beta,fluidigmc1,-3.1912875,-7.634022
983,beta,fluidigmc1,-3.7775726,-8.964929
984,beta,fluidigmc1,-4.1008587,-8.669759
985,beta,fluidigmc1,-4.57496,-9.463405
986,beta,fluidigmc1,-3.995772,-8.328598
987,beta,fluidigmc1,-4.223419,-9.925723
988,beta,fluidigmc1,-2.8283367,-7.0377994
989,beta,fluidigmc1,-4.412342,-7.7909174
990,beta,fluidigmc1,-4.0876975,-7.9836993
991,beta,fluidigmc1,-4.3061943,-8.089069
992,beta,fluidigmc1,-4.2735043,-8.446538
993,beta,fluidigmc1,-4.979342,-7.7558074
994,beta,fluidigmc1,-4.1922584,-7.9705396
995,beta,fluidigmc1,-4.29096,-8.187177
996,beta,fluidigmc1,-2.513567,-5.6492662
997,beta,fluidigmc1,-2.8005385,-8.734011
998,beta,fluidigmc1,-4.30914,-8.004852
999,beta,fluidigmc1,-3.769959,-7.4926405
1000,beta,fluidigmc1,-4.220386,-7.8157606
1001,beta,fluidigmc1,-4.3414054,-8.12791
1002,beta,fluidigmc1,-4.0519934,-7.776511
1003,beta,fluidigmc1,-3.1730077,-8.87455
1004,beta,fluidigmc1,-3.1098151,-9.020781
1005,beta,fluidigmc1,-2.9264185,-9.656653
1006,beta,fluidigmc1,-2.9076688,-8.519323
1007,beta,fluidigmc1,-2.3494742,-5.0444064
1008,beta,fluidigmc1,-4.3217683,-8.362203
1009,beta,fluidigmc1,-1.58543,-6.637636
1010,beta,fluidigmc1,-2.920704,-8.985463
1011,beta,fluidigmc1,-4.375599,-8.246598
1012,beta,fluidigmc1,-5.4787107,-7.344514
1013,beta,fluidigmc1,-3.9301913,-8.291647
1014,beta,fluidigmc1,-4.9113107,-8.870625
1015,beta,fluidigmc1,-4.088204,-8.116776
1016,beta,fluidigmc1,-4.0503607,-9.052819
1017,beta,fluidigmc1,-4.1508584,-7.934515
1018,beta,fluidigmc1,-5.092096,-9.84692
1019,beta,fluidigmc1,-5.1114216,-8.191475
1020,beta,fluidigmc1,-4.0406737,-8.029523
1021,beta,fluidigmc1,-4.4139423,-8.740251
1022,beta,fluidigmc1,-1.5751654,-7.231238
1023,beta,fluidigmc1,-4.3731585,-8.243919
1024,beta,fluidigmc1,-2.3321717,-6.73479
1025,beta,fluidigmc1,-1.2121562,-7.5816574
1026,beta,fluidigmc1,-4.224459,-8.433207
1027,beta,fluidigmc1,-2.973554,-8.912171
1028,beta,fluidigmc1,-4.244292,-8.495516
1029,beta,fluidigmc1,-4.071303,-8.615742
1030,beta,fluidigmc1,-4.0374084,-8.706298
1031,beta,fluidigmc1,-4.240329,-7.952614
1032,beta,fluidigmc1,-4.3105226,-8.101721
1033,beta,fluidigmc1,-4.5664177,-8.354542
1034,beta,fluidigmc1,-2.7015793,-5.6473227
1035,beta,fluidigmc1,-4.0762415,-7.9455338
1036,beta,fluidigmc1,-2.6099436,-6.4970827
1037,beta,fluidigmc1,-2.7986875,-6.4098763
1038,beta,fluidigmc1,-2.7472858,-6.440199
1039,beta,fluidigmc1,-4.827703,-6.83456
1040,beta,fluidigmc1,-4.735779,-6.8670835
1041,beta,fluidigmc1,-4.8131895,-6.769918
1042,beta,fluidigmc1,-2.126444,-9.050759
1043,beta,fluidigmc1,-4.454066,-7.1947374
1044,beta,fluidigmc1,-2.1284277,-9.106255
1045,beta,fluidigmc1,-3.8815498,-7.1680946
1046,beta,fluidigmc1,-4.0849757,-7.3531485
1047,beta,fluidigmc1,-3.853817,-8.363369
1048,beta,fluidigmc1,-3.472054,-7.618627
1049,beta,fluidigmc1,-3.0183046,-6.204767
1050,beta,fluidigmc1,-3.2985063,-7.6821337
1051,beta,fluidigmc1,-3.5749557,-7.2506037
1052,beta,fluidigmc1,-4.2065034,-8.031308
1053,beta,fluidigmc1,-4.0842657,-10.2554
1054,beta,fluidigmc1,-3.7419045,-10.1036415
1055,beta,fluidigmc1,-3.9139392,-7.8776054
1056,beta,fluidigmc1,-4.128202,-7.1812735
1057,beta,fluidigmc1,-3.8707914,-7.083628
1058,beta,fluidigmc1,-5.1037035,-7.9389744
1059,beta,fluidigmc1,-3.9126291,-7.8212194
1060,beta,fluidigmc1,-3.8178937,-7.6549077
1061,beta,fluidigmc1,-2.552662,-6.455316
1062,beta,fluidigmc1,-4.583463,-7.5478897
1063,beta,fluidigmc1,-4.028685,-7.146195
1064,beta,fluidigmc1,-1.8534182,-7.2158275
1065,beta,fluidigmc1,-4.1121626,-7.7076426
1066,beta,fluidigmc1,-3.4066029,-6.6409125
1067,beta,fluidigmc1,-4.0137496,-7.350401
1068,beta,fluidigmc1,-4.0297,-7.3589883
1069,beta,fluidigmc1,-4.2364697,-7.369933
1070,beta,fluidigmc1,-3.7935812,-7.628245
1071,beta,fluidigmc1,-3.2455423,-9.160064
1072,beta,fluidigmc1,-3.158003,-7.1931705
1073,beta,fluidigmc1,-3.778427,-7.321165
1074,beta,fluidigmc1,-2.4264948,-6.7953267
1075,beta,fluidigmc1,-2.7421408,-8.316156
1076,beta,fluidigmc1,-3.664511,-7.256834
1077,beta,fluidigmc1,-3.9945405,-7.347008
1078,beta,fluidigmc1,-4.0239916,-7.0796413
1079,beta,fluidigmc1,-2.5282724,-5.696891
1080,beta,fluidigmc1,-4.5901537,-6.7873163
1081,beta,fluidigmc1,-3.351855,-7.3311157
1082,beta,fluidigmc1,-2.955134,-6.3782706
1083,beta,fluidigmc1,-4.2441463,-8.168801
1084,beta,fluidigmc1,-4.366025,-7.494636
1085,beta,fluidigmc1,-3.3674026,-5.9766574
1086,beta,fluidigmc1,-4.200251,-6.6155324
1087,beta,fluidigmc1,-5.252052,-7.5248146
1088,beta,fluidigmc1,-4.2677035,-7.6106877
1089,beta,fluidigmc1,-5.3601246,-6.9217978
1090,beta,fluidigmc1,-3.8911726,-7.780969
1091,beta,fluidigmc1,-4.448818,-7.2280736
1092,beta,fluidigmc1,-5.143041,-7.1059794
1093,beta,fluidigmc1,-4.2528443,-7.1486554
1094,beta,fluidigmc1,9.807087,0.14874883
1095,beta,fluidigmc1,-3.6550853,-6.144601
1096,beta,fluidigmc1,-3.0060303,-4.161328
1097,beta,fluidigmc1,-2.1405554,-6.3361506
1098,beta,fluidigmc1,-3.0278807,-4.2240124
1099,beta,fluidigmc1,-4.4704823,-7.1498256
1100,beta,fluidigmc1,-2.2833285,-5.9645305
1101,beta,fluidigmc1,-2.6221123,-4.8311844
1102,beta,fluidigmc1,-2.4311786,-6.4825897
1103,beta,fluidigmc1,-2.9848566,-4.197445
1104,beta,fluidigmc1,-4.128511,-7.238339
1105,beta,fluidigmc1,-2.6257472,-8.095695
1106,beta,fluidigmc1,-3.4954083,-7.0460887
1107,beta,fluidigmc1,-2.189995,-6.4049478
1108,beta,fluidigmc1,-3.1865194,-7.5689845
1109,beta,fluidigmc1,-3.5083964,-8.934072
1110,beta,fluidigmc1,-3.4521248,-7.0118237
1111,beta,fluidigmc1,-2.9472497,-6.679132
1112,beta,fluidigmc1,-3.3382761,-9.895574
1113,beta,fluidigmc1,-4.7111573,-8.3896885
1114,beta,fluidigmc1,-2.8689806,-9.8627205
1115,beta,fluidigmc1,-2.755238,-9.72769
1116,beta,fluidigmc1,-2.8762589,-7.5825133
1117,beta,fluidigmc1,-3.1004572,-7.6466675
1118,beta,fluidigmc1,-3.4412959,-8.092862
1119,beta,fluidigmc1,-3.803521,-7.6178317
1120,beta,fluidigmc1,-3.3952785,-9.400202
1121,beta,fluidigmc1,-2.7149916,-8.09378
1122,beta,fluidigmc1,-5.032116,-9.509504
1123,beta,fluidigmc1,-3.4157922,-10.19297
1124,beta,fluidigmc1,-2.929405,-8.734246
1125,beta,fluidigmc1,-3.8189528,-7.0323296
1126,beta,fluidigmc1,-3.9143538,-6.2700925
1127,beta,fluidigmc1,-3.7644641,-7.619247
1128,beta,fluidigmc1,-3.7609336,-8.034558
1129,beta,fluidigmc1,-3.783956,-7.5608377
1130,beta,fluidigmc1,-4.205481,-9.772813
1131,beta,fluidigmc1,-2.7610373,-9.1174965
1132,beta,fluidigmc1,-2.9094222,-6.2449474
1133,beta,fluidigmc1,-3.228282,-7.630203
1134,beta,fluidigmc1,-4.1387606,-7.1976433
1135,beta,fluidigmc1,-3.4412863,-6.3667912
1136,beta,fluidigmc1,-3.2223923,-7.512432
1137,beta,fluidigmc1,-3.3531268,-5.866514
1138,beta,fluidigmc1,-3.8387935,-7.641318
1139,beta,fluidigmc1,-4.861447,-9.671488
1140,beta,fluidigmc1,-3.0588202,-8.473399
1141,beta,fluidigmc1,-2.8201332,-8.424978
1142,beta,fluidigmc1,-2.6065876,-8.103771
1143,beta,fluidigmc1,-3.6371822,-7.806516
1144,beta,fluidigmc1,-2.3287401,-6.9393363
1145,beta,fluidigmc1,-3.7684183,-7.512826
1146,beta,fluidigmc1,-3.4337578,-9.857178
1147,beta,fluidigmc1,-2.837379,-7.5668135
1148,beta,fluidigmc1,-3.904015,-7.8884897
1149,beta,fluidigmc1,-2.630148,-8.11878
1150,beta,fluidigmc1,-3.7291949,-7.8215446
1151,beta,fluidigmc1,-3.8053882,-7.807855
1152,beta,fluidigmc1,-3.796891,-7.1391354
1153,beta,fluidigmc1,-3.2995152,-10.036186
1154,beta,fluidigmc1,-3.713617,-7.4639535
1155,beta,fluidigmc1,-2.8522632,-7.3159337
1156,beta,fluidigmc1,-4.033422,-7.969234
1157,beta,fluidigmc1,-3.042342,-7.963228
1158,beta,fluidigmc1,-3.2029908,-9.179801
1159,beta,fluidigmc1,-3.7830818,-7.5903497
1160,beta,fluidigmc1,-2.950006,-8.246738
1161,beta,fluidigmc1,-3.7481053,-7.481271
1162,beta,fluidigmc1,-3.671573,-7.467377
1163,beta,fluidigmc1,-3.786731,-7.617542
1164,beta,fluidigmc1,-3.6451778,-7.8118434
1165,beta,fluidigmc1,-3.777675,-7.534466
1166,beta,fluidigmc1,-3.2465236,-6.8874965
1167,beta,fluidigmc1,-2.650815,-7.8198566
1168,beta,fluidigmc1,-3.7953212,-7.5574164
1169,beta,fluidigmc1,-3.55634,-10.116628
1170,beta,fluidigmc1,-3.7222562,-7.367706
1171,beta,fluidigmc1,-4.211231,-7.2783356
1172,beta,fluidigmc1,-1.812579,-8.069421
1173,beta,fluidigmc1,-3.6245384,-6.709619
1174,beta,fluidigmc1,-4.4769335,-7.1842957
1175,beta,fluidigmc1,-3.617819,-5.331462
1176,beta,fluidigmc1,-3.4885783,-6.300895
1177,beta,fluidigmc1,-4.3940396,-9.67547
1178,beta,fluidigmc1,-4.0013347,-7.4587526
1179,beta,fluidigmc1,-2.4282317,-7.2015705
1180,beta,fluidigmc1,-5.1193123,-7.7099223
1181,beta,fluidigmc1,-2.013169,-9.458492
1182,beta,fluidigmc1,-2.6043382,-6.2311964
1183,beta,fluidigmc1,-4.7333817,-7.634149
1184,beta,fluidigmc1,-3.3969498,-6.634821
1185,beta,fluidigmc1,-5.296808,-8.348326
1186,beta,fluidigmc1,-3.72047,-5.817351
1187,beta,fluidigmc1,-3.604819,-7.2243047
1188,beta,fluidigmc1,-3.6629753,-6.555717
1189,beta,fluidigmc1,-2.7926354,-6.971785
1190,beta,fluidigmc1,-3.8413615,-5.9201894
1191,beta,fluidigmc1,-5.3766975,-6.827897
1192,beta,fluidigmc1,-4.455888,-7.1645308
1193,beta,fluidigmc1,-3.7005641,-6.1530814
1194,beta,fluidigmc1,-4.0694585,-7.1807704
1195,beta,fluidigmc1,-3.7905896,7.0826354
1196,beta,fluidigmc1,-0.90034646,-6.870869
1197,beta,fluidigmc1,-4.0165367,-7.170557
1198,beta,fluidigmc1,-2.5054743,-6.2223163
1199,beta,fluidigmc1,-2.9976244,-6.410852
1200,beta,fluidigmc1,-3.1070232,-6.4687123
1201,beta,fluidigmc1,-3.7656612,-6.6719084
1202,beta,fluidigmc1,-5.361832,-7.6652513
1203,beta,fluidigmc1,-2.8994372,-8.575432
1204,beta,fluidigmc1,-2.8871877,-7.1309924
1205,beta,fluidigmc1,-3.779934,-6.5662303
1206,beta,fluidigmc1,-2.9875684,-6.0036507
1207,beta,fluidigmc1,-5.124201,-6.768087
1208,beta,fluidigmc1,-3.2442858,-9.715505
1209,ductal,celseq,8.254261,4.6058187
1210,ductal,celseq,8.026014,5.6267314
1211,ductal,celseq,9.144101,5.051279
1212,ductal,celseq,8.215508,4.575906
1213,ductal,celseq,12.3420105,-1.6033946
1214,ductal,celseq,9.637324,5.0276847
1215,ductal,celseq,9.158563,5.986988
1216,ductal,celseq,9.383595,4.716716
1217,ductal,celseq,8.857652,6.114159
1218,ductal,celseq,8.908214,6.703565
1219,ductal,celseq,9.065383,6.4444127
1220,ductal,celseq,9.485577,4.9779477
1221,ductal,celseq,9.353089,5.5240197
1222,ductal,celseq,11.040958,-2.2370775
1223,ductal,celseq,9.215304,4.8988023
1224,ductal,celseq,9.81859,0.5099806
1225,ductal,celseq,8.969837,6.493328
1226,ductal,celseq,8.806647,6.5262494
1227,ductal,celseq,8.041952,5.6268063
1228,ductal,celseq,9.334423,5.2129617
1229,ductal,celseq,8.788724,6.4723997
1230,ductal,celseq,8.8188505,6.6291494
1231,ductal,celseq,8.988924,6.4133277
1232,ductal,celseq,9.780216,0.5807153
1233,ductal,celseq,8.821848,6.7380877
1234,ductal,celseq,8.66629,6.6979704
1235,ductal,celseq,8.669031,6.5960484
1236,ductal,celseq,9.047859,6.2240644
1237,ductal,celseq,8.578476,3.575408
1238,ductal,celseq,8.725949,3.43629
1239,ductal,celseq,9.49337,4.1850376
1240,ductal,celseq,9.730196,0.5580727
1241,ductal,celseq,9.22871,4.169271
1242,ductal,celseq,8.755746,6.213801
1243,ductal,celseq,8.725411,6.474086
1244,ductal,celseq,9.432228,4.1191726
1245,ductal,celseq,8.820349,6.4869733
1246,ductal,celseq,8.750325,5.041409
1247,ductal,celseq,9.408394,4.734811
1248,ductal,celseq,8.738175,6.495214
1249,ductal,celseq,8.630794,6.725531
1250,ductal,celseq,8.638841,6.2049685
1251,ductal,celseq,9.349056,4.147605
1252,ductal,celseq,9.531621,3.783296
1253,ductal,celseq,8.606088,6.553603
1254,ductal,celseq,8.497977,6.660193
1255,ductal,celseq,8.70086,6.53281
1256,ductal,celseq,7.76426,5.630896
1257,ductal,celseq,8.514417,6.66598
1258,ductal,celseq,9.608161,0.9471772
1259,ductal,celseq,9.301956,5.8572016
1260,ductal,celseq,9.672219,4.988296
1261,ductal,celseq,6.840641,4.869993
1262,ductal,celseq,8.654515,6.426363
1263,ductal,celseq,8.660249,6.6200056
1264,ductal,celseq,8.864341,6.32571
1265,ductal,celseq,9.281097,5.9855165
1266,ductal,celseq,7.986809,5.1131697
1267,ductal,celseq,8.435371,6.69044
1268,ductal,celseq,7.0470285,3.8712025
1269,ductal,celseq,8.901138,4.638347
1270,ductal,celseq,7.483349,5.3256054
1271,ductal,celseq,9.518343,5.0789967
1272,ductal,celseq,9.515981,3.7496774
1273,ductal,celseq,8.623699,6.5803113
1274,ductal,celseq,9.483672,3.8224812
1275,ductal,celseq,8.778042,6.3651085
1276,ductal,celseq,9.430598,3.798807
1277,ductal,celseq,8.69511,5.941294
1278,ductal,celseq,6.678779,5.281349
1279,ductal,celseq,9.548718,4.067576
1280,ductal,celseq,9.701874,5.155423
1281,ductal,celseq,7.2870345,4.518349
1282,ductal,celseq,8.89777,6.0296817
1283,ductal,celseq,8.800198,4.040746
1284,ductal,celseq,9.819308,0.6200416
1285,ductal,celseq,9.554814,3.9799697
1286,ductal,celseq,9.449002,3.6939256
1287,ductal,celseq,9.370624,4.675968
1288,ductal,celseq,9.051578,4.96389
1289,ductal,celseq,8.599034,6.540955
1290,ductal,celseq,8.9746065,5.7391367
1291,ductal,celseq,6.9928284,4.7707286
1292,ductal,celseq,9.365543,4.822301
1293,ductal,celseq,8.645945,6.48825
1294,ductal,celseq,9.669927,4.9944153
1295,ductal,celseq,9.546056,3.7272892
1296,ductal,celseq,9.282971,5.5888453
1297,ductal,celseq,9.298713,4.8989573
1298,ductal,celseq,9.2467785,4.9080005
1299,ductal,celseq,8.652259,6.393084
1300,ductal,celseq,9.316428,5.7632174
1301,ductal,celseq,9.238851,4.8000994
1302,ductal,celseq,7.5160155,3.99345
1303,ductal,celseq,8.611776,6.604757
1304,ductal,celseq,9.402546,4.5014315
1305,ductal,celseq,9.347415,5.8039865
1306,ductal,celseq,9.557719,4.904844
1307,ductal,celseq,7.1625996,5.570755
1308,ductal,celseq,8.660076,6.4199295
1309,ductal,celseq,9.506627,4.063734
1310,ductal,celseq,7.1162415,5.4519157
1311,ductal,celseq,9.321917,5.836786
1312,ductal,celseq,9.1856165,4.727102
1313,ductal,celseq,7.8388896,4.388343
1314,ductal,celseq,8.937542,4.777319
1315,ductal,celseq,9.448401,4.778847
1316,ductal,celseq,8.510384,4.804498
1317,ductal,celseq,9.251711,4.5596714
1318,ductal,celseq,9.517957,4.7362013
1319,ductal,celseq,9.384963,4.7248783
1320,ductal,celseq,9.821182,0.6143257
1321,ductal,celseq,9.202323,6.029758
1322,ductal,celseq,9.519282,4.8639197
1323,ductal,celseq,9.218876,4.852057
1324,ductal,celseq,8.581237,6.3623266
1325,ductal,celseq,8.3254175,5.394016
1326,ductal,celseq,9.313764,6.097245
1327,ductal,celseq,9.400969,4.786141
1328,ductal,celseq,9.58659,5.078433
1329,ductal,celseq,9.266636,3.5027056
1330,ductal,celseq,9.283411,3.742824
1331,ductal,celseq,6.893543,5.3771033
1332,ductal,celseq,9.465226,3.6076775
1333,ductal,celseq,9.717699,5.4118123
1334,ductal,celseq,9.852194,0.096641034
1335,ductal,celseq,9.244694,3.9508338
1336,ductal,celseq,9.642638,0.34013203
1337,ductal,celseq,11.367242,-2.2318058
1338,ductal,celseq,9.824299,0.19375423
1339,ductal,celseq,9.904293,-0.020645283
1340,ductal,celseq,9.147761,4.0978575
1341,ductal,celseq,9.900854,0.002063487
1342,ductal,celseq,9.206546,3.6961513
1343,ductal,celseq,9.397245,3.986662
1344,ductal,celseq,9.313644,3.8828492
1345,ductal,celseq,8.861607,4.4372606
1346,ductal,celseq,9.318419,4.1325426
1347,ductal,celseq,9.339968,4.3166695
1348,ductal,celseq,8.956601,6.120305
1349,ductal,celseq,8.482132,6.4704957
1350,ductal,celseq,7.066353,4.8872447
1351,ductal,celseq,6.8745384,5.0429273
1352,ductal,celseq,9.093729,3.6298337
1353,ductal,celseq,9.151438,5.674576
1354,ductal,celseq,9.770235,0.6124136
1355,ductal,celseq,9.159581,5.1748624
1356,ductal,celseq,9.317055,5.222333
1357,ductal,celseq,9.467077,5.0113354
1358,ductal,celseq,8.911501,5.668112
1359,ductal,celseq,8.552347,6.6591425
1360,ductal,celseq,9.395179,4.982223
1361,ductal,celseq,9.135611,5.2904687
1362,ductal,celseq,9.464264,5.1647053
1363,ductal,celseq,9.019921,5.083602
1364,ductal,celseq,7.9838676,4.2616014
1365,ductal,celseq,8.832539,5.662357
1366,ductal,celseq,8.82393,5.5958877
1367,ductal,celseq,9.152252,6.340942
1368,ductal,celseq,8.86289,5.5563226
1369,ductal,celseq,9.422842,4.8957853
1370,ductal,celseq,9.165252,6.373102
1371,ductal,celseq,9.524917,4.0378013
1372,ductal,celseq,8.469132,4.8510456
1373,ductal,celseq,7.763354,5.729488
1374,ductal,celseq,9.498348,4.9126773
1375,ductal,celseq,9.440638,4.881673
1376,ductal,celseq,9.140481,5.470006
1377,ductal,celseq,9.726435,0.6397776
1378,ductal,celseq,8.764555,4.961385
1379,ductal,celseq,8.800433,6.377403
1380,ductal,celseq,9.832144,6.095313
1381,ductal,celseq,9.212068,5.8650002
1382,ductal,celseq,9.491411,4.8443394
1383,ductal,celseq,9.815096,0.60224134
1384,ductal,celseq,9.277173,5.749806
1385,ductal,celseq,7.560065,5.4706144
1386,ductal,celseq,9.5631275,3.8406274
1387,ductal,celseq,9.061745,5.8634615
1388,ductal,celseq,9.766848,6.1261234
1389,ductal,celseq,9.00917,5.659189
1390,ductal,celseq,9.100956,6.467426
1391,ductal,celseq,9.139472,5.0609922
1392,ductal,celseq,9.24277,4.9510727
1393,ductal,celseq,12.343847,-2.832657
1394,ductal,celseq,9.826182,0.57310283
1395,ductal,celseq,9.322325,4.9315157
1396,ductal,celseq,8.732791,6.710909
1397,ductal,celseq,9.806462,0.52736706
1398,ductal,celseq,8.698104,6.69803
1399,ductal,celseq,9.410488,4.8579965
1400,ductal,celseq,8.935459,6.017644
1401,ductal,celseq,8.860041,6.5854454
1402,ductal,celseq,8.731368,6.5844116
1403,ductal,celseq,9.827318,0.610441
1404,ductal,celseq,8.511969,5.3160934
1405,ductal,celseq,9.06689,6.3679543
1406,ductal,celseq,9.828521,0.61620367
1407,ductal,celseq,8.37002,5.001688
1408,ductal,celseq,8.981382,6.2710705
1409,ductal,celseq,9.160554,4.987291
1410,ductal,celseq,8.597998,6.706231
1411,ductal,celseq,8.953624,6.5203533
1412,ductal,celseq,9.8194,0.52016824
1413,ductal,celseq,9.061721,3.3863914
1414,ductal,celseq,8.743854,6.645548
1415,ductal,celseq,8.73743,6.6382604
1416,ductal,celseq,8.601863,6.5453415
1417,ductal,celseq,8.767024,6.717744
1418,ductal,celseq,7.9091935,5.9367967
1419,ductal,celseq,8.654799,6.730812
1420,ductal,celseq,8.926611,6.3794775
1421,ductal,celseq,9.9047,0.039490666
1422,ductal,celseq,9.819005,0.49846187
1423,ductal,celseq,9.509442,5.4454927
1424,ductal,celseq,8.498008,5.1748524
1425,ductal,celseq,10.947402,-2.9686322
1426,ductal,celseq,8.780133,5.983589
1427,ductal,celseq,8.718843,4.5422807
1428,ductal,celseq,8.517474,4.43258
1429,ductal,celseq,9.372696,4.8916736
1430,ductal,celseq,8.707822,6.4865565
1431,ductal,celseq,7.026806,5.440009
1432,ductal,celseq,9.323496,4.876686
1433,ductal,celseq,9.414428,5.9550567
1434,ductal,celseq,7.2141986,3.6938865
1435,ductal,celseq,9.283622,4.8868294
1436,ductal,celseq,9.21418,3.4549801
1437,ductal,celseq,7.609922,3.7235584
1438,ductal,celseq,9.432094,5.5059714
1439,ductal,celseq,8.894828,5.7624893
1440,ductal,celseq,8.905206,4.850124
1441,ductal,celseq,8.598889,6.182839
1442,ductal,celseq,8.633389,6.3250756
1443,ductal,celseq,9.466181,4.9252286
1444,ductal,celseq,9.089894,5.249108
1445,ductal,celseq,9.23175,4.8254595
1446,ductal,celseq,9.393215,3.7126143
1447,ductal,celseq,9.088717,5.539799
1448,ductal,celseq,12.01661,-3.564535
1449,ductal,celseq,8.612975,5.8230705
1450,ductal,celseq,9.003702,6.4995947
1451,ductal,celseq,11.518125,-1.8512127
1452,ductal,celseq,8.738274,6.4638996
1453,ductal,celseq,8.55725,6.2299485
1454,ductal,celseq,8.638624,4.239485
1455,ductal,celseq,8.380998,6.095491
1456,ductal,celseq,8.700342,6.574953
1457,ductal,celseq,8.243247,5.88744
1458,ductal,celseq,8.717507,4.6444893
1459,ductal,celseq,8.7030115,6.436986
1460,ductal,celseq,8.8591795,4.6974626
1461,ductal,celseq,8.247599,6.032958
1462,ductal,celseq,8.953149,4.8237185
1463,ductal,celseq,8.646438,6.2123523
1464,ductal,celseq,8.833562,5.646987
1465,ductal,celseq,8.208206,4.028971
1466,ductal,celseq,7.8455667,4.635974
1467,ductal,celseq,8.310922,4.4684577
1468,ductal,celseq,7.755096,4.0866623
1469,ductal,celseq,8.969026,3.7308357
1470,ductal,celseq,9.3111315,4.9592767
1471,ductal,celseq,9.826083,0.62458885
1472,ductal,celseq,9.392513,4.912223
1473,ductal,celseq,9.506059,5.832725
1474,ductal,celseq,8.481298,4.417961
1475,ductal,celseq,8.484557,5.5783362
1476,ductal,celseq,8.16819,4.3813453
1477,ductal,celseq,8.578169,5.878627
1478,ductal,celseq,8.724459,5.667631
1479,ductal,celseq,9.427447,5.859178
1480,ductal,celseq,9.359026,3.5689232
1481,ductal,celseq,8.803961,6.36913
1482,ductal,celseq,8.76822,6.5273075
1483,ductal,celseq,8.552415,6.3434014
1484,ductal,celseq,12.347412,-1.3015455
1485,ductal,celseq,8.593515,5.5061836
1486,ductal,celseq,9.375712,4.8024964
1487,ductal,celseq,9.627776,0.9010418
1488,ductal,celseq,8.6402445,6.240999
1489,ductal,celseq,8.396763,4.4301777
1490,ductal,celseq,8.46568,6.7007904
1491,ductal,celseq,8.913703,6.2631226
1492,ductal,celseq,8.989295,6.348016
1493,ductal,celseq,9.579033,5.4738765
1494,ductal,celseq,9.030733,6.441421
1495,ductal,celseq,8.565707,4.380429
1496,ductal,celseq,8.8565,5.7832203
1497,ductal,celseq,8.366176,4.406274
1498,ductal,celseq,9.502278,5.8137774
1499,ductal,celseq,8.389267,4.4223714
1500,ductal,celseq,8.801462,5.3014774
1501,ductal,celseq,8.611703,5.947982
1502,ductal,celseq,7.167055,5.5040874
1503,ductal,celseq,6.8632402,5.120356
1504,ductal,celseq,8.707232,4.652641
1505,ductal,celseq,7.6689262,4.381417
1506,ductal,celseq,8.674889,6.563027
1507,ductal,celseq,8.347748,6.3568835
1508,ductal,celseq,9.810984,0.61169684
1509,ductal,celseq,9.246259,4.7593927
1510,ductal,celseq,9.535221,5.0469403
1511,ductal,celseq,8.284249,4.5426307
1512,ductal,celseq,9.283482,5.531347
1513,ductal,celseq,8.594781,5.508638
1514,ductal,celseq,8.567612,5.7075315
1515,ductal,celseq,8.705495,5.5429964
1516,ductal,celseq,8.672045,6.524692
1517,ductal,celseq,8.001451,5.5282006
1518,ductal,celseq,9.487419,3.5984788
1519,ductal,celseq,9.154395,4.807002
1520,ductal,celseq,8.60701,5.9775243
1521,ductal,celseq,8.647765,6.355949
1522,ductal,celseq,9.344361,5.347424
1523,ductal,celseq,8.251572,4.4670835
1524,ductal,celseq,8.004442,5.293938
1525,ductal,celseq,8.533446,6.4738035
1526,ductal,celseq,8.876177,5.2699184
1527,ductal,celseq,8.655885,6.349644
1528,ductal,celseq,7.9683275,4.6023254
1529,ductal,celseq,8.537593,6.418739
1530,ductal,celseq,9.40067,4.187423
1531,ductal,celseq,8.332273,4.441988
1532,ductal,celseq,9.346221,4.887898
1533,ductal,celseq,9.678163,0.7350082
1534,ductal,celseq,8.524435,6.242369
1535,ductal,celseq,6.902635,3.814607
1536,ductal,fluidigmc1,9.082226,5.8603525
1537,ductal,fluidigmc1,9.089871,5.3515396
1538,ductal,fluidigmc1,8.956074,6.6525416
1539,ductal,fluidigmc1,9.145623,5.4300766
1540,ductal,fluidigmc1,7.642466,4.564693
1541,ductal,fluidigmc1,6.857236,4.744283
1542,ductal,fluidigmc1,9.457453,5.092588
1543,ductal,fluidigmc1,8.847708,6.718255
1544,ductal,fluidigmc1,9.556991,5.254984
1545,ductal,fluidigmc1,8.804467,6.0618906
1546,ductal,fluidigmc1,9.59293,5.110263
1547,ductal,fluidigmc1,6.975222,5.104967
1548,ductal,fluidigmc1,6.877289,4.8250127
1549,ductal,fluidigmc1,9.630082,5.1694436
1550,ductal,fluidigmc1,8.541779,6.542078
1551,ductal,fluidigmc1,5.53878,6.4356403
1552,ductal,fluidigmc1,8.700688,5.179261
1553,ductal,fluidigmc1,8.586702,6.426228
1554,ductal,fluidigmc1,9.3134365,6.0921173
1555,ductal,fluidigmc1,8.764121,6.2658286
1556,ductal,fluidigmc1,9.489627,5.3186164
1557,ductal,fluidigmc1,9.807208,0.61856437
1558,ductal,fluidigmc1,8.800642,6.6998005
1559,ductal,fluidigmc1,7.0711617,3.952296
1560,ductal,fluidigmc1,9.273494,3.50422
1561,ductal,fluidigmc1,8.095566,4.03197
1562,ductal,fluidigmc1,9.215071,3.6034162
1563,ductal,fluidigmc1,7.1627116,3.997832
1564,ductal,fluidigmc1,9.801771,0.6132992
1565,ductal,fluidigmc1,9.603062,5.165867
1566,ductal,fluidigmc1,8.98524,5.2537937
1567,ductal,fluidigmc1,9.592566,5.12589
1568,ductal,fluidigmc1,9.176577,5.3584323
1569,ductal,fluidigmc1,8.364054,4.295715
1570,ductal,fluidigmc1,8.96495,6.678381
1571,ductal,fluidigmc1,8.808627,4.9993563
1572,endothelial,celseq,5.038246,-7.0166335
1573,endothelial,celseq,4.785701,-6.654923
1574,endothelial,celseq,4.891279,-6.6911545
1575,endothelial,celseq,4.7151337,-6.6827574
1576,endothelial,celseq,4.754005,-6.583922
1577,endothelial,fluidigmc1,5.0392337,-7.0087786
1578,endothelial,fluidigmc1,5.2190394,-7.021709
1579,endothelial,fluidigmc1,5.14213,-7.1528935
1580,endothelial,fluidigmc1,4.972053,-6.9889407
1581,endothelial,fluidigmc1,4.9524956,-7.0649076
1582,endothelial,fluidigmc1,4.759722,-6.7908645
1583,endothelial,fluidigmc1,5.0383406,-6.9811525
1584,endothelial,fluidigmc1,4.951018,-7.039631
1585,endothelial,fluidigmc1,5.201213,-6.9722433
1586,endothelial,fluidigmc1,4.9130397,-6.7509656
1587,endothelial,fluidigmc1,4.631385,-6.8041077
1588,endothelial,fluidigmc1,5.160901,-7.029542
1589,endothelial,fluidigmc1,5.234983,-7.0363927
1590,endothelial,fluidigmc1,4.871513,-7.296446
1591,activated_stellate,celseq,4.666654,-3.2124197
1592,activated_stellate,celseq,4.829606,-3.0310917
1593,activated_stellate,celseq,4.6843767,-3.4495177
1594,activated_stellate,celseq,4.8019266,-3.2779317
1595,activated_stellate,celseq,4.7195053,-3.3581517
1596,activated_stellate,celseq,4.7891498,-3.2695749
1597,activated_stellate,celseq,5.037814,-2.7964845
1598,activated_stellate,celseq,4.744699,-3.9177935
1599,activated_stellate,celseq,4.7231393,-3.834632
1600,activated_stellate,celseq,4.831802,-3.0075192
1601,activated_stellate,celseq,4.6900578,-3.576566
1602,activated_stellate,celseq,4.813607,-3.2261024
1603,activated_stellate,celseq,4.984573,-2.7685108
1604,activated_stellate,celseq,4.8019686,-2.657143
1605,activated_stellate,celseq,4.6777616,-3.6186335
1606,activated_stellate,celseq,4.6259103,-3.058101
1607,activated_stellate,celseq,4.792465,-3.014848
1608,activated_stellate,celseq,4.89076,-3.0540292
1609,activated_stellate,celseq,4.9000897,-3.0647433
1610,activated_stellate,fluidigmc1,4.796269,-3.69235
1611,activated_stellate,fluidigmc1,4.888018,-2.4960744
1612,activated_stellate,fluidigmc1,4.7583604,-2.8992121
1613,activated_stellate,fluidigmc1,4.77921,-2.9507587
1614,activated_stellate,fluidigmc1,4.74272,-3.1980438
1615,activated_stellate,fluidigmc1,4.939658,-2.740146
1616,activated_stellate,fluidigmc1,4.961171,-2.8665707
1617,activated_stellate,fluidigmc1,4.8391557,-2.8889482
1618,activated_stellate,fluidigmc1,4.9706216,-2.6805773
1619,activated_stellate,fluidigmc1,4.99783,-2.6334445
1620,activated_stellate,fluidigmc1,4.9320006,-2.7307227
1621,activated_stellate,fluidigmc1,4.919982,-2.6884646
1622,activated_stellate,fluidigmc1,4.9591255,-2.6925883
1623,activated_stellate,fluidigmc1,5.782899,-2.260093
1624,activated_stellate,fluidigmc1,4.967826,-2.769775
1625,activated_stellate,fluidigmc1,4.894186,-2.6986573
1626,schwann,celseq,6.285543,0.17502108
1627,schwann,fluidigmc1,6.2849274,0.17343988
1628,schwann,fluidigmc1,6.2858424,0.17156588
1629,schwann,fluidigmc1,6.2836866,0.17242798
1630,schwann,fluidigmc1,6.2842464,0.17282745
1631,schwann,fluidigmc1,6.285679,0.17564058
1632,mast,celseq,8.573048,6.700174
1633,mast,fluidigmc1,3.6367364,3.0415196
1634,mast,fluidigmc1,3.5778453,3.0485392
1635,mast,fluidigmc1,3.5153537,3.1317132
1636,macrophage,celseq,9.901013,-0.003764304
1637,macrophage,fluidigmc1,4.3645225,1.8430084
1638,epsilon,celseq,-1.8263103,0.82276297
1639,epsilon,fluidigmc1,-1.8262285,0.8220165
1640,quiescent_stellate,celseq,6.2875075,-2.0724676
1641,quiescent_stellate,fluidigmc1,6.477643,-2.089985
1642,acinar,inDrop1,11.676453,-3.1764014
1643,acinar,inDrop1,11.548024,-2.8446445
1644,acinar,inDrop1,10.987021,-3.5406415
1645,acinar,inDrop1,11.062463,-2.9383817
1646,acinar,inDrop1,11.979412,-2.5637329
1647,acinar,inDrop1,10.999305,-3.987469
1648,beta,inDrop1,-3.3714201,-6.7200975
1649,acinar,inDrop1,10.972803,-3.1245933
1650,acinar,inDrop1,11.905919,-2.579224
1651,acinar,inDrop1,12.133486,-2.7983499
1652,acinar,inDrop1,12.1858225,-2.8103163
1653,acinar,inDrop1,10.817962,-3.481157
1654,delta,inDrop1,0.17880724,0.3779861
1655,delta,inDrop1,1.5147337,0.63112754
1656,beta,inDrop1,-3.5015767,-4.801473
1657,activated_stellate,inDrop1,4.620575,-3.3023055
1658,beta,inDrop1,-3.4578552,-7.2963057
1659,acinar,inDrop1,12.843134,-3.4452882
1660,ductal,inDrop1,7.2529697,3.7114012
1661,beta,inDrop1,-2.4287624,-9.620907
1662,beta,inDrop1,-2.6553965,-8.95147
1663,alpha,inDrop1,-5.464344,7.389912
1664,ductal,inDrop1,8.19138,4.7669883
1665,beta,inDrop1,-3.7760937,-8.732583
1666,delta,inDrop1,0.2988143,-0.014582737
1667,alpha,inDrop1,-5.585137,7.3246827
1668,beta,inDrop1,-2.2911046,-9.319256
1669,acinar,inDrop1,12.946457,-2.9663253
1670,acinar,inDrop1,10.793025,-3.3887775
1671,beta,inDrop1,-2.4973352,-9.113823
1672,delta,inDrop1,0.08332938,0.5974601
1673,delta,inDrop1,1.1687541,-0.42007482
1674,delta,inDrop1,1.0043545,-0.5048632
1675,delta,inDrop1,1.1855305,-0.66536206
1676,beta,inDrop1,-2.1584444,-9.312435
1677,acinar,inDrop1,12.070716,-2.636447
1678,beta,inDrop1,-2.6506479,-7.7381682
1679,beta,inDrop1,-3.5240314,-6.6172023
1680,beta,inDrop1,-2.5530276,-5.5933948
1681,delta,inDrop1,0.14116351,0.2894098
1682,activated_stellate,inDrop1,4.8049946,-2.861072
1683,beta,inDrop1,-3.269446,-9.242123
1684,delta,inDrop1,0.98526835,-0.17431702
1685,activated_stellate,inDrop1,5.070785,-3.512988
1686,activated_stellate,inDrop1,4.661316,-3.61102
1687,activated_stellate,inDrop1,4.9466805,-2.9130793
1688,acinar,inDrop1,11.819358,-3.0754893
1689,activated_stellate,inDrop1,4.7727427,-2.7208416
1690,delta,inDrop1,0.56117046,0.36428598
1691,beta,inDrop1,-4.1609364,-8.408337
1692,delta,inDrop1,1.4103291,-0.48217455
1693,beta,inDrop1,-2.7004406,-8.205551
1694,acinar,inDrop1,12.001253,-2.9751575
1695,beta,inDrop1,-2.243413,-9.655575
1696,beta,inDrop1,-2.777612,-6.45686
1697,activated_stellate,inDrop1,5.006335,-3.2459524
1698,beta,inDrop1,-2.2782412,-9.149053
1699,beta,inDrop1,-2.3616245,-8.138223
1700,beta,inDrop1,-2.2082417,-6.7675257
1701,beta,inDrop1,-3.2688315,-4.101525
1702,ductal,inDrop1,9.356763,4.8873725
1703,alpha,inDrop1,-5.6316495,7.43331
1704,beta,inDrop1,-3.3029416,-4.1089377
1705,ductal,inDrop1,8.595301,4.409438
1706,ductal,inDrop1,8.930865,3.608683
1707,acinar,inDrop1,11.400577,-3.1745722
1708,alpha,inDrop1,-5.7418284,7.052453
1709,beta,inDrop1,-2.2628849,-6.824414
1710,delta,inDrop1,1.1434033,-0.0037897937
1711,alpha,inDrop1,-5.6487126,7.0864315
1712,beta,inDrop1,-2.6020591,-4.374604
1713,beta,inDrop1,-3.3515763,-4.1703973
1714,beta,inDrop1,-2.2080677,-5.8622913
1715,delta,inDrop1,0.09491312,0.53603905
1716,beta,inDrop1,-1.7410963,-8.018305
1717,beta,inDrop1,-2.5025258,-8.877798
1718,delta,inDrop1,0.39256492,0.07525069
1719,beta,inDrop1,-3.5932126,-6.967324
1720,beta,inDrop1,-3.0843048,-9.644497
1721,beta,inDrop1,-2.2813027,-9.018106
1722,beta,inDrop1,-3.4821336,-9.973351
1723,beta,inDrop1,-2.6007335,-6.7143383
1724,beta,inDrop1,-3.6830244,-9.735853
1725,acinar,inDrop1,11.825607,-3.0318346
1726,activated_stellate,inDrop1,4.8846526,-3.2097404
1727,delta,inDrop1,0.33687538,0.10375601
1728,delta,inDrop1,1.4261717,-0.11197513
1729,beta,inDrop1,-2.4466856,-9.563533
1730,beta,inDrop1,-2.7303774,-4.275598
1731,beta,inDrop1,-2.4386957,-8.174782
1732,beta,inDrop1,-4.1992655,-8.195794
1733,beta,inDrop1,-2.788713,-8.267324
1734,beta,inDrop1,-2.3898022,-9.162255
1735,beta,inDrop1,-1.7289236,-7.2973037
1736,beta,inDrop1,-2.5977225,-7.749881
1737,beta,inDrop1,-3.3757665,-4.075588
1738,beta,inDrop1,-2.3471606,-6.7951527
1739,delta,inDrop1,0.73999906,0.7828916
1740,delta,inDrop1,0.036365923,0.5615641
1741,beta,inDrop1,-2.4012313,-9.012289
1742,delta,inDrop1,1.1312816,-0.43976706
1743,alpha,inDrop1,-3.2721078,5.1526303
1744,alpha,inDrop1,-5.403916,7.5022945
1745,delta,inDrop1,1.2798729,-0.63593453
1746,beta,inDrop1,-3.2335842,-9.805876
1747,beta,inDrop1,-2.4923387,-9.29632
1748,beta,inDrop1,-2.4111443,-4.712275
1749,beta,inDrop1,-3.5661645,-6.9756594
1750,acinar,inDrop1,11.493366,-2.5218916
1751,delta,inDrop1,0.17970198,0.056432534
1752,beta,inDrop1,-3.0430977,-9.305939
1753,beta,inDrop1,-2.2278333,-8.5872555
1754,delta,inDrop1,0.6847759,0.11165619
1755,beta,inDrop1,-2.4805176,-8.930774
1756,beta,inDrop1,-3.1290019,-9.865902
1757,beta,inDrop1,-2.7838576,-9.3074255
1758,delta,inDrop1,0.6179154,0.23571065
1759,beta,inDrop1,-2.4123025,-9.12404
1760,delta,inDrop1,0.4748828,-0.23502216
1761,beta,inDrop1,-2.1948624,-9.155404
1762,beta,inDrop1,-2.4476614,-8.582023
1763,beta,inDrop1,-3.0867822,-6.4951954
1764,epsilon,inDrop1,1.4714099,-0.55020106
1765,beta,inDrop1,-3.080432,-9.614884
1766,beta,inDrop1,-2.641874,-8.052939
1767,beta,inDrop1,-3.0121894,-7.7133393
1768,delta,inDrop1,0.13704024,0.5034936
1769,beta,inDrop1,-2.1580784,-8.912457
1770,delta,inDrop1,1.1886208,-0.030753411
1771,beta,inDrop1,-2.7395616,-9.537911
1772,alpha,inDrop1,-4.5600643,8.977886
1773,alpha,inDrop1,-3.5953364,5.6453876
1774,beta,inDrop1,-3.0858467,-9.929402
1775,acinar,inDrop1,11.222328,-3.235707
1776,alpha,inDrop1,-3.3020976,5.320208
1777,beta,inDrop1,-3.5521882,-6.988692
1778,beta,inDrop1,-2.5790064,-8.914193
1779,alpha,inDrop1,-3.004138,6.9048734
1780,beta,inDrop1,-2.8259668,-9.380465
1781,delta,inDrop1,1.3814155,-0.050397724
1782,beta,inDrop1,-3.3341262,-4.1116915
1783,beta,inDrop1,-3.6484628,-8.1579275
1784,beta,inDrop1,-2.2961874,-9.523762
1785,beta,inDrop1,-3.3189926,-6.661567
1786,beta,inDrop1,-2.8381531,-9.465315
1787,delta,inDrop1,1.0092639,-0.23508018
1788,beta,inDrop1,-3.3741183,-4.216297
1789,ductal,inDrop1,7.074863,4.3417897
1790,ductal,inDrop1,8.155594,4.4007497
1791,beta,inDrop1,-2.7122967,-6.2214317
1792,beta,inDrop1,-2.6357481,-5.6674523
1793,beta,inDrop1,-2.0488412,-8.566791
1794,beta,inDrop1,-2.8337443,-9.5354395
1795,delta,inDrop1,1.3014417,0.11764693
1796,beta,inDrop1,-1.9003941,-8.249535
1797,activated_stellate,inDrop1,4.8726687,-3.0889297
1798,beta,inDrop1,-3.5939567,-9.466753
1799,beta,inDrop1,-3.2546234,-7.0159698
1800,alpha,inDrop1,-6.093434,7.1341553
1801,beta,inDrop1,-3.2768488,-6.5018353
1802,alpha,inDrop1,-5.185747,7.541864
1803,beta,inDrop1,-3.244444,-9.880792
1804,gamma,inDrop1,-5.8468003,0.19551164
1805,beta,inDrop1,-2.7110813,-8.44715
1806,beta,inDrop1,-2.3717494,-9.518544
1807,beta,inDrop1,-2.4857519,-5.5257545
1808,beta,inDrop1,-2.9267013,-4.1896634
1809,beta,inDrop1,-3.0194077,-9.12081
1810,beta,inDrop1,-3.1881013,-7.7185764
1811,beta,inDrop1,-3.0160275,-5.963732
1812,acinar,inDrop1,11.215674,-3.502484
1813,beta,inDrop1,-3.3543072,-4.065467
1814,acinar,inDrop1,11.674124,-3.1124957
1815,beta,inDrop1,-3.174273,-7.548631
1816,beta,inDrop1,-2.0797913,-9.476355
1817,beta,inDrop1,-2.4415686,-9.188761
1818,acinar,inDrop1,10.867856,-3.522418
1819,delta,inDrop1,0.30174237,-0.16878256
1820,beta,inDrop1,-2.7409635,-9.804312
1821,delta,inDrop1,0.12534007,0.62462884
1822,beta,inDrop1,-2.8111115,-8.216331
1823,acinar,inDrop1,11.879476,-3.1173098
1824,alpha,inDrop1,-6.1167064,7.2196155
1825,beta,inDrop1,-3.066526,-9.806183
1826,alpha,inDrop1,-3.2630212,5.172415
1827,beta,inDrop1,-2.8295462,-9.254506
1828,alpha,inDrop1,-4.207803,6.0219874
1829,endothelial,inDrop1,4.66168,-7.2141194
1830,beta,inDrop1,-3.6076171,-5.247314
1831,beta,inDrop1,-2.6370108,-9.65384
1832,alpha,inDrop1,-5.94452,8.212954
1833,delta,inDrop1,1.1737978,0.84240556
1834,beta,inDrop1,-3.1515334,-9.498218
1835,beta,inDrop1,-2.4823482,-8.926183
1836,delta,inDrop1,1.1031692,-0.6643084
1837,beta,inDrop1,-2.8961146,-9.087215
1838,gamma,inDrop1,-5.8151684,-0.31950575
1839,alpha,inDrop1,-5.3747764,7.5041323
1840,beta,inDrop1,-3.0547087,-9.309466
1841,beta,inDrop1,-3.1231673,-9.489537
1842,delta,inDrop1,0.848285,0.2923798
1843,alpha,inDrop1,-5.5499315,7.840311
1844,ductal,inDrop1,8.772916,6.717037
1845,beta,inDrop1,-3.427668,-9.849768
1846,alpha,inDrop1,-3.035248,5.1030273
1847,beta,inDrop1,-3.1726775,-8.813304
1848,ductal,inDrop1,9.543298,6.04203
1849,alpha,inDrop1,-5.9511714,7.124916
1850,ductal,inDrop1,9.489214,5.6712837
1851,beta,inDrop1,-2.8857098,-8.804143
1852,beta,inDrop1,-3.5233934,-10.016172
1853,alpha,inDrop1,-4.3640356,7.2581306
1854,beta,inDrop1,-2.7994637,-8.907653
1855,beta,inDrop1,-2.6498194,-7.208153
1856,quiescent_stellate,inDrop1,6.284021,-2.341861
1857,ductal,inDrop1,9.569749,5.872322
1858,ductal,inDrop1,8.716495,3.512943
1859,endothelial,inDrop1,6.3536234,-2.1328259
1860,activated_stellate,inDrop1,4.825811,-3.0297792
1861,beta,inDrop1,-2.9292557,-9.648722
1862,delta,inDrop1,1.4531672,0.41980025
1863,gamma,inDrop1,-5.4330263,0.34538186
1864,beta,inDrop1,-3.447553,-9.920942
1865,beta,inDrop1,-2.9025607,-6.273991
1866,beta,inDrop1,-3.7912667,-8.162562
1867,alpha,inDrop1,-4.60612,7.1892653
1868,beta,inDrop1,-2.9976385,-9.063844
1869,beta,inDrop1,-2.8868046,-7.936215
1870,delta,inDrop1,0.8760556,0.3369269
1871,ductal,inDrop1,8.144914,4.2606263
1872,beta,inDrop1,-3.014704,-7.1806393
1873,delta,inDrop1,0.032861147,0.41435578
1874,delta,inDrop1,1.3707198,-0.52236074
1875,beta,inDrop1,-3.1238487,-7.146888
1876,delta,inDrop1,1.0904078,-0.44648296
1877,beta,inDrop1,-2.9943302,-5.9399905
1878,activated_stellate,inDrop1,4.966572,-2.9038646
1879,beta,inDrop1,-3.0264692,-6.6208305
1880,beta,inDrop1,-4.3428793,-7.884707
1881,delta,inDrop1,0.4730383,0.23913805
1882,beta,inDrop1,-3.2739625,-8.498461
1883,quiescent_stellate,inDrop1,6.4634457,-2.205088
1884,beta,inDrop1,-3.5869763,-8.014661
1885,acinar,inDrop1,12.00497,-3.319487
1886,alpha,inDrop1,-4.9613867,7.6048875
1887,delta,inDrop1,0.38844058,0.14757183
1888,beta,inDrop1,-3.2810345,-9.248895
1889,alpha,inDrop1,-5.929324,7.679657
1890,beta,inDrop1,-3.0850074,-9.615554
1891,endothelial,inDrop1,4.5981045,-6.738105
1892,delta,inDrop1,0.05593835,0.3915785
1893,delta,inDrop1,1.3107136,-0.12184448
1894,beta,inDrop1,-1.6937819,-6.4985766
1895,beta,inDrop1,-3.8555577,-8.882677
1896,delta,inDrop1,1.2426223,-0.62757576
1897,gamma,inDrop1,-6.043179,0.0335958
1898,alpha,inDrop1,-3.0553002,5.1926575
1899,beta,inDrop1,-3.04612,-8.553954
1900,beta,inDrop1,-3.140991,-8.159941
1901,beta,inDrop1,-3.1965642,-7.252003
1902,ductal,inDrop1,7.3471007,3.7408292
1903,delta,inDrop1,0.039157473,0.3519167
1904,alpha,inDrop1,-5.531854,7.58424
1905,beta,inDrop1,-2.1338644,-9.392406
1906,gamma,inDrop1,-5.6906314,0.34683475
1907,beta,inDrop1,-1.9879316,-8.820568
1908,beta,inDrop1,-2.6290884,-8.530444
1909,beta,inDrop1,-3.1893177,-9.3059845
1910,quiescent_stellate,inDrop1,6.474579,-2.127805
1911,alpha,inDrop1,-2.6539838,5.125169
1912,delta,inDrop1,1.1787884,-0.3649226
1913,alpha,inDrop1,-4.41581,7.9860196
1914,endothelial,inDrop1,4.472198,-6.5876737
1915,alpha,inDrop1,-2.963198,5.044098
1916,delta,inDrop1,0.7892665,-0.4565356
1917,beta,inDrop1,-2.7820685,-8.933598
1918,gamma,inDrop1,-6.145992,-0.1440613
1919,ductal,inDrop1,9.501567,4.9105477
1920,alpha,inDrop1,-5.604303,7.366111
1921,alpha,inDrop1,-3.2760394,5.2663727
1922,delta,inDrop1,1.2026798,0.754571
1923,beta,inDrop1,-3.955006,-6.7706285
1924,beta,inDrop1,-3.7646313,-7.1477547
1925,ductal,inDrop1,9.027569,4.8516746
1926,alpha,inDrop1,-4.1761675,9.2016325
1927,beta,inDrop1,-2.018465,-6.4451413
1928,delta,inDrop1,0.7407149,0.03909851
1929,macrophage,inDrop1,4.363521,1.8478243
1930,endothelial,inDrop1,4.615502,-6.3236055
1931,beta,inDrop1,-3.0503633,-8.5771885
1932,beta,inDrop1,-3.60471,-9.90667
1933,beta,inDrop1,-2.4696012,-6.1275587
1934,beta,inDrop1,-3.353753,-4.115138
1935,beta,inDrop1,-3.2037926,-7.9487004
1936,beta,inDrop1,-2.3562906,-9.200024
1937,beta,inDrop1,-3.2118664,-7.9865947
1938,beta,inDrop1,-2.6448827,-6.341754
1939,beta,inDrop1,-3.2203438,-8.904685
1940,beta,inDrop1,-2.8166108,-7.635311
1941,beta,inDrop1,-3.3402426,-6.8997583
1942,gamma,inDrop1,-5.732812,0.23179798
1943,endothelial,inDrop1,5.2190056,-6.3787727
1944,beta,inDrop1,-2.3937235,-9.254782
1945,beta,inDrop1,-2.2263005,-9.26953
1946,beta,inDrop1,-2.429858,-4.9633136
1947,delta,inDrop1,0.110886775,0.377639
1948,beta,inDrop1,-3.2562106,-8.787127
1949,gamma,inDrop1,-6.0273366,-0.22989492
1950,epsilon,inDrop1,-1.8255557,0.8235254
1951,delta,inDrop1,1.2378752,-0.5540615
1952,beta,inDrop1,-2.9980288,-7.17194
1953,beta,inDrop1,-3.0776124,-8.717649
1954,gamma,inDrop1,-5.704339,0.33053124
1955,beta,inDrop1,-2.2466502,-6.848079
1956,beta,inDrop1,-1.8252959,0.8231586
1957,beta,inDrop1,-3.1867323,-7.468686
1958,beta,inDrop1,-2.4170992,-9.533791
1959,beta,inDrop1,-2.768496,-6.4366713
1960,endothelial,inDrop1,4.885345,-7.3541737
1961,beta,inDrop1,-2.382864,-9.342449
1962,delta,inDrop1,1.7106129,0.23972611
1963,alpha,inDrop1,-2.9791272,8.47281
1964,epsilon,inDrop1,-1.8270475,0.8268794
1965,alpha,inDrop1,-5.671002,7.774091
1966,quiescent_stellate,inDrop1,6.4514794,-2.0145636
1967,alpha,inDrop1,-3.5673218,6.4490137
1968,alpha,inDrop1,-5.754074,7.0900846
1969,beta,inDrop1,-2.5803444,-9.68229
1970,beta,inDrop1,-2.7209802,-9.254128
1971,ductal,inDrop1,8.481913,3.6531153
1972,beta,inDrop1,-2.519575,-4.5038896
1973,alpha,inDrop1,-2.598066,5.0683813
1974,beta,inDrop1,-3.2252607,-7.645552
1975,alpha,inDrop1,-2.9778802,5.095465
1976,beta,inDrop1,-3.5494697,-4.7976007
1977,beta,inDrop1,-2.4993274,-4.5601587
1978,delta,inDrop1,1.3702271,0.7374388
1979,delta,inDrop1,1.4255937,0.094581775
1980,beta,inDrop1,-2.865342,-8.961472
1981,beta,inDrop1,-3.119786,-4.407148
1982,beta,inDrop1,-4.606249,-10.049985
1983,ductal,inDrop1,9.479489,3.4943507
1984,acinar,inDrop1,11.326967,-3.2120183
1985,beta,inDrop1,-3.5508676,-7.9895654
1986,alpha,inDrop1,-5.5630684,6.946248
1987,beta,inDrop1,-3.542805,-9.90472
1988,beta,inDrop1,-4.0558963,-8.731442
1989,alpha,inDrop1,-3.4351213,5.3381343
1990,beta,inDrop1,-2.0123794,-7.4048457
1991,quiescent_stellate,inDrop1,6.4235706,-2.1466289
1992,beta,inDrop1,-2.2007427,-9.238234
1993,gamma,inDrop1,-5.7117577,0.22976612
1994,beta,inDrop1,-4.37716,-10.003048
1995,gamma,inDrop1,-6.0310407,0.047227263
1996,endothelial,inDrop1,4.8040843,-7.176856
1997,beta,inDrop1,-3.4123132,-6.4213223
1998,alpha,inDrop1,-5.817623,7.39713
1999,schwann,inDrop1,6.284541,0.17290895
2000,beta,inDrop1,-3.3261857,-9.507008
2001,quiescent_stellate,inDrop1,6.505489,-1.9650009
2002,endothelial,inDrop1,4.6117325,-6.786071
2003,gamma,inDrop1,-5.6296678,0.02976871
2004,beta,inDrop1,-3.3444407,-9.9109745
2005,beta,inDrop1,-2.084387,-9.312397
2006,alpha,inDrop1,-5.004888,7.8819575
2007,alpha,inDrop1,-5.2704053,8.189198
2008,gamma,inDrop1,-5.5051913,-0.0034865085
2009,beta,inDrop1,-3.5521464,-8.556155
2010,beta,inDrop1,-3.2261744,-4.231191
2011,delta,inDrop1,1.1758934,0.7176538
2012,acinar,inDrop1,11.195732,-3.219007
2013,acinar,inDrop1,11.068427,-3.3662477
2014,gamma,inDrop1,-5.593981,0.3560104
2015,ductal,inDrop1,8.435085,5.755064
2016,ductal,inDrop1,7.009456,3.9505208
2017,endothelial,inDrop1,4.3936644,-7.1687074
2018,delta,inDrop1,0.9757711,-0.025473418
2019,beta,inDrop1,-2.3006518,-6.4542317
2020,beta,inDrop1,-4.598093,-9.924325
2021,endothelial,inDrop1,4.9011583,-7.372284
2022,alpha,inDrop1,-4.8593264,7.3058825
2023,acinar,inDrop1,11.257097,-3.2130737
2024,endothelial,inDrop1,4.7528973,-7.1569552
2025,endothelial,inDrop1,4.4474134,-6.6233616
2026,alpha,inDrop1,-4.077604,6.484407
2027,beta,inDrop1,-2.6532338,-4.359059
2028,beta,inDrop1,-2.6441977,-6.38497
2029,gamma,inDrop1,-6.1627297,-0.05283034
2030,beta,inDrop1,-2.6628604,-8.923322
2031,alpha,inDrop1,-3.508149,8.497872
2032,beta,inDrop1,-3.1827083,-5.925473
2033,beta,inDrop1,-2.42275,-6.951999
2034,beta,inDrop1,-2.907552,-8.468271
2035,beta,inDrop1,-2.552613,-4.4392424
2036,beta,inDrop1,-1.8617461,-7.832101
2037,delta,inDrop1,0.90629286,0.79072917
2038,beta,inDrop1,-2.4386315,-4.9300575
2039,quiescent_stellate,inDrop1,6.391542,-2.020289
2040,activated_stellate,inDrop1,5.0215683,-3.3546019
2041,beta,inDrop1,-3.8297803,-8.243728
2042,alpha,inDrop1,-2.9723778,5.525921
2043,beta,inDrop1,-3.243002,-4.2344112
2044,gamma,inDrop1,-5.491584,0.30502754
2045,quiescent_stellate,inDrop1,6.315838,-2.1079807
2046,beta,inDrop1,-2.0188854,-9.491059
2047,alpha,inDrop1,-5.5740123,7.4259777
2048,quiescent_stellate,inDrop1,6.3819485,-2.1945784
2049,endothelial,inDrop1,4.946789,-7.3467317
2050,beta,inDrop1,-2.7033558,-9.144149
2051,ductal,inDrop1,9.075018,4.7514586
2052,endothelial,inDrop1,4.7126064,-6.692019
2053,ductal,inDrop1,9.511627,3.5027204
2054,acinar,inDrop1,12.175668,-2.8415627
2055,alpha,inDrop1,-3.0726702,7.740661
2056,delta,inDrop1,0.89318097,-0.24384093
2057,beta,inDrop1,0.83317024,0.05435693
2058,macrophage,inDrop1,4.1919084,1.9870839
2059,ductal,inDrop1,5.5280175,6.442046
2060,endothelial,inDrop1,4.869337,-7.3752313
2061,endothelial,inDrop1,4.7828403,-7.237104
2062,gamma,inDrop1,-5.324902,-0.23010422
2063,endothelial,inDrop1,4.9857316,-7.36444
2064,endothelial,inDrop1,4.717592,-7.192304
2065,beta,inDrop1,-2.1522496,-6.6085143
2066,beta,inDrop1,-2.9785385,-6.464241
2067,gamma,inDrop1,-5.7701945,0.24402739
2068,beta,inDrop1,-5.2286897,7.35749
2069,mast,inDrop1,3.5686543,3.1149702
2070,beta,inDrop1,-2.5307648,-4.5348415
2071,endothelial,inDrop1,4.440845,-6.620216
2072,gamma,inDrop1,-6.095138,0.002406797
2073,quiescent_stellate,inDrop1,6.416522,-2.138342
2074,alpha,inDrop1,-5.3704133,6.9007015
2075,beta,inDrop1,-1.8555223,-8.105521
2076,alpha,inDrop1,-5.5575213,7.644047
2077,acinar,inDrop1,11.426234,-3.0822868
2078,ductal,inDrop1,9.24826,3.6471496
2079,beta,inDrop1,-1.9247961,-7.764924
2080,beta,inDrop1,-2.38698,-4.748899
2081,ductal,inDrop1,9.461571,3.4791963
2082,beta,inDrop1,-3.3730261,-10.006213
2083,beta,inDrop1,-1.8337858,-7.477483
2084,ductal,inDrop1,9.175452,5.786518
2085,acinar,inDrop1,12.205053,-2.7646027
2086,endothelial,inDrop1,4.8242555,-6.6262846
2087,beta,inDrop1,-1.7383609,-7.7219853
2088,beta,inDrop1,0.81099325,0.8808774
2089,beta,inDrop1,-3.0717132,-7.5150447
2090,ductal,inDrop1,8.615242,5.883902
2091,activated_stellate,inDrop1,4.990201,-3.3417227
2092,beta,inDrop1,-1.9732679,-8.079647
2093,quiescent_stellate,inDrop1,6.378382,-2.1576037
2094,acinar,inDrop1,12.004126,-2.9516573
2095,gamma,inDrop1,-5.530404,-0.21532355
2096,quiescent_stellate,inDrop1,6.370883,-2.1715307
2097,endothelial,inDrop1,4.887507,-7.236305
2098,endothelial,inDrop1,4.456821,-6.598489
2099,alpha,inDrop1,-4.5366764,9.037567
2100,quiescent_stellate,inDrop1,6.4417553,-2.0304017
2101,beta,inDrop1,-2.5331056,-5.9619174
2102,acinar,inDrop1,11.946822,-2.5907624
2103,beta,inDrop1,-3.5831695,-7.1400127
2104,endothelial,inDrop1,4.5364766,-6.679645
2105,endothelial,inDrop1,4.725042,-7.1539984
2106,beta,inDrop1,-2.7880106,-8.199506
2107,acinar,inDrop1,11.801752,-3.233093
2108,delta,inDrop1,1.1320132,-0.21420465
2109,beta,inDrop1,-2.334698,-8.849894
2110,beta,inDrop1,-2.3211737,-9.337389
2111,beta,inDrop1,-2.2116013,-7.110117
2112,beta,inDrop1,-2.195551,-9.41732
2113,beta,inDrop1,-2.3460302,-4.746857
2114,beta,inDrop1,-3.0940294,-9.686205
2115,beta,inDrop1,-4.61425,-8.143465
2116,beta,inDrop1,-1.718042,-8.278176
2117,gamma,inDrop1,-5.766382,0.22557059
2118,ductal,inDrop1,9.384397,4.9930444
2119,beta,inDrop1,-2.677971,-8.841104
2120,gamma,inDrop1,-5.6221213,0.35279402
2121,beta,inDrop1,-1.8891244,-7.767732
2122,delta,inDrop1,0.7073924,0.29522172
2123,beta,inDrop1,-2.722173,-7.1784754
2124,beta,inDrop1,-1.960478,-8.7872925
2125,gamma,inDrop1,-6.010645,0.050811794
2126,quiescent_stellate,inDrop1,6.456379,-2.0318048
2127,delta,inDrop1,0.78011817,0.8593039
2128,beta,inDrop1,-2.029126,-9.4377985
2129,delta,inDrop1,0.926771,0.7496776
2130,quiescent_stellate,inDrop1,6.38125,-2.1921513
2131,delta,inDrop1,0.67505074,0.67245096
2132,beta,inDrop1,-3.0118964,-8.592529
2133,alpha,inDrop1,-4.316528,6.7936134
2134,delta,inDrop1,1.0372657,-0.500309
2135,alpha,inDrop1,-5.2035956,7.5849504
2136,quiescent_stellate,inDrop1,6.4320965,-2.1168463
2137,quiescent_stellate,inDrop1,6.4976654,-1.9767244
2138,beta,inDrop1,-2.3129323,-4.7570796
2139,endothelial,inDrop1,4.799655,-7.208788
2140,endothelial,inDrop1,4.6622133,-7.043402
2141,activated_stellate,inDrop1,5.029092,-3.4179375
2142,beta,inDrop1,-1.784917,-8.160856
2143,alpha,inDrop1,-4.469182,6.983195
2144,delta,inDrop1,1.1316222,-0.12816341
2145,beta,inDrop1,-2.302949,-9.072945
2146,endothelial,inDrop1,5.0076027,-7.3634505
2147,alpha,inDrop1,-4.192318,7.8243523
2148,quiescent_stellate,inDrop1,6.440985,-2.0432496
2149,beta,inDrop1,-1.5958526,-7.723496
2150,endothelial,inDrop1,4.9471807,-7.3919883
2151,activated_stellate,inDrop1,5.017579,-3.3419614
2152,gamma,inDrop1,-5.730359,0.12340025
2153,beta,inDrop1,-3.5276725,-9.877916
2154,quiescent_stellate,inDrop1,6.4269133,-2.1084056
2155,beta,inDrop1,-2.5949194,-9.010589
2156,endothelial,inDrop1,4.725678,-6.6713552
2157,gamma,inDrop1,-5.665633,0.107453465
2158,beta,inDrop1,-1.8006,-7.488527
2159,beta,inDrop1,-1.844112,-7.501854
2160,alpha,inDrop1,-3.3947031,5.6838093
2161,endothelial,inDrop1,4.652755,-7.0903783
2162,gamma,inDrop1,-6.0498695,-0.24311161
2163,beta,inDrop1,-3.5785227,-6.763283
2164,beta,inDrop1,-3.396251,-8.607546
2165,beta,inDrop1,-3.194357,-4.217417
2166,beta,inDrop1,-2.7684574,-5.4258075
2167,endothelial,inDrop1,4.493986,-6.6318145
2168,mast,inDrop1,3.5574954,3.1004326
2169,beta,inDrop1,-3.3438108,-8.680757
2170,beta,inDrop1,-1.8895642,-7.1784763
2171,endothelial,inDrop1,4.653243,-6.5845385
2172,beta,inDrop1,-2.9904947,-8.21643
2173,endothelial,inDrop1,4.4152427,-6.696121
2174,beta,inDrop1,-3.7484932,-8.617096
2175,endothelial,inDrop1,4.8125725,-7.3100066
2176,beta,inDrop1,-2.94135,-7.9930944
2177,quiescent_stellate,inDrop1,6.393671,-2.123524
2178,endothelial,inDrop1,4.996356,-7.364781
2179,endothelial,inDrop1,4.768294,-7.1848264
2180,beta,inDrop1,-1.6576327,-7.3694773
2181,endothelial,inDrop1,4.82104,-7.2696786
2182,quiescent_stellate,inDrop1,6.283778,-2.1125786
2183,beta,inDrop1,-1.858184,-7.4526725
2184,alpha,inDrop1,-5.5914097,7.7659755
2185,ductal,inDrop1,7.0963135,4.079368
2186,endothelial,inDrop1,4.5373306,-6.6756296
2187,beta,inDrop1,-3.256632,-4.231177
2188,beta,inDrop1,-1.8388455,-7.520987
2189,endothelial,inDrop1,4.8054094,-7.2972374
2190,beta,inDrop1,-2.8541873,-7.0622225
2191,beta,inDrop1,-1.8315597,-7.585626
2192,beta,inDrop1,-1.8511922,-8.361473
2193,endothelial,inDrop1,4.47172,-6.704965
2194,macrophage,inDrop1,4.3574667,1.8488811
2195,endothelial,inDrop1,4.769402,-7.210756
2196,ductal,inDrop1,8.243358,4.476368
2197,beta,inDrop1,-2.4273322,-7.4122553
2198,ductal,inDrop1,9.069012,4.8669086
2199,endothelial,inDrop1,4.519437,-6.8767257
2200,quiescent_stellate,inDrop1,6.427201,-2.126935
2201,beta,inDrop1,-2.093844,-7.2866063
2202,endothelial,inDrop1,5.0452504,-7.2379937
2203,endothelial,inDrop1,4.85638,-7.257719
2204,beta,inDrop1,-1.941915,-7.6833606
2205,endothelial,inDrop1,4.418902,-6.7496624
2206,endothelial,inDrop1,4.924749,-7.37443
2207,alpha,inDrop1,0.48651403,0.16232431
2208,ductal,inDrop1,8.2282095,4.411626
2209,beta,inDrop1,-3.3246534,-6.9979277
2210,delta,inDrop1,0.529162,0.14750157
2211,delta,inDrop1,0.24953735,0.23143697
2212,delta,inDrop1,1.1536281,-0.58587325
2213,acinar,inDrop1,9.623196,4.951445
2214,acinar,inDrop1,12.910391,-3.5093284
2215,acinar,inDrop1,12.156969,-2.8460674
2216,acinar,inDrop1,10.868428,-3.4045904
2217,delta,inDrop1,0.45056576,0.19700475
2218,acinar,inDrop1,11.974625,-2.9628503
2219,ductal,inDrop1,11.671014,-1.6810378
2220,alpha,inDrop1,-5.08665,7.5973263
2221,delta,inDrop1,0.45604187,0.015377436
2222,delta,inDrop1,0.312819,0.184572
2223,delta,inDrop1,1.1585845,-0.4981784
2224,delta,inDrop1,1.1328691,0.116923854
2225,acinar,inDrop1,12.293884,-2.575086
2226,beta,inDrop1,-2.7794158,-8.70531
2227,acinar,inDrop1,11.976202,-2.8523202
2228,endothelial,inDrop1,4.6531353,-7.175946
2229,delta,inDrop1,1.119333,-0.7429056
2230,beta,inDrop1,-3.3252683,-6.492156
2231,delta,inDrop1,0.556017,-0.2479179
2232,alpha,inDrop1,-4.4861674,6.6372724
2233,ductal,inDrop1,7.3640127,3.7046509
2234,delta,inDrop1,0.23020555,0.54834396
2235,delta,inDrop1,0.28645337,0.0011523116
2236,beta,inDrop1,-2.8318324,-8.694705
2237,delta,inDrop1,1.2050922,-0.53798413
2238,beta,inDrop1,-2.7545466,-8.363543
2239,beta,inDrop1,-2.7108712,-4.275695
2240,delta,inDrop1,0.43226016,-0.013872141
2241,gamma,inDrop1,-5.436446,-0.02221652
2242,beta,inDrop1,-2.744728,-9.587137
2243,delta,inDrop1,1.2169659,-0.6288974
2244,beta,inDrop1,-2.198644,-8.206191
2245,delta,inDrop1,0.17798415,0.45789757
2246,beta,inDrop1,-3.5354068,-7.420138
2247,alpha,inDrop1,-5.6596274,7.6074147
2248,beta,inDrop1,-3.1477177,-8.239687
2249,delta,inDrop1,1.2004095,-0.56536907
2250,delta,inDrop1,0.14860453,0.08577279
2251,beta,inDrop1,-2.8427434,-9.09881
2252,delta,inDrop1,0.36688218,-0.20166455
2253,delta,inDrop1,1.6782142,0.053192414
2254,ductal,inDrop1,8.917553,3.4500306
2255,beta,inDrop1,-2.8138611,-8.775727
2256,delta,inDrop1,0.2023435,0.33776376
2257,delta,inDrop1,0.14465396,-0.09614773
2258,alpha,inDrop1,-3.3522236,5.2576756
2259,beta,inDrop1,-3.6796486,-7.22742
2260,alpha,inDrop1,-2.3968937,5.0653434
2261,alpha,inDrop1,-4.5090427,7.0260925
2262,beta,inDrop1,-2.7499964,-8.437582
2263,acinar,inDrop1,12.184763,-3.069437
2264,beta,inDrop1,-2.2812798,-8.9957
2265,beta,inDrop1,-2.260007,-5.815109
2266,beta,inDrop1,-2.8907628,-7.1104717
2267,delta,inDrop1,0.32747528,0.43651575
2268,activated_stellate,inDrop1,4.836497,-2.84571
2269,beta,inDrop1,-2.8830745,-8.469084
2270,beta,inDrop1,-2.5318975,-9.760798
2271,beta,inDrop1,-2.246794,-8.997084
2272,delta,inDrop1,0.32110757,-0.13558173
2273,beta,inDrop1,-2.601645,-9.730569
2274,alpha,inDrop1,-5.514134,7.2188187
2275,ductal,inDrop1,8.796615,5.157545
2276,acinar,inDrop1,11.436045,-3.0522954
2277,delta,inDrop1,1.0015932,-0.18709894
2278,beta,inDrop1,-2.351962,-7.102887
2279,beta,inDrop1,-3.5628679,-7.3854694
2280,beta,inDrop1,-2.9305892,-7.419374
2281,acinar,inDrop1,10.83869,-3.4569287
2282,beta,inDrop1,-2.0885339,-9.3701935
2283,delta,inDrop1,0.7276095,-0.094670884
2284,beta,inDrop1,-2.5077615,-8.535879
2285,beta,inDrop1,-2.3665047,-9.667372
2286,beta,inDrop1,-2.5173736,-7.1747646
2287,delta,inDrop1,1.1207614,-0.6280781
2288,delta,inDrop1,0.15344618,0.38030285
2289,beta,inDrop1,-2.5032566,-8.006491
2290,delta,inDrop1,0.7730705,0.062300287
2291,beta,inDrop1,-2.8783712,-9.27554
2292,beta,inDrop1,-3.1365924,-9.207071
2293,beta,inDrop1,-2.3989913,-9.375319
2294,beta,inDrop1,-2.8895276,-8.359486
2295,beta,inDrop1,-2.2401357,-8.933441
2296,beta,inDrop1,-2.716291,-6.683297
2297,acinar,inDrop1,12.114699,-2.219985
2298,beta,inDrop1,-2.2587535,-9.071655
2299,beta,inDrop1,-2.5607452,-6.972938
2300,beta,inDrop1,-1.9573582,-9.519033
2301,alpha,inDrop1,-5.340813,7.134553
2302,endothelial,inDrop1,4.404403,-7.019621
2303,beta,inDrop1,-3.444541,-7.0445905
2304,delta,inDrop1,0.90425014,-0.17239155
2305,beta,inDrop1,-2.2225933,-9.417338
2306,delta,inDrop1,1.2618409,0.027335439
2307,beta,inDrop1,-2.449972,-9.215511
2308,delta,inDrop1,0.17473751,0.48328418
2309,beta,inDrop1,-2.4332654,-6.8351836
2310,beta,inDrop1,-2.1616187,-9.13251
2311,delta,inDrop1,0.1516914,0.6095171
2312,ductal,inDrop1,7.0184493,4.4747705
2313,beta,inDrop1,-2.8337657,-8.258878
2314,beta,inDrop1,-3.9182005,-6.831648
2315,ductal,inDrop1,8.35404,5.0522847
2316,beta,inDrop1,-2.8109472,-9.158001
2317,beta,inDrop1,-4.0071845,-8.548414
2318,beta,inDrop1,-1.9870005,-9.114521
2319,beta,inDrop1,-2.7198415,-8.128759
2320,acinar,inDrop1,12.295932,-2.6648736
2321,acinar,inDrop1,11.512179,-3.2179055
2322,beta,inDrop1,-4.1833515,-6.8940697
2323,alpha,inDrop1,-4.154668,6.7226877
2324,beta,inDrop1,-2.6831474,-8.584361
2325,delta,inDrop1,0.60854614,0.5140204
2326,beta,inDrop1,-3.1679752,-7.3030815
2327,beta,inDrop1,-2.5730138,-7.924609
2328,beta,inDrop1,-2.5024543,-6.5832086
2329,beta,inDrop1,-3.2705874,-9.884328
2330,beta,inDrop1,-2.8760521,-4.465644
2331,ductal,inDrop1,7.0326653,4.3606906
2332,beta,inDrop1,-4.5330524,-9.864463
2333,acinar,inDrop1,11.307599,-3.380571
2334,beta,inDrop1,-2.859297,-9.168725
2335,acinar,inDrop1,10.978358,-3.3392553
2336,beta,inDrop1,-2.0616632,-9.4465685
2337,ductal,inDrop1,9.526148,5.9148088
2338,beta,inDrop1,-3.328273,-8.418064
2339,activated_stellate,inDrop1,4.7365913,-2.90673
2340,alpha,inDrop1,-5.0553093,7.6719947
2341,beta,inDrop1,-3.6700487,-7.3181486
2342,delta,inDrop1,0.12523241,0.21951306
2343,delta,inDrop1,0.25531182,0.34619436
2344,beta,inDrop1,-2.9396017,-8.314456
2345,beta,inDrop1,-2.2351274,-7.9467664
2346,beta,inDrop1,-2.4296012,-6.8746896
2347,beta,inDrop1,-3.303726,-4.159523
2348,acinar,inDrop1,11.366141,-3.1790094
2349,beta,inDrop1,-3.3580499,-4.132518
2350,beta,inDrop1,-3.1336834,-8.6595125
2351,beta,inDrop1,-2.7307131,-9.713127
2352,delta,inDrop1,1.1756866,-0.16984162
2353,beta,inDrop1,-2.6834824,-6.0002456
2354,ductal,inDrop1,9.532927,5.1201706
2355,beta,inDrop1,-1.9324032,-9.199877
2356,beta,inDrop1,-2.1904526,-6.856453
2357,ductal,inDrop1,8.356631,4.3873878
2358,macrophage,inDrop1,4.359216,1.8513322
2359,beta,inDrop1,-2.7463531,-9.379143
2360,delta,inDrop1,1.2484298,-0.6154126
2361,beta,inDrop1,-2.3668268,-9.647655
2362,beta,inDrop1,-1.935634,-9.466002
2363,beta,inDrop1,-2.101644,-9.406874
2364,beta,inDrop1,-2.467542,-8.31029
2365,beta,inDrop1,-2.7935798,-8.336569
2366,activated_stellate,inDrop1,4.790689,-3.6867003
2367,beta,inDrop1,-3.6047442,-7.3011446
2368,beta,inDrop1,-1.498715,-6.917873
2369,ductal,inDrop1,7.138553,3.8942006
2370,beta,inDrop1,-2.9598784,-8.296211
2371,beta,inDrop1,-2.2003615,-9.427039
2372,beta,inDrop1,-3.280349,-7.3608947
2373,beta,inDrop1,-2.653952,-9.603696
2374,beta,inDrop1,-2.8635569,-6.517018
2375,delta,inDrop1,0.13969702,-0.026653066
2376,beta,inDrop1,-2.469963,-9.367567
2377,beta,inDrop1,-4.1565313,-8.50507
2378,delta,inDrop1,0.3876148,0.60367984
2379,beta,inDrop1,-3.1849287,-9.684203
2380,beta,inDrop1,-2.8914099,-7.444762
2381,beta,inDrop1,-2.7143135,-9.569328
2382,beta,inDrop1,-3.4284003,-10.123372
2383,alpha,inDrop1,-5.2998705,7.467791
2384,beta,inDrop1,-3.021554,-4.202123
2385,beta,inDrop1,-2.8551347,-9.230116
2386,acinar,inDrop1,11.18988,-4.094203
2387,beta,inDrop1,-3.148819,-4.195305
2388,beta,inDrop1,-3.1752625,-4.1347404
2389,beta,inDrop1,-3.9235353,-9.18694
2390,beta,inDrop1,-2.9201624,-8.151852
2391,ductal,inDrop1,9.11489,3.2480364
2392,beta,inDrop1,-2.9201252,-6.7320666
2393,delta,inDrop1,1.3260007,0.6399038
2394,beta,inDrop1,-2.7153914,-9.58628
2395,alpha,inDrop1,-3.647497,5.468508
2396,beta,inDrop1,-3.2873995,-4.2313094
2397,beta,inDrop1,-2.0699503,-8.075596
2398,beta,inDrop1,-2.943617,-8.616156
2399,beta,inDrop1,-2.337471,-6.3976164
2400,delta,inDrop1,1.1200324,0.19336165
2401,beta,inDrop1,-3.3160512,-9.765467
2402,beta,inDrop1,-2.8694315,-9.253535
2403,delta,inDrop1,0.83650595,0.8870094
2404,beta,inDrop1,-3.5219748,-8.936919
2405,beta,inDrop1,-3.1182432,-7.5913234
2406,beta,inDrop1,-2.5195603,-9.2802305
2407,beta,inDrop1,-2.8271024,-9.595702
2408,beta,inDrop1,-3.024722,-4.436714
2409,beta,inDrop1,-2.1768565,-9.484053
2410,beta,inDrop1,-2.3147104,-5.2308736
2411,gamma,inDrop1,-6.0591326,-0.06657337
2412,beta,inDrop1,-2.8398867,-7.5781407
2413,beta,inDrop1,-2.2346601,-6.8757143
2414,delta,inDrop1,1.1221117,0.6195234
2415,ductal,inDrop1,9.252871,5.265511
2416,beta,inDrop1,-2.8289218,-9.255206
2417,beta,inDrop1,-2.4326215,-9.376722
2418,beta,inDrop1,-3.3117018,-4.113605
2419,delta,inDrop1,1.0909675,0.57615304
2420,beta,inDrop1,-3.5699236,-8.130724
2421,ductal,inDrop1,9.381828,4.9874687
2422,beta,inDrop1,-2.9022436,-6.0401516
2423,beta,inDrop1,-3.0467153,-8.269968
2424,beta,inDrop1,-3.215291,-9.932954
2425,beta,inDrop1,-2.3681676,-9.353357
2426,ductal,inDrop1,8.615299,6.150771
2427,activated_stellate,inDrop1,4.8553104,-2.8877547
2428,beta,inDrop1,-3.1482885,-4.188888
2429,alpha,inDrop1,-2.9528584,5.1520658
2430,beta,inDrop1,-2.2762792,-7.2767897
2431,beta,inDrop1,-3.0377388,-9.169685
2432,activated_stellate,inDrop1,6.7229204,-2.1117294
2433,alpha,inDrop1,-3.4635172,5.7604656
2434,acinar,inDrop1,11.204171,-3.1627254
2435,gamma,inDrop1,-5.864224,0.06734364
2436,beta,inDrop1,-3.097604,-8.818387
2437,beta,inDrop1,-2.385631,-8.954035
2438,beta,inDrop1,-2.726318,-7.265459
2439,delta,inDrop1,0.9957713,-0.22990657
2440,alpha,inDrop1,-5.331028,7.034087
2441,endothelial,inDrop1,4.492187,-6.028233
2442,gamma,inDrop1,-5.764689,0.12723584
2443,beta,inDrop1,-2.1580694,-9.275255
2444,alpha,inDrop1,-4.1021795,6.1705155
2445,beta,inDrop1,-3.499235,-6.9047194
2446,beta,inDrop1,-3.1145504,-9.241685
2447,beta,inDrop1,-2.4729595,-8.868605
2448,beta,inDrop1,0.090584524,0.6237078
2449,beta,inDrop1,-2.618958,-4.6284466
2450,endothelial,inDrop1,4.469569,-7.145142
2451,beta,inDrop1,-2.9532034,-7.10749
2452,delta,inDrop1,1.0328075,0.30660138
2453,beta,inDrop1,-2.89807,-8.928448
2454,alpha,inDrop1,-3.687736,6.6377554
2455,beta,inDrop1,-2.0236216,-9.062445
2456,alpha,inDrop1,-4.129809,7.5640974
2457,alpha,inDrop1,-5.3509665,7.139336
2458,delta,inDrop1,0.8986869,0.87975067
2459,alpha,inDrop1,-3.2515824,5.2445116
2460,ductal,inDrop1,9.643822,5.751246
2461,beta,inDrop1,-2.8371983,-6.543659
2462,alpha,inDrop1,-3.2030015,8.611352
2463,endothelial,inDrop1,4.931618,-7.361463
2464,beta,inDrop1,-3.5202272,-7.2494235
2465,beta,inDrop1,-2.902108,-7.2766275
2466,ductal,inDrop1,9.426805,3.4557347
2467,delta,inDrop1,1.2010486,-0.5041723
2468,beta,inDrop1,-1.9237587,-4.918905
2469,beta,inDrop1,-3.0852718,-8.088793
2470,alpha,inDrop1,-3.8298414,5.8603687
2471,alpha,inDrop1,-5.9010143,7.3737035
2472,delta,inDrop1,0.16250865,0.6372697
2473,gamma,inDrop1,-5.826949,0.17904912
2474,alpha,inDrop1,-5.372509,7.1578913
2475,beta,inDrop1,-2.984602,-9.073807
2476,alpha,inDrop1,-3.3059645,5.1694345
2477,ductal,inDrop1,6.8968363,4.1175375
2478,beta,inDrop1,-2.8141081,-9.482034
2479,gamma,inDrop1,-5.757063,0.3884887
2480,beta,inDrop1,-2.3513353,-6.8814325
2481,schwann,inDrop1,6.2840037,0.17291164
2482,delta,inDrop1,0.35465282,0.34562078
2483,beta,inDrop1,-3.5362635,-7.0041695
2484,alpha,inDrop1,-3.239843,7.267686
2485,delta,inDrop1,0.13620025,0.10548403
2486,beta,inDrop1,-2.381815,-8.82701
2487,acinar,inDrop1,10.876096,-3.396873
2488,beta,inDrop1,-3.658376,-9.188849
2489,beta,inDrop1,-3.225024,-8.48762
2490,beta,inDrop1,-2.9229085,-7.6777024
2491,beta,inDrop1,-3.2452865,-8.754184
2492,beta,inDrop1,-2.666335,-7.350458
2493,alpha,inDrop1,-3.8871014,5.742545
2494,beta,inDrop1,-2.8486333,-9.249872
2495,beta,inDrop1,-2.5497615,-6.582964
2496,macrophage,inDrop1,4.3640676,1.847678
2497,gamma,inDrop1,-6.0639644,-0.03232028
2498,beta,inDrop1,-3.2629094,-4.1321015
2499,beta,inDrop1,-2.2699373,-5.6340127
2500,alpha,inDrop1,-3.6809928,5.666279
2501,acinar,inDrop1,12.562069,-3.0022674
2502,endothelial,inDrop1,4.553071,-6.6688957
2503,alpha,inDrop1,-4.08953,6.482929
2504,beta,inDrop1,-2.189852,-7.100002
2505,alpha,inDrop1,-5.5271716,7.27315
2506,alpha,inDrop1,-3.0218754,5.056459
2507,alpha,inDrop1,-5.7813716,6.930598
2508,beta,inDrop1,-2.421413,-4.9511437
2509,beta,inDrop1,-2.4866889,-8.954517
2510,alpha,inDrop1,-2.9954004,5.3149476
2511,alpha,inDrop1,-5.272275,7.515284
2512,macrophage,inDrop1,4.3520436,1.8654587
2513,alpha,inDrop1,-5.1186166,7.4808216
2514,beta,inDrop1,-2.129951,-5.70699
2515,beta,inDrop1,-3.317343,-8.817618
2516,beta,inDrop1,0.747876,0.90989685
2517,alpha,inDrop1,-5.4332504,7.6131372
2518,activated_stellate,inDrop1,5.053068,-3.646385
2519,delta,inDrop1,0.6689289,-0.49192202
2520,alpha,inDrop1,-5.0822806,8.354286
2521,alpha,inDrop1,-2.8270907,6.222957
2522,endothelial,inDrop1,4.524503,-6.8911414
2523,beta,inDrop1,-2.8602037,-8.525054
2524,delta,inDrop1,0.4727125,-0.000684133
2525,beta,inDrop1,-2.3906627,-9.530304
2526,beta,inDrop1,-2.0784595,-9.247707
2527,beta,inDrop1,-2.3534393,-6.2412505
2528,ductal,inDrop1,9.630289,5.9412737
2529,beta,inDrop1,-3.1294594,-4.1626525
2530,ductal,inDrop1,9.53168,5.9471045
2531,beta,inDrop1,-3.5690494,-10.149181
2532,beta,inDrop1,-3.3075826,-9.800925
2533,activated_stellate,inDrop1,4.5942516,-4.021447
2534,beta,inDrop1,-3.3875613,-6.7007666
2535,ductal,inDrop1,9.678218,5.724907
2536,beta,inDrop1,-2.6551523,-6.670702
2537,beta,inDrop1,-2.6070666,-8.288114
2538,delta,inDrop1,0.2787669,-0.01007036
2539,ductal,inDrop1,9.636114,5.7282543
2540,alpha,inDrop1,-2.9911902,5.12137
2541,ductal,inDrop1,9.598628,5.8605757
2542,beta,inDrop1,-2.3369799,-6.228174
2543,gamma,inDrop1,-5.96807,-0.14105423
2544,ductal,inDrop1,9.204647,5.6091313
2545,beta,inDrop1,-2.7642314,-8.030865
2546,gamma,inDrop1,-6.1448407,-0.019973772
2547,delta,inDrop1,0.42984524,0.04865894
2548,alpha,inDrop1,-4.6948953,7.428187
2549,gamma,inDrop1,-5.3405433,0.21625297
2550,alpha,inDrop1,-4.9308367,6.5883403
2551,beta,inDrop1,-2.7751946,-7.629798
2552,macrophage,inDrop1,4.3527493,1.8566645
2553,beta,inDrop1,-2.7090793,-8.391406
2554,beta,inDrop1,-2.5937667,-9.599053
2555,quiescent_stellate,inDrop1,6.416079,-2.122544
2556,delta,inDrop1,1.2161181,-0.5901049
2557,beta,inDrop1,-3.0725944,-8.247259
2558,alpha,inDrop1,-5.564138,7.0900683
2559,beta,inDrop1,-2.8697891,-8.994184
2560,alpha,inDrop1,-3.0772822,5.1931863
2561,beta,inDrop1,-2.720805,-8.374229
2562,beta,inDrop1,-2.1055927,-8.674063
2563,gamma,inDrop1,-5.7764087,0.32368663
2564,alpha,inDrop1,-3.6997032,5.5329657
2565,beta,inDrop1,-2.0811374,-8.9517765
2566,beta,inDrop1,-2.3533797,-8.958349
2567,beta,inDrop1,-3.021093,-8.083998
2568,beta,inDrop1,-2.4081018,-4.9227676
2569,macrophage,inDrop1,4.348525,1.8611034
2570,beta,inDrop1,-2.544988,-7.8000655
2571,delta,inDrop1,0.31013945,0.12996553
2572,beta,inDrop1,-2.3659682,-8.606568
2573,gamma,inDrop1,-6.077436,-0.09258516
2574,epsilon,inDrop1,-1.825959,0.8229243
2575,delta,inDrop1,1.6483845,0.15474075
2576,alpha,inDrop1,-2.9140527,5.0868545
2577,beta,inDrop1,-2.387045,-5.7632294
2578,beta,inDrop1,-3.18679,-9.161402
2579,delta,inDrop1,0.37331557,0.15331785
2580,alpha,inDrop1,-5.0946174,7.57946
2581,endothelial,inDrop1,4.7844257,-6.618621
2582,beta,inDrop1,-2.6325607,-4.338819
2583,activated_stellate,inDrop1,5.1046357,-3.6971452
2584,acinar,inDrop1,12.119243,-2.7316616
2585,beta,inDrop1,-2.2529058,-6.870297
2586,acinar,inDrop1,12.661824,-3.5178883
2587,alpha,inDrop1,-4.1303415,5.9582148
2588,gamma,inDrop1,-5.740194,0.3889857
2589,macrophage,inDrop1,4.363195,1.8519875
2590,beta,inDrop1,-2.3211663,-7.5132275
2591,beta,inDrop1,-3.8672354,-9.602175
2592,acinar,inDrop1,11.650872,-3.1673398
2593,beta,inDrop1,-2.5186248,-7.0498447
2594,beta,inDrop1,-1.9090546,-8.666013
2595,alpha,inDrop1,-4.609317,8.301264
2596,delta,inDrop1,1.027187,0.7257773
2597,beta,inDrop1,-3.0196264,-8.881547
2598,ductal,inDrop1,9.140847,3.3002145
2599,alpha,inDrop1,-3.6197042,5.6398377
2600,beta,inDrop1,-2.9610226,-8.435426
2601,delta,inDrop1,0.78877056,-0.134834
2602,beta,inDrop1,-3.336655,-4.0931854
2603,beta,inDrop1,-2.4878104,-5.0912876
2604,acinar,inDrop1,12.223207,-3.5179374
2605,beta,inDrop1,-2.1847074,-9.006517
2606,beta,inDrop1,-4.1296973,-8.3211
2607,beta,inDrop1,-1.7234906,-7.4349294
2608,alpha,inDrop1,-5.2602053,7.6771216
2609,alpha,inDrop1,-4.343341,8.48897
2610,alpha,inDrop1,-5.752462,7.5663776
2611,ductal,inDrop1,8.970454,6.4871054
2612,alpha,inDrop1,-2.9883847,5.1320524
2613,acinar,inDrop1,11.844858,-3.0482666
2614,acinar,inDrop1,11.603074,-3.5128
2615,beta,inDrop1,-2.044232,-8.664119
2616,delta,inDrop1,1.6310048,0.3986272
2617,quiescent_stellate,inDrop1,6.4958014,-1.9746959
2618,alpha,inDrop1,-3.9491549,6.766417
2619,delta,inDrop1,1.4842683,-0.41572365
2620,beta,inDrop1,-2.7135384,-4.799338
2621,ductal,inDrop1,7.1490006,4.204115
2622,beta,inDrop1,-3.2660897,-4.9481444
2623,beta,inDrop1,-3.1679163,-9.194375
2624,beta,inDrop1,-2.658061,-7.1933665
2625,beta,inDrop1,-2.7689996,-9.401292
2626,quiescent_stellate,inDrop1,6.4568744,-2.0970354
2627,endothelial,inDrop1,4.797614,-7.072383
2628,acinar,inDrop1,11.576895,-3.5803928
2629,activated_stellate,inDrop1,4.944021,-2.99321
2630,delta,inDrop1,0.14870961,0.06456449
2631,beta,inDrop1,-2.8149123,-5.786613
2632,alpha,inDrop1,-2.4559822,5.425796
2633,endothelial,inDrop1,4.5815926,-6.5869436
2634,endothelial,inDrop1,4.736458,-7.023668
2635,alpha,inDrop1,-5.357441,7.135612
2636,beta,inDrop1,-2.9456031,-7.7518587
2637,gamma,inDrop1,-6.0172224,-0.2104357
2638,beta,inDrop1,-2.902324,-8.022842
2639,ductal,inDrop1,9.508827,3.5095503
2640,activated_stellate,inDrop1,4.9057274,-3.788055
2641,alpha,inDrop1,-2.8569574,5.218114
2642,beta,inDrop1,-2.2179751,-8.025922
2643,beta,inDrop1,-3.3559237,-5.823547
2644,alpha,inDrop1,-3.9417806,6.05458
2645,acinar,inDrop1,11.164969,-3.1037614
2646,quiescent_stellate,inDrop1,6.507419,-1.9747117
2647,beta,inDrop1,-2.2529092,-9.319827
2648,alpha,inDrop1,-2.8447156,5.072015
2649,beta,inDrop1,-2.2384899,-8.755368
2650,ductal,inDrop1,8.982681,3.3940911
2651,beta,inDrop1,-2.3673058,-8.944648
2652,delta,inDrop1,1.132673,0.1404804
2653,beta,inDrop1,-2.0259366,-7.8598833
2654,beta,inDrop1,-1.997281,-4.994053
2655,beta,inDrop1,-3.4953291,-7.445654
2656,beta,inDrop1,-2.322649,-6.21706
2657,quiescent_stellate,inDrop1,6.4200454,-2.123223
2658,beta,inDrop1,-2.8225503,-8.21635
2659,beta,inDrop1,-2.4127076,-9.285703
2660,schwann,inDrop1,6.283463,0.17152573
2661,endothelial,inDrop1,4.774908,-7.20887
2662,beta,inDrop1,-1.9430884,-6.314799
2663,beta,inDrop1,-3.2313104,-9.094138
2664,ductal,inDrop1,9.586048,4.893157
2665,gamma,inDrop1,-5.708043,0.050649162
2666,alpha,inDrop1,-6.087352,7.639679
2667,gamma,inDrop1,-5.953086,0.027524652
2668,alpha,inDrop1,-3.7284732,7.1231894
2669,quiescent_stellate,inDrop1,4.962459,-3.522875
2670,endothelial,inDrop1,4.602797,-6.6880045
2671,quiescent_stellate,inDrop1,6.4864936,-1.9735175
2672,delta,inDrop1,0.83419997,0.88989896
2673,beta,inDrop1,-2.0185673,-9.23819
2674,ductal,inDrop1,7.8355722,3.6604826
2675,endothelial,inDrop1,4.8402896,-6.8750815
2676,beta,inDrop1,-2.424963,-4.9843135
2677,delta,inDrop1,1.0348747,-0.3678826
2678,activated_stellate,inDrop1,4.980549,-3.4547884
2679,endothelial,inDrop1,4.7568645,-7.13132
2680,acinar,inDrop1,11.973843,-3.3533962
2681,endothelial,inDrop1,4.529711,-6.797466
2682,delta,inDrop1,0.5939436,-0.29389003
2683,gamma,inDrop1,-6.047035,-0.06417823
2684,activated_stellate,inDrop1,4.8829036,-2.873792
2685,endothelial,inDrop1,4.7318425,-6.780785
2686,beta,inDrop1,-2.90592,-9.233488
2687,ductal,inDrop1,9.158088,3.2935355
2688,beta,inDrop1,-2.0748758,-9.464646
2689,beta,inDrop1,-3.5706944,-8.053015
2690,alpha,inDrop1,-2.3909132,5.29928
2691,alpha,inDrop1,-3.380807,5.5065174
2692,beta,inDrop1,-2.4103904,-5.0730205
2693,ductal,inDrop1,9.478055,3.5140228
2694,beta,inDrop1,-2.3477437,-5.3427243
2695,alpha,inDrop1,-3.0741336,8.689252
2696,endothelial,inDrop1,4.5722675,-6.70386
2697,endothelial,inDrop1,4.934096,-7.354357
2698,beta,inDrop1,-1.7936904,-8.188703
2699,endothelial,inDrop1,5.215496,-6.3816257
2700,endothelial,inDrop1,4.4241595,-6.7256017
2701,alpha,inDrop1,-3.8560588,5.9096327
2702,quiescent_stellate,inDrop1,6.3817697,-2.1571505
2703,ductal,inDrop1,7.1180506,4.4724727
2704,beta,inDrop1,-3.2243016,-9.210663
2705,quiescent_stellate,inDrop1,6.501353,-1.979306
2706,epsilon,inDrop1,-1.8255929,0.8236225
2707,delta,inDrop1,1.1753181,-0.6697141
2708,macrophage,inDrop1,4.3577166,1.8512373
2709,gamma,inDrop1,-5.899338,-0.20172612
2710,ductal,inDrop1,9.443907,5.7740755
2711,alpha,inDrop1,-3.195992,5.4824805
2712,beta,inDrop1,-3.0607274,-8.066152
2713,alpha,inDrop1,-3.5692341,5.6553774
2714,endothelial,inDrop1,4.65118,-7.0474567
2715,beta,inDrop1,-3.0107582,-7.1850686
2716,gamma,inDrop1,-6.0574036,-0.0823367
2717,beta,inDrop1,-3.7606072,-8.52028
2718,beta,inDrop1,-4.4037004,-9.57875
2719,quiescent_stellate,inDrop1,6.284795,-2.1909342
2720,alpha,inDrop1,-5.1901617,7.3587155
2721,beta,inDrop1,-1.7201902,-7.6598525
2722,gamma,inDrop1,-6.182205,0.019693643
2723,alpha,inDrop1,-2.746476,8.297827
2724,alpha,inDrop1,-2.971765,5.145253
2725,beta,inDrop1,-2.5721169,-4.638742
2726,endothelial,inDrop1,4.4097714,-6.734948
2727,beta,inDrop1,-2.7236602,-4.2698493
2728,quiescent_stellate,inDrop1,6.385284,-2.1730165
2729,endothelial,inDrop1,5.0233126,-7.33799
2730,beta,inDrop1,-3.1867769,-4.1784472
2731,beta,inDrop1,-2.2391222,-9.043776
2732,beta,inDrop1,-2.3811967,-4.982703
2733,beta,inDrop1,-1.7522215,-7.4694405
2734,ductal,inDrop1,9.46052,5.915432
2735,beta,inDrop1,-1.2130021,-7.72602
2736,alpha,inDrop1,-3.1984787,5.2202377
2737,quiescent_stellate,inDrop1,6.405995,-2.1451044
2738,beta,inDrop1,-2.3682203,-7.87858
2739,endothelial,inDrop1,4.8111424,-7.2310224
2740,beta,inDrop1,-2.117783,-8.02458
2741,ductal,inDrop1,9.212007,3.353311
2742,ductal,inDrop1,9.507189,5.5225387
2743,beta,inDrop1,-2.3560348,-5.0231175
2744,activated_stellate,inDrop1,5.121398,-3.402043
2745,beta,inDrop1,-2.1504428,-9.278331
2746,ductal,inDrop1,9.561008,5.5613317
2747,beta,inDrop1,-2.821056,-8.819871
2748,endothelial,inDrop1,4.783278,-6.539657
2749,beta,inDrop1,-1.9393449,-4.9662104
2750,beta,inDrop1,-1.6294769,-7.3201685
2751,acinar,inDrop1,12.216704,-2.853353
2752,alpha,inDrop1,-3.1878016,5.1450605
2753,schwann,inDrop1,6.2842803,0.17302378
2754,beta,inDrop1,-1.7553021,-7.556267
2755,beta,inDrop1,-3.4803405,-7.5411177
2756,quiescent_stellate,inDrop1,6.342667,-2.2477262
2757,beta,inDrop1,-1.9622155,-7.4303193
2758,gamma,inDrop1,-5.4881268,-0.2752772
2759,endothelial,inDrop1,4.7085447,-7.1016893
2760,beta,inDrop1,-4.1438775,-9.458091
2761,mast,inDrop1,3.5728083,3.0517204
2762,beta,inDrop1,-2.5866897,-7.926522
2763,gamma,inDrop1,-6.100755,-0.013324833
2764,quiescent_stellate,inDrop1,6.439917,-2.1604872
2765,beta,inDrop1,-1.8642658,-7.5424743
2766,beta,inDrop1,-2.7455451,-6.2376637
2767,beta,inDrop1,-1.977107,-7.6503515
2768,endothelial,inDrop1,4.4559317,-6.688715
2769,beta,inDrop1,-2.273327,-9.260129
2770,alpha,inDrop1,-3.8293746,5.702007
2771,quiescent_stellate,inDrop1,6.4167337,-2.1332686
2772,activated_stellate,inDrop1,5.0524583,-3.6958864
2773,beta,inDrop1,-2.420426,-9.08255
2774,alpha,inDrop1,-2.7016973,8.480858
2775,endothelial,inDrop1,4.5272927,-6.5454483
2776,quiescent_stellate,inDrop1,6.41674,-2.1139622
2777,endothelial,inDrop1,4.7132115,-7.1745806
2778,endothelial,inDrop1,4.9042177,-7.3439455
2779,endothelial,inDrop1,4.926013,-7.379538
2780,endothelial,inDrop1,4.566089,-6.7761073
2781,ductal,inDrop1,8.300767,4.3700185
2782,beta,inDrop1,-1.8632684,-7.5171375
2783,ductal,inDrop1,9.570505,5.809412
2784,quiescent_stellate,inDrop1,6.4220247,-2.1379173
2785,beta,inDrop1,-1.7485534,-7.502345
2786,endothelial,inDrop1,4.8262873,-7.2572365
2787,endothelial,inDrop1,4.555756,-6.6948266
2788,alpha,inDrop1,-3.047909,5.253123
2789,quiescent_stellate,inDrop1,6.4110165,-2.1477492
2790,alpha,inDrop1,-2.82875,5.413154
2791,acinar,inDrop1,11.684103,-3.5114608
2792,gamma,inDrop1,-5.8665857,-0.18428949
2793,endothelial,inDrop1,4.9968333,-7.3731956
2794,beta,inDrop1,-2.0148902,-8.968959
2795,quiescent_stellate,inDrop1,6.4010735,-2.1569357
2796,activated_stellate,inDrop1,4.885425,-2.8371222
2797,beta,inDrop1,-1.8110182,-7.831701
2798,beta,inDrop1,-2.3904517,-8.636552
2799,endothelial,inDrop1,4.4356713,-6.6842794
2800,alpha,inDrop1,-3.3832984,6.3365827
2801,quiescent_stellate,inDrop1,6.414296,-2.1298866
2802,quiescent_stellate,inDrop1,6.3050094,-2.173063
2803,quiescent_stellate,inDrop1,6.477086,-2.0132976
2804,quiescent_stellate,inDrop1,6.300211,-2.1437442
2805,endothelial,inDrop1,4.4321218,-6.784351
2806,beta,inDrop1,-2.7563071,-7.30516
2807,quiescent_stellate,inDrop1,6.433733,-2.0475357
2808,beta,inDrop1,-2.9387453,-8.498823
2809,quiescent_stellate,inDrop1,6.4875746,-1.9996663
2810,quiescent_stellate,inDrop1,6.430605,-2.0325515
2811,beta,inDrop1,-2.290709,-7.931495
2812,beta,inDrop1,-2.9846482,-8.079483
2813,beta,inDrop1,-1.8709162,-7.482431
2814,beta,inDrop1,-3.055347,-7.357664
2815,beta,inDrop1,-2.339003,-9.166648
2816,endothelial,inDrop1,4.4501424,-6.680025
2817,alpha,inDrop1,-5.283313,6.9696765
2818,beta,inDrop1,-2.9626157,-7.3051705
2819,endothelial,inDrop1,4.5379004,-6.7127404
2820,endothelial,inDrop1,4.69547,-7.0954204
2821,activated_stellate,inDrop1,4.950853,-3.5888648
2822,alpha,inDrop1,-5.754472,7.3125277
2823,beta,inDrop1,-3.1778414,-8.86766
2824,beta,inDrop1,-2.3094823,-7.501647
2825,acinar,inDrop1,11.950234,-2.90137
2826,quiescent_stellate,inDrop1,6.419307,-2.1152747
2827,endothelial,inDrop1,4.6839476,-7.0357065
2828,endothelial,inDrop1,4.4487257,-6.7719545
2829,endothelial,inDrop1,5.0215893,-7.3421288
2830,delta,inDrop1,-1.7330081,-7.5475855
2831,endothelial,inDrop1,4.8886447,-7.223695
2832,alpha,inDrop1,-5.3152723,7.181587
2833,beta,inDrop1,-1.9819341,-7.3398156
2834,quiescent_stellate,inDrop1,6.353186,-2.214148
2835,endothelial,inDrop1,4.630536,-7.08555
2836,quiescent_stellate,inDrop1,6.444044,-2.043886
2837,alpha,inDrop1,-3.0533724,5.9669704
2838,quiescent_stellate,inDrop1,6.476603,-2.0593946
2839,acinar,inDrop1,10.852047,-3.4409716
2840,acinar,inDrop1,11.764347,-1.9705822
2841,delta,inDrop1,1.1561735,-0.5236431
2842,acinar,inDrop1,10.895557,-3.630636
2843,activated_stellate,inDrop1,4.78032,-2.7778087
2844,acinar,inDrop1,11.928412,-2.9200766
2845,acinar,inDrop1,11.820614,-3.0049527
2846,delta,inDrop1,0.8950259,0.003354787
2847,delta,inDrop1,0.504663,0.15176131
2848,delta,inDrop1,0.17603508,0.30188003
2849,acinar,inDrop1,10.931228,-3.1399033
2850,beta,inDrop1,-3.2500966,-9.719879
2851,activated_stellate,inDrop1,4.9121723,-3.0543573
2852,delta,inDrop1,0.4540183,-0.16148789
2853,delta,inDrop1,0.5141816,0.6068976
2854,delta,inDrop1,0.20130792,0.4297057
2855,delta,inDrop1,1.5842001,0.38384268
2856,beta,inDrop1,-2.918933,-9.4652815
2857,delta,inDrop1,0.46947747,0.20894974
2858,acinar,inDrop1,11.407596,-2.9607344
2859,activated_stellate,inDrop1,4.8160844,-3.0812259
2860,activated_stellate,inDrop1,5.0369325,-3.0402372
2861,delta,inDrop1,0.5870203,0.7469265
2862,beta,inDrop1,-2.7656987,-9.26753
2863,acinar,inDrop1,11.809918,-3.0811148
2864,delta,inDrop1,0.31991276,0.4896597
2865,beta,inDrop1,-2.3867466,-7.578985
2866,delta,inDrop1,0.93267053,-0.002180519
2867,ductal,inDrop1,11.629353,-1.9067585
2868,acinar,inDrop1,11.549598,-2.6466138
2869,acinar,inDrop1,12.181766,-2.6630776
2870,delta,inDrop1,1.3016908,-0.4783807
2871,beta,inDrop1,-2.4519634,-9.26132
2872,beta,inDrop1,-3.4876475,-4.5404644
2873,beta,inDrop1,-1.7670933,-7.663564
2874,delta,inDrop1,0.67271745,0.20047906
2875,beta,inDrop1,-3.863315,-9.501398
2876,beta,inDrop1,-2.6017005,-9.283322
2877,beta,inDrop1,-1.9996803,-9.432771
2878,delta,inDrop1,1.0762509,-0.47645667
2879,delta,inDrop1,0.4114022,0.08785633
2880,delta,inDrop1,0.9090543,0.48962784
2881,acinar,inDrop1,12.38677,-2.5553427
2882,ductal,inDrop1,8.467751,4.366539
2883,delta,inDrop1,1.0687374,0.0840212
2884,activated_stellate,inDrop1,4.8598375,-3.1046824
2885,beta,inDrop1,-2.565072,-9.36133
2886,activated_stellate,inDrop1,0.8526602,-0.6125497
2887,alpha,inDrop1,-5.539087,7.500501
2888,delta,inDrop1,1.2118223,-0.15824929
2889,beta,inDrop1,-3.00108,-5.957168
2890,beta,inDrop1,-3.1432066,-7.7152953
2891,beta,inDrop1,-2.4786777,-9.389486
2892,acinar,inDrop1,11.636202,-3.6227283
2893,delta,inDrop1,0.9711145,-0.24088843
2894,ductal,inDrop1,7.1191225,4.0959563
2895,macrophage,inDrop1,4.3591394,1.8522035
2896,delta,inDrop1,1.1699809,0.8054298
2897,beta,inDrop1,-3.2109501,-4.161305
2898,beta,inDrop1,-3.1249897,-8.677355
2899,delta,inDrop1,0.3146428,0.048993282
2900,delta,inDrop1,0.45402858,0.5214348
2901,beta,inDrop1,-3.579739,-6.598181
2902,delta,inDrop1,1.5026716,-0.014558312
2903,beta,inDrop1,-3.006317,-8.708686
2904,delta,inDrop1,1.460399,-0.5229396
2905,acinar,inDrop1,11.9582815,-3.0773468
2906,delta,inDrop1,0.70220906,-0.61958903
2907,beta,inDrop1,-2.5059576,-7.1723604
2908,acinar,inDrop1,11.859323,-2.5279622
2909,beta,inDrop1,-2.9689116,-8.765876
2910,beta,inDrop1,-2.6800902,-8.355241
2911,ductal,inDrop1,9.168155,3.2618392
2912,delta,inDrop1,0.74259704,0.36235955
2913,delta,inDrop1,1.2571762,0.024151094
2914,beta,inDrop1,-3.433578,-7.438987
2915,delta,inDrop1,0.56739026,0.35197952
2916,delta,inDrop1,1.0174185,0.13649262
2917,beta,inDrop1,-3.6875114,-7.3881693
2918,alpha,inDrop1,-5.9490995,7.702846
2919,beta,inDrop1,-2.7665894,-9.306218
2920,acinar,inDrop1,11.907525,-3.0233972
2921,alpha,inDrop1,-2.4207869,5.4722905
2922,alpha,inDrop1,-5.3074203,7.0141044
2923,beta,inDrop1,-2.558593,-8.135805
2924,beta,inDrop1,-3.152355,-9.44932
2925,beta,inDrop1,-2.8076737,-8.630198
2926,beta,inDrop1,-2.137863,-9.392968
2927,beta,inDrop1,-3.0053096,-8.903569
2928,beta,inDrop1,-3.2865694,-9.750521
2929,beta,inDrop1,-4.2452335,-6.731976
2930,beta,inDrop1,-2.4734716,-9.403163
2931,delta,inDrop1,0.95878726,-0.059387635
2932,beta,inDrop1,-3.005319,-9.936404
2933,beta,inDrop1,-3.535844,-7.237963
2934,delta,inDrop1,0.48981333,0.205565
2935,beta,inDrop1,-4.0045323,-6.8430758
2936,beta,inDrop1,-3.472043,-6.7465897
2937,beta,inDrop1,-3.661611,-7.2006574
2938,alpha,inDrop1,-5.7715893,7.322292
2939,delta,inDrop1,0.28088105,0.02185536
2940,alpha,inDrop1,-4.8619604,8.821797
2941,beta,inDrop1,-2.7136593,-6.5665293
2942,delta,inDrop1,1.3494122,-0.42205063
2943,beta,inDrop1,-3.3238857,-9.062758
2944,activated_stellate,inDrop1,4.826511,-2.9759283
2945,beta,inDrop1,-2.212255,-8.744604
2946,beta,inDrop1,-3.3305006,-4.0580673
2947,delta,inDrop1,0.9288168,0.19750185
2948,delta,inDrop1,1.5142765,0.38471958
2949,ductal,inDrop1,9.163347,3.270482
2950,acinar,inDrop1,12.211504,-2.376783
2951,acinar,inDrop1,11.785742,-3.304731
2952,delta,inDrop1,1.7814206,0.31227633
2953,ductal,inDrop1,8.995023,4.7572165
2954,delta,inDrop1,0.72316396,0.5141717
2955,beta,inDrop1,-3.112376,-6.6831303
2956,ductal,inDrop1,9.447873,5.587089
2957,beta,inDrop1,-2.6232347,-5.7142167
2958,beta,inDrop1,-3.104725,-8.78515
2959,beta,inDrop1,-2.1694272,-9.485435
2960,beta,inDrop1,-2.6099951,-9.240222
2961,alpha,inDrop1,-5.805711,7.13719
2962,beta,inDrop1,-2.7390835,-8.247951
2963,beta,inDrop1,-2.881365,-6.1954613
2964,beta,inDrop1,-3.1669657,-4.1597624
2965,beta,inDrop1,-2.4065566,-9.2195215
2966,beta,inDrop1,-2.400443,-6.8745975
2967,alpha,inDrop1,-5.6264067,7.4247127
2968,acinar,inDrop1,11.541998,-3.2673614
2969,beta,inDrop1,-2.0994778,-9.459891
2970,beta,inDrop1,-3.6969726,-7.24242
2971,beta,inDrop1,-3.1141582,-9.135391
2972,beta,inDrop1,-2.658816,-8.494241
2973,delta,inDrop1,1.3369181,-0.5495241
2974,beta,inDrop1,-2.7714083,-9.731669
2975,beta,inDrop1,-2.536959,-9.455626
2976,beta,inDrop1,-3.1079988,-9.792973
2977,activated_stellate,inDrop1,5.0563855,-3.366373
2978,beta,inDrop1,-2.96113,-9.494073
2979,delta,inDrop1,1.3041931,-0.5503944
2980,beta,inDrop1,-3.8687932,-7.2659388
2981,acinar,inDrop1,11.214825,-2.7127178
2982,beta,inDrop1,-2.041053,-6.436604
2983,beta,inDrop1,-2.7910504,-9.788459
2984,activated_stellate,inDrop1,4.924362,-3.195689
2985,alpha,inDrop1,-2.8398733,5.3471127
2986,beta,inDrop1,-2.1513584,-6.6830134
2987,beta,inDrop1,-3.4374342,-8.597261
2988,quiescent_stellate,inDrop1,8.759601,5.7798295
2989,activated_stellate,inDrop1,4.7281876,-3.1482284
2990,acinar,inDrop1,11.54785,-2.441299
2991,beta,inDrop1,-2.356065,-8.668721
2992,alpha,inDrop1,-5.5323887,7.437217
2993,delta,inDrop1,0.12787716,0.44780597
2994,acinar,inDrop1,10.786881,-3.542228
2995,beta,inDrop1,-2.7960904,-8.87114
2996,beta,inDrop1,-3.074315,-7.002071
2997,beta,inDrop1,-2.1086504,-9.56214
2998,beta,inDrop1,-2.470047,-9.157672
2999,ductal,inDrop1,9.5002,5.6824965
3000,beta,inDrop1,-2.4302182,-7.1534023
3001,acinar,inDrop1,11.912767,-3.0977223
3002,beta,inDrop1,-2.7106493,-9.363693
3003,beta,inDrop1,-3.312423,-4.0619473
3004,beta,inDrop1,-2.3726585,-4.663845
3005,beta,inDrop1,-2.6080205,-9.266236
3006,beta,inDrop1,-4.364358,-10.067537
3007,beta,inDrop1,-2.8391175,-8.888957
3008,alpha,inDrop1,-3.0070846,5.052577
3009,acinar,inDrop1,11.477081,-3.510058
3010,beta,inDrop1,-2.667833,-9.243467
3011,beta,inDrop1,-3.2911239,-4.109485
3012,alpha,inDrop1,-5.9802017,7.8559065
3013,beta,inDrop1,-3.0561066,-6.908149
3014,beta,inDrop1,-3.1334455,-6.419135
3015,gamma,inDrop1,-5.6043305,-0.017898988
3016,delta,inDrop1,1.2040527,-0.51583946
3017,macrophage,inDrop1,4.3662386,1.8484663
3018,alpha,inDrop1,-5.476734,7.622192
3019,delta,inDrop1,0.1551371,0.41924232
3020,beta,inDrop1,-2.7036564,-8.538523
3021,ductal,inDrop1,9.500581,4.988514
3022,ductal,inDrop1,8.3802185,4.3891444
3023,alpha,inDrop1,-5.7347627,7.145498
3024,beta,inDrop1,-2.434026,-8.95132
3025,beta,inDrop1,-3.4090555,-4.251801
3026,acinar,inDrop1,11.338276,-2.771745
3027,endothelial,inDrop1,4.4185243,-7.0565004
3028,alpha,inDrop1,-1.0417315,6.014446
3029,gamma,inDrop1,-6.088101,-0.14493398
3030,beta,inDrop1,-2.1312754,-9.388669
3031,quiescent_stellate,inDrop1,0.6152515,-0.05739706
3032,beta,inDrop1,-3.3786898,-10.051307
3033,delta,inDrop1,0.65365756,0.118638106
3034,beta,inDrop1,-3.5861464,-8.325163
3035,ductal,inDrop1,9.574284,5.8914757
3036,beta,inDrop1,-3.284046,-9.853704
3037,alpha,inDrop1,-5.2163444,7.347845
3038,beta,inDrop1,-2.559203,-6.423108
3039,delta,inDrop1,0.38128623,0.20410557
3040,beta,inDrop1,-3.3159413,-4.122795
3041,alpha,inDrop1,-3.0183785,5.127357
3042,quiescent_stellate,inDrop1,-5.17657,4.887103
3043,ductal,inDrop1,9.077659,5.3791184
3044,delta,inDrop1,1.1613088,-0.42075193
3045,beta,inDrop1,-3.3222713,-9.984639
3046,beta,inDrop1,-3.5120022,-8.85337
3047,delta,inDrop1,0.4339994,0.28580675
3048,alpha,inDrop1,-2.9077327,8.819725
3049,beta,inDrop1,-3.2326007,-8.62368
3050,beta,inDrop1,-3.003035,-9.201958
3051,delta,inDrop1,1.4740833,-0.49968147
3052,beta,inDrop1,-3.2182384,-9.246862
3053,beta,inDrop1,-2.9904795,-7.146048
3054,delta,inDrop1,0.32399628,-0.067699045
3055,ductal,inDrop1,9.328082,5.5913625
3056,ductal,inDrop1,7.378197,4.1241126
3057,beta,inDrop1,-2.9699607,-8.56367
3058,beta,inDrop1,-2.84661,-9.190026
3059,beta,inDrop1,-2.7919216,-8.285909
3060,beta,inDrop1,-2.9222832,-9.679883
3061,endothelial,inDrop1,4.5791883,-6.85843
3062,beta,inDrop1,-2.8037617,-8.488424
3063,beta,inDrop1,-2.6295285,-9.156502
3064,alpha,inDrop1,-5.6255493,7.2235317
3065,beta,inDrop1,-3.0582082,-7.0837398
3066,beta,inDrop1,-3.285358,-8.412623
3067,alpha,inDrop1,-6.0596786,7.1597743
3068,beta,inDrop1,-2.1558743,-9.489106
3069,acinar,inDrop1,12.0062475,-3.1774547
3070,delta,inDrop1,1.3395135,0.709208
3071,beta,inDrop1,-2.4886792,-9.217137
3072,beta,inDrop1,-3.1451952,-9.860699
3073,ductal,inDrop1,9.5935545,5.9048014
3074,ductal,inDrop1,8.803144,6.646025
3075,beta,inDrop1,-2.2623866,-9.25857
3076,alpha,inDrop1,-6.222654,7.1144133
3077,beta,inDrop1,-3.0017986,-8.322808
3078,beta,inDrop1,-3.4515398,-6.5604935
3079,ductal,inDrop1,8.413339,4.479659
3080,alpha,inDrop1,-6.097033,7.239842
3081,activated_stellate,inDrop1,4.732461,-3.0034757
3082,beta,inDrop1,-2.8451264,-9.483753
3083,alpha,inDrop1,-3.0353632,5.2192707
3084,ductal,inDrop1,9.401786,4.86058
3085,delta,inDrop1,1.4686042,0.020598818
3086,alpha,inDrop1,-5.6508493,7.7903094
3087,gamma,inDrop1,-5.6056895,-0.24766076
3088,beta,inDrop1,-3.3891082,-10.002533
3089,activated_stellate,inDrop1,4.8907013,-3.8258748
3090,ductal,inDrop1,8.989,3.285193
3091,beta,inDrop1,-3.328604,5.0184627
3092,beta,inDrop1,-3.2389905,-10.030794
3093,activated_stellate,inDrop1,4.89276,-3.0489783
3094,beta,inDrop1,-3.5540993,-8.399666
3095,delta,inDrop1,1.2037473,-0.6258994
3096,activated_stellate,inDrop1,5.0652337,-3.6666832
3097,beta,inDrop1,-2.9379015,-8.354263
3098,gamma,inDrop1,-5.565668,-0.27648064
3099,beta,inDrop1,-2.7761357,-8.325566
3100,beta,inDrop1,-2.464105,-8.390023
3101,beta,inDrop1,-3.0650334,-8.53111
3102,delta,inDrop1,1.3685113,-0.46633106
3103,beta,inDrop1,-3.7351,-7.3655005
3104,beta,inDrop1,-2.0163672,-9.459387
3105,alpha,inDrop1,-3.1352515,8.95103
3106,beta,inDrop1,-2.758788,-6.343528
3107,alpha,inDrop1,-5.5922737,7.203681
3108,epsilon,inDrop1,0.7202008,0.34070963
3109,activated_stellate,inDrop1,4.9550366,-3.7406626
3110,beta,inDrop1,-4.602695,-10.101979
3111,alpha,inDrop1,-5.662304,7.8095083
3112,ductal,inDrop1,8.743841,3.5028522
3113,alpha,inDrop1,-3.9062862,8.870938
3114,beta,inDrop1,-2.590534,-8.66692
3115,beta,inDrop1,-2.4633093,-9.188237
3116,delta,inDrop1,1.1679273,0.002457736
3117,ductal,inDrop1,9.545203,5.82178
3118,beta,inDrop1,-2.960513,-9.736709
3119,alpha,inDrop1,-5.9537153,7.6646047
3120,delta,inDrop1,1.3272723,0.66478705
3121,beta,inDrop1,-3.162825,-9.55799
3122,beta,inDrop1,-1.9178082,-4.918033
3123,beta,inDrop1,-2.1927142,-9.128752
3124,beta,inDrop1,-2.9798965,-6.926213
3125,beta,inDrop1,-1.7826918,-7.154094
3126,activated_stellate,inDrop1,4.8421974,-2.8917325
3127,alpha,inDrop1,-5.516261,7.3546433
3128,beta,inDrop1,-2.498833,-5.609233
3129,ductal,inDrop1,9.433083,5.891293
3130,delta,inDrop1,0.13982376,0.5355127
3131,alpha,inDrop1,-5.6077123,7.97929
3132,alpha,inDrop1,-3.3150256,5.242151
3133,beta,inDrop1,-3.3734279,-4.2520876
3134,beta,inDrop1,-3.1575634,-8.389909
3135,beta,inDrop1,-3.4153676,-6.79561
3136,delta,inDrop1,0.34285262,-0.1293089
3137,alpha,inDrop1,-2.866871,5.515412
3138,beta,inDrop1,-2.4094436,-4.593685
3139,beta,inDrop1,-2.83307,-8.764535
3140,beta,inDrop1,-3.3527513,-6.7255793
3141,beta,inDrop1,-2.8651454,-8.153195
3142,beta,inDrop1,-1.8008298,-9.000517
3143,delta,inDrop1,1.1500716,-0.47244972
3144,beta,inDrop1,-2.1849968,-9.432922
3145,beta,inDrop1,-3.85932,-9.947462
3146,beta,inDrop1,-2.6979454,-9.237364
3147,alpha,inDrop1,-5.8015933,7.3097067
3148,beta,inDrop1,-2.0382862,-8.667749
3149,gamma,inDrop1,-6.1156693,-0.03912221
3150,beta,inDrop1,-1.7828449,-7.4782405
3151,activated_stellate,inDrop1,4.8283453,-3.0040185
3152,beta,inDrop1,-3.4153037,-6.665875
3153,alpha,inDrop1,-4.596027,8.087255
3154,alpha,inDrop1,-5.2487183,7.2289066
3155,beta,inDrop1,-4.755144,-9.315602
3156,beta,inDrop1,-4.6252303,-10.103759
3157,delta,inDrop1,0.09805114,0.4336012
3158,beta,inDrop1,-2.5168028,-9.26658
3159,beta,inDrop1,-2.6592214,-6.23094
3160,beta,inDrop1,-2.3511188,-9.208584
3161,beta,inDrop1,-1.9808397,-8.570566
3162,beta,inDrop1,-4.0643425,-7.1878343
3163,beta,inDrop1,-2.5866342,-8.749276
3164,quiescent_stellate,inDrop1,6.366146,-2.2205608
3165,ductal,inDrop1,9.265681,5.919925
3166,ductal,inDrop1,8.8116255,3.553124
3167,delta,inDrop1,1.5047269,0.5194635
3168,alpha,inDrop1,-3.1603184,5.139281
3169,beta,inDrop1,-3.923196,-9.143392
3170,beta,inDrop1,-3.38039,-4.1321363
3171,beta,inDrop1,-2.5049126,-9.280353
3172,beta,inDrop1,-2.9297242,-8.943792
3173,beta,inDrop1,-3.4044068,-10.045077
3174,beta,inDrop1,-3.5769246,-7.9662294
3175,gamma,inDrop1,-6.0885067,0.12844782
3176,beta,inDrop1,-3.2252352,-9.344891
3177,beta,inDrop1,-2.9900827,-5.816186
3178,gamma,inDrop1,-5.928276,-0.20188901
3179,alpha,inDrop1,-5.8470154,8.826553
3180,beta,inDrop1,-3.2242036,-9.1732
3181,alpha,inDrop1,-3.5930877,5.556523
3182,alpha,inDrop1,-3.2320693,7.894203
3183,beta,inDrop1,-3.2318397,-9.529869
3184,delta,inDrop1,1.3251424,0.4242887
3185,beta,inDrop1,-3.132192,-9.407888
3186,beta,inDrop1,-3.6032002,-8.284332
3187,beta,inDrop1,-2.5503433,-4.5483313
3188,beta,inDrop1,-3.7965255,-9.621087
3189,endothelial,inDrop1,4.624815,-6.642293
3190,beta,inDrop1,-2.3905575,-8.164631
3191,quiescent_stellate,inDrop1,6.363098,-2.1908128
3192,beta,inDrop1,-3.2038374,-9.585896
3193,beta,inDrop1,-2.8755612,-9.467183
3194,alpha,inDrop1,-5.6758394,8.699824
3195,ductal,inDrop1,9.513918,5.660094
3196,beta,inDrop1,-4.655021,-10.168
3197,beta,inDrop1,-2.0399842,-8.6398
3198,gamma,inDrop1,-5.4615054,-0.2159974
3199,alpha,inDrop1,-3.163153,5.1443124
3200,gamma,inDrop1,-5.440302,-0.0053673256
3201,beta,inDrop1,-2.3865461,-8.816693
3202,beta,inDrop1,-3.2705576,-9.942494
3203,alpha,inDrop1,-3.3262894,8.315792
3204,alpha,inDrop1,-1.9029305,8.556893
3205,ductal,inDrop1,7.7727747,5.218496
3206,beta,inDrop1,-3.7470906,-7.909297
3207,alpha,inDrop1,-2.9428554,8.656239
3208,beta,inDrop1,-3.0483775,-6.2706513
3209,delta,inDrop1,0.36222187,-0.0397648
3210,ductal,inDrop1,9.486562,5.543661
3211,beta,inDrop1,-2.6042738,-7.116162
3212,beta,inDrop1,-2.9427247,-8.407598
3213,beta,inDrop1,-3.4514155,-7.5418606
3214,beta,inDrop1,-3.1728473,-8.191036
3215,beta,inDrop1,-2.1660502,-6.714159
3216,beta,inDrop1,-2.7280717,-9.749328
3217,ductal,inDrop1,8.917767,3.432507
3218,beta,inDrop1,-2.9308734,-7.5638957
3219,alpha,inDrop1,-3.533361,5.5716805
3220,beta,inDrop1,-2.5723846,-6.496189
3221,beta,inDrop1,-3.6239102,-7.890594
3222,alpha,inDrop1,-5.5216084,7.7523766
3223,acinar,inDrop1,11.595849,-3.5018082
3224,acinar,inDrop1,11.8589,-2.9872808
3225,beta,inDrop1,-3.994791,-6.3701715
3226,beta,inDrop1,-3.1946561,-7.2918825
3227,beta,inDrop1,-3.4049282,-4.1900234
3228,alpha,inDrop1,-5.67426,7.6655526
3229,alpha,inDrop1,-5.5089917,7.034151
3230,alpha,inDrop1,-3.2740233,5.1756177
3231,alpha,inDrop1,-4.2579007,7.78743
3232,beta,inDrop1,-3.2729468,-7.6619406
3233,alpha,inDrop1,-3.5978131,5.489599
3234,beta,inDrop1,-3.5586526,-6.5779667
3235,alpha,inDrop1,-3.775258,8.382577
3236,beta,inDrop1,-2.232734,-9.030152
3237,beta,inDrop1,-3.273715,-4.4927645
3238,beta,inDrop1,-3.0158753,-8.242186
3239,alpha,inDrop1,-3.5804086,5.5255747
3240,delta,inDrop1,1.2835401,-0.46814618
3241,alpha,inDrop1,-3.2007065,5.2404785
3242,beta,inDrop1,-2.5704505,-8.378371
3243,beta,inDrop1,-3.10893,-9.354846
3244,beta,inDrop1,-3.2742136,-6.1468205
3245,alpha,inDrop1,-5.507638,0.74346256
3246,gamma,inDrop1,-6.085169,-0.21400025
3247,acinar,inDrop1,12.205029,-2.6752431
3248,beta,inDrop1,-3.3099098,-6.6533318
3249,ductal,inDrop1,9.151373,3.3278513
3250,delta,inDrop1,1.220194,0.78711796
3251,beta,inDrop1,-3.4298518,-6.5749
3252,ductal,inDrop1,9.567132,5.8909454
3253,gamma,inDrop1,-5.9139166,0.089812115
3254,beta,inDrop1,-4.0280094,-9.197105
3255,quiescent_stellate,inDrop1,6.273,-2.3318398
3256,ductal,inDrop1,7.667673,3.6407177
3257,delta,inDrop1,1.15559,-0.5242949
3258,gamma,inDrop1,-5.6098576,-0.2965325
3259,beta,inDrop1,-3.0481,-9.733327
3260,beta,inDrop1,-3.5327008,-9.634155
3261,beta,inDrop1,-2.9583836,-9.327815
3262,gamma,inDrop1,-5.682585,0.6907795
3263,ductal,inDrop1,9.534135,5.729713
3264,alpha,inDrop1,-2.8471842,5.6155596
3265,acinar,inDrop1,-0.73178095,-8.787796
3266,ductal,inDrop1,9.447605,5.597568
3267,endothelial,inDrop1,4.751402,-7.1410847
3268,alpha,inDrop1,-3.7071476,5.6072803
3269,endothelial,inDrop1,4.5030026,-6.659186
3270,beta,inDrop1,-2.591127,-6.3605313
3271,beta,inDrop1,-2.746413,-7.9004316
3272,beta,inDrop1,-2.8769777,-5.762916
3273,beta,inDrop1,-2.9327455,-9.01093
3274,alpha,inDrop1,-3.1772497,5.0804358
3275,beta,inDrop1,-2.2402508,-5.0660386
3276,ductal,inDrop1,9.138145,4.7866726
3277,ductal,inDrop1,9.072026,3.3082395
3278,beta,inDrop1,-3.189005,-8.762035
3279,beta,inDrop1,-2.1445453,-9.228727
3280,gamma,inDrop1,-5.590945,0.36543605
3281,beta,inDrop1,-2.604745,-7.5695534
3282,quiescent_stellate,inDrop1,6.4875445,-1.9879643
3283,ductal,inDrop1,8.857645,5.822459
3284,beta,inDrop1,-2.7559803,-6.185636
3285,acinar,inDrop1,10.914426,-3.5179946
3286,ductal,inDrop1,9.402057,5.804586
3287,endothelial,inDrop1,4.7720757,-7.0019555
3288,acinar,inDrop1,11.718702,-3.0669346
3289,gamma,inDrop1,-5.660566,0.34476852
3290,beta,inDrop1,-2.355365,-4.801394
3291,beta,inDrop1,-3.7175968,-9.142113
3292,quiescent_stellate,inDrop1,6.322782,-2.3037133
3293,beta,inDrop1,-2.5216126,-9.244469
3294,beta,inDrop1,-3.0543797,-9.044746
3295,epsilon,inDrop1,-1.8292656,0.8313746
3296,beta,inDrop1,-2.8726356,-7.7903
3297,alpha,inDrop1,-3.0012722,5.039063
3298,alpha,inDrop1,-3.2717385,5.685521
3299,delta,inDrop1,0.7428654,-0.4812324
3300,beta,inDrop1,-2.6246042,-6.488953
3301,epsilon,inDrop1,-1.8242482,0.8234721
3302,beta,inDrop1,-2.4714513,-9.13025
3303,alpha,inDrop1,-5.811506,7.692738
3304,beta,inDrop1,-2.1762261,-5.611933
3305,beta,inDrop1,-2.5580711,-4.803207
3306,gamma,inDrop1,-5.4932494,-0.2246541
3307,acinar,inDrop1,13.102805,-2.3587494
3308,beta,inDrop1,-2.536469,-4.505479
3309,alpha,inDrop1,-3.1888037,5.1529765
3310,beta,inDrop1,-2.8192146,-9.777012
3311,alpha,inDrop1,-3.0099034,5.184396
3312,ductal,inDrop1,8.3551,4.412798
3313,alpha,inDrop1,-2.9877594,5.2009025
3314,beta,inDrop1,-3.3112638,-4.2207594
3315,beta,inDrop1,-2.5643916,-4.795323
3316,gamma,inDrop1,-6.02867,-0.085266836
3317,beta,inDrop1,-3.6136632,-10.170224
3318,beta,inDrop1,-2.9842916,-8.831155
3319,delta,inDrop1,0.81213874,-0.5105138
3320,delta,inDrop1,0.1755973,0.20285219
3321,delta,inDrop1,0.85021853,-0.18883298
3322,quiescent_stellate,inDrop1,6.5060754,-1.9858705
3323,beta,inDrop1,-3.5826077,-7.881945
3324,beta,inDrop1,-2.7874818,-8.485006
3325,alpha,inDrop1,-3.60726,5.5352592
3326,beta,inDrop1,-4.694888,-10.150964
3327,alpha,inDrop1,-5.3596716,8.583201
3328,alpha,inDrop1,-3.4517665,5.8658853
3329,beta,inDrop1,-2.951424,-7.5640664
3330,beta,inDrop1,-1.8695624,-8.134695
3331,beta,inDrop1,-1.8096464,-8.459252
3332,alpha,inDrop1,-2.5201104,8.700811
3333,beta,inDrop1,-2.1607704,-4.90554
3334,beta,inDrop1,-3.3700302,-4.179254
3335,quiescent_stellate,inDrop1,6.4832873,-1.9968396
3336,alpha,inDrop1,-3.5248814,8.517153
3337,endothelial,inDrop1,4.933395,-7.378824
3338,gamma,inDrop1,-5.877664,0.22355062
3339,beta,inDrop1,-2.8970795,-8.226982
3340,beta,inDrop1,-2.3780942,-9.288943
3341,quiescent_stellate,inDrop1,6.440424,-2.1126578
3342,beta,inDrop1,-2.5825756,-9.333383
3343,alpha,inDrop1,-3.3122785,5.3056054
3344,delta,inDrop1,0.23160152,-0.087962866
3345,beta,inDrop1,-4.6206694,-10.144767
3346,acinar,inDrop1,12.209916,-2.825786
3347,beta,inDrop1,-3.379847,-9.94881
3348,endothelial,inDrop1,4.4648843,-6.612628
3349,endothelial,inDrop1,4.424087,-6.7477813
3350,beta,inDrop1,-3.6099968,-6.818778
3351,beta,inDrop1,-2.203828,-4.8873167
3352,alpha,inDrop1,-2.7951763,5.127225
3353,beta,inDrop1,-2.4821784,-9.242766
3354,mast,inDrop1,3.5590274,3.0577824
3355,beta,inDrop1,-2.922406,-7.4843626
3356,alpha,inDrop1,-3.4634118,9.048428
3357,endothelial,inDrop1,4.4392166,-7.1529565
3358,beta,inDrop1,-3.1823306,-9.042374
3359,beta,inDrop1,-1.9218026,-7.5106864
3360,beta,inDrop1,-2.9106648,-7.2871127
3361,endothelial,inDrop1,4.536759,-6.6689863
3362,alpha,inDrop1,0.30719766,0.4549739
3363,beta,inDrop1,-2.734556,-9.240031
3364,beta,inDrop1,-2.0342462,-8.113426
3365,beta,inDrop1,-4.176676,-9.2322
3366,beta,inDrop1,-3.2503717,-4.1711454
3367,alpha,inDrop1,-4.180084,7.438712
3368,mast,inDrop1,3.5599806,3.1087654
3369,beta,inDrop1,-3.9012158,-8.324293
3370,epsilon,inDrop1,-1.826294,0.82280123
3371,endothelial,inDrop1,4.8615403,-7.286338
3372,quiescent_stellate,inDrop1,6.425153,-2.1108
3373,alpha,inDrop1,-4.3318186,7.340177
3374,alpha,inDrop1,-4.083739,6.880421
3375,beta,inDrop1,0.7321427,0.74991286
3376,beta,inDrop1,-2.9378831,-9.284399
3377,acinar,inDrop1,12.234398,-3.4896514
3378,delta,inDrop1,0.79782933,0.047424305
3379,acinar,inDrop1,12.449447,-2.9260058
3380,beta,inDrop1,-1.8140569,-7.305946
3381,beta,inDrop1,-3.237984,-7.800116
3382,endothelial,inDrop1,4.5170956,-6.802989
3383,beta,inDrop1,-2.5936935,-8.336474
3384,macrophage,inDrop1,4.3520336,1.8618252
3385,acinar,inDrop1,10.915779,-3.4708052
3386,quiescent_stellate,inDrop1,6.427814,-2.1518137
3387,beta,inDrop1,-2.7900774,-9.16817
3388,beta,inDrop1,-2.0792806,-7.345966
3389,beta,inDrop1,-2.7819104,-7.7345
3390,endothelial,inDrop1,4.9899025,-7.395139
3391,beta,inDrop1,-2.6906338,-4.796758
3392,beta,inDrop1,-2.6447258,-8.44316
3393,ductal,inDrop1,9.503035,5.823891
3394,beta,inDrop1,-3.1979563,-4.1778054
3395,beta,inDrop1,-1.9518198,-4.90731
3396,quiescent_stellate,inDrop1,6.489079,-1.9875332
3397,beta,inDrop1,-3.7312307,-8.3457365
3398,acinar,inDrop1,10.98587,-3.0889397
3399,beta,inDrop1,-2.5987256,-5.281765
3400,delta,inDrop1,0.64860916,0.3411235
3401,beta,inDrop1,-2.1490495,-7.1283746
3402,beta,inDrop1,-3.1769075,-8.9065695
3403,beta,inDrop1,-2.6232412,-7.902881
3404,beta,inDrop1,-2.5869308,-4.879451
3405,quiescent_stellate,inDrop1,6.4184947,-2.1185668
3406,alpha,inDrop1,-2.9049149,5.330734
3407,endothelial,inDrop1,4.729382,-7.066975
3408,beta,inDrop1,-2.8885665,-7.5939336
3409,delta,inDrop1,0.8248821,0.89053166
3410,gamma,inDrop1,-5.9946322,-0.001249996
3411,beta,inDrop1,-2.0208335,-8.695595
3412,quiescent_stellate,inDrop1,6.484992,-1.997915
3413,endothelial,inDrop1,4.4402246,-6.7105255
3414,alpha,inDrop1,-5.1003656,7.3685
3415,beta,inDrop1,-2.57982,-7.958458
3416,ductal,inDrop1,9.492351,3.4884825
3417,beta,inDrop1,-3.0069444,-9.203033
3418,beta,inDrop1,-2.1115475,-8.12213
3419,beta,inDrop1,-3.6873293,-8.103928
3420,quiescent_stellate,inDrop1,6.3722415,-2.2092967
3421,beta,inDrop1,-2.136065,-6.738238
3422,epsilon,inDrop1,-1.8247582,0.82174855
3423,beta,inDrop1,-2.5601444,5.76499
3424,beta,inDrop1,-0.7819665,-8.606054
3425,alpha,inDrop1,-1.9554778,5.89791
3426,beta,inDrop1,-1.9000366,-6.717523
3427,endothelial,inDrop1,4.998602,-6.790667
3428,endothelial,inDrop1,4.552931,-6.674378
3429,quiescent_stellate,inDrop1,6.381049,-2.2306106
3430,beta,inDrop1,0.7429692,0.79977363
3431,beta,inDrop1,-1.7778156,-7.508531
3432,epsilon,inDrop1,-1.8291979,0.8310032
3433,quiescent_stellate,inDrop1,6.497241,-2.143105
3434,beta,inDrop1,-3.9767206,-8.119534
3435,mast,inDrop1,3.62995,3.0457342
3436,ductal,inDrop1,9.481402,3.5013416
3437,alpha,inDrop1,-3.4524417,5.674886
3438,acinar,inDrop1,12.585858,-2.7826517
3439,acinar,inDrop1,12.401388,-2.8436358
3440,endothelial,inDrop1,4.91452,-7.3716106
3441,ductal,inDrop1,7.0436034,4.100374
3442,endothelial,inDrop1,5.1853724,-6.4009614
3443,alpha,inDrop1,-4.854669,8.651349
3444,delta,inDrop1,0.8318532,-0.4863849
3445,beta,inDrop1,-3.292471,-7.4663105
3446,beta,inDrop1,-2.4030042,-8.223
3447,beta,inDrop1,-2.2812407,-8.115617
3448,ductal,inDrop1,7.9388843,3.709151
3449,quiescent_stellate,inDrop1,6.4514174,-2.026325
3450,beta,inDrop1,-3.940834,-6.5725346
3451,macrophage,inDrop1,4.3566566,1.8544598
3452,delta,inDrop1,0.89595646,-0.13326277
3453,endothelial,inDrop1,4.51326,-6.5735793
3454,alpha,inDrop1,-3.1434197,8.755556
3455,beta,inDrop1,-3.5668445,-8.388884
3456,endothelial,inDrop1,4.9733005,-7.304066
3457,beta,inDrop1,-1.7321974,-7.5027013
3458,beta,inDrop1,-3.3318644,-4.1656938
3459,endothelial,inDrop1,4.737,-7.1777234
3460,delta,inDrop1,0.4299462,-0.03094774
3461,acinar,inDrop1,13.122571,-2.363424
3462,acinar,inDrop1,11.740229,-3.5983012
3463,endothelial,inDrop1,4.5325603,-6.918236
3464,beta,inDrop1,-2.2117343,-7.964565
3465,endothelial,inDrop1,4.6598973,-7.047351
3466,acinar,inDrop1,11.711174,-3.4519866
3467,beta,inDrop1,-1.7528026,-8.520351
3468,delta,inDrop1,0.6498158,-0.22363561
3469,quiescent_stellate,inDrop1,6.334202,-2.1167994
3470,quiescent_stellate,inDrop1,6.4584937,-2.0215008
3471,beta,inDrop1,-1.7506706,-7.726054
3472,beta,inDrop1,-1.789102,-7.5694017
3473,quiescent_stellate,inDrop1,6.446459,-2.144141
3474,alpha,inDrop1,-2.655909,8.216095
3475,quiescent_stellate,inDrop1,6.4754105,-2.0043314
3476,quiescent_stellate,inDrop1,6.3595862,-2.1316264
3477,beta,inDrop1,-2.0885434,-8.337779
3478,quiescent_stellate,inDrop1,6.435018,-2.058325
3479,schwann,inDrop1,6.2829094,0.17067981
3480,beta,inDrop1,-2.1872418,-8.8314
3481,beta,inDrop1,-2.3815176,-9.404647
3482,beta,inDrop1,-3.786217,-7.633102
3483,beta,inDrop1,-2.8916469,-8.338756
3484,beta,inDrop1,-2.6152642,-7.7069573
3485,beta,inDrop1,-2.9650304,-7.610503
3486,beta,inDrop1,-2.9969285,-7.721969
3487,endothelial,inDrop1,5.024351,-7.364323
3488,ductal,inDrop1,9.239845,3.3931348
3489,beta,inDrop1,-3.1808434,-8.799259
3490,beta,inDrop1,-2.5651374,-6.736419
3491,beta,inDrop1,-1.7858024,-7.4761877
3492,beta,inDrop1,-3.5962138,-8.233481
3493,alpha,inDrop1,-3.14389,5.365531
3494,quiescent_stellate,inDrop1,6.4342685,-2.1442237
3495,quiescent_stellate,inDrop1,6.4891653,-1.9865544
3496,beta,inDrop1,-3.1288884,-8.98624
3497,beta,inDrop1,-1.8693264,-7.7194595
3498,alpha,inDrop1,-3.126451,5.6781464
3499,ductal,inDrop1,9.114101,3.2781074
3500,quiescent_stellate,inDrop1,6.4393783,-2.038046
3501,beta,inDrop1,-1.7466125,-7.7816567
3502,endothelial,inDrop1,4.9109187,-7.3656874
3503,delta,inDrop1,1.0990192,0.6813344
3504,beta,inDrop1,-1.2661335,-8.229238
3505,beta,inDrop1,-2.3278139,-4.908313
3506,alpha,inDrop1,-2.8125129,5.0771537
3507,beta,inDrop1,-2.2272737,-8.06211
3508,beta,inDrop1,-1.7302147,-7.7249374
3509,endothelial,inDrop1,4.8077497,-6.606528
3510,beta,inDrop1,-3.6427596,-7.0772166
3511,endothelial,inDrop1,4.8295426,-7.2680655
3512,alpha,inDrop1,-5.1258297,7.4603286
3513,quiescent_stellate,inDrop1,6.455311,-2.047562
3514,endothelial,inDrop1,4.768791,-6.591495
3515,alpha,inDrop1,-5.1818423,7.493855
3516,alpha,inDrop1,-3.6379657,8.256668
3517,ductal,inDrop1,9.354031,5.457501
3518,quiescent_stellate,inDrop1,6.4403343,-2.1375887
3519,endothelial,inDrop1,4.4095793,-6.689654
3520,beta,inDrop1,-2.3678887,-6.762266
3521,gamma,inDrop1,-5.6180983,-0.0376674
3522,epsilon,inDrop1,-1.8255197,0.82365596
3523,activated_stellate,inDrop1,4.930405,-3.184794
3524,alpha,inDrop1,-5.5007305,7.0663266
3525,activated_stellate,inDrop1,4.887281,-2.8073509
3526,beta,inDrop1,-2.7613466,-9.049615
3527,beta,inDrop1,-2.2242608,-5.6264973
3528,mast,inDrop1,3.619605,3.0816195
3529,activated_stellate,inDrop1,4.9198813,-3.1764667
3530,epsilon,inDrop1,-1.7942319,0.8306587
3531,quiescent_stellate,inDrop1,6.417652,-2.063056
3532,endothelial,inDrop1,4.424121,-6.7381983
3533,gamma,inDrop1,-6.019197,0.13763471
3534,beta,inDrop1,-1.8662293,-7.510466
3535,quiescent_stellate,inDrop1,6.4235272,-2.111127
3536,quiescent_stellate,inDrop1,6.425112,-2.163288
3537,alpha,inDrop1,-2.8185737,5.2971926
3538,beta,inDrop1,-3.368211,-8.729275
3539,beta,inDrop1,-3.6778455,-9.083961
3540,beta,inDrop1,-2.053614,-7.092467
3541,beta,inDrop1,-3.3525207,-4.3218656
3542,t_cell,inDrop1,2.861956,3.3153856
3543,beta,inDrop1,-1.3711886,-7.4793906
3544,beta,inDrop1,-1.8713702,-7.616721
3545,beta,inDrop1,-4.021578,-8.898524
3546,alpha,inDrop1,-3.0149546,5.1073933
3547,beta,inDrop1,-1.9480757,-7.7216053
3548,endothelial,inDrop1,4.862161,-7.248883
3549,endothelial,inDrop1,4.452365,-6.711491
3550,mast,inDrop1,3.627418,3.0559075
3551,beta,inDrop1,-1.8214362,-7.5094247
3552,quiescent_stellate,inDrop1,6.4392443,-2.0811362
3553,beta,inDrop1,-2.2142878,-7.8851166
3554,beta,inDrop1,-2.4702048,-9.152684
3555,beta,inDrop1,-2.2789614,-6.710421
3556,beta,inDrop1,-1.5974108,-8.025547
3557,beta,inDrop1,-2.2179205,-8.0894165
3558,endothelial,inDrop1,4.588007,-6.919716
3559,t_cell,inDrop1,2.7906363,3.3367474
3560,ductal,inDrop1,9.510218,5.573332
3561,quiescent_stellate,inDrop1,4.960647,-3.1262608
3562,beta,inDrop1,-2.412539,-9.037054
3563,beta,inDrop1,-1.9401219,-7.8103223
3564,quiescent_stellate,inDrop1,6.432883,-2.0514243
3565,quiescent_stellate,inDrop1,6.420881,-2.1069512
3566,quiescent_stellate,inDrop1,6.3736696,-2.1610382
3567,beta,inDrop1,-1.7052761,-7.7275467
3568,beta,inDrop1,-1.8040162,-7.31997
3569,alpha,inDrop1,-3.5050316,5.455401
3570,beta,inDrop1,-1.7985446,-7.749285
3571,beta,inDrop1,-2.3393192,-6.2961006
3572,beta,inDrop1,-1.7912757,-7.4599032
3573,alpha,inDrop1,-3.5624797,5.5086994
3574,endothelial,inDrop1,4.519175,-6.866318
3575,beta,inDrop1,-1.7477393,-7.666564
3576,endothelial,inDrop1,4.438245,-6.775134
3577,beta,inDrop1,-1.7252474,-7.9978385
3578,quiescent_stellate,inDrop1,6.409785,-2.1271021
3579,delta,inDrop2,0.3619914,-0.21337427
3580,delta,inDrop2,1.2885319,-0.56994784
3581,alpha,inDrop2,-3.670712,7.4904275
3582,delta,inDrop2,1.050654,0.08974724
3583,delta,inDrop2,0.84101963,-0.678752
3584,delta,inDrop2,1.2033879,-0.69063914
3585,delta,inDrop2,0.7625401,-0.54589367
3586,delta,inDrop2,1.402555,-0.61891633
3587,activated_stellate,inDrop2,4.785388,-3.2046204
3588,ductal,inDrop2,11.514028,-1.8205086
3589,delta,inDrop2,0.5848585,-0.43108255
3590,delta,inDrop2,1.1768496,-0.5913408
3591,alpha,inDrop2,-3.6465375,7.18421
3592,delta,inDrop2,1.3433639,-0.59708405
3593,alpha,inDrop2,-5.2317524,8.885018
3594,alpha,inDrop2,-5.7454543,8.548162
3595,beta,inDrop2,-3.5602162,-10.083711
3596,ductal,inDrop2,9.182143,4.7429748
3597,alpha,inDrop2,-3.9855814,7.2995605
3598,alpha,inDrop2,-5.437576,5.746471
3599,ductal,inDrop2,12.290449,-1.4283749
3600,alpha,inDrop2,-3.4659278,8.377437
3601,alpha,inDrop2,-4.962539,7.0801725
3602,delta,inDrop2,1.809862,-0.04374866
3603,ductal,inDrop2,12.337486,-1.6130867
3604,alpha,inDrop2,-2.891227,8.017237
3605,delta,inDrop2,1.2699124,-0.70514834
3606,ductal,inDrop2,7.2633767,5.2217774
3607,ductal,inDrop2,12.353168,-1.636446
3608,ductal,inDrop2,12.150398,-1.7694082
3609,activated_stellate,inDrop2,5.446337,-2.8815062
3610,ductal,inDrop2,8.526694,4.4095135
3611,alpha,inDrop2,-3.9385893,6.8063345
3612,delta,inDrop2,1.1133777,-0.69534427
3613,delta,inDrop2,0.36083463,0.1197062
3614,delta,inDrop2,1.3694024,-0.65671295
3615,alpha,inDrop2,-3.7445664,7.943472
3616,ductal,inDrop2,11.125481,-2.2962904
3617,alpha,inDrop2,-3.2911558,7.1946754
3618,macrophage,inDrop2,4.3600736,1.8472557
3619,alpha,inDrop2,-3.6687686,9.317059
3620,delta,inDrop2,1.5401958,-0.4083372
3621,ductal,inDrop2,10.921882,-2.4568675
3622,delta,inDrop2,1.7051224,0.045889374
3623,alpha,inDrop2,-4.9563093,7.7302494
3624,alpha,inDrop2,-5.1467843,7.74069
3625,alpha,inDrop2,-3.0998185,7.512673
3626,alpha,inDrop2,-2.696225,8.745098
3627,ductal,inDrop2,8.526019,4.7196364
3628,activated_stellate,inDrop2,4.7764587,-2.7579494
3629,ductal,inDrop2,11.6731205,-1.774665
3630,alpha,inDrop2,-3.7784536,6.788244
3631,quiescent_stellate,inDrop2,6.3404846,-2.1423383
3632,beta,inDrop2,-4.236163,-10.092873
3633,alpha,inDrop2,-3.1717846,8.141058
3634,beta,inDrop2,-3.2756684,-8.2283945
3635,beta,inDrop2,-4.125211,-9.774972
3636,beta,inDrop2,-3.3629022,-9.543012
3637,alpha,inDrop2,-3.961755,9.227951
3638,delta,inDrop2,0.29333064,0.11373516
3639,delta,inDrop2,1.4342138,-0.4429136
3640,alpha,inDrop2,-5.372628,5.72366
3641,beta,inDrop2,-3.8710916,-9.848331
3642,alpha,inDrop2,-1.7847495,7.8640537
3643,alpha,inDrop2,-5.390236,7.578322
3644,alpha,inDrop2,-4.0879726,7.262699
3645,ductal,inDrop2,8.679842,4.9386406
3646,beta,inDrop2,-3.925137,-8.034972
3647,ductal,inDrop2,12.351974,-1.2480081
3648,activated_stellate,inDrop2,5.024289,-2.9689448
3649,ductal,inDrop2,12.222022,-1.6580297
3650,alpha,inDrop2,-5.443042,5.745384
3651,beta,inDrop2,-3.5595784,-7.629968
3652,ductal,inDrop2,12.373471,-1.5754497
3653,alpha,inDrop2,-4.964224,8.437882
3654,beta,inDrop2,-3.8317416,-7.974471
3655,alpha,inDrop2,-3.259746,8.491734
3656,ductal,inDrop2,12.263706,-1.4445214
3657,alpha,inDrop2,-5.739799,8.675773
3658,beta,inDrop2,-4.1662736,-8.185704
3659,alpha,inDrop2,-2.4081986,7.9780297
3660,ductal,inDrop2,8.656529,6.567077
3661,ductal,inDrop2,12.288384,-1.5312389
3662,alpha,inDrop2,-4.9625554,8.823366
3663,alpha,inDrop2,-5.7658873,8.44247
3664,ductal,inDrop2,11.234021,-2.131297
3665,alpha,inDrop2,-5.1163564,7.7432303
3666,alpha,inDrop2,-3.5165262,9.020208
3667,alpha,inDrop2,-5.962464,8.562912
3668,beta,inDrop2,-3.9660666,-8.369567
3669,alpha,inDrop2,-3.286874,7.0978055
3670,beta,inDrop2,-4.0117974,-9.243346
3671,alpha,inDrop2,-5.4361353,5.7131586
3672,ductal,inDrop2,11.262051,-2.242782
3673,delta,inDrop2,0.7161464,0.29133418
3674,gamma,inDrop2,-5.5083423,0.15030192
3675,alpha,inDrop2,-4.446711,8.806224
3676,ductal,inDrop2,8.544518,4.5722485
3677,alpha,inDrop2,-5.4821243,5.7275653
3678,beta,inDrop2,-4.0288506,-8.245768
3679,beta,inDrop2,-3.718051,-8.607137
3680,gamma,inDrop2,-5.407158,0.38350517
3681,alpha,inDrop2,-3.9599953,9.032958
3682,delta,inDrop2,0.87537086,-0.1492024
3683,beta,inDrop2,-4.0847883,-8.094114
3684,alpha,inDrop2,-3.1709566,8.198304
3685,beta,inDrop2,-3.8020296,-10.13544
3686,alpha,inDrop2,-5.358726,7.579671
3687,alpha,inDrop2,-3.7676477,7.104114
3688,alpha,inDrop2,-5.4131513,5.707744
3689,beta,inDrop2,-2.4680605,-9.764756
3690,ductal,inDrop2,8.591395,5.596193
3691,ductal,inDrop2,7.995441,4.761894
3692,alpha,inDrop2,-5.6564846,8.812353
3693,beta,inDrop2,-3.7525702,-10.286908
3694,alpha,inDrop2,-5.417013,0.3861509
3695,ductal,inDrop2,11.57241,-1.7110343
3696,alpha,inDrop2,-2.8905268,8.925525
3697,beta,inDrop2,-3.5461602,-10.130356
3698,alpha,inDrop2,-5.841311,7.675835
3699,ductal,inDrop2,8.559584,6.2373123
3700,alpha,inDrop2,-4.9183583,8.360454
3701,delta,inDrop2,1.4112729,0.67914915
3702,beta,inDrop2,-4.6027365,-9.373191
3703,ductal,inDrop2,12.44872,-2.287055
3704,beta,inDrop2,-3.5260348,-9.975064
3705,alpha,inDrop2,-2.728157,6.6375513
3706,beta,inDrop2,-3.8452733,-10.210078
3707,ductal,inDrop2,7.0669117,5.2988744
3708,alpha,inDrop2,-2.819357,8.928839
3709,alpha,inDrop2,-2.3012748,7.8407493
3710,alpha,inDrop2,-5.905343,8.496191
3711,alpha,inDrop2,-4.7732296,6.797362
3712,ductal,inDrop2,7.6385036,4.4268804
3713,alpha,inDrop2,-5.4923816,8.179827
3714,ductal,inDrop2,8.4412,5.798304
3715,beta,inDrop2,-3.6301076,-8.022894
3716,ductal,inDrop2,11.60283,-1.3963324
3717,beta,inDrop2,-4.4362216,-9.020864
3718,alpha,inDrop2,-5.622263,7.6928487
3719,beta,inDrop2,-4.0600033,-7.9154415
3720,alpha,inDrop2,-4.200512,9.260439
3721,activated_stellate,inDrop2,4.971587,-2.7789052
3722,alpha,inDrop2,-4.256331,9.311535
3723,beta,inDrop2,-3.4534314,-6.987539
3724,alpha,inDrop2,-3.4718683,8.788985
3725,alpha,inDrop2,-5.4734225,5.877571
3726,alpha,inDrop2,-5.0258613,7.190723
3727,alpha,inDrop2,-3.003937,7.5739365
3728,beta,inDrop2,-3.979244,-8.2810335
3729,ductal,inDrop2,8.509786,4.8390226
3730,activated_stellate,inDrop2,4.9127135,-2.7958624
3731,alpha,inDrop2,-2.749494,6.839501
3732,alpha,inDrop2,-4.3045535,9.639026
3733,ductal,inDrop2,9.558488,4.879892
3734,delta,inDrop2,1.460423,-0.443727
3735,alpha,inDrop2,-5.5015054,5.7894807
3736,alpha,inDrop2,-2.2173712,8.189574
3737,ductal,inDrop2,7.181796,3.767433
3738,ductal,inDrop2,8.502885,5.4642797
3739,alpha,inDrop2,-5.176562,6.8680363
3740,alpha,inDrop2,-3.388591,8.063619
3741,alpha,inDrop2,-4.4671583,6.864258
3742,alpha,inDrop2,-4.9521704,6.957883
3743,activated_stellate,inDrop2,4.8150644,-3.0250597
3744,alpha,inDrop2,-5.9127984,8.429282
3745,macrophage,inDrop2,4.368582,1.8405285
3746,alpha,inDrop2,-4.447354,7.9962626
3747,delta,inDrop2,1.2634041,-0.72683406
3748,alpha,inDrop2,-3.4595058,9.053864
3749,activated_stellate,inDrop2,4.8616853,-3.1796641
3750,alpha,inDrop2,-4.489934,6.8945346
3751,delta,inDrop2,0.3775893,-0.1987674
3752,alpha,inDrop2,-4.513879,9.224556
3753,alpha,inDrop2,-5.501361,7.5867257
3754,alpha,inDrop2,-3.2403731,8.920967
3755,ductal,inDrop2,8.708527,6.277205
3756,alpha,inDrop2,-5.8840194,8.554699
3757,alpha,inDrop2,-4.457559,8.951608
3758,alpha,inDrop2,-3.7234704,8.204181
3759,ductal,inDrop2,11.269028,-2.0076241
3760,beta,inDrop2,-3.3775003,-9.725145
3761,beta,inDrop2,-3.3304598,-9.509068
3762,alpha,inDrop2,-3.4012578,8.79243
3763,gamma,inDrop2,-5.7088223,0.083232395
3764,ductal,inDrop2,12.319418,-1.3213093
3765,beta,inDrop2,-3.7343974,-10.215853
3766,endothelial,inDrop2,5.139532,-6.9099846
3767,gamma,inDrop2,-5.374211,0.2974129
3768,ductal,inDrop2,7.203406,5.467132
3769,alpha,inDrop2,-3.5513234,7.1176863
3770,ductal,inDrop2,8.830854,5.823652
3771,delta,inDrop2,1.7934438,0.07278248
3772,ductal,inDrop2,11.009776,-2.3910742
3773,beta,inDrop2,-3.7459223,-10.347012
3774,beta,inDrop2,-3.186094,-7.849625
3775,endothelial,inDrop2,5.1587677,-6.8958745
3776,beta,inDrop2,-4.6778445,-9.056019
3777,alpha,inDrop2,-4.708834,6.699665
3778,delta,inDrop2,1.668981,-0.080618456
3779,beta,inDrop2,-3.1240819,-9.7676115
3780,activated_stellate,inDrop2,5.0116253,-2.5723062
3781,alpha,inDrop2,-4.263873,8.298345
3782,beta,inDrop2,-5.0329347,-9.021072
3783,ductal,inDrop2,7.118576,5.4291453
3784,beta,inDrop2,-2.8864338,-7.418079
3785,gamma,inDrop2,-5.641812,0.027126836
3786,alpha,inDrop2,-3.244582,7.3725586
3787,alpha,inDrop2,-3.2712386,8.123829
3788,alpha,inDrop2,-2.9503107,7.3254137
3789,delta,inDrop2,1.0684365,-0.24321502
3790,alpha,inDrop2,-3.2887113,9.296028
3791,ductal,inDrop2,11.363606,-1.945113
3792,alpha,inDrop2,-5.076169,6.61556
3793,beta,inDrop2,-3.845264,-10.228365
3794,endothelial,inDrop2,5.0524006,-6.7909493
3795,activated_stellate,inDrop2,4.609608,-3.0652635
3796,alpha,inDrop2,-4.353414,9.195606
3797,beta,inDrop2,-4.0734367,-7.8570266
3798,alpha,inDrop2,-4.488029,9.628341
3799,alpha,inDrop2,-5.7439384,8.408203
3800,alpha,inDrop2,-3.545079,8.428842
3801,beta,inDrop2,-3.6160934,-8.260622
3802,beta,inDrop2,-3.0419877,-9.107585
3803,alpha,inDrop2,-4.780501,8.549765
3804,gamma,inDrop2,-5.6743307,0.03963492
3805,beta,inDrop2,-3.6084669,-9.935071
3806,alpha,inDrop2,-5.5152397,7.605003
3807,alpha,inDrop2,-4.817424,7.7913527
3808,alpha,inDrop2,-5.329646,5.695214
3809,beta,inDrop2,-3.7874079,-10.245103
3810,ductal,inDrop2,8.811277,6.3726144
3811,beta,inDrop2,-4.4808197,-9.008115
3812,activated_stellate,inDrop2,4.72749,-2.908387
3813,alpha,inDrop2,-5.7922373,7.9501624
3814,beta,inDrop2,-4.3992,-9.725651
3815,beta,inDrop2,-3.4598336,-7.6904225
3816,gamma,inDrop2,-5.641498,0.17066814
3817,alpha,inDrop2,-5.387963,5.9082723
3818,alpha,inDrop2,-5.3802056,8.914064
3819,alpha,inDrop2,-5.4606085,5.742889
3820,beta,inDrop2,-3.0317535,-8.67258
3821,alpha,inDrop2,-3.084669,8.226991
3822,endothelial,inDrop2,4.965926,-6.7338657
3823,alpha,inDrop2,-4.56746,7.513231
3824,delta,inDrop2,1.0559511,0.19427657
3825,activated_stellate,inDrop2,4.804558,-2.7176235
3826,gamma,inDrop2,-5.9061027,-0.1922712
3827,beta,inDrop2,-3.4450023,-8.424959
3828,alpha,inDrop2,-3.0704796,7.253226
3829,ductal,inDrop2,8.84399,4.854378
3830,beta,inDrop2,-3.6270313,-7.543493
3831,gamma,inDrop2,-5.6337705,0.10926564
3832,beta,inDrop2,-3.6782222,-6.6231503
3833,beta,inDrop2,-3.5194905,-10.088072
3834,ductal,inDrop2,7.75346,4.91882
3835,ductal,inDrop2,9.217052,4.9866514
3836,alpha,inDrop2,-4.130306,9.394417
3837,beta,inDrop2,-4.688265,-9.3979845
3838,beta,inDrop2,-2.72218,-5.8582153
3839,ductal,inDrop2,6.8364234,5.2294674
3840,beta,inDrop2,-3.7503,-10.326175
3841,ductal,inDrop2,9.511475,4.9031267
3842,alpha,inDrop2,-2.6796284,8.100568
3843,alpha,inDrop2,-3.827147,6.93127
3844,activated_stellate,inDrop2,4.8285165,-2.9904156
3845,delta,inDrop2,1.7232943,0.11442805
3846,alpha,inDrop2,-4.3738427,9.031273
3847,activated_stellate,inDrop2,4.8499675,-3.2055511
3848,beta,inDrop2,-2.8297548,-9.3035755
3849,alpha,inDrop2,-2.963317,7.9118223
3850,delta,inDrop2,1.7416805,0.13567263
3851,beta,inDrop2,-5.2748976,-8.610192
3852,beta,inDrop2,-4.5550556,-7.369112
3853,delta,inDrop2,1.2287278,-0.60304177
3854,ductal,inDrop2,9.624541,4.874666
3855,alpha,inDrop2,-5.6385984,8.17244
3856,delta,inDrop2,1.7896526,0.17798458
3857,alpha,inDrop2,-5.4644294,7.576705
3858,beta,inDrop2,-4.1343474,-9.385504
3859,ductal,inDrop2,9.111863,4.953731
3860,beta,inDrop2,-4.2845116,-8.464169
3861,endothelial,inDrop2,4.537745,-6.678496
3862,ductal,inDrop2,9.051023,3.3278062
3863,beta,inDrop2,-4.2532935,-8.38018
3864,alpha,inDrop2,-4.276941,8.962047
3865,activated_stellate,inDrop2,4.9528065,-2.780902
3866,beta,inDrop2,-3.4621634,-9.395207
3867,alpha,inDrop2,-4.1289506,6.84741
3868,beta,inDrop2,-4.8756,-9.194755
3869,beta,inDrop2,-3.5528367,-9.804524
3870,alpha,inDrop2,-5.4465227,5.7396293
3871,beta,inDrop2,-4.4075866,-8.776383
3872,alpha,inDrop2,-5.4682746,5.727567
3873,gamma,inDrop2,-5.4207497,-0.14078638
3874,beta,inDrop2,-4.6356926,-10.019748
3875,ductal,inDrop2,8.614892,5.817915
3876,beta,inDrop2,-4.413952,-8.430983
3877,alpha,inDrop2,-3.6400752,9.1050415
3878,alpha,inDrop2,-5.0564413,9.1563015
3879,alpha,inDrop2,-3.46811,9.17044
3880,alpha,inDrop2,-3.1589675,8.104111
3881,ductal,inDrop2,8.666758,5.84495
3882,beta,inDrop2,-4.5102234,-10.051578
3883,alpha,inDrop2,-5.4538436,5.8471994
3884,alpha,inDrop2,-5.075621,8.253275
3885,ductal,inDrop2,9.1040125,6.408389
3886,alpha,inDrop2,-5.3981133,8.310874
3887,ductal,inDrop2,8.594531,4.8210473
3888,alpha,inDrop2,-3.0064297,8.585047
3889,alpha,inDrop2,-4.998295,6.411462
3890,gamma,inDrop2,-5.864255,0.12985057
3891,ductal,inDrop2,10.942994,-2.4241886
3892,ductal,inDrop2,9.262744,4.930542
3893,alpha,inDrop2,-3.7065256,8.995341
3894,alpha,inDrop2,-5.879467,8.36012
3895,ductal,inDrop2,12.27455,-1.6929585
3896,beta,inDrop2,-4.975921,-10.039001
3897,ductal,inDrop2,8.310734,5.1639795
3898,alpha,inDrop2,-4.3199983,9.159178
3899,ductal,inDrop2,8.647586,5.7434063
3900,alpha,inDrop2,-5.2488728,5.854153
3901,ductal,inDrop2,8.536401,6.0598636
3902,beta,inDrop2,-4.165164,-6.725875
3903,beta,inDrop2,-4.869292,-9.246996
3904,beta,inDrop2,-4.194926,-8.889389
3905,ductal,inDrop2,8.743992,5.100083
3906,ductal,inDrop2,7.6115046,5.617084
3907,alpha,inDrop2,-3.6746106,8.82004
3908,delta,inDrop2,0.8822666,-0.5816525
3909,alpha,inDrop2,-2.9054449,8.968865
3910,beta,inDrop2,-3.9146485,-10.254222
3911,beta,inDrop2,-3.423842,-8.464757
3912,endothelial,inDrop2,4.905835,-7.075152
3913,alpha,inDrop2,-3.5599794,9.404559
3914,alpha,inDrop2,-2.3218536,7.5018
3915,alpha,inDrop2,-3.4684212,9.6538725
3916,alpha,inDrop2,-3.9322798,7.9505215
3917,alpha,inDrop2,-3.1017504,8.785727
3918,alpha,inDrop2,-2.440701,7.324563
3919,ductal,inDrop2,6.891561,5.258952
3920,alpha,inDrop2,-2.9002838,5.1915574
3921,alpha,inDrop2,-4.00716,8.913485
3922,ductal,inDrop2,8.723689,4.5499196
3923,alpha,inDrop2,-2.951992,8.2321615
3924,ductal,inDrop2,8.692501,6.166345
3925,ductal,inDrop2,8.46213,4.472055
3926,ductal,inDrop2,8.109986,4.7944202
3927,alpha,inDrop2,-4.05333,9.42349
3928,activated_stellate,inDrop2,4.8948007,-2.6479428
3929,ductal,inDrop2,9.460502,4.903707
3930,alpha,inDrop2,-3.674795,9.304397
3931,alpha,inDrop2,-3.0827048,8.190769
3932,beta,inDrop2,-4.2339272,-6.878888
3933,delta,inDrop2,1.626596,0.48426196
3934,alpha,inDrop2,-3.0117798,8.11269
3935,alpha,inDrop2,-3.8517752,8.4866705
3936,ductal,inDrop2,7.9012165,5.6767707
3937,alpha,inDrop2,-4.1732874,8.888399
3938,alpha,inDrop2,-3.7080874,7.2608476
3939,gamma,inDrop2,-6.003314,-0.21474545
3940,ductal,inDrop2,7.0310016,5.094306
3941,alpha,inDrop2,-5.6991715,8.1914625
3942,delta,inDrop2,0.806297,0.79836476
3943,endothelial,inDrop2,5.3162594,-7.216095
3944,beta,inDrop2,-4.269531,-8.410442
3945,alpha,inDrop2,-4.382788,6.736426
3946,beta,inDrop2,-4.020422,-9.3435545
3947,alpha,inDrop2,-3.1292036,7.555648
3948,alpha,inDrop2,-3.294043,8.247171
3949,alpha,inDrop2,-3.4985256,8.205509
3950,gamma,inDrop2,-5.7814913,0.0051297746
3951,ductal,inDrop2,9.567901,4.86996
3952,alpha,inDrop2,-2.161898,8.390758
3953,alpha,inDrop2,-3.908748,7.619467
3954,gamma,inDrop2,-5.6660647,0.20112592
3955,alpha,inDrop2,-3.5126197,8.991309
3956,quiescent_stellate,inDrop2,6.244138,-2.0894377
3957,beta,inDrop2,-3.0292714,-6.6280065
3958,ductal,inDrop2,12.341948,-1.3847321
3959,ductal,inDrop2,11.8184185,-1.6484365
3960,beta,inDrop2,-4.1035953,-9.972765
3961,alpha,inDrop2,-3.2826605,8.981387
3962,alpha,inDrop2,-3.309832,9.306427
3963,alpha,inDrop2,-3.4770799,7.9510417
3964,alpha,inDrop2,-2.472413,7.996357
3965,alpha,inDrop2,-3.921349,7.0371146
3966,beta,inDrop2,-3.7212348,-9.342069
3967,alpha,inDrop2,-4.2833767,7.6726384
3968,beta,inDrop2,-5.047402,-9.615727
3969,ductal,inDrop2,9.05974,4.8869004
3970,gamma,inDrop2,-5.5744414,-0.25547326
3971,beta,inDrop2,-3.7071118,-8.099663
3972,activated_stellate,inDrop2,4.786712,-3.8666558
3973,ductal,inDrop2,8.325372,6.222677
3974,ductal,inDrop2,8.93642,5.8981705
3975,alpha,inDrop2,-3.2408075,7.128456
3976,gamma,inDrop2,-5.6357093,0.048498634
3977,epsilon,inDrop2,-1.8265657,0.82234865
3978,alpha,inDrop2,-4.9348025,8.222571
3979,delta,inDrop2,1.4592577,-0.6025217
3980,alpha,inDrop2,-5.4731255,5.7552657
3981,ductal,inDrop2,11.29268,-2.6984212
3982,alpha,inDrop2,-5.505522,5.9324636
3983,beta,inDrop2,-4.11048,-7.7302713
3984,activated_stellate,inDrop2,4.872369,-2.6506617
3985,gamma,inDrop2,-5.2925696,-0.20304027
3986,alpha,inDrop2,-4.752952,9.132286
3987,alpha,inDrop2,-4.8066506,9.413193
3988,schwann,inDrop2,6.285115,0.17411534
3989,ductal,inDrop2,11.83405,-1.6187695
3990,alpha,inDrop2,-5.271183,5.752892
3991,alpha,inDrop2,-4.3005614,9.430044
3992,gamma,inDrop2,-5.578581,-0.21710384
3993,alpha,inDrop2,-4.8850913,9.236092
3994,alpha,inDrop2,-4.0444603,8.5725565
3995,alpha,inDrop2,-5.6084247,7.4065
3996,alpha,inDrop2,-2.9790502,7.4131885
3997,alpha,inDrop2,-3.2912166,8.279197
3998,alpha,inDrop2,-3.0956924,8.160432
3999,beta,inDrop2,-4.7927046,-9.333491
4000,macrophage,inDrop2,4.352545,1.8578442
4001,ductal,inDrop2,8.431474,6.0029078
4002,alpha,inDrop2,-3.5129244,9.077023
4003,alpha,inDrop2,-3.4100726,7.506628
4004,ductal,inDrop2,8.707537,6.1080375
4005,alpha,inDrop2,-5.951184,7.730103
4006,alpha,inDrop2,-5.261473,7.425927
4007,alpha,inDrop2,-5.0386615,7.5379186
4008,beta,inDrop2,-4.733102,-8.079963
4009,ductal,inDrop2,8.439019,6.2274036
4010,gamma,inDrop2,-5.653144,0.06361138
4011,delta,inDrop2,1.209846,-0.6389947
4012,ductal,inDrop2,8.826269,5.826726
4013,delta,inDrop2,1.0323836,-0.33198363
4014,beta,inDrop2,-3.7922127,-10.284275
4015,alpha,inDrop2,-2.8366406,8.473961
4016,ductal,inDrop2,9.194422,5.304572
4017,gamma,inDrop2,-5.2248,-0.22333896
4018,alpha,inDrop2,-3.1093566,7.4691124
4019,alpha,inDrop2,-3.3946123,8.017604
4020,alpha,inDrop2,-3.5553122,8.715496
4021,gamma,inDrop2,-5.2320395,-0.057237133
4022,activated_stellate,inDrop2,4.957233,-2.6530778
4023,alpha,inDrop2,-3.6422713,7.396776
4024,ductal,inDrop2,6.8061466,5.2197676
4025,alpha,inDrop2,-5.54313,7.7141237
4026,alpha,inDrop2,-3.3297763,8.672498
4027,beta,inDrop2,-4.1446733,-9.696772
4028,ductal,inDrop2,6.999072,5.2016115
4029,alpha,inDrop2,-4.0342355,6.8776402
4030,gamma,inDrop2,-5.547399,0.20485653
4031,delta,inDrop2,1.6872332,0.15438457
4032,alpha,inDrop2,-4.7483473,8.69235
4033,alpha,inDrop2,-3.3618915,9.320636
4034,ductal,inDrop2,8.644661,6.4395566
4035,activated_stellate,inDrop2,4.7370887,-2.919649
4036,alpha,inDrop2,-3.0916586,5.7704325
4037,alpha,inDrop2,-4.600026,6.953659
4038,alpha,inDrop2,-3.1397943,8.173953
4039,gamma,inDrop2,-5.603826,-0.030168619
4040,alpha,inDrop2,-5.499761,5.8784537
4041,beta,inDrop2,-3.6154857,-9.768336
4042,alpha,inDrop2,-4.701269,7.2929
4043,alpha,inDrop2,-5.5363317,7.3965883
4044,beta,inDrop2,-1.9317132,-7.6096373
4045,ductal,inDrop2,6.8513875,5.2519665
4046,schwann,inDrop2,6.284665,0.17379725
4047,delta,inDrop2,1.0131545,-0.5111294
4048,gamma,inDrop2,-5.5478873,0.06564611
4049,activated_stellate,inDrop2,4.8647485,-2.742704
4050,alpha,inDrop2,-4.4541354,8.782824
4051,ductal,inDrop2,12.520781,-1.680434
4052,beta,inDrop2,-3.7082114,-7.87745
4053,beta,inDrop2,-2.0296614,-7.4026623
4054,alpha,inDrop2,-4.220465,7.4731073
4055,gamma,inDrop2,-5.3339725,-0.19802494
4056,gamma,inDrop2,-5.3213053,-0.24672997
4057,ductal,inDrop2,9.585544,4.9663563
4058,alpha,inDrop2,-4.289524,8.613893
4059,activated_stellate,inDrop2,4.9004674,-3.506194
4060,endothelial,inDrop2,5.315314,-7.2174754
4061,beta,inDrop2,-4.7570295,-9.537206
4062,beta,inDrop2,-4.6723113,-10.06019
4063,endothelial,inDrop2,4.959945,-6.7049513
4064,alpha,inDrop2,-2.9008396,7.7294626
4065,beta,inDrop2,-4.145913,-8.313488
4066,beta,inDrop2,-3.8373673,-9.7711935
4067,alpha,inDrop2,-3.5638232,7.080534
4068,ductal,inDrop2,5.505212,6.4214315
4069,alpha,inDrop2,-3.228328,7.862773
4070,alpha,inDrop2,-4.66706,9.049141
4071,alpha,inDrop2,-3.2222092,7.691881
4072,gamma,inDrop2,-5.4992995,-0.047466964
4073,activated_stellate,inDrop2,4.8673267,-2.7004828
4074,alpha,inDrop2,-4.749119,6.7804413
4075,beta,inDrop2,-3.0964346,-5.7026415
4076,alpha,inDrop2,-2.1847663,8.424633
4077,alpha,inDrop2,-3.9038877,8.6920805
4078,quiescent_stellate,inDrop2,6.2669735,-2.0699866
4079,gamma,inDrop2,-5.712429,0.25920442
4080,alpha,inDrop2,-4.8749237,9.037176
4081,alpha,inDrop2,-5.004405,7.6633344
4082,alpha,inDrop2,-5.0066996,5.9503794
4083,alpha,inDrop2,-4.9433565,5.89247
4084,alpha,inDrop2,-4.1659255,9.027738
4085,quiescent_stellate,inDrop2,6.329283,-2.0361607
4086,alpha,inDrop2,-4.6765556,8.847993
4087,alpha,inDrop2,-3.961697,5.5191836
4088,alpha,inDrop2,-4.7846184,6.8476295
4089,ductal,inDrop2,8.83147,4.8414006
4090,alpha,inDrop2,-5.034665,7.6819406
4091,beta,inDrop2,-4.1071725,-10.157419
4092,beta,inDrop2,-4.1532063,-6.714708
4093,beta,inDrop2,-5.0789976,-10.034501
4094,beta,inDrop2,-4.7522693,-9.862995
4095,ductal,inDrop2,7.0861044,5.398962
4096,alpha,inDrop2,-1.350179,8.9123125
4097,alpha,inDrop2,-3.2204278,8.31882
4098,ductal,inDrop2,6.9189863,4.5485687
4099,alpha,inDrop2,-3.6975164,9.135615
4100,beta,inDrop2,-2.3841884,-8.035818
4101,activated_stellate,inDrop2,5.086443,-3.1177876
4102,ductal,inDrop2,7.2878747,5.190485
4103,mast,inDrop2,3.5868547,3.0967317
4104,alpha,inDrop2,-3.8887691,9.079314
4105,beta,inDrop2,-2.918026,-8.942009
4106,alpha,inDrop2,-3.8555434,5.105535
4107,alpha,inDrop2,-3.1358676,8.295822
4108,beta,inDrop2,-1.9385154,-7.5336757
4109,gamma,inDrop2,-5.820143,-0.13335961
4110,beta,inDrop2,-3.6448007,-8.041234
4111,ductal,inDrop2,11.523019,-1.8963825
4112,ductal,inDrop2,6.8622622,5.2065134
4113,ductal,inDrop2,9.216975,6.4948745
4114,ductal,inDrop2,8.212468,5.422199
4115,alpha,inDrop2,-4.186961,9.037149
4116,beta,inDrop2,-1.8533636,-7.7443085
4117,ductal,inDrop2,6.7431774,5.0680304
4118,beta,inDrop2,-1.7758061,-7.761953
4119,endothelial,inDrop2,5.3402095,-7.2446322
4120,beta,inDrop2,-4.2239347,-9.657329
4121,beta,inDrop2,-1.6256902,-7.671461
4122,macrophage,inDrop2,4.281504,1.9204478
4123,gamma,inDrop2,-5.9966455,0.07215508
4124,ductal,inDrop2,7.152988,5.2802706
4125,ductal,inDrop2,9.164749,5.0122113
4126,beta,inDrop2,-3.6476486,-9.66093
4127,quiescent_stellate,inDrop2,6.4525886,-1.989139
4128,ductal,inDrop2,12.3560915,-1.3721699
4129,alpha,inDrop2,-3.9194207,5.4349127
4130,alpha,inDrop2,-4.8834176,6.913925
4131,ductal,inDrop2,9.374313,6.353296
4132,alpha,inDrop2,-3.9708934,5.4283566
4133,ductal,inDrop2,8.933098,5.512517
4134,beta,inDrop2,-1.905191,-7.700187
4135,alpha,inDrop2,-3.7832134,5.221466
4136,ductal,inDrop2,12.344117,-1.393777
4137,beta,inDrop2,-2.230576,-7.1111264
4138,delta,inDrop2,1.2788814,-0.6276839
4139,alpha,inDrop2,2.7912817,3.3412309
4140,alpha,inDrop2,-3.334125,8.659869
4141,alpha,inDrop2,-2.678624,8.923969
4142,alpha,inDrop2,-5.680842,8.265535
4143,delta,inDrop2,0.7311219,0.5971819
4144,ductal,inDrop2,7.6331367,3.3095202
4145,alpha,inDrop2,-5.0504084,8.479857
4146,delta,inDrop2,1.0687335,-0.65008056
4147,delta,inDrop2,1.8337423,-0.048061512
4148,delta,inDrop2,1.1141475,-0.6730941
4149,activated_stellate,inDrop2,4.872993,-2.7983773
4150,beta,inDrop2,-2.353654,-7.7454515
4151,delta,inDrop2,1.0783,-0.68723243
4152,ductal,inDrop2,11.12363,-2.13397
4153,ductal,inDrop2,12.201193,-1.7506545
4154,ductal,inDrop2,11.028257,-2.2780638
4155,ductal,inDrop2,8.580646,5.812578
4156,alpha,inDrop2,-4.8452916,9.447992
4157,delta,inDrop2,1.1335216,-0.6545334
4158,macrophage,inDrop2,4.362802,1.846114
4159,beta,inDrop2,-3.8518617,-10.1222
4160,delta,inDrop2,1.1546981,-0.55712885
4161,ductal,inDrop2,11.175546,-2.018842
4162,beta,inDrop2,-3.2264016,-9.583518
4163,delta,inDrop2,1.5504462,-0.3382873
4164,alpha,inDrop2,-4.2795434,8.210101
4165,alpha,inDrop2,-5.3507347,8.448279
4166,activated_stellate,inDrop2,4.763813,-2.7410104
4167,ductal,inDrop2,11.6281805,-1.337765
4168,beta,inDrop2,-3.3019626,-9.535687
4169,ductal,inDrop2,11.599657,-1.7614022
4170,alpha,inDrop2,-5.155791,5.7843943
4171,delta,inDrop2,1.5507082,-0.3349126
4172,ductal,inDrop2,7.0862074,4.9732113
4173,ductal,inDrop2,10.864061,-2.7680862
4174,beta,inDrop2,-3.9187214,-10.219621
4175,alpha,inDrop2,-5.4845634,5.7424755
4176,alpha,inDrop2,-5.374341,0.13574144
4177,beta,inDrop2,-3.807351,-9.488937
4178,alpha,inDrop2,-5.9797955,8.4131565
4179,beta,inDrop2,-3.6062932,-7.4261036
4180,ductal,inDrop2,11.37315,-2.1156428
4181,ductal,inDrop2,11.301393,-1.9423226
4182,ductal,inDrop2,11.133604,-2.1100922
4183,beta,inDrop2,-2.919552,-8.471225
4184,delta,inDrop2,1.763231,-0.19075847
4185,beta,inDrop2,-4.2389183,-9.438464
4186,beta,inDrop2,-4.6509438,-9.866886
4187,ductal,inDrop2,9.123775,5.877674
4188,alpha,inDrop2,-5.8626323,7.747591
4189,ductal,inDrop2,11.426113,-2.0965426
4190,ductal,inDrop2,7.6955695,5.496944
4191,beta,inDrop2,-3.203579,-8.265377
4192,alpha,inDrop2,-1.0680444,6.0158424
4193,beta,inDrop2,-3.885483,-8.044234
4194,beta,inDrop2,-3.0967784,-8.167851
4195,beta,inDrop2,-3.2673054,-8.480341
4196,alpha,inDrop2,-5.5624914,7.4803934
4197,alpha,inDrop2,-2.7759929,8.824562
4198,beta,inDrop2,-2.740318,-4.262712
4199,beta,inDrop2,-4.07899,-8.55371
4200,alpha,inDrop2,-3.122747,7.950147
4201,beta,inDrop2,-3.5832007,-7.9664636
4202,beta,inDrop2,-3.4015553,-6.685844
4203,beta,inDrop2,-3.5284097,-7.0649123
4204,ductal,inDrop2,11.071174,-2.2866414
4205,beta,inDrop2,-4.337317,-8.425179
4206,activated_stellate,inDrop2,4.9936414,-2.5995317
4207,beta,inDrop2,-3.6695302,-8.062745
4208,ductal,inDrop2,10.9613495,-2.3704154
4209,beta,inDrop2,-3.6898623,-7.9446826
4210,beta,inDrop2,-4.3486505,-8.392687
4211,alpha,inDrop2,-5.3837833,5.6864185
4212,ductal,inDrop2,7.8788857,5.577711
4213,ductal,inDrop2,11.758169,-1.5602963
4214,beta,inDrop2,-3.7652223,-10.347327
4215,ductal,inDrop2,11.415014,-1.7337921
4216,alpha,inDrop2,-5.5708575,8.884234
4217,ductal,inDrop2,8.757638,5.774205
4218,gamma,inDrop2,-5.3891582,0.21953158
4219,alpha,inDrop2,-2.4843671,8.571838
4220,beta,inDrop2,-4.3277073,-8.736841
4221,beta,inDrop2,-3.488828,-9.405867
4222,activated_stellate,inDrop2,4.8124313,-2.9830575
4223,beta,inDrop2,-3.8467462,-9.954154
4224,beta,inDrop2,-3.8174825,-10.288604
4225,alpha,inDrop2,-5.696734,8.873899
4226,beta,inDrop2,-3.7552028,-7.6224265
4227,gamma,inDrop2,-5.3782005,0.071978666
4228,beta,inDrop2,-4.688454,-10.172057
4229,alpha,inDrop2,-5.523738,8.182476
4230,ductal,inDrop2,12.476954,-1.6447985
4231,beta,inDrop2,-4.236826,-9.757023
4232,alpha,inDrop2,-3.4980106,8.519771
4233,alpha,inDrop2,-5.928971,8.410878
4234,beta,inDrop2,-4.534482,-8.847409
4235,alpha,inDrop2,-5.5066004,7.5859056
4236,alpha,inDrop2,-4.6751595,8.379428
4237,alpha,inDrop2,-3.2110636,9.221973
4238,alpha,inDrop2,-5.740822,8.666178
4239,activated_stellate,inDrop2,4.9296627,-2.645196
4240,alpha,inDrop2,-3.1952715,9.026169
4241,activated_stellate,inDrop2,4.826404,-3.0269852
4242,beta,inDrop2,-3.2807856,-8.150941
4243,gamma,inDrop2,-5.2308125,-0.27248877
4244,alpha,inDrop2,-5.916925,7.691924
4245,beta,inDrop2,-2.5222626,-9.237588
4246,delta,inDrop2,1.629679,0.2825112
4247,ductal,inDrop2,12.062284,-1.3616501
4248,alpha,inDrop2,-3.2189643,8.059122
4249,activated_stellate,inDrop2,5.0056896,-2.5580187
4250,beta,inDrop2,-3.545158,-9.81827
4251,alpha,inDrop2,-2.9493504,9.206998
4252,alpha,inDrop2,-5.810509,8.616071
4253,alpha,inDrop2,-3.8516672,6.839188
4254,beta,inDrop2,-4.0244555,-8.396479
4255,beta,inDrop2,-4.076338,-10.078388
4256,activated_stellate,inDrop2,4.929428,-2.684005
4257,macrophage,inDrop2,4.36304,1.8454165
4258,ductal,inDrop2,11.505235,-1.7701548
4259,beta,inDrop2,-3.923823,-7.1763916
4260,beta,inDrop2,-4.8693867,-9.030044
4261,alpha,inDrop2,-5.210615,7.094274
4262,beta,inDrop2,-3.6665237,-10.247686
4263,beta,inDrop2,-4.5651703,-9.04089
4264,ductal,inDrop2,11.982063,-1.4372706
4265,alpha,inDrop2,-3.2830446,8.268874
4266,delta,inDrop2,0.71017075,0.1387965
4267,beta,inDrop2,-3.106364,-8.535012
4268,beta,inDrop2,-3.914817,-9.541149
4269,alpha,inDrop2,-5.578612,8.354125
4270,beta,inDrop2,-4.8903756,-8.639093
4271,alpha,inDrop2,-3.145405,7.89577
4272,beta,inDrop2,-3.6975777,-8.056257
4273,ductal,inDrop2,9.469531,4.992594
4274,beta,inDrop2,-3.905242,-9.962785
4275,alpha,inDrop2,-5.410937,5.706447
4276,alpha,inDrop2,-5.5044856,8.716614
4277,delta,inDrop2,1.7268174,0.31118587
4278,beta,inDrop2,-3.6899126,-10.1745825
4279,beta,inDrop2,-2.7069733,-8.217507
4280,alpha,inDrop2,-2.7244508,8.677826
4281,macrophage,inDrop2,4.3603444,1.846551
4282,activated_stellate,inDrop2,4.931233,-2.6750588
4283,ductal,inDrop2,11.826828,-1.6698748
4284,beta,inDrop2,-4.3525405,-10.179225
4285,alpha,inDrop2,-2.8677077,8.984207
4286,delta,inDrop2,1.0636456,-0.3786332
4287,macrophage,inDrop2,4.362824,1.8461423
4288,delta,inDrop2,1.5720763,-0.3325099
4289,alpha,inDrop2,-3.3965716,7.9677124
4290,ductal,inDrop2,11.693007,-1.7616277
4291,acinar,inDrop2,12.279872,-1.839927
4292,delta,inDrop2,1.1605989,-0.4621791
4293,alpha,inDrop2,-4.9334874,7.6136622
4294,ductal,inDrop2,12.245297,-1.6098248
4295,ductal,inDrop2,9.408691,4.968566
4296,alpha,inDrop2,-2.8007097,8.9886675
4297,beta,inDrop2,-4.2661276,-8.306535
4298,ductal,inDrop2,8.717384,4.900905
4299,ductal,inDrop2,11.740457,-2.0017006
4300,alpha,inDrop2,-5.7911453,8.712802
4301,alpha,inDrop2,-3.588009,9.542449
4302,delta,inDrop2,0.67459387,0.78441536
4303,delta,inDrop2,1.7930663,0.09484754
4304,alpha,inDrop2,-4.6327376,5.7541986
4305,alpha,inDrop2,-5.4149914,5.7383785
4306,ductal,inDrop2,12.121828,-1.370851
4307,alpha,inDrop2,-3.9312944,7.246968
4308,alpha,inDrop2,-5.709874,7.6849103
4309,delta,inDrop2,1.2840339,-0.57656735
4310,alpha,inDrop2,-2.0163314,7.965111
4311,beta,inDrop2,-4.9850655,-9.835781
4312,beta,inDrop2,-3.4305453,-8.009333
4313,alpha,inDrop2,-5.5333476,9.036593
4314,ductal,inDrop2,8.735722,5.9466887
4315,delta,inDrop2,1.1334043,0.7443147
4316,alpha,inDrop2,-3.404193,9.46549
4317,activated_stellate,inDrop2,4.8151956,-2.6519015
4318,delta,inDrop2,1.0732751,-0.47029412
4319,beta,inDrop2,-3.0698042,-9.082592
4320,gamma,inDrop2,-5.440059,-0.17952111
4321,delta,inDrop2,1.242704,0.0044675535
4322,gamma,inDrop2,-5.549655,0.28327787
4323,beta,inDrop2,-3.5680401,-10.037902
4324,ductal,inDrop2,8.859496,5.0923815
4325,alpha,inDrop2,-5.4831586,9.107318
4326,ductal,inDrop2,8.559045,6.2496314
4327,alpha,inDrop2,-3.5897658,8.403242
4328,ductal,inDrop2,8.249116,4.358535
4329,beta,inDrop2,-3.1803288,-7.424428
4330,ductal,inDrop2,8.604315,5.864175
4331,alpha,inDrop2,-2.608815,8.106159
4332,beta,inDrop2,-3.4084265,-9.199391
4333,beta,inDrop2,-4.1312957,-8.53539
4334,ductal,inDrop2,12.49835,-2.0236807
4335,beta,inDrop2,-3.194532,-6.524882
4336,alpha,inDrop2,-5.607788,7.7766404
4337,ductal,inDrop2,8.439526,4.650734
4338,activated_stellate,inDrop2,4.8850584,-2.7715669
4339,alpha,inDrop2,-3.6182659,9.482428
4340,beta,inDrop2,-4.7784514,-10.143717
4341,beta,inDrop2,-4.710182,-8.79081
4342,ductal,inDrop2,8.822283,6.5240197
4343,alpha,inDrop2,-4.609336,6.9634686
4344,ductal,inDrop2,8.610773,4.817015
4345,alpha,inDrop2,-3.3192625,8.934713
4346,alpha,inDrop2,-5.4595423,5.7706356
4347,alpha,inDrop2,-4.2259526,7.6078386
4348,alpha,inDrop2,-3.2605078,7.218896
4349,alpha,inDrop2,-2.900255,7.0892963
4350,beta,inDrop2,-2.9412737,-8.044508
4351,ductal,inDrop2,6.7947764,5.2541037
4352,alpha,inDrop2,-4.88326,8.593997
4353,alpha,inDrop2,-4.549134,8.593886
4354,alpha,inDrop2,-5.765273,8.534621
4355,ductal,inDrop2,8.746967,5.2724743
4356,beta,inDrop2,-5.0434194,-9.861518
4357,ductal,inDrop2,9.459762,5.9955044
4358,activated_stellate,inDrop2,4.8230743,-2.726898
4359,alpha,inDrop2,-5.076874,8.712985
4360,beta,inDrop2,-4.193058,-8.333613
4361,alpha,inDrop2,-3.6584234,9.526146
4362,alpha,inDrop2,-3.1302526,9.261416
4363,ductal,inDrop2,7.2387276,5.4542937
4364,alpha,inDrop2,-6.238461,7.260646
4365,alpha,inDrop2,-5.710698,8.57043
4366,beta,inDrop2,-3.5257,-8.464915
4367,beta,inDrop2,-4.0164466,-7.8498573
4368,beta,inDrop2,-3.73848,-10.279523
4369,beta,inDrop2,-4.129325,-7.9646053
4370,ductal,inDrop2,11.242879,-2.1758742
4371,macrophage,inDrop2,4.3554616,1.8507521
4372,alpha,inDrop2,-4.693936,7.57298
4373,ductal,inDrop2,12.331427,-1.5773598
4374,alpha,inDrop2,-2.9405332,7.156797
4375,beta,inDrop2,-3.9275866,-10.222436
4376,beta,inDrop2,-4.986298,-8.821956
4377,ductal,inDrop2,9.369936,4.898906
4378,beta,inDrop2,-3.597913,-10.1290455
4379,delta,inDrop2,1.8128836,0.0076210424
4380,quiescent_stellate,inDrop2,6.184038,-2.1609163
4381,alpha,inDrop2,-3.475577,7.4927897
4382,alpha,inDrop2,-4.640582,8.054577
4383,beta,inDrop2,-3.6566503,-7.913041
4384,ductal,inDrop2,8.841622,5.18368
4385,beta,inDrop2,-4.4700093,-10.041208
4386,alpha,inDrop2,-3.2250566,9.082503
4387,beta,inDrop2,-4.6155453,-10.115747
4388,alpha,inDrop2,-3.1829627,8.439763
4389,beta,inDrop2,-4.267127,-8.434492
4390,beta,inDrop2,-2.8790476,-8.08537
4391,beta,inDrop2,-3.3062391,-9.809527
4392,beta,inDrop2,-3.0962286,-8.330927
4393,alpha,inDrop2,-4.7941866,8.555734
4394,alpha,inDrop2,-4.7489743,8.565836
4395,beta,inDrop2,-3.8253999,-10.085277
4396,alpha,inDrop2,-3.5722146,9.390902
4397,delta,inDrop2,0.77202797,-0.35005766
4398,alpha,inDrop2,-3.7413242,7.800846
4399,beta,inDrop2,-2.8108733,-5.995366
4400,schwann,inDrop2,6.285354,0.17462742
4401,beta,inDrop2,-5.1396375,-9.1876135
4402,beta,inDrop2,-4.119468,-8.120427
4403,alpha,inDrop2,-5.712841,7.6868796
4404,alpha,inDrop2,-4.875109,5.985754
4405,alpha,inDrop2,-3.4390886,7.935611
4406,beta,inDrop2,-3.9845803,-7.811769
4407,alpha,inDrop2,-3.23892,7.29016
4408,beta,inDrop2,-2.4286215,-8.069134
4409,ductal,inDrop2,9.350363,4.8688803
4410,ductal,inDrop2,7.1838784,5.425776
4411,gamma,inDrop2,-5.5972414,0.114682674
4412,beta,inDrop2,-3.9445622,-7.9718266
4413,alpha,inDrop2,-2.6430254,8.253609
4414,ductal,inDrop2,8.433661,4.556936
4415,beta,inDrop2,-3.826309,-10.064338
4416,ductal,inDrop2,7.141095,5.512954
4417,ductal,inDrop2,8.620607,5.524172
4418,alpha,inDrop2,-5.277204,8.916385
4419,activated_stellate,inDrop2,4.8411384,-2.7779164
4420,delta,inDrop2,1.674274,-0.26423106
4421,beta,inDrop2,-4.2804317,-10.170192
4422,beta,inDrop2,-4.629354,-8.970851
4423,beta,inDrop2,-3.6779037,-10.172314
4424,alpha,inDrop2,-3.0375931,9.227471
4425,alpha,inDrop2,-2.401339,7.2013373
4426,alpha,inDrop2,-2.7062309,8.898901
4427,activated_stellate,inDrop2,4.7207923,-3.1550758
4428,alpha,inDrop2,-2.798342,8.543537
4429,alpha,inDrop2,-4.7843895,9.27876
4430,alpha,inDrop2,-3.8458934,7.1364717
4431,alpha,inDrop2,-4.433957,8.523398
4432,alpha,inDrop2,-5.133154,9.1736
4433,delta,inDrop2,1.0619462,-0.451112
4434,alpha,inDrop2,-3.1994426,7.359943
4435,gamma,inDrop2,-5.391546,-0.233218
4436,alpha,inDrop2,-3.844169,9.178628
4437,alpha,inDrop2,-3.3730965,8.232586
4438,gamma,inDrop2,-6.0076647,-0.0590375
4439,alpha,inDrop2,-3.5283253,9.516819
4440,alpha,inDrop2,-5.5816073,8.195002
4441,alpha,inDrop2,-3.6647449,9.127653
4442,alpha,inDrop2,-5.4099927,7.780692
4443,ductal,inDrop2,8.670933,5.7923126
4444,alpha,inDrop2,-4.5523343,7.755229
4445,activated_stellate,inDrop2,4.9915137,-2.9553957
4446,alpha,inDrop2,-3.9159987,9.194487
4447,delta,inDrop2,1.1531997,0.19305307
4448,alpha,inDrop2,-3.530436,9.48288
4449,alpha,inDrop2,-3.091204,8.647934
4450,alpha,inDrop2,-3.7044914,7.3841395
4451,ductal,inDrop2,7.0283074,5.2298856
4452,delta,inDrop2,0.74776834,0.27303052
4453,alpha,inDrop2,-3.1723151,8.011212
4454,alpha,inDrop2,-5.15279,6.1317887
4455,alpha,inDrop2,-5.4660087,7.543284
4456,alpha,inDrop2,-3.095228,9.32869
4457,beta,inDrop2,-3.7008076,-10.141325
4458,beta,inDrop2,-3.9539604,-9.708652
4459,alpha,inDrop2,-4.8670573,8.205709
4460,activated_stellate,inDrop2,4.821955,-2.9772532
4461,alpha,inDrop2,-4.9787188,8.300324
4462,beta,inDrop2,-4.1369977,-10.054541
4463,alpha,inDrop2,-3.5785234,9.410661
4464,beta,inDrop2,-4.3545265,-10.080059
4465,beta,inDrop2,-3.9459383,-10.076619
4466,alpha,inDrop2,-5.986351,7.6367745
4467,alpha,inDrop2,-5.8007646,8.581123
4468,activated_stellate,inDrop2,4.8018417,-2.654499
4469,beta,inDrop2,-3.4221904,-7.197056
4470,alpha,inDrop2,-5.092111,6.914383
4471,beta,inDrop2,-3.479305,-5.551654
4472,delta,inDrop2,1.7504287,0.16226721
4473,beta,inDrop2,-2.1894763,-9.452556
4474,alpha,inDrop2,-3.2784348,8.985785
4475,beta,inDrop2,-3.40798,-6.091141
4476,gamma,inDrop2,-5.1955476,-0.28176695
4477,alpha,inDrop2,-5.793456,8.169707
4478,alpha,inDrop2,-6.123522,7.5291257
4479,alpha,inDrop2,-5.528863,9.182898
4480,beta,inDrop2,-5.219461,-8.823411
4481,beta,inDrop2,-3.2828925,-7.172438
4482,beta,inDrop2,-4.133527,-10.195486
4483,activated_stellate,inDrop2,4.8354354,-3.0718758
4484,endothelial,inDrop2,4.9751763,-6.684136
4485,macrophage,inDrop2,4.360186,1.8479028
4486,alpha,inDrop2,-3.060873,8.676833
4487,alpha,inDrop2,-3.3254304,7.4470935
4488,gamma,inDrop2,-5.618534,0.090666234
4489,alpha,inDrop2,-3.1171412,8.205651
4490,endothelial,inDrop2,5.331131,-7.247515
4491,alpha,inDrop2,-5.419964,8.784361
4492,alpha,inDrop2,-3.6886523,9.461394
4493,alpha,inDrop2,-2.73521,8.346941
4494,beta,inDrop2,-3.3840728,-8.069796
4495,quiescent_stellate,inDrop2,6.4542894,-1.9973269
4496,beta,inDrop2,-4.9749694,-9.99829
4497,alpha,inDrop2,-3.6157343,9.090221
4498,ductal,inDrop2,9.63734,4.8923264
4499,ductal,inDrop2,9.361124,5.203015
4500,alpha,inDrop2,-5.544495,9.083997
4501,alpha,inDrop2,-1.0904775,5.995484
4502,ductal,inDrop2,8.809911,5.031028
4503,beta,inDrop2,-3.9759345,-7.9180346
4504,alpha,inDrop2,-4.407063,9.583515
4505,alpha,inDrop2,-3.131563,7.095983
4506,ductal,inDrop2,8.633698,6.6653357
4507,beta,inDrop2,-3.7144866,-10.231422
4508,endothelial,inDrop2,4.6073284,-6.3216476
4509,alpha,inDrop2,-2.7608366,8.031793
4510,alpha,inDrop2,-3.652953,7.9596663
4511,alpha,inDrop2,-3.0616288,8.174455
4512,activated_stellate,inDrop2,5.2871227,-2.6375256
4513,ductal,inDrop2,6.7486973,5.2444906
4514,alpha,inDrop2,-3.0077386,9.178282
4515,gamma,inDrop2,-5.9599376,-0.032066423
4516,alpha,inDrop2,-5.607241,8.935036
4517,alpha,inDrop2,-3.5242648,8.379517
4518,ductal,inDrop2,8.786871,5.769502
4519,quiescent_stellate,inDrop2,6.1761627,-2.1268215
4520,ductal,inDrop2,12.038102,-1.313774
4521,ductal,inDrop2,11.389837,-1.7752242
4522,alpha,inDrop2,-4.5690904,8.0026865
4523,activated_stellate,inDrop2,4.9099956,-2.62952
4524,gamma,inDrop2,-5.1905737,-0.21124448
4525,ductal,inDrop2,8.975022,4.947114
4526,endothelial,inDrop2,4.599155,-6.47241
4527,alpha,inDrop2,-4.7474194,9.468931
4528,ductal,inDrop2,11.603103,-1.6636065
4529,beta,inDrop2,-4.846477,-9.30074
4530,ductal,inDrop2,8.367596,6.4881597
4531,macrophage,inDrop2,4.367414,1.8452319
4532,alpha,inDrop2,-3.2455752,8.651778
4533,alpha,inDrop2,-3.0578585,8.034438
4534,beta,inDrop2,-5.012222,-8.993859
4535,beta,inDrop2,-4.4634304,-9.1321945
4536,beta,inDrop2,-3.4301789,-7.8604445
4537,alpha,inDrop2,-2.750568,9.032143
4538,activated_stellate,inDrop2,5.060969,-3.2405324
4539,alpha,inDrop2,-3.9819593,9.060462
4540,ductal,inDrop2,11.012794,-2.3506243
4541,alpha,inDrop2,-3.604157,9.288638
4542,alpha,inDrop2,-5.6112432,7.586507
4543,alpha,inDrop2,-3.0662723,8.927086
4544,alpha,inDrop2,-5.2127867,8.962135
4545,gamma,inDrop2,-5.423849,-0.3469088
4546,beta,inDrop2,-5.081585,-9.883542
4547,ductal,inDrop2,9.386115,4.8859987
4548,beta,inDrop2,-5.0834756,-9.9488945
4549,alpha,inDrop2,-4.3146434,9.206722
4550,beta,inDrop2,-3.5217307,-7.6706853
4551,alpha,inDrop2,-4.974314,8.00247
4552,alpha,inDrop2,-5.6612306,8.576851
4553,beta,inDrop2,-2.1849506,-7.410931
4554,alpha,inDrop2,-3.50726,9.46589
4555,alpha,inDrop2,-3.8786254,7.392336
4556,gamma,inDrop2,-5.5930576,-0.031020697
4557,ductal,inDrop2,8.995287,5.190919
4558,beta,inDrop2,-4.1337533,-8.257309
4559,alpha,inDrop2,-5.4759336,8.804571
4560,alpha,inDrop2,-5.139242,6.485987
4561,alpha,inDrop2,-5.512639,8.989526
4562,alpha,inDrop2,-2.8204923,8.156894
4563,gamma,inDrop2,-5.9878707,0.16196197
4564,delta,inDrop2,1.646956,0.4386418
4565,alpha,inDrop2,-5.915233,7.7801824
4566,activated_stellate,inDrop2,4.8342905,-3.0999136
4567,macrophage,inDrop2,4.358903,1.8493999
4568,beta,inDrop2,-4.2216296,-6.8106427
4569,beta,inDrop2,-3.8732984,-7.680601
4570,alpha,inDrop2,-3.0506058,8.770844
4571,gamma,inDrop2,-5.2785916,-0.19008534
4572,beta,inDrop2,-5.084308,-9.915915
4573,alpha,inDrop2,-4.527342,9.232359
4574,alpha,inDrop2,-3.9933708,9.104359
4575,ductal,inDrop2,11.771195,-1.6385845
4576,beta,inDrop2,-3.589014,-10.013066
4577,beta,inDrop2,-4.2003617,-7.9709163
4578,alpha,inDrop2,-5.4542546,9.250925
4579,alpha,inDrop2,-2.8174968,8.387038
4580,ductal,inDrop2,11.361131,-1.8025423
4581,alpha,inDrop2,-2.793297,6.977599
4582,alpha,inDrop2,-2.9131944,8.092829
4583,alpha,inDrop2,-3.5318875,8.924984
4584,alpha,inDrop2,-4.1052227,7.4725246
4585,activated_stellate,inDrop2,4.947255,-2.8019297
4586,alpha,inDrop2,-2.349249,6.270008
4587,alpha,inDrop2,-4.2639728,8.507919
4588,alpha,inDrop2,-5.144428,8.253608
4589,alpha,inDrop2,-3.104182,7.426723
4590,gamma,inDrop2,-5.197653,-0.24140023
4591,beta,inDrop2,-1.9215125,-4.9444637
4592,alpha,inDrop2,-3.1340652,8.8651905
4593,alpha,inDrop2,-2.4418113,8.377376
4594,alpha,inDrop2,-3.752412,9.233435
4595,beta,inDrop2,-3.5352669,-6.8868103
4596,beta,inDrop2,-3.2264152,-7.79567
4597,alpha,inDrop2,-4.034114,6.7783413
4598,alpha,inDrop2,-2.8968472,7.1136975
4599,quiescent_stellate,inDrop2,6.2282352,-2.158709
4600,ductal,inDrop2,8.577697,5.4934397
4601,alpha,inDrop2,-3.41489,8.629375
4602,beta,inDrop2,-4.7942324,-9.827126
4603,alpha,inDrop2,-4.510065,8.59403
4604,beta,inDrop2,-3.477722,-9.645437
4605,ductal,inDrop2,8.612449,6.560173
4606,beta,inDrop2,-4.6402574,-8.394872
4607,alpha,inDrop2,-3.1948667,7.3090158
4608,alpha,inDrop2,-3.029876,7.9693985
4609,gamma,inDrop2,-5.544018,-9.652227e-05
4610,alpha,inDrop2,-3.2320251,8.400796
4611,alpha,inDrop2,-5.3059626,7.6458917
4612,beta,inDrop2,-4.5641437,-10.134643
4613,activated_stellate,inDrop2,5.0432944,-3.041926
4614,alpha,inDrop2,-5.126638,5.8701067
4615,endothelial,inDrop2,5.3180394,-7.240687
4616,alpha,inDrop2,-3.2854676,8.029312
4617,alpha,inDrop2,-3.403796,9.454611
4618,alpha,inDrop2,-4.9534373,6.9076376
4619,alpha,inDrop2,-3.9262943,5.355852
4620,beta,inDrop2,-4.453515,-9.982005
4621,alpha,inDrop2,-3.3955424,8.97611
4622,beta,inDrop2,-1.7958015,-8.800846
4623,alpha,inDrop2,-4.9569025,8.253582
4624,alpha,inDrop2,-3.388346,8.679039
4625,gamma,inDrop2,-5.3379216,0.164276
4626,alpha,inDrop2,-4.820014,9.117454
4627,alpha,inDrop2,-3.1007376,7.7314224
4628,alpha,inDrop2,-4.304281,9.301274
4629,alpha,inDrop2,-5.374116,8.777111
4630,alpha,inDrop2,-4.609635,8.416851
4631,alpha,inDrop2,-4.2715025,7.570053
4632,alpha,inDrop2,-4.058219,6.306618
4633,beta,inDrop2,-4.187608,-6.7988214
4634,alpha,inDrop2,-4.071782,6.954067
4635,alpha,inDrop2,-5.4082417,8.6789465
4636,ductal,inDrop2,8.718559,6.643856
4637,activated_stellate,inDrop2,5.0500803,-3.1057622
4638,ductal,inDrop2,7.3895473,5.5045156
4639,alpha,inDrop2,-2.7461789,7.235149
4640,alpha,inDrop2,-3.4486165,9.051221
4641,mast,inDrop2,3.5708451,3.0971308
4642,alpha,inDrop2,-3.3345556,7.9070487
4643,alpha,inDrop2,-4.2960286,8.723234
4644,beta,inDrop2,-2.2635376,-7.405683
4645,beta,inDrop2,-4.468611,-8.666698
4646,beta,inDrop2,-4.173858,-6.7747555
4647,ductal,inDrop2,8.273781,4.7574883
4648,beta,inDrop2,-3.7863705,-10.311344
4649,alpha,inDrop2,-5.507259,5.7893934
4650,beta,inDrop2,-4.620958,-9.697323
4651,ductal,inDrop2,5.4607053,6.438803
4652,alpha,inDrop2,-3.5152683,9.624449
4653,schwann,inDrop2,6.284856,0.17366304
4654,alpha,inDrop2,-3.2162163,8.794093
4655,alpha,inDrop2,-2.9111867,9.04358
4656,beta,inDrop2,-4.6790714,-9.158343
4657,gamma,inDrop2,-5.245429,-0.24870813
4658,beta,inDrop2,-2.7716286,-8.58652
4659,ductal,inDrop2,8.967912,6.5302973
4660,ductal,inDrop2,8.981486,4.8741593
4661,alpha,inDrop2,-3.9242527,7.3857794
4662,gamma,inDrop2,-5.741328,0.044940993
4663,mast,inDrop2,3.5938492,3.0742548
4664,gamma,inDrop2,-5.9332633,0.13008444
4665,mast,inDrop2,3.6269507,3.0973086
4666,alpha,inDrop2,-4.977992,8.237261
4667,ductal,inDrop2,7.7485757,5.650912
4668,gamma,inDrop2,-5.6247087,-0.08100392
4669,alpha,inDrop2,-3.2518103,8.196716
4670,alpha,inDrop2,-4.55002,8.363877
4671,alpha,inDrop2,-2.5779102,8.556617
4672,alpha,inDrop2,-5.0458493,7.8423376
4673,ductal,inDrop2,7.8155704,4.7624173
4674,alpha,inDrop2,-5.863958,7.756435
4675,alpha,inDrop2,-4.362245,7.584369
4676,alpha,inDrop2,-3.1601694,9.197883
4677,mast,inDrop2,3.5641072,3.0897095
4678,alpha,inDrop2,-3.8828452,7.4531937
4679,alpha,inDrop2,-5.3438373,7.182317
4680,quiescent_stellate,inDrop2,6.316665,-2.08391
4681,beta,inDrop2,-4.4529943,-9.982833
4682,alpha,inDrop2,-2.9790013,8.234534
4683,beta,inDrop2,-2.451491,-7.7591558
4684,alpha,inDrop2,-4.7235694,7.347289
4685,alpha,inDrop2,-3.7946517,5.1357584
4686,gamma,inDrop2,-5.6357117,0.1919867
4687,gamma,inDrop2,-5.6618648,-0.23561887
4688,ductal,inDrop2,8.535403,4.9211535
4689,alpha,inDrop2,-5.320729,5.6977468
4690,activated_stellate,inDrop2,4.885213,-2.9103265
4691,alpha,inDrop2,-2.8591688,7.234538
4692,ductal,inDrop2,8.656706,6.1329284
4693,delta,inDrop2,1.2253512,0.3138422
4694,alpha,inDrop2,-5.445191,8.985685
4695,alpha,inDrop2,-4.877283,9.355792
4696,activated_stellate,inDrop2,4.9734516,-2.6505816
4697,beta,inDrop2,-2.27658,-7.530545
4698,alpha,inDrop2,-3.0705605,7.4970365
4699,quiescent_stellate,inDrop2,6.5029263,-1.9745933
4700,ductal,inDrop2,9.155285,5.8809285
4701,alpha,inDrop2,-3.914807,5.261386
4702,quiescent_stellate,inDrop2,6.2359276,-2.1223578
4703,ductal,inDrop2,11.106154,-2.27142
4704,alpha,inDrop2,-4.4471626,8.865878
4705,activated_stellate,inDrop2,4.8804083,-2.8004756
4706,beta,inDrop2,-1.7911941,-8.9955
4707,beta,inDrop2,-2.853588,-8.254703
4708,activated_stellate,inDrop2,4.9348874,-3.561936
4709,alpha,inDrop2,-5.9124894,7.605238
4710,alpha,inDrop2,-4.6543164,8.233362
4711,ductal,inDrop2,7.555051,5.388183
4712,beta,inDrop2,-3.7939882,-9.011607
4713,beta,inDrop2,-4.0235715,-8.667987
4714,alpha,inDrop2,-4.0963764,7.965874
4715,schwann,inDrop2,6.2837768,0.1719883
4716,gamma,inDrop2,-5.428835,-0.16630566
4717,ductal,inDrop2,7.853235,5.17537
4718,alpha,inDrop2,-4.5910115,8.318478
4719,t_cell,inDrop2,2.8649192,3.3138552
4720,schwann,inDrop2,6.281871,0.17123817
4721,beta,inDrop2,-4.1045766,-10.112913
4722,gamma,inDrop2,-5.5960183,-0.07963718
4723,beta,inDrop2,-1.767698,-7.773394
4724,beta,inDrop2,-2.099993,-7.296702
4725,beta,inDrop2,-2.1396348,-7.587407
4726,beta,inDrop2,-2.083145,-7.8901014
4727,t_cell,inDrop2,2.874042,3.3124385
4728,beta,inDrop2,-3.801599,-10.050708
4729,beta,inDrop2,-2.350767,-7.649636
4730,alpha,inDrop2,-4.67174,9.018319
4731,beta,inDrop2,-1.9015003,-7.410699
4732,alpha,inDrop2,-3.9283955,5.334448
4733,ductal,inDrop2,9.296657,6.3701377
4734,beta,inDrop2,-4.5001206,-9.9729
4735,alpha,inDrop2,-3.8756745,5.248589
4736,ductal,inDrop2,11.451447,-2.0482917
4737,alpha,inDrop2,-3.8991048,5.247253
4738,beta,inDrop2,-3.220702,-9.141187
4739,delta,inDrop2,1.2044234,-0.7107564
4740,delta,inDrop2,1.2205182,-0.61860734
4741,beta,inDrop2,-4.646025,-8.738682
4742,ductal,inDrop2,10.8438425,-2.8441854
4743,alpha,inDrop2,-5.428488,5.8179874
4744,beta,inDrop2,-3.88325,-8.641079
4745,ductal,inDrop2,7.2368307,5.3235717
4746,alpha,inDrop2,-4.8433285,8.883352
4747,delta,inDrop2,0.8813336,-0.6731281
4748,ductal,inDrop2,11.414646,-1.8051006
4749,alpha,inDrop2,-3.4705126,9.071543
4750,ductal,inDrop2,12.113409,-1.7855501
4751,delta,inDrop2,0.78756434,-0.6436082
4752,ductal,inDrop2,8.737379,5.042099
4753,alpha,inDrop2,-5.419072,6.34027
4754,ductal,inDrop2,8.614578,5.388827
4755,ductal,inDrop2,12.114097,-2.034631
4756,delta,inDrop2,1.2113045,-0.5991479
4757,delta,inDrop2,1.1752073,-0.47503006
4758,alpha,inDrop2,-5.4951024,5.822187
4759,beta,inDrop2,-3.5267453,-10.081886
4760,delta,inDrop2,1.2898072,-0.55925953
4761,delta,inDrop2,0.656265,-0.31897795
4762,beta,inDrop2,-4.568199,-9.807627
4763,delta,inDrop2,1.1912541,-0.2493243
4764,ductal,inDrop2,11.229421,-2.208806
4765,ductal,inDrop2,12.155523,-1.7103558
4766,ductal,inDrop2,12.274519,-1.6956959
4767,ductal,inDrop2,11.357398,-1.8583597
4768,delta,inDrop2,1.1211106,-0.73304117
4769,alpha,inDrop2,-4.3624187,9.04662
4770,delta,inDrop2,0.1444476,0.41585988
4771,alpha,inDrop2,-4.773752,8.581275
4772,beta,inDrop2,-3.5049477,-9.671956
4773,ductal,inDrop2,11.16032,-2.2302215
4774,epsilon,inDrop2,1.1864576,-0.6294793
4775,alpha,inDrop2,-3.9226496,7.2733097
4776,delta,inDrop2,1.2308749,-0.71316236
4777,alpha,inDrop2,-5.4947295,5.848284
4778,delta,inDrop2,1.0806438,-0.68426573
4779,alpha,inDrop2,-4.0819964,9.36362
4780,delta,inDrop2,1.2033241,-0.5962475
4781,activated_stellate,inDrop2,4.8196774,-2.7049005
4782,alpha,inDrop2,-5.25423,5.925296
4783,alpha,inDrop2,-5.980633,7.8517942
4784,delta,inDrop2,0.3901519,-0.28234464
4785,delta,inDrop2,1.080526,-0.50449395
4786,beta,inDrop2,-3.3187892,-9.9441395
4787,beta,inDrop2,-3.0242674,-8.270602
4788,alpha,inDrop2,-5.303423,8.727553
4789,alpha,inDrop2,-5.364872,7.5755415
4790,beta,inDrop2,-3.751401,-8.043628
4791,delta,inDrop2,0.8338188,-0.6726638
4792,alpha,inDrop2,-3.8825097,8.720563
4793,alpha,inDrop2,-5.0494814,7.00199
4794,activated_stellate,inDrop2,4.751162,-2.97049
4795,ductal,inDrop2,12.157357,-1.7610968
4796,alpha,inDrop2,-3.0503829,7.276492
4797,beta,inDrop2,-5.113099,-9.594507
4798,alpha,inDrop2,-3.1536722,7.9075384
4799,activated_stellate,inDrop2,4.838799,-2.633359
4800,alpha,inDrop2,-5.7677975,8.626528
4801,ductal,inDrop2,11.50992,-1.9754145
4802,alpha,inDrop2,-2.984463,8.907476
4803,acinar,inDrop2,12.292563,-1.6672063
4804,alpha,inDrop2,-5.490283,8.688861
4805,beta,inDrop2,-3.1379879,-8.5759115
4806,delta,inDrop2,0.9708455,-0.47811222
4807,alpha,inDrop2,-3.2914343,8.965081
4808,alpha,inDrop2,-5.2834964,7.429557
4809,alpha,inDrop2,-4.015833,8.680147
4810,alpha,inDrop2,-5.0499005,7.0607543
4811,alpha,inDrop2,-5.4022036,5.73437
4812,alpha,inDrop2,-5.0558977,8.3851385
4813,macrophage,inDrop2,4.3626537,1.8458724
4814,macrophage,inDrop2,4.364215,1.8456126
4815,ductal,inDrop2,8.744241,5.847168
4816,beta,inDrop2,-3.6105163,-8.282149
4817,ductal,inDrop2,7.25285,5.5120826
4818,ductal,inDrop2,12.013086,-1.8901712
4819,alpha,inDrop2,-3.2410173,7.127406
4820,alpha,inDrop2,-3.315092,8.449318
4821,alpha,inDrop2,-5.1906824,7.8070035
4822,alpha,inDrop2,-4.3287835,9.243238
4823,ductal,inDrop2,11.925591,-1.6999583
4824,delta,inDrop2,0.8384651,0.12959754
4825,delta,inDrop2,1.7293785,0.35784453
4826,beta,inDrop2,-3.1049469,-9.113934
4827,alpha,inDrop2,-4.7069755,7.628999
4828,ductal,inDrop2,11.9640665,-1.5516075
4829,ductal,inDrop2,9.447748,4.8343296
4830,beta,inDrop2,-3.289373,-8.183467
4831,alpha,inDrop2,-3.2749617,8.188553
4832,delta,inDrop2,1.1808486,-0.7421054
4833,beta,inDrop2,-4.1739507,-8.451548
4834,quiescent_stellate,inDrop2,5.895104,-2.4072793
4835,delta,inDrop2,1.572555,-0.17684218
4836,quiescent_stellate,inDrop2,-3.021648,-8.506696
4837,activated_stellate,inDrop2,4.7181754,-2.780647
4838,alpha,inDrop2,-3.908356,7.22385
4839,activated_stellate,inDrop2,5.01071,-2.9018657
4840,ductal,inDrop2,11.776013,-2.0332317
4841,alpha,inDrop2,-5.54684,7.6577044
4842,alpha,inDrop2,-3.3845472,8.449844
4843,beta,inDrop2,-4.069404,-7.920548
4844,beta,inDrop2,-3.520416,-6.687346
4845,activated_stellate,inDrop2,4.829803,-2.6702745
4846,beta,inDrop2,-4.2144012,-9.812989
4847,beta,inDrop2,-4.1541023,-9.266644
4848,ductal,inDrop2,8.989481,4.960074
4849,ductal,inDrop2,11.37851,-1.8870525
4850,alpha,inDrop2,-3.071805,9.210498
4851,ductal,inDrop2,8.632475,6.346748
4852,ductal,inDrop2,12.083342,-1.7737845
4853,alpha,inDrop2,-4.666686,8.391097
4854,activated_stellate,inDrop2,4.9348135,-2.5882165
4855,alpha,inDrop2,-5.6993003,8.553344
4856,ductal,inDrop2,11.22719,-1.9259387
4857,beta,inDrop2,-3.6308541,-10.1685705
4858,beta,inDrop2,-3.7228653,-10.170149
4859,alpha,inDrop2,-4.7786164,6.936109
4860,delta,inDrop2,0.95875657,-0.237183
4861,activated_stellate,inDrop2,4.990935,-2.7073703
4862,ductal,inDrop2,9.346397,5.0681696
4863,beta,inDrop2,-3.704464,-7.719039
4864,alpha,inDrop2,-6.053889,7.521301
4865,alpha,inDrop2,-4.8792305,9.285433
4866,alpha,inDrop2,-5.7859554,8.736245
4867,alpha,inDrop2,-5.553315,8.180676
4868,activated_stellate,inDrop2,4.9701805,-3.4089496
4869,beta,inDrop2,-3.7504497,-10.341495
4870,beta,inDrop2,-4.520567,-9.490539
4871,beta,inDrop2,-4.152863,-9.696632
4872,alpha,inDrop2,-2.483242,8.398958
4873,beta,inDrop2,-3.282758,-9.431912
4874,delta,inDrop2,1.6278833,0.12997049
4875,alpha,inDrop2,-4.923969,9.194996
4876,alpha,inDrop2,-3.404047,8.904566
4877,alpha,inDrop2,-2.720729,8.0675
4878,beta,inDrop2,-4.428856,-8.970815
4879,alpha,inDrop2,-5.944916,7.6274204
4880,alpha,inDrop2,-4.706056,6.501243
4881,ductal,inDrop2,8.396766,4.4513087
4882,beta,inDrop2,-3.4722035,-8.229046
4883,alpha,inDrop2,-3.4158087,8.867842
4884,macrophage,inDrop2,4.358711,1.8497728
4885,ductal,inDrop2,11.450342,-1.860209
4886,delta,inDrop2,0.85135645,-0.5884433
4887,alpha,inDrop2,-5.0582666,5.90748
4888,beta,inDrop2,-3.6880467,-9.294573
4889,alpha,inDrop2,-2.9953494,8.642615
4890,alpha,inDrop2,-5.4237795,5.771179
4891,alpha,inDrop2,-2.7210598,8.967468
4892,activated_stellate,inDrop2,4.93712,-2.7413313
4893,ductal,inDrop2,7.218952,5.572796
4894,alpha,inDrop2,-5.1579614,7.105497
4895,ductal,inDrop2,11.759148,-1.7195702
4896,delta,inDrop2,1.5994432,-0.28212342
4897,beta,inDrop2,-4.078289,-9.21143
4898,delta,inDrop2,1.2633144,-0.7008969
4899,ductal,inDrop2,12.293053,-1.4595855
4900,alpha,inDrop2,-5.577649,8.220208
4901,alpha,inDrop2,-3.286799,9.145502
4902,beta,inDrop2,-2.7639883,-8.534331
4903,activated_stellate,inDrop2,4.8810763,-2.6585498
4904,ductal,inDrop2,11.501282,-1.6986402
4905,ductal,inDrop2,6.92432,4.624784
4906,ductal,inDrop2,8.695138,5.9213266
4907,ductal,inDrop2,8.204153,5.17721
4908,alpha,inDrop2,-5.386351,5.7493935
4909,delta,inDrop2,1.240396,-0.70136786
4910,ductal,inDrop2,11.623625,-1.7569319
4911,alpha,inDrop2,-4.095946,6.16511
4912,alpha,inDrop2,-3.3745902,8.99231
4913,alpha,inDrop2,-4.416518,7.122013
4914,alpha,inDrop2,-4.942553,8.200598
4915,alpha,inDrop2,-5.3462276,5.80075
4916,beta,inDrop2,-4.426211,-9.12226
4917,alpha,inDrop2,-5.455027,6.0188975
4918,alpha,inDrop2,-3.7029912,7.1652803
4919,alpha,inDrop2,-2.6036234,7.029445
4920,activated_stellate,inDrop2,4.730875,-2.9576976
4921,alpha,inDrop2,-4.3158746,7.1584682
4922,beta,inDrop2,-4.4579496,-8.907677
4923,alpha,inDrop2,-3.121521,7.463561
4924,ductal,inDrop2,8.713691,5.975895
4925,alpha,inDrop2,-5.4716063,5.804568
4926,alpha,inDrop2,-5.5040703,7.5109897
4927,alpha,inDrop2,-5.073704,7.4676275
4928,ductal,inDrop2,12.364245,-1.6046691
4929,alpha,inDrop2,-1.8964268,7.7821856
4930,alpha,inDrop2,-5.1997957,7.262983
4931,acinar,inDrop2,12.0833845,-2.122973
4932,beta,inDrop2,-3.5316045,-8.1164
4933,ductal,inDrop2,11.995135,-1.7573208
4934,beta,inDrop2,-4.985547,-9.063461
4935,ductal,inDrop2,7.377067,4.7340183
4936,alpha,inDrop2,-3.7476425,8.913426
4937,beta,inDrop2,-3.3268514,-6.510768
4938,alpha,inDrop2,-4.5953217,7.7495537
4939,delta,inDrop2,0.8407912,-0.3184575
4940,alpha,inDrop2,-5.103468,7.5344095
4941,ductal,inDrop2,9.2779875,3.4591596
4942,alpha,inDrop2,-5.5171657,7.4888225
4943,alpha,inDrop2,-2.971256,8.184449
4944,alpha,inDrop2,-4.6930327,7.8822203
4945,endothelial,inDrop2,5.296678,-7.1456237
4946,ductal,inDrop2,11.501316,-1.9541546
4947,delta,inDrop2,1.2862612,0.00077996776
4948,beta,inDrop2,-3.8926826,-9.1168
4949,alpha,inDrop2,-3.9983575,9.223081
4950,alpha,inDrop2,-6.012298,8.357808
4951,alpha,inDrop2,-2.837457,8.850405
4952,beta,inDrop2,-3.1293786,-6.489171
4953,alpha,inDrop2,-5.378771,7.711485
4954,ductal,inDrop2,9.51737,4.992632
4955,alpha,inDrop2,-5.6486907,7.6041293
4956,alpha,inDrop2,-5.7046,7.602808
4957,beta,inDrop2,-3.6699264,-9.926449
4958,alpha,inDrop2,-2.6877599,8.271509
4959,alpha,inDrop2,-5.5587864,8.999255
4960,delta,inDrop2,1.2056198,-0.6262379
4961,alpha,inDrop2,-4.317041,9.191739
4962,alpha,inDrop2,-4.1486907,8.955818
4963,delta,inDrop2,1.7437968,0.09210933
4964,activated_stellate,inDrop2,4.909366,-2.8236382
4965,alpha,inDrop2,-3.3981454,8.227997
4966,ductal,inDrop2,8.526164,5.9994893
4967,quiescent_stellate,inDrop2,6.139108,-2.1217475
4968,alpha,inDrop2,-5.0872416,7.502925
4969,alpha,inDrop2,-5.0397067,5.9246564
4970,ductal,inDrop2,6.9249244,5.1907573
4971,beta,inDrop2,-3.7434254,-10.1243515
4972,beta,inDrop2,-3.7699177,-9.347008
4973,alpha,inDrop2,-5.1648345,7.8248754
4974,ductal,inDrop2,8.438104,5.563084
4975,ductal,inDrop2,8.853909,5.271595
4976,gamma,inDrop2,-5.7330794,0.20989107
4977,activated_stellate,inDrop2,5.028355,-2.8005695
4978,alpha,inDrop2,-3.441812,8.72061
4979,alpha,inDrop2,-3.5801299,7.5236254
4980,delta,inDrop2,1.4378881,-0.42554092
4981,beta,inDrop2,-4.525645,-9.0785265
4982,alpha,inDrop2,-3.0677142,7.6386967
4983,beta,inDrop2,-4.9321184,-8.876613
4984,activated_stellate,inDrop2,4.902743,-2.8076508
4985,beta,inDrop2,-3.8274186,-10.268953
4986,delta,inDrop2,1.7252799,0.11362365
4987,delta,inDrop2,1.7682644,0.34139782
4988,quiescent_stellate,inDrop2,6.325932,-2.1594205
4989,delta,inDrop2,1.1531938,-0.723227
4990,beta,inDrop2,-3.9562829,-9.1635275
4991,ductal,inDrop2,9.207516,6.383256
4992,alpha,inDrop2,-2.9526677,9.008104
4993,beta,inDrop2,-4.0520654,-9.178483
4994,beta,inDrop2,-3.7430847,-8.146221
4995,alpha,inDrop2,-5.93379,8.166386
4996,alpha,inDrop2,-6.0464435,7.495876
4997,delta,inDrop2,1.3776604,0.4524956
4998,beta,inDrop2,-5.087245,-9.940791
4999,alpha,inDrop2,-4.2981076,9.220785
5000,gamma,inDrop2,-5.2823877,-0.17312944
5001,alpha,inDrop2,-4.014837,8.070909
5002,activated_stellate,inDrop2,4.7460136,-3.0290287
5003,beta,inDrop2,-4.6737795,-9.926667
5004,alpha,inDrop2,-5.0224557,9.079384
5005,ductal,inDrop2,6.736261,5.2010336
5006,ductal,inDrop2,8.528031,5.688522
5007,beta,inDrop2,-4.665585,-8.735452
5008,macrophage,inDrop2,4.367039,1.841463
5009,beta,inDrop2,-3.6113524,-10.114717
5010,activated_stellate,inDrop2,4.9463778,-2.7206135
5011,ductal,inDrop2,11.315693,-1.8372713
5012,beta,inDrop2,-3.5497105,-9.518445
5013,alpha,inDrop2,-5.2950244,8.687982
5014,alpha,inDrop2,-4.7646575,5.744243
5015,alpha,inDrop2,-3.5583422,8.211724
5016,activated_stellate,inDrop2,4.795287,-2.8270295
5017,activated_stellate,inDrop2,4.679815,-2.8500156
5018,ductal,inDrop2,8.698655,6.449617
5019,alpha,inDrop2,-5.8375864,7.4265037
5020,alpha,inDrop2,-5.1167583,7.276339
5021,beta,inDrop2,-4.268515,-9.376699
5022,alpha,inDrop2,-3.5308044,7.5429363
5023,alpha,inDrop2,-3.8672223,8.928281
5024,alpha,inDrop2,-2.366679,7.4079413
5025,delta,inDrop2,1.1502619,-0.74804884
5026,activated_stellate,inDrop2,4.895527,-2.7679708
5027,beta,inDrop2,-4.419751,-8.397357
5028,beta,inDrop2,-4.983415,-9.285187
5029,endothelial,inDrop2,5.3291435,-7.2506094
5030,beta,inDrop2,-2.7941363,-9.323625
5031,alpha,inDrop2,-3.0172744,8.552621
5032,alpha,inDrop2,-2.9098206,6.009296
5033,alpha,inDrop2,-2.5269296,8.510894
5034,ductal,inDrop2,6.973569,4.714598
5035,ductal,inDrop2,8.606718,6.3642044
5036,alpha,inDrop2,-3.037346,7.4867563
5037,beta,inDrop2,-3.4873178,-6.2678514
5038,beta,inDrop2,-4.3147364,-8.315607
5039,alpha,inDrop2,-3.6187725,7.5360613
5040,beta,inDrop2,-3.8078296,-8.66792
5041,alpha,inDrop2,-5.721964,7.7936444
5042,endothelial,inDrop2,5.339935,-7.2494044
5043,delta,inDrop2,0.848279,0.25741297
5044,beta,inDrop2,-4.252617,-8.8787985
5045,ductal,inDrop2,9.197053,4.93192
5046,alpha,inDrop2,-5.429154,8.731989
5047,quiescent_stellate,inDrop2,6.3972244,-2.0161664
5048,delta,inDrop2,1.0637857,-0.36590284
5049,ductal,inDrop2,11.376554,-1.9369855
5050,beta,inDrop2,-3.3545213,-6.3864284
5051,delta,inDrop2,1.1513554,-0.6475744
5052,ductal,inDrop2,8.644012,5.9065313
5053,alpha,inDrop2,-4.6695204,8.425457
5054,delta,inDrop2,1.5633287,0.38076597
5055,ductal,inDrop2,8.797308,4.735205
5056,beta,inDrop2,11.677904,-2.0296721
5057,beta,inDrop2,-3.6883135,-8.105114
5058,alpha,inDrop2,-4.3441215,7.7417455
5059,beta,inDrop2,-3.8076024,-6.9396896
5060,ductal,inDrop2,11.869174,-1.7262037
5061,beta,inDrop2,-4.877402,-10.052493
5062,alpha,inDrop2,-5.18482,7.6199946
5063,alpha,inDrop2,-3.1973326,8.623268
5064,ductal,inDrop2,8.651133,5.8322396
5065,ductal,inDrop2,8.68293,6.432228
5066,alpha,inDrop2,-5.4529476,7.654628
5067,gamma,inDrop2,-5.6489453,0.037288446
5068,delta,inDrop2,1.2952507,0.016253414
5069,ductal,inDrop2,9.179364,4.8723745
5070,alpha,inDrop2,-4.6809955,7.197668
5071,beta,inDrop2,-3.3416727,-7.9543495
5072,ductal,inDrop2,11.597734,-1.7896295
5073,alpha,inDrop2,-4.494305,8.738063
5074,alpha,inDrop2,-5.160287,7.788475
5075,gamma,inDrop2,-5.3829412,0.44715235
5076,alpha,inDrop2,-4.635374,8.875398
5077,alpha,inDrop2,-5.4694233,5.7521186
5078,ductal,inDrop2,7.139618,5.4875703
5079,gamma,inDrop2,-5.209969,-0.2634985
5080,alpha,inDrop2,-5.04268,8.199276
5081,alpha,inDrop2,-4.278348,7.78053
5082,alpha,inDrop2,-4.38421,8.141899
5083,delta,inDrop2,1.1304507,-0.3761235
5084,gamma,inDrop2,-5.3028655,-0.16457117
5085,alpha,inDrop2,-5.6653376,8.794965
5086,endothelial,inDrop2,5.2919397,-7.154783
5087,delta,inDrop2,1.2594769,-0.6715824
5088,alpha,inDrop2,-5.181459,8.619805
5089,ductal,inDrop2,8.15577,5.6228395
5090,gamma,inDrop2,-5.29055,-0.257731
5091,activated_stellate,inDrop2,4.9491696,-2.6113036
5092,beta,inDrop2,-4.0196214,-7.975316
5093,ductal,inDrop2,9.438092,6.1864476
5094,activated_stellate,inDrop2,4.908839,-2.6977177
5095,gamma,inDrop2,-5.9448934,-0.008024285
5096,alpha,inDrop2,-3.1318574,8.311225
5097,beta,inDrop2,-4.267681,-8.594276
5098,gamma,inDrop2,-5.55221,0.4174514
5099,alpha,inDrop2,-4.860122,8.544368
5100,gamma,inDrop2,-5.3423376,0.069909014
5101,alpha,inDrop2,-5.262698,5.9016466
5102,alpha,inDrop2,-3.5577793,8.329184
5103,beta,inDrop2,-3.0396874,-6.412656
5104,ductal,inDrop2,7.0676227,5.2722387
5105,alpha,inDrop2,-1.3328483,8.949209
5106,ductal,inDrop2,11.47482,-1.8069539
5107,delta,inDrop2,1.2667458,-0.28917918
5108,ductal,inDrop2,7.167849,5.445353
5109,alpha,inDrop2,-3.1880155,8.184339
5110,alpha,inDrop2,-5.7637277,7.7656217
5111,beta,inDrop2,-4.076411,-8.3815565
5112,alpha,inDrop2,-5.4630775,7.7461295
5113,beta,inDrop2,-3.7625618,-10.329571
5114,alpha,inDrop2,-2.2691188,8.356215
5115,ductal,inDrop2,8.7096615,6.141269
5116,gamma,inDrop2,-5.525174,0.27650324
5117,alpha,inDrop2,-5.148054,6.9952636
5118,alpha,inDrop2,-3.7154367,9.250038
5119,alpha,inDrop2,-4.9781213,8.49259
5120,ductal,inDrop2,10.861077,-3.4827092
5121,alpha,inDrop2,-3.1069314,9.26599
5122,gamma,inDrop2,-5.298493,-0.20699826
5123,quiescent_stellate,inDrop2,6.3761644,-2.087202
5124,beta,inDrop2,-4.887831,-8.950694
5125,ductal,inDrop2,7.0212812,4.6440716
5126,alpha,inDrop2,-3.5022979,7.3332
5127,alpha,inDrop2,-4.1480784,8.532867
5128,alpha,inDrop2,-3.5122914,7.190009
5129,ductal,inDrop2,7.371902,5.113358
5130,alpha,inDrop2,-4.601292,8.674244
5131,beta,inDrop2,-3.454315,-9.883138
5132,ductal,inDrop2,8.151183,4.401272
5133,alpha,inDrop2,-1.3312558,8.949329
5134,beta,inDrop2,-3.8861167,-8.014452
5135,alpha,inDrop2,-3.8781106,6.790376
5136,gamma,inDrop2,-5.386601,-0.22752428
5137,gamma,inDrop2,-5.6420345,0.25558436
5138,alpha,inDrop2,-5.4298406,5.7688713
5139,beta,inDrop2,-3.1362078,-8.27466
5140,alpha,inDrop2,-3.2611165,6.456475
5141,alpha,inDrop2,-3.89507,9.19738
5142,beta,inDrop2,-4.043506,-9.11033
5143,alpha,inDrop2,-3.1547182,8.048587
5144,alpha,inDrop2,-5.3877196,5.707753
5145,gamma,inDrop2,-5.738239,-0.010369643
5146,alpha,inDrop2,-5.413509,5.7296042
5147,delta,inDrop2,1.3847814,0.024734773
5148,alpha,inDrop2,-2.9799478,8.450352
5149,alpha,inDrop2,-3.1292453,7.5676804
5150,beta,inDrop2,-4.526666,-9.520558
5151,beta,inDrop2,-4.478949,-8.468123
5152,alpha,inDrop2,-5.31542,5.785061
5153,alpha,inDrop2,-4.1443763,7.3142467
5154,endothelial,inDrop2,5.301363,-7.2357793
5155,ductal,inDrop2,8.643349,6.21599
5156,gamma,inDrop2,-5.5807476,0.23903096
5157,alpha,inDrop2,-2.6879983,8.400158
5158,endothelial,inDrop2,5.331284,-7.246066
5159,ductal,inDrop2,7.101364,5.337336
5160,gamma,inDrop2,-5.6386213,0.11180758
5161,delta,inDrop2,1.1501564,-0.049422637
5162,gamma,inDrop2,-5.601733,-0.0038271924
5163,alpha,inDrop2,-3.5668612,8.961023
5164,ductal,inDrop2,11.334634,-1.861791
5165,quiescent_stellate,inDrop2,6.2246385,-2.0909035
5166,quiescent_stellate,inDrop2,6.2046533,-2.0999596
5167,beta,inDrop2,-4.2899466,-9.561542
5168,beta,inDrop2,-4.3400865,-9.233464
5169,gamma,inDrop2,-5.9644213,-0.07684593
5170,beta,inDrop2,-4.3563404,-10.057396
5171,alpha,inDrop2,-2.9933076,7.443298
5172,ductal,inDrop2,7.051273,5.2972035
5173,beta,inDrop2,-3.8124104,-10.231121
5174,beta,inDrop2,-4.09611,-10.151164
5175,delta,inDrop2,1.1838033,-0.736629
5176,gamma,inDrop2,-5.303241,0.17348619
5177,ductal,inDrop2,7.614243,5.2842684
5178,alpha,inDrop2,-4.9383135,6.8694134
5179,alpha,inDrop2,-4.443435,7.3545074
5180,delta,inDrop2,0.9432435,-0.23788287
5181,alpha,inDrop2,-4.667044,8.468189
5182,ductal,inDrop2,7.551313,5.4628963
5183,beta,inDrop2,-3.371857,-8.278408
5184,beta,inDrop2,-4.721109,-10.026207
5185,ductal,inDrop2,8.7052965,5.818392
5186,alpha,inDrop2,-2.9441016,8.199602
5187,ductal,inDrop2,7.695771,5.16785
5188,beta,inDrop2,-4.598407,-9.597319
5189,alpha,inDrop2,-3.2562087,8.279048
5190,alpha,inDrop2,-1.7433467,7.7310476
5191,alpha,inDrop2,-3.2486484,7.0250745
5192,gamma,inDrop2,-5.5273066,0.21687181
5193,alpha,inDrop2,-4.159191,9.362916
5194,delta,inDrop2,1.2135295,-0.5552536
5195,alpha,inDrop2,-5.3333583,5.7535825
5196,beta,inDrop2,-4.2632246,-9.737701
5197,ductal,inDrop2,8.310031,5.9062753
5198,alpha,inDrop2,-5.522947,9.214443
5199,alpha,inDrop2,-3.3880713,7.133781
5200,beta,inDrop2,-4.295456,-9.135359
5201,alpha,inDrop2,-3.6127696,8.272032
5202,beta,inDrop2,-4.295864,-9.675979
5203,beta,inDrop2,-4.033927,-7.934812
5204,ductal,inDrop2,7.3836904,5.5470104
5205,ductal,inDrop2,8.705421,6.4474688
5206,alpha,inDrop2,-3.4108207,7.899603
5207,gamma,inDrop2,-5.557632,0.10188172
5208,alpha,inDrop2,-4.2083836,9.374922
5209,alpha,inDrop2,-3.3596432,9.366755
5210,ductal,inDrop2,7.254385,5.4533234
5211,ductal,inDrop2,8.544489,6.324861
5212,beta,inDrop2,-2.0036368,-9.067656
5213,alpha,inDrop2,-3.2817826,8.242729
5214,gamma,inDrop2,-5.657508,-0.085933484
5215,ductal,inDrop2,11.718669,-1.7139512
5216,beta,inDrop2,-4.812646,-9.743027
5217,ductal,inDrop2,7.036787,5.207866
5218,beta,inDrop2,-3.0447254,-9.107719
5219,alpha,inDrop2,-4.2463527,7.776519
5220,alpha,inDrop2,-3.7930663,7.288282
5221,beta,inDrop2,-3.7233799,-8.951002
5222,alpha,inDrop2,-5.323639,7.343027
5223,alpha,inDrop2,-4.139743,7.751199
5224,ductal,inDrop2,8.620686,5.8697553
5225,activated_stellate,inDrop2,4.994341,-2.7372665
5226,alpha,inDrop2,-3.0985596,8.220316
5227,ductal,inDrop2,8.288667,6.479844
5228,delta,inDrop2,1.5118195,-0.17860755
5229,alpha,inDrop2,-4.3124075,6.9523745
5230,quiescent_stellate,inDrop2,6.237076,-2.0932703
5231,gamma,inDrop2,-5.691787,0.21138015
5232,beta,inDrop2,-4.795553,-9.547259
5233,mast,inDrop2,3.5786443,3.0571103
5234,alpha,inDrop2,-1.344355,8.946959
5235,quiescent_stellate,inDrop2,6.1483283,-2.137895
5236,alpha,inDrop2,-4.278017,8.296456
5237,activated_stellate,inDrop2,4.639007,-4.0729213
5238,alpha,inDrop2,-4.879949,9.317906
5239,beta,inDrop2,-3.9114707,-9.46877
5240,alpha,inDrop2,-4.0286465,7.238148
5241,alpha,inDrop2,-4.158489,7.5396805
5242,ductal,inDrop2,9.035135,5.696986
5243,ductal,inDrop2,7.1410465,5.3615923
5244,ductal,inDrop2,6.7218056,5.2065167
5245,beta,inDrop2,-2.506026,-7.673451
5246,endothelial,inDrop2,4.936791,-6.9964595
5247,ductal,inDrop2,8.715257,6.1041093
5248,beta,inDrop2,-2.4935122,-8.259921
5249,ductal,inDrop2,7.9112897,5.6411686
5250,alpha,inDrop2,-4.7334437,7.6238947
5251,alpha,inDrop2,-3.125765,7.5926104
5252,beta,inDrop2,-4.2985554,-9.19489
5253,gamma,inDrop2,-5.362251,0.04440435
5254,alpha,inDrop2,-1.4050786,8.910521
5255,alpha,inDrop2,-5.495235,5.7958694
5256,beta,inDrop2,-3.3525174,-9.317564
5257,alpha,inDrop2,-1.4028656,8.911325
5258,beta,inDrop2,-2.4446526,-8.0294075
5259,beta,inDrop2,-2.27369,-8.101831
5260,endothelial,inDrop2,4.9643273,-7.176661
5261,beta,inDrop2,-2.9162524,-6.3819976
5262,mast,inDrop2,3.5973258,3.0792084
5263,gamma,inDrop2,-5.562871,-0.07072556
5264,gamma,inDrop2,-5.3085337,0.25940543
5265,alpha,inDrop2,-1.3559647,8.896221
5266,ductal,inDrop2,9.424382,5.052275
5267,mast,inDrop2,3.6138518,3.0861545
5268,alpha,inDrop2,-5.5066414,7.6154804
5269,alpha,inDrop2,-4.324552,8.713175
5270,alpha,inDrop2,-1.3808806,8.925658
5271,beta,inDrop2,-2.8733015,-8.33785
5272,alpha,inDrop2,-1.3483696,8.908196
5273,alpha,inDrop2,-4.3336773,9.185357
5274,alpha,inDrop2,-5.1854444,5.9657454
5275,alpha,inDrop2,-4.167079,7.0474854
5276,alpha,inDrop2,-5.2434287,6.2402773
5277,ductal,inDrop2,5.5636144,6.405644
5278,alpha,inDrop2,-1.4656945,8.873269
5279,beta,inDrop2,-4.4861546,-7.9628553
5280,beta,inDrop2,-3.0052507,-5.7010894
5281,alpha,inDrop2,-3.7945647,8.693004
5282,activated_stellate,inDrop2,4.932389,-2.810225
5283,mast,inDrop2,3.6167917,3.1014829
5284,activated_stellate,inDrop2,-6.187704,-0.024593286
5285,alpha,inDrop2,-4.329855,8.678048
5286,ductal,inDrop2,7.054708,5.388091
5287,beta,inDrop2,-2.2734196,-7.6974187
5288,alpha,inDrop2,-4.7831764,9.427184
5289,ductal,inDrop2,8.010066,5.5018926
5290,gamma,inDrop2,-5.4754953,-0.06652087
5291,beta,inDrop2,-2.262897,-7.7215037
5292,beta,inDrop2,-4.4767256,-10.017334
5293,alpha,inDrop2,-3.2488854,7.827528
5294,beta,inDrop2,-1.9247609,-7.3884363
5295,alpha,inDrop2,-1.33976,8.948906
5296,gamma,inDrop2,-5.7189946,-0.1351446
5297,beta,inDrop2,-1.7996988,-7.752057
5298,activated_stellate,inDrop2,4.9921966,-2.7902808
5299,macrophage,inDrop2,4.342398,1.8600867
5300,ductal,inDrop2,12.043929,-1.7286193
5301,activated_stellate,inDrop2,4.977287,-3.5018387
5302,alpha,inDrop2,-4.53846,7.161964
5303,acinar,inDrop3,12.232163,-4.1451535
5304,acinar,inDrop3,11.535719,-3.610639
5305,acinar,inDrop3,11.113729,-3.9864607
5306,acinar,inDrop3,12.322478,-2.738717
5307,acinar,inDrop3,12.561193,-2.7601893
5308,acinar,inDrop3,13.701621,-3.2473774
5309,acinar,inDrop3,12.899234,-2.9493642
5310,acinar,inDrop3,13.651918,-3.383497
5311,acinar,inDrop3,13.548075,-3.2437954
5312,acinar,inDrop3,11.227747,-3.6454372
5313,acinar,inDrop3,12.241641,-3.5753846
5314,acinar,inDrop3,13.150554,-3.7054431
5315,acinar,inDrop3,12.274407,-4.0341225
5316,acinar,inDrop3,12.941996,-3.2607183
5317,acinar,inDrop3,11.404276,-3.2208502
5318,acinar,inDrop3,11.034355,-3.8519957
5319,acinar,inDrop3,11.063399,-3.666357
5320,acinar,inDrop3,12.347098,-4.0605097
5321,acinar,inDrop3,13.614794,-3.3193574
5322,acinar,inDrop3,12.145155,-3.015611
5323,acinar,inDrop3,12.18438,-3.5106993
5324,acinar,inDrop3,11.173416,-3.736605
5325,acinar,inDrop3,11.482693,-2.9794037
5326,acinar,inDrop3,10.647192,-3.7128818
5327,acinar,inDrop3,12.522271,-3.5223827
5328,acinar,inDrop3,11.303941,-3.994754
5329,acinar,inDrop3,12.948216,-3.870366
5330,delta,inDrop3,0.28097284,-0.12839408
5331,acinar,inDrop3,11.629655,-2.9139378
5332,delta,inDrop3,1.0535706,-0.4666725
5333,acinar,inDrop3,10.963337,-3.372401
5334,acinar,inDrop3,11.004123,-3.583413
5335,acinar,inDrop3,11.357796,-2.8980215
5336,acinar,inDrop3,12.763489,-3.2600489
5337,acinar,inDrop3,11.754102,-3.3406336
5338,acinar,inDrop3,13.131629,-3.0679255
5339,acinar,inDrop3,11.357942,-2.2700002
5340,acinar,inDrop3,13.647969,-3.3734922
5341,delta,inDrop3,0.51863277,0.58594245
5342,acinar,inDrop3,12.235471,-3.8087928
5343,acinar,inDrop3,12.968792,-3.2060125
5344,acinar,inDrop3,12.480664,-3.69658
5345,acinar,inDrop3,11.334748,-4.2654347
5346,acinar,inDrop3,13.380669,-3.0703025
5347,acinar,inDrop3,11.068483,-3.6729364
5348,acinar,inDrop3,13.643803,-3.305377
5349,acinar,inDrop3,13.141633,-3.0125241
5350,ductal,inDrop3,8.082666,5.4462485
5351,acinar,inDrop3,12.564711,-2.469815
5352,acinar,inDrop3,11.119145,-2.9844053
5353,acinar,inDrop3,13.003021,-3.3022957
5354,acinar,inDrop3,12.450074,-2.5706885
5355,acinar,inDrop3,12.023325,-3.2696352
5356,acinar,inDrop3,11.560288,-2.9340172
5357,acinar,inDrop3,11.40258,-3.578845
5358,alpha,inDrop3,-2.5521836,5.512475
5359,acinar,inDrop3,12.351759,-2.931358
5360,acinar,inDrop3,11.804315,-4.1605015
5361,acinar,inDrop3,13.664779,-3.2187817
5362,acinar,inDrop3,11.286217,-3.367383
5363,acinar,inDrop3,12.576966,-4.071166
5364,acinar,inDrop3,11.042932,-3.9652946
5365,acinar,inDrop3,12.451893,-3.6417959
5366,beta,inDrop3,-3.3283784,-6.6929975
5367,ductal,inDrop3,8.448676,5.531245
5368,acinar,inDrop3,7.886161,4.02081
5369,acinar,inDrop3,11.642268,-3.509505
5370,alpha,inDrop3,-2.2642565,6.0427594
5371,acinar,inDrop3,12.922981,-3.881694
5372,acinar,inDrop3,10.916417,-3.4151618
5373,endothelial,inDrop3,5.083632,-6.837054
5374,acinar,inDrop3,12.745497,-2.9857883
5375,acinar,inDrop3,13.379042,-2.9625027
5376,acinar,inDrop3,11.127741,-3.889388
5377,delta,inDrop3,0.528359,0.5727836
5378,acinar,inDrop3,12.7220955,-2.7000275
5379,acinar,inDrop3,11.844314,-3.7261806
5380,acinar,inDrop3,10.994529,-3.682429
5381,acinar,inDrop3,11.80562,-4.252764
5382,acinar,inDrop3,11.323602,-3.6200747
5383,alpha,inDrop3,-1.6396604,7.8239183
5384,acinar,inDrop3,12.492356,-2.643466
5385,alpha,inDrop3,-2.9147732,6.2137933
5386,acinar,inDrop3,11.579097,-4.1123543
5387,acinar,inDrop3,12.917671,-2.7846267
5388,acinar,inDrop3,13.6358185,-3.3023777
5389,acinar,inDrop3,11.120969,-3.953319
5390,activated_stellate,inDrop3,4.6455145,-4.0833607
5391,acinar,inDrop3,12.327897,-3.9386652
5392,acinar,inDrop3,11.12703,-3.2916067
5393,delta,inDrop3,0.39549014,0.52372026
5394,acinar,inDrop3,12.618484,-3.9670353
5395,acinar,inDrop3,12.529657,-4.121468
5396,acinar,inDrop3,11.270162,-2.974423
5397,acinar,inDrop3,12.880155,-3.0896
5398,acinar,inDrop3,13.681344,-3.2489
5399,acinar,inDrop3,12.421477,-3.5281916
5400,acinar,inDrop3,12.252432,-3.8233979
5401,beta,inDrop3,-0.6886313,-7.708788
5402,beta,inDrop3,-4.441069,-7.2838445
5403,acinar,inDrop3,12.63715,-2.7592208
5404,alpha,inDrop3,-4.0527825,7.174344
5405,alpha,inDrop3,-2.883603,6.218152
5406,delta,inDrop3,0.52815443,-0.31597754
5407,acinar,inDrop3,13.45168,-3.2219539
5408,delta,inDrop3,0.81046534,0.77792436
5409,acinar,inDrop3,12.742808,-3.975717
5410,acinar,inDrop3,11.318892,-2.836059
5411,acinar,inDrop3,11.250436,-4.227034
5412,delta,inDrop3,1.1007074,0.84611225
5413,alpha,inDrop3,-5.6414785,7.343058
5414,acinar,inDrop3,11.917228,-3.972021
5415,acinar,inDrop3,11.733862,-3.995353
5416,delta,inDrop3,0.6987424,-0.7088841
5417,alpha,inDrop3,-2.7191567,6.108052
5418,acinar,inDrop3,12.891956,-3.1077886
5419,acinar,inDrop3,13.284521,-3.2083447
5420,alpha,inDrop3,-1.7392236,6.972559
5421,acinar,inDrop3,11.811495,-3.087793
5422,acinar,inDrop3,11.05654,-3.2584255
5423,acinar,inDrop3,12.075358,-1.9214321
5424,beta,inDrop3,-3.0926523,-6.6146727
5425,acinar,inDrop3,13.156257,-3.432818
5426,acinar,inDrop3,12.808124,-3.9768362
5427,acinar,inDrop3,13.104697,-3.1852665
5428,beta,inDrop3,-4.8067207,-7.8656216
5429,alpha,inDrop3,-5.507969,7.606656
5430,delta,inDrop3,0.44490904,0.49077624
5431,alpha,inDrop3,-3.5984895,8.267287
5432,delta,inDrop3,0.82749087,0.7817266
5433,acinar,inDrop3,12.539173,-3.7094762
5434,beta,inDrop3,-3.180803,-7.64778
5435,ductal,inDrop3,9.365859,5.8370585
5436,beta,inDrop3,-1.1995473,-8.948587
5437,ductal,inDrop3,7.299753,4.753715
5438,delta,inDrop3,1.2009925,0.8539998
5439,beta,inDrop3,-3.709324,-7.2638197
5440,acinar,inDrop3,12.940807,-3.9714375
5441,alpha,inDrop3,-3.697993,5.61095
5442,beta,inDrop3,-1.7609713,-6.5245414
5443,delta,inDrop3,1.0398948,0.1284365
5444,activated_stellate,inDrop3,4.8700004,-3.816579
5445,beta,inDrop3,-4.438007,-9.37278
5446,alpha,inDrop3,-4.414876,9.185223
5447,delta,inDrop3,0.8138132,-0.6606159
5448,acinar,inDrop3,11.336052,-3.167016
5449,beta,inDrop3,-0.9120008,-6.9588118
5450,alpha,inDrop3,-1.9929404,6.786905
5451,beta,inDrop3,-2.945609,-6.5188646
5452,acinar,inDrop3,13.100085,-3.452758
5453,beta,inDrop3,-0.9120933,-6.945462
5454,alpha,inDrop3,-5.1957827,5.8049946
5455,alpha,inDrop3,-1.6994381,7.434705
5456,beta,inDrop3,-3.0387738,-6.299969
5457,acinar,inDrop3,13.181348,-2.9191287
5458,alpha,inDrop3,-2.3689773,5.535589
5459,activated_stellate,inDrop3,5.003539,-3.309666
5460,acinar,inDrop3,11.972865,-2.9258387
5461,beta,inDrop3,-1.5653884,-7.216074
5462,ductal,inDrop3,9.142336,3.2782304
5463,acinar,inDrop3,12.821851,-3.7758038
5464,ductal,inDrop3,8.325888,4.636371
5465,beta,inDrop3,-2.3231864,-8.928359
5466,beta,inDrop3,-3.431396,-6.454115
5467,delta,inDrop3,0.98103034,-0.100897245
5468,beta,inDrop3,-3.9449632,-6.538164
5469,beta,inDrop3,-0.9936515,-7.0180097
5470,acinar,inDrop3,11.020586,-4.059431
5471,alpha,inDrop3,-2.4298115,5.4060984
5472,acinar,inDrop3,11.399907,-4.03536
5473,alpha,inDrop3,-2.0496993,5.3927116
5474,acinar,inDrop3,12.411652,-1.7316936
5475,alpha,inDrop3,-5.721294,8.337528
5476,acinar,inDrop3,11.356542,-2.8952923
5477,beta,inDrop3,-3.6000814,-7.3814054
5478,beta,inDrop3,-3.1715815,-9.991102
5479,alpha,inDrop3,-2.5865498,7.254607
5480,beta,inDrop3,-4.4224973,-7.236392
5481,acinar,inDrop3,11.166546,-3.6837678
5482,beta,inDrop3,-2.9945168,-9.361454
5483,acinar,inDrop3,12.380853,-3.6990893
5484,alpha,inDrop3,-3.1781797,6.158955
5485,beta,inDrop3,-3.6607668,-6.959852
5486,alpha,inDrop3,-5.6792364,7.110107
5487,acinar,inDrop3,12.346655,-2.5117633
5488,alpha,inDrop3,-2.024304,6.1756935
5489,alpha,inDrop3,-3.37581,5.806206
5490,delta,inDrop3,0.65072894,-0.8153727
5491,beta,inDrop3,10.69627,-2.767426
5492,acinar,inDrop3,11.274695,-3.586314
5493,alpha,inDrop3,-4.065641,6.351567
5494,delta,inDrop3,0.62790424,-0.63299626
5495,delta,inDrop3,1.3911577,-0.39712554
5496,delta,inDrop3,0.7713958,0.7570278
5497,acinar,inDrop3,11.495267,-2.5732198
5498,acinar,inDrop3,11.068987,-4.0778146
5499,acinar,inDrop3,12.683197,-3.3443809
5500,alpha,inDrop3,-1.4928309,7.2786145
5501,beta,inDrop3,-0.7138752,-8.038438
5502,acinar,inDrop3,12.958479,-3.6534529
5503,acinar,inDrop3,11.640079,-4.1504364
5504,beta,inDrop3,-2.2851925,-6.528723
5505,beta,inDrop3,-4.5644603,-10.004527
5506,acinar,inDrop3,12.679001,-2.7421362
5507,alpha,inDrop3,-4.017464,6.6184206
5508,ductal,inDrop3,7.782816,4.1104565
5509,alpha,inDrop3,-3.8814583,6.6972857
5510,beta,inDrop3,-5.316553,-7.5202785
5511,acinar,inDrop3,11.900514,-3.731089
5512,beta,inDrop3,-3.6928031,-8.682014
5513,acinar,inDrop3,12.3209915,-2.7277222
5514,acinar,inDrop3,10.9181595,-3.539243
5515,beta,inDrop3,-2.485257,-9.068855
5516,acinar,inDrop3,11.348536,-3.2364607
5517,acinar,inDrop3,11.650078,-3.00866
5518,delta,inDrop3,0.62105197,-0.48081812
5519,delta,inDrop3,0.58845425,0.41585344
5520,beta,inDrop3,-4.2139654,-9.133352
5521,beta,inDrop3,-3.8901355,-8.70022
5522,acinar,inDrop3,11.54335,-3.5277407
5523,alpha,inDrop3,-3.8599648,7.74424
5524,alpha,inDrop3,-3.91741,7.2538304
5525,alpha,inDrop3,-3.9728982,7.4318933
5526,acinar,inDrop3,12.222302,-2.427288
5527,ductal,inDrop3,7.6501045,4.720258
5528,beta,inDrop3,-1.9171929,-4.967266
5529,alpha,inDrop3,-2.767668,5.504819
5530,ductal,inDrop3,8.595487,4.2960854
5531,alpha,inDrop3,-4.0360985,9.267271
5532,acinar,inDrop3,10.983636,-3.214583
5533,activated_stellate,inDrop3,4.8134747,-3.689866
5534,alpha,inDrop3,-5.3745184,6.692489
5535,beta,inDrop3,-2.4884517,-5.720169
5536,beta,inDrop3,-2.4643736,-6.7804055
5537,beta,inDrop3,-2.5630586,-7.8139863
5538,alpha,inDrop3,-2.1633165,5.79745
5539,alpha,inDrop3,-1.4174979,5.856192
5540,acinar,inDrop3,12.753291,-2.872723
5541,alpha,inDrop3,-3.987259,6.1166906
5542,alpha,inDrop3,-3.842452,6.303191
5543,beta,inDrop3,-0.60843027,-6.9928575
5544,beta,inDrop3,-0.80672777,-6.8853264
5545,alpha,inDrop3,-4.860966,6.6552043
5546,acinar,inDrop3,11.061157,-2.973736
5547,beta,inDrop3,-2.666665,-8.976937
5548,acinar,inDrop3,11.510997,-2.882915
5549,ductal,inDrop3,6.975514,5.266183
5550,beta,inDrop3,-1.4697169,-8.751563
5551,beta,inDrop3,-3.216455,-8.869768
5552,alpha,inDrop3,-3.7479231,5.4543204
5553,alpha,inDrop3,-5.619575,7.688343
5554,alpha,inDrop3,-2.5834026,6.9538717
5555,acinar,inDrop3,12.383358,-3.9317958
5556,alpha,inDrop3,-3.031664,6.7014036
5557,acinar,inDrop3,11.050796,-3.5595286
5558,alpha,inDrop3,-3.1581001,7.008038
5559,beta,inDrop3,-1.2318368,-7.3969827
5560,alpha,inDrop3,-2.0613215,8.056859
5561,beta,inDrop3,-4.1358843,-9.319132
5562,beta,inDrop3,-2.8102689,-7.2977166
5563,delta,inDrop3,0.5389798,0.53050876
5564,activated_stellate,inDrop3,4.930831,-3.7971852
5565,alpha,inDrop3,-2.8591306,6.0668116
5566,acinar,inDrop3,11.809866,-3.8101943
5567,ductal,inDrop3,7.178118,3.9444506
5568,alpha,inDrop3,-2.6137865,5.527866
5569,alpha,inDrop3,-2.6032727,5.1649036
5570,acinar,inDrop3,11.556094,-3.0610487
5571,beta,inDrop3,-2.3937101,-6.0180945
5572,acinar,inDrop3,13.493073,-3.133065
5573,delta,inDrop3,0.71958184,-0.66963226
5574,delta,inDrop3,1.4319314,0.29102358
5575,alpha,inDrop3,-1.5758754,6.41758
5576,delta,inDrop3,0.9415201,0.8540105
5577,beta,inDrop3,-2.8580928,-8.741855
5578,activated_stellate,inDrop3,4.789094,-3.9116879
5579,alpha,inDrop3,-5.7039256,7.6958213
5580,beta,inDrop3,-2.9007564,-6.425944
5581,acinar,inDrop3,12.606978,-3.5641272
5582,alpha,inDrop3,-2.2637413,7.915272
5583,alpha,inDrop3,-2.4620605,5.510825
5584,acinar,inDrop3,11.342255,-3.1336784
5585,beta,inDrop3,-4.0175347,-9.184363
5586,ductal,inDrop3,9.172281,3.2661896
5587,alpha,inDrop3,-4.1628294,7.8997965
5588,alpha,inDrop3,-5.522496,7.1464915
5589,beta,inDrop3,-4.161497,-7.2523026
5590,ductal,inDrop3,8.188873,4.590246
5591,alpha,inDrop3,-3.0139124,6.23113
5592,quiescent_stellate,inDrop3,6.4497476,-2.0395608
5593,alpha,inDrop3,-2.1563375,5.2600183
5594,ductal,inDrop3,7.465262,3.7819474
5595,alpha,inDrop3,-2.656287,8.2197275
5596,beta,inDrop3,-3.1000063,-7.3871193
5597,alpha,inDrop3,-2.864094,5.8735895
5598,alpha,inDrop3,-4.0390882,6.7494974
5599,alpha,inDrop3,-5.308573,7.4439363
5600,delta,inDrop3,0.33330932,0.61184394
5601,alpha,inDrop3,-2.3054419,6.7911468
5602,acinar,inDrop3,12.171316,-3.9354076
5603,delta,inDrop3,1.0132898,0.6568731
5604,acinar,inDrop3,11.553404,-3.3765554
5605,alpha,inDrop3,-5.098039,5.6276984
5606,beta,inDrop3,-0.5447997,-6.9298215
5607,ductal,inDrop3,7.069095,3.7187612
5608,ductal,inDrop3,8.59857,5.788991
5609,acinar,inDrop3,13.304601,-3.3231533
5610,ductal,inDrop3,7.9327974,4.3439546
5611,ductal,inDrop3,9.193615,3.285439
5612,delta,inDrop3,0.47868624,0.2287042
5613,alpha,inDrop3,-2.4997952,5.0946636
5614,beta,inDrop3,-2.1170936,-8.824205
5615,beta,inDrop3,-2.9546478,-9.148899
5616,delta,inDrop3,1.0309765,-0.43109554
5617,alpha,inDrop3,-4.992956,8.174916
5618,beta,inDrop3,-1.7078998,-6.0312634
5619,beta,inDrop3,-3.63877,-6.8378954
5620,alpha,inDrop3,-3.5209146,6.128513
5621,alpha,inDrop3,-3.6685472,6.379681
5622,endothelial,inDrop3,4.7513146,-6.733767
5623,alpha,inDrop3,-1.9844126,7.0134025
5624,beta,inDrop3,-1.9045604,-6.913196
5625,beta,inDrop3,-2.9072306,-6.3365474
5626,alpha,inDrop3,-1.632397,5.8555517
5627,alpha,inDrop3,-3.4192765,5.4841433
5628,acinar,inDrop3,11.764351,-3.516999
5629,beta,inDrop3,-3.7221236,-8.975229
5630,alpha,inDrop3,-2.896106,6.346112
5631,beta,inDrop3,-2.2451813,-5.2518573
5632,acinar,inDrop3,11.4192,-4.1831594
5633,acinar,inDrop3,12.90817,-3.9654233
5634,alpha,inDrop3,-1.6260092,5.8033824
5635,beta,inDrop3,-2.2421517,-9.100975
5636,alpha,inDrop3,-1.720412,7.721021
5637,alpha,inDrop3,-2.9824574,6.321627
5638,alpha,inDrop3,-3.5753503,5.6897326
5639,alpha,inDrop3,-3.6556816,6.3132644
5640,ductal,inDrop3,7.105593,3.7180433
5641,delta,inDrop3,1.2227077,-0.08511503
5642,alpha,inDrop3,-2.6347246,8.4674635
5643,ductal,inDrop3,8.0287895,4.1175103
5644,ductal,inDrop3,7.855448,4.6662354
5645,beta,inDrop3,-1.415831,-7.0636234
5646,beta,inDrop3,-1.5396484,-8.501968
5647,delta,inDrop3,-1.1849542,-8.479298
5648,activated_stellate,inDrop3,4.723347,-4.381039
5649,beta,inDrop3,-0.7431796,-7.2495785
5650,beta,inDrop3,-4.623503,-7.6986647
5651,acinar,inDrop3,10.922861,-3.554374
5652,alpha,inDrop3,-1.9367319,7.277713
5653,alpha,inDrop3,-1.7806885,6.2461476
5654,alpha,inDrop3,-4.3193703,9.247072
5655,acinar,inDrop3,11.781675,-3.6356828
5656,alpha,inDrop3,-2.5639293,6.2619405
5657,beta,inDrop3,-2.8638678,-6.672201
5658,alpha,inDrop3,-3.3575177,5.6921234
5659,beta,inDrop3,-4.098083,-8.994095
5660,alpha,inDrop3,-2.3221204,5.111932
5661,delta,inDrop3,1.1424371,-0.44075483
5662,acinar,inDrop3,12.879037,-3.9924614
5663,activated_stellate,inDrop3,4.585036,-4.097915
5664,acinar,inDrop3,11.439251,-2.53253
5665,alpha,inDrop3,-1.4359108,5.899408
5666,beta,inDrop3,-1.4674953,-6.5091643
5667,activated_stellate,inDrop3,4.8929167,-3.8463666
5668,alpha,inDrop3,-3.2376466,7.56003
5669,alpha,inDrop3,-3.8359087,5.4017067
5670,alpha,inDrop3,-2.6496723,5.251877
5671,alpha,inDrop3,-3.4526896,5.6236987
5672,alpha,inDrop3,-2.1706593,6.4796457
5673,acinar,inDrop3,11.668897,-3.3347087
5674,alpha,inDrop3,-3.6506155,7.4718804
5675,acinar,inDrop3,11.607615,-3.9099677
5676,alpha,inDrop3,-2.6859457,5.0783443
5677,alpha,inDrop3,-3.6978216,5.833236
5678,ductal,inDrop3,8.558304,4.7491455
5679,beta,inDrop3,-3.3451982,-8.950298
5680,alpha,inDrop3,-1.9439708,5.345849
5681,delta,inDrop3,0.5547772,0.6222477
5682,beta,inDrop3,-3.8061965,-8.554568
5683,activated_stellate,inDrop3,5.094751,-3.5613785
5684,ductal,inDrop3,7.679005,4.422511
5685,beta,inDrop3,-3.3484674,-8.973532
5686,alpha,inDrop3,-2.9098797,6.0153747
5687,acinar,inDrop3,11.265045,-2.2611017
5688,alpha,inDrop3,-2.8042314,5.9204397
5689,alpha,inDrop3,-2.5918128,5.2144947
5690,alpha,inDrop3,-2.7599282,5.254009
5691,acinar,inDrop3,11.333089,-3.558189
5692,alpha,inDrop3,-1.9384842,5.9769006
5693,acinar,inDrop3,12.926563,-3.0033114
5694,activated_stellate,inDrop3,4.725103,-4.036785
5695,alpha,inDrop3,-3.015223,7.83942
5696,beta,inDrop3,-2.0639856,-8.842982
5697,beta,inDrop3,-2.552808,-7.532504
5698,beta,inDrop3,-3.331441,-6.855412
5699,activated_stellate,inDrop3,4.8936725,-3.7051153
5700,acinar,inDrop3,12.646714,-3.0214667
5701,alpha,inDrop3,-3.5954177,8.186736
5702,ductal,inDrop3,8.477933,3.6448088
5703,alpha,inDrop3,-3.11319,5.23254
5704,beta,inDrop3,-0.9384665,-6.96971
5705,beta,inDrop3,-0.8125845,-6.856708
5706,beta,inDrop3,-3.5179586,-6.289421
5707,alpha,inDrop3,-1.6868414,5.898147
5708,delta,inDrop3,0.8315291,0.73353356
5709,alpha,inDrop3,-3.4736242,6.08397
5710,beta,inDrop3,-0.85187024,-7.0079904
5711,beta,inDrop3,-0.90644103,-7.097047
5712,alpha,inDrop3,-3.0297048,5.8418474
5713,beta,inDrop3,-2.0224526,-6.3106165
5714,beta,inDrop3,-2.2479026,-5.2032566
5715,alpha,inDrop3,-1.6081967,6.979715
5716,beta,inDrop3,-3.2808933,-4.311823
5717,alpha,inDrop3,-2.6652896,7.163953
5718,alpha,inDrop3,-1.584734,6.9780965
5719,alpha,inDrop3,-5.888791,8.500901
5720,alpha,inDrop3,-2.066116,5.4639187
5721,acinar,inDrop3,11.324024,-3.6636786
5722,alpha,inDrop3,-2.7112153,5.6191363
5723,beta,inDrop3,-2.889432,-5.88193
5724,acinar,inDrop3,12.495394,-3.6508083
5725,beta,inDrop3,-2.3772376,-5.6042414
5726,beta,inDrop3,-2.6177118,-6.5863657
5727,alpha,inDrop3,-3.9887054,8.833158
5728,delta,inDrop3,0.6099322,0.7297689
5729,alpha,inDrop3,-4.4688582,5.652046
5730,alpha,inDrop3,-1.9163175,6.0920405
5731,alpha,inDrop3,-1.7861878,7.2019305
5732,delta,inDrop3,1.2648585,0.8015619
5733,beta,inDrop3,-1.696566,-6.401495
5734,ductal,inDrop3,7.2626085,3.7331257
5735,ductal,inDrop3,7.8637586,4.6457677
5736,beta,inDrop3,-1.7613512,-8.272929
5737,ductal,inDrop3,8.010968,4.5747995
5738,endothelial,inDrop3,4.592069,-6.565947
5739,ductal,inDrop3,7.2020864,3.834975
5740,alpha,inDrop3,-1.8498579,6.9182086
5741,acinar,inDrop3,10.959278,-3.423627
5742,acinar,inDrop3,11.554419,-3.0131087
5743,alpha,inDrop3,-1.6271226,6.901875
5744,alpha,inDrop3,-3.7889073,6.2996397
5745,beta,inDrop3,-3.7317576,-8.592335
5746,alpha,inDrop3,-2.2326505,6.7217298
5747,alpha,inDrop3,-3.0419035,5.2602253
5748,beta,inDrop3,-2.952254,-7.114403
5749,acinar,inDrop3,12.57069,-2.8774245
5750,alpha,inDrop3,-2.5594516,6.985886
5751,beta,inDrop3,-4.0959945,-8.544213
5752,alpha,inDrop3,-1.5918634,7.566393
5753,alpha,inDrop3,-3.2894955,5.976081
5754,alpha,inDrop3,-3.7337573,6.5824533
5755,activated_stellate,inDrop3,5.126766,-3.623293
5756,alpha,inDrop3,-3.8855076,6.717052
5757,alpha,inDrop3,-1.1130255,6.0911174
5758,gamma,inDrop3,-5.493257,0.37992156
5759,beta,inDrop3,-3.881273,-9.087621
5760,ductal,inDrop3,8.549837,5.353609
5761,beta,inDrop3,-1.0623617,-8.122264
5762,beta,inDrop3,-3.4557393,-8.9142
5763,alpha,inDrop3,-2.4973724,5.702696
5764,ductal,inDrop3,7.2648025,4.0869484
5765,beta,inDrop3,-1.1316323,-7.12931
5766,alpha,inDrop3,-3.7281847,5.1867514
5767,alpha,inDrop3,-5.5823536,8.702929
5768,alpha,inDrop3,-5.335937,7.637598
5769,alpha,inDrop3,-2.9758658,5.2016315
5770,alpha,inDrop3,-2.0500126,5.7026753
5771,ductal,inDrop3,7.2174993,3.7407305
5772,activated_stellate,inDrop3,4.894683,-3.7811546
5773,alpha,inDrop3,-3.8362362,5.593907
5774,alpha,inDrop3,-2.3160064,5.3605456
5775,delta,inDrop3,0.5710278,0.67908615
5776,beta,inDrop3,-0.57775855,-6.9767365
5777,alpha,inDrop3,-2.368171,5.7811804
5778,acinar,inDrop3,12.691153,-2.746242
5779,alpha,inDrop3,-4.107881,6.1184025
5780,alpha,inDrop3,-4.243143,6.46228
5781,beta,inDrop3,-0.83331424,-8.302741
5782,ductal,inDrop3,8.585668,5.733979
5783,alpha,inDrop3,-3.1551425,7.6862645
5784,delta,inDrop3,0.22559401,-0.5458295
5785,acinar,inDrop3,13.165771,-3.0346763
5786,acinar,inDrop3,12.357929,-4.0790744
5787,beta,inDrop3,-2.717482,-7.306074
5788,alpha,inDrop3,-4.058902,6.312827
5789,alpha,inDrop3,-3.209302,5.447946
5790,ductal,inDrop3,8.68534,4.8698025
5791,macrophage,inDrop3,4.3561554,1.8532449
5792,alpha,inDrop3,-5.345525,5.7310658
5793,delta,inDrop3,0.44254893,0.40235806
5794,beta,inDrop3,-1.1110195,-6.754097
5795,alpha,inDrop3,-2.8854375,6.1980386
5796,beta,inDrop3,-3.1830747,-7.1555595
5797,ductal,inDrop3,7.8710833,4.109734
5798,ductal,inDrop3,9.467843,5.5726666
5799,alpha,inDrop3,-2.9476862,5.217756
5800,alpha,inDrop3,-3.0619357,5.317165
5801,activated_stellate,inDrop3,5.147216,-3.538365
5802,ductal,inDrop3,7.147251,3.7075465
5803,endothelial,inDrop3,4.8993306,-7.085719
5804,gamma,inDrop3,-5.810438,0.5392031
5805,alpha,inDrop3,-2.403917,5.4533706
5806,beta,inDrop3,-1.2648978,-6.7126517
5807,acinar,inDrop3,11.139092,-3.565711
5808,alpha,inDrop3,-3.4468086,7.213031
5809,alpha,inDrop3,-4.046704,7.5239954
5810,alpha,inDrop3,-3.5291004,8.609155
5811,beta,inDrop3,-3.949797,-8.615955
5812,alpha,inDrop3,-2.9780612,5.098436
5813,alpha,inDrop3,-3.805557,7.9591827
5814,gamma,inDrop3,-5.726845,0.15085354
5815,beta,inDrop3,-3.2950368,-7.1111064
5816,alpha,inDrop3,-2.722402,7.024906
5817,ductal,inDrop3,8.568793,5.627208
5818,delta,inDrop3,-0.5755518,-6.833919
5819,ductal,inDrop3,8.625812,3.7182252
5820,alpha,inDrop3,-3.031131,6.0236793
5821,alpha,inDrop3,-3.191303,5.2034426
5822,endothelial,inDrop3,5.0237675,-7.1413126
5823,alpha,inDrop3,-5.0208592,5.811665
5824,alpha,inDrop3,-5.016729,5.625273
5825,beta,inDrop3,-2.7860706,-8.516738
5826,activated_stellate,inDrop3,4.9406447,-3.7779818
5827,alpha,inDrop3,-2.6844366,6.2156787
5828,acinar,inDrop3,13.0870075,-3.2057612
5829,alpha,inDrop3,-5.541136,8.5394335
5830,beta,inDrop3,-0.5552546,-7.0663
5831,ductal,inDrop3,7.040669,3.7164478
5832,acinar,inDrop3,10.991998,-3.4355755
5833,beta,inDrop3,-5.453351,-7.7227697
5834,beta,inDrop3,-1.7658818,-6.08542
5835,beta,inDrop3,-0.543413,-7.045821
5836,alpha,inDrop3,-4.131423,5.4668365
5837,delta,inDrop3,0.5378532,0.4158448
5838,acinar,inDrop3,11.142165,-3.7190187
5839,alpha,inDrop3,-2.745042,8.734971
5840,beta,inDrop3,-3.013369,-9.107036
5841,alpha,inDrop3,-1.6885002,7.143919
5842,ductal,inDrop3,7.7308083,3.9912615
5843,alpha,inDrop3,-2.6039028,5.449274
5844,alpha,inDrop3,-2.464961,5.1805243
5845,beta,inDrop3,-0.9958155,-8.188248
5846,alpha,inDrop3,-2.4358726,5.475354
5847,acinar,inDrop3,12.946443,-3.949927
5848,acinar,inDrop3,11.194241,-3.9894485
5849,beta,inDrop3,-0.87727267,-7.054746
5850,beta,inDrop3,-3.2974186,-6.957229
5851,alpha,inDrop3,-2.987855,5.8035927
5852,ductal,inDrop3,7.619075,3.8408186
5853,ductal,inDrop3,7.284886,3.8426476
5854,alpha,inDrop3,-2.0314002,5.586642
5855,beta,inDrop3,-2.8304925,-9.206338
5856,ductal,inDrop3,7.818123,5.1923933
5857,alpha,inDrop3,-1.6654799,6.9366555
5858,macrophage,inDrop3,4.360868,1.8506148
5859,ductal,inDrop3,7.3806396,3.8725967
5860,acinar,inDrop3,12.201162,-3.1374984
5861,beta,inDrop3,-1.6036767,-7.782008
5862,acinar,inDrop3,11.794382,-3.177779
5863,beta,inDrop3,-1.0656507,-8.562092
5864,ductal,inDrop3,8.429715,4.039685
5865,gamma,inDrop3,-5.8820963,0.4243848
5866,ductal,inDrop3,7.8993587,4.43781
5867,alpha,inDrop3,-4.6251373,9.113005
5868,alpha,inDrop3,-2.5656602,5.1207013
5869,ductal,inDrop3,8.339752,4.0098953
5870,alpha,inDrop3,-2.7290204,5.0578413
5871,alpha,inDrop3,-5.048376,8.699007
5872,delta,inDrop3,0.6765895,0.7768088
5873,ductal,inDrop3,7.756464,3.8282754
5874,acinar,inDrop3,12.1176195,-3.1244678
5875,alpha,inDrop3,-1.5172468,5.833557
5876,alpha,inDrop3,-3.970501,6.7027903
5877,alpha,inDrop3,-3.0893588,5.300238
5878,ductal,inDrop3,8.338396,5.874952
5879,ductal,inDrop3,7.784872,4.3472233
5880,ductal,inDrop3,7.7344327,4.436778
5881,ductal,inDrop3,7.0985894,4.173929
5882,acinar,inDrop3,12.555352,-3.1170642
5883,alpha,inDrop3,-1.7911403,7.727111
5884,alpha,inDrop3,-3.494286,6.1676207
5885,delta,inDrop3,1.0608802,-0.09896935
5886,delta,inDrop3,1.260659,-0.5909347
5887,alpha,inDrop3,-1.5278056,7.5168734
5888,alpha,inDrop3,-4.0936904,6.760893
5889,ductal,inDrop3,8.910272,3.9312887
5890,acinar,inDrop3,13.376631,-3.0242994
5891,alpha,inDrop3,-5.6525064,7.866366
5892,alpha,inDrop3,-2.6899865,5.207877
5893,beta,inDrop3,-3.2164059,-9.1034975
5894,alpha,inDrop3,-3.781936,6.3186893
5895,activated_stellate,inDrop3,4.7303433,-4.045191
5896,ductal,inDrop3,8.001259,4.4858103
5897,alpha,inDrop3,-1.776703,7.2441425
5898,activated_stellate,inDrop3,5.25007,-3.4586976
5899,alpha,inDrop3,-5.343847,5.788565
5900,acinar,inDrop3,10.990763,-3.7297366
5901,ductal,inDrop3,7.4626136,4.5137963
5902,alpha,inDrop3,-2.022033,6.0970006
5903,alpha,inDrop3,-3.3463345,5.372515
5904,alpha,inDrop3,-3.7691941,6.5302463
5905,acinar,inDrop3,12.515047,-2.980175
5906,activated_stellate,inDrop3,5.1936746,-3.4987543
5907,endothelial,inDrop3,4.5016747,-6.0126925
5908,beta,inDrop3,-1.0042944,-6.71089
5909,alpha,inDrop3,-3.4240222,6.1286054
5910,ductal,inDrop3,7.5151014,4.2730136
5911,alpha,inDrop3,-2.0209217,7.402804
5912,beta,inDrop3,-2.2342613,-6.758553
5913,alpha,inDrop3,-3.274399,6.140182
5914,alpha,inDrop3,-4.2883224,7.0617523
5915,quiescent_stellate,inDrop3,6.4088984,-2.2758548
5916,ductal,inDrop3,6.937816,5.129159
5917,ductal,inDrop3,7.161741,3.8207338
5918,alpha,inDrop3,-4.8992906,5.924637
5919,alpha,inDrop3,-4.297141,8.07586
5920,acinar,inDrop3,11.707953,-3.3480077
5921,acinar,inDrop3,11.795917,-3.1648657
5922,alpha,inDrop3,-3.6417403,7.2493973
5923,beta,inDrop3,-1.2968814,-6.5203657
5924,alpha,inDrop3,-3.3346627,8.388378
5925,delta,inDrop3,0.80223334,0.08322963
5926,alpha,inDrop3,-2.0281746,5.673965
5927,acinar,inDrop3,12.383617,-3.008121
5928,beta,inDrop3,-2.5552397,-5.9752913
5929,acinar,inDrop3,12.906634,-3.6648316
5930,acinar,inDrop3,12.19493,-3.3404264
5931,alpha,inDrop3,-2.1711643,6.140454
5932,ductal,inDrop3,6.819187,5.207157
5933,alpha,inDrop3,-2.0278707,6.0655313
5934,alpha,inDrop3,-2.4117827,5.219944
5935,endothelial,inDrop3,4.617284,-6.667964
5936,ductal,inDrop3,7.7213187,4.4700546
5937,ductal,inDrop3,9.105059,6.426313
5938,ductal,inDrop3,7.957455,4.4269433
5939,alpha,inDrop3,-3.8292546,5.8398986
5940,alpha,inDrop3,-2.5345047,5.5415025
5941,activated_stellate,inDrop3,5.1891265,-3.4203606
5942,beta,inDrop3,-2.5095665,-5.9250884
5943,alpha,inDrop3,-2.1285582,6.1916575
5944,acinar,inDrop3,11.783114,-3.3098564
5945,gamma,inDrop3,-5.986963,0.38990727
5946,alpha,inDrop3,-3.0238075,8.122382
5947,alpha,inDrop3,-2.530543,5.1948376
5948,ductal,inDrop3,8.239744,4.118148
5949,mast,inDrop3,3.6246178,3.051688
5950,ductal,inDrop3,8.540504,3.831624
5951,alpha,inDrop3,-3.3879964,6.158869
5952,acinar,inDrop3,10.9474125,-3.487666
5953,alpha,inDrop3,-3.2945578,6.1424975
5954,quiescent_stellate,inDrop3,6.50666,-2.079292
5955,activated_stellate,inDrop3,4.8726864,-3.8441389
5956,beta,inDrop3,-0.8247831,-8.189038
5957,acinar,inDrop3,11.00704,-3.8942432
5958,alpha,inDrop3,-3.5756915,6.1795516
5959,alpha,inDrop3,-2.127943,7.6772313
5960,alpha,inDrop3,-2.429788,5.2217464
5961,ductal,inDrop3,7.2018404,3.8948169
5962,acinar,inDrop3,12.320353,-3.6023338
5963,acinar,inDrop3,11.652689,-3.0604026
5964,endothelial,inDrop3,4.5777435,-6.5403976
5965,ductal,inDrop3,7.2454534,5.192571
5966,alpha,inDrop3,-3.3704627,8.39524
5967,delta,inDrop3,0.66447526,-0.79694927
5968,alpha,inDrop3,-2.610426,6.4236135
5969,ductal,inDrop3,7.816264,4.1427226
5970,alpha,inDrop3,-3.8315606,5.17152
5971,activated_stellate,inDrop3,4.919972,-3.7823563
5972,ductal,inDrop3,8.279999,4.65157
5973,beta,inDrop3,-2.8962529,-6.4296403
5974,ductal,inDrop3,7.2778234,3.7383642
5975,beta,inDrop3,-2.813844,-9.138313
5976,alpha,inDrop3,-2.3641105,6.8450694
5977,alpha,inDrop3,-4.0886335,6.6443863
5978,ductal,inDrop3,9.121073,5.7782965
5979,alpha,inDrop3,-1.8968172,6.0935245
5980,alpha,inDrop3,-3.3956938,6.1763306
5981,alpha,inDrop3,-1.9598714,7.584506
5982,alpha,inDrop3,-2.1059752,5.2894697
5983,alpha,inDrop3,-3.7903163,6.085041
5984,activated_stellate,inDrop3,5.1256056,-3.580828
5985,acinar,inDrop3,13.078907,-3.223054
5986,beta,inDrop3,-1.8415651,-7.833456
5987,alpha,inDrop3,-3.0064595,5.7466674
5988,quiescent_stellate,inDrop3,6.504219,-2.1821384
5989,alpha,inDrop3,-3.4683855,8.50367
5990,alpha,inDrop3,-2.8981586,6.2719293
5991,alpha,inDrop3,-3.2465098,6.414801
5992,alpha,inDrop3,-3.69483,6.4881935
5993,activated_stellate,inDrop3,5.0776496,-3.577978
5994,alpha,inDrop3,-4.0649147,5.3639174
5995,alpha,inDrop3,-2.7046773,7.511119
5996,alpha,inDrop3,-1.8820293,5.937034
5997,alpha,inDrop3,-4.1203938,6.7938004
5998,beta,inDrop3,-0.8251234,-7.5580754
5999,endothelial,inDrop3,4.905404,-6.682426
6000,acinar,inDrop3,11.682364,-3.7386866
6001,alpha,inDrop3,-2.7199318,7.624947
6002,quiescent_stellate,inDrop3,6.4179826,-2.14911
6003,alpha,inDrop3,-2.7041335,6.140309
6004,ductal,inDrop3,8.387177,4.08566
6005,alpha,inDrop3,-2.9031606,6.3699265
6006,quiescent_stellate,inDrop3,6.4557014,-2.0416358
6007,alpha,inDrop3,-2.4844465,6.120573
6008,ductal,inDrop3,9.173828,3.270759
6009,beta,inDrop3,-1.2131567,-8.693012
6010,alpha,inDrop3,-3.7529602,5.2013874
6011,ductal,inDrop3,7.267051,4.663254
6012,activated_stellate,inDrop3,4.734465,-3.9043841
6013,ductal,inDrop3,8.329296,5.4507155
6014,alpha,inDrop3,-1.5530615,7.040221
6015,beta,inDrop3,-3.8302717,-8.685239
6016,beta,inDrop3,-2.6018615,-5.675829
6017,alpha,inDrop3,-3.4635987,8.168694
6018,alpha,inDrop3,-1.7318661,7.7530985
6019,alpha,inDrop3,-5.727744,8.666916
6020,delta,inDrop3,1.3206826,0.78500956
6021,ductal,inDrop3,7.266615,3.7370698
6022,endothelial,inDrop3,4.496682,-5.99769
6023,beta,inDrop3,-1.5015073,-8.071067
6024,alpha,inDrop3,-3.171583,7.12666
6025,alpha,inDrop3,2.739816,3.352072
6026,ductal,inDrop3,8.446198,5.2995887
6027,endothelial,inDrop3,4.4753346,-6.517076
6028,alpha,inDrop3,-1.571289,5.806307
6029,alpha,inDrop3,-2.8345313,5.3741856
6030,beta,inDrop3,-0.91747415,-8.384413
6031,alpha,inDrop3,-3.79392,6.08908
6032,ductal,inDrop3,7.126387,3.8106165
6033,alpha,inDrop3,-2.3001626,5.2066154
6034,acinar,inDrop3,11.745212,-3.9610705
6035,gamma,inDrop3,-5.481455,0.43161052
6036,endothelial,inDrop3,4.6486864,-6.513484
6037,alpha,inDrop3,-2.3974314,6.24388
6038,ductal,inDrop3,6.85454,5.0785346
6039,alpha,inDrop3,-1.8604416,7.6641226
6040,beta,inDrop3,-1.6213063,-7.8904705
6041,endothelial,inDrop3,4.622878,-6.7190995
6042,endothelial,inDrop3,4.438529,-6.593744
6043,beta,inDrop3,-0.79512864,-8.549262
6044,alpha,inDrop3,-2.8969638,5.41649
6045,ductal,inDrop3,8.356289,4.7582564
6046,alpha,inDrop3,-2.5155826,6.269907
6047,alpha,inDrop3,-1.4413971,7.4612603
6048,alpha,inDrop3,-3.6994596,6.0896926
6049,activated_stellate,inDrop3,4.7638974,-3.929382
6050,alpha,inDrop3,-5.4802,8.461179
6051,quiescent_stellate,inDrop3,6.527981,-2.029164
6052,beta,inDrop3,-1.1594534,-7.053452
6053,delta,inDrop3,-0.90492123,-6.7716165
6054,beta,inDrop3,-3.6447399,-8.353212
6055,activated_stellate,inDrop3,4.761658,-4.215548
6056,endothelial,inDrop3,4.575518,-6.5250287
6057,delta,inDrop3,-0.60189164,-6.8795657
6058,ductal,inDrop3,8.571019,5.7663674
6059,beta,inDrop3,-2.1545372,-8.9554
6060,beta,inDrop3,-2.8799548,-6.118748
6061,alpha,inDrop3,-2.603996,6.266315
6062,endothelial,inDrop3,4.5411644,-5.953057
6063,activated_stellate,inDrop3,4.7399635,-3.9910784
6064,alpha,inDrop3,-2.985952,7.333987
6065,alpha,inDrop3,-2.1292968,5.6401587
6066,beta,inDrop3,-0.8131712,-8.192119
6067,ductal,inDrop3,9.197216,3.3304455
6068,beta,inDrop3,-1.916519,-4.9866767
6069,quiescent_stellate,inDrop3,6.4914756,-2.2190182
6070,gamma,inDrop3,-5.8927627,0.42923072
6071,alpha,inDrop3,-3.8046954,5.1941543
6072,beta,inDrop3,2.7470605,3.3413606
6073,acinar,inDrop3,11.131938,-3.6543133
6074,ductal,inDrop3,8.570547,5.649975
6075,alpha,inDrop3,-2.863502,5.1936607
6076,endothelial,inDrop3,4.542114,-6.6214924
6077,beta,inDrop3,-1.2872025,-8.208254
6078,alpha,inDrop3,-3.5820506,6.2516828
6079,acinar,inDrop3,11.649462,-2.8672876
6080,acinar,inDrop3,12.853286,-3.1114173
6081,alpha,inDrop3,-1.881215,7.483658
6082,alpha,inDrop3,-2.7475116,5.2161226
6083,beta,inDrop3,-2.3361785,-6.410228
6084,beta,inDrop3,-2.3318477,-9.02575
6085,alpha,inDrop3,-2.8000803,5.0529737
6086,quiescent_stellate,inDrop3,6.5256305,-2.0168247
6087,alpha,inDrop3,-2.9328482,5.1887283
6088,endothelial,inDrop3,4.781661,-6.6542125
6089,quiescent_stellate,inDrop3,6.499985,-2.1833584
6090,beta,inDrop3,-1.0920167,-8.052751
6091,beta,inDrop3,-3.9105556,-7.7428594
6092,acinar,inDrop3,12.957226,-3.0490751
6093,beta,inDrop3,-1.5164928,-8.275448
6094,alpha,inDrop3,-1.9809859,5.82941
6095,ductal,inDrop3,7.639047,4.55353
6096,acinar,inDrop3,11.935225,-3.0844283
6097,beta,inDrop3,-0.5227781,-7.3103633
6098,alpha,inDrop3,-1.8830794,5.608919
6099,alpha,inDrop3,-1.8776834,5.6828265
6100,endothelial,inDrop3,5.2245164,-6.373673
6101,alpha,inDrop3,-2.4473355,5.2612176
6102,alpha,inDrop3,-2.7866929,5.9963703
6103,beta,inDrop3,-0.5689882,-7.3864007
6104,quiescent_stellate,inDrop3,6.5193667,-2.103463
6105,beta,inDrop3,-0.9575622,-7.74055
6106,beta,inDrop3,-0.84748334,-8.406121
6107,beta,inDrop3,-1.2507709,-8.497686
6108,alpha,inDrop3,-3.0254104,6.4613066
6109,alpha,inDrop3,-2.892561,5.1265683
6110,alpha,inDrop3,-3.7301974,7.308525
6111,alpha,inDrop3,-1.6123878,5.8694706
6112,acinar,inDrop3,11.245382,-2.4812086
6113,beta,inDrop3,-1.6186754,-7.5905023
6114,acinar,inDrop3,11.386058,-3.5607111
6115,alpha,inDrop3,-1.917143,5.7419524
6116,ductal,inDrop3,7.584481,3.8606088
6117,delta,inDrop3,0.5147259,-0.84882826
6118,delta,inDrop3,0.94918054,0.85207224
6119,beta,inDrop3,-1.7918886,-8.478596
6120,alpha,inDrop3,-3.3558164,5.6620574
6121,alpha,inDrop3,-3.4977908,7.4309096
6122,activated_stellate,inDrop3,4.6637025,-4.072583
6123,beta,inDrop3,-0.8478965,-8.283758
6124,beta,inDrop3,-2.677039,-6.289978
6125,endothelial,inDrop3,4.647047,-7.0095277
6126,endothelial,inDrop3,4.961456,-7.082274
6127,beta,inDrop3,-0.57162356,-7.3366756
6128,alpha,inDrop3,-3.0274348,6.529849
6129,ductal,inDrop3,7.249463,4.0524106
6130,alpha,inDrop3,-4.1599264,6.1368427
6131,alpha,inDrop3,-4.157243,9.244777
6132,alpha,inDrop3,-3.7679384,5.4063993
6133,endothelial,inDrop3,4.572171,-6.472937
6134,alpha,inDrop3,-4.2127576,7.6084323
6135,alpha,inDrop3,-1.9333284,6.953177
6136,beta,inDrop3,-1.4842669,-8.479689
6137,ductal,inDrop3,8.904861,4.7706447
6138,beta,inDrop3,-0.91152483,-8.123289
6139,beta,inDrop3,-1.4768995,-8.530057
6140,alpha,inDrop3,-1.6705295,-7.074964
6141,alpha,inDrop3,-2.7051096,6.1392813
6142,beta,inDrop3,-1.0198016,-8.564942
6143,ductal,inDrop3,8.239561,4.2092996
6144,quiescent_stellate,inDrop3,6.4965115,-2.168676
6145,alpha,inDrop3,-5.5863175,8.779387
6146,ductal,inDrop3,8.917317,4.758086
6147,beta,inDrop3,-1.0270574,-8.073939
6148,beta,inDrop3,-1.4955186,-8.407765
6149,delta,inDrop3,1.0588223,0.7209895
6150,quiescent_stellate,inDrop3,6.312779,-2.2322993
6151,delta,inDrop3,0.8795615,0.91317123
6152,beta,inDrop3,-1.3293699,-8.082496
6153,ductal,inDrop3,7.02937,3.7842124
6154,beta,inDrop3,-0.88862616,-6.945448
6155,endothelial,inDrop3,5.2136965,-6.3702087
6156,beta,inDrop3,-1.7971824,-8.007687
6157,endothelial,inDrop3,4.5304213,-6.441745
6158,beta,inDrop3,-3.107568,-7.217879
6159,ductal,inDrop3,7.5826945,4.4431834
6160,ductal,inDrop3,6.84673,5.10914
6161,alpha,inDrop3,-2.4926229,6.8915434
6162,alpha,inDrop3,-3.8996394,5.2905374
6163,gamma,inDrop3,-5.7105484,0.1584832
6164,beta,inDrop3,-1.4109511,-8.3420725
6165,endothelial,inDrop3,5.2206497,-6.379677
6166,endothelial,inDrop3,5.2264752,-6.371012
6167,beta,inDrop3,-1.3345764,-8.868727
6168,alpha,inDrop3,-3.800282,5.1871495
6169,beta,inDrop3,-1.0890824,-8.353098
6170,beta,inDrop3,-1.0336891,-8.3503475
6171,beta,inDrop3,-1.2666087,-8.653778
6172,beta,inDrop3,-0.86133623,-7.662698
6173,ductal,inDrop3,8.848572,4.6592035
6174,quiescent_stellate,inDrop3,6.4408426,-2.1261992
6175,beta,inDrop3,-1.4947777,-8.52249
6176,alpha,inDrop3,-1.9814994,6.0210304
6177,beta,inDrop3,-0.8771021,-7.32121
6178,alpha,inDrop3,-5.1211786,7.148003
6179,beta,inDrop3,-2.5801127,-8.2189455
6180,beta,inDrop3,-1.0906426,-7.0534625
6181,beta,inDrop3,-1.773319,-7.559131
6182,beta,inDrop3,-4.198074,-6.9185405
6183,beta,inDrop3,-1.3946452,-8.820861
6184,alpha,inDrop3,-3.986143,7.331016
6185,beta,inDrop3,-2.2814882,-6.6062827
6186,endothelial,inDrop3,5.2234883,-6.370338
6187,quiescent_stellate,inDrop3,6.481944,-2.2359426
6188,beta,inDrop3,-1.0115504,-6.9850016
6189,beta,inDrop3,-1.5999545,-8.054677
6190,beta,inDrop3,-3.1775832,-4.1855955
6191,beta,inDrop3,-0.7525431,-7.094856
6192,quiescent_stellate,inDrop3,6.4993496,-2.2348301
6193,endothelial,inDrop3,4.7090883,-6.563135
6194,alpha,inDrop3,-1.8152008,7.3060102
6195,alpha,inDrop3,-4.0598083,6.085166
6196,beta,inDrop3,-2.8519883,-7.792414
6197,ductal,inDrop3,8.606507,5.2898726
6198,endothelial,inDrop3,4.4336786,-6.610013
6199,endothelial,inDrop3,4.4411235,-6.6276674
6200,acinar,inDrop3,12.147282,-3.0185685
6201,acinar,inDrop3,12.781043,-3.9191675
6202,acinar,inDrop3,11.619719,-3.498724
6203,acinar,inDrop3,11.616464,-3.4334435
6204,acinar,inDrop3,13.048298,-3.4954803
6205,acinar,inDrop3,12.973438,-3.7146022
6206,acinar,inDrop3,13.269344,-2.8958657
6207,acinar,inDrop3,12.4947605,-3.3691201
6208,acinar,inDrop3,11.317465,-3.5776942
6209,acinar,inDrop3,11.429381,-3.9031165
6210,acinar,inDrop3,11.911398,-4.267409
6211,acinar,inDrop3,13.0627165,-3.648739
6212,acinar,inDrop3,10.983367,-3.6639097
6213,acinar,inDrop3,11.697873,-3.1765356
6214,acinar,inDrop3,11.775057,-3.9034088
6215,delta,inDrop3,1.3535193,0.3945677
6216,acinar,inDrop3,11.462998,-3.4560497
6217,acinar,inDrop3,12.18998,-2.6306145
6218,acinar,inDrop3,11.650404,-3.8408272
6219,acinar,inDrop3,13.089145,-2.976998
6220,acinar,inDrop3,11.848084,-4.2551
6221,acinar,inDrop3,12.691567,-2.9155285
6222,acinar,inDrop3,12.884939,-3.140805
6223,acinar,inDrop3,11.57963,-2.6484094
6224,acinar,inDrop3,12.061623,-4.2450547
6225,acinar,inDrop3,13.05337,-2.7632408
6226,acinar,inDrop3,13.231616,-3.6765432
6227,acinar,inDrop3,12.969968,-3.7892315
6228,acinar,inDrop3,11.223125,-4.0605226
6229,beta,inDrop3,-2.137461,-6.7711997
6230,acinar,inDrop3,11.366083,-3.7526093
6231,acinar,inDrop3,11.453563,-3.4144704
6232,acinar,inDrop3,11.899965,-2.9018564
6233,acinar,inDrop3,11.167759,-4.2051425
6234,acinar,inDrop3,13.0334015,-3.5931118
6235,acinar,inDrop3,12.399953,-3.0742798
6236,acinar,inDrop3,12.412654,-3.8662562
6237,acinar,inDrop3,12.925944,-3.9342582
6238,acinar,inDrop3,11.535559,-3.4547994
6239,beta,inDrop3,-1.7413634,-9.289475
6240,acinar,inDrop3,12.665775,-2.8123155
6241,acinar,inDrop3,11.89722,-3.0931218
6242,acinar,inDrop3,12.258428,-2.5094664
6243,acinar,inDrop3,13.238177,-3.5959053
6244,acinar,inDrop3,12.759035,-3.053901
6245,acinar,inDrop3,13.024264,-2.7745821
6246,acinar,inDrop3,12.842894,-2.6675599
6247,acinar,inDrop3,13.197531,-3.0438108
6248,acinar,inDrop3,11.1350975,-3.4872403
6249,beta,inDrop3,-3.7797184,-6.798959
6250,acinar,inDrop3,13.259153,-3.053551
6251,acinar,inDrop3,12.944852,-3.3409872
6252,acinar,inDrop3,11.654591,-3.8110304
6253,acinar,inDrop3,12.6522875,-4.0038652
6254,acinar,inDrop3,11.259641,-4.2138133
6255,acinar,inDrop3,12.842409,-2.8678117
6256,acinar,inDrop3,13.218794,-3.0134141
6257,acinar,inDrop3,12.831305,-3.7020211
6258,acinar,inDrop3,11.297998,-3.596118
6259,acinar,inDrop3,11.673488,-2.476531
6260,acinar,inDrop3,11.674009,-3.9931312
6261,acinar,inDrop3,12.112921,-2.1287563
6262,acinar,inDrop3,11.702353,-4.19829
6263,acinar,inDrop3,11.260802,-3.509128
6264,beta,inDrop3,-3.3180075,-7.345495
6265,delta,inDrop3,0.6310029,-0.8325526
6266,acinar,inDrop3,12.331303,-3.9767902
6267,ductal,inDrop3,3.640669,3.1313975
6268,acinar,inDrop3,13.406604,-3.1085706
6269,delta,inDrop3,0.6141103,-0.7720306
6270,acinar,inDrop3,13.605187,-3.1254978
6271,acinar,inDrop3,11.326213,-3.0655644
6272,acinar,inDrop3,11.77164,-4.1524186
6273,acinar,inDrop3,11.510019,-2.1266766
6274,acinar,inDrop3,12.828627,-3.114367
6275,acinar,inDrop3,12.617043,-2.6045358
6276,beta,inDrop3,-0.60624206,-6.996182
6277,acinar,inDrop3,11.863543,-2.0056865
6278,acinar,inDrop3,11.87617,-2.7904234
6279,acinar,inDrop3,11.44846,-4.3203983
6280,acinar,inDrop3,13.103843,-3.657555
6281,acinar,inDrop3,11.519039,-2.8535743
6282,acinar,inDrop3,13.1692705,-3.503227
6283,acinar,inDrop3,11.234764,-3.4360116
6284,beta,inDrop3,7.603204,4.7114654
6285,acinar,inDrop3,12.22633,-2.6620314
6286,delta,inDrop3,1.0620166,0.17395853
6287,acinar,inDrop3,13.022669,-3.8973427
6288,beta,inDrop3,-2.3251245,-4.982483
6289,acinar,inDrop3,11.833957,-2.722754
6290,acinar,inDrop3,10.805729,-3.837339
6291,delta,inDrop3,1.198285,-0.08828682
6292,acinar,inDrop3,11.273028,-2.4460456
6293,acinar,inDrop3,13.078815,-3.7747705
6294,delta,inDrop3,1.5675938,0.40372202
6295,acinar,inDrop3,11.632121,-4.256273
6296,acinar,inDrop3,11.186774,-4.1983447
6297,acinar,inDrop3,11.132826,-2.6953795
6298,acinar,inDrop3,12.454387,-3.5501022
6299,acinar,inDrop3,12.876372,-3.935283
6300,acinar,inDrop3,13.073437,-3.154466
6301,acinar,inDrop3,11.540982,-3.4450207
6302,delta,inDrop3,1.1856352,-0.6455799
6303,acinar,inDrop3,12.558106,-2.7237659
6304,acinar,inDrop3,12.920125,-2.6159549
6305,beta,inDrop3,-1.8721669,-6.139654
6306,acinar,inDrop3,11.085405,-3.693496
6307,acinar,inDrop3,12.418211,-2.7294886
6308,acinar,inDrop3,11.412701,-2.2884557
6309,acinar,inDrop3,5.1046896,-3.6729002
6310,alpha,inDrop3,-5.5494676,7.8439035
6311,acinar,inDrop3,12.000893,-2.8035123
6312,beta,inDrop3,-4.9835973,-8.925529
6313,alpha,inDrop3,-1.6829405,5.783786
6314,acinar,inDrop3,12.687633,-2.9206095
6315,acinar,inDrop3,12.899599,-3.9033675
6316,acinar,inDrop3,13.524842,-3.0986018
6317,acinar,inDrop3,11.039371,-3.519091
6318,acinar,inDrop3,11.113158,-3.720239
6319,acinar,inDrop3,11.580197,-4.1659846
6320,gamma,inDrop3,-5.808246,0.56154233
6321,ductal,inDrop3,8.593205,4.409776
6322,acinar,inDrop3,11.800186,-3.883844
6323,acinar,inDrop3,12.041996,-2.6809363
6324,acinar,inDrop3,11.9336,-3.4258375
6325,acinar,inDrop3,12.046631,-3.1638763
6326,acinar,inDrop3,11.542595,-3.0984104
6327,ductal,inDrop3,7.4272757,4.2838383
6328,acinar,inDrop3,11.809402,-3.516898
6329,acinar,inDrop3,11.285864,-3.537612
6330,delta,inDrop3,1.1536314,-0.68492055
6331,beta,inDrop3,-3.0638287,-9.834302
6332,alpha,inDrop3,-1.9329267,6.0336905
6333,acinar,inDrop3,11.3355255,-4.1426554
6334,acinar,inDrop3,13.603476,-3.1502497
6335,delta,inDrop3,1.0014431,-0.10327241
6336,beta,inDrop3,-2.173301,-6.743015
6337,acinar,inDrop3,11.594851,-2.7788532
6338,beta,inDrop3,-2.676172,-5.824301
6339,acinar,inDrop3,11.524365,-3.7252228
6340,ductal,inDrop3,8.049748,4.47385
6341,alpha,inDrop3,-3.8112407,7.3383236
6342,ductal,inDrop3,8.304883,4.063614
6343,beta,inDrop3,-2.112102,-9.409922
6344,alpha,inDrop3,-1.6469278,5.796695
6345,beta,inDrop3,-1.129041,-7.1081133
6346,alpha,inDrop3,-2.9376132,6.518129
6347,acinar,inDrop3,12.230418,-3.887357
6348,delta,inDrop3,0.49608105,-0.17343883
6349,beta,inDrop3,-1.2359478,-6.925918
6350,beta,inDrop3,-4.8963394,-7.334644
6351,alpha,inDrop3,-2.3254077,5.911323
6352,beta,inDrop3,-5.192767,-7.9096704
6353,alpha,inDrop3,-1.9612312,7.906323
6354,delta,inDrop3,1.1063379,-0.3517938
6355,alpha,inDrop3,-1.6578552,6.96663
6356,beta,inDrop3,-0.8316815,-7.0313363
6357,acinar,inDrop3,12.131693,-4.0048037
6358,acinar,inDrop3,10.981855,-3.6551178
6359,acinar,inDrop3,12.569302,-2.4302504
6360,ductal,inDrop3,8.068613,4.548197
6361,ductal,inDrop3,7.424175,4.441742
6362,beta,inDrop3,-4.111577,-7.8079658
6363,acinar,inDrop3,11.762666,-4.072596
6364,delta,inDrop3,0.9061353,0.81819224
6365,beta,inDrop3,-2.5034075,-8.689169
6366,gamma,inDrop3,-5.955494,-0.19712427
6367,acinar,inDrop3,12.921371,-3.1940234
6368,beta,inDrop3,-0.7652154,-6.8919373
6369,beta,inDrop3,-2.7123845,-7.26602
6370,acinar,inDrop3,11.263418,-3.0956814
6371,acinar,inDrop3,11.83023,-1.7472792
6372,alpha,inDrop3,-3.1445403,8.038307
6373,acinar,inDrop3,12.253399,-3.8304155
6374,beta,inDrop3,-0.8012616,-8.600409
6375,alpha,inDrop3,-2.5931382,5.111956
6376,beta,inDrop3,-1.8639684,-8.88309
6377,alpha,inDrop3,-5.0319195,5.9929786
6378,gamma,inDrop3,-5.727624,0.5398692
6379,acinar,inDrop3,11.704362,-3.7723033
6380,alpha,inDrop3,-3.70726,7.4367404
6381,beta,inDrop3,-2.5227432,-6.6127777
6382,acinar,inDrop3,13.604115,-3.1097748
6383,acinar,inDrop3,13.10572,-3.809543
6384,delta,inDrop3,0.6707465,-0.6914505
6385,alpha,inDrop3,-3.1590724,6.2374625
6386,ductal,inDrop3,11.315539,-2.2339377
6387,delta,inDrop3,0.58367664,0.41747618
6388,delta,inDrop3,0.6893542,0.33284962
6389,alpha,inDrop3,-2.6785913,6.319202
6390,ductal,inDrop3,8.713407,4.888133
6391,beta,inDrop3,-0.9035183,-6.9799633
6392,beta,inDrop3,-3.098233,-6.3137484
6393,delta,inDrop3,0.57084054,0.6067256
6394,alpha,inDrop3,-4.420197,9.024657
6395,beta,inDrop3,-0.5314747,-7.110674
6396,alpha,inDrop3,-1.8835963,7.886286
6397,beta,inDrop3,-3.1276624,-4.1838584
6398,acinar,inDrop3,11.781353,-3.3189983
6399,beta,inDrop3,-2.2249541,-8.9308815
6400,acinar,inDrop3,12.897257,-2.9543757
6401,alpha,inDrop3,-2.9337587,6.1565905
6402,beta,inDrop3,-2.4749246,-9.05829
6403,beta,inDrop3,-4.270372,-9.342886
6404,alpha,inDrop3,-2.654642,5.5810843
6405,beta,inDrop3,-1.5667176,8.62545
6406,acinar,inDrop3,11.578243,-2.330696
6407,ductal,inDrop3,7.9495273,4.5692368
6408,ductal,inDrop3,8.753845,5.596278
6409,beta,inDrop3,-0.5610226,-6.944633
6410,alpha,inDrop3,-1.696387,6.9458475
6411,alpha,inDrop3,-2.7668936,6.427555
6412,acinar,inDrop3,11.604816,-3.3341415
6413,acinar,inDrop3,11.081288,-3.4325252
6414,gamma,inDrop3,-5.7112083,0.22724502
6415,alpha,inDrop3,-2.4330482,5.266164
6416,alpha,inDrop3,-2.9810271,5.2502255
6417,acinar,inDrop3,12.659339,-4.034649
6418,beta,inDrop3,-1.7166862,-8.685756
6419,delta,inDrop3,0.5589367,0.5877102
6420,alpha,inDrop3,-5.930712,7.1078196
6421,ductal,inDrop3,7.328769,4.0170474
6422,delta,inDrop3,0.65775555,0.15607636
6423,ductal,inDrop3,6.870624,5.1813025
6424,delta,inDrop3,0.6449729,0.6229986
6425,acinar,inDrop3,12.145765,-3.990234
6426,ductal,inDrop3,7.7175446,5.0787926
6427,acinar,inDrop3,12.037389,-3.8280547
6428,acinar,inDrop3,11.547547,-1.9361979
6429,beta,inDrop3,-1.518081,-9.358162
6430,alpha,inDrop3,-4.0092688,8.315973
6431,ductal,inDrop3,7.0856996,3.6993732
6432,beta,inDrop3,-2.2641425,-6.6149707
6433,beta,inDrop3,-3.7471817,-8.771368
6434,acinar,inDrop3,12.72865,-2.5038455
6435,alpha,inDrop3,-2.4881005,6.005806
6436,acinar,inDrop3,10.930325,-3.7325957
6437,alpha,inDrop3,-2.4573133,5.7701774
6438,activated_stellate,inDrop3,5.220726,-3.4477742
6439,alpha,inDrop3,-3.8118517,5.8726892
6440,ductal,inDrop3,7.996235,5.3534408
6441,beta,inDrop3,-5.0929937,-9.133605
6442,alpha,inDrop3,-5.4079895,9.280495
6443,beta,inDrop3,-2.4487317,-5.4233265
6444,delta,inDrop3,1.0788885,-0.081771396
6445,alpha,inDrop3,-2.6639178,5.4658756
6446,acinar,inDrop3,11.720049,-2.2048228
6447,alpha,inDrop3,-2.984553,5.132651
6448,beta,inDrop3,-1.7002841,-9.557251
6449,alpha,inDrop3,-2.8671124,7.955543
6450,alpha,inDrop3,-2.379049,6.098757
6451,activated_stellate,inDrop3,5.008056,-3.6977403
6452,ductal,inDrop3,7.2751474,3.9437013
6453,acinar,inDrop3,7.2953997,4.5033293
6454,alpha,inDrop3,-1.490681,6.0816655
6455,alpha,inDrop3,-2.907112,7.5702395
6456,acinar,inDrop3,10.990394,-3.8543618
6457,alpha,inDrop3,-4.273445,6.7623787
6458,beta,inDrop3,-3.7814307,-7.449339
6459,acinar,inDrop3,10.93095,-3.4449825
6460,beta,inDrop3,-1.9336988,-4.9774756
6461,ductal,inDrop3,7.320649,4.213704
6462,beta,inDrop3,-0.56066,-6.8434396
6463,delta,inDrop3,0.9865189,0.40766296
6464,beta,inDrop3,-3.4846048,-6.775769
6465,acinar,inDrop3,12.296515,-3.438684
6466,acinar,inDrop3,12.171383,-4.077113
6467,acinar,inDrop3,11.032462,-3.9699097
6468,acinar,inDrop3,11.054422,-2.449296
6469,acinar,inDrop3,11.031072,-3.9046812
6470,activated_stellate,inDrop3,5.0313334,-3.6892312
6471,acinar,inDrop3,11.074583,-3.4517708
6472,beta,inDrop3,-1.7254893,-8.442071
6473,ductal,inDrop3,8.609474,5.428592
6474,alpha,inDrop3,-2.6221387,5.4371963
6475,beta,inDrop3,-1.8052375,-6.3499713
6476,acinar,inDrop3,12.585891,-2.541795
6477,beta,inDrop3,-5.171198,-8.692378
6478,beta,inDrop3,-2.3066177,-5.8670487
6479,acinar,inDrop3,13.279722,-2.9762816
6480,ductal,inDrop3,7.187628,4.18405
6481,beta,inDrop3,-3.0349112,-7.479244
6482,acinar,inDrop3,13.102551,-2.9357476
6483,beta,inDrop3,-4.0149784,-9.107678
6484,beta,inDrop3,-0.54030025,-6.895876
6485,alpha,inDrop3,-5.418484,6.7432036
6486,beta,inDrop3,-3.4291792,-8.825603
6487,alpha,inDrop3,-2.4372175,5.1956854
6488,ductal,inDrop3,7.3938265,4.1646686
6489,alpha,inDrop3,-3.0512843,5.3797383
6490,acinar,inDrop3,12.406117,-2.8140805
6491,alpha,inDrop3,-4.0739913,8.467547
6492,ductal,inDrop3,7.618855,4.911022
6493,activated_stellate,inDrop3,4.8982944,-3.7595968
6494,alpha,inDrop3,-2.912064,5.451171
6495,alpha,inDrop3,-2.2906826,6.865702
6496,ductal,inDrop3,7.283844,4.731925
6497,acinar,inDrop3,11.5979395,-3.2363336
6498,acinar,inDrop3,11.090738,-3.6095662
6499,acinar,inDrop3,11.562346,-3.2283466
6500,alpha,inDrop3,2.716022,3.3599718
6501,alpha,inDrop3,-3.410853,5.6776156
6502,alpha,inDrop3,-3.9235182,6.344503
6503,beta,inDrop3,-3.6002007,-6.8445134
6504,alpha,inDrop3,-3.792886,6.3753004
6505,beta,inDrop3,-2.7205772,-8.913821
6506,alpha,inDrop3,-1.5958475,6.9118915
6507,beta,inDrop3,-0.6816553,-6.866409
6508,beta,inDrop3,-3.4041214,-9.959289
6509,alpha,inDrop3,-3.1355643,6.3289
6510,delta,inDrop3,1.2728424,-0.56525415
6511,alpha,inDrop3,-3.7016106,5.865714
6512,alpha,inDrop3,-1.7501839,5.6714435
6513,alpha,inDrop3,-1.6320553,7.7442136
6514,ductal,inDrop3,7.030228,3.7616127
6515,ductal,inDrop3,6.961772,3.8401234
6516,delta,inDrop3,1.0934036,0.6631954
6517,alpha,inDrop3,-2.0047338,7.2110877
6518,ductal,inDrop3,9.161071,3.2822943
6519,ductal,inDrop3,8.519181,5.349096
6520,alpha,inDrop3,-5.841776,8.656501
6521,alpha,inDrop3,-2.1552997,5.433515
6522,ductal,inDrop3,9.1622505,3.264455
6523,acinar,inDrop3,11.635654,-3.2711263
6524,beta,inDrop3,-1.4306937,-8.230142
6525,beta,inDrop3,-2.4068098,-8.977881
6526,alpha,inDrop3,-1.5751414,6.2534556
6527,alpha,inDrop3,-1.8010293,7.653775
6528,alpha,inDrop3,-3.942639,9.0461645
6529,alpha,inDrop3,-3.6995034,8.272814
6530,beta,inDrop3,-2.813757,-5.9481244
6531,beta,inDrop3,-0.82322466,-8.224631
6532,ductal,inDrop3,7.846114,4.9779367
6533,acinar,inDrop3,13.073182,-3.1124995
6534,beta,inDrop3,-1.9456362,-6.3148284
6535,beta,inDrop3,-1.4000185,-6.6047277
6536,alpha,inDrop3,-3.8903396,5.2615
6537,alpha,inDrop3,-3.00611,5.4325347
6538,beta,inDrop3,-3.8042853,-6.039209
6539,ductal,inDrop3,7.232632,3.747999
6540,ductal,inDrop3,7.2375655,4.718175
6541,beta,inDrop3,-1.6913314,-6.265815
6542,ductal,inDrop3,7.9259853,4.5631533
6543,activated_stellate,inDrop3,4.606527,-4.1093035
6544,ductal,inDrop3,7.095351,3.670603
6545,beta,inDrop3,-0.8890354,-7.1189427
6546,beta,inDrop3,-3.0783055,-9.443465
6547,alpha,inDrop3,-2.1049037,7.8480215
6548,alpha,inDrop3,-2.893599,5.355488
6549,alpha,inDrop3,-3.1552377,7.480817
6550,beta,inDrop3,-2.9971457,-9.122321
6551,beta,inDrop3,-2.0488997,-6.5991087
6552,alpha,inDrop3,-5.959391,8.479445
6553,beta,inDrop3,-1.3433658,8.8960085
6554,beta,inDrop3,-3.275442,-5.9651093
6555,alpha,inDrop3,-1.7180382,7.798894
6556,alpha,inDrop3,-2.4527822,5.354729
6557,beta,inDrop3,-4.454637,-9.5602665
6558,acinar,inDrop3,12.734284,-3.9077294
6559,alpha,inDrop3,-3.6227598,6.1595197
6560,beta,inDrop3,-2.4101217,-6.0220847
6561,alpha,inDrop3,-1.8710749,7.871918
6562,alpha,inDrop3,-3.8417025,7.5022125
6563,alpha,inDrop3,-2.8288739,5.296654
6564,alpha,inDrop3,-3.9579577,6.118979
6565,beta,inDrop3,-3.5985096,-9.024175
6566,beta,inDrop3,-5.085322,-9.139861
6567,activated_stellate,inDrop3,4.7643356,-3.9814067
6568,beta,inDrop3,-4.5949297,-8.094711
6569,activated_stellate,inDrop3,4.7853417,-3.89917
6570,beta,inDrop3,-2.4401999,-5.477982
6571,alpha,inDrop3,-4.7877936,5.653586
6572,endothelial,inDrop3,4.591231,-6.754673
6573,acinar,inDrop3,13.084424,-2.8646421
6574,ductal,inDrop3,8.570719,4.8662252
6575,alpha,inDrop3,-3.7151427,6.4985332
6576,alpha,inDrop3,-4.1336865,7.7474008
6577,alpha,inDrop3,-3.8084066,7.677584
6578,ductal,inDrop3,8.562146,4.0475035
6579,gamma,inDrop3,-5.6055393,0.47585014
6580,beta,inDrop3,-2.814164,-6.995851
6581,beta,inDrop3,-2.3831882,-5.3299747
6582,ductal,inDrop3,7.1936097,3.9365768
6583,acinar,inDrop3,11.138578,-3.705978
6584,alpha,inDrop3,-2.518512,6.3671036
6585,delta,inDrop3,0.9420162,0.38210276
6586,delta,inDrop3,0.6988417,-0.7755753
6587,beta,inDrop3,-0.85280997,-7.9546037
6588,alpha,inDrop3,-1.6560602,6.5975056
6589,beta,inDrop3,-0.5932755,-7.0505958
6590,ductal,inDrop3,7.817578,4.379155
6591,alpha,inDrop3,-2.970355,7.1976986
6592,alpha,inDrop3,-1.7169931,7.388863
6593,ductal,inDrop3,9.397099,6.3006296
6594,alpha,inDrop3,-4.270301,6.805369
6595,acinar,inDrop3,12.424346,-3.2763338
6596,alpha,inDrop3,-2.5680318,6.666566
6597,ductal,inDrop3,7.1539516,3.878645
6598,ductal,inDrop3,7.7994447,4.250608
6599,alpha,inDrop3,-4.0102596,7.4309735
6600,alpha,inDrop3,-4.473641,9.248635
6601,ductal,inDrop3,7.8998637,4.496625
6602,acinar,inDrop3,10.963821,-3.0975945
6603,alpha,inDrop3,-5.6563387,8.483259
6604,alpha,inDrop3,-3.7692876,6.588594
6605,ductal,inDrop3,8.509281,4.415945
6606,alpha,inDrop3,-4.4052377,7.222799
6607,alpha,inDrop3,-1.419204,7.27227
6608,ductal,inDrop3,7.4749494,4.1682935
6609,alpha,inDrop3,-1.9883938,6.6292663
6610,acinar,inDrop3,11.219038,-4.0122824
6611,beta,inDrop3,-1.8398621,-6.3250537
6612,beta,inDrop3,-2.5636082,-4.8108563
6613,ductal,inDrop3,8.505581,4.258673
6614,alpha,inDrop3,-3.7013175,6.3035426
6615,activated_stellate,inDrop3,5.1823053,-3.5176835
6616,ductal,inDrop3,7.391972,4.073382
6617,beta,inDrop3,-0.57217157,-6.9579983
6618,beta,inDrop3,-2.6453552,-5.9625373
6619,alpha,inDrop3,-1.980915,7.851927
6620,acinar,inDrop3,11.762006,-4.2369685
6621,beta,inDrop3,-0.8839495,-8.279378
6622,alpha,inDrop3,-2.735323,6.9838295
6623,alpha,inDrop3,-2.8079429,6.1723137
6624,alpha,inDrop3,-2.9348438,6.4925823
6625,acinar,inDrop3,11.1178875,-4.102855
6626,alpha,inDrop3,-4.1916447,9.685285
6627,beta,inDrop3,-1.5370347,-6.320987
6628,endothelial,inDrop3,4.7384834,-6.734486
6629,alpha,inDrop3,-2.0453753,6.837509
6630,alpha,inDrop3,-2.2367034,5.5686088
6631,gamma,inDrop3,-5.5527287,0.46861106
6632,alpha,inDrop3,-1.465447,6.217177
6633,beta,inDrop3,-0.8133949,-6.8414164
6634,beta,inDrop3,-2.0175195,-7.938611
6635,ductal,inDrop3,7.950397,4.4269423
6636,delta,inDrop3,0.5347212,-0.21584456
6637,beta,inDrop3,-1.9841776,-7.702707
6638,beta,inDrop3,-3.2096472,-6.191849
6639,alpha,inDrop3,-3.1387107,6.5342665
6640,activated_stellate,inDrop3,4.861908,-3.897883
6641,alpha,inDrop3,-2.0131705,5.2850304
6642,beta,inDrop3,-2.4102197,-5.4729023
6643,alpha,inDrop3,-4.1536784,9.249778
6644,acinar,inDrop3,11.243808,-3.5402923
6645,alpha,inDrop3,-2.9948852,6.8573503
6646,alpha,inDrop3,-3.786932,5.9092383
6647,alpha,inDrop3,-2.0440278,7.116241
6648,alpha,inDrop3,-3.7720685,5.239657
6649,beta,inDrop3,-3.2687883,-6.1599827
6650,alpha,inDrop3,-2.4439654,5.621967
6651,alpha,inDrop3,-4.150426,7.831919
6652,acinar,inDrop3,10.9905405,-3.652857
6653,beta,inDrop3,-2.44862,-5.5986953
6654,alpha,inDrop3,-4.341105,7.119493
6655,alpha,inDrop3,-5.5121493,5.926113
6656,alpha,inDrop3,-3.6802065,8.789024
6657,ductal,inDrop3,8.044505,4.598026
6658,ductal,inDrop3,9.218956,3.746875
6659,ductal,inDrop3,9.173079,3.259461
6660,activated_stellate,inDrop3,4.7077794,-3.9300098
6661,acinar,inDrop3,5.118772,-3.6574237
6662,alpha,inDrop3,-3.1205583,6.0051284
6663,beta,inDrop3,-2.323437,-8.684361
6664,beta,inDrop3,-3.0851505,-4.1809607
6665,acinar,inDrop3,12.68541,-2.8176916
6666,alpha,inDrop3,-3.9383044,6.184029
6667,alpha,inDrop3,-2.5962143,5.0690627
6668,acinar,inDrop3,11.790166,-4.157232
6669,alpha,inDrop3,-4.312809,9.222097
6670,alpha,inDrop3,-1.8944641,6.9636116
6671,acinar,inDrop3,12.777361,-2.940619
6672,acinar,inDrop3,11.469464,-3.2352498
6673,acinar,inDrop3,12.286101,-3.2620115
6674,delta,inDrop3,-3.2354949,-10.096917
6675,ductal,inDrop3,7.2616453,4.2281957
6676,acinar,inDrop3,11.012491,-3.3991048
6677,alpha,inDrop3,-2.0439968,5.5799546
6678,alpha,inDrop3,-5.4898877,-0.07777015
6679,alpha,inDrop3,-3.352713,7.195407
6680,acinar,inDrop3,11.715714,-3.9708583
6681,alpha,inDrop3,-2.9574828,5.10549
6682,alpha,inDrop3,-2.8715742,5.0684276
6683,alpha,inDrop3,-1.7691845,6.1843224
6684,alpha,inDrop3,-5.4335303,5.7512507
6685,acinar,inDrop3,12.663637,-3.8870862
6686,alpha,inDrop3,-4.8581095,5.993681
6687,alpha,inDrop3,-3.0805402,7.1709485
6688,alpha,inDrop3,-4.4400964,9.157176
6689,beta,inDrop3,-0.937179,-6.9908795
6690,acinar,inDrop3,11.02992,-3.623691
6691,activated_stellate,inDrop3,4.74393,-4.045564
6692,alpha,inDrop3,-3.8946853,6.598942
6693,quiescent_stellate,inDrop3,6.4806848,-2.233289
6694,alpha,inDrop3,-3.4886,6.289998
6695,alpha,inDrop3,-2.2090433,5.5474653
6696,acinar,inDrop3,13.42912,-3.4952154
6697,alpha,inDrop3,-2.5790315,6.420251
6698,beta,inDrop3,-3.5213468,-8.877511
6699,alpha,inDrop3,-5.752372,8.49846
6700,alpha,inDrop3,-3.974497,5.625642
6701,ductal,inDrop3,8.500891,5.394366
6702,alpha,inDrop3,-5.702092,8.189405
6703,ductal,inDrop3,8.0086155,4.532922
6704,alpha,inDrop3,-3.0737686,5.220801
6705,acinar,inDrop3,12.171119,-2.9932942
6706,alpha,inDrop3,-1.7227719,7.2365265
6707,beta,inDrop3,-2.8046916,-6.7681646
6708,alpha,inDrop3,-1.4578911,5.830718
6709,alpha,inDrop3,-2.0506399,5.2838116
6710,beta,inDrop3,-1.4338078,-6.894269
6711,beta,inDrop3,-3.45566,-6.6997256
6712,alpha,inDrop3,-5.3586445,8.57762
6713,alpha,inDrop3,-3.6165528,7.1667833
6714,alpha,inDrop3,-2.8898265,5.29222
6715,ductal,inDrop3,7.0919294,3.8979518
6716,alpha,inDrop3,-5.898784,8.62244
6717,alpha,inDrop3,-1.6306367,5.8441257
6718,alpha,inDrop3,-5.4042873,6.52306
6719,alpha,inDrop3,-5.8922887,8.223759
6720,alpha,inDrop3,-1.828524,7.6413426
6721,alpha,inDrop3,-1.7220097,7.802751
6722,beta,inDrop3,-1.6198819,-7.5363946
6723,beta,inDrop3,-3.2797139,-9.324461
6724,alpha,inDrop3,-2.0370955,5.3255
6725,ductal,inDrop3,8.952607,3.485647
6726,ductal,inDrop3,7.941808,5.0040216
6727,ductal,inDrop3,8.500988,5.9444256
6728,beta,inDrop3,-1.6047624,-9.2269
6729,endothelial,inDrop3,4.496582,-5.9939704
6730,alpha,inDrop3,-2.4401834,5.4539285
6731,beta,inDrop3,-3.0085886,-8.645407
6732,alpha,inDrop3,-4.1505966,6.6923776
6733,beta,inDrop3,-2.2865787,-5.2568693
6734,alpha,inDrop3,-1.5255623,5.8400736
6735,alpha,inDrop3,-4.625405,8.097138
6736,alpha,inDrop3,-4.2984295,5.800817
6737,ductal,inDrop3,7.7261586,4.352648
6738,beta,inDrop3,-1.4999999,-6.705545
6739,activated_stellate,inDrop3,4.9105024,-3.7679012
6740,alpha,inDrop3,-5.6213765,8.646636
6741,alpha,inDrop3,-3.1162136,5.467548
6742,alpha,inDrop3,-2.0720084,5.659877
6743,endothelial,inDrop3,4.4853272,-6.113805
6744,alpha,inDrop3,-2.5837424,5.46496
6745,beta,inDrop3,-1.148881,-8.362416
6746,acinar,inDrop3,12.153464,-2.6345925
6747,alpha,inDrop3,-5.107327,6.8971686
6748,ductal,inDrop3,7.202343,5.34009
6749,alpha,inDrop3,-1.8495722,6.4873695
6750,alpha,inDrop3,-3.5531354,5.7189665
6751,alpha,inDrop3,-1.824193,6.893384
6752,beta,inDrop3,-2.823786,-8.881259
6753,alpha,inDrop3,-1.9580054,5.5958014
6754,alpha,inDrop3,-2.1386328,6.766035
6755,alpha,inDrop3,-2.8692234,6.1602635
6756,alpha,inDrop3,-3.641968,8.836793
6757,quiescent_stellate,inDrop3,-3.223151,7.9258924
6758,alpha,inDrop3,-2.0392678,5.504152
6759,alpha,inDrop3,-1.4471219,7.4845963
6760,alpha,inDrop3,-3.7106729,5.836866
6761,beta,inDrop3,-2.6059718,-7.519115
6762,beta,inDrop3,-3.730308,-6.7081203
6763,alpha,inDrop3,-4.007004,5.9186134
6764,alpha,inDrop3,-5.7181754,8.0281725
6765,beta,inDrop3,-2.9964328,-8.664869
6766,alpha,inDrop3,-3.8166316,5.1792564
6767,alpha,inDrop3,-1.8213724,5.9187074
6768,acinar,inDrop3,11.845824,-4.224256
6769,ductal,inDrop3,7.449279,3.9950976
6770,alpha,inDrop3,-2.348992,6.9554505
6771,alpha,inDrop3,-5.587278,7.4939857
6772,beta,inDrop3,-1.2241087,-8.459774
6773,beta,inDrop3,-2.5463855,-8.709707
6774,alpha,inDrop3,-2.390548,5.3108006
6775,acinar,inDrop3,12.292315,-3.4548373
6776,alpha,inDrop3,-3.4590533,5.636968
6777,alpha,inDrop3,-3.0515647,5.4906216
6778,alpha,inDrop3,-5.2029457,5.9151864
6779,macrophage,inDrop3,4.3433537,1.8692402
6780,beta,inDrop3,-1.3876793,-6.859286
6781,beta,inDrop3,-1.6404365,-6.483869
6782,alpha,inDrop3,-2.0974905,5.318526
6783,alpha,inDrop3,-2.85199,7.219172
6784,ductal,inDrop3,7.8152294,4.1340337
6785,acinar,inDrop3,11.222673,-3.4920478
6786,alpha,inDrop3,2.7141328,3.3611135
6787,alpha,inDrop3,-5.632617,7.2125826
6788,alpha,inDrop3,-4.1798825,5.879345
6789,alpha,inDrop3,-2.0924864,5.2085543
6790,alpha,inDrop3,-3.6528902,7.5941753
6791,alpha,inDrop3,-1.4209318,5.954746
6792,activated_stellate,inDrop3,4.652395,-3.8744228
6793,beta,inDrop3,-1.4141451,-8.585936
6794,alpha,inDrop3,-3.3921943,7.293082
6795,gamma,inDrop3,-6.0899477,-0.010246785
6796,alpha,inDrop3,-4.270094,7.062946
6797,alpha,inDrop3,-4.7544117,5.6523256
6798,ductal,inDrop3,8.056408,4.263978
6799,alpha,inDrop3,-5.3232822,7.2327137
6800,alpha,inDrop3,-3.9866264,7.3350835
6801,alpha,inDrop3,-3.6683867,8.852779
6802,alpha,inDrop3,-3.2924497,5.3134108
6803,alpha,inDrop3,-2.95769,6.1920295
6804,quiescent_stellate,inDrop3,4.6347713,-4.086066
6805,ductal,inDrop3,7.2606387,3.9602787
6806,ductal,inDrop3,8.334272,4.312325
6807,acinar,inDrop3,12.396428,-2.820385
6808,delta,inDrop3,-0.47098637,-6.7741265
6809,alpha,inDrop3,-2.371062,5.130802
6810,ductal,inDrop3,8.182031,3.784721
6811,alpha,inDrop3,-2.8396935,6.090126
6812,alpha,inDrop3,-3.1699622,6.6651516
6813,acinar,inDrop3,12.252998,-2.9239469
6814,delta,inDrop3,0.48091528,0.34285066
6815,acinar,inDrop3,11.73844,-3.4177182
6816,alpha,inDrop3,-3.536443,5.8460383
6817,alpha,inDrop3,-1.6621745,7.432762
6818,alpha,inDrop3,-2.8240979,7.1108503
6819,acinar,inDrop3,12.511349,-2.2045565
6820,activated_stellate,inDrop3,5.040341,-3.5924895
6821,beta,inDrop3,-0.58856606,-7.2425733
6822,acinar,inDrop3,13.14662,-3.0393832
6823,beta,inDrop3,-1.9110322,-4.9204154
6824,alpha,inDrop3,-1.8595426,6.075027
6825,acinar,inDrop3,11.552216,-4.23323
6826,beta,inDrop3,-1.4426289,-7.6161656
6827,alpha,inDrop3,-3.9524522,9.113493
6828,alpha,inDrop3,-2.037946,6.7435303
6829,ductal,inDrop3,8.148127,4.816997
6830,alpha,inDrop3,2.6955607,3.366227
6831,ductal,inDrop3,6.840631,5.1061554
6832,alpha,inDrop3,-2.5053244,6.6523685
6833,alpha,inDrop3,-2.8511229,6.3561435
6834,alpha,inDrop3,-3.1967163,6.5433164
6835,acinar,inDrop3,11.804173,-2.8316104
6836,ductal,inDrop3,7.093542,3.913241
6837,acinar,inDrop3,12.436423,-3.3911657
6838,alpha,inDrop3,-3.9986856,6.79389
6839,delta,inDrop3,0.5859436,0.58598346
6840,alpha,inDrop3,-3.6889772,6.5123906
6841,alpha,inDrop3,-3.6938915,7.3378277
6842,acinar,inDrop3,12.209099,-2.5996573
6843,beta,inDrop3,-0.81816024,-8.235472
6844,alpha,inDrop3,-4.449062,5.648615
6845,acinar,inDrop3,11.234646,-2.4064765
6846,endothelial,inDrop3,4.567341,-6.888614
6847,beta,inDrop3,-0.82160133,-8.702153
6848,alpha,inDrop3,-3.5611174,7.047865
6849,activated_stellate,inDrop3,4.809949,-3.8927064
6850,activated_stellate,inDrop3,4.899691,-3.2117636
6851,acinar,inDrop3,12.571282,-3.6974566
6852,alpha,inDrop3,-2.7360456,5.661285
6853,alpha,inDrop3,-2.755905,5.5090833
6854,alpha,inDrop3,-2.7757049,5.4124722
6855,alpha,inDrop3,-2.01894,6.5339417
6856,ductal,inDrop3,8.1023245,4.1584115
6857,alpha,inDrop3,-5.159129,7.7254467
6858,endothelial,inDrop3,4.5716767,-6.540098
6859,activated_stellate,inDrop3,5.019365,-3.6375678
6860,alpha,inDrop3,-1.6963654,6.430147
6861,alpha,inDrop3,-2.5113013,7.442296
6862,beta,inDrop3,-1.4336241,-6.8790126
6863,alpha,inDrop3,-5.035075,6.6262155
6864,beta,inDrop3,-0.7851055,-8.3867
6865,alpha,inDrop3,-1.9286014,6.156158
6866,beta,inDrop3,-0.87846094,-8.268894
6867,quiescent_stellate,inDrop3,6.260895,-2.3825693
6868,alpha,inDrop3,-3.1755602,6.007451
6869,ductal,inDrop3,8.994044,5.130453
6870,acinar,inDrop3,13.100086,-3.1176639
6871,beta,inDrop3,-1.9324844,-6.6882834
6872,mast,inDrop3,3.5490677,3.0582426
6873,acinar,inDrop3,11.386738,-3.3730023
6874,acinar,inDrop3,12.527643,-2.5182307
6875,beta,inDrop3,-2.5686662,-9.181129
6876,beta,inDrop3,-1.8239155,-8.296226
6877,beta,inDrop3,-3.0495787,-7.392894
6878,alpha,inDrop3,-1.9682503,7.756645
6879,alpha,inDrop3,-3.596675,5.2463536
6880,activated_stellate,inDrop3,4.863029,-3.8502796
6881,alpha,inDrop3,-1.6919463,7.371328
6882,alpha,inDrop3,-3.5522814,7.186531
6883,acinar,inDrop3,12.172709,-3.9559662
6884,acinar,inDrop3,12.974871,-3.8225808
6885,ductal,inDrop3,9.164171,3.2709167
6886,beta,inDrop3,-3.7607884,-7.121465
6887,alpha,inDrop3,-4.255192,7.3510222
6888,acinar,inDrop3,12.521302,-2.6257477
6889,ductal,inDrop3,9.021367,3.3570557
6890,beta,inDrop3,-2.2990315,-5.4859695
6891,alpha,inDrop3,-2.8078656,7.193482
6892,ductal,inDrop3,7.8373575,4.3853183
6893,alpha,inDrop3,-4.007836,8.675365
6894,ductal,inDrop3,8.172241,5.262854
6895,alpha,inDrop3,-3.9675553,8.799436
6896,activated_stellate,inDrop3,5.1126504,-3.407962
6897,ductal,inDrop3,7.619907,3.802069
6898,beta,inDrop3,-1.0376874,-7.282671
6899,alpha,inDrop3,-2.0522714,7.3861027
6900,quiescent_stellate,inDrop3,6.476054,-2.2205715
6901,delta,inDrop3,11.747173,-3.4552271
6902,beta,inDrop3,-0.60190845,-6.843591
6903,alpha,inDrop3,-3.5932863,5.33972
6904,ductal,inDrop3,8.598554,4.867459
6905,alpha,inDrop3,-2.737128,6.1639585
6906,alpha,inDrop3,-2.3973315,5.311302
6907,beta,inDrop3,-2.5150216,-8.635871
6908,alpha,inDrop3,-2.6881943,6.3275404
6909,acinar,inDrop3,11.879508,-2.8778286
6910,alpha,inDrop3,-1.75897,5.638625
6911,quiescent_stellate,inDrop3,6.505398,-1.980106
6912,ductal,inDrop3,8.077172,5.22758
6913,alpha,inDrop3,-3.830007,8.659085
6914,ductal,inDrop3,7.4980893,4.538474
6915,activated_stellate,inDrop3,4.6228786,-4.0151153
6916,alpha,inDrop3,-3.1071694,8.2371
6917,beta,inDrop3,-4.4678397,-8.966544
6918,alpha,inDrop3,-3.7294605,5.8996882
6919,acinar,inDrop3,11.012887,-3.6113455
6920,acinar,inDrop3,12.270591,-3.0174391
6921,alpha,inDrop3,-2.1423357,5.927254
6922,alpha,inDrop3,-3.5857744,5.195795
6923,alpha,inDrop3,-2.8009784,6.668504
6924,ductal,inDrop3,7.157715,3.7709053
6925,beta,inDrop3,-2.2101247,-5.176645
6926,alpha,inDrop3,-5.185894,6.70657
6927,acinar,inDrop3,11.960542,-3.1765208
6928,activated_stellate,inDrop3,4.6606255,-3.9755576
6929,alpha,inDrop3,-1.6130432,5.837935
6930,beta,inDrop3,-4.750123,-9.380053
6931,alpha,inDrop3,-2.7821968,5.0608215
6932,beta,inDrop3,-1.2896653,-6.944348
6933,beta,inDrop3,-0.5595206,-7.2476487
6934,beta,inDrop3,-0.81853867,-6.889422
6935,alpha,inDrop3,-4.360205,7.6654253
6936,macrophage,inDrop3,4.33155,1.8934788
6937,ductal,inDrop3,8.091776,4.591337
6938,alpha,inDrop3,-2.1347482,5.2793884
6939,beta,inDrop3,-4.2221274,-9.382002
6940,alpha,inDrop3,-3.1703331,6.2912974
6941,beta,inDrop3,-0.9103004,-7.893362
6942,ductal,inDrop3,8.066972,3.8336816
6943,alpha,inDrop3,-2.0456374,7.747676
6944,alpha,inDrop3,-5.13017,7.7594595
6945,alpha,inDrop3,-2.014094,6.039794
6946,alpha,inDrop3,-2.3826878,6.9849515
6947,alpha,inDrop3,-4.867749,8.473196
6948,beta,inDrop3,-2.257199,-8.162278
6949,alpha,inDrop3,-3.8992295,6.7240415
6950,beta,inDrop3,-0.9773341,-7.788146
6951,ductal,inDrop3,8.722682,4.5590034
6952,ductal,inDrop3,7.8992968,4.403948
6953,ductal,inDrop3,7.786236,4.611468
6954,alpha,inDrop3,-3.7368975,6.372715
6955,ductal,inDrop3,9.167065,3.2757375
6956,activated_stellate,inDrop3,5.0102224,-3.4243703
6957,alpha,inDrop3,-1.5682087,7.4019256
6958,beta,inDrop3,-0.5449848,-7.3299165
6959,activated_stellate,inDrop3,5.0803847,-3.680961
6960,alpha,inDrop3,-3.9653018,5.8751197
6961,acinar,inDrop3,13.664472,-3.1729484
6962,acinar,inDrop3,12.913389,-3.970501
6963,alpha,inDrop3,-2.8275275,5.0968757
6964,delta,inDrop3,0.6929797,0.81752473
6965,endothelial,inDrop3,4.7557077,-6.6575217
6966,quiescent_stellate,inDrop3,6.3719544,-2.2636156
6967,beta,inDrop3,-1.4719119,-7.9055657
6968,beta,inDrop3,-1.2706274,-6.8440094
6969,alpha,inDrop3,-2.4759288,6.1652923
6970,activated_stellate,inDrop3,4.7987747,-3.7273962
6971,alpha,inDrop3,-2.022078,6.0622487
6972,beta,inDrop3,-0.8275357,-8.246183
6973,acinar,inDrop3,12.624007,-3.0737402
6974,alpha,inDrop3,-1.7954111,7.0528316
6975,delta,inDrop3,-2.3703926,-4.690984
6976,acinar,inDrop3,12.152377,-3.4324477
6977,quiescent_stellate,inDrop3,6.3330646,-2.070836
6978,beta,inDrop3,-1.1865987,-8.338572
6979,alpha,inDrop3,-1.4761926,5.8780985
6980,alpha,inDrop3,-3.7766554,5.220055
6981,ductal,inDrop3,7.3559833,3.6400778
6982,alpha,inDrop3,-3.4710124,6.2525516
6983,alpha,inDrop3,-3.8183863,6.005342
6984,alpha,inDrop3,-1.4767047,5.9304442
6985,alpha,inDrop3,-2.7481158,6.305648
6986,alpha,inDrop3,-3.7390285,5.1391883
6987,gamma,inDrop3,-5.6017475,0.48401487
6988,alpha,inDrop3,-4.6064243,5.8339787
6989,beta,inDrop3,-1.7036855,-7.162971
6990,beta,inDrop3,-0.7488027,-8.641331
6991,delta,inDrop3,0.31970736,-0.52076256
6992,alpha,inDrop3,-3.3243098,6.2408147
6993,activated_stellate,inDrop3,5.1540713,-3.200111
6994,alpha,inDrop3,-3.8261483,5.1690516
6995,quiescent_stellate,inDrop3,6.5153074,-1.958977
6996,beta,inDrop3,-1.521974,-7.567603
6997,mast,inDrop3,3.5591905,3.1148386
6998,alpha,inDrop3,-4.082874,5.803945
6999,acinar,inDrop3,12.891973,-3.089095
7000,alpha,inDrop3,-3.7675526,5.148873
7001,alpha,inDrop3,-2.1973917,6.8908057
7002,endothelial,inDrop3,4.3978133,-6.6676636
7003,beta,inDrop3,-2.2874637,-8.810615
7004,macrophage,inDrop3,4.2117267,1.9729294
7005,ductal,inDrop3,8.005302,5.282499
7006,beta,inDrop3,-4.7858667,-9.522856
7007,beta,inDrop3,-1.2566414,-7.3363357
7008,beta,inDrop3,-1.3836168,-7.2972474
7009,alpha,inDrop3,-1.8671188,5.887696
7010,beta,inDrop3,-3.012251,-7.347222
7011,alpha,inDrop3,-2.0048113,6.0506577
7012,mast,inDrop3,3.5732892,3.1032052
7013,alpha,inDrop3,-3.755623,5.094733
7014,alpha,inDrop3,-2.3516645,6.3110676
7015,beta,inDrop3,-5.005653,-6.5253034
7016,endothelial,inDrop3,4.9529295,-6.627926
7017,acinar,inDrop3,12.0164795,-3.3278766
7018,endothelial,inDrop3,4.539677,-6.4804797
7019,beta,inDrop3,-0.8245534,-8.375237
7020,beta,inDrop3,-3.060475,-8.921944
7021,alpha,inDrop3,-2.8787768,5.0968227
7022,quiescent_stellate,inDrop3,6.447322,-2.2227857
7023,ductal,inDrop3,8.104084,5.359565
7024,ductal,inDrop3,7.1656723,3.8251777
7025,beta,inDrop3,-0.971911,-7.7064977
7026,beta,inDrop3,-1.8022716,-6.9632416
7027,alpha,inDrop3,-3.7754474,5.2105856
7028,beta,inDrop3,-1.9058851,-9.0429125
7029,beta,inDrop3,-0.87885505,-8.174639
7030,beta,inDrop3,-0.9817528,-7.3275423
7031,quiescent_stellate,inDrop3,6.5065126,-2.140298
7032,quiescent_stellate,inDrop3,6.4923215,-2.1496434
7033,beta,inDrop3,-1.7784418,-7.0677238
7034,alpha,inDrop3,-3.2860227,8.226451
7035,delta,inDrop3,-1.7650079,-7.829858
7036,alpha,inDrop3,-3.0035381,5.450411
7037,ductal,inDrop3,7.670113,4.16892
7038,acinar,inDrop3,12.326486,-2.8860915
7039,alpha,inDrop3,-3.1144693,6.142929
7040,alpha,inDrop3,-3.0796804,6.1388354
7041,alpha,inDrop3,-2.0905597,7.050299
7042,quiescent_stellate,inDrop3,6.3643103,-2.2475088
7043,alpha,inDrop3,-3.2521381,5.252274
7044,beta,inDrop3,-0.9533388,-8.489405
7045,endothelial,inDrop3,4.5853434,-6.6547937
7046,activated_stellate,inDrop3,4.735127,-3.9724836
7047,alpha,inDrop3,-1.5829203,5.838528
7048,alpha,inDrop3,-3.7283394,5.253872
7049,beta,inDrop3,-0.96280867,-8.14449
7050,alpha,inDrop3,-3.5322442,8.393799
7051,beta,inDrop3,-0.58590037,-7.337782
7052,beta,inDrop3,-1.6154733,-7.243646
7053,alpha,inDrop3,-1.8287379,5.707593
7054,ductal,inDrop3,7.8890386,4.3071194
7055,endothelial,inDrop3,4.5741687,-6.716333
7056,endothelial,inDrop3,4.432693,-6.65821
7057,endothelial,inDrop3,4.923482,-6.6558847
7058,beta,inDrop3,-0.8961933,-7.7405634
7059,beta,inDrop3,-1.0713584,-7.3920527
7060,quiescent_stellate,inDrop3,6.2882056,-2.3304484
7061,beta,inDrop3,-1.139293,-8.153748
7062,beta,inDrop3,-2.3458588,-5.5353975
7063,beta,inDrop3,-1.2553614,-8.614848
7064,beta,inDrop3,-1.5849283,-8.002891
7065,ductal,inDrop3,8.0459,5.011713
7066,beta,inDrop3,-1.8016254,-8.709774
7067,ductal,inDrop3,8.123203,4.157257
7068,endothelial,inDrop3,4.765479,-6.821693
7069,endothelial,inDrop3,4.4254594,-6.6886353
7070,alpha,inDrop3,-3.9509385,5.3282304
7071,beta,inDrop3,-0.82833374,-8.286338
7072,activated_stellate,inDrop3,5.0955453,-3.6788504
7073,beta,inDrop3,-1.9778078,-6.708151
7074,alpha,inDrop3,-3.7738528,5.217783
7075,acinar,inDrop3,11.821064,-4.2535205
7076,acinar,inDrop3,13.417227,-3.2161324
7077,acinar,inDrop3,11.080246,-4.1132064
7078,acinar,inDrop3,10.953003,-3.5452712
7079,acinar,inDrop3,12.319829,-4.2089143
7080,acinar,inDrop3,12.984574,-3.3109708
7081,acinar,inDrop3,12.28712,-3.9815578
7082,acinar,inDrop3,11.361967,-4.0473747
7083,acinar,inDrop3,12.365778,-4.1386495
7084,acinar,inDrop3,11.851742,-3.553146
7085,acinar,inDrop3,4.960084,-3.7874982
7086,acinar,inDrop3,12.2919,-3.9929934
7087,acinar,inDrop3,12.220363,-4.054858
7088,acinar,inDrop3,11.340871,-3.9144735
7089,acinar,inDrop3,11.414715,-3.4641855
7090,acinar,inDrop3,10.965742,-3.2507284
7091,acinar,inDrop3,11.092572,-3.9526122
7092,acinar,inDrop3,11.361596,-3.9134762
7093,acinar,inDrop3,11.076943,-4.076638
7094,acinar,inDrop3,12.628818,-2.7700822
7095,acinar,inDrop3,12.611202,-2.8913274
7096,acinar,inDrop3,10.898039,-3.6099153
7097,acinar,inDrop3,11.210316,-3.030451
7098,acinar,inDrop3,12.566167,-3.699003
7099,acinar,inDrop3,12.535734,-4.0624933
7100,acinar,inDrop3,12.248899,-3.8780296
7101,acinar,inDrop3,12.044228,-3.4883974
7102,acinar,inDrop3,11.648827,-3.8033566
7103,acinar,inDrop3,13.016612,-3.5030015
7104,acinar,inDrop3,12.144605,-3.9332044
7105,acinar,inDrop3,11.231041,-4.0879526
7106,alpha,inDrop3,-2.027835,5.5406833
7107,acinar,inDrop3,11.387035,-3.5364416
7108,delta,inDrop3,0.9190364,0.77196985
7109,acinar,inDrop3,11.812809,-3.220306
7110,acinar,inDrop3,12.036973,-3.463408
7111,acinar,inDrop3,11.928052,-2.1369605
7112,acinar,inDrop3,11.035274,-3.6303174
7113,acinar,inDrop3,12.352178,-3.794838
7114,acinar,inDrop3,11.057634,-3.80392
7115,acinar,inDrop3,13.29351,-3.1869106
7116,acinar,inDrop3,13.275519,-3.6669488
7117,acinar,inDrop3,11.7929945,-2.9818978
7118,acinar,inDrop3,12.419457,-2.8830683
7119,acinar,inDrop3,11.016057,-3.8695579
7120,acinar,inDrop3,11.4003725,-3.5465546
7121,acinar,inDrop3,12.469677,-3.992549
7122,acinar,inDrop3,12.845346,-2.5302587
7123,acinar,inDrop3,11.723804,-3.9082627
7124,acinar,inDrop3,13.14022,-3.530626
7125,acinar,inDrop3,11.946219,-3.165406
7126,beta,inDrop3,-2.3329465,-8.054582
7127,acinar,inDrop3,8.648299,4.288377
7128,beta,inDrop3,-1.4940815,-6.9414463
7129,acinar,inDrop3,13.151805,-2.7853074
7130,acinar,inDrop3,12.008703,-2.6436799
7131,acinar,inDrop3,11.145602,-4.2181582
7132,acinar,inDrop3,11.409611,-3.5293891
7133,acinar,inDrop3,12.760482,-2.8551106
7134,acinar,inDrop3,13.222592,-3.4705403
7135,acinar,inDrop3,12.03988,-3.6868377
7136,acinar,inDrop3,11.69087,-3.436493
7137,acinar,inDrop3,12.38913,-2.9339933
7138,acinar,inDrop3,13.123163,-3.4867024
7139,acinar,inDrop3,11.009067,-3.9273045
7140,acinar,inDrop3,11.294516,-3.8136663
7141,acinar,inDrop3,12.001992,-2.6452458
7142,acinar,inDrop3,13.002278,-3.0922966
7143,acinar,inDrop3,10.661292,-3.7016244
7144,acinar,inDrop3,11.9658985,-4.0954537
7145,acinar,inDrop3,11.922666,-4.1396904
7146,acinar,inDrop3,11.845969,-3.006224
7147,acinar,inDrop3,10.964589,-3.7600012
7148,acinar,inDrop3,11.154829,-4.2333794
7149,acinar,inDrop3,12.251176,-3.632309
7150,acinar,inDrop3,11.430844,-2.2879324
7151,acinar,inDrop3,11.627428,-2.7254353
7152,acinar,inDrop3,13.486586,-3.4677582
7153,acinar,inDrop3,13.631193,-3.1492212
7154,acinar,inDrop3,11.3868885,-3.5996754
7155,acinar,inDrop3,11.513569,-3.5329337
7156,acinar,inDrop3,11.124754,-3.7825418
7157,ductal,inDrop3,7.4783535,3.4228678
7158,acinar,inDrop3,12.641741,-3.9540193
7159,acinar,inDrop3,11.199944,-4.072318
7160,beta,inDrop3,-1.3430852,8.939191
7161,beta,inDrop3,-1.8981657,-6.467542
7162,acinar,inDrop3,12.775801,-3.5287693
7163,acinar,inDrop3,11.201229,-3.621488
7164,acinar,inDrop3,11.5644655,-3.9925354
7165,delta,inDrop3,1.139146,-0.5465351
7166,acinar,inDrop3,11.036244,-3.7258964
7167,beta,inDrop3,-2.538393,-8.156692
7168,acinar,inDrop3,11.354185,-3.6435318
7169,acinar,inDrop3,12.273269,-3.9516075
7170,acinar,inDrop3,11.952717,-4.099015
7171,alpha,inDrop3,-2.2838783,5.3859143
7172,acinar,inDrop3,11.351831,-4.150539
7173,acinar,inDrop3,12.758024,-3.0193539
7174,acinar,inDrop3,13.015417,-3.0462947
7175,acinar,inDrop3,11.486476,-4.0501223
7176,delta,inDrop3,1.5640247,-0.06786056
7177,acinar,inDrop3,12.786437,-3.745361
7178,alpha,inDrop3,-4.123704,6.600973
7179,beta,inDrop3,-1.2820512,-7.172623
7180,acinar,inDrop3,10.874831,-3.5396235
7181,beta,inDrop3,-3.0753632,-6.551937
7182,beta,inDrop3,-2.5996797,-6.0382104
7183,acinar,inDrop3,12.881303,-2.9524455
7184,ductal,inDrop3,8.1814785,4.7249384
7185,acinar,inDrop3,12.889343,-3.0977225
7186,beta,inDrop3,-4.4707723,-7.1149106
7187,acinar,inDrop3,12.313104,-3.113939
7188,alpha,inDrop3,-1.8508817,5.790339
7189,alpha,inDrop3,-2.3921793,6.6110477
7190,alpha,inDrop3,-5.9393272,7.420773
7191,activated_stellate,inDrop3,4.7633986,-3.9554648
7192,acinar,inDrop3,12.966258,-3.3402336
7193,acinar,inDrop3,12.7871,-3.7151525
7194,acinar,inDrop3,12.190503,-3.5967255
7195,beta,inDrop3,-2.841182,-5.778723
7196,acinar,inDrop3,13.259817,-3.7087657
7197,acinar,inDrop3,12.298223,-4.0610676
7198,beta,inDrop3,-1.2889194,-9.016595
7199,alpha,inDrop3,-3.0430121,7.517107
7200,acinar,inDrop3,11.363407,-3.279419
7201,alpha,inDrop3,-5.4208045,5.730508
7202,acinar,inDrop3,11.642907,-3.1891143
7203,acinar,inDrop3,12.551549,-2.6430223
7204,alpha,inDrop3,-3.0367904,5.1641703
7205,beta,inDrop3,-3.3316298,-6.4043865
7206,acinar,inDrop3,12.67621,-2.7266767
7207,alpha,inDrop3,-1.7161651,6.076197
7208,activated_stellate,inDrop3,4.602808,-4.1145186
7209,acinar,inDrop3,12.804135,-2.9222403
7210,beta,inDrop3,-3.108162,-6.3028355
7211,beta,inDrop3,-3.151252,-6.701163
7212,beta,inDrop3,-3.566086,-6.8048673
7213,acinar,inDrop3,12.578431,-3.1380723
7214,beta,inDrop3,-1.7012022,-8.41212
7215,beta,inDrop3,-2.3536606,-9.371834
7216,beta,inDrop3,-2.7661932,-5.634002
7217,acinar,inDrop3,11.214785,-4.249894
7218,acinar,inDrop3,12.260502,-3.3521655
7219,acinar,inDrop3,11.775185,-3.2596006
7220,endothelial,inDrop3,4.5189514,-5.960504
7221,alpha,inDrop3,-2.8547752,5.309027
7222,beta,inDrop3,-3.0618987,-9.001355
7223,delta,inDrop3,1.0267351,0.31511703
7224,beta,inDrop3,-1.634221,-8.730336
7225,beta,inDrop3,-2.6411095,-5.650462
7226,acinar,inDrop3,13.323872,-3.2662537
7227,beta,inDrop3,-2.220035,-6.4478674
7228,activated_stellate,inDrop3,4.738692,-3.9575744
7229,acinar,inDrop3,11.466924,-2.921819
7230,acinar,inDrop3,11.418769,-4.089692
7231,acinar,inDrop3,11.63248,-3.005706
7232,alpha,inDrop3,-3.9979594,6.5730143
7233,delta,inDrop3,0.8398823,0.5940941
7234,acinar,inDrop3,12.740654,-3.754107
7235,beta,inDrop3,-1.809664,-6.4997416
7236,acinar,inDrop3,12.033487,-3.914252
7237,acinar,inDrop3,12.075629,-2.9276965
7238,acinar,inDrop3,13.478918,-3.1079352
7239,beta,inDrop3,-3.020444,-6.648243
7240,acinar,inDrop3,11.45122,-2.567986
7241,beta,inDrop3,-1.6224328,-6.4951105
7242,acinar,inDrop3,13.228521,-3.7306685
7243,beta,inDrop3,-4.484814,-7.942028
7244,acinar,inDrop3,11.66207,-4.215331
7245,alpha,inDrop3,-2.3000052,5.545157
7246,ductal,inDrop3,7.816821,4.183721
7247,acinar,inDrop3,12.322953,-3.975454
7248,acinar,inDrop3,13.050597,-2.7580643
7249,activated_stellate,inDrop3,5.1037397,-3.4808996
7250,acinar,inDrop3,13.240775,-3.718055
7251,acinar,inDrop3,11.896784,-3.9623458
7252,beta,inDrop3,-1.1061723,-7.825757
7253,acinar,inDrop3,12.9512005,-3.9454527
7254,acinar,inDrop3,11.911697,-3.9421346
7255,beta,inDrop3,-2.9660163,-7.1331973
7256,activated_stellate,inDrop3,5.012333,-3.4821494
7257,alpha,inDrop3,-1.9002881,5.5018735
7258,beta,inDrop3,-0.91338474,-6.992052
7259,beta,inDrop3,-4.3675804,-8.516086
7260,acinar,inDrop3,12.510799,-2.5896463
7261,beta,inDrop3,-2.9487917,-6.0336475
7262,acinar,inDrop3,12.815169,-2.910268
7263,alpha,inDrop3,-2.3657365,7.934841
7264,beta,inDrop3,-2.964873,-6.4747415
7265,acinar,inDrop3,11.803679,-2.4885175
7266,acinar,inDrop3,10.973488,-3.1736636
7267,beta,inDrop3,-4.0868573,-9.163839
7268,acinar,inDrop3,13.148549,-2.8876061
7269,acinar,inDrop3,11.200519,-4.1164885
7270,alpha,inDrop3,-1.5428317,6.8051615
7271,beta,inDrop3,-1.8070664,-9.363863
7272,acinar,inDrop3,11.946822,-3.7164588
7273,beta,inDrop3,-1.3630831,-6.920468
7274,beta,inDrop3,-4.1894503,-7.7893257
7275,acinar,inDrop3,11.219685,-2.5341365
7276,beta,inDrop3,-3.1221416,-4.6880493
7277,acinar,inDrop3,12.669147,-2.8651388
7278,acinar,inDrop3,12.506185,-1.4895843
7279,acinar,inDrop3,13.09414,-3.5438166
7280,beta,inDrop3,-2.3330142,-8.590378
7281,acinar,inDrop3,11.407583,-2.1771302
7282,acinar,inDrop3,12.32856,-3.7660306
7283,beta,inDrop3,-2.6054142,-5.6238832
7284,beta,inDrop3,-3.8483825,-7.0348687
7285,delta,inDrop3,0.5649381,0.1533944
7286,alpha,inDrop3,-2.3619955,5.721838
7287,endothelial,inDrop3,4.8753657,-6.8994117
7288,acinar,inDrop3,12.953208,-2.2179182
7289,beta,inDrop3,-3.1419165,-9.465795
7290,alpha,inDrop3,-5.4266376,7.2105923
7291,alpha,inDrop3,-5.1953335,5.8070498
7292,beta,inDrop3,-2.537778,-5.554406
7293,alpha,inDrop3,-2.4338894,-6.7824144
7294,acinar,inDrop3,11.104029,-3.7658613
7295,acinar,inDrop3,12.679505,-2.4328787
7296,alpha,inDrop3,-1.5134832,7.031739
7297,acinar,inDrop3,12.987446,-3.9558957
7298,ductal,inDrop3,8.535322,5.711228
7299,beta,inDrop3,-4.518756,-9.779005
7300,acinar,inDrop3,12.612917,-2.844936
7301,acinar,inDrop3,12.420607,-3.0843172
7302,acinar,inDrop3,11.757625,-3.0673437
7303,acinar,inDrop3,11.358781,-3.6235838
7304,ductal,inDrop3,8.807834,5.558651
7305,acinar,inDrop3,10.962769,-3.1564918
7306,beta,inDrop3,-1.8138235,-8.470079
7307,acinar,inDrop3,12.027654,-2.6388965
7308,alpha,inDrop3,-4.0814185,6.1838555
7309,acinar,inDrop3,12.147875,-4.0240126
7310,beta,inDrop3,-0.85263544,-7.000745
7311,gamma,inDrop3,-5.2595057,-0.240989
7312,beta,inDrop3,-1.5261756,-6.465469
7313,beta,inDrop3,-3.2117622,-9.711682
7314,alpha,inDrop3,-5.3881164,6.157764
7315,acinar,inDrop3,11.610192,-4.079258
7316,alpha,inDrop3,-3.0437,6.2044296
7317,acinar,inDrop3,12.873772,-3.9508152
7318,ductal,inDrop3,8.328127,4.4167466
7319,alpha,inDrop3,-3.0776174,5.271195
7320,beta,inDrop3,-3.1947446,-9.128519
7321,beta,inDrop3,-1.8826693,-8.500627
7322,beta,inDrop3,-2.1499395,-8.42239
7323,beta,inDrop3,-3.982104,-8.057989
7324,ductal,inDrop3,7.7317414,4.9551454
7325,beta,inDrop3,-2.5097284,-5.439725
7326,ductal,inDrop3,7.2967196,3.9997432
7327,beta,inDrop3,-1.6240284,-9.053305
7328,beta,inDrop3,-2.2832782,-6.840561
7329,ductal,inDrop3,7.361985,4.3800583
7330,beta,inDrop3,-3.5332181,-8.361522
7331,beta,inDrop3,-4.4842863,-9.375423
7332,acinar,inDrop3,13.70189,-3.2444282
7333,beta,inDrop3,-1.7671024,-9.007296
7334,beta,inDrop3,-0.63093454,-6.9779067
7335,alpha,inDrop3,-4.059978,6.8009396
7336,acinar,inDrop3,12.922768,-3.2521322
7337,beta,inDrop3,-2.3972769,-8.807239
7338,delta,inDrop3,1.3344697,0.04991674
7339,activated_stellate,inDrop3,4.9441953,-3.8006725
7340,acinar,inDrop3,4.538983,-6.584575
7341,ductal,inDrop3,7.3538485,3.865237
7342,acinar,inDrop3,11.317288,-3.0808363
7343,beta,inDrop3,-0.8915783,-6.878202
7344,beta,inDrop3,-2.582921,-9.574785
7345,ductal,inDrop3,7.8563533,4.593038
7346,acinar,inDrop3,12.201889,-3.009022
7347,alpha,inDrop3,-1.9907119,7.5157676
7348,delta,inDrop3,0.6037435,-0.6030805
7349,beta,inDrop3,-2.696253,-6.614769
7350,acinar,inDrop3,11.335197,-3.834148
7351,alpha,inDrop3,-2.0756717,7.2805657
7352,ductal,inDrop3,7.8841124,4.520688
7353,beta,inDrop3,-2.52447,-5.322571
7354,alpha,inDrop3,-2.960096,5.3584785
7355,alpha,inDrop3,-2.5426004,5.127496
7356,beta,inDrop3,-5.100302,-6.507167
7357,activated_stellate,inDrop3,4.83456,-3.9216182
7358,acinar,inDrop3,11.591136,-2.6368551
7359,delta,inDrop3,0.8586971,0.90372807
7360,beta,inDrop3,-2.825756,-6.245299
7361,alpha,inDrop3,-2.4569395,6.154561
7362,ductal,inDrop3,6.854169,5.177462
7363,acinar,inDrop3,12.402026,-3.8717058
7364,ductal,inDrop3,8.455743,4.383357
7365,alpha,inDrop3,-3.469956,5.6566873
7366,endothelial,inDrop3,4.524494,-5.9515595
7367,acinar,inDrop3,11.313907,-3.3470542
7368,alpha,inDrop3,-4.687232,7.2780004
7369,alpha,inDrop3,-2.5636835,5.4109178
7370,acinar,inDrop3,13.430401,-3.1147013
7371,beta,inDrop3,-2.400467,-5.4035063
7372,beta,inDrop3,-4.9915204,-9.229393
7373,ductal,inDrop3,8.371322,5.5488925
7374,ductal,inDrop3,7.6011972,4.650366
7375,acinar,inDrop3,12.354965,-2.5382345
7376,ductal,inDrop3,7.0640826,3.7094376
7377,delta,inDrop3,1.229508,-0.6588361
7378,beta,inDrop3,-1.9293203,-6.562569
7379,delta,inDrop3,0.5113505,-0.24022596
7380,acinar,inDrop3,11.654752,-3.5109975
7381,delta,inDrop3,0.5523962,0.3312455
7382,alpha,inDrop3,-3.0098069,6.233701
7383,alpha,inDrop3,-3.9806037,5.8802495
7384,beta,inDrop3,-1.6509886,-6.5406528
7385,endothelial,inDrop3,4.522047,-6.034098
7386,ductal,inDrop3,8.274551,5.137318
7387,beta,inDrop3,-3.2210298,-9.358422
7388,beta,inDrop3,-4.2603464,-7.579709
7389,alpha,inDrop3,-1.8904175,5.5482
7390,acinar,inDrop3,12.466439,-2.3621
7391,alpha,inDrop3,-2.8052473,5.957394
7392,delta,inDrop3,0.36950693,0.22241703
7393,alpha,inDrop3,-2.9216776,7.554237
7394,alpha,inDrop3,-2.6684062,7.07214
7395,beta,inDrop3,-2.5478077,-7.4264445
7396,ductal,inDrop3,7.911802,4.7142844
7397,beta,inDrop3,-2.6044257,-7.0395713
7398,macrophage,inDrop3,4.3515573,1.8580816
7399,alpha,inDrop3,-2.444757,6.384671
7400,delta,inDrop3,0.73354393,-0.6117844
7401,ductal,inDrop3,7.066118,3.708665
7402,beta,inDrop3,-2.4176989,-6.7194486
7403,ductal,inDrop3,7.326514,4.1319003
7404,alpha,inDrop3,-1.7779753,7.0561833
7405,delta,inDrop3,1.265569,0.76874244
7406,beta,inDrop3,-3.132421,-8.19391
7407,acinar,inDrop3,11.807122,-3.1626885
7408,ductal,inDrop3,7.983772,4.211312
7409,ductal,inDrop3,8.073398,4.5743904
7410,beta,inDrop3,-2.536431,-9.296842
7411,alpha,inDrop3,-2.744312,5.496479
7412,alpha,inDrop3,-5.900919,7.114207
7413,acinar,inDrop3,13.122565,-2.9544144
7414,beta,inDrop3,-0.5458669,-6.8454256
7415,ductal,inDrop3,7.1341114,4.750736
7416,ductal,inDrop3,8.636942,5.3686028
7417,beta,inDrop3,-1.0392523,-8.327312
7418,alpha,inDrop3,-4.6519556,5.6931744
7419,delta,inDrop3,1.1317575,-0.27509522
7420,alpha,inDrop3,-3.6151345,6.381145
7421,alpha,inDrop3,-4.6006694,6.456942
7422,alpha,inDrop3,-2.470866,6.061528
7423,beta,inDrop3,0.96999395,0.26294228
7424,beta,inDrop3,-4.04052,-9.155022
7425,beta,inDrop3,-4.1935525,-7.313893
7426,alpha,inDrop3,-1.5475742,7.5433264
7427,alpha,inDrop3,-3.6362371,6.3822165
7428,acinar,inDrop3,11.556484,-4.0055366
7429,acinar,inDrop3,11.166881,-3.5673954
7430,beta,inDrop3,-2.5285215,-4.722417
7431,alpha,inDrop3,-5.602627,7.3991876
7432,alpha,inDrop3,-3.5366735,8.697721
7433,beta,inDrop3,-2.9627697,-6.2501283
7434,alpha,inDrop3,-4.1188164,7.7122865
7435,acinar,inDrop3,11.3438425,-3.5879598
7436,delta,inDrop3,1.0326289,0.444424
7437,acinar,inDrop3,11.092026,-3.784652
7438,beta,inDrop3,-1.9052677,-4.9797964
7439,alpha,inDrop3,-2.7284558,6.171182
7440,ductal,inDrop3,7.9047823,4.271261
7441,beta,inDrop3,-2.2136655,-9.409197
7442,alpha,inDrop3,-2.651729,5.8128676
7443,alpha,inDrop3,-5.810748,7.2117305
7444,alpha,inDrop3,-3.8153808,7.3901234
7445,beta,inDrop3,-3.942626,-7.1088834
7446,alpha,inDrop3,-2.7764964,6.136786
7447,gamma,inDrop3,-5.810334,0.5463717
7448,delta,inDrop3,-0.46855074,-6.7776346
7449,endothelial,inDrop3,4.4993057,-6.007501
7450,alpha,inDrop3,-3.8683364,9.339815
7451,beta,inDrop3,-2.568744,-5.740689
7452,alpha,inDrop3,-3.9408073,6.1026587
7453,delta,inDrop3,1.0785061,-0.47768193
7454,beta,inDrop3,-3.2623398,-8.945982
7455,delta,inDrop3,0.82379425,0.12966871
7456,ductal,inDrop3,8.818294,4.333878
7457,beta,inDrop3,-0.51918393,-7.329467
7458,alpha,inDrop3,-2.2148316,6.4057136
7459,acinar,inDrop3,11.813894,-3.456662
7460,alpha,inDrop3,-2.3465717,6.793793
7461,beta,inDrop3,-4.1981544,-8.182527
7462,ductal,inDrop3,9.311886,6.4004817
7463,beta,inDrop3,-2.4079218,-7.14885
7464,alpha,inDrop3,-2.7902377,5.4877214
7465,beta,inDrop3,-3.6497116,-6.848359
7466,ductal,inDrop3,7.153836,3.722975
7467,acinar,inDrop3,11.314518,-2.8683488
7468,alpha,inDrop3,-4.4567375,5.728237
7469,beta,inDrop3,-2.1800728,-5.092199
7470,acinar,inDrop3,11.750032,-3.4323556
7471,alpha,inDrop3,-2.6649268,5.3152184
7472,alpha,inDrop3,-3.4772005,6.147252
7473,alpha,inDrop3,-5.7071104,7.6828446
7474,alpha,inDrop3,-3.8493307,7.3468213
7475,beta,inDrop3,-4.3432817,-9.051968
7476,ductal,inDrop3,7.01936,3.9270902
7477,beta,inDrop3,-2.8059018,-8.35184
7478,alpha,inDrop3,-2.164266,7.4909573
7479,alpha,inDrop3,-2.979654,5.3416305
7480,acinar,inDrop3,11.964531,-3.4204242
7481,ductal,inDrop3,8.505438,5.8100557
7482,beta,inDrop3,-2.796596,-7.0975204
7483,ductal,inDrop3,7.3855886,4.1458836
7484,alpha,inDrop3,-2.465567,5.54567
7485,beta,inDrop3,-2.7517133,-6.2664933
7486,beta,inDrop3,-2.8676114,-6.1758947
7487,macrophage,inDrop3,4.358992,1.849347
7488,beta,inDrop3,-3.1085606,-6.4746203
7489,acinar,inDrop3,12.869493,-3.8222315
7490,beta,inDrop3,-0.91895545,-7.1364746
7491,ductal,inDrop3,8.175777,4.772592
7492,beta,inDrop3,-1.1015573,-8.503727
7493,beta,inDrop3,-2.5612526,-5.8863482
7494,ductal,inDrop3,7.8951464,4.682953
7495,alpha,inDrop3,-1.7235856,7.232201
7496,beta,inDrop3,-0.6373456,-6.914888
7497,alpha,inDrop3,-3.8357394,5.867528
7498,alpha,inDrop3,-5.6273518,8.210121
7499,alpha,inDrop3,-3.687496,6.312544
7500,alpha,inDrop3,-2.9850914,6.0806355
7501,alpha,inDrop3,-5.136862,7.6008463
7502,beta,inDrop3,-2.713244,-6.602922
7503,beta,inDrop3,-3.528043,-6.8101034
7504,alpha,inDrop3,-2.9517622,6.338186
7505,alpha,inDrop3,-1.7434816,7.6916165
7506,beta,inDrop3,-1.3665688,-6.770152
7507,endothelial,inDrop3,4.528214,-5.966048
7508,alpha,inDrop3,-2.7137685,6.179133
7509,beta,inDrop3,-2.3901935,-5.282447
7510,alpha,inDrop3,-2.1501918,5.8275623
7511,ductal,inDrop3,8.03665,4.2594633
7512,endothelial,inDrop3,4.5035324,-6.000345
7513,alpha,inDrop3,-3.8081372,8.5997505
7514,acinar,inDrop3,11.081318,-3.031047
7515,ductal,inDrop3,7.238399,4.268607
7516,activated_stellate,inDrop3,4.6508985,-3.9972444
7517,alpha,inDrop3,-3.1162336,6.7273345
7518,beta,inDrop3,-0.5401901,-6.8540998
7519,beta,inDrop3,-1.2301768,-6.6710577
7520,alpha,inDrop3,-4.435156,7.1749263
7521,endothelial,inDrop3,4.5287447,-6.114782
7522,alpha,inDrop3,-3.7389078,5.644297
7523,ductal,inDrop3,8.270318,4.785313
7524,delta,inDrop3,0.8653298,-0.3504468
7525,alpha,inDrop3,-5.173817,7.3315144
7526,alpha,inDrop3,-1.656865,6.6393833
7527,acinar,inDrop3,11.040113,-3.553256
7528,ductal,inDrop3,7.775573,4.578235
7529,alpha,inDrop3,-3.0752826,5.6999044
7530,alpha,inDrop3,-5.2489395,5.9316483
7531,alpha,inDrop3,-4.148138,9.174725
7532,alpha,inDrop3,-2.4129226,5.5044155
7533,ductal,inDrop3,7.341903,3.9984517
7534,alpha,inDrop3,-5.6264863,8.327604
7535,ductal,inDrop3,9.180182,3.2796495
7536,alpha,inDrop3,-2.5770328,6.2011228
7537,alpha,inDrop3,-4.534705,9.23669
7538,beta,inDrop3,-2.1343575,-5.079691
7539,beta,inDrop3,-2.4312975,-4.719437
7540,beta,inDrop3,-0.74685186,-7.9273896
7541,acinar,inDrop3,11.640656,-3.5643764
7542,alpha,inDrop3,-4.091669,6.22234
7543,alpha,inDrop3,-2.9599006,6.361723
7544,alpha,inDrop3,-2.0376828,7.3346605
7545,ductal,inDrop3,7.231904,3.7756584
7546,alpha,inDrop3,-4.2534394,7.9597526
7547,acinar,inDrop3,10.817948,-3.426254
7548,alpha,inDrop3,-3.4497595,5.924722
7549,beta,inDrop3,-1.2085242,-7.0491505
7550,beta,inDrop3,-1.9257008,-4.9384646
7551,delta,inDrop3,0.9234435,0.8138405
7552,acinar,inDrop3,11.250089,-2.742041
7553,alpha,inDrop3,-3.3386974,7.8687243
7554,alpha,inDrop3,-2.0342004,5.645528
7555,beta,inDrop3,-5.1919065,-8.4941845
7556,alpha,inDrop3,-5.1935525,8.231539
7557,acinar,inDrop3,10.478793,-3.3688161
7558,gamma,inDrop3,-5.444888,5.7429643
7559,alpha,inDrop3,-5.3351026,8.797708
7560,alpha,inDrop3,-1.661294,6.943077
7561,beta,inDrop3,-2.732334,-6.272475
7562,alpha,inDrop3,-3.2832391,6.6214457
7563,beta,inDrop3,-0.95393527,-6.7151375
7564,ductal,inDrop3,8.318486,4.5348516
7565,ductal,inDrop3,8.105495,4.250936
7566,alpha,inDrop3,-2.8989172,6.3400135
7567,beta,inDrop3,-3.442816,-8.665945
7568,alpha,inDrop3,-3.4226584,7.143685
7569,acinar,inDrop3,11.516175,-4.0868287
7570,ductal,inDrop3,7.413944,4.41879
7571,alpha,inDrop3,-2.120255,7.216268
7572,alpha,inDrop3,-3.7634084,6.2659373
7573,alpha,inDrop3,-1.962919,6.0403666
7574,alpha,inDrop3,-1.4411275,5.883535
7575,beta,inDrop3,-1.4829553,-6.461914
7576,alpha,inDrop3,-5.0764155,5.7947307
7577,beta,inDrop3,-4.9454846,-9.519617
7578,beta,inDrop3,-3.1057239,-6.33077
7579,alpha,inDrop3,-1.8290969,5.8300233
7580,alpha,inDrop3,-3.0948079,5.761513
7581,beta,inDrop3,-2.7963026,-8.613929
7582,alpha,inDrop3,-3.4194732,5.8450103
7583,alpha,inDrop3,-1.936634,5.402665
7584,alpha,inDrop3,-3.7407072,6.415008
7585,alpha,inDrop3,-1.5768567,7.2374215
7586,alpha,inDrop3,-2.6822321,6.261102
7587,alpha,inDrop3,-3.8367498,6.5935073
7588,beta,inDrop3,-2.693444,-5.806185
7589,beta,inDrop3,-1.959454,-4.9858184
7590,activated_stellate,inDrop3,4.92194,-3.8100026
7591,endothelial,inDrop3,4.4953513,-6.0341916
7592,activated_stellate,inDrop3,5.0480494,-3.5182517
7593,activated_stellate,inDrop3,4.6578717,-4.1055527
7594,beta,inDrop3,-3.1795976,-4.2046714
7595,ductal,inDrop3,9.05003,3.413855
7596,ductal,inDrop3,8.111288,4.960215
7597,activated_stellate,inDrop3,4.8770857,-3.1404202
7598,ductal,inDrop3,8.653951,4.7835984
7599,acinar,inDrop3,12.96269,-3.6901627
7600,alpha,inDrop3,-1.1270131,6.0150466
7601,beta,inDrop3,-2.6367965,-6.6350126
7602,ductal,inDrop3,7.470409,4.200238
7603,gamma,inDrop3,-5.97842,0.2062212
7604,activated_stellate,inDrop3,4.809598,-3.905614
7605,beta,inDrop3,-0.67688006,-6.868321
7606,delta,inDrop3,0.53627867,-0.56395644
7607,alpha,inDrop3,-2.4240851,5.2409062
7608,beta,inDrop3,-0.64732546,-6.9787965
7609,alpha,inDrop3,-4.0451813,6.409628
7610,acinar,inDrop3,12.962975,-3.2085788
7611,acinar,inDrop3,11.561165,-3.602087
7612,alpha,inDrop3,-3.1154628,6.446195
7613,alpha,inDrop3,-3.0361385,5.5150337
7614,ductal,inDrop3,8.056323,5.3055506
7615,ductal,inDrop3,7.239544,3.5472271
7616,beta,inDrop3,-2.8426216,-6.1759243
7617,alpha,inDrop3,-3.6078887,9.080407
7618,alpha,inDrop3,-1.9367276,5.938758
7619,alpha,inDrop3,-1.4914112,5.9820867
7620,ductal,inDrop3,8.992503,3.5145743
7621,ductal,inDrop3,7.677789,4.244766
7622,alpha,inDrop3,-4.3186235,8.940271
7623,beta,inDrop3,-2.7980168,-6.656991
7624,alpha,inDrop3,-1.8416861,5.93463
7625,acinar,inDrop3,11.825925,-2.9779851
7626,alpha,inDrop3,-2.9854841,6.4662614
7627,beta,inDrop3,-1.4567779,-8.601738
7628,activated_stellate,inDrop3,4.9477453,-3.6636903
7629,beta,inDrop3,-2.0098002,-9.490815
7630,beta,inDrop3,-2.9009914,-6.260178
7631,alpha,inDrop3,-2.5585003,6.6124783
7632,ductal,inDrop3,7.303025,4.280793
7633,alpha,inDrop3,-2.309452,7.0555863
7634,acinar,inDrop3,12.622608,-2.7182884
7635,alpha,inDrop3,-1.7156941,7.2800283
7636,gamma,inDrop3,-5.8944573,0.4530921
7637,delta,inDrop3,0.8074763,0.45564753
7638,activated_stellate,inDrop3,4.7388415,-3.9596283
7639,alpha,inDrop3,-2.685851,5.595361
7640,alpha,inDrop3,-3.0760543,6.145044
7641,alpha,inDrop3,-3.3728638,5.998796
7642,alpha,inDrop3,-2.854378,5.523861
7643,alpha,inDrop3,-3.3642201,5.2734356
7644,acinar,inDrop3,11.59155,-2.7934856
7645,alpha,inDrop3,-3.9201877,6.2389812
7646,delta,inDrop3,-0.5296038,-6.845731
7647,alpha,inDrop3,-2.225046,8.252369
7648,beta,inDrop3,-1.4990087,-7.2261777
7649,alpha,inDrop3,-1.4788535,5.917382
7650,ductal,inDrop3,7.5206785,4.012613
7651,alpha,inDrop3,-2.5386605,5.4207134
7652,alpha,inDrop3,-5.7140684,8.661888
7653,beta,inDrop3,-2.5098147,-9.113357
7654,alpha,inDrop3,-2.9565234,7.2350593
7655,quiescent_stellate,inDrop3,6.5231676,-2.082953
7656,alpha,inDrop3,-3.6765664,7.5251207
7657,beta,inDrop3,-0.60657793,-6.995367
7658,delta,inDrop3,0.62878764,-0.81280816
7659,alpha,inDrop3,-2.7926126,5.0789776
7660,acinar,inDrop3,11.832163,-2.6357756
7661,alpha,inDrop3,-3.7440054,7.2811007
7662,ductal,inDrop3,7.499196,4.072992
7663,beta,inDrop3,-2.207111,-5.334746
7664,alpha,inDrop3,-1.70241,7.6749744
7665,beta,inDrop3,-4.0585537,-8.394472
7666,beta,inDrop3,-4.441378,-9.66859
7667,acinar,inDrop3,11.748363,-2.7648633
7668,beta,inDrop3,-1.7550889,-6.529163
7669,alpha,inDrop3,-2.3505895,6.74448
7670,endothelial,inDrop3,5.2215543,-6.375277
7671,ductal,inDrop3,9.154069,3.2798228
7672,alpha,inDrop3,-2.8205705,7.217688
7673,alpha,inDrop3,-2.6336896,5.9314337
7674,alpha,inDrop3,-5.1419826,5.9495077
7675,alpha,inDrop3,-5.2263494,7.1441207
7676,delta,inDrop3,0.8407533,0.5193717
7677,acinar,inDrop3,11.884921,-3.04263
7678,beta,inDrop3,-3.5123453,-6.5120625
7679,beta,inDrop3,-0.89094853,-6.869605
7680,alpha,inDrop3,-1.8384867,7.8608212
7681,acinar,inDrop3,11.4778185,-4.281651
7682,activated_stellate,inDrop3,5.0527534,-3.6894393
7683,alpha,inDrop3,-3.0769148,8.370323
7684,acinar,inDrop3,12.0365,-3.2720864
7685,alpha,inDrop3,-2.8177898,6.856902
7686,alpha,inDrop3,-1.7675911,6.468567
7687,acinar,inDrop3,13.287053,-3.6275806
7688,gamma,inDrop3,-5.913598,0.5015188
7689,alpha,inDrop3,-3.0670757,5.3249
7690,alpha,inDrop3,-2.68766,6.714949
7691,acinar,inDrop3,10.469496,-3.4172027
7692,alpha,inDrop3,-5.2110415,7.678464
7693,alpha,inDrop3,-3.5595775,5.9813156
7694,alpha,inDrop3,-0.51522714,-6.803216
7695,epsilon,inDrop3,-1.8254182,0.8220616
7696,alpha,inDrop3,-3.0199063,6.4752145
7697,alpha,inDrop3,-4.000477,6.5750656
7698,alpha,inDrop3,-3.6462786,5.7155166
7699,delta,inDrop3,0.4836847,-0.6774268
7700,ductal,inDrop3,8.904183,4.654232
7701,alpha,inDrop3,-3.1935158,5.6174808
7702,ductal,inDrop3,7.736401,4.607988
7703,beta,inDrop3,-2.264749,-6.1317625
7704,alpha,inDrop3,-2.8024356,5.0973005
7705,alpha,inDrop3,-2.1667345,5.6164722
7706,alpha,inDrop3,-3.9960651,6.2952747
7707,alpha,inDrop3,-3.6594884,5.547495
7708,beta,inDrop3,-4.2240543,-8.107841
7709,alpha,inDrop3,-3.4458258,8.50546
7710,alpha,inDrop3,-2.8212316,5.540532
7711,acinar,inDrop3,12.219695,-3.2729495
7712,ductal,inDrop3,9.387785,3.498549
7713,endothelial,inDrop3,5.200094,-6.374738
7714,ductal,inDrop3,7.920742,4.604388
7715,acinar,inDrop3,12.051589,-3.697487
7716,acinar,inDrop3,12.941797,-3.950667
7717,alpha,inDrop3,-2.7049623,6.422556
7718,alpha,inDrop3,-2.0224457,5.380966
7719,alpha,inDrop3,-4.985453,5.8044653
7720,acinar,inDrop3,12.708817,-3.757879
7721,alpha,inDrop3,-2.8500586,8.921068
7722,alpha,inDrop3,-2.6251757,5.295364
7723,activated_stellate,inDrop3,5.08403,-3.5139506
7724,alpha,inDrop3,-2.9640222,6.299351
7725,acinar,inDrop3,8.653617,4.2917113
7726,alpha,inDrop3,-1.9920788,5.9156437
7727,beta,inDrop3,-1.1604589,-7.080055
7728,ductal,inDrop3,7.6496496,3.7303197
7729,alpha,inDrop3,-2.4771614,5.540421
7730,beta,inDrop3,-2.8442192,-8.275307
7731,alpha,inDrop3,-5.582107,7.7998796
7732,alpha,inDrop3,-1.9713415,7.1027756
7733,alpha,inDrop3,-2.653715,5.5816293
7734,beta,inDrop3,-0.6769781,-6.9994664
7735,acinar,inDrop3,10.946446,-3.3239217
7736,alpha,inDrop3,-4.0655937,6.007446
7737,alpha,inDrop3,-2.3925576,5.451483
7738,acinar,inDrop3,10.895909,-3.4640968
7739,delta,inDrop3,0.57317984,0.1941719
7740,alpha,inDrop3,-3.220684,6.889632
7741,alpha,inDrop3,-4.278435,9.239201
7742,alpha,inDrop3,-3.056234,6.587233
7743,activated_stellate,inDrop3,4.907337,-3.832409
7744,beta,inDrop3,-2.8093908,-8.653991
7745,beta,inDrop3,-0.86760587,-8.128376
7746,alpha,inDrop3,-1.8933152,6.3206387
7747,delta,inDrop3,0.30355433,0.59953403
7748,ductal,inDrop3,7.477208,4.3763843
7749,beta,inDrop3,-4.0602827,-7.67157
7750,alpha,inDrop3,-3.6181905,5.7803936
7751,ductal,inDrop3,7.081024,3.8524292
7752,alpha,inDrop3,-1.9639637,6.899697
7753,alpha,inDrop3,-3.0552201,7.5554485
7754,acinar,inDrop3,12.403558,-2.9052436
7755,gamma,inDrop3,-5.115291,0.40990892
7756,activated_stellate,inDrop3,4.6349854,-4.0416164
7757,beta,inDrop3,-4.360221,-9.326621
7758,acinar,inDrop3,12.663708,-2.8112774
7759,acinar,inDrop3,12.274771,-3.8484073
7760,alpha,inDrop3,-5.128324,6.9087334
7761,beta,inDrop3,-1.6625596,-6.170725
7762,alpha,inDrop3,-4.8344502,8.353323
7763,beta,inDrop3,-3.5650077,-6.86726
7764,beta,inDrop3,-1.7980492,-7.4103813
7765,alpha,inDrop3,-2.6917057,6.135724
7766,alpha,inDrop3,-3.09175,7.1766124
7767,ductal,inDrop3,7.6160274,4.5456896
7768,ductal,inDrop3,7.0769234,3.7482586
7769,activated_stellate,inDrop3,4.664076,-4.042735
7770,acinar,inDrop3,11.424211,-3.3397791
7771,beta,inDrop3,-2.090617,-9.357568
7772,beta,inDrop3,-1.9565495,-4.972183
7773,acinar,inDrop3,12.15265,-2.8703682
7774,beta,inDrop3,-0.79252744,-6.930846
7775,alpha,inDrop3,-2.820764,5.119929
7776,activated_stellate,inDrop3,5.0933027,-3.6423247
7777,acinar,inDrop3,11.648247,-3.8046296
7778,alpha,inDrop3,-2.9539437,6.135631
7779,ductal,inDrop3,7.957651,4.559356
7780,beta,inDrop3,-1.177855,-7.1419063
7781,alpha,inDrop3,-1.897418,7.0340676
7782,alpha,inDrop3,-3.309233,5.5543323
7783,beta,inDrop3,-1.9856368,-6.6279125
7784,alpha,inDrop3,-2.6041713,5.5794306
7785,alpha,inDrop3,-4.4345217,5.765068
7786,acinar,inDrop3,13.370102,-3.029588
7787,alpha,inDrop3,-3.4466317,6.2513194
7788,alpha,inDrop3,-3.9206972,6.870422
7789,alpha,inDrop3,-5.3682203,7.9993525
7790,beta,inDrop3,-1.0570455,-8.284285
7791,alpha,inDrop3,-1.7620493,7.7492676
7792,beta,inDrop3,-1.612697,-6.2213035
7793,ductal,inDrop3,8.184289,5.112809
7794,alpha,inDrop3,-3.8060434,6.29546
7795,alpha,inDrop3,-3.59969,5.215439
7796,ductal,inDrop3,7.528609,4.5335684
7797,acinar,inDrop3,11.230984,-3.075814
7798,ductal,inDrop3,7.07372,3.794224
7799,acinar,inDrop3,11.040272,-3.8337862
7800,acinar,inDrop3,12.3468685,-3.0000098
7801,beta,inDrop3,-3.6780434,-8.493077
7802,acinar,inDrop3,12.505471,-3.4901655
7803,alpha,inDrop3,-3.8386114,7.313264
7804,alpha,inDrop3,-1.4882557,5.87192
7805,ductal,inDrop3,8.201528,4.6095233
7806,alpha,inDrop3,-5.951947,7.0994544
7807,alpha,inDrop3,-3.7746077,6.2112184
7808,activated_stellate,inDrop3,4.7681437,-3.9653127
7809,acinar,inDrop3,12.153322,-3.3663297
7810,acinar,inDrop3,11.180622,-3.086641
7811,alpha,inDrop3,-1.9849459,5.9982996
7812,acinar,inDrop3,12.849237,-3.6317325
7813,alpha,inDrop3,-2.9922535,5.3998246
7814,alpha,inDrop3,-4.446565,8.627183
7815,beta,inDrop3,-0.71321356,-8.679528
7816,alpha,inDrop3,-2.5519745,7.116791
7817,ductal,inDrop3,9.2187395,3.3664684
7818,endothelial,inDrop3,4.598106,-6.553054
7819,acinar,inDrop3,11.82112,-3.1045284
7820,alpha,inDrop3,-3.7119558,6.1906567
7821,ductal,inDrop3,9.072159,5.0434766
7822,ductal,inDrop3,7.2816353,4.938664
7823,ductal,inDrop3,8.28852,5.373951
7824,alpha,inDrop3,-2.5374222,5.3250756
7825,alpha,inDrop3,-3.995777,9.073158
7826,alpha,inDrop3,-2.8884804,8.275967
7827,macrophage,inDrop3,4.3518367,1.8585
7828,ductal,inDrop3,8.482496,5.5163064
7829,alpha,inDrop3,-3.5846908,6.46434
7830,alpha,inDrop3,-4.023406,5.3815417
7831,alpha,inDrop3,-4.3208256,8.511987
7832,alpha,inDrop3,-2.0366187,5.320956
7833,activated_stellate,inDrop3,4.5834136,-3.9300997
7834,alpha,inDrop3,-5.025186,5.8933177
7835,alpha,inDrop3,-2.485199,6.314223
7836,ductal,inDrop3,5.5511513,6.4011374
7837,alpha,inDrop3,-5.444969,5.928578
7838,alpha,inDrop3,-3.0086915,6.2524314
7839,alpha,inDrop3,-2.5988505,5.484267
7840,ductal,inDrop3,8.08254,4.0545483
7841,alpha,inDrop3,-1.4741842,6.1128926
7842,alpha,inDrop3,-3.738022,6.305762
7843,alpha,inDrop3,-3.8699665,7.1458564
7844,alpha,inDrop3,-4.1709805,6.4022946
7845,alpha,inDrop3,-4.18276,6.1285925
7846,alpha,inDrop3,-3.1420388,7.852217
7847,alpha,inDrop3,-3.2821352,6.7989235
7848,endothelial,inDrop3,4.391309,-6.9386725
7849,beta,inDrop3,-2.5167024,-5.6715016
7850,beta,inDrop3,-2.5257723,-8.526416
7851,ductal,inDrop3,8.463733,4.3895116
7852,beta,inDrop3,-0.5504614,-7.3678074
7853,alpha,inDrop3,-1.6294938,7.0876093
7854,beta,inDrop3,-1.0375146,-7.3147984
7855,delta,inDrop3,0.6051183,0.70422316
7856,acinar,inDrop3,13.052985,-3.6584907
7857,alpha,inDrop3,-1.729978,6.708686
7858,acinar,inDrop3,12.5274725,-3.4903998
7859,ductal,inDrop3,8.250868,4.619167
7860,beta,inDrop3,-3.6841316,-8.58619
7861,ductal,inDrop3,8.905256,6.3621874
7862,gamma,inDrop3,-6.0417438,0.316832
7863,acinar,inDrop3,11.515214,-2.0470448
7864,beta,inDrop3,-4.2819295,-7.8941536
7865,alpha,inDrop3,-5.718037,8.152648
7866,alpha,inDrop3,-3.8072677,5.2266326
7867,beta,inDrop3,-1.443027,-8.319722
7868,beta,inDrop3,-3.2954097,-8.9501
7869,acinar,inDrop3,12.564399,-3.0315804
7870,alpha,inDrop3,-4.586526,8.444595
7871,alpha,inDrop3,-3.6341636,5.6466575
7872,alpha,inDrop3,-2.6372983,6.0593443
7873,alpha,inDrop3,-2.1018562,5.5750027
7874,delta,inDrop3,0.90885156,0.27151355
7875,alpha,inDrop3,-3.8010662,8.937394
7876,mast,inDrop3,3.6310072,3.0661516
7877,acinar,inDrop3,12.300331,-3.3715436
7878,alpha,inDrop3,-2.8969584,7.2112093
7879,alpha,inDrop3,-3.0282469,6.658498
7880,activated_stellate,inDrop3,5.069393,-3.454252
7881,endothelial,inDrop3,4.4349947,-6.6625524
7882,beta,inDrop3,-0.9793581,-7.0222344
7883,acinar,inDrop3,11.946624,-3.555588
7884,delta,inDrop3,0.6086066,-0.52623266
7885,beta,inDrop3,-4.2393913,-9.247122
7886,alpha,inDrop3,-3.337316,5.8503985
7887,alpha,inDrop3,-2.588321,6.9142756
7888,alpha,inDrop3,-1.8475535,6.604785
7889,beta,inDrop3,-0.6669485,-7.4907484
7890,endothelial,inDrop3,4.6460376,-6.4986954
7891,alpha,inDrop3,-1.7286747,-6.5074115
7892,acinar,inDrop3,12.288549,-2.8902411
7893,mast,inDrop3,3.5508187,3.1145377
7894,ductal,inDrop3,9.150309,3.2864792
7895,alpha,inDrop3,-1.6028124,7.5999875
7896,endothelial,inDrop3,4.512581,-6.0873036
7897,ductal,inDrop3,8.576214,5.5913157
7898,alpha,inDrop3,-2.9040766,6.2523785
7899,alpha,inDrop3,-3.7715545,5.1632986
7900,alpha,inDrop3,-2.0923886,5.875046
7901,alpha,inDrop3,-1.628369,6.899161
7902,alpha,inDrop3,-4.1991057,7.3194447
7903,delta,inDrop3,0.39574024,0.36094517
7904,quiescent_stellate,inDrop3,6.3911853,-2.1551902
7905,alpha,inDrop3,-4.177579,8.651136
7906,beta,inDrop3,-0.85411876,-8.211534
7907,ductal,inDrop3,6.865316,5.2234087
7908,alpha,inDrop3,-2.6598926,6.267464
7909,endothelial,inDrop3,5.079897,-7.3041515
7910,alpha,inDrop3,-2.808032,5.7072744
7911,alpha,inDrop3,-3.5919414,5.15643
7912,alpha,inDrop3,-3.3212159,5.4651337
7913,alpha,inDrop3,-1.6685987,6.9033704
7914,acinar,inDrop3,12.115325,-3.336706
7915,endothelial,inDrop3,4.9514675,-6.8126516
7916,ductal,inDrop3,8.609842,5.639262
7917,alpha,inDrop3,-4.809206,7.9596114
7918,beta,inDrop3,-3.3089054,-9.191226
7919,beta,inDrop3,-1.4115318,-8.371652
7920,alpha,inDrop3,-4.390356,7.2605724
7921,beta,inDrop3,-2.1098084,-7.400987
7922,alpha,inDrop3,-2.5221894,5.840039
7923,beta,inDrop3,-1.2734762,-8.346256
7924,beta,inDrop3,-0.79866743,-8.103162
7925,acinar,inDrop3,12.158468,-3.3349032
7926,beta,inDrop3,-0.74096626,-7.9651284
7927,beta,inDrop3,-1.8701388,-9.293374
7928,beta,inDrop3,-1.2242196,-7.943077
7929,macrophage,inDrop3,4.353947,1.8549023
7930,quiescent_stellate,inDrop3,6.410014,-2.188121
7931,alpha,inDrop3,-3.9371133,9.022876
7932,ductal,inDrop3,7.9073443,5.4592957
7933,ductal,inDrop3,7.877276,5.2043056
7934,endothelial,inDrop3,4.746745,-6.9772615
7935,beta,inDrop3,-1.129331,-8.068004
7936,quiescent_stellate,inDrop3,6.5269394,-2.0610695
7937,endothelial,inDrop3,4.779957,-6.598936
7938,alpha,inDrop3,-3.4326763,7.962776
7939,alpha,inDrop3,-2.308643,6.263761
7940,t_cell,inDrop3,2.886421,3.3004093
7941,alpha,inDrop3,-4.4282923,-9.623255
7942,alpha,inDrop3,-3.6719942,5.21937
7943,beta,inDrop3,-1.098131,-7.4317536
7944,beta,inDrop3,-1.0477844,-7.3862514
7945,beta,inDrop3,-1.5827634,-7.976053
7946,beta,inDrop3,-1.2046741,-8.154783
7947,beta,inDrop3,-1.7684218,-8.825178
7948,alpha,inDrop3,-1.9208566,6.940327
7949,alpha,inDrop3,-2.984815,6.0569773
7950,acinar,inDrop3,12.4561825,-3.0371206
7951,beta,inDrop3,-2.2748454,-5.001112
7952,beta,inDrop3,-0.9087815,-7.459974
7953,beta,inDrop3,-1.155,-7.9160914
7954,quiescent_stellate,inDrop3,6.3204994,-2.154928
7955,delta,inDrop3,0.6645183,0.8144208
7956,endothelial,inDrop3,4.842853,-6.5931287
7957,macrophage,inDrop3,3.9866796,2.1556067
7958,ductal,inDrop3,8.753997,4.6039762
7959,mast,inDrop3,3.5630376,3.1151612
7960,alpha,inDrop3,-3.8407283,8.706221
7961,acinar,inDrop3,12.091781,-2.7005599
7962,beta,inDrop3,-1.0892268,-7.0115876
7963,endothelial,inDrop3,4.6075845,-6.532874
7964,quiescent_stellate,inDrop3,6.4984055,-1.9819366
7965,alpha,inDrop3,-4.1899757,5.311021
7966,beta,inDrop3,-1.0089815,-8.016737
7967,beta,inDrop3,-1.1042714,-8.392083
7968,quiescent_stellate,inDrop3,6.4192824,-2.1551263
7969,acinar,inDrop3,6.521492,-2.1942403
7970,t_cell,inDrop3,2.898245,3.3047533
7971,beta,inDrop3,-1.4912121,-8.097324
7972,endothelial,inDrop3,4.411835,-6.732747
7973,beta,inDrop3,-1.0081846,-7.0931273
7974,beta,inDrop3,-2.3537872,-7.3031793
7975,quiescent_stellate,inDrop3,6.486294,-2.2030864
7976,delta,inDrop3,1.0372629,0.40054446
7977,beta,inDrop3,-2.3384542,-7.363927
7978,endothelial,inDrop3,4.639115,-6.5361714
7979,beta,inDrop3,-1.519998,-7.812439
7980,beta,inDrop3,-1.3857826,-8.620764
7981,delta,inDrop3,0.944571,0.8100821
7982,macrophage,inDrop3,4.3238983,1.8838098
7983,beta,inDrop3,-1.7752125,-7.9111934
7984,beta,inDrop3,-1.4649738,-8.695975
7985,beta,inDrop3,-1.34002,-8.427981
7986,beta,inDrop3,-1.8919787,-8.297311
7987,endothelial,inDrop3,4.4352236,-6.6842647
7988,beta,inDrop3,-1.0956827,-7.675165
7989,activated_stellate,inDrop3,4.701334,-4.0517035
7990,beta,inDrop3,-1.0917015,-8.2533865
7991,alpha,inDrop3,-3.8012369,5.233968
7992,beta,inDrop3,-2.4098275,-6.247798
7993,endothelial,inDrop3,4.645077,-6.54973
7994,quiescent_stellate,inDrop3,6.482923,-2.1569622
7995,ductal,inDrop3,8.16246,4.5103097
7996,endothelial,inDrop3,4.4523244,-6.6840563
7997,endothelial,inDrop3,4.5373664,-6.689242
7998,beta,inDrop3,-2.1434042,-6.2411194
7999,endothelial,inDrop3,4.5131874,-6.4715796
8000,beta,inDrop3,-1.1352133,-7.5459285
8001,beta,inDrop3,-1.4051154,-7.121504
8002,alpha,inDrop3,-3.843354,5.1921577
8003,beta,inDrop3,-3.0961525,-9.066162
8004,beta,inDrop3,-2.1585996,-6.4119997
8005,endothelial,inDrop3,4.3781805,-6.7199516
8006,beta,inDrop3,-2.3548071,-6.623995
8007,endothelial,inDrop3,4.491568,-6.862432
8008,beta,inDrop3,-1.0966129,-7.0319605
8009,acinar,inDrop3,12.305023,-3.9713075
8010,acinar,inDrop3,11.935213,-2.872543
8011,acinar,inDrop3,11.169849,-3.8200023
8012,acinar,inDrop3,11.095852,-4.1343646
8013,acinar,inDrop3,10.79987,-3.604936
8014,acinar,inDrop3,12.807154,-2.7468014
8015,acinar,inDrop3,11.709595,-3.0410562
8016,acinar,inDrop3,13.064946,-3.6249
8017,acinar,inDrop3,11.268406,-3.567456
8018,acinar,inDrop3,12.234499,-3.900961
8019,acinar,inDrop3,12.750502,-2.5018804
8020,acinar,inDrop3,12.751787,-3.8799887
8021,acinar,inDrop3,12.662441,-2.9248104
8022,acinar,inDrop3,12.312772,-2.360579
8023,acinar,inDrop3,11.277324,-3.656472
8024,acinar,inDrop3,11.098203,-3.937043
8025,acinar,inDrop3,12.47321,-2.7843742
8026,acinar,inDrop3,11.7857485,-2.612708
8027,acinar,inDrop3,12.366981,-2.7212598
8028,acinar,inDrop3,12.173077,-4.0791674
8029,acinar,inDrop3,13.019962,-2.965131
8030,acinar,inDrop3,12.330726,-3.8567162
8031,acinar,inDrop3,12.163531,-4.251282
8032,acinar,inDrop3,12.802249,-3.9141695
8033,acinar,inDrop3,11.686788,-3.2653005
8034,acinar,inDrop3,11.107596,-3.8083131
8035,acinar,inDrop3,11.181836,-4.174227
8036,acinar,inDrop3,12.194485,-2.5702474
8037,acinar,inDrop3,13.453231,-3.0887883
8038,delta,inDrop3,0.8546611,-0.54564947
8039,acinar,inDrop3,12.019432,-3.899375
8040,acinar,inDrop3,13.305392,-2.931226
8041,acinar,inDrop3,12.54558,-3.8500028
8042,acinar,inDrop3,11.546585,-3.58177
8043,acinar,inDrop3,12.828131,-3.5895433
8044,acinar,inDrop3,13.29031,-3.6538854
8045,acinar,inDrop3,11.554778,-2.3391514
8046,acinar,inDrop3,12.996913,-3.4749048
8047,acinar,inDrop3,13.273436,-3.4357786
8048,beta,inDrop3,-1.50417,-9.550663
8049,acinar,inDrop3,13.684518,-3.2476184
8050,beta,inDrop3,-1.7967926,-9.249573
8051,acinar,inDrop3,10.969533,-3.8571868
8052,acinar,inDrop3,12.82268,-2.924384
8053,alpha,inDrop3,-2.2829692,5.128554
8054,acinar,inDrop3,11.042369,-3.6773493
8055,delta,inDrop3,1.0113374,0.77061194
8056,acinar,inDrop3,12.868746,-3.8840852
8057,acinar,inDrop3,12.883714,-3.7974594
8058,delta,inDrop3,0.92148507,0.31699395
8059,acinar,inDrop3,11.954724,-4.1660194
8060,ductal,inDrop3,6.986782,3.8568704
8061,acinar,inDrop3,12.361084,-4.079945
8062,acinar,inDrop3,12.509451,-3.1915588
8063,acinar,inDrop3,13.023351,-2.9732773
8064,acinar,inDrop3,10.928701,-3.6215224
8065,acinar,inDrop3,11.0209875,-3.4058237
8066,beta,inDrop3,-1.7258143,-6.576059
8067,acinar,inDrop3,12.2313385,-3.5794084
8068,acinar,inDrop3,12.8082075,-3.8948188
8069,acinar,inDrop3,10.892233,-3.6214411
8070,acinar,inDrop3,12.333802,-2.9676616
8071,acinar,inDrop3,11.094063,-3.850796
8072,acinar,inDrop3,11.950387,-2.6640303
8073,acinar,inDrop3,11.290155,-2.9382002
8074,acinar,inDrop3,11.313183,-2.8382287
8075,delta,inDrop3,0.8388666,-0.44534516
8076,acinar,inDrop3,11.12267,-3.821191
8077,acinar,inDrop3,11.261348,-2.2298825
8078,acinar,inDrop3,12.209111,-2.704687
8079,beta,inDrop3,-3.6313176,-7.696297
8080,acinar,inDrop3,12.427133,-4.0088353
8081,acinar,inDrop3,12.1859455,-3.8808076
8082,acinar,inDrop3,13.480068,-3.0649562
8083,acinar,inDrop3,11.632292,-2.1976058
8084,acinar,inDrop3,11.045891,-3.919387
8085,acinar,inDrop3,12.682894,-3.8344622
8086,acinar,inDrop3,11.4727125,-3.871587
8087,ductal,inDrop3,7.690604,4.714614
8088,acinar,inDrop3,11.472698,-2.6379116
8089,acinar,inDrop3,11.2757635,-3.5562344
8090,delta,inDrop3,0.30618578,-0.39374983
8091,acinar,inDrop3,12.677728,-2.85556
8092,alpha,inDrop3,-3.1263547,5.1533585
8093,ductal,inDrop3,7.479437,4.1632524
8094,acinar,inDrop3,12.166099,-2.791524
8095,acinar,inDrop3,11.464204,-3.5472934
8096,acinar,inDrop3,13.083369,-3.7844124
8097,alpha,inDrop3,-4.041672,6.574104
8098,acinar,inDrop3,13.242882,-3.6099353
8099,acinar,inDrop3,12.671407,-3.843351
8100,beta,inDrop3,-1.8926795,-8.413859
8101,acinar,inDrop3,11.413798,-3.5024357
8102,beta,inDrop3,-2.7503283,-8.737042
8103,beta,inDrop3,-0.82454664,-6.905298
8104,beta,inDrop3,-3.5952349,-7.3120313
8105,beta,inDrop3,-3.2509677,-8.863788
8106,beta,inDrop3,-2.0979905,-6.5546646
8107,delta,inDrop3,0.93816507,-0.08051047
8108,ductal,inDrop3,7.9672036,5.3754606
8109,acinar,inDrop3,10.998978,-3.3095543
8110,acinar,inDrop3,12.191152,-2.996186
8111,acinar,inDrop3,11.2017,-3.9869387
8112,delta,inDrop3,0.8806264,0.768037
8113,beta,inDrop3,-1.4330639,-8.221953
8114,acinar,inDrop3,13.003059,-3.8029473
8115,alpha,inDrop3,-2.4494474,6.0181856
8116,acinar,inDrop3,13.05196,-3.4700415
8117,acinar,inDrop3,12.921733,-2.877621
8118,acinar,inDrop3,12.9528265,-3.7530134
8119,acinar,inDrop3,11.136222,-2.674795
8120,beta,inDrop3,-1.674867,-6.524433
8121,acinar,inDrop3,11.394542,-3.510275
8122,acinar,inDrop3,12.220488,-2.8653028
8123,acinar,inDrop3,11.935533,-3.3277361
8124,alpha,inDrop3,-1.7038376,7.7216344
8125,beta,inDrop3,-3.0740788,-4.6261272
8126,delta,inDrop3,0.95382804,0.8160439
8127,activated_stellate,inDrop3,4.8403044,-3.8825302
8128,acinar,inDrop3,13.235136,-3.7397919
8129,ductal,inDrop3,7.124813,3.6984668
8130,acinar,inDrop3,12.175235,-2.8316312
8131,acinar,inDrop3,11.20147,-3.7723978
8132,beta,inDrop3,-3.1054873,-7.37141
8133,acinar,inDrop3,11.033557,-3.6410878
8134,acinar,inDrop3,11.549493,-4.223682
8135,acinar,inDrop3,12.796683,-2.91735
8136,acinar,inDrop3,10.92012,-3.8481145
8137,acinar,inDrop3,12.980404,-2.9863117
8138,delta,inDrop3,0.1638111,0.25474754
8139,acinar,inDrop3,13.105527,-3.0811112
8140,beta,inDrop3,-4.2332935,-8.692423
8141,acinar,inDrop3,11.707733,-2.916471
8142,beta,inDrop3,-1.3266467,-9.013275
8143,acinar,inDrop3,11.605213,-3.4825194
8144,beta,inDrop3,-2.0274546,-8.426094
8145,acinar,inDrop3,13.237807,-3.6466422
8146,beta,inDrop3,-3.6843138,-8.758134
8147,acinar,inDrop3,10.93277,-3.7039301
8148,beta,inDrop3,-0.82626134,-6.997908
8149,beta,inDrop3,-2.5442631,-5.711398
8150,acinar,inDrop3,11.582889,-3.1263757
8151,acinar,inDrop3,12.80251,-3.549919
8152,delta,inDrop3,0.7008194,-0.42561516
8153,ductal,inDrop3,8.398311,4.8793454
8154,acinar,inDrop3,12.383284,-2.655148
8155,acinar,inDrop3,11.27389,-4.173102
8156,acinar,inDrop3,12.287884,-3.4549615
8157,acinar,inDrop3,11.058865,-4.062095
8158,ductal,inDrop3,8.654144,4.2407603
8159,alpha,inDrop3,-2.7602367,8.1467
8160,alpha,inDrop3,-1.8094445,7.419824
8161,alpha,inDrop3,-3.797599,8.264063
8162,alpha,inDrop3,-4.992297,8.94973
8163,acinar,inDrop3,11.277796,-3.654129
8164,alpha,inDrop3,-2.130838,7.0578494
8165,acinar,inDrop3,13.072845,-3.6652007
8166,delta,inDrop3,1.2058785,-0.40448213
8167,beta,inDrop3,-3.2319658,-9.05837
8168,alpha,inDrop3,-2.635865,5.349121
8169,beta,inDrop3,-0.9495235,-6.947422
8170,beta,inDrop3,-1.9968569,-6.1767654
8171,beta,inDrop3,-1.1345903,-6.9908094
8172,acinar,inDrop3,11.278254,-4.159076
8173,acinar,inDrop3,12.967414,-3.1368344
8174,alpha,inDrop3,-2.5459847,7.3156896
8175,ductal,inDrop3,7.078012,3.7274983
8176,alpha,inDrop3,-2.3648863,7.462663
8177,beta,inDrop3,-0.5571899,-6.948132
8178,acinar,inDrop3,11.130969,-3.952114
8179,acinar,inDrop3,11.713586,-3.331309
8180,alpha,inDrop3,-4.067965,7.6149554
8181,acinar,inDrop3,13.003222,-2.9500563
8182,ductal,inDrop3,8.216899,4.4382424
8183,acinar,inDrop3,11.038646,-3.8258395
8184,acinar,inDrop3,10.979428,-3.6038544
8185,acinar,inDrop3,-1.3358006,8.927706
8186,ductal,inDrop3,7.62712,4.252336
8187,acinar,inDrop3,11.439723,-4.197733
8188,delta,inDrop3,0.61752886,0.6073085
8189,ductal,inDrop3,8.558418,5.0927424
8190,acinar,inDrop3,13.281016,-3.683683
8191,delta,inDrop3,0.7755436,-0.7470878
8192,acinar,inDrop3,10.717523,-3.4657836
8193,alpha,inDrop3,-4.281034,6.541683
8194,alpha,inDrop3,-3.599223,6.1679206
8195,acinar,inDrop3,11.682639,-3.096253
8196,beta,inDrop3,0.96402234,0.810467
8197,alpha,inDrop3,-4.9541364,5.596844
8198,acinar,inDrop3,12.477363,-3.7678714
8199,ductal,inDrop3,7.6555324,4.5581255
8200,delta,inDrop3,0.6677364,-0.7580827
8201,beta,inDrop3,-1.803158,-9.031807
8202,beta,inDrop3,-0.9262113,-6.927068
8203,acinar,inDrop3,12.662143,-3.84611
8204,beta,inDrop3,-2.2528462,-6.271236
8205,acinar,inDrop3,11.978482,-2.394732
8206,acinar,inDrop3,12.114587,-3.094931
8207,acinar,inDrop3,12.635464,-2.597925
8208,acinar,inDrop3,12.409193,-2.0524158
8209,beta,inDrop3,-2.0075164,-8.466015
8210,delta,inDrop3,1.5311581,0.5939053
8211,delta,inDrop3,0.6897664,-0.77825916
8212,ductal,inDrop3,9.21636,4.8290577
8213,beta,inDrop3,-3.018583,-7.224324
8214,alpha,inDrop3,-1.5771126,6.80954
8215,acinar,inDrop3,11.498125,-3.8471
8216,beta,inDrop3,-3.9058084,-8.9015665
8217,alpha,inDrop3,-4.750614,7.7910714
8218,ductal,inDrop3,7.73653,4.280283
8219,acinar,inDrop3,12.939369,-3.4175224
8220,delta,inDrop3,0.6456502,0.368147
8221,acinar,inDrop3,11.598201,-3.1881552
8222,acinar,inDrop3,11.572489,-3.3427434
8223,beta,inDrop3,-1.7942332,-8.919189
8224,alpha,inDrop3,-3.8679142,6.729036
8225,alpha,inDrop3,-4.997316,8.059683
8226,beta,inDrop3,-2.882633,-5.9614325
8227,acinar,inDrop3,11.37607,-3.4737813
8228,gamma,inDrop3,-5.860471,0.52442044
8229,alpha,inDrop3,-3.8253188,6.78137
8230,alpha,inDrop3,-3.2753353,6.805486
8231,beta,inDrop3,-2.7147934,-9.580856
8232,acinar,inDrop3,11.559055,-3.2005262
8233,beta,inDrop3,-3.0156057,-9.042715
8234,beta,inDrop3,-2.2658997,-5.9720225
8235,beta,inDrop3,-3.2182024,-8.172934
8236,acinar,inDrop3,11.696576,-3.4294937
8237,beta,inDrop3,-3.0671213,-7.249877
8238,delta,inDrop3,0.9414807,0.64128625
8239,alpha,inDrop3,-5.368768,7.3697305
8240,ductal,inDrop3,8.669601,5.535778
8241,acinar,inDrop3,12.819841,-3.8927786
8242,acinar,inDrop3,11.872155,-3.0186515
8243,delta,inDrop3,0.19896278,0.50712204
8244,beta,inDrop3,-1.4387461,-6.5055757
8245,quiescent_stellate,inDrop3,-4.9397655,5.4878273
8246,alpha,inDrop3,-3.48709,6.7495084
8247,ductal,inDrop3,8.468047,3.8208334
8248,beta,inDrop3,-3.2414885,-8.914369
8249,alpha,inDrop3,-5.4794908,6.147539
8250,acinar,inDrop3,12.12086,-3.889386
8251,beta,inDrop3,-3.4499953,-7.052408
8252,beta,inDrop3,-0.6390677,-6.879794
8253,alpha,inDrop3,-3.2538097,6.407055
8254,alpha,inDrop3,-4.262369,9.145226
8255,alpha,inDrop3,-3.6331358,6.9284606
8256,alpha,inDrop3,-1.5472311,6.490092
8257,ductal,inDrop3,8.565558,5.493502
8258,alpha,inDrop3,-5.626302,7.4230566
8259,beta,inDrop3,-3.289585,-8.65225
8260,alpha,inDrop3,-3.6124482,6.499254
8261,alpha,inDrop3,-2.6646159,5.379437
8262,beta,inDrop3,-5.133925,-9.674667
8263,activated_stellate,inDrop3,5.0751863,-3.6349947
8264,alpha,inDrop3,-3.8348632,7.8171134
8265,beta,inDrop3,-4.5775876,-8.168512
8266,alpha,inDrop3,-3.822632,6.0883803
8267,alpha,inDrop3,-3.9102206,6.4193225
8268,alpha,inDrop3,-1.4011414,5.9927497
8269,gamma,inDrop3,-5.713688,0.5336001
8270,ductal,inDrop3,7.8658957,4.515768
8271,beta,inDrop3,-0.51550186,-7.3632693
8272,beta,inDrop3,-0.849569,-7.724484
8273,beta,inDrop3,-2.7008812,-6.5998344
8274,ductal,inDrop3,8.411017,4.798453
8275,ductal,inDrop3,7.2727337,4.04994
8276,beta,inDrop3,-3.4565,-6.5860314
8277,acinar,inDrop3,12.753948,-3.5800788
8278,acinar,inDrop3,13.145963,-3.6683524
8279,ductal,inDrop3,7.3556232,4.2886133
8280,acinar,inDrop3,12.905212,-2.978746
8281,alpha,inDrop3,-5.659198,8.361275
8282,ductal,inDrop3,7.925507,4.559023
8283,beta,inDrop3,-1.0189083,-6.919783
8284,alpha,inDrop3,-5.800749,8.569709
8285,acinar,inDrop3,10.881562,-3.4896858
8286,delta,inDrop3,0.43151402,-0.5104021
8287,beta,inDrop3,-4.138442,-6.91514
8288,alpha,inDrop3,-2.9344285,5.498734
8289,beta,inDrop3,-4.6127024,-9.934633
8290,beta,inDrop3,-2.4235637,-5.1228733
8291,epsilon,inDrop3,-1.8265567,0.82453346
8292,ductal,inDrop3,7.563856,4.025034
8293,beta,inDrop3,-2.139005,-5.5314817
8294,beta,inDrop3,-1.7452753,-6.5470467
8295,acinar,inDrop3,11.702132,-3.7723715
8296,alpha,inDrop3,-4.746221,5.86141
8297,beta,inDrop3,-2.457278,-8.486269
8298,alpha,inDrop3,-2.4491122,5.587422
8299,beta,inDrop3,-3.360577,-7.2342653
8300,acinar,inDrop3,11.312581,-4.0890975
8301,beta,inDrop3,-2.3080678,-9.657321
8302,alpha,inDrop3,-2.97952,5.9742637
8303,beta,inDrop3,-1.665793,-6.8537517
8304,delta,inDrop3,0.987112,-0.21785921
8305,alpha,inDrop3,-1.8424258,5.635679
8306,beta,inDrop3,-2.7725868,-5.8216195
8307,beta,inDrop3,-2.8223386,-8.759512
8308,acinar,inDrop3,12.976694,-2.664509
8309,beta,inDrop3,-2.3638175,-9.2961
8310,alpha,inDrop3,-1.8790532,7.7782626
8311,activated_stellate,inDrop3,4.7424073,-3.9409204
8312,alpha,inDrop3,-3.9278855,6.1214848
8313,alpha,inDrop3,-2.095032,6.9627266
8314,beta,inDrop3,-2.4068217,-5.4721384
8315,ductal,inDrop3,7.0585027,3.799135
8316,beta,inDrop3,-1.4235051,-7.748251
8317,beta,inDrop3,-4.4027386,-8.084705
8318,alpha,inDrop3,-2.9187775,6.260351
8319,ductal,inDrop3,7.267118,3.758068
8320,beta,inDrop3,-2.2785451,-9.320739
8321,beta,inDrop3,-2.5004392,-7.089134
8322,ductal,inDrop3,7.6333904,4.47931
8323,ductal,inDrop3,7.0829163,3.772648
8324,ductal,inDrop3,7.2091546,4.228378
8325,ductal,inDrop3,7.2841773,3.7484126
8326,acinar,inDrop3,11.798968,-4.169999
8327,alpha,inDrop3,-2.9385917,6.5337253
8328,alpha,inDrop3,-3.792744,5.8045454
8329,beta,inDrop3,-0.886009,-8.1416445
8330,delta,inDrop3,0.39193442,0.45961785
8331,beta,inDrop3,-3.7992365,-8.715171
8332,beta,inDrop3,-4.4083896,-7.9941034
8333,alpha,inDrop3,-3.032799,5.5926147
8334,alpha,inDrop3,-1.6043532,7.4780445
8335,activated_stellate,inDrop3,4.7807364,-4.0840254
8336,alpha,inDrop3,-2.621937,6.968281
8337,beta,inDrop3,-3.1802678,-6.1065373
8338,beta,inDrop3,-5.1653657,-8.609368
8339,alpha,inDrop3,-2.0703163,7.29906
8340,ductal,inDrop3,8.821538,4.902148
8341,alpha,inDrop3,-1.4788269,5.9450116
8342,alpha,inDrop3,-1.6941395,7.167152
8343,ductal,inDrop3,6.984418,5.042091
8344,alpha,inDrop3,-2.7312794,6.172755
8345,beta,inDrop3,-2.8328068,-8.338235
8346,alpha,inDrop3,-3.689052,7.254337
8347,ductal,inDrop3,7.8949785,5.2062764
8348,delta,inDrop3,1.0899751,0.7789666
8349,beta,inDrop3,-0.85003865,-6.8361287
8350,acinar,inDrop3,10.556243,-3.2724211
8351,activated_stellate,inDrop3,4.589145,-4.0883236
8352,beta,inDrop3,-2.0103388,-6.9730306
8353,acinar,inDrop3,11.366733,-3.6171165
8354,beta,inDrop3,-2.387584,-5.5027695
8355,beta,inDrop3,-2.6454709,-6.2610693
8356,beta,inDrop3,-2.915741,-6.5634365
8357,alpha,inDrop3,-2.8555095,5.2655983
8358,beta,inDrop3,-2.0816345,-9.389996
8359,alpha,inDrop3,-3.040997,7.8019505
8360,ductal,inDrop3,7.868399,4.4483657
8361,delta,inDrop3,1.0691234,0.5661272
8362,beta,inDrop3,-4.326907,-7.1466484
8363,acinar,inDrop3,11.060199,-3.5368772
8364,acinar,inDrop3,12.21024,-2.6400254
8365,beta,inDrop3,-2.6192212,-6.1044683
8366,acinar,inDrop3,10.870463,-3.6417408
8367,ductal,inDrop3,7.2531233,4.659642
8368,alpha,inDrop3,-3.7586987,7.799684
8369,ductal,inDrop3,8.576015,5.807439
8370,beta,inDrop3,-2.4196172,-7.939171
8371,alpha,inDrop3,-2.87537,7.181162
8372,beta,inDrop3,-1.8825904,-6.5770755
8373,acinar,inDrop3,11.372329,-2.9546716
8374,alpha,inDrop3,-2.662711,5.654897
8375,alpha,inDrop3,-4.79609,8.322775
8376,acinar,inDrop3,12.928966,-2.9748104
8377,alpha,inDrop3,-4.182953,7.4677205
8378,alpha,inDrop3,-2.395144,6.952991
8379,acinar,inDrop3,11.835149,-3.0221078
8380,alpha,inDrop3,-1.5816333,7.157478
8381,beta,inDrop3,-1.253875,-7.354259
8382,beta,inDrop3,-1.9778285,-9.156912
8383,alpha,inDrop3,-3.4966242,5.92413
8384,alpha,inDrop3,-1.4120163,7.3110247
8385,endothelial,inDrop3,4.4960065,-6.0037165
8386,alpha,inDrop3,-2.2730215,6.9130826
8387,delta,inDrop3,1.074076,0.26327315
8388,beta,inDrop3,-0.69153655,-7.2441654
8389,acinar,inDrop3,13.113938,-3.7497246
8390,alpha,inDrop3,-4.2476277,6.6109366
8391,acinar,inDrop3,11.389029,-3.2415879
8392,ductal,inDrop3,8.359294,5.2752056
8393,beta,inDrop3,-1.5608634,-7.856785
8394,beta,inDrop3,-1.8125166,-6.89154
8395,beta,inDrop3,-3.3613837,-8.910032
8396,beta,inDrop3,-2.1648898,-6.685647
8397,alpha,inDrop3,-1.5226024,7.0319357
8398,alpha,inDrop3,-4.002657,8.272342
8399,ductal,inDrop3,7.4419737,4.1650224
8400,beta,inDrop3,-2.292179,-5.1734085
8401,endothelial,inDrop3,4.4896407,-6.0382433
8402,ductal,inDrop3,7.5603905,3.846583
8403,alpha,inDrop3,-2.8553376,5.819456
8404,ductal,inDrop3,7.247183,3.8917625
8405,alpha,inDrop3,-2.4934769,6.3767376
8406,alpha,inDrop3,-4.0474243,9.28102
8407,beta,inDrop3,-0.7991393,-8.749538
8408,alpha,inDrop3,-3.5537114,6.3336
8409,alpha,inDrop3,-1.7060012,6.697726
8410,gamma,inDrop3,-5.7479534,0.58659583
8411,ductal,inDrop3,8.238808,4.4534545
8412,alpha,inDrop3,-3.7950015,7.411166
8413,acinar,inDrop3,11.353175,-3.0630255
8414,acinar,inDrop3,11.543224,-3.918969
8415,acinar,inDrop3,11.310258,-2.6498697
8416,alpha,inDrop3,-4.23677,7.840421
8417,alpha,inDrop3,-3.2652555,7.7691627
8418,alpha,inDrop3,-2.899558,6.364192
8419,ductal,inDrop3,7.0707827,3.8134313
8420,ductal,inDrop3,8.598851,5.4542327
8421,delta,inDrop3,0.39764956,-0.2628866
8422,acinar,inDrop3,12.277294,-4.044337
8423,alpha,inDrop3,-3.333704,7.825924
8424,alpha,inDrop3,-4.0252986,6.2797985
8425,alpha,inDrop3,-5.2712297,7.0891533
8426,acinar,inDrop3,11.870643,-3.7548883
8427,alpha,inDrop3,-3.259946,7.741791
8428,beta,inDrop3,-1.3230573,-8.34927
8429,alpha,inDrop3,-4.2882357,8.335783
8430,beta,inDrop3,-2.4031625,-6.329551
8431,alpha,inDrop3,-4.188357,7.918278
8432,ductal,inDrop3,8.502572,5.6651964
8433,alpha,inDrop3,-2.7083642,5.317489
8434,ductal,inDrop3,8.22153,4.436908
8435,beta,inDrop3,-1.8721501,-6.440434
8436,alpha,inDrop3,-3.5674694,6.433299
8437,beta,inDrop3,-3.0144508,-7.8671455
8438,beta,inDrop3,-0.68083376,-6.8838286
8439,alpha,inDrop3,-5.414847,7.6282988
8440,alpha,inDrop3,-2.5752487,7.109865
8441,alpha,inDrop3,-3.781019,6.049432
8442,ductal,inDrop3,9.095526,3.2853708
8443,delta,inDrop3,0.41820544,-0.29441282
8444,alpha,inDrop3,2.7381337,3.3533866
8445,alpha,inDrop3,-3.6300137,7.3020988
8446,alpha,inDrop3,-1.8617958,6.6387825
8447,alpha,inDrop3,-1.4865243,7.383722
8448,alpha,inDrop3,-1.633676,7.2810607
8449,alpha,inDrop3,-2.423534,5.1248317
8450,ductal,inDrop3,7.285479,4.731561
8451,ductal,inDrop3,8.458627,5.4454746
8452,ductal,inDrop3,8.017247,4.5853605
8453,acinar,inDrop3,12.260813,-3.564774
8454,alpha,inDrop3,-4.26431,8.7733755
8455,ductal,inDrop3,7.1766424,4.662367
8456,alpha,inDrop3,-2.1260815,5.1848063
8457,activated_stellate,inDrop3,4.7944546,-3.9315479
8458,beta,inDrop3,-1.8088458,-8.448011
8459,gamma,inDrop3,-5.870302,0.4237515
8460,beta,inDrop3,-0.5926131,-6.9170156
8461,alpha,inDrop3,-5.4608517,7.504623
8462,alpha,inDrop3,-3.2883952,6.0629034
8463,activated_stellate,inDrop3,4.7448955,-3.9426546
8464,alpha,inDrop3,-3.7856686,6.369604
8465,quiescent_stellate,inDrop3,6.4942036,-2.0103242
8466,alpha,inDrop3,-3.630303,9.080424
8467,acinar,inDrop3,11.617604,-4.123451
8468,alpha,inDrop3,-2.021783,5.2999377
8469,alpha,inDrop3,-4.323162,9.140866
8470,beta,inDrop3,-3.0410738,-6.029712
8471,beta,inDrop3,-0.7571806,-7.998702
8472,alpha,inDrop3,-3.7514217,7.3757124
8473,beta,inDrop3,-2.9124794,-5.7911644
8474,acinar,inDrop3,12.529142,-3.6531088
8475,beta,inDrop3,-2.5908196,-5.735868
8476,ductal,inDrop3,7.965463,5.473323
8477,ductal,inDrop3,7.960517,4.5646544
8478,beta,inDrop3,-0.8816939,-7.8103156
8479,alpha,inDrop3,-3.2999642,5.3308363
8480,beta,inDrop3,-0.60370475,-6.909175
8481,beta,inDrop3,-4.5178194,-8.061887
8482,ductal,inDrop3,7.846791,5.452186
8483,beta,inDrop3,-2.9356518,-9.007631
8484,beta,inDrop3,-1.2170993,-9.034557
8485,alpha,inDrop3,-4.238173,7.943815
8486,ductal,inDrop3,8.427959,4.234528
8487,alpha,inDrop3,-3.4300036,5.971677
8488,macrophage,inDrop3,4.326241,1.8948969
8489,beta,inDrop3,-1.9016081,-6.651608
8490,beta,inDrop3,-1.6638728,-7.9180517
8491,alpha,inDrop3,-2.0102162,5.751617
8492,alpha,inDrop3,-4.0042562,7.433062
8493,alpha,inDrop3,-1.5205207,7.460567
8494,alpha,inDrop3,-4.200499,6.190032
8495,ductal,inDrop3,7.413886,4.1675105
8496,alpha,inDrop3,-3.051025,5.497737
8497,ductal,inDrop3,7.779841,4.407548
8498,quiescent_stellate,inDrop3,6.504178,-1.9764394
8499,ductal,inDrop3,9.230326,3.3983622
8500,alpha,inDrop3,-3.2417772,6.1133714
8501,alpha,inDrop3,-5.580937,7.471226
8502,acinar,inDrop3,10.9151535,-3.5443642
8503,alpha,inDrop3,-3.6041026,5.944377
8504,alpha,inDrop3,-4.78007,5.5908833
8505,beta,inDrop3,-1.9188805,-4.902592
8506,alpha,inDrop3,-4.119666,7.747715
8507,ductal,inDrop3,8.346536,4.2554355
8508,alpha,inDrop3,-3.685139,5.7716746
8509,beta,inDrop3,-3.758915,-6.782571
8510,acinar,inDrop3,11.758854,-3.1078954
8511,alpha,inDrop3,-1.9202684,6.775757
8512,beta,inDrop3,-2.2137794,-5.2769504
8513,acinar,inDrop3,12.171621,-2.8640945
8514,beta,inDrop3,-1.799915,-8.524993
8515,ductal,inDrop3,7.6243796,4.2558994
8516,beta,inDrop3,-0.7284344,-7.5871367
8517,alpha,inDrop3,-2.8719835,6.23471
8518,alpha,inDrop3,-2.9559448,7.929198
8519,alpha,inDrop3,-2.4097369,7.0419607
8520,acinar,inDrop3,11.499136,-3.5864263
8521,ductal,inDrop3,8.725189,4.59399
8522,alpha,inDrop3,-3.4009907,8.189754
8523,ductal,inDrop3,7.8679166,4.790368
8524,alpha,inDrop3,-2.4254808,5.1201177
8525,ductal,inDrop3,8.07564,4.623133
8526,acinar,inDrop3,12.402568,-3.8142467
8527,acinar,inDrop3,11.513574,-3.4269435
8528,ductal,inDrop3,8.863444,4.1341367
8529,quiescent_stellate,inDrop3,-5.16032,5.129367
8530,alpha,inDrop3,-2.9605615,5.583874
8531,alpha,inDrop3,-1.9891717,5.70396
8532,ductal,inDrop3,6.85553,5.095364
8533,beta,inDrop3,-1.7534653,-6.4322863
8534,beta,inDrop3,-2.992957,-6.0208426
8535,alpha,inDrop3,-5.430828,7.0541725
8536,beta,inDrop3,-2.0026686,-6.681585
8537,delta,inDrop3,0.6003564,0.2499132
8538,activated_stellate,inDrop3,4.882902,-3.8217666
8539,delta,inDrop3,0.75196105,0.87061894
8540,beta,inDrop3,-4.910666,-7.6506414
8541,acinar,inDrop3,12.760521,-3.6849947
8542,ductal,inDrop3,8.511469,5.7348285
8543,alpha,inDrop3,-3.9473927,6.4165964
8544,activated_stellate,inDrop3,4.907211,-3.7985318
8545,acinar,inDrop3,11.441624,-3.6244566
8546,ductal,inDrop3,7.93404,4.660739
8547,alpha,inDrop3,-2.663046,5.882571
8548,ductal,inDrop3,7.818431,4.490032
8549,beta,inDrop3,-3.793422,-9.156853
8550,alpha,inDrop3,-4.2491045,6.2813954
8551,beta,inDrop3,-1.8099729,-9.255548
8552,beta,inDrop3,-2.6140335,-5.5105796
8553,alpha,inDrop3,-2.9023979,6.396198
8554,alpha,inDrop3,-2.3315916,5.092287
8555,beta,inDrop3,-2.6183634,-5.843641
8556,acinar,inDrop3,11.698824,-3.137816
8557,acinar,inDrop3,12.639803,-3.2831821
8558,endothelial,inDrop3,4.6869164,-6.753981
8559,beta,inDrop3,-1.4146904,-6.5209928
8560,activated_stellate,inDrop3,5.0111423,-3.7335997
8561,alpha,inDrop3,-2.7390819,5.461482
8562,alpha,inDrop3,-1.5338793,7.2713027
8563,acinar,inDrop3,-0.8835444,-8.76822
8564,alpha,inDrop3,-2.9561787,5.835074
8565,alpha,inDrop3,-3.9667966,6.069599
8566,alpha,inDrop3,-1.7504313,6.678836
8567,alpha,inDrop3,-2.3635488,5.084706
8568,beta,inDrop3,-1.3553374,-6.544231
8569,acinar,inDrop3,11.01891,-3.87072
8570,alpha,inDrop3,-1.9508755,7.4683323
8571,beta,inDrop3,-1.0269759,-8.902394
8572,ductal,inDrop3,8.246437,4.8410325
8573,ductal,inDrop3,7.781064,4.4375696
8574,ductal,inDrop3,7.220385,3.6744254
8575,alpha,inDrop3,-4.7051253,8.639725
8576,gamma,inDrop3,-5.6987386,0.1507294
8577,alpha,inDrop3,-1.5596365,7.4032974
8578,beta,inDrop3,-0.5530829,-6.8698945
8579,alpha,inDrop3,-4.2440147,5.6025763
8580,endothelial,inDrop3,4.496519,-6.137948
8581,alpha,inDrop3,-1.6981126,7.8020444
8582,macrophage,inDrop3,4.355405,1.8530895
8583,acinar,inDrop3,11.047363,-4.035943
8584,activated_stellate,inDrop3,4.709991,-3.8763483
8585,beta,inDrop3,-1.04068,-8.508345
8586,alpha,inDrop3,-2.1887097,7.2416058
8587,alpha,inDrop3,-1.4534907,8.812088
8588,alpha,inDrop3,-4.254563,7.376633
8589,ductal,inDrop3,7.0915623,3.7446074
8590,alpha,inDrop3,-3.936069,6.164076
8591,beta,inDrop3,-0.76493657,-6.9226446
8592,alpha,inDrop3,-5.3065095,7.664587
8593,beta,inDrop3,-3.2114878,-9.197155
8594,beta,inDrop3,-1.6440432,-6.5107794
8595,alpha,inDrop3,-2.7460146,6.2096777
8596,beta,inDrop3,-2.3841326,-6.3839736
8597,delta,inDrop3,-0.5784236,-6.889021
8598,alpha,inDrop3,-1.8838276,7.631463
8599,activated_stellate,inDrop3,4.7105823,-3.9957564
8600,alpha,inDrop3,-3.099617,6.558409
8601,activated_stellate,inDrop3,4.9193664,-3.8235104
8602,alpha,inDrop3,-3.8258538,6.3041024
8603,beta,inDrop3,-3.1093788,-7.4161377
8604,alpha,inDrop3,-3.2108762,6.26956
8605,ductal,inDrop3,8.0397835,4.240776
8606,beta,inDrop3,-3.6423576,-10.190843
8607,beta,inDrop3,-1.9498267,-7.5707684
8608,alpha,inDrop3,-1.4238296,8.842885
8609,acinar,inDrop3,12.991192,-3.1546385
8610,alpha,inDrop3,-5.064921,5.9635005
8611,endothelial,inDrop3,4.5204935,-6.001337
8612,beta,inDrop3,-1.0526489,-8.3047905
8613,alpha,inDrop3,-2.600836,5.4393454
8614,alpha,inDrop3,-2.2261212,5.277658
8615,alpha,inDrop3,-2.5310006,5.480751
8616,beta,inDrop3,-3.9373257,-8.67726
8617,ductal,inDrop3,8.590947,5.3731008
8618,acinar,inDrop3,12.162781,-2.8021138
8619,acinar,inDrop3,12.013328,-3.2030547
8620,alpha,inDrop3,-3.018587,6.1837683
8621,endothelial,inDrop3,4.5584984,-6.5576787
8622,ductal,inDrop3,7.088387,3.8544703
8623,acinar,inDrop3,2.7463188,3.341821
8624,beta,inDrop3,-1.6089694,-7.772669
8625,beta,inDrop3,-1.114772,-7.120452
8626,beta,inDrop3,-1.8722084,-8.921261
8627,ductal,inDrop3,8.595145,4.275748
8628,alpha,inDrop3,-1.8001584,5.7418084
8629,alpha,inDrop3,-2.0005112,6.2644715
8630,acinar,inDrop3,12.875732,-3.7266624
8631,gamma,inDrop3,-5.695266,0.33468103
8632,alpha,inDrop3,-2.8970444,5.9343424
8633,alpha,inDrop3,-3.02808,5.321248
8634,acinar,inDrop3,11.908096,-4.1115546
8635,alpha,inDrop3,-4.1875753,6.4606204
8636,alpha,inDrop3,-2.8725123,5.5156054
8637,alpha,inDrop3,-2.3210459,5.481334
8638,beta,inDrop3,-0.936046,-8.247041
8639,beta,inDrop3,-2.4796548,-5.644935
8640,beta,inDrop3,-2.289793,-7.84639
8641,acinar,inDrop3,12.027251,-3.171558
8642,alpha,inDrop3,-1.4053228,5.822547
8643,beta,inDrop3,-0.9379484,-7.6524043
8644,acinar,inDrop3,8.615221,3.4136002
8645,alpha,inDrop3,-3.2809134,5.8505
8646,ductal,inDrop3,9.077814,5.1001434
8647,alpha,inDrop3,-3.7338235,5.946601
8648,alpha,inDrop3,-5.0516047,8.439879
8649,alpha,inDrop3,-4.674764,5.6515346
8650,beta,inDrop3,-3.8130996,-8.683161
8651,acinar,inDrop3,12.575231,-3.5852187
8652,beta,inDrop3,-2.4466026,-5.3915286
8653,beta,inDrop3,-2.9402742,-5.7802777
8654,alpha,inDrop3,-2.7180326,5.1794066
8655,acinar,inDrop3,10.990867,-3.743322
8656,activated_stellate,inDrop3,4.8707457,-3.7973382
8657,alpha,inDrop3,-2.4808145,5.2110195
8658,alpha,inDrop3,-2.7415674,5.3177023
8659,alpha,inDrop3,-3.936987,6.330954
8660,alpha,inDrop3,-5.8633375,7.8281493
8661,ductal,inDrop3,7.3803034,4.060435
8662,alpha,inDrop3,-2.6086717,5.7656646
8663,acinar,inDrop3,11.2579,-3.6725695
8664,alpha,inDrop3,-4.0896635,7.533433
8665,beta,inDrop3,-3.137211,-7.072993
8666,alpha,inDrop3,-3.1599703,5.7398496
8667,alpha,inDrop3,-3.5936594,7.3367615
8668,alpha,inDrop3,-5.615142,7.5443106
8669,alpha,inDrop3,-4.807113,6.506619
8670,acinar,inDrop3,13.017736,-3.609608
8671,beta,inDrop3,-2.4142697,-6.9823136
8672,alpha,inDrop3,-1.472864,5.8607073
8673,acinar,inDrop3,11.6412325,-3.6948557
8674,alpha,inDrop3,-5.6710753,7.7352715
8675,acinar,inDrop3,12.544498,-2.601496
8676,alpha,inDrop3,-3.4798915,5.885079
8677,alpha,inDrop3,-2.9827673,5.1988926
8678,ductal,inDrop3,7.212942,4.030611
8679,beta,inDrop3,-0.8435861,-7.8167453
8680,beta,inDrop3,-1.651152,-6.947616
8681,acinar,inDrop3,12.56751,-3.4692857
8682,alpha,inDrop3,-2.333072,5.1168847
8683,activated_stellate,inDrop3,4.9457545,-3.2383137
8684,alpha,inDrop3,-3.1723375,6.1682773
8685,alpha,inDrop3,-2.4881802,5.8345346
8686,alpha,inDrop3,-1.8380581,5.694214
8687,beta,inDrop3,-1.229329,-7.2375298
8688,beta,inDrop3,-0.53850466,-7.2967086
8689,gamma,inDrop3,-5.985426,0.37875596
8690,alpha,inDrop3,-2.597757,5.462244
8691,beta,inDrop3,-0.92134523,-7.7607007
8692,activated_stellate,inDrop3,6.3271,-2.1970344
8693,acinar,inDrop3,12.49237,-3.0282388
8694,ductal,inDrop3,8.926096,5.559943
8695,alpha,inDrop3,-2.7059157,6.3503423
8696,alpha,inDrop3,-2.6594553,6.629987
8697,beta,inDrop3,-2.8101277,-9.137692
8698,ductal,inDrop3,7.1353154,3.7291093
8699,beta,inDrop3,-3.7482033,-8.950628
8700,delta,inDrop3,0.69782805,-0.66212595
8701,ductal,inDrop3,6.999566,5.3421164
8702,acinar,inDrop3,12.403452,-3.5762532
8703,ductal,inDrop3,9.170139,3.3583283
8704,acinar,inDrop3,10.952731,-3.7156446
8705,alpha,inDrop3,-3.6586862,8.53799
8706,ductal,inDrop3,9.060651,5.085212
8707,alpha,inDrop3,-3.0001614,5.414818
8708,beta,inDrop3,-0.9537305,-7.7351723
8709,beta,inDrop3,-1.8145878,-8.827124
8710,alpha,inDrop3,-2.786114,6.051223
8711,alpha,inDrop3,-1.9600182,5.5101514
8712,alpha,inDrop3,-2.9960759,5.5410366
8713,endothelial,inDrop3,4.6179614,-6.509159
8714,acinar,inDrop3,11.9923115,-3.4755213
8715,ductal,inDrop3,7.086225,4.1123695
8716,alpha,inDrop3,-3.7689269,5.4518013
8717,beta,inDrop3,-3.9302804,-7.027437
8718,ductal,inDrop3,8.155794,4.5065565
8719,alpha,inDrop3,-3.151875,6.014722
8720,alpha,inDrop3,-1.4585333,7.2615395
8721,beta,inDrop3,-0.6817413,-6.870445
8722,alpha,inDrop3,-2.3681927,5.3717055
8723,ductal,inDrop3,8.171232,4.608727
8724,beta,inDrop3,-0.91835076,-8.338403
8725,ductal,inDrop3,7.0971246,3.8287745
8726,ductal,inDrop3,8.164997,5.5120893
8727,ductal,inDrop3,8.705325,5.934494
8728,alpha,inDrop3,-2.6554387,6.3320007
8729,alpha,inDrop3,-2.7353709,5.246312
8730,alpha,inDrop3,-3.6506298,6.1488376
8731,beta,inDrop3,-0.9946268,-7.441589
8732,ductal,inDrop3,8.279965,3.915405
8733,alpha,inDrop3,-3.8332632,7.313
8734,endothelial,inDrop3,4.51212,-6.003022
8735,alpha,inDrop3,-5.000708,8.3910885
8736,quiescent_stellate,inDrop3,6.485502,-2.1886141
8737,beta,inDrop3,-0.7713992,-6.943955
8738,delta,inDrop3,0.46431988,0.2155531
8739,alpha,inDrop3,-2.1808646,6.9150176
8740,acinar,inDrop3,12.718676,-3.620645
8741,alpha,inDrop3,-3.2730489,6.2778316
8742,beta,inDrop3,-0.9217617,-8.281193
8743,beta,inDrop3,-0.9128892,-8.595953
8744,alpha,inDrop3,-2.1181912,6.923081
8745,quiescent_stellate,inDrop3,6.3297486,-2.3016856
8746,alpha,inDrop3,-1.5580509,5.8563533
8747,beta,inDrop3,-2.9682422,-7.46157
8748,alpha,inDrop3,-2.1482956,5.7792244
8749,quiescent_stellate,inDrop3,6.491178,-2.011817
8750,acinar,inDrop3,12.356541,-2.7284486
8751,alpha,inDrop3,-2.5244408,6.281626
8752,alpha,inDrop3,-1.585889,6.552589
8753,beta,inDrop3,-1.4418961,-7.694176
8754,acinar,inDrop3,11.392363,-3.708893
8755,delta,inDrop3,0.9001365,0.7692114
8756,acinar,inDrop3,12.297912,-3.4717026
8757,alpha,inDrop3,-3.5224724,5.60962
8758,alpha,inDrop3,-1.8569578,7.311054
8759,ductal,inDrop3,7.427205,3.8275719
8760,gamma,inDrop3,-5.895487,0.54639775
8761,endothelial,inDrop3,4.598475,-6.677303
8762,beta,inDrop3,-0.832516,-8.201102
8763,alpha,inDrop3,-2.56932,5.4592276
8764,alpha,inDrop3,-3.130806,6.0542445
8765,ductal,inDrop3,9.596713,5.6713467
8766,alpha,inDrop3,-3.055339,5.1982226
8767,alpha,inDrop3,-2.2287648,6.8000135
8768,alpha,inDrop3,-2.2373857,5.171004
8769,beta,inDrop3,-2.018563,-6.523535
8770,acinar,inDrop3,12.513235,-3.3274667
8771,alpha,inDrop3,-1.8678871,5.735217
8772,beta,inDrop3,-3.7224085,-8.780836
8773,alpha,inDrop3,-5.543269,7.712325
8774,alpha,inDrop3,-3.774411,5.146479
8775,alpha,inDrop3,-3.5692277,5.2948637
8776,ductal,inDrop3,9.223497,3.358947
8777,delta,inDrop3,0.9192158,0.85015076
8778,alpha,inDrop3,-3.8552485,6.8141904
8779,alpha,inDrop3,-5.292266,8.363353
8780,alpha,inDrop3,-1.978535,6.0885267
8781,acinar,inDrop3,12.473249,-2.9584668
8782,ductal,inDrop3,8.213104,4.2293315
8783,ductal,inDrop3,8.348988,4.8789644
8784,alpha,inDrop3,-3.761083,5.46228
8785,alpha,inDrop3,-5.007738,5.8880563
8786,alpha,inDrop3,-1.4680147,7.4452324
8787,acinar,inDrop3,11.036286,-3.7673924
8788,beta,inDrop3,-1.4937671,-7.9385185
8789,alpha,inDrop3,-3.7801454,5.193325
8790,gamma,inDrop3,-5.969121,0.37524286
8791,acinar,inDrop3,13.164373,-3.5222168
8792,alpha,inDrop3,-2.8605642,6.1920967
8793,gamma,inDrop3,-5.7173243,0.49289492
8794,gamma,inDrop3,-5.8231936,0.2956793
8795,beta,inDrop3,-0.64398605,-7.3847117
8796,beta,inDrop3,-0.8186882,-8.559556
8797,alpha,inDrop3,-2.885617,6.1873665
8798,beta,inDrop3,-1.0091232,-8.045896
8799,beta,inDrop3,-1.6362393,-7.9657283
8800,acinar,inDrop3,11.237862,-3.223257
8801,acinar,inDrop3,12.958225,-3.0955331
8802,acinar,inDrop3,12.010808,-3.7916608
8803,quiescent_stellate,inDrop3,6.506423,-1.9879202
8804,quiescent_stellate,inDrop3,6.489776,-2.2241714
8805,ductal,inDrop3,7.9491878,4.400676
8806,beta,inDrop3,-1.6966907,-7.2908983
8807,alpha,inDrop3,-3.831445,8.085766
8808,beta,inDrop3,-1.2619736,-8.6311035
8809,alpha,inDrop3,-3.8529706,6.168938
8810,ductal,inDrop3,6.932873,5.0145874
8811,alpha,inDrop3,-2.9691632,6.2214837
8812,alpha,inDrop3,-3.8620956,5.255131
8813,alpha,inDrop3,-2.660084,5.6265993
8814,alpha,inDrop3,-3.5046315,5.652038
8815,alpha,inDrop3,-3.7236993,5.174346
8816,beta,inDrop3,-2.4152043,-6.9498487
8817,beta,inDrop3,0.13192321,0.14584365
8818,beta,inDrop3,-2.30652,-5.301469
8819,acinar,inDrop3,11.956772,-3.309371
8820,alpha,inDrop3,-2.5391517,5.157616
8821,beta,inDrop3,-1.5923095,-7.4132047
8822,beta,inDrop3,-3.465528,-6.8662543
8823,beta,inDrop3,-5.691274,-7.9948196
8824,beta,inDrop3,-1.8855394,-8.603716
8825,gamma,inDrop3,-5.836635,0.3174182
8826,endothelial,inDrop3,4.583877,-6.479053
8827,quiescent_stellate,inDrop3,6.465515,-2.1921253
8828,alpha,inDrop3,-2.2391565,6.891562
8829,alpha,inDrop3,-4.115674,6.3484135
8830,beta,inDrop3,-1.6298194,-8.024995
8831,beta,inDrop3,-1.0909027,-7.0707726
8832,beta,inDrop3,-0.78304,-7.638452
8833,ductal,inDrop3,6.9380927,3.889979
8834,ductal,inDrop3,8.364141,4.451549
8835,beta,inDrop3,-1.1833616,-8.0705
8836,quiescent_stellate,inDrop3,6.4313717,-2.1568074
8837,alpha,inDrop3,-3.6541815,5.177081
8838,alpha,inDrop3,-3.7827988,5.148517
8839,alpha,inDrop3,-4.836074,5.8516154
8840,activated_stellate,inDrop3,6.50937,-1.9885845
8841,acinar,inDrop3,11.138547,-2.6939392
8842,beta,inDrop3,-0.60797745,-7.2935486
8843,alpha,inDrop3,-3.2422833,5.629949
8844,alpha,inDrop3,-1.9411483,5.636994
8845,ductal,inDrop3,9.097489,3.3258507
8846,alpha,inDrop3,-4.95963,8.494717
8847,beta,inDrop3,-1.3250029,-8.4761915
8848,alpha,inDrop3,-5.0329905,7.81157
8849,beta,inDrop3,-0.9533182,-6.951177
8850,endothelial,inDrop3,4.4510884,-6.6926804
8851,ductal,inDrop3,9.479359,5.7634716
8852,endothelial,inDrop3,4.5656905,-6.537359
8853,beta,inDrop3,-1.236739,-8.161822
8854,quiescent_stellate,inDrop3,6.5235934,-1.9524804
8855,endothelial,inDrop3,4.5626116,-6.5790186
8856,alpha,inDrop3,-2.4959848,5.3660455
8857,alpha,inDrop3,-2.4806707,6.7363615
8858,beta,inDrop3,-2.3534312,-6.2316437
8859,alpha,inDrop3,-2.0107229,7.6084857
8860,activated_stellate,inDrop3,5.06866,-3.543448
8861,quiescent_stellate,inDrop3,6.5072412,-1.9890863
8862,alpha,inDrop3,-3.7445035,5.6546574
8863,beta,inDrop3,-1.125391,-7.0866528
8864,alpha,inDrop3,-2.0231924,7.396404
8865,alpha,inDrop3,-4.906396,8.604251
8866,beta,inDrop3,-0.8383891,-8.307735
8867,activated_stellate,inDrop3,6.3884916,-2.17511
8868,beta,inDrop3,-1.5061451,-8.763011
8869,alpha,inDrop3,-1.6123228,6.308777
8870,beta,inDrop3,-1.120271,-7.3022647
8871,delta,inDrop3,0.9975521,0.48561943
8872,quiescent_stellate,inDrop3,6.4882255,-2.172817
8873,alpha,inDrop3,-3.0307999,6.5350723
8874,beta,inDrop3,-1.6754216,-7.327868
8875,beta,inDrop3,-0.8691322,-8.174847
8876,alpha,inDrop3,-2.7453678,6.3997717
8877,beta,inDrop3,2.7177148,3.3406196
8878,alpha,inDrop3,-2.8488567,5.258055
8879,beta,inDrop3,-2.4840605,-6.7805347
8880,delta,inDrop3,0.5370637,-0.45266163
8881,ductal,inDrop3,9.211143,3.4223864
8882,alpha,inDrop3,-3.7937021,5.118084
8883,beta,inDrop3,-0.7923511,-6.9011636
8884,endothelial,inDrop3,4.59333,-6.620341
8885,beta,inDrop3,-1.8073587,-6.869667
8886,beta,inDrop3,-1.9199141,7.0951366
8887,alpha,inDrop3,-2.8365152,5.6713767
8888,alpha,inDrop3,-2.7349772,5.0298486
8889,alpha,inDrop3,-3.21488,6.095868
8890,alpha,inDrop3,-3.9073758,6.056432
8891,schwann,inDrop3,4.6248336,-3.9388003
8892,alpha,inDrop3,-2.5437005,6.092026
8893,beta,inDrop3,-1.4581254,-8.516984
8894,macrophage,inDrop3,4.331167,1.8738475
8895,endothelial,inDrop3,4.9611917,-6.868032
8896,ductal,inDrop3,8.432796,5.8884044
8897,beta,inDrop3,-3.021756,-8.1645975
8898,alpha,inDrop3,-3.730611,5.147586
8899,alpha,inDrop3,-1.5942061,5.881925
8900,quiescent_stellate,inDrop3,6.502906,-2.1728902
8901,acinar,inDrop3,12.968289,-3.4646697
8902,ductal,inDrop3,8.422489,5.8398457
8903,alpha,inDrop3,-3.0698266,5.365531
8904,beta,inDrop3,-1.897643,-8.501681
8905,alpha,inDrop3,-3.955877,5.512778
8906,beta,inDrop3,-2.2374747,-5.6884875
8907,alpha,inDrop3,-3.6435723,5.422962
8908,ductal,inDrop4,11.590904,-2.1518168
8909,delta,inDrop4,1.1920114,-0.73750865
8910,delta,inDrop4,0.5638663,-0.41622475
8911,ductal,inDrop4,12.138215,-2.0349138
8912,ductal,inDrop4,7.875164,4.319792
8913,ductal,inDrop4,8.015427,4.7406073
8914,ductal,inDrop4,11.490882,-2.374021
8915,alpha,inDrop4,-5.3704853,8.810094
8916,ductal,inDrop4,12.356805,-2.4446242
8917,ductal,inDrop4,11.476271,-2.3954718
8918,alpha,inDrop4,-5.6128187,7.7642207
8919,ductal,inDrop4,6.8794794,5.0323153
8920,ductal,inDrop4,9.159499,3.5858686
8921,ductal,inDrop4,11.851636,-2.7123916
8922,delta,inDrop4,0.76774955,-0.09684796
8923,activated_stellate,inDrop4,4.5443597,-3.307032
8924,beta,inDrop4,-4.5916247,-8.153142
8925,ductal,inDrop4,13.101989,-2.3882072
8926,ductal,inDrop4,8.4741125,4.4537783
8927,beta,inDrop4,-5.174374,-8.599043
8928,beta,inDrop4,-4.586371,-7.0392404
8929,delta,inDrop4,1.1001816,0.19024645
8930,ductal,inDrop4,11.81355,-2.0154085
8931,delta,inDrop4,0.5574145,0.031051608
8932,alpha,inDrop4,-2.470137,7.8109527
8933,beta,inDrop4,-4.912589,-9.292027
8934,beta,inDrop4,-4.164954,-8.018014
8935,delta,inDrop4,1.297957,-0.45836473
8936,ductal,inDrop4,12.142732,-2.2729335
8937,activated_stellate,inDrop4,4.7520976,-3.6128893
8938,ductal,inDrop4,13.136788,-3.6617336
8939,ductal,inDrop4,11.324151,-2.2465158
8940,ductal,inDrop4,9.12094,3.6367023
8941,beta,inDrop4,-4.436459,-7.90422
8942,macrophage,inDrop4,4.3557734,1.8506397
8943,alpha,inDrop4,-5.72813,7.9401755
8944,beta,inDrop4,-2.699168,-7.230117
8945,beta,inDrop4,-4.5861945,-6.9704657
8946,alpha,inDrop4,-3.5683398,7.2671733
8947,ductal,inDrop4,8.149041,6.5168896
8948,beta,inDrop4,-3.5750983,-9.8573675
8949,beta,inDrop4,-4.275598,-8.1854105
8950,alpha,inDrop4,-4.471479,9.138744
8951,ductal,inDrop4,8.622512,5.5563145
8952,ductal,inDrop4,9.422664,4.877098
8953,beta,inDrop4,-5.934521,-7.492984
8954,beta,inDrop4,-3.327803,-6.5225744
8955,alpha,inDrop4,-5.4401746,7.0658937
8956,beta,inDrop4,-3.3605287,-7.525895
8957,alpha,inDrop4,-5.658236,8.605747
8958,beta,inDrop4,-3.5903208,-10.1736555
8959,ductal,inDrop4,8.373451,4.06242
8960,beta,inDrop4,-4.116565,-8.119563
8961,ductal,inDrop4,8.760828,6.659657
8962,alpha,inDrop4,-5.194625,8.757665
8963,beta,inDrop4,-5.689335,-7.7663503
8964,delta,inDrop4,3.530646,3.009201
8965,beta,inDrop4,-5.2137723,-8.647107
8966,beta,inDrop4,-5.1694455,-8.989706
8967,ductal,inDrop4,8.102216,4.968905
8968,beta,inDrop4,-5.4032526,-7.0206485
8969,ductal,inDrop4,11.282599,-2.0504007
8970,beta,inDrop4,-4.073193,-9.297982
8971,ductal,inDrop4,8.679105,4.9726624
8972,ductal,inDrop4,11.58581,-2.4672782
8973,activated_stellate,inDrop4,4.512353,-3.4224486
8974,alpha,inDrop4,-5.4749336,7.401876
8975,alpha,inDrop4,-5.3111134,6.8247013
8976,delta,inDrop4,1.0876765,0.09716756
8977,activated_stellate,inDrop4,5.006304,-3.1978528
8978,activated_stellate,inDrop4,5.0220194,-3.0845706
8979,beta,inDrop4,-4.3826513,-8.418571
8980,activated_stellate,inDrop4,4.5887923,-3.1471493
8981,alpha,inDrop4,-5.734298,7.614487
8982,beta,inDrop4,-3.995944,-8.02093
8983,ductal,inDrop4,8.329133,4.5025277
8984,quiescent_stellate,inDrop4,8.826451,5.58934
8985,beta,inDrop4,-4.4639964,-8.078436
8986,ductal,inDrop4,11.281376,-2.1548617
8987,beta,inDrop4,-3.8859434,-9.91682
8988,beta,inDrop4,-5.340916,-7.727476
8989,activated_stellate,inDrop4,4.915323,-3.672849
8990,delta,inDrop4,1.1878895,-0.7074138
8991,beta,inDrop4,-4.915358,-9.311602
8992,beta,inDrop4,-5.132194,-7.7970185
8993,beta,inDrop4,-5.3715506,-6.962004
8994,beta,inDrop4,-5.317319,-6.9109545
8995,delta,inDrop4,0.9535516,-0.5097808
8996,beta,inDrop4,-5.289493,-8.498643
8997,delta,inDrop4,0.60819924,0.5274488
8998,alpha,inDrop4,8.248503,4.783965
8999,ductal,inDrop4,8.682936,6.3820186
9000,alpha,inDrop4,-4.5783296,9.493625
9001,alpha,inDrop4,-5.604983,7.834923
9002,alpha,inDrop4,-4.417754,8.462361
9003,macrophage,inDrop4,4.3669925,1.8415252
9004,delta,inDrop4,0.23895927,-0.027801812
9005,ductal,inDrop4,8.86275,4.958005
9006,ductal,inDrop4,9.168785,6.43721
9007,beta,inDrop4,-4.971086,-9.245751
9008,ductal,inDrop4,8.762143,5.7912526
9009,beta,inDrop4,-4.6254544,-9.086057
9010,beta,inDrop4,-2.6934202,-8.541482
9011,alpha,inDrop4,-3.7251012,5.7040806
9012,beta,inDrop4,-2.506475,-8.373297
9013,delta,inDrop4,0.17216836,0.27979913
9014,alpha,inDrop4,-5.1853876,7.5818477
9015,alpha,inDrop4,-1.8357096,0.9162622
9016,delta,inDrop4,0.36960185,-0.017948955
9017,beta,inDrop4,-4.539105,-8.246338
9018,ductal,inDrop4,8.148713,4.4422636
9019,beta,inDrop4,-2.724733,-5.6569667
9020,beta,inDrop4,-5.1184683,-9.061168
9021,delta,inDrop4,0.70648646,0.44671798
9022,acinar,inDrop4,12.61236,-1.7928722
9023,ductal,inDrop4,7.9518766,4.694608
9024,alpha,inDrop4,-5.9207563,7.9180717
9025,ductal,inDrop4,8.425573,6.0841336
9026,ductal,inDrop4,9.102326,6.3354406
9027,beta,inDrop4,-4.126851,-8.483922
9028,beta,inDrop4,-4.530938,-9.020075
9029,gamma,inDrop4,-5.2575264,0.19760041
9030,alpha,inDrop4,-5.414778,7.3811603
9031,beta,inDrop4,-3.8737233,-6.003894
9032,beta,inDrop4,-5.2222533,-6.91122
9033,beta,inDrop4,-5.2844076,-8.340946
9034,ductal,inDrop4,11.912033,-2.234722
9035,activated_stellate,inDrop4,4.6178026,-3.1578395
9036,delta,inDrop4,0.6194625,0.45459434
9037,beta,inDrop4,-4.360535,-9.517124
9038,ductal,inDrop4,7.5376387,5.538495
9039,beta,inDrop4,-5.2242465,-8.999857
9040,ductal,inDrop4,13.053476,-2.711294
9041,ductal,inDrop4,11.183279,-2.3486993
9042,beta,inDrop4,-4.776725,-9.461588
9043,alpha,inDrop4,-5.1527767,8.559684
9044,ductal,inDrop4,8.69848,6.4917407
9045,delta,inDrop4,0.54962367,-0.31417018
9046,beta,inDrop4,-4.6867247,-7.332105
9047,delta,inDrop4,0.37802115,-0.26740023
9048,delta,inDrop4,1.1832398,-0.75612354
9049,alpha,inDrop4,-3.3185976,7.6256213
9050,alpha,inDrop4,-2.1535366,7.8328147
9051,ductal,inDrop4,8.153222,5.6835694
9052,macrophage,inDrop4,4.3568277,1.8523667
9053,alpha,inDrop4,-3.1380265,8.060462
9054,ductal,inDrop4,11.233381,-2.2507942
9055,ductal,inDrop4,8.768364,5.119199
9056,ductal,inDrop4,8.7588,5.9526253
9057,beta,inDrop4,-5.2988095,-7.0313835
9058,beta,inDrop4,-4.3966084,-7.4066477
9059,alpha,inDrop4,-5.6255736,7.70638
9060,beta,inDrop4,-4.5767207,-9.297514
9061,alpha,inDrop4,-2.8750417,5.79193
9062,beta,inDrop4,-4.458832,-9.199863
9063,beta,inDrop4,-5.1379986,-8.719223
9064,ductal,inDrop4,8.267689,4.8167486
9065,ductal,inDrop4,8.374027,4.260618
9066,beta,inDrop4,-4.503217,-7.959203
9067,beta,inDrop4,-5.8255215,-7.7840967
9068,alpha,inDrop4,-2.411716,7.9575086
9069,alpha,inDrop4,-5.620993,7.693504
9070,beta,inDrop4,-4.928115,-8.719332
9071,beta,inDrop4,-5.3477583,-6.8273807
9072,alpha,inDrop4,-5.239068,7.0375094
9073,beta,inDrop4,-5.011694,-9.101511
9074,beta,inDrop4,-3.5724301,-10.022778
9075,alpha,inDrop4,-2.471555,6.0618353
9076,delta,inDrop4,1.2319438,0.70847285
9077,beta,inDrop4,-3.5539074,-6.0424767
9078,alpha,inDrop4,-5.954426,8.553489
9079,beta,inDrop4,-5.008767,-9.001057
9080,beta,inDrop4,-4.367262,-8.0909395
9081,beta,inDrop4,-4.4287395,-6.946498
9082,beta,inDrop4,-5.1708207,-6.8461823
9083,delta,inDrop4,1.160237,-0.3890688
9084,beta,inDrop4,-5.756335,-7.4233146
9085,ductal,inDrop4,9.488892,4.813453
9086,gamma,inDrop4,-5.7242017,0.4169542
9087,delta,inDrop4,1.3282281,-0.6830073
9088,ductal,inDrop4,9.198741,3.4398484
9089,alpha,inDrop4,-3.3774474,9.086105
9090,ductal,inDrop4,11.301146,-4.205865
9091,alpha,inDrop4,-3.8608944,8.830796
9092,alpha,inDrop4,-2.565577,7.3225036
9093,delta,inDrop4,0.093409136,0.4371184
9094,alpha,inDrop4,-5.0585833,6.8141623
9095,beta,inDrop4,-5.512622,-7.4377317
9096,delta,inDrop4,0.8329889,-0.54867893
9097,alpha,inDrop4,-3.0543666,7.8480644
9098,alpha,inDrop4,-3.1434896,7.983941
9099,delta,inDrop4,1.1731346,-0.5763774
9100,beta,inDrop4,-3.933924,-9.039769
9101,beta,inDrop4,-5.297845,-7.486778
9102,alpha,inDrop4,-4.2307153,9.248988
9103,gamma,inDrop4,-5.6957216,0.25228533
9104,beta,inDrop4,-5.822741,-7.7118845
9105,beta,inDrop4,-3.595351,-10.079072
9106,gamma,inDrop4,-5.2120924,-0.12179953
9107,delta,inDrop4,1.1499872,-0.71253467
9108,ductal,inDrop4,8.686729,6.1409736
9109,beta,inDrop4,-5.7756233,-7.83239
9110,alpha,inDrop4,-2.8332968,6.0540433
9111,delta,inDrop4,0.4441036,-0.13621801
9112,beta,inDrop4,-4.76856,-8.036242
9113,beta,inDrop4,-5.903333,-7.5987716
9114,alpha,inDrop4,-3.9097486,8.326789
9115,ductal,inDrop4,11.291883,-2.3378866
9116,ductal,inDrop4,8.72644,5.5742545
9117,beta,inDrop4,-5.1139836,-7.4006224
9118,alpha,inDrop4,-5.604679,7.571696
9119,ductal,inDrop4,8.649858,4.7172318
9120,activated_stellate,inDrop4,4.817023,-2.9288764
9121,alpha,inDrop4,-3.6974595,9.312416
9122,beta,inDrop4,-4.9793596,-7.7768264
9123,alpha,inDrop4,-5.448037,7.5790095
9124,ductal,inDrop4,7.7343917,5.0672007
9125,beta,inDrop4,-4.9826155,-8.58376
9126,beta,inDrop4,-5.003627,-7.736203
9127,ductal,inDrop4,8.732695,5.3255224
9128,beta,inDrop4,-3.0377643,-7.331287
9129,beta,inDrop4,-5.495586,-7.461525
9130,ductal,inDrop4,8.631407,4.5902834
9131,beta,inDrop4,-5.826882,-7.367116
9132,beta,inDrop4,-3.710363,-10.258896
9133,beta,inDrop4,-4.4503245,-9.498644
9134,beta,inDrop4,-5.0651817,-8.044626
9135,alpha,inDrop4,-3.8593223,7.402796
9136,delta,inDrop4,0.39244318,-0.23273143
9137,alpha,inDrop4,-3.9558449,6.8443837
9138,macrophage,inDrop4,4.362249,1.8446376
9139,alpha,inDrop4,-5.592987,7.6700544
9140,alpha,inDrop4,-3.581215,7.866141
9141,beta,inDrop4,-5.169611,-9.510679
9142,activated_stellate,inDrop4,4.5061164,-3.4144838
9143,beta,inDrop4,-3.9444752,-7.780349
9144,beta,inDrop4,-5.321936,-6.8039913
9145,ductal,inDrop4,8.639534,6.3408065
9146,ductal,inDrop4,8.275867,6.5808883
9147,gamma,inDrop4,-5.6688285,0.24571353
9148,beta,inDrop4,-5.4803953,-7.522697
9149,ductal,inDrop4,8.321474,6.582106
9150,beta,inDrop4,-5.5446215,-7.2001896
9151,beta,inDrop4,-5.319179,-8.652681
9152,beta,inDrop4,-3.3888087,-6.6674094
9153,beta,inDrop4,-4.8791857,-8.041314
9154,beta,inDrop4,-5.2818937,-7.3747907
9155,alpha,inDrop4,-5.934358,7.3443556
9156,delta,inDrop4,0.4625778,-0.3175561
9157,alpha,inDrop4,-4.542661,8.390317
9158,ductal,inDrop4,8.579976,5.8111086
9159,ductal,inDrop4,12.529464,-3.7335584
9160,beta,inDrop4,-5.828186,-7.744732
9161,alpha,inDrop4,-3.8503585,9.230243
9162,alpha,inDrop4,-5.257651,6.7648873
9163,ductal,inDrop4,11.498005,-3.8681962
9164,ductal,inDrop4,7.519163,4.8495064
9165,alpha,inDrop4,-4.764409,9.038505
9166,alpha,inDrop4,-5.0176926,7.8589487
9167,ductal,inDrop4,8.753038,6.1247325
9168,beta,inDrop4,-4.657782,-8.85638
9169,beta,inDrop4,-3.1041207,-9.259481
9170,alpha,inDrop4,-5.4159594,8.874713
9171,ductal,inDrop4,11.366419,-4.161093
9172,gamma,inDrop4,-5.7457547,0.32024902
9173,beta,inDrop4,-3.9216404,-9.22109
9174,delta,inDrop4,1.1898987,-0.6827537
9175,gamma,inDrop4,-5.478266,0.021430992
9176,beta,inDrop4,-3.5923905,-10.116473
9177,ductal,inDrop4,8.535094,4.763105
9178,ductal,inDrop4,8.598275,5.3089247
9179,beta,inDrop4,-4.027518,-6.1452794
9180,ductal,inDrop4,9.361002,4.917938
9181,beta,inDrop4,-5.7699113,-7.607903
9182,alpha,inDrop4,-5.5373764,7.37679
9183,beta,inDrop4,-4.986132,-7.329444
9184,beta,inDrop4,-4.966206,-9.177187
9185,beta,inDrop4,-4.3467383,-8.323562
9186,alpha,inDrop4,-4.5369363,8.900731
9187,beta,inDrop4,-5.427339,-8.450193
9188,alpha,inDrop4,-4.2991185,8.293895
9189,beta,inDrop4,-4.717385,-8.324168
9190,beta,inDrop4,-5.31588,-8.534074
9191,alpha,inDrop4,-3.1604156,7.788295
9192,ductal,inDrop4,8.932456,5.699826
9193,alpha,inDrop4,-3.3665645,7.8836055
9194,ductal,inDrop4,8.405484,6.5246553
9195,beta,inDrop4,-5.2048364,-9.19901
9196,alpha,inDrop4,-5.3117876,7.3723254
9197,beta,inDrop4,-5.339361,-7.4761944
9198,beta,inDrop4,-4.2300143,-9.0240755
9199,beta,inDrop4,-5.8291016,-7.6575937
9200,beta,inDrop4,-5.5922766,-7.2905827
9201,alpha,inDrop4,-5.55034,7.6439624
9202,macrophage,inDrop4,4.355331,1.8538077
9203,alpha,inDrop4,-3.05841,8.232479
9204,delta,inDrop4,1.159407,-0.7117402
9205,gamma,inDrop4,-5.7553577,0.42323577
9206,beta,inDrop4,-5.5029335,-7.239486
9207,beta,inDrop4,-5.5224066,-7.426601
9208,delta,inDrop4,0.69912547,0.2021972
9209,ductal,inDrop4,11.417563,-2.6319206
9210,ductal,inDrop4,9.393568,4.9303265
9211,beta,inDrop4,-5.0319877,-7.4167438
9212,beta,inDrop4,-5.6657968,-7.4984045
9213,alpha,inDrop4,-5.644803,7.5686464
9214,beta,inDrop4,-3.861411,-6.859152
9215,alpha,inDrop4,-3.0717247,8.151863
9216,activated_stellate,inDrop4,4.534608,-5.918598
9217,alpha,inDrop4,-4.3993273,8.215135
9218,gamma,inDrop4,-5.6037707,0.44279078
9219,delta,inDrop4,0.14995104,0.1874322
9220,beta,inDrop4,-4.8743143,-9.970173
9221,alpha,inDrop4,-5.2615986,7.468512
9222,alpha,inDrop4,-5.419779,7.386987
9223,beta,inDrop4,-2.0858886,-6.2407255
9224,delta,inDrop4,1.6757156,0.31127122
9225,delta,inDrop4,3.5504358,3.0232048
9226,delta,inDrop4,0.4833587,-0.39298156
9227,alpha,inDrop4,-4.9724526,6.8894553
9228,beta,inDrop4,-4.751959,-8.303064
9229,beta,inDrop4,-3.6988842,-7.6177225
9230,activated_stellate,inDrop4,4.9539676,-3.347042
9231,ductal,inDrop4,9.5763035,4.863005
9232,beta,inDrop4,-5.815802,-7.7182727
9233,epsilon,inDrop4,-1.826722,0.82390636
9234,alpha,inDrop4,-3.4755397,8.871189
9235,gamma,inDrop4,-5.665924,0.3368087
9236,gamma,inDrop4,-5.796513,-0.008728079
9237,beta,inDrop4,-5.0734053,-9.045951
9238,gamma,inDrop4,-5.8005986,0.26450834
9239,alpha,inDrop4,-2.4056873,8.03295
9240,alpha,inDrop4,-3.4320922,8.40498
9241,beta,inDrop4,-5.0493464,-7.2141867
9242,alpha,inDrop4,-4.973827,7.4741993
9243,ductal,inDrop4,8.579898,6.528036
9244,delta,inDrop4,0.4184387,-0.26508856
9245,alpha,inDrop4,-3.3049266,7.7439766
9246,beta,inDrop4,-5.424692,-7.514148
9247,beta,inDrop4,-5.1911325,-7.6031003
9248,alpha,inDrop4,-2.0774734,8.380811
9249,beta,inDrop4,-5.4822254,-7.480599
9250,ductal,inDrop4,9.227796,6.5165415
9251,alpha,inDrop4,-5.3149505,6.8201427
9252,alpha,inDrop4,-4.6926994,6.9507284
9253,ductal,inDrop4,8.66604,6.122376
9254,delta,inDrop4,1.8235008,0.25203642
9255,beta,inDrop4,-5.001229,-9.21016
9256,macrophage,inDrop4,4.3631535,1.8452684
9257,alpha,inDrop4,-3.0768094,8.520869
9258,ductal,inDrop4,9.099626,6.273866
9259,beta,inDrop4,-5.170242,-8.184045
9260,alpha,inDrop4,-5.2519608,7.339179
9261,activated_stellate,inDrop4,4.825999,-3.7197258
9262,ductal,inDrop4,7.0716023,5.097494
9263,beta,inDrop4,-3.020691,-9.608687
9264,alpha,inDrop4,-4.8750253,7.9240446
9265,beta,inDrop4,-5.854227,-7.32552
9266,beta,inDrop4,-4.545652,-9.121283
9267,ductal,inDrop4,9.4983,3.6596134
9268,endothelial,inDrop4,4.4933314,-6.296155
9269,ductal,inDrop4,7.0844965,5.2697043
9270,alpha,inDrop4,-3.832339,9.038403
9271,ductal,inDrop4,9.100442,6.527627
9272,gamma,inDrop4,-5.2994785,0.14758828
9273,beta,inDrop4,-5.2279816,-8.726201
9274,activated_stellate,inDrop4,4.9646225,-3.3318639
9275,beta,inDrop4,-5.094237,-9.753199
9276,alpha,inDrop4,-3.771352,8.790808
9277,alpha,inDrop4,-4.454063,9.198115
9278,activated_stellate,inDrop4,4.568869,-4.1100636
9279,ductal,inDrop4,8.697539,6.251251
9280,alpha,inDrop4,-4.6634784,7.8249974
9281,beta,inDrop4,-4.055323,-7.974209
9282,beta,inDrop4,-5.5730453,-7.438919
9283,alpha,inDrop4,-1.943841,8.203364
9284,delta,inDrop4,0.3326096,-0.117292546
9285,beta,inDrop4,-3.2216468,-8.237127
9286,ductal,inDrop4,8.673733,4.499678
9287,beta,inDrop4,-5.7576604,-7.4347
9288,beta,inDrop4,-5.5064163,-7.5990796
9289,beta,inDrop4,-3.2594526,-6.066217
9290,beta,inDrop4,-3.2008395,-8.815121
9291,alpha,inDrop4,-2.9597094,7.2495427
9292,beta,inDrop4,-4.8738422,-9.138368
9293,alpha,inDrop4,-4.1432805,8.895137
9294,delta,inDrop4,0.30529684,-0.06377128
9295,gamma,inDrop4,-5.8226514,0.04062821
9296,beta,inDrop4,-5.0225267,-9.420749
9297,beta,inDrop4,-4.0195336,-7.798745
9298,alpha,inDrop4,-4.3032937,8.709399
9299,alpha,inDrop4,-5.2751102,7.286809
9300,delta,inDrop4,1.0734731,-0.7289333
9301,alpha,inDrop4,-4.5319567,9.330935
9302,gamma,inDrop4,-5.4665403,0.1619336
9303,beta,inDrop4,-4.6453457,-8.754508
9304,beta,inDrop4,-4.3068686,-8.3414755
9305,beta,inDrop4,-3.6956446,-10.160106
9306,ductal,inDrop4,8.809184,5.271519
9307,activated_stellate,inDrop4,4.842164,-3.0111287
9308,beta,inDrop4,-5.1219673,-7.0874214
9309,ductal,inDrop4,11.689629,-2.3098485
9310,beta,inDrop4,-5.1653695,-8.693607
9311,beta,inDrop4,-5.329412,-7.411163
9312,beta,inDrop4,-4.9447927,-9.386155
9313,delta,inDrop4,0.85733885,0.7234012
9314,beta,inDrop4,-4.1396103,-8.37886
9315,alpha,inDrop4,-5.2705083,7.27882
9316,beta,inDrop4,-4.5026145,-9.935853
9317,beta,inDrop4,-5.16905,-7.470435
9318,beta,inDrop4,-4.7774158,-6.5986657
9319,beta,inDrop4,-5.2418256,-7.3309617
9320,ductal,inDrop4,8.774959,6.0218945
9321,beta,inDrop4,-2.2825217,-9.186227
9322,beta,inDrop4,-4.4381843,-7.484185
9323,alpha,inDrop4,-3.2850153,8.306485
9324,beta,inDrop4,-3.3815012,-9.1011505
9325,beta,inDrop4,-3.885742,-7.9427195
9326,delta,inDrop4,0.3726924,0.31787744
9327,ductal,inDrop4,8.340363,6.648741
9328,alpha,inDrop4,-3.2364469,7.321114
9329,ductal,inDrop4,8.34478,5.599443
9330,beta,inDrop4,-5.1610622,-7.4799476
9331,alpha,inDrop4,-4.3605123,9.303599
9332,endothelial,inDrop4,4.8920097,-6.649247
9333,beta,inDrop4,-5.4392695,-7.3055086
9334,beta,inDrop4,-3.1422832,-9.28309
9335,alpha,inDrop4,-4.9962015,8.114568
9336,beta,inDrop4,-5.6652164,-7.782861
9337,beta,inDrop4,-3.4975917,-7.1207056
9338,beta,inDrop4,-4.837021,-9.309978
9339,beta,inDrop4,-5.9943285,-7.535523
9340,beta,inDrop4,-5.0325785,-9.946251
9341,beta,inDrop4,-5.210069,-7.325823
9342,alpha,inDrop4,-3.6753244,6.0310435
9343,beta,inDrop4,-4.0187526,-7.7914667
9344,beta,inDrop4,-5.8801117,0.36692992
9345,ductal,inDrop4,8.651907,5.660856
9346,ductal,inDrop4,8.589175,6.178783
9347,activated_stellate,inDrop4,4.850586,-3.0597425
9348,alpha,inDrop4,-5.926845,8.447944
9349,alpha,inDrop4,-5.537277,7.370971
9350,alpha,inDrop4,-3.0208228,7.324129
9351,beta,inDrop4,-5.0755415,-7.143995
9352,beta,inDrop4,-1.8977073,-4.9806585
9353,ductal,inDrop4,8.250682,4.5091715
9354,activated_stellate,inDrop4,4.57784,-4.083501
9355,alpha,inDrop4,-5.7888675,7.850651
9356,gamma,inDrop4,-5.785522,0.5085929
9357,quiescent_stellate,inDrop4,6.1887693,-2.1025164
9358,beta,inDrop4,-5.0054245,-9.044479
9359,ductal,inDrop4,9.162823,3.3796072
9360,delta,inDrop4,0.67935956,-0.7710218
9361,beta,inDrop4,-5.202464,-6.7345486
9362,ductal,inDrop4,11.672298,-1.9554548
9363,beta,inDrop4,-3.6397967,-8.297765
9364,alpha,inDrop4,-5.030204,7.8654675
9365,gamma,inDrop4,-5.4141765,0.40482494
9366,beta,inDrop4,-4.6194115,-8.141398
9367,alpha,inDrop4,-2.9099689,8.179831
9368,beta,inDrop4,-5.780583,-7.3348083
9369,ductal,inDrop4,9.215583,6.5314636
9370,beta,inDrop4,-3.467784,-9.578814
9371,gamma,inDrop4,-6.1502185,0.03472976
9372,beta,inDrop4,-5.5180817,-8.042347
9373,ductal,inDrop4,9.179982,3.2833736
9374,beta,inDrop4,-4.797195,-7.3174057
9375,ductal,inDrop4,7.4319773,5.405934
9376,ductal,inDrop4,12.8202,-3.5789394
9377,gamma,inDrop4,-5.7161283,0.41088554
9378,activated_stellate,inDrop4,4.710683,-3.6260273
9379,alpha,inDrop4,-2.53339,7.7719603
9380,alpha,inDrop4,-5.2529182,6.868892
9381,beta,inDrop4,-4.085602,-8.060813
9382,beta,inDrop4,-5.8376675,-7.5759525
9383,beta,inDrop4,-5.5452495,-7.4262004
9384,alpha,inDrop4,-3.89956,7.131829
9385,beta,inDrop4,-5.067155,-7.5448728
9386,alpha,inDrop4,-5.314575,7.1224427
9387,alpha,inDrop4,-3.290168,5.8948383
9388,alpha,inDrop4,-5.1823473,6.7858067
9389,beta,inDrop4,-5.879136,-7.5945582
9390,alpha,inDrop4,-2.812592,8.730727
9391,gamma,inDrop4,-5.492561,-0.09680943
9392,endothelial,inDrop4,4.737018,-6.5908694
9393,beta,inDrop4,-3.833572,-5.6873693
9394,alpha,inDrop4,-3.547654,6.183333
9395,gamma,inDrop4,-5.694031,0.21237682
9396,beta,inDrop4,-5.3010235,-7.111123
9397,beta,inDrop4,-4.7789607,-8.007661
9398,beta,inDrop4,-4.688831,-7.2274327
9399,ductal,inDrop4,8.362449,6.133357
9400,activated_stellate,inDrop4,4.8392634,-3.8026583
9401,delta,inDrop4,0.15027465,0.21050179
9402,activated_stellate,inDrop4,4.8216133,-2.88633
9403,ductal,inDrop4,9.653935,5.354013
9404,beta,inDrop4,-3.7495148,-7.8187656
9405,alpha,inDrop4,-3.6220965,8.726577
9406,beta,inDrop4,-2.3845751,-8.805809
9407,beta,inDrop4,-4.8751483,-7.4086485
9408,beta,inDrop4,-4.8182592,-7.4086037
9409,beta,inDrop4,-5.830769,0.46269715
9410,beta,inDrop4,-4.1362567,-7.696818
9411,beta,inDrop4,-2.7250593,-8.838869
9412,gamma,inDrop4,-5.609802,0.5002484
9413,activated_stellate,inDrop4,6.4024825,-2.1419375
9414,ductal,inDrop4,8.315513,4.5977354
9415,alpha,inDrop4,-3.2062733,7.954075
9416,beta,inDrop4,-4.6666865,-7.404318
9417,beta,inDrop4,-5.9333496,-7.332241
9418,alpha,inDrop4,-4.1290255,9.229471
9419,beta,inDrop4,-4.094671,-9.037892
9420,beta,inDrop4,-5.5854073,0.11263327
9421,beta,inDrop4,-5.9079823,-7.390319
9422,beta,inDrop4,-5.278436,-8.290036
9423,beta,inDrop4,-4.135604,-8.67934
9424,gamma,inDrop4,-5.6787715,0.21157764
9425,alpha,inDrop4,-4.4002438,7.260208
9426,alpha,inDrop4,-3.6947484,8.244832
9427,ductal,inDrop4,8.995535,6.617996
9428,beta,inDrop4,-4.3165507,-7.9085746
9429,beta,inDrop4,-4.973991,-7.161941
9430,beta,inDrop4,-3.7740114,-7.7542057
9431,beta,inDrop4,-3.3832054,-9.918364
9432,beta,inDrop4,-4.030337,-9.1971035
9433,ductal,inDrop4,8.699658,6.675186
9434,beta,inDrop4,-5.001239,-8.636973
9435,ductal,inDrop4,8.329367,6.607662
9436,beta,inDrop4,-5.326958,-7.3680387
9437,delta,inDrop4,0.99094003,-0.0029969076
9438,beta,inDrop4,-5.024808,-7.1994843
9439,beta,inDrop4,-1.0811867,-8.693945
9440,delta,inDrop4,0.72070056,0.59357625
9441,ductal,inDrop4,8.999805,6.485211
9442,beta,inDrop4,-4.717332,-7.4781575
9443,alpha,inDrop4,-3.0185804,7.0096345
9444,beta,inDrop4,-3.2673852,-7.149763
9445,beta,inDrop4,-5.240252,-8.423694
9446,beta,inDrop4,-3.8876607,-7.8161364
9447,ductal,inDrop4,8.572538,6.0055847
9448,alpha,inDrop4,-3.2681787,7.1173816
9449,beta,inDrop4,-4.027393,-7.8765454
9450,beta,inDrop4,-5.5265846,-7.2320004
9451,ductal,inDrop4,9.547428,3.6259983
9452,alpha,inDrop4,-4.965527,7.728374
9453,beta,inDrop4,-5.246045,-6.7750587
9454,alpha,inDrop4,-2.872453,8.768614
9455,activated_stellate,inDrop4,4.7680306,-3.8329732
9456,activated_stellate,inDrop4,5.0734305,-3.0783
9457,delta,inDrop4,1.2088512,-0.2548743
9458,beta,inDrop4,-2.419687,-7.992429
9459,beta,inDrop4,-2.8763435,-8.510589
9460,beta,inDrop4,-4.875747,-9.2409
9461,ductal,inDrop4,7.1959577,4.6962485
9462,beta,inDrop4,-4.4376726,-6.5848975
9463,ductal,inDrop4,8.932517,5.640867
9464,beta,inDrop4,-4.199813,-9.294997
9465,alpha,inDrop4,-3.8023405,5.2631316
9466,ductal,inDrop4,9.415907,4.9509463
9467,alpha,inDrop4,-5.3893685,7.6383386
9468,gamma,inDrop4,-5.7749505,0.31223905
9469,alpha,inDrop4,-4.5917697,8.967328
9470,beta,inDrop4,-2.1221766,-9.355782
9471,ductal,inDrop4,5.48259,6.4327207
9472,beta,inDrop4,-5.248589,-6.759114
9473,ductal,inDrop4,7.9252954,6.077777
9474,beta,inDrop4,-4.881303,-7.2314825
9475,t_cell,inDrop4,2.856835,3.321095
9476,alpha,inDrop4,-4.4583435,7.94085
9477,gamma,inDrop4,-5.642809,0.39129016
9478,delta,inDrop4,0.6927796,0.5197456
9479,endothelial,inDrop4,4.597531,-6.461862
9480,alpha,inDrop4,-2.852023,7.3495836
9481,alpha,inDrop4,-3.933848,5.265206
9482,gamma,inDrop4,-5.782473,0.3072525
9483,beta,inDrop4,-5.3102756,-8.884856
9484,beta,inDrop4,-5.1403494,-7.0708284
9485,quiescent_stellate,inDrop4,6.3227773,-2.0574303
9486,macrophage,inDrop4,4.359072,1.849867
9487,gamma,inDrop4,-5.8715453,0.071526766
9488,alpha,inDrop4,-3.1549468,8.05771
9489,beta,inDrop4,-4.506856,-7.385031
9490,beta,inDrop4,-1.6697772,-8.062295
9491,ductal,inDrop4,11.39429,-2.5031507
9492,ductal,inDrop4,8.157653,4.597041
9493,beta,inDrop4,-5.873838,-7.5905404
9494,beta,inDrop4,-4.8771796,-8.200439
9495,alpha,inDrop4,-5.939618,8.272146
9496,beta,inDrop4,-5.122947,-9.111098
9497,ductal,inDrop4,8.747521,6.6580267
9498,alpha,inDrop4,-3.632051,8.118763
9499,ductal,inDrop4,8.034717,4.600565
9500,alpha,inDrop4,-4.7570634,7.59426
9501,activated_stellate,inDrop4,4.5291495,-3.4133096
9502,ductal,inDrop4,8.119047,4.547968
9503,ductal,inDrop4,8.702602,6.3977933
9504,beta,inDrop4,-5.7635245,-7.6323814
9505,beta,inDrop4,-4.0557137,-7.7851367
9506,ductal,inDrop4,8.072663,4.6217604
9507,ductal,inDrop4,9.5724125,3.719341
9508,ductal,inDrop4,8.691671,6.48908
9509,ductal,inDrop4,8.705753,6.2917943
9510,beta,inDrop4,-4.039602,-8.0318365
9511,delta,inDrop4,1.5058743,-0.45016828
9512,delta,inDrop4,0.9400852,-0.5790252
9513,beta,inDrop4,-5.6895227,-7.7317085
9514,ductal,inDrop4,11.612509,-2.0129435
9515,ductal,inDrop4,11.350675,-2.2870302
9516,beta,inDrop4,-4.900846,-6.7527075
9517,ductal,inDrop4,11.921414,-2.273944
9518,ductal,inDrop4,0.72747314,-0.6907804
9519,beta,inDrop4,-3.147578,-8.759536
9520,ductal,inDrop4,8.468683,6.608967
9521,beta,inDrop4,-5.3041205,-8.496177
9522,ductal,inDrop4,13.206554,-3.524853
9523,ductal,inDrop4,12.41894,-3.8029296
9524,ductal,inDrop4,11.7450905,-2.486654
9525,beta,inDrop4,-4.6614947,-8.233427
9526,ductal,inDrop4,9.231817,6.454177
9527,delta,inDrop4,0.5053419,-0.22740799
9528,alpha,inDrop4,-5.287702,8.3013935
9529,ductal,inDrop4,12.304737,-2.63604
9530,ductal,inDrop4,11.933463,-2.3210092
9531,ductal,inDrop4,7.9014688,6.047435
9532,activated_stellate,inDrop4,4.7707615,-3.311282
9533,beta,inDrop4,-5.4458303,-7.6345925
9534,beta,inDrop4,-5.255395,-8.489564
9535,delta,inDrop4,0.8035604,-0.40671515
9536,beta,inDrop4,-2.3342736,-8.223938
9537,ductal,inDrop4,11.233816,-2.0898972
9538,beta,inDrop4,-5.3086843,-6.9425764
9539,delta,inDrop4,0.18465081,-0.116541415
9540,ductal,inDrop4,11.331277,-2.2032294
9541,alpha,inDrop4,-5.268558,6.910083
9542,delta,inDrop4,1.1532335,-0.73882014
9543,beta,inDrop4,-4.39338,-8.113854
9544,ductal,inDrop4,11.652037,-1.9627008
9545,delta,inDrop4,0.80682576,-0.6296954
9546,beta,inDrop4,-5.1084275,-8.484649
9547,ductal,inDrop4,12.218549,-1.5953536
9548,delta,inDrop4,0.5377157,0.08517557
9549,beta,inDrop4,-5.1686854,-8.626702
9550,beta,inDrop4,-4.0255704,-9.012047
9551,beta,inDrop4,-4.855897,-6.9597783
9552,ductal,inDrop4,7.0356426,4.417242
9553,ductal,inDrop4,10.901773,-2.5638204
9554,ductal,inDrop4,8.767784,5.2610188
9555,ductal,inDrop4,8.425525,5.165179
9556,delta,inDrop4,0.73669505,0.32855207
9557,alpha,inDrop4,-4.4200277,8.250098
9558,ductal,inDrop4,11.735306,-1.9969065
9559,delta,inDrop4,0.45723775,-0.3184414
9560,beta,inDrop4,-2.975208,-8.285241
9561,beta,inDrop4,-4.944075,-7.752659
9562,delta,inDrop4,1.1697701,-0.33350396
9563,ductal,inDrop4,8.272756,4.8345003
9564,ductal,inDrop4,7.696373,5.6539927
9565,delta,inDrop4,0.08377713,0.2380178
9566,ductal,inDrop4,11.899457,-1.6998619
9567,delta,inDrop4,0.5307531,-0.1651171
9568,activated_stellate,inDrop4,4.888496,-3.2099762
9569,alpha,inDrop4,-5.886283,8.382965
9570,beta,inDrop4,-5.2010875,-8.342113
9571,ductal,inDrop4,8.489784,6.6602283
9572,ductal,inDrop4,11.8487015,-2.1209981
9573,macrophage,inDrop4,4.368149,1.8414692
9574,beta,inDrop4,-5.1028295,-9.143918
9575,beta,inDrop4,-5.6681275,-7.322845
9576,beta,inDrop4,-4.9142013,-8.183803
9577,beta,inDrop4,-4.7045026,-8.265109
9578,ductal,inDrop4,8.201081,5.2529974
9579,delta,inDrop4,0.73225737,-0.16345029
9580,ductal,inDrop4,11.941029,-1.8206116
9581,activated_stellate,inDrop4,5.0348244,-3.464261
9582,alpha,inDrop4,-5.580556,8.498427
9583,delta,inDrop4,0.44583628,-0.19498108
9584,ductal,inDrop4,12.293123,-2.5146832
9585,ductal,inDrop4,13.003951,-1.9868405
9586,beta,inDrop4,-4.9920697,-9.791683
9587,beta,inDrop4,-3.632286,-7.662957
9588,ductal,inDrop4,11.467812,-2.4070146
9589,delta,inDrop4,0.8237457,-0.5872855
9590,beta,inDrop4,-2.0198789,-8.6137
9591,alpha,inDrop4,-5.327589,7.535594
9592,delta,inDrop4,0.5272172,-0.39659187
9593,gamma,inDrop4,-5.831724,0.3724648
9594,beta,inDrop4,-3.634877,-8.717459
9595,ductal,inDrop4,7.466197,4.6497636
9596,alpha,inDrop4,-5.3027163,7.6463118
9597,alpha,inDrop4,-3.6442852,7.646571
9598,beta,inDrop4,-4.6840496,-7.335242
9599,activated_stellate,inDrop4,4.7360044,-3.4134924
9600,beta,inDrop4,-3.87447,-8.321793
9601,beta,inDrop4,-3.7221863,-7.8102264
9602,delta,inDrop4,1.383086,-0.35461685
9603,beta,inDrop4,-5.4895205,-7.667147
9604,alpha,inDrop4,-5.5101175,7.582998
9605,ductal,inDrop4,8.78718,6.6724076
9606,beta,inDrop4,-1.3247719,-8.870427
9607,alpha,inDrop4,-4.4971266,7.133958
9608,beta,inDrop4,-4.979497,-8.848511
9609,ductal,inDrop4,9.342991,5.3678565
9610,beta,inDrop4,-1.3979914,-6.470815
9611,alpha,inDrop4,-4.8855743,7.0396647
9612,beta,inDrop4,-4.43339,-8.527157
9613,ductal,inDrop4,11.342349,-2.2299082
9614,beta,inDrop4,-4.660214,-7.76512
9615,ductal,inDrop4,8.651311,6.395435
9616,delta,inDrop4,1.1201968,-0.6183179
9617,beta,inDrop4,-5.6829815,-7.834375
9618,alpha,inDrop4,-2.0098875,8.266597
9619,delta,inDrop4,0.6349521,-0.6947766
9620,delta,inDrop4,0.3758974,-0.20711926
9621,beta,inDrop4,-4.930063,-7.79834
9622,ductal,inDrop4,8.764046,4.9633017
9623,alpha,inDrop4,-4.9773517,6.8362393
9624,delta,inDrop4,1.2123315,-0.71391356
9625,beta,inDrop4,-4.093602,-10.133398
9626,beta,inDrop4,-5.251111,-6.7632675
9627,alpha,inDrop4,-2.54735,7.772797
9628,quiescent_stellate,inDrop4,6.4047093,-2.1273146
9629,alpha,inDrop4,-4.9070807,7.656248
9630,beta,inDrop4,-2.4647207,-9.23521
9631,activated_stellate,inDrop4,4.79877,-3.5103698
9632,ductal,inDrop4,8.966641,6.4247565
9633,alpha,inDrop4,-4.086235,8.932695
9634,ductal,inDrop4,11.668213,-2.282249
9635,beta,inDrop4,-5.258688,-6.745532
9636,alpha,inDrop4,-3.4445653,7.1179495
9637,alpha,inDrop4,-4.149396,9.3802595
9638,ductal,inDrop4,8.251327,4.776625
9639,ductal,inDrop4,8.183297,5.566669
9640,ductal,inDrop4,11.735808,-2.1001058
9641,alpha,inDrop4,-3.820487,7.80444
9642,alpha,inDrop4,-4.323232,9.033486
9643,alpha,inDrop4,-4.791933,9.064911
9644,beta,inDrop4,-4.824062,-9.037845
9645,beta,inDrop4,10.837876,-2.519625
9646,delta,inDrop4,0.14028966,0.02995154
9647,ductal,inDrop4,9.599555,4.9022403
9648,beta,inDrop4,-5.9043283,-7.7111154
9649,beta,inDrop4,-4.3851905,-9.449268
9650,ductal,inDrop4,8.662843,6.347396
9651,beta,inDrop4,-5.317499,-8.488964
9652,beta,inDrop4,-5.21323,-7.6142526
9653,ductal,inDrop4,7.351194,5.440937
9654,gamma,inDrop4,-5.6617866,0.26845944
9655,ductal,inDrop4,8.771709,6.404732
9656,alpha,inDrop4,-3.6198397,6.572909
9657,delta,inDrop4,1.1656948,-0.7166348
9658,beta,inDrop4,-5.130031,-8.877181
9659,beta,inDrop4,-3.3895423,-8.32152
9660,beta,inDrop4,-4.905664,-10.103733
9661,beta,inDrop4,-5.05957,-7.2859836
9662,alpha,inDrop4,-2.7941105,8.397677
9663,delta,inDrop4,0.33442846,0.1251591
9664,beta,inDrop4,-5.259139,-7.704044
9665,beta,inDrop4,-3.794792,-9.959496
9666,beta,inDrop4,-5.13734,-7.4033804
9667,ductal,inDrop4,11.643296,-2.274006
9668,ductal,inDrop4,8.568609,6.6610775
9669,ductal,inDrop4,12.336439,-2.944695
9670,delta,inDrop4,0.8498175,0.11491868
9671,beta,inDrop4,-3.5621796,8.152243
9672,alpha,inDrop4,-5.7531505,7.7550287
9673,alpha,inDrop4,-6.0463915,7.5166793
9674,delta,inDrop4,0.5141882,-0.18635403
9675,ductal,inDrop4,7.5931506,5.4627
9676,ductal,inDrop4,8.636661,6.228483
9677,beta,inDrop4,-5.8366027,-7.3190165
9678,beta,inDrop4,-4.573441,-8.362401
9679,alpha,inDrop4,-3.021776,7.3795466
9680,gamma,inDrop4,-5.8042235,0.1282648
9681,beta,inDrop4,-5.309347,-7.157983
9682,alpha,inDrop4,-4.5694838,8.497594
9683,delta,inDrop4,1.1512463,-0.6078256
9684,alpha,inDrop4,-5.720521,7.8898554
9685,beta,inDrop4,-4.4088764,-8.517388
9686,delta,inDrop4,0.15488274,0.13402677
9687,ductal,inDrop4,13.1955595,-3.7193072
9688,ductal,inDrop4,8.506584,4.3019824
9689,beta,inDrop4,-3.6058204,-7.9239745
9690,ductal,inDrop4,7.1452737,4.9745917
9691,beta,inDrop4,-5.1545453,-7.7331
9692,alpha,inDrop4,-5.7634106,7.813505
9693,alpha,inDrop4,-4.662353,8.994615
9694,ductal,inDrop4,8.94089,6.50679
9695,beta,inDrop4,-5.442078,-7.2422643
9696,gamma,inDrop4,-5.724546,0.421548
9697,alpha,inDrop4,-1.9694409,8.159863
9698,beta,inDrop4,-3.6244469,-7.5060925
9699,delta,inDrop4,1.5444082,0.03700967
9700,ductal,inDrop4,7.928379,4.035303
9701,beta,inDrop4,-5.3798003,-8.481968
9702,alpha,inDrop4,-3.6522722,8.8684435
9703,ductal,inDrop4,8.329662,6.5959024
9704,alpha,inDrop4,-4.5297656,9.287038
9705,gamma,inDrop4,-5.463182,-0.15500563
9706,beta,inDrop4,-2.40382,-8.9775
9707,beta,inDrop4,-5.6406116,-7.4598184
9708,beta,inDrop4,-3.6806674,-8.350389
9709,ductal,inDrop4,9.257081,6.106089
9710,ductal,inDrop4,8.946203,6.6458406
9711,beta,inDrop4,-4.1575933,-7.989136
9712,gamma,inDrop4,-5.7589664,0.41242287
9713,ductal,inDrop4,8.330116,4.223762
9714,alpha,inDrop4,-2.4288578,7.138729
9715,activated_stellate,inDrop4,4.758271,-3.3914502
9716,ductal,inDrop4,8.357122,5.9955645
9717,gamma,inDrop4,-5.4027786,0.4263886
9718,ductal,inDrop4,11.288277,-2.4365706
9719,alpha,inDrop4,-2.7589774,8.179594
9720,activated_stellate,inDrop4,4.8930936,-3.0555086
9721,alpha,inDrop4,-2.8760934,5.9472904
9722,beta,inDrop4,-5.1592164,-8.235323
9723,beta,inDrop4,-2.1275806,-6.7529607
9724,macrophage,inDrop4,4.36848,1.8394732
9725,ductal,inDrop4,11.533606,-3.46201
9726,alpha,inDrop4,-3.5068116,7.250726
9727,delta,inDrop4,1.420505,0.1924493
9728,beta,inDrop4,0.4784151,-0.34812805
9729,ductal,inDrop4,8.634856,6.266594
9730,ductal,inDrop4,11.848783,-1.9782016
9731,ductal,inDrop4,8.93969,6.6567206
9732,beta,inDrop4,-4.751254,-9.142274
9733,delta,inDrop4,1.5057604,-0.42792475
9734,beta,inDrop4,-3.849098,-7.5481877
9735,alpha,inDrop4,-5.5808735,7.974546
9736,ductal,inDrop4,8.607893,6.6291466
9737,beta,inDrop4,-5.9835224,-7.378864
9738,ductal,inDrop4,7.4742093,3.7662601
9739,activated_stellate,inDrop4,4.6705537,-3.60664
9740,alpha,inDrop4,-5.0836186,8.424027
9741,beta,inDrop4,-5.53525,-8.198635
9742,delta,inDrop4,1.0670263,-0.6831369
9743,beta,inDrop4,-3.5535965,-10.201767
9744,beta,inDrop4,-3.0013933,-7.238258
9745,delta,inDrop4,1.1091247,-0.030236535
9746,beta,inDrop4,-5.111362,-9.741807
9747,alpha,inDrop4,-2.4302316,8.1650505
9748,alpha,inDrop4,-3.26488,7.394422
9749,alpha,inDrop4,-5.091734,6.7892933
9750,ductal,inDrop4,8.440905,5.502179
9751,alpha,inDrop4,-4.0692353,7.5746827
9752,alpha,inDrop4,-5.0454054,6.7927594
9753,beta,inDrop4,-4.91536,-7.2852945
9754,ductal,inDrop4,13.18174,-3.6960588
9755,ductal,inDrop4,8.228367,6.562272
9756,ductal,inDrop4,13.029818,-2.026649
9757,alpha,inDrop4,-2.6851504,8.093047
9758,beta,inDrop4,-1.785077,7.3069606
9759,delta,inDrop4,1.2856532,-0.47408605
9760,beta,inDrop4,-5.5298576,-7.3609643
9761,ductal,inDrop4,8.61764,4.8049603
9762,beta,inDrop4,-1.9736621,-9.210715
9763,ductal,inDrop4,8.731999,5.376766
9764,beta,inDrop4,-5.7005153,-7.7886014
9765,alpha,inDrop4,-5.18223,8.267102
9766,beta,inDrop4,-3.4554558,-9.591453
9767,beta,inDrop4,-3.7973742,-8.052261
9768,ductal,inDrop4,8.316085,6.545163
9769,activated_stellate,inDrop4,4.667927,-3.507837
9770,ductal,inDrop4,8.33402,6.5917115
9771,beta,inDrop4,-5.1384454,-9.648585
9772,ductal,inDrop4,7.1542883,5.4524126
9773,activated_stellate,inDrop4,4.721487,-3.8763828
9774,ductal,inDrop4,8.161095,4.458275
9775,beta,inDrop4,-2.314835,-8.811863
9776,beta,inDrop4,-5.1356006,-8.434525
9777,beta,inDrop4,-5.7126975,-7.343683
9778,delta,inDrop4,0.66839343,-0.74731344
9779,alpha,inDrop4,-2.808009,8.27807
9780,delta,inDrop4,1.4406675,0.3907848
9781,alpha,inDrop4,-4.658811,8.395874
9782,ductal,inDrop4,8.601222,6.463843
9783,gamma,inDrop4,-5.3730683,0.41555962
9784,gamma,inDrop4,-5.5883975,0.5135918
9785,alpha,inDrop4,-4.835414,7.2741723
9786,ductal,inDrop4,12.9432955,-2.120321
9787,beta,inDrop4,-4.9871078,-6.727338
9788,alpha,inDrop4,-5.7053657,7.764146
9789,alpha,inDrop4,-3.7069774,7.722983
9790,alpha,inDrop4,-4.15442,7.360492
9791,ductal,inDrop4,8.669155,3.7280858
9792,ductal,inDrop4,9.448767,5.063223
9793,beta,inDrop4,-4.7215543,-8.067759
9794,beta,inDrop4,-5.3820577,-8.400373
9795,ductal,inDrop4,7.0852447,5.449632
9796,activated_stellate,inDrop4,4.7671247,-3.237701
9797,beta,inDrop4,-5.8086805,-7.3649063
9798,ductal,inDrop4,8.507002,6.5743804
9799,ductal,inDrop4,8.594783,5.983331
9800,ductal,inDrop4,8.31046,6.5326705
9801,acinar,inDrop4,11.91602,-2.5184512
9802,ductal,inDrop4,8.604645,6.692989
9803,gamma,inDrop4,-5.600096,0.2045769
9804,alpha,inDrop4,-3.5425403,8.708437
9805,ductal,inDrop4,9.360239,5.738176
9806,beta,inDrop4,-5.878506,-7.3464227
9807,ductal,inDrop4,8.8235035,5.821516
9808,gamma,inDrop4,-5.5001307,0.436811
9809,beta,inDrop4,-3.7540753,-7.328685
9810,beta,inDrop4,-2.3592308,-9.385228
9811,beta,inDrop4,-4.979911,-9.000862
9812,delta,inDrop4,1.0297618,-0.25935844
9813,alpha,inDrop4,-1.9056113,8.16876
9814,beta,inDrop4,-4.9091344,-9.124781
9815,beta,inDrop4,-5.144527,-9.227584
9816,beta,inDrop4,-3.9927664,-7.868209
9817,activated_stellate,inDrop4,4.8975654,-3.5253093
9818,ductal,inDrop4,9.395351,5.476164
9819,beta,inDrop4,-4.974962,-8.567484
9820,ductal,inDrop4,8.720743,6.6181445
9821,beta,inDrop4,-4.499366,-9.594955
9822,beta,inDrop4,-4.049139,-8.409467
9823,gamma,inDrop4,-5.356591,0.36878663
9824,beta,inDrop4,-3.503321,-9.77675
9825,gamma,inDrop4,-5.6830163,0.0980761
9826,ductal,inDrop4,7.6612277,5.0226974
9827,ductal,inDrop4,8.240669,6.6005993
9828,beta,inDrop4,-5.951623,-7.4415092
9829,beta,inDrop4,-5.2910867,-7.731766
9830,alpha,inDrop4,-5.2004166,6.753563
9831,delta,inDrop4,0.116513565,0.36371693
9832,beta,inDrop4,-4.8515635,-9.212239
9833,alpha,inDrop4,-4.5316358,7.183523
9834,ductal,inDrop4,7.7102385,5.536264
9835,delta,inDrop4,1.4813048,-0.61704177
9836,alpha,inDrop4,-5.0182505,8.2167635
9837,ductal,inDrop4,7.3543625,4.7470527
9838,alpha,inDrop4,-5.079925,7.1964746
9839,ductal,inDrop4,8.853882,6.387602
9840,delta,inDrop4,0.5505659,-0.40418607
9841,alpha,inDrop4,-5.9879527,7.202705
9842,alpha,inDrop4,-4.669069,8.199049
9843,beta,inDrop4,-5.5449495,-7.064028
9844,ductal,inDrop4,13.146429,-3.7195475
9845,ductal,inDrop4,12.518994,-3.7239115
9846,ductal,inDrop4,8.873306,3.6251898
9847,beta,inDrop4,-4.963587,-7.8604217
9848,ductal,inDrop4,7.204381,5.546856
9849,alpha,inDrop4,-1.8003162,7.7812805
9850,beta,inDrop4,-5.0089498,-9.055927
9851,ductal,inDrop4,9.084429,5.642212
9852,alpha,inDrop4,-3.5674489,8.274393
9853,beta,inDrop4,-1.9144653,-4.946308
9854,gamma,inDrop4,-5.8021765,0.36526945
9855,delta,inDrop4,0.72699755,0.0866044
9856,alpha,inDrop4,-3.3828123,6.495629
9857,ductal,inDrop4,7.202058,4.754366
9858,gamma,inDrop4,-5.708265,0.45336154
9859,ductal,inDrop4,9.468724,5.075247
9860,beta,inDrop4,-5.025561,-9.078598
9861,beta,inDrop4,-3.7788453,-6.7903814
9862,beta,inDrop4,-4.0305853,-7.7872252
9863,ductal,inDrop4,12.231642,-3.190088
9864,alpha,inDrop4,-3.412496,7.2174964
9865,beta,inDrop4,-5.1202006,-9.633963
9866,beta,inDrop4,-4.525851,-8.566479
9867,beta,inDrop4,-3.980339,-7.3347435
9868,alpha,inDrop4,-3.4921265,7.281031
9869,alpha,inDrop4,-1.9200875,8.133186
9870,beta,inDrop4,-4.629476,-7.6280804
9871,alpha,inDrop4,-4.8719177,7.058567
9872,alpha,inDrop4,-4.230614,7.9338055
9873,beta,inDrop4,-3.3159585,-9.569155
9874,beta,inDrop4,-4.7522407,7.8429995
9875,alpha,inDrop4,-3.9959316,8.274774
9876,beta,inDrop4,-5.1746993,-6.8675966
9877,beta,inDrop4,-1.4704651,-6.4229836
9878,alpha,inDrop4,-2.49361,7.8378344
9879,beta,inDrop4,-4.81986,-8.525651
9880,alpha,inDrop4,-2.2073522,8.363057
9881,delta,inDrop4,0.51042634,0.16359524
9882,beta,inDrop4,-3.696637,-10.133595
9883,beta,inDrop4,-5.248111,-7.735545
9884,alpha,inDrop4,-5.117468,7.518251
9885,activated_stellate,inDrop4,4.860398,-2.7933455
9886,beta,inDrop4,-5.241541,-8.608656
9887,gamma,inDrop4,-5.5563364,0.46467164
9888,alpha,inDrop4,-5.4074636,7.714559
9889,beta,inDrop4,-4.171533,-8.356442
9890,beta,inDrop4,-3.9475234,-7.699405
9891,alpha,inDrop4,-5.604959,9.016128
9892,alpha,inDrop4,-1.892825,8.191865
9893,activated_stellate,inDrop4,4.7952533,-3.8268008
9894,activated_stellate,inDrop4,4.909347,-3.49349
9895,alpha,inDrop4,-5.309796,7.2266207
9896,beta,inDrop4,-5.0284925,-8.57783
9897,alpha,inDrop4,-5.9127483,7.667937
9898,ductal,inDrop4,9.604751,5.041373
9899,ductal,inDrop4,8.644984,5.4168053
9900,beta,inDrop4,-4.3179293,-8.556541
9901,beta,inDrop4,-5.0136766,-9.352712
9902,gamma,inDrop4,-5.5502114,0.3822968
9903,gamma,inDrop4,-5.6914244,0.3349048
9904,beta,inDrop4,-4.7088423,-8.092177
9905,activated_stellate,inDrop4,5.0726275,-3.1865695
9906,ductal,inDrop4,8.996936,5.108325
9907,beta,inDrop4,-4.9920125,-9.005693
9908,alpha,inDrop4,-4.798418,8.185893
9909,ductal,inDrop4,8.868268,5.4882684
9910,alpha,inDrop4,-5.8823285,8.591941
9911,beta,inDrop4,-4.955146,-7.6857843
9912,beta,inDrop4,-5.663713,-7.2414837
9913,alpha,inDrop4,-2.5387444,7.759209
9914,ductal,inDrop4,13.028424,-3.730291
9915,beta,inDrop4,-5.24757,-6.760825
9916,alpha,inDrop4,-5.148097,7.671839
9917,alpha,inDrop4,-4.173665,5.762023
9918,gamma,inDrop4,-5.8499584,0.43813044
9919,delta,inDrop4,0.12003934,-0.0004002808
9920,alpha,inDrop4,-5.43791,7.3711457
9921,beta,inDrop4,-5.2206135,-8.9694
9922,ductal,inDrop4,8.517079,4.585241
9923,beta,inDrop4,-5.806434,8.70484
9924,beta,inDrop4,-5.5368485,-7.534031
9925,ductal,inDrop4,7.3501186,4.7265835
9926,beta,inDrop4,-5.3455334,-8.274802
9927,ductal,inDrop4,8.153806,6.193996
9928,beta,inDrop4,-5.5006647,-7.4092956
9929,beta,inDrop4,-5.7033553,-7.85894
9930,ductal,inDrop4,8.79693,5.46089
9931,alpha,inDrop4,-4.09075,9.190104
9932,ductal,inDrop4,8.209431,6.5184493
9933,ductal,inDrop4,11.499757,-3.6390412
9934,gamma,inDrop4,-5.1959124,-0.19387317
9935,alpha,inDrop4,-4.175006,9.060817
9936,endothelial,inDrop4,4.4294224,-6.706187
9937,ductal,inDrop4,8.349224,6.5004663
9938,beta,inDrop4,-4.9420404,-7.525676
9939,gamma,inDrop4,-5.791995,0.43789718
9940,beta,inDrop4,-4.8384285,-7.2984056
9941,ductal,inDrop4,8.638073,6.4091377
9942,alpha,inDrop4,-2.723935,7.739342
9943,ductal,inDrop4,11.242022,-3.2035666
9944,activated_stellate,inDrop4,4.6026354,-3.0752356
9945,gamma,inDrop4,-5.545257,0.18004577
9946,beta,inDrop4,-3.8474555,-7.597482
9947,alpha,inDrop4,-3.6783214,7.9236727
9948,ductal,inDrop4,8.6653385,6.570183
9949,beta,inDrop4,-5.7891994,-7.6493473
9950,ductal,inDrop4,8.782442,6.613773
9951,activated_stellate,inDrop4,4.9393697,-3.3106954
9952,gamma,inDrop4,-5.767642,0.4707976
9953,ductal,inDrop4,11.273661,-2.2270474
9954,alpha,inDrop4,-4.796674,8.987839
9955,beta,inDrop4,-4.3339434,-8.376302
9956,beta,inDrop4,-3.3356729,-9.213456
9957,ductal,inDrop4,11.323776,-2.4106276
9958,beta,inDrop4,-3.5257437,-8.114647
9959,beta,inDrop4,-5.067091,-6.845361
9960,delta,inDrop4,0.9382625,-0.37993598
9961,gamma,inDrop4,-5.643992,0.30653387
9962,ductal,inDrop4,8.590417,5.881194
9963,beta,inDrop4,-2.9913104,-5.9620113
9964,beta,inDrop4,-4.6150384,-9.973659
9965,beta,inDrop4,-4.4951096,-8.2408
9966,beta,inDrop4,-5.092582,-8.967841
9967,beta,inDrop4,-2.3155653,-6.7347775
9968,activated_stellate,inDrop4,4.8472333,-2.7786188
9969,beta,inDrop4,-5.948695,-7.3536553
9970,alpha,inDrop4,-4.876691,7.647589
9971,ductal,inDrop4,8.310538,6.5805764
9972,beta,inDrop4,-5.647406,-7.4697223
9973,gamma,inDrop4,-5.5830317,0.3133307
9974,ductal,inDrop4,7.12771,5.452996
9975,beta,inDrop4,-5.824797,-7.3172417
9976,beta,inDrop4,-3.7646773,-7.525515
9977,alpha,inDrop4,-5.7594643,7.924078
9978,activated_stellate,inDrop4,5.050383,-3.2576656
9979,beta,inDrop4,-5.47862,-7.4671845
9980,alpha,inDrop4,-5.900329,8.416602
9981,beta,inDrop4,-4.6007223,-9.618386
9982,beta,inDrop4,-4.979347,-9.995323
9983,alpha,inDrop4,-5.028405,8.734511
9984,ductal,inDrop4,9.070989,5.7490544
9985,beta,inDrop4,-5.185586,-9.152894
9986,alpha,inDrop4,-5.1014495,6.985505
9987,beta,inDrop4,-5.0988903,-9.082457
9988,ductal,inDrop4,8.764972,5.6986876
9989,beta,inDrop4,-5.1681705,-9.146601
9990,delta,inDrop4,1.6030875,0.47688136
9991,alpha,inDrop4,-1.8975962,8.181488
9992,beta,inDrop4,-5.362722,-8.794077
9993,alpha,inDrop4,-5.626658,7.6626062
9994,alpha,inDrop4,-5.106889,7.0007243
9995,ductal,inDrop4,8.589874,5.364248
9996,beta,inDrop4,-5.219628,-8.044726
9997,alpha,inDrop4,-3.3744683,8.084262
9998,beta,inDrop4,-5.0918503,-9.299482
9999,beta,inDrop4,-5.0928774,-7.5575237
10000,beta,inDrop4,-4.901605,-9.04387
10001,beta,inDrop4,-3.9386885,-9.348531
10002,beta,inDrop4,-5.019133,-9.293105
10003,beta,inDrop4,-5.4327765,-6.9953723
10004,alpha,inDrop4,-5.2158585,6.8986845
10005,ductal,inDrop4,8.096315,4.5016694
10006,endothelial,inDrop4,4.8227005,-6.6281877
10007,alpha,inDrop4,-4.347614,7.5941477
10008,delta,inDrop4,1.6225495,-0.17307656
10009,beta,inDrop4,-4.8209486,-9.383113
10010,alpha,inDrop4,-3.4613662,7.838901
10011,beta,inDrop4,-5.6122637,-7.2135487
10012,beta,inDrop4,-5.935217,-7.438197
10013,alpha,inDrop4,-3.8273828,6.847721
10014,beta,inDrop4,-5.275328,-7.504022
10015,beta,inDrop4,-4.733128,-7.4502287
10016,ductal,inDrop4,11.926614,-2.8418431
10017,beta,inDrop4,-4.967431,-6.6682377
10018,alpha,inDrop4,-4.093376,7.853906
10019,ductal,inDrop4,8.643452,6.677774
10020,beta,inDrop4,-4.9922814,-7.463601
10021,beta,inDrop4,-2.1361625,-5.145224
10022,gamma,inDrop4,-5.6252747,0.360538
10023,beta,inDrop4,-5.43122,-7.656659
10024,beta,inDrop4,-5.196008,-9.165432
10025,ductal,inDrop4,9.582721,4.8408494
10026,ductal,inDrop4,7.628958,3.732596
10027,beta,inDrop4,-4.814003,-9.07949
10028,beta,inDrop4,-4.503591,-8.327056
10029,alpha,inDrop4,-4.60529,9.294994
10030,alpha,inDrop4,-2.1122026,7.9454875
10031,alpha,inDrop4,-4.7265854,6.76802
10032,alpha,inDrop4,-2.8250766,7.542711
10033,activated_stellate,inDrop4,4.878911,-3.259538
10034,alpha,inDrop4,-2.3227866,7.7705693
10035,alpha,inDrop4,-1.9070767,8.155768
10036,alpha,inDrop4,-4.63896,9.162687
10037,alpha,inDrop4,-1.4352517,6.3638277
10038,gamma,inDrop4,-5.271058,-0.10125434
10039,ductal,inDrop4,8.782032,6.455526
10040,alpha,inDrop4,-5.508485,9.033868
10041,alpha,inDrop4,-5.5441,7.384081
10042,beta,inDrop4,-5.78263,-7.390419
10043,beta,inDrop4,-5.568568,-7.2299886
10044,beta,inDrop4,-4.4958963,-9.438176
10045,ductal,inDrop4,7.0396857,5.4593477
10046,alpha,inDrop4,-5.400704,8.201257
10047,alpha,inDrop4,-2.5861268,8.543727
10048,beta,inDrop4,-5.4984717,-7.3047585
10049,alpha,inDrop4,-5.390711,7.0883365
10050,alpha,inDrop4,-2.9844387,7.4593196
10051,beta,inDrop4,-5.858844,-7.5149317
10052,beta,inDrop4,-5.6975684,-7.698544
10053,delta,inDrop4,1.3965887,-0.16457099
10054,ductal,inDrop4,8.616338,6.6641407
10055,alpha,inDrop4,-2.1569426,8.123544
10056,beta,inDrop4,-2.4280431,-9.236809
10057,beta,inDrop4,-4.156791,-9.293366
10058,ductal,inDrop4,9.206965,3.3791008
10059,beta,inDrop4,-5.6781363,-7.646835
10060,beta,inDrop4,-4.7275977,-9.278223
10061,beta,inDrop4,-3.7102838,-10.129712
10062,beta,inDrop4,0.34031668,-0.10132193
10063,beta,inDrop4,-5.1980624,-8.269305
10064,beta,inDrop4,-5.066856,-8.534344
10065,ductal,inDrop4,8.32448,6.5456543
10066,beta,inDrop4,-4.065849,-8.111841
10067,alpha,inDrop4,-6.1063013,7.388336
10068,alpha,inDrop4,-2.4093516,8.002926
10069,alpha,inDrop4,-4.1398196,9.694355
10070,alpha,inDrop4,-4.7591157,8.65673
10071,beta,inDrop4,-5.2097406,-7.9616137
10072,alpha,inDrop4,-4.0246816,8.779127
10073,beta,inDrop4,-4.998026,-9.260439
10074,alpha,inDrop4,-5.5834856,7.7215796
10075,gamma,inDrop4,-5.79932,0.4660854
10076,beta,inDrop4,-2.8349435,-9.199386
10077,gamma,inDrop4,-5.523732,0.21514586
10078,beta,inDrop4,-5.052254,-7.2377114
10079,gamma,inDrop4,-5.27063,-0.17024322
10080,beta,inDrop4,-4.5067163,-8.909218
10081,beta,inDrop4,-3.6886086,-10.104171
10082,alpha,inDrop4,-5.4980845,7.5244045
10083,macrophage,inDrop4,4.355737,1.8534192
10084,ductal,inDrop4,11.346447,-3.2125182
10085,beta,inDrop4,-4.9353247,-7.5928116
10086,alpha,inDrop4,-3.762638,9.281464
10087,alpha,inDrop4,-4.7473764,8.251005
10088,beta,inDrop4,-5.2319117,-8.109648
10089,beta,inDrop4,-3.209739,-5.946671
10090,delta,inDrop4,0.4607634,0.07226042
10091,beta,inDrop4,-5.1364655,-9.10837
10092,beta,inDrop4,-5.1768646,-9.265272
10093,beta,inDrop4,-3.3214438,-9.151751
10094,beta,inDrop4,-4.984307,-8.551591
10095,alpha,inDrop4,-4.066021,7.8920274
10096,ductal,inDrop4,9.588266,5.519125
10097,alpha,inDrop4,-4.194831,8.342849
10098,alpha,inDrop4,-4.394231,8.041782
10099,activated_stellate,inDrop4,4.807247,-3.0366862
10100,gamma,inDrop4,-5.299614,0.24402137
10101,beta,inDrop4,-4.456604,-9.307058
10102,beta,inDrop4,-4.8337016,-7.0726395
10103,ductal,inDrop4,9.570442,5.1800833
10104,ductal,inDrop4,11.3424635,-2.1359565
10105,alpha,inDrop4,-1.8661771,8.197932
10106,beta,inDrop4,-4.234555,-7.7358294
10107,alpha,inDrop4,-3.551681,8.744983
10108,delta,inDrop4,-5.5230865,9.244941
10109,activated_stellate,inDrop4,4.90186,-3.2103653
10110,beta,inDrop4,-4.238212,-9.964976
10111,ductal,inDrop4,8.138121,4.1603847
10112,alpha,inDrop4,-3.5372775,9.457934
10113,endothelial,inDrop4,4.4372425,-6.625354
10114,beta,inDrop4,-2.744385,-5.5573072
10115,beta,inDrop4,-5.5940294,-7.2947145
10116,ductal,inDrop4,13.035418,-2.4375548
10117,alpha,inDrop4,-2.88473,7.55015
10118,beta,inDrop4,-1.6694181,-7.700787
10119,beta,inDrop4,-3.92673,-7.6532164
10120,ductal,inDrop4,12.814546,-2.8625832
10121,beta,inDrop4,-2.0501976,-8.3941765
10122,ductal,inDrop4,8.909255,5.3748465
10123,alpha,inDrop4,-5.9608264,7.4283752
10124,alpha,inDrop4,-4.682867,8.521649
10125,alpha,inDrop4,-2.7337134,6.9315886
10126,gamma,inDrop4,-5.5314007,0.3822453
10127,beta,inDrop4,-5.931322,-7.41668
10128,beta,inDrop4,-4.8718443,-9.089579
10129,alpha,inDrop4,-2.4695892,7.7993608
10130,beta,inDrop4,-5.250285,-6.733906
10131,gamma,inDrop4,-5.5090837,0.2519611
10132,beta,inDrop4,-5.099551,-8.388912
10133,beta,inDrop4,-3.23792,-6.9265213
10134,beta,inDrop4,-4.63576,-7.9363813
10135,beta,inDrop4,-4.061169,-7.907598
10136,beta,inDrop4,-4.4614472,-9.635512
10137,ductal,inDrop4,8.689152,4.547984
10138,alpha,inDrop4,-5.8669424,8.499297
10139,beta,inDrop4,-5.039891,-6.968302
10140,beta,inDrop4,-4.7032876,-8.905358
10141,beta,inDrop4,-3.4842138,-8.077902
10142,beta,inDrop4,-4.475942,-7.1488028
10143,beta,inDrop4,-5.1482954,-6.9130454
10144,alpha,inDrop4,-2.604713,6.3992386
10145,beta,inDrop4,-5.2822404,-8.363979
10146,gamma,inDrop4,-6.0458865,0.27753216
10147,beta,inDrop4,-2.953174,-4.279351
10148,ductal,inDrop4,12.662351,-3.776543
10149,alpha,inDrop4,-2.8251054,8.7400675
10150,alpha,inDrop4,-5.110695,7.784327
10151,ductal,inDrop4,6.7972074,4.9843764
10152,gamma,inDrop4,-5.4768934,0.5467568
10153,activated_stellate,inDrop4,4.762869,-3.6628432
10154,alpha,inDrop4,-3.670284,6.296015
10155,alpha,inDrop4,-2.284951,8.057698
10156,alpha,inDrop4,-5.2206154,7.296162
10157,alpha,inDrop4,-4.320255,7.9490395
10158,alpha,inDrop4,-4.372113,7.9932866
10159,ductal,inDrop4,8.464979,6.6821604
10160,beta,inDrop4,-4.6081448,-6.85395
10161,alpha,inDrop4,-4.296918,8.620624
10162,beta,inDrop4,-3.9487574,-7.777834
10163,activated_stellate,inDrop4,4.757697,-3.6304874
10164,delta,inDrop4,1.6538733,-0.4730713
10165,ductal,inDrop4,8.69421,3.8124068
10166,beta,inDrop4,-4.122376,-8.318255
10167,alpha,inDrop4,-2.0494738,8.307516
10168,gamma,inDrop4,-5.4076915,-0.093889
10169,alpha,inDrop4,-4.2017355,9.055252
10170,beta,inDrop4,-2.0061843,-7.630956
10171,mast,inDrop4,3.6282935,3.0739062
10172,beta,inDrop4,-4.941123,-7.251532
10173,ductal,inDrop4,8.243468,6.582998
10174,beta,inDrop4,-5.259015,-7.102622
10175,ductal,inDrop4,8.402033,4.8650537
10176,beta,inDrop4,-4.700956,-7.152116
10177,beta,inDrop4,-3.2157452,-4.1540675
10178,beta,inDrop4,-5.656914,-7.764951
10179,schwann,inDrop4,6.282823,0.1714809
10180,alpha,inDrop4,-4.7259994,8.069548
10181,ductal,inDrop4,9.232807,3.4504542
10182,beta,inDrop4,-4.4577503,9.13003
10183,beta,inDrop4,-4.2299867,-9.3830185
10184,beta,inDrop4,-3.7013893,-7.7803664
10185,ductal,inDrop4,8.740421,6.1741166
10186,ductal,inDrop4,11.873904,-2.1796496
10187,beta,inDrop4,-3.5954916,-10.138721
10188,ductal,inDrop4,8.21417,6.5419726
10189,delta,inDrop4,1.633274,0.42940068
10190,alpha,inDrop4,-5.7668047,7.6893053
10191,alpha,inDrop4,-3.806415,5.183579
10192,quiescent_stellate,inDrop4,6.49373,-1.9894959
10193,beta,inDrop4,-4.6770577,-7.5571504
10194,beta,inDrop4,-5.048775,-9.360982
10195,activated_stellate,inDrop4,4.6575685,-3.4705179
10196,beta,inDrop4,-3.901333,-9.151138
10197,beta,inDrop4,-1.8178642,-8.2458935
10198,alpha,inDrop4,-2.9332325,5.4125204
10199,beta,inDrop4,-5.4489503,-7.6064124
10200,beta,inDrop4,-5.7219563,-7.584597
10201,beta,inDrop4,-3.7364814,-7.8571134
10202,beta,inDrop4,-4.53807,-8.396378
10203,alpha,inDrop4,-5.199725,7.6121364
10204,beta,inDrop4,-4.7379627,-8.191764
10205,beta,inDrop4,-4.8299932,-9.025045
10206,activated_stellate,inDrop4,4.866253,-2.8670502
10207,alpha,inDrop4,-4.852058,6.9673533
10208,beta,inDrop4,-3.3300974,-8.33232
10209,beta,inDrop4,-3.7585301,-8.001844
10210,ductal,inDrop4,12.141083,-2.4164236
10211,beta,smarter,-2.8083053,-4.350238
10212,beta,smarter,-3.2012408,-5.8646016
10213,beta,smarter,-3.5299358,-5.893666
10214,beta,smarter,-3.5934708,-5.700531
10215,beta,smarter,-2.2108154,-9.009776
10216,beta,smarter,-3.2279358,-6.7342124
10217,beta,smarter,-3.280549,-6.4669065
10218,beta,smarter,11.460292,-3.4603941
10219,beta,smarter,-3.5683792,-7.316205
10220,beta,smarter,-2.7941587,-6.2250257
10221,beta,smarter,-3.2964728,-6.5241985
10222,beta,smarter,-3.4899867,-5.612947
10223,beta,smarter,-4.01867,-7.3487554
10224,beta,smarter,-3.4823103,-4.7907476
10225,beta,smarter,-3.5562649,-4.7167945
10226,beta,smarter,-1.4533665,-7.174751
10227,beta,smarter,-3.531659,-5.75171
10228,beta,smarter,-3.473725,-4.8908753
10229,beta,smarter,-1.0790046,-7.360715
10230,beta,smarter,-3.5927129,-5.174372
10231,beta,smarter,-1.4904054,-7.3774805
10232,beta,smarter,-3.5039065,-5.0753107
10233,beta,smarter,-2.4700637,-6.455937
10234,beta,smarter,-3.2432764,-6.8980207
10235,beta,smarter,-1.6382588,-7.296406
10236,beta,smarter,-3.0539455,-7.7776666
10237,beta,smarter,-2.9100277,-7.58659
10238,beta,smarter,-1.3991243,-8.608874
10239,beta,smarter,-3.5815713,-10.149256
10240,beta,smarter,-3.023552,-4.5055256
10241,beta,smarter,-4.2812986,-6.944477
10242,beta,smarter,-4.271681,-8.040341
10243,beta,smarter,-4.22637,-7.9768443
10244,beta,smarter,-3.0109386,-7.411694
10245,beta,smarter,-2.4030924,-6.907655
10246,beta,smarter,-3.1145554,-7.814127
10247,beta,smarter,-3.5116658,-6.946547
10248,beta,smarter,-2.4522169,-7.4662085
10249,beta,smarter,-2.0961928,-7.0957704
10250,beta,smarter,-1.9644052,-7.528397
10251,beta,smarter,-2.302395,-8.32982
10252,beta,smarter,-4.180818,-7.98702
10253,beta,smarter,-3.026823,-7.608165
10254,beta,smarter,-3.6040568,-7.5299673
10255,beta,smarter,-3.7274814,-10.021698
10256,beta,smarter,-1.8910531,-7.704295
10257,beta,smarter,-2.2628133,-6.39053
10258,beta,smarter,-3.4894686,-5.2614
10259,beta,smarter,-3.7214134,-10.001267
10260,beta,smarter,-3.9442253,-7.5769544
10261,beta,smarter,-4.1638494,-6.5910945
10262,beta,smarter,-3.6694207,-10.024208
10263,beta,smarter,-5.2004166,-8.476215
10264,beta,smarter,-3.3213074,-9.374299
10265,beta,smarter,-2.8983421,-7.389708
10266,beta,smarter,-3.1355004,-6.641921
10267,beta,smarter,-2.0207207,-7.480277
10268,beta,smarter,-3.181954,-7.447022
10269,beta,smarter,-2.615907,-7.9056344
10270,beta,smarter,-2.595186,-7.417995
10271,beta,smarter,-3.269123,-7.878241
10272,beta,smarter,-3.2051325,-7.51941
10273,beta,smarter,-3.0734758,-7.5803494
10274,beta,smarter,-3.2905674,-7.4955196
10275,beta,smarter,-3.7946634,-6.903923
10276,beta,smarter,-3.2788584,-7.484387
10277,beta,smarter,-2.8447225,-7.651707
10278,beta,smarter,-3.6645987,-7.1196523
10279,beta,smarter,-3.207162,-7.571124
10280,beta,smarter,-3.284521,-9.691155
10281,beta,smarter,-3.1280515,-7.3454666
10282,beta,smarter,-3.391258,-7.2863984
10283,beta,smarter,-3.5031412,-10.154815
10284,beta,smarter,-4.8320093,-9.165072
10285,beta,smarter,-3.9537768,-6.130406
10286,beta,smarter,-3.2493403,-7.3134985
10287,beta,smarter,-3.4905653,-10.035499
10288,beta,smarter,-3.8562174,-5.9044313
10289,beta,smarter,-3.863724,-7.4147267
10290,beta,smarter,-3.9032936,-7.437529
10291,beta,smarter,-3.9842546,-7.7272434
10292,beta,smarter,-3.94921,-8.486478
10293,beta,smarter,-3.5354657,-9.764972
10294,beta,smarter,-3.7938633,-6.09103
10295,beta,smarter,-3.689136,-9.409385
10296,beta,smarter,-3.4410148,-6.328602
10297,beta,smarter,-3.8171487,-9.203561
10298,beta,smarter,-1.8387231,-7.8876
10299,beta,smarter,-3.645721,-6.721503
10300,beta,smarter,-5.2714925,-8.069862
10301,beta,smarter,-5.24626,-8.818926
10302,beta,smarter,-5.35333,-8.511176
10303,beta,smarter,-5.1475306,-7.7641196
10304,beta,smarter,-3.801052,-6.9433436
10305,beta,smarter,-1.8089389,-6.3273106
10306,beta,smarter,-3.3573081,-6.17504
10307,beta,smarter,-2.942794,-7.2513814
10308,beta,smarter,-3.3830295,-5.116332
10309,beta,smarter,-4.280527,-7.215941
10310,beta,smarter,-3.3249853,-9.085271
10311,beta,smarter,-3.0464268,-7.3602114
10312,beta,smarter,-2.6654682,-7.9167643
10313,beta,smarter,-2.7772527,-7.8185544
10314,beta,smarter,-2.7762656,-6.1526732
10315,beta,smarter,-2.7660384,-7.005115
10316,beta,smarter,-2.2398708,-5.76826
10317,beta,smarter,-1.7540814,-7.140737
10318,beta,smarter,-1.7989169,-8.045272
10319,beta,smarter,-1.4880244,-8.795413
10320,beta,smarter,-3.0016963,-4.198382
10321,beta,smarter,-2.904779,-8.751974
10322,beta,smarter,-1.8304361,-6.043583
10323,beta,smarter,-1.8800558,-7.773797
10324,beta,smarter,-3.1259112,-4.2919903
10325,beta,smarter,-2.3750722,-8.915451
10326,beta,smarter,-1.807931,-8.915776
10327,beta,smarter,-2.0954478,-7.6720734
10328,beta,smarter,-2.455227,-6.0393
10329,beta,smarter,-2.1010096,-8.565373
10330,beta,smarter,-5.555096,-8.088101
10331,beta,smarter,-2.4692383,-8.846001
10332,beta,smarter,-1.8884361,-8.208036
10333,beta,smarter,-2.6866868,-7.653956
10334,beta,smarter,-1.197298,-8.522274
10335,beta,smarter,-1.9673637,-8.931321
10336,beta,smarter,-3.0311546,-9.513726
10337,beta,smarter,-3.882214,-6.5009584
10338,beta,smarter,-5.1638656,-8.170902
10339,beta,smarter,-2.3001897,-9.046169
10340,beta,smarter,-4.272945,-8.445552
10341,beta,smarter,-4.602579,-8.259217
10342,beta,smarter,-4.418665,-7.25265
10343,beta,smarter,-4.069959,-6.761961
10344,beta,smarter,-4.5120797,-7.3019032
10345,beta,smarter,-5.049991,-8.131695
10346,beta,smarter,-3.9286792,-7.1147947
10347,beta,smarter,-2.5109632,-6.5028887
10348,beta,smarter,-2.083984,-7.3168178
10349,beta,smarter,-5.0993266,-9.014616
10350,beta,smarter,-1.5655649,-6.3899174
10351,beta,smarter,-2.2206275,-6.080946
10352,beta,smarter,-4.749972,-8.7875595
10353,beta,smarter,-4.0450926,-7.8557034
10354,beta,smarter,-3.7289805,-8.253004
10355,beta,smarter,-4.4181495,-8.057339
10356,beta,smarter,-2.5527663,-7.6943283
10357,beta,smarter,-3.4830334,-8.302087
10358,beta,smarter,-3.296319,-8.144573
10359,beta,smarter,-2.693428,-6.8351903
10360,beta,smarter,-2.6010654,-7.137996
10361,beta,smarter,-2.6716666,-7.2099276
10362,beta,smarter,-3.491981,-7.2848163
10363,beta,smarter,-4.025596,-8.671416
10364,beta,smarter,-1.8629167,-7.8406935
10365,beta,smarter,-1.0138032,-7.797127
10366,beta,smarter,4.361346,1.8492657
10367,beta,smarter,-4.1566586,-8.067724
10368,beta,smarter,-4.048743,-7.7883034
10369,beta,smarter,-3.3501785,-8.121279
10370,beta,smarter,-3.6386147,-8.156576
10371,beta,smarter,-3.2119799,-6.849907
10372,beta,smarter,-2.9820044,-7.528404
10373,beta,smarter,-3.318619,-7.319038
10374,beta,smarter,-4.102459,-7.337323
10375,beta,smarter,-4.7334514,-9.028005
10376,beta,smarter,-2.9685912,-6.531028
10377,beta,smarter,-4.8037477,-8.890742
10378,beta,smarter,-3.2041764,-7.170142
10379,beta,smarter,-3.9768326,-8.295713
10380,beta,smarter,-3.3585622,-7.596786
10381,beta,smarter,-2.1235175,-7.275457
10382,beta,smarter,-4.3729215,-8.102078
10383,beta,smarter,-2.6645474,-7.626695
10384,beta,smarter,-2.541732,-8.181233
10385,beta,smarter,-4.261251,-8.249875
10386,beta,smarter,-3.0727289,-6.4388633
10387,beta,smarter,-2.4151156,-7.2095523
10388,beta,smarter,-2.0338316,-7.331377
10389,beta,smarter,-2.4530485,-7.3388996
10390,beta,smarter,-4.0581813,-6.798611
10391,beta,smarter,-4.722294,-8.755073
10392,beta,smarter,-2.4171944,-6.684195
10393,beta,smarter,-3.7014008,-7.1818023
10394,beta,smarter,-3.9287448,5.3528605
10395,beta,smarter,-3.0305176,-7.2234383
10396,beta,smarter,-4.5035315,-9.627127
10397,beta,smarter,-4.152936,-9.64487
10398,beta,smarter,-3.5681765,-10.072582
10399,beta,smarter,-3.6862223,-7.740745
10400,beta,smarter,-2.3538864,-6.58261
10401,beta,smarter,-2.1117344,-6.1636963
10402,beta,smarter,-2.9664679,-7.296261
10403,beta,smarter,-3.7103477,-6.760915
10404,beta,smarter,-3.7627087,-8.068012
10405,alpha,smarter,-4.4919066,4.817888
10406,alpha,smarter,-6.098637,7.7447
10407,alpha,smarter,-4.554278,4.853489
10408,alpha,smarter,-4.6015997,4.9365907
10409,alpha,smarter,-4.2265987,5.1027775
10410,alpha,smarter,-5.535736,7.11786
10411,alpha,smarter,-3.9787579,6.4958467
10412,alpha,smarter,-4.911617,7.7658563
10413,alpha,smarter,-6.0061145,7.9640946
10414,alpha,smarter,-4.0859947,4.8543854
10415,alpha,smarter,-3.7665029,6.248288
10416,alpha,smarter,-4.5289435,4.9020233
10417,alpha,smarter,-2.808701,5.411555
10418,alpha,smarter,-4.662754,5.662634
10419,alpha,smarter,-2.90324,6.258801
10420,alpha,smarter,-3.3353794,-4.3618116
10421,alpha,smarter,-4.483471,5.0981855
10422,alpha,smarter,-3.0782752,5.1976843
10423,alpha,smarter,-4.557223,4.909065
10424,alpha,smarter,-3.3856807,5.3508716
10425,alpha,smarter,-4.5388055,4.9603996
10426,alpha,smarter,-4.4043107,4.9736423
10427,alpha,smarter,-4.518496,4.9182115
10428,alpha,smarter,-4.5121965,6.038003
10429,alpha,smarter,-5.4244137,7.3264027
10430,alpha,smarter,-5.713693,7.461479
10431,alpha,smarter,-2.6304219,5.6539674
10432,alpha,smarter,-3.025449,6.13829
10433,alpha,smarter,-5.590236,7.336389
10434,alpha,smarter,-4.5261464,4.8559446
10435,alpha,smarter,-4.5246396,4.857978
10436,alpha,smarter,-4.3450146,5.0539403
10437,alpha,smarter,-4.520901,4.887525
10438,alpha,smarter,-5.3550105,7.043319
10439,alpha,smarter,-4.3960786,4.805722
10440,alpha,smarter,-4.511073,6.073685
10441,alpha,smarter,-4.164977,6.2557373
10442,alpha,smarter,-4.5181007,4.956656
10443,alpha,smarter,-3.1172366,8.543399
10444,alpha,smarter,-3.834679,5.7321854
10445,alpha,smarter,-4.5019703,4.9363813
10446,alpha,smarter,-3.865439,5.5501494
10447,alpha,smarter,-4.5175047,4.8215265
10448,alpha,smarter,-4.4492717,5.075851
10449,alpha,smarter,-3.302631,6.4397664
10450,alpha,smarter,-4.1884313,4.8275723
10451,alpha,smarter,-4.5338354,4.8208923
10452,alpha,smarter,-4.5801105,7.3680987
10453,alpha,smarter,-4.4662576,4.878653
10454,alpha,smarter,-4.4101596,8.237778
10455,alpha,smarter,-4.4964957,4.930013
10456,alpha,smarter,-4.437257,5.1857805
10457,alpha,smarter,-4.5159273,4.9298487
10458,alpha,smarter,-2.834984,6.0493627
10459,alpha,smarter,-3.5815566,5.65805
10460,alpha,smarter,-5.058524,5.749611
10461,alpha,smarter,-4.1548133,5.720731
10462,alpha,smarter,-5.0067124,7.4397783
10463,alpha,smarter,-5.9958324,8.183125
10464,alpha,smarter,-5.2782607,7.889195
10465,alpha,smarter,-3.8724139,8.073298
10466,alpha,smarter,-5.049204,7.255295
10467,alpha,smarter,-3.213483,8.419476
10468,alpha,smarter,-4.176182,7.1570606
10469,alpha,smarter,-5.751691,7.9031606
10470,alpha,smarter,-5.7860837,7.1738114
10471,alpha,smarter,-5.9214406,7.1155343
10472,alpha,smarter,-6.018339,7.5782413
10473,alpha,smarter,-5.501118,7.253516
10474,alpha,smarter,-3.608724,5.5276055
10475,alpha,smarter,-6.099618,8.237052
10476,alpha,smarter,-5.7673144,7.186585
10477,alpha,smarter,-5.671789,8.508609
10478,alpha,smarter,-5.608568,6.9793234
10479,alpha,smarter,-4.2497873,6.88631
10480,alpha,smarter,-6.137682,8.270573
10481,alpha,smarter,-6.1460767,8.251765
10482,alpha,smarter,-5.6511083,7.1555696
10483,alpha,smarter,-2.4221697,6.568659
10484,alpha,smarter,-3.0339203,6.045425
10485,alpha,smarter,-5.8223243,7.785151
10486,alpha,smarter,-3.7609458,5.1850605
10487,alpha,smarter,-5.5445433,7.7267165
10488,alpha,smarter,-5.635652,7.7062926
10489,alpha,smarter,-5.986166,7.459099
10490,alpha,smarter,-2.4084928,7.5945973
10491,alpha,smarter,-4.095618,6.8329906
10492,alpha,smarter,-5.682084,7.9642158
10493,alpha,smarter,-6.1130333,8.233131
10494,alpha,smarter,-5.9830527,8.06132
10495,alpha,smarter,-6.1334953,8.242925
10496,alpha,smarter,-5.6859484,7.630397
10497,alpha,smarter,-6.0881863,8.286918
10498,alpha,smarter,-6.103204,8.204495
10499,alpha,smarter,-4.4362636,7.223434
10500,alpha,smarter,-4.464748,7.453952
10501,alpha,smarter,-5.9453955,8.196259
10502,alpha,smarter,-5.6118307,8.370813
10503,alpha,smarter,-2.7656584,7.6292005
10504,alpha,smarter,-5.573214,7.0124173
10505,alpha,smarter,-3.6763906,8.698445
10506,alpha,smarter,-6.1410756,8.238274
10507,alpha,smarter,-5.870073,8.52774
10508,alpha,smarter,-5.869745,7.9703727
10509,alpha,smarter,-4.111893,7.4815917
10510,alpha,smarter,-5.161628,7.383784
10511,alpha,smarter,-4.4286075,7.267946
10512,alpha,smarter,-5.894858,8.19179
10513,alpha,smarter,-4.272867,8.096777
10514,alpha,smarter,-6.076761,8.026091
10515,alpha,smarter,-3.2299626,5.196715
10516,alpha,smarter,-5.409956,7.8257027
10517,alpha,smarter,-5.89076,8.084195
10518,alpha,smarter,-2.846454,8.656523
10519,alpha,smarter,-4.915877,7.1535316
10520,alpha,smarter,-4.3748574,7.8517756
10521,alpha,smarter,-5.790593,8.332266
10522,alpha,smarter,-5.867477,8.113376
10523,alpha,smarter,-5.9754534,8.54443
10524,alpha,smarter,-6.1155415,8.3595
10525,alpha,smarter,-5.9355946,8.462443
10526,alpha,smarter,-4.97938,8.2195215
10527,alpha,smarter,-3.119773,8.370676
10528,alpha,smarter,-5.805377,7.8739634
10529,alpha,smarter,-5.539016,7.325416
10530,alpha,smarter,-5.731436,7.7218204
10531,alpha,smarter,-5.7127585,7.403023
10532,alpha,smarter,-5.8594737,7.5766525
10533,alpha,smarter,-5.881445,7.969959
10534,alpha,smarter,-3.4417865,9.655763
10535,alpha,smarter,-5.822645,7.712293
10536,alpha,smarter,-5.0397797,7.854096
10537,alpha,smarter,-4.0143514,7.199281
10538,alpha,smarter,-5.862335,7.969303
10539,alpha,smarter,-4.773928,7.242308
10540,alpha,smarter,-3.646069,7.4147882
10541,alpha,smarter,-5.725174,7.773606
10542,alpha,smarter,-5.411934,7.6499777
10543,alpha,smarter,-5.3822174,7.4498982
10544,alpha,smarter,-4.3811116,9.458151
10545,alpha,smarter,-5.0013647,8.240001
10546,alpha,smarter,-4.800312,7.7969084
10547,alpha,smarter,4.669753,-6.7738023
10548,alpha,smarter,-3.7668412,6.249801
10549,alpha,smarter,-3.303722,7.4489093
10550,alpha,smarter,-4.3250628,8.543394
10551,alpha,smarter,-3.8414576,7.7505093
10552,alpha,smarter,-3.0954082,8.623268
10553,alpha,smarter,-3.0623734,8.41981
10554,alpha,smarter,-5.155501,8.511903
10555,alpha,smarter,-5.4168367,8.0188
10556,alpha,smarter,-4.120561,7.271901
10557,alpha,smarter,-4.756765,7.993732
10558,alpha,smarter,-5.801897,7.7135577
10559,alpha,smarter,-3.3218613,8.479523
10560,alpha,smarter,-5.1430035,7.64602
10561,alpha,smarter,-5.45,8.221698
10562,alpha,smarter,-5.519911,7.880706
10563,alpha,smarter,-5.574989,7.133785
10564,alpha,smarter,-5.7094564,8.005788
10565,alpha,smarter,-2.8877013,7.421868
10566,alpha,smarter,-5.850074,7.9093328
10567,alpha,smarter,-5.9039707,8.225422
10568,alpha,smarter,-4.9075017,8.2603855
10569,alpha,smarter,-4.725867,9.064778
10570,alpha,smarter,-4.7084494,8.498522
10571,alpha,smarter,-4.033799,6.5343003
10572,alpha,smarter,-4.1024966,8.701525
10573,alpha,smarter,-3.9945087,7.058512
10574,alpha,smarter,-4.871764,9.52759
10575,alpha,smarter,-3.1913497,7.5217957
10576,alpha,smarter,-2.6943538,5.114914
10577,alpha,smarter,-3.9715474,8.695561
10578,alpha,smarter,-5.8096724,8.075417
10579,alpha,smarter,-5.9269905,8.479241
10580,alpha,smarter,-3.3913105,7.3704524
10581,alpha,smarter,-3.5547054,8.057103
10582,alpha,smarter,-2.7520196,8.715915
10583,alpha,smarter,-3.7640555,8.477032
10584,alpha,smarter,-3.8016229,8.155839
10585,alpha,smarter,-4.028866,7.6964545
10586,alpha,smarter,-5.9496646,8.003476
10587,alpha,smarter,-3.9011545,8.31805
10588,alpha,smarter,-3.8144681,8.079818
10589,alpha,smarter,-4.2055016,8.468589
10590,alpha,smarter,-3.588656,5.601192
10591,alpha,smarter,-2.9129295,8.535349
10592,alpha,smarter,-5.826278,8.805973
10593,alpha,smarter,-3.9992812,6.77965
10594,alpha,smarter,-5.064389,9.327609
10595,alpha,smarter,-1.9837967,8.0873575
10596,alpha,smarter,-3.1539207,5.4320664
10597,alpha,smarter,-3.4171267,7.366964
10598,alpha,smarter,-3.4715092,7.856498
10599,alpha,smarter,-3.0979228,8.19951
10600,alpha,smarter,-3.091379,5.319818
10601,alpha,smarter,-3.1930692,5.599328
10602,alpha,smarter,-2.9213173,5.2800097
10603,alpha,smarter,-3.1316981,5.7873783
10604,alpha,smarter,-3.2052276,5.2157326
10605,alpha,smarter,-3.8087144,7.4867134
10606,alpha,smarter,-3.6910255,5.5466986
10607,alpha,smarter,7.17858,4.1583085
10608,alpha,smarter,-3.088224,5.2503695
10609,alpha,smarter,-3.8366706,8.855694
10610,alpha,smarter,-3.0261962,5.377542
10611,alpha,smarter,-1.9484482,6.739363
10612,alpha,smarter,-3.8900623,7.3875628
10613,alpha,smarter,-3.103675,5.8256187
10614,alpha,smarter,4.359993,1.8500316
10615,alpha,smarter,-3.4213753,6.007268
10616,alpha,smarter,-2.9367473,7.248547
10617,alpha,smarter,-3.5308805,7.042495
10618,alpha,smarter,-3.03819,7.3658943
10619,alpha,smarter,-3.5116725,6.9564376
10620,alpha,smarter,-1.7279154,7.7648478
10621,alpha,smarter,-3.1469371,7.590505
10622,alpha,smarter,-3.0458994,7.274734
10623,alpha,smarter,-4.3125463,7.0083847
10624,alpha,smarter,-1.6654488,7.7028995
10625,alpha,smarter,-4.0241203,5.689502
10626,alpha,smarter,-1.691787,7.806763
10627,alpha,smarter,-1.4041915,7.3062434
10628,alpha,smarter,-2.2953162,7.584307
10629,alpha,smarter,-2.729168,6.9713864
10630,alpha,smarter,-1.6506637,7.800361
10631,alpha,smarter,-2.6535847,5.117996
10632,alpha,smarter,-2.110221,6.890695
10633,alpha,smarter,-3.00987,7.368048
10634,alpha,smarter,-4.4127026,8.029441
10635,alpha,smarter,-4.5583725,6.8798137
10636,alpha,smarter,-1.6272908,7.8470144
10637,alpha,smarter,-1.4251148,7.391434
10638,alpha,smarter,-3.4976294,7.351545
10639,alpha,smarter,-3.8089423,5.342636
10640,alpha,smarter,-1.5674428,7.8200283
10641,alpha,smarter,-1.5829595,7.818982
10642,alpha,smarter,-3.1885962,7.396599
10643,alpha,smarter,-1.671678,7.7936716
10644,alpha,smarter,-3.4665961,8.665852
10645,alpha,smarter,-1.5771719,7.520857
10646,alpha,smarter,-2.513607,7.148604
10647,alpha,smarter,-1.8353575,7.056402
10648,alpha,smarter,-2.9224045,7.8086576
10649,alpha,smarter,-2.1300173,6.1098456
10650,alpha,smarter,-1.6686338,7.8256626
10651,alpha,smarter,-3.122216,6.1189356
10652,alpha,smarter,-3.4694738,6.4416475
10653,alpha,smarter,7.456357,4.676589
10654,alpha,smarter,-1.7593815,7.888954
10655,alpha,smarter,-3.0436852,7.3594317
10656,alpha,smarter,-3.4984677,6.370992
10657,alpha,smarter,-4.5191827,8.160616
10658,alpha,smarter,-1.595421,8.875114
10659,alpha,smarter,-4.484096,7.0419664
10660,alpha,smarter,-3.7962508,8.232087
10661,alpha,smarter,-3.5867026,9.43038
10662,alpha,smarter,-4.2652674,6.93104
10663,alpha,smarter,-3.8401396,7.790825
10664,alpha,smarter,-4.920431,6.858542
10665,alpha,smarter,-3.7778518,7.7544556
10666,alpha,smarter,-4.455288,7.895507
10667,alpha,smarter,-4.024341,5.949629
10668,alpha,smarter,-3.7922628,7.810524
10669,alpha,smarter,-2.624612,5.109649
10670,alpha,smarter,-2.916469,5.510802
10671,alpha,smarter,-5.10274,8.190455
10672,alpha,smarter,-2.532806,5.272484
10673,alpha,smarter,-4.9742846,6.9311857
10674,alpha,smarter,-4.3828335,9.126557
10675,alpha,smarter,-4.7409854,7.0334783
10676,alpha,smarter,-3.8801045,5.6281524
10677,alpha,smarter,-4.717102,6.658466
10678,alpha,smarter,-3.0204053,9.243917
10679,alpha,smarter,-3.665587,5.376183
10680,alpha,smarter,-3.3802526,9.183103
10681,alpha,smarter,-2.0217474,8.092314
10682,alpha,smarter,-4.635253,7.5308704
10683,alpha,smarter,-4.8866343,6.6117554
10684,alpha,smarter,-5.091838,6.5017643
10685,alpha,smarter,-4.994343,7.4496517
10686,alpha,smarter,-4.02379,9.23378
10687,alpha,smarter,-3.4286819,9.4974985
10688,alpha,smarter,-2.0566702,6.5455656
10689,alpha,smarter,-4.016748,5.3916373
10690,alpha,smarter,-5.1033673,8.044614
10691,alpha,smarter,-5.034442,6.5643325
10692,alpha,smarter,-3.5133052,9.219636
10693,alpha,smarter,8.00983,6.201164
10694,alpha,smarter,-1.9519572,8.152947
10695,alpha,smarter,-3.6081583,5.2149577
10696,alpha,smarter,-4.221051,-7.826588
10697,alpha,smarter,-5.1999264,9.044281
10698,alpha,smarter,-4.2788043,8.736344
10699,alpha,smarter,-4.9308233,8.211585
10700,alpha,smarter,-1.7784957,7.3591037
10701,alpha,smarter,-5.2565255,5.699855
10702,alpha,smarter,-3.833016,7.651737
10703,alpha,smarter,-4.130913,8.63732
10704,alpha,smarter,-3.9756405,9.327278
10705,alpha,smarter,-3.099356,5.0568304
10706,alpha,smarter,-4.506047,8.363822
10707,alpha,smarter,-4.659146,8.718806
10708,alpha,smarter,-2.2947729,5.6199293
10709,alpha,smarter,-5.116874,7.6371355
10710,alpha,smarter,-4.502989,8.323537
10711,alpha,smarter,-3.5666573,9.527615
10712,alpha,smarter,-5.2906795,5.876426
10713,alpha,smarter,-3.9218872,5.2853985
10714,alpha,smarter,3.5545151,3.113278
10715,alpha,smarter,-3.5166342,9.518029
10716,alpha,smarter,-5.3729515,5.7116985
10717,alpha,smarter,-3.722365,9.582421
10718,alpha,smarter,-3.5619323,9.400022
10719,alpha,smarter,-5.3961716,8.877372
10720,alpha,smarter,-3.6141448,9.532748
10721,alpha,smarter,-3.6313586,9.436166
10722,alpha,smarter,8.687956,5.97452
10723,alpha,smarter,-3.0860615,9.256116
10724,alpha,smarter,-3.425287,9.438805
10725,alpha,smarter,-5.422706,5.757185
10726,alpha,smarter,-5.3254566,5.696072
10727,alpha,smarter,-3.5696836,9.499531
10728,alpha,smarter,-4.745256,6.828186
10729,alpha,smarter,-3.2565868,9.559458
10730,alpha,smarter,-2.4684823,8.449594
10731,alpha,smarter,-3.056982,9.273207
10732,alpha,smarter,-4.2851534,9.242758
10733,alpha,smarter,-4.5805306,9.3306265
10734,alpha,smarter,-3.8274956,8.655283
10735,alpha,smarter,-3.4447534,9.323233
10736,alpha,smarter,-2.7222989,8.949037
10737,alpha,smarter,-2.8020337,5.024879
10738,alpha,smarter,-5.3223195,8.678446
10739,alpha,smarter,-3.7057605,9.509658
10740,alpha,smarter,-3.2528992,9.504852
10741,alpha,smarter,-3.4601004,9.549891
10742,alpha,smarter,-3.2771626,9.498393
10743,alpha,smarter,-3.2135034,9.414532
10744,alpha,smarter,-3.274389,9.519989
10745,alpha,smarter,-4.247722,8.27834
10746,alpha,smarter,-2.120203,8.027932
10747,alpha,smarter,-2.488963,7.804598
10748,alpha,smarter,-4.619317,8.142674
10749,alpha,smarter,-3.7494285,8.151507
10750,alpha,smarter,-2.460348,7.7169213
10751,alpha,smarter,-4.6558847,7.3513083
10752,alpha,smarter,-5.9553103,8.5662155
10753,alpha,smarter,-4.1750803,9.327394
10754,alpha,smarter,-3.4105442,9.691223
10755,alpha,smarter,-3.4724731,9.399268
10756,alpha,smarter,-5.311669,9.115287
10757,alpha,smarter,-3.2810946,9.223291
10758,alpha,smarter,-5.620968,8.061847
10759,delta,smarter,0.590413,0.96666855
10760,delta,smarter,1.3671237,0.2421388
10761,delta,smarter,1.3679659,-0.5443742
10762,delta,smarter,1.5009879,0.25733808
10763,delta,smarter,-4.463108,4.8545527
10764,delta,smarter,1.2024101,-0.47932252
10765,delta,smarter,1.2042456,0.3908627
10766,delta,smarter,1.212251,-0.5139475
10767,delta,smarter,1.1640565,0.87110037
10768,delta,smarter,0.2444691,0.38676903
10769,delta,smarter,0.65935826,0.5963695
10770,delta,smarter,1.2748028,0.84036696
10771,delta,smarter,0.9299597,-0.1070773
10772,delta,smarter,1.679783,0.2748158
10773,delta,smarter,1.1917006,-0.6425546
10774,delta,smarter,1.7872785,0.08922519
10775,delta,smarter,1.5553057,-0.52293015
10776,delta,smarter,1.3084334,-0.43907082
10777,delta,smarter,1.7132752,-0.35415328
10778,delta,smarter,1.1859972,-0.5096479
10779,delta,smarter,1.6333765,-0.36511964
10780,delta,smarter,1.3353738,-0.5144245
10781,delta,smarter,1.3547817,-0.55401504
10782,delta,smarter,0.87552196,0.37042722
10783,delta,smarter,0.031599484,0.44977927
10784,delta,smarter,1.6173887,0.110704355
10785,delta,smarter,1.3485106,-0.62210524
10786,delta,smarter,0.9683527,-0.4812322
10787,gamma,smarter,-5.6716795,0.077254966
10788,gamma,smarter,-5.173301,-0.14059688
10789,gamma,smarter,-4.521968,4.8011417
10790,gamma,smarter,-2.7399735,7.010266
10791,gamma,smarter,-5.5589437,0.15020242
10792,gamma,smarter,-5.895048,0.25281084
10793,gamma,smarter,-5.6456423,-0.29825115
10794,gamma,smarter,-5.4478254,0.22851524
10795,gamma,smarter,-5.6730886,-0.38771844
10796,gamma,smarter,-5.6439385,-0.24234168
10797,gamma,smarter,-5.4295063,-0.29394457
10798,gamma,smarter,-5.5824986,9.121422
10799,gamma,smarter,-5.4102464,-0.119391195
10800,gamma,smarter,-5.3795485,-0.19672287
10801,gamma,smarter,-5.24867,-0.26746663
10802,gamma,smarter,-6.0494714,-0.26031584
10803,gamma,smarter,-5.750156,0.23597915
10804,gamma,smarter,-5.617233,0.108711466
10805,gamma,smarter,-5.463784,0.06322411
10806,gamma,smarter,-5.3767157,0.009303989
10807,gamma,smarter,-5.8434877,0.4213413
10808,gamma,smarter,-5.3574505,0.11590813
10809,gamma,smarter,-5.357139,-0.21485363
10810,gamma,smarter,-5.4732423,0.37800223
10811,gamma,smarter,-5.5921936,0.2956101
10812,gamma,smarter,-5.7398953,0.28061953
10813,gamma,smarter,-5.30934,-0.2533308
10814,gamma,smarter,-5.636167,-0.19521362
10815,gamma,smarter,-5.6295547,0.2732369
10816,gamma,smarter,-5.6948166,0.32198507
10817,gamma,smarter,-5.434927,0.087820515
10818,gamma,smarter,-5.262302,-0.08288181
10819,gamma,smarter,-5.4014726,-0.1889752
10820,beta,smarter,-4.6470604,-9.922915
10821,beta,smarter,-4.1791787,-9.476939
10822,beta,smarter,-1.8384846,-7.4781065
10823,beta,smarter,-1.4569631,-8.376202
10824,beta,smarter,-5.062832,-9.3741255
10825,beta,smarter,-5.0341263,-9.877438
10826,beta,smarter,-4.2102156,-8.808653
10827,beta,smarter,-2.8417542,-8.537103
10828,beta,smarter,-2.0506387,-7.9453225
10829,beta,smarter,-5.1380706,-9.8039465
10830,beta,smarter,-5.6356483,-7.738946
10831,beta,smarter,-5.0391717,-8.748386
10832,beta,smarter,-5.002997,-8.503403
10833,beta,smarter,-5.7944827,-7.6526117
10834,beta,smarter,3.5074115,3.119974
10835,beta,smarter,-4.1844883,-9.4675455
10836,beta,smarter,-2.6630697,-8.082325
10837,beta,smarter,-4.511093,-9.582754
10838,beta,smarter,-3.4915986,-9.466249
10839,beta,smarter,-4.5417895,-9.050904
10840,beta,smarter,-4.892216,-9.74476
10841,beta,smarter,-4.447137,-9.476402
10842,beta,smarter,-3.027985,-6.764218
10843,beta,smarter,-3.9858427,-9.130191
10844,beta,smarter,-4.7730584,-8.261991
10845,beta,smarter,-2.9132912,-7.1349535
10846,beta,smarter,-4.408122,-9.446938
10847,beta,smarter,-4.3188615,-7.100567
10848,beta,smarter,3.558005,3.1003592
10849,beta,smarter,-4.3242655,-9.400923
10850,beta,smarter,-4.6487665,-7.538353
10851,beta,smarter,-4.998528,-10.015636
10852,beta,smarter,-5.239004,-7.108632
10853,beta,smarter,-4.44191,-9.413104
10854,beta,smarter,-3.075443,-9.237423
10855,beta,smarter,-4.224849,-9.421083
10856,beta,smarter,-4.178667,-9.280908
10857,beta,smarter,-4.1438107,-6.986903
10858,beta,smarter,-5.429545,-7.855047
10859,beta,smarter,-4.3415318,-9.68186
10860,beta,smarter,-4.0536447,-8.010075
10861,beta,smarter,-4.508405,-8.818208
10862,beta,smarter,-3.7626295,-8.35099
10863,beta,smarter,-1.2073057,-8.069491
10864,beta,smarter,-3.0132706,-7.7204866
10865,beta,smarter,-4.2801747,-8.009315
10866,beta,smarter,-3.7958934,-8.249771
10867,beta,smarter,-2.6488461,-8.065314
10868,beta,smarter,-3.4978757,-6.4380617
10869,beta,smarter,-4.193469,-7.1114364
10870,beta,smarter,-3.2934127,-9.547679
10871,beta,smarter,-1.3615402,-8.050763
10872,beta,smarter,-3.946379,-8.477369
10873,beta,smarter,-3.6639793,-8.381034
10874,beta,smarter,-2.982155,-6.4414597
10875,beta,smarter,-4.782515,-9.493181
10876,beta,smarter,-1.9850179,-6.418903
10877,beta,smarter,-1.787854,-6.863096
10878,beta,smarter,-3.5294223,-9.29673
10879,beta,smarter,9.537433,5.0559926
10880,beta,smarter,-5.0542207,-7.398778
10881,beta,smarter,-4.1955533,-7.8440104
10882,beta,smarter,-4.6800394,-6.975689
10883,beta,smarter,-4.305839,-8.17671
10884,beta,smarter,-2.7660794,-5.8299537
10885,beta,smarter,-5.3820515,-7.245869
10886,beta,smarter,-1.9756994,-4.9448338
10887,beta,smarter,-4.04307,-8.724616
10888,beta,smarter,-4.069873,-7.668429
10889,beta,smarter,-4.474831,-7.7474346
10890,beta,smarter,-4.796639,-7.6566415
10891,beta,smarter,-3.5640953,-7.496777
10892,beta,smarter,-2.1941173,-5.9915624
10893,beta,smarter,-1.7293614,-7.6798387
10894,beta,smarter,-4.051845,-7.873843
10895,beta,smarter,-4.1719584,-8.124022
10896,beta,smarter,-4.3387747,-8.287021
10897,beta,smarter,-3.682245,-7.442236
10898,beta,smarter,-1.657241,-9.0243845
10899,beta,smarter,-3.5875936,-9.171177
10900,beta,smarter,-4.0388126,-7.839036
10901,beta,smarter,-4.0394883,-7.9415317
10902,beta,smarter,-4.277676,-7.863274
10903,beta,smarter,-4.351272,-8.26529
10904,beta,smarter,-2.1405764,-9.306482
10905,beta,smarter,-3.8158982,-7.816533
10906,beta,smarter,-4.9567766,-7.8780813
10907,beta,smarter,-4.4093804,-7.761524
10908,beta,smarter,-3.8508875,-7.845414
10909,beta,smarter,-3.9957802,-7.5156827
10910,beta,smarter,-4.9751716,-10.023784
10911,beta,smarter,-2.8817637,-8.278229
10912,beta,smarter,-3.356946,-8.213228
10913,beta,smarter,-4.1974597,-8.185209
10914,beta,smarter,-4.4096627,-8.801452
10915,beta,smarter,-3.7006016,-8.328423
10916,beta,smarter,-2.3161254,-5.4361687
10917,beta,smarter,-3.4498236,-6.9264727
10918,beta,smarter,-4.374879,-8.17171
10919,beta,smarter,-4.4293404,-8.325174
10920,beta,smarter,-4.1813464,-7.8575454
10921,beta,smarter,-5.627675,-7.727867
10922,beta,smarter,-5.322598,-7.6817513
10923,beta,smarter,-4.211581,-7.815085
10924,beta,smarter,-1.8916776,-4.937051
10925,beta,smarter,-4.1969705,-7.8014755
10926,beta,smarter,-3.087652,-6.568486
10927,beta,smarter,-5.224756,-7.743563
10928,beta,smarter,-4.4337816,-7.351748
10929,beta,smarter,-4.4204273,-8.921901
10930,beta,smarter,-2.7521129,-7.0603495
10931,beta,smarter,-1.0526704,-8.030919
10932,beta,smarter,-3.9600384,-9.65461
10933,beta,smarter,-5.350944,-7.0111446
10934,beta,smarter,-2.8719969,-6.1034102
10935,beta,smarter,-1.7113081,-7.0251465
10936,beta,smarter,-2.8393443,-6.6217794
10937,beta,smarter,-2.8581667,-8.147317
10938,beta,smarter,-4.9693747,-7.371329
10939,beta,smarter,-1.1324288,-7.125855
10940,beta,smarter,-3.797426,-7.718306
10941,beta,smarter,-3.6283448,-8.203942
10942,beta,smarter,7.3539877,4.7411427
10943,beta,smarter,-2.7040226,-5.8974266
10944,beta,smarter,-2.162103,-5.9677505
10945,beta,smarter,-4.2209654,-7.915172
10946,beta,smarter,-4.0188255,-7.7935886
10947,beta,smarter,-4.1121893,-8.444425
10948,beta,smarter,-3.3837972,-5.5692186
10949,beta,smarter,-4.2014194,-8.06736
10950,beta,smarter,-4.0878773,-8.327635
10951,beta,smarter,-2.991296,-8.98467
10952,beta,smarter,-3.711573,-8.140857
10953,beta,smarter,-3.8686419,-7.8090353
10954,beta,smarter,-4.2486906,-8.135574
10955,beta,smarter,-3.5012887,-7.27099
10956,beta,smarter,-2.407926,-6.1040363
10957,beta,smarter,-4.0765605,-7.712255
10958,beta,smarter,-3.6341114,-7.53977
10959,beta,smarter,-4.2835073,-8.162925
10960,beta,smarter,-3.3232067,-4.6399317
10961,beta,smarter,-4.4396906,-9.742529
10962,beta,smarter,-3.941127,-7.4776006
10963,beta,smarter,-4.1286874,-7.7667894
10964,beta,smarter,-3.1494439,-7.15665
10965,beta,smarter,-3.7306948,-8.108729
10966,beta,smarter,-4.0311913,-7.771838
10967,beta,smarter,-2.3233125,8.438507
10968,beta,smarter,-3.6522977,-7.575186
10969,beta,smarter,3.6302044,3.0413172
10970,beta,smarter,-4.392858,-8.231563
10971,beta,smarter,-3.8991163,-7.782925
10972,beta,smarter,-3.7481365,-8.373547
10973,beta,smarter,-4.691707,-8.139807
10974,beta,smarter,-3.980082,-7.9032
10975,beta,smarter,-3.8862307,-7.627185
10976,beta,smarter,-1.5845982,-6.9023685
10977,beta,smarter,-2.8447056,-6.7418466
10978,beta,smarter,-2.3090484,-5.0230546
10979,beta,smarter,-3.6441994,-7.630304
10980,beta,smarter,-2.4189878,-5.2546754
10981,beta,smarter,-4.8766084,-8.940064
10982,beta,smarter,-1.6076815,-6.739951
10983,beta,smarter,-4.2204027,-7.7114587
10984,beta,smarter,-3.9687924,-10.101635
10985,beta,smarter,-3.970976,-6.964334
10986,beta,smarter,-5.13802,-8.233138
10987,beta,smarter,-4.188455,-7.316501
10988,beta,smarter,-2.700365,-6.9117894
10989,beta,smarter,-3.9036744,-5.996957
10990,beta,smarter,-4.693112,-9.952609
10991,beta,smarter,-2.3903642,-5.8233895
10992,beta,smarter,-3.3108218,-6.563993
10993,beta,smarter,-3.771548,-7.367005
10994,beta,smarter,-3.3799126,-7.3932333
10995,beta,smarter,-3.0133767,-6.1063333
10996,beta,smarter,-2.1674378,-5.6489515
10997,beta,smarter,-4.209119,-10.021823
10998,beta,smarter,-3.7788494,-9.545951
10999,beta,smarter,-3.5916276,-7.363469
11000,beta,smarter,-3.7896369,-6.1942525
11001,beta,smarter,-4.210176,-7.7379065
11002,beta,smarter,-4.8077784,-10.023731
11003,beta,smarter,-5.266547,-8.557489
11004,beta,smarter,-1.9414619,-4.900027
11005,beta,smarter,-5.0961156,-7.8597608
11006,beta,smarter,-5.182444,-8.460848
11007,beta,smarter,-4.313313,-6.9705124
11008,beta,smarter,-3.3348467,-5.359503
11009,beta,smarter,-5.0743265,-9.129729
11010,beta,smarter,-5.2547355,-8.5178
11011,beta,smarter,-2.1494195,-6.7109337
11012,beta,smarter,-3.5800827,-8.276354
11013,beta,smarter,8.124349,5.7585883
11014,beta,smarter,-3.9937527,-8.045796
11015,beta,smarter,12.264078,-2.182642
11016,beta,smarter,-2.503492,-7.97026
11017,beta,smarter,-4.81907,-10.034615
11018,beta,smarter,-5.138265,-9.820866
11019,beta,smarter,-4.5627728,-9.116752
11020,beta,smarter,-2.7817545,-9.721489
11021,beta,smarter,-5.1399283,-9.291096
11022,beta,smarter,-5.3543544,-8.659574
11023,beta,smarter,-4.743515,-10.073642
11024,beta,smarter,-2.94584,-6.4456677
11025,beta,smarter,-5.017564,-9.808757
11026,beta,smarter,-5.1150713,-9.703422
11027,beta,smarter,-5.08747,-9.640388
11028,beta,smarter,-3.9846454,-8.3949795
11029,beta,smarter,-4.8569694,-10.075692
11030,beta,smarter,-2.4932532,-5.9916973
11031,beta,smarter,-5.1389275,-9.762878
11032,beta,smarter,-4.448998,-9.156735
11033,beta,smarter,-5.2728705,-8.769342
11034,beta,smarter,-1.9624426,-8.017073
11035,beta,smarter,-5.1612186,-9.806147
11036,beta,smarter,-4.9822655,-9.557193
11037,beta,smarter,-5.0261545,-9.863026
11038,beta,smarter,-2.388808,-5.3713093
11039,beta,smarter,-5.062119,-9.104398
11040,beta,smarter,-4.3359604,-9.079561
11041,beta,smarter,-1.6331128,-8.855345
11042,beta,smarter,-1.3938274,-8.002371
11043,beta,smarter,-5.1283693,-9.8416605
11044,beta,smarter,-5.0742116,-10.001624
11045,beta,smarter,-2.6351469,-7.5176864
11046,beta,smarter,-4.0054245,-10.336992
11047,beta,smarter,-5.1353974,-9.113811
11048,beta,smarter,-4.9801855,-10.0376835
11049,beta,smarter,-3.9658272,-10.270239
11050,beta,smarter,-4.987093,-10.001335
11051,beta,smarter,-5.142446,-9.904626
11052,beta,smarter,-4.959176,-9.094273
11053,beta,smarter,-4.913706,-9.799678
11054,beta,smarter,-5.0302043,-9.357662
11055,beta,smarter,-3.265834,-9.43597
11056,beta,smarter,-5.1298704,-9.857874
11057,beta,smarter,-4.9369917,-10.099314
11058,beta,smarter,-4.6945004,-9.595501
11059,beta,smarter,-4.2166443,-8.917295
11060,beta,smarter,-4.826849,-9.994481
11061,beta,smarter,-4.272269,-9.65855
11062,beta,smarter,-5.1336856,-9.732211
11063,beta,smarter,-2.203629,-7.8306584
11064,beta,smarter,-4.955778,-10.029215
11065,beta,smarter,-5.083882,-10.081648
11066,beta,smarter,-5.136143,-9.106824
11067,beta,smarter,-5.0569305,-9.426131
11068,beta,smarter,-5.0148325,-9.851895
11069,beta,smarter,-5.071524,-10.085233
11070,beta,smarter,-1.7058846,-7.271151
11071,beta,smarter,-2.4597073,-5.474937
11072,beta,smarter,-5.1835256,-9.87549
11073,beta,smarter,-5.068004,-9.431819
11074,beta,smarter,-3.7522748,-9.112887
11075,beta,smarter,-4.7094493,-9.940825
11076,beta,smarter,-4.647543,-10.039745
11077,beta,smarter,-4.565715,-8.192683
11078,beta,smarter,-3.1213129,-6.3891664
11079,beta,smarter,-5.131403,-9.174499
11080,beta,smarter,-5.146917,-9.477203
11081,beta,smarter,-5.1982665,-9.249472
11082,beta,smarter,-4.22051,-9.393022
11083,beta,smarter,-5.1733546,-9.836681
11084,beta,smarter,-5.090506,-9.518301
11085,beta,smarter,-5.0704813,-9.779171
11086,beta,smarter,-1.5879688,-6.9055367
11087,beta,smarter,-5.039835,-10.061436
11088,beta,smarter,-4.8244576,-8.854276
11089,beta,smarter,-4.9411364,-9.522158
11090,beta,smarter,-2.4982877,-6.4568915
11091,beta,smarter,-2.399384,-8.148831
11092,beta,smarter,-4.9432616,-9.669686
11093,beta,smarter,-2.17058,-5.9894347
11094,beta,smarter,-5.1383963,-9.829622
11095,beta,smarter,-3.7163982,-8.457093
11096,beta,smarter,-5.1821904,-9.763737
11097,beta,smarter,-4.7944555,-9.181099
11098,alpha,smarter,-3.486743,5.2425776
11099,alpha,smarter,-5.817798,8.63768
11100,alpha,smarter,-3.408222,9.393665
11101,alpha,smarter,-4.172096,9.111109
11102,alpha,smarter,-2.4704368,7.2470784
11103,alpha,smarter,-4.0747523,9.295996
11104,alpha,smarter,-5.8053036,8.618152
11105,alpha,smarter,-3.2280269,9.17744
11106,alpha,smarter,-5.571699,8.662262
11107,alpha,smarter,-3.4573221,9.644326
11108,alpha,smarter,-3.4366467,9.674438
11109,alpha,smarter,-3.8089778,5.516901
11110,alpha,smarter,-4.6915994,8.177375
11111,alpha,smarter,-4.8255615,9.408315
11112,alpha,smarter,-3.6454425,9.373678
11113,alpha,smarter,-3.2181988,9.3472805
11114,alpha,smarter,-5.685986,7.7576156
11115,alpha,smarter,-5.826233,8.599377
11116,alpha,smarter,-3.438479,9.610415
11117,alpha,smarter,-5.6227417,8.641657
11118,alpha,smarter,-3.9651039,8.236393
11119,alpha,smarter,-3.4496417,9.506912
11120,alpha,smarter,-4.203906,9.263591
11121,alpha,smarter,-5.471507,9.250529
11122,alpha,smarter,-5.421403,9.064375
11123,alpha,smarter,-4.051402,6.882153
11124,alpha,smarter,-4.9842696,9.097583
11125,alpha,smarter,-4.353459,7.37601
11126,alpha,smarter,-3.25033,7.9635153
11127,alpha,smarter,-3.1568997,7.1412134
11128,alpha,smarter,-2.7445345,6.750852
11129,alpha,smarter,-1.7830864,7.417864
11130,alpha,smarter,-3.7727666,7.743394
11131,alpha,smarter,-3.9257407,7.335568
11132,alpha,smarter,-3.7235644,7.2798495
11133,alpha,smarter,-2.9290552,7.1285033
11134,alpha,smarter,-4.6320343,7.4470706
11135,alpha,smarter,-1.5947744,8.7433605
11136,alpha,smarter,-4.5791903,7.03638
11137,alpha,smarter,-4.693595,6.617409
11138,alpha,smarter,-3.178676,7.6308837
11139,alpha,smarter,-3.9111283,7.3336096
11140,alpha,smarter,-4.070779,7.394846
11141,alpha,smarter,-4.341633,7.5100102
11142,alpha,smarter,-4.564927,7.3978896
11143,alpha,smarter,-4.8353314,5.7287908
11144,alpha,smarter,-4.563426,5.7172813
11145,alpha,smarter,-3.0538094,5.2846065
11146,alpha,smarter,-3.4765153,5.4218307
11147,alpha,smarter,-5.360504,5.7385244
11148,alpha,smarter,-3.0915768,5.309434
11149,alpha,smarter,-5.5667605,6.9151754
11150,alpha,smarter,-4.1037865,5.4630575
11151,alpha,smarter,-3.164974,5.5081224
11152,alpha,smarter,-4.875586,5.6821747
11153,alpha,smarter,-2.6728783,6.936998
11154,alpha,smarter,-4.191169,8.533538
11155,alpha,smarter,-3.0845098,5.3153567
11156,alpha,smarter,-3.3957474,6.949
11157,alpha,smarter,-3.669173,5.401236
11158,alpha,smarter,-4.98191,5.7216616
11159,alpha,smarter,-4.612886,5.651246
11160,alpha,smarter,6.6254396,5.209401
11161,alpha,smarter,-4.1763315,7.2306957
11162,alpha,smarter,-3.961532,7.471776
11163,alpha,smarter,-3.9065871,7.4901524
11164,alpha,smarter,-4.705769,7.3260446
11165,alpha,smarter,-1.5943148,7.8973665
11166,alpha,smarter,-5.77282,7.842899
11167,alpha,smarter,-3.815116,7.464338
11168,alpha,smarter,-1.761879,8.733718
11169,alpha,smarter,-1.7135589,8.81653
11170,alpha,smarter,-1.8646027,8.502699
11171,alpha,smarter,-1.7579616,8.833189
11172,alpha,smarter,-3.9032784,9.15122
11173,alpha,smarter,-3.900418,7.251364
11174,alpha,smarter,-4.352543,9.274612
11175,alpha,smarter,-4.4700904,8.559507
11176,alpha,smarter,-4.680073,8.6218605
11177,alpha,smarter,-2.2208529,7.8149023
11178,alpha,smarter,-2.8193338,5.5513654
11179,alpha,smarter,-3.9018257,6.564585
11180,alpha,smarter,-2.0569017,7.958452
11181,alpha,smarter,-5.4741993,7.282809
11182,alpha,smarter,-3.8834975,6.509413
11183,alpha,smarter,-3.844654,6.8344364
11184,alpha,smarter,-4.5120163,7.0932956
11185,alpha,smarter,-2.8835952,7.1202803
11186,alpha,smarter,-1.9543525,8.054067
11187,alpha,smarter,-5.428208,8.472068
11188,alpha,smarter,-3.60129,5.352632
11189,alpha,smarter,-3.9471507,9.032017
11190,alpha,smarter,-2.218584,6.0865574
11191,alpha,smarter,-5.8192353,8.560765
11192,alpha,smarter,-2.455949,7.5696707
11193,alpha,smarter,-2.502178,7.7981467
11194,alpha,smarter,-2.989168,7.612764
11195,alpha,smarter,-4.697499,5.6995764
11196,alpha,smarter,-5.4313793,5.8720274
11197,alpha,smarter,-1.5250453,5.8801584
11198,alpha,smarter,-3.3826718,5.4320383
11199,alpha,smarter,-4.993332,6.406277
11200,alpha,smarter,-2.488813,6.0558
11201,alpha,smarter,-2.361627,7.154213
11202,alpha,smarter,-5.025766,5.781486
11203,alpha,smarter,-3.0049505,6.0615077
11204,alpha,smarter,-2.2312138,7.5564966
11205,alpha,smarter,-3.8639503,6.68978
11206,alpha,smarter,-4.3060613,9.36168
11207,alpha,smarter,-3.3571396,7.7853656
11208,alpha,smarter,-2.8600569,6.96528
11209,alpha,smarter,-5.1138816,8.542769
11210,alpha,smarter,-5.215273,5.7314897
11211,alpha,smarter,-2.6220791,7.781461
11212,alpha,smarter,-2.182174,8.43634
11213,alpha,smarter,-4.3200216,9.226848
11214,alpha,smarter,-3.6215975,6.5561914
11215,alpha,smarter,-3.7574446,7.6371226
11216,alpha,smarter,-2.8685076,7.5342875
11217,alpha,smarter,-4.299696,9.287967
11218,alpha,smarter,-3.819023,7.6713457
11219,alpha,smarter,-5.456621,5.7267203
11220,alpha,smarter,-2.389711,7.996291
11221,alpha,smarter,-4.3837748,9.202003
11222,alpha,smarter,-3.1803257,8.9294815
11223,alpha,smarter,-2.8178506,7.1148124
11224,alpha,smarter,-5.82965,8.587918
11225,alpha,smarter,-1.9149885,8.043941
11226,alpha,smarter,-3.9186275,6.354375
11227,alpha,smarter,-5.2002244,6.2373548
11228,alpha,smarter,-1.8905317,8.085075
11229,alpha,smarter,-3.5381057,8.681487
11230,alpha,smarter,-2.2161987,8.43397
11231,alpha,smarter,-3.8817077,6.7640257
11232,alpha,smarter,-3.8819616,9.295393
11233,alpha,smarter,-3.7715163,7.1903157
11234,alpha,smarter,-4.020559,7.9261036
11235,alpha,smarter,12.701564,-2.3178356
11236,alpha,smarter,-2.7943122,7.661069
11237,alpha,smarter,-3.4412253,7.944923
11238,alpha,smarter,-4.432072,8.5202265
11239,alpha,smarter,7.546662,5.727509
11240,alpha,smarter,-2.892518,6.0361547
11241,alpha,smarter,-3.4734774,8.573767
11242,alpha,smarter,-4.061196,8.517675
11243,alpha,smarter,-3.1338785,8.565495
11244,alpha,smarter,-4.026526,7.1135254
11245,alpha,smarter,-2.6016362,8.605086
11246,alpha,smarter,-3.5906143,6.5106354
11247,alpha,smarter,-3.046807,8.361766
11248,alpha,smarter,-3.4675908,5.974856
11249,alpha,smarter,-3.6858337,8.369179
11250,alpha,smarter,-3.3048518,7.238379
11251,alpha,smarter,-3.944105,6.937895
11252,alpha,smarter,-4.0441217,9.349572
11253,alpha,smarter,-1.9517382,7.9291806
11254,alpha,smarter,-3.8108072,6.4460382
11255,alpha,smarter,-4.219249,9.006141
11256,alpha,smarter,-3.7407131,5.222
11257,alpha,smarter,-4.5408382,7.236924
11258,alpha,smarter,-4.3583817,8.553068
11259,alpha,smarter,-3.960385,7.951987
11260,alpha,smarter,-3.6586893,7.1493053
11261,alpha,smarter,-3.695852,7.0441766
11262,alpha,smarter,-4.1643424,9.205143
11263,alpha,smarter,-3.3404844,7.895195
11264,alpha,smarter,7.3142595,5.1550794
11265,alpha,smarter,-3.854923,6.357146
11266,alpha,smarter,-4.007027,7.0674233
11267,alpha,smarter,-2.0063572,7.8180723
11268,alpha,smarter,-4.095907,7.7470536
11269,alpha,smarter,-5.007185,8.34334
11270,alpha,smarter,-3.8123007,7.286768
11271,alpha,smarter,-3.6163244,9.088654
11272,alpha,smarter,-4.6212153,8.661044
11273,alpha,smarter,-2.9091766,6.956815
11274,alpha,smarter,-1.6881334,7.5195284
11275,alpha,smarter,-3.12197,8.185799
11276,alpha,smarter,-2.7468874,6.6617494
11277,alpha,smarter,-4.046119,9.18366
11278,alpha,smarter,-2.9213886,5.980708
11279,alpha,smarter,-1.8771195,7.7095666
11280,alpha,smarter,-3.8015687,9.293993
11281,alpha,smarter,-4.387248,9.194568
11282,alpha,smarter,-4.245846,9.402268
11283,alpha,smarter,-5.5781255,7.4253798
11284,alpha,smarter,-4.4396424,8.341614
11285,alpha,smarter,-3.9025192,9.2790575
11286,alpha,smarter,-3.8630047,7.566561
11287,alpha,smarter,-2.6328323,7.492609
11288,alpha,smarter,-3.201127,5.6732163
11289,alpha,smarter,-3.214833,8.970204
11290,alpha,smarter,-2.2639868,6.148066
11291,alpha,smarter,-4.8289514,6.5708017
11292,alpha,smarter,-3.22321,7.398285
11293,alpha,smarter,-2.4576535,8.3945265
11294,alpha,smarter,-3.6980286,7.0547004
11295,alpha,smarter,-3.7053967,8.054592
11296,alpha,smarter,-4.178631,6.7377987
11297,alpha,smarter,-4.0454626,6.8318825
11298,alpha,smarter,-4.13643,8.87904
11299,alpha,smarter,-3.23473,6.3054657
11300,alpha,smarter,-3.1218057,7.4297037
11301,alpha,smarter,-4.031807,9.075147
11302,alpha,smarter,-3.7865832,6.3156853
11303,alpha,smarter,-5.513555,7.492132
11304,alpha,smarter,-4.848219,8.994998
11305,alpha,smarter,-2.7040477,7.866708
11306,alpha,smarter,-3.5249522,7.916722
11307,alpha,smarter,-5.2110486,8.25126
11308,alpha,smarter,-3.50966,9.297666
11309,alpha,smarter,-4.187365,9.220086
11310,alpha,smarter,-4.0856953,9.232025
11311,alpha,smarter,-2.0949056,7.656913
11312,alpha,smarter,-4.5731697,9.0890875
11313,alpha,smarter,-3.6375787,9.172475
11314,alpha,smarter,-5.4083858,7.549189
11315,alpha,smarter,-3.2801137,7.2946124
11316,alpha,smarter,-3.9442327,7.272135
11317,alpha,smarter,-4.066373,9.135424
11318,alpha,smarter,-4.5634847,8.634422
11319,alpha,smarter,-5.1628065,8.977353
11320,alpha,smarter,-4.680334,9.211524
11321,alpha,smarter,-4.43978,8.534806
11322,alpha,smarter,-4.2769475,9.338863
11323,alpha,smarter,-3.7525475,9.244731
11324,alpha,smarter,-5.784263,8.530104
11325,alpha,smarter,-6.1028304,7.131287
11326,alpha,smarter,-3.6601272,9.469621
11327,alpha,smarter,-5.674771,7.593019
11328,alpha,smarter,-3.4026213,9.58029
11329,alpha,smarter,-3.531822,9.546629
11330,alpha,smarter,-2.7565672,7.3194237
11331,alpha,smarter,-2.5559967,7.2701902
11332,alpha,smarter,-2.7343743,7.4071403
11333,alpha,smarter,-2.9245613,7.434609
11334,alpha,smarter,-2.414629,7.2535133
11335,alpha,smarter,-2.560085,7.318742
11336,alpha,smarter,-3.3182483,5.238539
11337,alpha,smarter,-2.630759,7.322365
11338,alpha,smarter,-2.0741472,7.4426475
11339,alpha,smarter,-2.5593288,7.255793
11340,alpha,smarter,-2.7900367,7.632136
11341,alpha,smarter,-2.5818672,7.3183537
11342,alpha,smarter,-2.7853363,7.485732
11343,alpha,smarter,-3.3795161,7.200496
11344,alpha,smarter,-5.7710857,7.4205337
11345,alpha,smarter,-2.1896942,7.3201547
11346,alpha,smarter,-3.1203146,7.460683
11347,alpha,smarter,-3.181949,7.3573775
11348,alpha,smarter,-1.7073649,7.658803
11349,alpha,smarter,-3.7360806,7.446754
11350,alpha,smarter,-2.420385,7.3969345
11351,alpha,smarter,-2.5458539,6.9627957
11352,alpha,smarter,-3.1116076,8.066582
11353,alpha,smarter,-3.387705,6.0883565
11354,alpha,smarter,-3.7568555,6.282838
11355,alpha,smarter,-3.9801054,6.08933
11356,alpha,smarter,-2.5214584,6.6012325
11357,alpha,smarter,-1.8210887,6.221341
11358,alpha,smarter,-3.3137832,7.909739
11359,alpha,smarter,-1.9138061,5.8419223
11360,alpha,smarter,-2.5948212,5.4189887
11361,alpha,smarter,-1.690444,6.105754
11362,alpha,smarter,-2.1554027,5.138045
11363,alpha,smarter,-4.2198143,5.722628
11364,alpha,smarter,-4.2048545,6.1650352
11365,alpha,smarter,-2.2837021,5.491183
11366,alpha,smarter,-2.0435295,6.1998687
11367,alpha,smarter,-4.800181,6.8008294
11368,alpha,smarter,-3.6414413,6.399322
11369,alpha,smarter,-3.0814514,6.3366795
11370,alpha,smarter,-2.4738748,6.333223
11371,alpha,smarter,-4.6024737,8.031154
11372,alpha,smarter,-2.5879102,6.8827868
11373,alpha,smarter,-4.774122,6.814797
11374,alpha,smarter,-3.7791348,6.4084773
11375,alpha,smarter,-3.9876385,5.867709
11376,alpha,smarter,-4.1092978,6.164438
11377,alpha,smarter,-4.838107,6.719633
11378,alpha,smarter,-4.0325317,5.9000053
11379,alpha,smarter,-3.967519,5.9230356
11380,alpha,smarter,-4.818532,5.757174
11381,alpha,smarter,-3.6473043,7.299685
11382,alpha,smarter,-4.43812,6.349198
11383,alpha,smarter,-2.7272856,5.451071
11384,alpha,smarter,-2.992951,6.582942
11385,alpha,smarter,-2.768799,7.0151987
11386,alpha,smarter,-3.8671572,6.487488
11387,alpha,smarter,-4.34606,6.595657
11388,alpha,smarter,-3.0926514,5.3814015
11389,alpha,smarter,-4.0865636,6.316944
11390,alpha,smarter,-5.2339816,5.6802588
11391,alpha,smarter,-2.8172817,6.769665
11392,alpha,smarter,-4.079913,6.0293393
11393,alpha,smarter,-2.5624788,5.299847
11394,alpha,smarter,-3.0880868,5.4466395
11395,alpha,smarter,-3.9738994,6.0029206
11396,alpha,smarter,-4.1286445,7.0821257
11397,alpha,smarter,-4.5905795,7.0419397
11398,alpha,smarter,-1.9188788,5.8273525
11399,alpha,smarter,-5.359624,6.2035294
11400,alpha,smarter,-5.3552856,7.50961
11401,alpha,smarter,-4.4798756,6.37853
11402,alpha,smarter,-2.5956192,5.3845534
11403,alpha,smarter,-4.352686,6.5629544
11404,alpha,smarter,-2.3366957,7.018036
11405,alpha,smarter,-4.597341,6.294002
11406,alpha,smarter,-4.0972104,5.8972383
11407,alpha,smarter,-2.5045671,6.497544
11408,alpha,smarter,-2.4599226,5.5834537
11409,alpha,smarter,-1.8075885,5.9980083
11410,alpha,smarter,-2.9896846,5.922017
11411,alpha,smarter,-4.1646066,5.981643
11412,alpha,smarter,-4.5139537,6.601951
11413,alpha,smarter,-4.0602508,5.8556404
11414,alpha,smarter,-2.3799393,6.5120006
11415,alpha,smarter,-3.0537698,5.43478
11416,alpha,smarter,-2.6323984,6.36115
11417,alpha,smarter,-2.8176746,6.362732
11418,alpha,smarter,-3.896503,5.7908697
11419,alpha,smarter,-2.5027893,6.2019687
11420,alpha,smarter,-4.197494,6.310247
11421,alpha,smarter,-3.865243,6.929676
11422,alpha,smarter,-2.6631753,5.843921
11423,alpha,smarter,-2.778813,7.6183224
11424,alpha,smarter,-3.333761,7.355138
11425,alpha,smarter,-4.6161103,6.321523
11426,alpha,smarter,-4.15074,6.031957
11427,alpha,smarter,-2.8965373,5.190379
11428,alpha,smarter,-5.4691935,5.993294
11429,alpha,smarter,-4.1529784,5.955266
11430,alpha,smarter,-2.8549657,5.577235
11431,alpha,smarter,-3.7892191,5.9651403
11432,alpha,smarter,-4.295824,6.3070955
11433,alpha,smarter,-2.9308815,7.533564
11434,alpha,smarter,-4.957244,6.0025487
11435,alpha,smarter,-3.5990193,8.172113
11436,alpha,smarter,-3.3330119,7.4267488
11437,alpha,smarter,-2.3181539,6.6665883
11438,alpha,smarter,-3.3102858,6.243833
11439,alpha,smarter,-5.3521357,7.2896767
11440,alpha,smarter,-5.093107,6.415115
11441,alpha,smarter,-4.9030676,7.0871477
11442,alpha,smarter,-4.8323436,6.284603
11443,alpha,smarter,-5.165027,6.339485
11444,alpha,smarter,-3.522492,6.405021
11445,alpha,smarter,-5.492616,7.6472006
11446,alpha,smarter,-4.896273,9.004445
11447,alpha,smarter,-4.5753407,7.9850245
11448,alpha,smarter,-5.305726,6.5488043
11449,alpha,smarter,-5.4094367,8.049682
11450,alpha,smarter,3.536519,3.122376
11451,alpha,smarter,-5.91211,8.763206
11452,alpha,smarter,-4.693012,7.7480397
11453,alpha,smarter,-4.282602,6.2475886
11454,alpha,smarter,-5.4265623,6.10866
11455,alpha,smarter,-4.9281836,6.4405875
11456,alpha,smarter,-5.372623,5.8177905
11457,alpha,smarter,-5.5144925,7.6201587
11458,alpha,smarter,-4.8002462,6.4596014
11459,alpha,smarter,-5.1101584,8.282343
11460,alpha,smarter,-5.2461276,6.537907
11461,alpha,smarter,-4.6646557,8.88898
11462,alpha,smarter,-4.9055576,7.9524946
11463,alpha,smarter,-3.2595344,5.9904485
11464,alpha,smarter,-2.594203,6.8614907
11465,alpha,smarter,-4.4009895,7.7491565
11466,alpha,smarter,-4.546083,8.302551
11467,alpha,smarter,-5.4893517,6.007257
11468,alpha,smarter,-4.8609796,6.52719
11469,alpha,smarter,-4.555975,7.856122
11470,alpha,smarter,-3.8769631,5.8405004
11471,alpha,smarter,-5.0735254,6.50376
11472,alpha,smarter,-3.9283607,8.775517
11473,alpha,smarter,-4.922376,6.9623933
11474,alpha,smarter,-5.257786,6.8721743
11475,alpha,smarter,-2.1444035,5.3275547
11476,alpha,smarter,-3.4335463,5.834942
11477,alpha,smarter,-5.329144,7.5765753
11478,alpha,smarter,-5.1133585,6.396455
11479,alpha,smarter,-5.2958713,6.0804224
11480,alpha,smarter,-4.572188,6.88176
11481,alpha,smarter,-4.9553084,7.7736273
11482,alpha,smarter,-4.627638,6.6572204
11483,alpha,smarter,-4.96938,6.9316974
11484,alpha,smarter,-4.5819206,6.7912173
11485,alpha,smarter,-5.0018854,6.4504914
11486,alpha,smarter,-4.9500284,6.6331215
11487,alpha,smarter,-3.6357098,9.288239
11488,alpha,smarter,-4.910121,6.4792314
11489,alpha,smarter,-5.322923,7.0232058
11490,alpha,smarter,-4.6779037,8.198198
11491,alpha,smarter,-4.543036,7.792336
11492,alpha,smarter,-3.7548144,6.2667336
11493,alpha,smarter,-4.9542294,7.795724
11494,alpha,smarter,-3.6287582,7.9230237
11495,alpha,smarter,-5.0122905,6.35984
11496,alpha,smarter,-4.5752463,7.333286
11497,alpha,smarter,-5.483532,5.7566466
11498,alpha,smarter,-5.3912716,5.7117743
11499,alpha,smarter,-2.4341993,5.1373863
11500,alpha,smarter,-4.4719243,6.559225
11501,alpha,smarter,-5.263411,8.095124
11502,alpha,smarter,-3.9274132,6.832434
11503,alpha,smarter,-4.356783,9.17906
11504,alpha,smarter,-5.3286066,7.459323
11505,alpha,smarter,-5.9922347,7.521394
11506,alpha,smarter,-3.8142333,7.8213387
11507,alpha,smarter,-4.9177337,7.5320754
11508,alpha,smarter,-5.161987,7.357932
11509,alpha,smarter,-5.052356,5.995768
11510,alpha,smarter,-3.5997293,8.386888
11511,alpha,smarter,-5.3627977,7.294511
11512,alpha,smarter,-5.251053,8.423025
11513,alpha,smarter,-4.904514,8.190258
11514,alpha,smarter,-5.842928,7.7654138
11515,alpha,smarter,-2.1015291,5.21855
11516,alpha,smarter,-5.3812623,6.216153
11517,alpha,smarter,-4.7151318,7.83804
11518,alpha,smarter,-5.0311637,7.5714
11519,alpha,smarter,-5.1417174,8.03762
11520,alpha,smarter,-3.5457969,6.8849907
11521,alpha,smarter,-3.9252963,8.663658
11522,alpha,smarter,-2.6008472,6.172017
11523,alpha,smarter,-3.5304723,8.749607
11524,alpha,smarter,-4.414948,8.417889
11525,alpha,smarter,-5.2150607,7.4265747
11526,alpha,smarter,-5.4632726,7.3985868
11527,alpha,smarter,-3.9571435,6.833107
11528,alpha,smarter,-4.6514487,7.9309273
11529,alpha,smarter,-4.532214,8.00946
11530,alpha,smarter,-4.591601,7.425352
11531,alpha,smarter,-4.801165,8.53722
11532,alpha,smarter,-4.465056,7.7574997
11533,alpha,smarter,-5.181299,7.4468927
11534,alpha,smarter,-4.810158,8.048579
11535,alpha,smarter,-4.7823,8.091319
11536,alpha,smarter,-5.165341,7.577539
11537,alpha,smarter,-5.7837424,8.256945
11538,alpha,smarter,-4.8703017,8.884247
11539,alpha,smarter,-5.4554834,5.8536763
11540,alpha,smarter,-5.3289595,7.301144
11541,alpha,smarter,-3.212201,6.403819
11542,alpha,smarter,-5.442398,7.415157
11543,alpha,smarter,-5.7128854,8.5874195
11544,alpha,smarter,-4.996132,6.6396832
11545,alpha,smarter,-5.2077727,6.9444814
11546,alpha,smarter,7.2365055,5.2108493
11547,alpha,smarter,-4.926665,8.936465
11548,alpha,smarter,-5.04384,8.283056
11549,alpha,smarter,-5.4155536,7.1226163
11550,alpha,smarter,-3.5069187,8.668102
11551,alpha,smarter,-3.9872565,8.513778
11552,alpha,smarter,-5.469787,7.6093035
11553,alpha,smarter,-4.7582483,7.1566978
11554,alpha,smarter,-3.4904206,8.083243
11555,alpha,smarter,-3.7560341,8.822006
11556,alpha,smarter,-5.306845,7.0956693
11557,alpha,smarter,-3.3063054,8.581998
11558,alpha,smarter,-5.035297,7.3878574
11559,alpha,smarter,-4.5784645,7.4287677
11560,alpha,smarter,-4.405626,7.884134
11561,alpha,smarter,-5.078561,6.9776974
11562,alpha,smarter,-4.8107104,7.6005135
11563,alpha,smarter,-5.433887,7.583784
11564,alpha,smarter,-5.030502,7.4284034
11565,alpha,smarter,-5.0032253,7.4464035
11566,alpha,smarter,-5.055202,6.9599595
11567,alpha,smarter,-1.9790676,6.2865868
11568,alpha,smarter,-4.2575264,8.256395
11569,alpha,smarter,-3.5025249,8.329493
11570,alpha,smarter,-4.2830377,8.83052
11571,alpha,smarter,-4.7237496,7.420235
11572,alpha,smarter,-5.0094485,7.038035
11573,alpha,smarter,-4.0760307,8.333289
11574,alpha,smarter,-3.6176062,5.5281615
11575,alpha,smarter,-5.004473,8.5737505
11576,alpha,smarter,-5.3853836,7.362553
11577,alpha,smarter,-4.8718033,7.515164
11578,alpha,smarter,-4.360054,8.604683
11579,alpha,smarter,-4.26856,8.366592
11580,alpha,smarter,-5.1782775,7.9752173
11581,alpha,smarter,-5.553205,8.566416
11582,alpha,smarter,-5.0879025,7.907402
11583,alpha,smarter,-3.4345422,8.909889
11584,alpha,smarter,-4.6606793,6.9734883
11585,alpha,smarter,-4.3156333,9.264873
11586,alpha,smarter,-5.1622047,7.1256804
11587,alpha,smarter,-4.607939,7.417852
11588,alpha,smarter,-3.936967,9.329096
11589,alpha,smarter,-4.694371,7.557551
11590,alpha,smarter,-4.450106,8.073841
11591,alpha,smarter,-4.3007884,8.319526
11592,alpha,smarter,-4.2350106,8.401579
11593,alpha,smarter,-4.532546,7.863149
11594,alpha,smarter,-4.6297536,7.950549
11595,alpha,smarter,-4.256164,7.125395
11596,alpha,smarter,-5.5585256,7.4820294
11597,alpha,smarter,-5.43631,8.374156
11598,alpha,smarter,-4.67891,8.241227
11599,alpha,smarter,-5.2724175,7.396847
11600,alpha,smarter,-4.964365,6.8217173
11601,alpha,smarter,-4.8227057,7.1566596
11602,alpha,smarter,-2.908109,5.2553086
11603,alpha,smarter,-4.9103165,7.573782
11604,alpha,smarter,-5.292339,8.373999
11605,alpha,smarter,-1.5227172,6.019318
11606,alpha,smarter,-4.526456,7.940144
11607,alpha,smarter,-4.215049,6.8253694
11608,alpha,smarter,-5.3620768,6.122583
11609,alpha,smarter,-5.046431,7.453422
11610,alpha,smarter,-4.6992564,7.832382
11611,alpha,smarter,-4.6510096,6.9595685
11612,alpha,smarter,-4.8500977,8.446142
11613,alpha,smarter,-4.582335,8.010706
11614,alpha,smarter,-5.3252497,7.084217
11615,alpha,smarter,-4.1552997,8.355694
11616,alpha,smarter,-4.7341995,7.8923035
11617,alpha,smarter,-5.9000206,7.326495
11618,alpha,smarter,-2.9684668,5.7894154
11619,alpha,smarter,-5.350543,7.316658
11620,alpha,smarter,-4.3218904,9.190398
11621,alpha,smarter,-3.3971305,8.70024
11622,alpha,smarter,-5.2866216,7.124389
11623,alpha,smarter,-4.907509,8.209633
11624,alpha,smarter,-5.2578373,7.4931335
11625,alpha,smarter,-4.047308,7.9931073
11626,alpha,smarter,-5.2981296,8.042697
11627,alpha,smarter,-5.021501,7.780494
11628,alpha,smarter,-5.4749537,8.341916
11629,alpha,smarter,-4.6532726,8.314456
11630,delta,smarter,1.4612236,-0.07581921
11631,delta,smarter,1.6555704,-0.12119239
11632,delta,smarter,1.6199515,-0.14493544
11633,delta,smarter,0.55080426,0.35990912
11634,delta,smarter,-1.3820456,5.845194
11635,delta,smarter,3.5491078,3.0170934
11636,delta,smarter,0.8385181,0.23818517
11637,delta,smarter,0.06540603,0.2010689
11638,delta,smarter,0.37387377,-0.25165328
11639,delta,smarter,0.20797129,-0.05402315
11640,delta,smarter,1.258438,-0.71114784
11641,delta,smarter,1.2510664,-0.39011443
11642,delta,smarter,1.1946756,-0.68115944
11643,delta,smarter,1.2076445,0.7548793
11644,delta,smarter,0.65431416,0.6863197
11645,delta,smarter,1.118226,-0.6128447
11646,delta,smarter,1.4331104,-0.43736497
11647,delta,smarter,1.721407,-0.29559475
11648,delta,smarter,-2.6679902,6.2506313
11649,delta,smarter,1.2307315,-0.61009115
11650,delta,smarter,1.4472173,-0.19945194
11651,gamma,smarter,-5.3296156,0.24432787
11652,gamma,smarter,-5.6488633,0.07705159
11653,gamma,smarter,-5.5520277,0.3989617
11654,gamma,smarter,-5.462251,0.16762452
11655,gamma,smarter,-5.667901,-0.19789
11656,gamma,smarter,-5.4434133,0.1774024
11657,gamma,smarter,-5.485741,0.22223212
11658,gamma,smarter,-5.3688917,0.29899403
11659,gamma,smarter,-5.397043,0.35093245
11660,gamma,smarter,-5.3058987,0.20936714
11661,gamma,smarter,-5.81544,0.52959704
11662,gamma,smarter,-5.752252,0.54639775
11663,gamma,smarter,-5.980776,0.32335106
11664,gamma,smarter,-5.6858954,0.3272047
11665,gamma,smarter,-5.8290267,0.074198775
11666,gamma,smarter,-5.5020213,-0.1218429
11667,gamma,smarter,-5.839844,0.41134694
11668,gamma,smarter,-5.6480875,0.07952478
11669,gamma,smarter,-5.608875,0.038883667
11670,gamma,smarter,-6.020873,0.07060736
11671,gamma,smarter,-5.962156,0.3683386
11672,gamma,smarter,-5.5879188,0.34113887
11673,gamma,smarter,-5.402123,0.3066412
11674,gamma,smarter,-5.4628825,0.32590005
11675,gamma,smarter,-5.348704,-0.14399065
11676,gamma,smarter,-5.5286922,-0.13375026
11677,gamma,smarter,-5.619844,0.21557815
11678,gamma,smarter,-5.618489,-0.20082141
11679,gamma,smarter,-5.5988073,-0.24269316
11680,gamma,smarter,-5.4691386,-0.1843489
11681,gamma,smarter,-6.023633,0.18788962
11682,gamma,smarter,-5.463049,-0.21991362
11683,gamma,smarter,-5.2346077,-0.21898879
11684,gamma,smarter,-5.235681,-0.30096886
11685,gamma,smarter,-5.444576,-0.29694045
11686,gamma,smarter,-5.622435,-0.3019653
11687,gamma,smarter,-5.7873235,0.327752
11688,gamma,smarter,-5.6934977,0.061618924
11689,gamma,smarter,-5.7386656,-0.37454545
11690,gamma,smarter,-5.697773,-0.2777725
11691,gamma,smarter,-5.501989,0.07743821
11692,gamma,smarter,-5.3356066,-0.31037283
11693,gamma,smarter,-5.315698,-0.08528234
11694,gamma,smarter,-5.72431,-0.11399288
11695,gamma,smarter,-5.674584,0.07399309
11696,gamma,smarter,-5.6417513,-0.19327198
11697,gamma,smarter,-5.3877554,-0.307958
11698,gamma,smarter,-5.547506,-0.29522878
11699,gamma,smarter,-5.7612305,-0.11578441
11700,gamma,smarter,-5.3420434,0.28080285
11701,gamma,smarter,-5.1816278,0.32334048
11702,gamma,smarter,-5.18697,-0.24003185
