query_index,recall_at_k,candidate_recall_at_m,fuzzy_weighted_recall,ndcg_at_k,latency_seconds,embedding_recall_ours_full,true_label
0,0.8666666666666667,0.8666666666666667,0.912503473669187,0.9581201883791066,0.023668566718697548,0.13333333333333333,gamma
1,0.8666666666666667,0.8666666666666667,0.9563716852980204,0.9808172781199417,0.0008246023207902908,0.06666666666666667,gamma
2,0.8,0.8,0.8666494089995292,0.9348230878295121,0.0007294006645679474,0.0,gamma
3,0.7333333333333333,0.7333333333333333,0.8131184764317405,0.899619689917076,0.0007465211674571037,0.26666666666666666,gamma
4,0.8666666666666667,0.8666666666666667,0.9777710315608248,0.9900427010597512,0.0007178084924817085,0.13333333333333333,gamma
5,0.9333333333333333,0.9333333333333333,0.9714733116865448,0.9873012010834198,0.000687641091644764,0.26666666666666666,gamma
6,0.9333333333333333,0.9333333333333333,0.9959480781647879,0.9983308802957358,0.0006865952163934708,0.13333333333333333,gamma
7,1.0,1.0,1.0,1.0,0.0006756754592061043,0.13333333333333333,gamma
8,1.0,1.0,1.0,1.0,0.0006782431155443192,0.2,gamma
9,1.0,1.0,1.0,1.0,0.0006904108449816704,0.06666666666666667,gamma
10,0.9333333333333333,0.9333333333333333,0.9663938983306171,0.9844034010581783,0.0006647519767284393,0.06666666666666667,gamma
11,1.0,1.0,1.0,1.0,0.0007138215005397797,0.26666666666666666,gamma
12,1.0,1.0,1.0,1.0,0.0006828820332884789,0.2,gamma
13,0.7333333333333333,0.7333333333333333,0.8843021925913781,0.946581052470607,0.00067945197224617,0.0,gamma
14,1.0,1.0,1.0,1.0,0.0006908299401402473,0.13333333333333333,gamma
15,1.0,1.0,1.0,1.0,0.0006975866854190826,0.13333333333333333,gamma
16,1.0,1.0,1.0,1.0,0.0006984760984778404,0.06666666666666667,gamma
17,1.0,1.0,1.0,1.0,0.0006610555574297905,0.2,gamma
18,1.0,1.0,1.0,1.0,0.0006793225184082985,0.06666666666666667,gamma
19,1.0,1.0,1.0,1.0,0.0009571639820933342,0.13333333333333333,gamma
20,1.0,1.0,1.0,1.0,0.0007156878709793091,0.06666666666666667,gamma
21,0.9333333333333333,0.9333333333333333,0.9617383034165014,0.9822284298822265,0.000681612640619278,0.13333333333333333,gamma
22,1.0,1.0,1.0,1.0,0.0006795991212129593,0.13333333333333333,gamma
23,1.0,1.0,1.0,1.0,0.0006664339452981949,0.06666666666666667,gamma
24,0.9333333333333333,0.9333333333333333,0.9753755362390328,0.9892126270496007,0.0006950469687581062,0.13333333333333333,gamma
25,0.9333333333333333,0.9333333333333333,0.956042438586712,0.9793579672216323,0.0006678178906440735,0.0,gamma
26,1.0,1.0,1.0,1.0,0.0007053632289171219,0.06666666666666667,gamma
27,0.9333333333333333,0.9333333333333333,0.9708627964447487,0.986633450814838,0.0006690872833132744,0.06666666666666667,gamma
28,1.0,1.0,1.0,1.0,0.0006825067102909088,0.0,gamma
29,1.0,1.0,1.0,1.0,0.0006733722984790802,0.2,gamma
30,1.0,1.0,1.0,1.0,0.0006561595946550369,0.06666666666666667,gamma
31,1.0,1.0,1.0,1.0,0.0006585512310266495,0.0,gamma
32,1.0,1.0,1.0,1.0,0.0007069893181324005,0.13333333333333333,gamma
33,1.0,1.0,1.0,1.0,0.0006556892767548561,0.13333333333333333,gamma
34,1.0,1.0,1.0,1.0,0.0006553418934345245,0.06666666666666667,gamma
35,1.0,1.0,1.0,1.0,0.0006920425221323967,0.06666666666666667,gamma
36,1.0,1.0,1.0,1.0,0.000660366378724575,0.2,gamma
37,1.0,1.0,1.0,1.0,0.0006569819524884224,0.0,gamma
38,1.0,1.0,1.0,1.0,0.000675031915307045,0.06666666666666667,gamma
39,0.9333333333333333,0.9333333333333333,0.9563875424386787,0.979202396505357,0.0006749741733074188,0.13333333333333333,gamma
40,1.0,1.0,1.0,1.0,0.0006830617785453796,0.13333333333333333,gamma
41,0.9333333333333333,0.9333333333333333,0.9855466215361274,0.9936423812034534,0.0006630038842558861,0.06666666666666667,gamma
42,0.9333333333333333,0.9333333333333333,0.9954237523433502,0.9981036181816015,0.0006847595795989037,0.3333333333333333,gamma
43,1.0,1.0,1.0,1.0,0.0006658788770437241,0.13333333333333333,gamma
44,1.0,1.0,1.0,1.0,0.0007113693282008171,0.2,gamma
45,1.0,1.0,1.0,1.0,0.0006712786853313446,0.2,gamma
46,1.0,1.0,1.0,1.0,0.0006716670468449593,0.13333333333333333,gamma
47,0.8666666666666667,0.8666666666666667,0.9285603402472475,0.967374066385985,0.0006454214453697205,0.06666666666666667,gamma
48,1.0,1.0,1.0,1.0,0.0006994474679231644,0.0,gamma
49,1.0,1.0,1.0,1.0,0.0006690369918942451,0.26666666666666666,gamma
50,1.0,1.0,1.0,1.0,0.0006587905809283257,0.2,gamma
51,1.0,1.0,1.0,1.0,0.0006744246929883957,0.06666666666666667,gamma
52,1.0,1.0,1.0,1.0,0.0006632497534155846,0.2,gamma
53,0.9333333333333333,0.9333333333333333,0.9859284154349116,0.9939032776440841,0.0006765006110072136,0.06666666666666667,gamma
54,0.8,0.8,0.8933300349258181,0.9491134214480591,0.000675298273563385,0.13333333333333333,gamma
55,1.0,1.0,1.0,1.0,0.0006902767345309258,0.0,gamma
56,1.0,1.0,1.0,1.0,0.0006699487566947937,0.06666666666666667,gamma
57,0.8666666666666667,0.8666666666666667,0.9036599679562227,0.9503887045992114,0.0006847213953733444,0.3333333333333333,gamma
58,0.8666666666666667,0.8666666666666667,0.8910444971451775,0.9442497098412672,0.0006527239456772804,0.0,gamma
59,1.0,1.0,1.0,1.0,0.0006543770432472229,0.06666666666666667,gamma
60,1.0,1.0,1.0,1.0,0.000665164552628994,0.0,gamma
61,1.0,1.0,1.0,1.0,0.00064796581864357,0.06666666666666667,gamma
62,0.9333333333333333,0.9333333333333333,0.9614250445006978,0.9819758531945081,0.0006722845137119293,0.2,gamma
63,1.0,1.0,1.0,1.0,0.0006651543080806732,0.06666666666666667,gamma
64,1.0,1.0,1.0,1.0,0.0006452929228544235,0.2,gamma
65,1.0,1.0,1.0,1.0,0.0006843600422143936,0.13333333333333333,gamma
66,1.0,1.0,1.0,1.0,0.0006656311452388763,0.2,gamma
67,1.0,1.0,1.0,1.0,0.000681738369166851,0.06666666666666667,gamma
68,1.0,1.0,1.0,1.0,0.0006726719439029694,0.13333333333333333,gamma
69,1.0,1.0,1.0,1.0,0.0006567072123289108,0.2,gamma
70,0.9333333333333333,0.9333333333333333,0.9826027014836217,0.9924026820160459,0.0006909454241394997,0.06666666666666667,gamma
71,1.0,1.0,1.0,1.0,0.0006523961201310158,0.06666666666666667,gamma
72,1.0,1.0,1.0,1.0,0.0006460882723331451,0.06666666666666667,gamma
73,1.0,1.0,1.0,1.0,0.0006733657792210579,0.06666666666666667,gamma
74,1.0,1.0,1.0,1.0,0.0006565339863300323,0.06666666666666667,gamma
75,1.0,1.0,1.0,1.0,0.0006764354184269905,0.13333333333333333,gamma
76,1.0,1.0,1.0,1.0,0.0006508259102702141,0.2,gamma
77,1.0,1.0,1.0,1.0,0.000670568086206913,0.13333333333333333,gamma
78,0.8,0.8,0.9119286415706991,0.9603142446898228,0.0006506936624646187,0.13333333333333333,gamma
79,1.0,1.0,1.0,1.0,0.0006673652678728104,0.0,gamma
80,1.0,1.0,1.0,1.0,0.0006705271080136299,0.13333333333333333,gamma
81,1.0,1.0,1.0,1.0,0.0006510503590106964,0.06666666666666667,gamma
82,1.0,1.0,1.0,1.0,0.0006529679521918297,0.0,gamma
83,1.0,1.0,1.0,1.0,0.00069420225918293,0.13333333333333333,gamma
84,1.0,1.0,1.0,1.0,0.000658583827316761,0.2,gamma
85,1.0,1.0,1.0,1.0,0.0006797937676310539,0.06666666666666667,gamma
86,1.0,1.0,1.0,1.0,0.0006641736254096031,0.06666666666666667,gamma
87,1.0,1.0,1.0,1.0,0.00070177111774683,0.2,gamma
88,1.0,1.0,1.0,1.0,0.0006685936823487282,0.26666666666666666,gamma
89,1.0,1.0,1.0,1.0,0.0006504440680146217,0.3333333333333333,gamma
90,1.0,1.0,1.0,1.0,0.0006743697449564934,0.13333333333333333,gamma
91,0.7333333333333333,0.7333333333333333,0.7754705835594546,0.8802610510847237,0.0006653405725955963,0.06666666666666667,gamma
92,1.0,1.0,1.0,1.0,0.0006601260975003242,0.06666666666666667,gamma
93,1.0,1.0,1.0,1.0,0.0006709713488817215,0.0,gamma
94,1.0,1.0,1.0,1.0,0.000658523291349411,0.06666666666666667,gamma
95,1.0,1.0,1.0,1.0,0.0006609959527850151,0.06666666666666667,gamma
96,1.0,1.0,1.0,1.0,0.0006783837452530861,0.06666666666666667,gamma
97,1.0,1.0,1.0,1.0,0.0006894655525684357,0.06666666666666667,gamma
98,1.0,1.0,1.0,1.0,0.0006542792543768883,0.13333333333333333,gamma
99,1.0,1.0,1.0,1.0,0.0006558625027537346,0.2,gamma
100,1.0,1.0,1.0,1.0,0.0006731264293193817,0.2,gamma
101,1.0,1.0,1.0,1.0,0.0006784899160265923,0.26666666666666666,gamma
102,1.0,1.0,1.0,1.0,0.0006513716652989388,0.2,gamma
103,1.0,1.0,1.0,1.0,0.0006668530404567719,0.06666666666666667,gamma
104,1.0,1.0,1.0,1.0,0.0006476277485489845,0.13333333333333333,gamma
105,1.0,1.0,1.0,1.0,0.000695355236530304,0.13333333333333333,gamma
106,1.0,1.0,1.0,1.0,0.0006633596494793892,0.06666666666666667,gamma
107,1.0,1.0,1.0,1.0,0.0006443774327635765,0.06666666666666667,gamma
108,1.0,1.0,1.0,1.0,0.0006653508171439171,0.06666666666666667,gamma
109,1.0,1.0,1.0,1.0,0.0006657978519797325,0.2,gamma
110,1.0,1.0,1.0,1.0,0.0006460584700107574,0.06666666666666667,gamma
111,1.0,1.0,1.0,1.0,0.0006701210513710976,0.13333333333333333,gamma
112,1.0,1.0,1.0,1.0,0.0006589675322175026,0.2,gamma
113,0.9333333333333333,0.9333333333333333,0.993594089135851,0.9973733220722909,0.0006895344704389572,0.0,gamma
114,1.0,1.0,1.0,1.0,0.0006684977561235428,0.06666666666666667,gamma
115,1.0,1.0,1.0,1.0,0.0006671212613582611,0.06666666666666667,gamma
116,1.0,1.0,1.0,1.0,0.0006582345813512802,0.2,gamma
117,0.8666666666666667,0.8666666666666667,0.7363009479254405,0.7929037890245327,0.0006940644234418869,0.13333333333333333,gamma
118,0.9333333333333333,0.9333333333333333,0.9610872079622453,0.9816370143916766,0.000655285082757473,0.2,gamma
119,0.9333333333333333,0.9333333333333333,0.9591973115080936,0.9810697955298542,0.0006532240658998489,0.06666666666666667,gamma
120,1.0,1.0,1.0,1.0,0.0006988886743783951,0.26666666666666666,gamma
121,1.0,1.0,1.0,1.0,0.00065635796636343,0.13333333333333333,gamma
122,1.0,1.0,1.0,1.0,0.0007113134488463402,0.06666666666666667,gamma
123,0.9333333333333333,0.9333333333333333,0.97694822562705,0.990290481680802,0.0006658667698502541,0.0,gamma
124,1.0,1.0,1.0,1.0,0.0006418004631996155,0.2,gamma
125,0.9333333333333333,0.9333333333333333,0.970221149488806,0.9866083719925346,0.0006896490231156349,0.0,gamma
126,0.9333333333333333,0.9333333333333333,0.969914471657554,0.9868468411894598,0.0006605293601751328,0.26666666666666666,gamma
127,1.0,1.0,1.0,1.0,0.0006696395576000214,0.0,gamma
128,1.0,1.0,1.0,1.0,0.000666632317006588,0.06666666666666667,gamma
129,1.0,1.0,1.0,1.0,0.000698799267411232,0.06666666666666667,gamma
130,1.0,1.0,1.0,1.0,0.0006574168801307678,0.0,gamma
131,0.8,0.8,0.8741465485622673,0.9394690752696873,0.0006498731672763824,0.06666666666666667,gamma
132,1.0,1.0,1.0,1.0,0.0006807558238506317,0.0,gamma
133,1.0,1.0,1.0,1.0,0.0006415015086531639,0.13333333333333333,gamma
134,0.8666666666666667,0.8666666666666667,0.9336916541641103,0.9693524436152818,0.0006570331752300262,0.13333333333333333,gamma
135,1.0,1.0,1.0,1.0,0.0006729019805788994,0.13333333333333333,gamma
136,1.0,1.0,1.0,1.0,0.0006374092772603035,0.0,gamma
137,0.9333333333333333,0.9333333333333333,0.9710279523133086,0.9870186525840355,0.0006716065108776093,0.13333333333333333,gamma
138,0.9333333333333333,0.9333333333333333,0.9919676972062711,0.9967021723504551,0.0006611663848161697,0.06666666666666667,gamma
139,0.7333333333333333,0.7333333333333333,0.8647071903407619,0.9366993672530113,0.0006438642740249634,0.26666666666666666,gamma
140,0.8666666666666667,0.8666666666666667,0.9669744044634089,0.9860827411362428,0.0006701536476612091,0.06666666666666667,gamma
141,1.0,1.0,1.0,1.0,0.0006898436695337296,0.26666666666666666,gamma
142,0.9333333333333333,0.9333333333333333,0.9791364635800488,0.9907962390342197,0.0006640329957008362,0.2,gamma
143,1.0,1.0,1.0,1.0,0.0006523188203573227,0.26666666666666666,gamma
144,0.9333333333333333,0.9333333333333333,0.9665889167837491,0.9850969929116905,0.0006955498829483986,0.2,gamma
145,1.0,1.0,1.0,1.0,0.0006664218381047249,0.2,gamma
146,0.9333333333333333,0.9333333333333333,0.9404178546338215,0.9687044907530328,0.0006521036848425865,0.2,gamma
147,0.9333333333333333,0.9333333333333333,0.9912595139806516,0.9962617956149663,0.0006669890135526657,0.06666666666666667,gamma
148,0.8666666666666667,0.8666666666666667,0.9643889776842526,0.9840392558272577,0.0006758831441402435,0.06666666666666667,gamma
149,1.0,1.0,1.0,1.0,0.0006642201915383339,0.13333333333333333,gamma
150,0.8666666666666667,0.8666666666666667,0.9320666257643995,0.968840906516392,0.0006928937509655952,0.06666666666666667,gamma
151,0.8666666666666667,0.8666666666666667,0.9110286325892699,0.9573052078892369,0.0006808685138821602,0.13333333333333333,gamma
152,1.0,1.0,1.0,1.0,0.000662732869386673,0.3333333333333333,gamma
153,0.7333333333333333,0.7333333333333333,0.8239060630464802,0.9128449593994398,0.0007107667624950409,0.06666666666666667,gamma
154,0.8666666666666667,0.8666666666666667,0.9208874320069677,0.9629585995883991,0.0006618397310376167,0.06666666666666667,gamma
155,1.0,1.0,1.0,1.0,0.000652349554002285,0.13333333333333333,gamma
156,0.7333333333333333,0.7333333333333333,0.7937719633981796,0.8795775690757344,0.0006656106561422348,0.06666666666666667,gamma
157,0.8666666666666667,0.8666666666666667,0.960245628808254,0.9831127494177644,0.0006545130163431168,0.06666666666666667,gamma
158,0.9333333333333333,0.9333333333333333,0.9694527468328941,0.9867867641776706,0.0006759129464626312,0.13333333333333333,gamma
159,0.9333333333333333,0.9333333333333333,0.9677084084289924,0.9856455231979484,0.0006437283009290695,0.26666666666666666,gamma
160,0.9333333333333333,0.9333333333333333,0.9632106376868456,0.9826712355880286,0.0006733415648341179,0.06666666666666667,gamma
161,0.9333333333333333,0.9333333333333333,0.9535600282738909,0.9779156113716296,0.000660337507724762,0.13333333333333333,gamma
162,1.0,1.0,1.0,1.0,0.000641833059489727,0.06666666666666667,gamma
163,1.0,1.0,1.0,1.0,0.0006567304953932762,0.2,gamma
164,0.9333333333333333,0.9333333333333333,0.981310002379831,0.9918238124645756,0.0006582615897059441,0.2,gamma
165,1.0,1.0,1.0,1.0,0.0006713941693305969,0.2,gamma
166,0.8666666666666667,0.8666666666666667,0.9139851652321029,0.9579615943664762,0.0006562210619449615,0.13333333333333333,gamma
167,1.0,1.0,1.0,1.0,0.0006825858727097511,0.4666666666666667,gamma
168,0.9333333333333333,0.9333333333333333,0.9866441658821461,0.994187011776541,0.0006803711876273155,0.2,gamma
169,1.0,1.0,1.0,1.0,0.0006944723427295685,0.13333333333333333,gamma
170,0.8666666666666667,0.8666666666666667,0.9292324704088809,0.9678682290136316,0.000661168247461319,0.13333333333333333,gamma
171,0.9333333333333333,0.9333333333333333,0.9635998789534503,0.9835444698503182,0.000663096085190773,0.13333333333333333,gamma
172,0.9333333333333333,0.9333333333333333,0.9699771037626094,0.9869484303421551,0.0006610564887523651,0.13333333333333333,gamma
173,1.0,1.0,1.0,1.0,0.0006766123697161674,0.13333333333333333,gamma
174,1.0,1.0,1.0,1.0,0.0006767753511667252,0.0,gamma
175,0.9333333333333333,0.9333333333333333,0.9834174349097308,0.9929031267468081,0.0006784358993172646,0.06666666666666667,gamma
176,0.9333333333333333,0.9333333333333333,0.9810155334322528,0.9916899763906064,0.0006480598822236061,0.06666666666666667,gamma
177,0.9333333333333333,0.9333333333333333,0.9702754541033963,0.9866383839187705,0.0006679613143205643,0.06666666666666667,gamma
178,1.0,1.0,1.0,1.0,0.000660712830722332,0.26666666666666666,gamma
179,0.8666666666666667,0.8666666666666667,0.9355358679338092,0.9704051306722582,0.0006955740973353386,0.13333333333333333,gamma
180,1.0,1.0,1.0,1.0,0.0006599584594368935,0.06666666666666667,gamma
181,0.9333333333333333,0.9333333333333333,0.9570665002358145,0.9796262113521734,0.0006534093990921974,0.06666666666666667,gamma
182,1.0,1.0,1.0,1.0,0.0006637386977672577,0.26666666666666666,gamma
183,1.0,1.0,1.0,1.0,0.0006506871432065964,0.2,gamma
184,0.8666666666666667,0.8666666666666667,0.930572884291249,0.9674366846545499,0.0006771869957447052,0.13333333333333333,gamma
185,1.0,1.0,1.0,1.0,0.0006536366418004036,0.2,gamma
186,1.0,1.0,1.0,1.0,0.0006520068272948265,0.2,gamma
187,1.0,1.0,1.0,1.0,0.0006623081862926483,0.0,gamma
188,0.8,0.8,0.9051757702443096,0.9563478722524877,0.0006537493318319321,0.06666666666666667,gamma
189,0.9333333333333333,0.9333333333333333,0.9740800132387915,0.9887871495834332,0.0006636166945099831,0.06666666666666667,gamma
190,0.9333333333333333,0.9333333333333333,0.9800412480428805,0.9914689457081608,0.0006580101326107979,0.26666666666666666,gamma
191,0.8666666666666667,0.8666666666666667,0.9092170615460109,0.9559032501256993,0.000727437436580658,0.13333333333333333,gamma
192,0.9333333333333333,0.9333333333333333,0.9667073389743492,0.9850026981386318,0.0006666174158453941,0.06666666666666667,gamma
193,0.9333333333333333,0.9333333333333333,0.9714829523397709,0.9875925185715154,0.0006463117897510529,0.3333333333333333,gamma
194,1.0,1.0,1.0,1.0,0.0006681531667709351,0.2,gamma
195,1.0,1.0,1.0,1.0,0.0006577558815479279,0.13333333333333333,gamma
196,0.9333333333333333,0.9333333333333333,0.9533299524689958,0.9769090411531889,0.0006853528320789337,0.0,gamma
197,1.0,1.0,1.0,1.0,0.0006635067984461784,0.2,gamma
198,1.0,1.0,1.0,1.0,0.0006577316671609879,0.13333333333333333,gamma
199,0.8666666666666667,0.8666666666666667,0.9723414028854604,0.9883377525385729,0.0006624534726142883,0.0,gamma
200,1.0,1.0,1.0,1.0,0.0006677713245153427,0.0,gamma
201,1.0,1.0,1.0,1.0,0.0006982814520597458,0.13333333333333333,gamma
202,1.0,1.0,1.0,1.0,0.0006532063707709312,0.06666666666666667,gamma
203,0.9333333333333333,0.9333333333333333,0.9699574903049343,0.9869903230359178,0.0006506806239485741,0.06666666666666667,gamma
204,1.0,1.0,1.0,1.0,0.0006767958402633667,0.2,gamma
205,1.0,1.0,1.0,1.0,0.0006988150998950005,0.13333333333333333,gamma
206,1.0,1.0,1.0,1.0,0.0006750747561454773,0.2,gamma
207,0.8666666666666667,0.8666666666666667,0.9166060997796235,0.9601753194584192,0.0006588390097022057,0.2,gamma
208,0.8,0.8,0.8725943913546969,0.9362079788719903,0.0006915191188454628,0.0,gamma
209,1.0,1.0,1.0,1.0,0.0006649941205978394,0.06666666666666667,gamma
210,0.8,0.8,0.9118878610345361,0.95964503131755,0.0006730742752552032,0.13333333333333333,gamma
211,0.9333333333333333,0.9333333333333333,0.9555768541815789,0.9794258514158973,0.0006672423332929611,0.06666666666666667,gamma
212,1.0,1.0,1.0,1.0,0.0006593680009245872,0.06666666666666667,gamma
213,1.0,1.0,1.0,1.0,0.0006585605442523956,0.26666666666666666,gamma
214,1.0,1.0,1.0,1.0,0.0006590439006686211,0.13333333333333333,gamma
215,0.9333333333333333,0.9333333333333333,0.9796435669651085,0.9912966026306235,0.0006679287180304527,0.13333333333333333,gamma
216,0.9333333333333333,0.9333333333333333,0.9792915677028603,0.9908173108409599,0.0006433948874473572,0.06666666666666667,gamma
217,1.0,1.0,1.0,1.0,0.0006498601287603378,0.2,gamma
218,1.0,1.0,1.0,1.0,0.0006614355370402336,0.2,gamma
219,1.0,1.0,1.0,1.0,0.0006419969722628593,0.13333333333333333,gamma
220,0.9333333333333333,0.9333333333333333,0.9617970872927836,0.9826867164336249,0.0006517460569739342,0.13333333333333333,gamma
221,0.8,0.8,0.9065368195463164,0.9565923726506237,0.0006754985079169273,0.13333333333333333,gamma
222,1.0,1.0,1.0,1.0,0.0006380770355463028,0.06666666666666667,gamma
223,1.0,1.0,1.0,1.0,0.0006880238652229309,0.2,gamma
224,1.0,1.0,1.0,1.0,0.0006629647687077522,0.06666666666666667,gamma
225,0.9333333333333333,0.9333333333333333,0.9844882590253164,0.9933714659778649,0.00067099928855896,0.3333333333333333,gamma
226,0.8666666666666667,0.8666666666666667,0.9583447717533652,0.98200232073642,0.000691593624651432,0.2,gamma
227,1.0,1.0,1.0,1.0,0.000654853880405426,0.2,gamma
228,1.0,1.0,1.0,1.0,0.0006589684635400772,0.06666666666666667,gamma
229,0.9333333333333333,0.9333333333333333,0.9725465148710288,0.9880752567574463,0.0006590913981199265,0.2,gamma
230,0.8666666666666667,0.8666666666666667,0.9593126251993397,0.9807430236446237,0.000647740438580513,0.06666666666666667,gamma
231,1.0,1.0,1.0,1.0,0.000672011636197567,0.2,gamma
232,0.9333333333333333,0.9333333333333333,0.9658950671911213,0.9844427832827968,0.0006518187001347542,0.2,gamma
233,1.0,1.0,1.0,1.0,0.0006497306749224663,0.13333333333333333,gamma
234,1.0,1.0,1.0,1.0,0.0006532240658998489,0.2,gamma
235,0.8,0.8,0.8907574007631172,0.9491069137498771,0.0006545241922140121,0.2,gamma
236,0.9333333333333333,0.9333333333333333,0.9919209884734883,0.9965168698775441,0.0006817532703280449,0.06666666666666667,gamma
237,1.0,1.0,1.0,1.0,0.000641881488263607,0.26666666666666666,gamma
238,1.0,1.0,1.0,1.0,0.0006592003628611565,0.13333333333333333,gamma
239,1.0,1.0,1.0,1.0,0.0006560496985912323,0.2,gamma
240,0.8,0.8,0.9366261219719082,0.9717389330490103,0.000640232115983963,0.06666666666666667,gamma
241,1.0,1.0,1.0,1.0,0.0006696358323097229,0.13333333333333333,gamma
242,1.0,1.0,1.0,1.0,0.000655212439596653,0.06666666666666667,gamma
243,1.0,1.0,1.0,1.0,0.0006536412984132767,0.06666666666666667,gamma
244,0.9333333333333333,0.9333333333333333,0.9788129431649549,0.9906601648093393,0.0006495639681816101,0.13333333333333333,gamma
245,1.0,1.0,1.0,1.0,0.0006492231041193008,0.06666666666666667,gamma
246,1.0,1.0,1.0,1.0,0.0006584897637367249,0.13333333333333333,gamma
247,1.0,1.0,1.0,1.0,0.0006652818992733955,0.06666666666666667,gamma
248,1.0,1.0,1.0,1.0,0.0006895130500197411,0.06666666666666667,gamma
249,0.8666666666666667,0.8666666666666667,0.9155707414063802,0.9596452824304383,0.0006552161648869514,0.0,gamma
250,0.9333333333333333,0.9333333333333333,0.953991870437939,0.978089199306988,0.0007004262879490852,0.13333333333333333,gamma
251,0.9333333333333333,0.9333333333333333,0.9595735228380553,0.9814664253442746,0.0006766784936189651,0.2,gamma
252,0.9333333333333333,0.9333333333333333,0.9682314027933518,0.9855330538252165,0.0006639389321208,0.0,gamma
253,1.0,1.0,1.0,1.0,0.0006668288260698318,0.06666666666666667,gamma
254,0.9333333333333333,0.9333333333333333,0.9757394373674915,0.9895316802820026,0.0006599854677915573,0.13333333333333333,gamma
255,0.7333333333333333,0.7333333333333333,0.8560925599865379,0.931680861259279,0.0006550177931785583,0.06666666666666667,gamma
256,0.9333333333333333,0.9333333333333333,0.9939625993800671,0.9975021020784913,0.0006509460508823395,0.06666666666666667,gamma
257,0.8666666666666667,0.8666666666666667,0.9153697688911796,0.9597258415201675,0.0006527910009026527,0.06666666666666667,gamma
258,0.9333333333333333,0.9333333333333333,0.9573282275205817,0.9800477720227312,0.0006803954020142555,0.13333333333333333,gamma
259,1.0,1.0,1.0,1.0,0.0006610145792365074,0.06666666666666667,gamma
260,1.0,1.0,1.0,1.0,0.0006594816222786903,0.06666666666666667,gamma
261,0.9333333333333333,0.9333333333333333,0.9684055001567107,0.9854797628639904,0.0006978418678045273,0.13333333333333333,gamma
262,1.0,1.0,1.0,1.0,0.0006660455837845802,0.2,gamma
263,1.0,1.0,1.0,1.0,0.0006739487871527672,0.2,gamma
264,1.0,1.0,1.0,1.0,0.0006635338068008423,0.2,gamma
265,1.0,1.0,1.0,1.0,0.0006848499178886414,0.26666666666666666,gamma
266,1.0,1.0,1.0,1.0,0.000652252696454525,0.06666666666666667,gamma
267,1.0,1.0,1.0,1.0,0.0006681261584162712,0.06666666666666667,gamma
268,0.8666666666666667,0.8666666666666667,0.9373913839525546,0.9715130181493847,0.0006686924025416374,0.0,gamma
269,1.0,1.0,1.0,1.0,0.000644986517727375,0.2,gamma
270,0.9333333333333333,0.9333333333333333,0.9714955050421029,0.9871535573959678,0.0006613042205572128,0.2,gamma
271,1.0,1.0,1.0,1.0,0.0006526131182909012,0.2,gamma
272,0.9333333333333333,0.9333333333333333,0.9878808191572847,0.9946283466004034,0.0006398465484380722,0.26666666666666666,gamma
273,0.8666666666666667,0.8666666666666667,0.9086606365132092,0.9542036853055309,0.0006922166794538498,0.13333333333333333,gamma
274,0.9333333333333333,0.9333333333333333,0.9664165926980262,0.9848975295269596,0.0006638923659920692,0.13333333333333333,gamma
275,0.8666666666666667,0.8666666666666667,0.9177699590907219,0.9608400890965971,0.0006572725251317024,0.13333333333333333,gamma
276,1.0,1.0,1.0,1.0,0.0006605833768844604,0.2,gamma
277,1.0,1.0,1.0,1.0,0.0006725229322910309,0.06666666666666667,gamma
278,1.0,1.0,1.0,1.0,0.0006652781739830971,0.13333333333333333,gamma
279,1.0,1.0,1.0,1.0,0.0006591510027647018,0.13333333333333333,gamma
280,1.0,1.0,1.0,1.0,0.0006579756736755371,0.26666666666666666,gamma
281,1.0,1.0,1.0,1.0,0.0006443439051508904,0.2,gamma
282,0.9333333333333333,0.9333333333333333,0.9868817399452314,0.9942840832876393,0.0006535407155752182,0.0,gamma
283,0.9333333333333333,0.9333333333333333,0.9586866518903377,0.9806481738379534,0.0006521884351968765,0.13333333333333333,gamma
284,0.9333333333333333,0.9333333333333333,0.985472495519314,0.9939078951186856,0.0006671939045190811,0.2,gamma
285,1.0,1.0,1.0,1.0,0.0006593121215701103,0.13333333333333333,gamma
286,1.0,1.0,1.0,1.0,0.0006583603098988533,0.2,gamma
287,1.0,1.0,1.0,1.0,0.0006551621481776237,0.2,gamma
288,1.0,1.0,1.0,1.0,0.0006551900878548622,0.2,gamma
289,1.0,1.0,1.0,1.0,0.0006587598472833633,0.26666666666666666,gamma
290,1.0,1.0,1.0,1.0,0.0006517320871353149,0.2,gamma
291,1.0,1.0,1.0,1.0,0.0006497995927929878,0.0,gamma
292,1.0,1.0,1.0,1.0,0.000662216916680336,0.13333333333333333,gamma
293,1.0,1.0,1.0,1.0,0.0006403913721442223,0.13333333333333333,gamma
294,0.9333333333333333,0.9333333333333333,0.9691721422106228,0.9863157456618001,0.0006471788510680199,0.06666666666666667,gamma
295,0.9333333333333333,0.9333333333333333,0.9711512730274655,0.9870638204888545,0.0006957966834306717,0.2,gamma
296,0.8,0.8,0.8727927398657478,0.9354288468810236,0.0006492845714092255,0.06666666666666667,gamma
297,1.0,1.0,1.0,1.0,0.0006671762093901634,0.2,gamma
298,1.0,1.0,1.0,1.0,0.0006626034155488014,0.13333333333333333,gamma
299,1.0,1.0,1.0,1.0,0.0006743036210536957,0.26666666666666666,gamma
300,1.0,1.0,1.0,1.0,0.0006538387387990952,0.2,gamma
301,0.9333333333333333,0.9333333333333333,0.9885525513950768,0.9951932754611236,0.0006561540067195892,0.06666666666666667,gamma
302,0.8666666666666667,0.8666666666666667,0.9823538189848701,0.9925394301577602,0.0006797909736633301,0.13333333333333333,gamma
303,1.0,1.0,1.0,1.0,0.0006667617708444595,0.13333333333333333,gamma
304,0.9333333333333333,0.9333333333333333,0.9766789249494551,0.9900463483679206,0.0006605256348848343,0.0,gamma
305,0.9333333333333333,0.9333333333333333,0.9370011687071271,0.9648107080487192,0.0006550466641783714,0.06666666666666667,gamma
306,1.0,1.0,1.0,1.0,0.0006517441943287849,0.2,gamma
307,1.0,1.0,1.0,1.0,0.0006666863337159157,0.26666666666666666,gamma
308,1.0,1.0,1.0,1.0,0.0006475113332271576,0.2,gamma
309,0.8666666666666667,0.8666666666666667,0.9370455780072529,0.9707372150554686,0.0006667636334896088,0.06666666666666667,gamma
310,1.0,1.0,1.0,1.0,0.0006531234830617905,0.2,gamma
311,1.0,1.0,1.0,1.0,0.0006830720230937004,0.06666666666666667,gamma
312,0.9333333333333333,0.9333333333333333,0.9556850535683479,0.97881865036996,0.0006626639515161514,0.0,gamma
313,1.0,1.0,1.0,1.0,0.0006752908229827881,0.13333333333333333,gamma
314,0.8666666666666667,0.8666666666666667,0.9241135464206595,0.9645111714739929,0.0006698388606309891,0.13333333333333333,gamma
315,1.0,1.0,1.0,1.0,0.0006937561556696892,0.06666666666666667,gamma
316,1.0,1.0,1.0,1.0,0.0006437012925744057,0.13333333333333333,gamma
317,1.0,1.0,1.0,1.0,0.000695141963660717,0.26666666666666666,gamma
318,1.0,1.0,1.0,1.0,0.000670391134917736,0.13333333333333333,gamma
319,0.9333333333333333,0.9333333333333333,0.9746865736446905,0.9889459816950883,0.0006438391283154488,0.2,gamma
320,1.0,1.0,1.0,1.0,0.0006822710856795311,0.2,gamma
321,1.0,1.0,1.0,1.0,0.0006587877869606018,0.06666666666666667,gamma
322,1.0,1.0,1.0,1.0,0.0006809057667851448,0.13333333333333333,gamma
323,0.9333333333333333,0.9333333333333333,0.9668026586072797,0.9844699912913637,0.0006691087037324905,0.13333333333333333,acinar
324,0.8666666666666667,0.8666666666666667,0.9101872951411182,0.9549634344748095,0.0007059620693325996,0.0,acinar
325,0.9333333333333333,0.9333333333333333,0.9638760411487621,0.9833096112539063,0.0007009357213973999,0.0,acinar
326,1.0,1.0,1.0,1.0,0.0006509022787213326,0.2,acinar
327,1.0,1.0,1.0,1.0,0.0006700260564684868,0.13333333333333333,acinar
328,1.0,1.0,1.0,1.0,0.0006638970226049423,0.26666666666666666,acinar
329,0.9333333333333333,0.9333333333333333,0.9746320020873838,0.9889912454225321,0.0006584571674466133,0.0,acinar
330,0.8666666666666667,0.8666666666666667,0.9211075148732987,0.9621326403302841,0.0006856368854641914,0.2,acinar
331,0.8666666666666667,0.8666666666666667,0.9463308799559484,0.9758055137026229,0.000673266127705574,0.06666666666666667,acinar
332,1.0,1.0,1.0,1.0,0.0006647761911153793,0.26666666666666666,acinar
333,0.7333333333333333,0.7333333333333333,0.8487215875365552,0.9270940691593823,0.0006418582051992416,0.0,acinar
334,0.9333333333333333,0.9333333333333333,0.972729641925836,0.9875372805412357,0.0006921114400029182,0.13333333333333333,acinar
335,1.0,1.0,1.0,1.0,0.0006751799955964088,0.2,acinar
336,0.8666666666666667,0.8666666666666667,0.9454517102118982,0.9745569090948836,0.0006464757025241852,0.06666666666666667,acinar
337,0.9333333333333333,0.9333333333333333,0.9527272377349564,0.9775703722325765,0.0006788726896047592,0.13333333333333333,acinar
338,1.0,1.0,1.0,1.0,0.0006641810759902,0.26666666666666666,acinar
339,1.0,1.0,1.0,1.0,0.000678008422255516,0.0,acinar
340,0.8666666666666667,0.8666666666666667,0.9535817466532324,0.9782876541107022,0.0006593745201826096,0.0,acinar
341,0.9333333333333333,0.9333333333333333,0.9713985358981991,0.9867896234878281,0.000693916343152523,0.13333333333333333,acinar
342,0.9333333333333333,0.9333333333333333,0.9760058439878148,0.9895569604486817,0.0006485059857368469,0.13333333333333333,acinar
343,1.0,1.0,1.0,1.0,0.0006525106728076935,0.26666666666666666,acinar
344,1.0,1.0,1.0,1.0,0.0006933771073818207,0.0,acinar
345,1.0,1.0,1.0,1.0,0.0006503947079181671,0.13333333333333333,acinar
346,0.8666666666666667,0.8666666666666667,0.9554371443136294,0.9777306221706542,0.0006638010963797569,0.2,acinar
347,1.0,1.0,1.0,1.0,0.000673418864607811,0.2,acinar
348,0.9333333333333333,0.9333333333333333,0.9796594094469727,0.9915407273465546,0.0006499579176306725,0.06666666666666667,acinar
349,1.0,1.0,1.0,1.0,0.0006519928574562073,0.06666666666666667,acinar
350,0.9333333333333333,0.9333333333333333,0.9651492739826678,0.9841755558609301,0.0006697745993733406,0.2,acinar
351,1.0,1.0,1.0,1.0,0.0006843991577625275,0.13333333333333333,acinar
352,0.9333333333333333,0.9333333333333333,0.975720043994275,0.989126594342116,0.0006442181766033173,0.06666666666666667,acinar
353,1.0,1.0,1.0,1.0,0.0006826473399996758,0.13333333333333333,acinar
354,1.0,1.0,1.0,1.0,0.0006452761590480804,0.2,acinar
355,0.5333333333333333,0.5333333333333333,0.715656036136913,0.8538909218550296,0.0006576608866453171,0.2,acinar
356,0.9333333333333333,0.9333333333333333,0.9692876018521394,0.9862878406220402,0.0006636874750256538,0.26666666666666666,acinar
357,1.0,1.0,1.0,1.0,0.0006396118551492691,0.26666666666666666,acinar
358,0.9333333333333333,0.9333333333333333,0.984814160076822,0.9934951005505951,0.0006664255633950233,0.13333333333333333,acinar
359,1.0,1.0,1.0,1.0,0.0006626378744840622,0.13333333333333333,acinar
360,1.0,1.0,1.0,1.0,0.0006353957578539848,0.2,acinar
361,0.9333333333333333,0.9333333333333333,0.9690433651177036,0.9861414497844633,0.000667632557451725,0.0,acinar
362,1.0,1.0,1.0,1.0,0.0006511854007840157,0.0,acinar
363,1.0,1.0,1.0,1.0,0.0006565330550074577,0.13333333333333333,acinar
364,0.9333333333333333,0.9333333333333333,0.9921480615705042,0.9965395951156351,0.0006582317873835564,0.5333333333333333,acinar
365,0.8666666666666667,0.8666666666666667,0.9522708605275033,0.9784214572838825,0.00064822006970644,0.13333333333333333,acinar
366,1.0,1.0,1.0,1.0,0.0006585810333490372,0.26666666666666666,acinar
367,0.9333333333333333,0.9333333333333333,0.9816698417833112,0.992390255635116,0.0006532920524477959,0.0,acinar
368,0.9333333333333333,0.9333333333333333,0.9707296554833137,0.9863113869478116,0.0006515355780720711,0.06666666666666667,acinar
369,0.9333333333333333,0.9333333333333333,0.9821857146435569,0.9923261728175312,0.0006544198840856552,0.26666666666666666,acinar
370,0.9333333333333333,0.9333333333333333,0.969332207394606,0.986223530998768,0.0006694067269563675,0.13333333333333333,acinar
371,1.0,1.0,1.0,1.0,0.0006721355020999908,0.06666666666666667,acinar
372,1.0,1.0,1.0,1.0,0.0006754836067557335,0.06666666666666667,acinar
373,1.0,1.0,1.0,1.0,0.0006827749311923981,0.0,acinar
374,0.9333333333333333,0.9333333333333333,0.9845060172119605,0.9934382998835012,0.0006518242880702019,0.2,acinar
375,1.0,1.0,1.0,1.0,0.0006873589009046555,0.0,acinar
376,1.0,1.0,1.0,1.0,0.0006628260016441345,0.13333333333333333,acinar
377,1.0,1.0,1.0,1.0,0.0006935400888323784,0.06666666666666667,acinar
378,0.8666666666666667,0.8666666666666667,0.9048132893428867,0.9538856282105176,0.0006525237113237381,0.0,acinar
379,0.8,0.8,0.9838071305260456,0.993163258081642,0.0006482955068349838,0.0,acinar
380,0.9333333333333333,0.9333333333333333,0.9729531671885574,0.9878278390451758,0.0006799837574362755,0.13333333333333333,acinar
381,1.0,1.0,1.0,1.0,0.0006608609110116959,0.0,acinar
382,0.9333333333333333,0.9333333333333333,0.9811755084935528,0.9919257114285975,0.0006560618057847023,0.06666666666666667,acinar
383,1.0,1.0,1.0,1.0,0.0006496766582131386,0.0,acinar
384,0.9333333333333333,0.9333333333333333,0.9625959971394518,0.9824586403620265,0.0006513353437185287,0.13333333333333333,acinar
385,0.8666666666666667,0.8666666666666667,0.9628399654654646,0.9837586757702312,0.0006657028570771217,0.0,acinar
386,1.0,1.0,1.0,1.0,0.0006459364667534828,0.06666666666666667,acinar
387,1.0,1.0,1.0,1.0,0.0006488524377346039,0.13333333333333333,acinar
388,0.9333333333333333,0.9333333333333333,0.9867548036842536,0.9941973221987674,0.0006663277745246887,0.2,acinar
389,0.8666666666666667,0.8666666666666667,0.9547086417531934,0.9790892816625013,0.0006497586145997047,0.2,acinar
390,0.9333333333333333,0.9333333333333333,0.9602204604596138,0.9813521072354185,0.0006948141381144524,0.2,acinar
391,1.0,1.0,1.0,1.0,0.0006695333868265152,0.13333333333333333,acinar
392,0.9333333333333333,0.9333333333333333,0.981831870064734,0.9920856860206061,0.0006920555606484413,0.4,acinar
393,0.8666666666666667,0.8666666666666667,0.9213220291647921,0.9633970382494738,0.000682830810546875,0.13333333333333333,acinar
394,1.0,1.0,1.0,1.0,0.0006586918607354164,0.3333333333333333,acinar
395,1.0,1.0,1.0,1.0,0.0006872247904539108,0.06666666666666667,acinar
396,1.0,1.0,1.0,1.0,0.0006721196696162224,0.13333333333333333,acinar
397,1.0,1.0,1.0,1.0,0.0006696935743093491,0.13333333333333333,acinar
398,1.0,1.0,1.0,1.0,0.0006760787218809128,0.4,acinar
399,1.0,1.0,1.0,1.0,0.0006510000675916672,0.4,acinar
400,0.8666666666666667,0.8666666666666667,0.9357973742317914,0.9700022587114134,0.0006633400917053223,0.2,acinar
401,1.0,1.0,1.0,1.0,0.0006522294133901596,0.06666666666666667,acinar
402,1.0,1.0,1.0,1.0,0.000652611255645752,0.26666666666666666,acinar
403,1.0,1.0,1.0,1.0,0.0006797276437282562,0.13333333333333333,acinar
404,1.0,1.0,1.0,1.0,0.0006552543491125107,0.06666666666666667,acinar
405,0.7333333333333333,0.7333333333333333,0.8696827248388389,0.9381628471516645,0.0006780270487070084,0.0,acinar
406,1.0,1.0,1.0,1.0,0.0006432170048356056,0.13333333333333333,acinar
407,1.0,1.0,1.0,1.0,0.0006768358871340752,0.06666666666666667,acinar
408,1.0,1.0,1.0,1.0,0.0006594695150852203,0.13333333333333333,acinar
409,1.0,1.0,1.0,1.0,0.0006422260776162148,0.13333333333333333,acinar
410,1.0,1.0,1.0,1.0,0.0006727734580636024,0.0,acinar
411,0.8666666666666667,0.8666666666666667,0.960438231413973,0.9826370256062792,0.0006584441289305687,0.2,acinar
412,0.8666666666666667,0.8666666666666667,0.9565861492432003,0.9807896131233228,0.0006936611607670784,0.06666666666666667,acinar
413,0.8666666666666667,0.8666666666666667,0.9204096984126819,0.9608679914954062,0.0006772316992282867,0.0,acinar
414,0.8,0.8,0.9082030069089033,0.9559731127548121,0.0007114540785551071,0.06666666666666667,acinar
415,0.8666666666666667,0.8666666666666667,0.9764239091004677,0.9898250032143331,0.000664818100631237,0.2,acinar
416,1.0,1.0,1.0,1.0,0.0006574457511305809,0.13333333333333333,acinar
417,1.0,1.0,1.0,1.0,0.0006666583940386772,0.2,acinar
418,1.0,1.0,1.0,1.0,0.0006618872284889221,0.2,acinar
419,0.8,0.8,0.9823735750235157,0.992152676094168,0.0006597815081477165,0.13333333333333333,acinar
420,1.0,1.0,1.0,1.0,0.0006863372400403023,0.06666666666666667,acinar
421,0.9333333333333333,0.9333333333333333,0.9678151562966443,0.9851630015667433,0.0006692660972476006,0.0,acinar
422,1.0,1.0,1.0,1.0,0.0006555803120136261,0.2,acinar
423,1.0,1.0,1.0,1.0,0.000663071870803833,0.13333333333333333,acinar
424,0.9333333333333333,0.9333333333333333,0.9604573275332668,0.9817478298215282,0.0006970716640353203,0.06666666666666667,acinar
425,0.9333333333333333,0.9333333333333333,0.9767782535558934,0.9898909637929143,0.0006809206679463387,0.0,acinar
426,1.0,1.0,1.0,1.0,0.0006455890834331512,0.0,acinar
427,0.9333333333333333,0.9333333333333333,0.9635765277060546,0.9832330385330155,0.0006959522143006325,0.2,acinar
428,0.8666666666666667,0.8666666666666667,0.9477909848149632,0.9765517860074601,0.0006705848500132561,0.13333333333333333,acinar
429,0.9333333333333333,0.9333333333333333,0.9875550395471274,0.9948222983857253,0.0006600301712751389,0.06666666666666667,acinar
430,0.9333333333333333,0.9333333333333333,0.9790422186154047,0.9910159035993422,0.0006756270304322243,0.06666666666666667,acinar
431,1.0,1.0,1.0,1.0,0.0006640255451202393,0.06666666666666667,acinar
432,0.8666666666666667,0.8666666666666667,0.9214433072055097,0.9592605509667604,0.000694948248565197,0.06666666666666667,acinar
433,1.0,1.0,1.0,1.0,0.0006774337962269783,0.4,acinar
434,0.9333333333333333,0.9333333333333333,0.9767559781221599,0.9899016597551906,0.0006701406091451645,0.26666666666666666,acinar
435,0.8666666666666667,0.8666666666666667,0.7393984909944534,0.786774577424631,0.0006728637963533401,0.0,acinar
436,1.0,1.0,1.0,1.0,0.0006622327491641045,0.26666666666666666,acinar
437,0.9333333333333333,0.9333333333333333,0.9800330358099406,0.991422423753833,0.0006858669221401215,0.0,acinar
438,0.8666666666666667,0.8666666666666667,0.966068008456154,0.9853501333770475,0.0006598262116312981,0.06666666666666667,acinar
439,0.8,0.8,0.8552614356397461,0.9293653709581178,0.0006758784875273705,0.0,acinar
440,0.9333333333333333,0.9333333333333333,0.9888122522911502,0.995272215471014,0.000645429827272892,0.2,acinar
441,1.0,1.0,1.0,1.0,0.0006541255861520767,0.26666666666666666,acinar
442,0.9333333333333333,0.9333333333333333,0.972238716437959,0.9874459158218112,0.0006716614589095116,0.13333333333333333,acinar
443,1.0,1.0,1.0,1.0,0.0006411932408809662,0.06666666666666667,acinar
444,0.9333333333333333,0.9333333333333333,0.9793443746687599,0.9909994657634038,0.0006854590028524399,0.06666666666666667,acinar
445,0.8666666666666667,0.8666666666666667,0.9451416485192525,0.9756458282090272,0.000667111948132515,0.0,acinar
446,0.9333333333333333,0.9333333333333333,0.9899204191459234,0.9957480729720848,0.0006455350667238235,0.13333333333333333,acinar
447,0.7333333333333333,0.7333333333333333,0.8640489131876461,0.9340051585618481,0.0006640860810875893,0.13333333333333333,acinar
448,0.9333333333333333,0.9333333333333333,0.9791756446084146,0.9911597502411003,0.000658128410577774,0.06666666666666667,acinar
449,1.0,1.0,1.0,1.0,0.0006429832428693771,0.06666666666666667,acinar
450,1.0,1.0,1.0,1.0,0.0006706751883029938,0.06666666666666667,acinar
451,0.8666666666666667,0.8666666666666667,0.9669804803025425,0.9856755529903664,0.0006592823192477226,0.06666666666666667,acinar
452,0.7333333333333333,0.7333333333333333,0.8528266617562775,0.927761196265407,0.0006800871342420578,0.06666666666666667,acinar
453,0.8666666666666667,0.8666666666666667,0.851901972004322,0.9142611064223036,0.0006636437028646469,0.13333333333333333,acinar
454,0.9333333333333333,0.9333333333333333,0.9518816004965432,0.977196726226655,0.0006487173959612846,0.26666666666666666,acinar
455,0.8666666666666667,0.8666666666666667,0.9003079080858278,0.9474415739999376,0.0006839726120233536,0.0,acinar
456,0.9333333333333333,0.9333333333333333,0.9678205467858362,0.9850911655648331,0.0006596827879548073,0.0,acinar
457,0.8666666666666667,0.8666666666666667,0.9610778394695632,0.9827694078851463,0.0006751148030161858,0.13333333333333333,acinar
458,1.0,1.0,1.0,1.0,0.0006658220663666725,0.13333333333333333,acinar
459,0.9333333333333333,0.9333333333333333,0.981373250614713,0.9920952136662137,0.0006883600726723671,0.2,acinar
460,1.0,1.0,1.0,1.0,0.0006836364045739174,0.2,acinar
461,0.9333333333333333,0.9333333333333333,0.991256398584704,0.9963688187770623,0.0006530797109007835,0.06666666666666667,acinar
462,0.9333333333333333,0.9333333333333333,0.9872440704495685,0.9946440813543932,0.0006976090371608734,0.13333333333333333,acinar
463,0.8,0.8,0.9233569997207407,0.9642600996178979,0.0006592664867639542,0.06666666666666667,acinar
464,1.0,1.0,1.0,1.0,0.0006578601896762848,0.2,acinar
465,0.9333333333333333,0.9333333333333333,0.9695147846697623,0.9863769525840841,0.0006749890744686127,0.06666666666666667,acinar
466,0.8666666666666667,0.8666666666666667,0.9399355713626621,0.9731940384559311,0.000645199790596962,0.13333333333333333,acinar
467,0.8666666666666667,0.8666666666666667,0.9330590729163414,0.9688820014238568,0.0006614616140723228,0.26666666666666666,acinar
468,0.8666666666666667,0.8666666666666667,0.9541137317089528,0.9792805440336239,0.0006664590910077095,0.2,acinar
469,0.9333333333333333,0.9333333333333333,0.9844421691021235,0.9931049828727831,0.0006623324006795883,0.13333333333333333,acinar
470,0.8,0.8,0.8768198364212345,0.938370955440732,0.0006611375138163567,0.0,acinar
471,1.0,1.0,1.0,1.0,0.0006870953366160393,0.2,acinar
472,1.0,1.0,1.0,1.0,0.000645010732114315,0.2,acinar
473,0.6,0.6,0.885457551154806,0.9464116293956815,0.0006975214928388596,0.13333333333333333,acinar
474,1.0,1.0,1.0,1.0,0.0006629535928368568,0.2,acinar
475,1.0,1.0,1.0,1.0,0.0006539179012179375,0.2,acinar
476,1.0,1.0,1.0,1.0,0.0006723012775182724,0.13333333333333333,acinar
477,0.8666666666666667,0.8666666666666667,0.9378880026766233,0.9715280439275202,0.0006562462076544762,0.2,acinar
478,0.8666666666666667,0.8666666666666667,0.9428906338206319,0.9737728333974968,0.0006683347746729851,0.13333333333333333,acinar
479,0.9333333333333333,0.9333333333333333,0.9862508189222248,0.9939888710265823,0.0006579561159014702,0.0,acinar
480,0.8666666666666667,0.8666666666666667,0.9492266526119439,0.977059036559884,0.0006708186119794846,0.3333333333333333,acinar
481,1.0,1.0,1.0,1.0,0.0006734933704137802,0.2,acinar
482,1.0,1.0,1.0,1.0,0.0006860336288809776,0.06666666666666667,acinar
483,0.7333333333333333,0.7333333333333333,0.8011626072899036,0.8977048602899372,0.0006591640412807465,0.0,acinar
484,0.8666666666666667,0.8666666666666667,0.9025743991965847,0.9513894307098146,0.0006546862423419952,0.2,acinar
485,1.0,1.0,1.0,1.0,0.0007064137607812881,0.13333333333333333,acinar
486,0.9333333333333333,0.9333333333333333,0.974167741709051,0.9888148603668468,0.0006790980696678162,0.06666666666666667,acinar
487,1.0,1.0,1.0,1.0,0.0006644763052463531,0.2,acinar
488,1.0,1.0,1.0,1.0,0.0006931908428668976,0.13333333333333333,acinar
489,0.8,0.8,0.8509473605102759,0.9227530928930023,0.000666571781039238,0.06666666666666667,acinar
490,0.9333333333333333,0.9333333333333333,0.9657550738769473,0.9840358843808966,0.0007016463205218315,0.0,acinar
491,0.8666666666666667,0.8666666666666667,0.9328153360546764,0.9691644874302316,0.0006927335634827614,0.06666666666666667,acinar
492,0.8666666666666667,0.8666666666666667,0.962762877311977,0.9836823178863529,0.0006805481389164925,0.0,acinar
493,1.0,1.0,1.0,1.0,0.000666934996843338,0.06666666666666667,acinar
494,1.0,1.0,1.0,1.0,0.0006520077586174011,0.0,acinar
495,1.0,1.0,1.0,1.0,0.0006813239306211472,0.06666666666666667,acinar
496,0.8666666666666667,0.8666666666666667,0.9516920011761064,0.9787363194780244,0.0006599277257919312,0.13333333333333333,acinar
497,1.0,1.0,1.0,1.0,0.0006564399227499962,0.13333333333333333,acinar
498,0.9333333333333333,0.9333333333333333,0.975270851925765,0.9888285796662778,0.0006557842716574669,0.0,acinar
499,0.9333333333333333,0.9333333333333333,0.9876357942777447,0.9947525366635612,0.0006721522659063339,0.3333333333333333,acinar
500,1.0,1.0,1.0,1.0,0.0006493823602795601,0.13333333333333333,acinar
501,1.0,1.0,1.0,1.0,0.0006639696657657623,0.26666666666666666,acinar
502,1.0,1.0,1.0,1.0,0.0006657857447862625,0.06666666666666667,acinar
503,1.0,1.0,1.0,1.0,0.0006471415981650352,0.3333333333333333,acinar
504,1.0,1.0,1.0,1.0,0.0006829621270298958,0.26666666666666666,acinar
505,1.0,1.0,1.0,1.0,0.0006613098084926605,0.0,acinar
506,0.9333333333333333,0.9333333333333333,0.9753986101913472,0.9889303507530451,0.000688524916768074,0.13333333333333333,acinar
507,0.8666666666666667,0.8666666666666667,0.9247960579000131,0.9639522987931248,0.0006602825596928596,0.13333333333333333,acinar
508,1.0,1.0,1.0,1.0,0.0006838124245405197,0.0,acinar
509,1.0,1.0,1.0,1.0,0.0006551174446940422,0.4,acinar
510,1.0,1.0,1.0,1.0,0.0006521027535200119,0.13333333333333333,acinar
511,1.0,1.0,1.0,1.0,0.0006975065916776657,0.2,acinar
512,1.0,1.0,1.0,1.0,0.0006964020431041718,0.3333333333333333,acinar
513,0.6666666666666666,0.6666666666666666,0.8193442519095692,0.9113757007052701,0.0006790300831198692,0.2,acinar
514,1.0,1.0,1.0,1.0,0.0006524696946144104,0.06666666666666667,acinar
515,1.0,1.0,1.0,1.0,0.000673588365316391,0.13333333333333333,acinar
516,1.0,1.0,1.0,1.0,0.0006622225046157837,0.13333333333333333,acinar
517,1.0,1.0,1.0,1.0,0.0006829984486103058,0.0,acinar
518,1.0,1.0,1.0,1.0,0.0006940346211194992,0.06666666666666667,acinar
519,0.8666666666666667,0.8666666666666667,0.940664142520854,0.9730266033116851,0.0006703315302729607,0.0,acinar
520,1.0,1.0,1.0,1.0,0.0006872471421957016,0.0,acinar
521,1.0,1.0,1.0,1.0,0.0006599733605980873,0.13333333333333333,acinar
522,0.8666666666666667,0.8666666666666667,0.9344636181545352,0.9706098235131951,0.0006527714431285858,0.2,acinar
523,0.9333333333333333,0.9333333333333333,0.9748600797379705,0.9886130280563353,0.0006615724414587021,0.0,acinar
524,1.0,1.0,1.0,1.0,0.0006568403914570808,0.13333333333333333,acinar
525,1.0,1.0,1.0,1.0,0.000706513412296772,0.0,acinar
526,0.8666666666666667,0.8666666666666667,0.9539659487072897,0.9790687268128309,0.0006591556593775749,0.13333333333333333,acinar
527,0.8666666666666667,0.8666666666666667,0.9572468166726551,0.9811269125549168,0.0006550252437591553,0.0,acinar
528,0.9333333333333333,0.9333333333333333,0.9722689090646125,0.9875985219911039,0.0006693918257951736,0.0,acinar
529,1.0,1.0,1.0,1.0,0.0006627058610320091,0.3333333333333333,acinar
530,1.0,1.0,1.0,1.0,0.0006908103823661804,0.13333333333333333,acinar
531,1.0,1.0,1.0,1.0,0.0006554359570145607,0.0,acinar
532,1.0,1.0,1.0,1.0,0.0006574764847755432,0.06666666666666667,acinar
533,1.0,1.0,1.0,1.0,0.0006738575175404549,0.06666666666666667,acinar
534,0.8,0.8,0.8134524225107967,0.8863111795462285,0.0006508305668830872,0.06666666666666667,acinar
535,0.8666666666666667,0.8666666666666667,0.9369719080663687,0.9713872003498623,0.0006981231272220612,0.26666666666666666,acinar
536,0.9333333333333333,0.9333333333333333,0.9862314733600968,0.993975813751715,0.0006657475605607033,0.0,acinar
537,0.9333333333333333,0.9333333333333333,0.9750005470320623,0.9886783606602578,0.0006536319851875305,0.2,acinar
538,0.9333333333333333,0.9333333333333333,0.9882165620892367,0.9949613143893833,0.0006854487583041191,0.0,acinar
539,0.8666666666666667,0.8666666666666667,0.9703229573222527,0.9867340724782269,0.0006547411903738976,0.26666666666666666,acinar
540,1.0,1.0,1.0,1.0,0.0006675990298390388,0.13333333333333333,acinar
541,1.0,1.0,1.0,1.0,0.0006595170125365257,0.2,acinar
542,1.0,1.0,1.0,1.0,0.0012080911546945572,0.3333333333333333,acinar
543,1.0,1.0,1.0,1.0,0.0007143989205360413,0.4,acinar
544,1.0,1.0,1.0,1.0,0.000684681348502636,0.13333333333333333,acinar
545,0.9333333333333333,0.9333333333333333,0.9815198154847826,0.9920574127458481,0.0007274933159351349,0.13333333333333333,acinar
546,1.0,1.0,1.0,1.0,0.0006734747439622879,0.06666666666666667,acinar
547,1.0,1.0,1.0,1.0,0.0006661321967840195,0.13333333333333333,acinar
548,0.8666666666666667,0.8666666666666667,0.925306548889859,0.9652315666470291,0.0007170997560024261,0.0,acinar
549,1.0,1.0,1.0,1.0,0.0006748046725988388,0.2,acinar
550,0.9333333333333333,0.9333333333333333,0.9805929619378277,0.9911890496400416,0.0006636492908000946,0.2,acinar
551,1.0,1.0,1.0,1.0,0.0006900951266288757,0.06666666666666667,acinar
552,0.9333333333333333,0.9333333333333333,0.9732994057799966,0.9882877557824754,0.0006707813590764999,0.2,acinar
553,1.0,1.0,1.0,1.0,0.0007063141092658043,0.26666666666666666,acinar
554,0.8,0.8,0.9254629547159162,0.9669747398284354,0.0006602955982089043,0.06666666666666667,acinar
555,1.0,1.0,1.0,1.0,0.000682581216096878,0.2,acinar
556,0.9333333333333333,0.9333333333333333,0.8997861932800962,0.9363485345346466,0.0006762612611055374,0.0,acinar
557,1.0,1.0,1.0,1.0,0.0006860466673970222,0.06666666666666667,acinar
558,1.0,1.0,1.0,1.0,0.0006919736042618752,0.0,acinar
559,0.9333333333333333,0.9333333333333333,0.9909762253770955,0.996122684046487,0.000660785473883152,0.06666666666666667,acinar
560,1.0,1.0,1.0,1.0,0.0006980691105127335,0.26666666666666666,acinar
561,0.9333333333333333,0.9333333333333333,0.9759466116879569,0.9894377899699145,0.0006701378151774406,0.06666666666666667,acinar
562,1.0,1.0,1.0,1.0,0.0006877649575471878,0.2,acinar
563,1.0,1.0,1.0,1.0,0.0007134033367037773,0.0,acinar
564,1.0,1.0,1.0,1.0,0.0006682276725769043,0.0,acinar
565,1.0,1.0,1.0,1.0,0.0006814533844590187,0.13333333333333333,acinar
566,1.0,1.0,1.0,1.0,0.0006701983511447906,0.2,acinar
567,1.0,1.0,1.0,1.0,0.0006934590637683868,0.0,acinar
568,0.8666666666666667,0.8666666666666667,0.9470071565833783,0.9764072933993692,0.0007299007847905159,0.13333333333333333,acinar
569,0.6666666666666666,0.6666666666666666,0.746361266106919,0.87015556000954,0.0006882147863507271,0.13333333333333333,acinar
570,1.0,1.0,1.0,1.0,0.0006644930690526962,0.06666666666666667,acinar
571,1.0,1.0,1.0,1.0,0.0006681131199002266,0.13333333333333333,acinar
572,0.8,0.8,0.9055315564826857,0.9562423744299572,0.0006675198674201965,0.13333333333333333,acinar
573,1.0,1.0,1.0,1.0,0.0006759529933333397,0.0,acinar
574,0.8666666666666667,0.8666666666666667,0.9629675774223507,0.9840585091273121,0.0006753560155630112,0.06666666666666667,acinar
575,0.9333333333333333,0.9333333333333333,0.9820663792993004,0.9923029199248515,0.0006673326715826988,0.06666666666666667,acinar
576,0.9333333333333333,0.9333333333333333,0.9813871365631118,0.9921510147548771,0.0006616720929741859,0.0,acinar
577,1.0,1.0,1.0,1.0,0.0006588464602828026,0.06666666666666667,acinar
578,1.0,1.0,1.0,1.0,0.0007614651694893837,0.0,acinar
579,0.9333333333333333,0.9333333333333333,0.9534839473157968,0.9777237704732078,0.0006739608943462372,0.06666666666666667,acinar
580,1.0,1.0,1.0,1.0,0.0006599212065339088,0.06666666666666667,acinar
581,1.0,1.0,1.0,1.0,0.0006694523617625237,0.4,acinar
582,0.9333333333333333,0.9333333333333333,0.9516678441057249,0.976733824626487,0.0006627710536122322,0.0,acinar
583,0.9333333333333333,0.9333333333333333,0.958309339003547,0.9806879018551208,0.0007034512236714363,0.2,acinar
584,0.9333333333333333,0.9333333333333333,0.9643287824205045,0.9836587605201245,0.000659378245472908,0.06666666666666667,acinar
585,0.9333333333333333,0.9333333333333333,0.9834554926623382,0.9926317161705748,0.0006593279540538788,0.0,acinar
586,0.9333333333333333,0.9333333333333333,0.9708586192082673,0.9867969098011538,0.0007130717858672142,0.0,acinar
587,1.0,1.0,1.0,1.0,0.0006620259955525398,0.2,acinar
588,0.8666666666666667,0.8666666666666667,0.9541020131820052,0.9797404683545877,0.0006848806515336037,0.06666666666666667,acinar
589,0.8666666666666667,0.8666666666666667,0.9421384983254765,0.9738304046727189,0.0006620651111006737,0.0,acinar
590,0.9333333333333333,0.9333333333333333,0.9395704720469659,0.9694589055976197,0.0007023569196462631,0.06666666666666667,acinar
591,1.0,1.0,1.0,1.0,0.0006889728829264641,0.2,acinar
592,1.0,1.0,1.0,1.0,0.0006520505994558334,0.06666666666666667,acinar
593,0.9333333333333333,0.9333333333333333,0.9988960535928908,0.9995375167422396,0.00067109614610672,0.2,acinar
594,0.9333333333333333,0.9333333333333333,0.9697700335641433,0.9858940015651411,0.0006905822083353996,0.13333333333333333,acinar
595,1.0,1.0,1.0,1.0,0.0006689289584755898,0.13333333333333333,acinar
596,1.0,1.0,1.0,1.0,0.0006868857890367508,0.13333333333333333,acinar
597,0.6666666666666666,0.6666666666666666,0.782124440673965,0.8920059132802168,0.0006664339452981949,0.13333333333333333,acinar
598,0.9333333333333333,0.9333333333333333,0.9584291338935703,0.9804272485692261,0.000661192461848259,0.26666666666666666,acinar
599,1.0,1.0,1.0,1.0,0.000695141963660717,0.0,acinar
600,0.8666666666666667,0.8666666666666667,0.9141510018414206,0.9589492262536927,0.0006511509418487549,0.0,acinar
601,1.0,1.0,1.0,1.0,0.000684036873281002,0.13333333333333333,acinar
602,0.8,0.8,0.9339847367945524,0.9696191383033481,0.0006727762520313263,0.2,acinar
603,1.0,1.0,1.0,1.0,0.000651841051876545,0.26666666666666666,acinar
604,0.8666666666666667,0.8666666666666667,0.8952650661428885,0.9461481295093621,0.0007222732529044151,0.13333333333333333,acinar
605,0.9333333333333333,0.9333333333333333,0.9676449097542764,0.9854727484976744,0.0006712265312671661,0.0,acinar
606,0.9333333333333333,0.9333333333333333,0.9477504557663459,0.9742031019816987,0.0006753420457243919,0.06666666666666667,acinar
607,1.0,1.0,1.0,1.0,0.0006692064926028252,0.26666666666666666,acinar
608,1.0,1.0,1.0,1.0,0.00065580103546381,0.06666666666666667,acinar
609,1.0,1.0,1.0,1.0,0.0007217256352305412,0.06666666666666667,acinar
610,0.9333333333333333,0.9333333333333333,0.9787467675522328,0.9909227904555625,0.0006564995273947716,0.13333333333333333,acinar
611,1.0,1.0,1.0,1.0,0.0006926460191607475,0.06666666666666667,acinar
612,0.9333333333333333,0.9333333333333333,0.924150427455031,0.9586293309098655,0.0006699534133076668,0.0,acinar
613,0.5333333333333333,0.5333333333333333,0.7500504119063571,0.8749234039840431,0.0006637983024120331,0.06666666666666667,acinar
614,1.0,1.0,1.0,1.0,0.0006845109164714813,0.0,acinar
615,0.9333333333333333,0.9333333333333333,0.9664526468099109,0.9846688292900246,0.0006628241389989853,0.13333333333333333,acinar
616,0.7333333333333333,0.7333333333333333,0.9058895866531199,0.9573002684376223,0.0006672991439700127,0.2,acinar
617,0.8,0.8,0.9222763957054266,0.9655513616679186,0.0006911419332027435,0.0,acinar
618,1.0,1.0,1.0,1.0,0.000670543871819973,0.6666666666666666,acinar
619,1.0,1.0,1.0,1.0,0.0007093045860528946,0.06666666666666667,acinar
620,0.9333333333333333,0.9333333333333333,0.9864329256396961,0.9944068295637194,0.0006742803379893303,0.26666666666666666,acinar
621,1.0,1.0,1.0,1.0,0.000677003525197506,0.13333333333333333,acinar
622,1.0,1.0,1.0,1.0,0.0006519490852952003,0.26666666666666666,acinar
623,0.9333333333333333,0.9333333333333333,0.9699263149492722,0.9862733079727442,0.0006875349208712578,0.2,acinar
624,0.6,0.6,0.7668219542416272,0.8806417852165871,0.0006695128977298737,0.13333333333333333,acinar
625,1.0,1.0,1.0,1.0,0.0006845984607934952,0.13333333333333333,acinar
626,0.9333333333333333,0.9333333333333333,0.9838292471250686,0.993145430656032,0.0006732987239956856,0.26666666666666666,acinar
627,1.0,1.0,1.0,1.0,0.0006837211549282074,0.06666666666666667,acinar
628,0.8666666666666667,0.8666666666666667,0.9238040455974483,0.9641830597027616,0.0006616981700062752,0.2,acinar
629,0.9333333333333333,0.9333333333333333,0.942630299495572,0.9706957708569071,0.0006599714979529381,0.13333333333333333,acinar
630,1.0,1.0,1.0,1.0,0.0007003434002399445,0.4,acinar
631,0.9333333333333333,0.9333333333333333,0.9929142338162688,0.9969018832267299,0.0006805416196584702,0.13333333333333333,acinar
632,0.8666666666666667,0.8666666666666667,0.9421985215313912,0.9731543880385738,0.0006781890988349915,0.06666666666666667,acinar
633,0.4666666666666667,0.4666666666666667,0.6068485928227823,0.7903786266543377,0.0006632125005125999,0.26666666666666666,acinar
634,1.0,1.0,1.0,1.0,0.0006620204076170921,0.2,acinar
635,0.9333333333333333,0.9333333333333333,0.9582733924024066,0.9806945002018179,0.000730881467461586,0.06666666666666667,acinar
636,0.9333333333333333,0.9333333333333333,0.9612323520665471,0.9823396546124229,0.0006563114002346992,0.26666666666666666,acinar
637,0.9333333333333333,0.9333333333333333,0.947947683291521,0.9745119316394707,0.00066356360912323,0.06666666666666667,acinar
638,0.9333333333333333,0.9333333333333333,0.9771571348094759,0.9898300610488805,0.0006789220497012138,0.06666666666666667,acinar
639,0.7333333333333333,0.7333333333333333,0.8349129295405022,0.9166253771760051,0.0006462112069129944,0.2,acinar
640,1.0,1.0,1.0,1.0,0.00070172268897295,0.6,acinar
641,0.9333333333333333,0.9333333333333333,0.9665435794627986,0.9844402157545589,0.0006605936214327812,0.06666666666666667,acinar
642,1.0,1.0,1.0,1.0,0.0006726998835802078,0.3333333333333333,acinar
643,1.0,1.0,1.0,1.0,0.0006602220237255096,0.6,acinar
644,0.9333333333333333,0.9333333333333333,0.9870059998417906,0.9946101444998496,0.0006500203162431717,0.4,acinar
645,1.0,1.0,1.0,1.0,0.0007048659026622772,0.06666666666666667,acinar
646,1.0,1.0,1.0,1.0,0.000673229806125164,0.06666666666666667,acinar
647,1.0,1.0,1.0,1.0,0.0006653154268860817,0.06666666666666667,acinar
648,1.0,1.0,1.0,1.0,0.0006746044382452965,0.3333333333333333,acinar
649,0.8,0.8,0.8509664832402127,0.9223750112168652,0.0006676074117422104,0.0,acinar
650,0.4666666666666667,0.4666666666666667,0.5250078532361986,0.6273348336222955,0.0006895121186971664,0.0,acinar
651,0.8,0.8,0.9321097869574515,0.9701364045779777,0.0006657717749476433,0.06666666666666667,acinar
652,0.6666666666666666,0.6666666666666666,0.833981164673078,0.9218929992706765,0.0007136436179280281,0.0,acinar
653,0.9333333333333333,0.9333333333333333,0.9596422263643667,0.9815475670637872,0.0006709042936563492,0.4666666666666667,acinar
654,0.8666666666666667,0.8666666666666667,0.9714600100125425,0.9878094455905309,0.0006619011983275414,0.2,acinar
655,0.8666666666666667,0.8666666666666667,0.9396626253725009,0.97290075914253,0.0006978195160627365,0.06666666666666667,acinar
656,1.0,1.0,1.0,1.0,0.0006589442491531372,0.06666666666666667,acinar
657,1.0,1.0,1.0,1.0,0.0007027583196759224,0.5333333333333333,acinar
658,1.0,1.0,1.0,1.0,0.00065607950091362,0.13333333333333333,acinar
659,0.9333333333333333,0.9333333333333333,0.9897128727984953,0.9954521766558261,0.0006560012698173523,0.06666666666666667,acinar
660,0.9333333333333333,0.9333333333333333,0.979896083795695,0.9916689731986345,0.000710316002368927,0.06666666666666667,acinar
661,0.9333333333333333,0.9333333333333333,0.9690392198284256,0.9856691553107577,0.0006561782211065292,0.13333333333333333,acinar
662,0.9333333333333333,0.9333333333333333,0.961901779010067,0.982466712767413,0.0006658686324954033,0.0,acinar
663,1.0,1.0,1.0,1.0,0.0006557609885931015,0.26666666666666666,acinar
664,1.0,1.0,1.0,1.0,0.000666717067360878,0.13333333333333333,acinar
665,1.0,1.0,1.0,1.0,0.000671149231493473,0.0,acinar
666,0.9333333333333333,0.9333333333333333,0.9740040392113062,0.988388777556926,0.0006509833037853241,0.4,acinar
667,1.0,1.0,1.0,1.0,0.0007099444046616554,0.5333333333333333,acinar
668,1.0,1.0,1.0,1.0,0.0006809160113334656,0.06666666666666667,acinar
669,1.0,1.0,1.0,1.0,0.0006478186696767807,0.4666666666666667,acinar
670,1.0,1.0,1.0,1.0,0.0006739692762494087,0.26666666666666666,acinar
671,0.9333333333333333,0.9333333333333333,0.9483882314756391,0.9746712667530828,0.0006912453100085258,0.0,acinar
672,1.0,1.0,1.0,1.0,0.0007136762142181396,0.13333333333333333,acinar
673,0.9333333333333333,0.9333333333333333,0.967896369777889,0.9856030134794274,0.0006704824045300484,0.3333333333333333,acinar
674,0.8,0.8,0.8933594665505142,0.9495426030238013,0.0006549563258886337,0.4,acinar
675,1.0,1.0,1.0,1.0,0.0006658211350440979,0.13333333333333333,acinar
676,0.8666666666666667,0.8666666666666667,0.9114181262881881,0.9561855046507434,0.000697738490998745,0.06666666666666667,acinar
677,0.9333333333333333,0.9333333333333333,0.9661547646641055,0.984596293868751,0.0006633158773183823,0.06666666666666667,acinar
678,0.8666666666666667,0.8666666666666667,0.9406723349612303,0.9734200569398592,0.0006601531058549881,0.0,acinar
679,1.0,1.0,1.0,1.0,0.000675479881465435,0.5333333333333333,acinar
680,1.0,1.0,1.0,1.0,0.0006543612107634544,0.6,acinar
681,1.0,1.0,1.0,1.0,0.0006790962070226669,0.6,acinar
682,1.0,1.0,1.0,1.0,0.000714428722858429,0.0,acinar
683,1.0,1.0,1.0,1.0,0.0006702234968543053,0.6666666666666666,acinar
684,1.0,1.0,1.0,1.0,0.0006620148196816444,0.4666666666666667,acinar
685,0.8,0.8,0.8531110509550911,0.9169851088776684,0.0006717927753925323,0.0,acinar
686,1.0,1.0,1.0,1.0,0.0007048556581139565,0.5333333333333333,acinar
687,0.9333333333333333,0.9333333333333333,0.9692249726292937,0.985905523916173,0.0006799567490816116,0.0,acinar
688,0.9333333333333333,0.9333333333333333,0.9549817638427708,0.9785295302048711,0.0006492128595709801,0.06666666666666667,acinar
689,0.9333333333333333,0.9333333333333333,0.9482451484446455,0.9744336029822126,0.0006777336820960045,0.0,acinar
690,1.0,1.0,1.0,1.0,0.0006715552881360054,0.5333333333333333,acinar
691,1.0,1.0,1.0,1.0,0.0006736805662512779,0.2,acinar
692,0.9333333333333333,0.9333333333333333,0.9614211894330237,0.9823957434473576,0.000681702047586441,0.06666666666666667,acinar
693,0.7333333333333333,0.7333333333333333,0.83830751601403,0.9143646128715389,0.000666382722556591,0.13333333333333333,acinar
694,1.0,1.0,1.0,1.0,0.000641985796391964,0.4666666666666667,acinar
695,1.0,1.0,1.0,1.0,0.0006750952452421188,0.0,acinar
696,1.0,1.0,1.0,1.0,0.0006559211760759354,0.6,acinar
697,0.7333333333333333,0.7333333333333333,0.898917146150779,0.9551347553180857,0.000681709498167038,0.2,acinar
698,1.0,1.0,1.0,1.0,0.0006682639941573143,0.5333333333333333,acinar
699,0.9333333333333333,0.9333333333333333,0.9546312689502968,0.9783843800008748,0.0006666313856840134,0.2,acinar
700,0.9333333333333333,0.9333333333333333,0.9673618565366243,0.9853599540796619,0.0006562536582350731,0.26666666666666666,acinar
701,0.9333333333333333,0.9333333333333333,0.9947887406705053,0.9978631411592734,0.0007039923220872879,0.0,acinar
702,1.0,1.0,1.0,1.0,0.0006681298837065697,0.26666666666666666,acinar
703,0.8,0.8,0.932410045718446,0.9706011286745965,0.0006560720503330231,0.06666666666666667,acinar
704,1.0,1.0,1.0,1.0,0.0006953747943043709,0.06666666666666667,acinar
705,1.0,1.0,1.0,1.0,0.0006539272144436836,0.06666666666666667,acinar
706,1.0,1.0,1.0,1.0,0.000690944492816925,0.6,acinar
707,0.8,0.8,0.9456703872296656,0.9755171530914211,0.0007051900029182434,0.2,acinar
708,0.8666666666666667,0.8666666666666667,0.9671545241503547,0.9854245382348084,0.0006989305838942528,0.0,acinar
709,1.0,1.0,1.0,1.0,0.0006677368655800819,0.06666666666666667,acinar
710,0.9333333333333333,0.9333333333333333,0.975730696585322,0.9892975867438015,0.0006567882373929024,0.13333333333333333,acinar
711,0.9333333333333333,0.9333333333333333,0.9740249112894844,0.9883789004520032,0.000674729235470295,0.3333333333333333,acinar
712,1.0,1.0,1.0,1.0,0.0007037995383143425,0.13333333333333333,acinar
713,0.9333333333333333,0.9333333333333333,0.9445804838669464,0.9724045032676824,0.000665571540594101,0.0,acinar
714,1.0,1.0,1.0,1.0,0.0006612809374928474,0.26666666666666666,acinar
715,0.9333333333333333,0.9333333333333333,0.9488900282335553,0.9748167993964993,0.000677051953971386,0.13333333333333333,acinar
716,1.0,1.0,1.0,1.0,0.0006458936259150505,0.4666666666666667,acinar
717,0.9333333333333333,0.9333333333333333,0.9888422523274056,0.9952852990640102,0.0006886152550578117,0.0,acinar
718,0.8666666666666667,0.8666666666666667,0.9370412714380425,0.9708320188931154,0.0006538592278957367,0.0,acinar
719,0.8666666666666667,0.8666666666666667,0.94509057501903,0.9732655100888484,0.000672927126288414,0.13333333333333333,acinar
720,0.9333333333333333,0.9333333333333333,0.9502759199619715,0.9753039228280389,0.0006639407947659492,0.13333333333333333,acinar
721,0.6666666666666666,0.6666666666666666,0.9412449322991597,0.9742042963459696,0.0006504766643047333,0.13333333333333333,acinar
722,0.8,0.8,0.7948004575003745,0.8736574101030106,0.0007405020296573639,0.0,acinar
723,0.9333333333333333,0.9333333333333333,0.944400033399059,0.9724733813162327,0.0006749313324689865,0.26666666666666666,acinar
724,0.9333333333333333,0.9333333333333333,0.9803897816889631,0.9914643516166438,0.0006565172225236893,0.0,acinar
725,0.5333333333333333,0.5333333333333333,0.6385202580143987,0.7936344183788353,0.0006836513057351112,0.0,acinar
726,1.0,1.0,1.0,1.0,0.000665995292365551,0.0,acinar
727,0.8666666666666667,0.8666666666666667,0.9242720564190643,0.9648298157438175,0.0007137320935726166,0.06666666666666667,acinar
728,0.7333333333333333,0.7333333333333333,0.8260235187589334,0.9137482080940907,0.0006768014281988144,0.06666666666666667,acinar
729,0.7333333333333333,0.7333333333333333,0.8439088428843113,0.9224234163737048,0.0006720982491970062,0.13333333333333333,acinar
730,0.8666666666666667,0.8666666666666667,0.9744275036832616,0.9893383049843147,0.0006632031872868538,0.2,acinar
731,1.0,1.0,1.0,1.0,0.0006784126162528992,0.13333333333333333,acinar
732,1.0,1.0,1.0,1.0,0.0006684763357043266,0.2,acinar
733,1.0,1.0,1.0,1.0,0.0007060663774609566,0.26666666666666666,acinar
734,0.6,0.6,0.8842136979210659,0.9478081590326837,0.0006789928302168846,0.06666666666666667,acinar
735,0.8666666666666667,0.8666666666666667,0.9267958050169687,0.9649155546998807,0.0006703492254018784,0.0,acinar
736,0.8,0.8,0.8575278856757259,0.9253721858780913,0.0006768768653273582,0.0,acinar
737,0.9333333333333333,0.9333333333333333,0.9776377296248776,0.9901690485521828,0.0006767557933926582,0.26666666666666666,acinar
738,0.8666666666666667,0.8666666666666667,0.9161616232041644,0.960243579886582,0.0006619924679398537,0.0,acinar
739,0.7333333333333333,0.7333333333333333,0.883591263149724,0.9434477035587759,0.0006630206480622292,0.0,acinar
740,1.0,1.0,1.0,1.0,0.0006856061518192291,0.2,acinar
741,1.0,1.0,1.0,1.0,0.0009309705346822739,0.2,acinar
742,0.4,0.4,0.3381394246082818,0.4231065864143616,0.0007308647036552429,0.13333333333333333,acinar
743,0.8,0.8,0.8436761551864337,0.919317178732353,0.0006845314055681229,0.13333333333333333,acinar
744,0.8666666666666667,0.8666666666666667,0.9049031706672961,0.9538984488432515,0.0006676400080323219,0.0,acinar
745,1.0,1.0,1.0,1.0,0.0006908727809786797,0.2,acinar
746,1.0,1.0,1.0,1.0,0.0006811227649450302,0.4,acinar
747,1.0,1.0,1.0,1.0,0.0006779376417398453,0.13333333333333333,acinar
748,1.0,1.0,1.0,1.0,0.0006971107795834541,0.5333333333333333,acinar
749,1.0,1.0,1.0,1.0,0.0006753690540790558,0.2,acinar
750,1.0,1.0,1.0,1.0,0.000678475946187973,0.26666666666666666,acinar
751,1.0,1.0,1.0,1.0,0.0006747031584382057,0.06666666666666667,acinar
752,1.0,1.0,1.0,1.0,0.0006789285689592361,0.13333333333333333,acinar
753,1.0,1.0,1.0,1.0,0.0006720740348100662,0.0,acinar
754,1.0,1.0,1.0,1.0,0.000663301907479763,0.26666666666666666,acinar
755,1.0,1.0,1.0,1.0,0.0006983093917369843,0.4,acinar
756,0.9333333333333333,0.9333333333333333,0.9910169594468448,0.9961913505282091,0.0006742579862475395,0.13333333333333333,acinar
757,1.0,1.0,1.0,1.0,0.0006910581141710281,0.26666666666666666,acinar
758,0.9333333333333333,0.9333333333333333,0.9913129841074221,0.9963600248106587,0.0006871391087770462,0.2,acinar
759,1.0,1.0,1.0,1.0,0.0006794845685362816,0.3333333333333333,acinar
760,0.9333333333333333,0.9333333333333333,0.9711406194416731,0.9870036095477916,0.0007016872987151146,0.2,acinar
761,0.6666666666666666,0.6666666666666666,0.8078170766641458,0.9064749104089913,0.0006860820576548576,0.0,acinar
762,0.6666666666666666,0.6666666666666666,0.5740363051402225,0.630204894934429,0.0007068170234560966,0.06666666666666667,acinar
763,0.9333333333333333,0.9333333333333333,0.9608849352500974,0.9819160597974281,0.000672636553645134,0.4666666666666667,acinar
764,0.9333333333333333,0.9333333333333333,0.9831206134695897,0.9925119397622282,0.0007129460573196411,0.06666666666666667,acinar
765,1.0,1.0,1.0,1.0,0.000654284842312336,0.4,acinar
766,0.8,0.8,0.9508553946886651,0.9765211201102909,0.0006723292171955109,0.2,acinar
767,1.0,1.0,1.0,1.0,0.0006929868832230568,0.5333333333333333,acinar
768,0.9333333333333333,0.9333333333333333,0.9851902005315591,0.9935016863810019,0.0006920592859387398,0.06666666666666667,acinar
769,1.0,1.0,1.0,1.0,0.000674479641020298,0.06666666666666667,acinar
770,0.9333333333333333,0.9333333333333333,0.9653308962107927,0.984276152741613,0.0006828270852565765,0.2,acinar
771,1.0,1.0,1.0,1.0,0.0006597181782126427,0.06666666666666667,acinar
772,1.0,1.0,1.0,1.0,0.0006941556930541992,0.0,acinar
773,0.8,0.8,0.9085664067462391,0.9578400826938885,0.0007082438096404076,0.13333333333333333,acinar
774,1.0,1.0,1.0,1.0,0.0006741899996995926,0.2,acinar
775,0.8666666666666667,0.8666666666666667,0.9189145534510959,0.9616029528759373,0.0006611943244934082,0.06666666666666667,acinar
776,1.0,1.0,1.0,1.0,0.0006712162867188454,0.13333333333333333,acinar
777,0.8666666666666667,0.8666666666666667,0.9286466952888459,0.9670748018935509,0.000695476308465004,0.26666666666666666,acinar
778,0.7333333333333333,0.7333333333333333,0.9361282775954971,0.9701679255956287,0.0006791828200221062,0.0,acinar
779,1.0,1.0,1.0,1.0,0.0006528645753860474,0.2,acinar
780,0.9333333333333333,0.9333333333333333,0.9680355536773347,0.9858738613715585,0.0006817961111664772,0.06666666666666667,acinar
781,1.0,1.0,1.0,1.0,0.0006732344627380371,0.3333333333333333,acinar
782,0.9333333333333333,0.9333333333333333,0.9790007676357424,0.9908323031691686,0.0007011285051703453,0.0,acinar
783,1.0,1.0,1.0,1.0,0.0006807958707213402,0.06666666666666667,acinar
784,0.8,0.8,0.9260455784819098,0.9658848710744299,0.0006700009107589722,0.0,acinar
785,1.0,1.0,1.0,1.0,0.0006665550172328949,0.0,alpha
786,0.9333333333333333,0.9333333333333333,0.9931270421616722,0.9970743210450225,0.0006711222231388092,0.0,alpha
787,0.8,0.8,0.8937147778563094,0.9437202842310194,0.000696791335940361,0.13333333333333333,alpha
788,0.9333333333333333,0.9333333333333333,0.98407648732272,0.9931850163176668,0.0006674518808722496,0.13333333333333333,alpha
789,0.9333333333333333,0.9333333333333333,0.9604713197694199,0.981808085019543,0.0006640944629907608,0.06666666666666667,alpha
790,0.9333333333333333,0.9333333333333333,0.974361148920745,0.9888902452776765,0.0006778482347726822,0.0,alpha
791,0.9333333333333333,0.9333333333333333,0.9843763315716435,0.9933285255092096,0.0006572185084223747,0.0,alpha
792,0.9333333333333333,0.9333333333333333,0.9564607938988264,0.9795684953311741,0.0006716232746839523,0.06666666666666667,alpha
793,1.0,1.0,1.0,1.0,0.0006565814837813377,0.0,alpha
794,1.0,1.0,1.0,1.0,0.0006589917466044426,0.0,alpha
795,0.8666666666666667,0.8666666666666667,0.9300510587645867,0.9675408156610534,0.0007066214457154274,0.06666666666666667,alpha
796,1.0,1.0,1.0,1.0,0.0006717173382639885,0.0,alpha
797,0.8666666666666667,0.8666666666666667,0.9258087743436347,0.9651269890878522,0.0006788242608308792,0.0,alpha
798,0.8666666666666667,0.8666666666666667,0.9499252941979693,0.977470969271723,0.0007014023140072823,0.0,alpha
799,1.0,1.0,1.0,1.0,0.0006718477234244347,0.06666666666666667,alpha
800,1.0,1.0,1.0,1.0,0.0006864229217171669,0.26666666666666666,alpha
801,0.9333333333333333,0.9333333333333333,0.9735926553203476,0.9880731331940409,0.0006547411903738976,0.13333333333333333,alpha
802,0.9333333333333333,0.9333333333333333,0.9626460578950254,0.9824016892449886,0.0006726114079356194,0.2,alpha
803,0.8,0.8,0.9295425475341992,0.9686041242732846,0.0006988123059272766,0.06666666666666667,alpha
804,0.8666666666666667,0.8666666666666667,0.9580741641432355,0.9813978821640121,0.0006592394784092903,0.06666666666666667,alpha
805,0.9333333333333333,0.9333333333333333,0.9639538334650991,0.9830542947113187,0.0006574122235178947,0.06666666666666667,alpha
806,0.8,0.8,0.8922865690346459,0.9488937944240806,0.0006932755932211876,0.06666666666666667,alpha
807,0.7333333333333333,0.7333333333333333,0.8733472966536281,0.9389793514534025,0.0006792042404413223,0.0,alpha
808,1.0,1.0,1.0,1.0,0.0007241480052471161,0.0,alpha
809,0.6666666666666666,0.6666666666666666,0.7755254199168045,0.8836048812451404,0.0006664050742983818,0.06666666666666667,alpha
810,0.8,0.8,0.8845483380686076,0.9458814543783437,0.00067101139575243,0.0,alpha
811,1.0,1.0,1.0,1.0,0.0006989184767007828,0.0,alpha
812,0.9333333333333333,0.9333333333333333,0.962824899289008,0.9829073449339581,0.0006599798798561096,0.13333333333333333,alpha
813,0.8666666666666667,0.8666666666666667,0.9914360031697708,0.9965335509345405,0.0007203174754977226,0.0,alpha
814,0.9333333333333333,0.9333333333333333,0.9573950149586938,0.9801678336472536,0.0006848378106951714,0.06666666666666667,alpha
815,0.9333333333333333,0.9333333333333333,0.9668844988276825,0.9847859381154012,0.0006563765928149223,0.13333333333333333,alpha
816,0.8666666666666667,0.8666666666666667,0.924641474661535,0.965053180980285,0.000661841593682766,0.0,alpha
817,1.0,1.0,1.0,1.0,0.0006957808509469032,0.13333333333333333,alpha
818,0.8666666666666667,0.8666666666666667,0.9267180216012083,0.9659707597578628,0.0007234523072838783,0.0,alpha
819,1.0,1.0,1.0,1.0,0.0006577419117093086,0.0,alpha
820,0.8666666666666667,0.8666666666666667,0.9265353744598391,0.9657459212939221,0.0006884187459945679,0.2,alpha
821,1.0,1.0,1.0,1.0,0.0006681457161903381,0.06666666666666667,alpha
822,0.8666666666666667,0.8666666666666667,0.9830731818570996,0.9927352149512889,0.0006820810958743095,0.0,alpha
823,0.8666666666666667,0.8666666666666667,0.9185398788569672,0.9616533554473548,0.0006828960031270981,0.0,alpha
824,0.9333333333333333,0.9333333333333333,0.9603908791259946,0.9814770181542648,0.0006546834483742714,0.06666666666666667,alpha
825,1.0,1.0,1.0,1.0,0.0006791511550545692,0.0,alpha
826,0.8666666666666667,0.8666666666666667,0.910630432374772,0.958033916817726,0.0006458349525928497,0.0,alpha
827,0.8666666666666667,0.8666666666666667,0.9332579373894427,0.9691561102765824,0.0006741415709257126,0.0,alpha
828,0.9333333333333333,0.9333333333333333,0.9880305165022927,0.9950437999442716,0.0006576487794518471,0.0,alpha
829,1.0,1.0,1.0,1.0,0.0006835376843810081,0.06666666666666667,alpha
830,1.0,1.0,1.0,1.0,0.000666189007461071,0.0,alpha
831,0.8666666666666667,0.8666666666666667,0.9234798611384399,0.9640610428534007,0.000682503916323185,0.06666666666666667,alpha
832,0.9333333333333333,0.9333333333333333,0.9323814692604164,0.9639825871759812,0.0006732288748025894,0.2,alpha
833,1.0,1.0,1.0,1.0,0.0006613573059439659,0.0,alpha
834,0.8666666666666667,0.8666666666666667,0.9509962059219343,0.9779598613575907,0.000664624385535717,0.0,alpha
835,0.9333333333333333,0.9333333333333333,0.9729564826982151,0.9875507252927943,0.0006595943123102188,0.06666666666666667,alpha
836,0.8,0.8,0.9094742885576941,0.9581584946154765,0.0006597433239221573,0.2,alpha
837,0.7333333333333333,0.7333333333333333,0.8957449055524291,0.9510634054369067,0.0006780773401260376,0.0,alpha
838,0.9333333333333333,0.9333333333333333,0.9769863379954002,0.989670918052216,0.0007015364244580269,0.0,alpha
839,0.9333333333333333,0.9333333333333333,0.9938348136366858,0.9973649050337472,0.0006950153037905693,0.0,alpha
840,0.8666666666666667,0.8666666666666667,0.9465761566929962,0.9759091878391076,0.0006730472669005394,0.0,alpha
841,0.9333333333333333,0.9333333333333333,0.9655325084895318,0.9838315096818039,0.0006816461682319641,0.06666666666666667,alpha
842,0.9333333333333333,0.9333333333333333,0.9768935977883842,0.9898745508506589,0.0006572026759386063,0.13333333333333333,alpha
843,1.0,1.0,1.0,1.0,0.0006770612671971321,0.0,alpha
844,0.8666666666666667,0.8666666666666667,0.9742667790387796,0.9888698457382923,0.0006804671138525009,0.0,alpha
845,1.0,1.0,1.0,1.0,0.0006755590438842773,0.0,alpha
846,1.0,1.0,1.0,1.0,0.0006719417870044708,0.0,alpha
847,0.8666666666666667,0.8666666666666667,0.9098004131111027,0.9562696009630997,0.0006724363192915916,0.06666666666666667,alpha
848,0.8,0.8,0.8962656666353367,0.9505228265639392,0.0006584357470273972,0.13333333333333333,alpha
849,1.0,1.0,1.0,1.0,0.0006919298321008682,0.0,alpha
850,1.0,1.0,1.0,1.0,0.0006772289052605629,0.0,alpha
851,0.8,0.8,0.8707302228502483,0.9372075630701375,0.0006513036787509918,0.26666666666666666,alpha
852,0.8,0.8,0.9407810310258833,0.9733468790836058,0.0006874287500977516,0.0,alpha
853,0.8666666666666667,0.8666666666666667,0.9568183471191289,0.9808332150292197,0.000655624084174633,0.13333333333333333,alpha
854,1.0,1.0,1.0,1.0,0.0007022768259048462,0.06666666666666667,alpha
855,0.8666666666666667,0.8666666666666667,0.9253730168322843,0.9646025568979013,0.0006672749295830727,0.0,alpha
856,1.0,1.0,1.0,1.0,0.000657462514936924,0.0,alpha
857,0.9333333333333333,0.9333333333333333,0.9705950278738686,0.9867491195521284,0.0006780307739973068,0.0,alpha
858,0.8,0.8,0.8955708617825759,0.9506486440231524,0.0006757574155926704,0.06666666666666667,alpha
859,0.8,0.8,0.824458452503142,0.8850896504802015,0.0006985794752836227,0.0,alpha
860,1.0,1.0,1.0,1.0,0.0006617549806833267,0.0,alpha
861,0.8666666666666667,0.8666666666666667,0.9173319990883444,0.9609885097094957,0.0006850706413388252,0.2,alpha
862,0.9333333333333333,0.9333333333333333,0.9685798741155582,0.9861938372150519,0.0007026121020317078,0.13333333333333333,alpha
863,1.0,1.0,1.0,1.0,0.0006787925958633423,0.3333333333333333,alpha
864,1.0,1.0,1.0,1.0,0.0006624404340982437,0.0,alpha
865,1.0,1.0,1.0,1.0,0.0006733713671565056,0.0,alpha
866,1.0,1.0,1.0,1.0,0.0006790198385715485,0.13333333333333333,alpha
867,0.4666666666666667,0.4666666666666667,0.6751269996022792,0.8365435490369225,0.0006590057164430618,0.0,alpha
868,0.8666666666666667,0.8666666666666667,0.9191545238937772,0.961865316670595,0.0006959512829780579,0.0,alpha
869,0.9333333333333333,0.9333333333333333,0.9600715596870895,0.9811442012656948,0.0006824154406785965,0.0,alpha
870,0.8,0.8,0.9818234734045552,0.992386066653373,0.0006498377770185471,0.13333333333333333,alpha
871,0.9333333333333333,0.9333333333333333,0.9894201990959782,0.9955127385893495,0.0006837407127022743,0.13333333333333333,alpha
872,0.8666666666666667,0.8666666666666667,0.953492968128683,0.9791853854802413,0.0006690742447972298,0.06666666666666667,alpha
873,1.0,1.0,1.0,1.0,0.0006532212719321251,0.13333333333333333,alpha
874,0.8666666666666667,0.8666666666666667,0.9402458045695635,0.9722191959194233,0.0006634760648012161,0.0,alpha
875,0.8666666666666667,0.8666666666666667,0.9332716541238639,0.9689817173030076,0.0006655771285295486,0.13333333333333333,alpha
876,0.6666666666666666,0.6666666666666666,0.7633312898452944,0.8664971182527096,0.0006848685443401337,0.0,alpha
877,0.8666666666666667,0.8666666666666667,0.9172734795952785,0.9598717697841824,0.0006625102832913399,0.0,alpha
878,1.0,1.0,1.0,1.0,0.0006524911150336266,0.06666666666666667,alpha
879,0.8666666666666667,0.8666666666666667,0.9370614134475265,0.9722850174713331,0.0006948448717594147,0.13333333333333333,alpha
880,0.9333333333333333,0.9333333333333333,0.9813924209573185,0.9916373721028358,0.0006745569407939911,0.26666666666666666,alpha
881,1.0,1.0,1.0,1.0,0.000650276429951191,0.0,alpha
882,0.8666666666666667,0.8666666666666667,0.9059357759728932,0.9486847259234276,0.0006760880351066589,0.0,alpha
883,0.9333333333333333,0.9333333333333333,0.9826475351323554,0.992709427881834,0.0007012663409113884,0.0,alpha
884,1.0,1.0,1.0,1.0,0.0006587691605091095,0.0,alpha
885,1.0,1.0,1.0,1.0,0.0007086256518959999,0.0,alpha
886,1.0,1.0,1.0,1.0,0.0006805369630455971,0.13333333333333333,alpha
887,0.8666666666666667,0.8666666666666667,0.9118476926235559,0.9572965780129388,0.0006457623094320297,0.06666666666666667,alpha
888,0.8666666666666667,0.8666666666666667,0.9392912260508444,0.9714682437178,0.0006758933886885643,0.06666666666666667,alpha
889,0.8666666666666667,0.8666666666666667,0.970382833222509,0.9870939172519946,0.000660494901239872,0.06666666666666667,alpha
890,1.0,1.0,1.0,1.0,0.0006876485422253609,0.06666666666666667,alpha
891,1.0,1.0,1.0,1.0,0.0006621005013585091,0.06666666666666667,alpha
892,1.0,1.0,1.0,1.0,0.0006470661610364914,0.06666666666666667,alpha
893,0.9333333333333333,0.9333333333333333,0.9606700310149142,0.9819520886814946,0.0006699934601783752,0.0,alpha
894,1.0,1.0,1.0,1.0,0.0006573759019374847,0.26666666666666666,alpha
895,0.8666666666666667,0.8666666666666667,0.9074404358380029,0.9548845057478714,0.0007224660366773605,0.06666666666666667,alpha
896,0.9333333333333333,0.9333333333333333,0.9728476979236081,0.9881925601535237,0.0006860997527837753,0.13333333333333333,alpha
897,0.8666666666666667,0.8666666666666667,0.9672486391719677,0.9861147135905107,0.0006792088970541954,0.0,alpha
898,1.0,1.0,1.0,1.0,0.0006636679172515869,0.0,alpha
899,0.9333333333333333,0.9333333333333333,0.9338954101571019,0.9644284428778583,0.0006575388833880424,0.0,alpha
900,0.8666666666666667,0.8666666666666667,0.9309089332489863,0.9673524195754966,0.000677766278386116,0.0,alpha
901,0.8666666666666667,0.8666666666666667,0.9026281695167364,0.9510297787478101,0.0006921291351318359,0.0,alpha
902,0.9333333333333333,0.9333333333333333,0.9643159114487735,0.98401666853453,0.0006723469123244286,0.13333333333333333,alpha
903,1.0,1.0,1.0,1.0,0.0006673680618405342,0.13333333333333333,alpha
904,0.8666666666666667,0.8666666666666667,0.9865959696660921,0.9944378429747606,0.0007026707753539085,0.26666666666666666,alpha
905,1.0,1.0,1.0,1.0,0.0006716568022966385,0.06666666666666667,alpha
906,0.9333333333333333,0.9333333333333333,0.9606245466643893,0.9819799070471491,0.0006762025877833366,0.13333333333333333,alpha
907,0.7333333333333333,0.7333333333333333,0.7878367398933114,0.8853765990772535,0.0006734319031238556,0.0,alpha
908,0.9333333333333333,0.9333333333333333,0.9658910831048524,0.9845862532895919,0.0006639389321208,0.0,alpha
909,0.8666666666666667,0.8666666666666667,0.922351420614056,0.9633989592554558,0.0006728628650307655,0.06666666666666667,alpha
910,0.8666666666666667,0.8666666666666667,0.9426970897685762,0.973876963715145,0.0006637023761868477,0.0,alpha
911,0.8666666666666667,0.8666666666666667,0.9745996673092309,0.989249511004315,0.0006814273074269295,0.13333333333333333,alpha
912,1.0,1.0,1.0,1.0,0.00065601896494627,0.0,alpha
913,0.8,0.8,0.8861980469530515,0.9416528899403728,0.0006536878645420074,0.06666666666666667,alpha
914,1.0,1.0,1.0,1.0,0.0006765546277165413,0.13333333333333333,alpha
915,1.0,1.0,1.0,1.0,0.0006597964093089104,0.0,alpha
916,1.0,1.0,1.0,1.0,0.0007008882239460945,0.0,alpha
917,1.0,1.0,1.0,1.0,0.0006650984287261963,0.0,alpha
918,0.8666666666666667,0.8666666666666667,0.9452517456161204,0.9745318542458393,0.0006466871127486229,0.06666666666666667,alpha
919,1.0,1.0,1.0,1.0,0.0006769644096493721,0.2,alpha
920,1.0,1.0,1.0,1.0,0.0006562285125255585,0.0,alpha
921,0.9333333333333333,0.9333333333333333,0.9514473247629762,0.9767462773982689,0.0007062293589115143,0.0,alpha
922,0.8666666666666667,0.8666666666666667,0.8545928665226737,0.9083457864022274,0.0006644576787948608,0.0,alpha
923,0.9333333333333333,0.9333333333333333,0.9631919499875016,0.982652975025468,0.000650627538561821,0.2,alpha
924,0.8,0.8,0.8066813240736638,0.8951748851881275,0.0006677675992250443,0.06666666666666667,alpha
925,0.8666666666666667,0.8666666666666667,0.9379258670458374,0.9713546316517598,0.0006790477782487869,0.0,alpha
926,1.0,1.0,1.0,1.0,0.0007192539051175117,0.0,alpha
927,0.8,0.8,0.8831655757206093,0.9444076217202957,0.0006669787690043449,0.0,alpha
928,0.9333333333333333,0.9333333333333333,0.9834398823846002,0.9930203284216876,0.0006835348904132843,0.06666666666666667,alpha
929,1.0,1.0,1.0,1.0,0.0006538731977343559,0.13333333333333333,alpha
930,0.9333333333333333,0.9333333333333333,0.9851946046974168,0.9938307647342106,0.0006571691483259201,0.13333333333333333,alpha
931,1.0,1.0,1.0,1.0,0.0006841178983449936,0.06666666666666667,alpha
932,0.8666666666666667,0.8666666666666667,0.9693628594150917,0.9863536854579643,0.0006502820178866386,0.06666666666666667,alpha
933,1.0,1.0,1.0,1.0,0.0006753010675311089,0.0,alpha
934,0.6666666666666666,0.6666666666666666,0.7981087028576145,0.9008031640927151,0.0006685759872198105,0.06666666666666667,alpha
935,0.8666666666666667,0.8666666666666667,0.9548493328113199,0.9797162988349848,0.0006741220131516457,0.0,alpha
936,0.8666666666666667,0.8666666666666667,0.9408969753546921,0.9714946058824881,0.0006787627935409546,0.0,alpha
937,1.0,1.0,1.0,1.0,0.0006513297557830811,0.0,alpha
938,0.8666666666666667,0.8666666666666667,0.896290826187202,0.9474850445497857,0.0006754398345947266,0.0,alpha
939,0.7333333333333333,0.7333333333333333,0.9227165208944245,0.965296255661036,0.0006696116179227829,0.0,alpha
940,1.0,1.0,1.0,1.0,0.000684322789311409,0.0,alpha
941,0.9333333333333333,0.9333333333333333,0.984908673848099,0.9934150157636742,0.0006821351125836372,0.0,alpha
942,1.0,1.0,1.0,1.0,0.0007071113213896751,0.0,alpha
943,0.9333333333333333,0.9333333333333333,0.9740488459602361,0.9885141066018457,0.0006691897287964821,0.0,alpha
944,1.0,1.0,1.0,1.0,0.0006620530039072037,0.0,alpha
945,0.8666666666666667,0.8666666666666667,0.9398318927182842,0.9729214762648773,0.0006638523191213608,0.06666666666666667,alpha
946,0.8666666666666667,0.8666666666666667,0.9523057184151744,0.9781483082476206,0.0006611710414290428,0.06666666666666667,alpha
947,1.0,1.0,1.0,1.0,0.0006705876439809799,0.06666666666666667,alpha
948,1.0,1.0,1.0,1.0,0.0006622057408094406,0.06666666666666667,alpha
949,1.0,1.0,1.0,1.0,0.0006661470979452133,0.0,alpha
950,0.9333333333333333,0.9333333333333333,0.9732117897822045,0.9879959379209757,0.0006566718220710754,0.13333333333333333,alpha
951,0.8666666666666667,0.8666666666666667,0.9603218204513858,0.9819336373663684,0.0006549162790179253,0.0,alpha
952,0.9333333333333333,0.9333333333333333,0.8531687696041388,0.8866439531239603,0.0006913589313626289,0.06666666666666667,alpha
953,0.8666666666666667,0.8666666666666667,0.9460343075322598,0.9748244255238828,0.0006824890151619911,0.2,alpha
954,1.0,1.0,1.0,1.0,0.0006643664091825485,0.0,alpha
955,0.9333333333333333,0.9333333333333333,0.9863248332329475,0.9942842277076922,0.0006610220298171043,0.2,alpha
956,1.0,1.0,1.0,1.0,0.0006711287423968315,0.06666666666666667,alpha
957,0.9333333333333333,0.9333333333333333,0.9765322927778464,0.989552819841343,0.0006633084267377853,0.13333333333333333,alpha
958,1.0,1.0,1.0,1.0,0.0006907600909471512,0.06666666666666667,alpha
959,0.8666666666666667,0.8666666666666667,0.9350604810763945,0.9701477927395649,0.0006631463766098022,0.13333333333333333,alpha
960,0.9333333333333333,0.9333333333333333,0.9707359618943436,0.9868389889932119,0.000671660527586937,0.0,alpha
961,0.8,0.8,0.8968986741803463,0.9514434526361465,0.0006600562483072281,0.13333333333333333,alpha
962,0.9333333333333333,0.9333333333333333,0.9653685069659744,0.9838417348601284,0.0006629312410950661,0.13333333333333333,alpha
963,0.7333333333333333,0.7333333333333333,0.8235304774636271,0.9134133563460527,0.0006610322743654251,0.06666666666666667,alpha
964,0.8666666666666667,0.8666666666666667,0.9184687686232309,0.9610544536873373,0.0006528068333864212,0.06666666666666667,alpha
965,0.8666666666666667,0.8666666666666667,0.9624659589605916,0.9829524048931565,0.0006999392062425613,0.13333333333333333,alpha
966,0.9333333333333333,0.9333333333333333,0.9617402322363652,0.9821507183808628,0.0006702402606606483,0.06666666666666667,alpha
967,0.8666666666666667,0.8666666666666667,0.9694992332008746,0.9872286780064816,0.0006593223661184311,0.2,alpha
968,1.0,1.0,1.0,1.0,0.0007180478423833847,0.13333333333333333,alpha
969,1.0,1.0,1.0,1.0,0.0006733033806085587,0.06666666666666667,alpha
970,1.0,1.0,1.0,1.0,0.0006951289251446724,0.13333333333333333,alpha
971,1.0,1.0,1.0,1.0,0.0006585801020264626,0.06666666666666667,alpha
972,1.0,1.0,1.0,1.0,0.0006588930264115334,0.0,alpha
973,0.8666666666666667,0.8666666666666667,0.9363762932637741,0.9706133788251736,0.0006970595568418503,0.06666666666666667,alpha
974,0.9333333333333333,0.9333333333333333,0.9698455945392355,0.9864158157333189,0.0006656115874648094,0.0,alpha
975,1.0,1.0,1.0,1.0,0.0006778007373213768,0.06666666666666667,alpha
976,1.0,1.0,1.0,1.0,0.0006660455837845802,0.2,alpha
977,0.9333333333333333,0.9333333333333333,0.9915750006794285,0.9964540537395847,0.0006606355309486389,0.06666666666666667,alpha
978,1.0,1.0,1.0,1.0,0.0006728628650307655,0.06666666666666667,alpha
979,1.0,1.0,1.0,1.0,0.0006546126678586006,0.06666666666666667,alpha
980,0.9333333333333333,0.9333333333333333,0.9772324384460495,0.9896588324520125,0.0006641950458288193,0.0,alpha
981,0.9333333333333333,0.9333333333333333,0.9739417898929731,0.9883291312897922,0.0006722267717123032,0.06666666666666667,alpha
982,0.8666666666666667,0.8666666666666667,0.9408381708412797,0.970659742517845,0.0006621591746807098,0.06666666666666667,alpha
983,0.7333333333333333,0.7333333333333333,0.8548706733231861,0.929652972258682,0.00071735680103302,0.06666666666666667,alpha
984,0.9333333333333333,0.9333333333333333,0.9854470295844553,0.9937709317326974,0.0006728256121277809,0.06666666666666667,alpha
985,0.8666666666666667,0.8666666666666667,0.9554609904240562,0.9796190640863027,0.0006489604711532593,0.0,alpha
986,0.6666666666666666,0.6666666666666666,0.9312434692546111,0.9696707875845725,0.0006796084344387054,0.06666666666666667,alpha
987,0.8666666666666667,0.8666666666666667,0.8986591700749391,0.9492498651450498,0.0006667478010058403,0.0,alpha
988,0.9333333333333333,0.9333333333333333,0.9657356716791087,0.9845808084548024,0.0007179668173193932,0.13333333333333333,alpha
989,0.9333333333333333,0.9333333333333333,0.9523077883752774,0.9773921729025508,0.0006819963455200195,0.0,alpha
990,1.0,1.0,1.0,1.0,0.0006617698818445206,0.06666666666666667,alpha
991,1.0,1.0,1.0,1.0,0.0006861798465251923,0.06666666666666667,alpha
992,0.8,0.8,0.9655044406761248,0.9848064219850597,0.0006751883774995804,0.06666666666666667,alpha
993,1.0,1.0,1.0,1.0,0.0007156850770115852,0.0,alpha
994,0.8666666666666667,0.8666666666666667,0.893998009440354,0.942623152016647,0.0006620632484555244,0.0,alpha
995,1.0,1.0,1.0,1.0,0.0006990907713770866,0.26666666666666666,alpha
996,0.8666666666666667,0.8666666666666667,0.9615025928739287,0.9833716907368478,0.0006609000265598297,0.06666666666666667,alpha
997,0.6666666666666666,0.6666666666666666,0.7340820019267809,0.8471622530049016,0.000660930760204792,0.06666666666666667,alpha
998,0.7333333333333333,0.7333333333333333,0.866722604660716,0.9355562310974844,0.0006802929565310478,0.0,alpha
999,1.0,1.0,1.0,1.0,0.0006480831652879715,0.0,alpha
1000,0.8666666666666667,0.8666666666666667,0.9508453985134194,0.9765406354690178,0.0006998423486948013,0.0,alpha
1001,1.0,1.0,1.0,1.0,0.0006655687466263771,0.0,alpha
1002,0.8666666666666667,0.8666666666666667,0.8974457490731874,0.9495883221898955,0.0006599053740501404,0.13333333333333333,alpha
1003,1.0,1.0,1.0,1.0,0.0006900159642100334,0.06666666666666667,alpha
1004,0.9333333333333333,0.9333333333333333,0.9722583042056936,0.987779123360092,0.0006678160279989243,0.06666666666666667,alpha
1005,0.9333333333333333,0.9333333333333333,0.9780383042050006,0.9906234482686609,0.0006733955815434456,0.0,alpha
1006,1.0,1.0,1.0,1.0,0.0006656497716903687,0.06666666666666667,alpha
1007,0.9333333333333333,0.9333333333333333,0.9694696549509493,0.9861731193775726,0.0006702281534671783,0.06666666666666667,alpha
1008,1.0,1.0,1.0,1.0,0.0006552115082740784,0.06666666666666667,alpha
1009,0.9333333333333333,0.9333333333333333,0.9750565850434546,0.9889762124994244,0.0006638607010245323,0.13333333333333333,alpha
1010,1.0,1.0,1.0,1.0,0.0006628911942243576,0.06666666666666667,alpha
1011,1.0,1.0,1.0,1.0,0.0006609689444303513,0.0,alpha
1012,1.0,1.0,1.0,1.0,0.0006525404751300812,0.06666666666666667,alpha
1013,0.9333333333333333,0.9333333333333333,0.9600276968127348,0.9812270308175189,0.0006781872361898422,0.0,alpha
1014,0.8666666666666667,0.8666666666666667,0.8849746003064942,0.9398723088078857,0.0006589824333786964,0.13333333333333333,alpha
1015,0.9333333333333333,0.9333333333333333,0.9758283043603927,0.9894309888970152,0.0006775325164198875,0.0,alpha
1016,1.0,1.0,1.0,1.0,0.0006536506116390228,0.0,alpha
1017,1.0,1.0,1.0,1.0,0.0006565265357494354,0.0,alpha
1018,1.0,1.0,1.0,1.0,0.0006839940324425697,0.06666666666666667,alpha
1019,0.9333333333333333,0.9333333333333333,0.9660885127709484,0.984590645398497,0.0006750617176294327,0.0,alpha
1020,1.0,1.0,1.0,1.0,0.0006513334810733795,0.0,alpha
1021,1.0,1.0,1.0,1.0,0.0006641494110226631,0.13333333333333333,alpha
1022,1.0,1.0,1.0,1.0,0.0006639165803790092,0.13333333333333333,alpha
1023,0.9333333333333333,0.9333333333333333,0.9807172458489324,0.9914048719307111,0.0006870673969388008,0.0,alpha
1024,1.0,1.0,1.0,1.0,0.0006959903985261917,0.13333333333333333,alpha
1025,1.0,1.0,1.0,1.0,0.0006774244830012321,0.06666666666666667,alpha
1026,0.9333333333333333,0.9333333333333333,0.9715814418435375,0.9871588579699604,0.0006641903892159462,0.0,alpha
1027,1.0,1.0,1.0,1.0,0.0006650062277913094,0.06666666666666667,alpha
1028,0.9333333333333333,0.9333333333333333,0.9826506335453938,0.9924480100215158,0.0006554471328854561,0.0,alpha
1029,0.8,0.8,0.9547008616501269,0.9799036259091755,0.0006707934662699699,0.13333333333333333,alpha
1030,1.0,1.0,1.0,1.0,0.0006552319973707199,0.2,alpha
1031,0.9333333333333333,0.9333333333333333,0.9714935405264764,0.9871759012766639,0.000657438300549984,0.0,alpha
1032,0.8,0.8,0.8916389332308629,0.9458235349033407,0.0007216548547148705,0.13333333333333333,alpha
1033,1.0,1.0,1.0,1.0,0.000660773366689682,0.0,alpha
1034,1.0,1.0,1.0,1.0,0.0006575211882591248,0.0,alpha
1035,0.9333333333333333,0.9333333333333333,0.9662899811262792,0.9846280768095281,0.0006681038066744804,0.06666666666666667,alpha
1036,0.9333333333333333,0.9333333333333333,0.9651708590922161,0.98394032847238,0.0006515160202980042,0.0,alpha
1037,1.0,1.0,1.0,1.0,0.000652773305773735,0.0,alpha
1038,1.0,1.0,1.0,1.0,0.0006799213588237762,0.0,alpha
1039,0.8,0.8,0.8964927017412829,0.9524791894081412,0.000648796558380127,0.13333333333333333,alpha
1040,1.0,1.0,1.0,1.0,0.0006753206253051758,0.06666666666666667,alpha
1041,0.8666666666666667,0.8666666666666667,0.9501443237711455,0.9766248987114086,0.0006564892828464508,0.06666666666666667,alpha
1042,1.0,1.0,1.0,1.0,0.0006755972281098366,0.06666666666666667,alpha
1043,0.8,0.8,0.9418452756252115,0.9740812408591709,0.0006721280515193939,0.13333333333333333,alpha
1044,0.9333333333333333,0.9333333333333333,0.9701393297325975,0.9865283289710013,0.0006478503346443176,0.0,alpha
1045,0.9333333333333333,0.9333333333333333,0.9579062087491841,0.9803799093543547,0.0007088128477334976,0.13333333333333333,alpha
1046,0.9333333333333333,0.9333333333333333,0.9700386348130563,0.9867141114168458,0.0006624823436141014,0.13333333333333333,alpha
1047,1.0,1.0,1.0,1.0,0.0006913598626852036,0.0,alpha
1048,0.7333333333333333,0.7333333333333333,0.9044459396915656,0.9565817728641799,0.0006704377010464668,0.06666666666666667,alpha
1049,0.9333333333333333,0.9333333333333333,0.9839730479259091,0.9927150184689607,0.0006560347974300385,0.06666666666666667,alpha
1050,0.9333333333333333,0.9333333333333333,0.965590264789519,0.9841530088292626,0.0006888387724757195,0.13333333333333333,alpha
1051,1.0,1.0,1.0,1.0,0.0006534075364470482,0.06666666666666667,alpha
1052,1.0,1.0,1.0,1.0,0.0007101362571120262,0.0,alpha
1053,1.0,1.0,1.0,1.0,0.0006900224834680557,0.06666666666666667,alpha
1054,0.6666666666666666,0.6666666666666666,0.868892304194331,0.9347792730325973,0.0006818445399403572,0.13333333333333333,alpha
1055,0.8,0.8,0.8793067655841633,0.943111159563782,0.0006874063983559608,0.13333333333333333,alpha
1056,0.9333333333333333,0.9333333333333333,0.9770612745741617,0.9898387773185225,0.0006547104567289352,0.06666666666666667,alpha
1057,0.9333333333333333,0.9333333333333333,0.9748722220644573,0.9888690800545848,0.000667942687869072,0.0,alpha
1058,1.0,1.0,1.0,1.0,0.0006502177566289902,0.0,alpha
1059,0.8,0.8,0.9138047899052464,0.9583740218192035,0.000654132105410099,0.06666666666666667,alpha
1060,1.0,1.0,1.0,1.0,0.0006622001528739929,0.0,alpha
1061,1.0,1.0,1.0,1.0,0.0006664227694272995,0.0,alpha
1062,0.8666666666666667,0.8666666666666667,0.926774783955195,0.9658271186939286,0.0006647715345025063,0.0,alpha
1063,1.0,1.0,1.0,1.0,0.0006901361048221588,0.13333333333333333,alpha
1064,0.9333333333333333,0.9333333333333333,0.9946478576720511,0.9977879779574877,0.0006626080721616745,0.0,alpha
1065,0.9333333333333333,0.9333333333333333,0.9758438321913118,0.9893235790340428,0.000660136342048645,0.0,alpha
1066,0.9333333333333333,0.9333333333333333,0.9565332067123117,0.9794560252174068,0.000672386959195137,0.06666666666666667,alpha
1067,0.9333333333333333,0.9333333333333333,0.9907930642624745,0.9963061968231529,0.0006480515003204346,0.06666666666666667,alpha
1068,1.0,1.0,1.0,1.0,0.0006786035373806953,0.0,alpha
1069,0.8,0.8,0.9007471509647531,0.9542998619811568,0.0006701899692416191,0.0,alpha
1070,0.8666666666666667,0.8666666666666667,0.9246224511455224,0.9576897142466689,0.0006805518642067909,0.13333333333333333,alpha
1071,0.7333333333333333,0.7333333333333333,0.8637015415728098,0.9344057970476095,0.0006817588582634926,0.06666666666666667,alpha
1072,1.0,1.0,1.0,1.0,0.0006557703018188477,0.0,alpha
1073,0.9333333333333333,0.9333333333333333,0.9800179965239963,0.9914243392743953,0.000700412318110466,0.0,alpha
1074,0.9333333333333333,0.9333333333333333,0.9931067467587005,0.9971388256102196,0.0006817905232310295,0.06666666666666667,alpha
1075,0.9333333333333333,0.9333333333333333,0.9865432278828318,0.9941971233293129,0.0006928136572241783,0.13333333333333333,alpha
1076,1.0,1.0,1.0,1.0,0.0006911465898156166,0.06666666666666667,alpha
1077,0.9333333333333333,0.9333333333333333,0.9796571575724666,0.9912415012990903,0.0006746025756001472,0.0,alpha
1078,1.0,1.0,1.0,1.0,0.0006683859974145889,0.2,alpha
1079,1.0,1.0,1.0,1.0,0.0006555076688528061,0.2,alpha
1080,0.9333333333333333,0.9333333333333333,0.9525340957614151,0.9772910359013447,0.0007084207609295845,0.0,alpha
1081,0.9333333333333333,0.9333333333333333,0.9681264579705168,0.9858589026698663,0.0006930343806743622,0.0,alpha
1082,0.8666666666666667,0.8666666666666667,0.8412823281256642,0.8980787468685532,0.0006611533463001251,0.0,alpha
1083,0.7333333333333333,0.7333333333333333,0.953725243109927,0.9799023101337027,0.000665971077978611,0.0,alpha
1084,1.0,1.0,1.0,1.0,0.0006871446967124939,0.06666666666666667,alpha
1085,1.0,1.0,1.0,1.0,0.0006660353392362595,0.06666666666666667,alpha
1086,1.0,1.0,1.0,1.0,0.0006950274109840393,0.06666666666666667,alpha
1087,1.0,1.0,1.0,1.0,0.0006709210574626923,0.13333333333333333,alpha
1088,0.9333333333333333,0.9333333333333333,0.9704943089288937,0.9871419203118494,0.000658092088997364,0.13333333333333333,alpha
1089,1.0,1.0,1.0,1.0,0.0006534652784466743,0.06666666666666667,alpha
1090,0.8666666666666667,0.8666666666666667,0.9519414753377272,0.9782622942715156,0.0006589405238628387,0.13333333333333333,alpha
1091,0.9333333333333333,0.9333333333333333,0.9649036108009463,0.9835893751366594,0.0006867162883281708,0.06666666666666667,alpha
1092,1.0,1.0,1.0,1.0,0.0006559770554304123,0.0,alpha
1093,0.9333333333333333,0.9333333333333333,0.9898987465207125,0.9957435203751155,0.0006747869774699211,0.13333333333333333,alpha
1094,0.9333333333333333,0.9333333333333333,0.9674720316359017,0.9852976957448666,0.0006596511229872704,0.06666666666666667,alpha
1095,0.9333333333333333,0.9333333333333333,0.9748558191992587,0.9888632135200442,0.0006967801600694656,0.0,alpha
1096,0.9333333333333333,0.9333333333333333,0.9615078717036283,0.9823978502314499,0.0006720619276165962,0.06666666666666667,alpha
1097,0.8666666666666667,0.8666666666666667,0.9261172130465417,0.9660297133566219,0.0006682537496089935,0.0,alpha
1098,0.8666666666666667,0.8666666666666667,0.9355503549002583,0.9707261665171306,0.0006703631952404976,0.0,alpha
1099,0.8,0.8,0.8860607543468548,0.9475003995711663,0.0006623398512601852,0.06666666666666667,alpha
1100,0.8666666666666667,0.8666666666666667,0.9530327189091213,0.978901170626594,0.0006703799590468407,0.0,alpha
1101,0.8666666666666667,0.8666666666666667,0.9298198512363604,0.9672206090612465,0.0006640497595071793,0.06666666666666667,alpha
1102,0.9333333333333333,0.9333333333333333,0.9605585894105128,0.9818122951549616,0.0006621284410357475,0.0,alpha
1103,1.0,1.0,1.0,1.0,0.0006656525656580925,0.06666666666666667,alpha
1104,1.0,1.0,1.0,1.0,0.0006537893787026405,0.06666666666666667,alpha
1105,1.0,1.0,1.0,1.0,0.0006858622655272484,0.0,alpha
1106,1.0,1.0,1.0,1.0,0.0006611905992031097,0.4,alpha
1107,1.0,1.0,1.0,1.0,0.000705481506884098,0.13333333333333333,alpha
1108,1.0,1.0,1.0,1.0,0.000669524073600769,0.0,alpha
1109,1.0,1.0,1.0,1.0,0.0006489735096693039,0.2,alpha
1110,1.0,1.0,1.0,1.0,0.0007058866322040558,0.13333333333333333,alpha
1111,1.0,1.0,1.0,1.0,0.000671733170747757,0.13333333333333333,alpha
1112,0.9333333333333333,0.9333333333333333,0.9723324361957125,0.9877783662351679,0.0006788428872823715,0.13333333333333333,alpha
1113,0.8666666666666667,0.8666666666666667,0.9096584554243785,0.9518186175226798,0.000661950558423996,0.0,alpha
1114,1.0,1.0,1.0,1.0,0.0006676018238067627,0.13333333333333333,alpha
1115,0.9333333333333333,0.9333333333333333,0.9773862133766565,0.9902443773232817,0.0006521847099065781,0.0,alpha
1116,0.9333333333333333,0.9333333333333333,0.9849358979704166,0.9935432324142098,0.000659160315990448,0.06666666666666667,alpha
1117,0.8666666666666667,0.8666666666666667,0.9385998269953916,0.9694056742729359,0.0006756512448191643,0.0,alpha
1118,0.8666666666666667,0.8666666666666667,0.9435830776480655,0.9740969237494879,0.0006508007645606995,0.06666666666666667,alpha
1119,1.0,1.0,1.0,1.0,0.0006548035889863968,0.06666666666666667,alpha
1120,0.9333333333333333,0.9333333333333333,0.9837155183577533,0.9930158666347596,0.0006800033152103424,0.06666666666666667,alpha
1121,1.0,1.0,1.0,1.0,0.0006492882966995239,0.06666666666666667,alpha
1122,1.0,1.0,1.0,1.0,0.0006650825962424278,0.0,alpha
1123,1.0,1.0,1.0,1.0,0.000659656710922718,0.06666666666666667,alpha
1124,1.0,1.0,1.0,1.0,0.0006831195205450058,0.06666666666666667,alpha
1125,0.9333333333333333,0.9333333333333333,0.9814367258104959,0.9921458724172687,0.000670810230076313,0.13333333333333333,alpha
1126,0.9333333333333333,0.9333333333333333,0.9721364753445041,0.9877030702407216,0.0006768424063920975,0.0,alpha
1127,0.8666666666666667,0.8666666666666667,0.9669895073991955,0.9854141939490901,0.0006844028830528259,0.06666666666666667,alpha
1128,1.0,1.0,1.0,1.0,0.000661168247461319,0.06666666666666667,alpha
1129,1.0,1.0,1.0,1.0,0.0006462996825575829,0.06666666666666667,alpha
1130,1.0,1.0,1.0,1.0,0.0006919139996170998,0.06666666666666667,alpha
1131,0.7333333333333333,0.7333333333333333,0.8465016723446881,0.9255445557239163,0.0006660139188170433,0.13333333333333333,alpha
1132,0.9333333333333333,0.9333333333333333,0.9772919419990647,0.9900228118278328,0.0006819972768425941,0.13333333333333333,alpha
1133,0.9333333333333333,0.9333333333333333,0.9809876381199119,0.9919747961655297,0.0007189512252807617,0.13333333333333333,alpha
1134,0.8,0.8,0.9262640271524256,0.9670729457484823,0.0006732987239956856,0.0,alpha
1135,1.0,1.0,1.0,1.0,0.0006406595930457115,0.0,alpha
1136,1.0,1.0,1.0,1.0,0.0006441930308938026,0.06666666666666667,alpha
1137,1.0,1.0,1.0,1.0,0.000658353790640831,0.2,alpha
1138,1.0,1.0,1.0,1.0,0.0006594536826014519,0.13333333333333333,alpha
1139,0.9333333333333333,0.9333333333333333,0.9951758233844672,0.9979928902483993,0.0006443355232477188,0.0,alpha
1140,0.8666666666666667,0.8666666666666667,0.925823036747434,0.9610918024279608,0.0006582969799637794,0.26666666666666666,alpha
1141,1.0,1.0,1.0,1.0,0.000638820230960846,0.06666666666666667,alpha
1142,0.9333333333333333,0.9333333333333333,0.9659818717360681,0.9844382165876372,0.0006569270044565201,0.06666666666666667,alpha
1143,1.0,1.0,1.0,1.0,0.0006468174979090691,0.0,alpha
1144,1.0,1.0,1.0,1.0,0.0006706668063998222,0.0,alpha
1145,0.9333333333333333,0.9333333333333333,0.9952693596859236,0.998034191777733,0.0006499262526631355,0.06666666666666667,alpha
1146,1.0,1.0,1.0,1.0,0.0006721029058098793,0.0,alpha
1147,1.0,1.0,1.0,1.0,0.000673915259540081,0.13333333333333333,alpha
1148,0.7333333333333333,0.7333333333333333,0.8920134411296295,0.9487518790362699,0.000664394348859787,0.13333333333333333,alpha
1149,0.8,0.8,0.9405519780286209,0.9734445463274439,0.0006724484264850616,0.0,alpha
1150,0.9333333333333333,0.9333333333333333,0.97488046732781,0.9891374775382807,0.0006589973345398903,0.0,alpha
1151,0.8666666666666667,0.8666666666666667,0.9276867926216137,0.9669347938597188,0.0006797397509217262,0.06666666666666667,alpha
1152,0.9333333333333333,0.9333333333333333,0.9756964222734732,0.9894048397432603,0.0007078563794493675,0.13333333333333333,alpha
1153,1.0,1.0,1.0,1.0,0.0006526969373226166,0.0,alpha
1154,0.9333333333333333,0.9333333333333333,0.9746237882794856,0.9888101258721977,0.0007002204656600952,0.0,alpha
1155,0.8666666666666667,0.8666666666666667,0.9524151374218279,0.9789577669137914,0.0006678961217403412,0.06666666666666667,alpha
1156,0.9333333333333333,0.9333333333333333,0.9720798085710325,0.9875070226702714,0.0006763068959116936,0.06666666666666667,alpha
1157,0.9333333333333333,0.9333333333333333,0.9765206228397714,0.9897379033664974,0.0006958628073334694,0.4,alpha
1158,1.0,1.0,1.0,1.0,0.0007063876837491989,0.06666666666666667,alpha
1159,1.0,1.0,1.0,1.0,0.0006878208369016647,0.0,alpha
1160,0.9333333333333333,0.9333333333333333,0.8296910298151534,0.8859500448777224,0.000700557604432106,0.0,alpha
1161,1.0,1.0,1.0,1.0,0.0006669508293271065,0.06666666666666667,alpha
1162,0.9333333333333333,0.9333333333333333,0.9985962746829847,0.9994392006748158,0.0006689801812171936,0.06666666666666667,alpha
1163,0.8,0.8,0.9403538384278787,0.9736102821782296,0.0006762929260730743,0.0,alpha
1164,0.9333333333333333,0.9333333333333333,0.95731944734304,0.9799299407762916,0.0006601093336939812,0.06666666666666667,alpha
1165,0.6,0.6,0.7442019243307603,0.8700087749862725,0.0006998125463724136,0.0,alpha
1166,0.9333333333333333,0.9333333333333333,0.9840437996358018,0.9930926135139696,0.0006954846903681755,0.06666666666666667,alpha
1167,0.9333333333333333,0.9333333333333333,0.9526766678969822,0.9775693809765748,0.0006493544206023216,0.0,alpha
1168,1.0,1.0,1.0,1.0,0.0006603477522730827,0.0,alpha
1169,1.0,1.0,1.0,1.0,0.0006865831092000008,0.06666666666666667,alpha
1170,0.9333333333333333,0.9333333333333333,0.9747561462752479,0.9889216545100447,0.0006953859701752663,0.13333333333333333,alpha
1171,1.0,1.0,1.0,1.0,0.0006701434031128883,0.0,alpha
1172,0.8,0.8,0.8717429586677651,0.9385910625112088,0.0006733909249305725,0.13333333333333333,alpha
1173,0.9333333333333333,0.9333333333333333,0.9956127241398532,0.998158611670764,0.0006621908396482468,0.0,alpha
1174,1.0,1.0,1.0,1.0,0.0006571486592292786,0.06666666666666667,alpha
1175,0.8666666666666667,0.8666666666666667,0.9508348868557706,0.9778592951117939,0.0006672460585832596,0.2,alpha
1176,0.9333333333333333,0.9333333333333333,0.9716627758470447,0.9872615186674114,0.0006607407703995705,0.0,alpha
1177,0.9333333333333333,0.9333333333333333,0.9839024807349578,0.9928753876609082,0.0006825439631938934,0.0,alpha
1178,0.8666666666666667,0.8666666666666667,0.9619447884550142,0.983067843032439,0.0006566550582647324,0.0,alpha
1179,1.0,1.0,1.0,1.0,0.0006697457283735275,0.2,alpha
1180,0.8,0.8,0.87293177825602,0.9386173374861354,0.0006688106805086136,0.0,alpha
1181,1.0,1.0,1.0,1.0,0.0006672712042927742,0.2,alpha
1182,0.8,0.8,0.6686439856295966,0.762190195526708,0.0006577987223863602,0.0,alpha
1183,0.9333333333333333,0.9333333333333333,0.9790274721382385,0.9907879048788422,0.0006679324433207512,0.3333333333333333,alpha
1184,0.9333333333333333,0.9333333333333333,0.9525276843401743,0.9773510344319678,0.0006679370999336243,0.06666666666666667,alpha
1185,0.7333333333333333,0.7333333333333333,0.8379268146387657,0.9172270686330886,0.0006590485572814941,0.13333333333333333,alpha
1186,0.6666666666666666,0.6666666666666666,0.7555435892269112,0.8744204176172552,0.0006825244054198265,0.0,alpha
1187,0.9333333333333333,0.9333333333333333,0.9628785878250402,0.9827316277524991,0.0006637526676058769,0.0,alpha
1188,0.9333333333333333,0.9333333333333333,0.8505149815104935,0.9001816978921598,0.0007384959608316422,0.0,alpha
1189,0.8666666666666667,0.8666666666666667,0.9547386681974206,0.9797693827923748,0.0006643719971179962,0.0,alpha
1190,1.0,1.0,1.0,1.0,0.0006850715726613998,0.0,alpha
1191,1.0,1.0,1.0,1.0,0.0006756754592061043,0.06666666666666667,alpha
1192,0.7333333333333333,0.7333333333333333,0.637588522693002,0.59342929613392,0.000656401738524437,0.06666666666666667,alpha
1193,0.9333333333333333,0.9333333333333333,0.9569078869644276,0.9797573041663297,0.00069455336779356,0.0,alpha
1194,0.9333333333333333,0.9333333333333333,0.9801085300240229,0.9913237068202937,0.0006776768714189529,0.0,alpha
1195,0.9333333333333333,0.9333333333333333,0.9840415314386909,0.9931450437781801,0.0006464384496212006,0.06666666666666667,alpha
1196,0.8666666666666667,0.8666666666666667,0.9997942122434788,0.999913466349877,0.0006804242730140686,0.06666666666666667,alpha
1197,0.9333333333333333,0.9333333333333333,0.9893827391206192,0.995541017490713,0.0006584944203495979,0.0,alpha
1198,1.0,1.0,1.0,1.0,0.0006755217909812927,0.06666666666666667,alpha
1199,0.7333333333333333,0.7333333333333333,0.8659261131978305,0.9334896457383918,0.0006713131442666054,0.0,alpha
1200,1.0,1.0,1.0,1.0,0.0006509376689791679,0.06666666666666667,alpha
1201,0.8,0.8,0.8614802722749499,0.922579706174676,0.0007070023566484451,0.06666666666666667,alpha
1202,1.0,1.0,1.0,1.0,0.0006900923326611519,0.4,alpha
1203,0.9333333333333333,0.9333333333333333,0.9613691976731125,0.981950183574944,0.0006522536277770996,0.0,alpha
1204,1.0,1.0,1.0,1.0,0.0006684195250272751,0.06666666666666667,alpha
1205,0.8666666666666667,0.8666666666666667,0.7102931822475242,0.6811134965061377,0.000667918473482132,0.0,alpha
1206,0.8666666666666667,0.8666666666666667,0.9148279700170117,0.9597293622889735,0.0006610043346881866,0.0,alpha
1207,0.9333333333333333,0.9333333333333333,0.9594001471860584,0.9812333268114334,0.000658906064927578,0.0,alpha
1208,0.8666666666666667,0.8666666666666667,0.9461901959891258,0.9765618328993153,0.0007158704102039337,0.0,alpha
1209,0.9333333333333333,0.9333333333333333,0.9748707694910654,0.9888849370601299,0.0006638597697019577,0.13333333333333333,alpha
1210,0.9333333333333333,0.9333333333333333,0.9681747765796412,0.9859442819599279,0.0006642686203122139,0.06666666666666667,alpha
1211,0.9333333333333333,0.9333333333333333,0.9876847164804009,0.9948770562848183,0.0006819134578108788,0.0,alpha
1212,0.8,0.8,0.8763826912504143,0.94052203719078,0.0006653275340795517,0.06666666666666667,alpha
1213,0.9333333333333333,0.9333333333333333,0.9762808318369384,0.9896169826998875,0.00067109614610672,0.06666666666666667,alpha
1214,0.9333333333333333,0.9333333333333333,0.9794331265059356,0.9912412510194374,0.0006579086184501648,0.13333333333333333,alpha
1215,0.8666666666666667,0.8666666666666667,0.9493265835938813,0.976536434116903,0.0006918646395206451,0.26666666666666666,alpha
1216,1.0,1.0,1.0,1.0,0.0006732828915119171,0.0,alpha
1217,0.8666666666666667,0.8666666666666667,0.9728138873455722,0.9883696949408743,0.0006454773247241974,0.06666666666666667,alpha
1218,1.0,1.0,1.0,1.0,0.000673249363899231,0.06666666666666667,alpha
1219,0.9333333333333333,0.9333333333333333,0.9585512756569446,0.980571046995972,0.0006844019517302513,0.06666666666666667,alpha
1220,0.9333333333333333,0.9333333333333333,0.9831676229083252,0.992860298484595,0.0006851581856608391,0.0,alpha
1221,0.9333333333333333,0.9333333333333333,0.984795846060172,0.9935047245394463,0.0006713289767503738,0.13333333333333333,alpha
1222,0.8666666666666667,0.8666666666666667,0.8821458357843069,0.9331253613966529,0.0006738249212503433,0.0,alpha
1223,0.8666666666666667,0.8666666666666667,0.911661464934668,0.9544194458701531,0.0006817150861024857,0.13333333333333333,alpha
1224,1.0,1.0,1.0,1.0,0.0006801998242735863,0.13333333333333333,alpha
1225,0.9333333333333333,0.9333333333333333,0.9684778174337215,0.9856345259632541,0.0006605666130781174,0.13333333333333333,alpha
1226,0.8,0.8,0.8479816328156571,0.9211094650698198,0.0006797583773732185,0.0,alpha
1227,0.9333333333333333,0.9333333333333333,0.9635429877967238,0.9829939353227737,0.0006855204701423645,0.0,alpha
1228,1.0,1.0,1.0,1.0,0.0006498591974377632,0.06666666666666667,alpha
1229,1.0,1.0,1.0,1.0,0.0006966516375541687,0.13333333333333333,alpha
1230,1.0,1.0,1.0,1.0,0.0006709890440106392,0.13333333333333333,alpha
1231,0.9333333333333333,0.9333333333333333,0.9645597260534312,0.9840888141491506,0.00064884964376688,0.13333333333333333,alpha
1232,0.6666666666666666,0.6666666666666666,0.788590552357669,0.8957442426026815,0.0006926758214831352,0.06666666666666667,alpha
1233,0.8666666666666667,0.8666666666666667,0.969722615139862,0.9871652270958123,0.0006719045341014862,0.2,alpha
1234,0.9333333333333333,0.9333333333333333,0.9949944812723533,0.9978782809544654,0.0006541786715388298,0.13333333333333333,alpha
1235,1.0,1.0,1.0,1.0,0.000674680806696415,0.06666666666666667,alpha
1236,1.0,1.0,1.0,1.0,0.0006641801446676254,0.13333333333333333,alpha
1237,0.9333333333333333,0.9333333333333333,0.9464567420097704,0.973508567897779,0.0006717313081026077,0.06666666666666667,alpha
1238,0.8666666666666667,0.8666666666666667,0.8905557061267544,0.9441631686488695,0.0006666108965873718,0.13333333333333333,alpha
1239,0.8666666666666667,0.8666666666666667,0.9477010232204198,0.9761912141808106,0.0006715580821037292,0.06666666666666667,alpha
1240,0.7333333333333333,0.7333333333333333,0.9369511131263041,0.9713276602908626,0.0006650835275650024,0.0,alpha
1241,0.7333333333333333,0.7333333333333333,0.8524541453908814,0.9282940941975955,0.0006645424291491508,0.0,alpha
1242,0.9333333333333333,0.9333333333333333,0.9577654360852322,0.9802658964481731,0.0006658146157860756,0.06666666666666667,alpha
1243,0.9333333333333333,0.9333333333333333,0.9888844138609283,0.995216647808628,0.0006612949073314667,0.06666666666666667,alpha
1244,0.8,0.8,0.6365487333091914,0.6150430299481475,0.0006880424916744232,0.06666666666666667,alpha
1245,0.9333333333333333,0.9333333333333333,0.9760721719193872,0.9893740431604456,0.0006959931924939156,0.13333333333333333,alpha
1246,0.9333333333333333,0.9333333333333333,0.9547793810235782,0.978886718510237,0.0006715282797813416,0.06666666666666667,alpha
1247,0.9333333333333333,0.9333333333333333,0.8973977517281693,0.9324700546919201,0.0006880909204483032,0.0,alpha
1248,0.9333333333333333,0.9333333333333333,0.9645761488725766,0.9837191014559312,0.0006570266559720039,0.13333333333333333,alpha
1249,0.8666666666666667,0.8666666666666667,0.8883480253562186,0.939764978439357,0.0006929636001586914,0.0,alpha
1250,1.0,1.0,1.0,1.0,0.0006968900561332703,0.0,alpha
1251,0.9333333333333333,0.9333333333333333,0.9832773552748111,0.9925695010800417,0.0006883684545755386,0.13333333333333333,alpha
1252,0.9333333333333333,0.9333333333333333,0.9687261564060867,0.985817326773027,0.0006681093946099281,0.0,alpha
1253,0.8666666666666667,0.8666666666666667,0.9349055766618755,0.9692086285179511,0.0006566010415554047,0.0,alpha
1254,1.0,1.0,1.0,1.0,0.0006720656529068947,0.06666666666666667,alpha
1255,0.6,0.6,0.7805487476529698,0.8777281322059638,0.0006861221045255661,0.0,alpha
1256,1.0,1.0,1.0,1.0,0.0006691198796033859,0.06666666666666667,alpha
1257,0.8,0.8,0.8643789842961807,0.9315680760198068,0.0006746184080839157,0.2,alpha
1258,1.0,1.0,1.0,1.0,0.000677487812936306,0.0,alpha
1259,1.0,1.0,1.0,1.0,0.0006665084511041641,0.2,alpha
1260,1.0,1.0,1.0,1.0,0.0006743567064404488,0.06666666666666667,alpha
1261,1.0,1.0,1.0,1.0,0.0006866129115223885,0.13333333333333333,alpha
1262,0.6666666666666666,0.6666666666666666,0.7997765275832961,0.899641573242291,0.000657905824482441,0.0,alpha
1263,0.4,0.4,0.5656663044625218,0.6922751398651485,0.0007040649652481079,0.06666666666666667,alpha
1264,0.8666666666666667,0.8666666666666667,0.9775813897532957,0.990280002819923,0.0006663603708148003,0.06666666666666667,alpha
1265,1.0,1.0,1.0,1.0,0.0006551910191774368,0.0,alpha
1266,0.8666666666666667,0.8666666666666667,0.9316021701132916,0.9679036520201613,0.0006894459947943687,0.06666666666666667,alpha
1267,1.0,1.0,1.0,1.0,0.0006587514653801918,0.0,alpha
1268,0.7333333333333333,0.7333333333333333,0.8578434168040152,0.931000626490278,0.0006936872377991676,0.0,alpha
1269,0.8666666666666667,0.8666666666666667,0.9318573364176884,0.9670496460402933,0.0006694691255688667,0.2,alpha
1270,1.0,1.0,1.0,1.0,0.0006465185433626175,0.2,alpha
1271,0.8666666666666667,0.8666666666666667,0.9426219676501174,0.9738363524531497,0.0006779851391911507,0.26666666666666666,alpha
1272,0.8666666666666667,0.8666666666666667,0.7409723330361656,0.7691188816721057,0.0006730733439326286,0.0,alpha
1273,0.9333333333333333,0.9333333333333333,0.8555527621447816,0.9012863603561933,0.0006780587136745453,0.06666666666666667,alpha
1274,1.0,1.0,1.0,1.0,0.0006691301241517067,0.06666666666666667,alpha
1275,0.9333333333333333,0.9333333333333333,0.9752881271642405,0.9887780605660555,0.0006643254309892654,0.13333333333333333,alpha
1276,1.0,1.0,1.0,1.0,0.0006944658234715462,0.0,alpha
1277,1.0,1.0,1.0,1.0,0.0006745550781488419,0.06666666666666667,alpha
1278,1.0,1.0,1.0,1.0,0.0006703203544020653,0.0,alpha
1279,1.0,1.0,1.0,1.0,0.000681077130138874,0.2,alpha
1280,0.9333333333333333,0.9333333333333333,0.9814239881561913,0.9921252609569057,0.0006626946851611137,0.06666666666666667,alpha
1281,1.0,1.0,1.0,1.0,0.0006781592965126038,0.13333333333333333,alpha
1282,1.0,1.0,1.0,1.0,0.0006658611819148064,0.0,alpha
1283,0.9333333333333333,0.9333333333333333,0.9884944804793261,0.9951115981572168,0.0006721066311001778,0.06666666666666667,alpha
1284,0.7333333333333333,0.7333333333333333,0.8474342792975165,0.9246932251499532,0.0006640600040555,0.0,alpha
1285,0.9333333333333333,0.9333333333333333,0.974407142376433,0.9884357553741684,0.0006611915305256844,0.06666666666666667,alpha
1286,1.0,1.0,1.0,1.0,0.000695057213306427,0.13333333333333333,alpha
1287,0.9333333333333333,0.9333333333333333,0.9543943865726052,0.9784004684604595,0.0006765350699424744,0.13333333333333333,alpha
1288,0.8666666666666667,0.8666666666666667,0.9293839187170969,0.9667241695390588,0.0007066577672958374,0.0,alpha
1289,1.0,1.0,1.0,1.0,0.0006666071712970734,0.2,alpha
1290,1.0,1.0,1.0,1.0,0.0006648600101470947,0.0,alpha
1291,0.9333333333333333,0.9333333333333333,0.9571945368341703,0.9800652276676994,0.0006831064820289612,0.06666666666666667,alpha
1292,1.0,1.0,1.0,1.0,0.0006689410656690598,0.06666666666666667,alpha
1293,1.0,1.0,1.0,1.0,0.0006808582693338394,0.0,alpha
1294,0.9333333333333333,0.9333333333333333,0.9600614999014043,0.9812019926304683,0.0006807567551732063,0.13333333333333333,alpha
1295,1.0,1.0,1.0,1.0,0.0006442731246352196,0.06666666666666667,alpha
1296,0.9333333333333333,0.9333333333333333,0.9741951984191771,0.9879863514794898,0.0006948197260499001,0.26666666666666666,alpha
1297,1.0,1.0,1.0,1.0,0.0006709378212690353,0.0,alpha
1298,0.9333333333333333,0.9333333333333333,0.9984908578853448,0.9993847502714076,0.000657559372484684,0.0,alpha
1299,1.0,1.0,1.0,1.0,0.0006612474098801613,0.0,alpha
1300,1.0,1.0,1.0,1.0,0.0006639063358306885,0.06666666666666667,alpha
1301,0.9333333333333333,0.9333333333333333,0.9802044617031276,0.9910800711408506,0.0006883032619953156,0.0,alpha
1302,0.9333333333333333,0.9333333333333333,0.9737089975561645,0.9882824153907782,0.0006695715710520744,0.0,alpha
1303,0.8,0.8,0.8645286811496717,0.9328685022280369,0.0006956057623028755,0.06666666666666667,alpha
1304,0.9333333333333333,0.9333333333333333,0.9358953618247448,0.9664605876952805,0.0006678691133856773,0.13333333333333333,alpha
1305,0.9333333333333333,0.9333333333333333,0.8832936433715153,0.9156851054300599,0.000706573948264122,0.0,alpha
1306,0.9333333333333333,0.9333333333333333,0.9699749987922047,0.9864994916609614,0.0006616506725549698,0.13333333333333333,alpha
1307,0.9333333333333333,0.9333333333333333,0.963231565524722,0.9830200008552418,0.000674697570502758,0.06666666666666667,alpha
1308,1.0,1.0,1.0,1.0,0.0006861966103315353,0.0,alpha
1309,0.8666666666666667,0.8666666666666667,0.899010585086557,0.9471964633006951,0.0006882771849632263,0.0,alpha
1310,0.9333333333333333,0.9333333333333333,0.9857743502347398,0.9936687354540752,0.0006712255999445915,0.0,alpha
1311,0.8,0.8,0.8844708273559356,0.9443724730252797,0.00065601896494627,0.06666666666666667,alpha
1312,1.0,1.0,1.0,1.0,0.0006762035191059113,0.0,alpha
1313,1.0,1.0,1.0,1.0,0.0006605489179491997,0.26666666666666666,alpha
1314,0.9333333333333333,0.9333333333333333,0.976372691928009,0.9897090294867121,0.0006853416562080383,0.0,alpha
1315,0.8666666666666667,0.8666666666666667,0.8162269969976613,0.8818200597069251,0.0006664274260401726,0.0,alpha
1316,0.9333333333333333,0.9333333333333333,0.978618963319993,0.9908210283499422,0.0006599612534046173,0.0,alpha
1317,0.8666666666666667,0.8666666666666667,0.8767296901947363,0.9330112633356082,0.0006667496636509895,0.0,alpha
1318,1.0,1.0,1.0,1.0,0.0006626546382904053,0.4666666666666667,alpha
1319,0.8,0.8,0.8768749600023065,0.9376591659938927,0.0006562415510416031,0.0,alpha
1320,1.0,1.0,1.0,1.0,0.0006708027794957161,0.06666666666666667,alpha
1321,1.0,1.0,1.0,1.0,0.0006630867719650269,0.0,alpha
1322,1.0,1.0,1.0,1.0,0.0006819069385528564,0.13333333333333333,alpha
1323,1.0,1.0,1.0,1.0,0.0006587821990251541,0.0,alpha
1324,1.0,1.0,1.0,1.0,0.0006549376994371414,0.0,alpha
1325,0.6666666666666666,0.6666666666666666,0.660585887831086,0.7696932724125538,0.0006857309490442276,0.06666666666666667,alpha
1326,1.0,1.0,1.0,1.0,0.0006540985777974129,0.0,alpha
1327,0.6666666666666666,0.6666666666666666,0.8499725283486558,0.9108606393818925,0.0006814319640398026,0.06666666666666667,alpha
1328,1.0,1.0,1.0,1.0,0.0006818342953920364,0.06666666666666667,alpha
1329,0.8666666666666667,0.8666666666666667,0.9481074606592086,0.9771730642275682,0.0007192585617303848,0.06666666666666667,alpha
1330,0.9333333333333333,0.9333333333333333,0.9694271757944943,0.9859384722483908,0.0006758719682693481,0.0,alpha
1331,0.8666666666666667,0.8666666666666667,0.9248257563756949,0.9641560212386082,0.0006534866988658905,0.06666666666666667,alpha
1332,1.0,1.0,1.0,1.0,0.000669124536216259,0.06666666666666667,alpha
1333,0.8,0.8,0.9285451656121239,0.9659695300381463,0.0006685219705104828,0.0,alpha
1334,0.9333333333333333,0.9333333333333333,0.9720640903130173,0.9877062460713579,0.0006521837785840034,0.06666666666666667,alpha
1335,1.0,1.0,1.0,1.0,0.0006720526143908501,0.2,alpha
1336,1.0,1.0,1.0,1.0,0.0006667571142315865,0.0,alpha
1337,0.9333333333333333,0.9333333333333333,0.9719997624519165,0.9878059331210455,0.0006628362461924553,0.0,alpha
1338,0.9333333333333333,0.9333333333333333,0.96843298271935,0.9857868067098027,0.0006604231894016266,0.06666666666666667,alpha
1339,0.8666666666666667,0.8666666666666667,0.7278620505830822,0.7181091482699892,0.0006852913647890091,0.2,alpha
1340,0.8666666666666667,0.8666666666666667,0.9240143620411984,0.9644594748300941,0.0006588110700249672,0.0,alpha
1341,0.9333333333333333,0.9333333333333333,0.9811405145093932,0.9919576968693133,0.0006502503529191017,0.06666666666666667,alpha
1342,0.7333333333333333,0.7333333333333333,0.868586109130322,0.9320537307457145,0.000674322247505188,0.0,alpha
1343,1.0,1.0,1.0,1.0,0.0006524063646793365,0.06666666666666667,alpha
1344,0.8666666666666667,0.8666666666666667,0.9442707170853123,0.9742378710516619,0.0006865877658128738,0.2,alpha
1345,0.9333333333333333,0.9333333333333333,0.9705736534049376,0.9866021784925191,0.0006944257766008377,0.2,alpha
1346,1.0,1.0,1.0,1.0,0.0006715999916195869,0.13333333333333333,alpha
1347,0.8,0.8,0.7232630584165718,0.7776728306783222,0.0006595589220523834,0.13333333333333333,alpha
1348,0.8666666666666667,0.8666666666666667,0.8882738848831676,0.9390833400507664,0.0006847130134701729,0.0,alpha
1349,0.8666666666666667,0.8666666666666667,0.9416265087740208,0.9732017982801691,0.0006644837558269501,0.2,alpha
1350,0.8666666666666667,0.8666666666666667,0.9469165289739042,0.9765782612839047,0.0007165996357798576,0.0,alpha
1351,0.6,0.6,0.7146868055594093,0.8527326709879212,0.0006633298471570015,0.0,alpha
1352,0.9333333333333333,0.9333333333333333,0.960643624533824,0.9820952849584473,0.0006665484979748726,0.06666666666666667,alpha
1353,0.8666666666666667,0.8666666666666667,0.7351982546089971,0.703863976611675,0.0007045259699225426,0.0,alpha
1354,0.9333333333333333,0.9333333333333333,0.966097480373724,0.9844692720215951,0.0006500622257590294,0.06666666666666667,alpha
1355,0.9333333333333333,0.9333333333333333,0.9755625509930805,0.9890867987666768,0.0006935633718967438,0.0,alpha
1356,0.9333333333333333,0.9333333333333333,0.9674434307796179,0.9852279458212241,0.0006654812023043633,0.0,alpha
1357,0.8666666666666667,0.8666666666666667,0.9671523324172016,0.9857838255331068,0.0006602397188544273,0.0,alpha
1358,1.0,1.0,1.0,1.0,0.0007061902433633804,0.0,alpha
1359,0.8,0.8,0.8824249879162501,0.9430991288370617,0.0006591631099581718,0.06666666666666667,alpha
1360,0.8,0.8,0.9207072832284264,0.9642671959791467,0.0007101017981767654,0.13333333333333333,alpha
1361,0.8666666666666667,0.8666666666666667,0.8340002631044838,0.8890377521952942,0.0006652092561125755,0.06666666666666667,alpha
1362,0.9333333333333333,0.9333333333333333,0.9633358205718814,0.9830974024896862,0.0006529903039336205,0.2,alpha
1363,0.9333333333333333,0.9333333333333333,0.9257289702475286,0.9600341495190592,0.0006730947643518448,0.06666666666666667,alpha
1364,0.9333333333333333,0.9333333333333333,0.9488176786450763,0.9748848369492679,0.0006808917969465256,0.13333333333333333,alpha
1365,0.8,0.8,0.9753298447428416,0.9890813775760348,0.0006593819707632065,0.06666666666666667,alpha
1366,0.9333333333333333,0.9333333333333333,0.9681420291091608,0.9853458289428378,0.000659615732729435,0.0,alpha
1367,0.8,0.8,0.8302903249981486,0.9101225146263456,0.0006656358018517494,0.06666666666666667,alpha
1368,1.0,1.0,1.0,1.0,0.0006568236276507378,0.06666666666666667,alpha
1369,0.9333333333333333,0.9333333333333333,0.968690545983638,0.9863926210248265,0.0006698900833725929,0.06666666666666667,alpha
1370,0.9333333333333333,0.9333333333333333,0.9751952806577632,0.989363479156064,0.000683504156768322,0.0,alpha
1371,0.8,0.8,0.9087955590288016,0.9542233394824784,0.0006570648401975632,0.0,alpha
1372,0.8666666666666667,0.8666666666666667,0.94410091654311,0.9743993153492191,0.0006692158058285713,0.06666666666666667,alpha
1373,0.9333333333333333,0.9333333333333333,0.9636996185000499,0.9832573361762357,0.0006640227511525154,0.0,alpha
1374,1.0,1.0,1.0,1.0,0.0006581936031579971,0.0,alpha
1375,1.0,1.0,1.0,1.0,0.0006897738203406334,0.2,alpha
1376,0.8,0.8,0.7401061918302521,0.8095871826353761,0.000658099539577961,0.0,alpha
1377,0.8666666666666667,0.8666666666666667,0.924851130177639,0.96473193912173,0.0007361983880400658,0.0,alpha
1378,1.0,1.0,1.0,1.0,0.0006915740668773651,0.06666666666666667,alpha
1379,0.9333333333333333,0.9333333333333333,0.9743383391637276,0.9884011237115693,0.0006507532671093941,0.06666666666666667,alpha
1380,0.9333333333333333,0.9333333333333333,0.946921230917595,0.9737870155088091,0.0006733769550919533,0.06666666666666667,alpha
1381,0.9333333333333333,0.9333333333333333,0.9873384076854527,0.9943964717228473,0.0006795395165681839,0.0,alpha
1382,0.9333333333333333,0.9333333333333333,0.9775263478643048,0.9900845084993112,0.0006575006991624832,0.13333333333333333,alpha
1383,0.9333333333333333,0.9333333333333333,0.951441051210111,0.9759114124366315,0.0006953421980142593,0.2,alpha
1384,0.8666666666666667,0.8666666666666667,0.920211271742429,0.9624141751168279,0.0006794845685362816,0.06666666666666667,alpha
1385,0.8666666666666667,0.8666666666666667,0.917220989551666,0.9609361973093389,0.0006819367408752441,0.06666666666666667,alpha
1386,0.7333333333333333,0.7333333333333333,0.7970110041475773,0.8869854884089807,0.0006703967228531837,0.0,alpha
1387,0.8,0.8,0.9406654430431652,0.9734254790885276,0.0006510242819786072,0.2,alpha
1388,0.6666666666666666,0.6666666666666666,0.7122106935987884,0.825069700408859,0.0006694551557302475,0.06666666666666667,alpha
1389,0.8666666666666667,0.8666666666666667,0.8895252586678196,0.937181071379063,0.0007049357518553734,0.06666666666666667,alpha
1390,0.8666666666666667,0.8666666666666667,0.9453259216976337,0.9757600412264233,0.0006571793928742409,0.0,alpha
1391,0.8666666666666667,0.8666666666666667,0.9581818591050952,0.9819159219548843,0.0006830776110291481,0.0,alpha
1392,1.0,1.0,1.0,1.0,0.0006723701953887939,0.06666666666666667,alpha
1393,1.0,1.0,1.0,1.0,0.0006887279450893402,0.0,alpha
1394,0.8,0.8,0.8389430755231517,0.9169479553874784,0.0007123183459043503,0.0,alpha
1395,1.0,1.0,1.0,1.0,0.0006540566682815552,0.2,alpha
1396,1.0,1.0,1.0,1.0,0.0006738230586051941,0.0,alpha
1397,0.9333333333333333,0.9333333333333333,0.9640603665695341,0.9836290351055506,0.0006637787446379662,0.0,alpha
1398,0.9333333333333333,0.9333333333333333,0.9837787757768252,0.9930609808082607,0.0006565945222973824,0.06666666666666667,alpha
1399,0.8666666666666667,0.8666666666666667,0.8800761387849867,0.9359087663112351,0.0006640618667006493,0.06666666666666667,alpha
1400,0.8,0.8,0.8988039489846565,0.9530741612843093,0.0006586182862520218,0.06666666666666667,alpha
1401,1.0,1.0,1.0,1.0,0.0006775371730327606,0.06666666666666667,alpha
1402,1.0,1.0,1.0,1.0,0.0006661750376224518,0.0,alpha
1403,0.9333333333333333,0.9333333333333333,0.9522557877488904,0.9769597608933452,0.0006852718070149422,0.06666666666666667,alpha
1404,0.9333333333333333,0.9333333333333333,0.9409671612608238,0.9686648616713696,0.0006585028022527695,0.06666666666666667,alpha
1405,0.9333333333333333,0.9333333333333333,0.9727924303057364,0.9877877580776865,0.0006784508004784584,0.06666666666666667,alpha
1406,0.8666666666666667,0.8666666666666667,0.8995437275918424,0.9482636934612044,0.000673685222864151,0.13333333333333333,alpha
1407,0.9333333333333333,0.9333333333333333,0.9732164877090023,0.988259869381728,0.0006658928468823433,0.06666666666666667,alpha
1408,0.8,0.8,0.8812140753824316,0.9433150643749211,0.0006786314770579338,0.06666666666666667,alpha
1409,0.9333333333333333,0.9333333333333333,0.9430435292947625,0.9712809695336786,0.0006611542776226997,0.0,alpha
1410,0.8,0.8,0.8540415029323376,0.9174961029158455,0.000667249783873558,0.2,alpha
1411,0.9333333333333333,0.9333333333333333,0.9555499192181476,0.9786983521369745,0.0006787125021219254,0.06666666666666667,alpha
1412,0.7333333333333333,0.7333333333333333,0.8809080519316663,0.9433784437572349,0.000658079981803894,0.13333333333333333,alpha
1413,0.9333333333333333,0.9333333333333333,0.9928338158551882,0.9970670879837203,0.0006664087995886803,0.06666666666666667,alpha
1414,0.9333333333333333,0.9333333333333333,0.9596039146589682,0.981350916021403,0.0006706537678837776,0.0,alpha
1415,0.9333333333333333,0.9333333333333333,0.9258525719986466,0.9588262894714334,0.0006850585341453552,0.13333333333333333,alpha
1416,0.8666666666666667,0.8666666666666667,0.951854676847682,0.9786374388674057,0.0006735101342201233,0.13333333333333333,alpha
1417,0.6666666666666666,0.6666666666666666,0.8469690889688127,0.9238719061354873,0.0006733210757374763,0.0,alpha
1418,0.7333333333333333,0.7333333333333333,0.8565367440753726,0.9316901892898801,0.0006714025512337685,0.06666666666666667,alpha
1419,0.8,0.8,0.9325455922812942,0.9698422443123511,0.0006626825779676437,0.2,alpha
1420,1.0,1.0,1.0,1.0,0.0006987778469920158,0.0,alpha
1421,1.0,1.0,1.0,1.0,0.0006674556061625481,0.0,alpha
1422,0.8666666666666667,0.8666666666666667,0.962249279290042,0.983426902147518,0.0007053306326270103,0.06666666666666667,alpha
1423,1.0,1.0,1.0,1.0,0.0006611961871385574,0.0,alpha
1424,1.0,1.0,1.0,1.0,0.0007088007405400276,0.13333333333333333,alpha
1425,0.8,0.8,0.9041478419599738,0.9549454075445116,0.0007200445979833603,0.0,alpha
1426,1.0,1.0,1.0,1.0,0.0006640329957008362,0.13333333333333333,alpha
1427,1.0,1.0,1.0,1.0,0.0006620725616812706,0.0,alpha
1428,0.7333333333333333,0.7333333333333333,0.8724457400940061,0.9365046970622269,0.000665079802274704,0.0,alpha
1429,1.0,1.0,1.0,1.0,0.0006562769412994385,0.06666666666666667,alpha
1430,1.0,1.0,1.0,1.0,0.0007027257233858109,0.4666666666666667,alpha
1431,1.0,1.0,1.0,1.0,0.0006565963849425316,0.0,alpha
1432,1.0,1.0,1.0,1.0,0.0006834585219621658,0.0,alpha
1433,0.8666666666666667,0.8666666666666667,0.9474807181905739,0.9762190386281704,0.0006666425615549088,0.0,alpha
1434,0.9333333333333333,0.9333333333333333,0.9731005843831163,0.9881389880496501,0.0006872676312923431,0.0,alpha
1435,1.0,1.0,1.0,1.0,0.0007160026580095291,0.0,alpha
1436,0.8666666666666667,0.8666666666666667,0.9948387346776034,0.9977388431772088,0.000671805813908577,0.13333333333333333,alpha
1437,0.8666666666666667,0.8666666666666667,0.9414848511573047,0.973459831241846,0.000672144815325737,0.3333333333333333,alpha
1438,1.0,1.0,1.0,1.0,0.0006638085469603539,0.0,alpha
1439,0.8666666666666667,0.8666666666666667,0.9115119472451417,0.9573495367975,0.000650450587272644,0.06666666666666667,alpha
1440,1.0,1.0,1.0,1.0,0.0006715664640069008,0.13333333333333333,alpha
1441,0.8666666666666667,0.8666666666666667,0.9243597415784024,0.9645468622422175,0.000658571720123291,0.0,alpha
1442,0.9333333333333333,0.9333333333333333,0.9790107028143022,0.9908170360785888,0.0006735045462846756,0.13333333333333333,alpha
1443,0.8666666666666667,0.8666666666666667,0.9245949505286272,0.9641972725771545,0.0006797667592763901,0.06666666666666667,alpha
1444,0.8666666666666667,0.8666666666666667,0.8504360313817433,0.8971529332877665,0.0006670774891972542,0.06666666666666667,alpha
1445,0.8666666666666667,0.8666666666666667,0.932033103911277,0.9679243359610452,0.0006650891155004501,0.0,alpha
1446,1.0,1.0,1.0,1.0,0.00066367257386446,0.0,alpha
1447,1.0,1.0,1.0,1.0,0.0007056789472699165,0.13333333333333333,alpha
1448,1.0,1.0,1.0,1.0,0.0006655417382717133,0.13333333333333333,alpha
1449,0.9333333333333333,0.9333333333333333,0.9697891566166262,0.9862712953268693,0.0006615845486521721,0.13333333333333333,alpha
1450,0.9333333333333333,0.9333333333333333,0.9631753046170118,0.9830782681953427,0.0007035266607999802,0.06666666666666667,alpha
1451,0.9333333333333333,0.9333333333333333,0.9711370466042901,0.9866977628101469,0.00067177414894104,0.06666666666666667,alpha
1452,0.9333333333333333,0.9333333333333333,0.9517979819178304,0.9768663454282387,0.0006669601425528526,0.0,alpha
1453,1.0,1.0,1.0,1.0,0.0006722724065184593,0.0,alpha
1454,0.9333333333333333,0.9333333333333333,0.9599489635172974,0.9813158069643206,0.0006705820560455322,0.06666666666666667,alpha
1455,1.0,1.0,1.0,1.0,0.0006749704480171204,0.13333333333333333,alpha
1456,0.8666666666666667,0.8666666666666667,0.9372355237973936,0.9713725878535686,0.0006638094782829285,0.0,alpha
1457,0.9333333333333333,0.9333333333333333,0.9480560570395735,0.9743854029750498,0.0007021920755505562,0.06666666666666667,alpha
1458,0.9333333333333333,0.9333333333333333,0.9806578059116215,0.9914452664131902,0.0006761811673641205,0.06666666666666667,alpha
1459,0.7333333333333333,0.7333333333333333,0.8278446916769472,0.9144039491795164,0.0006500957533717155,0.13333333333333333,alpha
1460,0.8666666666666667,0.8666666666666667,0.9553853887191249,0.9796639113149342,0.0006712060421705246,0.06666666666666667,alpha
1461,0.9333333333333333,0.9333333333333333,0.9879079315964925,0.9950302582701759,0.000700746662914753,0.06666666666666667,alpha
1462,0.8666666666666667,0.8666666666666667,0.9260866310114036,0.9635577059882624,0.0006832247599959373,0.06666666666666667,alpha
1463,0.8666666666666667,0.8666666666666667,0.9103735739593881,0.956790207379123,0.0006637917831540108,0.0,alpha
1464,0.9333333333333333,0.9333333333333333,0.9806242936541508,0.9915766199611874,0.0006631817668676376,0.0,alpha
1465,1.0,1.0,1.0,1.0,0.0006658090278506279,0.06666666666666667,alpha
1466,0.9333333333333333,0.9333333333333333,0.9879454046269157,0.9949049063623454,0.000696185976266861,0.06666666666666667,alpha
1467,1.0,1.0,1.0,1.0,0.0006535500288009644,0.06666666666666667,alpha
1468,1.0,1.0,1.0,1.0,0.0006736414507031441,0.06666666666666667,alpha
1469,1.0,1.0,1.0,1.0,0.0006650248542428017,0.0,alpha
1470,1.0,1.0,1.0,1.0,0.0006643626838922501,0.0,alpha
1471,0.8666666666666667,0.8666666666666667,0.9276609600176183,0.9662559248031948,0.0007010921835899353,0.0,alpha
1472,1.0,1.0,1.0,1.0,0.0006862366572022438,0.06666666666666667,alpha
1473,0.8666666666666667,0.8666666666666667,0.9774512267535276,0.9901829570656663,0.0006521418690681458,0.0,alpha
1474,0.7333333333333333,0.7333333333333333,0.9600678534595135,0.9812054160879017,0.0006959959864616394,0.06666666666666667,alpha
1475,0.9333333333333333,0.9333333333333333,0.9688240788506642,0.986241076254076,0.0006735194474458694,0.0,alpha
1476,1.0,1.0,1.0,1.0,0.0006478801369667053,0.0,alpha
1477,1.0,1.0,1.0,1.0,0.0006710505113005638,0.06666666666666667,alpha
1478,0.9333333333333333,0.9333333333333333,0.9959840964556322,0.9983439572272794,0.0006887726485729218,0.06666666666666667,alpha
1479,0.8666666666666667,0.8666666666666667,0.9301244498226817,0.9680960175394454,0.0007024696096777916,0.0,alpha
1480,0.9333333333333333,0.9333333333333333,0.9634886457215454,0.982726545231154,0.0006690435111522675,0.06666666666666667,alpha
1481,1.0,1.0,1.0,1.0,0.0006634769961237907,0.0,alpha
1482,0.8666666666666667,0.8666666666666667,0.9408192667429852,0.9725826807120201,0.000690908171236515,0.13333333333333333,alpha
1483,1.0,1.0,1.0,1.0,0.0006716977804899216,0.06666666666666667,alpha
1484,0.8666666666666667,0.8666666666666667,0.8683247066611159,0.9286270505373381,0.0006700176745653152,0.0,alpha
1485,0.8666666666666667,0.8666666666666667,0.963974576181596,0.9844491688849968,0.0006636558100581169,0.0,alpha
1486,0.9333333333333333,0.9333333333333333,0.9727269644977848,0.9879199674002864,0.0006957277655601501,0.2,alpha
1487,0.8666666666666667,0.8666666666666667,0.9456747016825244,0.9753773789992868,0.0006595803424715996,0.0,alpha
1488,0.8666666666666667,0.8666666666666667,0.9317933180761931,0.9664780263244916,0.0006624115630984306,0.06666666666666667,alpha
1489,0.7333333333333333,0.7333333333333333,0.8272962317055812,0.9145535346010203,0.0006803181022405624,0.13333333333333333,alpha
1490,0.9333333333333333,0.9333333333333333,0.9780713361109592,0.9901417028791892,0.000648176297545433,0.0,alpha
1491,0.9333333333333333,0.9333333333333333,0.9997221530074542,0.9998849504129018,0.0006750999018549919,0.2,alpha
1492,1.0,1.0,1.0,1.0,0.0006994856521487236,0.06666666666666667,alpha
1493,0.8666666666666667,0.8666666666666667,0.9326489926155326,0.9687081301040859,0.0006964653730392456,0.06666666666666667,alpha
1494,0.9333333333333333,0.9333333333333333,0.9424418070305297,0.9707546002865526,0.0006970986723899841,0.13333333333333333,alpha
1495,0.9333333333333333,0.9333333333333333,0.970898955035166,0.9868527259331326,0.0006579821929335594,0.06666666666666667,alpha
1496,0.9333333333333333,0.9333333333333333,0.9678222773520758,0.9854414874707612,0.0006741359829902649,0.0,alpha
1497,1.0,1.0,1.0,1.0,0.0006908513605594635,0.2,alpha
1498,1.0,1.0,1.0,1.0,0.0006836922839283943,0.06666666666666667,alpha
1499,0.7333333333333333,0.7333333333333333,0.8799166321215486,0.94322033878104,0.0006900308653712273,0.13333333333333333,alpha
1500,0.9333333333333333,0.9333333333333333,0.9889815834903485,0.9953710163149704,0.0006774123758077621,0.06666666666666667,alpha
1501,0.8666666666666667,0.8666666666666667,0.9066655662058221,0.9537165438116658,0.000667213462293148,0.0,alpha
1502,0.9333333333333333,0.9333333333333333,0.9946652623776053,0.997835641435983,0.0006804121658205986,0.0,alpha
1503,1.0,1.0,1.0,1.0,0.0006808526813983917,0.06666666666666667,alpha
1504,0.9333333333333333,0.9333333333333333,0.9566490965546764,0.9793710396225255,0.0006822636350989342,0.06666666666666667,alpha
1505,1.0,1.0,1.0,1.0,0.0006641466170549393,0.13333333333333333,alpha
1506,0.9333333333333333,0.9333333333333333,0.978622412393599,0.9906450302101489,0.0006846021860837936,0.06666666666666667,alpha
1507,0.8666666666666667,0.8666666666666667,0.9076426419407055,0.9497303158700288,0.0006595524027943611,0.0,alpha
1508,0.8666666666666667,0.8666666666666667,0.93823533666133,0.9712716370227517,0.0006563449278473854,0.0,alpha
1509,1.0,1.0,1.0,1.0,0.0006622755900025368,0.0,alpha
1510,0.9333333333333333,0.9333333333333333,0.9820516479627575,0.9921980539917302,0.0006627738475799561,0.0,alpha
1511,1.0,1.0,1.0,1.0,0.0006593801081180573,0.13333333333333333,alpha
1512,0.8666666666666667,0.8666666666666667,0.9118888365941241,0.9579718374498479,0.0006651291623711586,0.06666666666666667,alpha
1513,0.8,0.8,0.8511828034205899,0.9244640013609227,0.000677620992064476,0.0,alpha
1514,1.0,1.0,1.0,1.0,0.0006645862013101578,0.13333333333333333,alpha
1515,0.9333333333333333,0.9333333333333333,0.963808230026444,0.9836216384745137,0.0006809160113334656,0.0,alpha
1516,0.9333333333333333,0.9333333333333333,0.9677524206154666,0.9855722806213545,0.0006617465987801552,0.06666666666666667,alpha
1517,0.8666666666666667,0.8666666666666667,0.9332842946168332,0.9694401521800581,0.0007014516741037369,0.0,alpha
1518,1.0,1.0,1.0,1.0,0.0007035480812191963,0.0,alpha
1519,0.9333333333333333,0.9333333333333333,0.9879610673711444,0.9949375626261525,0.0006683813408017159,0.0,alpha
1520,0.9333333333333333,0.9333333333333333,0.9646675459759415,0.9839006926243103,0.0006963266059756279,0.06666666666666667,alpha
1521,0.9333333333333333,0.9333333333333333,0.9889706099418972,0.9952319368452658,0.0006654737517237663,0.2,alpha
1522,1.0,1.0,1.0,1.0,0.0006635822355747223,0.0,alpha
1523,0.7333333333333333,0.7333333333333333,0.8626040288248573,0.9353573839556217,0.0006627663969993591,0.06666666666666667,alpha
1524,0.9333333333333333,0.9333333333333333,0.9925752553993907,0.9969675327686194,0.0006603067740797997,0.0,alpha
1525,1.0,1.0,1.0,1.0,0.0007039867341518402,0.0,alpha
1526,0.9333333333333333,0.9333333333333333,0.9408088285641291,0.969438457770721,0.0006587579846382141,0.0,alpha
1527,0.9333333333333333,0.9333333333333333,0.9671672793255622,0.9850454957239113,0.0006746044382452965,0.0,alpha
1528,0.8666666666666667,0.8666666666666667,0.9613411628528878,0.9827660825221988,0.0007112370803952217,0.0,alpha
1529,1.0,1.0,1.0,1.0,0.0006699366495013237,0.0,alpha
1530,0.9333333333333333,0.9333333333333333,0.9691394473799513,0.986158320817971,0.0006769075989723206,0.06666666666666667,alpha
1531,0.9333333333333333,0.9333333333333333,0.9690492262832913,0.9861868482687446,0.00066338200122118,0.13333333333333333,alpha
1532,0.9333333333333333,0.9333333333333333,0.9672683085836873,0.9853345714579728,0.0006669517606496811,0.0,alpha
1533,0.3333333333333333,0.3333333333333333,0.4367705590224634,0.6424671712193875,0.0007177377119660378,0.06666666666666667,alpha
1534,0.9333333333333333,0.9333333333333333,0.9505486956880842,0.9761950223875008,0.0006547942757606506,0.0,alpha
1535,1.0,1.0,1.0,1.0,0.0006623566150665283,0.0,alpha
1536,1.0,1.0,1.0,1.0,0.0006985161453485489,0.06666666666666667,alpha
1537,1.0,1.0,1.0,1.0,0.0006651841104030609,0.13333333333333333,alpha
1538,0.9333333333333333,0.9333333333333333,0.976855641295384,0.9896220252783486,0.0007132198661565781,0.13333333333333333,alpha
1539,0.9333333333333333,0.9333333333333333,0.9791100043940575,0.990708076357223,0.0007204078137874603,0.26666666666666666,alpha
1540,0.9333333333333333,0.9333333333333333,0.9584537018331102,0.9805061768448237,0.0006715133786201477,0.06666666666666667,alpha
1541,1.0,1.0,1.0,1.0,0.0006823781877756119,0.0,alpha
1542,0.8666666666666667,0.8666666666666667,0.9385653740742774,0.9722181794702989,0.0006732568144798279,0.0,alpha
1543,1.0,1.0,1.0,1.0,0.0006583444774150848,0.0,alpha
1544,0.9333333333333333,0.9333333333333333,0.9606036748117224,0.9820521200838166,0.0006971471011638641,0.0,alpha
1545,0.9333333333333333,0.9333333333333333,0.9972978385567343,0.9988607645206947,0.0006605852395296097,0.0,alpha
1546,0.9333333333333333,0.9333333333333333,0.9716175188830704,0.986993432068717,0.0006739040836691856,0.0,alpha
1547,0.9333333333333333,0.9333333333333333,0.9660492482344707,0.9844492684626205,0.0006703203544020653,0.0,alpha
1548,0.9333333333333333,0.9333333333333333,0.9603001915704407,0.9814435844896768,0.0006500193849205971,0.0,alpha
1549,0.8,0.8,0.9160838069030474,0.9601758224833664,0.0006893239915370941,0.0,alpha
1550,1.0,1.0,1.0,1.0,0.0006765983998775482,0.13333333333333333,alpha
1551,0.8666666666666667,0.8666666666666667,0.9706815349350617,0.9875610552071247,0.0006933724507689476,0.0,alpha
1552,1.0,1.0,1.0,1.0,0.0006706342101097107,0.0,alpha
1553,1.0,1.0,1.0,1.0,0.0006532827392220497,0.13333333333333333,alpha
1554,0.8666666666666667,0.8666666666666667,0.9029987863840911,0.9529776880157552,0.0006704740226268768,0.0,alpha
1555,0.8666666666666667,0.8666666666666667,0.947822782093177,0.9765936306823823,0.0006672246381640434,0.0,alpha
1556,1.0,1.0,1.0,1.0,0.0006528440862894058,0.0,alpha
1557,0.9333333333333333,0.9333333333333333,0.9127870152930619,0.9491157987433538,0.0006648674607276917,0.06666666666666667,alpha
1558,0.9333333333333333,0.9333333333333333,0.978832677370984,0.9905688130721114,0.0006644586101174355,0.06666666666666667,alpha
1559,0.8666666666666667,0.8666666666666667,0.8750387603409769,0.9284980133136845,0.0007169125601649284,0.2,alpha
1560,0.9333333333333333,0.9333333333333333,0.9824223393065077,0.992270938664083,0.0006669303402304649,0.0,alpha
1561,1.0,1.0,1.0,1.0,0.0006631780415773392,0.06666666666666667,alpha
1562,1.0,1.0,1.0,1.0,0.0006916997954249382,0.06666666666666667,alpha
1563,0.8,0.8,0.8898658294625178,0.9469999981201257,0.0006798738613724709,0.0,alpha
1564,1.0,1.0,1.0,1.0,0.0006955964490771294,0.0,alpha
1565,1.0,1.0,1.0,1.0,0.000652652233839035,0.26666666666666666,alpha
1566,0.8666666666666667,0.8666666666666667,0.9787235885887543,0.990993037702581,0.0006550755351781845,0.0,alpha
1567,0.8,0.8,0.9263363127848822,0.9661528433866514,0.0006829090416431427,0.2,alpha
1568,1.0,1.0,1.0,1.0,0.0006478698924183846,0.0,alpha
1569,1.0,1.0,1.0,1.0,0.0006959233433008194,0.06666666666666667,alpha
1570,1.0,1.0,1.0,1.0,0.0006684949621558189,0.0,alpha
1571,0.9333333333333333,0.9333333333333333,0.9836466565616022,0.9930096261455182,0.0006560944020748138,0.06666666666666667,alpha
1572,0.9333333333333333,0.9333333333333333,0.963008355215819,0.9828537455413193,0.0006824173033237457,0.2,alpha
1573,1.0,1.0,1.0,1.0,0.0006579654291272163,0.06666666666666667,alpha
1574,1.0,1.0,1.0,1.0,0.0006638495251536369,0.0,alpha
1575,1.0,1.0,1.0,1.0,0.0006721103563904762,0.0,alpha
1576,1.0,1.0,1.0,1.0,0.0006617633625864983,0.0,alpha
1577,0.9333333333333333,0.9333333333333333,0.9696309549378084,0.9864746207343703,0.0006804643198847771,0.06666666666666667,alpha
1578,0.9333333333333333,0.9333333333333333,0.9613058811108348,0.982173958566458,0.0006807427853345871,0.06666666666666667,alpha
1579,0.9333333333333333,0.9333333333333333,0.9389209320831633,0.9677034577295436,0.0006864899769425392,0.06666666666666667,alpha
1580,1.0,1.0,1.0,1.0,0.0006680190563201904,0.06666666666666667,alpha
1581,1.0,1.0,1.0,1.0,0.0006682295352220535,0.0,alpha
1582,1.0,1.0,1.0,1.0,0.0006862524896860123,0.06666666666666667,alpha
1583,0.8666666666666667,0.8666666666666667,0.9305759211349558,0.9662545805981878,0.0006715701892971992,0.0,alpha
1584,1.0,1.0,1.0,1.0,0.0006951158866286278,0.06666666666666667,alpha
1585,0.9333333333333333,0.9333333333333333,0.981104822369233,0.9914222244210843,0.0006740624085068703,0.0,alpha
1586,0.8666666666666667,0.8666666666666667,0.9475002691594788,0.9762041816629575,0.0006910935044288635,0.0,alpha
1587,0.9333333333333333,0.9333333333333333,0.9799311674349526,0.9914440599496388,0.0006556184962391853,0.0,alpha
1588,0.9333333333333333,0.9333333333333333,0.9586171918431458,0.9804129673054499,0.0006624888628721237,0.0,alpha
1589,1.0,1.0,1.0,1.0,0.0006960183382034302,0.06666666666666667,alpha
1590,0.9333333333333333,0.9333333333333333,0.9876192029573805,0.9946976443585238,0.0006563374772667885,0.06666666666666667,alpha
1591,1.0,1.0,1.0,1.0,0.0006996616721153259,0.0,alpha
1592,1.0,1.0,1.0,1.0,0.0006778314709663391,0.4,alpha
1593,1.0,1.0,1.0,1.0,0.0006508445367217064,0.0,alpha
1594,1.0,1.0,1.0,1.0,0.0006811190396547318,0.2,alpha
1595,1.0,1.0,1.0,1.0,0.0006798133254051208,0.13333333333333333,alpha
1596,1.0,1.0,1.0,1.0,0.00067176204174757,0.2,alpha
1597,1.0,1.0,1.0,1.0,0.0006647258996963501,0.0,alpha
1598,0.8666666666666667,0.8666666666666667,0.9136666517625747,0.9588106862170883,0.000691915862262249,0.0,alpha
1599,1.0,1.0,1.0,1.0,0.0006631771102547646,0.06666666666666667,alpha
1600,0.8666666666666667,0.8666666666666667,0.9115398929317252,0.9555572958672741,0.0007112761959433556,0.13333333333333333,alpha
1601,1.0,1.0,1.0,1.0,0.0006585940718650818,0.26666666666666666,alpha
1602,0.8666666666666667,0.8666666666666667,0.9975334410684081,0.998957195111637,0.0006607146933674812,0.0,alpha
1603,1.0,1.0,1.0,1.0,0.0006955442950129509,0.3333333333333333,alpha
1604,1.0,1.0,1.0,1.0,0.0006620204076170921,0.06666666666666667,alpha
1605,1.0,1.0,1.0,1.0,0.0007005725055932999,0.0,alpha
1606,1.0,1.0,1.0,1.0,0.0006704414263367653,0.13333333333333333,alpha
1607,0.9333333333333333,0.9333333333333333,0.9801857799671782,0.9912085948608097,0.0006630467250943184,0.13333333333333333,alpha
1608,1.0,1.0,1.0,1.0,0.0006914753466844559,0.13333333333333333,alpha
1609,0.8666666666666667,0.8666666666666667,0.9502200852006887,0.9777915717622189,0.0006556352600455284,0.06666666666666667,alpha
1610,0.7333333333333333,0.7333333333333333,0.8044447018861253,0.9013217393127743,0.0006595561280846596,0.0,alpha
1611,1.0,1.0,1.0,1.0,0.0006846105679869652,0.0,alpha
1612,1.0,1.0,1.0,1.0,0.0006790691986680031,0.0,alpha
1613,0.9333333333333333,0.9333333333333333,0.9893238911330909,0.9954819435255406,0.000669991597533226,0.06666666666666667,alpha
1614,1.0,1.0,1.0,1.0,0.0006761755794286728,0.0,alpha
1615,0.9333333333333333,0.9333333333333333,0.9756279054220206,0.9890294791572869,0.0006584851071238518,0.13333333333333333,alpha
1616,1.0,1.0,1.0,1.0,0.000694718211889267,0.2,alpha
1617,0.9333333333333333,0.9333333333333333,0.9831868925568871,0.9927924171624636,0.0006834222003817558,0.0,alpha
1618,0.9333333333333333,0.9333333333333333,0.9632104228937433,0.9832059707624144,0.0006537884473800659,0.06666666666666667,alpha
1619,0.8666666666666667,0.8666666666666667,0.9712046484536634,0.9877375821177703,0.0006918925791978836,0.13333333333333333,alpha
1620,0.8,0.8,0.9455066375793847,0.9756544062305331,0.0006563356146216393,0.26666666666666666,alpha
1621,0.8666666666666667,0.8666666666666667,0.9533772699093973,0.9790283016243863,0.0006635803729295731,0.0,alpha
1622,1.0,1.0,1.0,1.0,0.0006646625697612762,0.06666666666666667,alpha
1623,0.9333333333333333,0.9333333333333333,0.9787578475559608,0.9909096988158674,0.00064865592867136,0.0,alpha
1624,0.8666666666666667,0.8666666666666667,0.9131264169784457,0.958085227502127,0.0006980644538998604,0.06666666666666667,alpha
1625,1.0,1.0,1.0,1.0,0.0006644623354077339,0.13333333333333333,alpha
1626,1.0,1.0,1.0,1.0,0.0006737411022186279,0.13333333333333333,alpha
1627,0.9333333333333333,0.9333333333333333,0.9550361939072283,0.9784876684589071,0.0006735874339938164,0.06666666666666667,alpha
1628,0.8,0.8,0.8811113880443981,0.9427622396274821,0.0006597582250833511,0.13333333333333333,alpha
1629,0.6666666666666666,0.6666666666666666,0.7205404001713952,0.829938966761957,0.0006820503622293472,0.0,alpha
1630,0.6666666666666666,0.6666666666666666,0.8628748332075845,0.9367647971591899,0.0006683384999632835,0.06666666666666667,alpha
1631,0.9333333333333333,0.9333333333333333,0.9632053449763152,0.9833018230973917,0.0007261727005243301,0.0,alpha
1632,0.5333333333333333,0.5333333333333333,0.7060103995614682,0.8494017380656737,0.0006635012105107307,0.0,alpha
1633,0.9333333333333333,0.9333333333333333,0.9391103414270107,0.9683663097000597,0.0006662178784608841,0.0,alpha
1634,0.9333333333333333,0.9333333333333333,0.9748584890675752,0.9890265217801806,0.0006683357059955597,0.0,alpha
1635,0.8666666666666667,0.8666666666666667,0.9908742028977818,0.9961741541991797,0.0006577596068382263,0.3333333333333333,alpha
1636,0.8,0.8,0.8995322745931945,0.952205952506168,0.0007042065262794495,0.06666666666666667,alpha
1637,0.8,0.8,0.9402059629726824,0.9739796177658481,0.0006766347214579582,0.06666666666666667,alpha
1638,0.8,0.8,0.8820318044832514,0.9425929117189409,0.0006770500913262367,0.13333333333333333,alpha
1639,0.9333333333333333,0.9333333333333333,0.8398517511769411,0.890417468293328,0.0006674770265817642,0.0,alpha
1640,0.8666666666666667,0.8666666666666667,0.9260854261820062,0.9654023353725014,0.0006597042083740234,0.06666666666666667,alpha
1641,1.0,1.0,1.0,1.0,0.0006595691666007042,0.06666666666666667,alpha
1642,1.0,1.0,1.0,1.0,0.0006646718829870224,0.13333333333333333,alpha
1643,0.8666666666666667,0.8666666666666667,0.9434792682553632,0.9750232707007057,0.0006967056542634964,0.0,alpha
1644,0.8,0.8,0.9496181425926029,0.9776829086756341,0.0006739525124430656,0.06666666666666667,alpha
1645,0.7333333333333333,0.7333333333333333,0.8714354455177156,0.9396897354900838,0.0006654737517237663,0.0,alpha
1646,0.6666666666666666,0.6666666666666666,0.7984419403947425,0.8974837581661607,0.0006685638800263405,0.13333333333333333,alpha
1647,0.8666666666666667,0.8666666666666667,0.9465328365871701,0.9754752072621441,0.0006628325209021568,0.06666666666666667,alpha
1648,0.8,0.8,0.845744766525643,0.9212764826740609,0.0006883619353175163,0.13333333333333333,alpha
1649,0.6,0.6,0.6833883794053596,0.8033512253167766,0.0006891405209898949,0.0,alpha
1650,0.8666666666666667,0.8666666666666667,0.916458216103988,0.9605254379671695,0.0006670812144875526,0.26666666666666666,alpha
1651,0.8,0.8,0.9452811852110033,0.9753779842622716,0.0006524361670017242,0.0,alpha
1652,1.0,1.0,1.0,1.0,0.0006732456386089325,0.06666666666666667,alpha
1653,0.9333333333333333,0.9333333333333333,0.9806479458350106,0.9912769001913769,0.0006684958934783936,0.06666666666666667,alpha
1654,0.8666666666666667,0.8666666666666667,0.9600099203908656,0.9821169713932308,0.000689750537276268,0.06666666666666667,alpha
1655,1.0,1.0,1.0,1.0,0.0006677871569991112,0.06666666666666667,alpha
1656,0.9333333333333333,0.9333333333333333,0.9543275293951766,0.9784514135911705,0.0006855232641100883,0.0,alpha
1657,0.8666666666666667,0.8666666666666667,0.9547007421498067,0.9792969839637672,0.0006627310067415237,0.0,alpha
1658,0.7333333333333333,0.7333333333333333,0.8273347878476391,0.9130576329541751,0.0006662001833319664,0.06666666666666667,alpha
1659,0.7333333333333333,0.7333333333333333,0.7975916709209733,0.8915956246036697,0.000686408020555973,0.0,alpha
1660,0.8666666666666667,0.8666666666666667,0.9146798738982945,0.9581723311958131,0.0006635896861553192,0.0,alpha
1661,0.9333333333333333,0.9333333333333333,0.9711758546057568,0.987258794218589,0.0006651682779192924,0.13333333333333333,alpha
1662,0.8666666666666667,0.8666666666666667,0.8338924837940638,0.886203465342162,0.0007005399093031883,0.13333333333333333,alpha
1663,0.8666666666666667,0.8666666666666667,0.9064572014215043,0.9547066275137152,0.0006725965067744255,0.06666666666666667,alpha
1664,1.0,1.0,1.0,1.0,0.0006653713062405586,0.0,alpha
1665,0.9333333333333333,0.9333333333333333,0.9745952066395022,0.988840833965778,0.0006676530465483665,0.0,alpha
1666,0.7333333333333333,0.7333333333333333,0.8806417965213394,0.9455177266237405,0.0006612567231059074,0.0,alpha
1667,1.0,1.0,1.0,1.0,0.0007236236706376076,0.06666666666666667,alpha
1668,0.6666666666666666,0.6666666666666666,0.8067229668058048,0.8802129736194624,0.0006634574383497238,0.13333333333333333,alpha
1669,0.8,0.8,0.8610258417064576,0.9309062562321944,0.0007225433364510536,0.0,alpha
1670,0.8,0.8,0.8617096247816249,0.9321169109377195,0.0006772549822926521,0.06666666666666667,alpha
1671,1.0,1.0,1.0,1.0,0.0006553586572408676,0.06666666666666667,alpha
1672,0.8,0.8,0.865233677449113,0.9325739728118757,0.0007019825279712677,0.06666666666666667,alpha
1673,0.7333333333333333,0.7333333333333333,0.8531365379181848,0.9294578303491393,0.0006621526554226875,0.2,alpha
1674,0.8666666666666667,0.8666666666666667,0.9768206287405651,0.9897589089934756,0.0007038936018943787,0.0,alpha
1675,0.6,0.6,0.6888372097600141,0.8272402897948602,0.0006800517439842224,0.0,alpha
1676,0.8666666666666667,0.8666666666666667,0.8989120217224928,0.950260772618317,0.0006785048171877861,0.0,alpha
1677,0.8,0.8,0.8811988729377669,0.9390606306926121,0.0006768722087144852,0.0,alpha
1678,0.8666666666666667,0.8666666666666667,0.9512190676232696,0.9780152062389136,0.0006817532703280449,0.06666666666666667,alpha
1679,1.0,1.0,1.0,1.0,0.0006533665582537651,0.2,alpha
1680,0.7333333333333333,0.7333333333333333,0.8398250790223918,0.9195942199767088,0.000659596174955368,0.0,alpha
1681,0.8,0.8,0.9523936441681553,0.9793690245430544,0.0006936648860573769,0.0,alpha
1682,0.9333333333333333,0.9333333333333333,0.977261968290752,0.9899440752509897,0.0006764298304915428,0.0,alpha
1683,0.9333333333333333,0.9333333333333333,0.9511173700428253,0.976552754803428,0.0006636753678321838,0.3333333333333333,alpha
1684,0.9333333333333333,0.9333333333333333,0.926163456589125,0.9590828827011145,0.000675298273563385,0.0,alpha
1685,0.8,0.8,0.9247760550020683,0.9658380792292653,0.0006758365780115128,0.0,alpha
1686,0.6666666666666666,0.6666666666666666,0.8339630420041458,0.9196968719520655,0.0006850119680166245,0.06666666666666667,alpha
1687,0.8,0.8,0.8950281253016336,0.9518014329496918,0.0006520180031657219,0.4,alpha
1688,0.8666666666666667,0.8666666666666667,0.9081912796052309,0.9556570444249485,0.0006696665659546852,0.0,alpha
1689,1.0,1.0,1.0,1.0,0.0006966311484575272,0.0,alpha
1690,0.8666666666666667,0.8666666666666667,0.9770620060603868,0.990303277620121,0.0007132198661565781,0.06666666666666667,alpha
1691,0.9333333333333333,0.9333333333333333,0.9590551494216695,0.9806951347844992,0.000677766278386116,0.0,alpha
1692,1.0,1.0,1.0,1.0,0.0006585661321878433,0.4,alpha
1693,0.8,0.8,0.9041855285587954,0.9555596928021058,0.0006817411631345749,0.0,alpha
1694,0.9333333333333333,0.9333333333333333,0.9638075939808564,0.9833596798669577,0.0006671929731965065,0.0,alpha
1695,1.0,1.0,1.0,1.0,0.000657656230032444,0.0,alpha
1696,0.8666666666666667,0.8666666666666667,0.9220592858559592,0.9636107238541527,0.0006992677226662636,0.13333333333333333,alpha
1697,0.9333333333333333,0.9333333333333333,0.9661961958456188,0.9839009690729836,0.0007214462384581566,0.06666666666666667,alpha
1698,0.9333333333333333,0.9333333333333333,0.9823059320293078,0.9923714023909113,0.0006522843614220619,0.13333333333333333,alpha
1699,0.8666666666666667,0.8666666666666667,0.906404397297802,0.9514137042292724,0.0006750859320163727,0.06666666666666667,alpha
1700,0.8,0.8,0.9472473277932518,0.9765272857116929,0.0006648069247603416,0.06666666666666667,alpha
1701,0.9333333333333333,0.9333333333333333,0.9819499225670858,0.992068282963239,0.0006851339712738991,0.2,alpha
1702,0.9333333333333333,0.9333333333333333,0.9173397598134442,0.9475989285698233,0.0006698919460177422,0.06666666666666667,alpha
1703,0.8666666666666667,0.8666666666666667,0.9662412993791639,0.9856900152686746,0.0006805881857872009,0.0,alpha
1704,0.8666666666666667,0.8666666666666667,0.9065633697380796,0.9550759612356694,0.0006753234192728996,0.0,alpha
1705,0.8,0.8,0.8540939714077108,0.9242217083551186,0.0006988495588302612,0.0,alpha
1706,0.8,0.8,0.8650040732517005,0.933301384773135,0.0006781499832868576,0.06666666666666667,alpha
1707,0.7333333333333333,0.7333333333333333,0.821809115737047,0.9101592907791146,0.0006689475849270821,0.0,alpha
1708,0.8,0.8,0.8918870051456574,0.9508309990589018,0.0007064053788781166,0.06666666666666667,alpha
1709,0.9333333333333333,0.9333333333333333,0.9483599944970623,0.9744765589402239,0.0006592217832803726,0.26666666666666666,alpha
1710,0.6666666666666666,0.6666666666666666,0.6868330995785579,0.8023285791424954,0.0006670579314231873,0.0,alpha
1711,1.0,1.0,1.0,1.0,0.0006875833496451378,0.0,alpha
1712,0.9333333333333333,0.9333333333333333,0.9556060353040285,0.9785217295288916,0.0006655296310782433,0.26666666666666666,alpha
1713,0.9333333333333333,0.9333333333333333,0.9833572643839935,0.99269204125903,0.0007419325411319733,0.4666666666666667,alpha
1714,0.9333333333333333,0.9333333333333333,0.9594637196151342,0.9814673375213535,0.0006640646606683731,0.06666666666666667,alpha
1715,0.9333333333333333,0.9333333333333333,0.9554461422861389,0.9789589889006669,0.0007199272513389587,0.06666666666666667,alpha
1716,0.9333333333333333,0.9333333333333333,0.9705119146284811,0.9865818931961057,0.0006824824959039688,0.3333333333333333,alpha
1717,0.6,0.6,0.7827397807734139,0.8951803650684211,0.0006524035707116127,0.0,alpha
1718,0.8666666666666667,0.8666666666666667,0.9068252386791518,0.9554343564957449,0.0007020812481641769,0.13333333333333333,alpha
1719,0.5333333333333333,0.5333333333333333,0.6741271541484516,0.818279455796705,0.0006683841347694397,0.0,alpha
1720,0.8666666666666667,0.8666666666666667,0.9248093990307945,0.9649157405979043,0.000656886026263237,0.06666666666666667,alpha
1721,0.6,0.6,0.8135848644857239,0.8986444493374879,0.000666523352265358,0.0,alpha
1722,0.6666666666666666,0.6666666666666666,0.7433966960504009,0.8582385588148891,0.0006945254281163216,0.06666666666666667,alpha
1723,0.9333333333333333,0.9333333333333333,0.9549524637419016,0.9786004235304403,0.0006719278171658516,0.0,alpha
1724,1.0,1.0,1.0,1.0,0.000664958730340004,0.2,alpha
1725,0.8,0.8,0.8824105904308671,0.9440947453346538,0.000663326121866703,0.0,alpha
1726,0.8,0.8,0.9305507596738998,0.9669763900333588,0.0006624041125178337,0.06666666666666667,alpha
1727,0.7333333333333333,0.7333333333333333,0.8900887104860964,0.9505874302375782,0.0007054368034005165,0.06666666666666667,alpha
1728,1.0,1.0,1.0,1.0,0.0006653135642409325,0.0,alpha
1729,0.8,0.8,0.6929537570324926,0.743514437971269,0.000662059523165226,0.0,alpha
1730,0.8666666666666667,0.8666666666666667,0.8885668434743567,0.9413265948224536,0.0006876671686768532,0.06666666666666667,alpha
1731,0.8,0.8,0.9074752660822641,0.9565062081228914,0.0006609894335269928,0.13333333333333333,alpha
1732,0.7333333333333333,0.7333333333333333,0.8293956070528788,0.9153082613349202,0.0006821295246481895,0.0,alpha
1733,0.9333333333333333,0.9333333333333333,0.9217884205779634,0.954926875189317,0.0006737075746059418,0.13333333333333333,alpha
1734,0.7333333333333333,0.7333333333333333,0.8407894258276603,0.9204044808350691,0.0006958236917853355,0.26666666666666666,alpha
1735,1.0,1.0,1.0,1.0,0.0006687585264444351,0.0,alpha
1736,0.8,0.8,0.8878123795544659,0.9472012518795861,0.0006853239610791206,0.06666666666666667,alpha
1737,0.8666666666666667,0.8666666666666667,0.9600923445708971,0.9826749772689904,0.0006831558421254158,0.13333333333333333,alpha
1738,0.9333333333333333,0.9333333333333333,0.9750416946569709,0.9888588966284039,0.0006794491782784462,0.06666666666666667,alpha
1739,0.7333333333333333,0.7333333333333333,0.8714745712890652,0.9312694325853612,0.0007012784481048584,0.13333333333333333,alpha
1740,0.9333333333333333,0.9333333333333333,0.9851995652489515,0.9936104785645825,0.0006748316809535027,0.06666666666666667,alpha
1741,0.4666666666666667,0.4666666666666667,0.5921742995289968,0.7745345649775464,0.0006517050787806511,0.06666666666666667,alpha
1742,0.9333333333333333,0.9333333333333333,0.9263896355771093,0.9592700516161641,0.0006730873137712479,0.13333333333333333,alpha
1743,0.7333333333333333,0.7333333333333333,0.8626109036520471,0.9353432730806656,0.0006595971062779427,0.06666666666666667,alpha
1744,0.9333333333333333,0.9333333333333333,0.9832499577046127,0.9928687237594257,0.0006896639242768288,0.06666666666666667,alpha
1745,0.8666666666666667,0.8666666666666667,0.956096051265812,0.9806410343523094,0.0006615016609430313,0.06666666666666667,alpha
1746,1.0,1.0,1.0,1.0,0.0006594555452466011,0.0,alpha
1747,0.8666666666666667,0.8666666666666667,0.9467142694701682,0.9763246648072591,0.0006812326610088348,0.0,alpha
1748,1.0,1.0,1.0,1.0,0.0006679920479655266,0.13333333333333333,alpha
1749,1.0,1.0,1.0,1.0,0.0006912602111697197,0.3333333333333333,alpha
1750,1.0,1.0,1.0,1.0,0.0006524557247757912,0.0,alpha
1751,0.6666666666666666,0.6666666666666666,0.770367204356207,0.8837059680225372,0.0006851069629192352,0.06666666666666667,alpha
1752,0.8,0.8,0.9405482984180172,0.9732556120635949,0.0006977580487728119,0.0,alpha
1753,0.8,0.8,0.9445157865231038,0.9760850915571158,0.0006577074527740479,0.06666666666666667,alpha
1754,1.0,1.0,1.0,1.0,0.0007036253809928894,0.0,alpha
1755,1.0,1.0,1.0,1.0,0.0006928499788045883,0.0,alpha
1756,0.8666666666666667,0.8666666666666667,0.9492130255140594,0.9769391682411451,0.0006703846156597137,0.0,alpha
1757,0.7333333333333333,0.7333333333333333,0.8537983257678334,0.9300495578603494,0.0006765630096197128,0.13333333333333333,alpha
1758,0.8666666666666667,0.8666666666666667,0.9269258297355273,0.9661994030277952,0.000662446953356266,0.13333333333333333,alpha
1759,0.8666666666666667,0.8666666666666667,0.9724831143502586,0.9878533940268724,0.0006654942408204079,0.0,alpha
1760,0.8,0.8,0.8872821421203811,0.9464570324659578,0.0006661554798483849,0.06666666666666667,alpha
1761,0.8666666666666667,0.8666666666666667,0.8944575091527577,0.9452879698012804,0.0006632553413510323,0.0,alpha
1762,0.7333333333333333,0.7333333333333333,0.705962603710782,0.8014911747864991,0.0006618564948439598,0.13333333333333333,alpha
1763,0.9333333333333333,0.9333333333333333,0.9661773877583325,0.9851278101550803,0.0006542569026350975,0.4,alpha
1764,0.8666666666666667,0.8666666666666667,0.9170870378759302,0.9607488785346351,0.0006668297573924065,0.0,alpha
1765,0.9333333333333333,0.9333333333333333,0.9878363751585766,0.9946493209618835,0.0006598895415663719,0.0,alpha
1766,0.8666666666666667,0.8666666666666667,0.9527008615236435,0.9792868564698588,0.0006613060832023621,0.4,alpha
1767,0.9333333333333333,0.9333333333333333,0.96462334359701,0.9837794567400003,0.0006611933931708336,0.0,alpha
1768,1.0,1.0,1.0,1.0,0.00065641850233078,0.06666666666666667,alpha
1769,0.9333333333333333,0.9333333333333333,0.9777871949631372,0.9903381796145717,0.0006737010553479195,0.06666666666666667,alpha
1770,0.6,0.6,0.6722905467195949,0.8170183462217948,0.0006597340106964111,0.06666666666666667,alpha
1771,0.8666666666666667,0.8666666666666667,0.9244483056110688,0.964199810619212,0.0006913533434271812,0.13333333333333333,alpha
1772,1.0,1.0,1.0,1.0,0.0006654439494013786,0.26666666666666666,alpha
1773,1.0,1.0,1.0,1.0,0.0006736842915415764,0.0,alpha
1774,0.9333333333333333,0.9333333333333333,0.9688345282797033,0.9857601859751243,0.00067109614610672,0.06666666666666667,alpha
1775,1.0,1.0,1.0,1.0,0.0006767893210053444,0.06666666666666667,alpha
1776,0.9333333333333333,0.9333333333333333,0.9695816351928251,0.9865550293049038,0.0006745187565684319,0.0,alpha
1777,0.7333333333333333,0.7333333333333333,0.8764974530258707,0.9418722669780896,0.0006654113531112671,0.0,alpha
1778,0.6666666666666666,0.6666666666666666,0.767316011863205,0.879496582415083,0.0006607882678508759,0.13333333333333333,alpha
1779,1.0,1.0,1.0,1.0,0.0007105069234967232,0.2,alpha
1780,0.8666666666666667,0.8666666666666667,0.914174759735891,0.9595569048627612,0.0006984909996390343,0.13333333333333333,alpha
1781,0.7333333333333333,0.7333333333333333,0.7475138199324503,0.838256191388694,0.0006564334034919739,0.06666666666666667,alpha
1782,0.8,0.8,0.8492395571947798,0.919552345439169,0.0006750999018549919,0.0,alpha
1783,1.0,1.0,1.0,1.0,0.0006687017157673836,0.13333333333333333,alpha
1784,0.8666666666666667,0.8666666666666667,0.9148717817591963,0.9589304545732293,0.0006762519478797913,0.06666666666666667,alpha
1785,1.0,1.0,1.0,1.0,0.0006967484951019287,0.06666666666666667,alpha
1786,0.9333333333333333,0.9333333333333333,0.9573616994464533,0.9801488202073912,0.0006789388135075569,0.0,alpha
1787,0.9333333333333333,0.9333333333333333,0.9520478423809887,0.9773808181025588,0.0006624683737754822,0.06666666666666667,alpha
1788,0.9333333333333333,0.9333333333333333,0.9706240927744306,0.9866053215044178,0.0006791139021515846,0.06666666666666667,alpha
1789,0.9333333333333333,0.9333333333333333,0.9612190004011316,0.9822904254371951,0.0006521791219711304,0.2,alpha
1790,0.8,0.8,0.8577438097839948,0.9289848698748975,0.0006892457604408264,0.13333333333333333,alpha
1791,0.9333333333333333,0.9333333333333333,0.9652090394311441,0.9842372922685771,0.0006612315773963928,0.06666666666666667,alpha
1792,0.8,0.8,0.8359453004947794,0.9087966473280696,0.0006658202037215233,0.0,alpha
1793,0.6666666666666666,0.6666666666666666,0.6931130047812588,0.8107579903494703,0.0006764791905879974,0.06666666666666667,alpha
1794,1.0,1.0,1.0,1.0,0.0006851740181446075,0.13333333333333333,alpha
1795,0.9333333333333333,0.9333333333333333,0.9772959118192034,0.9900908236053031,0.0006480878219008446,0.06666666666666667,alpha
1796,0.7333333333333333,0.7333333333333333,0.8696654891347054,0.9400450219002203,0.0006681038066744804,0.0,alpha
1797,0.8666666666666667,0.8666666666666667,0.9510299671763742,0.9786574744616113,0.0006767455488443375,0.13333333333333333,alpha
1798,0.6,0.6,0.7487879132162751,0.874139586068541,0.000650675967335701,0.06666666666666667,alpha
1799,0.9333333333333333,0.9333333333333333,0.9883052161825399,0.995140851273536,0.0006621656939387321,0.26666666666666666,alpha
1800,1.0,1.0,1.0,1.0,0.0006672227755188942,0.0,alpha
1801,0.8,0.8,0.8800672114349802,0.9376828062269688,0.0006432216614484787,0.0,alpha
1802,0.8,0.8,0.8684349636727018,0.9351010738691485,0.0006742030382156372,0.06666666666666667,alpha
1803,0.9333333333333333,0.9333333333333333,0.9604411061010364,0.9816987722122733,0.000660252757370472,0.0,alpha
1804,0.8,0.8,0.8874979055246137,0.9466580178724078,0.0006716949865221977,0.0,alpha
1805,0.8,0.8,0.9618583437364535,0.9822812581086608,0.0006692549213767052,0.06666666666666667,alpha
1806,0.9333333333333333,0.9333333333333333,0.9369503809973688,0.9672517697560522,0.0007213298231363297,0.06666666666666667,alpha
1807,1.0,1.0,1.0,1.0,0.000673157162964344,0.2,alpha
1808,0.6666666666666666,0.6666666666666666,0.8176868560292698,0.9092066426354741,0.0007004989311099052,0.0,alpha
1809,0.9333333333333333,0.9333333333333333,0.9598596645621721,0.9816699336307002,0.0006586220115423203,0.06666666666666667,alpha
1810,0.8666666666666667,0.8666666666666667,0.9037864579442779,0.9531770231492384,0.0007007475942373276,0.06666666666666667,alpha
1811,0.8,0.8,0.8819600301093831,0.9439536268785677,0.0006990768015384674,0.2,alpha
1812,0.8,0.8,0.8986442095698293,0.9533212053791216,0.0006728246808052063,0.2,alpha
1813,1.0,1.0,1.0,1.0,0.0006701136007905006,0.13333333333333333,alpha
1814,0.8,0.8,0.9168224543022883,0.9616935283471721,0.0006623584777116776,0.0,alpha
1815,1.0,1.0,1.0,1.0,0.0006667720153927803,0.2,alpha
1816,0.9333333333333333,0.9333333333333333,0.9650046621775669,0.983643429910142,0.0006904341280460358,0.06666666666666667,alpha
1817,1.0,1.0,1.0,1.0,0.0006549963727593422,0.2,alpha
1818,0.8666666666666667,0.8666666666666667,0.934486496796826,0.9696476597590058,0.0007148692384362221,0.0,alpha
1819,0.9333333333333333,0.9333333333333333,0.9476439053919674,0.9739073799610274,0.0006812922656536102,0.13333333333333333,alpha
1820,0.8,0.8,0.8535817254515469,0.9259626864488784,0.0006541097536683083,0.13333333333333333,alpha
1821,0.7333333333333333,0.7333333333333333,0.8503749255232149,0.9293197650383462,0.0007195854559540749,0.2,alpha
1822,0.9333333333333333,0.9333333333333333,0.994276115053762,0.9974509415228923,0.0006671370938420296,0.2,alpha
1823,0.9333333333333333,0.9333333333333333,0.9671907306896321,0.9855969262866675,0.0006545372307300568,0.06666666666666667,alpha
1824,0.9333333333333333,0.9333333333333333,0.9806670930287492,0.9914968640696022,0.0006763264536857605,0.26666666666666666,alpha
1825,0.9333333333333333,0.9333333333333333,0.9929452812960345,0.9970801467590295,0.0006524510681629181,0.13333333333333333,alpha
1826,0.8666666666666667,0.8666666666666667,0.9380620704095387,0.9717042498993748,0.0006945962086319923,0.26666666666666666,alpha
1827,0.5333333333333333,0.5333333333333333,0.6949649837011138,0.8219351221793657,0.0006771991029381752,0.0,alpha
1828,0.9333333333333333,0.9333333333333333,0.9686907392527895,0.9862185637510724,0.0006874091923236847,0.06666666666666667,alpha
1829,0.8,0.8,0.964939425591026,0.9852393784126968,0.000671660527586937,0.0,alpha
1830,0.4666666666666667,0.4666666666666667,0.6643275112488544,0.8261452433336398,0.0007015587761998177,0.06666666666666667,alpha
1831,0.9333333333333333,0.9333333333333333,0.9771697619954152,0.9900460769168187,0.0006671641021966934,0.06666666666666667,alpha
1832,0.8,0.8,0.8493383961665608,0.9123910488204737,0.000711965374648571,0.06666666666666667,alpha
1833,0.9333333333333333,0.9333333333333333,0.9546022549452374,0.978482574043991,0.000664188526570797,0.06666666666666667,alpha
1834,0.9333333333333333,0.9333333333333333,0.9758366391392944,0.9893228680931004,0.0006573889404535294,0.13333333333333333,alpha
1835,1.0,1.0,1.0,1.0,0.0006794808432459831,0.13333333333333333,alpha
1836,0.7333333333333333,0.7333333333333333,0.8275366870743485,0.9163540452059201,0.0006529418751597404,0.13333333333333333,alpha
1837,0.9333333333333333,0.9333333333333333,0.9763599855519165,0.9898862460743167,0.0006777578964829445,0.06666666666666667,alpha
1838,0.6666666666666666,0.6666666666666666,0.8106350433330044,0.9069361721866227,0.0006741350516676903,0.06666666666666667,alpha
1839,0.8,0.8,0.8752390415741721,0.9394418129933221,0.0006679398939013481,0.0,alpha
1840,0.8666666666666667,0.8666666666666667,0.9225989339852287,0.9636056230939498,0.0007045380771160126,0.13333333333333333,alpha
1841,0.9333333333333333,0.9333333333333333,0.965574821129529,0.9844047973866881,0.0006727846339344978,0.13333333333333333,alpha
1842,0.7333333333333333,0.7333333333333333,0.8239471558440967,0.9133712208696465,0.0006677880883216858,0.2,alpha
1843,0.8666666666666667,0.8666666666666667,0.9529116569578672,0.9791226763039179,0.0007041404023766518,0.0,alpha
1844,0.8666666666666667,0.8666666666666667,0.9750498756336697,0.9892438971547517,0.0006715822964906693,0.13333333333333333,alpha
1845,0.8666666666666667,0.8666666666666667,0.987258192669945,0.9947869016077453,0.0006650751456618309,0.13333333333333333,alpha
1846,0.6666666666666666,0.6666666666666666,0.7941772594157147,0.8976133042042074,0.0006757890805602074,0.0,alpha
1847,0.8,0.8,0.8697043432430998,0.936776743620657,0.0006526429206132889,0.13333333333333333,alpha
1848,0.9333333333333333,0.9333333333333333,0.9664603314822293,0.9847593086751156,0.0006785467267036438,0.0,alpha
1849,0.9333333333333333,0.9333333333333333,0.9506698308226175,0.9757250174416138,0.0006654867902398109,0.06666666666666667,alpha
1850,1.0,1.0,1.0,1.0,0.0006491942331194878,0.26666666666666666,alpha
1851,0.8666666666666667,0.8666666666666667,0.9297967329358113,0.9672640711934495,0.000691492110490799,0.0,alpha
1852,1.0,1.0,1.0,1.0,0.0006765471771359444,0.2,alpha
1853,1.0,1.0,1.0,1.0,0.0006640981882810593,0.13333333333333333,alpha
1854,1.0,1.0,1.0,1.0,0.0006592730060219765,0.06666666666666667,alpha
1855,0.7333333333333333,0.7333333333333333,0.8300846339311896,0.9162701623477053,0.0006623510271310806,0.0,alpha
1856,0.9333333333333333,0.9333333333333333,0.9752220049317443,0.9890725204512884,0.0006572874262928963,0.2,alpha
1857,0.9333333333333333,0.9333333333333333,0.9916381784494408,0.9964733832824861,0.0006644437089562416,0.2,alpha
1858,0.8666666666666667,0.8666666666666667,0.9554708713816009,0.9799749556719627,0.0006638020277023315,0.06666666666666667,alpha
1859,0.8666666666666667,0.8666666666666667,0.9126419707984319,0.957526541346289,0.0006533544510602951,0.0,alpha
1860,0.9333333333333333,0.9333333333333333,0.9601134308585442,0.9816292526757113,0.000676177442073822,0.06666666666666667,alpha
1861,0.9333333333333333,0.9333333333333333,0.9806045490079398,0.9913063267178694,0.0006699450314044952,0.06666666666666667,alpha
1862,0.9333333333333333,0.9333333333333333,0.9699972805832298,0.9865631870903026,0.0006581442430615425,0.0,alpha
1863,0.9333333333333333,0.9333333333333333,0.958399908700127,0.9807412435991235,0.0006744898855686188,0.13333333333333333,alpha
1864,0.7333333333333333,0.7333333333333333,0.8188802555797022,0.9120367336044388,0.0006677880883216858,0.06666666666666667,alpha
1865,0.8,0.8,0.8973307708987827,0.9515229594026116,0.0006453804671764374,0.26666666666666666,alpha
1866,0.9333333333333333,0.9333333333333333,0.9560600258831763,0.979424877851268,0.0006987946107983589,0.06666666666666667,alpha
1867,0.9333333333333333,0.9333333333333333,0.9807646774264533,0.9914634120777303,0.0006611403077840805,0.26666666666666666,alpha
1868,0.8666666666666667,0.8666666666666667,0.946040680458333,0.9755306417095335,0.0006817132234573364,0.0,alpha
1869,0.9333333333333333,0.9333333333333333,0.9492985786135929,0.9744600290413175,0.0006631026044487953,0.13333333333333333,alpha
1870,1.0,1.0,1.0,1.0,0.0006928686052560806,0.06666666666666667,alpha
1871,0.9333333333333333,0.9333333333333333,0.9593950238805635,0.9814751389868588,0.0006808647885918617,0.06666666666666667,alpha
1872,0.6666666666666666,0.6666666666666666,0.7289327412518555,0.8452629897272915,0.000671076588332653,0.0,alpha
1873,0.9333333333333333,0.9333333333333333,0.9538297219444359,0.9779600413949154,0.000682806596159935,0.26666666666666666,alpha
1874,0.8,0.8,0.8738821140170744,0.9356638575038694,0.0006682751700282097,0.0,alpha
1875,0.9333333333333333,0.9333333333333333,0.9661202962318991,0.9846661972232275,0.0006635021418333054,0.0,alpha
1876,0.7333333333333333,0.7333333333333333,0.8244115469944286,0.9143910749368057,0.0006631379947066307,0.0,alpha
1877,0.9333333333333333,0.9333333333333333,0.9659403717868789,0.9847070032943538,0.0006582001224160194,0.06666666666666667,alpha
1878,0.6666666666666666,0.6666666666666666,0.8143344355930722,0.909067913009717,0.0006938735023140907,0.0,alpha
1879,1.0,1.0,1.0,1.0,0.0006536506116390228,0.2,alpha
1880,1.0,1.0,1.0,1.0,0.0006582550704479218,0.26666666666666666,alpha
1881,0.8,0.8,0.8570240625721824,0.929727897905973,0.0006713792681694031,0.06666666666666667,alpha
1882,0.8666666666666667,0.8666666666666667,0.9777365333449185,0.9885447452070549,0.0006745513528585434,0.06666666666666667,alpha
1883,0.9333333333333333,0.9333333333333333,0.9532622447503472,0.9772207031484839,0.0006927009671926498,0.13333333333333333,alpha
1884,0.6,0.6,0.7732081640382998,0.874568892879586,0.0006598755717277527,0.13333333333333333,alpha
1885,0.7333333333333333,0.7333333333333333,0.9236506919017953,0.9663861821022026,0.0006554415449500084,0.0,alpha
1886,0.8,0.8,0.8441053707244691,0.9120504887288661,0.0007019694894552231,0.06666666666666667,alpha
1887,0.8666666666666667,0.8666666666666667,0.9557951079113993,0.9810475967735632,0.0006625978276133537,0.0,alpha
1888,0.8,0.8,0.8786756508712183,0.9417766921768317,0.0006609829142689705,0.0,alpha
1889,0.8,0.8,0.8478544469470389,0.9215809924361664,0.0006753699854016304,0.06666666666666667,alpha
1890,0.9333333333333333,0.9333333333333333,0.9754506173353347,0.9891516347696314,0.0006660278886556625,0.0,alpha
1891,0.6,0.6,0.7452822729631182,0.8712675077024511,0.0006735390052199364,0.0,alpha
1892,0.9333333333333333,0.9333333333333333,0.9629679350183831,0.9826231810540792,0.0006737140938639641,0.0,alpha
1893,0.9333333333333333,0.9333333333333333,0.7440415450145766,0.7515927734170608,0.000645885244011879,0.06666666666666667,alpha
1894,0.8666666666666667,0.8666666666666667,0.8720861263175235,0.9222286425794969,0.0006693331524729729,0.0,alpha
1895,0.7333333333333333,0.7333333333333333,0.8595456278115048,0.9337720982753664,0.0006656935438513756,0.06666666666666667,alpha
1896,0.8,0.8,0.8709972179679606,0.9374951661819014,0.0006418526172637939,0.13333333333333333,alpha
1897,0.9333333333333333,0.9333333333333333,0.9522251608160366,0.9773118080835018,0.0006658304482698441,0.06666666666666667,alpha
1898,1.0,1.0,1.0,1.0,0.0006750132888555527,0.06666666666666667,alpha
1899,0.8,0.8,0.8898308815748425,0.9478954697124491,0.0006578005850315094,0.06666666666666667,alpha
1900,0.8666666666666667,0.8666666666666667,0.9014917697185068,0.9479667016269931,0.0006661908701062202,0.06666666666666667,alpha
1901,0.7333333333333333,0.7333333333333333,0.8756385479070253,0.9413266795134,0.0006579188629984856,0.0,alpha
1902,0.8,0.8,0.9583876752604623,0.9822030667266648,0.0006554918363690376,0.06666666666666667,alpha
1903,0.8,0.8,0.8754640933312916,0.940522373478967,0.0006654635071754456,0.0,alpha
1904,0.9333333333333333,0.9333333333333333,0.9781136201217596,0.9904938387633891,0.0007028961554169655,0.13333333333333333,alpha
1905,0.8666666666666667,0.8666666666666667,0.9887368402713007,0.9952326868310889,0.0006566662341356277,0.13333333333333333,alpha
1906,0.8666666666666667,0.8666666666666667,0.9155650760538421,0.9602763839230579,0.0006707506254315376,0.06666666666666667,alpha
1907,0.9333333333333333,0.9333333333333333,0.9685420946834434,0.985588442789156,0.0006601149216294289,0.06666666666666667,alpha
1908,0.8666666666666667,0.8666666666666667,0.9984604590923672,0.9993569488001216,0.0006522443145513535,0.13333333333333333,alpha
1909,0.8666666666666667,0.8666666666666667,0.9480106828675121,0.9770854926892392,0.0007226699963212013,0.0,alpha
1910,0.6,0.6,0.7891162003101637,0.8975474596622742,0.000674346461892128,0.0,alpha
1911,0.9333333333333333,0.9333333333333333,0.9485885327153217,0.975246676877347,0.0006566280499100685,0.06666666666666667,alpha
1912,0.9333333333333333,0.9333333333333333,0.9633512865201214,0.9831457097828413,0.0006819423288106918,0.13333333333333333,alpha
1913,0.8,0.8,0.860466762980785,0.9313061637313051,0.0006567388772964478,0.13333333333333333,alpha
1914,1.0,1.0,1.0,1.0,0.0006770184263586998,0.0,alpha
1915,0.6666666666666666,0.6666666666666666,0.6778433791741432,0.7827850227740712,0.0006664441898465157,0.13333333333333333,alpha
1916,0.8666666666666667,0.8666666666666667,0.9859174780009697,0.9939955356428914,0.0006548920646309853,0.2,alpha
1917,1.0,1.0,1.0,1.0,0.0006678039208054543,0.13333333333333333,alpha
1918,0.9333333333333333,0.9333333333333333,0.9658017208218251,0.9848058693907381,0.0006770109757781029,0.2,alpha
1919,0.9333333333333333,0.9333333333333333,0.9578899299872933,0.98030511311458,0.0006556166335940361,0.06666666666666667,alpha
1920,1.0,1.0,1.0,1.0,0.0006592785939574242,0.06666666666666667,alpha
1921,0.9333333333333333,0.9333333333333333,0.9661944340378832,0.9846324499389217,0.0006864005699753761,0.0,alpha
1922,0.8,0.8,0.9033385399321909,0.9558342564076348,0.0006516557186841965,0.13333333333333333,alpha
1923,0.8,0.8,0.9127926897703814,0.9591890330021573,0.000657341443002224,0.06666666666666667,alpha
1924,1.0,1.0,1.0,1.0,0.0006858585402369499,0.0,alpha
1925,0.8666666666666667,0.8666666666666667,0.9403292652256161,0.9725941519200263,0.0006620148196816444,0.0,alpha
1926,0.6666666666666666,0.6666666666666666,0.7512127209962418,0.8674043392200035,0.0006752796471118927,0.13333333333333333,alpha
1927,0.8,0.8,0.913463129405047,0.9600574952944275,0.0006579365581274033,0.06666666666666667,alpha
1928,1.0,1.0,1.0,1.0,0.0006651850417256355,0.13333333333333333,alpha
1929,1.0,1.0,1.0,1.0,0.0006893454119563103,0.2,alpha
1930,0.8,0.8,0.8503416842043732,0.9246587954427559,0.0006668474525213242,0.13333333333333333,alpha
1931,0.6,0.6,0.7375291609674859,0.8522896282203052,0.0006716428324580193,0.0,alpha
1932,1.0,1.0,1.0,1.0,0.0006633056327700615,0.13333333333333333,alpha
1933,1.0,1.0,1.0,1.0,0.0006565786898136139,0.13333333333333333,alpha
1934,0.6,0.6,0.7089066076752866,0.8481314004063792,0.000661955215036869,0.06666666666666667,alpha
1935,0.8666666666666667,0.8666666666666667,0.9510137591731145,0.9785938495444533,0.0006959950551390648,0.0,alpha
1936,0.8666666666666667,0.8666666666666667,0.9688941706237938,0.9864145854576477,0.0006529456004500389,0.06666666666666667,alpha
1937,0.8666666666666667,0.8666666666666667,0.9184870967102401,0.9614358723756522,0.0006568189710378647,0.13333333333333333,alpha
1938,0.9333333333333333,0.9333333333333333,0.9709514072813706,0.9868670552954157,0.0006709517911076546,0.0,alpha
1939,0.8666666666666667,0.8666666666666667,0.919404279274108,0.9594146504915714,0.0006497576832771301,0.06666666666666667,alpha
1940,0.9333333333333333,0.9333333333333333,0.950890182077051,0.9764227976413163,0.0006936648860573769,0.0,alpha
1941,1.0,1.0,1.0,1.0,0.0006690416485071182,0.0,alpha
1942,1.0,1.0,1.0,1.0,0.0006452584639191628,0.06666666666666667,alpha
1943,0.9333333333333333,0.9333333333333333,0.9589900795746343,0.9813667255954296,0.0007021594792604446,0.0,alpha
1944,0.8666666666666667,0.8666666666666667,0.922246754428272,0.9632572114597415,0.0006698435172438622,0.13333333333333333,alpha
1945,1.0,1.0,1.0,1.0,0.0006698602810502052,0.06666666666666667,alpha
1946,0.9333333333333333,0.9333333333333333,0.9526965412528847,0.9771445277093728,0.000675644725561142,0.0,alpha
1947,0.6666666666666666,0.6666666666666666,0.7444008525777626,0.8661724055718152,0.0006548119708895683,0.0,alpha
1948,0.7333333333333333,0.7333333333333333,0.8794729918403537,0.944622192311755,0.0006734365597367287,0.06666666666666667,alpha
1949,0.9333333333333333,0.9333333333333333,0.9799050447756957,0.9914720719205974,0.0006927354261279106,0.06666666666666667,alpha
1950,0.8666666666666667,0.8666666666666667,0.967893493134493,0.985650237623028,0.000664551742374897,0.26666666666666666,alpha
1951,0.8666666666666667,0.8666666666666667,0.8948920502891121,0.946936889088696,0.0006527667865157127,0.13333333333333333,alpha
1952,0.9333333333333333,0.9333333333333333,0.9599827165000919,0.9814802369000544,0.000708957202732563,0.06666666666666667,alpha
1953,0.9333333333333333,0.9333333333333333,0.9824445821727151,0.9924626381394658,0.0006611272692680359,0.13333333333333333,alpha
1954,0.8,0.8,0.8082649071399108,0.8864369187138554,0.0006872080266475677,0.0,alpha
1955,0.9333333333333333,0.9333333333333333,0.9696723423553509,0.9863588920009643,0.0006686048582196236,0.0,alpha
1956,0.9333333333333333,0.9333333333333333,0.9802653775325697,0.9916915131382996,0.0006585177034139633,0.0,alpha
1957,0.8666666666666667,0.8666666666666667,0.9346424480312783,0.9699778539560371,0.0006702160462737083,0.0,alpha
1958,0.9333333333333333,0.9333333333333333,0.9657492029132804,0.9840745865802093,0.0006610136479139328,0.06666666666666667,alpha
1959,0.8666666666666667,0.8666666666666667,0.9211150170491579,0.9629467206924653,0.0006739208474755287,0.06666666666666667,alpha
1960,0.9333333333333333,0.9333333333333333,0.9749136834310118,0.9890387512989763,0.0006632674485445023,0.06666666666666667,alpha
1961,0.9333333333333333,0.9333333333333333,0.9757074880994063,0.9892802291646068,0.0007008155807852745,0.06666666666666667,alpha
1962,0.7333333333333333,0.7333333333333333,0.8425327653893154,0.9238232288550869,0.0006662625819444656,0.0,alpha
1963,0.8,0.8,0.8598675880389564,0.9307327675857208,0.0006670132279396057,0.06666666666666667,alpha
1964,1.0,1.0,1.0,1.0,0.0006559332832694054,0.0,alpha
1965,0.7333333333333333,0.7333333333333333,0.8323092077854529,0.9192963434852085,0.0006588315591216087,0.13333333333333333,alpha
1966,0.9333333333333333,0.9333333333333333,0.9937466961247313,0.9973429628450665,0.0006989361718297005,0.06666666666666667,alpha
1967,0.8666666666666667,0.8666666666666667,0.9151298029570197,0.9589462721453067,0.0007111197337508202,0.0,alpha
1968,0.9333333333333333,0.9333333333333333,0.992113699954745,0.9965988889341909,0.0006811376661062241,0.06666666666666667,alpha
1969,0.8666666666666667,0.8666666666666667,0.8836370982043754,0.9354913076979071,0.0007118741050362587,0.0,alpha
1970,1.0,1.0,1.0,1.0,0.0006746063008904457,0.06666666666666667,alpha
1971,0.9333333333333333,0.9333333333333333,0.9850766562316076,0.9938044865460449,0.0006988625973463058,0.0,alpha
1972,0.9333333333333333,0.9333333333333333,0.9852187206360439,0.9937657759244121,0.0006637303158640862,0.26666666666666666,alpha
1973,0.9333333333333333,0.9333333333333333,0.9595164442572739,0.980944808518455,0.0006560450419783592,0.06666666666666667,alpha
1974,0.8666666666666667,0.8666666666666667,0.9394433217745896,0.9732663985340729,0.0006987648084759712,0.13333333333333333,alpha
1975,0.9333333333333333,0.9333333333333333,0.9801223128305415,0.9914038449085433,0.0006584776565432549,0.26666666666666666,alpha
1976,0.6666666666666666,0.6666666666666666,0.7677342627388852,0.879597496740551,0.0006787236779928207,0.0,alpha
1977,0.8666666666666667,0.8666666666666667,0.9403470139691447,0.973424925815809,0.0006708456203341484,0.0,alpha
1978,0.7333333333333333,0.7333333333333333,0.7708566757874574,0.869723074891111,0.0006533414125442505,0.06666666666666667,alpha
1979,0.7333333333333333,0.7333333333333333,0.9315707277811552,0.9695508618628405,0.0006915265694260597,0.0,alpha
1980,1.0,1.0,1.0,1.0,0.0006732791662216187,0.0,alpha
1981,0.9333333333333333,0.9333333333333333,0.9461277810180281,0.9723055155531636,0.000648844987154007,0.06666666666666667,alpha
1982,0.8,0.8,0.6864717477821262,0.7071835083394615,0.0006829472258687019,0.0,alpha
1983,0.8,0.8,0.8905944168351045,0.9488678220259066,0.0006697215139865875,0.06666666666666667,alpha
1984,0.8666666666666667,0.8666666666666667,0.9641007847825795,0.9844485931946623,0.0006743846461176872,0.06666666666666667,alpha
1985,0.8,0.8,0.9235679536632634,0.9662051642306111,0.0006612427532672882,0.2,alpha
1986,0.6,0.6,0.7655812693443278,0.8835582504008032,0.0006682565435767174,0.13333333333333333,alpha
1987,0.9333333333333333,0.9333333333333333,0.97535923446948,0.989238623912352,0.0006618648767471313,0.2,alpha
1988,0.8,0.8,0.934951888384893,0.9706166267740403,0.0006698677316308022,0.06666666666666667,alpha
1989,1.0,1.0,1.0,1.0,0.0006983419880270958,0.06666666666666667,alpha
1990,0.8666666666666667,0.8666666666666667,0.9717341708757423,0.9879297368139753,0.000665467232465744,0.0,alpha
1991,0.8,0.8,0.8469298152302964,0.9228867855342978,0.0007062871009111404,0.06666666666666667,alpha
1992,0.8666666666666667,0.8666666666666667,0.9503966057091972,0.978367476399434,0.0006574243307113647,0.13333333333333333,alpha
1993,1.0,1.0,1.0,1.0,0.0006608190014958382,0.26666666666666666,alpha
1994,0.8666666666666667,0.8666666666666667,0.6800155974190738,0.7511458663743105,0.0006783949211239815,0.13333333333333333,alpha
1995,0.8666666666666667,0.8666666666666667,0.9468654148035209,0.9754444422101778,0.0006521092727780342,0.06666666666666667,alpha
1996,1.0,1.0,1.0,1.0,0.0006683748215436935,0.13333333333333333,alpha
1997,0.9333333333333333,0.9333333333333333,0.9576389205165577,0.980044022109455,0.0007063411176204681,0.0,alpha
1998,0.9333333333333333,0.9333333333333333,0.9693450667776267,0.9864384004749165,0.0007003657519817352,0.0,alpha
1999,0.8666666666666667,0.8666666666666667,0.9627231389105617,0.9841445403588674,0.0006907768547534943,0.06666666666666667,alpha
2000,0.6666666666666666,0.6666666666666666,0.7411476656158962,0.8627326913402035,0.0006586667150259018,0.0,alpha
2001,0.9333333333333333,0.9333333333333333,0.9768306821387914,0.9898173230770421,0.0006873412057757378,0.06666666666666667,alpha
2002,0.7333333333333333,0.7333333333333333,0.8701115529947385,0.9378987598555218,0.0007013995200395584,0.0,alpha
2003,0.8666666666666667,0.8666666666666667,0.9201300905014697,0.9621180258567261,0.0006518103182315826,0.0,alpha
2004,0.9333333333333333,0.9333333333333333,0.964757363127955,0.9839521577532913,0.0006769755855202675,0.2,alpha
2005,1.0,1.0,1.0,1.0,0.0006657037883996964,0.13333333333333333,alpha
2006,1.0,1.0,1.0,1.0,0.0007177786901593208,0.0,alpha
2007,0.8666666666666667,0.8666666666666667,0.9032436406003448,0.9514981312773109,0.0007070954889059067,0.06666666666666667,alpha
2008,1.0,1.0,1.0,1.0,0.0006597256287932396,0.13333333333333333,alpha
2009,1.0,1.0,1.0,1.0,0.0006829751655459404,0.26666666666666666,alpha
2010,0.9333333333333333,0.9333333333333333,0.9808216065224735,0.9914704727552158,0.00067185889929533,0.2,alpha
2011,0.9333333333333333,0.9333333333333333,0.9661862047596497,0.9844644515401163,0.0006707515567541122,0.3333333333333333,alpha
2012,1.0,1.0,1.0,1.0,0.0006630327552556992,0.06666666666666667,alpha
2013,0.9333333333333333,0.9333333333333333,0.9587597056654149,0.9808348933630376,0.0006830655038356781,0.13333333333333333,alpha
2014,0.9333333333333333,0.9333333333333333,0.9716286811620614,0.987479478573424,0.0006603151559829712,0.0,alpha
2015,0.8666666666666667,0.8666666666666667,0.9364472202370537,0.9708383593108544,0.000659482553601265,0.0,alpha
2016,0.9333333333333333,0.9333333333333333,0.9704179391620313,0.9866709918553878,0.0007041897624731064,0.06666666666666667,alpha
2017,1.0,1.0,1.0,1.0,0.0006714211776852608,0.26666666666666666,alpha
2018,0.8666666666666667,0.8666666666666667,0.9102987178500705,0.9542382418305523,0.0006694328039884567,0.13333333333333333,alpha
2019,0.7333333333333333,0.7333333333333333,0.7200714432772303,0.792356050059058,0.0006707245483994484,0.13333333333333333,alpha
2020,0.9333333333333333,0.9333333333333333,0.9811099527279116,0.9917592131046009,0.0006454596295952797,0.06666666666666667,alpha
2021,0.8666666666666667,0.8666666666666667,0.912116131253526,0.9584007964301187,0.0006652455776929855,0.0,alpha
2022,0.4,0.4,0.5837311230253819,0.7699934264997368,0.0006638709455728531,0.0,alpha
2023,0.8666666666666667,0.8666666666666667,0.9232097845942531,0.963945347020792,0.0007041208446025848,0.06666666666666667,alpha
2024,1.0,1.0,1.0,1.0,0.0006712321192026138,0.0,alpha
2025,0.8,0.8,0.926401944531172,0.9660270476759577,0.0006678421050310135,0.26666666666666666,alpha
2026,0.6,0.6,0.8137818504868697,0.9095461480998539,0.0006714537739753723,0.06666666666666667,alpha
2027,1.0,1.0,1.0,1.0,0.00067922193557024,0.06666666666666667,alpha
2028,1.0,1.0,1.0,1.0,0.0007165819406509399,0.06666666666666667,alpha
2029,0.5333333333333333,0.5333333333333333,0.8891619876376374,0.9410075699792443,0.0006669638678431511,0.0,alpha
2030,0.9333333333333333,0.9333333333333333,0.9910526628538328,0.9962990728392996,0.0006827292963862419,0.2,alpha
2031,0.8,0.8,0.8435874962121832,0.9195264171073171,0.0006590988487005234,0.0,alpha
2032,0.8,0.8,0.9184682767960057,0.9637905823958595,0.0006669079884886742,0.06666666666666667,alpha
2033,0.9333333333333333,0.9333333333333333,0.9688421028085061,0.9861182982186492,0.0007172944024205208,0.06666666666666667,alpha
2034,0.6,0.6,0.827572856397681,0.8976990825813224,0.0006744489073753357,0.06666666666666667,alpha
2035,0.8,0.8,0.8495134492507957,0.9194823483784912,0.0006695371121168137,0.0,alpha
2036,0.9333333333333333,0.9333333333333333,0.984049160094788,0.9932948208019238,0.0006718384101986885,0.06666666666666667,alpha
2037,0.8666666666666667,0.8666666666666667,0.9698136119653048,0.9864008968634134,0.0006633689627051353,0.26666666666666666,alpha
2038,1.0,1.0,1.0,1.0,0.0007052375003695488,0.06666666666666667,alpha
2039,0.8,0.8,0.8153971281718597,0.8884778513135397,0.0006543649360537529,0.13333333333333333,alpha
2040,0.6666666666666666,0.6666666666666666,0.9100833453755612,0.9560008002206848,0.0007025226950645447,0.06666666666666667,alpha
2041,0.9333333333333333,0.9333333333333333,0.9693972043055107,0.9861384833460407,0.0006738100200891495,0.06666666666666667,alpha
2042,1.0,1.0,1.0,1.0,0.0006686439737677574,0.0,alpha
2043,0.9333333333333333,0.9333333333333333,0.9764592425730947,0.9896124865760485,0.0006698742508888245,0.06666666666666667,alpha
2044,0.6666666666666666,0.6666666666666666,0.7989826375862418,0.8930603686532051,0.0006741872057318687,0.0,alpha
2045,1.0,1.0,1.0,1.0,0.0006528971716761589,0.2,alpha
2046,0.8666666666666667,0.8666666666666667,0.9879580739468223,0.9949332540081176,0.0007155518978834152,0.2,alpha
2047,0.5333333333333333,0.5333333333333333,0.5347909804028332,0.6570582235100497,0.0006637545302510262,0.0,alpha
2048,0.9333333333333333,0.9333333333333333,0.9644256897414802,0.9835822826652187,0.0006626583635807037,0.0,alpha
2049,0.8,0.8,0.8738445444600181,0.9316804516555369,0.0006713736802339554,0.06666666666666667,alpha
2050,0.8666666666666667,0.8666666666666667,0.887357552531205,0.941553321262793,0.0006620660424232483,0.06666666666666667,alpha
2051,0.8,0.8,0.9071282814142085,0.9566581154210548,0.0006942469626665115,0.2,alpha
2052,0.9333333333333333,0.9333333333333333,0.990548492212425,0.9961546576031339,0.0006827749311923981,0.06666666666666667,alpha
2053,0.8,0.8,0.899305907596572,0.9507171084441983,0.000655454583466053,0.0,alpha
2054,0.9333333333333333,0.9333333333333333,0.9836222570567827,0.9928975589460847,0.0006754156202077866,0.4666666666666667,alpha
2055,1.0,1.0,1.0,1.0,0.0006715757772326469,0.0,alpha
2056,1.0,1.0,1.0,1.0,0.0006593437865376472,0.13333333333333333,alpha
2057,0.9333333333333333,0.9333333333333333,0.9774753390817675,0.9901955579157652,0.0006570760160684586,0.06666666666666667,alpha
2058,0.8666666666666667,0.8666666666666667,0.9281567468881797,0.9660357204383261,0.0006641251966357231,0.06666666666666667,alpha
2059,1.0,1.0,1.0,1.0,0.0006528701633214951,0.06666666666666667,alpha
2060,1.0,1.0,1.0,1.0,0.000650288537144661,0.4,alpha
2061,1.0,1.0,1.0,1.0,0.000666704960167408,0.06666666666666667,alpha
2062,0.9333333333333333,0.9333333333333333,0.9743175448317289,0.9883866437892744,0.0006502894684672356,0.2,alpha
2063,0.8,0.8,0.9034110318112051,0.9506651955578808,0.0006677508354187012,0.06666666666666667,alpha
2064,1.0,1.0,1.0,1.0,0.0006843395531177521,0.06666666666666667,alpha
2065,0.9333333333333333,0.9333333333333333,0.9684781473263318,0.9864968239140847,0.0006455546244978905,0.06666666666666667,alpha
2066,0.9333333333333333,0.9333333333333333,0.970121785887587,0.9868783455341819,0.000680471770465374,0.2,alpha
2067,0.8666666666666667,0.8666666666666667,0.9189747073664798,0.9583190356763508,0.0006591668352484703,0.06666666666666667,alpha
2068,0.9333333333333333,0.9333333333333333,0.9284158235179298,0.9585263300012679,0.000674285925924778,0.0,alpha
2069,0.9333333333333333,0.9333333333333333,0.9596224561119555,0.9808944798241727,0.0006809011101722717,0.0,alpha
2070,0.8666666666666667,0.8666666666666667,0.9323616078604969,0.9692088590499077,0.0006899591535329819,0.06666666666666667,alpha
2071,0.9333333333333333,0.9333333333333333,0.9440695566141535,0.9716652000272481,0.0006676465272903442,0.13333333333333333,alpha
2072,0.9333333333333333,0.9333333333333333,0.9971322614805466,0.998862313636512,0.0006806850433349609,0.0,alpha
2073,1.0,1.0,1.0,1.0,0.0006613554432988167,0.0,alpha
2074,0.9333333333333333,0.9333333333333333,0.9901395750228954,0.9957580726124883,0.000726788304746151,0.0,alpha
2075,0.9333333333333333,0.9333333333333333,0.9717551697272759,0.9877338639713006,0.0006793597713112831,0.2,alpha
2076,0.7333333333333333,0.7333333333333333,0.8668716812515951,0.9360262531600958,0.0006754240021109581,0.06666666666666667,alpha
2077,1.0,1.0,1.0,1.0,0.0006856760010123253,0.0,alpha
2078,0.9333333333333333,0.9333333333333333,0.9720355425166913,0.9876879620261849,0.0006637834012508392,0.2,alpha
2079,0.9333333333333333,0.9333333333333333,0.9497675023747576,0.9757756091636651,0.000677737407386303,0.0,alpha
2080,1.0,1.0,1.0,1.0,0.0006639771163463593,0.3333333333333333,alpha
2081,1.0,1.0,1.0,1.0,0.0006491076201200485,0.13333333333333333,alpha
2082,0.9333333333333333,0.9333333333333333,0.9624650479863815,0.9829621348398173,0.0006774310022592545,0.13333333333333333,alpha
2083,1.0,1.0,1.0,1.0,0.0006672265008091927,0.2,alpha
2084,0.7333333333333333,0.7333333333333333,0.8673174463543278,0.9386078086891197,0.0006960472092032433,0.0,alpha
2085,0.8666666666666667,0.8666666666666667,0.925109504660649,0.9644415844478432,0.0006811069324612617,0.3333333333333333,alpha
2086,0.8,0.8,0.8724624582604033,0.9375056687029035,0.0006745243445038795,0.13333333333333333,alpha
2087,1.0,1.0,1.0,1.0,0.0006814850494265556,0.4,alpha
2088,0.8666666666666667,0.8666666666666667,0.9403281550222966,0.9731529179051979,0.0006700912490487099,0.3333333333333333,alpha
2089,0.8,0.8,0.8724565650342091,0.93472159738964,0.0006687575951218605,0.06666666666666667,alpha
2090,0.9333333333333333,0.9333333333333333,0.9775139338663016,0.9896780661445135,0.0006690863519906998,0.06666666666666667,alpha
2091,1.0,1.0,1.0,1.0,0.0006684809923171997,0.26666666666666666,alpha
2092,1.0,1.0,1.0,1.0,0.0006559574976563454,0.0,alpha
2093,0.8666666666666667,0.8666666666666667,0.9052845510950905,0.9538806002255249,0.0006774077191948891,0.0,alpha
2094,0.8666666666666667,0.8666666666666667,0.9527556072482469,0.9784095842274905,0.0006871214136481285,0.13333333333333333,alpha
2095,0.9333333333333333,0.9333333333333333,0.9759261582029753,0.9887861078095702,0.0006525889039039612,0.0,alpha
2096,0.9333333333333333,0.9333333333333333,0.9808270437308864,0.9918539089740513,0.0006854450330138206,0.0,alpha
2097,1.0,1.0,1.0,1.0,0.0006640823557972908,0.2,alpha
2098,0.9333333333333333,0.9333333333333333,0.9751486532823889,0.9890752434723501,0.0006733154878020287,0.0,alpha
2099,0.8,0.8,0.8661123384598672,0.9318921998061331,0.0006571430712938309,0.0,alpha
2100,0.8,0.8,0.8936832961185873,0.9509285044842881,0.0006955889984965324,0.06666666666666667,alpha
2101,1.0,1.0,1.0,1.0,0.000683225691318512,0.0,alpha
2102,0.8666666666666667,0.8666666666666667,0.9618858851437571,0.9832469074524001,0.0006543025374412537,0.3333333333333333,alpha
2103,1.0,1.0,1.0,1.0,0.0006929691880941391,0.2,alpha
2104,0.6,0.6,0.7141188410857413,0.8389347693042709,0.0006742263212800026,0.06666666666666667,alpha
2105,0.8666666666666667,0.8666666666666667,0.9190385495336394,0.9613470500255211,0.0007092012092471123,0.06666666666666667,alpha
2106,1.0,1.0,1.0,1.0,0.0006822608411312103,0.0,alpha
2107,1.0,1.0,1.0,1.0,0.0006685713306069374,0.06666666666666667,alpha
2108,0.8,0.8,0.8514715975287613,0.926842214419298,0.0006645554676651955,0.0,alpha
2109,1.0,1.0,1.0,1.0,0.0006646802648901939,0.06666666666666667,alpha
2110,1.0,1.0,1.0,1.0,0.0006658090278506279,0.06666666666666667,alpha
2111,0.8,0.8,0.8459553320972336,0.9125901034371602,0.0006932290270924568,0.13333333333333333,alpha
2112,1.0,1.0,1.0,1.0,0.000650377944111824,0.13333333333333333,alpha
2113,0.8,0.8,0.9095528189171904,0.9559885856413939,0.000659075565636158,0.0,alpha
2114,0.8666666666666667,0.8666666666666667,0.9293569356072101,0.966870811189843,0.0007046796381473541,0.0,alpha
2115,1.0,1.0,1.0,1.0,0.000661088153719902,0.0,alpha
2116,1.0,1.0,1.0,1.0,0.0006797080859541893,0.0,alpha
2117,0.8666666666666667,0.8666666666666667,0.9547890070975545,0.9802465420787422,0.0006737355142831802,0.26666666666666666,alpha
2118,0.9333333333333333,0.9333333333333333,0.9640531277537118,0.9834393342124952,0.0006895698606967926,0.2,alpha
2119,0.9333333333333333,0.9333333333333333,0.9620153080104114,0.9824830128862445,0.000666297972202301,0.06666666666666667,alpha
2120,1.0,1.0,1.0,1.0,0.0006495136767625809,0.06666666666666667,alpha
2121,1.0,1.0,1.0,1.0,0.0006719809025526047,0.13333333333333333,alpha
2122,0.7333333333333333,0.7333333333333333,0.8979322209010284,0.9502540735775603,0.0006643328815698624,0.0,alpha
2123,1.0,1.0,1.0,1.0,0.0006470996886491776,0.06666666666666667,alpha
2124,0.8666666666666667,0.8666666666666667,0.9478180250550067,0.9763597284036406,0.0006874864920973778,0.0,alpha
2125,0.9333333333333333,0.9333333333333333,0.9896743101475484,0.9956173385394521,0.0006630588322877884,0.0,alpha
2126,0.6,0.6,0.736595338610387,0.8634100748932025,0.0006765872240066528,0.0,alpha
2127,1.0,1.0,1.0,1.0,0.0006667207926511765,0.13333333333333333,alpha
2128,1.0,1.0,1.0,1.0,0.0006616916507482529,0.0,alpha
2129,0.9333333333333333,0.9333333333333333,0.9670802753915781,0.9846540437493024,0.0006823698058724403,0.2,alpha
2130,0.8,0.8,0.9218634392112449,0.9641441312764488,0.0006551295518875122,0.0,alpha
2131,0.8666666666666667,0.8666666666666667,0.9310471628072624,0.9665913729313954,0.0007642637938261032,0.06666666666666667,alpha
2132,1.0,1.0,1.0,1.0,0.0006629461422562599,0.0,alpha
2133,1.0,1.0,1.0,1.0,0.000659450888633728,0.06666666666666667,alpha
2134,1.0,1.0,1.0,1.0,0.0007173530757427216,0.0,alpha
2135,0.9333333333333333,0.9333333333333333,0.9727697358751123,0.9878290711994817,0.0006594713777303696,0.06666666666666667,alpha
2136,0.8666666666666667,0.8666666666666667,0.9517813325153304,0.9778582865494835,0.0006816843524575233,0.26666666666666666,alpha
2137,0.8666666666666667,0.8666666666666667,0.9429504036012114,0.9751022271657306,0.0006601931527256966,0.06666666666666667,alpha
2138,0.9333333333333333,0.9333333333333333,0.9567143984433035,0.9797804932455703,0.0006631901487708092,0.0,alpha
2139,0.9333333333333333,0.9333333333333333,0.9831866843772111,0.9928536682262561,0.000654066912829876,0.0,alpha
2140,0.8,0.8,0.9108558132144273,0.9595505907714239,0.0006659403443336487,0.0,alpha
2141,0.7333333333333333,0.7333333333333333,0.8925117127384711,0.9499434367062158,0.000659547746181488,0.06666666666666667,alpha
2142,1.0,1.0,1.0,1.0,0.0006991289556026459,0.06666666666666667,alpha
2143,1.0,1.0,1.0,1.0,0.0006608171388506889,0.4666666666666667,alpha
2144,0.9333333333333333,0.9333333333333333,0.9693488248062172,0.986075164434703,0.0006769690662622452,0.26666666666666666,alpha
2145,1.0,1.0,1.0,1.0,0.0006826631724834442,0.0,alpha
2146,0.8,0.8,0.8492242159947438,0.9231373508344479,0.000650535337626934,0.0,alpha
2147,0.8,0.8,0.8710326393434317,0.9375160512030303,0.0006632208824157715,0.13333333333333333,alpha
2148,0.5333333333333333,0.5333333333333333,0.6102751707086894,0.736417592152621,0.0006712796166539192,0.13333333333333333,alpha
2149,1.0,1.0,1.0,1.0,0.0006612371653318405,0.2,alpha
2150,1.0,1.0,1.0,1.0,0.0006741052493453026,0.0,alpha
2151,0.9333333333333333,0.9333333333333333,0.9481759432078101,0.9745011382706964,0.0006547654047608376,0.0,alpha
2152,0.9333333333333333,0.9333333333333333,0.9603482769054951,0.9815949357000229,0.0006989743560552597,0.0,alpha
2153,0.9333333333333333,0.9333333333333333,0.9693088682606005,0.9861841637394161,0.0006661815568804741,0.26666666666666666,alpha
2154,1.0,1.0,1.0,1.0,0.0006794612854719162,0.26666666666666666,alpha
2155,0.6666666666666666,0.6666666666666666,0.8713497453636495,0.9368550964868158,0.0006668129935860634,0.0,alpha
2156,1.0,1.0,1.0,1.0,0.0006588967517018318,0.13333333333333333,alpha
2157,0.9333333333333333,0.9333333333333333,0.9855555557409621,0.9939564463513232,0.0006646839901804924,0.06666666666666667,alpha
2158,0.8666666666666667,0.8666666666666667,0.9513656924012248,0.9779592060184149,0.0006682751700282097,0.0,alpha
2159,0.9333333333333333,0.9333333333333333,0.9522312511259156,0.9770870166074676,0.0006771525368094444,0.0,alpha
2160,0.9333333333333333,0.9333333333333333,0.9559024361562088,0.9791446183002953,0.0006586629897356033,0.0,alpha
2161,1.0,1.0,1.0,1.0,0.0006622923538088799,0.13333333333333333,alpha
2162,1.0,1.0,1.0,1.0,0.0006838236004114151,0.4,alpha
2163,0.9333333333333333,0.9333333333333333,0.9878631184711713,0.9949691108698826,0.0006971536204218864,0.13333333333333333,alpha
2164,0.9333333333333333,0.9333333333333333,0.9529979411688425,0.9777991770770001,0.0006659356877207756,0.13333333333333333,alpha
2165,1.0,1.0,1.0,1.0,0.0006625046953558922,0.0,alpha
2166,1.0,1.0,1.0,1.0,0.0006576487794518471,0.2,alpha
2167,1.0,1.0,1.0,1.0,0.0006840229034423828,0.0,alpha
2168,0.8666666666666667,0.8666666666666667,0.9646604040022945,0.9838046770110583,0.0007014777511358261,0.06666666666666667,alpha
2169,1.0,1.0,1.0,1.0,0.0006657736375927925,0.06666666666666667,alpha
2170,0.8,0.8,0.686739482031359,0.6655258820639736,0.0006596799939870834,0.13333333333333333,alpha
2171,0.9333333333333333,0.9333333333333333,0.9733916606278689,0.9881801011872409,0.0006717750802636147,0.06666666666666667,alpha
2172,0.9333333333333333,0.9333333333333333,0.9973371500383894,0.9989142560076001,0.0006611598655581474,0.06666666666666667,alpha
2173,1.0,1.0,1.0,1.0,0.0006513083353638649,0.06666666666666667,alpha
2174,1.0,1.0,1.0,1.0,0.0006562750786542892,0.0,alpha
2175,0.8666666666666667,0.8666666666666667,0.9340544994560551,0.9704811832033002,0.0006591416895389557,0.2,alpha
2176,1.0,1.0,1.0,1.0,0.0006616776809096336,0.06666666666666667,alpha
2177,1.0,1.0,1.0,1.0,0.0006583966314792633,0.0,alpha
2178,0.9333333333333333,0.9333333333333333,0.9982511390727807,0.9992962034036852,0.0006709834560751915,0.0,alpha
2179,0.8,0.8,0.9611791919170518,0.9827827408001854,0.0006830748170614243,0.06666666666666667,alpha
2180,1.0,1.0,1.0,1.0,0.000651051290333271,0.06666666666666667,alpha
2181,1.0,1.0,1.0,1.0,0.0006676763296127319,0.3333333333333333,alpha
2182,1.0,1.0,1.0,1.0,0.0006631175056099892,0.0,alpha
2183,1.0,1.0,1.0,1.0,0.0006873132660984993,0.4,alpha
2184,0.9333333333333333,0.9333333333333333,0.9780266698342794,0.9902590190437845,0.000667329877614975,0.06666666666666667,alpha
2185,0.7333333333333333,0.7333333333333333,0.8239602697755568,0.9105052740462185,0.0006973706185817719,0.2,alpha
2186,1.0,1.0,1.0,1.0,0.0006516315042972565,0.0,alpha
2187,1.0,1.0,1.0,1.0,0.0006525013595819473,0.13333333333333333,alpha
2188,0.9333333333333333,0.9333333333333333,0.9613342727276198,0.9819626363744305,0.0006997734308242798,0.0,alpha
2189,1.0,1.0,1.0,1.0,0.0006689364090561867,0.06666666666666667,alpha
2190,0.8666666666666667,0.8666666666666667,0.6930549343552714,0.5994751068755579,0.0006585065275430679,0.0,alpha
2191,1.0,1.0,1.0,1.0,0.0006586769595742226,0.0,alpha
2192,0.7333333333333333,0.7333333333333333,0.8305872168562825,0.9161220703672331,0.0006722817197442055,0.0,alpha
2193,0.8666666666666667,0.8666666666666667,0.9640098900809932,0.9834459995871986,0.0006901482120156288,0.13333333333333333,alpha
2194,0.9333333333333333,0.9333333333333333,0.9616389238433278,0.9819926252497395,0.0006905458867549896,0.13333333333333333,alpha
2195,1.0,1.0,1.0,1.0,0.0006667999550700188,0.0,alpha
2196,1.0,1.0,1.0,1.0,0.0006612539291381836,0.6,alpha
2197,0.8666666666666667,0.8666666666666667,0.9127281094789718,0.9587549643756248,0.0006617698818445206,0.13333333333333333,alpha
2198,0.8666666666666667,0.8666666666666667,0.9713984263802401,0.987547269335695,0.000683516263961792,0.13333333333333333,alpha
2199,0.8666666666666667,0.8666666666666667,0.9696282124446887,0.9865535136824177,0.0006941752508282661,0.13333333333333333,alpha
2200,0.8666666666666667,0.8666666666666667,0.913558959555064,0.958752611746121,0.0006591882556676865,0.3333333333333333,alpha
2201,1.0,1.0,1.0,1.0,0.0007108747959136963,0.0,alpha
2202,1.0,1.0,1.0,1.0,0.0006926814094185829,0.0,alpha
2203,1.0,1.0,1.0,1.0,0.0006574327126145363,0.13333333333333333,alpha
2204,0.9333333333333333,0.9333333333333333,0.9795159645389049,0.9910961048383248,0.0006834426894783974,0.13333333333333333,alpha
2205,0.9333333333333333,0.9333333333333333,0.9619993674561882,0.9822227305980176,0.0006601754575967789,0.06666666666666667,alpha
2206,0.8666666666666667,0.8666666666666667,0.9396274455086703,0.9724597047808539,0.0006976453587412834,0.0,alpha
2207,1.0,1.0,1.0,1.0,0.0006684977561235428,0.06666666666666667,alpha
2208,0.9333333333333333,0.9333333333333333,0.9832062035409671,0.9925283637893828,0.0006551919505000114,0.06666666666666667,alpha
2209,0.8666666666666667,0.8666666666666667,0.9006592531411404,0.9472328978509127,0.0006584571674466133,0.0,alpha
2210,1.0,1.0,1.0,1.0,0.0006785159930586815,0.06666666666666667,alpha
2211,0.9333333333333333,0.9333333333333333,0.9925474029625417,0.9969796946757686,0.0006539644673466682,0.13333333333333333,alpha
2212,0.6666666666666666,0.6666666666666666,0.7958248435549039,0.8963804812506663,0.0006697224453091621,0.06666666666666667,alpha
2213,0.9333333333333333,0.9333333333333333,0.9738827223021487,0.9885325255980926,0.0006654625758528709,0.13333333333333333,alpha
2214,0.7333333333333333,0.7333333333333333,0.8395780136865119,0.9224261506516391,0.0006827116012573242,0.2,alpha
2215,0.8666666666666667,0.8666666666666667,0.9104800898877474,0.9567336020764127,0.0006699990481138229,0.06666666666666667,alpha
2216,0.9333333333333333,0.9333333333333333,0.9757806535704275,0.9895185649675731,0.0006606057286262512,0.0,alpha
2217,0.8,0.8,0.8517510682807654,0.9241875695237055,0.0006661219522356987,0.0,alpha
2218,0.8666666666666667,0.8666666666666667,0.9128056219713169,0.9580785894962742,0.0006618276238441467,0.06666666666666667,alpha
2219,1.0,1.0,1.0,1.0,0.0006806608289480209,0.2,alpha
2220,0.7333333333333333,0.7333333333333333,0.8783203102219902,0.9433679453559396,0.0006619393825531006,0.06666666666666667,alpha
2221,1.0,1.0,1.0,1.0,0.0006787097081542015,0.2,alpha
2222,1.0,1.0,1.0,1.0,0.0006644995883107185,0.06666666666666667,alpha
2223,1.0,1.0,1.0,1.0,0.0007062368094921112,0.06666666666666667,alpha
2224,0.9333333333333333,0.9333333333333333,0.9890858762244176,0.9954111283037954,0.0006989985704421997,0.06666666666666667,alpha
2225,1.0,1.0,1.0,1.0,0.0006558513268828392,0.0,alpha
2226,0.9333333333333333,0.9333333333333333,0.988126152835521,0.9950390738948989,0.0006805304437875748,0.0,alpha
2227,1.0,1.0,1.0,1.0,0.0006666239351034164,0.26666666666666666,alpha
2228,1.0,1.0,1.0,1.0,0.0006753010675311089,0.06666666666666667,alpha
2229,1.0,1.0,1.0,1.0,0.0006675580516457558,0.0,alpha
2230,1.0,1.0,1.0,1.0,0.0006648171693086624,0.06666666666666667,alpha
2231,0.7333333333333333,0.7333333333333333,0.8103156693712523,0.8969900185163351,0.0006628306582570076,0.0,alpha
2232,0.9333333333333333,0.9333333333333333,0.9720082621905836,0.9874563071418818,0.0006835330277681351,0.0,alpha
2233,0.8666666666666667,0.8666666666666667,0.9225174855319371,0.9631632284154703,0.0006716446951031685,0.0,alpha
2234,0.6,0.6,0.7848914301798982,0.8679181405664878,0.000652901828289032,0.0,alpha
2235,0.8666666666666667,0.8666666666666667,0.950561422971358,0.9780610345017883,0.0006727688014507294,0.0,alpha
2236,0.8666666666666667,0.8666666666666667,0.9090105656185792,0.9556853567932792,0.0006672944873571396,0.3333333333333333,alpha
2237,0.8666666666666667,0.8666666666666667,0.9372147623888372,0.9710298395515544,0.0006477991119027138,0.06666666666666667,alpha
2238,1.0,1.0,1.0,1.0,0.0006724055856466293,0.06666666666666667,alpha
2239,0.8666666666666667,0.8666666666666667,0.9280464612847631,0.9668613876647648,0.0006595076993107796,0.06666666666666667,alpha
2240,0.9333333333333333,0.9333333333333333,0.9625338237846631,0.9826250464522239,0.0006527481600642204,0.5333333333333333,alpha
2241,0.9333333333333333,0.9333333333333333,0.9781787205545065,0.9904607359595955,0.0006783176213502884,0.06666666666666667,alpha
2242,0.6666666666666666,0.6666666666666666,0.858440522978029,0.9162256747213694,0.0006563905626535416,0.0,alpha
2243,1.0,1.0,1.0,1.0,0.0006805676966905594,0.06666666666666667,alpha
2244,0.9333333333333333,0.9333333333333333,0.9806514260390155,0.9915531531342158,0.0006713671609759331,0.13333333333333333,alpha
2245,1.0,1.0,1.0,1.0,0.0006912834942340851,0.2,alpha
2246,0.8666666666666667,0.8666666666666667,0.9532295622098864,0.9792919453894579,0.0006772447377443314,0.26666666666666666,alpha
2247,0.8666666666666667,0.8666666666666667,0.940036840395938,0.973505121730242,0.0006644353270530701,0.13333333333333333,alpha
2248,1.0,1.0,1.0,1.0,0.0006657568737864494,0.06666666666666667,alpha
2249,0.8666666666666667,0.8666666666666667,0.9241017693598312,0.9649595527647481,0.0006747609004378319,0.0,alpha
2250,0.9333333333333333,0.9333333333333333,0.9780026300238727,0.9906371888143085,0.000696093775331974,0.06666666666666667,alpha
2251,1.0,1.0,1.0,1.0,0.0006982507184147835,0.0,alpha
2252,0.8,0.8,0.5954547333933379,0.6160254379450759,0.0006790440529584885,0.0,alpha
2253,0.5333333333333333,0.5333333333333333,0.5080569611463644,0.6384407621974239,0.0006574792787432671,0.06666666666666667,alpha
2254,1.0,1.0,1.0,1.0,0.000676020048558712,0.06666666666666667,alpha
2255,1.0,1.0,1.0,1.0,0.0006933100521564484,0.26666666666666666,alpha
2256,0.8666666666666667,0.8666666666666667,0.9236668986903026,0.964425349083464,0.0006657112389802933,0.0,alpha
2257,0.8666666666666667,0.8666666666666667,0.9487075785897491,0.9766330496241798,0.0006693024188280106,0.0,alpha
2258,0.8666666666666667,0.8666666666666667,0.9198714924713988,0.9616530125217828,0.0006808601319789886,0.06666666666666667,alpha
2259,0.8666666666666667,0.8666666666666667,0.9561099027800979,0.9797054004260818,0.0006537996232509613,0.0,alpha
2260,1.0,1.0,1.0,1.0,0.0006786966696381569,0.06666666666666667,alpha
2261,1.0,1.0,1.0,1.0,0.0006876178085803986,0.06666666666666667,alpha
2262,0.9333333333333333,0.9333333333333333,0.9962427561009006,0.9984978323764738,0.0006519295275211334,0.0,alpha
2263,0.8,0.8,0.8647288276550853,0.9346789833601707,0.0006704963743686676,0.13333333333333333,alpha
2264,0.6666666666666666,0.6666666666666666,0.7553419150616765,0.8579253595735581,0.000657692551612854,0.13333333333333333,alpha
2265,0.9333333333333333,0.9333333333333333,0.9787890584245974,0.9904975499736931,0.0007259156554937363,0.13333333333333333,alpha
2266,1.0,1.0,1.0,1.0,0.0006804615259170532,0.06666666666666667,alpha
2267,0.8,0.8,0.8811912596781886,0.9394050822071414,0.0006638336926698685,0.13333333333333333,alpha
2268,0.8666666666666667,0.8666666666666667,0.906729355436096,0.9506220509166222,0.0006897374987602234,0.0,alpha
2269,0.8666666666666667,0.8666666666666667,0.9240307340550112,0.9641436744826788,0.0006706006824970245,0.26666666666666666,alpha
2270,0.7333333333333333,0.7333333333333333,0.840549798499675,0.9216179729554766,0.0006467150524258614,0.06666666666666667,alpha
2271,1.0,1.0,1.0,1.0,0.000682394951581955,0.06666666666666667,alpha
2272,0.9333333333333333,0.9333333333333333,0.9553589773430985,0.978881202484605,0.0006724707782268524,0.4,alpha
2273,1.0,1.0,1.0,1.0,0.0006606066599488258,0.13333333333333333,alpha
2274,1.0,1.0,1.0,1.0,0.0006804196164011955,0.13333333333333333,alpha
2275,0.9333333333333333,0.9333333333333333,0.9483008228333828,0.9748767515885259,0.0006645563989877701,0.13333333333333333,alpha
2276,0.9333333333333333,0.9333333333333333,0.9776938728973054,0.9901014512702251,0.000683327205479145,0.13333333333333333,alpha
2277,0.8666666666666667,0.8666666666666667,0.9146323229830525,0.9597189908553821,0.0006625242531299591,0.13333333333333333,alpha
2278,1.0,1.0,1.0,1.0,0.0006531327962875366,0.06666666666666667,alpha
2279,0.8,0.8,0.916268921384822,0.960851565167332,0.0006817970424890518,0.06666666666666667,alpha
2280,0.9333333333333333,0.9333333333333333,0.9677764214035122,0.9848853952151363,0.0006815958768129349,0.0,alpha
2281,1.0,1.0,1.0,1.0,0.0006852829828858376,0.06666666666666667,alpha
2282,0.8,0.8,0.786711103602323,0.8651015952252153,0.0006632311269640923,0.0,alpha
2283,0.6666666666666666,0.6666666666666666,0.8206196455395413,0.9121223474778857,0.000661870464682579,0.0,alpha
2284,0.9333333333333333,0.9333333333333333,0.9683131680314493,0.9853571721876172,0.0006677284836769104,0.06666666666666667,alpha
2285,0.8666666666666667,0.8666666666666667,0.9222593992058579,0.9637016390038444,0.0006682584062218666,0.26666666666666666,alpha
2286,0.6666666666666666,0.6666666666666666,0.902709578513198,0.9546050279587017,0.0007331110537052155,0.0,alpha
2287,1.0,1.0,1.0,1.0,0.0006595002487301826,0.06666666666666667,alpha
2288,1.0,1.0,1.0,1.0,0.0006974944844841957,0.13333333333333333,alpha
2289,0.8,0.8,0.8772318360364181,0.9406222803647454,0.0006734058260917664,0.13333333333333333,alpha
2290,0.9333333333333333,0.9333333333333333,0.9785427199901346,0.9902474643275607,0.0006488608196377754,0.0,alpha
2291,1.0,1.0,1.0,1.0,0.0007051406428217888,0.13333333333333333,alpha
2292,0.9333333333333333,0.9333333333333333,0.9772674985781782,0.9901940221994165,0.0006617503240704536,0.0,alpha
2293,0.9333333333333333,0.9333333333333333,0.965652290474207,0.9847248315557752,0.0006958721205592155,0.06666666666666667,alpha
2294,1.0,1.0,1.0,1.0,0.0006685899570584297,0.3333333333333333,alpha
2295,0.9333333333333333,0.9333333333333333,0.9641460077076357,0.9829677036088967,0.0006558606401085854,0.13333333333333333,alpha
2296,0.9333333333333333,0.9333333333333333,0.9578795528669054,0.9799009953211952,0.0006706332787871361,0.0,alpha
2297,0.7333333333333333,0.7333333333333333,0.9074664170104771,0.9571384121978501,0.0006870673969388008,0.06666666666666667,alpha
2298,0.7333333333333333,0.7333333333333333,0.8687410022441063,0.9361785718072247,0.0006652083247900009,0.0,alpha
2299,0.9333333333333333,0.9333333333333333,0.9066844099498612,0.9421298285352717,0.0006630467250943184,0.0,alpha
2300,0.9333333333333333,0.9333333333333333,0.95064183583792,0.9763679602178728,0.0007004113867878914,0.13333333333333333,alpha
2301,1.0,1.0,1.0,1.0,0.0006543789058923721,0.2,alpha
2302,1.0,1.0,1.0,1.0,0.0006606811657547951,0.13333333333333333,alpha
2303,0.8,0.8,0.9352423187648933,0.9698993227171238,0.0006904518231749535,0.06666666666666667,alpha
2304,1.0,1.0,1.0,1.0,0.0006552403792738914,0.06666666666666667,alpha
2305,0.9333333333333333,0.9333333333333333,0.9633390920134086,0.9831767123563361,0.000660482794046402,0.0,alpha
2306,0.9333333333333333,0.9333333333333333,0.9852845923986796,0.9938360786467854,0.0006786705926060677,0.0,alpha
2307,0.8,0.8,0.9073059356246015,0.9583337298948127,0.000666455365717411,0.0,alpha
2308,0.7333333333333333,0.7333333333333333,0.9487784857291435,0.9772550298787092,0.0006968220695853233,0.0,alpha
2309,0.8666666666666667,0.8666666666666667,0.920888909169613,0.9626706272936201,0.000665733590722084,0.0,alpha
2310,0.8666666666666667,0.8666666666666667,0.9385440479212677,0.972117576349446,0.0006627412512898445,0.13333333333333333,alpha
2311,0.8666666666666667,0.8666666666666667,0.9948500442182603,0.9977723764866934,0.0006680693477392197,0.0,alpha
2312,0.9333333333333333,0.9333333333333333,0.992209538160801,0.9967403671489039,0.0006770873442292213,0.0,alpha
2313,1.0,1.0,1.0,1.0,0.0006743595004081726,0.06666666666666667,alpha
2314,1.0,1.0,1.0,1.0,0.0006741657853126526,0.3333333333333333,alpha
2315,1.0,1.0,1.0,1.0,0.0006528999656438828,0.0,alpha
2316,0.8,0.8,0.9158198633369241,0.9617601572312395,0.0006541972979903221,0.0,alpha
2317,0.9333333333333333,0.9333333333333333,0.9726169541486713,0.9875983044122914,0.0007068803533911705,0.06666666666666667,alpha
2318,0.8,0.8,0.8444819924788229,0.9209759115144194,0.0006776982918381691,0.0,alpha
2319,1.0,1.0,1.0,1.0,0.0006821379065513611,0.06666666666666667,alpha
2320,1.0,1.0,1.0,1.0,0.0006579272449016571,0.0,alpha
2321,0.6,0.6,0.7264736646173244,0.8465796883025072,0.0006567398086190224,0.13333333333333333,alpha
2322,0.6666666666666666,0.6666666666666666,0.8233517742570632,0.9144659473823145,0.0006886264309287071,0.06666666666666667,alpha
2323,0.8,0.8,0.8987182322717364,0.9527304366737165,0.000660196878015995,0.06666666666666667,alpha
2324,0.8666666666666667,0.8666666666666667,0.9510985361419741,0.9779560584813719,0.0006405282765626907,0.06666666666666667,alpha
2325,0.8666666666666667,0.8666666666666667,0.9474271003077631,0.9745691834663816,0.0006945682689547539,0.2,alpha
2326,0.9333333333333333,0.9333333333333333,0.9625155849360474,0.9828750861868053,0.0006625959649682045,0.06666666666666667,alpha
2327,1.0,1.0,1.0,1.0,0.000678427517414093,0.06666666666666667,alpha
2328,0.8666666666666667,0.8666666666666667,0.9650868136191719,0.9843698014100174,0.0006758598610758781,0.13333333333333333,alpha
2329,0.7333333333333333,0.7333333333333333,0.7439463605219809,0.7897533828432381,0.0006509926170110703,0.0,alpha
2330,0.7333333333333333,0.7333333333333333,0.8742450257200347,0.940697000708738,0.0006963219493627548,0.0,alpha
2331,0.5333333333333333,0.5333333333333333,0.6229241607028181,0.7838345762524239,0.0006641196087002754,0.13333333333333333,alpha
2332,1.0,1.0,1.0,1.0,0.0006943857297301292,0.06666666666666667,alpha
2333,0.8,0.8,0.9504606172162359,0.9786319117886669,0.0006684558466076851,0.0,alpha
2334,0.8666666666666667,0.8666666666666667,0.8984733830613046,0.9501772112135703,0.0006843190640211105,0.26666666666666666,alpha
2335,0.8666666666666667,0.8666666666666667,0.9183661592074633,0.9618408810997782,0.0006648795679211617,0.13333333333333333,alpha
2336,0.9333333333333333,0.9333333333333333,0.9581411850107883,0.9800633854860372,0.0006598653271794319,0.06666666666666667,alpha
2337,0.8666666666666667,0.8666666666666667,0.9567146724368064,0.9804725349475615,0.0006606262177228928,0.0,alpha
2338,1.0,1.0,1.0,1.0,0.0006570741534233093,0.13333333333333333,alpha
2339,0.9333333333333333,0.9333333333333333,0.9434680413440492,0.9717598382178614,0.0006725601851940155,0.0,alpha
2340,0.9333333333333333,0.9333333333333333,0.9742480822872933,0.9888925008072641,0.00067135039716959,0.06666666666666667,alpha
2341,1.0,1.0,1.0,1.0,0.0006541283801198006,0.2,alpha
2342,1.0,1.0,1.0,1.0,0.0006716344505548477,0.06666666666666667,alpha
2343,1.0,1.0,1.0,1.0,0.0006799809634685516,0.06666666666666667,alpha
2344,1.0,1.0,1.0,1.0,0.0006488356739282608,0.0,alpha
2345,1.0,1.0,1.0,1.0,0.0006930017843842506,0.13333333333333333,alpha
2346,0.4666666666666667,0.4666666666666667,0.5944701607159177,0.7780433182914065,0.0006692484021186829,0.06666666666666667,alpha
2347,0.8666666666666667,0.8666666666666667,0.9228148197262155,0.9638608374677698,0.0006615854799747467,0.0,alpha
2348,0.8666666666666667,0.8666666666666667,0.925773184803686,0.9652520088836165,0.0006840182468295097,0.2,alpha
2349,0.8666666666666667,0.8666666666666667,0.9249287250606365,0.9640873523101618,0.0006608208641409874,0.0,alpha
2350,0.8666666666666667,0.8666666666666667,0.9368161366197738,0.9708502007853382,0.0006710449233651161,0.26666666666666666,alpha
2351,0.8,0.8,0.8597603927948654,0.9312823501471387,0.0006795637309551239,0.13333333333333333,alpha
2352,0.9333333333333333,0.9333333333333333,0.9791069066482869,0.990906399996237,0.000657414086163044,0.0,alpha
2353,0.9333333333333333,0.9333333333333333,0.9690373811993164,0.9859264852474079,0.0006738658994436264,0.06666666666666667,alpha
2354,0.9333333333333333,0.9333333333333333,0.9626104479447873,0.9827190282931136,0.000662616454064846,0.06666666666666667,alpha
2355,0.8666666666666667,0.8666666666666667,0.9951888178346499,0.9980374741206675,0.0006440049037337303,0.06666666666666667,alpha
2356,1.0,1.0,1.0,1.0,0.0006728991866111755,0.0,alpha
2357,0.9333333333333333,0.9333333333333333,0.9387937895287828,0.968804444598143,0.0006634118035435677,0.2,alpha
2358,0.6666666666666666,0.6666666666666666,0.5559598720324699,0.5291663678653664,0.0006703771650791168,0.0,alpha
2359,0.8666666666666667,0.8666666666666667,0.9477956789763674,0.9764653555328465,0.0006998861208558083,0.2,alpha
2360,0.9333333333333333,0.9333333333333333,0.9781840690850306,0.9903924718996918,0.0006737196817994118,0.06666666666666667,alpha
2361,0.9333333333333333,0.9333333333333333,0.9593402119216048,0.9810606931370732,0.0006451159715652466,0.13333333333333333,alpha
2362,1.0,1.0,1.0,1.0,0.0006723059341311455,0.06666666666666667,alpha
2363,1.0,1.0,1.0,1.0,0.0006684809923171997,0.06666666666666667,alpha
2364,0.8,0.8,0.8951417912815328,0.9509241153115653,0.0006713410839438438,0.06666666666666667,alpha
2365,0.9333333333333333,0.9333333333333333,0.9447260315731454,0.9718438167534266,0.0006605861708521843,0.0,alpha
2366,1.0,1.0,1.0,1.0,0.0006506433710455894,0.26666666666666666,alpha
2367,0.7333333333333333,0.7333333333333333,0.850899061143821,0.9290318205843416,0.0006662346422672272,0.2,alpha
2368,1.0,1.0,1.0,1.0,0.0006608618423342705,0.26666666666666666,alpha
2369,0.9333333333333333,0.9333333333333333,0.9827300561451684,0.9925523378460416,0.0006879763677716255,0.0,alpha
2370,0.8,0.8,0.8634505455746044,0.9168651481304241,0.0006718114018440247,0.0,alpha
2371,1.0,1.0,1.0,1.0,0.0006559910252690315,0.13333333333333333,alpha
2372,1.0,1.0,1.0,1.0,0.0006616804748773575,0.0,alpha
2373,0.9333333333333333,0.9333333333333333,0.985616614180413,0.9936011560294442,0.0006644632667303085,0.0,alpha
2374,0.9333333333333333,0.9333333333333333,0.9775860806968284,0.9902670996721794,0.0006813928484916687,0.06666666666666667,alpha
2375,0.9333333333333333,0.9333333333333333,0.9794645748509745,0.9912341227055212,0.0006726561114192009,0.3333333333333333,alpha
2376,0.8666666666666667,0.8666666666666667,0.9075289130287684,0.9557836805744978,0.0006598532199859619,0.0,alpha
2377,0.9333333333333333,0.9333333333333333,0.9787213602796703,0.9909724740160241,0.0006959587335586548,0.0,alpha
2378,0.8,0.8,0.8648782106162652,0.9309405137684093,0.0006765034049749374,0.06666666666666667,alpha
2379,1.0,1.0,1.0,1.0,0.0007041795179247856,0.26666666666666666,alpha
2380,0.8666666666666667,0.8666666666666667,0.9017745759545867,0.9506776213183622,0.0006696321070194244,0.13333333333333333,alpha
2381,1.0,1.0,1.0,1.0,0.0006461134180426598,0.3333333333333333,alpha
2382,0.9333333333333333,0.9333333333333333,0.9663841823920123,0.98456150876608,0.0006787125021219254,0.13333333333333333,alpha
2383,1.0,1.0,1.0,1.0,0.0006684735417366028,0.06666666666666667,alpha
2384,1.0,1.0,1.0,1.0,0.0006448375061154366,0.26666666666666666,alpha
2385,1.0,1.0,1.0,1.0,0.0006712954491376877,0.0,alpha
2386,0.9333333333333333,0.9333333333333333,0.9745380981788898,0.988335923304662,0.0006539933383464813,0.13333333333333333,alpha
2387,0.8666666666666667,0.8666666666666667,0.9224635773897522,0.9636352747304026,0.0006379503756761551,0.0,alpha
2388,0.7333333333333333,0.7333333333333333,0.7984585870211173,0.8926253967023259,0.0006873086094856262,0.13333333333333333,alpha
2389,0.7333333333333333,0.7333333333333333,0.9124502639496918,0.9591125974608017,0.0006775679066777229,0.06666666666666667,alpha
2390,1.0,1.0,1.0,1.0,0.0006608152762055397,0.06666666666666667,alpha
2391,1.0,1.0,1.0,1.0,0.0006788764148950577,0.26666666666666666,alpha
2392,0.7333333333333333,0.7333333333333333,0.7933047398489668,0.8953737124489024,0.0006666593253612518,0.26666666666666666,alpha
2393,0.8,0.8,0.874030948094196,0.9363747951829808,0.000662434846162796,0.06666666666666667,alpha
2394,0.9333333333333333,0.9333333333333333,0.9943618121623758,0.9976604609766223,0.0006750458851456642,0.13333333333333333,alpha
2395,0.8666666666666667,0.8666666666666667,0.9072382045579266,0.9559958356468711,0.0006622364744544029,0.0,alpha
2396,0.9333333333333333,0.9333333333333333,0.9611939810249237,0.9819137818141344,0.0006605572998523712,0.06666666666666667,alpha
2397,1.0,1.0,1.0,1.0,0.0007144585251808167,0.26666666666666666,alpha
2398,0.6666666666666666,0.6666666666666666,0.8353869678189398,0.9203591265790741,0.0006617764011025429,0.0,alpha
2399,0.9333333333333333,0.9333333333333333,0.9422280701255881,0.9696396141942878,0.0006610918790102005,0.0,alpha
2400,0.9333333333333333,0.9333333333333333,0.9698073109039997,0.9861060142201118,0.0006935270503163338,0.06666666666666667,alpha
2401,1.0,1.0,1.0,1.0,0.0006491290405392647,0.13333333333333333,alpha
2402,1.0,1.0,1.0,1.0,0.0006850250065326691,0.2,alpha
2403,1.0,1.0,1.0,1.0,0.0006618518382310867,0.13333333333333333,alpha
2404,1.0,1.0,1.0,1.0,0.0006561279296875,0.0,alpha
2405,1.0,1.0,1.0,1.0,0.0006818380206823349,0.2,alpha
2406,0.9333333333333333,0.9333333333333333,0.9716993263178818,0.9875066557269272,0.000654132105410099,0.13333333333333333,alpha
2407,0.9333333333333333,0.9333333333333333,0.985553768665207,0.9938382548968202,0.0006861211732029915,0.06666666666666667,alpha
2408,0.7333333333333333,0.7333333333333333,0.8437852260856916,0.921435831343272,0.0006699478253722191,0.0,alpha
2409,0.8666666666666667,0.8666666666666667,0.9516063033237706,0.9786139754246501,0.0006695901975035667,0.06666666666666667,alpha
2410,0.9333333333333333,0.9333333333333333,0.9546272340708537,0.9786666723333324,0.0006637498736381531,0.06666666666666667,alpha
2411,0.9333333333333333,0.9333333333333333,0.9529839223912218,0.9775366775252297,0.0006712721660733223,0.0,alpha
2412,0.9333333333333333,0.9333333333333333,0.9921331010155209,0.9967904289756105,0.0006527910009026527,0.13333333333333333,alpha
2413,1.0,1.0,1.0,1.0,0.0007036849856376648,0.06666666666666667,alpha
2414,0.9333333333333333,0.9333333333333333,0.979845738836128,0.9905174514856903,0.0006812345236539841,0.06666666666666667,alpha
2415,1.0,1.0,1.0,1.0,0.0006471620872616768,0.0,alpha
2416,0.9333333333333333,0.9333333333333333,0.9774597788341133,0.9899887155000179,0.000674000009894371,0.2,alpha
2417,1.0,1.0,1.0,1.0,0.0006787339225411415,0.2,alpha
2418,1.0,1.0,1.0,1.0,0.0006572902202606201,0.06666666666666667,alpha
2419,1.0,1.0,1.0,1.0,0.000660015270113945,0.06666666666666667,alpha
2420,0.8,0.8,0.8900466960011105,0.9489243567221883,0.0006695203483104706,0.2,alpha
2421,0.9333333333333333,0.9333333333333333,0.9710477790524346,0.9873214597367515,0.0006596297025680542,0.06666666666666667,alpha
2422,0.8,0.8,0.8783966450897905,0.9426403640977871,0.0006524119526147842,0.13333333333333333,alpha
2423,0.9333333333333333,0.9333333333333333,0.9505454672109517,0.9756845518830661,0.0006684428080916405,0.0,alpha
2424,0.9333333333333333,0.9333333333333333,0.9786016534894283,0.990698718661342,0.0006576161831617355,0.06666666666666667,alpha
2425,1.0,1.0,1.0,1.0,0.0006554750725626945,0.26666666666666666,alpha
2426,0.8666666666666667,0.8666666666666667,0.8939813056533873,0.9373368930179258,0.0006811516359448433,0.0,alpha
2427,0.9333333333333333,0.9333333333333333,0.9705816735762803,0.986833527339927,0.0006597721949219704,0.0,alpha
2428,0.9333333333333333,0.9333333333333333,0.9792984334048409,0.9909494974912322,0.0006646215915679932,0.06666666666666667,alpha
2429,0.9333333333333333,0.9333333333333333,0.9660540895182967,0.9847932427865778,0.0006592841818928719,0.0,alpha
2430,0.9333333333333333,0.9333333333333333,0.9810887019637811,0.9919345557092318,0.000649675726890564,0.2,alpha
2431,1.0,1.0,1.0,1.0,0.0007281685248017311,0.0,alpha
2432,0.8,0.8,0.9120892485647576,0.9588070381654571,0.0006572520360350609,0.06666666666666667,alpha
2433,0.9333333333333333,0.9333333333333333,0.9673888446574065,0.9851060862128388,0.0006802482530474663,0.0,alpha
2434,1.0,1.0,1.0,1.0,0.0006699152290821075,0.13333333333333333,alpha
2435,0.9333333333333333,0.9333333333333333,0.9751149065682273,0.9893415694837224,0.0007042428478598595,0.0,alpha
2436,0.8666666666666667,0.8666666666666667,0.9141054820552493,0.9593340371445627,0.0007115062326192856,0.4,alpha
2437,0.9333333333333333,0.9333333333333333,0.9718911584762607,0.9874393147973534,0.0006729913875460625,0.26666666666666666,alpha
2438,0.8666666666666667,0.8666666666666667,0.9790093677402217,0.9912336121910705,0.0006663333624601364,0.06666666666666667,alpha
2439,0.8666666666666667,0.8666666666666667,0.9596874577597565,0.9822895898769327,0.0006601521745324135,0.13333333333333333,alpha
2440,1.0,1.0,1.0,1.0,0.0006643254309892654,0.13333333333333333,alpha
2441,0.7333333333333333,0.7333333333333333,0.9123214523379967,0.959547452167908,0.0006630858406424522,0.0,alpha
2442,0.9333333333333333,0.9333333333333333,0.9598135336231094,0.9816868072924784,0.0006736507639288902,0.13333333333333333,alpha
2443,0.9333333333333333,0.9333333333333333,0.9814570217626345,0.9917554265321157,0.0006504645571112633,0.06666666666666667,alpha
2444,1.0,1.0,1.0,1.0,0.0006528003141283989,0.0,alpha
2445,1.0,1.0,1.0,1.0,0.0006738696247339249,0.06666666666666667,alpha
2446,1.0,1.0,1.0,1.0,0.0006595421582460403,0.06666666666666667,alpha
2447,0.9333333333333333,0.9333333333333333,0.8539149570935393,0.894641596995734,0.0006807968020439148,0.0,alpha
2448,0.8666666666666667,0.8666666666666667,0.9196153797326387,0.9604335870536286,0.0006715282797813416,0.0,alpha
2449,1.0,1.0,1.0,1.0,0.000680508092045784,0.0,alpha
2450,0.7333333333333333,0.7333333333333333,0.8553937770447794,0.9322532357972333,0.0006703594699501991,0.06666666666666667,alpha
2451,1.0,1.0,1.0,1.0,0.0006660521030426025,0.26666666666666666,alpha
2452,0.9333333333333333,0.9333333333333333,0.9910039266910533,0.9961685778594334,0.0006517702713608742,0.0,alpha
2453,0.8666666666666667,0.8666666666666667,0.92937776895776,0.9665943923243723,0.0006935270503163338,0.06666666666666667,alpha
2454,0.7333333333333333,0.7333333333333333,0.8547459377485571,0.9323334161481376,0.0006886161863803864,0.26666666666666666,alpha
2455,0.8666666666666667,0.8666666666666667,0.9487347999302772,0.9770143964399818,0.0006684809923171997,0.13333333333333333,alpha
2456,0.8,0.8,0.8728023544550062,0.9384173117502478,0.000736478716135025,0.0,alpha
2457,0.8666666666666667,0.8666666666666667,0.9271051595890116,0.9667331443273889,0.0006677340716123581,0.13333333333333333,alpha
2458,0.9333333333333333,0.9333333333333333,0.988703766921459,0.9952246844335637,0.0006643729284405708,0.2,alpha
2459,0.9333333333333333,0.9333333333333333,0.9618965827134907,0.9825448702130755,0.0006900783628225327,0.0,alpha
2460,0.8666666666666667,0.8666666666666667,0.8982241176604686,0.9491237161054481,0.0006623808294534683,0.06666666666666667,alpha
2461,0.9333333333333333,0.9333333333333333,0.7440423178326366,0.7466549290226869,0.0006759576499462128,0.0,alpha
2462,0.8666666666666667,0.8666666666666667,0.9513348807699517,0.9779879335616777,0.0006833858788013458,0.13333333333333333,alpha
2463,0.4,0.4,0.5347498606526231,0.7205864441145232,0.0006521651521325111,0.13333333333333333,alpha
2464,0.8666666666666667,0.8666666666666667,0.8258637122118729,0.8803916372199505,0.0006739133968949318,0.13333333333333333,alpha
2465,0.8666666666666667,0.8666666666666667,0.9486063243234881,0.9769813603273055,0.0006684865802526474,0.2,alpha
2466,0.6666666666666666,0.6666666666666666,0.7618144155371455,0.8779763420707934,0.0006749629974365234,0.0,alpha
2467,1.0,1.0,1.0,1.0,0.0006919046863913536,0.0,alpha
2468,0.9333333333333333,0.9333333333333333,0.9633300001723581,0.9834245797255283,0.0006776368245482445,0.0,alpha
2469,1.0,1.0,1.0,1.0,0.0006704758852720261,0.0,alpha
2470,1.0,1.0,1.0,1.0,0.0006604669615626335,0.2,alpha
2471,0.9333333333333333,0.9333333333333333,0.980118072917651,0.99119700244143,0.0006802119314670563,0.06666666666666667,alpha
2472,1.0,1.0,1.0,1.0,0.0006680311635136604,0.06666666666666667,alpha
2473,1.0,1.0,1.0,1.0,0.0006762994453310966,0.0,alpha
2474,0.6,0.6,0.6896460536263189,0.838083456300182,0.0006590075790882111,0.0,alpha
2475,0.8666666666666667,0.8666666666666667,0.8883501298679306,0.9434928951796862,0.0006692502647638321,0.0,alpha
2476,1.0,1.0,1.0,1.0,0.000684250146150589,0.06666666666666667,alpha
2477,1.0,1.0,1.0,1.0,0.000657728873193264,0.4,alpha
2478,0.8666666666666667,0.8666666666666667,0.7035903076259646,0.597783061804719,0.0006545428186655045,0.2,alpha
2479,0.9333333333333333,0.9333333333333333,0.9418933186753624,0.9694418661581435,0.000693734735250473,0.06666666666666667,alpha
2480,1.0,1.0,1.0,1.0,0.000655490905046463,0.13333333333333333,alpha
2481,0.8,0.8,0.8588354743627913,0.9279308106814297,0.0006543919444084167,0.0,alpha
2482,0.8,0.8,0.8812540971722908,0.9424080284464456,0.0006788875907659531,0.06666666666666667,alpha
2483,0.8666666666666667,0.8666666666666667,0.9260650442353819,0.9644469575019168,0.0006535537540912628,0.0,alpha
2484,0.8666666666666667,0.8666666666666667,0.9652089453253124,0.9843608836190246,0.0006797453388571739,0.0,alpha
2485,0.9333333333333333,0.9333333333333333,0.9623965397274902,0.9825775321215021,0.0006983969360589981,0.0,alpha
2486,0.8,0.8,0.9242963303872522,0.9665240816295807,0.0006744042038917542,0.06666666666666667,alpha
2487,0.8666666666666667,0.8666666666666667,0.9044894468918603,0.952039639471755,0.0006694281473755836,0.06666666666666667,alpha
2488,0.8666666666666667,0.8666666666666667,0.9534340577848834,0.9796174090292583,0.0007026344537734985,0.0,alpha
2489,1.0,1.0,1.0,1.0,0.0006654579192399979,0.06666666666666667,alpha
2490,0.6666666666666666,0.6666666666666666,0.8633074761890026,0.935174090955294,0.000667821615934372,0.06666666666666667,alpha
2491,0.8666666666666667,0.8666666666666667,0.9252794763425788,0.9656643169991869,0.0006587347015738487,0.06666666666666667,alpha
2492,0.9333333333333333,0.9333333333333333,0.9519193796312427,0.9769674956513306,0.0006604548543691635,0.13333333333333333,alpha
2493,0.9333333333333333,0.9333333333333333,0.9701769894651626,0.9862237592752259,0.0006902944296598434,0.06666666666666667,alpha
2494,1.0,1.0,1.0,1.0,0.0006700512021780014,0.4,alpha
2495,1.0,1.0,1.0,1.0,0.0006716931238770485,0.0,alpha
2496,0.8666666666666667,0.8666666666666667,0.8912166408042468,0.9364413403579075,0.0006694337353110313,0.0,alpha
2497,0.8666666666666667,0.8666666666666667,0.9405046059635473,0.9729655965339131,0.0006522973999381065,0.06666666666666667,alpha
2498,1.0,1.0,1.0,1.0,0.000658055767416954,0.2,alpha
2499,0.8666666666666667,0.8666666666666667,0.9342609180863042,0.970200596369472,0.0007042847573757172,0.0,alpha
2500,0.8,0.8,0.9108608198932745,0.9591923712010789,0.0006584199145436287,0.0,alpha
2501,0.8666666666666667,0.8666666666666667,0.9581522133265498,0.9813720321308915,0.0006545726209878922,0.06666666666666667,alpha
2502,1.0,1.0,1.0,1.0,0.0006814822554588318,0.2,alpha
2503,0.8,0.8,0.9279845435032799,0.9681178416128225,0.0006612129509449005,0.13333333333333333,alpha
2504,0.8666666666666667,0.8666666666666667,0.9571566329299652,0.9790295332623524,0.0006987890228629112,0.13333333333333333,alpha
2505,0.9333333333333333,0.9333333333333333,0.9719480145325711,0.9877232787160007,0.0006662057712674141,0.0,alpha
2506,0.9333333333333333,0.9333333333333333,0.9792554322653169,0.9910026593281342,0.0006636288017034531,0.13333333333333333,alpha
2507,0.8,0.8,0.8769252616508157,0.9395106765680232,0.000678294338285923,0.13333333333333333,alpha
2508,0.9333333333333333,0.9333333333333333,0.962475043202357,0.9825984954871584,0.0006592264398932457,0.13333333333333333,alpha
2509,0.8666666666666667,0.8666666666666667,0.9493967123439586,0.9761157246364267,0.0006555523723363876,0.13333333333333333,alpha
2510,1.0,1.0,1.0,1.0,0.0007015075534582138,0.2,alpha
2511,0.7333333333333333,0.7333333333333333,0.7373499819250966,0.8278316997171096,0.0006604893133044243,0.0,alpha
2512,1.0,1.0,1.0,1.0,0.0006972998380661011,0.26666666666666666,alpha
2513,0.9333333333333333,0.9333333333333333,0.980030814576098,0.9914851673828059,0.0006798291578888893,0.2,alpha
2514,0.8666666666666667,0.8666666666666667,0.9683854213404338,0.9864491679496069,0.0006749797612428665,0.26666666666666666,alpha
2515,1.0,1.0,1.0,1.0,0.000662539154291153,0.2,alpha
2516,0.9333333333333333,0.9333333333333333,0.9760366107134495,0.9894897267934875,0.0006884327158331871,0.3333333333333333,alpha
2517,0.8666666666666667,0.8666666666666667,0.823771126354814,0.8852308267056688,0.0006637722253799438,0.06666666666666667,alpha
2518,0.8,0.8,0.9081342431824,0.9571937212236807,0.0006913403049111366,0.0,alpha
2519,0.8,0.8,0.8915807574469687,0.9495946671188407,0.000676286406815052,0.06666666666666667,alpha
2520,0.9333333333333333,0.9333333333333333,0.979596280074851,0.9910823418900968,0.0006593009456992149,0.06666666666666667,alpha
2521,0.6666666666666666,0.6666666666666666,0.7565838545732865,0.8737251809371042,0.0007177554070949554,0.0,alpha
2522,0.9333333333333333,0.9333333333333333,0.9816590598288634,0.9919459871394869,0.0006660111248493195,0.0,alpha
2523,1.0,1.0,1.0,1.0,0.0006667207926511765,0.06666666666666667,alpha
2524,0.9333333333333333,0.9333333333333333,0.9918483901289791,0.9965027315361346,0.0006942879408597946,0.0,alpha
2525,1.0,1.0,1.0,1.0,0.0006499635055661201,0.13333333333333333,alpha
2526,0.9333333333333333,0.9333333333333333,0.974429955543137,0.9882009007259831,0.0006988383829593658,0.0,alpha
2527,0.8666666666666667,0.8666666666666667,0.9183203538325496,0.961774197245709,0.0006724130362272263,0.2,alpha
2528,0.8666666666666667,0.8666666666666667,0.959626802376835,0.9820669866245677,0.0006566159427165985,0.13333333333333333,alpha
2529,0.7333333333333333,0.7333333333333333,0.9005589984866277,0.9555573122423225,0.0007073516026139259,0.0,alpha
2530,1.0,1.0,1.0,1.0,0.0006566643714904785,0.13333333333333333,alpha
2531,1.0,1.0,1.0,1.0,0.0006687324494123459,0.2,alpha
2532,1.0,1.0,1.0,1.0,0.0006898334249854088,0.2,alpha
2533,1.0,1.0,1.0,1.0,0.0006638430058956146,0.26666666666666666,alpha
2534,1.0,1.0,1.0,1.0,0.0006736097857356071,0.2,alpha
2535,0.5333333333333333,0.5333333333333333,0.6423598009651669,0.7958940547181903,0.0006800740957260132,0.06666666666666667,alpha
2536,0.9333333333333333,0.9333333333333333,0.9836368225003254,0.9928991680882324,0.0006552515551447868,0.0,alpha
2537,0.8,0.8,0.9468797806469357,0.977253705791137,0.0006817551329731941,0.0,alpha
2538,1.0,1.0,1.0,1.0,0.0006690695881843567,0.4666666666666667,alpha
2539,0.8,0.8,0.9060406722865574,0.9566117338343573,0.000647418200969696,0.0,alpha
2540,0.8,0.8,0.8497717316005444,0.9174935513279864,0.0006744740530848503,0.06666666666666667,alpha
2541,0.8,0.8,0.8686178282979747,0.9364332952533727,0.0006665987893939018,0.13333333333333333,alpha
2542,0.8,0.8,0.8655832613616053,0.9337085120371126,0.0006564231589436531,0.06666666666666667,alpha
2543,0.8666666666666667,0.8666666666666667,0.9542426110274314,0.9787272769412986,0.0006693573668599129,0.0,alpha
2544,0.8666666666666667,0.8666666666666667,0.8931992916910332,0.946084787822177,0.0006546201184391975,0.0,alpha
2545,0.8,0.8,0.8702901448346286,0.9376215277292139,0.0006630402058362961,0.0,alpha
2546,1.0,1.0,1.0,1.0,0.000669269822537899,0.06666666666666667,alpha
2547,1.0,1.0,1.0,1.0,0.0006781537085771561,0.13333333333333333,alpha
2548,0.8,0.8,0.8590163268652694,0.9308659782102263,0.0006722165271639824,0.06666666666666667,alpha
2549,0.9333333333333333,0.9333333333333333,0.9613758005470897,0.9816796049312849,0.0006884448230266571,0.2,alpha
2550,1.0,1.0,1.0,1.0,0.0006551500409841537,0.13333333333333333,alpha
2551,1.0,1.0,1.0,1.0,0.0006590625271201134,0.13333333333333333,alpha
2552,0.8666666666666667,0.8666666666666667,0.9231600229253247,0.9639283097815418,0.0006812447682023048,0.06666666666666667,alpha
2553,1.0,1.0,1.0,1.0,0.0006603552028536797,0.0,alpha
2554,0.9333333333333333,0.9333333333333333,0.96017467882943,0.9813925786901327,0.000696028582751751,0.0,alpha
2555,1.0,1.0,1.0,1.0,0.0006801048293709755,0.13333333333333333,alpha
2556,0.8666666666666667,0.8666666666666667,0.9729765105023347,0.9886536427564317,0.0006484435871243477,0.06666666666666667,alpha
2557,0.9333333333333333,0.9333333333333333,0.9514688993562849,0.9769590658355443,0.0006744423881173134,0.13333333333333333,alpha
2558,0.7333333333333333,0.7333333333333333,0.9340163717172522,0.970637850316624,0.0006599947810173035,0.06666666666666667,alpha
2559,0.7333333333333333,0.7333333333333333,0.8807567377731013,0.9418322359330539,0.000674830749630928,0.0,alpha
2560,1.0,1.0,1.0,1.0,0.0007043266668915749,0.06666666666666667,alpha
2561,1.0,1.0,1.0,1.0,0.0006874687969684601,0.2,alpha
2562,0.8666666666666667,0.8666666666666667,0.9178490491253152,0.9614872094793704,0.0006842371076345444,0.0,alpha
2563,0.8666666666666667,0.8666666666666667,0.9253206994666562,0.9651061323968134,0.0006730789318680763,0.0,alpha
2564,0.9333333333333333,0.9333333333333333,0.963750557912187,0.9838473605843108,0.0006555495783686638,0.13333333333333333,alpha
2565,1.0,1.0,1.0,1.0,0.0006614932790398598,0.13333333333333333,alpha
2566,0.8666666666666667,0.8666666666666667,0.8958035827897336,0.9470883934446532,0.000694633461534977,0.3333333333333333,alpha
2567,1.0,1.0,1.0,1.0,0.0006627608090639114,0.13333333333333333,alpha
2568,0.9333333333333333,0.9333333333333333,0.9892203180430941,0.9953285162609344,0.0006965547800064087,0.06666666666666667,alpha
2569,0.9333333333333333,0.9333333333333333,0.969580667315556,0.9860313430657431,0.0006837267428636551,0.4,alpha
2570,0.8666666666666667,0.8666666666666667,0.9733854556188655,0.9880254463919661,0.0006603449583053589,0.13333333333333333,alpha
2571,0.8,0.8,0.9081414761993166,0.9574050164554195,0.0006743259727954865,0.06666666666666667,alpha
2572,1.0,1.0,1.0,1.0,0.0006959037855267525,0.2,alpha
2573,0.8666666666666667,0.8666666666666667,0.931514252290789,0.9671696769985713,0.0006854217499494553,0.06666666666666667,alpha
2574,1.0,1.0,1.0,1.0,0.0006664954125881195,0.26666666666666666,alpha
2575,1.0,1.0,1.0,1.0,0.0006688721477985382,0.13333333333333333,alpha
2576,0.8666666666666667,0.8666666666666667,0.9021355480404435,0.9500634390760007,0.0006629247218370438,0.3333333333333333,alpha
2577,1.0,1.0,1.0,1.0,0.0007027564570307732,0.0,alpha
2578,0.6666666666666666,0.6666666666666666,0.7507512926020136,0.8736025188819967,0.0006580790504813194,0.06666666666666667,alpha
2579,1.0,1.0,1.0,1.0,0.0006567435339093208,0.06666666666666667,alpha
2580,0.9333333333333333,0.9333333333333333,0.9357514720721978,0.9663528659086144,0.0007096724584698677,0.06666666666666667,alpha
2581,1.0,1.0,1.0,1.0,0.0006640711799263954,0.06666666666666667,alpha
2582,1.0,1.0,1.0,1.0,0.0006764158606529236,0.13333333333333333,alpha
2583,0.9333333333333333,0.9333333333333333,0.9763768001276888,0.9897979656765329,0.0006587058305740356,0.06666666666666667,alpha
2584,1.0,1.0,1.0,1.0,0.0006820820271968842,0.06666666666666667,alpha
2585,0.7333333333333333,0.7333333333333333,0.8540590927273874,0.9276858675935998,0.0006695007905364037,0.0,alpha
2586,0.8,0.8,0.8828311130573688,0.9414147690037047,0.0006674965843558311,0.06666666666666667,alpha
2587,0.8666666666666667,0.8666666666666667,0.9771064677153997,0.9901063686154095,0.0006944267079234123,0.2,alpha
2588,1.0,1.0,1.0,1.0,0.0006727613508701324,0.13333333333333333,alpha
2589,0.9333333333333333,0.9333333333333333,0.9799731764832712,0.9913616796599228,0.000672902911901474,0.4,alpha
2590,1.0,1.0,1.0,1.0,0.0006641782820224762,0.06666666666666667,alpha
2591,0.8666666666666667,0.8666666666666667,0.9306264134973203,0.9681381317970499,0.0007135365158319473,0.06666666666666667,alpha
2592,0.7333333333333333,0.7333333333333333,0.870025157257196,0.9379698120475671,0.0006796102970838547,0.13333333333333333,alpha
2593,0.9333333333333333,0.9333333333333333,0.9861971884734798,0.9940401881951271,0.0006776284426450729,0.06666666666666667,alpha
2594,0.6,0.6,0.7232690049598313,0.8583128079940647,0.0006607882678508759,0.0,alpha
2595,0.8666666666666667,0.8666666666666667,0.9557570712481971,0.9800244773600784,0.0006620641797780991,0.06666666666666667,alpha
2596,0.4,0.4,0.49358987628736484,0.659723976832705,0.0007035182788968086,0.06666666666666667,alpha
2597,1.0,1.0,1.0,1.0,0.0006491933017969131,0.13333333333333333,alpha
2598,1.0,1.0,1.0,1.0,0.0006566848605871201,0.4666666666666667,alpha
2599,1.0,1.0,1.0,1.0,0.000672624446451664,0.13333333333333333,alpha
2600,0.6,0.6,0.9334140941615761,0.9679454064929206,0.0006566047668457031,0.0,alpha
2601,0.4,0.4,0.5208087566620123,0.6356442211643275,0.0006748270243406296,0.0,alpha
2602,1.0,1.0,1.0,1.0,0.0006745206192135811,0.2,alpha
2603,0.6666666666666666,0.6666666666666666,0.8939686346494412,0.9449609844767327,0.000653599388897419,0.0,alpha
2604,0.9333333333333333,0.9333333333333333,0.9653454712243479,0.984107188129655,0.000684778206050396,0.13333333333333333,alpha
2605,0.7333333333333333,0.7333333333333333,0.8510785050522659,0.9256485115844054,0.0006652325391769409,0.06666666666666667,alpha
2606,1.0,1.0,1.0,1.0,0.0006651869043707848,0.0,alpha
2607,0.7333333333333333,0.7333333333333333,0.9085596586284512,0.9581077401137279,0.0006666434928774834,0.0,alpha
2608,1.0,1.0,1.0,1.0,0.0006616096943616867,0.0,alpha
2609,0.8666666666666667,0.8666666666666667,0.9451312618779968,0.9746977337475962,0.0006882557645440102,0.13333333333333333,alpha
2610,0.7333333333333333,0.7333333333333333,0.9371496209606356,0.9710403835122959,0.0006611989811062813,0.13333333333333333,alpha
2611,0.8666666666666667,0.8666666666666667,0.9654068593335419,0.9850221949699023,0.000662325881421566,0.2,alpha
2612,0.7333333333333333,0.7333333333333333,0.8408357897385413,0.9234042426179628,0.0006890613585710526,0.06666666666666667,alpha
2613,0.8666666666666667,0.8666666666666667,0.9829891167713201,0.9925977832476076,0.0006579002365469933,0.06666666666666667,alpha
2614,0.8666666666666667,0.8666666666666667,0.9545411807121875,0.9796652187350703,0.000645211897790432,0.13333333333333333,alpha
2615,0.8,0.8,0.7368757162458366,0.8159698431003087,0.0006673960015177727,0.06666666666666667,alpha
2616,0.6666666666666666,0.6666666666666666,0.8646042412870015,0.9373880343511817,0.0007059304043650627,0.06666666666666667,alpha
2617,0.9333333333333333,0.9333333333333333,0.9527167551694969,0.9774634616327512,0.0006779702380299568,0.0,alpha
2618,0.8666666666666667,0.8666666666666667,0.9581782996338782,0.9812680200858864,0.0006624916568398476,0.13333333333333333,alpha
2619,0.6666666666666666,0.6666666666666666,0.8953931103081385,0.9517672771714858,0.0006718141958117485,0.0,alpha
2620,0.9333333333333333,0.9333333333333333,0.8935225942845005,0.9251400519452748,0.0006564352661371231,0.0,alpha
2621,0.9333333333333333,0.9333333333333333,0.968771039083086,0.9857488616101782,0.000684710219502449,0.0,alpha
2622,0.9333333333333333,0.9333333333333333,0.9595558550109495,0.9801387600954642,0.0006908038631081581,0.0,alpha
2623,0.9333333333333333,0.9333333333333333,0.9609397696218287,0.9818645506551066,0.000652458518743515,0.06666666666666667,alpha
2624,0.7333333333333333,0.7333333333333333,0.8998478013052733,0.9555177491007005,0.0006630904972553253,0.13333333333333333,alpha
2625,0.8,0.8,0.9358091375704923,0.9720117264603635,0.0006704023107886314,0.0,alpha
2626,0.9333333333333333,0.9333333333333333,0.9452202488185504,0.9729307698630939,0.0006619272753596306,0.3333333333333333,alpha
2627,0.9333333333333333,0.9333333333333333,0.9896215016528104,0.9954713843551147,0.0006926916539669037,0.13333333333333333,alpha
2628,0.6666666666666666,0.6666666666666666,0.8066698680550625,0.9050444371297565,0.0006945999339222908,0.06666666666666667,alpha
2629,0.9333333333333333,0.9333333333333333,0.9952493068446135,0.9980347510873459,0.0006740819662809372,0.0,alpha
2630,0.9333333333333333,0.9333333333333333,0.9585031446836891,0.9807619142694143,0.0006603989750146866,0.06666666666666667,alpha
2631,0.9333333333333333,0.9333333333333333,0.9510876162540918,0.97603170713747,0.0006766607984900475,0.06666666666666667,alpha
2632,0.9333333333333333,0.9333333333333333,0.961597174471447,0.9828272025731281,0.0007216576486825943,0.13333333333333333,alpha
2633,1.0,1.0,1.0,1.0,0.0006805844604969025,0.0,alpha
2634,0.8,0.8,0.5975717645476122,0.6429222020989964,0.0006473977118730545,0.06666666666666667,alpha
2635,1.0,1.0,1.0,1.0,0.0006834743544459343,0.06666666666666667,alpha
2636,0.9333333333333333,0.9333333333333333,0.9895410290981681,0.9955598132168857,0.000661858357489109,0.13333333333333333,delta
2637,0.8666666666666667,0.8666666666666667,0.9211620500600072,0.9631003001117887,0.0006714072078466415,0.2,delta
2638,1.0,1.0,1.0,1.0,0.000668705441057682,0.06666666666666667,delta
2639,0.8666666666666667,0.8666666666666667,0.904248593798123,0.9520022333835291,0.0006653135642409325,0.2,delta
2640,0.9333333333333333,0.9333333333333333,0.9664906237911534,0.9847481460240876,0.0006724763661623001,0.13333333333333333,delta
2641,0.8,0.8,0.8924113608509043,0.9488492076687595,0.0006732447072863579,0.0,delta
2642,0.9333333333333333,0.9333333333333333,0.9917508169280616,0.9966659343225596,0.0006527230143547058,0.2,delta
2643,1.0,1.0,1.0,1.0,0.0006547598168253899,0.0,delta
2644,1.0,1.0,1.0,1.0,0.0006992761045694351,0.13333333333333333,delta
2645,1.0,1.0,1.0,1.0,0.0006598886102437973,0.06666666666666667,delta
2646,1.0,1.0,1.0,1.0,0.0006953123956918716,0.06666666666666667,delta
2647,0.9333333333333333,0.9333333333333333,0.9606143245028761,0.9816279967354155,0.0006880899891257286,0.06666666666666667,delta
2648,0.8,0.8,0.9115131579932251,0.9595945069798185,0.0006487322971224785,0.13333333333333333,delta
2649,1.0,1.0,1.0,1.0,0.0006762715056538582,0.06666666666666667,delta
2650,1.0,1.0,1.0,1.0,0.0006582876667380333,0.2,delta
2651,1.0,1.0,1.0,1.0,0.0007015522569417953,0.13333333333333333,delta
2652,1.0,1.0,1.0,1.0,0.0006688470020890236,0.2,delta
2653,1.0,1.0,1.0,1.0,0.0006919186562299728,0.06666666666666667,delta
2654,1.0,1.0,1.0,1.0,0.0006609950214624405,0.13333333333333333,delta
2655,1.0,1.0,1.0,1.0,0.0006576739251613617,0.13333333333333333,delta
2656,0.9333333333333333,0.9333333333333333,0.9695313817803659,0.9863249890746923,0.0006865803152322769,0.06666666666666667,delta
2657,1.0,1.0,1.0,1.0,0.0006770556792616844,0.26666666666666666,delta
2658,1.0,1.0,1.0,1.0,0.0006936518475413322,0.26666666666666666,delta
2659,1.0,1.0,1.0,1.0,0.000662664882838726,0.2,delta
2660,1.0,1.0,1.0,1.0,0.0006580734625458717,0.0,delta
2661,0.8,0.8,0.896484189339765,0.9518417181208801,0.0006762761622667313,0.06666666666666667,delta
2662,0.9333333333333333,0.9333333333333333,0.9507588343607494,0.976373279594612,0.0006540818139910698,0.13333333333333333,delta
2663,0.9333333333333333,0.9333333333333333,0.9635970940576973,0.9832429861235494,0.0006500007584691048,0.0,delta
2664,1.0,1.0,1.0,1.0,0.0006961552426218987,0.06666666666666667,delta
2665,1.0,1.0,1.0,1.0,0.0006512990221381187,0.06666666666666667,delta
2666,1.0,1.0,1.0,1.0,0.0006594676524400711,0.0,delta
2667,1.0,1.0,1.0,1.0,0.0006769523024559021,0.06666666666666667,delta
2668,1.0,1.0,1.0,1.0,0.0006760573014616966,0.06666666666666667,delta
2669,1.0,1.0,1.0,1.0,0.0006731757894158363,0.06666666666666667,delta
2670,0.9333333333333333,0.9333333333333333,0.9821599869807497,0.9921875917009583,0.0006762752309441566,0.06666666666666667,delta
2671,1.0,1.0,1.0,1.0,0.0006599435582756996,0.13333333333333333,delta
2672,1.0,1.0,1.0,1.0,0.0006557144224643707,0.13333333333333333,delta
2673,1.0,1.0,1.0,1.0,0.0006986632943153381,0.0,delta
2674,1.0,1.0,1.0,1.0,0.000665769912302494,0.0,delta
2675,1.0,1.0,1.0,1.0,0.0006680749356746674,0.13333333333333333,delta
2676,0.9333333333333333,0.9333333333333333,0.9846462128065805,0.9936317960335959,0.0006698165088891983,0.06666666666666667,delta
2677,0.8666666666666667,0.8666666666666667,0.9396408845423718,0.9729509619941744,0.0006654802709817886,0.0,delta
2678,1.0,1.0,1.0,1.0,0.0006973985582590103,0.06666666666666667,delta
2679,1.0,1.0,1.0,1.0,0.000655067153275013,0.06666666666666667,delta
2680,1.0,1.0,1.0,1.0,0.0006620660424232483,0.06666666666666667,delta
2681,1.0,1.0,1.0,1.0,0.0006855400279164314,0.0,delta
2682,1.0,1.0,1.0,1.0,0.0006528832018375397,0.06666666666666667,delta
2683,1.0,1.0,1.0,1.0,0.0006771627813577652,0.0,delta
2684,0.8666666666666667,0.8666666666666667,0.9901983094107188,0.9958186136458494,0.00067142304033041,0.13333333333333333,delta
2685,1.0,1.0,1.0,1.0,0.0006893733516335487,0.0,delta
2686,1.0,1.0,1.0,1.0,0.0006707748398184776,0.4,delta
2687,1.0,1.0,1.0,1.0,0.000647248700261116,0.13333333333333333,delta
2688,1.0,1.0,1.0,1.0,0.0006683263927698135,0.2,delta
2689,0.9333333333333333,0.9333333333333333,0.9498572619156325,0.9760097843116702,0.0006969207897782326,0.13333333333333333,delta
2690,1.0,1.0,1.0,1.0,0.000659475103020668,0.13333333333333333,delta
2691,0.8,0.8,0.8384915654980176,0.9163963287727299,0.000667809508740902,0.0,delta
2692,1.0,1.0,1.0,1.0,0.0006880117580294609,0.13333333333333333,delta
2693,1.0,1.0,1.0,1.0,0.0006503956392407417,0.2,delta
2694,1.0,1.0,1.0,1.0,0.0006975941359996796,0.06666666666666667,delta
2695,1.0,1.0,1.0,1.0,0.0006878981366753578,0.13333333333333333,delta
2696,1.0,1.0,1.0,1.0,0.0006644986569881439,0.06666666666666667,delta
2697,1.0,1.0,1.0,1.0,0.0006631212309002876,0.13333333333333333,delta
2698,0.9333333333333333,0.9333333333333333,0.9781772352710508,0.9905082324612506,0.0006584031507372856,0.06666666666666667,delta
2699,0.6666666666666666,0.6666666666666666,0.8797878388377549,0.9420149900353755,0.0006693359464406967,0.06666666666666667,delta
2700,0.9333333333333333,0.9333333333333333,0.9735338735490652,0.9883154647016033,0.0006577838212251663,0.06666666666666667,delta
2701,0.9333333333333333,0.9333333333333333,0.9513753901619543,0.9767114661232933,0.0006679454818367958,0.0,delta
2702,0.9333333333333333,0.9333333333333333,0.9672709790995644,0.9848548614878238,0.0006624097004532814,0.06666666666666667,delta
2703,0.9333333333333333,0.9333333333333333,0.9956446285200622,0.9980937149091658,0.0006989333778619766,0.0,delta
2704,1.0,1.0,1.0,1.0,0.0006680991500616074,0.3333333333333333,delta
2705,1.0,1.0,1.0,1.0,0.0006711278110742569,0.2,delta
2706,1.0,1.0,1.0,1.0,0.0006651058793067932,0.06666666666666667,delta
2707,1.0,1.0,1.0,1.0,0.000661785714328289,0.13333333333333333,delta
2708,1.0,1.0,1.0,1.0,0.0006882259622216225,0.06666666666666667,delta
2709,1.0,1.0,1.0,1.0,0.0006865384057164192,0.13333333333333333,delta
2710,0.9333333333333333,0.9333333333333333,0.974349068096338,0.9888736069354054,0.0006644688546657562,0.06666666666666667,delta
2711,1.0,1.0,1.0,1.0,0.0006565777584910393,0.06666666666666667,delta
2712,1.0,1.0,1.0,1.0,0.0006779972463846207,0.13333333333333333,delta
2713,0.9333333333333333,0.9333333333333333,0.9684077597324221,0.985597679019846,0.0006490368396043777,0.0,delta
2714,1.0,1.0,1.0,1.0,0.0006928332149982452,0.2,delta
2715,0.9333333333333333,0.9333333333333333,0.9661687045553575,0.9845391187916275,0.0007059322670102119,0.0,delta
2716,0.9333333333333333,0.9333333333333333,0.9673051986063917,0.9850734347232515,0.0007029380649328232,0.0,delta
2717,1.0,1.0,1.0,1.0,0.0006722323596477509,0.06666666666666667,delta
2718,1.0,1.0,1.0,1.0,0.0006556538864970207,0.06666666666666667,delta
2719,0.9333333333333333,0.9333333333333333,0.9719687262560782,0.9876091272244133,0.0006715049967169762,0.06666666666666667,delta
2720,0.9333333333333333,0.9333333333333333,0.9603495671651905,0.9813426024261389,0.0006919689476490021,0.26666666666666666,delta
2721,1.0,1.0,1.0,1.0,0.0006427736952900887,0.26666666666666666,delta
2722,1.0,1.0,1.0,1.0,0.000677761621773243,0.06666666666666667,delta
2723,0.9333333333333333,0.9333333333333333,0.9392731952228621,0.9690203426493214,0.0006650965660810471,0.0,delta
2724,0.9333333333333333,0.9333333333333333,0.9159128295390049,0.9501083240793201,0.0006667226552963257,0.0,delta
2725,0.5333333333333333,0.5333333333333333,0.6485521845706564,0.801854286653014,0.0006574150174856186,0.0,delta
2726,1.0,1.0,1.0,1.0,0.0006591090932488441,0.13333333333333333,delta
2727,1.0,1.0,1.0,1.0,0.0006667803972959518,0.13333333333333333,delta
2728,1.0,1.0,1.0,1.0,0.0006656041368842125,0.0,delta
2729,0.8666666666666667,0.8666666666666667,0.9481115702756332,0.976963440356056,0.0007171854376792908,0.06666666666666667,delta
2730,1.0,1.0,1.0,1.0,0.0006691552698612213,0.06666666666666667,delta
2731,1.0,1.0,1.0,1.0,0.0006580501794815063,0.2,delta
2732,0.9333333333333333,0.9333333333333333,0.9803434453625808,0.9912731455187428,0.0006949957460165024,0.06666666666666667,delta
2733,0.8,0.8,0.9023648779461093,0.9529914413936021,0.0006717359647154808,0.0,delta
2734,0.9333333333333333,0.9333333333333333,0.9907128399997746,0.9961226982065658,0.0006760312244296074,0.0,delta
2735,0.8,0.8,0.9720881284458973,0.9877739120968005,0.0006575938314199448,0.06666666666666667,delta
2736,0.7333333333333333,0.7333333333333333,0.9022955879149883,0.9565569099028584,0.0006807036697864532,0.06666666666666667,delta
2737,1.0,1.0,1.0,1.0,0.0006718654185533524,0.7333333333333333,delta
2738,0.9333333333333333,0.9333333333333333,0.9727158012924962,0.9879964215127138,0.0006528580561280251,0.06666666666666667,delta
2739,0.6,0.6,0.6948336355138995,0.8382986133426168,0.0006758514791727066,0.0,delta
2740,1.0,1.0,1.0,1.0,0.000661938451230526,0.0,delta
2741,1.0,1.0,1.0,1.0,0.0006893305107951164,0.0,delta
2742,1.0,1.0,1.0,1.0,0.0006791967898607254,0.26666666666666666,delta
2743,0.9333333333333333,0.9333333333333333,0.938628102735086,0.9680749667166625,0.000667225569486618,0.06666666666666667,delta
2744,0.9333333333333333,0.9333333333333333,0.968373556816186,0.9851086707327809,0.0006969189271330833,0.0,delta
2745,0.7333333333333333,0.7333333333333333,0.8750038998975294,0.9426274361803026,0.0007245419546961784,0.06666666666666667,delta
2746,0.8,0.8,0.9403741417346464,0.9731181214632197,0.0006580883637070656,0.0,delta
2747,1.0,1.0,1.0,1.0,0.0006722873076796532,0.13333333333333333,delta
2748,1.0,1.0,1.0,1.0,0.0006768899038434029,0.06666666666666667,delta
2749,1.0,1.0,1.0,1.0,0.0006483234465122223,0.06666666666666667,delta
2750,1.0,1.0,1.0,1.0,0.0006687268614768982,0.13333333333333333,delta
2751,1.0,1.0,1.0,1.0,0.0006835376843810081,0.13333333333333333,delta
2752,0.8666666666666667,0.8666666666666667,0.9550215551988417,0.9801615174087578,0.0006665801629424095,0.0,delta
2753,1.0,1.0,1.0,1.0,0.0006763814017176628,0.0,delta
2754,1.0,1.0,1.0,1.0,0.0006666118279099464,0.0,delta
2755,0.9333333333333333,0.9333333333333333,0.9707447806205246,0.9869513439107115,0.0006804876029491425,0.2,delta
2756,1.0,1.0,1.0,1.0,0.0006842305883765221,0.26666666666666666,delta
2757,1.0,1.0,1.0,1.0,0.000655132345855236,0.13333333333333333,delta
2758,1.0,1.0,1.0,1.0,0.000669112429022789,0.13333333333333333,delta
2759,1.0,1.0,1.0,1.0,0.0006625689566135406,0.13333333333333333,delta
2760,1.0,1.0,1.0,1.0,0.0006642378866672516,0.26666666666666666,delta
2761,1.0,1.0,1.0,1.0,0.0006591752171516418,0.2,delta
2762,1.0,1.0,1.0,1.0,0.0006890734657645226,0.06666666666666667,delta
2763,0.8666666666666667,0.8666666666666667,0.924905908847845,0.9649716141202093,0.0006593698635697365,0.06666666666666667,delta
2764,1.0,1.0,1.0,1.0,0.0006706546992063522,0.06666666666666667,delta
2765,1.0,1.0,1.0,1.0,0.0006665503606200218,0.13333333333333333,delta
2766,0.9333333333333333,0.9333333333333333,0.9487533465335315,0.9751538578518002,0.000675451010465622,0.0,delta
2767,0.8666666666666667,0.8666666666666667,0.9253395027089867,0.9647837941200189,0.0006656795740127563,0.06666666666666667,delta
2768,1.0,1.0,1.0,1.0,0.0006813537329435349,0.2,delta
2769,1.0,1.0,1.0,1.0,0.0006633521988987923,0.06666666666666667,delta
2770,1.0,1.0,1.0,1.0,0.0006566112861037254,0.13333333333333333,delta
2771,0.8,0.8,0.924230094937012,0.965501939786689,0.0007184846326708794,0.06666666666666667,delta
2772,1.0,1.0,1.0,1.0,0.0006716586649417877,0.06666666666666667,delta
2773,1.0,1.0,1.0,1.0,0.0006591975688934326,0.0,delta
2774,0.9333333333333333,0.9333333333333333,0.9688641148639519,0.9858190202916616,0.0006685089319944382,0.0,delta
2775,0.8666666666666667,0.8666666666666667,0.9625104123220957,0.9829683928848176,0.000705597922205925,0.0,delta
2776,1.0,1.0,1.0,1.0,0.0006687948480248451,0.0,delta
2777,0.9333333333333333,0.9333333333333333,0.9695137953472487,0.9859842686682684,0.0006743725389242172,0.06666666666666667,delta
2778,1.0,1.0,1.0,1.0,0.0006551975384354591,0.0,delta
2779,0.9333333333333333,0.9333333333333333,0.9714764989384608,0.9875562299380268,0.000692274421453476,0.2,delta
2780,1.0,1.0,1.0,1.0,0.0006530852988362312,0.13333333333333333,delta
2781,1.0,1.0,1.0,1.0,0.0006612325087189674,0.06666666666666667,delta
2782,1.0,1.0,1.0,1.0,0.0007186969742178917,0.06666666666666667,delta
2783,1.0,1.0,1.0,1.0,0.0006559398025274277,0.13333333333333333,delta
2784,1.0,1.0,1.0,1.0,0.0006721718236804008,0.06666666666666667,delta
2785,1.0,1.0,1.0,1.0,0.0006547728553414345,0.06666666666666667,delta
2786,1.0,1.0,1.0,1.0,0.0006491905078291893,0.13333333333333333,delta
2787,1.0,1.0,1.0,1.0,0.0007159523665904999,0.13333333333333333,delta
2788,0.9333333333333333,0.9333333333333333,0.9703763045403798,0.986784401415498,0.0006610602140426636,0.06666666666666667,delta
2789,1.0,1.0,1.0,1.0,0.0006989119574427605,0.06666666666666667,delta
2790,1.0,1.0,1.0,1.0,0.0006714127957820892,0.5333333333333333,delta
2791,0.8666666666666667,0.8666666666666667,0.9338813653198919,0.9685081867123047,0.0006535854190587997,0.26666666666666666,delta
2792,1.0,1.0,1.0,1.0,0.0006709527224302292,0.06666666666666667,delta
2793,1.0,1.0,1.0,1.0,0.0006622392684221268,0.0,delta
2794,1.0,1.0,1.0,1.0,0.0006770119071006775,0.0,delta
2795,1.0,1.0,1.0,1.0,0.000673241913318634,0.13333333333333333,delta
2796,0.6666666666666666,0.6666666666666666,0.7678140585371003,0.8739868168841902,0.0006648451089859009,0.0,delta
2797,1.0,1.0,1.0,1.0,0.0006627580150961876,0.06666666666666667,delta
2798,0.8666666666666667,0.8666666666666667,0.9582100336530613,0.9814651711553706,0.0006618723273277283,0.06666666666666667,delta
2799,1.0,1.0,1.0,1.0,0.0006779972463846207,0.06666666666666667,delta
2800,0.9333333333333333,0.9333333333333333,0.9855924349420249,0.9938834624711922,0.0006495043635368347,0.06666666666666667,delta
2801,0.9333333333333333,0.9333333333333333,0.981681880900385,0.9920119327217417,0.0006570601835846901,0.06666666666666667,delta
2802,1.0,1.0,1.0,1.0,0.0006938250735402107,0.13333333333333333,delta
2803,1.0,1.0,1.0,1.0,0.0006669694557785988,0.13333333333333333,delta
2804,0.9333333333333333,0.9333333333333333,0.9776124247852829,0.9902186846825269,0.0006599016487598419,0.13333333333333333,delta
2805,0.9333333333333333,0.9333333333333333,0.9597483665902677,0.9810835644639467,0.0006614439189434052,0.2,delta
2806,1.0,1.0,1.0,1.0,0.000664200633764267,0.26666666666666666,delta
2807,1.0,1.0,1.0,1.0,0.0007046833634376526,0.13333333333333333,delta
2808,1.0,1.0,1.0,1.0,0.0006673093885183334,0.13333333333333333,delta
2809,1.0,1.0,1.0,1.0,0.0006660996004939079,0.06666666666666667,delta
2810,0.9333333333333333,0.9333333333333333,0.9740177195846549,0.9886318645273715,0.000667160376906395,0.0,delta
2811,1.0,1.0,1.0,1.0,0.000651494599878788,0.06666666666666667,delta
2812,1.0,1.0,1.0,1.0,0.0006720209494233131,0.13333333333333333,delta
2813,1.0,1.0,1.0,1.0,0.0007030181586742401,0.0,delta
2814,1.0,1.0,1.0,1.0,0.0006493404507637024,0.5333333333333333,delta
2815,1.0,1.0,1.0,1.0,0.0006585614755749702,0.0,delta
2816,1.0,1.0,1.0,1.0,0.0006971945986151695,0.3333333333333333,delta
2817,1.0,1.0,1.0,1.0,0.0006685657426714897,0.06666666666666667,delta
2818,0.9333333333333333,0.9333333333333333,0.9607093335685654,0.9816458693800983,0.0006723906844854355,0.06666666666666667,delta
2819,0.9333333333333333,0.9333333333333333,0.9929113286509127,0.9970450709375104,0.0006696479395031929,0.13333333333333333,delta
2820,1.0,1.0,1.0,1.0,0.0006416775286197662,0.26666666666666666,delta
2821,1.0,1.0,1.0,1.0,0.0006577782332897186,0.13333333333333333,delta
2822,1.0,1.0,1.0,1.0,0.0006730249151587486,0.2,delta
2823,0.9333333333333333,0.9333333333333333,0.9591130853154408,0.9807800578697151,0.0006475998088717461,0.06666666666666667,delta
2824,1.0,1.0,1.0,1.0,0.0006503919139504433,0.06666666666666667,delta
2825,0.9333333333333333,0.9333333333333333,0.9613544898050547,0.9820935117017859,0.000666370615363121,0.26666666666666666,delta
2826,1.0,1.0,1.0,1.0,0.0006653601303696632,0.0,delta
2827,1.0,1.0,1.0,1.0,0.0006617065519094467,0.13333333333333333,delta
2828,1.0,1.0,1.0,1.0,0.0006891600787639618,0.13333333333333333,delta
2829,0.9333333333333333,0.9333333333333333,0.9734984058593431,0.9881481498110266,0.0006684781983494759,0.06666666666666667,delta
2830,1.0,1.0,1.0,1.0,0.0006592636927962303,0.0,delta
2831,1.0,1.0,1.0,1.0,0.0006661713123321533,0.26666666666666666,delta
2832,0.9333333333333333,0.9333333333333333,0.9699256421222027,0.9866527187611365,0.0006969720125198364,0.26666666666666666,delta
2833,1.0,1.0,1.0,1.0,0.0006678421050310135,0.06666666666666667,delta
2834,1.0,1.0,1.0,1.0,0.0006741946563124657,0.06666666666666667,delta
2835,0.8,0.8,0.8219223926738328,0.9050407893808777,0.0006880620494484901,0.0,delta
2836,1.0,1.0,1.0,1.0,0.0006867526099085808,0.06666666666666667,delta
2837,0.9333333333333333,0.9333333333333333,0.972724038896198,0.987821650160069,0.0006488151848316193,0.06666666666666667,delta
2838,1.0,1.0,1.0,1.0,0.0006692223250865936,0.2,delta
2839,0.8,0.8,0.8897054170564174,0.9441640330024502,0.0006827926263213158,0.06666666666666667,delta
2840,1.0,1.0,1.0,1.0,0.0006780261173844337,0.3333333333333333,delta
2841,0.9333333333333333,0.9333333333333333,0.9610240497474719,0.9817941562031776,0.000685274600982666,0.2,delta
2842,0.9333333333333333,0.9333333333333333,0.9558099706382117,0.9791321179987462,0.000660426914691925,0.13333333333333333,delta
2843,0.8,0.8,0.9596676927266591,0.981736505293085,0.0006722221150994301,0.0,delta
2844,0.6,0.6,0.41548198698046884,0.4746674087310383,0.0006877770647406578,0.0,delta
2845,0.9333333333333333,0.9333333333333333,0.992615199061034,0.9969426927391186,0.0006633205339312553,0.0,delta
2846,0.9333333333333333,0.9333333333333333,0.9755410820706202,0.9889447368065832,0.0006759399548172951,0.2,delta
2847,0.9333333333333333,0.9333333333333333,0.9584248219905884,0.9804588989253549,0.000657184049487114,0.2,delta
2848,1.0,1.0,1.0,1.0,0.0006589954718947411,0.3333333333333333,delta
2849,1.0,1.0,1.0,1.0,0.0006638243794441223,0.2,delta
2850,0.9333333333333333,0.9333333333333333,0.9608695194153243,0.9822490349097089,0.00067901611328125,0.0,delta
2851,1.0,1.0,1.0,1.0,0.0006541265174746513,0.26666666666666666,delta
2852,0.6666666666666666,0.6666666666666666,0.7424920812794066,0.8556761083588935,0.0006561866030097008,0.06666666666666667,delta
2853,1.0,1.0,1.0,1.0,0.0006777970120310783,0.3333333333333333,delta
2854,1.0,1.0,1.0,1.0,0.0006510363891720772,0.3333333333333333,delta
2855,0.7333333333333333,0.7333333333333333,0.8679323449639568,0.9373300048646379,0.0006985552608966827,0.06666666666666667,delta
2856,1.0,1.0,1.0,1.0,0.0006768405437469482,0.0,delta
2857,0.8666666666666667,0.8666666666666667,0.9239690266417294,0.9642438855137909,0.0007059546187520027,0.13333333333333333,delta
2858,1.0,1.0,1.0,1.0,0.0006705466657876968,0.2,delta
2859,0.9333333333333333,0.9333333333333333,0.9791086358371982,0.9908997019588585,0.0006623351946473122,0.13333333333333333,delta
2860,0.9333333333333333,0.9333333333333333,0.992693951464374,0.9969510495050853,0.0006775623187422752,0.13333333333333333,delta
2861,0.6,0.6,0.7950349677911008,0.89765278274017,0.0006615668535232544,0.06666666666666667,delta
2862,1.0,1.0,1.0,1.0,0.0006664358079433441,0.4666666666666667,delta
2863,0.9333333333333333,0.9333333333333333,0.9415763434574393,0.9704873884277013,0.0006665438413619995,0.0,delta
2864,1.0,1.0,1.0,1.0,0.0007033394649624825,0.06666666666666667,delta
2865,0.8,0.8,0.9270371240171479,0.9665742713730356,0.0006706062704324722,0.06666666666666667,delta
2866,1.0,1.0,1.0,1.0,0.0006578555330634117,0.13333333333333333,delta
2867,1.0,1.0,1.0,1.0,0.0006968649104237556,0.3333333333333333,delta
2868,0.8666666666666667,0.8666666666666667,0.9778604922520945,0.9901841214370877,0.0006560962647199631,0.13333333333333333,delta
2869,0.9333333333333333,0.9333333333333333,0.9694009596752741,0.9863216800892184,0.0006721941754221916,0.06666666666666667,delta
2870,0.9333333333333333,0.9333333333333333,0.9814989844608009,0.9922437654269219,0.0006725043058395386,0.06666666666666667,delta
2871,0.9333333333333333,0.9333333333333333,0.9624154413776913,0.9825649285568897,0.0006537903100252151,0.0,delta
2872,1.0,1.0,1.0,1.0,0.0006803544238209724,0.4,delta
2873,0.9333333333333333,0.9333333333333333,0.9552338192062058,0.9784994757018456,0.0006557479500770569,0.0,delta
2874,0.9333333333333333,0.9333333333333333,0.9773988128048928,0.9898036381119918,0.000670301727950573,0.2,delta
2875,0.8,0.8,0.9098899782921718,0.9576801630406379,0.0006866473704576492,0.13333333333333333,delta
2876,0.9333333333333333,0.9333333333333333,0.9832766084506819,0.9930314862244842,0.0006743147969245911,0.06666666666666667,delta
2877,0.8,0.8,0.8985897107085237,0.9519559136413316,0.0006654383614659309,0.26666666666666666,delta
2878,1.0,1.0,1.0,1.0,0.0006653675809502602,0.2,delta
2879,0.9333333333333333,0.9333333333333333,0.9703689403794122,0.9864116846529071,0.0006836270913481712,0.0,delta
2880,0.9333333333333333,0.9333333333333333,0.9249719861093744,0.9592703553408429,0.0006825588643550873,0.0,delta
2881,0.9333333333333333,0.9333333333333333,0.9614370949363239,0.9820417797690149,0.0006622727960348129,0.13333333333333333,delta
2882,0.8,0.8,0.9446880818578025,0.9747170471137396,0.0006686951965093613,0.2,delta
2883,0.9333333333333333,0.9333333333333333,0.9802489861148443,0.9911431939403574,0.0006626350805163383,0.13333333333333333,delta
2884,0.9333333333333333,0.9333333333333333,0.9768294186902586,0.9900043053702532,0.0006627030670642853,0.0,delta
2885,1.0,1.0,1.0,1.0,0.0006842976436018944,0.26666666666666666,delta
2886,0.9333333333333333,0.9333333333333333,0.9826329611888585,0.9924870425803566,0.0006626276299357414,0.2,delta
2887,0.8,0.8,0.8942668831224977,0.949459645083416,0.0007364256307482719,0.0,delta
2888,0.9333333333333333,0.9333333333333333,0.9712069245285938,0.9871412186234797,0.0006802165880799294,0.3333333333333333,delta
2889,1.0,1.0,1.0,1.0,0.0006715040653944016,0.26666666666666666,delta
2890,0.9333333333333333,0.9333333333333333,0.9564924253302728,0.9797161116664401,0.0006610900163650513,0.13333333333333333,delta
2891,1.0,1.0,1.0,1.0,0.0006651934236288071,0.26666666666666666,delta
2892,1.0,1.0,1.0,1.0,0.0006973808631300926,0.4,delta
2893,0.8666666666666667,0.8666666666666667,0.9361382776039702,0.9707430537594648,0.0006626211106777191,0.2,delta
2894,1.0,1.0,1.0,1.0,0.0006620651111006737,0.3333333333333333,delta
2895,0.8,0.8,0.9108514382269066,0.9599913121502799,0.00070140790194273,0.06666666666666667,delta
2896,0.9333333333333333,0.9333333333333333,0.9844068878973393,0.9935966973490901,0.0006694747135043144,0.13333333333333333,delta
2897,1.0,1.0,1.0,1.0,0.0006574913859367371,0.3333333333333333,delta
2898,0.8666666666666667,0.8666666666666667,0.9831363695266714,0.9927398786160101,0.0006665801629424095,0.13333333333333333,delta
2899,1.0,1.0,1.0,1.0,0.0007360521703958511,0.4666666666666667,delta
2900,0.7333333333333333,0.7333333333333333,0.8154935981935428,0.9077723045258688,0.0006996225565671921,0.2,delta
2901,1.0,1.0,1.0,1.0,0.0006577400490641594,0.06666666666666667,delta
2902,1.0,1.0,1.0,1.0,0.00067947618663311,0.0,delta
2903,1.0,1.0,1.0,1.0,0.0006704013794660568,0.0,delta
2904,1.0,1.0,1.0,1.0,0.0006985226646065712,0.26666666666666666,delta
2905,0.8666666666666667,0.8666666666666667,0.9204373651587697,0.9627607176087731,0.0006682230159640312,0.0,delta
2906,0.9333333333333333,0.9333333333333333,0.9491435430884199,0.9752293339321818,0.0006553158164024353,0.26666666666666666,delta
2907,0.8,0.8,0.8956787822356309,0.9523667545027618,0.0006752675399184227,0.0,delta
2908,0.9333333333333333,0.9333333333333333,0.9804031865856858,0.9915707739867333,0.0006635822355747223,0.06666666666666667,delta
2909,0.9333333333333333,0.9333333333333333,0.9824359888123062,0.9926143281118144,0.0006895624101161957,0.3333333333333333,delta
2910,0.9333333333333333,0.9333333333333333,0.966897480690507,0.9850920453244105,0.0006711985915899277,0.26666666666666666,delta
2911,0.9333333333333333,0.9333333333333333,0.9578188781626831,0.9803437948430505,0.000685923732817173,0.3333333333333333,delta
2912,0.8666666666666667,0.8666666666666667,0.946923026135759,0.9759937450848218,0.0006586909294128418,0.0,delta
2913,0.9333333333333333,0.9333333333333333,0.9762222617474933,0.9893540987514043,0.0006531886756420135,0.2,delta
2914,1.0,1.0,1.0,1.0,0.0007010418921709061,0.06666666666666667,delta
2915,0.9333333333333333,0.9333333333333333,0.9596779255813255,0.9812714166086833,0.0006589759141206741,0.13333333333333333,delta
2916,1.0,1.0,1.0,1.0,0.0006625158712267876,0.2,delta
2917,0.9333333333333333,0.9333333333333333,0.997529088147451,0.999018607707924,0.0006758915260434151,0.06666666666666667,delta
2918,0.9333333333333333,0.9333333333333333,0.9570079901133542,0.9798489536060144,0.0006479453295469284,0.06666666666666667,delta
2919,0.9333333333333333,0.9333333333333333,0.9789006557666656,0.9905352250139303,0.0006648125126957893,0.06666666666666667,delta
2920,0.7333333333333333,0.7333333333333333,0.8530359443470494,0.9301577955635363,0.0007057143375277519,0.0,delta
2921,1.0,1.0,1.0,1.0,0.0006535043939948082,0.2,delta
2922,0.8666666666666667,0.8666666666666667,0.9739338419201525,0.9890224180582015,0.0006590690463781357,0.06666666666666667,delta
2923,0.9333333333333333,0.9333333333333333,0.9509037305056247,0.9765141431780874,0.0006807604804635048,0.0,delta
2924,1.0,1.0,1.0,1.0,0.0006745960563421249,0.2,delta
2925,1.0,1.0,1.0,1.0,0.0006724121049046516,0.2,delta
2926,0.9333333333333333,0.9333333333333333,0.9578794051872732,0.9800437863023884,0.0006527137011289597,0.0,delta
2927,1.0,1.0,1.0,1.0,0.0006662532687187195,0.2,delta
2928,1.0,1.0,1.0,1.0,0.0006608320400118828,0.26666666666666666,delta
2929,0.8,0.8,0.9121082833825697,0.9568111860139866,0.0006642108783125877,0.0,delta
2930,0.6666666666666666,0.6666666666666666,0.8345191204356164,0.9171226597117362,0.0006603170186281204,0.26666666666666666,delta
2931,1.0,1.0,1.0,1.0,0.0006702607497572899,0.06666666666666667,delta
2932,0.9333333333333333,0.9333333333333333,0.956690211777386,0.9798594302119268,0.0006511993706226349,0.4,delta
2933,0.8666666666666667,0.8666666666666667,0.9418568587291143,0.9733544985120673,0.0006534680724143982,0.06666666666666667,delta
2934,1.0,1.0,1.0,1.0,0.0007463870570063591,0.13333333333333333,delta
2935,1.0,1.0,1.0,1.0,0.0006551835685968399,0.3333333333333333,delta
2936,1.0,1.0,1.0,1.0,0.0006746361032128334,0.13333333333333333,delta
2937,1.0,1.0,1.0,1.0,0.0006692344322800636,0.13333333333333333,delta
2938,1.0,1.0,1.0,1.0,0.0006592385470867157,0.3333333333333333,delta
2939,1.0,1.0,1.0,1.0,0.0006605386734008789,0.06666666666666667,delta
2940,0.8666666666666667,0.8666666666666667,0.9335324962990914,0.9700044971955044,0.0006688749417662621,0.0,delta
2941,0.9333333333333333,0.9333333333333333,0.9720981550229219,0.9872366543168709,0.0006927577778697014,0.13333333333333333,delta
2942,0.9333333333333333,0.9333333333333333,0.9685339103108451,0.9859172966976639,0.0006909649819135666,0.13333333333333333,delta
2943,0.5333333333333333,0.5333333333333333,0.729184502231943,0.8598469002933266,0.000661325640976429,0.06666666666666667,delta
2944,0.8,0.8,0.9206705734509102,0.9634687129010494,0.0006735455244779587,0.3333333333333333,delta
2945,1.0,1.0,1.0,1.0,0.000674048438668251,0.0,delta
2946,0.8,0.8,0.9321286730184087,0.9654413742201124,0.0006587980315089226,0.13333333333333333,delta
2947,1.0,1.0,1.0,1.0,0.0006577176973223686,0.4666666666666667,delta
2948,1.0,1.0,1.0,1.0,0.0006575649604201317,0.13333333333333333,delta
2949,1.0,1.0,1.0,1.0,0.0006678542122244835,0.3333333333333333,delta
2950,0.8666666666666667,0.8666666666666667,0.9284243041608303,0.9664341893492713,0.0006591286510229111,0.2,delta
2951,1.0,1.0,1.0,1.0,0.000709017738699913,0.13333333333333333,delta
2952,1.0,1.0,1.0,1.0,0.0006571058183908463,0.26666666666666666,delta
2953,0.9333333333333333,0.9333333333333333,0.9554416908142122,0.9789810916307707,0.0006581610068678856,0.26666666666666666,delta
2954,0.9333333333333333,0.9333333333333333,0.9800224183917315,0.9913643162507659,0.0006824638694524765,0.3333333333333333,delta
2955,1.0,1.0,1.0,1.0,0.000654563307762146,0.13333333333333333,delta
2956,1.0,1.0,1.0,1.0,0.0006554294377565384,0.26666666666666666,delta
2957,1.0,1.0,1.0,1.0,0.0006668809801340103,0.3333333333333333,delta
2958,0.9333333333333333,0.9333333333333333,0.9640677757297255,0.9837918049586607,0.000660773366689682,0.2,delta
2959,1.0,1.0,1.0,1.0,0.0006741601973772049,0.13333333333333333,delta
2960,0.6666666666666666,0.6666666666666666,0.8230627290832047,0.9079088477937077,0.0006562480702996254,0.0,delta
2961,1.0,1.0,1.0,1.0,0.0006599090993404388,0.06666666666666667,delta
2962,0.9333333333333333,0.9333333333333333,0.9967926973481972,0.9986896905403639,0.0006783818826079369,0.3333333333333333,delta
2963,0.6666666666666666,0.6666666666666666,0.8565438470158276,0.9309619663246329,0.0007016118615865707,0.26666666666666666,delta
2964,0.9333333333333333,0.9333333333333333,0.9645729857957808,0.9837797682252926,0.0006673522293567657,0.26666666666666666,delta
2965,1.0,1.0,1.0,1.0,0.0006798245012760162,0.13333333333333333,delta
2966,0.9333333333333333,0.9333333333333333,0.9650622461006112,0.9835122605963537,0.0007103541865944862,0.0,beta
2967,0.8666666666666667,0.8666666666666667,0.9330721853259514,0.9696458469513339,0.0006759203970432281,0.2,beta
2968,0.9333333333333333,0.9333333333333333,0.9742719088477493,0.9886437656170678,0.0006876597180962563,0.0,beta
2969,1.0,1.0,1.0,1.0,0.0006691766902804375,0.26666666666666666,beta
2970,0.8666666666666667,0.8666666666666667,0.9464233442515286,0.9759687184481598,0.0006631584838032722,0.06666666666666667,beta
2971,0.8666666666666667,0.8666666666666667,0.9838751380527313,0.9933467591450044,0.0006505260244011879,0.0,beta
2972,0.8,0.8,0.9345672087606185,0.9705964641261015,0.0006819190457463264,0.13333333333333333,beta
2973,0.9333333333333333,0.9333333333333333,0.987741082413728,0.9949403355023242,0.0007010987028479576,0.13333333333333333,beta
2974,0.8,0.8,0.8907468095173345,0.9496590135398142,0.0006487490609288216,0.0,beta
2975,0.6666666666666666,0.6666666666666666,0.8658674627528978,0.9350117543142782,0.0006707180291414261,0.0,beta
2976,1.0,1.0,1.0,1.0,0.0006696293130517006,0.0,beta
2977,0.8666666666666667,0.8666666666666667,0.9246652609038825,0.9643975160412143,0.0006480952724814415,0.13333333333333333,beta
2978,0.8666666666666667,0.8666666666666667,0.9586462587211667,0.9817076228164268,0.0006727622821927071,0.06666666666666667,beta
2979,0.8666666666666667,0.8666666666666667,0.9377765121871472,0.9712343802393786,0.0006693508476018906,0.13333333333333333,beta
2980,0.9333333333333333,0.9333333333333333,0.9823818039980055,0.9923599914560196,0.0006769169121980667,0.06666666666666667,beta
2981,0.8,0.8,0.8874773765468941,0.9454303920866644,0.0007095532491803169,0.0,beta
2982,0.8666666666666667,0.8666666666666667,0.9352292007543902,0.9702432266591401,0.0007219593971967697,0.0,beta
2983,0.8666666666666667,0.8666666666666667,0.9431864632386248,0.9741584391141523,0.0006717648357152939,0.0,beta
2984,0.9333333333333333,0.9333333333333333,0.9730157759583342,0.9878722671492741,0.0006646048277616501,0.2,beta
2985,0.8,0.8,0.8915390940059253,0.9492812230875484,0.0006809821352362633,0.06666666666666667,beta
2986,0.7333333333333333,0.7333333333333333,0.8469987808279625,0.9259021301924893,0.0006828894838690758,0.13333333333333333,beta
2987,1.0,1.0,1.0,1.0,0.0006779367104172707,0.6666666666666666,beta
2988,0.9333333333333333,0.9333333333333333,0.9579527730871199,0.9799708677155464,0.0006667571142315865,0.06666666666666667,beta
2989,0.9333333333333333,0.9333333333333333,0.9589375407628906,0.9808568500837774,0.0006598597392439842,0.0,beta
2990,0.8666666666666667,0.8666666666666667,0.9382255196350049,0.9717720646351152,0.0007106177508831024,0.0,beta
2991,0.8,0.8,0.9224204133574799,0.964837677295814,0.0006583128124475479,0.06666666666666667,beta
2992,0.7333333333333333,0.7333333333333333,0.9052446776785111,0.9561085609573017,0.0006542857736349106,0.06666666666666667,beta
2993,1.0,1.0,1.0,1.0,0.0006775753572583199,0.0,beta
2994,0.9333333333333333,0.9333333333333333,0.9767510719909224,0.9901029873612235,0.000653441995382309,0.13333333333333333,beta
2995,1.0,1.0,1.0,1.0,0.0006624739617109299,0.0,beta
2996,0.9333333333333333,0.9333333333333333,0.9787420077611333,0.9909548581948653,0.0006693992763757706,0.0,beta
2997,0.7333333333333333,0.7333333333333333,0.8345332898206369,0.9177939065474805,0.0006492622196674347,0.0,beta
2998,0.7333333333333333,0.7333333333333333,0.932688178325787,0.968807517596743,0.000673309899866581,0.06666666666666667,beta
2999,0.8,0.8,0.9523830463501307,0.9782286692830597,0.0006771460175514221,0.26666666666666666,beta
3000,0.7333333333333333,0.7333333333333333,0.9637302600624543,0.9837536414611837,0.0006637945771217346,0.13333333333333333,beta
3001,0.7333333333333333,0.7333333333333333,0.8630534200151485,0.9367774006108005,0.000660652294754982,0.13333333333333333,beta
3002,0.9333333333333333,0.9333333333333333,0.9715646329050712,0.9872610540757574,0.0006634918972849846,0.13333333333333333,beta
3003,0.9333333333333333,0.9333333333333333,0.9924909272598126,0.9969367496665099,0.0006958590820431709,0.2,beta
3004,0.9333333333333333,0.9333333333333333,0.9738975523693946,0.9881221157265546,0.0006941575556993484,0.06666666666666667,beta
3005,1.0,1.0,1.0,1.0,0.0006648842245340347,0.06666666666666667,beta
3006,0.7333333333333333,0.7333333333333333,0.8993172157650359,0.9521377744741415,0.0006689373403787613,0.26666666666666666,beta
3007,0.6666666666666666,0.6666666666666666,0.903985082408535,0.9556709373690132,0.0006763339042663574,0.13333333333333333,beta
3008,1.0,1.0,1.0,1.0,0.0006815772503614426,0.06666666666666667,beta
3009,0.9333333333333333,0.9333333333333333,0.9487854041871027,0.9751192513660837,0.0006662532687187195,0.0,beta
3010,1.0,1.0,1.0,1.0,0.0006869947537779808,0.0,beta
3011,0.9333333333333333,0.9333333333333333,0.9682346640577197,0.9853013362169325,0.0006590820848941803,0.0,beta
3012,0.8,0.8,0.8862287367932371,0.9478557735478718,0.0006580818444490433,0.06666666666666667,beta
3013,0.9333333333333333,0.9333333333333333,0.9714893978692369,0.9869767994842057,0.0006947983056306839,0.0,beta
3014,0.8,0.8,0.9463191771438288,0.9756630923769466,0.0006552757695317268,0.06666666666666667,beta
3015,1.0,1.0,1.0,1.0,0.0006574429571628571,0.06666666666666667,beta
3016,0.8666666666666667,0.8666666666666667,0.944147376407878,0.9741359491729589,0.0006824089214205742,0.0,beta
3017,1.0,1.0,1.0,1.0,0.0006570089608430862,0.0,beta
3018,0.8666666666666667,0.8666666666666667,0.9684591693889353,0.9867897113498679,0.0006807539612054825,0.0,beta
3019,0.9333333333333333,0.9333333333333333,0.9615201854894541,0.9814076691935409,0.0006615519523620605,0.13333333333333333,beta
3020,0.9333333333333333,0.9333333333333333,0.9907293429345047,0.9961558842783634,0.0006795525550842285,0.26666666666666666,beta
3021,0.9333333333333333,0.9333333333333333,0.9808337886638294,0.9918223999537017,0.0006741220131516457,0.06666666666666667,beta
3022,1.0,1.0,1.0,1.0,0.0006537344306707382,0.13333333333333333,beta
3023,0.7333333333333333,0.7333333333333333,0.7178894873966468,0.8173705707496526,0.0006791334599256516,0.0,beta
3024,0.9333333333333333,0.9333333333333333,0.9596904112248018,0.9811844625989385,0.0006674360483884811,0.13333333333333333,beta
3025,1.0,1.0,1.0,1.0,0.0006730509921908379,0.0,beta
3026,0.8666666666666667,0.8666666666666667,0.9395246284700028,0.9726001189139744,0.0006845705211162567,0.06666666666666667,beta
3027,0.8666666666666667,0.8666666666666667,0.9092476870938131,0.9563922507375315,0.0006890734657645226,0.0,beta
3028,0.7333333333333333,0.7333333333333333,0.8737988992137674,0.9418052431622093,0.0006560469046235085,0.06666666666666667,beta
3029,0.8,0.8,0.8827354204734444,0.9437329607735663,0.0006803860887885094,0.06666666666666667,beta
3030,0.8666666666666667,0.8666666666666667,0.9734240653963674,0.9888605495700331,0.0006880993023514748,0.06666666666666667,beta
3031,1.0,1.0,1.0,1.0,0.0006993012502789497,0.2,beta
3032,0.9333333333333333,0.9333333333333333,0.8677698571520256,0.9073974520073226,0.0006698248907923698,0.06666666666666667,beta
3033,0.9333333333333333,0.9333333333333333,0.9708389809501367,0.9868791096463145,0.0006573842838406563,0.06666666666666667,beta
3034,0.9333333333333333,0.9333333333333333,0.9883691752422531,0.9949811770709941,0.0006958544254302979,0.0,beta
3035,1.0,1.0,1.0,1.0,0.0006933910772204399,0.0,beta
3036,0.8666666666666667,0.8666666666666667,0.9715827763474205,0.9871922388227418,0.0006506787613034248,0.2,beta
3037,0.8,0.8,0.8704359535904765,0.9314415477033001,0.0006780484691262245,0.13333333333333333,beta
3038,0.8,0.8,0.9813640693682429,0.9920796897422994,0.0006644027307629585,0.13333333333333333,beta
3039,0.8,0.8,0.8984718641165451,0.9531394882407267,0.0006484873592853546,0.0,beta
3040,0.8666666666666667,0.8666666666666667,0.9329922506131274,0.9682409365043506,0.0006761020049452782,0.0,beta
3041,1.0,1.0,1.0,1.0,0.0006786417216062546,0.0,beta
3042,0.9333333333333333,0.9333333333333333,0.9772152863840142,0.9897573214638636,0.0006514554843306541,0.0,beta
3043,1.0,1.0,1.0,1.0,0.0006584245711565018,0.26666666666666666,beta
3044,0.9333333333333333,0.9333333333333333,0.9686626284086486,0.9854846982253158,0.0006796242669224739,0.0,beta
3045,0.9333333333333333,0.9333333333333333,0.983694996976739,0.9930361690403822,0.0006495211273431778,0.13333333333333333,beta
3046,0.9333333333333333,0.9333333333333333,0.9960606437286218,0.9983709489958049,0.0006903456524014473,0.0,beta
3047,0.6,0.6,0.7290236087782911,0.8613542489202772,0.0006627561524510384,0.0,beta
3048,0.8666666666666667,0.8666666666666667,0.8381038513888152,0.903627422193235,0.0006436090916395187,0.06666666666666667,beta
3049,0.8666666666666667,0.8666666666666667,0.9155616888862895,0.9597477227237048,0.0006652968004345894,0.06666666666666667,beta
3050,0.9333333333333333,0.9333333333333333,0.9791543553984708,0.9909377912033014,0.0006758421659469604,0.2,beta
3051,0.9333333333333333,0.9333333333333333,0.9534759548951557,0.9779183899948856,0.0006400439888238907,0.06666666666666667,beta
3052,1.0,1.0,1.0,1.0,0.0006898855790495872,0.2,beta
3053,0.8666666666666667,0.8666666666666667,0.9536984333578665,0.9796744398674028,0.0006619039922952652,0.13333333333333333,beta
3054,1.0,1.0,1.0,1.0,0.0006555318832397461,0.0,beta
3055,0.9333333333333333,0.9333333333333333,0.9766959808930264,0.9898202575788925,0.0006746845319867134,0.06666666666666667,beta
3056,1.0,1.0,1.0,1.0,0.000666152685880661,0.0,beta
3057,1.0,1.0,1.0,1.0,0.0007018363103270531,0.13333333333333333,beta
3058,0.9333333333333333,0.9333333333333333,0.946278909480131,0.9732800312766504,0.0006681233644485474,0.0,beta
3059,0.6,0.6,0.8182515576183633,0.9126385930572901,0.0006782589480280876,0.0,beta
3060,0.8,0.8,0.8939137360447759,0.9493677061642208,0.0006779283285140991,0.13333333333333333,beta
3061,0.9333333333333333,0.9333333333333333,0.9772225873654867,0.9902268331318096,0.0006774915382266045,0.06666666666666667,beta
3062,0.9333333333333333,0.9333333333333333,0.961474171998394,0.982363672851574,0.0006780978292226791,0.0,beta
3063,0.8666666666666667,0.8666666666666667,0.9186179565846279,0.9612997102846386,0.0006619086489081383,0.13333333333333333,beta
3064,0.7333333333333333,0.7333333333333333,0.9179886541822612,0.961791171682601,0.0006671324372291565,0.2,beta
3065,0.9333333333333333,0.9333333333333333,0.9809180722856642,0.9915986051740887,0.0006675543263554573,0.13333333333333333,beta
3066,1.0,1.0,1.0,1.0,0.000664006918668747,0.0,beta
3067,1.0,1.0,1.0,1.0,0.0006555262953042984,0.2,beta
3068,0.9333333333333333,0.9333333333333333,0.9882943064581425,0.9950120332785174,0.0006666658446192741,0.06666666666666667,beta
3069,0.9333333333333333,0.9333333333333333,0.9788954777985371,0.9908422106567736,0.000656438060104847,0.26666666666666666,beta
3070,1.0,1.0,1.0,1.0,0.0006574168801307678,0.06666666666666667,beta
3071,0.9333333333333333,0.9333333333333333,0.9705112942384517,0.9869116833907032,0.0006596287712454796,0.0,beta
3072,0.9333333333333333,0.9333333333333333,0.9730678691917684,0.9879049477127776,0.0006671594455838203,0.13333333333333333,beta
3073,0.8666666666666667,0.8666666666666667,0.9446268468417941,0.9748361093434531,0.0006753690540790558,0.06666666666666667,beta
3074,0.9333333333333333,0.9333333333333333,0.964475960959933,0.9836868757926261,0.0006491187959909439,0.13333333333333333,beta
3075,1.0,1.0,1.0,1.0,0.000669160857796669,0.13333333333333333,beta
3076,0.9333333333333333,0.9333333333333333,0.9567208195635573,0.9795225044092674,0.0006678048521280289,0.06666666666666667,beta
3077,0.8666666666666667,0.8666666666666667,0.9130342617365286,0.9571850029335367,0.0006584944203495979,0.13333333333333333,beta
3078,0.9333333333333333,0.9333333333333333,0.96936462352667,0.986188436800237,0.0006603337824344635,0.06666666666666667,beta
3079,0.8666666666666667,0.8666666666666667,0.935615573982549,0.969116862077354,0.0007003964856266975,0.0,beta
3080,0.8,0.8,0.91214569059246,0.9606908451083934,0.0006827516481280327,0.13333333333333333,beta
3081,1.0,1.0,1.0,1.0,0.0006573451682925224,0.13333333333333333,beta
3082,0.9333333333333333,0.9333333333333333,0.9716742596006636,0.9871727199042645,0.0006713392212986946,0.13333333333333333,beta
3083,0.9333333333333333,0.9333333333333333,0.9689123316865899,0.9860395958157181,0.000661720521748066,0.0,beta
3084,0.9333333333333333,0.9333333333333333,0.9706792261514898,0.9871187570684368,0.0006553037092089653,0.06666666666666667,beta
3085,0.9333333333333333,0.9333333333333333,0.9927997811794483,0.9966081590983277,0.0006630914285778999,0.0,beta
3086,1.0,1.0,1.0,1.0,0.000660870224237442,0.26666666666666666,beta
3087,0.7333333333333333,0.7333333333333333,0.8659509448572825,0.9367451218322445,0.0007187752053141594,0.0,beta
3088,0.8666666666666667,0.8666666666666667,0.9640998268666501,0.9844269360689544,0.0006614895537495613,0.0,beta
3089,0.9333333333333333,0.9333333333333333,0.992795295503376,0.9970172934846772,0.0006955219432711601,0.0,beta
3090,0.9333333333333333,0.9333333333333333,0.9675896598320777,0.9852805670263788,0.0006993748247623444,0.06666666666666667,beta
3091,1.0,1.0,1.0,1.0,0.0006549162790179253,0.06666666666666667,beta
3092,0.8666666666666667,0.8666666666666667,0.9762337730413759,0.9894887210722062,0.0006902338936924934,0.0,beta
3093,1.0,1.0,1.0,1.0,0.0006696796044707298,0.2,beta
3094,0.8,0.8,0.9104509939892452,0.9542698998138976,0.0006516417488455772,0.06666666666666667,beta
3095,0.9333333333333333,0.9333333333333333,0.9645064429499766,0.98361497987425,0.0006692009046673775,0.13333333333333333,beta
3096,0.8,0.8,0.9389102585752283,0.972901049366679,0.000654260627925396,0.0,beta
3097,1.0,1.0,1.0,1.0,0.0006890129297971725,0.0,beta
3098,0.8666666666666667,0.8666666666666667,0.9416041803228696,0.9734156919088868,0.0006700009107589722,0.0,beta
3099,1.0,1.0,1.0,1.0,0.0006574615836143494,0.13333333333333333,beta
3100,0.9333333333333333,0.9333333333333333,0.9817658940665691,0.9921028326908791,0.0006755832582712173,0.06666666666666667,beta
3101,0.9333333333333333,0.9333333333333333,0.9740817771602516,0.9887063712412262,0.0006644129753112793,0.06666666666666667,beta
3102,1.0,1.0,1.0,1.0,0.0006894785910844803,0.06666666666666667,beta
3103,0.9333333333333333,0.9333333333333333,0.9861333643157498,0.9940900706143987,0.0006640423089265823,0.0,beta
3104,0.7333333333333333,0.7333333333333333,0.9125300675708872,0.9603609281163453,0.0006616702303290367,0.0,beta
3105,0.8,0.8,0.8920951555553049,0.949336750244861,0.0006839362904429436,0.06666666666666667,beta
3106,1.0,1.0,1.0,1.0,0.0006741592660546303,0.0,beta
3107,1.0,1.0,1.0,1.0,0.0006961356848478317,0.06666666666666667,beta
3108,1.0,1.0,1.0,1.0,0.0006557265296578407,0.2,beta
3109,0.8666666666666667,0.8666666666666667,0.9121134386346929,0.9582865325027101,0.0006753876805305481,0.0,beta
3110,0.8,0.8,0.9143432486163308,0.9599630256411822,0.0006635766476392746,0.0,beta
3111,1.0,1.0,1.0,1.0,0.0006798868998885155,0.0,beta
3112,0.6666666666666666,0.6666666666666666,0.8127410402174178,0.9011259283738204,0.0007040146738290787,0.0,beta
3113,1.0,1.0,1.0,1.0,0.0006862254813313484,0.0,beta
3114,1.0,1.0,1.0,1.0,0.0006737513467669487,0.13333333333333333,beta
3115,0.9333333333333333,0.9333333333333333,0.9594220189563385,0.981464683768653,0.0006862049922347069,0.06666666666666667,beta
3116,1.0,1.0,1.0,1.0,0.0006491243839263916,0.13333333333333333,beta
3117,0.9333333333333333,0.9333333333333333,0.970032735597683,0.9862372367793215,0.0006651701405644417,0.06666666666666667,beta
3118,0.8,0.8,0.8735619197229992,0.9378075360022268,0.0006892364472150803,0.0,beta
3119,0.9333333333333333,0.9333333333333333,0.9697495522775934,0.9862839776511846,0.0006919894367456436,0.0,beta
3120,0.8666666666666667,0.8666666666666667,0.97789586784571,0.9902367646459197,0.000661938451230526,0.26666666666666666,beta
3121,1.0,1.0,1.0,1.0,0.0006835749372839928,0.4666666666666667,beta
3122,0.9333333333333333,0.9333333333333333,0.9726357003621283,0.9878707950132495,0.0006647445261478424,0.06666666666666667,beta
3123,1.0,1.0,1.0,1.0,0.0007062247022986412,0.0,beta
3124,0.8666666666666667,0.8666666666666667,0.9220803040352165,0.9634871575662555,0.0006696917116641998,0.0,beta
3125,0.9333333333333333,0.9333333333333333,0.963073869462528,0.9825440499327714,0.000660184770822525,0.0,beta
3126,1.0,1.0,1.0,1.0,0.0006505316123366356,0.06666666666666667,beta
3127,1.0,1.0,1.0,1.0,0.0006678653880953789,0.13333333333333333,beta
3128,0.8,0.8,0.8765988930888756,0.9390739832692966,0.0006628111004829407,0.0,beta
3129,1.0,1.0,1.0,1.0,0.0006852541118860245,0.06666666666666667,beta
3130,0.9333333333333333,0.9333333333333333,0.9933515640250048,0.9971471768407938,0.0006521698087453842,0.13333333333333333,beta
3131,1.0,1.0,1.0,1.0,0.000657232478260994,0.13333333333333333,beta
3132,0.9333333333333333,0.9333333333333333,0.9565868783283017,0.9796456335416809,0.0006766952574253082,0.0,beta
3133,1.0,1.0,1.0,1.0,0.00064894650131464,0.06666666666666667,beta
3134,0.8,0.8,0.8009876577206912,0.8806230632892529,0.0006704237312078476,0.0,beta
3135,0.8666666666666667,0.8666666666666667,0.9524409068966605,0.9781671679966502,0.0006722630932927132,0.06666666666666667,beta
3136,0.8666666666666667,0.8666666666666667,0.9157164597060248,0.9601784655520846,0.0006411690264940262,0.13333333333333333,beta
3137,0.8666666666666667,0.8666666666666667,0.8585455049597293,0.9095606405628309,0.0006693657487630844,0.0,beta
3138,1.0,1.0,1.0,1.0,0.0006823325529694557,0.2,beta
3139,0.8666666666666667,0.8666666666666667,0.9500637145792808,0.9785190181651342,0.0007325839251279831,0.0,beta
3140,1.0,1.0,1.0,1.0,0.0006730901077389717,0.0,beta
3141,0.9333333333333333,0.9333333333333333,0.9875619899521962,0.9947514799533833,0.0006606830283999443,0.13333333333333333,beta
3142,0.8,0.8,0.8616539131877758,0.9322509186416645,0.0006774375215172768,0.06666666666666667,beta
3143,0.9333333333333333,0.9333333333333333,0.9469696858886584,0.9726120688947084,0.0006706817075610161,0.0,beta
3144,0.8,0.8,0.8754508448504822,0.9400262245925871,0.0006563160568475723,0.06666666666666667,beta
3145,0.9333333333333333,0.9333333333333333,0.967848731502435,0.9855226320530452,0.0006694337353110313,0.13333333333333333,beta
3146,0.9333333333333333,0.9333333333333333,0.9730620304770488,0.98824442189161,0.0006659971550107002,0.0,beta
3147,0.9333333333333333,0.9333333333333333,0.9629570258677207,0.9833354617866121,0.0006707096472382545,0.0,beta
3148,0.8666666666666667,0.8666666666666667,0.9474856016980188,0.9759863223132308,0.0007085129618644714,0.13333333333333333,beta
3149,0.9333333333333333,0.9333333333333333,0.9409500954773589,0.9697880573149646,0.0007227212190628052,0.0,beta
3150,0.8666666666666667,0.8666666666666667,0.9867208775703608,0.9944038979201181,0.0006645219400525093,0.06666666666666667,beta
3151,0.8,0.8,0.9038097477117344,0.955606329286402,0.0006908997893333435,0.0,beta
3152,0.8666666666666667,0.8666666666666667,0.9730202621147226,0.9882226867967426,0.0006665466353297234,0.06666666666666667,beta
3153,0.9333333333333333,0.9333333333333333,0.9581366871988446,0.9802544032936321,0.000656510703265667,0.26666666666666666,beta
3154,0.9333333333333333,0.9333333333333333,0.9129783538672557,0.9505095812785362,0.0007451483979821205,0.0,beta
3155,0.9333333333333333,0.9333333333333333,0.9734953757950426,0.9884680252637446,0.0006667636334896088,0.06666666666666667,beta
3156,0.9333333333333333,0.9333333333333333,0.9634096031758254,0.9833033884886941,0.0006604725494980812,0.13333333333333333,beta
3157,0.9333333333333333,0.9333333333333333,0.9536871266804653,0.9779714962380528,0.0007179807871580124,0.13333333333333333,beta
3158,0.9333333333333333,0.9333333333333333,0.9814535805367585,0.9920937998581546,0.0006739571690559387,0.0,beta
3159,0.8,0.8,0.8814958749388915,0.9453080577234605,0.0007096491754055023,0.0,beta
3160,0.8666666666666667,0.8666666666666667,0.9172477513427378,0.9612551335174561,0.0006603477522730827,0.0,beta
3161,0.9333333333333333,0.9333333333333333,0.9771300472610501,0.9901202434275264,0.000672144815325737,0.06666666666666667,beta
3162,0.8666666666666667,0.8666666666666667,0.9525422599135986,0.9787510512776599,0.0006669647991657257,0.0,beta
3163,0.8,0.8,0.8709191071401396,0.9375339745960184,0.0006961971521377563,0.13333333333333333,beta
3164,0.8666666666666667,0.8666666666666667,0.942056991849244,0.9737899510580893,0.0006771311163902283,0.13333333333333333,beta
3165,0.7333333333333333,0.7333333333333333,0.8524081195199329,0.9258351812623418,0.0006646402180194855,0.0,beta
3166,0.8666666666666667,0.8666666666666667,0.9385500519795581,0.9715163089640237,0.0006623612716794014,0.06666666666666667,beta
3167,0.9333333333333333,0.9333333333333333,0.981274796574585,0.9920236925746253,0.0006803544238209724,0.0,beta
3168,0.8,0.8,0.866378599530814,0.9354003369227588,0.000684657134115696,0.2,beta
3169,0.8666666666666667,0.8666666666666667,0.9528557818565068,0.9789164637803467,0.0006679296493530273,0.2,beta
3170,1.0,1.0,1.0,1.0,0.0006586397066712379,0.13333333333333333,beta
3171,0.9333333333333333,0.9333333333333333,0.9624266917479635,0.9826720461280175,0.0006598420441150665,0.26666666666666666,beta
3172,0.7333333333333333,0.7333333333333333,0.8622174630016736,0.934620248984291,0.000658668577671051,0.0,beta
3173,0.9333333333333333,0.9333333333333333,0.9535568923268993,0.9776672909075602,0.0007083024829626083,0.0,beta
3174,1.0,1.0,1.0,1.0,0.0006615603342652321,0.0,beta
3175,1.0,1.0,1.0,1.0,0.0006582885980606079,0.4,beta
3176,0.8666666666666667,0.8666666666666667,0.9375257328304093,0.9723238375450624,0.0006916346028447151,0.06666666666666667,beta
3177,0.9333333333333333,0.9333333333333333,0.9721724232207437,0.9873267746197635,0.0006724279373884201,0.0,beta
3178,0.9333333333333333,0.9333333333333333,0.9748913733733205,0.9888588172817989,0.0006762342527508736,0.13333333333333333,beta
3179,0.8666666666666667,0.8666666666666667,0.9449410761019761,0.9747013979210261,0.0006703650578856468,0.06666666666666667,beta
3180,0.7333333333333333,0.7333333333333333,0.8649829511469376,0.9353508416221021,0.0006527351215481758,0.06666666666666667,beta
3181,1.0,1.0,1.0,1.0,0.0006691077724099159,0.13333333333333333,beta
3182,0.9333333333333333,0.9333333333333333,0.9791900002372356,0.9906692460847243,0.0006643990054726601,0.06666666666666667,beta
3183,1.0,1.0,1.0,1.0,0.0006852112710475922,0.06666666666666667,beta
3184,0.9333333333333333,0.9333333333333333,0.9685859792290766,0.9849658565377531,0.0006715180352330208,0.06666666666666667,beta
3185,1.0,1.0,1.0,1.0,0.0007075974717736244,0.13333333333333333,beta
3186,0.8,0.8,0.8897376103255527,0.9461987012870112,0.0006474563851952553,0.06666666666666667,beta
3187,0.8666666666666667,0.8666666666666667,0.974615984399421,0.9892982822171028,0.000653071328997612,0.0,beta
3188,1.0,1.0,1.0,1.0,0.0006780819967389107,0.26666666666666666,beta
3189,0.8,0.8,0.9318116322437014,0.9700322367133382,0.0006541060283780098,0.06666666666666667,beta
3190,1.0,1.0,1.0,1.0,0.0007056053727865219,0.3333333333333333,beta
3191,0.8666666666666667,0.8666666666666667,0.9421477037547684,0.9738963852879031,0.000651385635137558,0.0,beta
3192,1.0,1.0,1.0,1.0,0.0006868280470371246,0.4,beta
3193,0.7333333333333333,0.7333333333333333,0.8578758825445201,0.9318011116942504,0.0006703268736600876,0.06666666666666667,beta
3194,0.9333333333333333,0.9333333333333333,0.9721349221198735,0.9867257554561539,0.0006483206525444984,0.0,beta
3195,1.0,1.0,1.0,1.0,0.0006698770448565483,0.13333333333333333,beta
3196,0.8,0.8,0.836630254685688,0.9128163661249273,0.0006573647260665894,0.06666666666666667,beta
3197,0.6666666666666666,0.6666666666666666,0.6986480005787471,0.8216633651429811,0.0006594695150852203,0.0,beta
3198,0.9333333333333333,0.9333333333333333,0.9597745431256225,0.9812336526785354,0.000671003945171833,0.06666666666666667,beta
3199,0.8666666666666667,0.8666666666666667,0.9377635344221661,0.9720693797693523,0.0006667384877800941,0.0,beta
3200,1.0,1.0,1.0,1.0,0.0006750309839844704,0.06666666666666667,beta
3201,0.9333333333333333,0.9333333333333333,0.9851214812319194,0.9936400990160003,0.000659530982375145,0.0,beta
3202,0.8666666666666667,0.8666666666666667,0.9260948096916432,0.9655751186454571,0.0006753476336598396,0.4,beta
3203,0.8666666666666667,0.8666666666666667,0.9028138111806946,0.9467069684275832,0.0006622839719057083,0.0,beta
3204,0.9333333333333333,0.9333333333333333,0.9518799001266481,0.9765712397837366,0.0006838785484433174,0.0,beta
3205,0.8666666666666667,0.8666666666666667,0.9470510146015356,0.9766140593528229,0.000665273517370224,0.06666666666666667,beta
3206,0.9333333333333333,0.9333333333333333,0.9803834727223184,0.9911334965258782,0.0006517739966511726,0.0,beta
3207,0.9333333333333333,0.9333333333333333,0.9599769857873762,0.9814052841594145,0.0006672171875834465,0.06666666666666667,beta
3208,0.9333333333333333,0.9333333333333333,0.984252478349443,0.9933582105080111,0.0006532231345772743,0.13333333333333333,beta
3209,1.0,1.0,1.0,1.0,0.0006735119968652725,0.0,beta
3210,0.9333333333333333,0.9333333333333333,0.9864601773077518,0.9942221114799522,0.0006642686203122139,0.13333333333333333,beta
3211,0.9333333333333333,0.9333333333333333,0.97202185996976,0.9878371548019518,0.0006620045751333237,0.06666666666666667,beta
3212,0.8,0.8,0.8751690972285804,0.94071224932473,0.0006801653653383255,0.06666666666666667,beta
3213,1.0,1.0,1.0,1.0,0.0006572986021637917,0.0,beta
3214,0.6,0.6,0.8719223955534829,0.9410413314928338,0.0006689010187983513,0.0,beta
3215,0.8666666666666667,0.8666666666666667,0.951569731254335,0.9783073205524091,0.0006605461239814758,0.06666666666666667,beta
3216,0.6666666666666666,0.6666666666666666,0.8308099564171564,0.9205090083426263,0.0007336074486374855,0.06666666666666667,beta
3217,0.8666666666666667,0.8666666666666667,0.9486902070258314,0.9769514810406157,0.0006630392745137215,0.06666666666666667,beta
3218,0.8666666666666667,0.8666666666666667,0.9639811179828082,0.9839824977545187,0.0006901975721120834,0.0,beta
3219,0.8666666666666667,0.8666666666666667,0.8631132335783568,0.9162656696169246,0.0007055057212710381,0.0,beta
3220,0.8666666666666667,0.8666666666666667,0.9679188905769058,0.9855442476733877,0.000668790191411972,0.13333333333333333,beta
3221,0.7333333333333333,0.7333333333333333,0.8595711028659272,0.9343667214971907,0.0006904164329171181,0.0,beta
3222,1.0,1.0,1.0,1.0,0.0006656907498836517,0.0,beta
3223,1.0,1.0,1.0,1.0,0.0006594527512788773,0.2,beta
3224,1.0,1.0,1.0,1.0,0.0006847251206636429,0.06666666666666667,beta
3225,0.9333333333333333,0.9333333333333333,0.9604565176560826,0.9816107496843294,0.0006767529994249344,0.4666666666666667,beta
3226,0.8666666666666667,0.8666666666666667,0.9399423390140527,0.9720802277753657,0.0006706314161419868,0.0,beta
3227,1.0,1.0,1.0,1.0,0.0006739627569913864,0.06666666666666667,beta
3228,1.0,1.0,1.0,1.0,0.0006886478513479233,0.3333333333333333,beta
3229,1.0,1.0,1.0,1.0,0.0006755385547876358,0.0,beta
3230,0.8666666666666667,0.8666666666666667,0.9660842587066032,0.9857493248469397,0.0006704842671751976,0.06666666666666667,beta
3231,0.7333333333333333,0.7333333333333333,0.9118021592639968,0.9597021108870107,0.0006797648966312408,0.13333333333333333,beta
3232,1.0,1.0,1.0,1.0,0.0006686365231871605,0.06666666666666667,beta
3233,0.9333333333333333,0.9333333333333333,0.9677851139448752,0.9856591104052128,0.0006667058914899826,0.06666666666666667,beta
3234,0.8,0.8,0.8808973042538704,0.9368293666116416,0.0006551239639520645,0.0,beta
3235,0.8666666666666667,0.8666666666666667,0.9588796927868206,0.981822927046659,0.0006803721189498901,0.13333333333333333,beta
3236,0.8666666666666667,0.8666666666666667,0.9470636725567201,0.9762107218737529,0.0006612595170736313,0.06666666666666667,beta
3237,1.0,1.0,1.0,1.0,0.0006675738841295242,0.4666666666666667,beta
3238,1.0,1.0,1.0,1.0,0.0006597964093089104,0.06666666666666667,beta
3239,1.0,1.0,1.0,1.0,0.0006524845957756042,0.0,beta
3240,1.0,1.0,1.0,1.0,0.0006722975522279739,0.0,beta
3241,0.9333333333333333,0.9333333333333333,0.9691693522704569,0.986383403146346,0.000657619908452034,0.13333333333333333,beta
3242,1.0,1.0,1.0,1.0,0.0007348079234361649,0.0,beta
3243,0.9333333333333333,0.9333333333333333,0.9835229760857542,0.9930938269717603,0.0006714882329106331,0.0,beta
3244,0.9333333333333333,0.9333333333333333,0.9422840101255998,0.9710722467173216,0.0006609298288822174,0.06666666666666667,beta
3245,0.8666666666666667,0.8666666666666667,0.9520483053767925,0.9776653957300475,0.0006678653880953789,0.06666666666666667,beta
3246,0.8,0.8,0.9284476701944342,0.9675917115750929,0.0006644418463110924,0.13333333333333333,beta
3247,1.0,1.0,1.0,1.0,0.0006860736757516861,0.0,beta
3248,0.8666666666666667,0.8666666666666667,0.9714811957249837,0.9880352928235515,0.0006553065031766891,0.06666666666666667,beta
3249,1.0,1.0,1.0,1.0,0.0006978809833526611,0.06666666666666667,beta
3250,0.8666666666666667,0.8666666666666667,0.95061298739488,0.9786260503970493,0.0006656814366579056,0.0,beta
3251,0.7333333333333333,0.7333333333333333,0.8548693655813515,0.9304860024118575,0.0006568422541022301,0.06666666666666667,beta
3252,1.0,1.0,1.0,1.0,0.0007114214822649956,0.4666666666666667,beta
3253,0.8666666666666667,0.8666666666666667,0.9207298828614163,0.9615837769085586,0.000656873919069767,0.13333333333333333,beta
3254,0.9333333333333333,0.9333333333333333,0.9626487511477622,0.9827309772337267,0.0006952537223696709,0.0,beta
3255,1.0,1.0,1.0,1.0,0.0006821295246481895,0.4,beta
3256,0.8666666666666667,0.8666666666666667,0.8457265927736739,0.905412515028964,0.0006482219323515892,0.0,beta
3257,1.0,1.0,1.0,1.0,0.0006735324859619141,0.13333333333333333,beta
3258,1.0,1.0,1.0,1.0,0.0006696600466966629,0.06666666666666667,beta
3259,0.8,0.8,0.7994563622215138,0.8647748633758588,0.0006747553125023842,0.06666666666666667,beta
3260,0.8666666666666667,0.8666666666666667,0.9344639755535354,0.9689163546547633,0.0006738873198628426,0.13333333333333333,beta
3261,0.8666666666666667,0.8666666666666667,0.9649622841253388,0.9848683017703167,0.0006587496027350426,0.2,beta
3262,0.8666666666666667,0.8666666666666667,0.9082196090304951,0.9558704199159053,0.000668366439640522,0.2,beta
3263,0.7333333333333333,0.7333333333333333,0.7893623540810971,0.8899499138567184,0.0006731636822223663,0.0,beta
3264,0.8666666666666667,0.8666666666666667,0.9544310008521627,0.9795289506203485,0.0007062479853630066,0.13333333333333333,beta
3265,0.8666666666666667,0.8666666666666667,0.9530635393011271,0.9792209902613855,0.0006721587851643562,0.0,beta
3266,0.9333333333333333,0.9333333333333333,0.9351693557654982,0.9659863548476072,0.0007034270092844963,0.3333333333333333,beta
3267,1.0,1.0,1.0,1.0,0.0006607864052057266,0.2,beta
3268,1.0,1.0,1.0,1.0,0.0006583323702216148,0.3333333333333333,beta
3269,1.0,1.0,1.0,1.0,0.000670894980430603,0.3333333333333333,beta
3270,0.8666666666666667,0.8666666666666667,0.9540293889795884,0.9792414830424461,0.0006478987634181976,0.0,beta
3271,1.0,1.0,1.0,1.0,0.000668802298605442,0.26666666666666666,beta
3272,1.0,1.0,1.0,1.0,0.0006690043956041336,0.0,beta
3273,0.9333333333333333,0.9333333333333333,0.9826695724964296,0.9926843649303452,0.0006728526204824448,0.06666666666666667,beta
3274,0.9333333333333333,0.9333333333333333,0.9756664249135042,0.9890742132938605,0.0006645666435360909,0.4,beta
3275,0.9333333333333333,0.9333333333333333,0.9214901262427924,0.9554085408579343,0.0006821341812610626,0.0,beta
3276,0.9333333333333333,0.9333333333333333,0.9682584977087905,0.9853686767754722,0.0006458237767219543,0.2,beta
3277,1.0,1.0,1.0,1.0,0.0006672944873571396,0.3333333333333333,beta
3278,0.8666666666666667,0.8666666666666667,0.9148228100078022,0.9591458928998897,0.0006883526220917702,0.0,beta
3279,0.9333333333333333,0.9333333333333333,0.9780236159743514,0.9898946845190415,0.0006413338705897331,0.2,beta
3280,1.0,1.0,1.0,1.0,0.0006852773949503899,0.26666666666666666,beta
3281,1.0,1.0,1.0,1.0,0.0006906166672706604,0.26666666666666666,beta
3282,0.8,0.8,0.9481822565132941,0.9772982696419161,0.0006779897958040237,0.0,beta
3283,0.8666666666666667,0.8666666666666667,0.9202234601534828,0.9622636180877941,0.0006857551634311676,0.0,beta
3284,0.9333333333333333,0.9333333333333333,0.9688997263501823,0.9858133913725299,0.0007117995992302895,0.26666666666666666,beta
3285,0.8666666666666667,0.8666666666666667,0.9384649845927424,0.9716724918467672,0.0006854496896266937,0.06666666666666667,beta
3286,0.8,0.8,0.8810040183957382,0.9438426024743277,0.0006668483838438988,0.0,beta
3287,1.0,1.0,1.0,1.0,0.0006694439798593521,0.3333333333333333,beta
3288,0.9333333333333333,0.9333333333333333,0.973267128716614,0.9883186202651122,0.0006593456491827965,0.3333333333333333,beta
3289,0.7333333333333333,0.7333333333333333,0.8137785445011797,0.9058931962948337,0.0006689643487334251,0.13333333333333333,beta
3290,0.8666666666666667,0.8666666666666667,0.9186826678519677,0.960244124858251,0.0006822552531957626,0.0,beta
3291,1.0,1.0,1.0,1.0,0.0006640572100877762,0.2,beta
3292,1.0,1.0,1.0,1.0,0.0006685713306069374,0.4666666666666667,beta
3293,0.7333333333333333,0.7333333333333333,0.878867996594718,0.9439113748316179,0.0006602443754673004,0.0,beta
3294,1.0,1.0,1.0,1.0,0.0006810156628489494,0.3333333333333333,beta
3295,1.0,1.0,1.0,1.0,0.0006677797064185143,0.06666666666666667,beta
3296,0.9333333333333333,0.9333333333333333,0.9660459511914418,0.9844489302016346,0.0006614038720726967,0.06666666666666667,beta
3297,1.0,1.0,1.0,1.0,0.0007051611319184303,0.26666666666666666,beta
3298,1.0,1.0,1.0,1.0,0.0006650034338235855,0.4,beta
3299,0.8666666666666667,0.8666666666666667,0.9443951037570634,0.9748030070990105,0.000691702589392662,0.13333333333333333,beta
3300,0.8666666666666667,0.8666666666666667,0.9202563651848554,0.96079176611747,0.000676419585943222,0.0,beta
3301,0.8666666666666667,0.8666666666666667,0.9377993901977394,0.971610295970635,0.0006689932197332382,0.26666666666666666,beta
3302,0.9333333333333333,0.9333333333333333,0.9748813948303814,0.9887930124199733,0.0006657987833023071,0.0,beta
3303,1.0,1.0,1.0,1.0,0.00067153200507164,0.13333333333333333,beta
3304,0.9333333333333333,0.9333333333333333,0.9621077028930232,0.9824803287006855,0.0006606327369809151,0.13333333333333333,beta
3305,0.9333333333333333,0.9333333333333333,0.963682023718675,0.9833783887076842,0.0006666863337159157,0.06666666666666667,beta
3306,1.0,1.0,1.0,1.0,0.00067911297082901,0.06666666666666667,beta
3307,1.0,1.0,1.0,1.0,0.0006527984514832497,0.5333333333333333,beta
3308,0.9333333333333333,0.9333333333333333,0.9747055117922415,0.9887769781353083,0.0006893789395689964,0.0,beta
3309,0.8666666666666667,0.8666666666666667,0.9422323044503844,0.9737581661809914,0.000692097470164299,0.13333333333333333,beta
3310,1.0,1.0,1.0,1.0,0.0006741657853126526,0.0,beta
3311,0.8666666666666667,0.8666666666666667,0.9239369049391002,0.9649070501605315,0.0006624571979045868,0.13333333333333333,beta
3312,0.8,0.8,0.8443225181628428,0.9199596716911601,0.0006528953090310097,0.0,beta
3313,0.8666666666666667,0.8666666666666667,0.7896239880894445,0.8449852727545558,0.0006704945117235184,0.0,beta
3314,0.8666666666666667,0.8666666666666667,0.955756035481194,0.9799058663093857,0.0007066046819090843,0.13333333333333333,beta
3315,0.8,0.8,0.8269134976728258,0.8918315608830003,0.0006436901167035103,0.0,beta
3316,0.8,0.8,0.8852955980006877,0.9459995574176303,0.0006910646334290504,0.13333333333333333,beta
3317,1.0,1.0,1.0,1.0,0.0006589284166693687,0.13333333333333333,beta
3318,1.0,1.0,1.0,1.0,0.0006799735128879547,0.3333333333333333,beta
3319,1.0,1.0,1.0,1.0,0.0006638141348958015,0.06666666666666667,beta
3320,1.0,1.0,1.0,1.0,0.0006588324904441833,0.06666666666666667,beta
3321,0.9333333333333333,0.9333333333333333,0.9893974708889565,0.9955633133226689,0.0006739934906363487,0.13333333333333333,beta
3322,1.0,1.0,1.0,1.0,0.0006615398451685905,0.6,beta
3323,0.8666666666666667,0.8666666666666667,0.8565751805624963,0.9092828183790573,0.0006618993356823921,0.0,beta
3324,0.9333333333333333,0.9333333333333333,0.9746429704235859,0.9887696890718735,0.0006540985777974129,0.06666666666666667,beta
3325,0.8666666666666667,0.8666666666666667,0.9625076809782446,0.9833207319049468,0.0006497250869870186,0.0,beta
3326,0.9333333333333333,0.9333333333333333,0.9662582674087854,0.9845150659627362,0.0006723580881953239,0.2,beta
3327,0.9333333333333333,0.9333333333333333,0.9548582894083099,0.9778008743613736,0.0006608832627534866,0.06666666666666667,beta
3328,0.9333333333333333,0.9333333333333333,0.9647792055423523,0.9836503455582999,0.0006718654185533524,0.06666666666666667,beta
3329,1.0,1.0,1.0,1.0,0.0006656553596258163,0.06666666666666667,beta
3330,1.0,1.0,1.0,1.0,0.0006990022957324982,0.0,beta
3331,0.9333333333333333,0.9333333333333333,0.9568146505676887,0.9797883252720758,0.0006661238148808479,0.13333333333333333,beta
3332,0.8666666666666667,0.8666666666666667,0.9073470577455198,0.9520075641714274,0.0006530340760946274,0.2,beta
3333,0.9333333333333333,0.9333333333333333,0.9547263632388573,0.9784042912189578,0.0006858455017209053,0.06666666666666667,beta
3334,0.9333333333333333,0.9333333333333333,0.963375038903501,0.9831711489320429,0.000681709498167038,0.2,beta
3335,0.6,0.6,0.7562202847990113,0.8803069698510617,0.0006745019927620888,0.0,beta
3336,0.9333333333333333,0.9333333333333333,0.9218701496518331,0.9554274404078461,0.000658055767416954,0.06666666666666667,beta
3337,0.9333333333333333,0.9333333333333333,0.9803088201952376,0.9914610609971253,0.0006883386522531509,0.0,beta
3338,1.0,1.0,1.0,1.0,0.000661216676235199,0.0,beta
3339,0.8666666666666667,0.8666666666666667,0.9345919378342022,0.9698156464183251,0.0006728218868374825,0.0,beta
3340,0.9333333333333333,0.9333333333333333,0.9959014847707613,0.9983099684046399,0.000699339434504509,0.06666666666666667,beta
3341,0.8666666666666667,0.8666666666666667,0.9361868853770495,0.9708545499229826,0.0006597312167286873,0.0,beta
3342,0.8666666666666667,0.8666666666666667,0.9272279501447405,0.9654961905987888,0.0006657727062702179,0.0,beta
3343,1.0,1.0,1.0,1.0,0.0006579048931598663,0.4666666666666667,beta
3344,1.0,1.0,1.0,1.0,0.0006565367802977562,0.06666666666666667,beta
3345,0.8666666666666667,0.8666666666666667,0.9351573865917427,0.9698436482546641,0.0007019098848104477,0.13333333333333333,beta
3346,0.8666666666666667,0.8666666666666667,0.9061282722712978,0.9547934215303959,0.0006648227572441101,0.0,beta
3347,1.0,1.0,1.0,1.0,0.0006645349785685539,0.06666666666666667,beta
3348,0.7333333333333333,0.7333333333333333,0.7853069832758178,0.8876336251304526,0.0006708409637212753,0.0,beta
3349,1.0,1.0,1.0,1.0,0.0006903493776917458,0.3333333333333333,beta
3350,0.8666666666666667,0.8666666666666667,0.9472768938069591,0.9769105546951489,0.0006665298715233803,0.06666666666666667,beta
3351,1.0,1.0,1.0,1.0,0.0006577083840966225,0.2,beta
3352,0.9333333333333333,0.9333333333333333,0.977875121951573,0.9906742746130539,0.0006867833435535431,0.0,beta
3353,0.9333333333333333,0.9333333333333333,0.978484476118378,0.9906038649429356,0.0006807344034314156,0.0,beta
3354,0.9333333333333333,0.9333333333333333,0.9583835955481522,0.9805790632512833,0.0006625102832913399,0.0,beta
3355,1.0,1.0,1.0,1.0,0.0006728759035468102,0.2,beta
3356,0.9333333333333333,0.9333333333333333,0.9778835693887095,0.9901798087111556,0.000661986880004406,0.06666666666666667,beta
3357,0.8666666666666667,0.8666666666666667,0.9522221960576541,0.9790235970179056,0.0006548510864377022,0.0,beta
3358,1.0,1.0,1.0,1.0,0.0006807586178183556,0.26666666666666666,beta
3359,1.0,1.0,1.0,1.0,0.0006720405071973801,0.06666666666666667,beta
3360,1.0,1.0,1.0,1.0,0.000664982944726944,0.0,beta
3361,1.0,1.0,1.0,1.0,0.0006835507228970528,0.0,beta
3362,0.9333333333333333,0.9333333333333333,0.9618092792027724,0.9825111167917874,0.0006704721599817276,0.06666666666666667,beta
3363,0.7333333333333333,0.7333333333333333,0.8707167674147169,0.9364553106456798,0.0006617335602641106,0.0,beta
3364,1.0,1.0,1.0,1.0,0.0006736759096384048,0.0,beta
3365,1.0,1.0,1.0,1.0,0.0006636977195739746,0.4,beta
3366,1.0,1.0,1.0,1.0,0.0007179919630289078,0.2,beta
3367,0.7333333333333333,0.7333333333333333,0.8371113184679703,0.9216829560935728,0.0006755208596587181,0.0,beta
3368,0.8666666666666667,0.8666666666666667,0.9481493935257792,0.9765967046014626,0.0006767790764570236,0.13333333333333333,beta
3369,0.9333333333333333,0.9333333333333333,0.9760597001043284,0.9892582856636588,0.0006669219583272934,0.13333333333333333,beta
3370,1.0,1.0,1.0,1.0,0.0007100654765963554,0.0,beta
3371,0.8,0.8,0.9464710503958985,0.9765014103887065,0.0007079904899001122,0.06666666666666667,beta
3372,1.0,1.0,1.0,1.0,0.0006649745628237724,0.6,beta
3373,0.8666666666666667,0.8666666666666667,0.9859065672768396,0.9940018702242545,0.0006755692884325981,0.06666666666666667,beta
3374,0.9333333333333333,0.9333333333333333,0.9991483956393817,0.9996591509266782,0.0006734300404787064,0.26666666666666666,beta
3375,0.8666666666666667,0.8666666666666667,0.9334359075426096,0.96973835520703,0.0006831521168351173,0.06666666666666667,beta
3376,1.0,1.0,1.0,1.0,0.0007011396810412407,0.0,beta
3377,1.0,1.0,1.0,1.0,0.0006660539656877518,0.06666666666666667,beta
3378,0.8666666666666667,0.8666666666666667,0.9243219600319931,0.9644775301556188,0.0006656879559159279,0.0,beta
3379,1.0,1.0,1.0,1.0,0.0006547886878252029,0.06666666666666667,beta
3380,0.8,0.8,0.9005340913332761,0.9536516608704031,0.0006893854588270187,0.06666666666666667,beta
3381,1.0,1.0,1.0,1.0,0.0006665457040071487,0.0,beta
3382,0.8,0.8,0.8732069584599753,0.9344738086054611,0.0006757033988833427,0.06666666666666667,beta
3383,0.8666666666666667,0.8666666666666667,0.9566370544804446,0.9809300536963409,0.0006531011313199997,0.0,beta
3384,0.9333333333333333,0.9333333333333333,0.9689578274928166,0.985745948353159,0.0006754742935299873,0.2,beta
3385,0.9333333333333333,0.9333333333333333,0.9699231786756013,0.9864018107017933,0.0006672833114862442,0.06666666666666667,beta
3386,0.9333333333333333,0.9333333333333333,0.9765036126427744,0.9898187795123519,0.0006894832476973534,0.13333333333333333,beta
3387,1.0,1.0,1.0,1.0,0.0006631156429648399,0.06666666666666667,beta
3388,0.8666666666666667,0.8666666666666667,0.9100944011450206,0.9563228272569926,0.0006663454696536064,0.2,beta
3389,0.9333333333333333,0.9333333333333333,0.973907676826352,0.9882136321059534,0.0006663119420409203,0.0,beta
3390,0.9333333333333333,0.9333333333333333,0.9940529952362923,0.9974291306078399,0.0006728470325469971,0.26666666666666666,beta
3391,0.9333333333333333,0.9333333333333333,0.9662671810828708,0.9849110107724025,0.0006849365308880806,0.06666666666666667,beta
3392,0.8666666666666667,0.8666666666666667,0.9345174383297356,0.9696392123611826,0.0006753429770469666,0.0,beta
3393,1.0,1.0,1.0,1.0,0.0006842724978923798,0.13333333333333333,beta
3394,0.9333333333333333,0.9333333333333333,0.9793287748980135,0.9910281795359844,0.0006500491872429848,0.06666666666666667,beta
3395,1.0,1.0,1.0,1.0,0.0006552916020154953,0.26666666666666666,beta
3396,0.8666666666666667,0.8666666666666667,0.939485740195893,0.9727287706433515,0.0006878115236759186,0.0,beta
3397,1.0,1.0,1.0,1.0,0.0006833439692854881,0.0,beta
3398,1.0,1.0,1.0,1.0,0.00066376943141222,0.13333333333333333,beta
3399,1.0,1.0,1.0,1.0,0.0006737448275089264,0.13333333333333333,beta
3400,0.8,0.8,0.8686899508069639,0.936012494273095,0.0006523160263895988,0.0,beta
3401,1.0,1.0,1.0,1.0,0.0006874212995171547,0.13333333333333333,beta
3402,1.0,1.0,1.0,1.0,0.0007037781178951263,0.06666666666666667,beta
3403,0.8,0.8,0.8886197215200166,0.9459349672759539,0.0006497697904706001,0.0,beta
3404,0.9333333333333333,0.9333333333333333,0.9824166015328013,0.9923748595711253,0.0006673932075500488,0.26666666666666666,beta
3405,1.0,1.0,1.0,1.0,0.0006591742858290672,0.13333333333333333,beta
3406,1.0,1.0,1.0,1.0,0.0006504608318209648,0.06666666666666667,beta
3407,0.8,0.8,0.8694321935427398,0.9370498237517447,0.0006696553900837898,0.06666666666666667,beta
3408,1.0,1.0,1.0,1.0,0.000680781900882721,0.0,beta
3409,1.0,1.0,1.0,1.0,0.0006798636168241501,0.26666666666666666,beta
3410,1.0,1.0,1.0,1.0,0.0006622439250349998,0.0,beta
3411,0.8666666666666667,0.8666666666666667,0.887415367783355,0.9425077311611313,0.0007097860798239708,0.2,beta
3412,0.8666666666666667,0.8666666666666667,0.9346222009307269,0.9705710782658371,0.0006758645176887512,0.06666666666666667,beta
3413,0.6666666666666666,0.6666666666666666,0.8785966810887351,0.9439307786268755,0.0006621582433581352,0.06666666666666667,beta
3414,1.0,1.0,1.0,1.0,0.0006631864234805107,0.4666666666666667,beta
3415,0.4666666666666667,0.4666666666666667,0.7951686394499631,0.9002817245597592,0.0006681680679321289,0.0,beta
3416,0.8,0.8,0.954378414489309,0.9798027308106704,0.0006808461621403694,0.13333333333333333,beta
3417,0.4666666666666667,0.4666666666666667,0.7705245814588677,0.8866508017800481,0.0006547467783093452,0.0,beta
3418,0.7333333333333333,0.7333333333333333,0.8896862095725686,0.948956633433165,0.0006575705483555794,0.13333333333333333,beta
3419,0.9333333333333333,0.9333333333333333,0.9583640911533461,0.9802313582838539,0.0006939433515071869,0.2,beta
3420,0.9333333333333333,0.9333333333333333,0.9743974810975715,0.9885283240140775,0.0006553241983056068,0.4,beta
3421,1.0,1.0,1.0,1.0,0.0006601661443710327,0.3333333333333333,beta
3422,0.9333333333333333,0.9333333333333333,0.9424758072312378,0.9705758928777286,0.0006862562149763107,0.13333333333333333,beta
3423,0.9333333333333333,0.9333333333333333,0.9770778739180972,0.9897012115673609,0.0006553540006279945,0.06666666666666667,beta
3424,1.0,1.0,1.0,1.0,0.0006709368899464607,0.06666666666666667,beta
3425,0.9333333333333333,0.9333333333333333,0.7440421711097703,0.8111535124495977,0.0006643878296017647,0.0,beta
3426,0.9333333333333333,0.9333333333333333,0.954603556034569,0.9783203853628071,0.0006775092333555222,0.0,beta
3427,0.6666666666666666,0.6666666666666666,0.8129256756071642,0.907113094845129,0.0006686514243483543,0.2,beta
3428,0.6666666666666666,0.6666666666666666,0.8630210474502137,0.9266006392691228,0.0006822617724537849,0.06666666666666667,beta
3429,0.6666666666666666,0.6666666666666666,0.8121367575002527,0.9028818563091606,0.000672241672873497,0.06666666666666667,beta
3430,0.6666666666666666,0.6666666666666666,0.8223592285571208,0.913000665483124,0.0006674956530332565,0.0,beta
3431,0.8,0.8,0.8867064431215935,0.9469253714679527,0.0006904769688844681,0.0,beta
3432,0.9333333333333333,0.9333333333333333,0.9588538147233345,0.9785634608473652,0.0006718579679727554,0.13333333333333333,beta
3433,1.0,1.0,1.0,1.0,0.0007070926949381828,0.13333333333333333,beta
3434,0.7333333333333333,0.7333333333333333,0.7877585027769424,0.8873842703526194,0.0006768470630049706,0.0,beta
3435,0.8666666666666667,0.8666666666666667,0.7598374165930087,0.8177492317907861,0.0006735119968652725,0.0,beta
3436,0.8,0.8,0.8918823436067829,0.9498871802690569,0.0006646029651165009,0.0,beta
3437,0.6666666666666666,0.6666666666666666,0.8599210742635286,0.9259152259266098,0.0006598187610507011,0.06666666666666667,beta
3438,0.8666666666666667,0.8666666666666667,0.97143982514558,0.9877982679258063,0.0006596213206648827,0.0,beta
3439,0.7333333333333333,0.7333333333333333,0.819056366340642,0.9113416008590576,0.0006626006215810776,0.06666666666666667,beta
3440,0.8666666666666667,0.8666666666666667,0.9497892624208855,0.9783842918353768,0.0006865821778774261,0.06666666666666667,beta
3441,1.0,1.0,1.0,1.0,0.0006673242896795273,0.3333333333333333,beta
3442,0.8666666666666667,0.8666666666666667,0.8537473224108438,0.9085836284576339,0.0006633047014474869,0.06666666666666667,beta
3443,0.8666666666666667,0.8666666666666667,0.9199775855824335,0.9622496829618135,0.0006605088710784912,0.13333333333333333,beta
3444,1.0,1.0,1.0,1.0,0.0006642313674092293,0.0,beta
3445,0.9333333333333333,0.9333333333333333,0.9711446778784032,0.9869021287929547,0.0007083918899297714,0.13333333333333333,beta
3446,0.7333333333333333,0.7333333333333333,0.8070081349316912,0.8986864986528161,0.0006715049967169762,0.06666666666666667,beta
3447,0.7333333333333333,0.7333333333333333,0.8566247002929719,0.9318675430904464,0.0006782785058021545,0.0,beta
3448,0.5333333333333333,0.5333333333333333,0.6649321919778683,0.8218789736447217,0.0006650993600487709,0.13333333333333333,beta
3449,0.9333333333333333,0.9333333333333333,0.9573681250301603,0.9804067070711675,0.0006652744486927986,0.13333333333333333,beta
3450,0.8666666666666667,0.8666666666666667,0.9187730765657055,0.960193667603563,0.0006956607103347778,0.06666666666666667,beta
3451,0.8,0.8,0.823172154126369,0.8907865466315076,0.000660221092402935,0.0,beta
3452,0.6666666666666666,0.6666666666666666,0.7625218757267483,0.876197961676687,0.0006707636639475822,0.0,beta
3453,0.8,0.8,0.8757978268652792,0.9397939369800604,0.0006659487262368202,0.4,beta
3454,0.9333333333333333,0.9333333333333333,0.9770189107795009,0.9897087583836761,0.0007217777892947197,0.3333333333333333,beta
3455,0.8666666666666667,0.8666666666666667,0.9169150627405928,0.960343651944181,0.0006728954613208771,0.13333333333333333,beta
3456,0.6666666666666666,0.6666666666666666,0.7787917759256839,0.8826162876882461,0.0006811991333961487,0.0,beta
3457,1.0,1.0,1.0,1.0,0.0006716633215546608,0.0,beta
3458,0.8666666666666667,0.8666666666666667,0.9412122845178914,0.9713555320679234,0.0007083052769303322,0.0,beta
3459,0.8666666666666667,0.8666666666666667,0.9385782308351391,0.9717835128173399,0.0006630159914493561,0.0,beta
3460,0.8,0.8,0.8912880947280627,0.9489918331320557,0.0006935745477676392,0.0,beta
3461,0.8,0.8,0.9066605272390246,0.9558570276338526,0.0006729327142238617,0.0,beta
3462,0.4666666666666667,0.4666666666666667,0.5983028801867345,0.7756553164155641,0.0006514536216855049,0.06666666666666667,beta
3463,0.7333333333333333,0.7333333333333333,0.8671140371043955,0.9357226663350025,0.0006712786853313446,0.0,beta
3464,1.0,1.0,1.0,1.0,0.0006891246885061264,0.13333333333333333,beta
3465,0.8,0.8,0.9499973909889645,0.9779253837732126,0.0006646951660513878,0.0,beta
3466,0.8,0.8,0.959934036389803,0.9819419335663058,0.0006829341873526573,0.06666666666666667,beta
3467,0.8666666666666667,0.8666666666666667,0.8902120034270882,0.9423010233098951,0.0006912266835570335,0.06666666666666667,beta
3468,0.9333333333333333,0.9333333333333333,0.9733134861774189,0.9885163686114861,0.00067096296697855,0.0,beta
3469,0.7333333333333333,0.7333333333333333,0.836110421732394,0.9186203654975084,0.0006973277777433395,0.06666666666666667,beta
3470,0.8666666666666667,0.8666666666666667,0.9246316978846236,0.9634128727564738,0.0006774086505174637,0.0,beta
3471,0.6666666666666666,0.6666666666666666,0.7747104928719555,0.8795057821925858,0.0006677368655800819,0.06666666666666667,beta
3472,0.8666666666666667,0.8666666666666667,0.9101216068206444,0.9562760540214345,0.0006832769140601158,0.06666666666666667,beta
3473,0.6,0.6,0.7595340296964439,0.8818972045563112,0.0006754733622074127,0.13333333333333333,beta
3474,0.8666666666666667,0.8666666666666667,0.9442145021200765,0.9747851456913046,0.0006577000021934509,0.06666666666666667,beta
3475,0.8666666666666667,0.8666666666666667,0.9245790030885039,0.9649171803347915,0.0007212832570075989,0.13333333333333333,beta
3476,0.6666666666666666,0.6666666666666666,0.7586532975099508,0.877777049504129,0.0006578536704182625,0.0,beta
3477,0.8,0.8,0.9226726900822334,0.9643653684579606,0.0006750961765646935,0.13333333333333333,beta
3478,0.6666666666666666,0.6666666666666666,0.8458385784157317,0.9258742693386032,0.0006606671959161758,0.06666666666666667,beta
3479,1.0,1.0,1.0,1.0,0.0006989901885390282,0.13333333333333333,beta
3480,1.0,1.0,1.0,1.0,0.0006754128262400627,0.0,beta
3481,0.8666666666666667,0.8666666666666667,0.9316872057076532,0.9662185069626302,0.0006549479439854622,0.06666666666666667,beta
3482,1.0,1.0,1.0,1.0,0.0006799651309847832,0.0,beta
3483,1.0,1.0,1.0,1.0,0.0006694840267300606,0.06666666666666667,beta
3484,1.0,1.0,1.0,1.0,0.0006691133603453636,0.4666666666666667,beta
3485,0.6666666666666666,0.6666666666666666,0.7501319287217836,0.8692766258459962,0.0006583221256732941,0.06666666666666667,beta
3486,0.5333333333333333,0.5333333333333333,0.6042344422308864,0.7476477784192931,0.0006578639149665833,0.13333333333333333,beta
3487,0.7333333333333333,0.7333333333333333,0.7336361848641894,0.8271200955237228,0.0006606141105294228,0.0,beta
3488,0.8666666666666667,0.8666666666666667,0.9490032666975001,0.976249538151754,0.0006721979007124901,0.0,beta
3489,0.8,0.8,0.9051710080107729,0.9547783085110491,0.0006744423881173134,0.06666666666666667,beta
3490,0.6666666666666666,0.6666666666666666,0.837924015652929,0.9215417015782836,0.0006532240658998489,0.13333333333333333,beta
3491,0.5333333333333333,0.5333333333333333,0.6341215106732662,0.6658873381468075,0.0006856899708509445,0.06666666666666667,beta
3492,0.7333333333333333,0.7333333333333333,0.9055079439402408,0.9563974250631987,0.0006602378562092781,0.0,beta
3493,0.8,0.8,0.8905208703860268,0.9485424101290211,0.0006593326106667519,0.13333333333333333,beta
3494,0.8,0.8,0.8318966258929231,0.9082524758280036,0.0006746649742126465,0.06666666666666667,beta
3495,0.8,0.8,0.9715007016436792,0.9881203510378204,0.0006655044853687286,0.0,beta
3496,1.0,1.0,1.0,1.0,0.0006590578705072403,0.13333333333333333,beta
3497,0.8666666666666667,0.8666666666666667,0.9289835699231815,0.9665794850046395,0.0006919857114553452,0.13333333333333333,beta
3498,1.0,1.0,1.0,1.0,0.0006509320810437202,0.06666666666666667,beta
3499,1.0,1.0,1.0,1.0,0.0006846897304058075,0.13333333333333333,beta
3500,0.8666666666666667,0.8666666666666667,0.918670143024852,0.9624839017085675,0.0006877249106764793,0.0,beta
3501,0.8666666666666667,0.8666666666666667,0.9708847517319806,0.9878738790718385,0.0006639584898948669,0.13333333333333333,beta
3502,0.9333333333333333,0.9333333333333333,0.9539857283050462,0.9780318520074622,0.0006586462259292603,0.06666666666666667,beta
3503,0.4666666666666667,0.4666666666666667,0.6974516993792794,0.8419528151850462,0.0006718747317790985,0.0,beta
3504,0.4666666666666667,0.4666666666666667,0.5069876008677368,0.6357068965287003,0.0006594285368919373,0.0,beta
3505,0.8666666666666667,0.8666666666666667,0.9214014448873792,0.9589325295921364,0.0006928360089659691,0.0,beta
3506,0.9333333333333333,0.9333333333333333,0.9629600257062133,0.9829735333185753,0.0006710877642035484,0.2,beta
3507,0.8,0.8,0.9120534751359953,0.9591380541239359,0.0006503835320472717,0.2,beta
3508,0.8666666666666667,0.8666666666666667,0.9356729640561714,0.9701510284418742,0.0006724018603563309,0.06666666666666667,beta
3509,0.7333333333333333,0.7333333333333333,0.8760235467421817,0.941292469303261,0.0006725946441292763,0.0,beta
3510,0.8,0.8,0.8872281845881674,0.9456150194493407,0.0006853928789496422,0.0,beta
3511,0.9333333333333333,0.9333333333333333,0.988349953885651,0.9950648042180292,0.0006621917709708214,0.06666666666666667,beta
3512,1.0,1.0,1.0,1.0,0.0006490666419267654,0.0,beta
3513,0.6666666666666666,0.6666666666666666,0.8730733614789948,0.9413889028522194,0.0006756260991096497,0.06666666666666667,beta
3514,0.6,0.6,0.8303031155766444,0.9172786957133726,0.0006631044670939445,0.06666666666666667,beta
3515,0.7333333333333333,0.7333333333333333,0.9385143623161913,0.9721818516555247,0.0006894543766975403,0.0,beta
3516,0.7333333333333333,0.7333333333333333,0.8047568329137355,0.900713171391551,0.0006679212674498558,0.13333333333333333,beta
3517,0.9333333333333333,0.9333333333333333,0.9625137679134007,0.9827216264211067,0.000659615732729435,0.13333333333333333,beta
3518,0.9333333333333333,0.9333333333333333,0.9602669701341079,0.981869327698186,0.0007021483033895493,0.13333333333333333,beta
3519,0.9333333333333333,0.9333333333333333,0.9256986304600857,0.9588510456925146,0.0006664255633950233,0.0,beta
3520,0.8666666666666667,0.8666666666666667,0.9458083308459857,0.9756350734780669,0.0006632059812545776,0.13333333333333333,beta
3521,0.7333333333333333,0.7333333333333333,0.7741401049093335,0.8698491106207065,0.0006643664091825485,0.06666666666666667,beta
3522,1.0,1.0,1.0,1.0,0.0006597107276320457,0.13333333333333333,beta
3523,0.8666666666666667,0.8666666666666667,0.9343641336820805,0.96930108935237,0.0006848964840173721,0.06666666666666667,beta
3524,0.8,0.8,0.9339027644451426,0.9713448972130471,0.0006564659997820854,0.0,beta
3525,1.0,1.0,1.0,1.0,0.000657971017062664,0.06666666666666667,beta
3526,0.8666666666666667,0.8666666666666667,0.9398623136195303,0.9720212393501171,0.0006970968097448349,0.06666666666666667,beta
3527,0.5333333333333333,0.5333333333333333,0.7627678974668008,0.8736956582476983,0.0006489679217338562,0.0,beta
3528,0.9333333333333333,0.9333333333333333,0.9700412855090675,0.9863092328564903,0.0006836000829935074,0.4666666666666667,beta
3529,0.9333333333333333,0.9333333333333333,0.9813730868414295,0.9920501132347952,0.0006614327430725098,0.06666666666666667,beta
3530,0.4,0.4,0.4186498533444426,0.4818944053171141,0.0006997156888246536,0.06666666666666667,beta
3531,0.6666666666666666,0.6666666666666666,0.8336335247791664,0.9196755976933849,0.0006979210302233696,0.2,beta
3532,0.6666666666666666,0.6666666666666666,0.7676020979962815,0.8846084591865498,0.0006536925211548805,0.2,beta
3533,0.9333333333333333,0.9333333333333333,0.9508911901886421,0.9765299314243842,0.0006745988503098488,0.06666666666666667,beta
3534,0.8,0.8,0.9297677239914703,0.9671756264719975,0.0006839362904429436,0.06666666666666667,beta
3535,0.8666666666666667,0.8666666666666667,0.946734926388136,0.9756717094561463,0.0006558746099472046,0.0,beta
3536,0.8666666666666667,0.8666666666666667,0.9340010950666461,0.9693555609747125,0.0006818259134888649,0.06666666666666667,beta
3537,0.8666666666666667,0.8666666666666667,0.893471144719882,0.9465972125866686,0.000681891106069088,0.06666666666666667,beta
3538,0.8666666666666667,0.8666666666666667,0.9440167167410113,0.9746402672469947,0.000659785233438015,0.06666666666666667,beta
3539,0.6,0.6,0.8288695909699528,0.9206106757054945,0.0007109465077519417,0.0,beta
3540,0.8666666666666667,0.8666666666666667,0.9328304827532168,0.9687602975083643,0.0006644576787948608,0.0,beta
3541,1.0,1.0,1.0,1.0,0.0006729420274496078,0.0,beta
3542,0.5333333333333333,0.5333333333333333,0.6922114311344377,0.8420358970716488,0.0006668446585536003,0.06666666666666667,beta
3543,0.6,0.6,0.871005042627135,0.935552263213607,0.0006552292034029961,0.2,beta
3544,0.7333333333333333,0.7333333333333333,0.9508284909352609,0.9777931381059222,0.0006747497245669365,0.0,beta
3545,0.7333333333333333,0.7333333333333333,0.8576606854098091,0.9289435144221182,0.0006660604849457741,0.06666666666666667,beta
3546,0.8666666666666667,0.8666666666666667,0.9307645694029055,0.9677672176383282,0.0006610266864299774,0.0,beta
3547,0.6,0.6,0.7752755335799364,0.8888126575014241,0.0006830710917711258,0.0,beta
3548,1.0,1.0,1.0,1.0,0.0007370319217443466,0.0,beta
3549,0.8666666666666667,0.8666666666666667,0.936016466998474,0.9702992736823163,0.0006536394357681274,0.06666666666666667,beta
3550,0.4666666666666667,0.4666666666666667,0.6942224103573701,0.8393272250196449,0.0006813853979110718,0.2,beta
3551,0.8,0.8,0.8764579957647864,0.940205241786228,0.0006605042144656181,0.0,beta
3552,0.8666666666666667,0.8666666666666667,0.8988209659238959,0.9496753549665704,0.0006971759721636772,0.06666666666666667,beta
3553,0.6,0.6,0.6834386698915682,0.8219152161098883,0.0006691087037324905,0.06666666666666667,beta
3554,0.7333333333333333,0.7333333333333333,0.8147578847502585,0.8916551953900359,0.0006553027778863907,0.06666666666666667,beta
3555,0.7333333333333333,0.7333333333333333,0.7605414738865092,0.8550344532003565,0.000703170895576477,0.0,beta
3556,0.6666666666666666,0.6666666666666666,0.767119014028964,0.8707311363666009,0.0006777187809348106,0.06666666666666667,beta
3557,0.8,0.8,0.9187136061750392,0.9623657666642551,0.0006512068212032318,0.2,beta
3558,0.8,0.8,0.8842009512901511,0.9457585042939778,0.0006777560338377953,0.0,beta
3559,0.9333333333333333,0.9333333333333333,0.9774090274271099,0.9899988929084559,0.0006701964884996414,0.2,beta
3560,0.7333333333333333,0.7333333333333333,0.9204178511795018,0.9629149297754803,0.0006731385365128517,0.2,beta
3561,0.7333333333333333,0.7333333333333333,0.8706766482774799,0.9349515280605173,0.0006656432524323463,0.0,beta
3562,0.8,0.8,0.8984614426285779,0.9530663433816404,0.0007297582924365997,0.06666666666666667,beta
3563,0.8,0.8,0.8667319217539289,0.9356097907926771,0.0006730575114488602,0.13333333333333333,beta
3564,0.8,0.8,0.9095041982210881,0.9537960144423838,0.0007003992795944214,0.13333333333333333,beta
3565,0.8666666666666667,0.8666666666666667,0.9104462736802044,0.9543309663034091,0.0006624395027756691,0.0,beta
3566,0.9333333333333333,0.9333333333333333,0.9855616305741249,0.9935491932901896,0.0006632301956415176,0.0,beta
3567,0.8666666666666667,0.8666666666666667,0.9142808406160771,0.956794277578506,0.0007250187918543816,0.06666666666666667,beta
3568,1.0,1.0,1.0,1.0,0.0006642509251832962,0.13333333333333333,beta
3569,0.8666666666666667,0.8666666666666667,0.9542191761659418,0.9759047334396289,0.000664975494146347,0.13333333333333333,beta
3570,0.7333333333333333,0.7333333333333333,0.9239271431163388,0.9651351636589193,0.0006693964824080467,0.06666666666666667,beta
3571,1.0,1.0,1.0,1.0,0.0006684614345431328,0.13333333333333333,beta
3572,0.5333333333333333,0.5333333333333333,0.6135749612564776,0.729755084469796,0.0006944490596652031,0.0,beta
3573,0.6666666666666666,0.6666666666666666,0.7625246304222829,0.8783784799051463,0.0006634704768657684,0.2,beta
3574,0.8,0.8,0.9378464654216535,0.9709960357245738,0.0006718430668115616,0.06666666666666667,beta
3575,0.8,0.8,0.8586486124840033,0.9292494252423295,0.0006667627021670341,0.0,beta
3576,1.0,1.0,1.0,1.0,0.0006723077967762947,0.0,beta
3577,0.8,0.8,0.9749474730879626,0.9893091967630437,0.000660482794046402,0.0,beta
3578,0.9333333333333333,0.9333333333333333,0.9956051402266674,0.9982141780570251,0.0006598858162760735,0.06666666666666667,beta
3579,0.9333333333333333,0.9333333333333333,0.9625939736327251,0.9828253705638406,0.000662350095808506,0.06666666666666667,beta
3580,0.9333333333333333,0.9333333333333333,0.9867725612706538,0.9943943367417032,0.0006687277927994728,0.06666666666666667,beta
3581,1.0,1.0,1.0,1.0,0.0006771348416805267,0.0,beta
3582,0.8,0.8,0.8985478898999633,0.9523737528222195,0.0006854645907878876,0.06666666666666667,beta
3583,0.8666666666666667,0.8666666666666667,0.9376636667917746,0.9712999578795275,0.0006710570305585861,0.13333333333333333,beta
3584,1.0,1.0,1.0,1.0,0.0006612120196223259,0.13333333333333333,beta
3585,0.8666666666666667,0.8666666666666667,0.9050062036975017,0.9510692157782555,0.0006676781922578812,0.13333333333333333,beta
3586,0.6,0.6,0.7403932299190465,0.86356820077441,0.0006636222824454308,0.0,beta
3587,0.6666666666666666,0.6666666666666666,0.8531931089465633,0.9265189734240495,0.0007172292098402977,0.06666666666666667,beta
3588,0.8666666666666667,0.8666666666666667,0.9503151965975246,0.9771286992547276,0.0006715999916195869,0.06666666666666667,beta
3589,0.8666666666666667,0.8666666666666667,0.93075080331218,0.9685850973644853,0.0006793178617954254,0.26666666666666666,beta
3590,0.8,0.8,0.838869061184882,0.9185827787804314,0.0006643971428275108,0.06666666666666667,beta
3591,0.8,0.8,0.7928349572309005,0.8781008182459196,0.0006802016869187355,0.0,beta
3592,0.9333333333333333,0.9333333333333333,0.9432320453990891,0.9717371121690056,0.000669172964990139,0.0,beta
3593,0.8666666666666667,0.8666666666666667,0.943869365345371,0.9746334369223294,0.0006459197029471397,0.06666666666666667,beta
3594,1.0,1.0,1.0,1.0,0.0006724260747432709,0.13333333333333333,beta
3595,0.8,0.8,0.861493526590401,0.9285391814270154,0.0007824776694178581,0.0,beta
3596,1.0,1.0,1.0,1.0,0.0006953179836273193,0.0,beta
3597,0.8666666666666667,0.8666666666666667,0.9223482339724943,0.9634296290448059,0.0006701508536934853,0.13333333333333333,beta
3598,0.7333333333333333,0.7333333333333333,0.7994365152749415,0.8979503394138778,0.0007186811417341232,0.0,beta
3599,0.9333333333333333,0.9333333333333333,0.9542142641023798,0.9782659356322361,0.0006661945953965187,0.13333333333333333,beta
3600,0.9333333333333333,0.9333333333333333,0.9611485841701191,0.9817728503971994,0.0007796511054039001,0.06666666666666667,beta
3601,0.7333333333333333,0.7333333333333333,0.7847915924932298,0.8842177327528061,0.0006681075319647789,0.0,beta
3602,0.9333333333333333,0.9333333333333333,0.9577587436442041,0.9799967564712372,0.0006675291806459427,0.0,beta
3603,0.4666666666666667,0.4666666666666667,0.6686948841657051,0.8237805427323492,0.0006957864388823509,0.0,beta
3604,0.8,0.8,0.8804463075180382,0.9409832589891808,0.0006709117442369461,0.06666666666666667,beta
3605,0.8666666666666667,0.8666666666666667,0.9792249955399395,0.9911395049763587,0.0006574857980012894,0.2,beta
3606,0.5333333333333333,0.5333333333333333,0.6720214678850406,0.8022286866561998,0.000663035549223423,0.06666666666666667,beta
3607,0.8,0.8,0.9021336691601063,0.9540748966410272,0.0006804019212722778,0.0,beta
3608,0.8,0.8,0.9801972672785889,0.9911455016439712,0.0007039522752165794,0.0,beta
3609,1.0,1.0,1.0,1.0,0.0006810016930103302,0.06666666666666667,beta
3610,0.9333333333333333,0.9333333333333333,0.9953928398580724,0.9980958180050514,0.0006700744852423668,0.06666666666666667,beta
3611,0.9333333333333333,0.9333333333333333,0.9490897286264753,0.9751050778643992,0.0006619421765208244,0.0,beta
3612,0.8,0.8,0.8625230843024226,0.9315344598456888,0.0006646988913416862,0.0,beta
3613,0.9333333333333333,0.9333333333333333,0.9509618927369881,0.9753108029165816,0.000663289800286293,0.06666666666666667,beta
3614,0.6666666666666666,0.6666666666666666,0.8773418278145295,0.94345748128159,0.0006796820089221001,0.06666666666666667,beta
3615,0.6,0.6,0.7373862033760327,0.86524925210858,0.0006487378850579262,0.0,beta
3616,0.9333333333333333,0.9333333333333333,0.9622123478304138,0.98253995352903,0.0006926935166120529,0.06666666666666667,beta
3617,1.0,1.0,1.0,1.0,0.0006811963394284248,0.06666666666666667,beta
3618,0.9333333333333333,0.9333333333333333,0.9672697064512967,0.984957619865741,0.0006677154451608658,0.26666666666666666,beta
3619,0.8666666666666667,0.8666666666666667,0.9379345897573154,0.9719341732866184,0.0006727166473865509,0.2,beta
3620,0.8666666666666667,0.8666666666666667,0.9662072348764874,0.9853779145290354,0.0006599267944693565,0.2,beta
3621,0.9333333333333333,0.9333333333333333,0.9599940873559462,0.981278681071423,0.0006679035723209381,0.13333333333333333,beta
3622,0.6666666666666666,0.6666666666666666,0.8384742647299657,0.9224228301772429,0.0006659505888819695,0.0,beta
3623,0.8,0.8,0.8772557942251487,0.9412872284506008,0.0006942665204405785,0.26666666666666666,beta
3624,1.0,1.0,1.0,1.0,0.0006773453205823898,0.0,beta
3625,0.8666666666666667,0.8666666666666667,0.9126848404902392,0.9581220249789018,0.0006738081574440002,0.13333333333333333,beta
3626,0.8666666666666667,0.8666666666666667,0.9598319413881041,0.9827522302255417,0.000707799568772316,0.06666666666666667,beta
3627,0.8,0.8,0.9450955881292293,0.9750788659335103,0.0006790990009903908,0.06666666666666667,beta
3628,0.8,0.8,0.9261829158082092,0.9662289581435787,0.0006620204076170921,0.06666666666666667,beta
3629,0.6666666666666666,0.6666666666666666,0.7158224462909806,0.8301426701091484,0.0006862105801701546,0.13333333333333333,beta
3630,0.5333333333333333,0.5333333333333333,0.7410986440641895,0.8700222929067752,0.00067133828997612,0.06666666666666667,beta
3631,0.7333333333333333,0.7333333333333333,0.8828081085930014,0.9456713930107217,0.0006615016609430313,0.0,beta
3632,0.8666666666666667,0.8666666666666667,0.9541467484189033,0.9792762060307076,0.0006682742387056351,0.06666666666666667,beta
3633,0.8666666666666667,0.8666666666666667,0.9295069533434935,0.9637091113323408,0.000661737285554409,0.06666666666666667,beta
3634,0.7333333333333333,0.7333333333333333,0.7834872920418172,0.8630910488585531,0.0006636912003159523,0.06666666666666667,beta
3635,0.8666666666666667,0.8666666666666667,0.9256190557112262,0.9649456025064664,0.0006648711860179901,0.13333333333333333,beta
3636,0.9333333333333333,0.9333333333333333,0.9890183769249955,0.995415474101548,0.0006587766110897064,0.2,beta
3637,0.9333333333333333,0.9333333333333333,0.99057133077084,0.9961364358232263,0.000659748911857605,0.3333333333333333,beta
3638,0.9333333333333333,0.9333333333333333,0.9727624205573507,0.9880083409571221,0.0006601884961128235,0.13333333333333333,beta
3639,0.9333333333333333,0.9333333333333333,0.8455728814774393,0.8821728468771712,0.0006904983893036842,0.13333333333333333,beta
3640,1.0,1.0,1.0,1.0,0.0006538741290569305,0.06666666666666667,beta
3641,0.7333333333333333,0.7333333333333333,0.8690030143241972,0.9331901781674843,0.0006624069064855576,0.13333333333333333,beta
3642,0.9333333333333333,0.9333333333333333,0.9722623031529107,0.9872920449534891,0.0006904834881424904,0.06666666666666667,beta
3643,0.8666666666666667,0.8666666666666667,0.9093136078429322,0.9565899734689853,0.0006571710109710693,0.13333333333333333,beta
3644,0.5333333333333333,0.5333333333333333,0.719370440197265,0.8581959963369099,0.0007006945088505745,0.06666666666666667,beta
3645,0.6,0.6,0.8843200244186469,0.9478400040774174,0.000661555677652359,0.0,beta
3646,1.0,1.0,1.0,1.0,0.0006931954994797707,0.0,beta
3647,0.4,0.4,0.6763798190009124,0.8220347799630802,0.0006798878312110901,0.06666666666666667,beta
3648,0.6,0.6,0.7846482226227192,0.8813245435596085,0.0006546285003423691,0.0,beta
3649,1.0,1.0,1.0,1.0,0.0006843293085694313,0.13333333333333333,beta
3650,0.8666666666666667,0.8666666666666667,0.9199738241577604,0.9625617299170729,0.0006678309291601181,0.06666666666666667,beta
3651,0.8666666666666667,0.8666666666666667,0.9107110462651163,0.9568799642942811,0.0006680898368358612,0.06666666666666667,beta
3652,0.6666666666666666,0.6666666666666666,0.7718403957405228,0.8817126721935278,0.0006878701969981194,0.06666666666666667,beta
3653,0.6,0.6,0.7882501830432377,0.8994873161178927,0.0006692949682474136,0.13333333333333333,beta
3654,0.7333333333333333,0.7333333333333333,0.8050769578460117,0.8893181770104123,0.0006846562027931213,0.0,beta
3655,0.6666666666666666,0.6666666666666666,0.5038501571443168,0.4929124095566712,0.0006721299141645432,0.0,beta
3656,1.0,1.0,1.0,1.0,0.0006723981350660324,0.13333333333333333,beta
3657,0.4666666666666667,0.4666666666666667,0.6155879559757237,0.7920667010657894,0.0006848815828561783,0.06666666666666667,beta
3658,0.8666666666666667,0.8666666666666667,0.8798121390941329,0.9354746986003494,0.0006822459399700165,0.0,beta
3659,0.8,0.8,0.8848038882001638,0.9430625310466623,0.0006585968658328056,0.13333333333333333,beta
3660,1.0,1.0,1.0,1.0,0.0006581172347068787,0.13333333333333333,beta
3661,0.8,0.8,0.8883860199236557,0.9463411814635329,0.0006897458806633949,0.06666666666666667,beta
3662,0.7333333333333333,0.7333333333333333,0.8518667100274258,0.929511658101714,0.0006530825048685074,0.2,beta
3663,0.7333333333333333,0.7333333333333333,0.8653126994446819,0.9328741972915958,0.0006551994010806084,0.13333333333333333,beta
3664,0.8666666666666667,0.8666666666666667,0.9604639419677499,0.9831327394730035,0.0006972672417759895,0.0,beta
3665,0.7333333333333333,0.7333333333333333,0.8396065712022187,0.9237246369946914,0.0006619254127144814,0.13333333333333333,beta
3666,0.7333333333333333,0.7333333333333333,0.8737028297762374,0.9386636073324147,0.0006834259256720543,0.0,beta
3667,0.6666666666666666,0.6666666666666666,0.8799124389670816,0.9444734851127011,0.0006847074255347252,0.0,beta
3668,1.0,1.0,1.0,1.0,0.0006592096760869026,0.13333333333333333,beta
3669,0.6,0.6,0.7511042580129174,0.872927777952998,0.0006611263379454613,0.13333333333333333,beta
3670,0.9333333333333333,0.9333333333333333,0.9695893520919634,0.9863212262924622,0.0006785960868000984,0.13333333333333333,beta
3671,0.7333333333333333,0.7333333333333333,0.8479153593519374,0.9248174810977619,0.0006601493805646896,0.06666666666666667,beta
3672,0.8,0.8,0.9533264249081328,0.9791215025464952,0.0006590085104107857,0.13333333333333333,beta
3673,0.9333333333333333,0.9333333333333333,0.98875353279545,0.9953936049959256,0.0006568217650055885,0.06666666666666667,beta
3674,0.6,0.6,0.7567502791633525,0.8772191672383359,0.0006810436025261879,0.06666666666666667,beta
3675,0.6666666666666666,0.6666666666666666,0.7771603950604304,0.8836037025088992,0.0006941407918930054,0.0,beta
3676,0.9333333333333333,0.9333333333333333,0.9653575815044687,0.9843945400066028,0.0007025236263871193,0.13333333333333333,beta
3677,0.5333333333333333,0.5333333333333333,0.7007496471169141,0.8473252763296177,0.0006701070815324783,0.0,beta
3678,0.6,0.6,0.7700396553636893,0.8821413308562871,0.0007022572681307793,0.13333333333333333,beta
3679,0.5333333333333333,0.5333333333333333,0.6714745641333344,0.8291633352476006,0.0006654933094978333,0.0,beta
3680,1.0,1.0,1.0,1.0,0.0006555970758199692,0.06666666666666667,beta
3681,0.8,0.8,0.7904142344412539,0.8516550718886459,0.0006659645587205887,0.06666666666666667,beta
3682,0.6666666666666666,0.6666666666666666,0.8145980882163797,0.9081197653130137,0.0006534643471240997,0.0,beta
3683,0.9333333333333333,0.9333333333333333,0.9413339984073161,0.9699350572003218,0.0006747879087924957,0.0,beta
3684,0.8,0.8,0.9326066377989646,0.9704700528850517,0.0006811739876866341,0.0,beta
3685,0.9333333333333333,0.9333333333333333,0.9666753395405328,0.9852700604518102,0.0006528273224830627,0.13333333333333333,beta
3686,0.8666666666666667,0.8666666666666667,0.9292071790567329,0.9668524992964633,0.0006808452308177948,0.0,beta
3687,0.6666666666666666,0.6666666666666666,0.8120577529139663,0.9087569333455233,0.0006584785878658295,0.0,beta
3688,1.0,1.0,1.0,1.0,0.0007058475166559219,0.13333333333333333,beta
3689,0.8666666666666667,0.8666666666666667,0.92757028977154,0.9666483030748417,0.0007415600121021271,0.13333333333333333,beta
3690,1.0,1.0,1.0,1.0,0.0006699683144688606,0.13333333333333333,beta
3691,0.9333333333333333,0.9333333333333333,0.9545971849284204,0.9783411428876773,0.0006662020459771156,0.06666666666666667,beta
3692,0.8666666666666667,0.8666666666666667,0.922884220209261,0.9635770172669973,0.000661313533782959,0.13333333333333333,beta
3693,0.7333333333333333,0.7333333333333333,0.7781300935799399,0.8734763519769704,0.0006631501019001007,0.0,beta
3694,0.7333333333333333,0.7333333333333333,0.8109408241535444,0.9037073324710886,0.0006589898839592934,0.06666666666666667,beta
3695,0.8666666666666667,0.8666666666666667,0.9403183280614053,0.9726419603891963,0.0006516212597489357,0.0,beta
3696,0.7333333333333333,0.7333333333333333,0.8166918794833554,0.9066418144492435,0.000665249302983284,0.06666666666666667,beta
3697,0.6666666666666666,0.6666666666666666,0.6944869845661448,0.7738504938616162,0.0006648832932114601,0.06666666666666667,beta
3698,0.7333333333333333,0.7333333333333333,0.7869298018659512,0.8900370949030805,0.0006758496165275574,0.06666666666666667,beta
3699,1.0,1.0,1.0,1.0,0.000688561238348484,0.0,beta
3700,0.6666666666666666,0.6666666666666666,0.9071538330557428,0.9534962051470747,0.0006717424839735031,0.13333333333333333,beta
3701,0.6,0.6,0.7466363437137237,0.87224056696843,0.0006974153220653534,0.06666666666666667,beta
3702,0.7333333333333333,0.7333333333333333,0.9180558086549885,0.9632908340291163,0.000675516203045845,0.06666666666666667,beta
3703,0.8,0.8,0.8855326898680823,0.9435901888993096,0.0006617391481995583,0.06666666666666667,beta
3704,0.7333333333333333,0.7333333333333333,0.898103552193166,0.9506500894771787,0.0007028458639979362,0.06666666666666667,beta
3705,1.0,1.0,1.0,1.0,0.0006720386445522308,0.0,beta
3706,0.6666666666666666,0.6666666666666666,0.8560986762935946,0.9334266350743786,0.0007005743682384491,0.0,beta
3707,0.9333333333333333,0.9333333333333333,0.974564951125348,0.9889685335330588,0.000685814768075943,0.13333333333333333,beta
3708,0.8,0.8,0.8888777933242394,0.9467169249154004,0.0006711147725582123,0.0,beta
3709,0.8,0.8,0.8610518733734482,0.9308327308615673,0.0006798896938562393,0.13333333333333333,beta
3710,0.8666666666666667,0.8666666666666667,0.9114866428813456,0.9580849739266293,0.0006603067740797997,0.0,beta
3711,0.8666666666666667,0.8666666666666667,0.9152721087769857,0.9582570656835834,0.0006970781832933426,0.06666666666666667,beta
3712,0.8,0.8,0.9011829102895573,0.9537650732065114,0.0006722668185830116,0.0,beta
3713,0.4666666666666667,0.4666666666666667,0.4900775359382256,0.5622628436493796,0.0006638159975409508,0.06666666666666667,beta
3714,0.7333333333333333,0.7333333333333333,0.7925941557160993,0.8854676742913853,0.0006608674302697182,0.2,beta
3715,0.6666666666666666,0.6666666666666666,0.7657095189852605,0.8831900182366625,0.0006660968065261841,0.06666666666666667,beta
3716,0.8,0.8,0.9085141615078857,0.9582575119915886,0.0006544645875692368,0.13333333333333333,beta
3717,0.9333333333333333,0.9333333333333333,0.9663151064269467,0.9853026925515024,0.0006580660119652748,0.06666666666666667,beta
3718,1.0,1.0,1.0,1.0,0.0006614569574594498,0.13333333333333333,beta
3719,0.9333333333333333,0.9333333333333333,0.9625691298107167,0.9828214016520835,0.0006594164296984673,0.0,ductal
3720,1.0,1.0,1.0,1.0,0.0006650881841778755,0.13333333333333333,ductal
3721,1.0,1.0,1.0,1.0,0.0006591379642486572,0.0,ductal
3722,1.0,1.0,1.0,1.0,0.0006517432630062103,0.06666666666666667,ductal
3723,0.7333333333333333,0.7333333333333333,0.9265320882701716,0.9682568551152235,0.000706859864294529,0.06666666666666667,ductal
3724,0.8666666666666667,0.8666666666666667,0.9664336871514859,0.9854449333856228,0.0006617549806833267,0.06666666666666667,ductal
3725,0.8666666666666667,0.8666666666666667,0.8901561776275474,0.9438436712792414,0.0006979918107390404,0.06666666666666667,ductal
3726,0.8,0.8,0.9069958149133162,0.9570518590162271,0.0006686868146061897,0.06666666666666667,ductal
3727,1.0,1.0,1.0,1.0,0.0006430884823203087,0.13333333333333333,ductal
3728,0.9333333333333333,0.9333333333333333,0.9783093024161212,0.990543264156379,0.0007049944251775742,0.06666666666666667,ductal
3729,1.0,1.0,1.0,1.0,0.0006707478314638138,0.6,ductal
3730,1.0,1.0,1.0,1.0,0.0006772037595510483,0.13333333333333333,ductal
3731,1.0,1.0,1.0,1.0,0.0006731217727065086,0.3333333333333333,ductal
3732,0.9333333333333333,0.9333333333333333,0.9612653963441646,0.9822421694633166,0.0006981166079640388,0.2,ductal
3733,0.9333333333333333,0.9333333333333333,0.9760005344664419,0.9891186695925345,0.0006679883226752281,0.06666666666666667,ductal
3734,0.7333333333333333,0.7333333333333333,0.8938757087576569,0.9492585001766132,0.0006577735766768456,0.2,ductal
3735,1.0,1.0,1.0,1.0,0.0006719948723912239,0.2,ductal
3736,0.9333333333333333,0.9333333333333333,0.9578527256156245,0.9800393187358692,0.0007032239809632301,0.06666666666666667,ductal
3737,0.9333333333333333,0.9333333333333333,0.961724341715072,0.9820515580519971,0.000693468376994133,0.06666666666666667,ductal
3738,1.0,1.0,1.0,1.0,0.0006726980209350586,0.06666666666666667,ductal
3739,1.0,1.0,1.0,1.0,0.0006636278703808784,0.06666666666666667,ductal
3740,1.0,1.0,1.0,1.0,0.0006797555834054947,0.5333333333333333,ductal
3741,0.8666666666666667,0.8666666666666667,0.9607663735320637,0.9828987016233784,0.0006558103486895561,0.06666666666666667,ductal
3742,0.9333333333333333,0.9333333333333333,0.953723612303079,0.9779059144504287,0.0006996272131800652,0.26666666666666666,ductal
3743,1.0,1.0,1.0,1.0,0.000676427036523819,0.13333333333333333,ductal
3744,0.7333333333333333,0.7333333333333333,0.9060236846243681,0.9554663071937426,0.0006793206557631493,0.13333333333333333,ductal
3745,1.0,1.0,1.0,1.0,0.000672842375934124,0.13333333333333333,ductal
3746,0.9333333333333333,0.9333333333333333,0.9938421850763742,0.9973131119658117,0.0006768032908439636,0.0,ductal
3747,1.0,1.0,1.0,1.0,0.0006654197350144386,0.2,ductal
3748,1.0,1.0,1.0,1.0,0.0007266281172633171,0.4666666666666667,ductal
3749,1.0,1.0,1.0,1.0,0.0006628511473536491,0.06666666666666667,ductal
3750,1.0,1.0,1.0,1.0,0.0006555197760462761,0.13333333333333333,ductal
3751,0.9333333333333333,0.9333333333333333,0.9769106444629442,0.9896901203628506,0.0006835060194134712,0.26666666666666666,ductal
3752,1.0,1.0,1.0,1.0,0.0006775055080652237,0.06666666666666667,ductal
3753,0.9333333333333333,0.9333333333333333,0.9648595731141547,0.9836004854805854,0.000657285563647747,0.13333333333333333,ductal
3754,1.0,1.0,1.0,1.0,0.0006983112543821335,0.06666666666666667,ductal
3755,1.0,1.0,1.0,1.0,0.0006651170551776886,0.13333333333333333,ductal
3756,1.0,1.0,1.0,1.0,0.0006637806072831154,0.13333333333333333,ductal
3757,1.0,1.0,1.0,1.0,0.0006638308987021446,0.06666666666666667,ductal
3758,1.0,1.0,1.0,1.0,0.0006693368777632713,0.06666666666666667,ductal
3759,1.0,1.0,1.0,1.0,0.0006594443693757057,0.13333333333333333,ductal
3760,1.0,1.0,1.0,1.0,0.0006621303036808968,0.13333333333333333,ductal
3761,1.0,1.0,1.0,1.0,0.0006582280620932579,0.06666666666666667,ductal
3762,0.9333333333333333,0.9333333333333333,0.9869489809181223,0.9944769479505614,0.0006819656118750572,0.06666666666666667,ductal
3763,0.9333333333333333,0.9333333333333333,0.9949593546659032,0.9978751606199567,0.000661010853946209,0.6666666666666666,ductal
3764,0.8666666666666667,0.8666666666666667,0.939581619880536,0.9723171989726984,0.0006692390888929367,0.06666666666666667,ductal
3765,0.9333333333333333,0.9333333333333333,0.9752117067253231,0.9889833009539846,0.0006598467007279396,0.2,ductal
3766,0.9333333333333333,0.9333333333333333,0.9666213809124131,0.9846229996012923,0.0006752787157893181,0.13333333333333333,ductal
3767,1.0,1.0,1.0,1.0,0.0006594005972146988,0.13333333333333333,ductal
3768,1.0,1.0,1.0,1.0,0.0007202019914984703,0.0,ductal
3769,0.9333333333333333,0.9333333333333333,0.9790315311379254,0.9907375213330799,0.0006494494155049324,0.06666666666666667,ductal
3770,1.0,1.0,1.0,1.0,0.0006562992930412292,0.06666666666666667,ductal
3771,0.8666666666666667,0.8666666666666667,0.9563570786698498,0.9812065796546816,0.0006823716685175896,0.13333333333333333,ductal
3772,1.0,1.0,1.0,1.0,0.0006601540371775627,0.06666666666666667,ductal
3773,1.0,1.0,1.0,1.0,0.0007465379312634468,0.0,ductal
3774,0.8666666666666667,0.8666666666666667,0.9820836386614251,0.9925341843334033,0.0006639976054430008,0.13333333333333333,ductal
3775,0.8666666666666667,0.8666666666666667,0.9557542446658537,0.9800256200425221,0.0006824061274528503,0.06666666666666667,ductal
3776,1.0,1.0,1.0,1.0,0.000673697330057621,0.06666666666666667,ductal
3777,0.8,0.8,0.9348420491360856,0.9710304865541035,0.0006562331691384315,0.13333333333333333,ductal
3778,0.9333333333333333,0.9333333333333333,0.9725618761442643,0.987612194338975,0.0006715357303619385,0.0,ductal
3779,0.9333333333333333,0.9333333333333333,0.9752731386583096,0.9892798572591756,0.0006857123225927353,0.13333333333333333,ductal
3780,1.0,1.0,1.0,1.0,0.0006562182679772377,0.6,ductal
3781,1.0,1.0,1.0,1.0,0.0006613768637180328,0.2,ductal
3782,1.0,1.0,1.0,1.0,0.0006869975477457047,0.06666666666666667,ductal
3783,0.8,0.8,0.9184420754150557,0.9626509395542217,0.0006549451500177383,0.0,ductal
3784,0.9333333333333333,0.9333333333333333,0.9709638757690798,0.9868335826906973,0.0006681336089968681,0.3333333333333333,ductal
3785,0.8666666666666667,0.8666666666666667,0.9996714767297111,0.999848436282951,0.0006599435582756996,0.0,ductal
3786,1.0,1.0,1.0,1.0,0.0006612055003643036,0.06666666666666667,ductal
3787,0.9333333333333333,0.9333333333333333,0.9673192489259316,0.9854024259527017,0.0006979359313845634,0.06666666666666667,ductal
3788,0.8666666666666667,0.8666666666666667,0.9777918333004049,0.9907366047878989,0.0006656795740127563,0.0,ductal
3789,0.8,0.8,0.9307163760545403,0.9685350601991595,0.0006618285551667213,0.06666666666666667,ductal
3790,0.9333333333333333,0.9333333333333333,0.9644299370655326,0.9835036356428992,0.0006867749616503716,0.0,ductal
3791,1.0,1.0,1.0,1.0,0.0006831753998994827,0.06666666666666667,ductal
3792,0.8666666666666667,0.8666666666666667,0.9247397775970888,0.964375785772603,0.0006603514775633812,0.4,ductal
3793,0.9333333333333333,0.9333333333333333,0.9599748651703837,0.9810243648630843,0.0006880918517708778,0.13333333333333333,ductal
3794,1.0,1.0,1.0,1.0,0.0006573488935828209,0.5333333333333333,ductal
3795,1.0,1.0,1.0,1.0,0.0006700828671455383,0.26666666666666666,ductal
3796,1.0,1.0,1.0,1.0,0.0006823251023888588,0.13333333333333333,ductal
3797,1.0,1.0,1.0,1.0,0.0006591919809579849,0.2,ductal
3798,0.9333333333333333,0.9333333333333333,0.9455579466180773,0.9727385424900101,0.0006782952696084976,0.13333333333333333,ductal
3799,0.9333333333333333,0.9333333333333333,0.9739552872997995,0.9886127015174306,0.0006866790354251862,0.06666666666666667,ductal
3800,1.0,1.0,1.0,1.0,0.0006850510835647583,0.06666666666666667,ductal
3801,1.0,1.0,1.0,1.0,0.0006913198158144951,0.4,ductal
3802,1.0,1.0,1.0,1.0,0.00065641850233078,0.0,ductal
3803,1.0,1.0,1.0,1.0,0.0006785960868000984,0.13333333333333333,ductal
3804,0.9333333333333333,0.9333333333333333,0.9742355394283199,0.988314154611806,0.0006912490352988243,0.13333333333333333,ductal
3805,1.0,1.0,1.0,1.0,0.0006631007418036461,0.3333333333333333,ductal
3806,0.9333333333333333,0.9333333333333333,0.9633917298810664,0.9828836126670447,0.0006635738536715508,0.13333333333333333,ductal
3807,0.9333333333333333,0.9333333333333333,0.9714805493490422,0.9871090977963368,0.0007079625502228737,0.13333333333333333,ductal
3808,0.8666666666666667,0.8666666666666667,0.948422974103712,0.9763494196960528,0.0006566829979419708,0.13333333333333333,ductal
3809,1.0,1.0,1.0,1.0,0.0006598671898245811,0.0,ductal
3810,0.9333333333333333,0.9333333333333333,0.9714962361771369,0.9871454606846247,0.0006680674850940704,0.06666666666666667,ductal
3811,0.8666666666666667,0.8666666666666667,0.9385038011535971,0.9719744424585217,0.0006489939987659454,0.06666666666666667,ductal
3812,0.9333333333333333,0.9333333333333333,0.9669753000082159,0.9849639087348236,0.0006752777844667435,0.0,ductal
3813,0.8666666666666667,0.8666666666666667,0.9608851802296039,0.9822552372854043,0.0006571207195520401,0.3333333333333333,ductal
3814,1.0,1.0,1.0,1.0,0.0006817001849412918,0.13333333333333333,ductal
3815,0.6666666666666666,0.6666666666666666,0.7649678489264886,0.8752473327633049,0.0006775222718715668,0.06666666666666667,ductal
3816,1.0,1.0,1.0,1.0,0.0006620120257139206,0.3333333333333333,ductal
3817,0.9333333333333333,0.9333333333333333,0.9813168222093497,0.9920264088941685,0.0006708269938826561,0.0,ductal
3818,0.9333333333333333,0.9333333333333333,0.9738115559418845,0.9883475077503999,0.0006630104035139084,0.06666666666666667,ductal
3819,0.9333333333333333,0.9333333333333333,0.9781700661194465,0.9905340223273505,0.0006645647808909416,0.4666666666666667,ductal
3820,0.6666666666666666,0.6666666666666666,0.9164056556799169,0.9615699508703912,0.0006809486076235771,0.13333333333333333,ductal
3821,1.0,1.0,1.0,1.0,0.0006745690479874611,0.13333333333333333,ductal
3822,1.0,1.0,1.0,1.0,0.0006933268159627914,0.06666666666666667,ductal
3823,0.9333333333333333,0.9333333333333333,0.9606446858482641,0.9818900279358036,0.0006654337048530579,0.0,ductal
3824,0.7333333333333333,0.7333333333333333,0.8379707918024738,0.9218029115264933,0.0006979508325457573,0.13333333333333333,ductal
3825,0.9333333333333333,0.9333333333333333,0.9871664398124759,0.9945530053753256,0.0006640162318944931,0.06666666666666667,ductal
3826,1.0,1.0,1.0,1.0,0.000660942867398262,0.5333333333333333,ductal
3827,1.0,1.0,1.0,1.0,0.0007022274658083916,0.0,ductal
3828,0.8666666666666667,0.8666666666666667,0.8897166402438752,0.9436995470892949,0.0006581759080290794,0.0,ductal
3829,1.0,1.0,1.0,1.0,0.0006814934313297272,0.0,ductal
3830,0.7333333333333333,0.7333333333333333,0.8001255403211177,0.8959865083414699,0.0006957417353987694,0.06666666666666667,ductal
3831,0.8666666666666667,0.8666666666666667,0.9611631480201629,0.9822971700758503,0.0006729671731591225,0.0,ductal
3832,0.9333333333333333,0.9333333333333333,0.9783715900852755,0.9907054928572872,0.0006640302017331123,0.06666666666666667,ductal
3833,0.8,0.8,0.8908109064060475,0.9508478943674246,0.0006514713168144226,0.26666666666666666,ductal
3834,1.0,1.0,1.0,1.0,0.0006823437288403511,0.5333333333333333,ductal
3835,1.0,1.0,1.0,1.0,0.0006785383448004723,0.0,ductal
3836,1.0,1.0,1.0,1.0,0.0006666304543614388,0.2,ductal
3837,1.0,1.0,1.0,1.0,0.0006766356527805328,0.13333333333333333,ductal
3838,0.8,0.8,0.8753749196908512,0.9400457448179648,0.0006600292399525642,0.0,ductal
3839,1.0,1.0,1.0,1.0,0.0006940914317965508,0.0,ductal
3840,1.0,1.0,1.0,1.0,0.000684347003698349,0.4666666666666667,ductal
3841,0.8666666666666667,0.8666666666666667,0.9383020865285521,0.9722402346118372,0.0006591789424419403,0.06666666666666667,ductal
3842,0.9333333333333333,0.9333333333333333,0.9789342784272024,0.9907533812161032,0.0006749965250492096,0.0,ductal
3843,0.9333333333333333,0.9333333333333333,0.9853020200235817,0.9937234321420902,0.000662003643810749,0.0,ductal
3844,1.0,1.0,1.0,1.0,0.0006770975887775421,0.0,ductal
3845,1.0,1.0,1.0,1.0,0.000652676448225975,0.26666666666666666,ductal
3846,0.9333333333333333,0.9333333333333333,0.9705307121297481,0.9868037813862028,0.0006841197609901428,0.06666666666666667,ductal
3847,0.9333333333333333,0.9333333333333333,0.940714626332267,0.9696994316614731,0.000661696307361126,0.0,ductal
3848,1.0,1.0,1.0,1.0,0.0006621405482292175,0.06666666666666667,ductal
3849,0.9333333333333333,0.9333333333333333,0.9223055893798062,0.9558100390592523,0.0006804307922720909,0.06666666666666667,ductal
3850,0.9333333333333333,0.9333333333333333,0.9544737185617478,0.9774478970454117,0.000663386657834053,0.13333333333333333,ductal
3851,0.9333333333333333,0.9333333333333333,0.9737594428780901,0.988421633957398,0.0006903372704982758,0.0,ductal
3852,1.0,1.0,1.0,1.0,0.0006757611408829689,0.13333333333333333,ductal
3853,0.9333333333333333,0.9333333333333333,0.9853757492096005,0.9937010268837199,0.000665813684463501,0.13333333333333333,ductal
3854,0.9333333333333333,0.9333333333333333,0.9991764990860416,0.9996652978453061,0.0006608674302697182,0.13333333333333333,ductal
3855,0.8666666666666667,0.8666666666666667,0.9084529622443307,0.9551582980563991,0.0007289974018931389,0.06666666666666667,ductal
3856,0.8,0.8,0.8732367734288388,0.9375153420793303,0.0006612632423639297,0.0,ductal
3857,0.9333333333333333,0.9333333333333333,0.9650313607123157,0.9834661790873203,0.0006772540509700775,0.2,ductal
3858,1.0,1.0,1.0,1.0,0.0006873356178402901,0.06666666666666667,ductal
3859,0.8666666666666667,0.8666666666666667,0.9309996621189549,0.96770616791653,0.0006890855729579926,0.2,ductal
3860,0.9333333333333333,0.9333333333333333,0.9439582900266283,0.970900028690362,0.0006868792697787285,0.2,ductal
3861,0.8666666666666667,0.8666666666666667,0.9175906197275195,0.9606857698442919,0.0006765332072973251,0.06666666666666667,ductal
3862,1.0,1.0,1.0,1.0,0.0006695780903100967,0.06666666666666667,ductal
3863,1.0,1.0,1.0,1.0,0.0006648153066635132,0.0,ductal
3864,0.9333333333333333,0.9333333333333333,0.962909437068166,0.9829877327389569,0.0006649438291788101,0.13333333333333333,ductal
3865,1.0,1.0,1.0,1.0,0.0006694095209240913,0.0,ductal
3866,0.9333333333333333,0.9333333333333333,0.9665998144062261,0.9847840877378852,0.0007098428905010223,0.06666666666666667,ductal
3867,1.0,1.0,1.0,1.0,0.0006469292566180229,0.06666666666666667,ductal
3868,1.0,1.0,1.0,1.0,0.0006718328222632408,0.13333333333333333,ductal
3869,1.0,1.0,1.0,1.0,0.0006654998287558556,0.2,ductal
3870,0.9333333333333333,0.9333333333333333,0.957981257729477,0.9800933714372483,0.0006624162197113037,0.13333333333333333,ductal
3871,0.8666666666666667,0.8666666666666667,0.9267014711555659,0.9651545967590742,0.0006589023396372795,0.2,ductal
3872,1.0,1.0,1.0,1.0,0.0006599016487598419,0.0,ductal
3873,1.0,1.0,1.0,1.0,0.0006549768149852753,0.26666666666666666,ductal
3874,0.9333333333333333,0.9333333333333333,0.9515463466914835,0.9768330786798877,0.0006600357592105865,0.2,ductal
3875,1.0,1.0,1.0,1.0,0.0006710104644298553,0.06666666666666667,ductal
3876,1.0,1.0,1.0,1.0,0.0006620679050683975,0.06666666666666667,ductal
3877,0.9333333333333333,0.9333333333333333,0.9707519099390672,0.9870051255351137,0.0006535239517688751,0.2,ductal
3878,1.0,1.0,1.0,1.0,0.0007490012794733047,0.06666666666666667,ductal
3879,0.9333333333333333,0.9333333333333333,0.9881306534570493,0.9949823431256087,0.0006785206496715546,0.06666666666666667,ductal
3880,1.0,1.0,1.0,1.0,0.000689484179019928,0.2,ductal
3881,0.9333333333333333,0.9333333333333333,0.974572602902796,0.9885866454685042,0.0006615426391363144,0.26666666666666666,ductal
3882,1.0,1.0,1.0,1.0,0.0006922651082277298,0.4,ductal
3883,0.9333333333333333,0.9333333333333333,0.9745839225490505,0.9882461190025627,0.0006673932075500488,0.06666666666666667,ductal
3884,0.9333333333333333,0.9333333333333333,0.9651950565547487,0.9839306279139374,0.0006657671183347702,0.06666666666666667,ductal
3885,0.8666666666666667,0.8666666666666667,0.9547219665399985,0.9800108502129667,0.0006630895659327507,0.2,ductal
3886,1.0,1.0,1.0,1.0,0.0006963144987821579,0.06666666666666667,ductal
3887,1.0,1.0,1.0,1.0,0.0006679883226752281,0.06666666666666667,ductal
3888,1.0,1.0,1.0,1.0,0.0006620939821004868,0.4,ductal
3889,1.0,1.0,1.0,1.0,0.0006713196635246277,0.4666666666666667,ductal
3890,0.7333333333333333,0.7333333333333333,0.88697497195076,0.948196559192371,0.0006766915321350098,0.13333333333333333,ductal
3891,1.0,1.0,1.0,1.0,0.0006762361153960228,0.0,ductal
3892,0.7333333333333333,0.7333333333333333,0.8320400424687997,0.9179851803646981,0.0006587635725736618,0.2,ductal
3893,1.0,1.0,1.0,1.0,0.0006957417353987694,0.06666666666666667,ductal
3894,0.9333333333333333,0.9333333333333333,0.969638136005158,0.9863114003916171,0.0006770510226488113,0.13333333333333333,ductal
3895,0.9333333333333333,0.9333333333333333,0.9701041158394915,0.9866206408547102,0.0006813732907176018,0.2,ductal
3896,1.0,1.0,1.0,1.0,0.0006685871630907059,0.2,ductal
3897,0.8666666666666667,0.8666666666666667,0.9068582053086321,0.9549801636887195,0.0007056295871734619,0.0,ductal
3898,1.0,1.0,1.0,1.0,0.0006634267047047615,0.13333333333333333,ductal
3899,1.0,1.0,1.0,1.0,0.000715562142431736,0.06666666666666667,ductal
3900,1.0,1.0,1.0,1.0,0.0006768293678760529,0.06666666666666667,ductal
3901,1.0,1.0,1.0,1.0,0.0006923265755176544,0.26666666666666666,ductal
3902,1.0,1.0,1.0,1.0,0.0006924625486135483,0.13333333333333333,ductal
3903,0.7333333333333333,0.7333333333333333,0.842915090927042,0.925608167538618,0.0006736759096384048,0.26666666666666666,ductal
3904,1.0,1.0,1.0,1.0,0.0006708595901727676,0.06666666666666667,ductal
3905,1.0,1.0,1.0,1.0,0.000693972222507,0.26666666666666666,ductal
3906,1.0,1.0,1.0,1.0,0.0006673336029052734,0.13333333333333333,ductal
3907,0.9333333333333333,0.9333333333333333,0.9462350602896085,0.9730349867165818,0.0006930064409971237,0.0,ductal
3908,0.9333333333333333,0.9333333333333333,0.9801709958687909,0.9914574171317293,0.0006771506741642952,0.06666666666666667,ductal
3909,1.0,1.0,1.0,1.0,0.0006702439859509468,0.06666666666666667,ductal
3910,1.0,1.0,1.0,1.0,0.0006685545668005943,0.06666666666666667,ductal
3911,1.0,1.0,1.0,1.0,0.0006523523479700089,0.3333333333333333,ductal
3912,0.9333333333333333,0.9333333333333333,0.9713574297694847,0.9868576146749154,0.0006924811750650406,0.0,ductal
3913,0.8666666666666667,0.8666666666666667,0.9782088730398794,0.9907726588445643,0.0006710067391395569,0.06666666666666667,ductal
3914,0.9333333333333333,0.9333333333333333,0.9598959158065594,0.9815599482079189,0.0006457781419157982,0.06666666666666667,ductal
3915,1.0,1.0,1.0,1.0,0.0006883330643177032,0.2,ductal
3916,0.9333333333333333,0.9333333333333333,0.9605935592649417,0.9821736279483725,0.0006713233888149261,0.0,ductal
3917,1.0,1.0,1.0,1.0,0.0006765229627490044,0.13333333333333333,ductal
3918,1.0,1.0,1.0,1.0,0.0006770230829715729,0.13333333333333333,ductal
3919,1.0,1.0,1.0,1.0,0.0006855549290776253,0.06666666666666667,ductal
3920,1.0,1.0,1.0,1.0,0.0006730714812874794,0.13333333333333333,ductal
3921,1.0,1.0,1.0,1.0,0.0006808806210756302,0.06666666666666667,ductal
3922,1.0,1.0,1.0,1.0,0.0006808163598179817,0.06666666666666667,ductal
3923,1.0,1.0,1.0,1.0,0.0006691338494420052,0.2,ductal
3924,0.9333333333333333,0.9333333333333333,0.9873755242932778,0.9945190159456831,0.0006741629913449287,0.2,ductal
3925,1.0,1.0,1.0,1.0,0.0006566224619746208,0.06666666666666667,ductal
3926,1.0,1.0,1.0,1.0,0.0006764912977814674,0.2,ductal
3927,1.0,1.0,1.0,1.0,0.000659809447824955,0.06666666666666667,ductal
3928,0.9333333333333333,0.9333333333333333,0.9666619423074114,0.9848391623899757,0.0006575975567102432,0.13333333333333333,ductal
3929,1.0,1.0,1.0,1.0,0.0006702598184347153,0.3333333333333333,ductal
3930,1.0,1.0,1.0,1.0,0.0006524696946144104,0.26666666666666666,ductal
3931,0.9333333333333333,0.9333333333333333,0.956398255960751,0.979521600328211,0.0006669992581009865,0.13333333333333333,ductal
3932,1.0,1.0,1.0,1.0,0.0006608972325921059,0.0,ductal
3933,1.0,1.0,1.0,1.0,0.0006620315834879875,0.2,ductal
3934,1.0,1.0,1.0,1.0,0.00067118089646101,0.26666666666666666,ductal
3935,1.0,1.0,1.0,1.0,0.0006582261994481087,0.13333333333333333,ductal
3936,1.0,1.0,1.0,1.0,0.0006679929792881012,0.4,ductal
3937,1.0,1.0,1.0,1.0,0.0006670476868748665,0.06666666666666667,ductal
3938,0.9333333333333333,0.9333333333333333,0.9791090278753241,0.9909620260594073,0.0006846897304058075,0.13333333333333333,ductal
3939,0.9333333333333333,0.9333333333333333,0.9829465818299205,0.9928235336067937,0.0006825001910328865,0.06666666666666667,ductal
3940,1.0,1.0,1.0,1.0,0.0006653666496276855,0.13333333333333333,ductal
3941,1.0,1.0,1.0,1.0,0.0006613759323954582,0.06666666666666667,ductal
3942,0.9333333333333333,0.9333333333333333,0.9658783849512173,0.9843645037972957,0.0006658788770437241,0.26666666666666666,ductal
3943,1.0,1.0,1.0,1.0,0.0006690910086035728,0.4,ductal
3944,0.9333333333333333,0.9333333333333333,0.9737696900116392,0.9881997979135118,0.0006788652390241623,0.06666666666666667,ductal
3945,0.9333333333333333,0.9333333333333333,0.9862906262458625,0.9941441388599924,0.0006477627903223038,0.13333333333333333,ductal
3946,1.0,1.0,1.0,1.0,0.0006541786715388298,0.06666666666666667,ductal
3947,1.0,1.0,1.0,1.0,0.000672435387969017,0.2,ductal
3948,0.9333333333333333,0.9333333333333333,0.9768571740900388,0.9894471124444346,0.000645381398499012,0.13333333333333333,ductal
3949,0.8666666666666667,0.8666666666666667,0.9647031730421287,0.9845587279155529,0.0006536496803164482,0.06666666666666667,ductal
3950,1.0,1.0,1.0,1.0,0.0006691068410873413,0.4666666666666667,ductal
3951,0.9333333333333333,0.9333333333333333,0.985938269080424,0.9941717934454923,0.0006478950381278992,0.2,ductal
3952,0.9333333333333333,0.9333333333333333,0.9950016154476783,0.9979373447841383,0.0006674379110336304,0.2,ductal
3953,1.0,1.0,1.0,1.0,0.0006623351946473122,0.26666666666666666,ductal
3954,1.0,1.0,1.0,1.0,0.0006440700963139534,0.06666666666666667,ductal
3955,0.9333333333333333,0.9333333333333333,0.9709709219568705,0.9872710612835807,0.0006641075015068054,0.2,ductal
3956,1.0,1.0,1.0,1.0,0.0006971107795834541,0.26666666666666666,ductal
3957,1.0,1.0,1.0,1.0,0.0006683804094791412,0.06666666666666667,ductal
3958,0.9333333333333333,0.9333333333333333,0.9720558510115764,0.987434918055117,0.0006601819768548012,0.2,ductal
3959,0.9333333333333333,0.9333333333333333,0.9614338784182263,0.9825781294560223,0.00069379061460495,0.26666666666666666,ductal
3960,1.0,1.0,1.0,1.0,0.0006616720929741859,0.13333333333333333,ductal
3961,1.0,1.0,1.0,1.0,0.0007039075717329979,0.06666666666666667,ductal
3962,1.0,1.0,1.0,1.0,0.0006596213206648827,0.13333333333333333,ductal
3963,1.0,1.0,1.0,1.0,0.0006635850295424461,0.06666666666666667,ductal
3964,0.8,0.8,0.8892825292448501,0.9478358877722679,0.0007106270641088486,0.06666666666666667,ductal
3965,1.0,1.0,1.0,1.0,0.0006465837359428406,0.06666666666666667,ductal
3966,1.0,1.0,1.0,1.0,0.0006617633625864983,0.0,ductal
3967,1.0,1.0,1.0,1.0,0.0006654998287558556,0.26666666666666666,ductal
3968,1.0,1.0,1.0,1.0,0.0006473138928413391,0.06666666666666667,ductal
3969,0.9333333333333333,0.9333333333333333,0.984029034407467,0.9930600286301197,0.0006654281169176102,0.0,ductal
3970,1.0,1.0,1.0,1.0,0.0006617065519094467,0.13333333333333333,ductal
3971,1.0,1.0,1.0,1.0,0.0006828447803854942,0.06666666666666667,ductal
3972,1.0,1.0,1.0,1.0,0.0006658574566245079,0.13333333333333333,ductal
3973,0.9333333333333333,0.9333333333333333,0.979598885209119,0.9909289943124674,0.0006786193698644638,0.06666666666666667,ductal
3974,1.0,1.0,1.0,1.0,0.0006530368700623512,0.26666666666666666,ductal
3975,1.0,1.0,1.0,1.0,0.0006516361609101295,0.3333333333333333,ductal
3976,1.0,1.0,1.0,1.0,0.0006898371502757072,0.0,ductal
3977,0.9333333333333333,0.9333333333333333,0.9628411275927127,0.9824789987550745,0.0006656069308519363,0.4,ductal
3978,1.0,1.0,1.0,1.0,0.0006518522277474403,0.13333333333333333,ductal
3979,0.8,0.8,0.9207158127130799,0.9636022164060587,0.0006793895736336708,0.0,ductal
3980,1.0,1.0,1.0,1.0,0.0006652344018220901,0.26666666666666666,ductal
3981,1.0,1.0,1.0,1.0,0.0006863772869110107,0.0,ductal
3982,0.9333333333333333,0.9333333333333333,0.9969210196746973,0.9987091365392121,0.0006645657122135162,0.4,ductal
3983,1.0,1.0,1.0,1.0,0.0006841225549578667,0.0,ductal
3984,0.9333333333333333,0.9333333333333333,0.958385988614178,0.9808122808862063,0.0006777225062251091,0.26666666666666666,ductal
3985,0.9333333333333333,0.9333333333333333,0.9586716801030496,0.9806629790603812,0.0006788065657019615,0.13333333333333333,ductal
3986,1.0,1.0,1.0,1.0,0.0007151933386921883,0.6,ductal
3987,0.9333333333333333,0.9333333333333333,0.9642110906216667,0.9835987767939832,0.0006750104948878288,0.06666666666666667,ductal
3988,0.9333333333333333,0.9333333333333333,0.9730154533657364,0.9880590837430124,0.0006884494796395302,0.06666666666666667,ductal
3989,0.8666666666666667,0.8666666666666667,0.9146009895404824,0.957568646545851,0.0006727762520313263,0.06666666666666667,ductal
3990,1.0,1.0,1.0,1.0,0.0007027126848697662,0.26666666666666666,ductal
3991,0.9333333333333333,0.9333333333333333,0.9720087058256731,0.9878144769856982,0.0006648646667599678,0.2,ductal
3992,0.9333333333333333,0.9333333333333333,0.9913224884341899,0.9963624631489882,0.0006685787811875343,0.26666666666666666,ductal
3993,1.0,1.0,1.0,1.0,0.0006576115265488625,0.0,ductal
3994,1.0,1.0,1.0,1.0,0.0006522201001644135,0.0,ductal
3995,1.0,1.0,1.0,1.0,0.000713118351995945,0.0,ductal
3996,0.9333333333333333,0.9333333333333333,0.9861267452154097,0.9941376745106659,0.0007043080404400826,0.13333333333333333,ductal
3997,1.0,1.0,1.0,1.0,0.0006676474586129189,0.0,ductal
3998,0.6666666666666666,0.6666666666666666,0.6709023961641614,0.7163360478140905,0.0006651179865002632,0.13333333333333333,ductal
3999,0.6,0.6,0.7564488241560046,0.8703832184506369,0.0006719836965203285,0.06666666666666667,ductal
4000,0.8666666666666667,0.8666666666666667,0.9320795619407031,0.9685221792758267,0.0007031913846731186,0.26666666666666666,ductal
4001,0.8666666666666667,0.8666666666666667,0.9076198710699462,0.9556713435289045,0.0006550680845975876,0.0,ductal
4002,0.8,0.8,0.9137111922287019,0.9618573789148185,0.0006965538486838341,0.0,ductal
4003,0.8666666666666667,0.8666666666666667,0.9503364699579177,0.978135777442767,0.0006659980863332748,0.3333333333333333,ductal
4004,1.0,1.0,1.0,1.0,0.0006742775440216064,0.2,ductal
4005,0.9333333333333333,0.9333333333333333,0.9796861235948715,0.9909987075660216,0.0006667608395218849,0.0,ductal
4006,0.8,0.8,0.9100584190830616,0.9590048736554624,0.0006586164236068726,0.0,ductal
4007,0.9333333333333333,0.9333333333333333,0.9607591129970349,0.9815856342883584,0.0006710020825266838,0.4,ductal
4008,1.0,1.0,1.0,1.0,0.0006600329652428627,0.6666666666666666,ductal
4009,0.8,0.8,0.8732711671655428,0.9391116595094713,0.0006705448031425476,0.3333333333333333,ductal
4010,1.0,1.0,1.0,1.0,0.0006553148850798607,0.3333333333333333,ductal
4011,1.0,1.0,1.0,1.0,0.0006540892645716667,0.06666666666666667,ductal
4012,0.9333333333333333,0.9333333333333333,0.9843124443792443,0.993339199826597,0.0006949221715331078,0.2,ductal
4013,0.9333333333333333,0.9333333333333333,0.9541531182902099,0.9785043567745905,0.0006589693948626518,0.26666666666666666,ductal
4014,0.8666666666666667,0.8666666666666667,0.9319304820919028,0.9681061596482157,0.0006564455106854439,0.13333333333333333,ductal
4015,0.9333333333333333,0.9333333333333333,0.9586064012978557,0.9804207930539972,0.0006781844422221184,0.0,ductal
4016,0.9333333333333333,0.9333333333333333,0.9557248823071498,0.9790092681571152,0.0006591333076357841,0.06666666666666667,ductal
4017,0.8,0.8,0.8770936878775737,0.9410850432674773,0.0011740131303668022,0.13333333333333333,ductal
4018,1.0,1.0,1.0,1.0,0.0006815055385231972,0.2,ductal
4019,1.0,1.0,1.0,1.0,0.0007324200123548508,0.4666666666666667,ductal
4020,1.0,1.0,1.0,1.0,0.0006719799712300301,0.2,ductal
4021,1.0,1.0,1.0,1.0,0.0006582345813512802,0.26666666666666666,ductal
4022,1.0,1.0,1.0,1.0,0.0007020886987447739,0.4666666666666667,ductal
4023,1.0,1.0,1.0,1.0,0.0006712712347507477,0.2,ductal
4024,1.0,1.0,1.0,1.0,0.0006623957306146622,0.0,ductal
4025,0.9333333333333333,0.9333333333333333,0.9789067356745396,0.9909553109536748,0.0006606243550777435,0.06666666666666667,ductal
4026,0.9333333333333333,0.9333333333333333,0.9563144479368366,0.9793826970346957,0.0006621135398745537,0.2,ductal
4027,0.9333333333333333,0.9333333333333333,0.9503504922193127,0.9760415601283673,0.0006610509008169174,0.13333333333333333,ductal
4028,1.0,1.0,1.0,1.0,0.0006689820438623428,0.13333333333333333,ductal
4029,1.0,1.0,1.0,1.0,0.0006948160007596016,0.0,ductal
4030,0.8,0.8,0.8678524142900575,0.9359828204903471,0.0006796196103096008,0.13333333333333333,ductal
4031,0.9333333333333333,0.9333333333333333,0.9740196411443456,0.9886525260695608,0.0006510764360427856,0.3333333333333333,ductal
4032,1.0,1.0,1.0,1.0,0.0007023941725492477,0.2,ductal
4033,1.0,1.0,1.0,1.0,0.0006675524637103081,0.2,ductal
4034,1.0,1.0,1.0,1.0,0.0006661461666226387,0.2,ductal
4035,0.8666666666666667,0.8666666666666667,0.94680963337256,0.9762012881102597,0.0006819190457463264,0.06666666666666667,ductal
4036,0.8,0.8,0.922498249184977,0.9655176182548775,0.0006898986175656319,0.13333333333333333,ductal
4037,1.0,1.0,1.0,1.0,0.0006554098799824715,0.13333333333333333,ductal
4038,1.0,1.0,1.0,1.0,0.0006809495389461517,0.4666666666666667,ductal
4039,1.0,1.0,1.0,1.0,0.0006503397598862648,0.26666666666666666,ductal
4040,1.0,1.0,1.0,1.0,0.0006745168939232826,0.3333333333333333,ductal
4041,1.0,1.0,1.0,1.0,0.0007222089916467667,0.2,ductal
4042,0.9333333333333333,0.9333333333333333,0.9842954091745567,0.9931131884601392,0.0006566671654582024,0.26666666666666666,ductal
4043,1.0,1.0,1.0,1.0,0.0006571812555193901,0.13333333333333333,ductal
4044,1.0,1.0,1.0,1.0,0.000669088214635849,0.5333333333333333,ductal
4045,1.0,1.0,1.0,1.0,0.000651167705655098,0.06666666666666667,ductal
4046,0.9333333333333333,0.9333333333333333,0.9753766734163466,0.9888159670620466,0.0007147528231143951,0.0,ductal
4047,1.0,1.0,1.0,1.0,0.000658724457025528,0.3333333333333333,ductal
4048,0.8666666666666667,0.8666666666666667,0.9252604515138249,0.9653598751725083,0.0006919577717781067,0.0,ductal
4049,1.0,1.0,1.0,1.0,0.0006763692945241928,0.13333333333333333,ductal
4050,0.9333333333333333,0.9333333333333333,0.9748077139991685,0.988529148824691,0.00066392682492733,0.06666666666666667,ductal
4051,1.0,1.0,1.0,1.0,0.0006900560110807419,0.2,ductal
4052,1.0,1.0,1.0,1.0,0.000669536180794239,0.0,ductal
4053,0.8666666666666667,0.8666666666666667,0.9172780906725786,0.9610081314097948,0.000645829364657402,0.06666666666666667,ductal
4054,0.8666666666666667,0.8666666666666667,0.9659792722359525,0.9853512545239578,0.00067894347012043,0.3333333333333333,ductal
4055,0.8666666666666667,0.8666666666666667,0.9239818530163711,0.9643610635220937,0.0006792368367314339,0.06666666666666667,ductal
4056,0.8666666666666667,0.8666666666666667,0.9171036704534535,0.9604702731647796,0.0006430558860301971,0.2,ductal
4057,0.8666666666666667,0.8666666666666667,0.9350084615557114,0.9696573198068957,0.0006637861952185631,0.13333333333333333,ductal
4058,0.8666666666666667,0.8666666666666667,0.9554425548197698,0.9803383466607551,0.0006616245955228806,0.2,ductal
4059,0.9333333333333333,0.9333333333333333,0.972031038714747,0.9876078224704239,0.0006635170429944992,0.13333333333333333,ductal
4060,1.0,1.0,1.0,1.0,0.0006595496088266373,0.4666666666666667,ductal
4061,0.9333333333333333,0.9333333333333333,0.9826576256477819,0.9927425704721887,0.000679253600537777,0.26666666666666666,ductal
4062,0.9333333333333333,0.9333333333333333,0.9648473655739702,0.9837105735594001,0.000650474801659584,0.13333333333333333,ductal
4063,0.8666666666666667,0.8666666666666667,0.9607651829689606,0.9826916799702415,0.0006515625864267349,0.13333333333333333,ductal
4064,1.0,1.0,1.0,1.0,0.0006771637126803398,0.3333333333333333,ductal
4065,1.0,1.0,1.0,1.0,0.0006469720974564552,0.26666666666666666,ductal
4066,0.8666666666666667,0.8666666666666667,0.9169794281498669,0.9606440918712578,0.0007156981155276299,0.06666666666666667,ductal
4067,1.0,1.0,1.0,1.0,0.0006889170035719872,0.06666666666666667,ductal
4068,1.0,1.0,1.0,1.0,0.0006543686613440514,0.13333333333333333,ductal
4069,1.0,1.0,1.0,1.0,0.0006702737882733345,0.26666666666666666,ductal
4070,0.9333333333333333,0.9333333333333333,0.9790160326461607,0.9910848379684506,0.0006509609520435333,0.13333333333333333,ductal
4071,0.9333333333333333,0.9333333333333333,0.9594210296965614,0.9809417078694367,0.0006675627082586288,0.0,ductal
4072,0.9333333333333333,0.9333333333333333,0.940836762885335,0.9693906488748143,0.0007015429437160492,0.26666666666666666,ductal
4073,0.8,0.8,0.8912789400798335,0.9488754875526407,0.0006550755351781845,0.0,ductal
4074,1.0,1.0,1.0,1.0,0.0006774608045816422,0.06666666666666667,ductal
4075,1.0,1.0,1.0,1.0,0.0006686197593808174,0.13333333333333333,ductal
4076,1.0,1.0,1.0,1.0,0.0006774915382266045,0.3333333333333333,ductal
4077,0.6666666666666666,0.6666666666666666,0.7900232603637973,0.8955585907751583,0.0006646318361163139,0.0,ductal
4078,0.8666666666666667,0.8666666666666667,0.9442127014427694,0.9738090433592613,0.0006663734093308449,0.2,ductal
4079,1.0,1.0,1.0,1.0,0.0006588902324438095,0.2,ductal
4080,0.8666666666666667,0.8666666666666667,0.9329469128603972,0.9685972337772862,0.0007005780935287476,0.26666666666666666,ductal
4081,0.8,0.8,0.8885142398669637,0.9471613067905225,0.000667620450258255,0.06666666666666667,ductal
4082,1.0,1.0,1.0,1.0,0.0006778789684176445,0.2,ductal
4083,1.0,1.0,1.0,1.0,0.0006636865437030792,0.2,ductal
4084,1.0,1.0,1.0,1.0,0.0006575565785169601,0.4,ductal
4085,1.0,1.0,1.0,1.0,0.0006615417078137398,0.4,ductal
4086,0.8,0.8,0.9433674347454435,0.974197881312748,0.000661725178360939,0.06666666666666667,ductal
4087,0.9333333333333333,0.9333333333333333,0.9756567787241056,0.9891149078605692,0.0006893211975693703,0.2,ductal
4088,1.0,1.0,1.0,1.0,0.000658140517771244,0.0,ductal
4089,1.0,1.0,1.0,1.0,0.0006589237600564957,0.4,ductal
4090,0.9333333333333333,0.9333333333333333,0.9721423323565457,0.9873605845784684,0.0006636492908000946,0.2,ductal
4091,0.8666666666666667,0.8666666666666667,0.9349250049912966,0.9709981349351531,0.0006510773673653603,0.06666666666666667,ductal
4092,0.9333333333333333,0.9333333333333333,0.9622683855638938,0.98272174618692,0.0006964616477489471,0.06666666666666667,ductal
4093,1.0,1.0,1.0,1.0,0.0006662141531705856,0.06666666666666667,ductal
4094,0.8,0.8,0.8677040657954661,0.9362483178921606,0.0006703892722725868,0.2,ductal
4095,1.0,1.0,1.0,1.0,0.0006897281855344772,0.06666666666666667,ductal
4096,0.8666666666666667,0.8666666666666667,0.841727793876088,0.893284577445508,0.0006537493318319321,0.13333333333333333,ductal
4097,1.0,1.0,1.0,1.0,0.0006725601851940155,0.06666666666666667,ductal
4098,1.0,1.0,1.0,1.0,0.0006871083751320839,0.26666666666666666,ductal
4099,0.9333333333333333,0.9333333333333333,0.9787166566267145,0.9907273483499829,0.0006479630246758461,0.2,ductal
4100,1.0,1.0,1.0,1.0,0.0006722360849380493,0.0,ductal
4101,0.7333333333333333,0.7333333333333333,0.8380007239185047,0.920486890746652,0.0006651934236288071,0.06666666666666667,ductal
4102,1.0,1.0,1.0,1.0,0.0006496952846646309,0.0,ductal
4103,1.0,1.0,1.0,1.0,0.0006947573274374008,0.3333333333333333,ductal
4104,1.0,1.0,1.0,1.0,0.00065632164478302,0.0,ductal
4105,0.9333333333333333,0.9333333333333333,0.9818116456912435,0.9920138527886302,0.000670616514980793,0.0,ductal
4106,1.0,1.0,1.0,1.0,0.0006558112800121307,0.26666666666666666,ductal
4107,0.9333333333333333,0.9333333333333333,0.9940338546437659,0.9974423543546671,0.0006951140239834785,0.06666666666666667,ductal
4108,0.7333333333333333,0.7333333333333333,0.9180973213370346,0.9631164539332849,0.000668669119477272,0.13333333333333333,ductal
4109,1.0,1.0,1.0,1.0,0.0006638728082180023,0.2,ductal
4110,1.0,1.0,1.0,1.0,0.0007012886926531792,0.06666666666666667,ductal
4111,1.0,1.0,1.0,1.0,0.0006961347535252571,0.4,ductal
4112,0.9333333333333333,0.9333333333333333,0.9701850619979986,0.9866795833789368,0.0006763515993952751,0.0,ductal
4113,1.0,1.0,1.0,1.0,0.0007119327783584595,0.06666666666666667,ductal
4114,0.9333333333333333,0.9333333333333333,0.985167714703937,0.9936756545026377,0.0006737867370247841,0.26666666666666666,ductal
4115,1.0,1.0,1.0,1.0,0.000682605430483818,0.4,ductal
4116,1.0,1.0,1.0,1.0,0.0006704051047563553,0.06666666666666667,ductal
4117,0.8666666666666667,0.8666666666666667,0.9403009381949284,0.9734333383568081,0.0006587840616703033,0.06666666666666667,ductal
4118,1.0,1.0,1.0,1.0,0.0006645405665040016,0.0,ductal
4119,0.9333333333333333,0.9333333333333333,0.9740072197154065,0.9882305336515651,0.0006623286753892899,0.2,ductal
4120,0.9333333333333333,0.9333333333333333,0.9749033183901744,0.989017655921457,0.0006601177155971527,0.13333333333333333,ductal
4121,0.8,0.8,0.8545794489564673,0.9222228990523683,0.0006623333320021629,0.0,ductal
4122,0.9333333333333333,0.9333333333333333,0.9724594824794536,0.9878353359848392,0.0006827283650636673,0.0,ductal
4123,0.8666666666666667,0.8666666666666667,0.9897142464533577,0.9955677886112171,0.0007005529478192329,0.0,ductal
4124,1.0,1.0,1.0,1.0,0.0006618751212954521,0.13333333333333333,ductal
4125,1.0,1.0,1.0,1.0,0.0006725061684846878,0.4666666666666667,ductal
4126,1.0,1.0,1.0,1.0,0.0007062917575240135,0.2,ductal
4127,0.9333333333333333,0.9333333333333333,0.9567036994391384,0.9797396270679617,0.0006738025695085526,0.2,ductal
4128,1.0,1.0,1.0,1.0,0.0006674444302916527,0.3333333333333333,ductal
4129,0.9333333333333333,0.9333333333333333,0.9652290032752178,0.9840865564652649,0.0006904061883687973,0.4,ductal
4130,0.8,0.8,0.8771763723375289,0.9409663096472445,0.0006897086277604103,0.13333333333333333,ductal
4131,0.8666666666666667,0.8666666666666667,0.9070017410373216,0.9540198085576441,0.0006709881126880646,0.0,ductal
4132,1.0,1.0,1.0,1.0,0.0006853155791759491,0.5333333333333333,ductal
4133,1.0,1.0,1.0,1.0,0.0006897309795022011,0.0,ductal
4134,0.7333333333333333,0.7333333333333333,0.8908513504352799,0.9480015586773289,0.0006800079718232155,0.13333333333333333,ductal
4135,0.9333333333333333,0.9333333333333333,0.9609017316950541,0.9819839780390439,0.0006903819739818573,0.06666666666666667,ductal
4136,1.0,1.0,1.0,1.0,0.0006615426391363144,0.3333333333333333,ductal
4137,0.9333333333333333,0.9333333333333333,0.9776854311930222,0.9900071960416017,0.0006518429145216942,0.4,ductal
4138,0.8,0.8,0.8702012142569099,0.935699065626688,0.0006692241877317429,0.13333333333333333,ductal
4139,0.9333333333333333,0.9333333333333333,0.9674340228792889,0.9856865316448377,0.0006880369037389755,0.4,ductal
4140,0.9333333333333333,0.9333333333333333,0.9687017831215351,0.986158485673821,0.000681084580719471,0.0,ductal
4141,0.8666666666666667,0.8666666666666667,0.9658674568912858,0.9849974106559248,0.0006610313430428505,0.13333333333333333,ductal
4142,1.0,1.0,1.0,1.0,0.0006688991561532021,0.0,ductal
4143,0.8,0.8,0.8916022463160499,0.9492628306099358,0.0006586182862520218,0.0,ductal
4144,0.8,0.8,0.9245919870070328,0.964925635203673,0.0006786733865737915,0.13333333333333333,ductal
4145,0.9333333333333333,0.9333333333333333,0.9504945020732678,0.976099157912662,0.0006642928346991539,0.06666666666666667,ductal
4146,0.9333333333333333,0.9333333333333333,0.9869933115202815,0.9941652983338412,0.000645909458398819,0.0,ductal
4147,0.9333333333333333,0.9333333333333333,0.9512108261429117,0.9765978561248148,0.0006875274702906609,0.13333333333333333,ductal
4148,0.9333333333333333,0.9333333333333333,0.9568454917140434,0.9797065102925432,0.0006737513467669487,0.0,ductal
4149,0.8666666666666667,0.8666666666666667,0.9433115134056783,0.9748811425748024,0.0006621545180678368,0.06666666666666667,ductal
4150,1.0,1.0,1.0,1.0,0.0006545046344399452,0.4666666666666667,ductal
4151,1.0,1.0,1.0,1.0,0.0006790971383452415,0.0,ductal
4152,1.0,1.0,1.0,1.0,0.0006698481738567352,0.26666666666666666,ductal
4153,1.0,1.0,1.0,1.0,0.000648905523121357,0.4,ductal
4154,0.8,0.8,0.9390774168203566,0.972394821131941,0.0006983866915106773,0.13333333333333333,ductal
4155,1.0,1.0,1.0,1.0,0.0006642583757638931,0.0,ductal
4156,0.9333333333333333,0.9333333333333333,0.9590736154256665,0.9808884482542977,0.0006696553900837898,0.0,ductal
4157,1.0,1.0,1.0,1.0,0.0006732326000928879,0.26666666666666666,ductal
4158,1.0,1.0,1.0,1.0,0.0006588827818632126,0.0,ductal
4159,0.9333333333333333,0.9333333333333333,0.9678933012075274,0.9853080137905068,0.0006682742387056351,0.0,ductal
4160,1.0,1.0,1.0,1.0,0.0006743995472788811,0.06666666666666667,ductal
4161,0.8,0.8,0.8481632665328511,0.919294556073074,0.0006530247628688812,0.06666666666666667,ductal
4162,1.0,1.0,1.0,1.0,0.0006908280774950981,0.06666666666666667,ductal
4163,0.9333333333333333,0.9333333333333333,0.9752695772687289,0.9891047897871685,0.0006571114063262939,0.4,ductal
4164,1.0,1.0,1.0,1.0,0.0006623854860663414,0.0,ductal
4165,0.8666666666666667,0.8666666666666667,0.9733991639009447,0.9886260927813162,0.0007090754806995392,0.0,ductal
4166,1.0,1.0,1.0,1.0,0.0006623212248086929,0.06666666666666667,ductal
4167,1.0,1.0,1.0,1.0,0.0006959671154618263,0.26666666666666666,ductal
4168,1.0,1.0,1.0,1.0,0.0006710551679134369,0.06666666666666667,ductal
4169,1.0,1.0,1.0,1.0,0.0006423899903893471,0.0,ductal
4170,1.0,1.0,1.0,1.0,0.0006639081984758377,0.13333333333333333,ductal
4171,0.9333333333333333,0.9333333333333333,0.9769076347995171,0.9899733564200044,0.0006662467494606972,0.06666666666666667,ductal
4172,1.0,1.0,1.0,1.0,0.0006565069779753685,0.06666666666666667,ductal
4173,1.0,1.0,1.0,1.0,0.0006709247827529907,0.7333333333333333,ductal
4174,1.0,1.0,1.0,1.0,0.0006966674700379372,0.26666666666666666,ductal
4175,0.9333333333333333,0.9333333333333333,0.9785180106768487,0.9906417685409963,0.0006527751684188843,0.13333333333333333,ductal
4176,0.8,0.8,0.8370059159132144,0.9159917939532833,0.0006536208093166351,0.0,ductal
4177,1.0,1.0,1.0,1.0,0.0007094517350196838,0.13333333333333333,ductal
4178,0.9333333333333333,0.9333333333333333,0.9473136351494619,0.973979206631156,0.0006719455122947693,0.0,ductal
4179,1.0,1.0,1.0,1.0,0.0006590308621525764,0.0,ductal
4180,0.9333333333333333,0.9333333333333333,0.9804104286836943,0.991385484081531,0.0006747124716639519,0.13333333333333333,ductal
4181,0.6,0.6,0.7184538172452004,0.8268448651365163,0.0006687818095088005,0.06666666666666667,ductal
4182,0.8666666666666667,0.8666666666666667,0.9332870937343937,0.969530486910161,0.0006647491827607155,0.0,ductal
4183,0.7333333333333333,0.7333333333333333,0.7974575844849977,0.8975508835045823,0.0006603933870792389,0.2,ductal
4184,1.0,1.0,1.0,1.0,0.0006959997117519379,0.3333333333333333,ductal
4185,0.8666666666666667,0.8666666666666667,0.9471355033543836,0.9763320088224817,0.0006689857691526413,0.13333333333333333,ductal
4186,1.0,1.0,1.0,1.0,0.0006467020139098167,0.2,ductal
4187,1.0,1.0,1.0,1.0,0.0006931303068995476,0.0,ductal
4188,0.7333333333333333,0.7333333333333333,0.8446146684822388,0.9253834572397456,0.0006700977683067322,0.2,ductal
4189,0.9333333333333333,0.9333333333333333,0.9452170064211165,0.9722158357239498,0.0006938688457012177,0.2,ductal
4190,1.0,1.0,1.0,1.0,0.0006664283573627472,0.13333333333333333,ductal
4191,1.0,1.0,1.0,1.0,0.0007101185619831085,0.4,ductal
4192,1.0,1.0,1.0,1.0,0.0006774291396141052,0.13333333333333333,ductal
4193,0.9333333333333333,0.9333333333333333,0.9705854243210063,0.98665773015372,0.00070204958319664,0.2,ductal
4194,1.0,1.0,1.0,1.0,0.000668761320412159,0.13333333333333333,ductal
4195,1.0,1.0,1.0,1.0,0.0006608553230762482,0.06666666666666667,ductal
4196,1.0,1.0,1.0,1.0,0.0007094219326972961,0.0,ductal
4197,1.0,1.0,1.0,1.0,0.0006510205566883087,0.06666666666666667,ductal
4198,1.0,1.0,1.0,1.0,0.0006675217300653458,0.3333333333333333,ductal
4199,0.9333333333333333,0.9333333333333333,0.9650809307164743,0.9840868959580881,0.000676923431456089,0.06666666666666667,ductal
4200,1.0,1.0,1.0,1.0,0.0006495807319879532,0.3333333333333333,ductal
4201,1.0,1.0,1.0,1.0,0.0006529781967401505,0.2,ductal
4202,0.6666666666666666,0.6666666666666666,0.8838264248873134,0.9454767275946299,0.0006765294820070267,0.13333333333333333,ductal
4203,1.0,1.0,1.0,1.0,0.0006516594439744949,0.2,ductal
4204,1.0,1.0,1.0,1.0,0.0006684437394142151,0.06666666666666667,ductal
4205,1.0,1.0,1.0,1.0,0.0006685443222522736,0.4666666666666667,ductal
4206,1.0,1.0,1.0,1.0,0.0006429925560951233,0.0,ductal
4207,0.9333333333333333,0.9333333333333333,0.9454356318841175,0.9728103166391993,0.0006580548360943794,0.2,ductal
4208,1.0,1.0,1.0,1.0,0.0006770184263586998,0.3333333333333333,ductal
4209,0.9333333333333333,0.9333333333333333,0.9685053051921355,0.9856269060876763,0.0006597265601158142,0.0,ductal
4210,1.0,1.0,1.0,1.0,0.0006586993113160133,0.3333333333333333,ductal
4211,1.0,1.0,1.0,1.0,0.0006848098710179329,0.06666666666666667,ductal
4212,1.0,1.0,1.0,1.0,0.0007072817534208298,0.13333333333333333,ductal
4213,1.0,1.0,1.0,1.0,0.0006715590134263039,0.4,ductal
4214,1.0,1.0,1.0,1.0,0.0006732596084475517,0.4,ductal
4215,0.8,0.8,0.8564045714468616,0.9279445542781504,0.0006735501810908318,0.13333333333333333,ductal
4216,0.9333333333333333,0.9333333333333333,0.975142847989606,0.9892369769998487,0.0006678653880953789,0.13333333333333333,ductal
4217,0.9333333333333333,0.9333333333333333,0.9532474561369644,0.9774368121296703,0.0006565069779753685,0.13333333333333333,ductal
4218,1.0,1.0,1.0,1.0,0.0006551947444677353,0.13333333333333333,ductal
4219,1.0,1.0,1.0,1.0,0.0006873542442917824,0.5333333333333333,ductal
4220,1.0,1.0,1.0,1.0,0.0006447583436965942,0.4,ductal
4221,1.0,1.0,1.0,1.0,0.0007048463448882103,0.2,ductal
4222,0.9333333333333333,0.9333333333333333,0.9710918571721538,0.9869742393586515,0.000681823119521141,0.5333333333333333,ductal
4223,0.9333333333333333,0.9333333333333333,0.9853668671327044,0.9937141991073299,0.0006504114717245102,0.13333333333333333,ductal
4224,1.0,1.0,1.0,1.0,0.0006636176258325577,0.4,ductal
4225,0.9333333333333333,0.9333333333333333,0.9668652129320476,0.985254109775944,0.0006507467478513718,0.13333333333333333,ductal
4226,1.0,1.0,1.0,1.0,0.0006383294239640236,0.2,ductal
4227,1.0,1.0,1.0,1.0,0.0006966106593608856,0.26666666666666666,ductal
4228,1.0,1.0,1.0,1.0,0.0006493553519248962,0.26666666666666666,ductal
4229,1.0,1.0,1.0,1.0,0.0006661135703325272,0.13333333333333333,ductal
4230,1.0,1.0,1.0,1.0,0.0006974246352910995,0.2,ductal
4231,0.9333333333333333,0.9333333333333333,0.9709301133351875,0.986814590600853,0.0006583686918020248,0.13333333333333333,ductal
4232,0.9333333333333333,0.9333333333333333,0.9569388793012036,0.9798599209916199,0.0006525004282593727,0.13333333333333333,ductal
4233,0.7333333333333333,0.7333333333333333,0.8370404702650361,0.9079319529233691,0.0006888294592499733,0.06666666666666667,ductal
4234,0.9333333333333333,0.9333333333333333,0.9723885970438497,0.9877404842076937,0.0006546871736645699,0.2,ductal
4235,0.9333333333333333,0.9333333333333333,0.9583303516765318,0.9805425915653777,0.0006598280742764473,0.06666666666666667,ductal
4236,1.0,1.0,1.0,1.0,0.0006694868206977844,0.2,ductal
4237,1.0,1.0,1.0,1.0,0.000653938390314579,0.6,ductal
4238,1.0,1.0,1.0,1.0,0.0007205316796898842,0.06666666666666667,ductal
4239,1.0,1.0,1.0,1.0,0.0006682584062218666,0.06666666666666667,ductal
4240,0.9333333333333333,0.9333333333333333,0.9553912249515534,0.9787378772085179,0.0006505958735942841,0.0,ductal
4241,1.0,1.0,1.0,1.0,0.0006693396717309952,0.06666666666666667,ductal
4242,0.7333333333333333,0.7333333333333333,0.872099436517294,0.9349664062400438,0.0006646579131484032,0.0,ductal
4243,1.0,1.0,1.0,1.0,0.0006561046466231346,0.4666666666666667,ductal
4244,1.0,1.0,1.0,1.0,0.0006617410108447075,0.26666666666666666,ductal
4245,0.9333333333333333,0.9333333333333333,0.9152906997264729,0.9521023276952463,0.0006571002304553986,0.13333333333333333,ductal
4246,1.0,1.0,1.0,1.0,0.0006598960608243942,0.4,ductal
4247,0.9333333333333333,0.9333333333333333,0.9694409798468233,0.986525844239884,0.0006509572267532349,0.2,ductal
4248,0.9333333333333333,0.9333333333333333,0.9893775835496571,0.9954564523818221,0.0006860680878162384,0.0,ductal
4249,0.9333333333333333,0.9333333333333333,0.9890948737467196,0.9953837926226942,0.0006451830267906189,0.26666666666666666,ductal
4250,1.0,1.0,1.0,1.0,0.0006813723593950272,0.6,ductal
4251,0.9333333333333333,0.9333333333333333,0.9634145110495231,0.9831381735843103,0.00066351518034935,0.0,ductal
4252,1.0,1.0,1.0,1.0,0.000662713311612606,0.2,ductal
4253,1.0,1.0,1.0,1.0,0.0006884364411234856,0.06666666666666667,ductal
4254,0.9333333333333333,0.9333333333333333,0.9862820313447528,0.9943169028233129,0.0006494112312793732,0.2,ductal
4255,0.9333333333333333,0.9333333333333333,0.9690194767340516,0.9858779888091563,0.0006941212341189384,0.0,ductal
4256,1.0,1.0,1.0,1.0,0.0006636977195739746,0.0,ductal
4257,1.0,1.0,1.0,1.0,0.0006645126268267632,0.06666666666666667,ductal
4258,0.9333333333333333,0.9333333333333333,0.9623725376032659,0.9828404499318629,0.0006655743345618248,0.13333333333333333,ductal
4259,1.0,1.0,1.0,1.0,0.0006588893011212349,0.3333333333333333,ductal
4260,1.0,1.0,1.0,1.0,0.0006704516708850861,0.26666666666666666,ductal
4261,0.8,0.8,0.9373767499394651,0.9712962055395817,0.0006602564826607704,0.0,ductal
4262,0.6666666666666666,0.6666666666666666,0.764524354999559,0.8794823880050306,0.0006811777129769325,0.06666666666666667,ductal
4263,0.8666666666666667,0.8666666666666667,0.9448953970379542,0.9741710101596233,0.0006558196619153023,0.13333333333333333,ductal
4264,1.0,1.0,1.0,1.0,0.0006539532914757729,0.0,ductal
4265,0.9333333333333333,0.9333333333333333,0.9741115396036459,0.9885978211118079,0.0006937310099601746,0.06666666666666667,ductal
4266,1.0,1.0,1.0,1.0,0.0006498778238892555,0.2,ductal
4267,1.0,1.0,1.0,1.0,0.0006517227739095688,0.3333333333333333,ductal
4268,1.0,1.0,1.0,1.0,0.0006791194900870323,0.26666666666666666,ductal
4269,0.8666666666666667,0.8666666666666667,0.9110802168816557,0.9582623398017202,0.0006649605929851532,0.2,ductal
4270,0.9333333333333333,0.9333333333333333,0.950281897845973,0.9755776199016607,0.0006716055795550346,0.06666666666666667,ductal
4271,1.0,1.0,1.0,1.0,0.0006738016381859779,0.3333333333333333,ductal
4272,0.9333333333333333,0.9333333333333333,0.9916498011037187,0.9965236098908207,0.0006516436114907265,0.2,ductal
4273,0.8666666666666667,0.8666666666666667,0.9609016274984646,0.9818630835701133,0.0006716949865221977,0.06666666666666667,ductal
4274,1.0,1.0,1.0,1.0,0.0006741788238286972,0.0,ductal
4275,1.0,1.0,1.0,1.0,0.0006492519751191139,0.13333333333333333,ductal
4276,0.9333333333333333,0.9333333333333333,0.9554990867311322,0.9792124463344867,0.0006709517911076546,0.13333333333333333,ductal
4277,1.0,1.0,1.0,1.0,0.0006504720076918602,0.06666666666666667,ductal
4278,1.0,1.0,1.0,1.0,0.000696730799973011,0.5333333333333333,ductal
4279,1.0,1.0,1.0,1.0,0.0006906529888510704,0.5333333333333333,ductal
4280,1.0,1.0,1.0,1.0,0.0006565563380718231,0.06666666666666667,ductal
4281,1.0,1.0,1.0,1.0,0.000668366439640522,0.06666666666666667,ductal
4282,0.9333333333333333,0.9333333333333333,0.9885345597120642,0.9950179854782026,0.0006725508719682693,0.2,ductal
4283,1.0,1.0,1.0,1.0,0.0006634481251239777,0.13333333333333333,ductal
4284,0.8,0.8,0.8525795476136121,0.92744682001637,0.0006763758137822151,0.06666666666666667,ductal
4285,1.0,1.0,1.0,1.0,0.0006583873182535172,0.4666666666666667,ductal
4286,1.0,1.0,1.0,1.0,0.0006593568250536919,0.13333333333333333,ductal
4287,1.0,1.0,1.0,1.0,0.0006617940962314606,0.0,ductal
4288,0.9333333333333333,0.9333333333333333,0.9713608789336006,0.9867822581635725,0.0006530415266752243,0.3333333333333333,ductal
4289,0.9333333333333333,0.9333333333333333,0.9511551684730647,0.9766084253910292,0.0007030274718999863,0.26666666666666666,ductal
4290,1.0,1.0,1.0,1.0,0.0006622206419706345,0.26666666666666666,ductal
4291,0.8,0.8,0.884402448418161,0.9440660811672006,0.0006616730242967606,0.13333333333333333,ductal
4292,1.0,1.0,1.0,1.0,0.0006889989599585533,0.2,ductal
4293,0.8,0.8,0.9170771858327114,0.9610350179642747,0.0006689382717013359,0.06666666666666667,ductal
4294,0.9333333333333333,0.9333333333333333,0.9968234070680954,0.9986935279702731,0.0006641549989581108,0.06666666666666667,ductal
4295,1.0,1.0,1.0,1.0,0.0006563644856214523,0.26666666666666666,ductal
4296,1.0,1.0,1.0,1.0,0.0006582504138350487,0.2,ductal
4297,1.0,1.0,1.0,1.0,0.000670330598950386,0.2,ductal
4298,0.9333333333333333,0.9333333333333333,0.9774841416483391,0.989827770043905,0.0006679492071270943,0.0,ductal
4299,0.9333333333333333,0.9333333333333333,0.9893025807058659,0.995438977058388,0.0006571756675839424,0.2,ductal
4300,1.0,1.0,1.0,1.0,0.0006799660623073578,0.26666666666666666,ductal
4301,1.0,1.0,1.0,1.0,0.0006841709837317467,0.5333333333333333,ductal
4302,0.8666666666666667,0.8666666666666667,0.9339866374392677,0.9694142019771318,0.000667269341647625,0.0,ductal
4303,1.0,1.0,1.0,1.0,0.0006588790565729141,0.13333333333333333,ductal
4304,1.0,1.0,1.0,1.0,0.0006811898201704025,0.06666666666666667,ductal
4305,1.0,1.0,1.0,1.0,0.0006850799545645714,0.13333333333333333,ductal
4306,1.0,1.0,1.0,1.0,0.0006754714995622635,0.0,ductal
4307,1.0,1.0,1.0,1.0,0.0006601782515645027,0.3333333333333333,ductal
4308,1.0,1.0,1.0,1.0,0.000692984089255333,0.4666666666666667,ductal
4309,0.9333333333333333,0.9333333333333333,0.9641389394532167,0.983013317195414,0.0006531514227390289,0.06666666666666667,ductal
4310,0.9333333333333333,0.9333333333333333,0.9783305395330373,0.9903304288511297,0.0007225284352898598,0.0,ductal
4311,1.0,1.0,1.0,1.0,0.0006653042510151863,0.2,ductal
4312,0.8666666666666667,0.8666666666666667,0.9234726807234523,0.9643317959093154,0.0006616786122322083,0.13333333333333333,ductal
4313,0.9333333333333333,0.9333333333333333,0.9961751326352737,0.998407709354505,0.000655248761177063,0.26666666666666666,ductal
4314,0.9333333333333333,0.9333333333333333,0.9925838996749557,0.9969719304493531,0.0006548948585987091,0.2,ductal
4315,1.0,1.0,1.0,1.0,0.0006496412679553032,0.0,ductal
4316,0.9333333333333333,0.9333333333333333,0.9843240651507467,0.9931353451216636,0.000650603324174881,0.0,ductal
4317,0.9333333333333333,0.9333333333333333,0.9682055873268831,0.9858945070835451,0.0006546340882778168,0.06666666666666667,ductal
4318,1.0,1.0,1.0,1.0,0.000650063157081604,0.4,ductal
4319,0.9333333333333333,0.9333333333333333,0.9977547103559906,0.9990919476198745,0.0006536440923810005,0.0,ductal
4320,0.9333333333333333,0.9333333333333333,0.9704206048730891,0.9865564747908458,0.0006567621603608131,0.06666666666666667,ductal
4321,1.0,1.0,1.0,1.0,0.0006574438884854317,0.2,ductal
4322,0.8666666666666667,0.8666666666666667,0.9198767818112762,0.9619089510580406,0.0006664302200078964,0.13333333333333333,ductal
4323,1.0,1.0,1.0,1.0,0.0006855158135294914,0.26666666666666666,ductal
4324,1.0,1.0,1.0,1.0,0.0006531039252877235,0.2,ductal
4325,1.0,1.0,1.0,1.0,0.0006776051595807076,0.0,ductal
4326,1.0,1.0,1.0,1.0,0.0006866725161671638,0.0,ductal
4327,1.0,1.0,1.0,1.0,0.0006434004753828049,0.26666666666666666,ductal
4328,0.7333333333333333,0.7333333333333333,0.8852653811115293,0.9461770913322102,0.0006840191781520844,0.26666666666666666,ductal
4329,0.9333333333333333,0.9333333333333333,0.9813650186788069,0.9920826684457079,0.0006647305563092232,0.13333333333333333,ductal
4330,1.0,1.0,1.0,1.0,0.000638989731669426,0.26666666666666666,ductal
4331,0.8,0.8,0.8368598688209535,0.9150786698769251,0.0006786389276385307,0.26666666666666666,ductal
4332,1.0,1.0,1.0,1.0,0.000659652054309845,0.06666666666666667,ductal
4333,1.0,1.0,1.0,1.0,0.0006444007158279419,0.4666666666666667,ductal
4334,0.9333333333333333,0.9333333333333333,0.9072832560438829,0.9392455154630378,0.0006638271734118462,0.06666666666666667,ductal
4335,0.8666666666666667,0.8666666666666667,0.9592350710657566,0.9819886818524959,0.0006557749584317207,0.26666666666666666,ductal
4336,0.9333333333333333,0.9333333333333333,0.9629205799215481,0.9829876628231696,0.0006704078987240791,0.2,ductal
4337,0.9333333333333333,0.9333333333333333,0.9816944122253647,0.992009277704971,0.0006581488996744156,0.06666666666666667,ductal
4338,1.0,1.0,1.0,1.0,0.0006595263257622719,0.26666666666666666,ductal
4339,0.9333333333333333,0.9333333333333333,0.9651153064792524,0.9838660673954983,0.0006557153537869453,0.13333333333333333,ductal
4340,1.0,1.0,1.0,1.0,0.0006515961140394211,0.2,ductal
4341,0.8666666666666667,0.8666666666666667,0.9523441929399159,0.978544261762778,0.0006668223068118095,0.26666666666666666,ductal
4342,1.0,1.0,1.0,1.0,0.0006452975794672966,0.13333333333333333,ductal
4343,1.0,1.0,1.0,1.0,0.0006853155791759491,0.13333333333333333,ductal
4344,1.0,1.0,1.0,1.0,0.0006628390401601791,0.2,ductal
4345,1.0,1.0,1.0,1.0,0.0006762901321053505,0.0,ductal
4346,1.0,1.0,1.0,1.0,0.0006721951067447662,0.13333333333333333,ductal
4347,1.0,1.0,1.0,1.0,0.000735841691493988,0.26666666666666666,ductal
4348,1.0,1.0,1.0,1.0,0.0006715338677167892,0.13333333333333333,ductal
4349,0.9333333333333333,0.9333333333333333,0.9448584398871512,0.972776619594672,0.0006884848698973656,0.2,ductal
4350,1.0,1.0,1.0,1.0,0.0006546257063746452,0.06666666666666667,ductal
4351,1.0,1.0,1.0,1.0,0.0007005920633673668,0.2,ductal
4352,0.9333333333333333,0.9333333333333333,0.981434884218809,0.991942886507768,0.0006711063906550407,0.06666666666666667,ductal
4353,0.8666666666666667,0.8666666666666667,0.948588853130091,0.9766315639805809,0.000658990815281868,0.0,ductal
4354,1.0,1.0,1.0,1.0,0.0006776172667741776,0.0,ductal
4355,1.0,1.0,1.0,1.0,0.0006526503711938858,0.13333333333333333,ductal
4356,1.0,1.0,1.0,1.0,0.0006628613919019699,0.3333333333333333,ductal
4357,0.9333333333333333,0.9333333333333333,0.9737085041048135,0.9883222946454232,0.0006866790354251862,0.06666666666666667,ductal
4358,1.0,1.0,1.0,1.0,0.0006611449643969536,0.3333333333333333,ductal
4359,0.8,0.8,0.8917779776969821,0.9487144530584597,0.0006870459765195847,0.0,ductal
4360,0.8666666666666667,0.8666666666666667,0.9242016123902029,0.9640917191249117,0.0006669294089078903,0.2,ductal
4361,1.0,1.0,1.0,1.0,0.0006551742553710938,0.13333333333333333,ductal
4362,1.0,1.0,1.0,1.0,0.000668148510158062,0.2,ductal
4363,1.0,1.0,1.0,1.0,0.0006630821153521538,0.13333333333333333,ductal
4364,1.0,1.0,1.0,1.0,0.0006644399836659431,0.13333333333333333,ductal
4365,1.0,1.0,1.0,1.0,0.0006803497672080994,0.2,ductal
4366,0.8666666666666667,0.8666666666666667,0.9330032639742679,0.9684553281906723,0.0006862077862024307,0.06666666666666667,ductal
4367,0.9333333333333333,0.9333333333333333,0.9677875394211104,0.9855453304670562,0.0006630653515458107,0.2,ductal
4368,0.9333333333333333,0.9333333333333333,0.9619570588378725,0.9823573805399222,0.0006586117669939995,0.13333333333333333,ductal
4369,0.9333333333333333,0.9333333333333333,0.9904225629652982,0.9959427171371062,0.0006988253444433212,0.06666666666666667,ductal
4370,0.8666666666666667,0.8666666666666667,0.9758398456626787,0.9896983322710765,0.000654539093375206,0.06666666666666667,ductal
4371,1.0,1.0,1.0,1.0,0.0006874892860651016,0.3333333333333333,ductal
4372,1.0,1.0,1.0,1.0,0.0006571775302290916,0.06666666666666667,ductal
4373,1.0,1.0,1.0,1.0,0.0006691049784421921,0.0,ductal
4374,0.9333333333333333,0.9333333333333333,0.9627242591618804,0.9828776077336876,0.0006737401708960533,0.06666666666666667,ductal
4375,1.0,1.0,1.0,1.0,0.0006515337154269218,0.4,ductal
4376,1.0,1.0,1.0,1.0,0.000697840005159378,0.0,ductal
4377,1.0,1.0,1.0,1.0,0.0006711538881063461,0.3333333333333333,ductal
4378,1.0,1.0,1.0,1.0,0.0006842641159892082,0.26666666666666666,ductal
4379,1.0,1.0,1.0,1.0,0.0006616590544581413,0.06666666666666667,ductal
4380,1.0,1.0,1.0,1.0,0.0006597591564059258,0.4,ductal
4381,0.9333333333333333,0.9333333333333333,0.9555567446966791,0.9789091928346191,0.0006902758032083511,0.2,ductal
4382,1.0,1.0,1.0,1.0,0.0006692605093121529,0.3333333333333333,ductal
4383,0.8666666666666667,0.8666666666666667,0.9599531922256392,0.9817265001308279,0.0007057730108499527,0.13333333333333333,ductal
4384,0.9333333333333333,0.9333333333333333,0.9526426932745098,0.9775884249622325,0.0006862226873636246,0.0,ductal
4385,1.0,1.0,1.0,1.0,0.0006682826206088066,0.4,ductal
4386,1.0,1.0,1.0,1.0,0.0006731906905770302,0.26666666666666666,ductal
4387,1.0,1.0,1.0,1.0,0.000667668879032135,0.13333333333333333,ductal
4388,0.8666666666666667,0.8666666666666667,0.918555941787587,0.9612436973266825,0.0006854739040136337,0.13333333333333333,ductal
4389,0.9333333333333333,0.9333333333333333,0.9693946569198645,0.9868028983784981,0.000659462995827198,0.3333333333333333,ductal
4390,1.0,1.0,1.0,1.0,0.0006686560809612274,0.4,ductal
4391,1.0,1.0,1.0,1.0,0.0006643645465373993,0.06666666666666667,ductal
4392,0.9333333333333333,0.9333333333333333,0.9587501305464088,0.9806384272490123,0.0006741546094417572,0.0,ductal
4393,1.0,1.0,1.0,1.0,0.000666450709104538,0.2,ductal
4394,1.0,1.0,1.0,1.0,0.0006916988641023636,0.13333333333333333,ductal
4395,1.0,1.0,1.0,1.0,0.0006621601060032845,0.5333333333333333,ductal
4396,0.9333333333333333,0.9333333333333333,0.9660528497736981,0.9848031710366709,0.0006549814715981483,0.4,ductal
4397,0.9333333333333333,0.9333333333333333,0.9589408774433524,0.9806696830595217,0.0006775269284844398,0.3333333333333333,ductal
4398,1.0,1.0,1.0,1.0,0.0006726477295160294,0.3333333333333333,ductal
4399,0.9333333333333333,0.9333333333333333,0.9635848612941212,0.9834917434839268,0.0006778528913855553,0.2,ductal
4400,0.9333333333333333,0.9333333333333333,0.9789521628642832,0.9911461314840084,0.0006729559972882271,0.4666666666666667,ductal
4401,0.9333333333333333,0.9333333333333333,0.9666398832387579,0.9847467997533695,0.0006610900163650513,0.0,ductal
4402,0.8666666666666667,0.8666666666666667,0.9162573208885642,0.9600220485214264,0.0006543286144733429,0.13333333333333333,ductal
4403,1.0,1.0,1.0,1.0,0.0006705382838845253,0.0,ductal
4404,0.9333333333333333,0.9333333333333333,0.9658799008464335,0.9842295678411623,0.0006665419787168503,0.0,ductal
4405,0.8666666666666667,0.8666666666666667,0.8739090390622621,0.9260702739449981,0.000654277391731739,0.06666666666666667,ductal
4406,1.0,1.0,1.0,1.0,0.0006796605885028839,0.26666666666666666,ductal
4407,1.0,1.0,1.0,1.0,0.0006620399653911591,0.3333333333333333,ductal
4408,1.0,1.0,1.0,1.0,0.0006933370605111122,0.4666666666666667,ductal
4409,0.9333333333333333,0.9333333333333333,0.9687593953889129,0.9858262476139277,0.0006533162668347359,0.5333333333333333,ductal
4410,1.0,1.0,1.0,1.0,0.0006812969222664833,0.3333333333333333,ductal
4411,1.0,1.0,1.0,1.0,0.0006572268903255463,0.4,ductal
4412,0.9333333333333333,0.9333333333333333,0.9642400459684815,0.9835645049914454,0.0006998805329203606,0.4666666666666667,ductal
4413,0.8666666666666667,0.8666666666666667,0.9293506419662214,0.9671920116043116,0.0006622727960348129,0.13333333333333333,ductal
4414,0.8666666666666667,0.8666666666666667,0.9533297622134977,0.9781571043569782,0.0006666146218776703,0.0,ductal
4415,1.0,1.0,1.0,1.0,0.0006860159337520599,0.06666666666666667,ductal
4416,0.8666666666666667,0.8666666666666667,0.9318613145151263,0.9694184000136222,0.0006603943184018135,0.26666666666666666,ductal
4417,1.0,1.0,1.0,1.0,0.000675584189593792,0.06666666666666667,ductal
4418,1.0,1.0,1.0,1.0,0.0006615724414587021,0.0,ductal
4419,0.8666666666666667,0.8666666666666667,0.9372499972767544,0.9710478086192088,0.0007101520895957947,0.13333333333333333,ductal
4420,0.9333333333333333,0.9333333333333333,0.9555131709704514,0.9790714943401778,0.0006522638723254204,0.0,ductal
4421,1.0,1.0,1.0,1.0,0.0006906036287546158,0.2,endothelial
4422,0.8666666666666667,0.8666666666666667,0.9393003767801055,0.9716898155201866,0.0006705839186906815,0.2,endothelial
4423,0.9333333333333333,0.9333333333333333,0.9659324921978534,0.9843496446622207,0.0006447173655033112,0.3333333333333333,endothelial
4424,0.8,0.8,0.8026681636618443,0.8733935758713901,0.0006835982203483582,0.06666666666666667,endothelial
4425,0.9333333333333333,0.9333333333333333,0.9617297228842022,0.9821652372760595,0.0006747962906956673,0.13333333333333333,endothelial
4426,1.0,1.0,1.0,1.0,0.000638764351606369,0.3333333333333333,endothelial
4427,1.0,1.0,1.0,1.0,0.0006812950596213341,0.5333333333333333,endothelial
4428,1.0,1.0,1.0,1.0,0.000664527527987957,0.26666666666666666,endothelial
4429,1.0,1.0,1.0,1.0,0.000682758167386055,0.2,endothelial
4430,0.9333333333333333,0.9333333333333333,0.9740751350436478,0.9884163695816112,0.0006628939881920815,0.2,endothelial
4431,0.7333333333333333,0.7333333333333333,0.787809358450187,0.8830141535121098,0.0006993915885686874,0.26666666666666666,endothelial
4432,1.0,1.0,1.0,1.0,0.0006773164495825768,0.4666666666666667,endothelial
4433,1.0,1.0,1.0,1.0,0.0006544962525367737,0.3333333333333333,endothelial
4434,1.0,1.0,1.0,1.0,0.0006751725450158119,0.4,endothelial
4435,1.0,1.0,1.0,1.0,0.0006818873807787895,0.06666666666666667,endothelial
4436,1.0,1.0,1.0,1.0,0.0006666602566838264,0.26666666666666666,endothelial
4437,1.0,1.0,1.0,1.0,0.00064900703728199,0.4,endothelial
4438,1.0,1.0,1.0,1.0,0.0006609242409467697,0.4666666666666667,endothelial
4439,1.0,1.0,1.0,1.0,0.0006626797839999199,0.4,endothelial
4440,1.0,1.0,1.0,1.0,0.0006661899387836456,0.5333333333333333,endothelial
4441,1.0,1.0,1.0,1.0,0.0006629657000303268,0.26666666666666666,endothelial
4442,1.0,1.0,1.0,1.0,0.0006668232381343842,0.26666666666666666,endothelial
4443,1.0,1.0,1.0,1.0,0.000646461732685566,0.6,endothelial
4444,1.0,1.0,1.0,1.0,0.0006847390905022621,0.6,endothelial
4445,1.0,1.0,1.0,1.0,0.0006944853812456131,0.4,endothelial
4446,0.9333333333333333,0.9333333333333333,0.9800937075062188,0.9915733525368287,0.0006531393155455589,0.4666666666666667,endothelial
4447,1.0,1.0,1.0,1.0,0.0006560757756233215,0.3333333333333333,endothelial
4448,0.9333333333333333,0.9333333333333333,0.9578978944522902,0.9802904991753889,0.0006724195554852486,0.4666666666666667,endothelial
4449,1.0,1.0,1.0,1.0,0.000647381879389286,0.3333333333333333,endothelial
4450,1.0,1.0,1.0,1.0,0.0006542680785059929,0.4666666666666667,endothelial
4451,0.9333333333333333,0.9333333333333333,0.9773675419988133,0.9902045187013242,0.0006776424124836922,0.5333333333333333,endothelial
4452,1.0,1.0,1.0,1.0,0.0006843078881502151,0.4,endothelial
4453,1.0,1.0,1.0,1.0,0.0006783902645111084,0.3333333333333333,endothelial
4454,1.0,1.0,1.0,1.0,0.0006532715633511543,0.4666666666666667,endothelial
4455,1.0,1.0,1.0,1.0,0.0006871921941637993,0.6,endothelial
4456,1.0,1.0,1.0,1.0,0.0006653871387243271,0.2,endothelial
4457,0.8666666666666667,0.8666666666666667,0.9909456340160585,0.9958220778819563,0.0006621666252613068,0.26666666666666666,endothelial
4458,1.0,1.0,1.0,1.0,0.0006610387936234474,0.2,endothelial
4459,0.6666666666666666,0.6666666666666666,0.7737983661769227,0.8871049438912075,0.0006739851087331772,0.0,endothelial
4460,1.0,1.0,1.0,1.0,0.0006560785695910454,0.5333333333333333,endothelial
4461,0.9333333333333333,0.9333333333333333,0.9628979944258095,0.9828838648070245,0.0006582187488675117,0.4666666666666667,endothelial
4462,1.0,1.0,1.0,1.0,0.0006665438413619995,0.4666666666666667,endothelial
4463,0.9333333333333333,0.9333333333333333,0.9820679760771838,0.9924169771443454,0.00064836535602808,0.26666666666666666,activated_stellate
4464,0.9333333333333333,0.9333333333333333,0.9822877454076144,0.9923126167090405,0.0006761848926544189,0.0,activated_stellate
4465,0.8,0.8,0.8786615296752821,0.94172825104875,0.0006618751212954521,0.06666666666666667,activated_stellate
4466,1.0,1.0,1.0,1.0,0.0007012691348791122,0.26666666666666666,activated_stellate
4467,0.9333333333333333,0.9333333333333333,0.9443185620508413,0.9721754424483794,0.0006715282797813416,0.06666666666666667,activated_stellate
4468,0.8666666666666667,0.8666666666666667,0.9385527356379737,0.9720648163398565,0.0007016267627477646,0.2,activated_stellate
4469,1.0,1.0,1.0,1.0,0.0006598746404051781,0.2,activated_stellate
4470,1.0,1.0,1.0,1.0,0.0006584348157048225,0.26666666666666666,activated_stellate
4471,0.9333333333333333,0.9333333333333333,0.9876274104616722,0.9946402521458404,0.0006868224591016769,0.13333333333333333,activated_stellate
4472,0.9333333333333333,0.9333333333333333,0.9834900065926978,0.992791682491238,0.0006622606888413429,0.2,activated_stellate
4473,1.0,1.0,1.0,1.0,0.0006750700995326042,0.2,activated_stellate
4474,0.9333333333333333,0.9333333333333333,0.9748150960697843,0.9891261136463564,0.0006673960015177727,0.06666666666666667,activated_stellate
4475,1.0,1.0,1.0,1.0,0.0006548529490828514,0.3333333333333333,activated_stellate
4476,0.8666666666666667,0.8666666666666667,0.9767868714965142,0.9899896764930416,0.000725647434592247,0.06666666666666667,activated_stellate
4477,0.9333333333333333,0.9333333333333333,0.9548398049776877,0.9784783430822402,0.0006555104628205299,0.3333333333333333,activated_stellate
4478,0.7333333333333333,0.7333333333333333,0.7528396604099991,0.8171988941676072,0.000656801275908947,0.06666666666666667,activated_stellate
4479,1.0,1.0,1.0,1.0,0.0006740167737007141,0.5333333333333333,activated_stellate
4480,1.0,1.0,1.0,1.0,0.0006623305380344391,0.0,activated_stellate
4481,1.0,1.0,1.0,1.0,0.0006729941815137863,0.13333333333333333,activated_stellate
4482,0.8,0.8,0.8993467467072706,0.9533428688638373,0.0006790291517972946,0.0,activated_stellate
4483,0.8666666666666667,0.8666666666666667,0.9702536507146121,0.9849719866424139,0.0006962763145565987,0.06666666666666667,activated_stellate
4484,0.8666666666666667,0.8666666666666667,0.9135786729478301,0.9577773350526233,0.000691327266395092,0.13333333333333333,activated_stellate
4485,0.9333333333333333,0.9333333333333333,0.9661784886145055,0.9840764546635538,0.0006867405027151108,0.2,activated_stellate
4486,0.9333333333333333,0.9333333333333333,0.9830856129089199,0.992862543057489,0.0006621964275836945,0.13333333333333333,activated_stellate
4487,1.0,1.0,1.0,1.0,0.0006548790261149406,0.2,activated_stellate
4488,1.0,1.0,1.0,1.0,0.0006569121032953262,0.4,activated_stellate
4489,0.8666666666666667,0.8666666666666667,0.9769337231705841,0.9902278010703208,0.0006545344367623329,0.26666666666666666,activated_stellate
4490,0.9333333333333333,0.9333333333333333,0.9816446131780433,0.9918734801661042,0.0006685163825750351,0.06666666666666667,activated_stellate
4491,1.0,1.0,1.0,1.0,0.0006532035768032074,0.2,activated_stellate
4492,1.0,1.0,1.0,1.0,0.0006966898217797279,0.13333333333333333,activated_stellate
4493,1.0,1.0,1.0,1.0,0.0007135597988963127,0.4,activated_stellate
4494,0.8,0.8,0.8391256658913383,0.9169433908664408,0.0006542513146996498,0.0,activated_stellate
4495,1.0,1.0,1.0,1.0,0.0006867256015539169,0.26666666666666666,activated_stellate
4496,1.0,1.0,1.0,1.0,0.0006714891642332077,0.3333333333333333,activated_stellate
4497,0.9333333333333333,0.9333333333333333,0.9444048468167567,0.9713252550835083,0.00064861960709095,0.13333333333333333,activated_stellate
4498,0.8666666666666667,0.8666666666666667,0.9571122638943929,0.9803768972623869,0.0006811041384935379,0.2,activated_stellate
4499,1.0,1.0,1.0,1.0,0.0006698723882436752,0.4,activated_stellate
4500,0.8666666666666667,0.8666666666666667,0.9499393369493985,0.9773133291477581,0.0006476240232586861,0.06666666666666667,activated_stellate
4501,0.9333333333333333,0.9333333333333333,0.9811425773192202,0.9917627667212479,0.000673418864607811,0.0,activated_stellate
4502,0.9333333333333333,0.9333333333333333,0.997368223136567,0.9989235634560304,0.0006792061030864716,0.2,activated_stellate
4503,1.0,1.0,1.0,1.0,0.0006802668794989586,0.4,activated_stellate
4504,1.0,1.0,1.0,1.0,0.0006712721660733223,0.26666666666666666,activated_stellate
4505,1.0,1.0,1.0,1.0,0.0006509628146886826,0.06666666666666667,activated_stellate
4506,1.0,1.0,1.0,1.0,0.0006737718358635902,0.3333333333333333,activated_stellate
4507,1.0,1.0,1.0,1.0,0.0006932802498340607,0.06666666666666667,activated_stellate
4508,0.9333333333333333,0.9333333333333333,0.9873457408689794,0.9946095872070378,0.0006647128611803055,0.13333333333333333,activated_stellate
4509,1.0,1.0,1.0,1.0,0.000655394047498703,0.06666666666666667,activated_stellate
4510,1.0,1.0,1.0,1.0,0.0006559891626238823,0.13333333333333333,activated_stellate
4511,0.9333333333333333,0.9333333333333333,0.9658098650718485,0.9845075317474293,0.000658402219414711,0.26666666666666666,activated_stellate
4512,1.0,1.0,1.0,1.0,0.0006617745384573936,0.3333333333333333,activated_stellate
4513,1.0,1.0,1.0,1.0,0.0006722211837768555,0.2,activated_stellate
4514,0.9333333333333333,0.9333333333333333,0.9802241650897199,0.9911109338172523,0.0006486847996711731,0.26666666666666666,activated_stellate
4515,0.9333333333333333,0.9333333333333333,0.9691206388865609,0.9858239391460668,0.0006742784753441811,0.2,activated_stellate
4516,1.0,1.0,1.0,1.0,0.0006675990298390388,0.06666666666666667,activated_stellate
4517,0.8,0.8,0.888857783028108,0.9468915265853523,0.000656474381685257,0.2,activated_stellate
4518,1.0,1.0,1.0,1.0,0.0006704684346914291,0.5333333333333333,activated_stellate
4519,1.0,1.0,1.0,1.0,0.000661894679069519,0.26666666666666666,activated_stellate
4520,1.0,1.0,1.0,1.0,0.0006525712087750435,0.4,activated_stellate
4521,1.0,1.0,1.0,1.0,0.0006679454818367958,0.13333333333333333,activated_stellate
4522,1.0,1.0,1.0,1.0,0.0006632339209318161,0.2,activated_stellate
4523,0.8666666666666667,0.8666666666666667,0.9782717627268195,0.990611801014583,0.0006599137559533119,0.06666666666666667,activated_stellate
4524,0.9333333333333333,0.9333333333333333,0.9685405425026244,0.9853777164246116,0.0006672907620668411,0.2,activated_stellate
4525,0.8,0.8,0.8767621194957416,0.9400721975363984,0.0006599016487598419,0.0,activated_stellate
4526,0.9333333333333333,0.9333333333333333,0.9619855881294952,0.9821327599123861,0.0006804205477237701,0.2,activated_stellate
4527,1.0,1.0,1.0,1.0,0.0006680535152554512,0.26666666666666666,activated_stellate
4528,1.0,1.0,1.0,1.0,0.0007006395608186722,0.0,activated_stellate
4529,0.8,0.8,0.9663100781521594,0.985561259180452,0.0006528468802571297,0.0,activated_stellate
4530,0.8666666666666667,0.8666666666666667,0.9572684046076355,0.9812616318599942,0.0006847642362117767,0.0,activated_stellate
4531,1.0,1.0,1.0,1.0,0.000665733590722084,0.3333333333333333,activated_stellate
4532,0.8,0.8,0.9750771238153201,0.9891806154539747,0.0006752228364348412,0.26666666666666666,activated_stellate
4533,0.9333333333333333,0.9333333333333333,0.9637780856619017,0.9833588915184057,0.0006925808265805244,0.0,activated_stellate
4534,1.0,1.0,1.0,1.0,0.0006544357165694237,0.2,activated_stellate
4535,1.0,1.0,1.0,1.0,0.0006741061806678772,0.3333333333333333,activated_stellate
4536,0.7333333333333333,0.7333333333333333,0.8940445696991931,0.9510452692613571,0.0006590951234102249,0.06666666666666667,activated_stellate
4537,0.8666666666666667,0.8666666666666667,0.9661600332932249,0.9852580088541685,0.000681709498167038,0.3333333333333333,activated_stellate
4538,0.8,0.8,0.9171952431179224,0.963017204799113,0.0006842995062470436,0.0,activated_stellate
4539,1.0,1.0,1.0,1.0,0.0006689494475722313,0.26666666666666666,activated_stellate
4540,0.9333333333333333,0.9333333333333333,0.9681125710593781,0.9858365350632802,0.0006856005638837814,0.3333333333333333,activated_stellate
4541,1.0,1.0,1.0,1.0,0.0006689988076686859,0.06666666666666667,activated_stellate
4542,0.9333333333333333,0.9333333333333333,0.9581105515632485,0.9803011837159614,0.00068645179271698,0.13333333333333333,activated_stellate
4543,0.9333333333333333,0.9333333333333333,0.9910535512680694,0.9962103434022332,0.0006635133177042007,0.26666666666666666,activated_stellate
4544,0.8666666666666667,0.8666666666666667,0.881369709038871,0.9324130109992148,0.0014505591243505478,0.13333333333333333,activated_stellate
4545,1.0,1.0,1.0,1.0,0.00073215551674366,0.06666666666666667,activated_stellate
4546,0.9333333333333333,0.9333333333333333,0.976173767367739,0.9894943050712902,0.0006943522021174431,0.2,activated_stellate
4547,1.0,1.0,1.0,1.0,0.0006869863718748093,0.4,activated_stellate
4548,1.0,1.0,1.0,1.0,0.0006873328238725662,0.4666666666666667,activated_stellate
4549,1.0,1.0,1.0,1.0,0.0006644893437623978,0.26666666666666666,activated_stellate
4550,1.0,1.0,1.0,1.0,0.0007023289799690247,0.26666666666666666,activated_stellate
4551,0.9333333333333333,0.9333333333333333,0.9907543917327948,0.9960645520092265,0.0006668204441666603,0.13333333333333333,activated_stellate
4552,0.8666666666666667,0.8666666666666667,0.9391853651550783,0.9726101399339278,0.0006653433665633202,0.06666666666666667,activated_stellate
4553,1.0,1.0,1.0,1.0,0.0006836038082838058,0.2,activated_stellate
4554,0.8666666666666667,0.8666666666666667,0.9598971979731676,0.982535154646309,0.0006630020216107368,0.4,activated_stellate
4555,0.8,0.8,0.8639886634071244,0.9332467066789605,0.0006565721705555916,0.13333333333333333,activated_stellate
4556,0.6,0.6,0.6955906989005284,0.7755233852915118,0.0006618630141019821,0.26666666666666666,activated_stellate
4557,0.8666666666666667,0.8666666666666667,0.9110339815715716,0.9577382347794449,0.0006884261965751648,0.4666666666666667,activated_stellate
4558,0.9333333333333333,0.9333333333333333,0.9507654658454903,0.9764469725651449,0.000693456269800663,0.06666666666666667,activated_stellate
4559,0.8666666666666667,0.8666666666666667,0.9635373704072957,0.9840077255852768,0.0006639501079916954,0.2,activated_stellate
4560,0.9333333333333333,0.9333333333333333,0.9304611515025408,0.9606224046167215,0.0006814785301685333,0.3333333333333333,activated_stellate
4561,1.0,1.0,1.0,1.0,0.0006659030914306641,0.26666666666666666,activated_stellate
4562,0.7333333333333333,0.7333333333333333,0.7379417914633367,0.8163488828604022,0.0007124505937099457,0.4,activated_stellate
4563,1.0,1.0,1.0,1.0,0.0006861006841063499,0.6,activated_stellate
4564,0.9333333333333333,0.9333333333333333,0.982951420237745,0.9925299508166878,0.0006868252530694008,0.3333333333333333,activated_stellate
4565,0.6,0.6,0.8388308021112489,0.924256210249497,0.000672181136906147,0.26666666666666666,activated_stellate
4566,0.3333333333333333,0.3333333333333333,0.40819366220403297,0.5849903864985597,0.0006545735523104668,0.06666666666666667,activated_stellate
4567,0.6666666666666666,0.6666666666666666,0.8266091523970651,0.9030570173934616,0.0006716139614582062,0.26666666666666666,activated_stellate
4568,0.8666666666666667,0.8666666666666667,0.9488529388891493,0.9775696976951496,0.0006564762443304062,0.26666666666666666,activated_stellate
4569,1.0,1.0,1.0,1.0,0.0006922772154211998,0.4666666666666667,activated_stellate
4570,0.9333333333333333,0.9333333333333333,0.9860747533766907,0.9941166776347228,0.000655829906463623,0.5333333333333333,activated_stellate
4571,0.9333333333333333,0.9333333333333333,0.9680325836144583,0.9855232695882575,0.0006863875314593315,0.4,activated_stellate
4572,1.0,1.0,1.0,1.0,0.0006640329957008362,0.4,activated_stellate
4573,0.4,0.4,0.27253317776920827,0.30655421727424753,0.0006529707461595535,0.0,activated_stellate
4574,1.0,1.0,1.0,1.0,0.0006715096533298492,0.4666666666666667,activated_stellate
4575,0.6,0.6,0.660928184274194,0.7923228984242132,0.0006592581048607826,0.6,activated_stellate
4576,1.0,1.0,1.0,1.0,0.0006598420441150665,0.06666666666666667,activated_stellate
4577,0.6666666666666666,0.6666666666666666,0.6757459430634427,0.798523601656955,0.0006682667881250381,0.06666666666666667,activated_stellate
4578,0.8666666666666667,0.8666666666666667,0.9542583977350962,0.9788442130344194,0.0006735967472195625,0.13333333333333333,activated_stellate
4579,0.8,0.8,0.8596272540244239,0.9281370191594512,0.0006465818732976913,0.0,activated_stellate
4580,0.7333333333333333,0.7333333333333333,0.7547449314821989,0.8542075110989463,0.0007087504491209984,0.2,activated_stellate
4581,0.8,0.8,0.9115351509026498,0.9581675515327085,0.0006776014342904091,0.2,activated_stellate
4582,0.9333333333333333,0.9333333333333333,0.9726382357982797,0.9874523005997302,0.0006789444014430046,0.0,activated_stellate
4583,0.9333333333333333,0.9333333333333333,0.979180576665754,0.9908352426116164,0.0006621908396482468,0.06666666666666667,activated_stellate
4584,0.6666666666666666,0.6666666666666666,0.8507027833568007,0.9169119787739572,0.00067849550396204,0.13333333333333333,activated_stellate
4585,1.0,1.0,1.0,1.0,0.0006624450907111168,0.26666666666666666,activated_stellate
4586,0.8666666666666667,0.8666666666666667,0.9572398580305677,0.9805258118839197,0.0006713597103953362,0.4,activated_stellate
4587,1.0,1.0,1.0,1.0,0.0006536757573485374,0.06666666666666667,activated_stellate
4588,0.8,0.8,0.9653051273967114,0.9846016239542184,0.0006914203986525536,0.0,activated_stellate
4589,1.0,1.0,1.0,1.0,0.0006838422268629074,0.13333333333333333,activated_stellate
4590,0.7333333333333333,0.7333333333333333,0.9106399382854538,0.9577447193877965,0.00068650022149086,0.3333333333333333,activated_stellate
4591,0.8,0.8,0.897196645976737,0.9515105433384246,0.0006683357059955597,0.0,activated_stellate
4592,0.8,0.8,0.8936430352293868,0.9482000889018424,0.0006606988608837128,0.2,activated_stellate
4593,0.9333333333333333,0.9333333333333333,0.9698991087482022,0.985969749704941,0.0006595989689230919,0.13333333333333333,activated_stellate
4594,0.6,0.6,0.7130841116103939,0.8270202094515666,0.0006539877504110336,0.2,activated_stellate
4595,0.9333333333333333,0.9333333333333333,0.9528303306994534,0.977638703900679,0.0006568850949406624,0.0,activated_stellate
4596,0.8666666666666667,0.8666666666666667,0.9540510947907048,0.9794238085678577,0.0006606066599488258,0.13333333333333333,activated_stellate
4597,1.0,1.0,1.0,1.0,0.0006548678502440453,0.0,activated_stellate
4598,0.9333333333333333,0.9333333333333333,0.8751204997453804,0.9151783976924044,0.0006870143115520477,0.26666666666666666,activated_stellate
4599,0.7333333333333333,0.7333333333333333,0.8482827846822462,0.9228378065047081,0.0006516594439744949,0.13333333333333333,activated_stellate
4600,0.8666666666666667,0.8666666666666667,0.9368229836204925,0.971029426707611,0.0006792293861508369,0.06666666666666667,activated_stellate
4601,0.6666666666666666,0.6666666666666666,0.8776586414770718,0.9404955170358452,0.0006806431338191032,0.0,activated_stellate
4602,0.7333333333333333,0.7333333333333333,0.8963606906850224,0.9517675641591371,0.0006559602916240692,0.2,activated_stellate
4603,0.8,0.8,0.9575649177385068,0.9814693988208384,0.0006836690008640289,0.6,activated_stellate
4604,1.0,1.0,1.0,1.0,0.0006620883941650391,0.13333333333333333,activated_stellate
4605,0.8666666666666667,0.8666666666666667,0.9560244859774202,0.9804602124591142,0.0006732679903507233,0.2,activated_stellate
4606,1.0,1.0,1.0,1.0,0.0006513623520731926,0.4,activated_stellate
4607,0.8,0.8,0.924838801693907,0.9660145424865352,0.000689847394824028,0.2,activated_stellate
4608,1.0,1.0,1.0,1.0,0.0006696414202451706,0.8,schwann
4609,0.9333333333333333,0.9333333333333333,0.9987670756855266,0.9994986135265765,0.0006576860323548317,0.7333333333333333,schwann
4610,1.0,1.0,1.0,1.0,0.000668032094836235,0.7333333333333333,schwann
4611,1.0,1.0,1.0,1.0,0.00065618846565485,0.6666666666666666,schwann
4612,1.0,1.0,1.0,1.0,0.000670640729367733,0.9333333333333333,schwann
4613,1.0,1.0,1.0,1.0,0.0006822375580668449,0.8666666666666667,schwann
4614,1.0,1.0,1.0,1.0,0.0006682621315121651,0.5333333333333333,mast
4615,1.0,1.0,1.0,1.0,0.000685177743434906,0.4666666666666667,mast
4616,1.0,1.0,1.0,1.0,0.0006594881415367126,0.4666666666666667,mast
4617,1.0,1.0,1.0,1.0,0.0006557963788509369,0.4666666666666667,mast
4618,1.0,1.0,1.0,1.0,0.0006560729816555977,0.2,mast
4619,1.0,1.0,1.0,1.0,0.0006519956514239311,0.5333333333333333,mast
4620,1.0,1.0,1.0,1.0,0.0006671994924545288,0.4666666666666667,mast
4621,1.0,1.0,1.0,1.0,0.000689338892698288,0.6,mast
4622,1.0,1.0,1.0,1.0,0.000676068477332592,0.6,mast
4623,1.0,1.0,1.0,1.0,0.0006677713245153427,0.4666666666666667,mast
4624,1.0,1.0,1.0,1.0,0.000673176720738411,0.5333333333333333,mast
4625,1.0,1.0,1.0,1.0,0.0006483262404799461,0.4666666666666667,mast
4626,1.0,1.0,1.0,1.0,0.0006590206176042557,0.4666666666666667,mast
4627,1.0,1.0,1.0,1.0,0.0006688134744763374,0.26666666666666666,macrophage
4628,1.0,1.0,1.0,1.0,0.0006445674225687981,0.3333333333333333,macrophage
4629,1.0,1.0,1.0,1.0,0.0006628716364502907,0.13333333333333333,macrophage
4630,1.0,1.0,1.0,1.0,0.0006609726697206497,0.4,macrophage
4631,1.0,1.0,1.0,1.0,0.0006566569209098816,0.4,macrophage
4632,1.0,1.0,1.0,1.0,0.0006516650319099426,0.26666666666666666,macrophage
4633,1.0,1.0,1.0,1.0,0.0006870841607451439,0.3333333333333333,macrophage
4634,1.0,1.0,1.0,1.0,0.0006485767662525177,0.3333333333333333,macrophage
4635,1.0,1.0,1.0,1.0,0.0006474042311310768,0.13333333333333333,macrophage
4636,1.0,1.0,1.0,1.0,0.0006814505904912949,0.26666666666666666,macrophage
4637,1.0,1.0,1.0,1.0,0.0006809178739786148,0.26666666666666666,macrophage
4638,1.0,1.0,1.0,1.0,0.0006677750498056412,0.06666666666666667,macrophage
4639,1.0,1.0,1.0,1.0,0.0006586741656064987,0.06666666666666667,macrophage
4640,1.0,1.0,1.0,1.0,0.000670245848596096,0.26666666666666666,macrophage
4641,0.8666666666666667,0.8666666666666667,0.9627643122187414,0.984031525186065,0.0006815409287810326,0.2,macrophage
4642,1.0,1.0,1.0,1.0,0.0006634239107370377,0.26666666666666666,macrophage
4643,1.0,1.0,1.0,1.0,0.0006645852699875832,0.26666666666666666,macrophage
4644,1.0,1.0,1.0,1.0,0.0006663473322987556,0.06666666666666667,macrophage
4645,1.0,1.0,1.0,1.0,0.0006577875465154648,0.3333333333333333,macrophage
4646,1.0,1.0,1.0,1.0,0.0006828000769019127,0.0,macrophage
4647,1.0,1.0,1.0,1.0,0.0006717192009091377,0.4666666666666667,macrophage
4648,1.0,1.0,1.0,1.0,0.0006499551236629486,0.13333333333333333,macrophage
4649,1.0,1.0,1.0,1.0,0.0006542298942804337,0.8666666666666667,epsilon
4650,1.0,1.0,1.0,1.0,0.0007035881280899048,0.8666666666666667,epsilon
4651,0.7333333333333333,0.7333333333333333,0.8515397433082519,0.9265975594481854,0.0006542159244418144,0.0,epsilon
4652,1.0,1.0,1.0,1.0,0.0006563486531376839,0.6666666666666666,epsilon
4653,1.0,1.0,1.0,1.0,0.0006751799955964088,0.9333333333333333,epsilon
4654,1.0,1.0,1.0,1.0,0.0006551099941134453,0.7333333333333333,epsilon
4655,1.0,1.0,1.0,1.0,0.0006578033789992332,0.5333333333333333,epsilon
4656,1.0,1.0,1.0,1.0,0.0006567444652318954,0.9333333333333333,epsilon
4657,1.0,1.0,1.0,1.0,0.0006570369005203247,0.8666666666666667,epsilon
4658,1.0,1.0,1.0,1.0,0.0006557013839483261,0.9333333333333333,epsilon
4659,1.0,1.0,1.0,1.0,0.0007060486823320389,0.8,epsilon
4660,1.0,1.0,1.0,1.0,0.0006540575996041298,0.7333333333333333,epsilon
4661,0.9333333333333333,0.9333333333333333,0.9809614756090443,0.9918377896183552,0.00068691186606884,0.2,quiescent_stellate
4662,1.0,1.0,1.0,1.0,0.0006925100460648537,0.26666666666666666,quiescent_stellate
4663,1.0,1.0,1.0,1.0,0.0006815660744905472,0.26666666666666666,quiescent_stellate
4664,1.0,1.0,1.0,1.0,0.0006659328937530518,0.26666666666666666,quiescent_stellate
4665,0.6666666666666666,0.6666666666666666,0.723656284110711,0.8456374343406478,0.0006655985489487648,0.0,quiescent_stellate
4666,0.7333333333333333,0.7333333333333333,0.8877265367331117,0.9485357770898801,0.0006635654717683792,0.0,quiescent_stellate
4667,0.8,0.8,0.8960046097580435,0.9509815415076688,0.0006900513544678688,0.13333333333333333,quiescent_stellate
4668,0.9333333333333333,0.9333333333333333,0.9892487357507974,0.9952505958467842,0.000658378005027771,0.26666666666666666,quiescent_stellate
4669,0.8,0.8,0.9158679323998571,0.9609164360456613,0.0006562788039445877,0.26666666666666666,quiescent_stellate
4670,1.0,1.0,1.0,1.0,0.0006572399288415909,0.2,quiescent_stellate
4671,0.9333333333333333,0.9333333333333333,0.9058079352446881,0.9422220333784964,0.0006734151393175125,0.4666666666666667,quiescent_stellate
4672,1.0,1.0,1.0,1.0,0.0006633009761571884,0.3333333333333333,quiescent_stellate
4673,0.6666666666666666,0.6666666666666666,0.7519001614135388,0.8728982437766903,0.0006542634218931198,0.0,quiescent_stellate
4674,1.0,1.0,1.0,1.0,0.0006908783689141273,0.06666666666666667,quiescent_stellate
4675,1.0,1.0,1.0,1.0,0.0006830599159002304,0.4666666666666667,quiescent_stellate
4676,1.0,1.0,1.0,1.0,0.0006628576666116714,0.4666666666666667,quiescent_stellate
4677,1.0,1.0,1.0,1.0,0.0006652744486927986,0.6,quiescent_stellate
4678,1.0,1.0,1.0,1.0,0.0006553558632731438,0.4,quiescent_stellate
