reference_index,celltype,tech
0,gamma,celseq
1,gamma,celseq
2,gamma,celseq
3,gamma,celseq
4,gamma,celseq
5,gamma,celseq
6,gamma,celseq
7,gamma,celseq
8,gamma,celseq
9,gamma,celseq
10,gamma,celseq
11,gamma,celseq
12,gamma,celseq
13,gamma,celseq
14,gamma,celseq
15,gamma,celseq
16,gamma,celseq
17,gamma,celseq
18,gamma,fluidigmc1
19,gamma,fluidigmc1
20,gamma,fluidigmc1
21,gamma,fluidigmc1
22,gamma,fluidigmc1
23,gamma,fluidigmc1
24,gamma,fluidigmc1
25,gamma,fluidigmc1
26,gamma,fluidigmc1
27,gamma,fluidigmc1
28,gamma,fluidigmc1
29,gamma,fluidigmc1
30,gamma,fluidigmc1
31,gamma,fluidigmc1
32,gamma,fluidigmc1
33,gamma,fluidigmc1
34,gamma,fluidigmc1
35,gamma,fluidigmc1
36,acinar,celseq
37,acinar,celseq
38,acinar,celseq
39,acinar,celseq
40,acinar,celseq
41,acinar,celseq
42,acinar,celseq
43,acinar,celseq
44,acinar,celseq
45,acinar,celseq
46,acinar,celseq
47,acinar,celseq
48,acinar,celseq
49,acinar,celseq
50,acinar,celseq
51,acinar,celseq
52,acinar,celseq
53,acinar,celseq
54,acinar,celseq
55,acinar,celseq
56,acinar,celseq
57,acinar,celseq
58,acinar,celseq
59,acinar,celseq
60,acinar,celseq
61,acinar,celseq
62,acinar,celseq
63,acinar,celseq
64,acinar,celseq
65,acinar,celseq
66,acinar,celseq
67,acinar,celseq
68,acinar,celseq
69,acinar,celseq
70,acinar,celseq
71,acinar,celseq
72,acinar,celseq
73,acinar,celseq
74,acinar,celseq
75,acinar,celseq
76,acinar,celseq
77,acinar,celseq
78,acinar,celseq
79,acinar,celseq
80,acinar,celseq
81,acinar,celseq
82,acinar,celseq
83,acinar,celseq
84,acinar,celseq
85,acinar,celseq
86,acinar,celseq
87,acinar,celseq
88,acinar,celseq
89,acinar,celseq
90,acinar,celseq
91,acinar,celseq
92,acinar,celseq
93,acinar,celseq
94,acinar,celseq
95,acinar,celseq
96,acinar,celseq
97,acinar,celseq
98,acinar,celseq
99,acinar,celseq
100,acinar,celseq
101,acinar,celseq
102,acinar,celseq
103,acinar,celseq
104,acinar,celseq
105,acinar,celseq
106,acinar,celseq
107,acinar,celseq
108,acinar,celseq
109,acinar,celseq
110,acinar,celseq
111,acinar,celseq
112,acinar,celseq
113,acinar,celseq
114,acinar,celseq
115,acinar,celseq
116,acinar,celseq
117,acinar,celseq
118,acinar,celseq
119,acinar,celseq
120,acinar,celseq
121,acinar,celseq
122,acinar,celseq
123,acinar,celseq
124,acinar,celseq
125,acinar,celseq
126,acinar,celseq
127,acinar,celseq
128,acinar,celseq
129,acinar,celseq
130,acinar,celseq
131,acinar,celseq
132,acinar,celseq
133,acinar,celseq
134,acinar,celseq
135,acinar,celseq
136,acinar,celseq
137,acinar,celseq
138,acinar,celseq
139,acinar,celseq
140,acinar,celseq
141,acinar,celseq
142,acinar,celseq
143,acinar,celseq
144,acinar,celseq
145,acinar,celseq
146,acinar,celseq
147,acinar,celseq
148,acinar,celseq
149,acinar,celseq
150,acinar,celseq
151,acinar,celseq
152,acinar,celseq
153,acinar,celseq
154,acinar,celseq
155,acinar,celseq
156,acinar,celseq
157,acinar,celseq
158,acinar,celseq
159,acinar,celseq
160,acinar,celseq
161,acinar,celseq
162,acinar,celseq
163,acinar,celseq
164,acinar,celseq
165,acinar,celseq
166,acinar,celseq
167,acinar,celseq
168,acinar,celseq
169,acinar,celseq
170,acinar,celseq
171,acinar,celseq
172,acinar,celseq
173,acinar,celseq
174,acinar,celseq
175,acinar,celseq
176,acinar,celseq
177,acinar,celseq
178,acinar,celseq
179,acinar,celseq
180,acinar,celseq
181,acinar,celseq
182,acinar,celseq
183,acinar,celseq
184,acinar,celseq
185,acinar,celseq
186,acinar,celseq
187,acinar,celseq
188,acinar,celseq
189,acinar,celseq
190,acinar,celseq
191,acinar,celseq
192,acinar,celseq
193,acinar,celseq
194,acinar,celseq
195,acinar,celseq
196,acinar,celseq
197,acinar,celseq
198,acinar,celseq
199,acinar,celseq
200,acinar,celseq
201,acinar,celseq
202,acinar,celseq
203,acinar,celseq
204,acinar,celseq
205,acinar,celseq
206,acinar,celseq
207,acinar,celseq
208,acinar,celseq
209,acinar,celseq
210,acinar,celseq
211,acinar,celseq
212,acinar,celseq
213,acinar,celseq
214,acinar,celseq
215,acinar,celseq
216,acinar,celseq
217,acinar,celseq
218,acinar,celseq
219,acinar,celseq
220,acinar,celseq
221,acinar,celseq
222,acinar,celseq
223,acinar,celseq
224,acinar,celseq
225,acinar,celseq
226,acinar,celseq
227,acinar,celseq
228,acinar,celseq
229,acinar,celseq
230,acinar,celseq
231,acinar,celseq
232,acinar,celseq
233,acinar,celseq
234,acinar,celseq
235,acinar,celseq
236,acinar,celseq
237,acinar,celseq
238,acinar,celseq
239,acinar,celseq
240,acinar,celseq
241,acinar,celseq
242,acinar,celseq
243,acinar,celseq
244,acinar,celseq
245,acinar,celseq
246,acinar,celseq
247,acinar,celseq
248,acinar,celseq
249,acinar,celseq
250,acinar,celseq
251,acinar,celseq
252,acinar,celseq
253,acinar,celseq
254,acinar,celseq
255,acinar,celseq
256,acinar,celseq
257,acinar,celseq
258,acinar,celseq
259,acinar,celseq
260,acinar,celseq
261,acinar,celseq
262,acinar,celseq
263,acinar,celseq
264,acinar,fluidigmc1
265,acinar,fluidigmc1
266,acinar,fluidigmc1
267,acinar,fluidigmc1
268,acinar,fluidigmc1
269,acinar,fluidigmc1
270,acinar,fluidigmc1
271,acinar,fluidigmc1
272,acinar,fluidigmc1
273,acinar,fluidigmc1
274,acinar,fluidigmc1
275,acinar,fluidigmc1
276,acinar,fluidigmc1
277,acinar,fluidigmc1
278,acinar,fluidigmc1
279,acinar,fluidigmc1
280,acinar,fluidigmc1
281,acinar,fluidigmc1
282,acinar,fluidigmc1
283,acinar,fluidigmc1
284,acinar,fluidigmc1
285,alpha,celseq
286,alpha,celseq
287,alpha,celseq
288,alpha,celseq
289,alpha,celseq
290,alpha,celseq
291,alpha,celseq
292,alpha,celseq
293,alpha,celseq
294,alpha,celseq
295,alpha,celseq
296,alpha,celseq
297,alpha,celseq
298,alpha,celseq
299,alpha,celseq
300,alpha,celseq
301,alpha,celseq
302,alpha,celseq
303,alpha,celseq
304,alpha,celseq
305,alpha,celseq
306,alpha,celseq
307,alpha,celseq
308,alpha,celseq
309,alpha,celseq
310,alpha,celseq
311,alpha,celseq
312,alpha,celseq
313,alpha,celseq
314,alpha,celseq
315,alpha,celseq
316,alpha,celseq
317,alpha,celseq
318,alpha,celseq
319,alpha,celseq
320,alpha,celseq
321,alpha,celseq
322,alpha,celseq
323,alpha,celseq
324,alpha,celseq
325,alpha,celseq
326,alpha,celseq
327,alpha,celseq
328,alpha,celseq
329,alpha,celseq
330,alpha,celseq
331,alpha,celseq
332,alpha,celseq
333,alpha,celseq
334,alpha,celseq
335,alpha,celseq
336,alpha,celseq
337,alpha,celseq
338,alpha,celseq
339,alpha,celseq
340,alpha,celseq
341,alpha,celseq
342,alpha,celseq
343,alpha,celseq
344,alpha,celseq
345,alpha,celseq
346,alpha,celseq
347,alpha,celseq
348,alpha,celseq
349,alpha,celseq
350,alpha,celseq
351,alpha,celseq
352,alpha,celseq
353,alpha,celseq
354,alpha,celseq
355,alpha,celseq
356,alpha,celseq
357,alpha,celseq
358,alpha,celseq
359,alpha,celseq
360,alpha,celseq
361,alpha,celseq
362,alpha,celseq
363,alpha,celseq
364,alpha,celseq
365,alpha,celseq
366,alpha,celseq
367,alpha,celseq
368,alpha,celseq
369,alpha,celseq
370,alpha,celseq
371,alpha,celseq
372,alpha,celseq
373,alpha,celseq
374,alpha,celseq
375,alpha,celseq
376,alpha,celseq
377,alpha,celseq
378,alpha,celseq
379,alpha,celseq
380,alpha,celseq
381,alpha,celseq
382,alpha,celseq
383,alpha,celseq
384,alpha,celseq
385,alpha,celseq
386,alpha,celseq
387,alpha,celseq
388,alpha,celseq
389,alpha,celseq
390,alpha,celseq
391,alpha,celseq
392,alpha,celseq
393,alpha,celseq
394,alpha,celseq
395,alpha,celseq
396,alpha,celseq
397,alpha,celseq
398,alpha,celseq
399,alpha,celseq
400,alpha,celseq
401,alpha,celseq
402,alpha,celseq
403,alpha,celseq
404,alpha,celseq
405,alpha,celseq
406,alpha,celseq
407,alpha,celseq
408,alpha,celseq
409,alpha,celseq
410,alpha,celseq
411,alpha,celseq
412,alpha,celseq
413,alpha,celseq
414,alpha,celseq
415,alpha,celseq
416,alpha,celseq
417,alpha,celseq
418,alpha,celseq
419,alpha,celseq
420,alpha,celseq
421,alpha,celseq
422,alpha,celseq
423,alpha,celseq
424,alpha,celseq
425,alpha,celseq
426,alpha,celseq
427,alpha,celseq
428,alpha,celseq
429,alpha,celseq
430,alpha,celseq
431,alpha,celseq
432,alpha,celseq
433,alpha,celseq
434,alpha,celseq
435,alpha,celseq
436,alpha,celseq
437,alpha,celseq
438,alpha,celseq
439,alpha,celseq
440,alpha,celseq
441,alpha,celseq
442,alpha,celseq
443,alpha,celseq
444,alpha,celseq
445,alpha,celseq
446,alpha,celseq
447,alpha,celseq
448,alpha,celseq
449,alpha,celseq
450,alpha,celseq
451,alpha,celseq
452,alpha,celseq
453,alpha,celseq
454,alpha,celseq
455,alpha,celseq
456,alpha,celseq
457,alpha,celseq
458,alpha,celseq
459,alpha,celseq
460,alpha,celseq
461,alpha,celseq
462,alpha,celseq
463,alpha,celseq
464,alpha,celseq
465,alpha,celseq
466,alpha,celseq
467,alpha,celseq
468,alpha,celseq
469,alpha,celseq
470,alpha,celseq
471,alpha,celseq
472,alpha,celseq
473,alpha,celseq
474,alpha,celseq
475,alpha,celseq
476,alpha,fluidigmc1
477,alpha,fluidigmc1
478,alpha,fluidigmc1
479,alpha,fluidigmc1
480,alpha,fluidigmc1
481,alpha,fluidigmc1
482,alpha,fluidigmc1
483,alpha,fluidigmc1
484,alpha,fluidigmc1
485,alpha,fluidigmc1
486,alpha,fluidigmc1
487,alpha,fluidigmc1
488,alpha,fluidigmc1
489,alpha,fluidigmc1
490,alpha,fluidigmc1
491,alpha,fluidigmc1
492,alpha,fluidigmc1
493,alpha,fluidigmc1
494,alpha,fluidigmc1
495,alpha,fluidigmc1
496,alpha,fluidigmc1
497,alpha,fluidigmc1
498,alpha,fluidigmc1
499,alpha,fluidigmc1
500,alpha,fluidigmc1
501,alpha,fluidigmc1
502,alpha,fluidigmc1
503,alpha,fluidigmc1
504,alpha,fluidigmc1
505,alpha,fluidigmc1
506,alpha,fluidigmc1
507,alpha,fluidigmc1
508,alpha,fluidigmc1
509,alpha,fluidigmc1
510,alpha,fluidigmc1
511,alpha,fluidigmc1
512,alpha,fluidigmc1
513,alpha,fluidigmc1
514,alpha,fluidigmc1
515,alpha,fluidigmc1
516,alpha,fluidigmc1
517,alpha,fluidigmc1
518,alpha,fluidigmc1
519,alpha,fluidigmc1
520,alpha,fluidigmc1
521,alpha,fluidigmc1
522,alpha,fluidigmc1
523,alpha,fluidigmc1
524,alpha,fluidigmc1
525,alpha,fluidigmc1
526,alpha,fluidigmc1
527,alpha,fluidigmc1
528,alpha,fluidigmc1
529,alpha,fluidigmc1
530,alpha,fluidigmc1
531,alpha,fluidigmc1
532,alpha,fluidigmc1
533,alpha,fluidigmc1
534,alpha,fluidigmc1
535,alpha,fluidigmc1
536,alpha,fluidigmc1
537,alpha,fluidigmc1
538,alpha,fluidigmc1
539,alpha,fluidigmc1
540,alpha,fluidigmc1
541,alpha,fluidigmc1
542,alpha,fluidigmc1
543,alpha,fluidigmc1
544,alpha,fluidigmc1
545,alpha,fluidigmc1
546,alpha,fluidigmc1
547,alpha,fluidigmc1
548,alpha,fluidigmc1
549,alpha,fluidigmc1
550,alpha,fluidigmc1
551,alpha,fluidigmc1
552,alpha,fluidigmc1
553,alpha,fluidigmc1
554,alpha,fluidigmc1
555,alpha,fluidigmc1
556,alpha,fluidigmc1
557,alpha,fluidigmc1
558,alpha,fluidigmc1
559,alpha,fluidigmc1
560,alpha,fluidigmc1
561,alpha,fluidigmc1
562,alpha,fluidigmc1
563,alpha,fluidigmc1
564,alpha,fluidigmc1
565,alpha,fluidigmc1
566,alpha,fluidigmc1
567,alpha,fluidigmc1
568,alpha,fluidigmc1
569,alpha,fluidigmc1
570,alpha,fluidigmc1
571,alpha,fluidigmc1
572,alpha,fluidigmc1
573,alpha,fluidigmc1
574,alpha,fluidigmc1
575,alpha,fluidigmc1
576,alpha,fluidigmc1
577,alpha,fluidigmc1
578,alpha,fluidigmc1
579,alpha,fluidigmc1
580,alpha,fluidigmc1
581,alpha,fluidigmc1
582,alpha,fluidigmc1
583,alpha,fluidigmc1
584,alpha,fluidigmc1
585,alpha,fluidigmc1
586,alpha,fluidigmc1
587,alpha,fluidigmc1
588,alpha,fluidigmc1
589,alpha,fluidigmc1
590,alpha,fluidigmc1
591,alpha,fluidigmc1
592,alpha,fluidigmc1
593,alpha,fluidigmc1
594,alpha,fluidigmc1
595,alpha,fluidigmc1
596,alpha,fluidigmc1
597,alpha,fluidigmc1
598,alpha,fluidigmc1
599,alpha,fluidigmc1
600,alpha,fluidigmc1
601,alpha,fluidigmc1
602,alpha,fluidigmc1
603,alpha,fluidigmc1
604,alpha,fluidigmc1
605,alpha,fluidigmc1
606,alpha,fluidigmc1
607,alpha,fluidigmc1
608,alpha,fluidigmc1
609,alpha,fluidigmc1
610,alpha,fluidigmc1
611,alpha,fluidigmc1
612,alpha,fluidigmc1
613,alpha,fluidigmc1
614,alpha,fluidigmc1
615,alpha,fluidigmc1
616,alpha,fluidigmc1
617,alpha,fluidigmc1
618,alpha,fluidigmc1
619,alpha,fluidigmc1
620,alpha,fluidigmc1
621,alpha,fluidigmc1
622,alpha,fluidigmc1
623,alpha,fluidigmc1
624,alpha,fluidigmc1
625,alpha,fluidigmc1
626,alpha,fluidigmc1
627,alpha,fluidigmc1
628,alpha,fluidigmc1
629,alpha,fluidigmc1
630,alpha,fluidigmc1
631,alpha,fluidigmc1
632,alpha,fluidigmc1
633,alpha,fluidigmc1
634,alpha,fluidigmc1
635,alpha,fluidigmc1
636,alpha,fluidigmc1
637,alpha,fluidigmc1
638,alpha,fluidigmc1
639,alpha,fluidigmc1
640,alpha,fluidigmc1
641,alpha,fluidigmc1
642,alpha,fluidigmc1
643,alpha,fluidigmc1
644,alpha,fluidigmc1
645,alpha,fluidigmc1
646,alpha,fluidigmc1
647,alpha,fluidigmc1
648,alpha,fluidigmc1
649,alpha,fluidigmc1
650,alpha,fluidigmc1
651,alpha,fluidigmc1
652,alpha,fluidigmc1
653,alpha,fluidigmc1
654,alpha,fluidigmc1
655,alpha,fluidigmc1
656,alpha,fluidigmc1
657,alpha,fluidigmc1
658,alpha,fluidigmc1
659,alpha,fluidigmc1
660,alpha,fluidigmc1
661,alpha,fluidigmc1
662,alpha,fluidigmc1
663,alpha,fluidigmc1
664,alpha,fluidigmc1
665,alpha,fluidigmc1
666,alpha,fluidigmc1
667,alpha,fluidigmc1
668,alpha,fluidigmc1
669,alpha,fluidigmc1
670,alpha,fluidigmc1
671,alpha,fluidigmc1
672,alpha,fluidigmc1
673,alpha,fluidigmc1
674,alpha,fluidigmc1
675,alpha,fluidigmc1
676,alpha,fluidigmc1
677,alpha,fluidigmc1
678,alpha,fluidigmc1
679,alpha,fluidigmc1
680,alpha,fluidigmc1
681,alpha,fluidigmc1
682,alpha,fluidigmc1
683,alpha,fluidigmc1
684,alpha,fluidigmc1
685,alpha,fluidigmc1
686,alpha,fluidigmc1
687,alpha,fluidigmc1
688,alpha,fluidigmc1
689,alpha,fluidigmc1
690,alpha,fluidigmc1
691,alpha,fluidigmc1
692,alpha,fluidigmc1
693,alpha,fluidigmc1
694,alpha,fluidigmc1
695,alpha,fluidigmc1
696,alpha,fluidigmc1
697,alpha,fluidigmc1
698,alpha,fluidigmc1
699,alpha,fluidigmc1
700,alpha,fluidigmc1
701,alpha,fluidigmc1
702,alpha,fluidigmc1
703,alpha,fluidigmc1
704,alpha,fluidigmc1
705,alpha,fluidigmc1
706,alpha,fluidigmc1
707,alpha,fluidigmc1
708,alpha,fluidigmc1
709,alpha,fluidigmc1
710,alpha,fluidigmc1
711,alpha,fluidigmc1
712,alpha,fluidigmc1
713,alpha,fluidigmc1
714,alpha,fluidigmc1
715,delta,celseq
716,delta,celseq
717,delta,celseq
718,delta,celseq
719,delta,celseq
720,delta,celseq
721,delta,celseq
722,delta,celseq
723,delta,celseq
724,delta,celseq
725,delta,celseq
726,delta,celseq
727,delta,celseq
728,delta,celseq
729,delta,celseq
730,delta,celseq
731,delta,celseq
732,delta,celseq
733,delta,celseq
734,delta,celseq
735,delta,celseq
736,delta,celseq
737,delta,celseq
738,delta,celseq
739,delta,celseq
740,delta,celseq
741,delta,celseq
742,delta,celseq
743,delta,celseq
744,delta,celseq
745,delta,celseq
746,delta,celseq
747,delta,celseq
748,delta,celseq
749,delta,celseq
750,delta,celseq
751,delta,celseq
752,delta,celseq
753,delta,celseq
754,delta,celseq
755,delta,celseq
756,delta,celseq
757,delta,celseq
758,delta,celseq
759,delta,celseq
760,delta,celseq
761,delta,celseq
762,delta,celseq
763,delta,celseq
764,delta,celseq
765,delta,fluidigmc1
766,delta,fluidigmc1
767,delta,fluidigmc1
768,delta,fluidigmc1
769,delta,fluidigmc1
770,delta,fluidigmc1
771,delta,fluidigmc1
772,delta,fluidigmc1
773,delta,fluidigmc1
774,delta,fluidigmc1
775,delta,fluidigmc1
776,delta,fluidigmc1
777,delta,fluidigmc1
778,delta,fluidigmc1
779,delta,fluidigmc1
780,delta,fluidigmc1
781,delta,fluidigmc1
782,delta,fluidigmc1
783,delta,fluidigmc1
784,delta,fluidigmc1
785,delta,fluidigmc1
786,delta,fluidigmc1
787,delta,fluidigmc1
788,delta,fluidigmc1
789,delta,fluidigmc1
790,beta,celseq
791,beta,celseq
792,beta,celseq
793,beta,celseq
794,beta,celseq
795,beta,celseq
796,beta,celseq
797,beta,celseq
798,beta,celseq
799,beta,celseq
800,beta,celseq
801,beta,celseq
802,beta,celseq
803,beta,celseq
804,beta,celseq
805,beta,celseq
806,beta,celseq
807,beta,celseq
808,beta,celseq
809,beta,celseq
810,beta,celseq
811,beta,celseq
812,beta,celseq
813,beta,celseq
814,beta,celseq
815,beta,celseq
816,beta,celseq
817,beta,celseq
818,beta,celseq
819,beta,celseq
820,beta,celseq
821,beta,celseq
822,beta,celseq
823,beta,celseq
824,beta,celseq
825,beta,celseq
826,beta,celseq
827,beta,celseq
828,beta,celseq
829,beta,celseq
830,beta,celseq
831,beta,celseq
832,beta,celseq
833,beta,celseq
834,beta,celseq
835,beta,celseq
836,beta,celseq
837,beta,celseq
838,beta,celseq
839,beta,celseq
840,beta,celseq
841,beta,celseq
842,beta,celseq
843,beta,celseq
844,beta,celseq
845,beta,celseq
846,beta,celseq
847,beta,celseq
848,beta,celseq
849,beta,celseq
850,beta,celseq
851,beta,celseq
852,beta,celseq
853,beta,celseq
854,beta,celseq
855,beta,celseq
856,beta,celseq
857,beta,celseq
858,beta,celseq
859,beta,celseq
860,beta,celseq
861,beta,celseq
862,beta,celseq
863,beta,celseq
864,beta,celseq
865,beta,celseq
866,beta,celseq
867,beta,celseq
868,beta,celseq
869,beta,celseq
870,beta,celseq
871,beta,celseq
872,beta,celseq
873,beta,celseq
874,beta,celseq
875,beta,celseq
876,beta,celseq
877,beta,celseq
878,beta,celseq
879,beta,celseq
880,beta,celseq
881,beta,celseq
882,beta,celseq
883,beta,celseq
884,beta,celseq
885,beta,celseq
886,beta,celseq
887,beta,celseq
888,beta,celseq
889,beta,celseq
890,beta,celseq
891,beta,celseq
892,beta,celseq
893,beta,celseq
894,beta,celseq
895,beta,celseq
896,beta,celseq
897,beta,celseq
898,beta,celseq
899,beta,celseq
900,beta,celseq
901,beta,celseq
902,beta,celseq
903,beta,celseq
904,beta,celseq
905,beta,celseq
906,beta,celseq
907,beta,celseq
908,beta,celseq
909,beta,celseq
910,beta,celseq
911,beta,celseq
912,beta,celseq
913,beta,celseq
914,beta,celseq
915,beta,celseq
916,beta,celseq
917,beta,celseq
918,beta,celseq
919,beta,celseq
920,beta,celseq
921,beta,celseq
922,beta,celseq
923,beta,celseq
924,beta,celseq
925,beta,celseq
926,beta,celseq
927,beta,celseq
928,beta,celseq
929,beta,celseq
930,beta,celseq
931,beta,celseq
932,beta,celseq
933,beta,celseq
934,beta,celseq
935,beta,celseq
936,beta,celseq
937,beta,celseq
938,beta,celseq
939,beta,celseq
940,beta,celseq
941,beta,celseq
942,beta,celseq
943,beta,celseq
944,beta,celseq
945,beta,celseq
946,beta,celseq
947,beta,celseq
948,beta,celseq
949,beta,celseq
950,beta,celseq
951,beta,fluidigmc1
952,beta,fluidigmc1
953,beta,fluidigmc1
954,beta,fluidigmc1
955,beta,fluidigmc1
956,beta,fluidigmc1
957,beta,fluidigmc1
958,beta,fluidigmc1
959,beta,fluidigmc1
960,beta,fluidigmc1
961,beta,fluidigmc1
962,beta,fluidigmc1
963,beta,fluidigmc1
964,beta,fluidigmc1
965,beta,fluidigmc1
966,beta,fluidigmc1
967,beta,fluidigmc1
968,beta,fluidigmc1
969,beta,fluidigmc1
970,beta,fluidigmc1
971,beta,fluidigmc1
972,beta,fluidigmc1
973,beta,fluidigmc1
974,beta,fluidigmc1
975,beta,fluidigmc1
976,beta,fluidigmc1
977,beta,fluidigmc1
978,beta,fluidigmc1
979,beta,fluidigmc1
980,beta,fluidigmc1
981,beta,fluidigmc1
982,beta,fluidigmc1
983,beta,fluidigmc1
984,beta,fluidigmc1
985,beta,fluidigmc1
986,beta,fluidigmc1
987,beta,fluidigmc1
988,beta,fluidigmc1
989,beta,fluidigmc1
990,beta,fluidigmc1
991,beta,fluidigmc1
992,beta,fluidigmc1
993,beta,fluidigmc1
994,beta,fluidigmc1
995,beta,fluidigmc1
996,beta,fluidigmc1
997,beta,fluidigmc1
998,beta,fluidigmc1
999,beta,fluidigmc1
1000,beta,fluidigmc1
1001,beta,fluidigmc1
1002,beta,fluidigmc1
1003,beta,fluidigmc1
1004,beta,fluidigmc1
1005,beta,fluidigmc1
1006,beta,fluidigmc1
1007,beta,fluidigmc1
1008,beta,fluidigmc1
1009,beta,fluidigmc1
1010,beta,fluidigmc1
1011,beta,fluidigmc1
1012,beta,fluidigmc1
1013,beta,fluidigmc1
1014,beta,fluidigmc1
1015,beta,fluidigmc1
1016,beta,fluidigmc1
1017,beta,fluidigmc1
1018,beta,fluidigmc1
1019,beta,fluidigmc1
1020,beta,fluidigmc1
1021,beta,fluidigmc1
1022,beta,fluidigmc1
1023,beta,fluidigmc1
1024,beta,fluidigmc1
1025,beta,fluidigmc1
1026,beta,fluidigmc1
1027,beta,fluidigmc1
1028,beta,fluidigmc1
1029,beta,fluidigmc1
1030,beta,fluidigmc1
1031,beta,fluidigmc1
1032,beta,fluidigmc1
1033,beta,fluidigmc1
1034,beta,fluidigmc1
1035,beta,fluidigmc1
1036,beta,fluidigmc1
1037,beta,fluidigmc1
1038,beta,fluidigmc1
1039,beta,fluidigmc1
1040,beta,fluidigmc1
1041,beta,fluidigmc1
1042,beta,fluidigmc1
1043,beta,fluidigmc1
1044,beta,fluidigmc1
1045,beta,fluidigmc1
1046,beta,fluidigmc1
1047,beta,fluidigmc1
1048,beta,fluidigmc1
1049,beta,fluidigmc1
1050,beta,fluidigmc1
1051,beta,fluidigmc1
1052,beta,fluidigmc1
1053,beta,fluidigmc1
1054,beta,fluidigmc1
1055,beta,fluidigmc1
1056,beta,fluidigmc1
1057,beta,fluidigmc1
1058,beta,fluidigmc1
1059,beta,fluidigmc1
1060,beta,fluidigmc1
1061,beta,fluidigmc1
1062,beta,fluidigmc1
1063,beta,fluidigmc1
1064,beta,fluidigmc1
1065,beta,fluidigmc1
1066,beta,fluidigmc1
1067,beta,fluidigmc1
1068,beta,fluidigmc1
1069,beta,fluidigmc1
1070,beta,fluidigmc1
1071,beta,fluidigmc1
1072,beta,fluidigmc1
1073,beta,fluidigmc1
1074,beta,fluidigmc1
1075,beta,fluidigmc1
1076,beta,fluidigmc1
1077,beta,fluidigmc1
1078,beta,fluidigmc1
1079,beta,fluidigmc1
1080,beta,fluidigmc1
1081,beta,fluidigmc1
1082,beta,fluidigmc1
1083,beta,fluidigmc1
1084,beta,fluidigmc1
1085,beta,fluidigmc1
1086,beta,fluidigmc1
1087,beta,fluidigmc1
1088,beta,fluidigmc1
1089,beta,fluidigmc1
1090,beta,fluidigmc1
1091,beta,fluidigmc1
1092,beta,fluidigmc1
1093,beta,fluidigmc1
1094,beta,fluidigmc1
1095,beta,fluidigmc1
1096,beta,fluidigmc1
1097,beta,fluidigmc1
1098,beta,fluidigmc1
1099,beta,fluidigmc1
1100,beta,fluidigmc1
1101,beta,fluidigmc1
1102,beta,fluidigmc1
1103,beta,fluidigmc1
1104,beta,fluidigmc1
1105,beta,fluidigmc1
1106,beta,fluidigmc1
1107,beta,fluidigmc1
1108,beta,fluidigmc1
1109,beta,fluidigmc1
1110,beta,fluidigmc1
1111,beta,fluidigmc1
1112,beta,fluidigmc1
1113,beta,fluidigmc1
1114,beta,fluidigmc1
1115,beta,fluidigmc1
1116,beta,fluidigmc1
1117,beta,fluidigmc1
1118,beta,fluidigmc1
1119,beta,fluidigmc1
1120,beta,fluidigmc1
1121,beta,fluidigmc1
1122,beta,fluidigmc1
1123,beta,fluidigmc1
1124,beta,fluidigmc1
1125,beta,fluidigmc1
1126,beta,fluidigmc1
1127,beta,fluidigmc1
1128,beta,fluidigmc1
1129,beta,fluidigmc1
1130,beta,fluidigmc1
1131,beta,fluidigmc1
1132,beta,fluidigmc1
1133,beta,fluidigmc1
1134,beta,fluidigmc1
1135,beta,fluidigmc1
1136,beta,fluidigmc1
1137,beta,fluidigmc1
1138,beta,fluidigmc1
1139,beta,fluidigmc1
1140,beta,fluidigmc1
1141,beta,fluidigmc1
1142,beta,fluidigmc1
1143,beta,fluidigmc1
1144,beta,fluidigmc1
1145,beta,fluidigmc1
1146,beta,fluidigmc1
1147,beta,fluidigmc1
1148,beta,fluidigmc1
1149,beta,fluidigmc1
1150,beta,fluidigmc1
1151,beta,fluidigmc1
1152,beta,fluidigmc1
1153,beta,fluidigmc1
1154,beta,fluidigmc1
1155,beta,fluidigmc1
1156,beta,fluidigmc1
1157,beta,fluidigmc1
1158,beta,fluidigmc1
1159,beta,fluidigmc1
1160,beta,fluidigmc1
1161,beta,fluidigmc1
1162,beta,fluidigmc1
1163,beta,fluidigmc1
1164,beta,fluidigmc1
1165,beta,fluidigmc1
1166,beta,fluidigmc1
1167,beta,fluidigmc1
1168,beta,fluidigmc1
1169,beta,fluidigmc1
1170,beta,fluidigmc1
1171,beta,fluidigmc1
1172,beta,fluidigmc1
1173,beta,fluidigmc1
1174,beta,fluidigmc1
1175,beta,fluidigmc1
1176,beta,fluidigmc1
1177,beta,fluidigmc1
1178,beta,fluidigmc1
1179,beta,fluidigmc1
1180,beta,fluidigmc1
1181,beta,fluidigmc1
1182,beta,fluidigmc1
1183,beta,fluidigmc1
1184,beta,fluidigmc1
1185,beta,fluidigmc1
1186,beta,fluidigmc1
1187,beta,fluidigmc1
1188,beta,fluidigmc1
1189,beta,fluidigmc1
1190,beta,fluidigmc1
1191,beta,fluidigmc1
1192,beta,fluidigmc1
1193,beta,fluidigmc1
1194,beta,fluidigmc1
1195,beta,fluidigmc1
1196,beta,fluidigmc1
1197,beta,fluidigmc1
1198,beta,fluidigmc1
1199,beta,fluidigmc1
1200,beta,fluidigmc1
1201,beta,fluidigmc1
1202,beta,fluidigmc1
1203,beta,fluidigmc1
1204,beta,fluidigmc1
1205,beta,fluidigmc1
1206,beta,fluidigmc1
1207,beta,fluidigmc1
1208,beta,fluidigmc1
1209,ductal,celseq
1210,ductal,celseq
1211,ductal,celseq
1212,ductal,celseq
1213,ductal,celseq
1214,ductal,celseq
1215,ductal,celseq
1216,ductal,celseq
1217,ductal,celseq
1218,ductal,celseq
1219,ductal,celseq
1220,ductal,celseq
1221,ductal,celseq
1222,ductal,celseq
1223,ductal,celseq
1224,ductal,celseq
1225,ductal,celseq
1226,ductal,celseq
1227,ductal,celseq
1228,ductal,celseq
1229,ductal,celseq
1230,ductal,celseq
1231,ductal,celseq
1232,ductal,celseq
1233,ductal,celseq
1234,ductal,celseq
1235,ductal,celseq
1236,ductal,celseq
1237,ductal,celseq
1238,ductal,celseq
1239,ductal,celseq
1240,ductal,celseq
1241,ductal,celseq
1242,ductal,celseq
1243,ductal,celseq
1244,ductal,celseq
1245,ductal,celseq
1246,ductal,celseq
1247,ductal,celseq
1248,ductal,celseq
1249,ductal,celseq
1250,ductal,celseq
1251,ductal,celseq
1252,ductal,celseq
1253,ductal,celseq
1254,ductal,celseq
1255,ductal,celseq
1256,ductal,celseq
1257,ductal,celseq
1258,ductal,celseq
1259,ductal,celseq
1260,ductal,celseq
1261,ductal,celseq
1262,ductal,celseq
1263,ductal,celseq
1264,ductal,celseq
1265,ductal,celseq
1266,ductal,celseq
1267,ductal,celseq
1268,ductal,celseq
1269,ductal,celseq
1270,ductal,celseq
1271,ductal,celseq
1272,ductal,celseq
1273,ductal,celseq
1274,ductal,celseq
1275,ductal,celseq
1276,ductal,celseq
1277,ductal,celseq
1278,ductal,celseq
1279,ductal,celseq
1280,ductal,celseq
1281,ductal,celseq
1282,ductal,celseq
1283,ductal,celseq
1284,ductal,celseq
1285,ductal,celseq
1286,ductal,celseq
1287,ductal,celseq
1288,ductal,celseq
1289,ductal,celseq
1290,ductal,celseq
1291,ductal,celseq
1292,ductal,celseq
1293,ductal,celseq
1294,ductal,celseq
1295,ductal,celseq
1296,ductal,celseq
1297,ductal,celseq
1298,ductal,celseq
1299,ductal,celseq
1300,ductal,celseq
1301,ductal,celseq
1302,ductal,celseq
1303,ductal,celseq
1304,ductal,celseq
1305,ductal,celseq
1306,ductal,celseq
1307,ductal,celseq
1308,ductal,celseq
1309,ductal,celseq
1310,ductal,celseq
1311,ductal,celseq
1312,ductal,celseq
1313,ductal,celseq
1314,ductal,celseq
1315,ductal,celseq
1316,ductal,celseq
1317,ductal,celseq
1318,ductal,celseq
1319,ductal,celseq
1320,ductal,celseq
1321,ductal,celseq
1322,ductal,celseq
1323,ductal,celseq
1324,ductal,celseq
1325,ductal,celseq
1326,ductal,celseq
1327,ductal,celseq
1328,ductal,celseq
1329,ductal,celseq
1330,ductal,celseq
1331,ductal,celseq
1332,ductal,celseq
1333,ductal,celseq
1334,ductal,celseq
1335,ductal,celseq
1336,ductal,celseq
1337,ductal,celseq
1338,ductal,celseq
1339,ductal,celseq
1340,ductal,celseq
1341,ductal,celseq
1342,ductal,celseq
1343,ductal,celseq
1344,ductal,celseq
1345,ductal,celseq
1346,ductal,celseq
1347,ductal,celseq
1348,ductal,celseq
1349,ductal,celseq
1350,ductal,celseq
1351,ductal,celseq
1352,ductal,celseq
1353,ductal,celseq
1354,ductal,celseq
1355,ductal,celseq
1356,ductal,celseq
1357,ductal,celseq
1358,ductal,celseq
1359,ductal,celseq
1360,ductal,celseq
1361,ductal,celseq
1362,ductal,celseq
1363,ductal,celseq
1364,ductal,celseq
1365,ductal,celseq
1366,ductal,celseq
1367,ductal,celseq
1368,ductal,celseq
1369,ductal,celseq
1370,ductal,celseq
1371,ductal,celseq
1372,ductal,celseq
1373,ductal,celseq
1374,ductal,celseq
1375,ductal,celseq
1376,ductal,celseq
1377,ductal,celseq
1378,ductal,celseq
1379,ductal,celseq
1380,ductal,celseq
1381,ductal,celseq
1382,ductal,celseq
1383,ductal,celseq
1384,ductal,celseq
1385,ductal,celseq
1386,ductal,celseq
1387,ductal,celseq
1388,ductal,celseq
1389,ductal,celseq
1390,ductal,celseq
1391,ductal,celseq
1392,ductal,celseq
1393,ductal,celseq
1394,ductal,celseq
1395,ductal,celseq
1396,ductal,celseq
1397,ductal,celseq
1398,ductal,celseq
1399,ductal,celseq
1400,ductal,celseq
1401,ductal,celseq
1402,ductal,celseq
1403,ductal,celseq
1404,ductal,celseq
1405,ductal,celseq
1406,ductal,celseq
1407,ductal,celseq
1408,ductal,celseq
1409,ductal,celseq
1410,ductal,celseq
1411,ductal,celseq
1412,ductal,celseq
1413,ductal,celseq
1414,ductal,celseq
1415,ductal,celseq
1416,ductal,celseq
1417,ductal,celseq
1418,ductal,celseq
1419,ductal,celseq
1420,ductal,celseq
1421,ductal,celseq
1422,ductal,celseq
1423,ductal,celseq
1424,ductal,celseq
1425,ductal,celseq
1426,ductal,celseq
1427,ductal,celseq
1428,ductal,celseq
1429,ductal,celseq
1430,ductal,celseq
1431,ductal,celseq
1432,ductal,celseq
1433,ductal,celseq
1434,ductal,celseq
1435,ductal,celseq
1436,ductal,celseq
1437,ductal,celseq
1438,ductal,celseq
1439,ductal,celseq
1440,ductal,celseq
1441,ductal,celseq
1442,ductal,celseq
1443,ductal,celseq
1444,ductal,celseq
1445,ductal,celseq
1446,ductal,celseq
1447,ductal,celseq
1448,ductal,celseq
1449,ductal,celseq
1450,ductal,celseq
1451,ductal,celseq
1452,ductal,celseq
1453,ductal,celseq
1454,ductal,celseq
1455,ductal,celseq
1456,ductal,celseq
1457,ductal,celseq
1458,ductal,celseq
1459,ductal,celseq
1460,ductal,celseq
1461,ductal,celseq
1462,ductal,celseq
1463,ductal,celseq
1464,ductal,celseq
1465,ductal,celseq
1466,ductal,celseq
1467,ductal,celseq
1468,ductal,celseq
1469,ductal,celseq
1470,ductal,celseq
1471,ductal,celseq
1472,ductal,celseq
1473,ductal,celseq
1474,ductal,celseq
1475,ductal,celseq
1476,ductal,celseq
1477,ductal,celseq
1478,ductal,celseq
1479,ductal,celseq
1480,ductal,celseq
1481,ductal,celseq
1482,ductal,celseq
1483,ductal,celseq
1484,ductal,celseq
1485,ductal,celseq
1486,ductal,celseq
1487,ductal,celseq
1488,ductal,celseq
1489,ductal,celseq
1490,ductal,celseq
1491,ductal,celseq
1492,ductal,celseq
1493,ductal,celseq
1494,ductal,celseq
1495,ductal,celseq
1496,ductal,celseq
1497,ductal,celseq
1498,ductal,celseq
1499,ductal,celseq
1500,ductal,celseq
1501,ductal,celseq
1502,ductal,celseq
1503,ductal,celseq
1504,ductal,celseq
1505,ductal,celseq
1506,ductal,celseq
1507,ductal,celseq
1508,ductal,celseq
1509,ductal,celseq
1510,ductal,celseq
1511,ductal,celseq
1512,ductal,celseq
1513,ductal,celseq
1514,ductal,celseq
1515,ductal,celseq
1516,ductal,celseq
1517,ductal,celseq
1518,ductal,celseq
1519,ductal,celseq
1520,ductal,celseq
1521,ductal,celseq
1522,ductal,celseq
1523,ductal,celseq
1524,ductal,celseq
1525,ductal,celseq
1526,ductal,celseq
1527,ductal,celseq
1528,ductal,celseq
1529,ductal,celseq
1530,ductal,celseq
1531,ductal,celseq
1532,ductal,celseq
1533,ductal,celseq
1534,ductal,celseq
1535,ductal,celseq
1536,ductal,fluidigmc1
1537,ductal,fluidigmc1
1538,ductal,fluidigmc1
1539,ductal,fluidigmc1
1540,ductal,fluidigmc1
1541,ductal,fluidigmc1
1542,ductal,fluidigmc1
1543,ductal,fluidigmc1
1544,ductal,fluidigmc1
1545,ductal,fluidigmc1
1546,ductal,fluidigmc1
1547,ductal,fluidigmc1
1548,ductal,fluidigmc1
1549,ductal,fluidigmc1
1550,ductal,fluidigmc1
1551,ductal,fluidigmc1
1552,ductal,fluidigmc1
1553,ductal,fluidigmc1
1554,ductal,fluidigmc1
1555,ductal,fluidigmc1
1556,ductal,fluidigmc1
1557,ductal,fluidigmc1
1558,ductal,fluidigmc1
1559,ductal,fluidigmc1
1560,ductal,fluidigmc1
1561,ductal,fluidigmc1
1562,ductal,fluidigmc1
1563,ductal,fluidigmc1
1564,ductal,fluidigmc1
1565,ductal,fluidigmc1
1566,ductal,fluidigmc1
1567,ductal,fluidigmc1
1568,ductal,fluidigmc1
1569,ductal,fluidigmc1
1570,ductal,fluidigmc1
1571,ductal,fluidigmc1
1572,endothelial,celseq
1573,endothelial,celseq
1574,endothelial,celseq
1575,endothelial,celseq
1576,endothelial,celseq
1577,endothelial,fluidigmc1
1578,endothelial,fluidigmc1
1579,endothelial,fluidigmc1
1580,endothelial,fluidigmc1
1581,endothelial,fluidigmc1
1582,endothelial,fluidigmc1
1583,endothelial,fluidigmc1
1584,endothelial,fluidigmc1
1585,endothelial,fluidigmc1
1586,endothelial,fluidigmc1
1587,endothelial,fluidigmc1
1588,endothelial,fluidigmc1
1589,endothelial,fluidigmc1
1590,endothelial,fluidigmc1
1591,activated_stellate,celseq
1592,activated_stellate,celseq
1593,activated_stellate,celseq
1594,activated_stellate,celseq
1595,activated_stellate,celseq
1596,activated_stellate,celseq
1597,activated_stellate,celseq
1598,activated_stellate,celseq
1599,activated_stellate,celseq
1600,activated_stellate,celseq
1601,activated_stellate,celseq
1602,activated_stellate,celseq
1603,activated_stellate,celseq
1604,activated_stellate,celseq
1605,activated_stellate,celseq
1606,activated_stellate,celseq
1607,activated_stellate,celseq
1608,activated_stellate,celseq
1609,activated_stellate,celseq
1610,activated_stellate,fluidigmc1
1611,activated_stellate,fluidigmc1
1612,activated_stellate,fluidigmc1
1613,activated_stellate,fluidigmc1
1614,activated_stellate,fluidigmc1
1615,activated_stellate,fluidigmc1
1616,activated_stellate,fluidigmc1
1617,activated_stellate,fluidigmc1
1618,activated_stellate,fluidigmc1
1619,activated_stellate,fluidigmc1
1620,activated_stellate,fluidigmc1
1621,activated_stellate,fluidigmc1
1622,activated_stellate,fluidigmc1
1623,activated_stellate,fluidigmc1
1624,activated_stellate,fluidigmc1
1625,activated_stellate,fluidigmc1
1626,schwann,celseq
1627,schwann,fluidigmc1
1628,schwann,fluidigmc1
1629,schwann,fluidigmc1
1630,schwann,fluidigmc1
1631,schwann,fluidigmc1
1632,mast,celseq
1633,mast,fluidigmc1
1634,mast,fluidigmc1
1635,mast,fluidigmc1
1636,macrophage,celseq
1637,macrophage,fluidigmc1
1638,epsilon,celseq
1639,epsilon,fluidigmc1
1640,quiescent_stellate,celseq
1641,quiescent_stellate,fluidigmc1
1642,acinar,inDrop1
1643,acinar,inDrop1
1644,acinar,inDrop1
1645,acinar,inDrop1
1646,acinar,inDrop1
1647,acinar,inDrop1
1648,beta,inDrop1
1649,acinar,inDrop1
1650,acinar,inDrop1
1651,acinar,inDrop1
1652,acinar,inDrop1
1653,acinar,inDrop1
1654,delta,inDrop1
1655,delta,inDrop1
1656,beta,inDrop1
1657,activated_stellate,inDrop1
1658,beta,inDrop1
1659,acinar,inDrop1
1660,ductal,inDrop1
1661,beta,inDrop1
1662,beta,inDrop1
1663,alpha,inDrop1
1664,ductal,inDrop1
1665,beta,inDrop1
1666,delta,inDrop1
1667,alpha,inDrop1
1668,beta,inDrop1
1669,acinar,inDrop1
1670,acinar,inDrop1
1671,beta,inDrop1
1672,delta,inDrop1
1673,delta,inDrop1
1674,delta,inDrop1
1675,delta,inDrop1
1676,beta,inDrop1
1677,acinar,inDrop1
1678,beta,inDrop1
1679,beta,inDrop1
1680,beta,inDrop1
1681,delta,inDrop1
1682,activated_stellate,inDrop1
1683,beta,inDrop1
1684,delta,inDrop1
1685,activated_stellate,inDrop1
1686,activated_stellate,inDrop1
1687,activated_stellate,inDrop1
1688,acinar,inDrop1
1689,activated_stellate,inDrop1
1690,delta,inDrop1
1691,beta,inDrop1
1692,delta,inDrop1
1693,beta,inDrop1
1694,acinar,inDrop1
1695,beta,inDrop1
1696,beta,inDrop1
1697,activated_stellate,inDrop1
1698,beta,inDrop1
1699,beta,inDrop1
1700,beta,inDrop1
1701,beta,inDrop1
1702,ductal,inDrop1
1703,alpha,inDrop1
1704,beta,inDrop1
1705,ductal,inDrop1
1706,ductal,inDrop1
1707,acinar,inDrop1
1708,alpha,inDrop1
1709,beta,inDrop1
1710,delta,inDrop1
1711,alpha,inDrop1
1712,beta,inDrop1
1713,beta,inDrop1
1714,beta,inDrop1
1715,delta,inDrop1
1716,beta,inDrop1
1717,beta,inDrop1
1718,delta,inDrop1
1719,beta,inDrop1
1720,beta,inDrop1
1721,beta,inDrop1
1722,beta,inDrop1
1723,beta,inDrop1
1724,beta,inDrop1
1725,acinar,inDrop1
1726,activated_stellate,inDrop1
1727,delta,inDrop1
1728,delta,inDrop1
1729,beta,inDrop1
1730,beta,inDrop1
1731,beta,inDrop1
1732,beta,inDrop1
1733,beta,inDrop1
1734,beta,inDrop1
1735,beta,inDrop1
1736,beta,inDrop1
1737,beta,inDrop1
1738,beta,inDrop1
1739,delta,inDrop1
1740,delta,inDrop1
1741,beta,inDrop1
1742,delta,inDrop1
1743,alpha,inDrop1
1744,alpha,inDrop1
1745,delta,inDrop1
1746,beta,inDrop1
1747,beta,inDrop1
1748,beta,inDrop1
1749,beta,inDrop1
1750,acinar,inDrop1
1751,delta,inDrop1
1752,beta,inDrop1
1753,beta,inDrop1
1754,delta,inDrop1
1755,beta,inDrop1
1756,beta,inDrop1
1757,beta,inDrop1
1758,delta,inDrop1
1759,beta,inDrop1
1760,delta,inDrop1
1761,beta,inDrop1
1762,beta,inDrop1
1763,beta,inDrop1
1764,epsilon,inDrop1
1765,beta,inDrop1
1766,beta,inDrop1
1767,beta,inDrop1
1768,delta,inDrop1
1769,beta,inDrop1
1770,delta,inDrop1
1771,beta,inDrop1
1772,alpha,inDrop1
1773,alpha,inDrop1
1774,beta,inDrop1
1775,acinar,inDrop1
1776,alpha,inDrop1
1777,beta,inDrop1
1778,beta,inDrop1
1779,alpha,inDrop1
1780,beta,inDrop1
1781,delta,inDrop1
1782,beta,inDrop1
1783,beta,inDrop1
1784,beta,inDrop1
1785,beta,inDrop1
1786,beta,inDrop1
1787,delta,inDrop1
1788,beta,inDrop1
1789,ductal,inDrop1
1790,ductal,inDrop1
1791,beta,inDrop1
1792,beta,inDrop1
1793,beta,inDrop1
1794,beta,inDrop1
1795,delta,inDrop1
1796,beta,inDrop1
1797,activated_stellate,inDrop1
1798,beta,inDrop1
1799,beta,inDrop1
1800,alpha,inDrop1
1801,beta,inDrop1
1802,alpha,inDrop1
1803,beta,inDrop1
1804,gamma,inDrop1
1805,beta,inDrop1
1806,beta,inDrop1
1807,beta,inDrop1
1808,beta,inDrop1
1809,beta,inDrop1
1810,beta,inDrop1
1811,beta,inDrop1
1812,acinar,inDrop1
1813,beta,inDrop1
1814,acinar,inDrop1
1815,beta,inDrop1
1816,beta,inDrop1
1817,beta,inDrop1
1818,acinar,inDrop1
1819,delta,inDrop1
1820,beta,inDrop1
1821,delta,inDrop1
1822,beta,inDrop1
1823,acinar,inDrop1
1824,alpha,inDrop1
1825,beta,inDrop1
1826,alpha,inDrop1
1827,beta,inDrop1
1828,alpha,inDrop1
1829,endothelial,inDrop1
1830,beta,inDrop1
1831,beta,inDrop1
1832,alpha,inDrop1
1833,delta,inDrop1
1834,beta,inDrop1
1835,beta,inDrop1
1836,delta,inDrop1
1837,beta,inDrop1
1838,gamma,inDrop1
1839,alpha,inDrop1
1840,beta,inDrop1
1841,beta,inDrop1
1842,delta,inDrop1
1843,alpha,inDrop1
1844,ductal,inDrop1
1845,beta,inDrop1
1846,alpha,inDrop1
1847,beta,inDrop1
1848,ductal,inDrop1
1849,alpha,inDrop1
1850,ductal,inDrop1
1851,beta,inDrop1
1852,beta,inDrop1
1853,alpha,inDrop1
1854,beta,inDrop1
1855,beta,inDrop1
1856,quiescent_stellate,inDrop1
1857,ductal,inDrop1
1858,ductal,inDrop1
1859,endothelial,inDrop1
1860,activated_stellate,inDrop1
1861,beta,inDrop1
1862,delta,inDrop1
1863,gamma,inDrop1
1864,beta,inDrop1
1865,beta,inDrop1
1866,beta,inDrop1
1867,alpha,inDrop1
1868,beta,inDrop1
1869,beta,inDrop1
1870,delta,inDrop1
1871,ductal,inDrop1
1872,beta,inDrop1
1873,delta,inDrop1
1874,delta,inDrop1
1875,beta,inDrop1
1876,delta,inDrop1
1877,beta,inDrop1
1878,activated_stellate,inDrop1
1879,beta,inDrop1
1880,beta,inDrop1
1881,delta,inDrop1
1882,beta,inDrop1
1883,quiescent_stellate,inDrop1
1884,beta,inDrop1
1885,acinar,inDrop1
1886,alpha,inDrop1
1887,delta,inDrop1
1888,beta,inDrop1
1889,alpha,inDrop1
1890,beta,inDrop1
1891,endothelial,inDrop1
1892,delta,inDrop1
1893,delta,inDrop1
1894,beta,inDrop1
1895,beta,inDrop1
1896,delta,inDrop1
1897,gamma,inDrop1
1898,alpha,inDrop1
1899,beta,inDrop1
1900,beta,inDrop1
1901,beta,inDrop1
1902,ductal,inDrop1
1903,delta,inDrop1
1904,alpha,inDrop1
1905,beta,inDrop1
1906,gamma,inDrop1
1907,beta,inDrop1
1908,beta,inDrop1
1909,beta,inDrop1
1910,quiescent_stellate,inDrop1
1911,alpha,inDrop1
1912,delta,inDrop1
1913,alpha,inDrop1
1914,endothelial,inDrop1
1915,alpha,inDrop1
1916,delta,inDrop1
1917,beta,inDrop1
1918,gamma,inDrop1
1919,ductal,inDrop1
1920,alpha,inDrop1
1921,alpha,inDrop1
1922,delta,inDrop1
1923,beta,inDrop1
1924,beta,inDrop1
1925,ductal,inDrop1
1926,alpha,inDrop1
1927,beta,inDrop1
1928,delta,inDrop1
1929,macrophage,inDrop1
1930,endothelial,inDrop1
1931,beta,inDrop1
1932,beta,inDrop1
1933,beta,inDrop1
1934,beta,inDrop1
1935,beta,inDrop1
1936,beta,inDrop1
1937,beta,inDrop1
1938,beta,inDrop1
1939,beta,inDrop1
1940,beta,inDrop1
1941,beta,inDrop1
1942,gamma,inDrop1
1943,endothelial,inDrop1
1944,beta,inDrop1
1945,beta,inDrop1
1946,beta,inDrop1
1947,delta,inDrop1
1948,beta,inDrop1
1949,gamma,inDrop1
1950,epsilon,inDrop1
1951,delta,inDrop1
1952,beta,inDrop1
1953,beta,inDrop1
1954,gamma,inDrop1
1955,beta,inDrop1
1956,beta,inDrop1
1957,beta,inDrop1
1958,beta,inDrop1
1959,beta,inDrop1
1960,endothelial,inDrop1
1961,beta,inDrop1
1962,delta,inDrop1
1963,alpha,inDrop1
1964,epsilon,inDrop1
1965,alpha,inDrop1
1966,quiescent_stellate,inDrop1
1967,alpha,inDrop1
1968,alpha,inDrop1
1969,beta,inDrop1
1970,beta,inDrop1
1971,ductal,inDrop1
1972,beta,inDrop1
1973,alpha,inDrop1
1974,beta,inDrop1
1975,alpha,inDrop1
1976,beta,inDrop1
1977,beta,inDrop1
1978,delta,inDrop1
1979,delta,inDrop1
1980,beta,inDrop1
1981,beta,inDrop1
1982,beta,inDrop1
1983,ductal,inDrop1
1984,acinar,inDrop1
1985,beta,inDrop1
1986,alpha,inDrop1
1987,beta,inDrop1
1988,beta,inDrop1
1989,alpha,inDrop1
1990,beta,inDrop1
1991,quiescent_stellate,inDrop1
1992,beta,inDrop1
1993,gamma,inDrop1
1994,beta,inDrop1
1995,gamma,inDrop1
1996,endothelial,inDrop1
1997,beta,inDrop1
1998,alpha,inDrop1
1999,schwann,inDrop1
2000,beta,inDrop1
2001,quiescent_stellate,inDrop1
2002,endothelial,inDrop1
2003,gamma,inDrop1
2004,beta,inDrop1
2005,beta,inDrop1
2006,alpha,inDrop1
2007,alpha,inDrop1
2008,gamma,inDrop1
2009,beta,inDrop1
2010,beta,inDrop1
2011,delta,inDrop1
2012,acinar,inDrop1
2013,acinar,inDrop1
2014,gamma,inDrop1
2015,ductal,inDrop1
2016,ductal,inDrop1
2017,endothelial,inDrop1
2018,delta,inDrop1
2019,beta,inDrop1
2020,beta,inDrop1
2021,endothelial,inDrop1
2022,alpha,inDrop1
2023,acinar,inDrop1
2024,endothelial,inDrop1
2025,endothelial,inDrop1
2026,alpha,inDrop1
2027,beta,inDrop1
2028,beta,inDrop1
2029,gamma,inDrop1
2030,beta,inDrop1
2031,alpha,inDrop1
2032,beta,inDrop1
2033,beta,inDrop1
2034,beta,inDrop1
2035,beta,inDrop1
2036,beta,inDrop1
2037,delta,inDrop1
2038,beta,inDrop1
2039,quiescent_stellate,inDrop1
2040,activated_stellate,inDrop1
2041,beta,inDrop1
2042,alpha,inDrop1
2043,beta,inDrop1
2044,gamma,inDrop1
2045,quiescent_stellate,inDrop1
2046,beta,inDrop1
2047,alpha,inDrop1
2048,quiescent_stellate,inDrop1
2049,endothelial,inDrop1
2050,beta,inDrop1
2051,ductal,inDrop1
2052,endothelial,inDrop1
2053,ductal,inDrop1
2054,acinar,inDrop1
2055,alpha,inDrop1
2056,delta,inDrop1
2057,beta,inDrop1
2058,macrophage,inDrop1
2059,ductal,inDrop1
2060,endothelial,inDrop1
2061,endothelial,inDrop1
2062,gamma,inDrop1
2063,endothelial,inDrop1
2064,endothelial,inDrop1
2065,beta,inDrop1
2066,beta,inDrop1
2067,gamma,inDrop1
2068,beta,inDrop1
2069,mast,inDrop1
2070,beta,inDrop1
2071,endothelial,inDrop1
2072,gamma,inDrop1
2073,quiescent_stellate,inDrop1
2074,alpha,inDrop1
2075,beta,inDrop1
2076,alpha,inDrop1
2077,acinar,inDrop1
2078,ductal,inDrop1
2079,beta,inDrop1
2080,beta,inDrop1
2081,ductal,inDrop1
2082,beta,inDrop1
2083,beta,inDrop1
2084,ductal,inDrop1
2085,acinar,inDrop1
2086,endothelial,inDrop1
2087,beta,inDrop1
2088,beta,inDrop1
2089,beta,inDrop1
2090,ductal,inDrop1
2091,activated_stellate,inDrop1
2092,beta,inDrop1
2093,quiescent_stellate,inDrop1
2094,acinar,inDrop1
2095,gamma,inDrop1
2096,quiescent_stellate,inDrop1
2097,endothelial,inDrop1
2098,endothelial,inDrop1
2099,alpha,inDrop1
2100,quiescent_stellate,inDrop1
2101,beta,inDrop1
2102,acinar,inDrop1
2103,beta,inDrop1
2104,endothelial,inDrop1
2105,endothelial,inDrop1
2106,beta,inDrop1
2107,acinar,inDrop1
2108,delta,inDrop1
2109,beta,inDrop1
2110,beta,inDrop1
2111,beta,inDrop1
2112,beta,inDrop1
2113,beta,inDrop1
2114,beta,inDrop1
2115,beta,inDrop1
2116,beta,inDrop1
2117,gamma,inDrop1
2118,ductal,inDrop1
2119,beta,inDrop1
2120,gamma,inDrop1
2121,beta,inDrop1
2122,delta,inDrop1
2123,beta,inDrop1
2124,beta,inDrop1
2125,gamma,inDrop1
2126,quiescent_stellate,inDrop1
2127,delta,inDrop1
2128,beta,inDrop1
2129,delta,inDrop1
2130,quiescent_stellate,inDrop1
2131,delta,inDrop1
2132,beta,inDrop1
2133,alpha,inDrop1
2134,delta,inDrop1
2135,alpha,inDrop1
2136,quiescent_stellate,inDrop1
2137,quiescent_stellate,inDrop1
2138,beta,inDrop1
2139,endothelial,inDrop1
2140,endothelial,inDrop1
2141,activated_stellate,inDrop1
2142,beta,inDrop1
2143,alpha,inDrop1
2144,delta,inDrop1
2145,beta,inDrop1
2146,endothelial,inDrop1
2147,alpha,inDrop1
2148,quiescent_stellate,inDrop1
2149,beta,inDrop1
2150,endothelial,inDrop1
2151,activated_stellate,inDrop1
2152,gamma,inDrop1
2153,beta,inDrop1
2154,quiescent_stellate,inDrop1
2155,beta,inDrop1
2156,endothelial,inDrop1
2157,gamma,inDrop1
2158,beta,inDrop1
2159,beta,inDrop1
2160,alpha,inDrop1
2161,endothelial,inDrop1
2162,gamma,inDrop1
2163,beta,inDrop1
2164,beta,inDrop1
2165,beta,inDrop1
2166,beta,inDrop1
2167,endothelial,inDrop1
2168,mast,inDrop1
2169,beta,inDrop1
2170,beta,inDrop1
2171,endothelial,inDrop1
2172,beta,inDrop1
2173,endothelial,inDrop1
2174,beta,inDrop1
2175,endothelial,inDrop1
2176,beta,inDrop1
2177,quiescent_stellate,inDrop1
2178,endothelial,inDrop1
2179,endothelial,inDrop1
2180,beta,inDrop1
2181,endothelial,inDrop1
2182,quiescent_stellate,inDrop1
2183,beta,inDrop1
2184,alpha,inDrop1
2185,ductal,inDrop1
2186,endothelial,inDrop1
2187,beta,inDrop1
2188,beta,inDrop1
2189,endothelial,inDrop1
2190,beta,inDrop1
2191,beta,inDrop1
2192,beta,inDrop1
2193,endothelial,inDrop1
2194,macrophage,inDrop1
2195,endothelial,inDrop1
2196,ductal,inDrop1
2197,beta,inDrop1
2198,ductal,inDrop1
2199,endothelial,inDrop1
2200,quiescent_stellate,inDrop1
2201,beta,inDrop1
2202,endothelial,inDrop1
2203,endothelial,inDrop1
2204,beta,inDrop1
2205,endothelial,inDrop1
2206,endothelial,inDrop1
2207,alpha,inDrop1
2208,ductal,inDrop1
2209,beta,inDrop1
2210,delta,inDrop1
2211,delta,inDrop1
2212,delta,inDrop1
2213,acinar,inDrop1
2214,acinar,inDrop1
2215,acinar,inDrop1
2216,acinar,inDrop1
2217,delta,inDrop1
2218,acinar,inDrop1
2219,ductal,inDrop1
2220,alpha,inDrop1
2221,delta,inDrop1
2222,delta,inDrop1
2223,delta,inDrop1
2224,delta,inDrop1
2225,acinar,inDrop1
2226,beta,inDrop1
2227,acinar,inDrop1
2228,endothelial,inDrop1
2229,delta,inDrop1
2230,beta,inDrop1
2231,delta,inDrop1
2232,alpha,inDrop1
2233,ductal,inDrop1
2234,delta,inDrop1
2235,delta,inDrop1
2236,beta,inDrop1
2237,delta,inDrop1
2238,beta,inDrop1
2239,beta,inDrop1
2240,delta,inDrop1
2241,gamma,inDrop1
2242,beta,inDrop1
2243,delta,inDrop1
2244,beta,inDrop1
2245,delta,inDrop1
2246,beta,inDrop1
2247,alpha,inDrop1
2248,beta,inDrop1
2249,delta,inDrop1
2250,delta,inDrop1
2251,beta,inDrop1
2252,delta,inDrop1
2253,delta,inDrop1
2254,ductal,inDrop1
2255,beta,inDrop1
2256,delta,inDrop1
2257,delta,inDrop1
2258,alpha,inDrop1
2259,beta,inDrop1
2260,alpha,inDrop1
2261,alpha,inDrop1
2262,beta,inDrop1
2263,acinar,inDrop1
2264,beta,inDrop1
2265,beta,inDrop1
2266,beta,inDrop1
2267,delta,inDrop1
2268,activated_stellate,inDrop1
2269,beta,inDrop1
2270,beta,inDrop1
2271,beta,inDrop1
2272,delta,inDrop1
2273,beta,inDrop1
2274,alpha,inDrop1
2275,ductal,inDrop1
2276,acinar,inDrop1
2277,delta,inDrop1
2278,beta,inDrop1
2279,beta,inDrop1
2280,beta,inDrop1
2281,acinar,inDrop1
2282,beta,inDrop1
2283,delta,inDrop1
2284,beta,inDrop1
2285,beta,inDrop1
2286,beta,inDrop1
2287,delta,inDrop1
2288,delta,inDrop1
2289,beta,inDrop1
2290,delta,inDrop1
2291,beta,inDrop1
2292,beta,inDrop1
2293,beta,inDrop1
2294,beta,inDrop1
2295,beta,inDrop1
2296,beta,inDrop1
2297,acinar,inDrop1
2298,beta,inDrop1
2299,beta,inDrop1
2300,beta,inDrop1
2301,alpha,inDrop1
2302,endothelial,inDrop1
2303,beta,inDrop1
2304,delta,inDrop1
2305,beta,inDrop1
2306,delta,inDrop1
2307,beta,inDrop1
2308,delta,inDrop1
2309,beta,inDrop1
2310,beta,inDrop1
2311,delta,inDrop1
2312,ductal,inDrop1
2313,beta,inDrop1
2314,beta,inDrop1
2315,ductal,inDrop1
2316,beta,inDrop1
2317,beta,inDrop1
2318,beta,inDrop1
2319,beta,inDrop1
2320,acinar,inDrop1
2321,acinar,inDrop1
2322,beta,inDrop1
2323,alpha,inDrop1
2324,beta,inDrop1
2325,delta,inDrop1
2326,beta,inDrop1
2327,beta,inDrop1
2328,beta,inDrop1
2329,beta,inDrop1
2330,beta,inDrop1
2331,ductal,inDrop1
2332,beta,inDrop1
2333,acinar,inDrop1
2334,beta,inDrop1
2335,acinar,inDrop1
2336,beta,inDrop1
2337,ductal,inDrop1
2338,beta,inDrop1
2339,activated_stellate,inDrop1
2340,alpha,inDrop1
2341,beta,inDrop1
2342,delta,inDrop1
2343,delta,inDrop1
2344,beta,inDrop1
2345,beta,inDrop1
2346,beta,inDrop1
2347,beta,inDrop1
2348,acinar,inDrop1
2349,beta,inDrop1
2350,beta,inDrop1
2351,beta,inDrop1
2352,delta,inDrop1
2353,beta,inDrop1
2354,ductal,inDrop1
2355,beta,inDrop1
2356,beta,inDrop1
2357,ductal,inDrop1
2358,macrophage,inDrop1
2359,beta,inDrop1
2360,delta,inDrop1
2361,beta,inDrop1
2362,beta,inDrop1
2363,beta,inDrop1
2364,beta,inDrop1
2365,beta,inDrop1
2366,activated_stellate,inDrop1
2367,beta,inDrop1
2368,beta,inDrop1
2369,ductal,inDrop1
2370,beta,inDrop1
2371,beta,inDrop1
2372,beta,inDrop1
2373,beta,inDrop1
2374,beta,inDrop1
2375,delta,inDrop1
2376,beta,inDrop1
2377,beta,inDrop1
2378,delta,inDrop1
2379,beta,inDrop1
2380,beta,inDrop1
2381,beta,inDrop1
2382,beta,inDrop1
2383,alpha,inDrop1
2384,beta,inDrop1
2385,beta,inDrop1
2386,acinar,inDrop1
2387,beta,inDrop1
2388,beta,inDrop1
2389,beta,inDrop1
2390,beta,inDrop1
2391,ductal,inDrop1
2392,beta,inDrop1
2393,delta,inDrop1
2394,beta,inDrop1
2395,alpha,inDrop1
2396,beta,inDrop1
2397,beta,inDrop1
2398,beta,inDrop1
2399,beta,inDrop1
2400,delta,inDrop1
2401,beta,inDrop1
2402,beta,inDrop1
2403,delta,inDrop1
2404,beta,inDrop1
2405,beta,inDrop1
2406,beta,inDrop1
2407,beta,inDrop1
2408,beta,inDrop1
2409,beta,inDrop1
2410,beta,inDrop1
2411,gamma,inDrop1
2412,beta,inDrop1
2413,beta,inDrop1
2414,delta,inDrop1
2415,ductal,inDrop1
2416,beta,inDrop1
2417,beta,inDrop1
2418,beta,inDrop1
2419,delta,inDrop1
2420,beta,inDrop1
2421,ductal,inDrop1
2422,beta,inDrop1
2423,beta,inDrop1
2424,beta,inDrop1
2425,beta,inDrop1
2426,ductal,inDrop1
2427,activated_stellate,inDrop1
2428,beta,inDrop1
2429,alpha,inDrop1
2430,beta,inDrop1
2431,beta,inDrop1
2432,activated_stellate,inDrop1
2433,alpha,inDrop1
2434,acinar,inDrop1
2435,gamma,inDrop1
2436,beta,inDrop1
2437,beta,inDrop1
2438,beta,inDrop1
2439,delta,inDrop1
2440,alpha,inDrop1
2441,endothelial,inDrop1
2442,gamma,inDrop1
2443,beta,inDrop1
2444,alpha,inDrop1
2445,beta,inDrop1
2446,beta,inDrop1
2447,beta,inDrop1
2448,beta,inDrop1
2449,beta,inDrop1
2450,endothelial,inDrop1
2451,beta,inDrop1
2452,delta,inDrop1
2453,beta,inDrop1
2454,alpha,inDrop1
2455,beta,inDrop1
2456,alpha,inDrop1
2457,alpha,inDrop1
2458,delta,inDrop1
2459,alpha,inDrop1
2460,ductal,inDrop1
2461,beta,inDrop1
2462,alpha,inDrop1
2463,endothelial,inDrop1
2464,beta,inDrop1
2465,beta,inDrop1
2466,ductal,inDrop1
2467,delta,inDrop1
2468,beta,inDrop1
2469,beta,inDrop1
2470,alpha,inDrop1
2471,alpha,inDrop1
2472,delta,inDrop1
2473,gamma,inDrop1
2474,alpha,inDrop1
2475,beta,inDrop1
2476,alpha,inDrop1
2477,ductal,inDrop1
2478,beta,inDrop1
2479,gamma,inDrop1
2480,beta,inDrop1
2481,schwann,inDrop1
2482,delta,inDrop1
2483,beta,inDrop1
2484,alpha,inDrop1
2485,delta,inDrop1
2486,beta,inDrop1
2487,acinar,inDrop1
2488,beta,inDrop1
2489,beta,inDrop1
2490,beta,inDrop1
2491,beta,inDrop1
2492,beta,inDrop1
2493,alpha,inDrop1
2494,beta,inDrop1
2495,beta,inDrop1
2496,macrophage,inDrop1
2497,gamma,inDrop1
2498,beta,inDrop1
2499,beta,inDrop1
2500,alpha,inDrop1
2501,acinar,inDrop1
2502,endothelial,inDrop1
2503,alpha,inDrop1
2504,beta,inDrop1
2505,alpha,inDrop1
2506,alpha,inDrop1
2507,alpha,inDrop1
2508,beta,inDrop1
2509,beta,inDrop1
2510,alpha,inDrop1
2511,alpha,inDrop1
2512,macrophage,inDrop1
2513,alpha,inDrop1
2514,beta,inDrop1
2515,beta,inDrop1
2516,beta,inDrop1
2517,alpha,inDrop1
2518,activated_stellate,inDrop1
2519,delta,inDrop1
2520,alpha,inDrop1
2521,alpha,inDrop1
2522,endothelial,inDrop1
2523,beta,inDrop1
2524,delta,inDrop1
2525,beta,inDrop1
2526,beta,inDrop1
2527,beta,inDrop1
2528,ductal,inDrop1
2529,beta,inDrop1
2530,ductal,inDrop1
2531,beta,inDrop1
2532,beta,inDrop1
2533,activated_stellate,inDrop1
2534,beta,inDrop1
2535,ductal,inDrop1
2536,beta,inDrop1
2537,beta,inDrop1
2538,delta,inDrop1
2539,ductal,inDrop1
2540,alpha,inDrop1
2541,ductal,inDrop1
2542,beta,inDrop1
2543,gamma,inDrop1
2544,ductal,inDrop1
2545,beta,inDrop1
2546,gamma,inDrop1
2547,delta,inDrop1
2548,alpha,inDrop1
2549,gamma,inDrop1
2550,alpha,inDrop1
2551,beta,inDrop1
2552,macrophage,inDrop1
2553,beta,inDrop1
2554,beta,inDrop1
2555,quiescent_stellate,inDrop1
2556,delta,inDrop1
2557,beta,inDrop1
2558,alpha,inDrop1
2559,beta,inDrop1
2560,alpha,inDrop1
2561,beta,inDrop1
2562,beta,inDrop1
2563,gamma,inDrop1
2564,alpha,inDrop1
2565,beta,inDrop1
2566,beta,inDrop1
2567,beta,inDrop1
2568,beta,inDrop1
2569,macrophage,inDrop1
2570,beta,inDrop1
2571,delta,inDrop1
2572,beta,inDrop1
2573,gamma,inDrop1
2574,epsilon,inDrop1
2575,delta,inDrop1
2576,alpha,inDrop1
2577,beta,inDrop1
2578,beta,inDrop1
2579,delta,inDrop1
2580,alpha,inDrop1
2581,endothelial,inDrop1
2582,beta,inDrop1
2583,activated_stellate,inDrop1
2584,acinar,inDrop1
2585,beta,inDrop1
2586,acinar,inDrop1
2587,alpha,inDrop1
2588,gamma,inDrop1
2589,macrophage,inDrop1
2590,beta,inDrop1
2591,beta,inDrop1
2592,acinar,inDrop1
2593,beta,inDrop1
2594,beta,inDrop1
2595,alpha,inDrop1
2596,delta,inDrop1
2597,beta,inDrop1
2598,ductal,inDrop1
2599,alpha,inDrop1
2600,beta,inDrop1
2601,delta,inDrop1
2602,beta,inDrop1
2603,beta,inDrop1
2604,acinar,inDrop1
2605,beta,inDrop1
2606,beta,inDrop1
2607,beta,inDrop1
2608,alpha,inDrop1
2609,alpha,inDrop1
2610,alpha,inDrop1
2611,ductal,inDrop1
2612,alpha,inDrop1
2613,acinar,inDrop1
2614,acinar,inDrop1
2615,beta,inDrop1
2616,delta,inDrop1
2617,quiescent_stellate,inDrop1
2618,alpha,inDrop1
2619,delta,inDrop1
2620,beta,inDrop1
2621,ductal,inDrop1
2622,beta,inDrop1
2623,beta,inDrop1
2624,beta,inDrop1
2625,beta,inDrop1
2626,quiescent_stellate,inDrop1
2627,endothelial,inDrop1
2628,acinar,inDrop1
2629,activated_stellate,inDrop1
2630,delta,inDrop1
2631,beta,inDrop1
2632,alpha,inDrop1
2633,endothelial,inDrop1
2634,endothelial,inDrop1
2635,alpha,inDrop1
2636,beta,inDrop1
2637,gamma,inDrop1
2638,beta,inDrop1
2639,ductal,inDrop1
2640,activated_stellate,inDrop1
2641,alpha,inDrop1
2642,beta,inDrop1
2643,beta,inDrop1
2644,alpha,inDrop1
2645,acinar,inDrop1
2646,quiescent_stellate,inDrop1
2647,beta,inDrop1
2648,alpha,inDrop1
2649,beta,inDrop1
2650,ductal,inDrop1
2651,beta,inDrop1
2652,delta,inDrop1
2653,beta,inDrop1
2654,beta,inDrop1
2655,beta,inDrop1
2656,beta,inDrop1
2657,quiescent_stellate,inDrop1
2658,beta,inDrop1
2659,beta,inDrop1
2660,schwann,inDrop1
2661,endothelial,inDrop1
2662,beta,inDrop1
2663,beta,inDrop1
2664,ductal,inDrop1
2665,gamma,inDrop1
2666,alpha,inDrop1
2667,gamma,inDrop1
2668,alpha,inDrop1
2669,quiescent_stellate,inDrop1
2670,endothelial,inDrop1
2671,quiescent_stellate,inDrop1
2672,delta,inDrop1
2673,beta,inDrop1
2674,ductal,inDrop1
2675,endothelial,inDrop1
2676,beta,inDrop1
2677,delta,inDrop1
2678,activated_stellate,inDrop1
2679,endothelial,inDrop1
2680,acinar,inDrop1
2681,endothelial,inDrop1
2682,delta,inDrop1
2683,gamma,inDrop1
2684,activated_stellate,inDrop1
2685,endothelial,inDrop1
2686,beta,inDrop1
2687,ductal,inDrop1
2688,beta,inDrop1
2689,beta,inDrop1
2690,alpha,inDrop1
2691,alpha,inDrop1
2692,beta,inDrop1
2693,ductal,inDrop1
2694,beta,inDrop1
2695,alpha,inDrop1
2696,endothelial,inDrop1
2697,endothelial,inDrop1
2698,beta,inDrop1
2699,endothelial,inDrop1
2700,endothelial,inDrop1
2701,alpha,inDrop1
2702,quiescent_stellate,inDrop1
2703,ductal,inDrop1
2704,beta,inDrop1
2705,quiescent_stellate,inDrop1
2706,epsilon,inDrop1
2707,delta,inDrop1
2708,macrophage,inDrop1
2709,gamma,inDrop1
2710,ductal,inDrop1
2711,alpha,inDrop1
2712,beta,inDrop1
2713,alpha,inDrop1
2714,endothelial,inDrop1
2715,beta,inDrop1
2716,gamma,inDrop1
2717,beta,inDrop1
2718,beta,inDrop1
2719,quiescent_stellate,inDrop1
2720,alpha,inDrop1
2721,beta,inDrop1
2722,gamma,inDrop1
2723,alpha,inDrop1
2724,alpha,inDrop1
2725,beta,inDrop1
2726,endothelial,inDrop1
2727,beta,inDrop1
2728,quiescent_stellate,inDrop1
2729,endothelial,inDrop1
2730,beta,inDrop1
2731,beta,inDrop1
2732,beta,inDrop1
2733,beta,inDrop1
2734,ductal,inDrop1
2735,beta,inDrop1
2736,alpha,inDrop1
2737,quiescent_stellate,inDrop1
2738,beta,inDrop1
2739,endothelial,inDrop1
2740,beta,inDrop1
2741,ductal,inDrop1
2742,ductal,inDrop1
2743,beta,inDrop1
2744,activated_stellate,inDrop1
2745,beta,inDrop1
2746,ductal,inDrop1
2747,beta,inDrop1
2748,endothelial,inDrop1
2749,beta,inDrop1
2750,beta,inDrop1
2751,acinar,inDrop1
2752,alpha,inDrop1
2753,schwann,inDrop1
2754,beta,inDrop1
2755,beta,inDrop1
2756,quiescent_stellate,inDrop1
2757,beta,inDrop1
2758,gamma,inDrop1
2759,endothelial,inDrop1
2760,beta,inDrop1
2761,mast,inDrop1
2762,beta,inDrop1
2763,gamma,inDrop1
2764,quiescent_stellate,inDrop1
2765,beta,inDrop1
2766,beta,inDrop1
2767,beta,inDrop1
2768,endothelial,inDrop1
2769,beta,inDrop1
2770,alpha,inDrop1
2771,quiescent_stellate,inDrop1
2772,activated_stellate,inDrop1
2773,beta,inDrop1
2774,alpha,inDrop1
2775,endothelial,inDrop1
2776,quiescent_stellate,inDrop1
2777,endothelial,inDrop1
2778,endothelial,inDrop1
2779,endothelial,inDrop1
2780,endothelial,inDrop1
2781,ductal,inDrop1
2782,beta,inDrop1
2783,ductal,inDrop1
2784,quiescent_stellate,inDrop1
2785,beta,inDrop1
2786,endothelial,inDrop1
2787,endothelial,inDrop1
2788,alpha,inDrop1
2789,quiescent_stellate,inDrop1
2790,alpha,inDrop1
2791,acinar,inDrop1
2792,gamma,inDrop1
2793,endothelial,inDrop1
2794,beta,inDrop1
2795,quiescent_stellate,inDrop1
2796,activated_stellate,inDrop1
2797,beta,inDrop1
2798,beta,inDrop1
2799,endothelial,inDrop1
2800,alpha,inDrop1
2801,quiescent_stellate,inDrop1
2802,quiescent_stellate,inDrop1
2803,quiescent_stellate,inDrop1
2804,quiescent_stellate,inDrop1
2805,endothelial,inDrop1
2806,beta,inDrop1
2807,quiescent_stellate,inDrop1
2808,beta,inDrop1
2809,quiescent_stellate,inDrop1
2810,quiescent_stellate,inDrop1
2811,beta,inDrop1
2812,beta,inDrop1
2813,beta,inDrop1
2814,beta,inDrop1
2815,beta,inDrop1
2816,endothelial,inDrop1
2817,alpha,inDrop1
2818,beta,inDrop1
2819,endothelial,inDrop1
2820,endothelial,inDrop1
2821,activated_stellate,inDrop1
2822,alpha,inDrop1
2823,beta,inDrop1
2824,beta,inDrop1
2825,acinar,inDrop1
2826,quiescent_stellate,inDrop1
2827,endothelial,inDrop1
2828,endothelial,inDrop1
2829,endothelial,inDrop1
2830,delta,inDrop1
2831,endothelial,inDrop1
2832,alpha,inDrop1
2833,beta,inDrop1
2834,quiescent_stellate,inDrop1
2835,endothelial,inDrop1
2836,quiescent_stellate,inDrop1
2837,alpha,inDrop1
2838,quiescent_stellate,inDrop1
2839,acinar,inDrop1
2840,acinar,inDrop1
2841,delta,inDrop1
2842,acinar,inDrop1
2843,activated_stellate,inDrop1
2844,acinar,inDrop1
2845,acinar,inDrop1
2846,delta,inDrop1
2847,delta,inDrop1
2848,delta,inDrop1
2849,acinar,inDrop1
2850,beta,inDrop1
2851,activated_stellate,inDrop1
2852,delta,inDrop1
2853,delta,inDrop1
2854,delta,inDrop1
2855,delta,inDrop1
2856,beta,inDrop1
2857,delta,inDrop1
2858,acinar,inDrop1
2859,activated_stellate,inDrop1
2860,activated_stellate,inDrop1
2861,delta,inDrop1
2862,beta,inDrop1
2863,acinar,inDrop1
2864,delta,inDrop1
2865,beta,inDrop1
2866,delta,inDrop1
2867,ductal,inDrop1
2868,acinar,inDrop1
2869,acinar,inDrop1
2870,delta,inDrop1
2871,beta,inDrop1
2872,beta,inDrop1
2873,beta,inDrop1
2874,delta,inDrop1
2875,beta,inDrop1
2876,beta,inDrop1
2877,beta,inDrop1
2878,delta,inDrop1
2879,delta,inDrop1
2880,delta,inDrop1
2881,acinar,inDrop1
2882,ductal,inDrop1
2883,delta,inDrop1
2884,activated_stellate,inDrop1
2885,beta,inDrop1
2886,activated_stellate,inDrop1
2887,alpha,inDrop1
2888,delta,inDrop1
2889,beta,inDrop1
2890,beta,inDrop1
2891,beta,inDrop1
2892,acinar,inDrop1
2893,delta,inDrop1
2894,ductal,inDrop1
2895,macrophage,inDrop1
2896,delta,inDrop1
2897,beta,inDrop1
2898,beta,inDrop1
2899,delta,inDrop1
2900,delta,inDrop1
2901,beta,inDrop1
2902,delta,inDrop1
2903,beta,inDrop1
2904,delta,inDrop1
2905,acinar,inDrop1
2906,delta,inDrop1
2907,beta,inDrop1
2908,acinar,inDrop1
2909,beta,inDrop1
2910,beta,inDrop1
2911,ductal,inDrop1
2912,delta,inDrop1
2913,delta,inDrop1
2914,beta,inDrop1
2915,delta,inDrop1
2916,delta,inDrop1
2917,beta,inDrop1
2918,alpha,inDrop1
2919,beta,inDrop1
2920,acinar,inDrop1
2921,alpha,inDrop1
2922,alpha,inDrop1
2923,beta,inDrop1
2924,beta,inDrop1
2925,beta,inDrop1
2926,beta,inDrop1
2927,beta,inDrop1
2928,beta,inDrop1
2929,beta,inDrop1
2930,beta,inDrop1
2931,delta,inDrop1
2932,beta,inDrop1
2933,beta,inDrop1
2934,delta,inDrop1
2935,beta,inDrop1
2936,beta,inDrop1
2937,beta,inDrop1
2938,alpha,inDrop1
2939,delta,inDrop1
2940,alpha,inDrop1
2941,beta,inDrop1
2942,delta,inDrop1
2943,beta,inDrop1
2944,activated_stellate,inDrop1
2945,beta,inDrop1
2946,beta,inDrop1
2947,delta,inDrop1
2948,delta,inDrop1
2949,ductal,inDrop1
2950,acinar,inDrop1
2951,acinar,inDrop1
2952,delta,inDrop1
2953,ductal,inDrop1
2954,delta,inDrop1
2955,beta,inDrop1
2956,ductal,inDrop1
2957,beta,inDrop1
2958,beta,inDrop1
2959,beta,inDrop1
2960,beta,inDrop1
2961,alpha,inDrop1
2962,beta,inDrop1
2963,beta,inDrop1
2964,beta,inDrop1
2965,beta,inDrop1
2966,beta,inDrop1
2967,alpha,inDrop1
2968,acinar,inDrop1
2969,beta,inDrop1
2970,beta,inDrop1
2971,beta,inDrop1
2972,beta,inDrop1
2973,delta,inDrop1
2974,beta,inDrop1
2975,beta,inDrop1
2976,beta,inDrop1
2977,activated_stellate,inDrop1
2978,beta,inDrop1
2979,delta,inDrop1
2980,beta,inDrop1
2981,acinar,inDrop1
2982,beta,inDrop1
2983,beta,inDrop1
2984,activated_stellate,inDrop1
2985,alpha,inDrop1
2986,beta,inDrop1
2987,beta,inDrop1
2988,quiescent_stellate,inDrop1
2989,activated_stellate,inDrop1
2990,acinar,inDrop1
2991,beta,inDrop1
2992,alpha,inDrop1
2993,delta,inDrop1
2994,acinar,inDrop1
2995,beta,inDrop1
2996,beta,inDrop1
2997,beta,inDrop1
2998,beta,inDrop1
2999,ductal,inDrop1
3000,beta,inDrop1
3001,acinar,inDrop1
3002,beta,inDrop1
3003,beta,inDrop1
3004,beta,inDrop1
3005,beta,inDrop1
3006,beta,inDrop1
3007,beta,inDrop1
3008,alpha,inDrop1
3009,acinar,inDrop1
3010,beta,inDrop1
3011,beta,inDrop1
3012,alpha,inDrop1
3013,beta,inDrop1
3014,beta,inDrop1
3015,gamma,inDrop1
3016,delta,inDrop1
3017,macrophage,inDrop1
3018,alpha,inDrop1
3019,delta,inDrop1
3020,beta,inDrop1
3021,ductal,inDrop1
3022,ductal,inDrop1
3023,alpha,inDrop1
3024,beta,inDrop1
3025,beta,inDrop1
3026,acinar,inDrop1
3027,endothelial,inDrop1
3028,alpha,inDrop1
3029,gamma,inDrop1
3030,beta,inDrop1
3031,quiescent_stellate,inDrop1
3032,beta,inDrop1
3033,delta,inDrop1
3034,beta,inDrop1
3035,ductal,inDrop1
3036,beta,inDrop1
3037,alpha,inDrop1
3038,beta,inDrop1
3039,delta,inDrop1
3040,beta,inDrop1
3041,alpha,inDrop1
3042,quiescent_stellate,inDrop1
3043,ductal,inDrop1
3044,delta,inDrop1
3045,beta,inDrop1
3046,beta,inDrop1
3047,delta,inDrop1
3048,alpha,inDrop1
3049,beta,inDrop1
3050,beta,inDrop1
3051,delta,inDrop1
3052,beta,inDrop1
3053,beta,inDrop1
3054,delta,inDrop1
3055,ductal,inDrop1
3056,ductal,inDrop1
3057,beta,inDrop1
3058,beta,inDrop1
3059,beta,inDrop1
3060,beta,inDrop1
3061,endothelial,inDrop1
3062,beta,inDrop1
3063,beta,inDrop1
3064,alpha,inDrop1
3065,beta,inDrop1
3066,beta,inDrop1
3067,alpha,inDrop1
3068,beta,inDrop1
3069,acinar,inDrop1
3070,delta,inDrop1
3071,beta,inDrop1
3072,beta,inDrop1
3073,ductal,inDrop1
3074,ductal,inDrop1
3075,beta,inDrop1
3076,alpha,inDrop1
3077,beta,inDrop1
3078,beta,inDrop1
3079,ductal,inDrop1
3080,alpha,inDrop1
3081,activated_stellate,inDrop1
3082,beta,inDrop1
3083,alpha,inDrop1
3084,ductal,inDrop1
3085,delta,inDrop1
3086,alpha,inDrop1
3087,gamma,inDrop1
3088,beta,inDrop1
3089,activated_stellate,inDrop1
3090,ductal,inDrop1
3091,beta,inDrop1
3092,beta,inDrop1
3093,activated_stellate,inDrop1
3094,beta,inDrop1
3095,delta,inDrop1
3096,activated_stellate,inDrop1
3097,beta,inDrop1
3098,gamma,inDrop1
3099,beta,inDrop1
3100,beta,inDrop1
3101,beta,inDrop1
3102,delta,inDrop1
3103,beta,inDrop1
3104,beta,inDrop1
3105,alpha,inDrop1
3106,beta,inDrop1
3107,alpha,inDrop1
3108,epsilon,inDrop1
3109,activated_stellate,inDrop1
3110,beta,inDrop1
3111,alpha,inDrop1
3112,ductal,inDrop1
3113,alpha,inDrop1
3114,beta,inDrop1
3115,beta,inDrop1
3116,delta,inDrop1
3117,ductal,inDrop1
3118,beta,inDrop1
3119,alpha,inDrop1
3120,delta,inDrop1
3121,beta,inDrop1
3122,beta,inDrop1
3123,beta,inDrop1
3124,beta,inDrop1
3125,beta,inDrop1
3126,activated_stellate,inDrop1
3127,alpha,inDrop1
3128,beta,inDrop1
3129,ductal,inDrop1
3130,delta,inDrop1
3131,alpha,inDrop1
3132,alpha,inDrop1
3133,beta,inDrop1
3134,beta,inDrop1
3135,beta,inDrop1
3136,delta,inDrop1
3137,alpha,inDrop1
3138,beta,inDrop1
3139,beta,inDrop1
3140,beta,inDrop1
3141,beta,inDrop1
3142,beta,inDrop1
3143,delta,inDrop1
3144,beta,inDrop1
3145,beta,inDrop1
3146,beta,inDrop1
3147,alpha,inDrop1
3148,beta,inDrop1
3149,gamma,inDrop1
3150,beta,inDrop1
3151,activated_stellate,inDrop1
3152,beta,inDrop1
3153,alpha,inDrop1
3154,alpha,inDrop1
3155,beta,inDrop1
3156,beta,inDrop1
3157,delta,inDrop1
3158,beta,inDrop1
3159,beta,inDrop1
3160,beta,inDrop1
3161,beta,inDrop1
3162,beta,inDrop1
3163,beta,inDrop1
3164,quiescent_stellate,inDrop1
3165,ductal,inDrop1
3166,ductal,inDrop1
3167,delta,inDrop1
3168,alpha,inDrop1
3169,beta,inDrop1
3170,beta,inDrop1
3171,beta,inDrop1
3172,beta,inDrop1
3173,beta,inDrop1
3174,beta,inDrop1
3175,gamma,inDrop1
3176,beta,inDrop1
3177,beta,inDrop1
3178,gamma,inDrop1
3179,alpha,inDrop1
3180,beta,inDrop1
3181,alpha,inDrop1
3182,alpha,inDrop1
3183,beta,inDrop1
3184,delta,inDrop1
3185,beta,inDrop1
3186,beta,inDrop1
3187,beta,inDrop1
3188,beta,inDrop1
3189,endothelial,inDrop1
3190,beta,inDrop1
3191,quiescent_stellate,inDrop1
3192,beta,inDrop1
3193,beta,inDrop1
3194,alpha,inDrop1
3195,ductal,inDrop1
3196,beta,inDrop1
3197,beta,inDrop1
3198,gamma,inDrop1
3199,alpha,inDrop1
3200,gamma,inDrop1
3201,beta,inDrop1
3202,beta,inDrop1
3203,alpha,inDrop1
3204,alpha,inDrop1
3205,ductal,inDrop1
3206,beta,inDrop1
3207,alpha,inDrop1
3208,beta,inDrop1
3209,delta,inDrop1
3210,ductal,inDrop1
3211,beta,inDrop1
3212,beta,inDrop1
3213,beta,inDrop1
3214,beta,inDrop1
3215,beta,inDrop1
3216,beta,inDrop1
3217,ductal,inDrop1
3218,beta,inDrop1
3219,alpha,inDrop1
3220,beta,inDrop1
3221,beta,inDrop1
3222,alpha,inDrop1
3223,acinar,inDrop1
3224,acinar,inDrop1
3225,beta,inDrop1
3226,beta,inDrop1
3227,beta,inDrop1
3228,alpha,inDrop1
3229,alpha,inDrop1
3230,alpha,inDrop1
3231,alpha,inDrop1
3232,beta,inDrop1
3233,alpha,inDrop1
3234,beta,inDrop1
3235,alpha,inDrop1
3236,beta,inDrop1
3237,beta,inDrop1
3238,beta,inDrop1
3239,alpha,inDrop1
3240,delta,inDrop1
3241,alpha,inDrop1
3242,beta,inDrop1
3243,beta,inDrop1
3244,beta,inDrop1
3245,alpha,inDrop1
3246,gamma,inDrop1
3247,acinar,inDrop1
3248,beta,inDrop1
3249,ductal,inDrop1
3250,delta,inDrop1
3251,beta,inDrop1
3252,ductal,inDrop1
3253,gamma,inDrop1
3254,beta,inDrop1
3255,quiescent_stellate,inDrop1
3256,ductal,inDrop1
3257,delta,inDrop1
3258,gamma,inDrop1
3259,beta,inDrop1
3260,beta,inDrop1
3261,beta,inDrop1
3262,gamma,inDrop1
3263,ductal,inDrop1
3264,alpha,inDrop1
3265,acinar,inDrop1
3266,ductal,inDrop1
3267,endothelial,inDrop1
3268,alpha,inDrop1
3269,endothelial,inDrop1
3270,beta,inDrop1
3271,beta,inDrop1
3272,beta,inDrop1
3273,beta,inDrop1
3274,alpha,inDrop1
3275,beta,inDrop1
3276,ductal,inDrop1
3277,ductal,inDrop1
3278,beta,inDrop1
3279,beta,inDrop1
3280,gamma,inDrop1
3281,beta,inDrop1
3282,quiescent_stellate,inDrop1
3283,ductal,inDrop1
3284,beta,inDrop1
3285,acinar,inDrop1
3286,ductal,inDrop1
3287,endothelial,inDrop1
3288,acinar,inDrop1
3289,gamma,inDrop1
3290,beta,inDrop1
3291,beta,inDrop1
3292,quiescent_stellate,inDrop1
3293,beta,inDrop1
3294,beta,inDrop1
3295,epsilon,inDrop1
3296,beta,inDrop1
3297,alpha,inDrop1
3298,alpha,inDrop1
3299,delta,inDrop1
3300,beta,inDrop1
3301,epsilon,inDrop1
3302,beta,inDrop1
3303,alpha,inDrop1
3304,beta,inDrop1
3305,beta,inDrop1
3306,gamma,inDrop1
3307,acinar,inDrop1
3308,beta,inDrop1
3309,alpha,inDrop1
3310,beta,inDrop1
3311,alpha,inDrop1
3312,ductal,inDrop1
3313,alpha,inDrop1
3314,beta,inDrop1
3315,beta,inDrop1
3316,gamma,inDrop1
3317,beta,inDrop1
3318,beta,inDrop1
3319,delta,inDrop1
3320,delta,inDrop1
3321,delta,inDrop1
3322,quiescent_stellate,inDrop1
3323,beta,inDrop1
3324,beta,inDrop1
3325,alpha,inDrop1
3326,beta,inDrop1
3327,alpha,inDrop1
3328,alpha,inDrop1
3329,beta,inDrop1
3330,beta,inDrop1
3331,beta,inDrop1
3332,alpha,inDrop1
3333,beta,inDrop1
3334,beta,inDrop1
3335,quiescent_stellate,inDrop1
3336,alpha,inDrop1
3337,endothelial,inDrop1
3338,gamma,inDrop1
3339,beta,inDrop1
3340,beta,inDrop1
3341,quiescent_stellate,inDrop1
3342,beta,inDrop1
3343,alpha,inDrop1
3344,delta,inDrop1
3345,beta,inDrop1
3346,acinar,inDrop1
3347,beta,inDrop1
3348,endothelial,inDrop1
3349,endothelial,inDrop1
3350,beta,inDrop1
3351,beta,inDrop1
3352,alpha,inDrop1
3353,beta,inDrop1
3354,mast,inDrop1
3355,beta,inDrop1
3356,alpha,inDrop1
3357,endothelial,inDrop1
3358,beta,inDrop1
3359,beta,inDrop1
3360,beta,inDrop1
3361,endothelial,inDrop1
3362,alpha,inDrop1
3363,beta,inDrop1
3364,beta,inDrop1
3365,beta,inDrop1
3366,beta,inDrop1
3367,alpha,inDrop1
3368,mast,inDrop1
3369,beta,inDrop1
3370,epsilon,inDrop1
3371,endothelial,inDrop1
3372,quiescent_stellate,inDrop1
3373,alpha,inDrop1
3374,alpha,inDrop1
3375,beta,inDrop1
3376,beta,inDrop1
3377,acinar,inDrop1
3378,delta,inDrop1
3379,acinar,inDrop1
3380,beta,inDrop1
3381,beta,inDrop1
3382,endothelial,inDrop1
3383,beta,inDrop1
3384,macrophage,inDrop1
3385,acinar,inDrop1
3386,quiescent_stellate,inDrop1
3387,beta,inDrop1
3388,beta,inDrop1
3389,beta,inDrop1
3390,endothelial,inDrop1
3391,beta,inDrop1
3392,beta,inDrop1
3393,ductal,inDrop1
3394,beta,inDrop1
3395,beta,inDrop1
3396,quiescent_stellate,inDrop1
3397,beta,inDrop1
3398,acinar,inDrop1
3399,beta,inDrop1
3400,delta,inDrop1
3401,beta,inDrop1
3402,beta,inDrop1
3403,beta,inDrop1
3404,beta,inDrop1
3405,quiescent_stellate,inDrop1
3406,alpha,inDrop1
3407,endothelial,inDrop1
3408,beta,inDrop1
3409,delta,inDrop1
3410,gamma,inDrop1
3411,beta,inDrop1
3412,quiescent_stellate,inDrop1
3413,endothelial,inDrop1
3414,alpha,inDrop1
3415,beta,inDrop1
3416,ductal,inDrop1
3417,beta,inDrop1
3418,beta,inDrop1
3419,beta,inDrop1
3420,quiescent_stellate,inDrop1
3421,beta,inDrop1
3422,epsilon,inDrop1
3423,beta,inDrop1
3424,beta,inDrop1
3425,alpha,inDrop1
3426,beta,inDrop1
3427,endothelial,inDrop1
3428,endothelial,inDrop1
3429,quiescent_stellate,inDrop1
3430,beta,inDrop1
3431,beta,inDrop1
3432,epsilon,inDrop1
3433,quiescent_stellate,inDrop1
3434,beta,inDrop1
3435,mast,inDrop1
3436,ductal,inDrop1
3437,alpha,inDrop1
3438,acinar,inDrop1
3439,acinar,inDrop1
3440,endothelial,inDrop1
3441,ductal,inDrop1
3442,endothelial,inDrop1
3443,alpha,inDrop1
3444,delta,inDrop1
3445,beta,inDrop1
3446,beta,inDrop1
3447,beta,inDrop1
3448,ductal,inDrop1
3449,quiescent_stellate,inDrop1
3450,beta,inDrop1
3451,macrophage,inDrop1
3452,delta,inDrop1
3453,endothelial,inDrop1
3454,alpha,inDrop1
3455,beta,inDrop1
3456,endothelial,inDrop1
3457,beta,inDrop1
3458,beta,inDrop1
3459,endothelial,inDrop1
3460,delta,inDrop1
3461,acinar,inDrop1
3462,acinar,inDrop1
3463,endothelial,inDrop1
3464,beta,inDrop1
3465,endothelial,inDrop1
3466,acinar,inDrop1
3467,beta,inDrop1
3468,delta,inDrop1
3469,quiescent_stellate,inDrop1
3470,quiescent_stellate,inDrop1
3471,beta,inDrop1
3472,beta,inDrop1
3473,quiescent_stellate,inDrop1
3474,alpha,inDrop1
3475,quiescent_stellate,inDrop1
3476,quiescent_stellate,inDrop1
3477,beta,inDrop1
3478,quiescent_stellate,inDrop1
3479,schwann,inDrop1
3480,beta,inDrop1
3481,beta,inDrop1
3482,beta,inDrop1
3483,beta,inDrop1
3484,beta,inDrop1
3485,beta,inDrop1
3486,beta,inDrop1
3487,endothelial,inDrop1
3488,ductal,inDrop1
3489,beta,inDrop1
3490,beta,inDrop1
3491,beta,inDrop1
3492,beta,inDrop1
3493,alpha,inDrop1
3494,quiescent_stellate,inDrop1
3495,quiescent_stellate,inDrop1
3496,beta,inDrop1
3497,beta,inDrop1
3498,alpha,inDrop1
3499,ductal,inDrop1
3500,quiescent_stellate,inDrop1
3501,beta,inDrop1
3502,endothelial,inDrop1
3503,delta,inDrop1
3504,beta,inDrop1
3505,beta,inDrop1
3506,alpha,inDrop1
3507,beta,inDrop1
3508,beta,inDrop1
3509,endothelial,inDrop1
3510,beta,inDrop1
3511,endothelial,inDrop1
3512,alpha,inDrop1
3513,quiescent_stellate,inDrop1
3514,endothelial,inDrop1
3515,alpha,inDrop1
3516,alpha,inDrop1
3517,ductal,inDrop1
3518,quiescent_stellate,inDrop1
3519,endothelial,inDrop1
3520,beta,inDrop1
3521,gamma,inDrop1
3522,epsilon,inDrop1
3523,activated_stellate,inDrop1
3524,alpha,inDrop1
3525,activated_stellate,inDrop1
3526,beta,inDrop1
3527,beta,inDrop1
3528,mast,inDrop1
3529,activated_stellate,inDrop1
3530,epsilon,inDrop1
3531,quiescent_stellate,inDrop1
3532,endothelial,inDrop1
3533,gamma,inDrop1
3534,beta,inDrop1
3535,quiescent_stellate,inDrop1
3536,quiescent_stellate,inDrop1
3537,alpha,inDrop1
3538,beta,inDrop1
3539,beta,inDrop1
3540,beta,inDrop1
3541,beta,inDrop1
3542,t_cell,inDrop1
3543,beta,inDrop1
3544,beta,inDrop1
3545,beta,inDrop1
3546,alpha,inDrop1
3547,beta,inDrop1
3548,endothelial,inDrop1
3549,endothelial,inDrop1
3550,mast,inDrop1
3551,beta,inDrop1
3552,quiescent_stellate,inDrop1
3553,beta,inDrop1
3554,beta,inDrop1
3555,beta,inDrop1
3556,beta,inDrop1
3557,beta,inDrop1
3558,endothelial,inDrop1
3559,t_cell,inDrop1
3560,ductal,inDrop1
3561,quiescent_stellate,inDrop1
3562,beta,inDrop1
3563,beta,inDrop1
3564,quiescent_stellate,inDrop1
3565,quiescent_stellate,inDrop1
3566,quiescent_stellate,inDrop1
3567,beta,inDrop1
3568,beta,inDrop1
3569,alpha,inDrop1
3570,beta,inDrop1
3571,beta,inDrop1
3572,beta,inDrop1
3573,alpha,inDrop1
3574,endothelial,inDrop1
3575,beta,inDrop1
3576,endothelial,inDrop1
3577,beta,inDrop1
3578,quiescent_stellate,inDrop1
3579,delta,inDrop2
3580,delta,inDrop2
3581,alpha,inDrop2
3582,delta,inDrop2
3583,delta,inDrop2
3584,delta,inDrop2
3585,delta,inDrop2
3586,delta,inDrop2
3587,activated_stellate,inDrop2
3588,ductal,inDrop2
3589,delta,inDrop2
3590,delta,inDrop2
3591,alpha,inDrop2
3592,delta,inDrop2
3593,alpha,inDrop2
3594,alpha,inDrop2
3595,beta,inDrop2
3596,ductal,inDrop2
3597,alpha,inDrop2
3598,alpha,inDrop2
3599,ductal,inDrop2
3600,alpha,inDrop2
3601,alpha,inDrop2
3602,delta,inDrop2
3603,ductal,inDrop2
3604,alpha,inDrop2
3605,delta,inDrop2
3606,ductal,inDrop2
3607,ductal,inDrop2
3608,ductal,inDrop2
3609,activated_stellate,inDrop2
3610,ductal,inDrop2
3611,alpha,inDrop2
3612,delta,inDrop2
3613,delta,inDrop2
3614,delta,inDrop2
3615,alpha,inDrop2
3616,ductal,inDrop2
3617,alpha,inDrop2
3618,macrophage,inDrop2
3619,alpha,inDrop2
3620,delta,inDrop2
3621,ductal,inDrop2
3622,delta,inDrop2
3623,alpha,inDrop2
3624,alpha,inDrop2
3625,alpha,inDrop2
3626,alpha,inDrop2
3627,ductal,inDrop2
3628,activated_stellate,inDrop2
3629,ductal,inDrop2
3630,alpha,inDrop2
3631,quiescent_stellate,inDrop2
3632,beta,inDrop2
3633,alpha,inDrop2
3634,beta,inDrop2
3635,beta,inDrop2
3636,beta,inDrop2
3637,alpha,inDrop2
3638,delta,inDrop2
3639,delta,inDrop2
3640,alpha,inDrop2
3641,beta,inDrop2
3642,alpha,inDrop2
3643,alpha,inDrop2
3644,alpha,inDrop2
3645,ductal,inDrop2
3646,beta,inDrop2
3647,ductal,inDrop2
3648,activated_stellate,inDrop2
3649,ductal,inDrop2
3650,alpha,inDrop2
3651,beta,inDrop2
3652,ductal,inDrop2
3653,alpha,inDrop2
3654,beta,inDrop2
3655,alpha,inDrop2
3656,ductal,inDrop2
3657,alpha,inDrop2
3658,beta,inDrop2
3659,alpha,inDrop2
3660,ductal,inDrop2
3661,ductal,inDrop2
3662,alpha,inDrop2
3663,alpha,inDrop2
3664,ductal,inDrop2
3665,alpha,inDrop2
3666,alpha,inDrop2
3667,alpha,inDrop2
3668,beta,inDrop2
3669,alpha,inDrop2
3670,beta,inDrop2
3671,alpha,inDrop2
3672,ductal,inDrop2
3673,delta,inDrop2
3674,gamma,inDrop2
3675,alpha,inDrop2
3676,ductal,inDrop2
3677,alpha,inDrop2
3678,beta,inDrop2
3679,beta,inDrop2
3680,gamma,inDrop2
3681,alpha,inDrop2
3682,delta,inDrop2
3683,beta,inDrop2
3684,alpha,inDrop2
3685,beta,inDrop2
3686,alpha,inDrop2
3687,alpha,inDrop2
3688,alpha,inDrop2
3689,beta,inDrop2
3690,ductal,inDrop2
3691,ductal,inDrop2
3692,alpha,inDrop2
3693,beta,inDrop2
3694,alpha,inDrop2
3695,ductal,inDrop2
3696,alpha,inDrop2
3697,beta,inDrop2
3698,alpha,inDrop2
3699,ductal,inDrop2
3700,alpha,inDrop2
3701,delta,inDrop2
3702,beta,inDrop2
3703,ductal,inDrop2
3704,beta,inDrop2
3705,alpha,inDrop2
3706,beta,inDrop2
3707,ductal,inDrop2
3708,alpha,inDrop2
3709,alpha,inDrop2
3710,alpha,inDrop2
3711,alpha,inDrop2
3712,ductal,inDrop2
3713,alpha,inDrop2
3714,ductal,inDrop2
3715,beta,inDrop2
3716,ductal,inDrop2
3717,beta,inDrop2
3718,alpha,inDrop2
3719,beta,inDrop2
3720,alpha,inDrop2
3721,activated_stellate,inDrop2
3722,alpha,inDrop2
3723,beta,inDrop2
3724,alpha,inDrop2
3725,alpha,inDrop2
3726,alpha,inDrop2
3727,alpha,inDrop2
3728,beta,inDrop2
3729,ductal,inDrop2
3730,activated_stellate,inDrop2
3731,alpha,inDrop2
3732,alpha,inDrop2
3733,ductal,inDrop2
3734,delta,inDrop2
3735,alpha,inDrop2
3736,alpha,inDrop2
3737,ductal,inDrop2
3738,ductal,inDrop2
3739,alpha,inDrop2
3740,alpha,inDrop2
3741,alpha,inDrop2
3742,alpha,inDrop2
3743,activated_stellate,inDrop2
3744,alpha,inDrop2
3745,macrophage,inDrop2
3746,alpha,inDrop2
3747,delta,inDrop2
3748,alpha,inDrop2
3749,activated_stellate,inDrop2
3750,alpha,inDrop2
3751,delta,inDrop2
3752,alpha,inDrop2
3753,alpha,inDrop2
3754,alpha,inDrop2
3755,ductal,inDrop2
3756,alpha,inDrop2
3757,alpha,inDrop2
3758,alpha,inDrop2
3759,ductal,inDrop2
3760,beta,inDrop2
3761,beta,inDrop2
3762,alpha,inDrop2
3763,gamma,inDrop2
3764,ductal,inDrop2
3765,beta,inDrop2
3766,endothelial,inDrop2
3767,gamma,inDrop2
3768,ductal,inDrop2
3769,alpha,inDrop2
3770,ductal,inDrop2
3771,delta,inDrop2
3772,ductal,inDrop2
3773,beta,inDrop2
3774,beta,inDrop2
3775,endothelial,inDrop2
3776,beta,inDrop2
3777,alpha,inDrop2
3778,delta,inDrop2
3779,beta,inDrop2
3780,activated_stellate,inDrop2
3781,alpha,inDrop2
3782,beta,inDrop2
3783,ductal,inDrop2
3784,beta,inDrop2
3785,gamma,inDrop2
3786,alpha,inDrop2
3787,alpha,inDrop2
3788,alpha,inDrop2
3789,delta,inDrop2
3790,alpha,inDrop2
3791,ductal,inDrop2
3792,alpha,inDrop2
3793,beta,inDrop2
3794,endothelial,inDrop2
3795,activated_stellate,inDrop2
3796,alpha,inDrop2
3797,beta,inDrop2
3798,alpha,inDrop2
3799,alpha,inDrop2
3800,alpha,inDrop2
3801,beta,inDrop2
3802,beta,inDrop2
3803,alpha,inDrop2
3804,gamma,inDrop2
3805,beta,inDrop2
3806,alpha,inDrop2
3807,alpha,inDrop2
3808,alpha,inDrop2
3809,beta,inDrop2
3810,ductal,inDrop2
3811,beta,inDrop2
3812,activated_stellate,inDrop2
3813,alpha,inDrop2
3814,beta,inDrop2
3815,beta,inDrop2
3816,gamma,inDrop2
3817,alpha,inDrop2
3818,alpha,inDrop2
3819,alpha,inDrop2
3820,beta,inDrop2
3821,alpha,inDrop2
3822,endothelial,inDrop2
3823,alpha,inDrop2
3824,delta,inDrop2
3825,activated_stellate,inDrop2
3826,gamma,inDrop2
3827,beta,inDrop2
3828,alpha,inDrop2
3829,ductal,inDrop2
3830,beta,inDrop2
3831,gamma,inDrop2
3832,beta,inDrop2
3833,beta,inDrop2
3834,ductal,inDrop2
3835,ductal,inDrop2
3836,alpha,inDrop2
3837,beta,inDrop2
3838,beta,inDrop2
3839,ductal,inDrop2
3840,beta,inDrop2
3841,ductal,inDrop2
3842,alpha,inDrop2
3843,alpha,inDrop2
3844,activated_stellate,inDrop2
3845,delta,inDrop2
3846,alpha,inDrop2
3847,activated_stellate,inDrop2
3848,beta,inDrop2
3849,alpha,inDrop2
3850,delta,inDrop2
3851,beta,inDrop2
3852,beta,inDrop2
3853,delta,inDrop2
3854,ductal,inDrop2
3855,alpha,inDrop2
3856,delta,inDrop2
3857,alpha,inDrop2
3858,beta,inDrop2
3859,ductal,inDrop2
3860,beta,inDrop2
3861,endothelial,inDrop2
3862,ductal,inDrop2
3863,beta,inDrop2
3864,alpha,inDrop2
3865,activated_stellate,inDrop2
3866,beta,inDrop2
3867,alpha,inDrop2
3868,beta,inDrop2
3869,beta,inDrop2
3870,alpha,inDrop2
3871,beta,inDrop2
3872,alpha,inDrop2
3873,gamma,inDrop2
3874,beta,inDrop2
3875,ductal,inDrop2
3876,beta,inDrop2
3877,alpha,inDrop2
3878,alpha,inDrop2
3879,alpha,inDrop2
3880,alpha,inDrop2
3881,ductal,inDrop2
3882,beta,inDrop2
3883,alpha,inDrop2
3884,alpha,inDrop2
3885,ductal,inDrop2
3886,alpha,inDrop2
3887,ductal,inDrop2
3888,alpha,inDrop2
3889,alpha,inDrop2
3890,gamma,inDrop2
3891,ductal,inDrop2
3892,ductal,inDrop2
3893,alpha,inDrop2
3894,alpha,inDrop2
3895,ductal,inDrop2
3896,beta,inDrop2
3897,ductal,inDrop2
3898,alpha,inDrop2
3899,ductal,inDrop2
3900,alpha,inDrop2
3901,ductal,inDrop2
3902,beta,inDrop2
3903,beta,inDrop2
3904,beta,inDrop2
3905,ductal,inDrop2
3906,ductal,inDrop2
3907,alpha,inDrop2
3908,delta,inDrop2
3909,alpha,inDrop2
3910,beta,inDrop2
3911,beta,inDrop2
3912,endothelial,inDrop2
3913,alpha,inDrop2
3914,alpha,inDrop2
3915,alpha,inDrop2
3916,alpha,inDrop2
3917,alpha,inDrop2
3918,alpha,inDrop2
3919,ductal,inDrop2
3920,alpha,inDrop2
3921,alpha,inDrop2
3922,ductal,inDrop2
3923,alpha,inDrop2
3924,ductal,inDrop2
3925,ductal,inDrop2
3926,ductal,inDrop2
3927,alpha,inDrop2
3928,activated_stellate,inDrop2
3929,ductal,inDrop2
3930,alpha,inDrop2
3931,alpha,inDrop2
3932,beta,inDrop2
3933,delta,inDrop2
3934,alpha,inDrop2
3935,alpha,inDrop2
3936,ductal,inDrop2
3937,alpha,inDrop2
3938,alpha,inDrop2
3939,gamma,inDrop2
3940,ductal,inDrop2
3941,alpha,inDrop2
3942,delta,inDrop2
3943,endothelial,inDrop2
3944,beta,inDrop2
3945,alpha,inDrop2
3946,beta,inDrop2
3947,alpha,inDrop2
3948,alpha,inDrop2
3949,alpha,inDrop2
3950,gamma,inDrop2
3951,ductal,inDrop2
3952,alpha,inDrop2
3953,alpha,inDrop2
3954,gamma,inDrop2
3955,alpha,inDrop2
3956,quiescent_stellate,inDrop2
3957,beta,inDrop2
3958,ductal,inDrop2
3959,ductal,inDrop2
3960,beta,inDrop2
3961,alpha,inDrop2
3962,alpha,inDrop2
3963,alpha,inDrop2
3964,alpha,inDrop2
3965,alpha,inDrop2
3966,beta,inDrop2
3967,alpha,inDrop2
3968,beta,inDrop2
3969,ductal,inDrop2
3970,gamma,inDrop2
3971,beta,inDrop2
3972,activated_stellate,inDrop2
3973,ductal,inDrop2
3974,ductal,inDrop2
3975,alpha,inDrop2
3976,gamma,inDrop2
3977,epsilon,inDrop2
3978,alpha,inDrop2
3979,delta,inDrop2
3980,alpha,inDrop2
3981,ductal,inDrop2
3982,alpha,inDrop2
3983,beta,inDrop2
3984,activated_stellate,inDrop2
3985,gamma,inDrop2
3986,alpha,inDrop2
3987,alpha,inDrop2
3988,schwann,inDrop2
3989,ductal,inDrop2
3990,alpha,inDrop2
3991,alpha,inDrop2
3992,gamma,inDrop2
3993,alpha,inDrop2
3994,alpha,inDrop2
3995,alpha,inDrop2
3996,alpha,inDrop2
3997,alpha,inDrop2
3998,alpha,inDrop2
3999,beta,inDrop2
4000,macrophage,inDrop2
4001,ductal,inDrop2
4002,alpha,inDrop2
4003,alpha,inDrop2
4004,ductal,inDrop2
4005,alpha,inDrop2
4006,alpha,inDrop2
4007,alpha,inDrop2
4008,beta,inDrop2
4009,ductal,inDrop2
4010,gamma,inDrop2
4011,delta,inDrop2
4012,ductal,inDrop2
4013,delta,inDrop2
4014,beta,inDrop2
4015,alpha,inDrop2
4016,ductal,inDrop2
4017,gamma,inDrop2
4018,alpha,inDrop2
4019,alpha,inDrop2
4020,alpha,inDrop2
4021,gamma,inDrop2
4022,activated_stellate,inDrop2
4023,alpha,inDrop2
4024,ductal,inDrop2
4025,alpha,inDrop2
4026,alpha,inDrop2
4027,beta,inDrop2
4028,ductal,inDrop2
4029,alpha,inDrop2
4030,gamma,inDrop2
4031,delta,inDrop2
4032,alpha,inDrop2
4033,alpha,inDrop2
4034,ductal,inDrop2
4035,activated_stellate,inDrop2
4036,alpha,inDrop2
4037,alpha,inDrop2
4038,alpha,inDrop2
4039,gamma,inDrop2
4040,alpha,inDrop2
4041,beta,inDrop2
4042,alpha,inDrop2
4043,alpha,inDrop2
4044,beta,inDrop2
4045,ductal,inDrop2
4046,schwann,inDrop2
4047,delta,inDrop2
4048,gamma,inDrop2
4049,activated_stellate,inDrop2
4050,alpha,inDrop2
4051,ductal,inDrop2
4052,beta,inDrop2
4053,beta,inDrop2
4054,alpha,inDrop2
4055,gamma,inDrop2
4056,gamma,inDrop2
4057,ductal,inDrop2
4058,alpha,inDrop2
4059,activated_stellate,inDrop2
4060,endothelial,inDrop2
4061,beta,inDrop2
4062,beta,inDrop2
4063,endothelial,inDrop2
4064,alpha,inDrop2
4065,beta,inDrop2
4066,beta,inDrop2
4067,alpha,inDrop2
4068,ductal,inDrop2
4069,alpha,inDrop2
4070,alpha,inDrop2
4071,alpha,inDrop2
4072,gamma,inDrop2
4073,activated_stellate,inDrop2
4074,alpha,inDrop2
4075,beta,inDrop2
4076,alpha,inDrop2
4077,alpha,inDrop2
4078,quiescent_stellate,inDrop2
4079,gamma,inDrop2
4080,alpha,inDrop2
4081,alpha,inDrop2
4082,alpha,inDrop2
4083,alpha,inDrop2
4084,alpha,inDrop2
4085,quiescent_stellate,inDrop2
4086,alpha,inDrop2
4087,alpha,inDrop2
4088,alpha,inDrop2
4089,ductal,inDrop2
4090,alpha,inDrop2
4091,beta,inDrop2
4092,beta,inDrop2
4093,beta,inDrop2
4094,beta,inDrop2
4095,ductal,inDrop2
4096,alpha,inDrop2
4097,alpha,inDrop2
4098,ductal,inDrop2
4099,alpha,inDrop2
4100,beta,inDrop2
4101,activated_stellate,inDrop2
4102,ductal,inDrop2
4103,mast,inDrop2
4104,alpha,inDrop2
4105,beta,inDrop2
4106,alpha,inDrop2
4107,alpha,inDrop2
4108,beta,inDrop2
4109,gamma,inDrop2
4110,beta,inDrop2
4111,ductal,inDrop2
4112,ductal,inDrop2
4113,ductal,inDrop2
4114,ductal,inDrop2
4115,alpha,inDrop2
4116,beta,inDrop2
4117,ductal,inDrop2
4118,beta,inDrop2
4119,endothelial,inDrop2
4120,beta,inDrop2
4121,beta,inDrop2
4122,macrophage,inDrop2
4123,gamma,inDrop2
4124,ductal,inDrop2
4125,ductal,inDrop2
4126,beta,inDrop2
4127,quiescent_stellate,inDrop2
4128,ductal,inDrop2
4129,alpha,inDrop2
4130,alpha,inDrop2
4131,ductal,inDrop2
4132,alpha,inDrop2
4133,ductal,inDrop2
4134,beta,inDrop2
4135,alpha,inDrop2
4136,ductal,inDrop2
4137,beta,inDrop2
4138,delta,inDrop2
4139,alpha,inDrop2
4140,alpha,inDrop2
4141,alpha,inDrop2
4142,alpha,inDrop2
4143,delta,inDrop2
4144,ductal,inDrop2
4145,alpha,inDrop2
4146,delta,inDrop2
4147,delta,inDrop2
4148,delta,inDrop2
4149,activated_stellate,inDrop2
4150,beta,inDrop2
4151,delta,inDrop2
4152,ductal,inDrop2
4153,ductal,inDrop2
4154,ductal,inDrop2
4155,ductal,inDrop2
4156,alpha,inDrop2
4157,delta,inDrop2
4158,macrophage,inDrop2
4159,beta,inDrop2
4160,delta,inDrop2
4161,ductal,inDrop2
4162,beta,inDrop2
4163,delta,inDrop2
4164,alpha,inDrop2
4165,alpha,inDrop2
4166,activated_stellate,inDrop2
4167,ductal,inDrop2
4168,beta,inDrop2
4169,ductal,inDrop2
4170,alpha,inDrop2
4171,delta,inDrop2
4172,ductal,inDrop2
4173,ductal,inDrop2
4174,beta,inDrop2
4175,alpha,inDrop2
4176,alpha,inDrop2
4177,beta,inDrop2
4178,alpha,inDrop2
4179,beta,inDrop2
4180,ductal,inDrop2
4181,ductal,inDrop2
4182,ductal,inDrop2
4183,beta,inDrop2
4184,delta,inDrop2
4185,beta,inDrop2
4186,beta,inDrop2
4187,ductal,inDrop2
4188,alpha,inDrop2
4189,ductal,inDrop2
4190,ductal,inDrop2
4191,beta,inDrop2
4192,alpha,inDrop2
4193,beta,inDrop2
4194,beta,inDrop2
4195,beta,inDrop2
4196,alpha,inDrop2
4197,alpha,inDrop2
4198,beta,inDrop2
4199,beta,inDrop2
4200,alpha,inDrop2
4201,beta,inDrop2
4202,beta,inDrop2
4203,beta,inDrop2
4204,ductal,inDrop2
4205,beta,inDrop2
4206,activated_stellate,inDrop2
4207,beta,inDrop2
4208,ductal,inDrop2
4209,beta,inDrop2
4210,beta,inDrop2
4211,alpha,inDrop2
4212,ductal,inDrop2
4213,ductal,inDrop2
4214,beta,inDrop2
4215,ductal,inDrop2
4216,alpha,inDrop2
4217,ductal,inDrop2
4218,gamma,inDrop2
4219,alpha,inDrop2
4220,beta,inDrop2
4221,beta,inDrop2
4222,activated_stellate,inDrop2
4223,beta,inDrop2
4224,beta,inDrop2
4225,alpha,inDrop2
4226,beta,inDrop2
4227,gamma,inDrop2
4228,beta,inDrop2
4229,alpha,inDrop2
4230,ductal,inDrop2
4231,beta,inDrop2
4232,alpha,inDrop2
4233,alpha,inDrop2
4234,beta,inDrop2
4235,alpha,inDrop2
4236,alpha,inDrop2
4237,alpha,inDrop2
4238,alpha,inDrop2
4239,activated_stellate,inDrop2
4240,alpha,inDrop2
4241,activated_stellate,inDrop2
4242,beta,inDrop2
4243,gamma,inDrop2
4244,alpha,inDrop2
4245,beta,inDrop2
4246,delta,inDrop2
4247,ductal,inDrop2
4248,alpha,inDrop2
4249,activated_stellate,inDrop2
4250,beta,inDrop2
4251,alpha,inDrop2
4252,alpha,inDrop2
4253,alpha,inDrop2
4254,beta,inDrop2
4255,beta,inDrop2
4256,activated_stellate,inDrop2
4257,macrophage,inDrop2
4258,ductal,inDrop2
4259,beta,inDrop2
4260,beta,inDrop2
4261,alpha,inDrop2
4262,beta,inDrop2
4263,beta,inDrop2
4264,ductal,inDrop2
4265,alpha,inDrop2
4266,delta,inDrop2
4267,beta,inDrop2
4268,beta,inDrop2
4269,alpha,inDrop2
4270,beta,inDrop2
4271,alpha,inDrop2
4272,beta,inDrop2
4273,ductal,inDrop2
4274,beta,inDrop2
4275,alpha,inDrop2
4276,alpha,inDrop2
4277,delta,inDrop2
4278,beta,inDrop2
4279,beta,inDrop2
4280,alpha,inDrop2
4281,macrophage,inDrop2
4282,activated_stellate,inDrop2
4283,ductal,inDrop2
4284,beta,inDrop2
4285,alpha,inDrop2
4286,delta,inDrop2
4287,macrophage,inDrop2
4288,delta,inDrop2
4289,alpha,inDrop2
4290,ductal,inDrop2
4291,acinar,inDrop2
4292,delta,inDrop2
4293,alpha,inDrop2
4294,ductal,inDrop2
4295,ductal,inDrop2
4296,alpha,inDrop2
4297,beta,inDrop2
4298,ductal,inDrop2
4299,ductal,inDrop2
4300,alpha,inDrop2
4301,alpha,inDrop2
4302,delta,inDrop2
4303,delta,inDrop2
4304,alpha,inDrop2
4305,alpha,inDrop2
4306,ductal,inDrop2
4307,alpha,inDrop2
4308,alpha,inDrop2
4309,delta,inDrop2
4310,alpha,inDrop2
4311,beta,inDrop2
4312,beta,inDrop2
4313,alpha,inDrop2
4314,ductal,inDrop2
4315,delta,inDrop2
4316,alpha,inDrop2
4317,activated_stellate,inDrop2
4318,delta,inDrop2
4319,beta,inDrop2
4320,gamma,inDrop2
4321,delta,inDrop2
4322,gamma,inDrop2
4323,beta,inDrop2
4324,ductal,inDrop2
4325,alpha,inDrop2
4326,ductal,inDrop2
4327,alpha,inDrop2
4328,ductal,inDrop2
4329,beta,inDrop2
4330,ductal,inDrop2
4331,alpha,inDrop2
4332,beta,inDrop2
4333,beta,inDrop2
4334,ductal,inDrop2
4335,beta,inDrop2
4336,alpha,inDrop2
4337,ductal,inDrop2
4338,activated_stellate,inDrop2
4339,alpha,inDrop2
4340,beta,inDrop2
4341,beta,inDrop2
4342,ductal,inDrop2
4343,alpha,inDrop2
4344,ductal,inDrop2
4345,alpha,inDrop2
4346,alpha,inDrop2
4347,alpha,inDrop2
4348,alpha,inDrop2
4349,alpha,inDrop2
4350,beta,inDrop2
4351,ductal,inDrop2
4352,alpha,inDrop2
4353,alpha,inDrop2
4354,alpha,inDrop2
4355,ductal,inDrop2
4356,beta,inDrop2
4357,ductal,inDrop2
4358,activated_stellate,inDrop2
4359,alpha,inDrop2
4360,beta,inDrop2
4361,alpha,inDrop2
4362,alpha,inDrop2
4363,ductal,inDrop2
4364,alpha,inDrop2
4365,alpha,inDrop2
4366,beta,inDrop2
4367,beta,inDrop2
4368,beta,inDrop2
4369,beta,inDrop2
4370,ductal,inDrop2
4371,macrophage,inDrop2
4372,alpha,inDrop2
4373,ductal,inDrop2
4374,alpha,inDrop2
4375,beta,inDrop2
4376,beta,inDrop2
4377,ductal,inDrop2
4378,beta,inDrop2
4379,delta,inDrop2
4380,quiescent_stellate,inDrop2
4381,alpha,inDrop2
4382,alpha,inDrop2
4383,beta,inDrop2
4384,ductal,inDrop2
4385,beta,inDrop2
4386,alpha,inDrop2
4387,beta,inDrop2
4388,alpha,inDrop2
4389,beta,inDrop2
4390,beta,inDrop2
4391,beta,inDrop2
4392,beta,inDrop2
4393,alpha,inDrop2
4394,alpha,inDrop2
4395,beta,inDrop2
4396,alpha,inDrop2
4397,delta,inDrop2
4398,alpha,inDrop2
4399,beta,inDrop2
4400,schwann,inDrop2
4401,beta,inDrop2
4402,beta,inDrop2
4403,alpha,inDrop2
4404,alpha,inDrop2
4405,alpha,inDrop2
4406,beta,inDrop2
4407,alpha,inDrop2
4408,beta,inDrop2
4409,ductal,inDrop2
4410,ductal,inDrop2
4411,gamma,inDrop2
4412,beta,inDrop2
4413,alpha,inDrop2
4414,ductal,inDrop2
4415,beta,inDrop2
4416,ductal,inDrop2
4417,ductal,inDrop2
4418,alpha,inDrop2
4419,activated_stellate,inDrop2
4420,delta,inDrop2
4421,beta,inDrop2
4422,beta,inDrop2
4423,beta,inDrop2
4424,alpha,inDrop2
4425,alpha,inDrop2
4426,alpha,inDrop2
4427,activated_stellate,inDrop2
4428,alpha,inDrop2
4429,alpha,inDrop2
4430,alpha,inDrop2
4431,alpha,inDrop2
4432,alpha,inDrop2
4433,delta,inDrop2
4434,alpha,inDrop2
4435,gamma,inDrop2
4436,alpha,inDrop2
4437,alpha,inDrop2
4438,gamma,inDrop2
4439,alpha,inDrop2
4440,alpha,inDrop2
4441,alpha,inDrop2
4442,alpha,inDrop2
4443,ductal,inDrop2
4444,alpha,inDrop2
4445,activated_stellate,inDrop2
4446,alpha,inDrop2
4447,delta,inDrop2
4448,alpha,inDrop2
4449,alpha,inDrop2
4450,alpha,inDrop2
4451,ductal,inDrop2
4452,delta,inDrop2
4453,alpha,inDrop2
4454,alpha,inDrop2
4455,alpha,inDrop2
4456,alpha,inDrop2
4457,beta,inDrop2
4458,beta,inDrop2
4459,alpha,inDrop2
4460,activated_stellate,inDrop2
4461,alpha,inDrop2
4462,beta,inDrop2
4463,alpha,inDrop2
4464,beta,inDrop2
4465,beta,inDrop2
4466,alpha,inDrop2
4467,alpha,inDrop2
4468,activated_stellate,inDrop2
4469,beta,inDrop2
4470,alpha,inDrop2
4471,beta,inDrop2
4472,delta,inDrop2
4473,beta,inDrop2
4474,alpha,inDrop2
4475,beta,inDrop2
4476,gamma,inDrop2
4477,alpha,inDrop2
4478,alpha,inDrop2
4479,alpha,inDrop2
4480,beta,inDrop2
4481,beta,inDrop2
4482,beta,inDrop2
4483,activated_stellate,inDrop2
4484,endothelial,inDrop2
4485,macrophage,inDrop2
4486,alpha,inDrop2
4487,alpha,inDrop2
4488,gamma,inDrop2
4489,alpha,inDrop2
4490,endothelial,inDrop2
4491,alpha,inDrop2
4492,alpha,inDrop2
4493,alpha,inDrop2
4494,beta,inDrop2
4495,quiescent_stellate,inDrop2
4496,beta,inDrop2
4497,alpha,inDrop2
4498,ductal,inDrop2
4499,ductal,inDrop2
4500,alpha,inDrop2
4501,alpha,inDrop2
4502,ductal,inDrop2
4503,beta,inDrop2
4504,alpha,inDrop2
4505,alpha,inDrop2
4506,ductal,inDrop2
4507,beta,inDrop2
4508,endothelial,inDrop2
4509,alpha,inDrop2
4510,alpha,inDrop2
4511,alpha,inDrop2
4512,activated_stellate,inDrop2
4513,ductal,inDrop2
4514,alpha,inDrop2
4515,gamma,inDrop2
4516,alpha,inDrop2
4517,alpha,inDrop2
4518,ductal,inDrop2
4519,quiescent_stellate,inDrop2
4520,ductal,inDrop2
4521,ductal,inDrop2
4522,alpha,inDrop2
4523,activated_stellate,inDrop2
4524,gamma,inDrop2
4525,ductal,inDrop2
4526,endothelial,inDrop2
4527,alpha,inDrop2
4528,ductal,inDrop2
4529,beta,inDrop2
4530,ductal,inDrop2
4531,macrophage,inDrop2
4532,alpha,inDrop2
4533,alpha,inDrop2
4534,beta,inDrop2
4535,beta,inDrop2
4536,beta,inDrop2
4537,alpha,inDrop2
4538,activated_stellate,inDrop2
4539,alpha,inDrop2
4540,ductal,inDrop2
4541,alpha,inDrop2
4542,alpha,inDrop2
4543,alpha,inDrop2
4544,alpha,inDrop2
4545,gamma,inDrop2
4546,beta,inDrop2
4547,ductal,inDrop2
4548,beta,inDrop2
4549,alpha,inDrop2
4550,beta,inDrop2
4551,alpha,inDrop2
4552,alpha,inDrop2
4553,beta,inDrop2
4554,alpha,inDrop2
4555,alpha,inDrop2
4556,gamma,inDrop2
4557,ductal,inDrop2
4558,beta,inDrop2
4559,alpha,inDrop2
4560,alpha,inDrop2
4561,alpha,inDrop2
4562,alpha,inDrop2
4563,gamma,inDrop2
4564,delta,inDrop2
4565,alpha,inDrop2
4566,activated_stellate,inDrop2
4567,macrophage,inDrop2
4568,beta,inDrop2
4569,beta,inDrop2
4570,alpha,inDrop2
4571,gamma,inDrop2
4572,beta,inDrop2
4573,alpha,inDrop2
4574,alpha,inDrop2
4575,ductal,inDrop2
4576,beta,inDrop2
4577,beta,inDrop2
4578,alpha,inDrop2
4579,alpha,inDrop2
4580,ductal,inDrop2
4581,alpha,inDrop2
4582,alpha,inDrop2
4583,alpha,inDrop2
4584,alpha,inDrop2
4585,activated_stellate,inDrop2
4586,alpha,inDrop2
4587,alpha,inDrop2
4588,alpha,inDrop2
4589,alpha,inDrop2
4590,gamma,inDrop2
4591,beta,inDrop2
4592,alpha,inDrop2
4593,alpha,inDrop2
4594,alpha,inDrop2
4595,beta,inDrop2
4596,beta,inDrop2
4597,alpha,inDrop2
4598,alpha,inDrop2
4599,quiescent_stellate,inDrop2
4600,ductal,inDrop2
4601,alpha,inDrop2
4602,beta,inDrop2
4603,alpha,inDrop2
4604,beta,inDrop2
4605,ductal,inDrop2
4606,beta,inDrop2
4607,alpha,inDrop2
4608,alpha,inDrop2
4609,gamma,inDrop2
4610,alpha,inDrop2
4611,alpha,inDrop2
4612,beta,inDrop2
4613,activated_stellate,inDrop2
4614,alpha,inDrop2
4615,endothelial,inDrop2
4616,alpha,inDrop2
4617,alpha,inDrop2
4618,alpha,inDrop2
4619,alpha,inDrop2
4620,beta,inDrop2
4621,alpha,inDrop2
4622,beta,inDrop2
4623,alpha,inDrop2
4624,alpha,inDrop2
4625,gamma,inDrop2
4626,alpha,inDrop2
4627,alpha,inDrop2
4628,alpha,inDrop2
4629,alpha,inDrop2
4630,alpha,inDrop2
4631,alpha,inDrop2
4632,alpha,inDrop2
4633,beta,inDrop2
4634,alpha,inDrop2
4635,alpha,inDrop2
4636,ductal,inDrop2
4637,activated_stellate,inDrop2
4638,ductal,inDrop2
4639,alpha,inDrop2
4640,alpha,inDrop2
4641,mast,inDrop2
4642,alpha,inDrop2
4643,alpha,inDrop2
4644,beta,inDrop2
4645,beta,inDrop2
4646,beta,inDrop2
4647,ductal,inDrop2
4648,beta,inDrop2
4649,alpha,inDrop2
4650,beta,inDrop2
4651,ductal,inDrop2
4652,alpha,inDrop2
4653,schwann,inDrop2
4654,alpha,inDrop2
4655,alpha,inDrop2
4656,beta,inDrop2
4657,gamma,inDrop2
4658,beta,inDrop2
4659,ductal,inDrop2
4660,ductal,inDrop2
4661,alpha,inDrop2
4662,gamma,inDrop2
4663,mast,inDrop2
4664,gamma,inDrop2
4665,mast,inDrop2
4666,alpha,inDrop2
4667,ductal,inDrop2
4668,gamma,inDrop2
4669,alpha,inDrop2
4670,alpha,inDrop2
4671,alpha,inDrop2
4672,alpha,inDrop2
4673,ductal,inDrop2
4674,alpha,inDrop2
4675,alpha,inDrop2
4676,alpha,inDrop2
4677,mast,inDrop2
4678,alpha,inDrop2
4679,alpha,inDrop2
4680,quiescent_stellate,inDrop2
4681,beta,inDrop2
4682,alpha,inDrop2
4683,beta,inDrop2
4684,alpha,inDrop2
4685,alpha,inDrop2
4686,gamma,inDrop2
4687,gamma,inDrop2
4688,ductal,inDrop2
4689,alpha,inDrop2
4690,activated_stellate,inDrop2
4691,alpha,inDrop2
4692,ductal,inDrop2
4693,delta,inDrop2
4694,alpha,inDrop2
4695,alpha,inDrop2
4696,activated_stellate,inDrop2
4697,beta,inDrop2
4698,alpha,inDrop2
4699,quiescent_stellate,inDrop2
4700,ductal,inDrop2
4701,alpha,inDrop2
4702,quiescent_stellate,inDrop2
4703,ductal,inDrop2
4704,alpha,inDrop2
4705,activated_stellate,inDrop2
4706,beta,inDrop2
4707,beta,inDrop2
4708,activated_stellate,inDrop2
4709,alpha,inDrop2
4710,alpha,inDrop2
4711,ductal,inDrop2
4712,beta,inDrop2
4713,beta,inDrop2
4714,alpha,inDrop2
4715,schwann,inDrop2
4716,gamma,inDrop2
4717,ductal,inDrop2
4718,alpha,inDrop2
4719,t_cell,inDrop2
4720,schwann,inDrop2
4721,beta,inDrop2
4722,gamma,inDrop2
4723,beta,inDrop2
4724,beta,inDrop2
4725,beta,inDrop2
4726,beta,inDrop2
4727,t_cell,inDrop2
4728,beta,inDrop2
4729,beta,inDrop2
4730,alpha,inDrop2
4731,beta,inDrop2
4732,alpha,inDrop2
4733,ductal,inDrop2
4734,beta,inDrop2
4735,alpha,inDrop2
4736,ductal,inDrop2
4737,alpha,inDrop2
4738,beta,inDrop2
4739,delta,inDrop2
4740,delta,inDrop2
4741,beta,inDrop2
4742,ductal,inDrop2
4743,alpha,inDrop2
4744,beta,inDrop2
4745,ductal,inDrop2
4746,alpha,inDrop2
4747,delta,inDrop2
4748,ductal,inDrop2
4749,alpha,inDrop2
4750,ductal,inDrop2
4751,delta,inDrop2
4752,ductal,inDrop2
4753,alpha,inDrop2
4754,ductal,inDrop2
4755,ductal,inDrop2
4756,delta,inDrop2
4757,delta,inDrop2
4758,alpha,inDrop2
4759,beta,inDrop2
4760,delta,inDrop2
4761,delta,inDrop2
4762,beta,inDrop2
4763,delta,inDrop2
4764,ductal,inDrop2
4765,ductal,inDrop2
4766,ductal,inDrop2
4767,ductal,inDrop2
4768,delta,inDrop2
4769,alpha,inDrop2
4770,delta,inDrop2
4771,alpha,inDrop2
4772,beta,inDrop2
4773,ductal,inDrop2
4774,epsilon,inDrop2
4775,alpha,inDrop2
4776,delta,inDrop2
4777,alpha,inDrop2
4778,delta,inDrop2
4779,alpha,inDrop2
4780,delta,inDrop2
4781,activated_stellate,inDrop2
4782,alpha,inDrop2
4783,alpha,inDrop2
4784,delta,inDrop2
4785,delta,inDrop2
4786,beta,inDrop2
4787,beta,inDrop2
4788,alpha,inDrop2
4789,alpha,inDrop2
4790,beta,inDrop2
4791,delta,inDrop2
4792,alpha,inDrop2
4793,alpha,inDrop2
4794,activated_stellate,inDrop2
4795,ductal,inDrop2
4796,alpha,inDrop2
4797,beta,inDrop2
4798,alpha,inDrop2
4799,activated_stellate,inDrop2
4800,alpha,inDrop2
4801,ductal,inDrop2
4802,alpha,inDrop2
4803,acinar,inDrop2
4804,alpha,inDrop2
4805,beta,inDrop2
4806,delta,inDrop2
4807,alpha,inDrop2
4808,alpha,inDrop2
4809,alpha,inDrop2
4810,alpha,inDrop2
4811,alpha,inDrop2
4812,alpha,inDrop2
4813,macrophage,inDrop2
4814,macrophage,inDrop2
4815,ductal,inDrop2
4816,beta,inDrop2
4817,ductal,inDrop2
4818,ductal,inDrop2
4819,alpha,inDrop2
4820,alpha,inDrop2
4821,alpha,inDrop2
4822,alpha,inDrop2
4823,ductal,inDrop2
4824,delta,inDrop2
4825,delta,inDrop2
4826,beta,inDrop2
4827,alpha,inDrop2
4828,ductal,inDrop2
4829,ductal,inDrop2
4830,beta,inDrop2
4831,alpha,inDrop2
4832,delta,inDrop2
4833,beta,inDrop2
4834,quiescent_stellate,inDrop2
4835,delta,inDrop2
4836,quiescent_stellate,inDrop2
4837,activated_stellate,inDrop2
4838,alpha,inDrop2
4839,activated_stellate,inDrop2
4840,ductal,inDrop2
4841,alpha,inDrop2
4842,alpha,inDrop2
4843,beta,inDrop2
4844,beta,inDrop2
4845,activated_stellate,inDrop2
4846,beta,inDrop2
4847,beta,inDrop2
4848,ductal,inDrop2
4849,ductal,inDrop2
4850,alpha,inDrop2
4851,ductal,inDrop2
4852,ductal,inDrop2
4853,alpha,inDrop2
4854,activated_stellate,inDrop2
4855,alpha,inDrop2
4856,ductal,inDrop2
4857,beta,inDrop2
4858,beta,inDrop2
4859,alpha,inDrop2
4860,delta,inDrop2
4861,activated_stellate,inDrop2
4862,ductal,inDrop2
4863,beta,inDrop2
4864,alpha,inDrop2
4865,alpha,inDrop2
4866,alpha,inDrop2
4867,alpha,inDrop2
4868,activated_stellate,inDrop2
4869,beta,inDrop2
4870,beta,inDrop2
4871,beta,inDrop2
4872,alpha,inDrop2
4873,beta,inDrop2
4874,delta,inDrop2
4875,alpha,inDrop2
4876,alpha,inDrop2
4877,alpha,inDrop2
4878,beta,inDrop2
4879,alpha,inDrop2
4880,alpha,inDrop2
4881,ductal,inDrop2
4882,beta,inDrop2
4883,alpha,inDrop2
4884,macrophage,inDrop2
4885,ductal,inDrop2
4886,delta,inDrop2
4887,alpha,inDrop2
4888,beta,inDrop2
4889,alpha,inDrop2
4890,alpha,inDrop2
4891,alpha,inDrop2
4892,activated_stellate,inDrop2
4893,ductal,inDrop2
4894,alpha,inDrop2
4895,ductal,inDrop2
4896,delta,inDrop2
4897,beta,inDrop2
4898,delta,inDrop2
4899,ductal,inDrop2
4900,alpha,inDrop2
4901,alpha,inDrop2
4902,beta,inDrop2
4903,activated_stellate,inDrop2
4904,ductal,inDrop2
4905,ductal,inDrop2
4906,ductal,inDrop2
4907,ductal,inDrop2
4908,alpha,inDrop2
4909,delta,inDrop2
4910,ductal,inDrop2
4911,alpha,inDrop2
4912,alpha,inDrop2
4913,alpha,inDrop2
4914,alpha,inDrop2
4915,alpha,inDrop2
4916,beta,inDrop2
4917,alpha,inDrop2
4918,alpha,inDrop2
4919,alpha,inDrop2
4920,activated_stellate,inDrop2
4921,alpha,inDrop2
4922,beta,inDrop2
4923,alpha,inDrop2
4924,ductal,inDrop2
4925,alpha,inDrop2
4926,alpha,inDrop2
4927,alpha,inDrop2
4928,ductal,inDrop2
4929,alpha,inDrop2
4930,alpha,inDrop2
4931,acinar,inDrop2
4932,beta,inDrop2
4933,ductal,inDrop2
4934,beta,inDrop2
4935,ductal,inDrop2
4936,alpha,inDrop2
4937,beta,inDrop2
4938,alpha,inDrop2
4939,delta,inDrop2
4940,alpha,inDrop2
4941,ductal,inDrop2
4942,alpha,inDrop2
4943,alpha,inDrop2
4944,alpha,inDrop2
4945,endothelial,inDrop2
4946,ductal,inDrop2
4947,delta,inDrop2
4948,beta,inDrop2
4949,alpha,inDrop2
4950,alpha,inDrop2
4951,alpha,inDrop2
4952,beta,inDrop2
4953,alpha,inDrop2
4954,ductal,inDrop2
4955,alpha,inDrop2
4956,alpha,inDrop2
4957,beta,inDrop2
4958,alpha,inDrop2
4959,alpha,inDrop2
4960,delta,inDrop2
4961,alpha,inDrop2
4962,alpha,inDrop2
4963,delta,inDrop2
4964,activated_stellate,inDrop2
4965,alpha,inDrop2
4966,ductal,inDrop2
4967,quiescent_stellate,inDrop2
4968,alpha,inDrop2
4969,alpha,inDrop2
4970,ductal,inDrop2
4971,beta,inDrop2
4972,beta,inDrop2
4973,alpha,inDrop2
4974,ductal,inDrop2
4975,ductal,inDrop2
4976,gamma,inDrop2
4977,activated_stellate,inDrop2
4978,alpha,inDrop2
4979,alpha,inDrop2
4980,delta,inDrop2
4981,beta,inDrop2
4982,alpha,inDrop2
4983,beta,inDrop2
4984,activated_stellate,inDrop2
4985,beta,inDrop2
4986,delta,inDrop2
4987,delta,inDrop2
4988,quiescent_stellate,inDrop2
4989,delta,inDrop2
4990,beta,inDrop2
4991,ductal,inDrop2
4992,alpha,inDrop2
4993,beta,inDrop2
4994,beta,inDrop2
4995,alpha,inDrop2
4996,alpha,inDrop2
4997,delta,inDrop2
4998,beta,inDrop2
4999,alpha,inDrop2
5000,gamma,inDrop2
5001,alpha,inDrop2
5002,activated_stellate,inDrop2
5003,beta,inDrop2
5004,alpha,inDrop2
5005,ductal,inDrop2
5006,ductal,inDrop2
5007,beta,inDrop2
5008,macrophage,inDrop2
5009,beta,inDrop2
5010,activated_stellate,inDrop2
5011,ductal,inDrop2
5012,beta,inDrop2
5013,alpha,inDrop2
5014,alpha,inDrop2
5015,alpha,inDrop2
5016,activated_stellate,inDrop2
5017,activated_stellate,inDrop2
5018,ductal,inDrop2
5019,alpha,inDrop2
5020,alpha,inDrop2
5021,beta,inDrop2
5022,alpha,inDrop2
5023,alpha,inDrop2
5024,alpha,inDrop2
5025,delta,inDrop2
5026,activated_stellate,inDrop2
5027,beta,inDrop2
5028,beta,inDrop2
5029,endothelial,inDrop2
5030,beta,inDrop2
5031,alpha,inDrop2
5032,alpha,inDrop2
5033,alpha,inDrop2
5034,ductal,inDrop2
5035,ductal,inDrop2
5036,alpha,inDrop2
5037,beta,inDrop2
5038,beta,inDrop2
5039,alpha,inDrop2
5040,beta,inDrop2
5041,alpha,inDrop2
5042,endothelial,inDrop2
5043,delta,inDrop2
5044,beta,inDrop2
5045,ductal,inDrop2
5046,alpha,inDrop2
5047,quiescent_stellate,inDrop2
5048,delta,inDrop2
5049,ductal,inDrop2
5050,beta,inDrop2
5051,delta,inDrop2
5052,ductal,inDrop2
5053,alpha,inDrop2
5054,delta,inDrop2
5055,ductal,inDrop2
5056,beta,inDrop2
5057,beta,inDrop2
5058,alpha,inDrop2
5059,beta,inDrop2
5060,ductal,inDrop2
5061,beta,inDrop2
5062,alpha,inDrop2
5063,alpha,inDrop2
5064,ductal,inDrop2
5065,ductal,inDrop2
5066,alpha,inDrop2
5067,gamma,inDrop2
5068,delta,inDrop2
5069,ductal,inDrop2
5070,alpha,inDrop2
5071,beta,inDrop2
5072,ductal,inDrop2
5073,alpha,inDrop2
5074,alpha,inDrop2
5075,gamma,inDrop2
5076,alpha,inDrop2
5077,alpha,inDrop2
5078,ductal,inDrop2
5079,gamma,inDrop2
5080,alpha,inDrop2
5081,alpha,inDrop2
5082,alpha,inDrop2
5083,delta,inDrop2
5084,gamma,inDrop2
5085,alpha,inDrop2
5086,endothelial,inDrop2
5087,delta,inDrop2
5088,alpha,inDrop2
5089,ductal,inDrop2
5090,gamma,inDrop2
5091,activated_stellate,inDrop2
5092,beta,inDrop2
5093,ductal,inDrop2
5094,activated_stellate,inDrop2
5095,gamma,inDrop2
5096,alpha,inDrop2
5097,beta,inDrop2
5098,gamma,inDrop2
5099,alpha,inDrop2
5100,gamma,inDrop2
5101,alpha,inDrop2
5102,alpha,inDrop2
5103,beta,inDrop2
5104,ductal,inDrop2
5105,alpha,inDrop2
5106,ductal,inDrop2
5107,delta,inDrop2
5108,ductal,inDrop2
5109,alpha,inDrop2
5110,alpha,inDrop2
5111,beta,inDrop2
5112,alpha,inDrop2
5113,beta,inDrop2
5114,alpha,inDrop2
5115,ductal,inDrop2
5116,gamma,inDrop2
5117,alpha,inDrop2
5118,alpha,inDrop2
5119,alpha,inDrop2
5120,ductal,inDrop2
5121,alpha,inDrop2
5122,gamma,inDrop2
5123,quiescent_stellate,inDrop2
5124,beta,inDrop2
5125,ductal,inDrop2
5126,alpha,inDrop2
5127,alpha,inDrop2
5128,alpha,inDrop2
5129,ductal,inDrop2
5130,alpha,inDrop2
5131,beta,inDrop2
5132,ductal,inDrop2
5133,alpha,inDrop2
5134,beta,inDrop2
5135,alpha,inDrop2
5136,gamma,inDrop2
5137,gamma,inDrop2
5138,alpha,inDrop2
5139,beta,inDrop2
5140,alpha,inDrop2
5141,alpha,inDrop2
5142,beta,inDrop2
5143,alpha,inDrop2
5144,alpha,inDrop2
5145,gamma,inDrop2
5146,alpha,inDrop2
5147,delta,inDrop2
5148,alpha,inDrop2
5149,alpha,inDrop2
5150,beta,inDrop2
5151,beta,inDrop2
5152,alpha,inDrop2
5153,alpha,inDrop2
5154,endothelial,inDrop2
5155,ductal,inDrop2
5156,gamma,inDrop2
5157,alpha,inDrop2
5158,endothelial,inDrop2
5159,ductal,inDrop2
5160,gamma,inDrop2
5161,delta,inDrop2
5162,gamma,inDrop2
5163,alpha,inDrop2
5164,ductal,inDrop2
5165,quiescent_stellate,inDrop2
5166,quiescent_stellate,inDrop2
5167,beta,inDrop2
5168,beta,inDrop2
5169,gamma,inDrop2
5170,beta,inDrop2
5171,alpha,inDrop2
5172,ductal,inDrop2
5173,beta,inDrop2
5174,beta,inDrop2
5175,delta,inDrop2
5176,gamma,inDrop2
5177,ductal,inDrop2
5178,alpha,inDrop2
5179,alpha,inDrop2
5180,delta,inDrop2
5181,alpha,inDrop2
5182,ductal,inDrop2
5183,beta,inDrop2
5184,beta,inDrop2
5185,ductal,inDrop2
5186,alpha,inDrop2
5187,ductal,inDrop2
5188,beta,inDrop2
5189,alpha,inDrop2
5190,alpha,inDrop2
5191,alpha,inDrop2
5192,gamma,inDrop2
5193,alpha,inDrop2
5194,delta,inDrop2
5195,alpha,inDrop2
5196,beta,inDrop2
5197,ductal,inDrop2
5198,alpha,inDrop2
5199,alpha,inDrop2
5200,beta,inDrop2
5201,alpha,inDrop2
5202,beta,inDrop2
5203,beta,inDrop2
5204,ductal,inDrop2
5205,ductal,inDrop2
5206,alpha,inDrop2
5207,gamma,inDrop2
5208,alpha,inDrop2
5209,alpha,inDrop2
5210,ductal,inDrop2
5211,ductal,inDrop2
5212,beta,inDrop2
5213,alpha,inDrop2
5214,gamma,inDrop2
5215,ductal,inDrop2
5216,beta,inDrop2
5217,ductal,inDrop2
5218,beta,inDrop2
5219,alpha,inDrop2
5220,alpha,inDrop2
5221,beta,inDrop2
5222,alpha,inDrop2
5223,alpha,inDrop2
5224,ductal,inDrop2
5225,activated_stellate,inDrop2
5226,alpha,inDrop2
5227,ductal,inDrop2
5228,delta,inDrop2
5229,alpha,inDrop2
5230,quiescent_stellate,inDrop2
5231,gamma,inDrop2
5232,beta,inDrop2
5233,mast,inDrop2
5234,alpha,inDrop2
5235,quiescent_stellate,inDrop2
5236,alpha,inDrop2
5237,activated_stellate,inDrop2
5238,alpha,inDrop2
5239,beta,inDrop2
5240,alpha,inDrop2
5241,alpha,inDrop2
5242,ductal,inDrop2
5243,ductal,inDrop2
5244,ductal,inDrop2
5245,beta,inDrop2
5246,endothelial,inDrop2
5247,ductal,inDrop2
5248,beta,inDrop2
5249,ductal,inDrop2
5250,alpha,inDrop2
5251,alpha,inDrop2
5252,beta,inDrop2
5253,gamma,inDrop2
5254,alpha,inDrop2
5255,alpha,inDrop2
5256,beta,inDrop2
5257,alpha,inDrop2
5258,beta,inDrop2
5259,beta,inDrop2
5260,endothelial,inDrop2
5261,beta,inDrop2
5262,mast,inDrop2
5263,gamma,inDrop2
5264,gamma,inDrop2
5265,alpha,inDrop2
5266,ductal,inDrop2
5267,mast,inDrop2
5268,alpha,inDrop2
5269,alpha,inDrop2
5270,alpha,inDrop2
5271,beta,inDrop2
5272,alpha,inDrop2
5273,alpha,inDrop2
5274,alpha,inDrop2
5275,alpha,inDrop2
5276,alpha,inDrop2
5277,ductal,inDrop2
5278,alpha,inDrop2
5279,beta,inDrop2
5280,beta,inDrop2
5281,alpha,inDrop2
5282,activated_stellate,inDrop2
5283,mast,inDrop2
5284,activated_stellate,inDrop2
5285,alpha,inDrop2
5286,ductal,inDrop2
5287,beta,inDrop2
5288,alpha,inDrop2
5289,ductal,inDrop2
5290,gamma,inDrop2
5291,beta,inDrop2
5292,beta,inDrop2
5293,alpha,inDrop2
5294,beta,inDrop2
5295,alpha,inDrop2
5296,gamma,inDrop2
5297,beta,inDrop2
5298,activated_stellate,inDrop2
5299,macrophage,inDrop2
5300,ductal,inDrop2
5301,activated_stellate,inDrop2
5302,alpha,inDrop2
5303,acinar,inDrop3
5304,acinar,inDrop3
5305,acinar,inDrop3
5306,acinar,inDrop3
5307,acinar,inDrop3
5308,acinar,inDrop3
5309,acinar,inDrop3
5310,acinar,inDrop3
5311,acinar,inDrop3
5312,acinar,inDrop3
5313,acinar,inDrop3
5314,acinar,inDrop3
5315,acinar,inDrop3
5316,acinar,inDrop3
5317,acinar,inDrop3
5318,acinar,inDrop3
5319,acinar,inDrop3
5320,acinar,inDrop3
5321,acinar,inDrop3
5322,acinar,inDrop3
5323,acinar,inDrop3
5324,acinar,inDrop3
5325,acinar,inDrop3
5326,acinar,inDrop3
5327,acinar,inDrop3
5328,acinar,inDrop3
5329,acinar,inDrop3
5330,delta,inDrop3
5331,acinar,inDrop3
5332,delta,inDrop3
5333,acinar,inDrop3
5334,acinar,inDrop3
5335,acinar,inDrop3
5336,acinar,inDrop3
5337,acinar,inDrop3
5338,acinar,inDrop3
5339,acinar,inDrop3
5340,acinar,inDrop3
5341,delta,inDrop3
5342,acinar,inDrop3
5343,acinar,inDrop3
5344,acinar,inDrop3
5345,acinar,inDrop3
5346,acinar,inDrop3
5347,acinar,inDrop3
5348,acinar,inDrop3
5349,acinar,inDrop3
5350,ductal,inDrop3
5351,acinar,inDrop3
5352,acinar,inDrop3
5353,acinar,inDrop3
5354,acinar,inDrop3
5355,acinar,inDrop3
5356,acinar,inDrop3
5357,acinar,inDrop3
5358,alpha,inDrop3
5359,acinar,inDrop3
5360,acinar,inDrop3
5361,acinar,inDrop3
5362,acinar,inDrop3
5363,acinar,inDrop3
5364,acinar,inDrop3
5365,acinar,inDrop3
5366,beta,inDrop3
5367,ductal,inDrop3
5368,acinar,inDrop3
5369,acinar,inDrop3
5370,alpha,inDrop3
5371,acinar,inDrop3
5372,acinar,inDrop3
5373,endothelial,inDrop3
5374,acinar,inDrop3
5375,acinar,inDrop3
5376,acinar,inDrop3
5377,delta,inDrop3
5378,acinar,inDrop3
5379,acinar,inDrop3
5380,acinar,inDrop3
5381,acinar,inDrop3
5382,acinar,inDrop3
5383,alpha,inDrop3
5384,acinar,inDrop3
5385,alpha,inDrop3
5386,acinar,inDrop3
5387,acinar,inDrop3
5388,acinar,inDrop3
5389,acinar,inDrop3
5390,activated_stellate,inDrop3
5391,acinar,inDrop3
5392,acinar,inDrop3
5393,delta,inDrop3
5394,acinar,inDrop3
5395,acinar,inDrop3
5396,acinar,inDrop3
5397,acinar,inDrop3
5398,acinar,inDrop3
5399,acinar,inDrop3
5400,acinar,inDrop3
5401,beta,inDrop3
5402,beta,inDrop3
5403,acinar,inDrop3
5404,alpha,inDrop3
5405,alpha,inDrop3
5406,delta,inDrop3
5407,acinar,inDrop3
5408,delta,inDrop3
5409,acinar,inDrop3
5410,acinar,inDrop3
5411,acinar,inDrop3
5412,delta,inDrop3
5413,alpha,inDrop3
5414,acinar,inDrop3
5415,acinar,inDrop3
5416,delta,inDrop3
5417,alpha,inDrop3
5418,acinar,inDrop3
5419,acinar,inDrop3
5420,alpha,inDrop3
5421,acinar,inDrop3
5422,acinar,inDrop3
5423,acinar,inDrop3
5424,beta,inDrop3
5425,acinar,inDrop3
5426,acinar,inDrop3
5427,acinar,inDrop3
5428,beta,inDrop3
5429,alpha,inDrop3
5430,delta,inDrop3
5431,alpha,inDrop3
5432,delta,inDrop3
5433,acinar,inDrop3
5434,beta,inDrop3
5435,ductal,inDrop3
5436,beta,inDrop3
5437,ductal,inDrop3
5438,delta,inDrop3
5439,beta,inDrop3
5440,acinar,inDrop3
5441,alpha,inDrop3
5442,beta,inDrop3
5443,delta,inDrop3
5444,activated_stellate,inDrop3
5445,beta,inDrop3
5446,alpha,inDrop3
5447,delta,inDrop3
5448,acinar,inDrop3
5449,beta,inDrop3
5450,alpha,inDrop3
5451,beta,inDrop3
5452,acinar,inDrop3
5453,beta,inDrop3
5454,alpha,inDrop3
5455,alpha,inDrop3
5456,beta,inDrop3
5457,acinar,inDrop3
5458,alpha,inDrop3
5459,activated_stellate,inDrop3
5460,acinar,inDrop3
5461,beta,inDrop3
5462,ductal,inDrop3
5463,acinar,inDrop3
5464,ductal,inDrop3
5465,beta,inDrop3
5466,beta,inDrop3
5467,delta,inDrop3
5468,beta,inDrop3
5469,beta,inDrop3
5470,acinar,inDrop3
5471,alpha,inDrop3
5472,acinar,inDrop3
5473,alpha,inDrop3
5474,acinar,inDrop3
5475,alpha,inDrop3
5476,acinar,inDrop3
5477,beta,inDrop3
5478,beta,inDrop3
5479,alpha,inDrop3
5480,beta,inDrop3
5481,acinar,inDrop3
5482,beta,inDrop3
5483,acinar,inDrop3
5484,alpha,inDrop3
5485,beta,inDrop3
5486,alpha,inDrop3
5487,acinar,inDrop3
5488,alpha,inDrop3
5489,alpha,inDrop3
5490,delta,inDrop3
5491,beta,inDrop3
5492,acinar,inDrop3
5493,alpha,inDrop3
5494,delta,inDrop3
5495,delta,inDrop3
5496,delta,inDrop3
5497,acinar,inDrop3
5498,acinar,inDrop3
5499,acinar,inDrop3
5500,alpha,inDrop3
5501,beta,inDrop3
5502,acinar,inDrop3
5503,acinar,inDrop3
5504,beta,inDrop3
5505,beta,inDrop3
5506,acinar,inDrop3
5507,alpha,inDrop3
5508,ductal,inDrop3
5509,alpha,inDrop3
5510,beta,inDrop3
5511,acinar,inDrop3
5512,beta,inDrop3
5513,acinar,inDrop3
5514,acinar,inDrop3
5515,beta,inDrop3
5516,acinar,inDrop3
5517,acinar,inDrop3
5518,delta,inDrop3
5519,delta,inDrop3
5520,beta,inDrop3
5521,beta,inDrop3
5522,acinar,inDrop3
5523,alpha,inDrop3
5524,alpha,inDrop3
5525,alpha,inDrop3
5526,acinar,inDrop3
5527,ductal,inDrop3
5528,beta,inDrop3
5529,alpha,inDrop3
5530,ductal,inDrop3
5531,alpha,inDrop3
5532,acinar,inDrop3
5533,activated_stellate,inDrop3
5534,alpha,inDrop3
5535,beta,inDrop3
5536,beta,inDrop3
5537,beta,inDrop3
5538,alpha,inDrop3
5539,alpha,inDrop3
5540,acinar,inDrop3
5541,alpha,inDrop3
5542,alpha,inDrop3
5543,beta,inDrop3
5544,beta,inDrop3
5545,alpha,inDrop3
5546,acinar,inDrop3
5547,beta,inDrop3
5548,acinar,inDrop3
5549,ductal,inDrop3
5550,beta,inDrop3
5551,beta,inDrop3
5552,alpha,inDrop3
5553,alpha,inDrop3
5554,alpha,inDrop3
5555,acinar,inDrop3
5556,alpha,inDrop3
5557,acinar,inDrop3
5558,alpha,inDrop3
5559,beta,inDrop3
5560,alpha,inDrop3
5561,beta,inDrop3
5562,beta,inDrop3
5563,delta,inDrop3
5564,activated_stellate,inDrop3
5565,alpha,inDrop3
5566,acinar,inDrop3
5567,ductal,inDrop3
5568,alpha,inDrop3
5569,alpha,inDrop3
5570,acinar,inDrop3
5571,beta,inDrop3
5572,acinar,inDrop3
5573,delta,inDrop3
5574,delta,inDrop3
5575,alpha,inDrop3
5576,delta,inDrop3
5577,beta,inDrop3
5578,activated_stellate,inDrop3
5579,alpha,inDrop3
5580,beta,inDrop3
5581,acinar,inDrop3
5582,alpha,inDrop3
5583,alpha,inDrop3
5584,acinar,inDrop3
5585,beta,inDrop3
5586,ductal,inDrop3
5587,alpha,inDrop3
5588,alpha,inDrop3
5589,beta,inDrop3
5590,ductal,inDrop3
5591,alpha,inDrop3
5592,quiescent_stellate,inDrop3
5593,alpha,inDrop3
5594,ductal,inDrop3
5595,alpha,inDrop3
5596,beta,inDrop3
5597,alpha,inDrop3
5598,alpha,inDrop3
5599,alpha,inDrop3
5600,delta,inDrop3
5601,alpha,inDrop3
5602,acinar,inDrop3
5603,delta,inDrop3
5604,acinar,inDrop3
5605,alpha,inDrop3
5606,beta,inDrop3
5607,ductal,inDrop3
5608,ductal,inDrop3
5609,acinar,inDrop3
5610,ductal,inDrop3
5611,ductal,inDrop3
5612,delta,inDrop3
5613,alpha,inDrop3
5614,beta,inDrop3
5615,beta,inDrop3
5616,delta,inDrop3
5617,alpha,inDrop3
5618,beta,inDrop3
5619,beta,inDrop3
5620,alpha,inDrop3
5621,alpha,inDrop3
5622,endothelial,inDrop3
5623,alpha,inDrop3
5624,beta,inDrop3
5625,beta,inDrop3
5626,alpha,inDrop3
5627,alpha,inDrop3
5628,acinar,inDrop3
5629,beta,inDrop3
5630,alpha,inDrop3
5631,beta,inDrop3
5632,acinar,inDrop3
5633,acinar,inDrop3
5634,alpha,inDrop3
5635,beta,inDrop3
5636,alpha,inDrop3
5637,alpha,inDrop3
5638,alpha,inDrop3
5639,alpha,inDrop3
5640,ductal,inDrop3
5641,delta,inDrop3
5642,alpha,inDrop3
5643,ductal,inDrop3
5644,ductal,inDrop3
5645,beta,inDrop3
5646,beta,inDrop3
5647,delta,inDrop3
5648,activated_stellate,inDrop3
5649,beta,inDrop3
5650,beta,inDrop3
5651,acinar,inDrop3
5652,alpha,inDrop3
5653,alpha,inDrop3
5654,alpha,inDrop3
5655,acinar,inDrop3
5656,alpha,inDrop3
5657,beta,inDrop3
5658,alpha,inDrop3
5659,beta,inDrop3
5660,alpha,inDrop3
5661,delta,inDrop3
5662,acinar,inDrop3
5663,activated_stellate,inDrop3
5664,acinar,inDrop3
5665,alpha,inDrop3
5666,beta,inDrop3
5667,activated_stellate,inDrop3
5668,alpha,inDrop3
5669,alpha,inDrop3
5670,alpha,inDrop3
5671,alpha,inDrop3
5672,alpha,inDrop3
5673,acinar,inDrop3
5674,alpha,inDrop3
5675,acinar,inDrop3
5676,alpha,inDrop3
5677,alpha,inDrop3
5678,ductal,inDrop3
5679,beta,inDrop3
5680,alpha,inDrop3
5681,delta,inDrop3
5682,beta,inDrop3
5683,activated_stellate,inDrop3
5684,ductal,inDrop3
5685,beta,inDrop3
5686,alpha,inDrop3
5687,acinar,inDrop3
5688,alpha,inDrop3
5689,alpha,inDrop3
5690,alpha,inDrop3
5691,acinar,inDrop3
5692,alpha,inDrop3
5693,acinar,inDrop3
5694,activated_stellate,inDrop3
5695,alpha,inDrop3
5696,beta,inDrop3
5697,beta,inDrop3
5698,beta,inDrop3
5699,activated_stellate,inDrop3
5700,acinar,inDrop3
5701,alpha,inDrop3
5702,ductal,inDrop3
5703,alpha,inDrop3
5704,beta,inDrop3
5705,beta,inDrop3
5706,beta,inDrop3
5707,alpha,inDrop3
5708,delta,inDrop3
5709,alpha,inDrop3
5710,beta,inDrop3
5711,beta,inDrop3
5712,alpha,inDrop3
5713,beta,inDrop3
5714,beta,inDrop3
5715,alpha,inDrop3
5716,beta,inDrop3
5717,alpha,inDrop3
5718,alpha,inDrop3
5719,alpha,inDrop3
5720,alpha,inDrop3
5721,acinar,inDrop3
5722,alpha,inDrop3
5723,beta,inDrop3
5724,acinar,inDrop3
5725,beta,inDrop3
5726,beta,inDrop3
5727,alpha,inDrop3
5728,delta,inDrop3
5729,alpha,inDrop3
5730,alpha,inDrop3
5731,alpha,inDrop3
5732,delta,inDrop3
5733,beta,inDrop3
5734,ductal,inDrop3
5735,ductal,inDrop3
5736,beta,inDrop3
5737,ductal,inDrop3
5738,endothelial,inDrop3
5739,ductal,inDrop3
5740,alpha,inDrop3
5741,acinar,inDrop3
5742,acinar,inDrop3
5743,alpha,inDrop3
5744,alpha,inDrop3
5745,beta,inDrop3
5746,alpha,inDrop3
5747,alpha,inDrop3
5748,beta,inDrop3
5749,acinar,inDrop3
5750,alpha,inDrop3
5751,beta,inDrop3
5752,alpha,inDrop3
5753,alpha,inDrop3
5754,alpha,inDrop3
5755,activated_stellate,inDrop3
5756,alpha,inDrop3
5757,alpha,inDrop3
5758,gamma,inDrop3
5759,beta,inDrop3
5760,ductal,inDrop3
5761,beta,inDrop3
5762,beta,inDrop3
5763,alpha,inDrop3
5764,ductal,inDrop3
5765,beta,inDrop3
5766,alpha,inDrop3
5767,alpha,inDrop3
5768,alpha,inDrop3
5769,alpha,inDrop3
5770,alpha,inDrop3
5771,ductal,inDrop3
5772,activated_stellate,inDrop3
5773,alpha,inDrop3
5774,alpha,inDrop3
5775,delta,inDrop3
5776,beta,inDrop3
5777,alpha,inDrop3
5778,acinar,inDrop3
5779,alpha,inDrop3
5780,alpha,inDrop3
5781,beta,inDrop3
5782,ductal,inDrop3
5783,alpha,inDrop3
5784,delta,inDrop3
5785,acinar,inDrop3
5786,acinar,inDrop3
5787,beta,inDrop3
5788,alpha,inDrop3
5789,alpha,inDrop3
5790,ductal,inDrop3
5791,macrophage,inDrop3
5792,alpha,inDrop3
5793,delta,inDrop3
5794,beta,inDrop3
5795,alpha,inDrop3
5796,beta,inDrop3
5797,ductal,inDrop3
5798,ductal,inDrop3
5799,alpha,inDrop3
5800,alpha,inDrop3
5801,activated_stellate,inDrop3
5802,ductal,inDrop3
5803,endothelial,inDrop3
5804,gamma,inDrop3
5805,alpha,inDrop3
5806,beta,inDrop3
5807,acinar,inDrop3
5808,alpha,inDrop3
5809,alpha,inDrop3
5810,alpha,inDrop3
5811,beta,inDrop3
5812,alpha,inDrop3
5813,alpha,inDrop3
5814,gamma,inDrop3
5815,beta,inDrop3
5816,alpha,inDrop3
5817,ductal,inDrop3
5818,delta,inDrop3
5819,ductal,inDrop3
5820,alpha,inDrop3
5821,alpha,inDrop3
5822,endothelial,inDrop3
5823,alpha,inDrop3
5824,alpha,inDrop3
5825,beta,inDrop3
5826,activated_stellate,inDrop3
5827,alpha,inDrop3
5828,acinar,inDrop3
5829,alpha,inDrop3
5830,beta,inDrop3
5831,ductal,inDrop3
5832,acinar,inDrop3
5833,beta,inDrop3
5834,beta,inDrop3
5835,beta,inDrop3
5836,alpha,inDrop3
5837,delta,inDrop3
5838,acinar,inDrop3
5839,alpha,inDrop3
5840,beta,inDrop3
5841,alpha,inDrop3
5842,ductal,inDrop3
5843,alpha,inDrop3
5844,alpha,inDrop3
5845,beta,inDrop3
5846,alpha,inDrop3
5847,acinar,inDrop3
5848,acinar,inDrop3
5849,beta,inDrop3
5850,beta,inDrop3
5851,alpha,inDrop3
5852,ductal,inDrop3
5853,ductal,inDrop3
5854,alpha,inDrop3
5855,beta,inDrop3
5856,ductal,inDrop3
5857,alpha,inDrop3
5858,macrophage,inDrop3
5859,ductal,inDrop3
5860,acinar,inDrop3
5861,beta,inDrop3
5862,acinar,inDrop3
5863,beta,inDrop3
5864,ductal,inDrop3
5865,gamma,inDrop3
5866,ductal,inDrop3
5867,alpha,inDrop3
5868,alpha,inDrop3
5869,ductal,inDrop3
5870,alpha,inDrop3
5871,alpha,inDrop3
5872,delta,inDrop3
5873,ductal,inDrop3
5874,acinar,inDrop3
5875,alpha,inDrop3
5876,alpha,inDrop3
5877,alpha,inDrop3
5878,ductal,inDrop3
5879,ductal,inDrop3
5880,ductal,inDrop3
5881,ductal,inDrop3
5882,acinar,inDrop3
5883,alpha,inDrop3
5884,alpha,inDrop3
5885,delta,inDrop3
5886,delta,inDrop3
5887,alpha,inDrop3
5888,alpha,inDrop3
5889,ductal,inDrop3
5890,acinar,inDrop3
5891,alpha,inDrop3
5892,alpha,inDrop3
5893,beta,inDrop3
5894,alpha,inDrop3
5895,activated_stellate,inDrop3
5896,ductal,inDrop3
5897,alpha,inDrop3
5898,activated_stellate,inDrop3
5899,alpha,inDrop3
5900,acinar,inDrop3
5901,ductal,inDrop3
5902,alpha,inDrop3
5903,alpha,inDrop3
5904,alpha,inDrop3
5905,acinar,inDrop3
5906,activated_stellate,inDrop3
5907,endothelial,inDrop3
5908,beta,inDrop3
5909,alpha,inDrop3
5910,ductal,inDrop3
5911,alpha,inDrop3
5912,beta,inDrop3
5913,alpha,inDrop3
5914,alpha,inDrop3
5915,quiescent_stellate,inDrop3
5916,ductal,inDrop3
5917,ductal,inDrop3
5918,alpha,inDrop3
5919,alpha,inDrop3
5920,acinar,inDrop3
5921,acinar,inDrop3
5922,alpha,inDrop3
5923,beta,inDrop3
5924,alpha,inDrop3
5925,delta,inDrop3
5926,alpha,inDrop3
5927,acinar,inDrop3
5928,beta,inDrop3
5929,acinar,inDrop3
5930,acinar,inDrop3
5931,alpha,inDrop3
5932,ductal,inDrop3
5933,alpha,inDrop3
5934,alpha,inDrop3
5935,endothelial,inDrop3
5936,ductal,inDrop3
5937,ductal,inDrop3
5938,ductal,inDrop3
5939,alpha,inDrop3
5940,alpha,inDrop3
5941,activated_stellate,inDrop3
5942,beta,inDrop3
5943,alpha,inDrop3
5944,acinar,inDrop3
5945,gamma,inDrop3
5946,alpha,inDrop3
5947,alpha,inDrop3
5948,ductal,inDrop3
5949,mast,inDrop3
5950,ductal,inDrop3
5951,alpha,inDrop3
5952,acinar,inDrop3
5953,alpha,inDrop3
5954,quiescent_stellate,inDrop3
5955,activated_stellate,inDrop3
5956,beta,inDrop3
5957,acinar,inDrop3
5958,alpha,inDrop3
5959,alpha,inDrop3
5960,alpha,inDrop3
5961,ductal,inDrop3
5962,acinar,inDrop3
5963,acinar,inDrop3
5964,endothelial,inDrop3
5965,ductal,inDrop3
5966,alpha,inDrop3
5967,delta,inDrop3
5968,alpha,inDrop3
5969,ductal,inDrop3
5970,alpha,inDrop3
5971,activated_stellate,inDrop3
5972,ductal,inDrop3
5973,beta,inDrop3
5974,ductal,inDrop3
5975,beta,inDrop3
5976,alpha,inDrop3
5977,alpha,inDrop3
5978,ductal,inDrop3
5979,alpha,inDrop3
5980,alpha,inDrop3
5981,alpha,inDrop3
5982,alpha,inDrop3
5983,alpha,inDrop3
5984,activated_stellate,inDrop3
5985,acinar,inDrop3
5986,beta,inDrop3
5987,alpha,inDrop3
5988,quiescent_stellate,inDrop3
5989,alpha,inDrop3
5990,alpha,inDrop3
5991,alpha,inDrop3
5992,alpha,inDrop3
5993,activated_stellate,inDrop3
5994,alpha,inDrop3
5995,alpha,inDrop3
5996,alpha,inDrop3
5997,alpha,inDrop3
5998,beta,inDrop3
5999,endothelial,inDrop3
6000,acinar,inDrop3
6001,alpha,inDrop3
6002,quiescent_stellate,inDrop3
6003,alpha,inDrop3
6004,ductal,inDrop3
6005,alpha,inDrop3
6006,quiescent_stellate,inDrop3
6007,alpha,inDrop3
6008,ductal,inDrop3
6009,beta,inDrop3
6010,alpha,inDrop3
6011,ductal,inDrop3
6012,activated_stellate,inDrop3
6013,ductal,inDrop3
6014,alpha,inDrop3
6015,beta,inDrop3
6016,beta,inDrop3
6017,alpha,inDrop3
6018,alpha,inDrop3
6019,alpha,inDrop3
6020,delta,inDrop3
6021,ductal,inDrop3
6022,endothelial,inDrop3
6023,beta,inDrop3
6024,alpha,inDrop3
6025,alpha,inDrop3
6026,ductal,inDrop3
6027,endothelial,inDrop3
6028,alpha,inDrop3
6029,alpha,inDrop3
6030,beta,inDrop3
6031,alpha,inDrop3
6032,ductal,inDrop3
6033,alpha,inDrop3
6034,acinar,inDrop3
6035,gamma,inDrop3
6036,endothelial,inDrop3
6037,alpha,inDrop3
6038,ductal,inDrop3
6039,alpha,inDrop3
6040,beta,inDrop3
6041,endothelial,inDrop3
6042,endothelial,inDrop3
6043,beta,inDrop3
6044,alpha,inDrop3
6045,ductal,inDrop3
6046,alpha,inDrop3
6047,alpha,inDrop3
6048,alpha,inDrop3
6049,activated_stellate,inDrop3
6050,alpha,inDrop3
6051,quiescent_stellate,inDrop3
6052,beta,inDrop3
6053,delta,inDrop3
6054,beta,inDrop3
6055,activated_stellate,inDrop3
6056,endothelial,inDrop3
6057,delta,inDrop3
6058,ductal,inDrop3
6059,beta,inDrop3
6060,beta,inDrop3
6061,alpha,inDrop3
6062,endothelial,inDrop3
6063,activated_stellate,inDrop3
6064,alpha,inDrop3
6065,alpha,inDrop3
6066,beta,inDrop3
6067,ductal,inDrop3
6068,beta,inDrop3
6069,quiescent_stellate,inDrop3
6070,gamma,inDrop3
6071,alpha,inDrop3
6072,beta,inDrop3
6073,acinar,inDrop3
6074,ductal,inDrop3
6075,alpha,inDrop3
6076,endothelial,inDrop3
6077,beta,inDrop3
6078,alpha,inDrop3
6079,acinar,inDrop3
6080,acinar,inDrop3
6081,alpha,inDrop3
6082,alpha,inDrop3
6083,beta,inDrop3
6084,beta,inDrop3
6085,alpha,inDrop3
6086,quiescent_stellate,inDrop3
6087,alpha,inDrop3
6088,endothelial,inDrop3
6089,quiescent_stellate,inDrop3
6090,beta,inDrop3
6091,beta,inDrop3
6092,acinar,inDrop3
6093,beta,inDrop3
6094,alpha,inDrop3
6095,ductal,inDrop3
6096,acinar,inDrop3
6097,beta,inDrop3
6098,alpha,inDrop3
6099,alpha,inDrop3
6100,endothelial,inDrop3
6101,alpha,inDrop3
6102,alpha,inDrop3
6103,beta,inDrop3
6104,quiescent_stellate,inDrop3
6105,beta,inDrop3
6106,beta,inDrop3
6107,beta,inDrop3
6108,alpha,inDrop3
6109,alpha,inDrop3
6110,alpha,inDrop3
6111,alpha,inDrop3
6112,acinar,inDrop3
6113,beta,inDrop3
6114,acinar,inDrop3
6115,alpha,inDrop3
6116,ductal,inDrop3
6117,delta,inDrop3
6118,delta,inDrop3
6119,beta,inDrop3
6120,alpha,inDrop3
6121,alpha,inDrop3
6122,activated_stellate,inDrop3
6123,beta,inDrop3
6124,beta,inDrop3
6125,endothelial,inDrop3
6126,endothelial,inDrop3
6127,beta,inDrop3
6128,alpha,inDrop3
6129,ductal,inDrop3
6130,alpha,inDrop3
6131,alpha,inDrop3
6132,alpha,inDrop3
6133,endothelial,inDrop3
6134,alpha,inDrop3
6135,alpha,inDrop3
6136,beta,inDrop3
6137,ductal,inDrop3
6138,beta,inDrop3
6139,beta,inDrop3
6140,alpha,inDrop3
6141,alpha,inDrop3
6142,beta,inDrop3
6143,ductal,inDrop3
6144,quiescent_stellate,inDrop3
6145,alpha,inDrop3
6146,ductal,inDrop3
6147,beta,inDrop3
6148,beta,inDrop3
6149,delta,inDrop3
6150,quiescent_stellate,inDrop3
6151,delta,inDrop3
6152,beta,inDrop3
6153,ductal,inDrop3
6154,beta,inDrop3
6155,endothelial,inDrop3
6156,beta,inDrop3
6157,endothelial,inDrop3
6158,beta,inDrop3
6159,ductal,inDrop3
6160,ductal,inDrop3
6161,alpha,inDrop3
6162,alpha,inDrop3
6163,gamma,inDrop3
6164,beta,inDrop3
6165,endothelial,inDrop3
6166,endothelial,inDrop3
6167,beta,inDrop3
6168,alpha,inDrop3
6169,beta,inDrop3
6170,beta,inDrop3
6171,beta,inDrop3
6172,beta,inDrop3
6173,ductal,inDrop3
6174,quiescent_stellate,inDrop3
6175,beta,inDrop3
6176,alpha,inDrop3
6177,beta,inDrop3
6178,alpha,inDrop3
6179,beta,inDrop3
6180,beta,inDrop3
6181,beta,inDrop3
6182,beta,inDrop3
6183,beta,inDrop3
6184,alpha,inDrop3
6185,beta,inDrop3
6186,endothelial,inDrop3
6187,quiescent_stellate,inDrop3
6188,beta,inDrop3
6189,beta,inDrop3
6190,beta,inDrop3
6191,beta,inDrop3
6192,quiescent_stellate,inDrop3
6193,endothelial,inDrop3
6194,alpha,inDrop3
6195,alpha,inDrop3
6196,beta,inDrop3
6197,ductal,inDrop3
6198,endothelial,inDrop3
6199,endothelial,inDrop3
6200,acinar,inDrop3
6201,acinar,inDrop3
6202,acinar,inDrop3
6203,acinar,inDrop3
6204,acinar,inDrop3
6205,acinar,inDrop3
6206,acinar,inDrop3
6207,acinar,inDrop3
6208,acinar,inDrop3
6209,acinar,inDrop3
6210,acinar,inDrop3
6211,acinar,inDrop3
6212,acinar,inDrop3
6213,acinar,inDrop3
6214,acinar,inDrop3
6215,delta,inDrop3
6216,acinar,inDrop3
6217,acinar,inDrop3
6218,acinar,inDrop3
6219,acinar,inDrop3
6220,acinar,inDrop3
6221,acinar,inDrop3
6222,acinar,inDrop3
6223,acinar,inDrop3
6224,acinar,inDrop3
6225,acinar,inDrop3
6226,acinar,inDrop3
6227,acinar,inDrop3
6228,acinar,inDrop3
6229,beta,inDrop3
6230,acinar,inDrop3
6231,acinar,inDrop3
6232,acinar,inDrop3
6233,acinar,inDrop3
6234,acinar,inDrop3
6235,acinar,inDrop3
6236,acinar,inDrop3
6237,acinar,inDrop3
6238,acinar,inDrop3
6239,beta,inDrop3
6240,acinar,inDrop3
6241,acinar,inDrop3
6242,acinar,inDrop3
6243,acinar,inDrop3
6244,acinar,inDrop3
6245,acinar,inDrop3
6246,acinar,inDrop3
6247,acinar,inDrop3
6248,acinar,inDrop3
6249,beta,inDrop3
6250,acinar,inDrop3
6251,acinar,inDrop3
6252,acinar,inDrop3
6253,acinar,inDrop3
6254,acinar,inDrop3
6255,acinar,inDrop3
6256,acinar,inDrop3
6257,acinar,inDrop3
6258,acinar,inDrop3
6259,acinar,inDrop3
6260,acinar,inDrop3
6261,acinar,inDrop3
6262,acinar,inDrop3
6263,acinar,inDrop3
6264,beta,inDrop3
6265,delta,inDrop3
6266,acinar,inDrop3
6267,ductal,inDrop3
6268,acinar,inDrop3
6269,delta,inDrop3
6270,acinar,inDrop3
6271,acinar,inDrop3
6272,acinar,inDrop3
6273,acinar,inDrop3
6274,acinar,inDrop3
6275,acinar,inDrop3
6276,beta,inDrop3
6277,acinar,inDrop3
6278,acinar,inDrop3
6279,acinar,inDrop3
6280,acinar,inDrop3
6281,acinar,inDrop3
6282,acinar,inDrop3
6283,acinar,inDrop3
6284,beta,inDrop3
6285,acinar,inDrop3
6286,delta,inDrop3
6287,acinar,inDrop3
6288,beta,inDrop3
6289,acinar,inDrop3
6290,acinar,inDrop3
6291,delta,inDrop3
6292,acinar,inDrop3
6293,acinar,inDrop3
6294,delta,inDrop3
6295,acinar,inDrop3
6296,acinar,inDrop3
6297,acinar,inDrop3
6298,acinar,inDrop3
6299,acinar,inDrop3
6300,acinar,inDrop3
6301,acinar,inDrop3
6302,delta,inDrop3
6303,acinar,inDrop3
6304,acinar,inDrop3
6305,beta,inDrop3
6306,acinar,inDrop3
6307,acinar,inDrop3
6308,acinar,inDrop3
6309,acinar,inDrop3
6310,alpha,inDrop3
6311,acinar,inDrop3
6312,beta,inDrop3
6313,alpha,inDrop3
6314,acinar,inDrop3
6315,acinar,inDrop3
6316,acinar,inDrop3
6317,acinar,inDrop3
6318,acinar,inDrop3
6319,acinar,inDrop3
6320,gamma,inDrop3
6321,ductal,inDrop3
6322,acinar,inDrop3
6323,acinar,inDrop3
6324,acinar,inDrop3
6325,acinar,inDrop3
6326,acinar,inDrop3
6327,ductal,inDrop3
6328,acinar,inDrop3
6329,acinar,inDrop3
6330,delta,inDrop3
6331,beta,inDrop3
6332,alpha,inDrop3
6333,acinar,inDrop3
6334,acinar,inDrop3
6335,delta,inDrop3
6336,beta,inDrop3
6337,acinar,inDrop3
6338,beta,inDrop3
6339,acinar,inDrop3
6340,ductal,inDrop3
6341,alpha,inDrop3
6342,ductal,inDrop3
6343,beta,inDrop3
6344,alpha,inDrop3
6345,beta,inDrop3
6346,alpha,inDrop3
6347,acinar,inDrop3
6348,delta,inDrop3
6349,beta,inDrop3
6350,beta,inDrop3
6351,alpha,inDrop3
6352,beta,inDrop3
6353,alpha,inDrop3
6354,delta,inDrop3
6355,alpha,inDrop3
6356,beta,inDrop3
6357,acinar,inDrop3
6358,acinar,inDrop3
6359,acinar,inDrop3
6360,ductal,inDrop3
6361,ductal,inDrop3
6362,beta,inDrop3
6363,acinar,inDrop3
6364,delta,inDrop3
6365,beta,inDrop3
6366,gamma,inDrop3
6367,acinar,inDrop3
6368,beta,inDrop3
6369,beta,inDrop3
6370,acinar,inDrop3
6371,acinar,inDrop3
6372,alpha,inDrop3
6373,acinar,inDrop3
6374,beta,inDrop3
6375,alpha,inDrop3
6376,beta,inDrop3
6377,alpha,inDrop3
6378,gamma,inDrop3
6379,acinar,inDrop3
6380,alpha,inDrop3
6381,beta,inDrop3
6382,acinar,inDrop3
6383,acinar,inDrop3
6384,delta,inDrop3
6385,alpha,inDrop3
6386,ductal,inDrop3
6387,delta,inDrop3
6388,delta,inDrop3
6389,alpha,inDrop3
6390,ductal,inDrop3
6391,beta,inDrop3
6392,beta,inDrop3
6393,delta,inDrop3
6394,alpha,inDrop3
6395,beta,inDrop3
6396,alpha,inDrop3
6397,beta,inDrop3
6398,acinar,inDrop3
6399,beta,inDrop3
6400,acinar,inDrop3
6401,alpha,inDrop3
6402,beta,inDrop3
6403,beta,inDrop3
6404,alpha,inDrop3
6405,beta,inDrop3
6406,acinar,inDrop3
6407,ductal,inDrop3
6408,ductal,inDrop3
6409,beta,inDrop3
6410,alpha,inDrop3
6411,alpha,inDrop3
6412,acinar,inDrop3
6413,acinar,inDrop3
6414,gamma,inDrop3
6415,alpha,inDrop3
6416,alpha,inDrop3
6417,acinar,inDrop3
6418,beta,inDrop3
6419,delta,inDrop3
6420,alpha,inDrop3
6421,ductal,inDrop3
6422,delta,inDrop3
6423,ductal,inDrop3
6424,delta,inDrop3
6425,acinar,inDrop3
6426,ductal,inDrop3
6427,acinar,inDrop3
6428,acinar,inDrop3
6429,beta,inDrop3
6430,alpha,inDrop3
6431,ductal,inDrop3
6432,beta,inDrop3
6433,beta,inDrop3
6434,acinar,inDrop3
6435,alpha,inDrop3
6436,acinar,inDrop3
6437,alpha,inDrop3
6438,activated_stellate,inDrop3
6439,alpha,inDrop3
6440,ductal,inDrop3
6441,beta,inDrop3
6442,alpha,inDrop3
6443,beta,inDrop3
6444,delta,inDrop3
6445,alpha,inDrop3
6446,acinar,inDrop3
6447,alpha,inDrop3
6448,beta,inDrop3
6449,alpha,inDrop3
6450,alpha,inDrop3
6451,activated_stellate,inDrop3
6452,ductal,inDrop3
6453,acinar,inDrop3
6454,alpha,inDrop3
6455,alpha,inDrop3
6456,acinar,inDrop3
6457,alpha,inDrop3
6458,beta,inDrop3
6459,acinar,inDrop3
6460,beta,inDrop3
6461,ductal,inDrop3
6462,beta,inDrop3
6463,delta,inDrop3
6464,beta,inDrop3
6465,acinar,inDrop3
6466,acinar,inDrop3
6467,acinar,inDrop3
6468,acinar,inDrop3
6469,acinar,inDrop3
6470,activated_stellate,inDrop3
6471,acinar,inDrop3
6472,beta,inDrop3
6473,ductal,inDrop3
6474,alpha,inDrop3
6475,beta,inDrop3
6476,acinar,inDrop3
6477,beta,inDrop3
6478,beta,inDrop3
6479,acinar,inDrop3
6480,ductal,inDrop3
6481,beta,inDrop3
6482,acinar,inDrop3
6483,beta,inDrop3
6484,beta,inDrop3
6485,alpha,inDrop3
6486,beta,inDrop3
6487,alpha,inDrop3
6488,ductal,inDrop3
6489,alpha,inDrop3
6490,acinar,inDrop3
6491,alpha,inDrop3
6492,ductal,inDrop3
6493,activated_stellate,inDrop3
6494,alpha,inDrop3
6495,alpha,inDrop3
6496,ductal,inDrop3
6497,acinar,inDrop3
6498,acinar,inDrop3
6499,acinar,inDrop3
6500,alpha,inDrop3
6501,alpha,inDrop3
6502,alpha,inDrop3
6503,beta,inDrop3
6504,alpha,inDrop3
6505,beta,inDrop3
6506,alpha,inDrop3
6507,beta,inDrop3
6508,beta,inDrop3
6509,alpha,inDrop3
6510,delta,inDrop3
6511,alpha,inDrop3
6512,alpha,inDrop3
6513,alpha,inDrop3
6514,ductal,inDrop3
6515,ductal,inDrop3
6516,delta,inDrop3
6517,alpha,inDrop3
6518,ductal,inDrop3
6519,ductal,inDrop3
6520,alpha,inDrop3
6521,alpha,inDrop3
6522,ductal,inDrop3
6523,acinar,inDrop3
6524,beta,inDrop3
6525,beta,inDrop3
6526,alpha,inDrop3
6527,alpha,inDrop3
6528,alpha,inDrop3
6529,alpha,inDrop3
6530,beta,inDrop3
6531,beta,inDrop3
6532,ductal,inDrop3
6533,acinar,inDrop3
6534,beta,inDrop3
6535,beta,inDrop3
6536,alpha,inDrop3
6537,alpha,inDrop3
6538,beta,inDrop3
6539,ductal,inDrop3
6540,ductal,inDrop3
6541,beta,inDrop3
6542,ductal,inDrop3
6543,activated_stellate,inDrop3
6544,ductal,inDrop3
6545,beta,inDrop3
6546,beta,inDrop3
6547,alpha,inDrop3
6548,alpha,inDrop3
6549,alpha,inDrop3
6550,beta,inDrop3
6551,beta,inDrop3
6552,alpha,inDrop3
6553,beta,inDrop3
6554,beta,inDrop3
6555,alpha,inDrop3
6556,alpha,inDrop3
6557,beta,inDrop3
6558,acinar,inDrop3
6559,alpha,inDrop3
6560,beta,inDrop3
6561,alpha,inDrop3
6562,alpha,inDrop3
6563,alpha,inDrop3
6564,alpha,inDrop3
6565,beta,inDrop3
6566,beta,inDrop3
6567,activated_stellate,inDrop3
6568,beta,inDrop3
6569,activated_stellate,inDrop3
6570,beta,inDrop3
6571,alpha,inDrop3
6572,endothelial,inDrop3
6573,acinar,inDrop3
6574,ductal,inDrop3
6575,alpha,inDrop3
6576,alpha,inDrop3
6577,alpha,inDrop3
6578,ductal,inDrop3
6579,gamma,inDrop3
6580,beta,inDrop3
6581,beta,inDrop3
6582,ductal,inDrop3
6583,acinar,inDrop3
6584,alpha,inDrop3
6585,delta,inDrop3
6586,delta,inDrop3
6587,beta,inDrop3
6588,alpha,inDrop3
6589,beta,inDrop3
6590,ductal,inDrop3
6591,alpha,inDrop3
6592,alpha,inDrop3
6593,ductal,inDrop3
6594,alpha,inDrop3
6595,acinar,inDrop3
6596,alpha,inDrop3
6597,ductal,inDrop3
6598,ductal,inDrop3
6599,alpha,inDrop3
6600,alpha,inDrop3
6601,ductal,inDrop3
6602,acinar,inDrop3
6603,alpha,inDrop3
6604,alpha,inDrop3
6605,ductal,inDrop3
6606,alpha,inDrop3
6607,alpha,inDrop3
6608,ductal,inDrop3
6609,alpha,inDrop3
6610,acinar,inDrop3
6611,beta,inDrop3
6612,beta,inDrop3
6613,ductal,inDrop3
6614,alpha,inDrop3
6615,activated_stellate,inDrop3
6616,ductal,inDrop3
6617,beta,inDrop3
6618,beta,inDrop3
6619,alpha,inDrop3
6620,acinar,inDrop3
6621,beta,inDrop3
6622,alpha,inDrop3
6623,alpha,inDrop3
6624,alpha,inDrop3
6625,acinar,inDrop3
6626,alpha,inDrop3
6627,beta,inDrop3
6628,endothelial,inDrop3
6629,alpha,inDrop3
6630,alpha,inDrop3
6631,gamma,inDrop3
6632,alpha,inDrop3
6633,beta,inDrop3
6634,beta,inDrop3
6635,ductal,inDrop3
6636,delta,inDrop3
6637,beta,inDrop3
6638,beta,inDrop3
6639,alpha,inDrop3
6640,activated_stellate,inDrop3
6641,alpha,inDrop3
6642,beta,inDrop3
6643,alpha,inDrop3
6644,acinar,inDrop3
6645,alpha,inDrop3
6646,alpha,inDrop3
6647,alpha,inDrop3
6648,alpha,inDrop3
6649,beta,inDrop3
6650,alpha,inDrop3
6651,alpha,inDrop3
6652,acinar,inDrop3
6653,beta,inDrop3
6654,alpha,inDrop3
6655,alpha,inDrop3
6656,alpha,inDrop3
6657,ductal,inDrop3
6658,ductal,inDrop3
6659,ductal,inDrop3
6660,activated_stellate,inDrop3
6661,acinar,inDrop3
6662,alpha,inDrop3
6663,beta,inDrop3
6664,beta,inDrop3
6665,acinar,inDrop3
6666,alpha,inDrop3
6667,alpha,inDrop3
6668,acinar,inDrop3
6669,alpha,inDrop3
6670,alpha,inDrop3
6671,acinar,inDrop3
6672,acinar,inDrop3
6673,acinar,inDrop3
6674,delta,inDrop3
6675,ductal,inDrop3
6676,acinar,inDrop3
6677,alpha,inDrop3
6678,alpha,inDrop3
6679,alpha,inDrop3
6680,acinar,inDrop3
6681,alpha,inDrop3
6682,alpha,inDrop3
6683,alpha,inDrop3
6684,alpha,inDrop3
6685,acinar,inDrop3
6686,alpha,inDrop3
6687,alpha,inDrop3
6688,alpha,inDrop3
6689,beta,inDrop3
6690,acinar,inDrop3
6691,activated_stellate,inDrop3
6692,alpha,inDrop3
6693,quiescent_stellate,inDrop3
6694,alpha,inDrop3
6695,alpha,inDrop3
6696,acinar,inDrop3
6697,alpha,inDrop3
6698,beta,inDrop3
6699,alpha,inDrop3
6700,alpha,inDrop3
6701,ductal,inDrop3
6702,alpha,inDrop3
6703,ductal,inDrop3
6704,alpha,inDrop3
6705,acinar,inDrop3
6706,alpha,inDrop3
6707,beta,inDrop3
6708,alpha,inDrop3
6709,alpha,inDrop3
6710,beta,inDrop3
6711,beta,inDrop3
6712,alpha,inDrop3
6713,alpha,inDrop3
6714,alpha,inDrop3
6715,ductal,inDrop3
6716,alpha,inDrop3
6717,alpha,inDrop3
6718,alpha,inDrop3
6719,alpha,inDrop3
6720,alpha,inDrop3
6721,alpha,inDrop3
6722,beta,inDrop3
6723,beta,inDrop3
6724,alpha,inDrop3
6725,ductal,inDrop3
6726,ductal,inDrop3
6727,ductal,inDrop3
6728,beta,inDrop3
6729,endothelial,inDrop3
6730,alpha,inDrop3
6731,beta,inDrop3
6732,alpha,inDrop3
6733,beta,inDrop3
6734,alpha,inDrop3
6735,alpha,inDrop3
6736,alpha,inDrop3
6737,ductal,inDrop3
6738,beta,inDrop3
6739,activated_stellate,inDrop3
6740,alpha,inDrop3
6741,alpha,inDrop3
6742,alpha,inDrop3
6743,endothelial,inDrop3
6744,alpha,inDrop3
6745,beta,inDrop3
6746,acinar,inDrop3
6747,alpha,inDrop3
6748,ductal,inDrop3
6749,alpha,inDrop3
6750,alpha,inDrop3
6751,alpha,inDrop3
6752,beta,inDrop3
6753,alpha,inDrop3
6754,alpha,inDrop3
6755,alpha,inDrop3
6756,alpha,inDrop3
6757,quiescent_stellate,inDrop3
6758,alpha,inDrop3
6759,alpha,inDrop3
6760,alpha,inDrop3
6761,beta,inDrop3
6762,beta,inDrop3
6763,alpha,inDrop3
6764,alpha,inDrop3
6765,beta,inDrop3
6766,alpha,inDrop3
6767,alpha,inDrop3
6768,acinar,inDrop3
6769,ductal,inDrop3
6770,alpha,inDrop3
6771,alpha,inDrop3
6772,beta,inDrop3
6773,beta,inDrop3
6774,alpha,inDrop3
6775,acinar,inDrop3
6776,alpha,inDrop3
6777,alpha,inDrop3
6778,alpha,inDrop3
6779,macrophage,inDrop3
6780,beta,inDrop3
6781,beta,inDrop3
6782,alpha,inDrop3
6783,alpha,inDrop3
6784,ductal,inDrop3
6785,acinar,inDrop3
6786,alpha,inDrop3
6787,alpha,inDrop3
6788,alpha,inDrop3
6789,alpha,inDrop3
6790,alpha,inDrop3
6791,alpha,inDrop3
6792,activated_stellate,inDrop3
6793,beta,inDrop3
6794,alpha,inDrop3
6795,gamma,inDrop3
6796,alpha,inDrop3
6797,alpha,inDrop3
6798,ductal,inDrop3
6799,alpha,inDrop3
6800,alpha,inDrop3
6801,alpha,inDrop3
6802,alpha,inDrop3
6803,alpha,inDrop3
6804,quiescent_stellate,inDrop3
6805,ductal,inDrop3
6806,ductal,inDrop3
6807,acinar,inDrop3
6808,delta,inDrop3
6809,alpha,inDrop3
6810,ductal,inDrop3
6811,alpha,inDrop3
6812,alpha,inDrop3
6813,acinar,inDrop3
6814,delta,inDrop3
6815,acinar,inDrop3
6816,alpha,inDrop3
6817,alpha,inDrop3
6818,alpha,inDrop3
6819,acinar,inDrop3
6820,activated_stellate,inDrop3
6821,beta,inDrop3
6822,acinar,inDrop3
6823,beta,inDrop3
6824,alpha,inDrop3
6825,acinar,inDrop3
6826,beta,inDrop3
6827,alpha,inDrop3
6828,alpha,inDrop3
6829,ductal,inDrop3
6830,alpha,inDrop3
6831,ductal,inDrop3
6832,alpha,inDrop3
6833,alpha,inDrop3
6834,alpha,inDrop3
6835,acinar,inDrop3
6836,ductal,inDrop3
6837,acinar,inDrop3
6838,alpha,inDrop3
6839,delta,inDrop3
6840,alpha,inDrop3
6841,alpha,inDrop3
6842,acinar,inDrop3
6843,beta,inDrop3
6844,alpha,inDrop3
6845,acinar,inDrop3
6846,endothelial,inDrop3
6847,beta,inDrop3
6848,alpha,inDrop3
6849,activated_stellate,inDrop3
6850,activated_stellate,inDrop3
6851,acinar,inDrop3
6852,alpha,inDrop3
6853,alpha,inDrop3
6854,alpha,inDrop3
6855,alpha,inDrop3
6856,ductal,inDrop3
6857,alpha,inDrop3
6858,endothelial,inDrop3
6859,activated_stellate,inDrop3
6860,alpha,inDrop3
6861,alpha,inDrop3
6862,beta,inDrop3
6863,alpha,inDrop3
6864,beta,inDrop3
6865,alpha,inDrop3
6866,beta,inDrop3
6867,quiescent_stellate,inDrop3
6868,alpha,inDrop3
6869,ductal,inDrop3
6870,acinar,inDrop3
6871,beta,inDrop3
6872,mast,inDrop3
6873,acinar,inDrop3
6874,acinar,inDrop3
6875,beta,inDrop3
6876,beta,inDrop3
6877,beta,inDrop3
6878,alpha,inDrop3
6879,alpha,inDrop3
6880,activated_stellate,inDrop3
6881,alpha,inDrop3
6882,alpha,inDrop3
6883,acinar,inDrop3
6884,acinar,inDrop3
6885,ductal,inDrop3
6886,beta,inDrop3
6887,alpha,inDrop3
6888,acinar,inDrop3
6889,ductal,inDrop3
6890,beta,inDrop3
6891,alpha,inDrop3
6892,ductal,inDrop3
6893,alpha,inDrop3
6894,ductal,inDrop3
6895,alpha,inDrop3
6896,activated_stellate,inDrop3
6897,ductal,inDrop3
6898,beta,inDrop3
6899,alpha,inDrop3
6900,quiescent_stellate,inDrop3
6901,delta,inDrop3
6902,beta,inDrop3
6903,alpha,inDrop3
6904,ductal,inDrop3
6905,alpha,inDrop3
6906,alpha,inDrop3
6907,beta,inDrop3
6908,alpha,inDrop3
6909,acinar,inDrop3
6910,alpha,inDrop3
6911,quiescent_stellate,inDrop3
6912,ductal,inDrop3
6913,alpha,inDrop3
6914,ductal,inDrop3
6915,activated_stellate,inDrop3
6916,alpha,inDrop3
6917,beta,inDrop3
6918,alpha,inDrop3
6919,acinar,inDrop3
6920,acinar,inDrop3
6921,alpha,inDrop3
6922,alpha,inDrop3
6923,alpha,inDrop3
6924,ductal,inDrop3
6925,beta,inDrop3
6926,alpha,inDrop3
6927,acinar,inDrop3
6928,activated_stellate,inDrop3
6929,alpha,inDrop3
6930,beta,inDrop3
6931,alpha,inDrop3
6932,beta,inDrop3
6933,beta,inDrop3
6934,beta,inDrop3
6935,alpha,inDrop3
6936,macrophage,inDrop3
6937,ductal,inDrop3
6938,alpha,inDrop3
6939,beta,inDrop3
6940,alpha,inDrop3
6941,beta,inDrop3
6942,ductal,inDrop3
6943,alpha,inDrop3
6944,alpha,inDrop3
6945,alpha,inDrop3
6946,alpha,inDrop3
6947,alpha,inDrop3
6948,beta,inDrop3
6949,alpha,inDrop3
6950,beta,inDrop3
6951,ductal,inDrop3
6952,ductal,inDrop3
6953,ductal,inDrop3
6954,alpha,inDrop3
6955,ductal,inDrop3
6956,activated_stellate,inDrop3
6957,alpha,inDrop3
6958,beta,inDrop3
6959,activated_stellate,inDrop3
6960,alpha,inDrop3
6961,acinar,inDrop3
6962,acinar,inDrop3
6963,alpha,inDrop3
6964,delta,inDrop3
6965,endothelial,inDrop3
6966,quiescent_stellate,inDrop3
6967,beta,inDrop3
6968,beta,inDrop3
6969,alpha,inDrop3
6970,activated_stellate,inDrop3
6971,alpha,inDrop3
6972,beta,inDrop3
6973,acinar,inDrop3
6974,alpha,inDrop3
6975,delta,inDrop3
6976,acinar,inDrop3
6977,quiescent_stellate,inDrop3
6978,beta,inDrop3
6979,alpha,inDrop3
6980,alpha,inDrop3
6981,ductal,inDrop3
6982,alpha,inDrop3
6983,alpha,inDrop3
6984,alpha,inDrop3
6985,alpha,inDrop3
6986,alpha,inDrop3
6987,gamma,inDrop3
6988,alpha,inDrop3
6989,beta,inDrop3
6990,beta,inDrop3
6991,delta,inDrop3
6992,alpha,inDrop3
6993,activated_stellate,inDrop3
6994,alpha,inDrop3
6995,quiescent_stellate,inDrop3
6996,beta,inDrop3
6997,mast,inDrop3
6998,alpha,inDrop3
6999,acinar,inDrop3
7000,alpha,inDrop3
7001,alpha,inDrop3
7002,endothelial,inDrop3
7003,beta,inDrop3
7004,macrophage,inDrop3
7005,ductal,inDrop3
7006,beta,inDrop3
7007,beta,inDrop3
7008,beta,inDrop3
7009,alpha,inDrop3
7010,beta,inDrop3
7011,alpha,inDrop3
7012,mast,inDrop3
7013,alpha,inDrop3
7014,alpha,inDrop3
7015,beta,inDrop3
7016,endothelial,inDrop3
7017,acinar,inDrop3
7018,endothelial,inDrop3
7019,beta,inDrop3
7020,beta,inDrop3
7021,alpha,inDrop3
7022,quiescent_stellate,inDrop3
7023,ductal,inDrop3
7024,ductal,inDrop3
7025,beta,inDrop3
7026,beta,inDrop3
7027,alpha,inDrop3
7028,beta,inDrop3
7029,beta,inDrop3
7030,beta,inDrop3
7031,quiescent_stellate,inDrop3
7032,quiescent_stellate,inDrop3
7033,beta,inDrop3
7034,alpha,inDrop3
7035,delta,inDrop3
7036,alpha,inDrop3
7037,ductal,inDrop3
7038,acinar,inDrop3
7039,alpha,inDrop3
7040,alpha,inDrop3
7041,alpha,inDrop3
7042,quiescent_stellate,inDrop3
7043,alpha,inDrop3
7044,beta,inDrop3
7045,endothelial,inDrop3
7046,activated_stellate,inDrop3
7047,alpha,inDrop3
7048,alpha,inDrop3
7049,beta,inDrop3
7050,alpha,inDrop3
7051,beta,inDrop3
7052,beta,inDrop3
7053,alpha,inDrop3
7054,ductal,inDrop3
7055,endothelial,inDrop3
7056,endothelial,inDrop3
7057,endothelial,inDrop3
7058,beta,inDrop3
7059,beta,inDrop3
7060,quiescent_stellate,inDrop3
7061,beta,inDrop3
7062,beta,inDrop3
7063,beta,inDrop3
7064,beta,inDrop3
7065,ductal,inDrop3
7066,beta,inDrop3
7067,ductal,inDrop3
7068,endothelial,inDrop3
7069,endothelial,inDrop3
7070,alpha,inDrop3
7071,beta,inDrop3
7072,activated_stellate,inDrop3
7073,beta,inDrop3
7074,alpha,inDrop3
7075,acinar,inDrop3
7076,acinar,inDrop3
7077,acinar,inDrop3
7078,acinar,inDrop3
7079,acinar,inDrop3
7080,acinar,inDrop3
7081,acinar,inDrop3
7082,acinar,inDrop3
7083,acinar,inDrop3
7084,acinar,inDrop3
7085,acinar,inDrop3
7086,acinar,inDrop3
7087,acinar,inDrop3
7088,acinar,inDrop3
7089,acinar,inDrop3
7090,acinar,inDrop3
7091,acinar,inDrop3
7092,acinar,inDrop3
7093,acinar,inDrop3
7094,acinar,inDrop3
7095,acinar,inDrop3
7096,acinar,inDrop3
7097,acinar,inDrop3
7098,acinar,inDrop3
7099,acinar,inDrop3
7100,acinar,inDrop3
7101,acinar,inDrop3
7102,acinar,inDrop3
7103,acinar,inDrop3
7104,acinar,inDrop3
7105,acinar,inDrop3
7106,alpha,inDrop3
7107,acinar,inDrop3
7108,delta,inDrop3
7109,acinar,inDrop3
7110,acinar,inDrop3
7111,acinar,inDrop3
7112,acinar,inDrop3
7113,acinar,inDrop3
7114,acinar,inDrop3
7115,acinar,inDrop3
7116,acinar,inDrop3
7117,acinar,inDrop3
7118,acinar,inDrop3
7119,acinar,inDrop3
7120,acinar,inDrop3
7121,acinar,inDrop3
7122,acinar,inDrop3
7123,acinar,inDrop3
7124,acinar,inDrop3
7125,acinar,inDrop3
7126,beta,inDrop3
7127,acinar,inDrop3
7128,beta,inDrop3
7129,acinar,inDrop3
7130,acinar,inDrop3
7131,acinar,inDrop3
7132,acinar,inDrop3
7133,acinar,inDrop3
7134,acinar,inDrop3
7135,acinar,inDrop3
7136,acinar,inDrop3
7137,acinar,inDrop3
7138,acinar,inDrop3
7139,acinar,inDrop3
7140,acinar,inDrop3
7141,acinar,inDrop3
7142,acinar,inDrop3
7143,acinar,inDrop3
7144,acinar,inDrop3
7145,acinar,inDrop3
7146,acinar,inDrop3
7147,acinar,inDrop3
7148,acinar,inDrop3
7149,acinar,inDrop3
7150,acinar,inDrop3
7151,acinar,inDrop3
7152,acinar,inDrop3
7153,acinar,inDrop3
7154,acinar,inDrop3
7155,acinar,inDrop3
7156,acinar,inDrop3
7157,ductal,inDrop3
7158,acinar,inDrop3
7159,acinar,inDrop3
7160,beta,inDrop3
7161,beta,inDrop3
7162,acinar,inDrop3
7163,acinar,inDrop3
7164,acinar,inDrop3
7165,delta,inDrop3
7166,acinar,inDrop3
7167,beta,inDrop3
7168,acinar,inDrop3
7169,acinar,inDrop3
7170,acinar,inDrop3
7171,alpha,inDrop3
7172,acinar,inDrop3
7173,acinar,inDrop3
7174,acinar,inDrop3
7175,acinar,inDrop3
7176,delta,inDrop3
7177,acinar,inDrop3
7178,alpha,inDrop3
7179,beta,inDrop3
7180,acinar,inDrop3
7181,beta,inDrop3
7182,beta,inDrop3
7183,acinar,inDrop3
7184,ductal,inDrop3
7185,acinar,inDrop3
7186,beta,inDrop3
7187,acinar,inDrop3
7188,alpha,inDrop3
7189,alpha,inDrop3
7190,alpha,inDrop3
7191,activated_stellate,inDrop3
7192,acinar,inDrop3
7193,acinar,inDrop3
7194,acinar,inDrop3
7195,beta,inDrop3
7196,acinar,inDrop3
7197,acinar,inDrop3
7198,beta,inDrop3
7199,alpha,inDrop3
7200,acinar,inDrop3
7201,alpha,inDrop3
7202,acinar,inDrop3
7203,acinar,inDrop3
7204,alpha,inDrop3
7205,beta,inDrop3
7206,acinar,inDrop3
7207,alpha,inDrop3
7208,activated_stellate,inDrop3
7209,acinar,inDrop3
7210,beta,inDrop3
7211,beta,inDrop3
7212,beta,inDrop3
7213,acinar,inDrop3
7214,beta,inDrop3
7215,beta,inDrop3
7216,beta,inDrop3
7217,acinar,inDrop3
7218,acinar,inDrop3
7219,acinar,inDrop3
7220,endothelial,inDrop3
7221,alpha,inDrop3
7222,beta,inDrop3
7223,delta,inDrop3
7224,beta,inDrop3
7225,beta,inDrop3
7226,acinar,inDrop3
7227,beta,inDrop3
7228,activated_stellate,inDrop3
7229,acinar,inDrop3
7230,acinar,inDrop3
7231,acinar,inDrop3
7232,alpha,inDrop3
7233,delta,inDrop3
7234,acinar,inDrop3
7235,beta,inDrop3
7236,acinar,inDrop3
7237,acinar,inDrop3
7238,acinar,inDrop3
7239,beta,inDrop3
7240,acinar,inDrop3
7241,beta,inDrop3
7242,acinar,inDrop3
7243,beta,inDrop3
7244,acinar,inDrop3
7245,alpha,inDrop3
7246,ductal,inDrop3
7247,acinar,inDrop3
7248,acinar,inDrop3
7249,activated_stellate,inDrop3
7250,acinar,inDrop3
7251,acinar,inDrop3
7252,beta,inDrop3
7253,acinar,inDrop3
7254,acinar,inDrop3
7255,beta,inDrop3
7256,activated_stellate,inDrop3
7257,alpha,inDrop3
7258,beta,inDrop3
7259,beta,inDrop3
7260,acinar,inDrop3
7261,beta,inDrop3
7262,acinar,inDrop3
7263,alpha,inDrop3
7264,beta,inDrop3
7265,acinar,inDrop3
7266,acinar,inDrop3
7267,beta,inDrop3
7268,acinar,inDrop3
7269,acinar,inDrop3
7270,alpha,inDrop3
7271,beta,inDrop3
7272,acinar,inDrop3
7273,beta,inDrop3
7274,beta,inDrop3
7275,acinar,inDrop3
7276,beta,inDrop3
7277,acinar,inDrop3
7278,acinar,inDrop3
7279,acinar,inDrop3
7280,beta,inDrop3
7281,acinar,inDrop3
7282,acinar,inDrop3
7283,beta,inDrop3
7284,beta,inDrop3
7285,delta,inDrop3
7286,alpha,inDrop3
7287,endothelial,inDrop3
7288,acinar,inDrop3
7289,beta,inDrop3
7290,alpha,inDrop3
7291,alpha,inDrop3
7292,beta,inDrop3
7293,alpha,inDrop3
7294,acinar,inDrop3
7295,acinar,inDrop3
7296,alpha,inDrop3
7297,acinar,inDrop3
7298,ductal,inDrop3
7299,beta,inDrop3
7300,acinar,inDrop3
7301,acinar,inDrop3
7302,acinar,inDrop3
7303,acinar,inDrop3
7304,ductal,inDrop3
7305,acinar,inDrop3
7306,beta,inDrop3
7307,acinar,inDrop3
7308,alpha,inDrop3
7309,acinar,inDrop3
7310,beta,inDrop3
7311,gamma,inDrop3
7312,beta,inDrop3
7313,beta,inDrop3
7314,alpha,inDrop3
7315,acinar,inDrop3
7316,alpha,inDrop3
7317,acinar,inDrop3
7318,ductal,inDrop3
7319,alpha,inDrop3
7320,beta,inDrop3
7321,beta,inDrop3
7322,beta,inDrop3
7323,beta,inDrop3
7324,ductal,inDrop3
7325,beta,inDrop3
7326,ductal,inDrop3
7327,beta,inDrop3
7328,beta,inDrop3
7329,ductal,inDrop3
7330,beta,inDrop3
7331,beta,inDrop3
7332,acinar,inDrop3
7333,beta,inDrop3
7334,beta,inDrop3
7335,alpha,inDrop3
7336,acinar,inDrop3
7337,beta,inDrop3
7338,delta,inDrop3
7339,activated_stellate,inDrop3
7340,acinar,inDrop3
7341,ductal,inDrop3
7342,acinar,inDrop3
7343,beta,inDrop3
7344,beta,inDrop3
7345,ductal,inDrop3
7346,acinar,inDrop3
7347,alpha,inDrop3
7348,delta,inDrop3
7349,beta,inDrop3
7350,acinar,inDrop3
7351,alpha,inDrop3
7352,ductal,inDrop3
7353,beta,inDrop3
7354,alpha,inDrop3
7355,alpha,inDrop3
7356,beta,inDrop3
7357,activated_stellate,inDrop3
7358,acinar,inDrop3
7359,delta,inDrop3
7360,beta,inDrop3
7361,alpha,inDrop3
7362,ductal,inDrop3
7363,acinar,inDrop3
7364,ductal,inDrop3
7365,alpha,inDrop3
7366,endothelial,inDrop3
7367,acinar,inDrop3
7368,alpha,inDrop3
7369,alpha,inDrop3
7370,acinar,inDrop3
7371,beta,inDrop3
7372,beta,inDrop3
7373,ductal,inDrop3
7374,ductal,inDrop3
7375,acinar,inDrop3
7376,ductal,inDrop3
7377,delta,inDrop3
7378,beta,inDrop3
7379,delta,inDrop3
7380,acinar,inDrop3
7381,delta,inDrop3
7382,alpha,inDrop3
7383,alpha,inDrop3
7384,beta,inDrop3
7385,endothelial,inDrop3
7386,ductal,inDrop3
7387,beta,inDrop3
7388,beta,inDrop3
7389,alpha,inDrop3
7390,acinar,inDrop3
7391,alpha,inDrop3
7392,delta,inDrop3
7393,alpha,inDrop3
7394,alpha,inDrop3
7395,beta,inDrop3
7396,ductal,inDrop3
7397,beta,inDrop3
7398,macrophage,inDrop3
7399,alpha,inDrop3
7400,delta,inDrop3
7401,ductal,inDrop3
7402,beta,inDrop3
7403,ductal,inDrop3
7404,alpha,inDrop3
7405,delta,inDrop3
7406,beta,inDrop3
7407,acinar,inDrop3
7408,ductal,inDrop3
7409,ductal,inDrop3
7410,beta,inDrop3
7411,alpha,inDrop3
7412,alpha,inDrop3
7413,acinar,inDrop3
7414,beta,inDrop3
7415,ductal,inDrop3
7416,ductal,inDrop3
7417,beta,inDrop3
7418,alpha,inDrop3
7419,delta,inDrop3
7420,alpha,inDrop3
7421,alpha,inDrop3
7422,alpha,inDrop3
7423,beta,inDrop3
7424,beta,inDrop3
7425,beta,inDrop3
7426,alpha,inDrop3
7427,alpha,inDrop3
7428,acinar,inDrop3
7429,acinar,inDrop3
7430,beta,inDrop3
7431,alpha,inDrop3
7432,alpha,inDrop3
7433,beta,inDrop3
7434,alpha,inDrop3
7435,acinar,inDrop3
7436,delta,inDrop3
7437,acinar,inDrop3
7438,beta,inDrop3
7439,alpha,inDrop3
7440,ductal,inDrop3
7441,beta,inDrop3
7442,alpha,inDrop3
7443,alpha,inDrop3
7444,alpha,inDrop3
7445,beta,inDrop3
7446,alpha,inDrop3
7447,gamma,inDrop3
7448,delta,inDrop3
7449,endothelial,inDrop3
7450,alpha,inDrop3
7451,beta,inDrop3
7452,alpha,inDrop3
7453,delta,inDrop3
7454,beta,inDrop3
7455,delta,inDrop3
7456,ductal,inDrop3
7457,beta,inDrop3
7458,alpha,inDrop3
7459,acinar,inDrop3
7460,alpha,inDrop3
7461,beta,inDrop3
7462,ductal,inDrop3
7463,beta,inDrop3
7464,alpha,inDrop3
7465,beta,inDrop3
7466,ductal,inDrop3
7467,acinar,inDrop3
7468,alpha,inDrop3
7469,beta,inDrop3
7470,acinar,inDrop3
7471,alpha,inDrop3
7472,alpha,inDrop3
7473,alpha,inDrop3
7474,alpha,inDrop3
7475,beta,inDrop3
7476,ductal,inDrop3
7477,beta,inDrop3
7478,alpha,inDrop3
7479,alpha,inDrop3
7480,acinar,inDrop3
7481,ductal,inDrop3
7482,beta,inDrop3
7483,ductal,inDrop3
7484,alpha,inDrop3
7485,beta,inDrop3
7486,beta,inDrop3
7487,macrophage,inDrop3
7488,beta,inDrop3
7489,acinar,inDrop3
7490,beta,inDrop3
7491,ductal,inDrop3
7492,beta,inDrop3
7493,beta,inDrop3
7494,ductal,inDrop3
7495,alpha,inDrop3
7496,beta,inDrop3
7497,alpha,inDrop3
7498,alpha,inDrop3
7499,alpha,inDrop3
7500,alpha,inDrop3
7501,alpha,inDrop3
7502,beta,inDrop3
7503,beta,inDrop3
7504,alpha,inDrop3
7505,alpha,inDrop3
7506,beta,inDrop3
7507,endothelial,inDrop3
7508,alpha,inDrop3
7509,beta,inDrop3
7510,alpha,inDrop3
7511,ductal,inDrop3
7512,endothelial,inDrop3
7513,alpha,inDrop3
7514,acinar,inDrop3
7515,ductal,inDrop3
7516,activated_stellate,inDrop3
7517,alpha,inDrop3
7518,beta,inDrop3
7519,beta,inDrop3
7520,alpha,inDrop3
7521,endothelial,inDrop3
7522,alpha,inDrop3
7523,ductal,inDrop3
7524,delta,inDrop3
7525,alpha,inDrop3
7526,alpha,inDrop3
7527,acinar,inDrop3
7528,ductal,inDrop3
7529,alpha,inDrop3
7530,alpha,inDrop3
7531,alpha,inDrop3
7532,alpha,inDrop3
7533,ductal,inDrop3
7534,alpha,inDrop3
7535,ductal,inDrop3
7536,alpha,inDrop3
7537,alpha,inDrop3
7538,beta,inDrop3
7539,beta,inDrop3
7540,beta,inDrop3
7541,acinar,inDrop3
7542,alpha,inDrop3
7543,alpha,inDrop3
7544,alpha,inDrop3
7545,ductal,inDrop3
7546,alpha,inDrop3
7547,acinar,inDrop3
7548,alpha,inDrop3
7549,beta,inDrop3
7550,beta,inDrop3
7551,delta,inDrop3
7552,acinar,inDrop3
7553,alpha,inDrop3
7554,alpha,inDrop3
7555,beta,inDrop3
7556,alpha,inDrop3
7557,acinar,inDrop3
7558,gamma,inDrop3
7559,alpha,inDrop3
7560,alpha,inDrop3
7561,beta,inDrop3
7562,alpha,inDrop3
7563,beta,inDrop3
7564,ductal,inDrop3
7565,ductal,inDrop3
7566,alpha,inDrop3
7567,beta,inDrop3
7568,alpha,inDrop3
7569,acinar,inDrop3
7570,ductal,inDrop3
7571,alpha,inDrop3
7572,alpha,inDrop3
7573,alpha,inDrop3
7574,alpha,inDrop3
7575,beta,inDrop3
7576,alpha,inDrop3
7577,beta,inDrop3
7578,beta,inDrop3
7579,alpha,inDrop3
7580,alpha,inDrop3
7581,beta,inDrop3
7582,alpha,inDrop3
7583,alpha,inDrop3
7584,alpha,inDrop3
7585,alpha,inDrop3
7586,alpha,inDrop3
7587,alpha,inDrop3
7588,beta,inDrop3
7589,beta,inDrop3
7590,activated_stellate,inDrop3
7591,endothelial,inDrop3
7592,activated_stellate,inDrop3
7593,activated_stellate,inDrop3
7594,beta,inDrop3
7595,ductal,inDrop3
7596,ductal,inDrop3
7597,activated_stellate,inDrop3
7598,ductal,inDrop3
7599,acinar,inDrop3
7600,alpha,inDrop3
7601,beta,inDrop3
7602,ductal,inDrop3
7603,gamma,inDrop3
7604,activated_stellate,inDrop3
7605,beta,inDrop3
7606,delta,inDrop3
7607,alpha,inDrop3
7608,beta,inDrop3
7609,alpha,inDrop3
7610,acinar,inDrop3
7611,acinar,inDrop3
7612,alpha,inDrop3
7613,alpha,inDrop3
7614,ductal,inDrop3
7615,ductal,inDrop3
7616,beta,inDrop3
7617,alpha,inDrop3
7618,alpha,inDrop3
7619,alpha,inDrop3
7620,ductal,inDrop3
7621,ductal,inDrop3
7622,alpha,inDrop3
7623,beta,inDrop3
7624,alpha,inDrop3
7625,acinar,inDrop3
7626,alpha,inDrop3
7627,beta,inDrop3
7628,activated_stellate,inDrop3
7629,beta,inDrop3
7630,beta,inDrop3
7631,alpha,inDrop3
7632,ductal,inDrop3
7633,alpha,inDrop3
7634,acinar,inDrop3
7635,alpha,inDrop3
7636,gamma,inDrop3
7637,delta,inDrop3
7638,activated_stellate,inDrop3
7639,alpha,inDrop3
7640,alpha,inDrop3
7641,alpha,inDrop3
7642,alpha,inDrop3
7643,alpha,inDrop3
7644,acinar,inDrop3
7645,alpha,inDrop3
7646,delta,inDrop3
7647,alpha,inDrop3
7648,beta,inDrop3
7649,alpha,inDrop3
7650,ductal,inDrop3
7651,alpha,inDrop3
7652,alpha,inDrop3
7653,beta,inDrop3
7654,alpha,inDrop3
7655,quiescent_stellate,inDrop3
7656,alpha,inDrop3
7657,beta,inDrop3
7658,delta,inDrop3
7659,alpha,inDrop3
7660,acinar,inDrop3
7661,alpha,inDrop3
7662,ductal,inDrop3
7663,beta,inDrop3
7664,alpha,inDrop3
7665,beta,inDrop3
7666,beta,inDrop3
7667,acinar,inDrop3
7668,beta,inDrop3
7669,alpha,inDrop3
7670,endothelial,inDrop3
7671,ductal,inDrop3
7672,alpha,inDrop3
7673,alpha,inDrop3
7674,alpha,inDrop3
7675,alpha,inDrop3
7676,delta,inDrop3
7677,acinar,inDrop3
7678,beta,inDrop3
7679,beta,inDrop3
7680,alpha,inDrop3
7681,acinar,inDrop3
7682,activated_stellate,inDrop3
7683,alpha,inDrop3
7684,acinar,inDrop3
7685,alpha,inDrop3
7686,alpha,inDrop3
7687,acinar,inDrop3
7688,gamma,inDrop3
7689,alpha,inDrop3
7690,alpha,inDrop3
7691,acinar,inDrop3
7692,alpha,inDrop3
7693,alpha,inDrop3
7694,alpha,inDrop3
7695,epsilon,inDrop3
7696,alpha,inDrop3
7697,alpha,inDrop3
7698,alpha,inDrop3
7699,delta,inDrop3
7700,ductal,inDrop3
7701,alpha,inDrop3
7702,ductal,inDrop3
7703,beta,inDrop3
7704,alpha,inDrop3
7705,alpha,inDrop3
7706,alpha,inDrop3
7707,alpha,inDrop3
7708,beta,inDrop3
7709,alpha,inDrop3
7710,alpha,inDrop3
7711,acinar,inDrop3
7712,ductal,inDrop3
7713,endothelial,inDrop3
7714,ductal,inDrop3
7715,acinar,inDrop3
7716,acinar,inDrop3
7717,alpha,inDrop3
7718,alpha,inDrop3
7719,alpha,inDrop3
7720,acinar,inDrop3
7721,alpha,inDrop3
7722,alpha,inDrop3
7723,activated_stellate,inDrop3
7724,alpha,inDrop3
7725,acinar,inDrop3
7726,alpha,inDrop3
7727,beta,inDrop3
7728,ductal,inDrop3
7729,alpha,inDrop3
7730,beta,inDrop3
7731,alpha,inDrop3
7732,alpha,inDrop3
7733,alpha,inDrop3
7734,beta,inDrop3
7735,acinar,inDrop3
7736,alpha,inDrop3
7737,alpha,inDrop3
7738,acinar,inDrop3
7739,delta,inDrop3
7740,alpha,inDrop3
7741,alpha,inDrop3
7742,alpha,inDrop3
7743,activated_stellate,inDrop3
7744,beta,inDrop3
7745,beta,inDrop3
7746,alpha,inDrop3
7747,delta,inDrop3
7748,ductal,inDrop3
7749,beta,inDrop3
7750,alpha,inDrop3
7751,ductal,inDrop3
7752,alpha,inDrop3
7753,alpha,inDrop3
7754,acinar,inDrop3
7755,gamma,inDrop3
7756,activated_stellate,inDrop3
7757,beta,inDrop3
7758,acinar,inDrop3
7759,acinar,inDrop3
7760,alpha,inDrop3
7761,beta,inDrop3
7762,alpha,inDrop3
7763,beta,inDrop3
7764,beta,inDrop3
7765,alpha,inDrop3
7766,alpha,inDrop3
7767,ductal,inDrop3
7768,ductal,inDrop3
7769,activated_stellate,inDrop3
7770,acinar,inDrop3
7771,beta,inDrop3
7772,beta,inDrop3
7773,acinar,inDrop3
7774,beta,inDrop3
7775,alpha,inDrop3
7776,activated_stellate,inDrop3
7777,acinar,inDrop3
7778,alpha,inDrop3
7779,ductal,inDrop3
7780,beta,inDrop3
7781,alpha,inDrop3
7782,alpha,inDrop3
7783,beta,inDrop3
7784,alpha,inDrop3
7785,alpha,inDrop3
7786,acinar,inDrop3
7787,alpha,inDrop3
7788,alpha,inDrop3
7789,alpha,inDrop3
7790,beta,inDrop3
7791,alpha,inDrop3
7792,beta,inDrop3
7793,ductal,inDrop3
7794,alpha,inDrop3
7795,alpha,inDrop3
7796,ductal,inDrop3
7797,acinar,inDrop3
7798,ductal,inDrop3
7799,acinar,inDrop3
7800,acinar,inDrop3
7801,beta,inDrop3
7802,acinar,inDrop3
7803,alpha,inDrop3
7804,alpha,inDrop3
7805,ductal,inDrop3
7806,alpha,inDrop3
7807,alpha,inDrop3
7808,activated_stellate,inDrop3
7809,acinar,inDrop3
7810,acinar,inDrop3
7811,alpha,inDrop3
7812,acinar,inDrop3
7813,alpha,inDrop3
7814,alpha,inDrop3
7815,beta,inDrop3
7816,alpha,inDrop3
7817,ductal,inDrop3
7818,endothelial,inDrop3
7819,acinar,inDrop3
7820,alpha,inDrop3
7821,ductal,inDrop3
7822,ductal,inDrop3
7823,ductal,inDrop3
7824,alpha,inDrop3
7825,alpha,inDrop3
7826,alpha,inDrop3
7827,macrophage,inDrop3
7828,ductal,inDrop3
7829,alpha,inDrop3
7830,alpha,inDrop3
7831,alpha,inDrop3
7832,alpha,inDrop3
7833,activated_stellate,inDrop3
7834,alpha,inDrop3
7835,alpha,inDrop3
7836,ductal,inDrop3
7837,alpha,inDrop3
7838,alpha,inDrop3
7839,alpha,inDrop3
7840,ductal,inDrop3
7841,alpha,inDrop3
7842,alpha,inDrop3
7843,alpha,inDrop3
7844,alpha,inDrop3
7845,alpha,inDrop3
7846,alpha,inDrop3
7847,alpha,inDrop3
7848,endothelial,inDrop3
7849,beta,inDrop3
7850,beta,inDrop3
7851,ductal,inDrop3
7852,beta,inDrop3
7853,alpha,inDrop3
7854,beta,inDrop3
7855,delta,inDrop3
7856,acinar,inDrop3
7857,alpha,inDrop3
7858,acinar,inDrop3
7859,ductal,inDrop3
7860,beta,inDrop3
7861,ductal,inDrop3
7862,gamma,inDrop3
7863,acinar,inDrop3
7864,beta,inDrop3
7865,alpha,inDrop3
7866,alpha,inDrop3
7867,beta,inDrop3
7868,beta,inDrop3
7869,acinar,inDrop3
7870,alpha,inDrop3
7871,alpha,inDrop3
7872,alpha,inDrop3
7873,alpha,inDrop3
7874,delta,inDrop3
7875,alpha,inDrop3
7876,mast,inDrop3
7877,acinar,inDrop3
7878,alpha,inDrop3
7879,alpha,inDrop3
7880,activated_stellate,inDrop3
7881,endothelial,inDrop3
7882,beta,inDrop3
7883,acinar,inDrop3
7884,delta,inDrop3
7885,beta,inDrop3
7886,alpha,inDrop3
7887,alpha,inDrop3
7888,alpha,inDrop3
7889,beta,inDrop3
7890,endothelial,inDrop3
7891,alpha,inDrop3
7892,acinar,inDrop3
7893,mast,inDrop3
7894,ductal,inDrop3
7895,alpha,inDrop3
7896,endothelial,inDrop3
7897,ductal,inDrop3
7898,alpha,inDrop3
7899,alpha,inDrop3
7900,alpha,inDrop3
7901,alpha,inDrop3
7902,alpha,inDrop3
7903,delta,inDrop3
7904,quiescent_stellate,inDrop3
7905,alpha,inDrop3
7906,beta,inDrop3
7907,ductal,inDrop3
7908,alpha,inDrop3
7909,endothelial,inDrop3
7910,alpha,inDrop3
7911,alpha,inDrop3
7912,alpha,inDrop3
7913,alpha,inDrop3
7914,acinar,inDrop3
7915,endothelial,inDrop3
7916,ductal,inDrop3
7917,alpha,inDrop3
7918,beta,inDrop3
7919,beta,inDrop3
7920,alpha,inDrop3
7921,beta,inDrop3
7922,alpha,inDrop3
7923,beta,inDrop3
7924,beta,inDrop3
7925,acinar,inDrop3
7926,beta,inDrop3
7927,beta,inDrop3
7928,beta,inDrop3
7929,macrophage,inDrop3
7930,quiescent_stellate,inDrop3
7931,alpha,inDrop3
7932,ductal,inDrop3
7933,ductal,inDrop3
7934,endothelial,inDrop3
7935,beta,inDrop3
7936,quiescent_stellate,inDrop3
7937,endothelial,inDrop3
7938,alpha,inDrop3
7939,alpha,inDrop3
7940,t_cell,inDrop3
7941,alpha,inDrop3
7942,alpha,inDrop3
7943,beta,inDrop3
7944,beta,inDrop3
7945,beta,inDrop3
7946,beta,inDrop3
7947,beta,inDrop3
7948,alpha,inDrop3
7949,alpha,inDrop3
7950,acinar,inDrop3
7951,beta,inDrop3
7952,beta,inDrop3
7953,beta,inDrop3
7954,quiescent_stellate,inDrop3
7955,delta,inDrop3
7956,endothelial,inDrop3
7957,macrophage,inDrop3
7958,ductal,inDrop3
7959,mast,inDrop3
7960,alpha,inDrop3
7961,acinar,inDrop3
7962,beta,inDrop3
7963,endothelial,inDrop3
7964,quiescent_stellate,inDrop3
7965,alpha,inDrop3
7966,beta,inDrop3
7967,beta,inDrop3
7968,quiescent_stellate,inDrop3
7969,acinar,inDrop3
7970,t_cell,inDrop3
7971,beta,inDrop3
7972,endothelial,inDrop3
7973,beta,inDrop3
7974,beta,inDrop3
7975,quiescent_stellate,inDrop3
7976,delta,inDrop3
7977,beta,inDrop3
7978,endothelial,inDrop3
7979,beta,inDrop3
7980,beta,inDrop3
7981,delta,inDrop3
7982,macrophage,inDrop3
7983,beta,inDrop3
7984,beta,inDrop3
7985,beta,inDrop3
7986,beta,inDrop3
7987,endothelial,inDrop3
7988,beta,inDrop3
7989,activated_stellate,inDrop3
7990,beta,inDrop3
7991,alpha,inDrop3
7992,beta,inDrop3
7993,endothelial,inDrop3
7994,quiescent_stellate,inDrop3
7995,ductal,inDrop3
7996,endothelial,inDrop3
7997,endothelial,inDrop3
7998,beta,inDrop3
7999,endothelial,inDrop3
8000,beta,inDrop3
8001,beta,inDrop3
8002,alpha,inDrop3
8003,beta,inDrop3
8004,beta,inDrop3
8005,endothelial,inDrop3
8006,beta,inDrop3
8007,endothelial,inDrop3
8008,beta,inDrop3
8009,acinar,inDrop3
8010,acinar,inDrop3
8011,acinar,inDrop3
8012,acinar,inDrop3
8013,acinar,inDrop3
8014,acinar,inDrop3
8015,acinar,inDrop3
8016,acinar,inDrop3
8017,acinar,inDrop3
8018,acinar,inDrop3
8019,acinar,inDrop3
8020,acinar,inDrop3
8021,acinar,inDrop3
8022,acinar,inDrop3
8023,acinar,inDrop3
8024,acinar,inDrop3
8025,acinar,inDrop3
8026,acinar,inDrop3
8027,acinar,inDrop3
8028,acinar,inDrop3
8029,acinar,inDrop3
8030,acinar,inDrop3
8031,acinar,inDrop3
8032,acinar,inDrop3
8033,acinar,inDrop3
8034,acinar,inDrop3
8035,acinar,inDrop3
8036,acinar,inDrop3
8037,acinar,inDrop3
8038,delta,inDrop3
8039,acinar,inDrop3
8040,acinar,inDrop3
8041,acinar,inDrop3
8042,acinar,inDrop3
8043,acinar,inDrop3
8044,acinar,inDrop3
8045,acinar,inDrop3
8046,acinar,inDrop3
8047,acinar,inDrop3
8048,beta,inDrop3
8049,acinar,inDrop3
8050,beta,inDrop3
8051,acinar,inDrop3
8052,acinar,inDrop3
8053,alpha,inDrop3
8054,acinar,inDrop3
8055,delta,inDrop3
8056,acinar,inDrop3
8057,acinar,inDrop3
8058,delta,inDrop3
8059,acinar,inDrop3
8060,ductal,inDrop3
8061,acinar,inDrop3
8062,acinar,inDrop3
8063,acinar,inDrop3
8064,acinar,inDrop3
8065,acinar,inDrop3
8066,beta,inDrop3
8067,acinar,inDrop3
8068,acinar,inDrop3
8069,acinar,inDrop3
8070,acinar,inDrop3
8071,acinar,inDrop3
8072,acinar,inDrop3
8073,acinar,inDrop3
8074,acinar,inDrop3
8075,delta,inDrop3
8076,acinar,inDrop3
8077,acinar,inDrop3
8078,acinar,inDrop3
8079,beta,inDrop3
8080,acinar,inDrop3
8081,acinar,inDrop3
8082,acinar,inDrop3
8083,acinar,inDrop3
8084,acinar,inDrop3
8085,acinar,inDrop3
8086,acinar,inDrop3
8087,ductal,inDrop3
8088,acinar,inDrop3
8089,acinar,inDrop3
8090,delta,inDrop3
8091,acinar,inDrop3
8092,alpha,inDrop3
8093,ductal,inDrop3
8094,acinar,inDrop3
8095,acinar,inDrop3
8096,acinar,inDrop3
8097,alpha,inDrop3
8098,acinar,inDrop3
8099,acinar,inDrop3
8100,beta,inDrop3
8101,acinar,inDrop3
8102,beta,inDrop3
8103,beta,inDrop3
8104,beta,inDrop3
8105,beta,inDrop3
8106,beta,inDrop3
8107,delta,inDrop3
8108,ductal,inDrop3
8109,acinar,inDrop3
8110,acinar,inDrop3
8111,acinar,inDrop3
8112,delta,inDrop3
8113,beta,inDrop3
8114,acinar,inDrop3
8115,alpha,inDrop3
8116,acinar,inDrop3
8117,acinar,inDrop3
8118,acinar,inDrop3
8119,acinar,inDrop3
8120,beta,inDrop3
8121,acinar,inDrop3
8122,acinar,inDrop3
8123,acinar,inDrop3
8124,alpha,inDrop3
8125,beta,inDrop3
8126,delta,inDrop3
8127,activated_stellate,inDrop3
8128,acinar,inDrop3
8129,ductal,inDrop3
8130,acinar,inDrop3
8131,acinar,inDrop3
8132,beta,inDrop3
8133,acinar,inDrop3
8134,acinar,inDrop3
8135,acinar,inDrop3
8136,acinar,inDrop3
8137,acinar,inDrop3
8138,delta,inDrop3
8139,acinar,inDrop3
8140,beta,inDrop3
8141,acinar,inDrop3
8142,beta,inDrop3
8143,acinar,inDrop3
8144,beta,inDrop3
8145,acinar,inDrop3
8146,beta,inDrop3
8147,acinar,inDrop3
8148,beta,inDrop3
8149,beta,inDrop3
8150,acinar,inDrop3
8151,acinar,inDrop3
8152,delta,inDrop3
8153,ductal,inDrop3
8154,acinar,inDrop3
8155,acinar,inDrop3
8156,acinar,inDrop3
8157,acinar,inDrop3
8158,ductal,inDrop3
8159,alpha,inDrop3
8160,alpha,inDrop3
8161,alpha,inDrop3
8162,alpha,inDrop3
8163,acinar,inDrop3
8164,alpha,inDrop3
8165,acinar,inDrop3
8166,delta,inDrop3
8167,beta,inDrop3
8168,alpha,inDrop3
8169,beta,inDrop3
8170,beta,inDrop3
8171,beta,inDrop3
8172,acinar,inDrop3
8173,acinar,inDrop3
8174,alpha,inDrop3
8175,ductal,inDrop3
8176,alpha,inDrop3
8177,beta,inDrop3
8178,acinar,inDrop3
8179,acinar,inDrop3
8180,alpha,inDrop3
8181,acinar,inDrop3
8182,ductal,inDrop3
8183,acinar,inDrop3
8184,acinar,inDrop3
8185,acinar,inDrop3
8186,ductal,inDrop3
8187,acinar,inDrop3
8188,delta,inDrop3
8189,ductal,inDrop3
8190,acinar,inDrop3
8191,delta,inDrop3
8192,acinar,inDrop3
8193,alpha,inDrop3
8194,alpha,inDrop3
8195,acinar,inDrop3
8196,beta,inDrop3
8197,alpha,inDrop3
8198,acinar,inDrop3
8199,ductal,inDrop3
8200,delta,inDrop3
8201,beta,inDrop3
8202,beta,inDrop3
8203,acinar,inDrop3
8204,beta,inDrop3
8205,acinar,inDrop3
8206,acinar,inDrop3
8207,acinar,inDrop3
8208,acinar,inDrop3
8209,beta,inDrop3
8210,delta,inDrop3
8211,delta,inDrop3
8212,ductal,inDrop3
8213,beta,inDrop3
8214,alpha,inDrop3
8215,acinar,inDrop3
8216,beta,inDrop3
8217,alpha,inDrop3
8218,ductal,inDrop3
8219,acinar,inDrop3
8220,delta,inDrop3
8221,acinar,inDrop3
8222,acinar,inDrop3
8223,beta,inDrop3
8224,alpha,inDrop3
8225,alpha,inDrop3
8226,beta,inDrop3
8227,acinar,inDrop3
8228,gamma,inDrop3
8229,alpha,inDrop3
8230,alpha,inDrop3
8231,beta,inDrop3
8232,acinar,inDrop3
8233,beta,inDrop3
8234,beta,inDrop3
8235,beta,inDrop3
8236,acinar,inDrop3
8237,beta,inDrop3
8238,delta,inDrop3
8239,alpha,inDrop3
8240,ductal,inDrop3
8241,acinar,inDrop3
8242,acinar,inDrop3
8243,delta,inDrop3
8244,beta,inDrop3
8245,quiescent_stellate,inDrop3
8246,alpha,inDrop3
8247,ductal,inDrop3
8248,beta,inDrop3
8249,alpha,inDrop3
8250,acinar,inDrop3
8251,beta,inDrop3
8252,beta,inDrop3
8253,alpha,inDrop3
8254,alpha,inDrop3
8255,alpha,inDrop3
8256,alpha,inDrop3
8257,ductal,inDrop3
8258,alpha,inDrop3
8259,beta,inDrop3
8260,alpha,inDrop3
8261,alpha,inDrop3
8262,beta,inDrop3
8263,activated_stellate,inDrop3
8264,alpha,inDrop3
8265,beta,inDrop3
8266,alpha,inDrop3
8267,alpha,inDrop3
8268,alpha,inDrop3
8269,gamma,inDrop3
8270,ductal,inDrop3
8271,beta,inDrop3
8272,beta,inDrop3
8273,beta,inDrop3
8274,ductal,inDrop3
8275,ductal,inDrop3
8276,beta,inDrop3
8277,acinar,inDrop3
8278,acinar,inDrop3
8279,ductal,inDrop3
8280,acinar,inDrop3
8281,alpha,inDrop3
8282,ductal,inDrop3
8283,beta,inDrop3
8284,alpha,inDrop3
8285,acinar,inDrop3
8286,delta,inDrop3
8287,beta,inDrop3
8288,alpha,inDrop3
8289,beta,inDrop3
8290,beta,inDrop3
8291,epsilon,inDrop3
8292,ductal,inDrop3
8293,beta,inDrop3
8294,beta,inDrop3
8295,acinar,inDrop3
8296,alpha,inDrop3
8297,beta,inDrop3
8298,alpha,inDrop3
8299,beta,inDrop3
8300,acinar,inDrop3
8301,beta,inDrop3
8302,alpha,inDrop3
8303,beta,inDrop3
8304,delta,inDrop3
8305,alpha,inDrop3
8306,beta,inDrop3
8307,beta,inDrop3
8308,acinar,inDrop3
8309,beta,inDrop3
8310,alpha,inDrop3
8311,activated_stellate,inDrop3
8312,alpha,inDrop3
8313,alpha,inDrop3
8314,beta,inDrop3
8315,ductal,inDrop3
8316,beta,inDrop3
8317,beta,inDrop3
8318,alpha,inDrop3
8319,ductal,inDrop3
8320,beta,inDrop3
8321,beta,inDrop3
8322,ductal,inDrop3
8323,ductal,inDrop3
8324,ductal,inDrop3
8325,ductal,inDrop3
8326,acinar,inDrop3
8327,alpha,inDrop3
8328,alpha,inDrop3
8329,beta,inDrop3
8330,delta,inDrop3
8331,beta,inDrop3
8332,beta,inDrop3
8333,alpha,inDrop3
8334,alpha,inDrop3
8335,activated_stellate,inDrop3
8336,alpha,inDrop3
8337,beta,inDrop3
8338,beta,inDrop3
8339,alpha,inDrop3
8340,ductal,inDrop3
8341,alpha,inDrop3
8342,alpha,inDrop3
8343,ductal,inDrop3
8344,alpha,inDrop3
8345,beta,inDrop3
8346,alpha,inDrop3
8347,ductal,inDrop3
8348,delta,inDrop3
8349,beta,inDrop3
8350,acinar,inDrop3
8351,activated_stellate,inDrop3
8352,beta,inDrop3
8353,acinar,inDrop3
8354,beta,inDrop3
8355,beta,inDrop3
8356,beta,inDrop3
8357,alpha,inDrop3
8358,beta,inDrop3
8359,alpha,inDrop3
8360,ductal,inDrop3
8361,delta,inDrop3
8362,beta,inDrop3
8363,acinar,inDrop3
8364,acinar,inDrop3
8365,beta,inDrop3
8366,acinar,inDrop3
8367,ductal,inDrop3
8368,alpha,inDrop3
8369,ductal,inDrop3
8370,beta,inDrop3
8371,alpha,inDrop3
8372,beta,inDrop3
8373,acinar,inDrop3
8374,alpha,inDrop3
8375,alpha,inDrop3
8376,acinar,inDrop3
8377,alpha,inDrop3
8378,alpha,inDrop3
8379,acinar,inDrop3
8380,alpha,inDrop3
8381,beta,inDrop3
8382,beta,inDrop3
8383,alpha,inDrop3
8384,alpha,inDrop3
8385,endothelial,inDrop3
8386,alpha,inDrop3
8387,delta,inDrop3
8388,beta,inDrop3
8389,acinar,inDrop3
8390,alpha,inDrop3
8391,acinar,inDrop3
8392,ductal,inDrop3
8393,beta,inDrop3
8394,beta,inDrop3
8395,beta,inDrop3
8396,beta,inDrop3
8397,alpha,inDrop3
8398,alpha,inDrop3
8399,ductal,inDrop3
8400,beta,inDrop3
8401,endothelial,inDrop3
8402,ductal,inDrop3
8403,alpha,inDrop3
8404,ductal,inDrop3
8405,alpha,inDrop3
8406,alpha,inDrop3
8407,beta,inDrop3
8408,alpha,inDrop3
8409,alpha,inDrop3
8410,gamma,inDrop3
8411,ductal,inDrop3
8412,alpha,inDrop3
8413,acinar,inDrop3
8414,acinar,inDrop3
8415,acinar,inDrop3
8416,alpha,inDrop3
8417,alpha,inDrop3
8418,alpha,inDrop3
8419,ductal,inDrop3
8420,ductal,inDrop3
8421,delta,inDrop3
8422,acinar,inDrop3
8423,alpha,inDrop3
8424,alpha,inDrop3
8425,alpha,inDrop3
8426,acinar,inDrop3
8427,alpha,inDrop3
8428,beta,inDrop3
8429,alpha,inDrop3
8430,beta,inDrop3
8431,alpha,inDrop3
8432,ductal,inDrop3
8433,alpha,inDrop3
8434,ductal,inDrop3
8435,beta,inDrop3
8436,alpha,inDrop3
8437,beta,inDrop3
8438,beta,inDrop3
8439,alpha,inDrop3
8440,alpha,inDrop3
8441,alpha,inDrop3
8442,ductal,inDrop3
8443,delta,inDrop3
8444,alpha,inDrop3
8445,alpha,inDrop3
8446,alpha,inDrop3
8447,alpha,inDrop3
8448,alpha,inDrop3
8449,alpha,inDrop3
8450,ductal,inDrop3
8451,ductal,inDrop3
8452,ductal,inDrop3
8453,acinar,inDrop3
8454,alpha,inDrop3
8455,ductal,inDrop3
8456,alpha,inDrop3
8457,activated_stellate,inDrop3
8458,beta,inDrop3
8459,gamma,inDrop3
8460,beta,inDrop3
8461,alpha,inDrop3
8462,alpha,inDrop3
8463,activated_stellate,inDrop3
8464,alpha,inDrop3
8465,quiescent_stellate,inDrop3
8466,alpha,inDrop3
8467,acinar,inDrop3
8468,alpha,inDrop3
8469,alpha,inDrop3
8470,beta,inDrop3
8471,beta,inDrop3
8472,alpha,inDrop3
8473,beta,inDrop3
8474,acinar,inDrop3
8475,beta,inDrop3
8476,ductal,inDrop3
8477,ductal,inDrop3
8478,beta,inDrop3
8479,alpha,inDrop3
8480,beta,inDrop3
8481,beta,inDrop3
8482,ductal,inDrop3
8483,beta,inDrop3
8484,beta,inDrop3
8485,alpha,inDrop3
8486,ductal,inDrop3
8487,alpha,inDrop3
8488,macrophage,inDrop3
8489,beta,inDrop3
8490,beta,inDrop3
8491,alpha,inDrop3
8492,alpha,inDrop3
8493,alpha,inDrop3
8494,alpha,inDrop3
8495,ductal,inDrop3
8496,alpha,inDrop3
8497,ductal,inDrop3
8498,quiescent_stellate,inDrop3
8499,ductal,inDrop3
8500,alpha,inDrop3
8501,alpha,inDrop3
8502,acinar,inDrop3
8503,alpha,inDrop3
8504,alpha,inDrop3
8505,beta,inDrop3
8506,alpha,inDrop3
8507,ductal,inDrop3
8508,alpha,inDrop3
8509,beta,inDrop3
8510,acinar,inDrop3
8511,alpha,inDrop3
8512,beta,inDrop3
8513,acinar,inDrop3
8514,beta,inDrop3
8515,ductal,inDrop3
8516,beta,inDrop3
8517,alpha,inDrop3
8518,alpha,inDrop3
8519,alpha,inDrop3
8520,acinar,inDrop3
8521,ductal,inDrop3
8522,alpha,inDrop3
8523,ductal,inDrop3
8524,alpha,inDrop3
8525,ductal,inDrop3
8526,acinar,inDrop3
8527,acinar,inDrop3
8528,ductal,inDrop3
8529,quiescent_stellate,inDrop3
8530,alpha,inDrop3
8531,alpha,inDrop3
8532,ductal,inDrop3
8533,beta,inDrop3
8534,beta,inDrop3
8535,alpha,inDrop3
8536,beta,inDrop3
8537,delta,inDrop3
8538,activated_stellate,inDrop3
8539,delta,inDrop3
8540,beta,inDrop3
8541,acinar,inDrop3
8542,ductal,inDrop3
8543,alpha,inDrop3
8544,activated_stellate,inDrop3
8545,acinar,inDrop3
8546,ductal,inDrop3
8547,alpha,inDrop3
8548,ductal,inDrop3
8549,beta,inDrop3
8550,alpha,inDrop3
8551,beta,inDrop3
8552,beta,inDrop3
8553,alpha,inDrop3
8554,alpha,inDrop3
8555,beta,inDrop3
8556,acinar,inDrop3
8557,acinar,inDrop3
8558,endothelial,inDrop3
8559,beta,inDrop3
8560,activated_stellate,inDrop3
8561,alpha,inDrop3
8562,alpha,inDrop3
8563,acinar,inDrop3
8564,alpha,inDrop3
8565,alpha,inDrop3
8566,alpha,inDrop3
8567,alpha,inDrop3
8568,beta,inDrop3
8569,acinar,inDrop3
8570,alpha,inDrop3
8571,beta,inDrop3
8572,ductal,inDrop3
8573,ductal,inDrop3
8574,ductal,inDrop3
8575,alpha,inDrop3
8576,gamma,inDrop3
8577,alpha,inDrop3
8578,beta,inDrop3
8579,alpha,inDrop3
8580,endothelial,inDrop3
8581,alpha,inDrop3
8582,macrophage,inDrop3
8583,acinar,inDrop3
8584,activated_stellate,inDrop3
8585,beta,inDrop3
8586,alpha,inDrop3
8587,alpha,inDrop3
8588,alpha,inDrop3
8589,ductal,inDrop3
8590,alpha,inDrop3
8591,beta,inDrop3
8592,alpha,inDrop3
8593,beta,inDrop3
8594,beta,inDrop3
8595,alpha,inDrop3
8596,beta,inDrop3
8597,delta,inDrop3
8598,alpha,inDrop3
8599,activated_stellate,inDrop3
8600,alpha,inDrop3
8601,activated_stellate,inDrop3
8602,alpha,inDrop3
8603,beta,inDrop3
8604,alpha,inDrop3
8605,ductal,inDrop3
8606,beta,inDrop3
8607,beta,inDrop3
8608,alpha,inDrop3
8609,acinar,inDrop3
8610,alpha,inDrop3
8611,endothelial,inDrop3
8612,beta,inDrop3
8613,alpha,inDrop3
8614,alpha,inDrop3
8615,alpha,inDrop3
8616,beta,inDrop3
8617,ductal,inDrop3
8618,acinar,inDrop3
8619,acinar,inDrop3
8620,alpha,inDrop3
8621,endothelial,inDrop3
8622,ductal,inDrop3
8623,acinar,inDrop3
8624,beta,inDrop3
8625,beta,inDrop3
8626,beta,inDrop3
8627,ductal,inDrop3
8628,alpha,inDrop3
8629,alpha,inDrop3
8630,acinar,inDrop3
8631,gamma,inDrop3
8632,alpha,inDrop3
8633,alpha,inDrop3
8634,acinar,inDrop3
8635,alpha,inDrop3
8636,alpha,inDrop3
8637,alpha,inDrop3
8638,beta,inDrop3
8639,beta,inDrop3
8640,beta,inDrop3
8641,acinar,inDrop3
8642,alpha,inDrop3
8643,beta,inDrop3
8644,acinar,inDrop3
8645,alpha,inDrop3
8646,ductal,inDrop3
8647,alpha,inDrop3
8648,alpha,inDrop3
8649,alpha,inDrop3
8650,beta,inDrop3
8651,acinar,inDrop3
8652,beta,inDrop3
8653,beta,inDrop3
8654,alpha,inDrop3
8655,acinar,inDrop3
8656,activated_stellate,inDrop3
8657,alpha,inDrop3
8658,alpha,inDrop3
8659,alpha,inDrop3
8660,alpha,inDrop3
8661,ductal,inDrop3
8662,alpha,inDrop3
8663,acinar,inDrop3
8664,alpha,inDrop3
8665,beta,inDrop3
8666,alpha,inDrop3
8667,alpha,inDrop3
8668,alpha,inDrop3
8669,alpha,inDrop3
8670,acinar,inDrop3
8671,beta,inDrop3
8672,alpha,inDrop3
8673,acinar,inDrop3
8674,alpha,inDrop3
8675,acinar,inDrop3
8676,alpha,inDrop3
8677,alpha,inDrop3
8678,ductal,inDrop3
8679,beta,inDrop3
8680,beta,inDrop3
8681,acinar,inDrop3
8682,alpha,inDrop3
8683,activated_stellate,inDrop3
8684,alpha,inDrop3
8685,alpha,inDrop3
8686,alpha,inDrop3
8687,beta,inDrop3
8688,beta,inDrop3
8689,gamma,inDrop3
8690,alpha,inDrop3
8691,beta,inDrop3
8692,activated_stellate,inDrop3
8693,acinar,inDrop3
8694,ductal,inDrop3
8695,alpha,inDrop3
8696,alpha,inDrop3
8697,beta,inDrop3
8698,ductal,inDrop3
8699,beta,inDrop3
8700,delta,inDrop3
8701,ductal,inDrop3
8702,acinar,inDrop3
8703,ductal,inDrop3
8704,acinar,inDrop3
8705,alpha,inDrop3
8706,ductal,inDrop3
8707,alpha,inDrop3
8708,beta,inDrop3
8709,beta,inDrop3
8710,alpha,inDrop3
8711,alpha,inDrop3
8712,alpha,inDrop3
8713,endothelial,inDrop3
8714,acinar,inDrop3
8715,ductal,inDrop3
8716,alpha,inDrop3
8717,beta,inDrop3
8718,ductal,inDrop3
8719,alpha,inDrop3
8720,alpha,inDrop3
8721,beta,inDrop3
8722,alpha,inDrop3
8723,ductal,inDrop3
8724,beta,inDrop3
8725,ductal,inDrop3
8726,ductal,inDrop3
8727,ductal,inDrop3
8728,alpha,inDrop3
8729,alpha,inDrop3
8730,alpha,inDrop3
8731,beta,inDrop3
8732,ductal,inDrop3
8733,alpha,inDrop3
8734,endothelial,inDrop3
8735,alpha,inDrop3
8736,quiescent_stellate,inDrop3
8737,beta,inDrop3
8738,delta,inDrop3
8739,alpha,inDrop3
8740,acinar,inDrop3
8741,alpha,inDrop3
8742,beta,inDrop3
8743,beta,inDrop3
8744,alpha,inDrop3
8745,quiescent_stellate,inDrop3
8746,alpha,inDrop3
8747,beta,inDrop3
8748,alpha,inDrop3
8749,quiescent_stellate,inDrop3
8750,acinar,inDrop3
8751,alpha,inDrop3
8752,alpha,inDrop3
8753,beta,inDrop3
8754,acinar,inDrop3
8755,delta,inDrop3
8756,acinar,inDrop3
8757,alpha,inDrop3
8758,alpha,inDrop3
8759,ductal,inDrop3
8760,gamma,inDrop3
8761,endothelial,inDrop3
8762,beta,inDrop3
8763,alpha,inDrop3
8764,alpha,inDrop3
8765,ductal,inDrop3
8766,alpha,inDrop3
8767,alpha,inDrop3
8768,alpha,inDrop3
8769,beta,inDrop3
8770,acinar,inDrop3
8771,alpha,inDrop3
8772,beta,inDrop3
8773,alpha,inDrop3
8774,alpha,inDrop3
8775,alpha,inDrop3
8776,ductal,inDrop3
8777,delta,inDrop3
8778,alpha,inDrop3
8779,alpha,inDrop3
8780,alpha,inDrop3
8781,acinar,inDrop3
8782,ductal,inDrop3
8783,ductal,inDrop3
8784,alpha,inDrop3
8785,alpha,inDrop3
8786,alpha,inDrop3
8787,acinar,inDrop3
8788,beta,inDrop3
8789,alpha,inDrop3
8790,gamma,inDrop3
8791,acinar,inDrop3
8792,alpha,inDrop3
8793,gamma,inDrop3
8794,gamma,inDrop3
8795,beta,inDrop3
8796,beta,inDrop3
8797,alpha,inDrop3
8798,beta,inDrop3
8799,beta,inDrop3
8800,acinar,inDrop3
8801,acinar,inDrop3
8802,acinar,inDrop3
8803,quiescent_stellate,inDrop3
8804,quiescent_stellate,inDrop3
8805,ductal,inDrop3
8806,beta,inDrop3
8807,alpha,inDrop3
8808,beta,inDrop3
8809,alpha,inDrop3
8810,ductal,inDrop3
8811,alpha,inDrop3
8812,alpha,inDrop3
8813,alpha,inDrop3
8814,alpha,inDrop3
8815,alpha,inDrop3
8816,beta,inDrop3
8817,beta,inDrop3
8818,beta,inDrop3
8819,acinar,inDrop3
8820,alpha,inDrop3
8821,beta,inDrop3
8822,beta,inDrop3
8823,beta,inDrop3
8824,beta,inDrop3
8825,gamma,inDrop3
8826,endothelial,inDrop3
8827,quiescent_stellate,inDrop3
8828,alpha,inDrop3
8829,alpha,inDrop3
8830,beta,inDrop3
8831,beta,inDrop3
8832,beta,inDrop3
8833,ductal,inDrop3
8834,ductal,inDrop3
8835,beta,inDrop3
8836,quiescent_stellate,inDrop3
8837,alpha,inDrop3
8838,alpha,inDrop3
8839,alpha,inDrop3
8840,activated_stellate,inDrop3
8841,acinar,inDrop3
8842,beta,inDrop3
8843,alpha,inDrop3
8844,alpha,inDrop3
8845,ductal,inDrop3
8846,alpha,inDrop3
8847,beta,inDrop3
8848,alpha,inDrop3
8849,beta,inDrop3
8850,endothelial,inDrop3
8851,ductal,inDrop3
8852,endothelial,inDrop3
8853,beta,inDrop3
8854,quiescent_stellate,inDrop3
8855,endothelial,inDrop3
8856,alpha,inDrop3
8857,alpha,inDrop3
8858,beta,inDrop3
8859,alpha,inDrop3
8860,activated_stellate,inDrop3
8861,quiescent_stellate,inDrop3
8862,alpha,inDrop3
8863,beta,inDrop3
8864,alpha,inDrop3
8865,alpha,inDrop3
8866,beta,inDrop3
8867,activated_stellate,inDrop3
8868,beta,inDrop3
8869,alpha,inDrop3
8870,beta,inDrop3
8871,delta,inDrop3
8872,quiescent_stellate,inDrop3
8873,alpha,inDrop3
8874,beta,inDrop3
8875,beta,inDrop3
8876,alpha,inDrop3
8877,beta,inDrop3
8878,alpha,inDrop3
8879,beta,inDrop3
8880,delta,inDrop3
8881,ductal,inDrop3
8882,alpha,inDrop3
8883,beta,inDrop3
8884,endothelial,inDrop3
8885,beta,inDrop3
8886,beta,inDrop3
8887,alpha,inDrop3
8888,alpha,inDrop3
8889,alpha,inDrop3
8890,alpha,inDrop3
8891,schwann,inDrop3
8892,alpha,inDrop3
8893,beta,inDrop3
8894,macrophage,inDrop3
8895,endothelial,inDrop3
8896,ductal,inDrop3
8897,beta,inDrop3
8898,alpha,inDrop3
8899,alpha,inDrop3
8900,quiescent_stellate,inDrop3
8901,acinar,inDrop3
8902,ductal,inDrop3
8903,alpha,inDrop3
8904,beta,inDrop3
8905,alpha,inDrop3
8906,beta,inDrop3
8907,alpha,inDrop3
8908,ductal,inDrop4
8909,delta,inDrop4
8910,delta,inDrop4
8911,ductal,inDrop4
8912,ductal,inDrop4
8913,ductal,inDrop4
8914,ductal,inDrop4
8915,alpha,inDrop4
8916,ductal,inDrop4
8917,ductal,inDrop4
8918,alpha,inDrop4
8919,ductal,inDrop4
8920,ductal,inDrop4
8921,ductal,inDrop4
8922,delta,inDrop4
8923,activated_stellate,inDrop4
8924,beta,inDrop4
8925,ductal,inDrop4
8926,ductal,inDrop4
8927,beta,inDrop4
8928,beta,inDrop4
8929,delta,inDrop4
8930,ductal,inDrop4
8931,delta,inDrop4
8932,alpha,inDrop4
8933,beta,inDrop4
8934,beta,inDrop4
8935,delta,inDrop4
8936,ductal,inDrop4
8937,activated_stellate,inDrop4
8938,ductal,inDrop4
8939,ductal,inDrop4
8940,ductal,inDrop4
8941,beta,inDrop4
8942,macrophage,inDrop4
8943,alpha,inDrop4
8944,beta,inDrop4
8945,beta,inDrop4
8946,alpha,inDrop4
8947,ductal,inDrop4
8948,beta,inDrop4
8949,beta,inDrop4
8950,alpha,inDrop4
8951,ductal,inDrop4
8952,ductal,inDrop4
8953,beta,inDrop4
8954,beta,inDrop4
8955,alpha,inDrop4
8956,beta,inDrop4
8957,alpha,inDrop4
8958,beta,inDrop4
8959,ductal,inDrop4
8960,beta,inDrop4
8961,ductal,inDrop4
8962,alpha,inDrop4
8963,beta,inDrop4
8964,delta,inDrop4
8965,beta,inDrop4
8966,beta,inDrop4
8967,ductal,inDrop4
8968,beta,inDrop4
8969,ductal,inDrop4
8970,beta,inDrop4
8971,ductal,inDrop4
8972,ductal,inDrop4
8973,activated_stellate,inDrop4
8974,alpha,inDrop4
8975,alpha,inDrop4
8976,delta,inDrop4
8977,activated_stellate,inDrop4
8978,activated_stellate,inDrop4
8979,beta,inDrop4
8980,activated_stellate,inDrop4
8981,alpha,inDrop4
8982,beta,inDrop4
8983,ductal,inDrop4
8984,quiescent_stellate,inDrop4
8985,beta,inDrop4
8986,ductal,inDrop4
8987,beta,inDrop4
8988,beta,inDrop4
8989,activated_stellate,inDrop4
8990,delta,inDrop4
8991,beta,inDrop4
8992,beta,inDrop4
8993,beta,inDrop4
8994,beta,inDrop4
8995,delta,inDrop4
8996,beta,inDrop4
8997,delta,inDrop4
8998,alpha,inDrop4
8999,ductal,inDrop4
9000,alpha,inDrop4
9001,alpha,inDrop4
9002,alpha,inDrop4
9003,macrophage,inDrop4
9004,delta,inDrop4
9005,ductal,inDrop4
9006,ductal,inDrop4
9007,beta,inDrop4
9008,ductal,inDrop4
9009,beta,inDrop4
9010,beta,inDrop4
9011,alpha,inDrop4
9012,beta,inDrop4
9013,delta,inDrop4
9014,alpha,inDrop4
9015,alpha,inDrop4
9016,delta,inDrop4
9017,beta,inDrop4
9018,ductal,inDrop4
9019,beta,inDrop4
9020,beta,inDrop4
9021,delta,inDrop4
9022,acinar,inDrop4
9023,ductal,inDrop4
9024,alpha,inDrop4
9025,ductal,inDrop4
9026,ductal,inDrop4
9027,beta,inDrop4
9028,beta,inDrop4
9029,gamma,inDrop4
9030,alpha,inDrop4
9031,beta,inDrop4
9032,beta,inDrop4
9033,beta,inDrop4
9034,ductal,inDrop4
9035,activated_stellate,inDrop4
9036,delta,inDrop4
9037,beta,inDrop4
9038,ductal,inDrop4
9039,beta,inDrop4
9040,ductal,inDrop4
9041,ductal,inDrop4
9042,beta,inDrop4
9043,alpha,inDrop4
9044,ductal,inDrop4
9045,delta,inDrop4
9046,beta,inDrop4
9047,delta,inDrop4
9048,delta,inDrop4
9049,alpha,inDrop4
9050,alpha,inDrop4
9051,ductal,inDrop4
9052,macrophage,inDrop4
9053,alpha,inDrop4
9054,ductal,inDrop4
9055,ductal,inDrop4
9056,ductal,inDrop4
9057,beta,inDrop4
9058,beta,inDrop4
9059,alpha,inDrop4
9060,beta,inDrop4
9061,alpha,inDrop4
9062,beta,inDrop4
9063,beta,inDrop4
9064,ductal,inDrop4
9065,ductal,inDrop4
9066,beta,inDrop4
9067,beta,inDrop4
9068,alpha,inDrop4
9069,alpha,inDrop4
9070,beta,inDrop4
9071,beta,inDrop4
9072,alpha,inDrop4
9073,beta,inDrop4
9074,beta,inDrop4
9075,alpha,inDrop4
9076,delta,inDrop4
9077,beta,inDrop4
9078,alpha,inDrop4
9079,beta,inDrop4
9080,beta,inDrop4
9081,beta,inDrop4
9082,beta,inDrop4
9083,delta,inDrop4
9084,beta,inDrop4
9085,ductal,inDrop4
9086,gamma,inDrop4
9087,delta,inDrop4
9088,ductal,inDrop4
9089,alpha,inDrop4
9090,ductal,inDrop4
9091,alpha,inDrop4
9092,alpha,inDrop4
9093,delta,inDrop4
9094,alpha,inDrop4
9095,beta,inDrop4
9096,delta,inDrop4
9097,alpha,inDrop4
9098,alpha,inDrop4
9099,delta,inDrop4
9100,beta,inDrop4
9101,beta,inDrop4
9102,alpha,inDrop4
9103,gamma,inDrop4
9104,beta,inDrop4
9105,beta,inDrop4
9106,gamma,inDrop4
9107,delta,inDrop4
9108,ductal,inDrop4
9109,beta,inDrop4
9110,alpha,inDrop4
9111,delta,inDrop4
9112,beta,inDrop4
9113,beta,inDrop4
9114,alpha,inDrop4
9115,ductal,inDrop4
9116,ductal,inDrop4
9117,beta,inDrop4
9118,alpha,inDrop4
9119,ductal,inDrop4
9120,activated_stellate,inDrop4
9121,alpha,inDrop4
9122,beta,inDrop4
9123,alpha,inDrop4
9124,ductal,inDrop4
9125,beta,inDrop4
9126,beta,inDrop4
9127,ductal,inDrop4
9128,beta,inDrop4
9129,beta,inDrop4
9130,ductal,inDrop4
9131,beta,inDrop4
9132,beta,inDrop4
9133,beta,inDrop4
9134,beta,inDrop4
9135,alpha,inDrop4
9136,delta,inDrop4
9137,alpha,inDrop4
9138,macrophage,inDrop4
9139,alpha,inDrop4
9140,alpha,inDrop4
9141,beta,inDrop4
9142,activated_stellate,inDrop4
9143,beta,inDrop4
9144,beta,inDrop4
9145,ductal,inDrop4
9146,ductal,inDrop4
9147,gamma,inDrop4
9148,beta,inDrop4
9149,ductal,inDrop4
9150,beta,inDrop4
9151,beta,inDrop4
9152,beta,inDrop4
9153,beta,inDrop4
9154,beta,inDrop4
9155,alpha,inDrop4
9156,delta,inDrop4
9157,alpha,inDrop4
9158,ductal,inDrop4
9159,ductal,inDrop4
9160,beta,inDrop4
9161,alpha,inDrop4
9162,alpha,inDrop4
9163,ductal,inDrop4
9164,ductal,inDrop4
9165,alpha,inDrop4
9166,alpha,inDrop4
9167,ductal,inDrop4
9168,beta,inDrop4
9169,beta,inDrop4
9170,alpha,inDrop4
9171,ductal,inDrop4
9172,gamma,inDrop4
9173,beta,inDrop4
9174,delta,inDrop4
9175,gamma,inDrop4
9176,beta,inDrop4
9177,ductal,inDrop4
9178,ductal,inDrop4
9179,beta,inDrop4
9180,ductal,inDrop4
9181,beta,inDrop4
9182,alpha,inDrop4
9183,beta,inDrop4
9184,beta,inDrop4
9185,beta,inDrop4
9186,alpha,inDrop4
9187,beta,inDrop4
9188,alpha,inDrop4
9189,beta,inDrop4
9190,beta,inDrop4
9191,alpha,inDrop4
9192,ductal,inDrop4
9193,alpha,inDrop4
9194,ductal,inDrop4
9195,beta,inDrop4
9196,alpha,inDrop4
9197,beta,inDrop4
9198,beta,inDrop4
9199,beta,inDrop4
9200,beta,inDrop4
9201,alpha,inDrop4
9202,macrophage,inDrop4
9203,alpha,inDrop4
9204,delta,inDrop4
9205,gamma,inDrop4
9206,beta,inDrop4
9207,beta,inDrop4
9208,delta,inDrop4
9209,ductal,inDrop4
9210,ductal,inDrop4
9211,beta,inDrop4
9212,beta,inDrop4
9213,alpha,inDrop4
9214,beta,inDrop4
9215,alpha,inDrop4
9216,activated_stellate,inDrop4
9217,alpha,inDrop4
9218,gamma,inDrop4
9219,delta,inDrop4
9220,beta,inDrop4
9221,alpha,inDrop4
9222,alpha,inDrop4
9223,beta,inDrop4
9224,delta,inDrop4
9225,delta,inDrop4
9226,delta,inDrop4
9227,alpha,inDrop4
9228,beta,inDrop4
9229,beta,inDrop4
9230,activated_stellate,inDrop4
9231,ductal,inDrop4
9232,beta,inDrop4
9233,epsilon,inDrop4
9234,alpha,inDrop4
9235,gamma,inDrop4
9236,gamma,inDrop4
9237,beta,inDrop4
9238,gamma,inDrop4
9239,alpha,inDrop4
9240,alpha,inDrop4
9241,beta,inDrop4
9242,alpha,inDrop4
9243,ductal,inDrop4
9244,delta,inDrop4
9245,alpha,inDrop4
9246,beta,inDrop4
9247,beta,inDrop4
9248,alpha,inDrop4
9249,beta,inDrop4
9250,ductal,inDrop4
9251,alpha,inDrop4
9252,alpha,inDrop4
9253,ductal,inDrop4
9254,delta,inDrop4
9255,beta,inDrop4
9256,macrophage,inDrop4
9257,alpha,inDrop4
9258,ductal,inDrop4
9259,beta,inDrop4
9260,alpha,inDrop4
9261,activated_stellate,inDrop4
9262,ductal,inDrop4
9263,beta,inDrop4
9264,alpha,inDrop4
9265,beta,inDrop4
9266,beta,inDrop4
9267,ductal,inDrop4
9268,endothelial,inDrop4
9269,ductal,inDrop4
9270,alpha,inDrop4
9271,ductal,inDrop4
9272,gamma,inDrop4
9273,beta,inDrop4
9274,activated_stellate,inDrop4
9275,beta,inDrop4
9276,alpha,inDrop4
9277,alpha,inDrop4
9278,activated_stellate,inDrop4
9279,ductal,inDrop4
9280,alpha,inDrop4
9281,beta,inDrop4
9282,beta,inDrop4
9283,alpha,inDrop4
9284,delta,inDrop4
9285,beta,inDrop4
9286,ductal,inDrop4
9287,beta,inDrop4
9288,beta,inDrop4
9289,beta,inDrop4
9290,beta,inDrop4
9291,alpha,inDrop4
9292,beta,inDrop4
9293,alpha,inDrop4
9294,delta,inDrop4
9295,gamma,inDrop4
9296,beta,inDrop4
9297,beta,inDrop4
9298,alpha,inDrop4
9299,alpha,inDrop4
9300,delta,inDrop4
9301,alpha,inDrop4
9302,gamma,inDrop4
9303,beta,inDrop4
9304,beta,inDrop4
9305,beta,inDrop4
9306,ductal,inDrop4
9307,activated_stellate,inDrop4
9308,beta,inDrop4
9309,ductal,inDrop4
9310,beta,inDrop4
9311,beta,inDrop4
9312,beta,inDrop4
9313,delta,inDrop4
9314,beta,inDrop4
9315,alpha,inDrop4
9316,beta,inDrop4
9317,beta,inDrop4
9318,beta,inDrop4
9319,beta,inDrop4
9320,ductal,inDrop4
9321,beta,inDrop4
9322,beta,inDrop4
9323,alpha,inDrop4
9324,beta,inDrop4
9325,beta,inDrop4
9326,delta,inDrop4
9327,ductal,inDrop4
9328,alpha,inDrop4
9329,ductal,inDrop4
9330,beta,inDrop4
9331,alpha,inDrop4
9332,endothelial,inDrop4
9333,beta,inDrop4
9334,beta,inDrop4
9335,alpha,inDrop4
9336,beta,inDrop4
9337,beta,inDrop4
9338,beta,inDrop4
9339,beta,inDrop4
9340,beta,inDrop4
9341,beta,inDrop4
9342,alpha,inDrop4
9343,beta,inDrop4
9344,beta,inDrop4
9345,ductal,inDrop4
9346,ductal,inDrop4
9347,activated_stellate,inDrop4
9348,alpha,inDrop4
9349,alpha,inDrop4
9350,alpha,inDrop4
9351,beta,inDrop4
9352,beta,inDrop4
9353,ductal,inDrop4
9354,activated_stellate,inDrop4
9355,alpha,inDrop4
9356,gamma,inDrop4
9357,quiescent_stellate,inDrop4
9358,beta,inDrop4
9359,ductal,inDrop4
9360,delta,inDrop4
9361,beta,inDrop4
9362,ductal,inDrop4
9363,beta,inDrop4
9364,alpha,inDrop4
9365,gamma,inDrop4
9366,beta,inDrop4
9367,alpha,inDrop4
9368,beta,inDrop4
9369,ductal,inDrop4
9370,beta,inDrop4
9371,gamma,inDrop4
9372,beta,inDrop4
9373,ductal,inDrop4
9374,beta,inDrop4
9375,ductal,inDrop4
9376,ductal,inDrop4
9377,gamma,inDrop4
9378,activated_stellate,inDrop4
9379,alpha,inDrop4
9380,alpha,inDrop4
9381,beta,inDrop4
9382,beta,inDrop4
9383,beta,inDrop4
9384,alpha,inDrop4
9385,beta,inDrop4
9386,alpha,inDrop4
9387,alpha,inDrop4
9388,alpha,inDrop4
9389,beta,inDrop4
9390,alpha,inDrop4
9391,gamma,inDrop4
9392,endothelial,inDrop4
9393,beta,inDrop4
9394,alpha,inDrop4
9395,gamma,inDrop4
9396,beta,inDrop4
9397,beta,inDrop4
9398,beta,inDrop4
9399,ductal,inDrop4
9400,activated_stellate,inDrop4
9401,delta,inDrop4
9402,activated_stellate,inDrop4
9403,ductal,inDrop4
9404,beta,inDrop4
9405,alpha,inDrop4
9406,beta,inDrop4
9407,beta,inDrop4
9408,beta,inDrop4
9409,beta,inDrop4
9410,beta,inDrop4
9411,beta,inDrop4
9412,gamma,inDrop4
9413,activated_stellate,inDrop4
9414,ductal,inDrop4
9415,alpha,inDrop4
9416,beta,inDrop4
9417,beta,inDrop4
9418,alpha,inDrop4
9419,beta,inDrop4
9420,beta,inDrop4
9421,beta,inDrop4
9422,beta,inDrop4
9423,beta,inDrop4
9424,gamma,inDrop4
9425,alpha,inDrop4
9426,alpha,inDrop4
9427,ductal,inDrop4
9428,beta,inDrop4
9429,beta,inDrop4
9430,beta,inDrop4
9431,beta,inDrop4
9432,beta,inDrop4
9433,ductal,inDrop4
9434,beta,inDrop4
9435,ductal,inDrop4
9436,beta,inDrop4
9437,delta,inDrop4
9438,beta,inDrop4
9439,beta,inDrop4
9440,delta,inDrop4
9441,ductal,inDrop4
9442,beta,inDrop4
9443,alpha,inDrop4
9444,beta,inDrop4
9445,beta,inDrop4
9446,beta,inDrop4
9447,ductal,inDrop4
9448,alpha,inDrop4
9449,beta,inDrop4
9450,beta,inDrop4
9451,ductal,inDrop4
9452,alpha,inDrop4
9453,beta,inDrop4
9454,alpha,inDrop4
9455,activated_stellate,inDrop4
9456,activated_stellate,inDrop4
9457,delta,inDrop4
9458,beta,inDrop4
9459,beta,inDrop4
9460,beta,inDrop4
9461,ductal,inDrop4
9462,beta,inDrop4
9463,ductal,inDrop4
9464,beta,inDrop4
9465,alpha,inDrop4
9466,ductal,inDrop4
9467,alpha,inDrop4
9468,gamma,inDrop4
9469,alpha,inDrop4
9470,beta,inDrop4
9471,ductal,inDrop4
9472,beta,inDrop4
9473,ductal,inDrop4
9474,beta,inDrop4
9475,t_cell,inDrop4
9476,alpha,inDrop4
9477,gamma,inDrop4
9478,delta,inDrop4
9479,endothelial,inDrop4
9480,alpha,inDrop4
9481,alpha,inDrop4
9482,gamma,inDrop4
9483,beta,inDrop4
9484,beta,inDrop4
9485,quiescent_stellate,inDrop4
9486,macrophage,inDrop4
9487,gamma,inDrop4
9488,alpha,inDrop4
9489,beta,inDrop4
9490,beta,inDrop4
9491,ductal,inDrop4
9492,ductal,inDrop4
9493,beta,inDrop4
9494,beta,inDrop4
9495,alpha,inDrop4
9496,beta,inDrop4
9497,ductal,inDrop4
9498,alpha,inDrop4
9499,ductal,inDrop4
9500,alpha,inDrop4
9501,activated_stellate,inDrop4
9502,ductal,inDrop4
9503,ductal,inDrop4
9504,beta,inDrop4
9505,beta,inDrop4
9506,ductal,inDrop4
9507,ductal,inDrop4
9508,ductal,inDrop4
9509,ductal,inDrop4
9510,beta,inDrop4
9511,delta,inDrop4
9512,delta,inDrop4
9513,beta,inDrop4
9514,ductal,inDrop4
9515,ductal,inDrop4
9516,beta,inDrop4
9517,ductal,inDrop4
9518,ductal,inDrop4
9519,beta,inDrop4
9520,ductal,inDrop4
9521,beta,inDrop4
9522,ductal,inDrop4
9523,ductal,inDrop4
9524,ductal,inDrop4
9525,beta,inDrop4
9526,ductal,inDrop4
9527,delta,inDrop4
9528,alpha,inDrop4
9529,ductal,inDrop4
9530,ductal,inDrop4
9531,ductal,inDrop4
9532,activated_stellate,inDrop4
9533,beta,inDrop4
9534,beta,inDrop4
9535,delta,inDrop4
9536,beta,inDrop4
9537,ductal,inDrop4
9538,beta,inDrop4
9539,delta,inDrop4
9540,ductal,inDrop4
9541,alpha,inDrop4
9542,delta,inDrop4
9543,beta,inDrop4
9544,ductal,inDrop4
9545,delta,inDrop4
9546,beta,inDrop4
9547,ductal,inDrop4
9548,delta,inDrop4
9549,beta,inDrop4
9550,beta,inDrop4
9551,beta,inDrop4
9552,ductal,inDrop4
9553,ductal,inDrop4
9554,ductal,inDrop4
9555,ductal,inDrop4
9556,delta,inDrop4
9557,alpha,inDrop4
9558,ductal,inDrop4
9559,delta,inDrop4
9560,beta,inDrop4
9561,beta,inDrop4
9562,delta,inDrop4
9563,ductal,inDrop4
9564,ductal,inDrop4
9565,delta,inDrop4
9566,ductal,inDrop4
9567,delta,inDrop4
9568,activated_stellate,inDrop4
9569,alpha,inDrop4
9570,beta,inDrop4
9571,ductal,inDrop4
9572,ductal,inDrop4
9573,macrophage,inDrop4
9574,beta,inDrop4
9575,beta,inDrop4
9576,beta,inDrop4
9577,beta,inDrop4
9578,ductal,inDrop4
9579,delta,inDrop4
9580,ductal,inDrop4
9581,activated_stellate,inDrop4
9582,alpha,inDrop4
9583,delta,inDrop4
9584,ductal,inDrop4
9585,ductal,inDrop4
9586,beta,inDrop4
9587,beta,inDrop4
9588,ductal,inDrop4
9589,delta,inDrop4
9590,beta,inDrop4
9591,alpha,inDrop4
9592,delta,inDrop4
9593,gamma,inDrop4
9594,beta,inDrop4
9595,ductal,inDrop4
9596,alpha,inDrop4
9597,alpha,inDrop4
9598,beta,inDrop4
9599,activated_stellate,inDrop4
9600,beta,inDrop4
9601,beta,inDrop4
9602,delta,inDrop4
9603,beta,inDrop4
9604,alpha,inDrop4
9605,ductal,inDrop4
9606,beta,inDrop4
9607,alpha,inDrop4
9608,beta,inDrop4
9609,ductal,inDrop4
9610,beta,inDrop4
9611,alpha,inDrop4
9612,beta,inDrop4
9613,ductal,inDrop4
9614,beta,inDrop4
9615,ductal,inDrop4
9616,delta,inDrop4
9617,beta,inDrop4
9618,alpha,inDrop4
9619,delta,inDrop4
9620,delta,inDrop4
9621,beta,inDrop4
9622,ductal,inDrop4
9623,alpha,inDrop4
9624,delta,inDrop4
9625,beta,inDrop4
9626,beta,inDrop4
9627,alpha,inDrop4
9628,quiescent_stellate,inDrop4
9629,alpha,inDrop4
9630,beta,inDrop4
9631,activated_stellate,inDrop4
9632,ductal,inDrop4
9633,alpha,inDrop4
9634,ductal,inDrop4
9635,beta,inDrop4
9636,alpha,inDrop4
9637,alpha,inDrop4
9638,ductal,inDrop4
9639,ductal,inDrop4
9640,ductal,inDrop4
9641,alpha,inDrop4
9642,alpha,inDrop4
9643,alpha,inDrop4
9644,beta,inDrop4
9645,beta,inDrop4
9646,delta,inDrop4
9647,ductal,inDrop4
9648,beta,inDrop4
9649,beta,inDrop4
9650,ductal,inDrop4
9651,beta,inDrop4
9652,beta,inDrop4
9653,ductal,inDrop4
9654,gamma,inDrop4
9655,ductal,inDrop4
9656,alpha,inDrop4
9657,delta,inDrop4
9658,beta,inDrop4
9659,beta,inDrop4
9660,beta,inDrop4
9661,beta,inDrop4
9662,alpha,inDrop4
9663,delta,inDrop4
9664,beta,inDrop4
9665,beta,inDrop4
9666,beta,inDrop4
9667,ductal,inDrop4
9668,ductal,inDrop4
9669,ductal,inDrop4
9670,delta,inDrop4
9671,beta,inDrop4
9672,alpha,inDrop4
9673,alpha,inDrop4
9674,delta,inDrop4
9675,ductal,inDrop4
9676,ductal,inDrop4
9677,beta,inDrop4
9678,beta,inDrop4
9679,alpha,inDrop4
9680,gamma,inDrop4
9681,beta,inDrop4
9682,alpha,inDrop4
9683,delta,inDrop4
9684,alpha,inDrop4
9685,beta,inDrop4
9686,delta,inDrop4
9687,ductal,inDrop4
9688,ductal,inDrop4
9689,beta,inDrop4
9690,ductal,inDrop4
9691,beta,inDrop4
9692,alpha,inDrop4
9693,alpha,inDrop4
9694,ductal,inDrop4
9695,beta,inDrop4
9696,gamma,inDrop4
9697,alpha,inDrop4
9698,beta,inDrop4
9699,delta,inDrop4
9700,ductal,inDrop4
9701,beta,inDrop4
9702,alpha,inDrop4
9703,ductal,inDrop4
9704,alpha,inDrop4
9705,gamma,inDrop4
9706,beta,inDrop4
9707,beta,inDrop4
9708,beta,inDrop4
9709,ductal,inDrop4
9710,ductal,inDrop4
9711,beta,inDrop4
9712,gamma,inDrop4
9713,ductal,inDrop4
9714,alpha,inDrop4
9715,activated_stellate,inDrop4
9716,ductal,inDrop4
9717,gamma,inDrop4
9718,ductal,inDrop4
9719,alpha,inDrop4
9720,activated_stellate,inDrop4
9721,alpha,inDrop4
9722,beta,inDrop4
9723,beta,inDrop4
9724,macrophage,inDrop4
9725,ductal,inDrop4
9726,alpha,inDrop4
9727,delta,inDrop4
9728,beta,inDrop4
9729,ductal,inDrop4
9730,ductal,inDrop4
9731,ductal,inDrop4
9732,beta,inDrop4
9733,delta,inDrop4
9734,beta,inDrop4
9735,alpha,inDrop4
9736,ductal,inDrop4
9737,beta,inDrop4
9738,ductal,inDrop4
9739,activated_stellate,inDrop4
9740,alpha,inDrop4
9741,beta,inDrop4
9742,delta,inDrop4
9743,beta,inDrop4
9744,beta,inDrop4
9745,delta,inDrop4
9746,beta,inDrop4
9747,alpha,inDrop4
9748,alpha,inDrop4
9749,alpha,inDrop4
9750,ductal,inDrop4
9751,alpha,inDrop4
9752,alpha,inDrop4
9753,beta,inDrop4
9754,ductal,inDrop4
9755,ductal,inDrop4
9756,ductal,inDrop4
9757,alpha,inDrop4
9758,beta,inDrop4
9759,delta,inDrop4
9760,beta,inDrop4
9761,ductal,inDrop4
9762,beta,inDrop4
9763,ductal,inDrop4
9764,beta,inDrop4
9765,alpha,inDrop4
9766,beta,inDrop4
9767,beta,inDrop4
9768,ductal,inDrop4
9769,activated_stellate,inDrop4
9770,ductal,inDrop4
9771,beta,inDrop4
9772,ductal,inDrop4
9773,activated_stellate,inDrop4
9774,ductal,inDrop4
9775,beta,inDrop4
9776,beta,inDrop4
9777,beta,inDrop4
9778,delta,inDrop4
9779,alpha,inDrop4
9780,delta,inDrop4
9781,alpha,inDrop4
9782,ductal,inDrop4
9783,gamma,inDrop4
9784,gamma,inDrop4
9785,alpha,inDrop4
9786,ductal,inDrop4
9787,beta,inDrop4
9788,alpha,inDrop4
9789,alpha,inDrop4
9790,alpha,inDrop4
9791,ductal,inDrop4
9792,ductal,inDrop4
9793,beta,inDrop4
9794,beta,inDrop4
9795,ductal,inDrop4
9796,activated_stellate,inDrop4
9797,beta,inDrop4
9798,ductal,inDrop4
9799,ductal,inDrop4
9800,ductal,inDrop4
9801,acinar,inDrop4
9802,ductal,inDrop4
9803,gamma,inDrop4
9804,alpha,inDrop4
9805,ductal,inDrop4
9806,beta,inDrop4
9807,ductal,inDrop4
9808,gamma,inDrop4
9809,beta,inDrop4
9810,beta,inDrop4
9811,beta,inDrop4
9812,delta,inDrop4
9813,alpha,inDrop4
9814,beta,inDrop4
9815,beta,inDrop4
9816,beta,inDrop4
9817,activated_stellate,inDrop4
9818,ductal,inDrop4
9819,beta,inDrop4
9820,ductal,inDrop4
9821,beta,inDrop4
9822,beta,inDrop4
9823,gamma,inDrop4
9824,beta,inDrop4
9825,gamma,inDrop4
9826,ductal,inDrop4
9827,ductal,inDrop4
9828,beta,inDrop4
9829,beta,inDrop4
9830,alpha,inDrop4
9831,delta,inDrop4
9832,beta,inDrop4
9833,alpha,inDrop4
9834,ductal,inDrop4
9835,delta,inDrop4
9836,alpha,inDrop4
9837,ductal,inDrop4
9838,alpha,inDrop4
9839,ductal,inDrop4
9840,delta,inDrop4
9841,alpha,inDrop4
9842,alpha,inDrop4
9843,beta,inDrop4
9844,ductal,inDrop4
9845,ductal,inDrop4
9846,ductal,inDrop4
9847,beta,inDrop4
9848,ductal,inDrop4
9849,alpha,inDrop4
9850,beta,inDrop4
9851,ductal,inDrop4
9852,alpha,inDrop4
9853,beta,inDrop4
9854,gamma,inDrop4
9855,delta,inDrop4
9856,alpha,inDrop4
9857,ductal,inDrop4
9858,gamma,inDrop4
9859,ductal,inDrop4
9860,beta,inDrop4
9861,beta,inDrop4
9862,beta,inDrop4
9863,ductal,inDrop4
9864,alpha,inDrop4
9865,beta,inDrop4
9866,beta,inDrop4
9867,beta,inDrop4
9868,alpha,inDrop4
9869,alpha,inDrop4
9870,beta,inDrop4
9871,alpha,inDrop4
9872,alpha,inDrop4
9873,beta,inDrop4
9874,beta,inDrop4
9875,alpha,inDrop4
9876,beta,inDrop4
9877,beta,inDrop4
9878,alpha,inDrop4
9879,beta,inDrop4
9880,alpha,inDrop4
9881,delta,inDrop4
9882,beta,inDrop4
9883,beta,inDrop4
9884,alpha,inDrop4
9885,activated_stellate,inDrop4
9886,beta,inDrop4
9887,gamma,inDrop4
9888,alpha,inDrop4
9889,beta,inDrop4
9890,beta,inDrop4
9891,alpha,inDrop4
9892,alpha,inDrop4
9893,activated_stellate,inDrop4
9894,activated_stellate,inDrop4
9895,alpha,inDrop4
9896,beta,inDrop4
9897,alpha,inDrop4
9898,ductal,inDrop4
9899,ductal,inDrop4
9900,beta,inDrop4
9901,beta,inDrop4
9902,gamma,inDrop4
9903,gamma,inDrop4
9904,beta,inDrop4
9905,activated_stellate,inDrop4
9906,ductal,inDrop4
9907,beta,inDrop4
9908,alpha,inDrop4
9909,ductal,inDrop4
9910,alpha,inDrop4
9911,beta,inDrop4
9912,beta,inDrop4
9913,alpha,inDrop4
9914,ductal,inDrop4
9915,beta,inDrop4
9916,alpha,inDrop4
9917,alpha,inDrop4
9918,gamma,inDrop4
9919,delta,inDrop4
9920,alpha,inDrop4
9921,beta,inDrop4
9922,ductal,inDrop4
9923,beta,inDrop4
9924,beta,inDrop4
9925,ductal,inDrop4
9926,beta,inDrop4
9927,ductal,inDrop4
9928,beta,inDrop4
9929,beta,inDrop4
9930,ductal,inDrop4
9931,alpha,inDrop4
9932,ductal,inDrop4
9933,ductal,inDrop4
9934,gamma,inDrop4
9935,alpha,inDrop4
9936,endothelial,inDrop4
9937,ductal,inDrop4
9938,beta,inDrop4
9939,gamma,inDrop4
9940,beta,inDrop4
9941,ductal,inDrop4
9942,alpha,inDrop4
9943,ductal,inDrop4
9944,activated_stellate,inDrop4
9945,gamma,inDrop4
9946,beta,inDrop4
9947,alpha,inDrop4
9948,ductal,inDrop4
9949,beta,inDrop4
9950,ductal,inDrop4
9951,activated_stellate,inDrop4
9952,gamma,inDrop4
9953,ductal,inDrop4
9954,alpha,inDrop4
9955,beta,inDrop4
9956,beta,inDrop4
9957,ductal,inDrop4
9958,beta,inDrop4
9959,beta,inDrop4
9960,delta,inDrop4
9961,gamma,inDrop4
9962,ductal,inDrop4
9963,beta,inDrop4
9964,beta,inDrop4
9965,beta,inDrop4
9966,beta,inDrop4
9967,beta,inDrop4
9968,activated_stellate,inDrop4
9969,beta,inDrop4
9970,alpha,inDrop4
9971,ductal,inDrop4
9972,beta,inDrop4
9973,gamma,inDrop4
9974,ductal,inDrop4
9975,beta,inDrop4
9976,beta,inDrop4
9977,alpha,inDrop4
9978,activated_stellate,inDrop4
9979,beta,inDrop4
9980,alpha,inDrop4
9981,beta,inDrop4
9982,beta,inDrop4
9983,alpha,inDrop4
9984,ductal,inDrop4
9985,beta,inDrop4
9986,alpha,inDrop4
9987,beta,inDrop4
9988,ductal,inDrop4
9989,beta,inDrop4
9990,delta,inDrop4
9991,alpha,inDrop4
9992,beta,inDrop4
9993,alpha,inDrop4
9994,alpha,inDrop4
9995,ductal,inDrop4
9996,beta,inDrop4
9997,alpha,inDrop4
9998,beta,inDrop4
9999,beta,inDrop4
10000,beta,inDrop4
10001,beta,inDrop4
10002,beta,inDrop4
10003,beta,inDrop4
10004,alpha,inDrop4
10005,ductal,inDrop4
10006,endothelial,inDrop4
10007,alpha,inDrop4
10008,delta,inDrop4
10009,beta,inDrop4
10010,alpha,inDrop4
10011,beta,inDrop4
10012,beta,inDrop4
10013,alpha,inDrop4
10014,beta,inDrop4
10015,beta,inDrop4
10016,ductal,inDrop4
10017,beta,inDrop4
10018,alpha,inDrop4
10019,ductal,inDrop4
10020,beta,inDrop4
10021,beta,inDrop4
10022,gamma,inDrop4
10023,beta,inDrop4
10024,beta,inDrop4
10025,ductal,inDrop4
10026,ductal,inDrop4
10027,beta,inDrop4
10028,beta,inDrop4
10029,alpha,inDrop4
10030,alpha,inDrop4
10031,alpha,inDrop4
10032,alpha,inDrop4
10033,activated_stellate,inDrop4
10034,alpha,inDrop4
10035,alpha,inDrop4
10036,alpha,inDrop4
10037,alpha,inDrop4
10038,gamma,inDrop4
10039,ductal,inDrop4
10040,alpha,inDrop4
10041,alpha,inDrop4
10042,beta,inDrop4
10043,beta,inDrop4
10044,beta,inDrop4
10045,ductal,inDrop4
10046,alpha,inDrop4
10047,alpha,inDrop4
10048,beta,inDrop4
10049,alpha,inDrop4
10050,alpha,inDrop4
10051,beta,inDrop4
10052,beta,inDrop4
10053,delta,inDrop4
10054,ductal,inDrop4
10055,alpha,inDrop4
10056,beta,inDrop4
10057,beta,inDrop4
10058,ductal,inDrop4
10059,beta,inDrop4
10060,beta,inDrop4
10061,beta,inDrop4
10062,beta,inDrop4
10063,beta,inDrop4
10064,beta,inDrop4
10065,ductal,inDrop4
10066,beta,inDrop4
10067,alpha,inDrop4
10068,alpha,inDrop4
10069,alpha,inDrop4
10070,alpha,inDrop4
10071,beta,inDrop4
10072,alpha,inDrop4
10073,beta,inDrop4
10074,alpha,inDrop4
10075,gamma,inDrop4
10076,beta,inDrop4
10077,gamma,inDrop4
10078,beta,inDrop4
10079,gamma,inDrop4
10080,beta,inDrop4
10081,beta,inDrop4
10082,alpha,inDrop4
10083,macrophage,inDrop4
10084,ductal,inDrop4
10085,beta,inDrop4
10086,alpha,inDrop4
10087,alpha,inDrop4
10088,beta,inDrop4
10089,beta,inDrop4
10090,delta,inDrop4
10091,beta,inDrop4
10092,beta,inDrop4
10093,beta,inDrop4
10094,beta,inDrop4
10095,alpha,inDrop4
10096,ductal,inDrop4
10097,alpha,inDrop4
10098,alpha,inDrop4
10099,activated_stellate,inDrop4
10100,gamma,inDrop4
10101,beta,inDrop4
10102,beta,inDrop4
10103,ductal,inDrop4
10104,ductal,inDrop4
10105,alpha,inDrop4
10106,beta,inDrop4
10107,alpha,inDrop4
10108,delta,inDrop4
10109,activated_stellate,inDrop4
10110,beta,inDrop4
10111,ductal,inDrop4
10112,alpha,inDrop4
10113,endothelial,inDrop4
10114,beta,inDrop4
10115,beta,inDrop4
10116,ductal,inDrop4
10117,alpha,inDrop4
10118,beta,inDrop4
10119,beta,inDrop4
10120,ductal,inDrop4
10121,beta,inDrop4
10122,ductal,inDrop4
10123,alpha,inDrop4
10124,alpha,inDrop4
10125,alpha,inDrop4
10126,gamma,inDrop4
10127,beta,inDrop4
10128,beta,inDrop4
10129,alpha,inDrop4
10130,beta,inDrop4
10131,gamma,inDrop4
10132,beta,inDrop4
10133,beta,inDrop4
10134,beta,inDrop4
10135,beta,inDrop4
10136,beta,inDrop4
10137,ductal,inDrop4
10138,alpha,inDrop4
10139,beta,inDrop4
10140,beta,inDrop4
10141,beta,inDrop4
10142,beta,inDrop4
10143,beta,inDrop4
10144,alpha,inDrop4
10145,beta,inDrop4
10146,gamma,inDrop4
10147,beta,inDrop4
10148,ductal,inDrop4
10149,alpha,inDrop4
10150,alpha,inDrop4
10151,ductal,inDrop4
10152,gamma,inDrop4
10153,activated_stellate,inDrop4
10154,alpha,inDrop4
10155,alpha,inDrop4
10156,alpha,inDrop4
10157,alpha,inDrop4
10158,alpha,inDrop4
10159,ductal,inDrop4
10160,beta,inDrop4
10161,alpha,inDrop4
10162,beta,inDrop4
10163,activated_stellate,inDrop4
10164,delta,inDrop4
10165,ductal,inDrop4
10166,beta,inDrop4
10167,alpha,inDrop4
10168,gamma,inDrop4
10169,alpha,inDrop4
10170,beta,inDrop4
10171,mast,inDrop4
10172,beta,inDrop4
10173,ductal,inDrop4
10174,beta,inDrop4
10175,ductal,inDrop4
10176,beta,inDrop4
10177,beta,inDrop4
10178,beta,inDrop4
10179,schwann,inDrop4
10180,alpha,inDrop4
10181,ductal,inDrop4
10182,beta,inDrop4
10183,beta,inDrop4
10184,beta,inDrop4
10185,ductal,inDrop4
10186,ductal,inDrop4
10187,beta,inDrop4
10188,ductal,inDrop4
10189,delta,inDrop4
10190,alpha,inDrop4
10191,alpha,inDrop4
10192,quiescent_stellate,inDrop4
10193,beta,inDrop4
10194,beta,inDrop4
10195,activated_stellate,inDrop4
10196,beta,inDrop4
10197,beta,inDrop4
10198,alpha,inDrop4
10199,beta,inDrop4
10200,beta,inDrop4
10201,beta,inDrop4
10202,beta,inDrop4
10203,alpha,inDrop4
10204,beta,inDrop4
10205,beta,inDrop4
10206,activated_stellate,inDrop4
10207,alpha,inDrop4
10208,beta,inDrop4
10209,beta,inDrop4
10210,ductal,inDrop4
10211,beta,smarter
10212,beta,smarter
10213,beta,smarter
10214,beta,smarter
10215,beta,smarter
10216,beta,smarter
10217,beta,smarter
10218,beta,smarter
10219,beta,smarter
10220,beta,smarter
10221,beta,smarter
10222,beta,smarter
10223,beta,smarter
10224,beta,smarter
10225,beta,smarter
10226,beta,smarter
10227,beta,smarter
10228,beta,smarter
10229,beta,smarter
10230,beta,smarter
10231,beta,smarter
10232,beta,smarter
10233,beta,smarter
10234,beta,smarter
10235,beta,smarter
10236,beta,smarter
10237,beta,smarter
10238,beta,smarter
10239,beta,smarter
10240,beta,smarter
10241,beta,smarter
10242,beta,smarter
10243,beta,smarter
10244,beta,smarter
10245,beta,smarter
10246,beta,smarter
10247,beta,smarter
10248,beta,smarter
10249,beta,smarter
10250,beta,smarter
10251,beta,smarter
10252,beta,smarter
10253,beta,smarter
10254,beta,smarter
10255,beta,smarter
10256,beta,smarter
10257,beta,smarter
10258,beta,smarter
10259,beta,smarter
10260,beta,smarter
10261,beta,smarter
10262,beta,smarter
10263,beta,smarter
10264,beta,smarter
10265,beta,smarter
10266,beta,smarter
10267,beta,smarter
10268,beta,smarter
10269,beta,smarter
10270,beta,smarter
10271,beta,smarter
10272,beta,smarter
10273,beta,smarter
10274,beta,smarter
10275,beta,smarter
10276,beta,smarter
10277,beta,smarter
10278,beta,smarter
10279,beta,smarter
10280,beta,smarter
10281,beta,smarter
10282,beta,smarter
10283,beta,smarter
10284,beta,smarter
10285,beta,smarter
10286,beta,smarter
10287,beta,smarter
10288,beta,smarter
10289,beta,smarter
10290,beta,smarter
10291,beta,smarter
10292,beta,smarter
10293,beta,smarter
10294,beta,smarter
10295,beta,smarter
10296,beta,smarter
10297,beta,smarter
10298,beta,smarter
10299,beta,smarter
10300,beta,smarter
10301,beta,smarter
10302,beta,smarter
10303,beta,smarter
10304,beta,smarter
10305,beta,smarter
10306,beta,smarter
10307,beta,smarter
10308,beta,smarter
10309,beta,smarter
10310,beta,smarter
10311,beta,smarter
10312,beta,smarter
10313,beta,smarter
10314,beta,smarter
10315,beta,smarter
10316,beta,smarter
10317,beta,smarter
10318,beta,smarter
10319,beta,smarter
10320,beta,smarter
10321,beta,smarter
10322,beta,smarter
10323,beta,smarter
10324,beta,smarter
10325,beta,smarter
10326,beta,smarter
10327,beta,smarter
10328,beta,smarter
10329,beta,smarter
10330,beta,smarter
10331,beta,smarter
10332,beta,smarter
10333,beta,smarter
10334,beta,smarter
10335,beta,smarter
10336,beta,smarter
10337,beta,smarter
10338,beta,smarter
10339,beta,smarter
10340,beta,smarter
10341,beta,smarter
10342,beta,smarter
10343,beta,smarter
10344,beta,smarter
10345,beta,smarter
10346,beta,smarter
10347,beta,smarter
10348,beta,smarter
10349,beta,smarter
10350,beta,smarter
10351,beta,smarter
10352,beta,smarter
10353,beta,smarter
10354,beta,smarter
10355,beta,smarter
10356,beta,smarter
10357,beta,smarter
10358,beta,smarter
10359,beta,smarter
10360,beta,smarter
10361,beta,smarter
10362,beta,smarter
10363,beta,smarter
10364,beta,smarter
10365,beta,smarter
10366,beta,smarter
10367,beta,smarter
10368,beta,smarter
10369,beta,smarter
10370,beta,smarter
10371,beta,smarter
10372,beta,smarter
10373,beta,smarter
10374,beta,smarter
10375,beta,smarter
10376,beta,smarter
10377,beta,smarter
10378,beta,smarter
10379,beta,smarter
10380,beta,smarter
10381,beta,smarter
10382,beta,smarter
10383,beta,smarter
10384,beta,smarter
10385,beta,smarter
10386,beta,smarter
10387,beta,smarter
10388,beta,smarter
10389,beta,smarter
10390,beta,smarter
10391,beta,smarter
10392,beta,smarter
10393,beta,smarter
10394,beta,smarter
10395,beta,smarter
10396,beta,smarter
10397,beta,smarter
10398,beta,smarter
10399,beta,smarter
10400,beta,smarter
10401,beta,smarter
10402,beta,smarter
10403,beta,smarter
10404,beta,smarter
10405,alpha,smarter
10406,alpha,smarter
10407,alpha,smarter
10408,alpha,smarter
10409,alpha,smarter
10410,alpha,smarter
10411,alpha,smarter
10412,alpha,smarter
10413,alpha,smarter
10414,alpha,smarter
10415,alpha,smarter
10416,alpha,smarter
10417,alpha,smarter
10418,alpha,smarter
10419,alpha,smarter
10420,alpha,smarter
10421,alpha,smarter
10422,alpha,smarter
10423,alpha,smarter
10424,alpha,smarter
10425,alpha,smarter
10426,alpha,smarter
10427,alpha,smarter
10428,alpha,smarter
10429,alpha,smarter
10430,alpha,smarter
10431,alpha,smarter
10432,alpha,smarter
10433,alpha,smarter
10434,alpha,smarter
10435,alpha,smarter
10436,alpha,smarter
10437,alpha,smarter
10438,alpha,smarter
10439,alpha,smarter
10440,alpha,smarter
10441,alpha,smarter
10442,alpha,smarter
10443,alpha,smarter
10444,alpha,smarter
10445,alpha,smarter
10446,alpha,smarter
10447,alpha,smarter
10448,alpha,smarter
10449,alpha,smarter
10450,alpha,smarter
10451,alpha,smarter
10452,alpha,smarter
10453,alpha,smarter
10454,alpha,smarter
10455,alpha,smarter
10456,alpha,smarter
10457,alpha,smarter
10458,alpha,smarter
10459,alpha,smarter
10460,alpha,smarter
10461,alpha,smarter
10462,alpha,smarter
10463,alpha,smarter
10464,alpha,smarter
10465,alpha,smarter
10466,alpha,smarter
10467,alpha,smarter
10468,alpha,smarter
10469,alpha,smarter
10470,alpha,smarter
10471,alpha,smarter
10472,alpha,smarter
10473,alpha,smarter
10474,alpha,smarter
10475,alpha,smarter
10476,alpha,smarter
10477,alpha,smarter
10478,alpha,smarter
10479,alpha,smarter
10480,alpha,smarter
10481,alpha,smarter
10482,alpha,smarter
10483,alpha,smarter
10484,alpha,smarter
10485,alpha,smarter
10486,alpha,smarter
10487,alpha,smarter
10488,alpha,smarter
10489,alpha,smarter
10490,alpha,smarter
10491,alpha,smarter
10492,alpha,smarter
10493,alpha,smarter
10494,alpha,smarter
10495,alpha,smarter
10496,alpha,smarter
10497,alpha,smarter
10498,alpha,smarter
10499,alpha,smarter
10500,alpha,smarter
10501,alpha,smarter
10502,alpha,smarter
10503,alpha,smarter
10504,alpha,smarter
10505,alpha,smarter
10506,alpha,smarter
10507,alpha,smarter
10508,alpha,smarter
10509,alpha,smarter
10510,alpha,smarter
10511,alpha,smarter
10512,alpha,smarter
10513,alpha,smarter
10514,alpha,smarter
10515,alpha,smarter
10516,alpha,smarter
10517,alpha,smarter
10518,alpha,smarter
10519,alpha,smarter
10520,alpha,smarter
10521,alpha,smarter
10522,alpha,smarter
10523,alpha,smarter
10524,alpha,smarter
10525,alpha,smarter
10526,alpha,smarter
10527,alpha,smarter
10528,alpha,smarter
10529,alpha,smarter
10530,alpha,smarter
10531,alpha,smarter
10532,alpha,smarter
10533,alpha,smarter
10534,alpha,smarter
10535,alpha,smarter
10536,alpha,smarter
10537,alpha,smarter
10538,alpha,smarter
10539,alpha,smarter
10540,alpha,smarter
10541,alpha,smarter
10542,alpha,smarter
10543,alpha,smarter
10544,alpha,smarter
10545,alpha,smarter
10546,alpha,smarter
10547,alpha,smarter
10548,alpha,smarter
10549,alpha,smarter
10550,alpha,smarter
10551,alpha,smarter
10552,alpha,smarter
10553,alpha,smarter
10554,alpha,smarter
10555,alpha,smarter
10556,alpha,smarter
10557,alpha,smarter
10558,alpha,smarter
10559,alpha,smarter
10560,alpha,smarter
10561,alpha,smarter
10562,alpha,smarter
10563,alpha,smarter
10564,alpha,smarter
10565,alpha,smarter
10566,alpha,smarter
10567,alpha,smarter
10568,alpha,smarter
10569,alpha,smarter
10570,alpha,smarter
10571,alpha,smarter
10572,alpha,smarter
10573,alpha,smarter
10574,alpha,smarter
10575,alpha,smarter
10576,alpha,smarter
10577,alpha,smarter
10578,alpha,smarter
10579,alpha,smarter
10580,alpha,smarter
10581,alpha,smarter
10582,alpha,smarter
10583,alpha,smarter
10584,alpha,smarter
10585,alpha,smarter
10586,alpha,smarter
10587,alpha,smarter
10588,alpha,smarter
10589,alpha,smarter
10590,alpha,smarter
10591,alpha,smarter
10592,alpha,smarter
10593,alpha,smarter
10594,alpha,smarter
10595,alpha,smarter
10596,alpha,smarter
10597,alpha,smarter
10598,alpha,smarter
10599,alpha,smarter
10600,alpha,smarter
10601,alpha,smarter
10602,alpha,smarter
10603,alpha,smarter
10604,alpha,smarter
10605,alpha,smarter
10606,alpha,smarter
10607,alpha,smarter
10608,alpha,smarter
10609,alpha,smarter
10610,alpha,smarter
10611,alpha,smarter
10612,alpha,smarter
10613,alpha,smarter
10614,alpha,smarter
10615,alpha,smarter
10616,alpha,smarter
10617,alpha,smarter
10618,alpha,smarter
10619,alpha,smarter
10620,alpha,smarter
10621,alpha,smarter
10622,alpha,smarter
10623,alpha,smarter
10624,alpha,smarter
10625,alpha,smarter
10626,alpha,smarter
10627,alpha,smarter
10628,alpha,smarter
10629,alpha,smarter
10630,alpha,smarter
10631,alpha,smarter
10632,alpha,smarter
10633,alpha,smarter
10634,alpha,smarter
10635,alpha,smarter
10636,alpha,smarter
10637,alpha,smarter
10638,alpha,smarter
10639,alpha,smarter
10640,alpha,smarter
10641,alpha,smarter
10642,alpha,smarter
10643,alpha,smarter
10644,alpha,smarter
10645,alpha,smarter
10646,alpha,smarter
10647,alpha,smarter
10648,alpha,smarter
10649,alpha,smarter
10650,alpha,smarter
10651,alpha,smarter
10652,alpha,smarter
10653,alpha,smarter
10654,alpha,smarter
10655,alpha,smarter
10656,alpha,smarter
10657,alpha,smarter
10658,alpha,smarter
10659,alpha,smarter
10660,alpha,smarter
10661,alpha,smarter
10662,alpha,smarter
10663,alpha,smarter
10664,alpha,smarter
10665,alpha,smarter
10666,alpha,smarter
10667,alpha,smarter
10668,alpha,smarter
10669,alpha,smarter
10670,alpha,smarter
10671,alpha,smarter
10672,alpha,smarter
10673,alpha,smarter
10674,alpha,smarter
10675,alpha,smarter
10676,alpha,smarter
10677,alpha,smarter
10678,alpha,smarter
10679,alpha,smarter
10680,alpha,smarter
10681,alpha,smarter
10682,alpha,smarter
10683,alpha,smarter
10684,alpha,smarter
10685,alpha,smarter
10686,alpha,smarter
10687,alpha,smarter
10688,alpha,smarter
10689,alpha,smarter
10690,alpha,smarter
10691,alpha,smarter
10692,alpha,smarter
10693,alpha,smarter
10694,alpha,smarter
10695,alpha,smarter
10696,alpha,smarter
10697,alpha,smarter
10698,alpha,smarter
10699,alpha,smarter
10700,alpha,smarter
10701,alpha,smarter
10702,alpha,smarter
10703,alpha,smarter
10704,alpha,smarter
10705,alpha,smarter
10706,alpha,smarter
10707,alpha,smarter
10708,alpha,smarter
10709,alpha,smarter
10710,alpha,smarter
10711,alpha,smarter
10712,alpha,smarter
10713,alpha,smarter
10714,alpha,smarter
10715,alpha,smarter
10716,alpha,smarter
10717,alpha,smarter
10718,alpha,smarter
10719,alpha,smarter
10720,alpha,smarter
10721,alpha,smarter
10722,alpha,smarter
10723,alpha,smarter
10724,alpha,smarter
10725,alpha,smarter
10726,alpha,smarter
10727,alpha,smarter
10728,alpha,smarter
10729,alpha,smarter
10730,alpha,smarter
10731,alpha,smarter
10732,alpha,smarter
10733,alpha,smarter
10734,alpha,smarter
10735,alpha,smarter
10736,alpha,smarter
10737,alpha,smarter
10738,alpha,smarter
10739,alpha,smarter
10740,alpha,smarter
10741,alpha,smarter
10742,alpha,smarter
10743,alpha,smarter
10744,alpha,smarter
10745,alpha,smarter
10746,alpha,smarter
10747,alpha,smarter
10748,alpha,smarter
10749,alpha,smarter
10750,alpha,smarter
10751,alpha,smarter
10752,alpha,smarter
10753,alpha,smarter
10754,alpha,smarter
10755,alpha,smarter
10756,alpha,smarter
10757,alpha,smarter
10758,alpha,smarter
10759,delta,smarter
10760,delta,smarter
10761,delta,smarter
10762,delta,smarter
10763,delta,smarter
10764,delta,smarter
10765,delta,smarter
10766,delta,smarter
10767,delta,smarter
10768,delta,smarter
10769,delta,smarter
10770,delta,smarter
10771,delta,smarter
10772,delta,smarter
10773,delta,smarter
10774,delta,smarter
10775,delta,smarter
10776,delta,smarter
10777,delta,smarter
10778,delta,smarter
10779,delta,smarter
10780,delta,smarter
10781,delta,smarter
10782,delta,smarter
10783,delta,smarter
10784,delta,smarter
10785,delta,smarter
10786,delta,smarter
10787,gamma,smarter
10788,gamma,smarter
10789,gamma,smarter
10790,gamma,smarter
10791,gamma,smarter
10792,gamma,smarter
10793,gamma,smarter
10794,gamma,smarter
10795,gamma,smarter
10796,gamma,smarter
10797,gamma,smarter
10798,gamma,smarter
10799,gamma,smarter
10800,gamma,smarter
10801,gamma,smarter
10802,gamma,smarter
10803,gamma,smarter
10804,gamma,smarter
10805,gamma,smarter
10806,gamma,smarter
10807,gamma,smarter
10808,gamma,smarter
10809,gamma,smarter
10810,gamma,smarter
10811,gamma,smarter
10812,gamma,smarter
10813,gamma,smarter
10814,gamma,smarter
10815,gamma,smarter
10816,gamma,smarter
10817,gamma,smarter
10818,gamma,smarter
10819,gamma,smarter
10820,beta,smarter
10821,beta,smarter
10822,beta,smarter
10823,beta,smarter
10824,beta,smarter
10825,beta,smarter
10826,beta,smarter
10827,beta,smarter
10828,beta,smarter
10829,beta,smarter
10830,beta,smarter
10831,beta,smarter
10832,beta,smarter
10833,beta,smarter
10834,beta,smarter
10835,beta,smarter
10836,beta,smarter
10837,beta,smarter
10838,beta,smarter
10839,beta,smarter
10840,beta,smarter
10841,beta,smarter
10842,beta,smarter
10843,beta,smarter
10844,beta,smarter
10845,beta,smarter
10846,beta,smarter
10847,beta,smarter
10848,beta,smarter
10849,beta,smarter
10850,beta,smarter
10851,beta,smarter
10852,beta,smarter
10853,beta,smarter
10854,beta,smarter
10855,beta,smarter
10856,beta,smarter
10857,beta,smarter
10858,beta,smarter
10859,beta,smarter
10860,beta,smarter
10861,beta,smarter
10862,beta,smarter
10863,beta,smarter
10864,beta,smarter
10865,beta,smarter
10866,beta,smarter
10867,beta,smarter
10868,beta,smarter
10869,beta,smarter
10870,beta,smarter
10871,beta,smarter
10872,beta,smarter
10873,beta,smarter
10874,beta,smarter
10875,beta,smarter
10876,beta,smarter
10877,beta,smarter
10878,beta,smarter
10879,beta,smarter
10880,beta,smarter
10881,beta,smarter
10882,beta,smarter
10883,beta,smarter
10884,beta,smarter
10885,beta,smarter
10886,beta,smarter
10887,beta,smarter
10888,beta,smarter
10889,beta,smarter
10890,beta,smarter
10891,beta,smarter
10892,beta,smarter
10893,beta,smarter
10894,beta,smarter
10895,beta,smarter
10896,beta,smarter
10897,beta,smarter
10898,beta,smarter
10899,beta,smarter
10900,beta,smarter
10901,beta,smarter
10902,beta,smarter
10903,beta,smarter
10904,beta,smarter
10905,beta,smarter
10906,beta,smarter
10907,beta,smarter
10908,beta,smarter
10909,beta,smarter
10910,beta,smarter
10911,beta,smarter
10912,beta,smarter
10913,beta,smarter
10914,beta,smarter
10915,beta,smarter
10916,beta,smarter
10917,beta,smarter
10918,beta,smarter
10919,beta,smarter
10920,beta,smarter
10921,beta,smarter
10922,beta,smarter
10923,beta,smarter
10924,beta,smarter
10925,beta,smarter
10926,beta,smarter
10927,beta,smarter
10928,beta,smarter
10929,beta,smarter
10930,beta,smarter
10931,beta,smarter
10932,beta,smarter
10933,beta,smarter
10934,beta,smarter
10935,beta,smarter
10936,beta,smarter
10937,beta,smarter
10938,beta,smarter
10939,beta,smarter
10940,beta,smarter
10941,beta,smarter
10942,beta,smarter
10943,beta,smarter
10944,beta,smarter
10945,beta,smarter
10946,beta,smarter
10947,beta,smarter
10948,beta,smarter
10949,beta,smarter
10950,beta,smarter
10951,beta,smarter
10952,beta,smarter
10953,beta,smarter
10954,beta,smarter
10955,beta,smarter
10956,beta,smarter
10957,beta,smarter
10958,beta,smarter
10959,beta,smarter
10960,beta,smarter
10961,beta,smarter
10962,beta,smarter
10963,beta,smarter
10964,beta,smarter
10965,beta,smarter
10966,beta,smarter
10967,beta,smarter
10968,beta,smarter
10969,beta,smarter
10970,beta,smarter
10971,beta,smarter
10972,beta,smarter
10973,beta,smarter
10974,beta,smarter
10975,beta,smarter
10976,beta,smarter
10977,beta,smarter
10978,beta,smarter
10979,beta,smarter
10980,beta,smarter
10981,beta,smarter
10982,beta,smarter
10983,beta,smarter
10984,beta,smarter
10985,beta,smarter
10986,beta,smarter
10987,beta,smarter
10988,beta,smarter
10989,beta,smarter
10990,beta,smarter
10991,beta,smarter
10992,beta,smarter
10993,beta,smarter
10994,beta,smarter
10995,beta,smarter
10996,beta,smarter
10997,beta,smarter
10998,beta,smarter
10999,beta,smarter
11000,beta,smarter
11001,beta,smarter
11002,beta,smarter
11003,beta,smarter
11004,beta,smarter
11005,beta,smarter
11006,beta,smarter
11007,beta,smarter
11008,beta,smarter
11009,beta,smarter
11010,beta,smarter
11011,beta,smarter
11012,beta,smarter
11013,beta,smarter
11014,beta,smarter
11015,beta,smarter
11016,beta,smarter
11017,beta,smarter
11018,beta,smarter
11019,beta,smarter
11020,beta,smarter
11021,beta,smarter
11022,beta,smarter
11023,beta,smarter
11024,beta,smarter
11025,beta,smarter
11026,beta,smarter
11027,beta,smarter
11028,beta,smarter
11029,beta,smarter
11030,beta,smarter
11031,beta,smarter
11032,beta,smarter
11033,beta,smarter
11034,beta,smarter
11035,beta,smarter
11036,beta,smarter
11037,beta,smarter
11038,beta,smarter
11039,beta,smarter
11040,beta,smarter
11041,beta,smarter
11042,beta,smarter
11043,beta,smarter
11044,beta,smarter
11045,beta,smarter
11046,beta,smarter
11047,beta,smarter
11048,beta,smarter
11049,beta,smarter
11050,beta,smarter
11051,beta,smarter
11052,beta,smarter
11053,beta,smarter
11054,beta,smarter
11055,beta,smarter
11056,beta,smarter
11057,beta,smarter
11058,beta,smarter
11059,beta,smarter
11060,beta,smarter
11061,beta,smarter
11062,beta,smarter
11063,beta,smarter
11064,beta,smarter
11065,beta,smarter
11066,beta,smarter
11067,beta,smarter
11068,beta,smarter
11069,beta,smarter
11070,beta,smarter
11071,beta,smarter
11072,beta,smarter
11073,beta,smarter
11074,beta,smarter
11075,beta,smarter
11076,beta,smarter
11077,beta,smarter
11078,beta,smarter
11079,beta,smarter
11080,beta,smarter
11081,beta,smarter
11082,beta,smarter
11083,beta,smarter
11084,beta,smarter
11085,beta,smarter
11086,beta,smarter
11087,beta,smarter
11088,beta,smarter
11089,beta,smarter
11090,beta,smarter
11091,beta,smarter
11092,beta,smarter
11093,beta,smarter
11094,beta,smarter
11095,beta,smarter
11096,beta,smarter
11097,beta,smarter
11098,alpha,smarter
11099,alpha,smarter
11100,alpha,smarter
11101,alpha,smarter
11102,alpha,smarter
11103,alpha,smarter
11104,alpha,smarter
11105,alpha,smarter
11106,alpha,smarter
11107,alpha,smarter
11108,alpha,smarter
11109,alpha,smarter
11110,alpha,smarter
11111,alpha,smarter
11112,alpha,smarter
11113,alpha,smarter
11114,alpha,smarter
11115,alpha,smarter
11116,alpha,smarter
11117,alpha,smarter
11118,alpha,smarter
11119,alpha,smarter
11120,alpha,smarter
11121,alpha,smarter
11122,alpha,smarter
11123,alpha,smarter
11124,alpha,smarter
11125,alpha,smarter
11126,alpha,smarter
11127,alpha,smarter
11128,alpha,smarter
11129,alpha,smarter
11130,alpha,smarter
11131,alpha,smarter
11132,alpha,smarter
11133,alpha,smarter
11134,alpha,smarter
11135,alpha,smarter
11136,alpha,smarter
11137,alpha,smarter
11138,alpha,smarter
11139,alpha,smarter
11140,alpha,smarter
11141,alpha,smarter
11142,alpha,smarter
11143,alpha,smarter
11144,alpha,smarter
11145,alpha,smarter
11146,alpha,smarter
11147,alpha,smarter
11148,alpha,smarter
11149,alpha,smarter
11150,alpha,smarter
11151,alpha,smarter
11152,alpha,smarter
11153,alpha,smarter
11154,alpha,smarter
11155,alpha,smarter
11156,alpha,smarter
11157,alpha,smarter
11158,alpha,smarter
11159,alpha,smarter
11160,alpha,smarter
11161,alpha,smarter
11162,alpha,smarter
11163,alpha,smarter
11164,alpha,smarter
11165,alpha,smarter
11166,alpha,smarter
11167,alpha,smarter
11168,alpha,smarter
11169,alpha,smarter
11170,alpha,smarter
11171,alpha,smarter
11172,alpha,smarter
11173,alpha,smarter
11174,alpha,smarter
11175,alpha,smarter
11176,alpha,smarter
11177,alpha,smarter
11178,alpha,smarter
11179,alpha,smarter
11180,alpha,smarter
11181,alpha,smarter
11182,alpha,smarter
11183,alpha,smarter
11184,alpha,smarter
11185,alpha,smarter
11186,alpha,smarter
11187,alpha,smarter
11188,alpha,smarter
11189,alpha,smarter
11190,alpha,smarter
11191,alpha,smarter
11192,alpha,smarter
11193,alpha,smarter
11194,alpha,smarter
11195,alpha,smarter
11196,alpha,smarter
11197,alpha,smarter
11198,alpha,smarter
11199,alpha,smarter
11200,alpha,smarter
11201,alpha,smarter
11202,alpha,smarter
11203,alpha,smarter
11204,alpha,smarter
11205,alpha,smarter
11206,alpha,smarter
11207,alpha,smarter
11208,alpha,smarter
11209,alpha,smarter
11210,alpha,smarter
11211,alpha,smarter
11212,alpha,smarter
11213,alpha,smarter
11214,alpha,smarter
11215,alpha,smarter
11216,alpha,smarter
11217,alpha,smarter
11218,alpha,smarter
11219,alpha,smarter
11220,alpha,smarter
11221,alpha,smarter
11222,alpha,smarter
11223,alpha,smarter
11224,alpha,smarter
11225,alpha,smarter
11226,alpha,smarter
11227,alpha,smarter
11228,alpha,smarter
11229,alpha,smarter
11230,alpha,smarter
11231,alpha,smarter
11232,alpha,smarter
11233,alpha,smarter
11234,alpha,smarter
11235,alpha,smarter
11236,alpha,smarter
11237,alpha,smarter
11238,alpha,smarter
11239,alpha,smarter
11240,alpha,smarter
11241,alpha,smarter
11242,alpha,smarter
11243,alpha,smarter
11244,alpha,smarter
11245,alpha,smarter
11246,alpha,smarter
11247,alpha,smarter
11248,alpha,smarter
11249,alpha,smarter
11250,alpha,smarter
11251,alpha,smarter
11252,alpha,smarter
11253,alpha,smarter
11254,alpha,smarter
11255,alpha,smarter
11256,alpha,smarter
11257,alpha,smarter
11258,alpha,smarter
11259,alpha,smarter
11260,alpha,smarter
11261,alpha,smarter
11262,alpha,smarter
11263,alpha,smarter
11264,alpha,smarter
11265,alpha,smarter
11266,alpha,smarter
11267,alpha,smarter
11268,alpha,smarter
11269,alpha,smarter
11270,alpha,smarter
11271,alpha,smarter
11272,alpha,smarter
11273,alpha,smarter
11274,alpha,smarter
11275,alpha,smarter
11276,alpha,smarter
11277,alpha,smarter
11278,alpha,smarter
11279,alpha,smarter
11280,alpha,smarter
11281,alpha,smarter
11282,alpha,smarter
11283,alpha,smarter
11284,alpha,smarter
11285,alpha,smarter
11286,alpha,smarter
11287,alpha,smarter
11288,alpha,smarter
11289,alpha,smarter
11290,alpha,smarter
11291,alpha,smarter
11292,alpha,smarter
11293,alpha,smarter
11294,alpha,smarter
11295,alpha,smarter
11296,alpha,smarter
11297,alpha,smarter
11298,alpha,smarter
11299,alpha,smarter
11300,alpha,smarter
11301,alpha,smarter
11302,alpha,smarter
11303,alpha,smarter
11304,alpha,smarter
11305,alpha,smarter
11306,alpha,smarter
11307,alpha,smarter
11308,alpha,smarter
11309,alpha,smarter
11310,alpha,smarter
11311,alpha,smarter
11312,alpha,smarter
11313,alpha,smarter
11314,alpha,smarter
11315,alpha,smarter
11316,alpha,smarter
11317,alpha,smarter
11318,alpha,smarter
11319,alpha,smarter
11320,alpha,smarter
11321,alpha,smarter
11322,alpha,smarter
11323,alpha,smarter
11324,alpha,smarter
11325,alpha,smarter
11326,alpha,smarter
11327,alpha,smarter
11328,alpha,smarter
11329,alpha,smarter
11330,alpha,smarter
11331,alpha,smarter
11332,alpha,smarter
11333,alpha,smarter
11334,alpha,smarter
11335,alpha,smarter
11336,alpha,smarter
11337,alpha,smarter
11338,alpha,smarter
11339,alpha,smarter
11340,alpha,smarter
11341,alpha,smarter
11342,alpha,smarter
11343,alpha,smarter
11344,alpha,smarter
11345,alpha,smarter
11346,alpha,smarter
11347,alpha,smarter
11348,alpha,smarter
11349,alpha,smarter
11350,alpha,smarter
11351,alpha,smarter
11352,alpha,smarter
11353,alpha,smarter
11354,alpha,smarter
11355,alpha,smarter
11356,alpha,smarter
11357,alpha,smarter
11358,alpha,smarter
11359,alpha,smarter
11360,alpha,smarter
11361,alpha,smarter
11362,alpha,smarter
11363,alpha,smarter
11364,alpha,smarter
11365,alpha,smarter
11366,alpha,smarter
11367,alpha,smarter
11368,alpha,smarter
11369,alpha,smarter
11370,alpha,smarter
11371,alpha,smarter
11372,alpha,smarter
11373,alpha,smarter
11374,alpha,smarter
11375,alpha,smarter
11376,alpha,smarter
11377,alpha,smarter
11378,alpha,smarter
11379,alpha,smarter
11380,alpha,smarter
11381,alpha,smarter
11382,alpha,smarter
11383,alpha,smarter
11384,alpha,smarter
11385,alpha,smarter
11386,alpha,smarter
11387,alpha,smarter
11388,alpha,smarter
11389,alpha,smarter
11390,alpha,smarter
11391,alpha,smarter
11392,alpha,smarter
11393,alpha,smarter
11394,alpha,smarter
11395,alpha,smarter
11396,alpha,smarter
11397,alpha,smarter
11398,alpha,smarter
11399,alpha,smarter
11400,alpha,smarter
11401,alpha,smarter
11402,alpha,smarter
11403,alpha,smarter
11404,alpha,smarter
11405,alpha,smarter
11406,alpha,smarter
11407,alpha,smarter
11408,alpha,smarter
11409,alpha,smarter
11410,alpha,smarter
11411,alpha,smarter
11412,alpha,smarter
11413,alpha,smarter
11414,alpha,smarter
11415,alpha,smarter
11416,alpha,smarter
11417,alpha,smarter
11418,alpha,smarter
11419,alpha,smarter
11420,alpha,smarter
11421,alpha,smarter
11422,alpha,smarter
11423,alpha,smarter
11424,alpha,smarter
11425,alpha,smarter
11426,alpha,smarter
11427,alpha,smarter
11428,alpha,smarter
11429,alpha,smarter
11430,alpha,smarter
11431,alpha,smarter
11432,alpha,smarter
11433,alpha,smarter
11434,alpha,smarter
11435,alpha,smarter
11436,alpha,smarter
11437,alpha,smarter
11438,alpha,smarter
11439,alpha,smarter
11440,alpha,smarter
11441,alpha,smarter
11442,alpha,smarter
11443,alpha,smarter
11444,alpha,smarter
11445,alpha,smarter
11446,alpha,smarter
11447,alpha,smarter
11448,alpha,smarter
11449,alpha,smarter
11450,alpha,smarter
11451,alpha,smarter
11452,alpha,smarter
11453,alpha,smarter
11454,alpha,smarter
11455,alpha,smarter
11456,alpha,smarter
11457,alpha,smarter
11458,alpha,smarter
11459,alpha,smarter
11460,alpha,smarter
11461,alpha,smarter
11462,alpha,smarter
11463,alpha,smarter
11464,alpha,smarter
11465,alpha,smarter
11466,alpha,smarter
11467,alpha,smarter
11468,alpha,smarter
11469,alpha,smarter
11470,alpha,smarter
11471,alpha,smarter
11472,alpha,smarter
11473,alpha,smarter
11474,alpha,smarter
11475,alpha,smarter
11476,alpha,smarter
11477,alpha,smarter
11478,alpha,smarter
11479,alpha,smarter
11480,alpha,smarter
11481,alpha,smarter
11482,alpha,smarter
11483,alpha,smarter
11484,alpha,smarter
11485,alpha,smarter
11486,alpha,smarter
11487,alpha,smarter
11488,alpha,smarter
11489,alpha,smarter
11490,alpha,smarter
11491,alpha,smarter
11492,alpha,smarter
11493,alpha,smarter
11494,alpha,smarter
11495,alpha,smarter
11496,alpha,smarter
11497,alpha,smarter
11498,alpha,smarter
11499,alpha,smarter
11500,alpha,smarter
11501,alpha,smarter
11502,alpha,smarter
11503,alpha,smarter
11504,alpha,smarter
11505,alpha,smarter
11506,alpha,smarter
11507,alpha,smarter
11508,alpha,smarter
11509,alpha,smarter
11510,alpha,smarter
11511,alpha,smarter
11512,alpha,smarter
11513,alpha,smarter
11514,alpha,smarter
11515,alpha,smarter
11516,alpha,smarter
11517,alpha,smarter
11518,alpha,smarter
11519,alpha,smarter
11520,alpha,smarter
11521,alpha,smarter
11522,alpha,smarter
11523,alpha,smarter
11524,alpha,smarter
11525,alpha,smarter
11526,alpha,smarter
11527,alpha,smarter
11528,alpha,smarter
11529,alpha,smarter
11530,alpha,smarter
11531,alpha,smarter
11532,alpha,smarter
11533,alpha,smarter
11534,alpha,smarter
11535,alpha,smarter
11536,alpha,smarter
11537,alpha,smarter
11538,alpha,smarter
11539,alpha,smarter
11540,alpha,smarter
11541,alpha,smarter
11542,alpha,smarter
11543,alpha,smarter
11544,alpha,smarter
11545,alpha,smarter
11546,alpha,smarter
11547,alpha,smarter
11548,alpha,smarter
11549,alpha,smarter
11550,alpha,smarter
11551,alpha,smarter
11552,alpha,smarter
11553,alpha,smarter
11554,alpha,smarter
11555,alpha,smarter
11556,alpha,smarter
11557,alpha,smarter
11558,alpha,smarter
11559,alpha,smarter
11560,alpha,smarter
11561,alpha,smarter
11562,alpha,smarter
11563,alpha,smarter
11564,alpha,smarter
11565,alpha,smarter
11566,alpha,smarter
11567,alpha,smarter
11568,alpha,smarter
11569,alpha,smarter
11570,alpha,smarter
11571,alpha,smarter
11572,alpha,smarter
11573,alpha,smarter
11574,alpha,smarter
11575,alpha,smarter
11576,alpha,smarter
11577,alpha,smarter
11578,alpha,smarter
11579,alpha,smarter
11580,alpha,smarter
11581,alpha,smarter
11582,alpha,smarter
11583,alpha,smarter
11584,alpha,smarter
11585,alpha,smarter
11586,alpha,smarter
11587,alpha,smarter
11588,alpha,smarter
11589,alpha,smarter
11590,alpha,smarter
11591,alpha,smarter
11592,alpha,smarter
11593,alpha,smarter
11594,alpha,smarter
11595,alpha,smarter
11596,alpha,smarter
11597,alpha,smarter
11598,alpha,smarter
11599,alpha,smarter
11600,alpha,smarter
11601,alpha,smarter
11602,alpha,smarter
11603,alpha,smarter
11604,alpha,smarter
11605,alpha,smarter
11606,alpha,smarter
11607,alpha,smarter
11608,alpha,smarter
11609,alpha,smarter
11610,alpha,smarter
11611,alpha,smarter
11612,alpha,smarter
11613,alpha,smarter
11614,alpha,smarter
11615,alpha,smarter
11616,alpha,smarter
11617,alpha,smarter
11618,alpha,smarter
11619,alpha,smarter
11620,alpha,smarter
11621,alpha,smarter
11622,alpha,smarter
11623,alpha,smarter
11624,alpha,smarter
11625,alpha,smarter
11626,alpha,smarter
11627,alpha,smarter
11628,alpha,smarter
11629,alpha,smarter
11630,delta,smarter
11631,delta,smarter
11632,delta,smarter
11633,delta,smarter
11634,delta,smarter
11635,delta,smarter
11636,delta,smarter
11637,delta,smarter
11638,delta,smarter
11639,delta,smarter
11640,delta,smarter
11641,delta,smarter
11642,delta,smarter
11643,delta,smarter
11644,delta,smarter
11645,delta,smarter
11646,delta,smarter
11647,delta,smarter
11648,delta,smarter
11649,delta,smarter
11650,delta,smarter
11651,gamma,smarter
11652,gamma,smarter
11653,gamma,smarter
11654,gamma,smarter
11655,gamma,smarter
11656,gamma,smarter
11657,gamma,smarter
11658,gamma,smarter
11659,gamma,smarter
11660,gamma,smarter
11661,gamma,smarter
11662,gamma,smarter
11663,gamma,smarter
11664,gamma,smarter
11665,gamma,smarter
11666,gamma,smarter
11667,gamma,smarter
11668,gamma,smarter
11669,gamma,smarter
11670,gamma,smarter
11671,gamma,smarter
11672,gamma,smarter
11673,gamma,smarter
11674,gamma,smarter
11675,gamma,smarter
11676,gamma,smarter
11677,gamma,smarter
11678,gamma,smarter
11679,gamma,smarter
11680,gamma,smarter
11681,gamma,smarter
11682,gamma,smarter
11683,gamma,smarter
11684,gamma,smarter
11685,gamma,smarter
11686,gamma,smarter
11687,gamma,smarter
11688,gamma,smarter
11689,gamma,smarter
11690,gamma,smarter
11691,gamma,smarter
11692,gamma,smarter
11693,gamma,smarter
11694,gamma,smarter
11695,gamma,smarter
11696,gamma,smarter
11697,gamma,smarter
11698,gamma,smarter
11699,gamma,smarter
11700,gamma,smarter
11701,gamma,smarter
11702,gamma,smarter
